SerialNumber,CM,Line_ID,TesterName,Appraiser,Time,Test_Mode,Audit_Mode,CONFIG_VER,TestStation,TestResult,TestFailItem,ErrorCode,TestTotalTime,TSRID,Test_StartTime,PCName,Product_Name,LineID,Tester_Name,SlotID,Author,Version,Version_SW,Version_Api,Test_EndTime,TestTotalSeconds,CheckMES,CloseDoor,OpenDTC,Move_SFR,Captrue_SFR,Move_SubSFR,Captrue_SubSFR,CameraSN,sfr_25sfr_version,sfr_25modify_date,SFR_VIS_25cm_P0x,SFR_VIS_25cm_P0y,SFR_VIS_25cm_P1x,SFR_VIS_25cm_P1y,SFR_VIS_25cm_P2x,SFR_VIS_25cm_P2y,SFR_VIS_25cm_P3x,SFR_VIS_25cm_P3y,SFR_VIS_25cm_P4x,SFR_VIS_25cm_P4y,SFR_VIS_25cm_Pointing_OC_X,SFR_VIS_25cm_Pointing_OC_Y,SFR_VIS_25cm_Pan,SFR_VIS_25cm_Tilt,SFR_VIS_25cm_Rotation_P1,SFR_VIS_25cm_Rotation_P2,SFR_VIS_25cm_Rotation_P3,SFR_VIS_25cm_Rotation_P4,SFR_VIS_25cm_Rotation_Mean,SFR_VIS_25cm_Brightness_A,SFR_VIS_25cm_Brightness_B,SFR_VIS_25cm_Brightness_C,SFR_VIS_25cm_Brightness_D,SFR_VIS_25cm_Brightness_Mean,SFR_VIS_25cm_Ny4_01F_ROI1,SFR_VIS_25cm_Ny4_01F_ROI2,SFR_VIS_25cm_Ny4_01F_ROI3,SFR_VIS_25cm_Ny4_01F_ROI4,SFR_VIS_25cm_Ny4_01F_Min,SFR_VIS_25cm_Ny4_03F_ROI5,SFR_VIS_25cm_Ny4_03F_ROI6,SFR_VIS_25cm_Ny4_03F_ROI7,SFR_VIS_25cm_Ny4_03F_ROI8,SFR_VIS_25cm_Ny4_03F_Min,SFR_VIS_25cm_Ny4_06F_ROI9,SFR_VIS_25cm_Ny4_06F_ROI10,SFR_VIS_25cm_Ny4_06F_ROI11,SFR_VIS_25cm_Ny4_06F_ROI12,SFR_VIS_25cm_Ny4_06F_ROI13,SFR_VIS_25cm_Ny4_06F_ROI14,SFR_VIS_25cm_Ny4_06F_ROI15,SFR_VIS_25cm_Ny4_06F_ROI16,SFR_VIS_25cm_Ny4_06F_Min,SFR_VIS_25cm_Ny4_08F_ROI17,SFR_VIS_25cm_Ny4_08F_ROI18,SFR_VIS_25cm_Ny4_08F_ROI19,SFR_VIS_25cm_Ny4_08F_ROI20,SFR_VIS_25cm_Ny4_08FTANF_Min,SFR_VIS_25cm_Ny4_08F_ROI21,SFR_VIS_25cm_Ny4_08F_ROI22,SFR_VIS_25cm_Ny4_08F_ROI23,SFR_VIS_25cm_Ny4_08F_ROI24,SFR_VIS_25cm_Ny4_08F_ROI25,SFR_VIS_25cm_Ny4_08F_ROI26,SFR_VIS_25cm_Ny4_08F_ROI27,SFR_VIS_25cm_Ny4_08F_ROI28,SFR_VIS_25cm_Ny4_08F_Min,SFR_VIS_25cm_Ny4_010F_ROI29,SFR_VIS_25cm_Ny4_010F_ROI30,SFR_VIS_25cm_Ny4_010F_ROI31,SFR_VIS_25cm_Ny4_010F_ROI32,SFR_VIS_25cm_Ny4_010F_Min,IR_sfr_25sfr_version,IR_sfr_25modify_date,IR_SFR_VIS_25cm_P0x,IR_SFR_VIS_25cm_P0y,IR_SFR_VIS_25cm_P1x,IR_SFR_VIS_25cm_P1y,IR_SFR_VIS_25cm_P2x,IR_SFR_VIS_25cm_P2y,IR_SFR_VIS_25cm_P3x,IR_SFR_VIS_25cm_P3y,IR_SFR_VIS_25cm_P4x,IR_SFR_VIS_25cm_P4y,IR_SFR_VIS_25cm_Pointing_OC_X,IR_SFR_VIS_25cm_Pointing_OC_Y,IR_SFR_VIS_25cm_Pan,IR_SFR_VIS_25cm_Tilt,IR_SFR_VIS_25cm_Rotation_P1,IR_SFR_VIS_25cm_Rotation_P2,IR_SFR_VIS_25cm_Rotation_P3,IR_SFR_VIS_25cm_Rotation_P4,IR_SFR_VIS_25cm_Rotation_Mean,IR_SFR_VIS_25cm_Brightness_A,IR_SFR_VIS_25cm_Brightness_B,IR_SFR_VIS_25cm_Brightness_C,IR_SFR_VIS_25cm_Brightness_D,IR_SFR_VIS_25cm_Brightness_Mean,IR_SFR_VIS_25cm_Ny4_01F_ROI1,IR_SFR_VIS_25cm_Ny4_01F_ROI2,IR_SFR_VIS_25cm_Ny4_01F_ROI3,IR_SFR_VIS_25cm_Ny4_01F_ROI4,IR_SFR_VIS_25cm_Ny4_01F_Min,IR_SFR_VIS_25cm_Ny4_03F_ROI5,IR_SFR_VIS_25cm_Ny4_03F_ROI6,IR_SFR_VIS_25cm_Ny4_03F_ROI7,IR_SFR_VIS_25cm_Ny4_03F_ROI8,IR_SFR_VIS_25cm_Ny4_03F_Min,IR_SFR_VIS_25cm_Ny4_06F_ROI9,IR_SFR_VIS_25cm_Ny4_06F_ROI10,IR_SFR_VIS_25cm_Ny4_06F_ROI11,IR_SFR_VIS_25cm_Ny4_06F_ROI12,IR_SFR_VIS_25cm_Ny4_06F_ROI13,IR_SFR_VIS_25cm_Ny4_06F_ROI14,IR_SFR_VIS_25cm_Ny4_06F_ROI15,IR_SFR_VIS_25cm_Ny4_06F_ROI16,IR_SFR_VIS_25cm_Ny4_06F_Min,IR_SFR_VIS_25cm_Ny4_08F_ROI17,IR_SFR_VIS_25cm_Ny4_08F_ROI18,IR_SFR_VIS_25cm_Ny4_08F_ROI19,IR_SFR_VIS_25cm_Ny4_08F_ROI20,IR_SFR_VIS_25cm_Ny4_08FTANF_Min,IR_SFR_VIS_25cm_Ny4_08F_ROI21,IR_SFR_VIS_25cm_Ny4_08F_ROI22,IR_SFR_VIS_25cm_Ny4_08F_ROI23,IR_SFR_VIS_25cm_Ny4_08F_ROI24,IR_SFR_VIS_25cm_Ny4_08F_ROI25,IR_SFR_VIS_25cm_Ny4_08F_ROI26,IR_SFR_VIS_25cm_Ny4_08F_ROI27,IR_SFR_VIS_25cm_Ny4_08F_ROI28,IR_SFR_VIS_25cm_Ny4_08F_Min,IR_SFR_VIS_25cm_Ny4_010F_ROI29,IR_SFR_VIS_25cm_Ny4_010F_ROI30,IR_SFR_VIS_25cm_Ny4_010F_ROI31,IR_SFR_VIS_25cm_Ny4_010F_ROI32,IR_SFR_VIS_25cm_Ny4_010F_Min,sfr_4sfr_version,sfr_4modify_date,SFR_VIS_4cm_P0x,SFR_VIS_4cm_P0y,SFR_VIS_4cm_P1x,SFR_VIS_4cm_P1y,SFR_VIS_4cm_P2x,SFR_VIS_4cm_P2y,SFR_VIS_4cm_P3x,SFR_VIS_4cm_P3y,SFR_VIS_4cm_P4x,SFR_VIS_4cm_P4y,SFR_VIS_4cm_Pointing_OC_X,SFR_VIS_4cm_Pointing_OC_Y,SFR_VIS_4cm_Pan,SFR_VIS_4cm_Tilt,SFR_VIS_4cm_Rotation_P1,SFR_VIS_4cm_Rotation_P2,SFR_VIS_4cm_Rotation_P3,SFR_VIS_4cm_Rotation_P4,SFR_VIS_4cm_Rotation_Mean,SFR_VIS_4cm_Brightness_A,SFR_VIS_4cm_Brightness_B,SFR_VIS_4cm_Brightness_C,SFR_VIS_4cm_Brightness_D,SFR_VIS_4cm_Brightness_Mean,SFR_VIS_4cm_Ny4_01F_ROI1,SFR_VIS_4cm_Ny4_01F_ROI2,SFR_VIS_4cm_Ny4_01F_ROI3,SFR_VIS_4cm_Ny4_01F_ROI4,SFR_VIS_4cm_Ny4_01F_Min,SFR_VIS_4cm_Ny4_03F_ROI5,SFR_VIS_4cm_Ny4_03F_ROI6,SFR_VIS_4cm_Ny4_03F_ROI7,SFR_VIS_4cm_Ny4_03F_ROI8,SFR_VIS_4cm_Ny4_03F_Min,SFR_VIS_4cm_Ny4_06F_ROI9,SFR_VIS_4cm_Ny4_06F_ROI10,SFR_VIS_4cm_Ny4_06F_ROI11,SFR_VIS_4cm_Ny4_06F_ROI12,SFR_VIS_4cm_Ny4_06F_Min,SFR_VIS_4cm_Ny4_08F_ROI13,SFR_VIS_4cm_Ny4_08F_ROI14,SFR_VIS_4cm_Ny4_08F_ROI15,SFR_VIS_4cm_Ny4_08F_ROI16,SFR_VIS_4cm_Ny4_08F_Min,SFR_VIS_4cm_Ny4_010F_ROI17,SFR_VIS_4cm_Ny4_010F_ROI18,SFR_VIS_4cm_Ny4_010F_ROI19,SFR_VIS_4cm_Ny4_010F_ROI20,SFR_VIS_4cm_Ny4_010F_Min,IR_sfr_4sfr_version,IR_sfr_4modify_date,IR_SFR_VIS_4cm_P0x,IR_SFR_VIS_4cm_P0y,IR_SFR_VIS_4cm_P1x,IR_SFR_VIS_4cm_P1y,IR_SFR_VIS_4cm_P2x,IR_SFR_VIS_4cm_P2y,IR_SFR_VIS_4cm_P3x,IR_SFR_VIS_4cm_P3y,IR_SFR_VIS_4cm_P4x,IR_SFR_VIS_4cm_P4y,IR_SFR_VIS_4cm_Pointing_OC_X,IR_SFR_VIS_4cm_Pointing_OC_Y,IR_SFR_VIS_4cm_Pan,IR_SFR_VIS_4cm_Tilt,IR_SFR_VIS_4cm_Rotation_P1,IR_SFR_VIS_4cm_Rotation_P2,IR_SFR_VIS_4cm_Rotation_P3,IR_SFR_VIS_4cm_Rotation_P4,IR_SFR_VIS_4cm_Rotation_Mean,IR_SFR_VIS_4cm_Brightness_A,IR_SFR_VIS_4cm_Brightness_B,IR_SFR_VIS_4cm_Brightness_C,IR_SFR_VIS_4cm_Brightness_D,IR_SFR_VIS_4cm_Brightness_Mean,IR_SFR_VIS_4cm_Ny4_01F_ROI1,IR_SFR_VIS_4cm_Ny4_01F_ROI2,IR_SFR_VIS_4cm_Ny4_01F_ROI3,IR_SFR_VIS_4cm_Ny4_01F_ROI4,IR_SFR_VIS_4cm_Ny4_01F_Min,IR_SFR_VIS_4cm_Ny4_03F_ROI5,IR_SFR_VIS_4cm_Ny4_03F_ROI6,IR_SFR_VIS_4cm_Ny4_03F_ROI7,IR_SFR_VIS_4cm_Ny4_03F_ROI8,IR_SFR_VIS_4cm_Ny4_03F_Min,IR_SFR_VIS_4cm_Ny4_06F_ROI9,IR_SFR_VIS_4cm_Ny4_06F_ROI10,IR_SFR_VIS_4cm_Ny4_06F_ROI11,IR_SFR_VIS_4cm_Ny4_06F_ROI12,IR_SFR_VIS_4cm_Ny4_06F_Min,IR_SFR_VIS_4cm_Ny4_08F_ROI13,IR_SFR_VIS_4cm_Ny4_08F_ROI14,IR_SFR_VIS_4cm_Ny4_08F_ROI15,IR_SFR_VIS_4cm_Ny4_08F_ROI16,IR_SFR_VIS_4cm_Ny4_08F_Min,IR_SFR_VIS_4cm_Ny4_010F_ROI17,IR_SFR_VIS_4cm_Ny4_010F_ROI18,IR_SFR_VIS_4cm_Ny4_010F_ROI19,IR_SFR_VIS_4cm_Ny4_010F_ROI20,IR_SFR_VIS_4cm_Ny4_010F_Min,SFR_VIS_25cm_Ny4_01F_ROI1_Dev,SFR_VIS_25cm_Ny4_01F_ROI2_Dev,SFR_VIS_25cm_Ny4_01F_ROI3_Dev,SFR_VIS_25cm_Ny4_01F_ROI4_Dev,SFR_VIS_25cm_Ny4_01F_Min_Dev,SFR_VIS_25cm_Ny4_03F_ROI5_Dev,SFR_VIS_25cm_Ny4_03F_ROI6_Dev,SFR_VIS_25cm_Ny4_03F_ROI7_Dev,SFR_VIS_25cm_Ny4_03F_ROI8_Dev,SFR_VIS_25cm_Ny4_03F_Min_Dev,SFR_VIS_25cm_Ny4_06F_ROI9_Dev,SFR_VIS_25cm_Ny4_06F_ROI10_Dev,SFR_VIS_25cm_Ny4_06F_ROI11_Dev,SFR_VIS_25cm_Ny4_06F_ROI12_Dev,SFR_VIS_25cm_Ny4_06F_ROI13_Dev,SFR_VIS_25cm_Ny4_06F_ROI14_Dev,SFR_VIS_25cm_Ny4_06F_ROI15_Dev,SFR_VIS_25cm_Ny4_06F_ROI16_Dev,SFR_VIS_25cm_Ny4_08F_ROI17_Dev,SFR_VIS_25cm_Ny4_08F_ROI19_Dev,IR_SFR_VIS_25cm_Ny4_01F_ROI1_Dev,IR_SFR_VIS_25cm_Ny4_01F_ROI2_Dev,IR_SFR_VIS_25cm_Ny4_01F_ROI3_Dev,IR_SFR_VIS_25cm_Ny4_01F_ROI4_Dev,IR_SFR_VIS_25cm_Ny4_01F_Min_Dev,IR_SFR_VIS_25cm_Ny4_03F_ROI5_Dev,IR_SFR_VIS_25cm_Ny4_03F_ROI6_Dev,IR_SFR_VIS_25cm_Ny4_03F_ROI7_Dev,IR_SFR_VIS_25cm_Ny4_03F_ROI8_Dev,IR_SFR_VIS_25cm_Ny4_03F_Min_Dev,IR_SFR_VIS_25cm_Ny4_06F_ROI9_Dev,IR_SFR_VIS_25cm_Ny4_06F_ROI10_Dev,IR_SFR_VIS_25cm_Ny4_06F_ROI11_Dev,IR_SFR_VIS_25cm_Ny4_06F_ROI12_Dev,IR_SFR_VIS_25cm_Ny4_06F_ROI13_Dev,IR_SFR_VIS_25cm_Ny4_06F_ROI14_Dev,IR_SFR_VIS_25cm_Ny4_06F_ROI15_Dev,IR_SFR_VIS_25cm_Ny4_06F_ROI16_Dev,IR_SFR_VIS_25cm_Ny4_08F_ROI17_Dev,IR_SFR_VIS_25cm_Ny4_08F_ROI19_Dev,SFR_VIS_4cm_Ny4_01F_ROI1_Dev,SFR_VIS_4cm_Ny4_01F_ROI2_Dev,SFR_VIS_4cm_Ny4_01F_ROI3_Dev,SFR_VIS_4cm_Ny4_01F_ROI4_Dev,SFR_VIS_4cm_Ny4_01F_Min_Dev,SFR_VIS_4cm_Ny4_03F_ROI5_Dev,SFR_VIS_4cm_Ny4_03F_ROI6_Dev,SFR_VIS_4cm_Ny4_03F_ROI7_Dev,SFR_VIS_4cm_Ny4_03F_ROI8_Dev,SFR_VIS_4cm_Ny4_03F_Min_Dev,SFR_VIS_4cm_Ny4_06F_ROI9_Dev,SFR_VIS_4cm_Ny4_06F_ROI10_Dev,SFR_VIS_4cm_Ny4_06F_ROI11_Dev,SFR_VIS_4cm_Ny4_06F_ROI12_Dev,SFR_VIS_4cm_Ny4_08F_ROI13_Dev,SFR_VIS_4cm_Ny4_08F_ROI15_Dev,IR_SFR_VIS_4cm_Ny4_01F_ROI1_Dev,IR_SFR_VIS_4cm_Ny4_01F_ROI2_Dev,IR_SFR_VIS_4cm_Ny4_01F_ROI3_Dev,IR_SFR_VIS_4cm_Ny4_01F_ROI4_Dev,IR_SFR_VIS_4cm_Ny4_01F_Min_Dev,IR_SFR_VIS_4cm_Ny4_03F_ROI5_Dev,IR_SFR_VIS_4cm_Ny4_03F_ROI6_Dev,IR_SFR_VIS_4cm_Ny4_03F_ROI7_Dev,IR_SFR_VIS_4cm_Ny4_03F_ROI8_Dev,IR_SFR_VIS_4cm_Ny4_03F_Min_Dev,IR_SFR_VIS_4cm_Ny4_06F_ROI9_Dev,IR_SFR_VIS_4cm_Ny4_06F_ROI10_Dev,IR_SFR_VIS_4cm_Ny4_06F_ROI11_Dev,IR_SFR_VIS_4cm_Ny4_06F_ROI12_Dev,IR_SFR_VIS_4cm_Ny4_06F_Min_Dev,IR_SFR_VIS_4cm_Ny4_08F_ROI13_Dev,IR_SFR_VIS_4cm_Ny4_08F_ROI15_Dev,FixtureHome,OpenDoor
Lower Limit ----->,,,,,,,,,,,,,,,,,,,,,,,,,,,TRUE,TRUE,TRUE,TRUE,TRUE,TRUE,TRUE,,,,,,,,,,,,,,,,,,,,,,,,,,,,0.68,0.68,0.68,0.68,0.68,0.67,0.67,0.67,0.67,0.67,0.66,0.66,0.66,0.66,0.66,0.66,0.66,0.66,0.66,0.66,,0.66,,,,,,,,,,,,,,,,,,,,,,,,,,,,,,,,,,,,,,,,,,,0.59,0.59,0.59,0.59,0.59,0.57,0.57,0.57,0.57,0.57,0.56,0.56,0.56,0.56,0.56,0.56,0.56,0.56,0.56,0.55,,0.55,,,,,,,,,,,,,,,,,,,,,,,,,,,,,,,,,,,,,,,,,,,,,,,,,,,,,,,,,,,,,,,,,,,,,,,,,,,,,,,,,,,,,,,,,,,,,,,,,,,,,,,,,,,,,,,,,,,,,,,-0.12,-0.12,-0.12,-0.12,-0.12,-0.12,-0.12,-0.12,-0.12,-0.12,-0.12,-0.12,-0.12,-0.12,-0.18,-0.18,-0.18,-0.18,-0.18,-0.18,-0.12,-0.12,-0.12,-0.12,-0.12,-0.12,-0.12,-0.12,-0.12,-0.12,-0.12,-0.12,-0.12,-0.12,-0.18,-0.18,-0.18,-0.18,-0.18,-0.18,,,,,,,,,,,,,,,,,,,,,,,,,,,,,,,,,,TRUE,TRUE
Upper Limit ----->,,,,,,,,,,,,,,,,,,,,,,,,,,,,,,,,,,,,,,,,,,,,,,,,,,,,,,,,,,,,,0.9,0.9,0.9,0.9,0.9,0.9,0.9,0.9,0.9,0.9,0.9,0.9,0.9,0.9,0.9,0.9,0.9,0.9,0.9,0.9,,0.9,,,,,,,,,,,,,,,,,,,,,,,,,,,,,,,,,,,,,,,,,,,0.9,0.9,0.9,0.9,0.9,0.9,0.9,0.9,0.9,0.9,0.9,0.9,0.9,0.9,0.9,0.9,0.9,0.9,0.9,0.9,,0.9,,,,,,,,,,,,,,,,,,,,,,,,,,,,,,,,,,,,,,,,,,,,,,,,,,,,,,,,,,,,,,,,,,,,,,,,,,,,,,,,,,,,,,,,,,,,,,,,,,,,,,,,,,,,,,,,,,,,,,,0.1,0.1,0.1,0.1,0.1,0.1,0.1,0.1,0.1,0.1,0.1,0.1,0.1,0.1,0.1,0.1,0.1,0.1,0.1,0.1,0.1,0.1,0.1,0.1,0.1,0.1,0.1,0.1,0.1,0.1,0.1,0.1,0.1,0.1,0.1,0.1,0.1,0.1,0.1,0.1,,,,,,,,,,,,,,,,,,,,,,,,,,,,,,,,,,,
Unit,,,,,,,,,,,,,,,,,,,,,,,,,,,,,,,,,,,,,,,,,,,,,,,,,,,,,,,,,,,,,,,,,,,,,,,,,,,,,,,,,,,,,,,,,,,,,,,,,,,,,,,,,,,,,,,,,,,,,,,,,,,,,,,,,,,,,,,,,,,,,,,,,,,,,,,,,,,,,,,,,,,,,,,,,,,,,,,,,,,,,,,,,,,,,,,,,,,,,,,,,,,,,,,,,,,,,,,,,,,,,,,,,,,,,,,,,,,,,,,,,,,,,,,,,,,,,,,,,,,,,,,,,,,,,,,,,,,,,,,,,,,,,,,,,,,,,,,,,,,,,,,,,,,,,,,,,,,,,,,,,,,,,,,,,,,,,,,,,,,
DTC_R_1,LanSi,1,CW_01,A,2026-03-24 09:02:02+08:00,ONLINE,FALSE,,CW_1_01,PASS,,,51.4290357,_2026032409020281901,T20260324090202,DESKTOP-P2DUL42,Loma,1,CW_1_01,1,paul di,2024.0718.155524,V20260126.2,CW_DTCL_DTCR_STC,T20260324090254,51.4290357,TRUE,TRUE,TRUE,TRUE,TRUE,TRUE,TRUE,4S2RND2HBL0DP6,v1.0.1,2025_12_22,315,316.7279,475.0217,296.9565,295.1233,148.1301,149.0207,336.9103,335.8333,483.8542,-5.5002,-2.9842,-0.0001,0,-0.2224,1.5529,-0.2205,1.5463,0.6641,154.1885,151.6094,151.9629,154.2803,153.0103,0.8537,0.7745,0.8632,0.7507,0.7507,0.799,0.7277,0.8315,0.73,0.7277,0.823,0.8038,0.7907,0.8157,0.7115,0.7231,0.7561,0.7285,0.7115,0.8355,0.8048,0.8042,0.98,0.8042,0.8441,0.7574,0.7849,0.832,0.7533,0.7069,0.8317,0.8367,0.7069,0,0,0,0,0,v1.0.1,2025_12_22,315.0714,316.8071,476.1533,296.8102,295.0897,147.0966,148,337,335.9122,484.9527,-5.4547,-2.9667,-0.0001,0,-0.223,1.5531,-0.2198,1.547,0.6643,160.085,154.0898,162.5625,162.9414,159.9197,0.7072,0.663,0.7094,0.6478,0.6478,0.6712,0.6279,0.6731,0.6237,0.6237,0.6526,0.656,0.6566,0.6506,0.6204,0.6255,0.6103,0.6126,0.6103,0.676,0.6599,0.678,0.1146,0.1146,0.6489,0.6349,0.6574,0.6726,0.6274,0.6101,0.642,0.673,0.6101,0,0,0,0,0,v1.0.1,2025_12_22,316.8396,327.8585,441.531,312.7788,302.0813,195.9593,187.9843,342.1181,331.5,455.5,-3.5128,7.3429,0,0.0001,-0.2198,1.5589,-0.2097,1.5559,0.6713,176.6562,175.6152,176.6221,177.4209,176.5786,0.7924,0.6218,0.8082,0.5989,0.5989,0.7529,0.6131,0.7659,0.6094,0.6094,0.7643,0.7619,0.7552,0.7454,0.7454,0.7428,0.647,0.7394,0,0.647,0,0,0,0,0,v1.0.1,2025_12_22,316.767,328,442.3482,312.8304,301.9833,195.1333,187.0081,342.4194,331.4783,456.4522,-3.583,7.467,0,0.0001,-0.2197,1.5595,-0.2102,1.5562,0.6715,147.2246,141.0703,143.2871,145.0186,144.1501,0.6754,0.5585,0.677,0.5318,0.5318,0.623,0.5512,0.6427,0.541,0.541,0.6332,0.6347,0.643,0.6224,0.6224,0.5929,0.5362,0.5805,0.4019,0.4019,0,0,0,0,0,-0.0099,-0.0998,-0.0029,-0.1189,-0.1129,-0.0289,-0.0829,0.007,-0.0906,-0.0829,0.0059,-0.0062,-0.0179,0.0084,-0.096,-0.0886,-0.0403,-0.0936,-0.004,0.0026,-0.0022,-0.0485,-0.0003,-0.0815,-0.0616,-0.0019,-0.0533,0.0089,-0.0503,-0.0405,-0.006,-0.0021,-0.002,-0.0184,-0.0367,-0.0373,-0.0204,-0.0294,-0.0018,0.0257,0.006,-0.1879,0.008,-0.2123,-0.1875,-0.0139,-0.1406,0.005,-0.1693,-0.1443,0.0135,0.0074,0.021,0.0176,-0.0087,0.0052,0.0233,-0.0898,0.01,-0.1405,-0.1165,-0.018,-0.0908,0.0122,-0.1012,-0.0895,0.0035,0.0004,0.0075,0.0077,0.0077,-0.0135,-0.003,TRUE,TRUE
DTC_L_1,LanSi,1,CW_01,C,2026-03-24 09:02:02+08:00,ONLINE,FALSE,,CW_1_01,FAIL,SFR_VIS_25cm_Ny4_06F_ROI16;SFR_VIS_25cm_Ny4_06F_Min,sfr_25Algo,51.5467214,_2026032409020270102,T20260324090202,DESKTOP-P2DUL42,Loma,1,CW_1_01,2,paul di,2024.0718.155524,V20260126.2,CW_DTCL_DTCR_STC,T20260324090254,51.5467214,TRUE,TRUE,TRUE,TRUE,TRUE,TRUE,TRUE,4S2RND2HBL06DS,v1.0.1,2025_12_22,314.0073,323.6788,474.1985,303.1765,294.7815,151.5828,148.06,343.64,333.2979,490.7589,-6.631,3.0674,-0.0001,0,-0.2268,1.559,-0.2192,1.5553,0.6671,154.709,150.1611,148.7568,153.8486,151.8689,0.8323,0.8058,0.8306,0.797,0.797,0.7844,0.7269,0.792,0.7427,0.7269,0.8261,0.8002,0.7988,0.7522,0.724,0.7252,0.7774,0.657,0.657,0.8123,0.98,0.8163,0.8145,0.8123,0.8442,0.7622,0.723,0.8245,0.8172,0.8056,0.784,0.7788,0.723,0,0,0,0,0,v1.0.1,2025_12_22,314.0704,323.7113,475.3309,303.0735,294.6513,150.5658,147,343.7933,333.4545,491.6853,-6.5986,3.0658,-0.0001,0,-0.2268,1.5586,-0.2191,1.5554,0.667,159.2393,154.46,160.8457,160.1504,158.6738,0.6791,0.6791,0.6965,0.6944,0.6791,0.6556,0.6143,0.6526,0.6387,0.6143,0.6408,0.648,0.6539,0.618,0.608,0.6306,0.63,0.5918,0.5918,0.6679,0.5422,0.6684,0.6666,0.5422,0.657,0.6409,0.6012,0.6578,0.6677,0.6572,0.6598,0.6265,0.6012,0,0,0,0,0,v1.0.1,2025_12_22,312.2056,315.729,437.4522,301.6174,298.3902,184.187,183.878,330.5447,326.4576,446.5339,-7.8233,-3.7776,-0.0001,0,-0.2117,1.5656,-0.2144,1.5618,0.6753,174.752,173.1162,171.6055,174.0732,173.3867,0.7793,0.6713,0.8091,0.7025,0.6713,0.7422,0.6224,0.7391,0.6487,0.6224,0.7781,0.7678,0.7538,0.7074,0.7074,0.7297,0,0.7254,0.718,0.718,0,0,0,0,0,v1.0.1,2025_12_22,312.1333,315.6476,438.3846,301.453,298.3415,183.4715,182.976,330.544,326.4492,447.4237,-7.8431,-3.792,-0.0001,0,-0.2114,1.5663,-0.2143,1.5621,0.6757,147.5137,142.2939,142.1602,145.1494,144.2793,0.6538,0.5823,0.6777,0.626,0.5823,0.6244,0.5354,0.6184,0.5638,0.5354,0.623,0.6231,0.6308,0.605,0.605,0.5946,0.5277,0.5866,0.5722,0.5277,0,0,0,0,0,0.0079,-0.0597,-0.0104,-0.0246,-0.0246,-0.0005,-0.0994,-0.012,-0.0255,-0.0413,0.0168,-0.0101,-0.009,-0.015,-0.1005,-0.0724,-0.0068,-0.1005,0.0017,0.0033,-0.002,-0.0341,0.0021,-0.021,-0.002,-0.014,-0.0697,-0.0049,-0.028,-0.0432,-0.0078,-0.0129,-0.0117,-0.0238,-0.0632,-0.0311,-0.0267,-0.0392,-0.0127,-0.0089,0.0002,-0.1388,0.0136,-0.091,-0.1078,0.0079,-0.1544,-0.0103,-0.0952,-0.1119,0.017,0.0076,0.0102,0.0211,0.0035,0.0081,-0.0012,-0.095,0.0127,-0.0493,-0.0727,-0.0118,-0.1122,-0.0039,-0.0948,-0.0869,-0.0082,-0.008,-0.005,0.0001,0.0001,0.0194,0.0203,TRUE,TRUE
DTC_L_2,LanSi,1,CW_01,A,2026-03-24 09:07:07+08:00,ONLINE,FALSE,,CW_1_01,PASS,,,51.1924876,_2026032409070723202,T20260324090707,DESKTOP-P2DUL42,Loma,1,CW_1_01,2,paul di,2024.0718.155524,V20260126.2,CW_DTCL_DTCR_STC,T20260324090758,51.1924876,TRUE,TRUE,TRUE,TRUE,TRUE,TRUE,TRUE,4S2RND2HBL06DS,v1.0.1,2025_12_22,315.1333,322.7333,475.5,302,296.0993,151.6755,149.56,342.56,334.4701,488.1194,-5.3474,1.9176,-0.0001,0,-0.2281,1.5595,-0.2187,1.5539,0.6667,153.2676,149.0654,147.1426,151.749,150.3062,0.8271,0.8024,0.8385,0.7869,0.7869,0.7885,0.7422,0.8028,0.736,0.736,0.8087,0.808,0.8114,0.7691,0.7188,0.7101,0.7066,0.6673,0.6673,0.8193,0.7466,0.8247,0.7627,0.7466,0.842,0.773,0.7512,0.8397,0.8139,0.7443,0.7618,0.7702,0.7443,0,0,0,0,0,v1.0.1,2025_12_22,315.0714,322.8071,476.5746,301.9328,295.9272,150.7417,148.4899,342.6309,334.7246,489.1884,-5.3424,1.9602,-0.0001,0,-0.228,1.5595,-0.2179,1.5527,0.6666,158.0811,154.2285,159.6914,158.8291,157.7075,0.6814,0.6703,0.6976,0.6955,0.6703,0.6591,0.6343,0.6518,0.6424,0.6343,0.6484,0.6555,0.654,0.6441,0.6064,0.6139,0.6097,0.5991,0.5991,0.6684,0.5362,0.6619,0.6423,0.5362,0.6591,0.6381,0.6176,0.6818,0.6644,0.6432,0.6518,0.6222,0.6176,0,0,0,0,0,v1.0.1,2025_12_22,313.1923,314.9615,438.4783,300.5478,299.6475,184.0164,185.2213,329.5656,327.3025,445.042,-6.7316,-4.6733,-0.0001,0,-0.214,1.5672,-0.2131,1.5622,0.6756,174.5762,173.3467,171.1465,173.415,173.1211,0.7767,0.6853,0.7921,0.6712,0.6712,0.7355,0.6353,0.7444,0.6458,0.6353,0.7555,0.7491,0.7556,0.6894,0.6894,0.7222,0,0.7238,0.6437,0.6437,0,0,0,0,0,v1.0.1,2025_12_22,313.2039,314.8932,439.4052,300.4052,299.5678,183.322,184.35,329.6333,327.5,445.85,-6.6946,-4.6793,-0.0001,0,-0.2138,1.567,-0.2134,1.5615,0.6753,146.9863,142.2109,141.0166,144.1631,143.5942,0.6587,0.5877,0.6673,0.6107,0.5877,0.6283,0.5613,0.6205,0.578,0.5613,0.6145,0.6263,0.6324,0.5971,0.5971,0.5856,0.5341,0.5907,0.5414,0.5341,0,0,0,0,0,0.0027,-0.0631,-0.0025,-0.0347,-0.0347,0.0036,-0.0841,-0.0012,-0.0322,-0.0322,-0.0006,-0.0023,0.0036,0.0019,-0.1057,-0.0875,-0.0776,-0.0902,0.0087,0.0117,0.0003,-0.0429,0.0032,-0.0199,-0.0108,-0.0105,-0.0497,-0.0057,-0.0243,-0.0232,-0.0002,-0.0054,-0.0116,0.0023,-0.0648,-0.0478,-0.047,-0.0319,-0.0122,-0.0154,-0.0024,-0.1248,-0.0034,-0.1223,-0.1079,0.0012,-0.1415,-0.005,-0.0981,-0.099,-0.0056,-0.0111,0.012,0.0031,-0.004,0.0065,0.0037,-0.0896,0.0023,-0.0646,-0.0673,-0.0079,-0.0863,-0.0018,-0.0806,-0.061,-0.0167,-0.0048,-0.0034,-0.0078,-0.0078,0.0104,0.0244,TRUE,TRUE
DTC_R_2,LanSi,1,CW_01,B,2026-03-24 09:07:07+08:00,ONLINE,FALSE,,CW_1_01,FAIL,SFR_VIS_25cm_Ny4_06F_ROI16;SFR_VIS_25cm_Ny4_06F_Min,sfr_25Algo,51.3111702,_2026032409070711301,T20260324090707,DESKTOP-P2DUL42,Loma,1,CW_1_01,1,paul di,2024.0718.155524,V20260126.2,CW_DTCL_DTCR_STC,T20260324090758,51.3111702,TRUE,TRUE,TRUE,TRUE,TRUE,TRUE,TRUE,4S2RND2HBL0DP6,v1.0.1,2025_12_22,314.9562,316.708,474.8261,296.6667,295.0822,146.8562,149.2617,337.1275,335.3521,484.4296,-5.6043,-3.1424,-0.0001,0,-0.2242,1.5538,-0.2221,1.5493,0.6642,155.3867,152.7119,150.2998,155.0078,153.3516,0.8662,0.8362,0.8635,0.8087,0.8087,0.7991,0.735,0.8188,0.7044,0.7044,0.81,0.804,0.8179,0.7999,0.7372,0.7505,0.7504,0.6538,0.6538,0.8326,0.8297,0.8204,0.98,0.8204,0.8351,0.7965,0.7798,0.8286,0.8076,0.8135,0.7505,0.8481,0.7505,0,0,0,0,0,v1.0.1,2025_12_22,314.9291,316.7092,475.8478,296.5725,295.0342,145.8836,148.0952,337.2381,335.6479,485.4296,-5.5891,-3.1334,-0.0001,0,-0.224,1.5543,-0.2219,1.5481,0.6641,160.2686,154.5811,161.8428,162.7744,159.8667,0.6972,0.6824,0.7207,0.6844,0.6824,0.667,0.6325,0.6759,0.6171,0.6171,0.6548,0.6489,0.6524,0.6587,0.6372,0.6472,0.615,0.5908,0.5908,0.6781,0.6662,0.6718,0.1442,0.1442,0.654,0.6679,0.6622,0.6844,0.6463,0.5548,0.637,0.6886,0.5548,0,0,0,0,0,v1.0.1,2025_12_22,316.7547,328.0943,441.313,312.7739,302.1463,195.1301,188.024,342.456,331.4018,456.4018,-3.572,7.4712,0,0.0001,-0.2219,1.5609,-0.2106,1.5566,0.6713,176.1025,175.6318,173.1523,177.0801,175.4917,0.7953,0.6905,0.8148,0.6814,0.6814,0.7486,0.6347,0.7591,0.5706,0.5706,0.7602,0.7587,0.7537,0.7198,0.7198,0.7214,0.6858,0.7346,0,0.6858,0,0,0,0,0,v1.0.1,2025_12_22,316.6952,328.1143,441.9273,312.7636,301.9508,194.4754,187.024,342.544,331.3636,457.2636,-3.7078,7.5322,0,0.0001,-0.2215,1.5604,-0.2103,1.5572,0.6715,147.3828,141.6875,142.6504,145.3037,144.2561,0.6618,0.5912,0.6768,0.5974,0.5912,0.6214,0.5681,0.6397,0.5188,0.5188,0.6261,0.6157,0.6184,0.6202,0.6157,0.5834,0.5549,0.6064,0.3677,0.3677,0,0,0,0,0,0.0026,-0.0381,-0.0026,-0.0609,-0.0549,-0.0288,-0.0756,-0.0057,-0.1162,-0.1062,-0.0071,-0.006,0.0093,-0.0074,-0.0703,-0.0612,-0.046,-0.1683,-0.0069,0.0188,-0.0122,-0.0291,0.011,-0.0449,-0.027,-0.0061,-0.0487,0.0117,-0.0569,-0.0471,-0.0038,-0.0092,-0.0062,-0.0103,-0.0199,-0.0156,-0.0157,-0.0512,0.0003,0.0195,0.0089,-0.1192,0.0146,-0.1298,-0.105,-0.0182,-0.119,-0.0018,-0.2081,-0.1831,0.0094,0.0042,0.0195,-0.008,-0.0301,0.0004,0.0097,-0.0571,0.0098,-0.0749,-0.0571,-0.0196,-0.0739,0.0092,-0.1234,-0.1117,-0.0036,-0.0186,-0.0171,0.0055,0.001,-0.023,0.0229,TRUE,TRUE
DTC_R_3,LanSi,1,CW_01,C,2026-03-24 09:08:46+08:00,ONLINE,FALSE,,CW_1_01,PASS,,,51.4484657,_2026032409084666401,T20260324090846,DESKTOP-P2DUL42,Loma,1,CW_1_01,1,paul di,2024.0718.155524,V20260126.2,CW_DTCL_DTCR_STC,T20260324090938,51.4484657,TRUE,TRUE,TRUE,TRUE,TRUE,TRUE,TRUE,4S2RND2HBL0DP6,v1.0.1,2025_12_22,315.2612,317.1045,475.4924,297.7348,295.5442,148.5986,149.5,337.5,335.9267,485.3667,-5.1551,-2.2391,-0.0001,0,-0.2198,1.5538,-0.2219,1.5481,0.665,153.8574,151.8125,151.6104,153.5352,152.7039,0.8682,0.7818,0.8678,0.7511,0.7511,0.8167,0.7414,0.8183,0.7699,0.7414,0.8314,0.8146,0.7905,0.8033,0.7194,0.7264,0.7841,0.763,0.7194,0.8417,0.7855,0.8116,0.2023,0.2023,0.8403,0.7244,0.7439,0.8201,0.763,0.6311,0.8471,0.8438,0.6311,0,0,0,0,0,v1.0.1,2025_12_22,315.219,317.1241,476.5899,297.3309,295.396,147.5436,148.2733,337.5133,336,486.4145,-5.2044,-2.3147,-0.0001,0,-0.2215,1.5539,-0.221,1.5481,0.6649,160.166,154.4785,162.7939,163.0225,160.1152,0.7082,0.6575,0.7025,0.6575,0.6575,0.6906,0.6446,0.6749,0.6404,0.6404,0.6511,0.664,0.6495,0.6611,0.6212,0.6451,0.6161,0.6388,0.6161,0.6751,0.6465,0.658,0.1004,0.1004,0.6644,0.6057,0.6488,0.6738,0.6331,0.5941,0.6513,0.673,0.5941,0,0,0,0,0,v1.0.1,2025_12_22,316.9626,328.3551,441.7544,313.4123,302.336,196.368,188.4167,342.5583,331.6435,456.4783,-3.2774,7.9344,0,0.0001,-0.2187,1.5599,-0.2095,1.5562,0.672,175.7734,175.8643,176.0889,176.9102,176.1592,0.8032,0.6319,0.8138,0.6133,0.6133,0.7602,0.6078,0.7704,0.6488,0.6078,0.7691,0.765,0.7361,0.7471,0.7361,0.74,0.6605,0.7344,0,0.6605,0,0,0,0,0,v1.0.1,2025_12_22,316.9626,328.3551,442.6216,313.3153,302.2258,195.6694,187.4153,342.6525,331.819,457.319,-3.2911,7.9623,0,0.0001,-0.2186,1.5597,-0.2094,1.5556,0.6718,147.3838,141.6406,143.4785,145.5322,144.5088,0.6516,0.5576,0.6704,0.5474,0.5474,0.6425,0.5536,0.6502,0.5498,0.5498,0.6317,0.6421,0.6262,0.638,0.6262,0.5973,0.5469,0.5827,0.3072,0.3072,0,0,0,0,0,0.0046,-0.0925,0.0017,-0.1185,-0.1125,-0.0112,-0.0692,-0.0062,-0.0507,-0.0692,0.0143,0.0046,-0.0181,-0.004,-0.0881,-0.0853,-0.0123,-0.0591,0.0022,0.01,-0.0012,-0.054,-0.0072,-0.0718,-0.0519,0.0175,-0.0366,0.0107,-0.0336,-0.0238,-0.0075,0.0059,-0.0091,-0.0079,-0.0359,-0.0177,-0.0146,-0.0032,-0.0027,0.0057,0.0168,-0.1778,0.0136,-0.1979,-0.1731,-0.0066,-0.1459,0.0095,-0.1299,-0.1459,0.0183,0.0105,0.0019,0.0193,-0.0115,0.0002,-0.0005,-0.0907,0.0034,-0.1249,-0.1009,0.0015,-0.0884,0.0197,-0.0924,-0.0807,0.002,0.0078,-0.0093,0.0233,0.0115,-0.0091,-0.0008,TRUE,TRUE
DTC_L_3,LanSi,1,CW_01,B,2026-03-24 09:08:46+08:00,ONLINE,FALSE,,CW_1_01,PASS,,,51.5631598,_2026032409084655702,T20260324090846,DESKTOP-P2DUL42,Loma,1,CW_1_01,2,paul di,2024.0718.155524,V20260126.2,CW_DTCL_DTCR_STC,T20260324090938,51.5631598,TRUE,TRUE,TRUE,TRUE,TRUE,TRUE,TRUE,4S2RND2HBL06DS,v1.0.1,2025_12_22,314.1691,323.2353,474.4511,303,294.9073,152.4636,148.2333,343.3467,333.5185,489.2222,-6.4441,2.7536,-0.0001,0,-0.2251,1.558,-0.2201,1.5542,0.6668,154.0254,150.0322,148.0498,153.6533,151.4402,0.8161,0.781,0.8383,0.7496,0.7496,0.7854,0.7569,0.8016,0.741,0.741,0.8024,0.8108,0.7738,0.7528,0.7272,0.7167,0.727,0.691,0.691,0.8245,0.6852,0.8185,0.8164,0.6852,0.8418,0.7916,0.723,0.8304,0.8243,0.7997,0.7771,0.7707,0.723,0,0,0,0,0,v1.0.1,2025_12_22,314.2086,323.3669,475.4851,302.9627,294.7067,151.4533,147.0805,343.396,333.7214,490.2857,-6.4595,2.7929,-0.0001,0,-0.2253,1.5573,-0.2188,1.5539,0.6668,158.3477,154.3594,159.9287,159.6924,158.082,0.6909,0.6702,0.6955,0.6347,0.6347,0.6611,0.6261,0.6414,0.6498,0.6261,0.6483,0.6626,0.6389,0.6168,0.6235,0.6188,0.628,0.605,0.605,0.6769,0.5153,0.6734,0.6803,0.5153,0.6547,0.657,0.6057,0.6876,0.6561,0.6797,0.6779,0.6275,0.6057,0,0,0,0,0,v1.0.1,2025_12_22,312.4495,315.5138,437.5487,301.4779,298.575,184.675,184,330.4127,326.6723,445.8739,-7.6509,-3.9093,-0.0001,0,-0.2112,1.5646,-0.215,1.5616,0.675,173.9121,172.8955,170.9639,173.8428,172.9036,0.771,0.6657,0.7966,0.6441,0.6441,0.7444,0.6338,0.7561,0.6288,0.6288,0.7517,0.7562,0.7351,0.6907,0.6907,0.7202,0,0.7099,0.7005,0.7005,0,0,0,0,0,v1.0.1,2025_12_22,312.4,315.5,438.4522,301.3826,298.4919,183.9032,183.2066,330.4545,326.6638,446.5603,-7.6571,-3.9399,-0.0001,0,-0.211,1.565,-0.2147,1.5619,0.6753,146.7246,141.8535,141.1719,144.8955,143.6614,0.6398,0.573,0.6785,0.5767,0.573,0.6268,0.5541,0.6183,0.5585,0.5541,0.6216,0.6404,0.6144,0.5963,0.5963,0.5733,0.5441,0.5756,0.5717,0.5441,0,0,0,0,0,-0.0083,-0.0845,-0.0027,-0.072,-0.072,0.0005,-0.0694,-0.0024,-0.0272,-0.0272,-0.0069,0.0005,-0.034,-0.0144,-0.0973,-0.0809,-0.0572,-0.0665,0.0139,0.0055,0.0098,-0.043,0.0011,-0.0807,-0.0464,-0.0085,-0.0579,-0.0161,-0.0169,-0.0314,-0.0003,0.0017,-0.0267,-0.025,-0.0477,-0.0429,-0.0287,-0.026,-0.0037,-0.0039,-0.0081,-0.1444,0.0011,-0.1494,-0.135,0.0101,-0.143,0.0067,-0.1151,-0.1055,-0.0094,-0.004,-0.0085,0.0044,-0.006,-0.0074,-0.0152,-0.1043,0.0135,-0.0986,-0.082,-0.0094,-0.0935,-0.004,-0.1001,-0.0682,-0.0096,0.0093,-0.0214,-0.0086,-0.0086,-0.0019,0.0093,TRUE,TRUE
DTC_L_4,LanSi,1,CW_01,C,2026-03-24 09:10:20+08:00,ONLINE,FALSE,,CW_1_01,PASS,,,51.4284792,_2026032409102093402,T20260324091020,DESKTOP-P2DUL42,Loma,1,CW_1_01,2,paul di,2024.0718.155524,V20260126.2,CW_DTCL_DTCR_STC,T20260324091112,51.4284792,TRUE,TRUE,TRUE,TRUE,TRUE,TRUE,TRUE,4S2RND2HBL06DS,v1.0.1,2025_12_22,315.2222,321.8667,475.5821,300.9627,296.1974,150.1908,149.9664,341.8255,334.7007,488.365,-5.1662,1.1421,-0.0001,0,-0.2291,1.5599,-0.2197,1.5538,0.6662,153.7334,149.0742,147.7139,153.0352,150.8892,0.8239,0.7972,0.8312,0.7816,0.7816,0.7921,0.7435,0.7966,0.733,0.733,0.8117,0.8014,0.824,0.7577,0.721,0.7138,0.7223,0.6985,0.6985,0.8171,0.9655,0.8112,0.764,0.764,0.8428,0.7563,0.7224,0.837,0.781,0.7506,0.7573,0.7639,0.7224,0,0,0,0,0,v1.0.1,2025_12_22,315.2158,322,476.7842,300.8777,296.1133,149.28,148.8767,341.9795,334.7914,489.3669,-5.1437,1.2008,-0.0001,0,-0.2295,1.5601,-0.219,1.5538,0.6664,158.1826,154.5264,160.3145,159.3711,158.0986,0.6814,0.6733,0.6989,0.6879,0.6733,0.675,0.6364,0.653,0.6369,0.6364,0.6499,0.6561,0.6625,0.6369,0.6044,0.6235,0.6161,0.6025,0.6025,0.6907,0.5324,0.668,0.669,0.5324,0.6616,0.6388,0.6036,0.6768,0.6589,0.6446,0.6555,0.6363,0.6036,0,0,0,0,0,v1.0.1,2025_12_22,313.5,314.1132,438.6154,299.547,299.9583,182.7833,185.3821,328.8618,327.5678,444.678,-6.4953,-5.5033,-0.0001,-0.0001,-0.2154,1.5675,-0.2141,1.5629,0.6752,175.0693,173.4727,171.748,174.292,173.6455,0.7855,0.6821,0.7987,0.6748,0.6748,0.7335,0.6432,0.7239,0.624,0.624,0.7438,0.7422,0.7598,0.6858,0.6858,0.7312,0,0.722,0.6428,0.6428,0,0,0,0,0,v1.0.1,2025_12_22,313.4466,314.0097,439.5,299.4052,299.7417,181.9833,184.5,328.9032,327.6333,445.5917,-6.5357,-5.5214,-0.0001,-0.0001,-0.2148,1.5668,-0.2145,1.5629,0.6751,146.6377,142.3721,141.2598,144.4277,143.6743,0.6668,0.5839,0.664,0.5931,0.5839,0.6169,0.5479,0.6056,0.5638,0.5479,0.6154,0.6275,0.6532,0.6048,0.6048,0.5833,0.5228,0.5814,0.5386,0.5228,0,0,0,0,0,-0.0005,-0.0683,-0.0098,-0.04,-0.04,0.0072,-0.0828,-0.0074,-0.0352,-0.0352,0.0024,-0.0089,0.0162,-0.0095,-0.1035,-0.0838,-0.0619,-0.059,0.0065,-0.0018,0.0003,-0.0399,0.0045,-0.0275,-0.0078,0.0054,-0.0476,-0.0045,-0.0298,-0.0211,0.0013,-0.0048,-0.0031,-0.0049,-0.0668,-0.0382,-0.0406,-0.0285,0.0101,-0.0093,0.0064,-0.128,0.0032,-0.1187,-0.1043,-0.0008,-0.1336,-0.0255,-0.1199,-0.1103,-0.0173,-0.018,0.0162,-0.0005,0.005,0.0047,0.0118,-0.0934,-0.001,-0.0822,-0.0711,-0.0193,-0.0997,-0.0167,-0.0948,-0.0744,-0.0158,-0.0036,0.0174,-0.0001,-0.0001,0.0081,0.0151,TRUE,TRUE
DTC_R_4,LanSi,1,CW_01,A,2026-03-24 09:10:20+08:00,ONLINE,FALSE,,CW_1_01,PASS,,,51.441445,_2026032409102093401,T20260324091020,DESKTOP-P2DUL42,Loma,1,CW_1_01,1,paul di,2024.0718.155524,V20260126.2,CW_DTCL_DTCR_STC,T20260324091112,51.441445,TRUE,TRUE,TRUE,TRUE,TRUE,TRUE,TRUE,4S2RND2HBL0DP6,v1.0.1,2025_12_22,315.1691,317.2353,475.5,297.8333,295.5,148.589,149.4133,337.6133,335.9801,485.543,-5.1875,-2.1372,-0.0001,0,-0.2199,1.5542,-0.2218,1.5473,0.6649,153.8945,151.7451,151.7207,154.3066,152.9167,0.8514,0.7742,0.8688,0.7576,0.7576,0.8007,0.7391,0.8193,0.7575,0.7391,0.8009,0.8132,0.8007,0.8141,0.7238,0.7333,0.7546,0.7569,0.7238,0.8368,0.7854,0.7976,0.7638,0.7638,0.8514,0.7508,0.733,0.8229,0.8061,0.7163,0.8444,0.8352,0.7163,0,0,0,0,0,v1.0.1,2025_12_22,315.1533,317.1898,476.5461,297.5957,295.3129,147.5714,148.1959,337.8176,336.0199,486.543,-5.2544,-2.1565,-0.0001,0,-0.2203,1.5538,-0.2224,1.5477,0.6647,159.4111,154.9541,163.4111,162.4326,160.0522,0.7096,0.6628,0.7094,0.6548,0.6548,0.6634,0.6429,0.6583,0.6405,0.6405,0.6368,0.6556,0.6593,0.656,0.624,0.6373,0.6249,0.6185,0.6185,0.6746,0.654,0.6645,0.0913,0.0913,0.6522,0.638,0.6301,0.6695,0.6358,0.5933,0.6365,0.6827,0.5933,0,0,0,0,0,v1.0.1,2025_12_22,317.0187,328.5514,441.8125,313.5714,302.36,196.472,188.4113,342.9032,331.75,456.8448,-3.2295,8.1686,0,0.0001,-0.2189,1.5597,-0.2106,1.556,0.6715,174.8057,174.8008,175.207,176.5977,175.3528,0.7964,0.613,0.8071,0.6091,0.6091,0.752,0.6057,0.7599,0.6338,0.6057,0.7579,0.758,0.7448,0.7334,0.7334,0.7529,0.6434,0.7447,0,0.6434,0,0,0,0,0,v1.0.1,2025_12_22,317,328.6038,442.6174,313.5478,302.312,195.888,187.3821,343.1382,331.7913,457.6174,-3.2794,8.259,0,0.0001,-0.2188,1.5601,-0.2112,1.5561,0.6716,146.6465,142.1797,144.04,144.9014,144.4419,0.6568,0.5368,0.6786,0.5554,0.5368,0.6377,0.555,0.6321,0.5476,0.5476,0.6151,0.6287,0.6372,0.6325,0.6151,0.5937,0.5427,0.5703,0.3072,0.3072,0,0,0,0,0,-0.0122,-0.1001,0.0027,-0.112,-0.106,-0.0272,-0.0715,-0.0052,-0.0631,-0.0715,-0.0162,0.0032,-0.0079,0.0068,-0.0837,-0.0784,-0.0418,-0.0652,-0.0027,-0.004,0.0002,-0.0487,-0.0003,-0.0745,-0.0546,-0.0097,-0.0383,-0.0059,-0.0335,-0.0237,-0.0218,-0.0025,0.0007,-0.013,-0.0331,-0.0255,-0.0058,-0.0235,-0.0032,0.0122,0.01,-0.1967,0.0069,-0.2021,-0.1773,-0.0148,-0.148,-0.001,-0.1449,-0.148,0.0071,0.0035,0.0106,0.0056,0.0014,0.0105,0.0047,-0.1115,0.0116,-0.1169,-0.1115,-0.0033,-0.087,0.0016,-0.0946,-0.0829,-0.0146,-0.0056,0.0017,0.0178,0.0004,-0.0127,-0.0132,TRUE,TRUE
DTC_R_5,LanSi,1,CW_01,B,2026-03-24 09:12:04+08:00,ONLINE,FALSE,,CW_1_01,FAIL,SFR_VIS_25cm_Ny4_01F_ROI2_Dev;SFR_VIS_25cm_Ny4_01F_Min_Dev,Dev,51.6933976,_2026032409120484501,T20260324091204,DESKTOP-P2DUL42,Loma,1,CW_1_01,1,paul di,2024.0718.155524,V20260126.2,CW_DTCL_DTCR_STC,T20260324091256,51.6933976,TRUE,TRUE,TRUE,TRUE,TRUE,TRUE,TRUE,4S2RND2HBL0DP6,v1.0.1,2025_12_22,315.0217,316.0435,475.2536,296.3551,295.1268,147.9859,149.1497,336.1905,335.7973,485.3649,-5.4302,-3.112,-0.0001,0,-0.2217,1.5524,-0.2204,1.5482,0.6646,153.6895,150.416,151.2334,153.4229,152.1904,0.8598,0.738,0.871,0.7924,0.738,0.8131,0.7073,0.8154,0.7724,0.7073,0.8143,0.8122,0.7953,0.8095,0.6938,0.6947,0.7937,0.7758,0.6938,0.8227,0.8011,0.8174,0.3818,0.3818,0.8333,0.7675,0.7372,0.8252,0.803,0.7146,0.8424,0.8288,0.7146,0,0,0,0,0,v1.0.1,2025_12_22,315,316.0863,476.375,296.2647,295.0839,147,148.034,336.2585,335.9007,486.3245,-5.4213,-3.1132,-0.0001,0,-0.2217,1.553,-0.2197,1.5481,0.6649,160.1006,153.2568,162.1738,162.9219,159.6133,0.6933,0.6358,0.7079,0.678,0.6358,0.6762,0.6223,0.6579,0.6454,0.6223,0.6665,0.6701,0.6531,0.6555,0.6094,0.6172,0.6349,0.6384,0.6094,0.6668,0.6585,0.6449,0.1156,0.1156,0.642,0.6428,0.6275,0.6759,0.6458,0.5586,0.6534,0.6635,0.5586,0,0,0,0,0,v1.0.1,2025_12_22,316.8972,327.3832,441.5702,312.4298,302.1935,195.7258,188.112,341.592,331.5,456.5,-3.4454,7.2262,0,0.0001,-0.2189,1.5591,-0.2094,1.5577,0.6721,175.6592,174.2969,175.8281,176.6904,175.6187,0.803,0.6194,0.8181,0.6454,0.6194,0.7538,0.5852,0.7565,0.6676,0.5852,0.7619,0.7673,0.7363,0.7373,0.7363,0.7482,0.6546,0.7301,0,0.6546,0,0,0,0,0,v1.0.1,2025_12_22,316.8491,327.5943,442.5478,312.3826,301.9667,194.9583,187.25,341.725,331.6134,457.1933,-3.4546,7.2707,0,0.0001,-0.2199,1.5585,-0.2081,1.5568,0.6718,146.8682,140.4453,142.7764,145.0557,143.7864,0.6619,0.5424,0.6748,0.5704,0.5424,0.6413,0.5241,0.628,0.5897,0.5241,0.6303,0.6375,0.6399,0.6204,0.6204,0.5852,0.5373,0.5849,0.2538,0.2538,0,0,0,0,0,-0.0038,-0.1363,0.0049,-0.0772,-0.1256,-0.0148,-0.1033,-0.0091,-0.0482,-0.1033,-0.0028,0.0022,-0.0133,0.0022,-0.1137,-0.117,-0.0027,-0.0463,-0.0168,0.0158,-0.0161,-0.0757,-0.0018,-0.0513,-0.0736,0.0031,-0.0589,-0.0063,-0.0286,-0.0419,0.0079,0.012,-0.0055,-0.0135,-0.0477,-0.0456,0.0042,-0.0036,-0.011,-0.0074,0.0166,-0.1903,0.0179,-0.1658,-0.167,-0.013,-0.1685,-0.0044,-0.1111,-0.1685,0.0111,0.0128,0.0021,0.0095,-0.0033,-0.0041,0.0098,-0.1059,0.0078,-0.1019,-0.1059,0.0003,-0.1179,-0.0025,-0.0525,-0.1064,0.0006,0.0032,0.0044,0.0057,0.0057,-0.0212,0.0014,TRUE,TRUE
DTC_L_5,LanSi,1,CW_01,A,2026-03-24 09:12:05+08:00,ONLINE,FALSE,,CW_1_01,PASS,,,51.4520418,_2026032409120508602,T20260324091205,DESKTOP-P2DUL42,Loma,1,CW_1_01,2,paul di,2024.0718.155524,V20260126.2,CW_DTCL_DTCR_STC,T20260324091256,51.4520418,TRUE,TRUE,TRUE,TRUE,TRUE,TRUE,TRUE,4S2RND2HBL06DS,v1.0.1,2025_12_22,314.0815,323.4519,474.0362,303.1159,294.8041,152.4865,148.0608,343.2973,333.3286,489.5,-6.6378,2.8703,-0.0001,0,-0.2259,1.558,-0.2185,1.5549,0.6671,153.7197,149.3379,148.167,152.5732,150.9495,0.8191,0.7946,0.8541,0.7832,0.7832,0.7843,0.7496,0.7891,0.7365,0.7365,0.8058,0.8064,0.8087,0.764,0.7401,0.7006,0.7416,0.6928,0.6928,0.8194,0.98,0.8191,0.8329,0.8191,0.8523,0.7511,0.7431,0.8281,0.8228,0.8152,0.7689,0.7654,0.7431,0,0,0,0,0,v1.0.1,2025_12_22,314.1314,323.3723,475.0638,303.0213,294.5894,151.4834,146.9603,343.4768,333.6312,490.5248,-6.6248,2.8757,-0.0001,0,-0.2253,1.5571,-0.2192,1.5541,0.6667,158.6562,153.8711,159.7832,159.6182,157.9822,0.6582,0.6774,0.7025,0.6837,0.6582,0.652,0.6382,0.6373,0.6375,0.6373,0.6413,0.6475,0.6459,0.6474,0.6319,0.6285,0.631,0.6076,0.6076,0.6827,0.4871,0.6765,0.6813,0.4871,0.6719,0.649,0.6267,0.6589,0.6786,0.6909,0.6406,0.6306,0.6267,0,0,0,0,0,v1.0.1,2025_12_22,312.4,315.6636,437.3621,301.5,298.6311,184.8607,183.879,330.2823,326.6198,445.9835,-7.7216,-3.842,-0.0001,0,-0.2123,1.5654,-0.2127,1.5616,0.6755,174.1309,172.5195,170.8311,173.0625,172.636,0.7618,0.6749,0.7975,0.6884,0.6749,0.7199,0.6352,0.7491,0.6566,0.6352,0.7625,0.7588,0.7562,0.6954,0.6954,0.7163,0,0.7339,0.7097,0.7097,0,0,0,0,0,v1.0.1,2025_12_22,312.3048,315.6381,438.1754,301.3421,298.5,184,183.1639,330.4262,326.6917,446.825,-7.7328,-3.8537,-0.0001,0,-0.2126,1.5658,-0.2135,1.561,0.6752,147.248,141.7354,141.5029,144.8516,143.8345,0.6394,0.5757,0.6733,0.6156,0.5757,0.611,0.5501,0.6176,0.5644,0.5501,0.6454,0.643,0.6331,0.6112,0.6112,0.5972,0.5295,0.5755,0.5847,0.5295,0,0,0,0,0,-0.0053,-0.0709,0.0131,-0.0384,-0.0384,-0.0006,-0.0767,-0.0149,-0.0317,-0.0317,-0.0035,-0.0039,0.0009,-0.0032,-0.0844,-0.097,-0.0426,-0.0647,0.0088,0.0061,-0.0229,-0.0358,0.0081,-0.0317,-0.0229,-0.0176,-0.0458,-0.0202,-0.0292,-0.0202,-0.0073,-0.0134,-0.0197,0.0056,-0.0393,-0.0332,-0.0257,-0.0234,0.0021,-0.0008,-0.0173,-0.1352,0.002,-0.1051,-0.1042,-0.0144,-0.1416,-0.0003,-0.0873,-0.0991,0.0014,-0.0014,0.0126,0.0091,-0.0099,0.0166,-0.0156,-0.1016,0.0083,-0.0597,-0.0793,-0.0252,-0.0975,-0.0047,-0.0942,-0.0722,0.0142,0.0119,-0.0027,0.0063,0.0063,0.022,0.0092,TRUE,TRUE
DTC_R_6,LanSi,1,CW_01,C,2026-03-24 09:13:53+08:00,ONLINE,FALSE,,CW_1_01,PASS,,,51.2713942,_2026032409135389501,T20260324091353,DESKTOP-P2DUL42,Loma,1,CW_1_01,1,paul di,2024.0718.155524,V20260126.2,CW_DTCL_DTCR_STC,T20260324091445,51.2713942,TRUE,TRUE,TRUE,TRUE,TRUE,TRUE,TRUE,4S2RND2HBL0DP6,v1.0.1,2025_12_22,314.9343,316.1533,474.7068,296.0677,295.1034,146.8138,149.2303,336.5066,335.2536,484.029,-5.6543,-3.5859,-0.0001,0,-0.2245,1.5537,-0.2217,1.5498,0.6643,154.0234,150.9111,150.2598,153.9307,152.2812,0.8602,0.8138,0.8742,0.824,0.8138,0.8202,0.7397,0.8284,0.7558,0.7397,0.8262,0.7979,0.812,0.7976,0.7501,0.7318,0.7189,0.68,0.68,0.8458,0.7846,0.798,0.98,0.7846,0.8367,0.776,0.762,0.8232,0.8173,0.7918,0.7207,0.8431,0.7207,0,0,0,0,0,v1.0.1,2025_12_22,314.8857,316.2714,475.7842,296,295.0342,145.8836,148.0676,336.6486,335.3261,484.9638,-5.6804,-3.5465,-0.0001,0,-0.2248,1.5543,-0.221,1.5497,0.6645,159.6826,154.5,162.0596,162.0283,159.5676,0.7,0.6848,0.7088,0.6934,0.6848,0.6812,0.6224,0.6756,0.6377,0.6224,0.6525,0.6447,0.6671,0.6576,0.6304,0.6192,0.6048,0.5828,0.5828,0.6873,0.6343,0.6607,0.2491,0.2491,0.6535,0.6617,0.6595,0.6831,0.6597,0.6446,0.6181,0.6637,0.6181,0,0,0,0,0,v1.0.1,2025_12_22,316.8491,327.5943,441.2679,312.2679,302.129,194.9677,188,342,331.115,455.8938,-3.6278,7.0447,0,0.0001,-0.2221,1.5597,-0.2108,1.5595,0.6716,175.7197,174.8984,174.4492,176.9199,175.4968,0.7914,0.6955,0.8026,0.6796,0.6796,0.7553,0.6344,0.7642,0.6205,0.6205,0.7566,0.7516,0.7402,0.7129,0.7129,0.7514,0.6597,0.738,0,0.6597,0,0,0,0,0,v1.0.1,2025_12_22,316.713,327.6759,442.0273,312.3364,302.0492,194.2131,187.1393,342.2869,331.2232,456.6875,-3.6696,7.14,0,0.0001,-0.2213,1.5608,-0.2118,1.5583,0.6715,146.96,141.4678,142.6943,144.3975,143.8799,0.6509,0.5943,0.6755,0.5911,0.5911,0.6357,0.5678,0.6401,0.5529,0.5529,0.6263,0.6295,0.6346,0.6349,0.6263,0.6008,0.5277,0.5884,0.435,0.435,0,0,0,0,0,-0.0034,-0.0605,0.0081,-0.0456,-0.0498,-0.0077,-0.0709,0.0039,-0.0648,-0.0709,0.0091,-0.0121,0.0034,-0.0097,-0.0574,-0.0799,-0.0775,-0.1421,0.0063,-0.0036,-0.0094,-0.0267,-0.0009,-0.0359,-0.0246,0.0081,-0.0588,0.0114,-0.0363,-0.0418,-0.0061,-0.0134,0.0085,-0.0114,-0.0267,-0.0436,-0.0259,-0.0592,0.0095,0.0084,0.005,-0.1142,0.0024,-0.1316,-0.1068,-0.0115,-0.1193,0.0033,-0.1582,-0.1332,0.0058,-0.0029,0.006,-0.0149,-0.0001,0.0038,-0.0012,-0.054,0.0085,-0.0812,-0.0572,-0.0053,-0.0742,0.0096,-0.0893,-0.0776,-0.0034,-0.0048,-0.0009,0.0202,0.0116,-0.0056,0.0049,TRUE,TRUE
DTC_L_6,LanSi,1,CW_01,B,2026-03-24 09:13:53+08:00,ONLINE,FALSE,,CW_1_01,PASS,,,51.2713942,_2026032409135389502,T20260324091353,DESKTOP-P2DUL42,Loma,1,CW_1_01,2,paul di,2024.0718.155524,V20260126.2,CW_DTCL_DTCR_STC,T20260324091445,51.2713942,TRUE,TRUE,TRUE,TRUE,TRUE,TRUE,TRUE,4S2RND2HBL06DS,v1.0.1,2025_12_22,313.7778,323.1333,473.8897,302.8309,294.3841,151.4636,147.6316,343.2434,332.9507,490.2042,-6.9732,2.6751,-0.0001,0,-0.2256,1.5578,-0.2199,1.556,0.6671,154.8447,150.6768,148.8506,153.9873,152.0898,0.8183,0.783,0.8388,0.7783,0.7783,0.7749,0.7343,0.8074,0.7549,0.7343,0.8311,0.8203,0.8041,0.7715,0.7278,0.7095,0.7486,0.7036,0.7036,0.8192,0.2876,0.8035,0.8153,0.2876,0.8444,0.7937,0.757,0.8375,0.8404,0.8188,0.7921,0.7736,0.757,0,0,0,0,0,v1.0.1,2025_12_22,313.8467,323.1898,474.9286,302.6643,294.1382,150.5263,146.5724,343.3618,333.0851,491.234,-6.9858,2.6953,-0.0001,0,-0.2262,1.5566,-0.2195,1.5563,0.6668,158.1562,154.5557,160.1084,159.085,157.9763,0.6846,0.6686,0.7042,0.6842,0.6686,0.6585,0.6238,0.6595,0.6494,0.6238,0.6444,0.6499,0.6429,0.6408,0.6197,0.6192,0.6308,0.6141,0.6141,0.6755,0.522,0.6497,0.6791,0.522,0.6564,0.6561,0.6295,0.6832,0.6828,0.6762,0.6649,0.6333,0.6295,0,0,0,0,0,v1.0.1,2025_12_22,312,315.5,437.1786,301.2411,298.1488,184,183.5887,330.1613,326.0783,446.2783,-8.1011,-4.0639,-0.0001,0,-0.2129,1.5653,-0.2132,1.563,0.6756,175.0068,173.8623,171.5508,174.2549,173.6687,0.7708,0.658,0.8066,0.6647,0.658,0.7392,0.6252,0.7449,0.6542,0.6252,0.7722,0.7514,0.7435,0.6974,0.6974,0.7188,0,0.7332,0.7204,0.7188,0,0,0,0,0,v1.0.1,2025_12_22,312,315.3962,438,301,298.0339,183.1441,182.6116,330.2975,326.1271,447.178,-8.1455,-4.0968,-0.0001,0,-0.2132,1.5651,-0.2141,1.5635,0.6753,146.5479,142.1172,141.4678,144.1523,143.5713,0.6423,0.576,0.6661,0.5925,0.576,0.6241,0.5455,0.6268,0.5883,0.5455,0.6406,0.6368,0.6276,0.6029,0.6029,0.5799,0.5302,0.5601,0.5765,0.5302,0,0,0,0,0,-0.0061,-0.0825,-0.0022,-0.0433,-0.0433,-0.01,-0.092,0.0034,-0.0133,-0.0339,0.0218,0.01,-0.0037,0.0043,-0.0967,-0.0881,-0.0356,-0.0539,0.0086,-0.0095,0.0035,-0.0446,0.0098,-0.0312,-0.0125,-0.0111,-0.0602,0.002,-0.0173,-0.0337,-0.0042,-0.011,-0.0227,-0.001,-0.0515,-0.0425,-0.0259,-0.0169,-0.0051,-0.0276,-0.0083,-0.1521,0.0111,-0.1288,-0.1211,0.0049,-0.1516,-0.0045,-0.0897,-0.1091,0.0111,-0.0088,-0.0001,0.0111,-0.0074,0.0159,-0.0127,-0.1013,0.0011,-0.0828,-0.079,-0.0121,-0.1021,0.0045,-0.0703,-0.0768,0.0094,0.0057,-0.0082,-0.002,-0.002,0.0047,-0.0062,TRUE,TRUE
DTC_L_7,LanSi,1,CW_01,C,2026-03-24 09:15:34+08:00,ONLINE,FALSE,,CW_1_01,PASS,,,51.2937573,_2026032409153474502,T20260324091534,DESKTOP-P2DUL42,Loma,1,CW_1_01,2,paul di,2024.0718.155524,V20260126.2,CW_DTCL_DTCR_STC,T20260324091626,51.2937573,TRUE,TRUE,TRUE,TRUE,TRUE,TRUE,TRUE,4S2RND2HBL06DS,v1.0.1,2025_12_22,314,323.6343,474.5,303.1667,294.8792,153.0134,148.457,343.3974,333.3406,489.3406,-6.4647,3.0105,-0.0001,0,-0.2263,1.5587,-0.2183,1.5541,0.667,153.0088,149.0029,147.0381,151.9131,150.2407,0.8219,0.769,0.8397,0.7711,0.769,0.7807,0.7503,0.7945,0.7351,0.7351,0.8003,0.8068,0.8139,0.7635,0.7305,0.7031,0.7543,0.6784,0.6784,0.8148,0.3799,0.8201,0.8067,0.3799,0.8397,0.7378,0.7323,0.8361,0.8378,0.8076,0.7987,0.77,0.7323,0,0,0,0,0,v1.0.1,2025_12_22,314.078,323.7589,475.6618,303.1176,294.671,152.0129,147.3087,343.5436,333.6809,490.3121,-6.4199,3.049,-0.0001,0,-0.2265,1.5578,-0.2176,1.5531,0.6667,159.1611,154.5713,160.4189,160.0947,158.5615,0.6908,0.6636,0.695,0.6734,0.6636,0.6555,0.6347,0.6611,0.646,0.6347,0.6592,0.6485,0.6587,0.635,0.6314,0.6288,0.6317,0.6012,0.6012,0.6906,0.5283,0.6732,0.6493,0.5283,0.6523,0.6262,0.639,0.6881,0.6672,0.6813,0.6645,0.6162,0.6162,0,0,0,0,0,v1.0.1,2025_12_22,312.1619,315.9143,437.5478,301.6174,298.4538,185.3697,184.122,330.4553,326.5128,445.7607,-7.7403,-3.6765,-0.0001,0,-0.213,1.5657,-0.2126,1.5602,0.6751,173.9385,172.8975,170.7178,172.9082,172.6155,0.7884,0.6372,0.7976,0.6482,0.6372,0.7419,0.6304,0.7451,0.645,0.6304,0.7649,0.7547,0.7533,0.6922,0.6922,0.7291,0,0.7246,0.7215,0.7215,0,0,0,0,0,v1.0.1,2025_12_22,312.1415,315.7547,438.4087,301.4783,298.4068,184.5,183.3333,330.5,326.547,446.5214,-7.7325,-3.7491,-0.0001,0,-0.2121,1.566,-0.2135,1.5606,0.6753,147.5645,142.1455,141.4375,145.123,144.0676,0.6499,0.5478,0.6688,0.5862,0.5478,0.6264,0.5542,0.6068,0.5734,0.5542,0.6248,0.6134,0.6315,0.5972,0.5972,0.5917,0.5281,0.5856,0.5801,0.5281,0,0,0,0,0,-0.0025,-0.0965,-0.0013,-0.0505,-0.0526,-0.0042,-0.076,-0.0095,-0.0331,-0.0331,-0.009,-0.0035,0.0061,-0.0037,-0.094,-0.0945,-0.0299,-0.0791,0.0042,0.0071,0.0097,-0.0496,0.0006,-0.042,-0.0175,-0.0141,-0.0493,0.0036,-0.0207,-0.0228,0.0106,-0.0124,-0.0069,-0.0068,-0.0398,-0.0329,-0.025,-0.0298,0.01,-0.0041,0.0093,-0.1729,0.0021,-0.1453,-0.1419,0.0076,-0.1464,-0.0043,-0.0989,-0.1039,0.0038,-0.0055,0.0097,0.0059,0.0029,0.0073,-0.0051,-0.1295,0.0038,-0.0891,-0.1072,-0.0098,-0.0934,-0.0155,-0.0852,-0.0681,-0.0064,-0.0177,-0.0043,-0.0077,-0.0077,0.0165,0.0193,TRUE,TRUE
DTC_R_7,LanSi,1,CW_01,A,2026-03-24 09:15:34+08:00,ONLINE,FALSE,,CW_1_01,FAIL,SFR_VIS_25cm_Ny4_01F_ROI2_Dev,Dev,51.0563919,_2026032409153498801,T20260324091534,DESKTOP-P2DUL42,Loma,1,CW_1_01,1,paul di,2024.0718.155524,V20260126.2,CW_DTCL_DTCR_STC,T20260324091626,51.0563919,TRUE,TRUE,TRUE,TRUE,TRUE,TRUE,TRUE,4S2RND2HBL0DP6,v1.0.1,2025_12_22,315.0217,316.0435,475.1241,296.4672,295.1111,147.8611,149,336,335.8243,484.6959,-5.4837,-3.2865,-0.0001,0,-0.2212,1.5524,-0.2191,1.5476,0.6649,154.668,152.2871,152.165,154.7656,153.4714,0.8603,0.7538,0.8665,0.7735,0.7538,0.8109,0.7189,0.8172,0.7687,0.7189,0.8304,0.8191,0.8038,0.8044,0.6975,0.7037,0.795,0.7657,0.6975,0.8407,0.8013,0.8065,0.98,0.8013,0.8513,0.737,0.7485,0.82,0.7941,0.754,0.8262,0.8407,0.737,0,0,0,0,0,v1.0.1,2025_12_22,315.0217,316.0435,476.292,296.2336,295.0479,146.8836,147.9793,336.0897,335.8851,485.7162,-5.4548,-3.3067,-0.0001,0,-0.2217,1.5527,-0.2189,1.5479,0.665,159.4766,154.1533,162.165,162.0488,159.4609,0.6988,0.6486,0.7132,0.6633,0.6486,0.6711,0.6216,0.6674,0.6411,0.6216,0.6509,0.6549,0.6606,0.6544,0.6124,0.627,0.6308,0.6299,0.6124,0.681,0.6568,0.6568,0.2782,0.2782,0.6542,0.6456,0.6302,0.6507,0.6575,0.6194,0.6385,0.6814,0.6194,0,0,0,0,0,v1.0.1,2025_12_22,316.8667,327.3524,441.5702,312.4298,302.0407,195.7642,188.024,341.456,331.65,455.9417,-3.4697,7.0888,0,0.0001,-0.2186,1.5581,-0.2085,1.5558,0.6717,175.3848,174.7002,174.9072,176.6035,175.3989,0.7908,0.6073,0.8054,0.6295,0.6073,0.752,0.5931,0.7679,0.6559,0.5931,0.779,0.7629,0.7501,0.7401,0.7401,0.7354,0.6517,0.7284,0,0.6517,0,0,0,0,0,v1.0.1,2025_12_22,316.8286,327.4571,442.4911,312.4107,302,195,187.1138,341.5854,331.6239,456.7863,-3.4885,7.1479,0,0.0001,-0.2187,1.5588,-0.208,1.5564,0.6721,146.5791,140.9277,142.8359,144.707,143.7625,0.6658,0.5535,0.6624,0.5591,0.5535,0.64,0.5425,0.6392,0.5613,0.5425,0.6352,0.6313,0.62,0.624,0.62,0.5831,0.5342,0.5839,0.4748,0.4748,0,0,0,0,0,-0.0033,-0.1205,0.0004,-0.0961,-0.1098,-0.017,-0.0917,-0.0073,-0.0519,-0.0917,0.0133,0.0091,-0.0048,-0.0029,-0.11,-0.108,-0.0014,-0.0564,0.0012,0.0049,-0.0106,-0.0629,0.0035,-0.066,-0.0608,-0.002,-0.0596,0.0032,-0.0329,-0.0426,-0.0077,-0.0032,0.002,-0.0146,-0.0447,-0.0358,0.0001,-0.0121,0.0032,0.0045,0.0044,-0.2024,0.0052,-0.1817,-0.1791,-0.0148,-0.1606,0.007,-0.1228,-0.1606,0.0282,0.0084,0.0159,0.0123,-0.0161,-0.0058,0.0137,-0.0948,-0.0046,-0.1132,-0.0948,-0.001,-0.0995,0.0087,-0.0809,-0.088,0.0055,-0.003,-0.0155,0.0093,0.0053,-0.0233,0.0004,TRUE,TRUE
DTC_L_8,LanSi,1,CW_01,A,2026-03-24 09:17:11+08:00,ONLINE,FALSE,,CW_1_01,PASS,,,51.7682442,_2026032409171187202,T20260324091711,DESKTOP-P2DUL42,Loma,1,CW_1_01,2,paul di,2024.0718.155524,V20260126.2,CW_DTCL_DTCR_STC,T20260324091803,51.7682442,TRUE,TRUE,TRUE,TRUE,TRUE,TRUE,TRUE,4S2RND2HBL06DS,v1.0.1,2025_12_22,315.1691,321.2353,475.5778,300.237,296.0392,149.6078,149.9167,341.0486,334.6835,487.4532,-5.2228,0.4164,-0.0001,0,-0.2296,1.5593,-0.2188,1.5534,0.6661,154.3613,150.8555,148.8623,153.8447,151.981,0.8154,0.8081,0.8459,0.7822,0.7822,0.7912,0.7412,0.7974,0.7406,0.7406,0.8154,0.805,0.8153,0.7548,0.7,0.7131,0.7295,0.6853,0.6853,0.8101,0.3243,0.8288,0.7804,0.3243,0.8352,0.7971,0.7387,0.8439,0.8209,0.7488,0.7539,0.7871,0.7387,0,0,0,0,0,v1.0.1,2025_12_22,315.2,321.4143,476.7037,300.1407,296.0392,148.6078,148.6579,341.3684,334.7324,488.5704,-5.2334,0.5203,-0.0001,0,-0.2305,1.5599,-0.2187,1.554,0.6662,157.332,154.499,159.9395,158.7412,157.6279,0.6691,0.6801,0.6877,0.6857,0.6691,0.6582,0.6227,0.6625,0.6575,0.6227,0.6546,0.6547,0.6463,0.6375,0.6041,0.6153,0.6294,0.5943,0.5943,0.67,0.5113,0.6726,0.6476,0.5113,0.6512,0.6802,0.6117,0.6771,0.6794,0.6636,0.6655,0.635,0.6117,0,0,0,0,0,v1.0.1,2025_12_22,313.4,313.5,438.7117,298.8468,299.8917,182.1583,185.4333,328.3583,327.6667,444,-6.4793,-6.1273,-0.0001,-0.0001,-0.2159,1.5678,-0.2151,1.5614,0.6746,174.3145,173.7871,171.7529,174.3076,173.5405,0.7698,0.6731,0.7978,0.6612,0.6612,0.7317,0.6219,0.7363,0.6417,0.6219,0.7565,0.7482,0.7511,0.6807,0.6807,0.7377,0,0.7238,0.6336,0.6336,0,0,0,0,0,v1.0.1,2025_12_22,313.3056,313.537,439.4821,298.7589,299.6303,181.5378,184.4417,328.4167,327.6583,444.925,-6.5964,-6.0649,-0.0001,-0.0001,-0.2161,1.567,-0.2144,1.5615,0.6745,145.8086,142.3389,141.0234,143.875,143.2615,0.6522,0.5913,0.6657,0.5872,0.5872,0.623,0.5385,0.6216,0.5757,0.5385,0.6175,0.6146,0.6442,0.6014,0.6014,0.5789,0.5433,0.5811,0.5358,0.5358,0,0,0,0,0,-0.009,-0.0574,0.0049,-0.0394,-0.0394,0.0063,-0.0851,-0.0066,-0.0276,-0.0276,0.0061,-0.0053,0.0075,-0.0124,-0.1245,-0.0845,-0.0547,-0.0722,-0.0005,0.0158,-0.012,-0.0331,-0.0067,-0.0297,-0.012,-0.0114,-0.0613,0.005,-0.0092,-0.0348,0.006,-0.0062,-0.0193,-0.0043,-0.0671,-0.0464,-0.0273,-0.0367,-0.0106,-0.0047,-0.0093,-0.137,0.0023,-0.1323,-0.1179,-0.0026,-0.1549,-0.0131,-0.1022,-0.1124,-0.0046,-0.012,0.0075,-0.0056,0.0115,0.0065,-0.0028,-0.086,0.0007,-0.0881,-0.0678,-0.0132,-0.1091,-0.0007,-0.0829,-0.0838,-0.0137,-0.0165,0.0084,-0.0035,-0.0035,0.0037,0.0148,TRUE,TRUE
DTC_R_8,LanSi,1,CW_01,B,2026-03-24 09:17:11+08:00,ONLINE,FALSE,,CW_1_01,PASS,,,51.7692418,_2026032409171187201,T20260324091711,DESKTOP-P2DUL42,Loma,1,CW_1_01,1,paul di,2024.0718.155524,V20260126.2,CW_DTCL_DTCR_STC,T20260324091803,51.7692418,TRUE,TRUE,TRUE,TRUE,TRUE,TRUE,TRUE,4S2RND2HBL0DP6,v1.0.1,2025_12_22,314.9343,316.8467,474.6594,296.6594,295.0753,147.1986,149.1689,337.0676,335.3688,484.4752,-5.6586,-3.0505,-0.0001,0,-0.2252,1.5538,-0.2209,1.549,0.6642,153.917,151.6045,151.4541,153.8115,152.6968,0.8552,0.812,0.8662,0.8011,0.8011,0.815,0.7585,0.8284,0.7629,0.7585,0.8152,0.8155,0.81,0.8055,0.7487,0.7484,0.6981,0.6915,0.6915,0.8351,0.8167,0.8067,0.98,0.8067,0.837,0.7666,0.7707,0.8316,0.8222,0.7169,0.766,0.8325,0.7169,0,0,0,0,0,v1.0.1,2025_12_22,314.9507,316.7958,475.7606,296.5,294.9592,146.1633,148.0336,337.1745,335.5448,485.4069,-5.6502,-3.0919,-0.0001,0,-0.225,1.5537,-0.221,1.5487,0.6641,159.9385,153.8086,162.1523,162.7871,159.6716,0.7069,0.6877,0.7048,0.6765,0.6765,0.6776,0.6434,0.6661,0.6512,0.6434,0.6576,0.6509,0.6609,0.6658,0.6385,0.6475,0.5843,0.6075,0.5843,0.6828,0.6679,0.6674,0.4981,0.4981,0.6488,0.6554,0.6509,0.6789,0.6772,0.6519,0.6412,0.6756,0.6412,0,0,0,0,0,v1.0.1,2025_12_22,316.6604,328.0472,441.1532,312.7117,301.9919,195.0894,188,342.4127,331.3036,456.5,-3.6782,7.4522,0,0.0001,-0.222,1.5604,-0.2107,1.5568,0.6711,175.4492,175.3975,175.3594,176.582,175.697,0.7858,0.6968,0.8037,0.684,0.684,0.7469,0.6223,0.7721,0.6433,0.6223,0.7644,0.767,0.7513,0.7204,0.7204,0.7442,0.6698,0.7338,0,0.6698,0,0,0,0,0,v1.0.1,2025_12_22,316.6095,328.0857,441.8899,312.7248,301.918,194.3934,187.0726,342.5323,331.4513,457.3894,-3.7117,7.5251,0,0.0001,-0.2215,1.5608,-0.2105,1.556,0.6712,146.7998,141.0576,142.7031,145.3076,143.967,0.6525,0.5875,0.6751,0.5992,0.5875,0.6385,0.5707,0.6422,0.56,0.56,0.6282,0.6225,0.6362,0.6131,0.6131,0.6175,0.5567,0.5944,0.5286,0.5286,0,0,0,0,0,-0.0084,-0.0623,0.0001,-0.0685,-0.0625,-0.0129,-0.0521,0.0039,-0.0577,-0.0521,-0.0019,0.0055,0.0014,-0.0018,-0.0588,-0.0633,-0.0983,-0.1306,-0.0044,0.0051,-0.0025,-0.0238,-0.0049,-0.0528,-0.0329,0.0045,-0.0378,0.0019,-0.0228,-0.0208,-0.001,-0.0072,0.0023,-0.0032,-0.0186,-0.0153,-0.0464,-0.0345,0.005,0.0151,-0.0006,-0.1129,0.0035,-0.1272,-0.1024,-0.0199,-0.1314,0.0112,-0.1354,-0.1314,0.0136,0.0125,0.0171,-0.0074,-0.0073,-0.0004,0.0004,-0.0608,0.0081,-0.0731,-0.0608,-0.0025,-0.0713,0.0117,-0.0822,-0.0705,-0.0015,-0.0118,0.0007,-0.0016,-0.0016,0.0111,0.0109,TRUE,TRUE
DTC_L_9,LanSi,1,CW_01,B,2026-03-24 09:18:55+08:00,ONLINE,FALSE,,CW_1_01,PASS,,,51.350915,_2026032409185559302,T20260324091855,DESKTOP-P2DUL42,Loma,1,CW_1_01,2,paul di,2024.0718.155524,V20260126.2,CW_DTCL_DTCR_STC,T20260324091946,51.350915,TRUE,TRUE,TRUE,TRUE,TRUE,TRUE,TRUE,4S2RND2HBL06DS,v1.0.1,2025_12_22,314.0368,322.8088,474.2148,302.2222,294.8543,152,148.0397,342.5232,333.2391,489.2029,-6.6231,2.2514,-0.0001,0,-0.2273,1.5584,-0.2177,1.5554,0.6672,154.335,149.9941,148.041,153.2188,151.3972,0.8229,0.7809,0.8397,0.7929,0.7809,0.7786,0.7636,0.794,0.7464,0.7464,0.8276,0.7932,0.8007,0.7614,0.7931,0.66,0.7655,0.6867,0.66,0.8199,0.4934,0.8283,0.7983,0.4934,0.8339,0.7709,0.7818,0.8239,0.8259,0.7775,0.8016,0.7646,0.7646,0,0,0,0,0,v1.0.1,2025_12_22,314.0429,322.8929,475.3235,302.1618,294.6863,150.9281,146.9732,342.6711,333.3901,490.2482,-6.6168,2.2804,-0.0001,0,-0.2273,1.5582,-0.2173,1.5552,0.6672,157.6611,154.0518,159.668,158.6387,157.5049,0.6918,0.6742,0.6977,0.6879,0.6742,0.6606,0.6326,0.6554,0.6445,0.6326,0.6518,0.6391,0.6351,0.6458,0.6471,0.597,0.6349,0.6137,0.597,0.6839,0.5313,0.6738,0.6504,0.5313,0.6607,0.6602,0.6309,0.6826,0.6767,0.6573,0.6742,0.6353,0.6309,0,0,0,0,0,v1.0.1,2025_12_22,312.233,315,437.4522,300.6174,298.4355,183.9677,183.878,329.5447,326.5,445.5,-7.8003,-4.574,-0.0001,0,-0.2138,1.5654,-0.2123,1.5614,0.6751,174.8008,173.4014,171.1543,173.6191,173.2439,0.777,0.6583,0.7959,0.6619,0.6583,0.7352,0.6375,0.7477,0.64,0.6375,0.7726,0.7459,0.7541,0.6927,0.6927,0.7373,0,0.7255,0.6844,0.6844,0,0,0,0,0,v1.0.1,2025_12_22,312.1524,315,438.3826,300.5478,298.2787,183.1475,183.04,329.616,326.5,446.3898,-7.8293,-4.5598,-0.0001,0,-0.2135,1.5654,-0.2122,1.5615,0.6753,146.5166,141.8535,140.9814,143.9463,143.3245,0.6508,0.5652,0.6714,0.5928,0.5652,0.6297,0.5437,0.6196,0.5773,0.5437,0.6283,0.635,0.646,0.6114,0.6114,0.5875,0.546,0.5653,0.57,0.546,0,0,0,0,0,-0.0015,-0.0846,-0.0013,-0.0287,-0.0407,-0.0063,-0.0627,-0.01,-0.0218,-0.0218,0.0183,-0.0171,-0.0071,-0.0058,-0.0314,-0.1376,-0.0187,-0.0708,0.0093,0.0153,0.0107,-0.039,0.0033,-0.0275,-0.0069,-0.009,-0.0514,-0.0021,-0.0222,-0.0249,0.0032,-0.0218,-0.0305,0.004,-0.0241,-0.0647,-0.0218,-0.0173,0.0033,-0.0035,-0.0021,-0.1518,0.0004,-0.1316,-0.1208,0.0009,-0.1393,-0.0017,-0.1039,-0.0968,0.0115,-0.0143,0.0105,0.0064,0.0111,0.0082,-0.0042,-0.1121,0.0064,-0.0825,-0.0898,-0.0065,-0.1039,-0.0027,-0.0813,-0.0786,-0.0029,0.0039,0.0102,0.0065,0.0065,0.0123,-0.001,TRUE,TRUE
DTC_R_9,LanSi,1,CW_01,C,2026-03-24 09:18:55+08:00,ONLINE,FALSE,,CW_1_01,FAIL,SFR_VIS_25cm_Ny4_01F_ROI4_Dev,Dev,51.230237,_2026032409185572201,T20260324091855,DESKTOP-P2DUL42,Loma,1,CW_1_01,1,paul di,2024.0718.155524,V20260126.2,CW_DTCL_DTCR_STC,T20260324091946,51.230237,TRUE,TRUE,TRUE,TRUE,TRUE,TRUE,TRUE,4S2RND2HBL0DP6,v1.0.1,2025_12_22,315.1691,317.7647,475.5344,298.1298,295.4257,149.3649,149.2905,338,335.9796,485.3197,-5.2201,-1.7842,-0.0001,0,-0.2213,1.5536,-0.2209,1.5467,0.6645,153.498,150.5986,150.5703,153.2295,151.9741,0.8658,0.7725,0.8782,0.7449,0.7449,0.8148,0.74,0.8234,0.746,0.74,0.8202,0.8059,0.8094,0.8062,0.7146,0.7231,0.7473,0.705,0.705,0.8225,0.7899,0.8146,0.4949,0.4949,0.8355,0.7511,0.7547,0.8204,0.7692,0.6837,0.8375,0.8333,0.6837,0,0,0,0,0,v1.0.1,2025_12_22,315.1679,317.7153,476.6765,298.0368,295.3046,148.3311,148.1438,338.1438,336.1007,486.3289,-5.2213,-1.7888,-0.0001,0,-0.2207,1.5535,-0.2212,1.5468,0.6646,159.4268,154.3545,162.6904,162.1621,159.6584,0.6925,0.6538,0.7034,0.6421,0.6421,0.6729,0.6346,0.6663,0.6489,0.6346,0.6625,0.6498,0.6472,0.6432,0.6055,0.6418,0.6145,0.6103,0.6055,0.6645,0.6538,0.6678,0.023,0.023,0.6568,0.6355,0.6352,0.6628,0.6479,0.5208,0.6536,0.6714,0.5208,0,0,0,0,0,v1.0.1,2025_12_22,316.934,328.9528,441.8716,313.9817,302.328,197.112,188.187,343.2683,331.6174,456.5826,-3.3124,8.4795,0,0.0001,-0.2187,1.5599,-0.2102,1.5557,0.6717,175.2734,174.4746,174.8496,176.2305,175.207,0.7903,0.6147,0.8121,0.5671,0.5671,0.76,0.598,0.7731,0.6269,0.598,0.7682,0.7594,0.7397,0.7411,0.7397,0.7418,0.6615,0.7421,0,0.6615,0,0,0,0,0,v1.0.1,2025_12_22,316.9223,328.9223,442.6239,313.9358,302.2903,196.2339,187.3967,343.3884,331.6897,457.5,-3.3154,8.4961,0,0.0001,-0.2181,1.5605,-0.2107,1.5559,0.6719,146.585,141.3438,143.2236,144.4717,143.906,0.6497,0.5463,0.671,0.5171,0.5171,0.6386,0.5548,0.6345,0.5426,0.5426,0.6352,0.6199,0.6318,0.6281,0.6199,0.5935,0.5391,0.5901,0.2753,0.2753,0,0,0,0,0,0.0022,-0.1018,0.0121,-0.1247,-0.1187,-0.0131,-0.0706,-0.0011,-0.0746,-0.0706,0.0031,-0.0041,0.0008,-0.0011,-0.0929,-0.0886,-0.0491,-0.1171,-0.017,0.013,-0.0169,-0.0577,-0.0063,-0.0872,-0.0673,-0.0002,-0.0466,0.0021,-0.0251,-0.0296,0.0039,-0.0083,-0.0114,-0.0258,-0.0516,-0.021,-0.0162,-0.0317,-0.0133,0.0155,0.0039,-0.195,0.0119,-0.2441,-0.2193,-0.0068,-0.1557,0.0122,-0.1518,-0.1557,0.0174,0.0049,0.0055,0.0133,-0.0097,0.0079,-0.0024,-0.102,0.004,-0.1552,-0.1312,-0.0024,-0.0872,0.004,-0.0996,-0.0879,0.0055,-0.0144,-0.0037,0.0134,0.0052,-0.0129,0.0066,TRUE,TRUE
DTC_R_10,LanSi,1,CW_01,A,2026-03-24 09:20:39+08:00,ONLINE,FALSE,,CW_1_01,PASS,,,51.6344925,_2026032409203920401,T20260324092039,DESKTOP-P2DUL42,Loma,1,CW_1_01,1,paul di,2024.0718.155524,V20260126.2,CW_DTCL_DTCR_STC,T20260324092130,51.6344925,TRUE,TRUE,TRUE,TRUE,TRUE,TRUE,TRUE,4S2RND2HBL0DP6,v1.0.1,2025_12_22,314.8478,316.2391,474.6963,296.1778,295.0408,146.8367,149.2632,336.6513,335.292,484,-5.672,-3.519,-0.0001,0,-0.2243,1.5539,-0.2221,1.549,0.6641,154.6475,152.3232,151.8721,154.6758,153.3796,0.8495,0.8207,0.8662,0.7932,0.7932,0.8023,0.7256,0.8167,0.7612,0.7256,0.8135,0.8107,0.8059,0.8039,0.746,0.7394,0.719,0.7215,0.719,0.8553,0.8121,0.8059,0.98,0.8059,0.8288,0.7806,0.7784,0.832,0.8045,0.8595,0.733,0.8394,0.733,0,0,0,0,0,v1.0.1,2025_12_22,314.8936,316.3191,475.7353,296.1103,295.0068,145.8041,148.0952,336.7619,335.4928,484.9203,-5.6553,-3.5169,-0.0001,0,-0.2245,1.5542,-0.2214,1.5487,0.6642,159.0898,154.3779,162.3359,162.2109,159.5037,0.7015,0.6826,0.7137,0.6777,0.6777,0.6736,0.6361,0.6681,0.6469,0.6361,0.6508,0.6419,0.6544,0.6593,0.6374,0.6291,0.6066,0.6017,0.6017,0.694,0.6612,0.6602,0.2516,0.2516,0.6728,0.6471,0.6688,0.6701,0.6681,0.6136,0.6472,0.6881,0.6136,0,0,0,0,0,v1.0.1,2025_12_22,316.8037,327.757,441.2301,312.4602,302.0492,195,188.1452,342.1855,331.2672,455.8966,-3.6009,7.1598,0,0.0001,-0.2218,1.5596,-0.2112,1.5579,0.6711,175.1025,175.1074,175.0537,176.3223,175.3965,0.7876,0.6894,0.8111,0.6228,0.6228,0.7505,0.6302,0.76,0.6345,0.6302,0.7524,0.7495,0.7449,0.721,0.721,0.7491,0.6591,0.7243,0,0.6591,0,0,0,0,0,v1.0.1,2025_12_22,316.7075,327.8868,442.0818,312.4273,301.8862,194.2683,187.2195,342.3252,331.4035,456.6316,-3.6403,7.2078,0,0.0001,-0.2222,1.5598,-0.2105,1.5566,0.6709,146.3955,141.4629,143.1201,144.5107,143.8723,0.6484,0.5933,0.6735,0.5678,0.5678,0.6444,0.5679,0.6347,0.5493,0.5493,0.6421,0.6236,0.6292,0.6026,0.6026,0.6036,0.5573,0.5671,0.4128,0.4128,0,0,0,0,0,-0.0141,-0.0536,0.0001,-0.0764,-0.0704,-0.0256,-0.085,-0.0078,-0.0594,-0.085,-0.0036,0.0007,-0.0027,-0.0034,-0.0615,-0.0723,-0.0774,-0.1006,0.0158,0.0043,-0.0079,-0.0289,0.004,-0.0516,-0.0317,0.0005,-0.0451,0.0039,-0.0271,-0.0281,-0.0078,-0.0162,-0.0042,-0.0097,-0.0197,-0.0337,-0.0241,-0.0403,0.0162,0.0079,0.0012,-0.1203,0.0109,-0.1884,-0.1636,-0.0163,-0.1235,-0.0009,-0.1442,-0.1235,0.0016,-0.005,0.0107,-0.0068,-0.0024,-0.0099,-0.0037,-0.055,0.0065,-0.1045,-0.0805,0.0034,-0.0741,0.0042,-0.0929,-0.0812,0.0124,-0.0107,-0.0063,-0.0121,-0.0121,-0.0028,-0.0164,TRUE,TRUE
DTC_L_10,LanSi,1,CW_01,C,2026-03-24 09:20:39+08:00,ONLINE,FALSE,,CW_1_01,PASS,,,51.4893457,_2026032409203935702,T20260324092039,DESKTOP-P2DUL42,Loma,1,CW_1_01,2,paul di,2024.0718.155524,V20260126.2,CW_DTCL_DTCR_STC,T20260324092130,51.4893457,TRUE,TRUE,TRUE,TRUE,TRUE,TRUE,TRUE,4S2RND2HBL06DS,v1.0.1,2025_12_22,315.1679,322.2847,475.5362,301.4493,296.3514,151.5473,149.6871,342.0408,334.5338,487.9624,-5.2447,1.5569,-0.0001,0,-0.2287,1.5605,-0.2183,1.5539,0.6669,153.0996,148.8242,146.9678,152.0127,150.2261,0.819,0.7666,0.8368,0.7877,0.7666,0.7892,0.7349,0.7981,0.723,0.723,0.8172,0.8087,0.8121,0.7619,0.7272,0.7068,0.7481,0.6689,0.6689,0.8215,0.659,0.823,0.7691,0.659,0.8316,0.7206,0.7068,0.8345,0.8174,0.7666,0.7501,0.7768,0.7068,0,0,0,0,0,v1.0.1,2025_12_22,315.1679,322.2847,476.6331,301.4317,296.0592,150.5658,148.5,342.4133,334.6691,488.9265,-5.2941,1.6244,-0.0001,0,-0.2279,1.5595,-0.2197,1.5538,0.6664,158.8213,154.749,160.1719,160.2832,158.5063,0.6761,0.6573,0.6925,0.6949,0.6573,0.657,0.6206,0.6487,0.64,0.6206,0.6628,0.6499,0.6425,0.6374,0.6141,0.6214,0.6281,0.6026,0.6026,0.6864,0.4962,0.6769,0.6499,0.4962,0.6675,0.6145,0.6007,0.6937,0.6768,0.637,0.6578,0.639,0.6007,0,0,0,0,0,v1.0.1,2025_12_22,313.2056,314.5981,438.5221,299.9558,299.9667,183.9583,185.4538,329.3109,327.5,444.5,-6.5704,-5.0354,-0.0001,-0.0001,-0.2158,1.5693,-0.2141,1.5607,0.675,174.127,173.1152,171.1025,173.2842,172.9072,0.7837,0.6386,0.7876,0.6571,0.6386,0.739,0.6259,0.7431,0.6292,0.6259,0.7616,0.7767,0.7583,0.6884,0.6884,0.7186,0,0.7211,0.6438,0.6438,0,0,0,0,0,v1.0.1,2025_12_22,313.2075,314.5,439.4609,299.7739,299.7603,183.1157,184.4915,329.3475,327.569,445.431,-6.6022,-5.0664,-0.0001,-0.0001,-0.2156,1.5683,-0.2143,1.561,0.6748,147.7861,142.5752,141.5215,145.3809,144.3159,0.6538,0.5653,0.6618,0.5807,0.5653,0.6195,0.5475,0.6199,0.5596,0.5475,0.6252,0.647,0.6307,0.6005,0.6005,0.5716,0.4747,0.5823,0.5482,0.4747,0,0,0,0,0,-0.0054,-0.0989,-0.0042,-0.0339,-0.055,0.0043,-0.0914,-0.0059,-0.0452,-0.0452,0.0079,-0.0016,0.0043,-0.0053,-0.0973,-0.0908,-0.0361,-0.0886,0.0109,0.01,-0.005,-0.0559,-0.0019,-0.0205,-0.0238,-0.0126,-0.0634,-0.0088,-0.0267,-0.0369,0.0142,-0.011,-0.0231,-0.0044,-0.0571,-0.0403,-0.0286,-0.0284,0.0058,-0.0004,0.0046,-0.1715,-0.0079,-0.1364,-0.1405,0.0047,-0.1509,-0.0063,-0.1147,-0.1084,0.0005,0.0165,0.0147,0.0021,-0.0076,0.0038,-0.0012,-0.112,-0.0032,-0.0946,-0.0897,-0.0167,-0.1001,-0.0024,-0.099,-0.0748,-0.006,0.0159,-0.0051,-0.0044,-0.0044,-0.0036,0.016,TRUE,TRUE
DTC_R_11,LanSi,1,CW_01,B,2026-03-24 09:22:17+08:00,ONLINE,FALSE,,CW_1_01,FAIL,SFR_VIS_25cm_Ny4_01F_ROI2_Dev;SFR_VIS_25cm_Ny4_01F_Min_Dev,Dev,51.0614616,_2026032409221765801,T20260324092217,DESKTOP-P2DUL42,Loma,1,CW_1_01,1,paul di,2024.0718.155524,V20260126.2,CW_DTCL_DTCR_STC,T20260324092308,51.0614616,TRUE,TRUE,TRUE,TRUE,TRUE,TRUE,TRUE,4S2RND2HBL0DP6,v1.0.1,2025_12_22,314.9783,315.9565,475.2222,296.1333,295.2708,147.6597,149,336,335.6757,484.5,-5.4706,-3.4501,-0.0001,0,-0.2226,1.5537,-0.2197,1.5481,0.6649,154.2812,152.1611,151.8838,154.0127,153.0847,0.8659,0.7321,0.8663,0.7761,0.7321,0.8166,0.729,0.8217,0.7738,0.729,0.8133,0.8128,0.8015,0.807,0.7165,0.7249,0.8022,0.7824,0.7165,0.8376,0.8089,0.794,0.98,0.794,0.8469,0.7554,0.7491,0.8121,0.7842,0.7289,0.8022,0.8564,0.7289,0,0,0,0,0,v1.0.1,2025_12_22,315,315.9137,476.3235,296.0368,295.1081,146.7162,147.9792,336.0417,335.8867,485.5467,-5.4405,-3.449,-0.0001,0,-0.2221,1.5533,-0.2194,1.5478,0.6649,158.126,151.6855,160.001,160.8779,157.6726,0.6958,0.6303,0.6999,0.6699,0.6303,0.6713,0.6337,0.6722,0.6517,0.6337,0.6419,0.642,0.6486,0.6494,0.6265,0.6345,0.6362,0.6378,0.6265,0.6686,0.6483,0.6627,0.045,0.045,0.6577,0.6467,0.6481,0.6627,0.6494,0.6194,0.6339,0.6669,0.6194,0,0,0,0,0,v1.0.1,2025_12_22,316.8692,327.2991,441.5877,312.1579,302.2381,195.6667,188.04,341.384,331.4783,455.5478,-3.4574,6.9111,0,0.0001,-0.2203,1.5596,-0.2084,1.5569,0.6719,175.0215,174.9824,174.9795,175.9639,175.2368,0.8009,0.583,0.7991,0.633,0.583,0.7614,0.5943,0.7645,0.6614,0.5943,0.7538,0.7644,0.7581,0.7377,0.7377,0.7461,0.6227,0.733,0,0.6227,0,0,0,0,0,v1.0.1,2025_12_22,316.7664,327.3178,442.4234,312.1351,301.9667,194.9583,187.122,341.5447,331.5217,456.5478,-3.54,7.0008,0,0.0001,-0.2197,1.5589,-0.2088,1.5566,0.6718,145.2949,139.002,140.9932,143.3701,142.165,0.6607,0.511,0.661,0.5659,0.511,0.6397,0.5369,0.6371,0.5714,0.5369,0.6438,0.6242,0.629,0.6157,0.6157,0.5841,0.5427,0.5815,0.4002,0.4002,0,0,0,0,0,0.0023,-0.1422,0.0002,-0.0935,-0.1315,-0.0113,-0.0816,-0.0028,-0.0468,-0.0816,-0.0038,0.0028,-0.0071,-0.0003,-0.091,-0.0868,0.0058,-0.0397,-0.0019,-0.0076,-0.0136,-0.0812,-0.0098,-0.0594,-0.0791,-0.0018,-0.0475,0.008,-0.0223,-0.0305,-0.0167,-0.0161,-0.01,-0.0196,-0.0306,-0.0283,0.0055,-0.0042,-0.0092,0.0104,0.0145,-0.2267,-0.0011,-0.1782,-0.2034,-0.0054,-0.1594,0.0036,-0.1173,-0.1594,0.003,0.0099,0.0239,0.0099,-0.0054,-0.0012,0.0086,-0.1373,-0.006,-0.1064,-0.1373,-0.0013,-0.1051,0.0066,-0.0708,-0.0936,0.0141,-0.0101,-0.0065,0.001,0.001,-0.0223,-0.002,TRUE,TRUE
DTC_L_11,LanSi,1,CW_01,A,2026-03-24 09:22:17+08:00,ONLINE,FALSE,,CW_1_01,PASS,,,51.0195746,_2026032409221770802,T20260324092217,DESKTOP-P2DUL42,Loma,1,CW_1_01,2,paul di,2024.0718.155524,V20260126.2,CW_DTCL_DTCR_STC,T20260324092308,51.0195746,TRUE,TRUE,TRUE,TRUE,TRUE,TRUE,TRUE,4S2RND2HBL06DS,v1.0.1,2025_12_22,314,322.5,474.4394,301.8561,294.723,151.4189,148.0743,342.1959,333.259,489.1583,-6.6009,1.9258,-0.0001,0,-0.2275,1.5581,-0.2176,1.5552,0.6671,153.3525,149.1748,147.2246,152.4414,150.5483,0.8206,0.797,0.8353,0.8001,0.797,0.7831,0.7385,0.8019,0.7531,0.7385,0.8017,0.8003,0.8138,0.7744,0.7191,0.6872,0.7803,0.6809,0.6809,0.8262,0.98,0.832,0.8263,0.8262,0.8422,0.7544,0.6995,0.8352,0.8257,0.8191,0.8106,0.763,0.6995,0,0,0,0,0,v1.0.1,2025_12_22,314,322.5,475.6214,301.6143,294.56,150.4467,147.04,342.3733,333.3901,490.2482,-6.5777,1.9365,-0.0001,0,-0.228,1.5578,-0.218,1.5552,0.6668,158.9707,154.8438,160.543,160.4766,158.7085,0.69,0.6811,0.6997,0.6996,0.6811,0.6525,0.6196,0.6605,0.6552,0.6196,0.6572,0.6454,0.6584,0.6409,0.5988,0.6099,0.6477,0.6017,0.5988,0.6812,0.4343,0.6607,0.6787,0.4343,0.6569,0.6231,0.6142,0.6574,0.688,0.6856,0.6568,0.6252,0.6142,0,0,0,0,0,v1.0.1,2025_12_22,312.0952,314.7238,437.5487,300.2832,298.4839,183.8468,183.9113,329.371,326.4538,445.3697,-7.8014,-4.7811,-0.0001,0,-0.2141,1.5667,-0.2133,1.5608,0.675,174.4238,173.3828,171.2061,173.8418,173.2136,0.7812,0.6841,0.7919,0.6693,0.6693,0.741,0.6182,0.7468,0.6469,0.6182,0.77,0.7637,0.7615,0.6951,0.6951,0.7277,0,0.726,0.7267,0.726,0,0,0,0,0,v1.0.1,2025_12_22,312.0952,314.7238,438.4234,300.1351,298.3884,183.0909,183,329.4127,326.4167,446.1333,-7.8352,-4.8008,-0.0001,0,-0.2145,1.5665,-0.2128,1.5617,0.6753,147.6045,142.5957,141.7158,145.2852,144.3003,0.6571,0.5908,0.6772,0.6104,0.5908,0.6229,0.5308,0.6207,0.5661,0.5308,0.6277,0.6395,0.6302,0.6017,0.6017,0.5733,0.5126,0.587,0.5714,0.5126,0,0,0,0,0,-0.0038,-0.0685,-0.0057,-0.0215,-0.0246,-0.0018,-0.0878,-0.0021,-0.0151,-0.0297,-0.0076,-0.01,0.006,0.0072,-0.1054,-0.1104,-0.0039,-0.0766,0.0156,0.019,0.0089,-0.0321,0.0053,-0.0158,0,-0.0171,-0.0644,0.003,-0.0115,-0.0379,0.0086,-0.0155,-0.0072,-0.0009,-0.0724,-0.0518,-0.009,-0.0293,0.0006,-0.0166,0.0021,-0.126,-0.0036,-0.1242,-0.1098,0.0067,-0.1586,-0.0026,-0.097,-0.1161,0.0089,0.0035,0.0179,0.0088,0.0015,0.0087,0.0021,-0.0865,0.0122,-0.0649,-0.0642,-0.0133,-0.1168,-0.0016,-0.0925,-0.0915,-0.0035,0.0084,-0.0056,-0.0032,-0.0032,-0.0019,0.0207,TRUE,TRUE
DTC_R_12,LanSi,1,CW_01,C,2026-03-24 09:23:53+08:00,ONLINE,FALSE,,CW_1_01,FAIL,SFR_VIS_25cm_Ny4_01F_ROI4_Dev,Dev,51.9566813,_2026032409235365601,T20260324092353,DESKTOP-P2DUL42,Loma,1,CW_1_01,1,paul di,2024.0718.155524,V20260126.2,CW_DTCL_DTCR_STC,T20260324092445,51.9566813,TRUE,TRUE,TRUE,TRUE,TRUE,TRUE,TRUE,4S2RND2HBL0DP6,v1.0.1,2025_12_22,315.1324,317.4191,475.6316,297.8647,295.5,148.6081,149.5,337.7467,335.9195,485,-5.1633,-2.1723,-0.0001,0,-0.2207,1.5545,-0.2216,1.5469,0.6648,155.4141,153.001,153.1338,155.4824,154.2578,0.8645,0.7927,0.8669,0.7452,0.7452,0.824,0.7364,0.808,0.7133,0.7133,0.8107,0.8149,0.8118,0.8057,0.7123,0.7249,0.7543,0.7325,0.7123,0.8397,0.7803,0.8028,0.1169,0.1169,0.8364,0.7482,0.7519,0.8266,0.7949,0.7057,0.8347,0.8383,0.7057,0,0,0,0,0,v1.0.1,2025_12_22,315.1727,317.4532,476.6715,297.7445,295.3172,147.6621,148.2329,337.8699,336,486,-5.2211,-2.1541,-0.0001,0,-0.2209,1.5539,-0.2212,1.5473,0.6648,158.3096,152.1045,160.374,161.0488,157.9592,0.7034,0.6654,0.7039,0.6461,0.6461,0.6724,0.6245,0.6618,0.6245,0.6245,0.6448,0.6545,0.6613,0.6576,0.6227,0.6291,0.6253,0.6048,0.6048,0.6836,0.6537,0.6629,0.0599,0.0599,0.6492,0.6309,0.6508,0.6835,0.6564,0.5589,0.6509,0.6599,0.5589,0,0,0,0,0,v1.0.1,2025_12_22,317,328.6852,441.9459,313.7117,302.3492,196.4206,188.3468,343.0484,331.6667,456.4298,-3.2383,8.1591,0,0.0001,-0.2188,1.56,-0.2107,1.556,0.6716,175.9287,176.0439,176.3623,177.1846,176.3799,0.7867,0.6369,0.8098,0.5933,0.5933,0.7609,0.6082,0.7735,0.5906,0.5906,0.7541,0.7583,0.7394,0.7256,0.7256,0.7388,0.6474,0.7317,0,0.6474,0,0,0,0,0,v1.0.1,2025_12_22,316.9528,328.6981,442.7321,313.7321,302.2742,195.8548,187.3167,343.3167,331.8393,457.2143,-3.277,8.2632,0,0.0001,-0.2179,1.5602,-0.2118,1.555,0.6714,145.5098,139.4551,141.5361,143.4756,142.4941,0.6448,0.5556,0.6847,0.5234,0.5234,0.6356,0.5367,0.6394,0.5301,0.5301,0.623,0.6245,0.6276,0.6252,0.623,0.5949,0.543,0.5768,0.2636,0.2636,0,0,0,0,0,0.0009,-0.0816,0.0008,-0.1244,-0.1184,-0.0039,-0.0742,-0.0165,-0.1073,-0.0973,-0.0064,0.0049,0.0032,-0.0016,-0.0952,-0.0868,-0.0421,-0.0896,0.0002,0.0012,-0.006,-0.0461,-0.0058,-0.0832,-0.0633,-0.0007,-0.0567,-0.0024,-0.0495,-0.0397,-0.0138,-0.0036,0.0027,-0.0114,-0.0344,-0.0337,-0.0054,-0.0372,0.0058,0.0106,0.0003,-0.1728,0.0096,-0.2179,-0.1931,-0.0059,-0.1455,0.0126,-0.1881,-0.1631,0.0033,0.0038,0.0052,-0.0022,-0.0127,-0.0025,-0.0073,-0.0927,0.0177,-0.1489,-0.1249,-0.0054,-0.1053,0.0089,-0.1121,-0.1004,-0.0067,-0.0098,-0.0079,0.0105,0.0083,-0.0115,-0.0067,TRUE,TRUE
DTC_L_12,LanSi,1,CW_01,B,2026-03-24 09:23:53+08:00,ONLINE,FALSE,,CW_1_01,PASS,,,51.984607,_2026032409235363602,T20260324092353,DESKTOP-P2DUL42,Loma,1,CW_1_01,2,paul di,2024.0718.155524,V20260126.2,CW_DTCL_DTCR_STC,T20260324092445,51.984607,TRUE,TRUE,TRUE,TRUE,TRUE,TRUE,TRUE,4S2RND2HBL06DS,v1.0.1,2025_12_22,314.0217,322.9565,474.3165,302.4532,294.8067,151.7133,148.1342,342.6779,333.3571,489.4286,-6.5727,2.3459,-0.0001,0,-0.2267,1.5585,-0.2178,1.5547,0.6672,153.1631,149.3164,147.8203,152.6807,150.7451,0.8272,0.7922,0.8404,0.7716,0.7716,0.7881,0.7505,0.7968,0.7462,0.7462,0.822,0.8072,0.8123,0.7661,0.7378,0.7252,0.7529,0.6845,0.6845,0.8141,0.98,0.8243,0.8322,0.8141,0.8442,0.7786,0.7708,0.8467,0.8262,0.8133,0.7906,0.78,0.7708,0,0,0,0,0,v1.0.1,2025_12_22,314.0432,323,475.3571,302.4286,294.7171,150.7105,147.089,342.9315,333.6268,490.4437,-6.5334,2.4029,-0.0001,0,-0.2263,1.5586,-0.2183,1.5539,0.6669,158.2051,154.2119,159.835,159.0068,157.8147,0.6756,0.6672,0.6968,0.6958,0.6672,0.6584,0.632,0.6547,0.6433,0.632,0.6503,0.6381,0.6462,0.636,0.6186,0.6107,0.6381,0.6084,0.6084,0.6734,0.4864,0.6733,0.6919,0.4864,0.6658,0.6506,0.6416,0.6646,0.6657,0.6792,0.6621,0.6342,0.6342,0,0,0,0,0,v1.0.1,2025_12_22,312.2476,315.1714,437.4545,300.9818,298.3884,184.2893,183.8468,329.7258,326.5,445.6102,-7.8125,-4.3443,-0.0001,0,-0.2123,1.5648,-0.2124,1.5614,0.6754,174.5107,173.5723,171.4033,173.8965,173.3457,0.7798,0.6908,0.7988,0.6653,0.6653,0.7415,0.6334,0.7519,0.6503,0.6334,0.7642,0.7591,0.76,0.692,0.692,0.7403,0,0.7235,0.7019,0.7019,0,0,0,0,0,v1.0.1,2025_12_22,312.25,315.1154,438.3596,300.7368,298.4068,183.5,183.1393,329.7131,326.547,446.5214,-7.7594,-4.3827,-0.0001,0,-0.213,1.5655,-0.2121,1.5619,0.6756,146.4229,142.0537,141.082,144.167,143.4314,0.6644,0.5827,0.6689,0.591,0.5827,0.63,0.5465,0.627,0.5723,0.5465,0.6374,0.6332,0.6298,0.6081,0.6081,0.6117,0.549,0.5717,0.5604,0.549,0,0,0,0,0,0.0028,-0.0733,-0.0006,-0.05,-0.05,0.0032,-0.0758,-0.0072,-0.022,-0.022,0.0127,-0.0031,0.0045,-0.0011,-0.0867,-0.0724,-0.0313,-0.073,0.0035,0.0113,-0.0055,-0.046,0.0024,-0.0196,-0.0139,-0.0112,-0.052,-0.0028,-0.0234,-0.0255,0.0017,-0.0228,-0.0194,-0.0058,-0.0526,-0.051,-0.0186,-0.0226,-0.0072,-0.004,0.0007,-0.1193,0.0033,-0.1282,-0.1138,0.0072,-0.1434,0.0025,-0.0936,-0.1009,0.0031,-0.0011,0.0164,0.0057,0.0141,0.0062,0.0094,-0.0946,0.0039,-0.0843,-0.0723,-0.0062,-0.1011,0.0047,-0.0863,-0.0758,0.0062,0.0021,-0.006,0.0032,0.0032,0.0365,0.0054,TRUE,TRUE
DTC_L_13,LanSi,1,CW_01,C,2026-03-24 09:25:32+08:00,ONLINE,FALSE,,CW_1_01,PASS,,,51.506731,_2026032409253299402,T20260324092532,DESKTOP-P2DUL42,Loma,1,CW_1_01,2,paul di,2024.0718.155524,V20260126.2,CW_DTCL_DTCR_STC,T20260324092624,51.506731,TRUE,TRUE,TRUE,TRUE,TRUE,TRUE,TRUE,4S2RND2HBL06DS,v1.0.1,2025_12_22,315.1397,322.3235,475.4851,301.6642,296.0927,151.596,149.6623,342.2781,334.4511,488,-5.3338,1.6724,-0.0001,0,-0.2276,1.5592,-0.2195,1.5542,0.6666,153.5996,149.9258,148.1631,152.9834,151.168,0.8189,0.7925,0.8527,0.7883,0.7883,0.7874,0.7475,0.7891,0.7425,0.7425,0.8183,0.8093,0.7982,0.7557,0.7251,0.706,0.7198,0.6858,0.6858,0.8192,0.4707,0.8259,0.7498,0.4707,0.8322,0.7862,0.7333,0.8483,0.8166,0.7505,0.7569,0.7853,0.7333,0,0,0,0,0,v1.0.1,2025_12_22,315.1259,322.3704,476.5957,301.5745,295.947,150.596,148.5168,342.4564,334.6423,489.073,-5.3344,1.714,-0.0001,0,-0.2276,1.5591,-0.2195,1.5537,0.6664,159.0986,155.0674,161.0469,160.5088,158.9304,0.6823,0.6728,0.7082,0.6971,0.6728,0.6586,0.6274,0.6482,0.6449,0.6274,0.6545,0.6438,0.6641,0.6344,0.6163,0.6186,0.6133,0.5999,0.5999,0.6914,0.4575,0.6808,0.6498,0.4575,0.6617,0.6532,0.6117,0.6796,0.664,0.659,0.663,0.6288,0.6117,0,0,0,0,0,v1.0.1,2025_12_22,313.217,314.5755,438.5179,300.2411,299.7213,183.9016,185.395,329.395,327.5214,444.6581,-6.6255,-4.9457,-0.0001,0,-0.2134,1.5674,-0.2149,1.5608,0.675,174.8213,174.0498,172.0811,174.2324,173.7961,0.7866,0.6834,0.7964,0.675,0.675,0.7278,0.6409,0.7368,0.642,0.6409,0.7543,0.7545,0.7534,0.6882,0.6882,0.731,0,0.7346,0.6425,0.6425,0,0,0,0,0,v1.0.1,2025_12_22,313.2,314.6286,439.2883,300.1532,299.7059,183.2017,184.4417,329.4917,327.547,445.5214,-6.6634,-4.9007,-0.0001,0,-0.2138,1.568,-0.2144,1.5611,0.6752,147.5625,143.0039,142.0654,145.4893,144.5303,0.6602,0.5826,0.6689,0.5906,0.5826,0.6249,0.552,0.6149,0.5741,0.552,0.6296,0.6383,0.6299,0.5947,0.5947,0.5775,0.531,0.5894,0.5419,0.531,0,0,0,0,0,-0.0055,-0.073,0.0117,-0.0333,-0.0333,0.0025,-0.0788,-0.0149,-0.0257,-0.0257,0.009,-0.001,-0.0096,-0.0115,-0.0994,-0.0916,-0.0644,-0.0717,0.0086,0.0129,0.0012,-0.0404,0.0138,-0.0183,-0.0083,-0.011,-0.0566,-0.0093,-0.0218,-0.0301,0.0059,-0.0171,-0.0015,-0.0074,-0.0549,-0.0431,-0.0434,-0.0311,0.0108,0.0035,0.0075,-0.1267,0.0009,-0.1185,-0.1041,-0.0065,-0.1359,-0.0126,-0.1019,-0.0934,-0.0068,-0.0057,0.0098,0.0019,0.0048,0.0173,0.0052,-0.0947,0.0039,-0.0847,-0.0724,-0.0113,-0.0956,-0.0074,-0.0845,-0.0703,-0.0016,0.0072,-0.0059,-0.0102,-0.0102,0.0023,0.0231,TRUE,TRUE
DTC_R_13,LanSi,1,CW_01,A,2026-03-24 09:25:32+08:00,ONLINE,FALSE,,CW_1_01,FAIL,SFR_VIS_25cm_Ny4_01F_ROI2_Dev;SFR_VIS_25cm_Ny4_01F_ROI4_Dev;SFR_VIS_25cm_Ny4_01F_Min_Dev,Dev,51.7301337,_2026032409253279001,T20260324092532,DESKTOP-P2DUL42,Loma,1,CW_1_01,1,paul di,2024.0718.155524,V20260126.2,CW_DTCL_DTCR_STC,T20260324092624,51.7301337,TRUE,TRUE,TRUE,TRUE,TRUE,TRUE,TRUE,4S2RND2HBL0DP6,v1.0.1,2025_12_22,315.1533,316.8102,475.5489,297,295.411,148.3973,149.3129,336.9592,335.9605,485.5,-5.2227,-2.5667,-0.0001,0,-0.2224,1.5536,-0.2204,1.5476,0.6646,154.5518,153.1982,152.7383,155.2207,153.9272,0.8486,0.7522,0.8613,0.7433,0.7433,0.8198,0.722,0.8169,0.7769,0.722,0.8242,0.804,0.8102,0.8216,0.709,0.7114,0.7913,0.7802,0.709,0.8406,0.7964,0.8009,0.8194,0.7964,0.8518,0.7547,0.7491,0.827,0.7657,0.7424,0.8413,0.8525,0.7424,0,0,0,0,0,v1.0.1,2025_12_22,315.0791,316.8633,476.6277,296.9635,295.2568,147.3446,148.1655,337.0345,336,486.5,-5.2742,-2.5588,-0.0001,0,-0.222,1.5539,-0.2197,1.5476,0.6649,157.4004,152.502,160.915,161.166,157.9958,0.6935,0.659,0.7041,0.6495,0.6495,0.6801,0.6243,0.67,0.6574,0.6243,0.6677,0.664,0.6481,0.6519,0.6154,0.6211,0.6227,0.642,0.6154,0.6845,0.6497,0.6635,0.1311,0.1311,0.6466,0.6299,0.6538,0.6654,0.6289,0.6126,0.6442,0.6837,0.6126,0,0,0,0,0,v1.0.1,2025_12_22,316.8774,328.0472,441.8704,312.9259,302.315,196.0945,188.3417,342.275,331.6435,456.5217,-3.2904,7.6729,0,0.0001,-0.2199,1.5604,-0.2097,1.5558,0.6717,175.332,176.2178,176.1846,177.0537,176.197,0.7966,0.617,0.8107,0.6092,0.6092,0.7602,0.5875,0.7578,0.6659,0.5875,0.7696,0.7616,0.7456,0.7428,0.7428,0.7518,0.6457,0.7471,0,0.6457,0,0,0,0,0,v1.0.1,2025_12_22,317,328.0971,442.6759,312.9167,302.288,195.392,187.4622,342.3697,331.906,457.1282,-3.2336,7.6807,0,0.0001,-0.2197,1.5599,-0.2092,1.5553,0.6716,144.9229,139.4893,141.6592,143.8311,142.4756,0.6539,0.549,0.6757,0.5485,0.5485,0.6511,0.534,0.6522,0.5826,0.534,0.6401,0.6318,0.6134,0.6201,0.6134,0.5803,0.531,0.578,0.4027,0.4027,0,0,0,0,0,-0.015,-0.1221,-0.0048,-0.1263,-0.1203,-0.0081,-0.0886,-0.0076,-0.0437,-0.0886,0.0071,-0.006,0.0016,0.0143,-0.0985,-0.1003,-0.0051,-0.0419,0.0011,-0.0007,-0.0159,-0.0525,-0.0056,-0.0798,-0.0599,0.007,-0.0569,0.0058,-0.0166,-0.0399,0.0091,0.0059,-0.0105,-0.0171,-0.0417,-0.0417,-0.008,0,0.0067,0.0112,0.0102,-0.1927,0.0105,-0.202,-0.1772,-0.0066,-0.1662,-0.0031,-0.1128,-0.1662,0.0188,0.0071,0.0114,0.015,0.0003,0.0129,0.0018,-0.0993,0.0087,-0.1238,-0.0998,0.0101,-0.108,0.0217,-0.0596,-0.0965,0.0104,-0.0025,-0.0221,0.0054,-0.0013,-0.0261,-0.0055,TRUE,TRUE
DTC_R_14,LanSi,1,CW_01,C,2026-03-24 09:29:38+08:00,ONLINE,FALSE,,CW_1_01,PASS,,,51.2818998,_2026032409293807701,T20260324092938,DESKTOP-P2DUL42,Loma,1,CW_1_01,1,paul di,2024.0718.155524,V20260126.2,CW_DTCL_DTCR_STC,T20260324093029,51.2818998,TRUE,TRUE,TRUE,TRUE,TRUE,TRUE,TRUE,4S2RND2HBL0DP6,v1.0.1,2025_12_22,315.1397,316.6765,475.4511,297,295.3356,148.363,149.2781,336.6623,336,486.4145,-5.2591,-2.4768,-0.0001,0,-0.2216,1.5532,-0.2194,1.548,0.665,154.9443,152.4873,152.2207,154.8232,153.6189,0.8594,0.799,0.8635,0.7951,0.7951,0.8192,0.7961,0.8173,0.796,0.796,0.8238,0.8117,0.8007,0.8073,0.7615,0.7083,0.8092,0.8045,0.7083,0.8361,0.7978,0.8047,0.5257,0.5257,0.8375,0.7614,0.7168,0.837,0.7922,0.8758,0.8498,0.8383,0.7168,0,0,0,0,0,v1.0.1,2025_12_22,315.1679,316.7153,476.6296,296.9556,295.2148,147.3289,148.1497,336.8095,336.0196,487.4575,-5.2637,-2.4466,-0.0001,0,-0.2213,1.553,-0.2192,1.5488,0.6653,159.3408,154.2002,162.5752,162.1328,159.5623,0.7007,0.6759,0.7209,0.6752,0.6752,0.6817,0.6599,0.6697,0.6652,0.6599,0.661,0.6498,0.648,0.6535,0.6402,0.635,0.6347,0.6515,0.6347,0.6877,0.6663,0.6786,0.2303,0.2303,0.6565,0.6398,0.6408,0.677,0.6449,0.4809,0.6477,0.6705,0.4809,0,0,0,0,0,v1.0.1,2025_12_22,316.9714,327.8952,441.9174,312.9633,302.3622,196.1732,188.2927,342.1707,331.8966,457.181,-3.2119,7.7767,0,0.0001,-0.2184,1.5598,-0.21,1.5553,0.6717,176.04,175.3457,175.5254,177.0352,175.9866,0.8052,0.6343,0.8092,0.648,0.6343,0.7639,0.4664,0.763,0.6977,0.4664,0.7639,0.7735,0.748,0.7393,0.7393,0.7367,0.6357,0.7375,0,0.6357,0,0,0,0,0,v1.0.1,2025_12_22,316.9528,328.0283,442.7273,312.8364,302.2344,195.4219,187.3967,342.3884,332,458,-3.2378,7.835,0,0.0001,-0.2197,1.5597,-0.2099,1.555,0.6713,146.459,141.4199,143.2676,144.5488,143.9238,0.6583,0.5659,0.6656,0.569,0.5659,0.6378,0.435,0.64,0.5815,0.435,0.6339,0.637,0.6272,0.6173,0.6173,0.5913,0.5413,0.5724,0.1585,0.1585,0,0,0,0,0,-0.0042,-0.0753,-0.0026,-0.0745,-0.0685,-0.0087,-0.0145,-0.0072,-0.0246,-0.0146,0.0067,0.0017,-0.0079,0,-0.046,-0.1034,0.0128,-0.0176,-0.0034,0.0031,-0.0087,-0.0356,0.0112,-0.0541,-0.0342,0.0086,-0.0213,0.0055,-0.0088,-0.0043,0.0024,-0.0083,-0.0106,-0.0155,-0.0169,-0.0278,0.004,0.0095,0.0099,0.0263,0.0188,-0.1754,0.009,-0.1632,-0.1521,-0.0029,-0.2873,0.0021,-0.081,-0.2873,0.0131,0.019,0.0138,0.0115,-0.0148,0.0033,0.0062,-0.0824,-0.0014,-0.1033,-0.0824,-0.0032,-0.207,0.0095,-0.0607,-0.1955,0.0042,0.0027,-0.0083,0.0026,0.0026,-0.0151,-0.0111,TRUE,TRUE
DTC_L_14,LanSi,1,CW_01,B,2026-03-24 09:29:38+08:00,ONLINE,FALSE,,CW_1_01,PASS,,,51.2769129,_2026032409293809302,T20260324092938,DESKTOP-P2DUL42,Loma,1,CW_1_01,2,paul di,2024.0718.155524,V20260126.2,CW_DTCL_DTCR_STC,T20260324093029,51.2769129,TRUE,TRUE,TRUE,TRUE,TRUE,TRUE,TRUE,4S2RND2HBL06DS,v1.0.1,2025_12_22,314.1407,323.2741,474.3704,303.0444,294.8874,152.0662,148.0805,343.396,333.777,490.2302,-6.4488,2.9022,-0.0001,0,-0.2251,1.5583,-0.2201,1.5532,0.6666,153.7402,149.7031,148.1172,152.7646,151.0813,0.8252,0.7711,0.8503,0.7768,0.7711,0.7799,0.7412,0.802,0.7406,0.7406,0.8128,0.8177,0.8003,0.7762,0.7465,0.6982,0.7515,0.6985,0.6982,0.8206,0.6345,0.8246,0.822,0.6345,0.8345,0.7214,0.734,0.834,0.8227,0.8339,0.7969,0.7805,0.7214,0,0,0,0,0,v1.0.1,2025_12_22,314.1679,323.2847,475.437,302.9704,294.7032,151.0645,147,343.5,333.9155,491.2676,-6.4553,2.9174,-0.0001,0,-0.2248,1.5577,-0.2198,1.5533,0.6666,160.4834,156.1494,161.8604,161.374,159.9668,0.6825,0.6733,0.7059,0.6919,0.6733,0.6572,0.6274,0.6589,0.6447,0.6274,0.645,0.6479,0.6506,0.6408,0.6362,0.6181,0.6271,0.6206,0.6181,0.6784,0.4979,0.6618,0.6811,0.4979,0.6579,0.641,0.6068,0.6868,0.6855,0.6736,0.6596,0.6299,0.6068,0,0,0,0,0,v1.0.1,2025_12_22,312.3578,315.4679,437.5702,301.4298,298.5462,184.6303,183.9113,330.371,326.6667,446.175,-7.6896,-3.8852,-0.0001,0,-0.2111,1.5651,-0.215,1.5612,0.6751,174.749,173.9385,171.8779,174.124,173.6724,0.7791,0.648,0.8008,0.6726,0.648,0.7301,0.632,0.7461,0.6485,0.632,0.7533,0.7601,0.7382,0.6931,0.6931,0.7227,0,0.7258,0.7151,0.7151,0,0,0,0,0,v1.0.1,2025_12_22,312.4,315.5,438.3982,301.3009,298.561,183.9024,183.0726,330.4435,326.6891,446.9664,-7.6758,-3.8773,-0.0001,0,-0.2117,1.5655,-0.2145,1.562,0.6753,148.1338,143.3926,142.5176,145.6572,144.9253,0.6567,0.5616,0.6748,0.5961,0.5616,0.6249,0.5367,0.6305,0.564,0.5367,0.6314,0.638,0.6219,0.605,0.605,0.595,0.5137,0.5737,0.5842,0.5137,0,0,0,0,0,0.0008,-0.0944,0.0093,-0.0448,-0.0505,-0.005,-0.0851,-0.002,-0.0276,-0.0276,0.0035,0.0074,-0.0075,0.009,-0.078,-0.0994,-0.0327,-0.059,0.01,0.0116,0.0014,-0.0399,0.0115,-0.0235,-0.0078,-0.0124,-0.0566,0.0014,-0.022,-0.0301,-0.0036,-0.013,-0.015,-0.001,-0.035,-0.0436,-0.0296,-0.0104,-0.0022,-0.0155,0,-0.1621,0.0053,-0.1209,-0.1311,-0.0042,-0.1448,-0.0033,-0.0954,-0.1023,-0.0078,-0.0001,-0.0054,0.0068,-0.0035,0.0085,0.0017,-0.1157,0.0098,-0.0792,-0.0934,-0.0113,-0.1109,0.0082,-0.0946,-0.0856,0.0002,0.0069,-0.0139,0.0001,0.0001,0.0198,0.0074,TRUE,TRUE
DTC_R_15,LanSi,1,CW_01,A,2026-03-24 09:31:19+08:00,ONLINE,FALSE,,CW_1_01,PASS,,,51.3907493,_2026032409311973401,T20260324093119,DESKTOP-P2DUL42,Loma,1,CW_1_01,1,paul di,2024.0718.155524,V20260126.2,CW_DTCL_DTCR_STC,T20260324093211,51.3907493,TRUE,TRUE,TRUE,TRUE,TRUE,TRUE,TRUE,4S2RND2HBL0DP6,v1.0.1,2025_12_22,315,316.7778,475.3037,296.9185,295.1049,147.9091,149.0476,336.9524,335.7034,484.3379,-5.4681,-2.9209,-0.0001,0,-0.2227,1.553,-0.2205,1.5473,0.6643,154.9199,151.8174,151.3047,154.6465,153.1721,0.8612,0.7746,0.8582,0.75,0.75,0.8305,0.7354,0.8231,0.747,0.7354,0.8179,0.8132,0.8069,0.8065,0.7264,0.7214,0.7768,0.7468,0.7214,0.7103,0.7681,0.8015,0.98,0.7103,0.8429,0.7545,0.7599,0.8168,0.7949,0.6929,0.8325,0.8361,0.6929,0,0,0,0,0,v1.0.1,2025_12_22,314.9286,316.8071,476.3162,296.8088,295.0479,146.8836,148,337,335.7619,485.3946,-5.4891,-2.9212,-0.0001,0,-0.2228,1.5538,-0.2199,1.5473,0.6646,159.8789,154.668,162.9297,162.6221,160.0247,0.6903,0.6705,0.708,0.6618,0.6618,0.6818,0.6348,0.6831,0.6442,0.6348,0.6666,0.6442,0.6486,0.6446,0.6256,0.6288,0.6087,0.6154,0.6087,0.6134,0.6483,0.6671,0.3053,0.3053,0.6553,0.6498,0.6284,0.6656,0.6504,0.6353,0.6405,0.6675,0.6284,0,0,0,0,0,v1.0.1,2025_12_22,316.8491,327.9434,441.6727,312.8091,302.176,195.96,188,342.4127,331.5,455.5965,-3.4604,7.4443,0,0.0001,-0.2201,1.5596,-0.2113,1.556,0.671,175.7061,174.7754,174.4346,176.5762,175.373,0.793,0.6256,0.8105,0.5925,0.5925,0.7515,0.6159,0.7662,0.6129,0.6129,0.7668,0.7561,0.7496,0.7312,0.7312,0.6765,0.6469,0.7385,0,0.6469,0,0,0,0,0,v1.0.1,2025_12_22,316.8077,328.0385,442.5225,312.7928,302.0333,195.0417,187.1138,342.4146,331.5217,456.5478,-3.5002,7.4671,0,0.0001,-0.2202,1.5596,-0.2099,1.5563,0.6715,147.1064,141.6367,143.6064,145.126,144.3689,0.6585,0.5512,0.6675,0.5431,0.5431,0.637,0.5502,0.6438,0.5496,0.5496,0.6359,0.635,0.6375,0.6211,0.6211,0.5714,0.5268,0.5847,0.4818,0.4818,0,0,0,0,0,-0.0024,-0.0997,-0.0079,-0.1196,-0.1136,0.0026,-0.0752,-0.0014,-0.0736,-0.0752,0.0008,0.0032,-0.0017,-0.0008,-0.0811,-0.0903,-0.0196,-0.0753,-0.1292,-0.0001,-0.0191,-0.041,-0.0017,-0.0675,-0.0476,0.0087,-0.0464,0.0189,-0.0298,-0.0294,0.008,-0.0139,-0.01,-0.0244,-0.0315,-0.034,-0.022,-0.0266,-0.0644,0.0148,0.0066,-0.1841,0.0103,-0.2187,-0.1939,-0.0153,-0.1378,0.0053,-0.1658,-0.1408,0.016,0.0016,0.0154,0.0034,-0.075,0.0043,0.0064,-0.0971,0.0005,-0.1292,-0.1052,-0.004,-0.0918,0.0133,-0.0926,-0.0809,0.0062,0.0007,0.002,0.0064,0.0064,-0.035,0.0012,TRUE,TRUE
DTC_L_15,LanSi,1,CW_01,C,2026-03-24 09:31:19+08:00,ONLINE,FALSE,,CW_1_01,PASS,,,51.2475531,_2026032409311987802,T20260324093119,DESKTOP-P2DUL42,Loma,1,CW_1_01,2,paul di,2024.0718.155524,V20260126.2,CW_DTCL_DTCR_STC,T20260324093211,51.2475531,TRUE,TRUE,TRUE,TRUE,TRUE,TRUE,TRUE,4S2RND2HBL06DS,v1.0.1,2025_12_22,314.1103,323.1691,474.3409,302.9394,294.7619,152.3946,148.1319,343,333.3688,489.4752,-6.5572,2.6956,-0.0001,0,-0.2251,1.5575,-0.2184,1.555,0.6672,153.4785,149.8164,147.9033,152.4766,150.9187,0.8304,0.7753,0.8559,0.775,0.775,0.7819,0.7602,0.799,0.7377,0.7377,0.8167,0.8178,0.8116,0.7724,0.7339,0.7197,0.7478,0.689,0.689,0.816,0.98,0.8107,0.8252,0.8107,0.835,0.7954,0.7469,0.8341,0.8285,0.8319,0.7809,0.7647,0.7469,0,0,0,0,0,v1.0.1,2025_12_22,314.0791,323.1367,475.4662,302.9098,294.56,151.4467,147.0336,343.1745,333.5915,490.5,-6.5539,2.7335,-0.0001,0,-0.2242,1.5571,-0.2189,1.5542,0.6671,159.0371,154.9961,160.875,159.8584,158.6917,0.6741,0.6611,0.7019,0.6931,0.6611,0.6652,0.6277,0.6563,0.658,0.6277,0.6428,0.6577,0.6645,0.6533,0.6143,0.6242,0.6272,0.595,0.595,0.6677,0.3299,0.6768,0.6856,0.3299,0.6705,0.6679,0.6239,0.6835,0.664,0.6869,0.6684,0.6386,0.6239,0,0,0,0,0,v1.0.1,2025_12_22,312.1714,315.4571,437.5478,301.3826,298.4194,184.8548,183.9106,330.0488,326.5,445.8136,-7.7902,-3.9886,-0.0001,0,-0.2113,1.5654,-0.2128,1.5608,0.6755,174.6982,174.0977,171.6953,173.9287,173.605,0.7914,0.6559,0.7971,0.6801,0.6559,0.7423,0.6394,0.7414,0.6466,0.6394,0.7619,0.7546,0.759,0.6931,0.6931,0.7322,0,0.7194,0.7156,0.7156,0,0,0,0,0,v1.0.1,2025_12_22,312.1963,315.3738,438.3304,301.2321,298.4344,184.0738,183.0992,330.0992,326.5508,446.5763,-7.7778,-4.029,-0.0001,0,-0.2111,1.5658,-0.2131,1.5613,0.6757,147.1807,142.4287,141.8984,145.1484,144.1641,0.6588,0.571,0.6584,0.6083,0.571,0.6254,0.5455,0.6139,0.5844,0.5455,0.6327,0.63,0.6379,0.6117,0.6117,0.5797,0.5294,0.5822,0.5648,0.5294,0,0,0,0,0,0.006,-0.0902,0.0149,-0.0466,-0.0466,-0.003,-0.0661,-0.005,-0.0305,-0.0305,0.0074,0.0075,0.0038,0.0052,-0.0906,-0.0779,-0.0364,-0.0685,0.0054,-0.0023,-0.007,-0.0521,0.0075,-0.0223,-0.02,-0.0044,-0.0563,-0.0012,-0.0087,-0.0298,-0.0058,-0.0032,-0.0011,0.0115,-0.0569,-0.0375,-0.0295,-0.036,-0.0129,-0.0005,0.0123,-0.1542,0.0016,-0.1134,-0.1232,0.008,-0.1374,-0.008,-0.0973,-0.0949,0.0008,-0.0056,0.0154,0.0068,0.006,0.0021,0.0038,-0.1063,-0.0066,-0.067,-0.084,-0.0108,-0.1021,-0.0084,-0.0742,-0.0768,0.0015,-0.0011,0.0021,0.0068,0.0068,0.0045,0.0159,TRUE,TRUE
DTC_R_16,LanSi,1,CW_01,B,2026-03-24 09:32:51+08:00,ONLINE,FALSE,,CW_1_01,PASS,,,51.7516438,_2026032409325192801,T20260324093251,DESKTOP-P2DUL42,Loma,1,CW_1_01,1,paul di,2024.0718.155524,V20260126.2,CW_DTCL_DTCR_STC,T20260324093343,51.7516438,TRUE,TRUE,TRUE,TRUE,TRUE,TRUE,TRUE,4S2RND2HBL0DP6,v1.0.1,2025_12_22,314.9638,316.1159,474.7778,296.1333,295.0608,146.7027,149.1961,336.5359,335.2536,484.029,-5.6496,-3.5966,-0.0001,0,-0.2239,1.5533,-0.2221,1.55,0.6644,155.7725,153.1064,153.0469,155.8428,154.4421,0.858,0.8257,0.8702,0.8256,0.8256,0.7839,0.7469,0.8262,0.7219,0.7219,0.8022,0.806,0.8075,0.7974,0.749,0.7354,0.7235,0.6679,0.6679,0.8358,0.8183,0.8077,0.98,0.8077,0.8353,0.7623,0.78,0.8284,0.8003,0.839,0.722,0.8503,0.722,0,0,0,0,0,v1.0.1,2025_12_22,314.9574,316.156,475.9353,296.0647,294.9866,145.6779,148.0753,336.7192,335.4604,485.1007,-5.617,-3.5563,-0.0001,0,-0.2236,1.5537,-0.2221,1.5495,0.6644,158.3711,152.8818,161.1182,161.3145,158.4214,0.697,0.6792,0.7105,0.6904,0.6792,0.6541,0.6373,0.6668,0.6115,0.6115,0.648,0.6595,0.6563,0.6601,0.6389,0.6292,0.6225,0.5965,0.5965,0.6907,0.6581,0.6604,0.4096,0.4096,0.6526,0.6598,0.6689,0.6584,0.6664,0.6751,0.6195,0.6842,0.6195,0,0,0,0,0,v1.0.1,2025_12_22,316.8208,327.6792,441.2232,312.3661,302.0492,194.918,188.0492,342.0164,331.2456,456.1579,-3.6224,7.1275,0,0.0001,-0.222,1.5595,-0.2104,1.5585,0.6714,176.4414,176.248,176.2021,177.6816,176.6433,0.7911,0.6815,0.8064,0.6887,0.6815,0.7261,0.6462,0.7668,0.5835,0.5835,0.7543,0.7519,0.7348,0.7338,0.7338,0.7654,0.6746,0.7384,0,0.6746,0,0,0,0,0,v1.0.1,2025_12_22,316.785,327.7477,442.0642,312.3761,302.0168,194.0924,187.2195,342.3252,331.3333,456.8158,-3.6162,7.1714,0,0.0001,-0.2216,1.5602,-0.2115,1.558,0.6713,145.2305,139.9082,141.7568,143.5664,142.6155,0.6548,0.5865,0.6762,0.6071,0.5865,0.6081,0.5672,0.6472,0.5218,0.5218,0.6228,0.6317,0.6271,0.6261,0.6228,0.6071,0.5485,0.5691,0.475,0.475,0,0,0,0,0,-0.0056,-0.0486,0.0041,-0.044,-0.038,-0.044,-0.0637,0.0017,-0.0987,-0.0887,-0.0149,-0.004,-0.0011,-0.0099,-0.0585,-0.0763,-0.0729,-0.1542,-0.0037,0.0061,-0.0124,-0.0323,0.0008,-0.0389,-0.0302,-0.019,-0.0439,0.0026,-0.0625,-0.0527,-0.0106,0.0014,-0.0023,-0.0089,-0.0182,-0.0336,-0.0082,-0.0455,0.0129,0.0081,0.0047,-0.1282,0.0062,-0.1225,-0.1049,-0.0407,-0.1075,0.0059,-0.1952,-0.1702,0.0035,-0.0026,0.0006,0.006,0.0139,0.0042,0.0027,-0.0618,0.0092,-0.0652,-0.0618,-0.0329,-0.0748,0.0167,-0.1204,-0.1087,-0.0069,-0.0026,-0.0084,0.0114,0.0081,0.0007,-0.0144,TRUE,TRUE
DTC_L_16,LanSi,1,CW_01,A,2026-03-24 09:32:52+08:00,ONLINE,FALSE,,CW_1_01,PASS,,,51.6359532,_2026032409325204402,T20260324093252,DESKTOP-P2DUL42,Loma,1,CW_1_01,2,paul di,2024.0718.155524,V20260126.2,CW_DTCL_DTCR_STC,T20260324093343,51.6359532,TRUE,TRUE,TRUE,TRUE,TRUE,TRUE,TRUE,4S2RND2HBL06DS,v1.0.1,2025_12_22,315.2993,321.365,475.6978,300.3237,296.3311,149.6892,149.9603,341.4768,334.5821,487.9627,-5.1259,0.6635,-0.0001,0,-0.2299,1.5602,-0.2205,1.555,0.6662,153.7275,149.3936,148.0107,152.9199,151.0129,0.8357,0.8047,0.8562,0.8036,0.8036,0.783,0.7419,0.8028,0.7417,0.7417,0.8088,0.8104,0.7989,0.7612,0.7052,0.7201,0.7329,0.7066,0.7052,0.7969,0.98,0.8322,0.7954,0.7954,0.8412,0.7271,0.6857,0.8364,0.8114,0.7687,0.7718,0.7763,0.6857,0,0,0,0,0,v1.0.1,2025_12_22,315.2394,321.5,476.85,300.1643,296.1126,148.9338,148.755,341.6093,334.7609,488.9203,-5.1564,0.7255,-0.0001,0,-0.2307,1.5599,-0.2197,1.5542,0.6659,159.8301,155.5732,161.4121,160.833,159.4121,0.6752,0.6817,0.6988,0.6858,0.6752,0.6598,0.6292,0.6614,0.646,0.6292,0.6405,0.6524,0.6673,0.6286,0.6023,0.6166,0.6253,0.6085,0.6023,0.6626,0.3782,0.6656,0.6664,0.3782,0.6649,0.6217,0.5889,0.686,0.6646,0.6467,0.6617,0.6365,0.5889,0,0,0,0,0,v1.0.1,2025_12_22,313.6226,313.7264,438.7946,298.9196,300,182.1849,185.5,328.5,327.5948,444.4655,-6.3976,-5.9407,-0.0001,-0.0001,-0.2172,1.5671,-0.2143,1.5638,0.6748,175.1475,173.8545,172.3174,174.2773,173.8992,0.7719,0.6747,0.7887,0.6728,0.6728,0.7243,0.637,0.7539,0.6538,0.637,0.768,0.7499,0.7554,0.6875,0.6875,0.7052,0,0.7255,0.6573,0.6573,0,0,0,0,0,v1.0.1,2025_12_22,313.5093,313.6852,439.5841,298.7611,299.8403,181.5966,184.5372,328.4628,327.6807,445.2269,-6.4697,-5.9535,-0.0001,-0.0001,-0.2173,1.5672,-0.2136,1.563,0.6748,148.1924,143.2959,142.4854,145.8525,144.9565,0.6522,0.5844,0.675,0.5996,0.5844,0.6299,0.5422,0.6204,0.5803,0.5422,0.6244,0.6184,0.6419,0.6,0.6,0.5614,0.476,0.5805,0.5352,0.476,0,0,0,0,0,0.0113,-0.0608,0.0152,-0.018,-0.018,-0.0019,-0.0844,-0.0012,-0.0265,-0.0265,-0.0005,0.0001,-0.0089,-0.006,-0.1193,-0.0775,-0.0513,-0.0509,-0.0137,0.0192,-0.0059,-0.0315,0.0044,-0.0296,-0.0059,-0.0098,-0.0548,0.0039,-0.0207,-0.0283,-0.0081,-0.0085,0.0017,-0.0132,-0.0689,-0.0451,-0.0314,-0.0225,-0.018,-0.0117,-0.0072,-0.1354,-0.0068,-0.1207,-0.1063,-0.01,-0.1398,0.0045,-0.0901,-0.0973,0.0069,-0.0103,0.0118,0.0012,-0.021,0.0082,-0.0028,-0.0929,0.01,-0.0757,-0.0706,-0.0063,-0.1054,-0.0019,-0.0783,-0.0801,-0.0068,-0.0127,0.0061,-0.0049,-0.0049,-0.0138,0.0142,TRUE,TRUE
DTC_R_17,LanSi,1,CW_01,C,2026-03-24 09:34:34+08:00,ONLINE,FALSE,,CW_1_01,PASS,,,51.638603,_2026032409343489701,T20260324093434,DESKTOP-P2DUL42,Loma,1,CW_1_01,1,paul di,2024.0718.155524,V20260126.2,CW_DTCL_DTCR_STC,T20260324093526,51.638603,TRUE,TRUE,TRUE,TRUE,TRUE,TRUE,TRUE,4S2RND2HBL0DP6,v1.0.1,2025_12_22,314.927,316.7956,474.8,296.5857,295.1224,147.0816,149.2838,336.8311,335.3688,484.4752,-5.5996,-3.1462,-0.0001,0,-0.2252,1.5541,-0.2199,1.549,0.6645,154.4814,152.3291,151.585,154.002,153.0994,0.8547,0.8221,0.8741,0.818,0.818,0.8098,0.733,0.8113,0.7473,0.733,0.8076,0.8099,0.8171,0.802,0.7406,0.719,0.7257,0.6947,0.6947,0.8426,0.8055,0.8082,0.98,0.8055,0.8425,0.7776,0.7666,0.8255,0.8054,0.8063,0.7499,0.8493,0.7499,0,0,0,0,0,v1.0.1,2025_12_22,314.8921,316.777,475.8,296.4143,295.0069,146.0966,148,337,335.5172,485.4552,-5.6568,-3.1514,-0.0001,0,-0.2254,1.5543,-0.2201,1.5486,0.6644,158.4404,151.9932,159.9941,160.7305,157.7896,0.6929,0.6905,0.7122,0.677,0.677,0.6836,0.6316,0.6597,0.638,0.6316,0.6571,0.6622,0.6363,0.6557,0.6333,0.6355,0.609,0.6056,0.6056,0.6848,0.6539,0.6663,0.4082,0.4082,0.6521,0.6533,0.6599,0.6614,0.6488,0.6779,0.6372,0.6715,0.6372,0,0,0,0,0,v1.0.1,2025_12_22,316.8381,327.9143,441.4138,312.6552,302.2698,195.0794,188.1382,342.2358,331.4018,456.4018,-3.4877,7.3573,0,0.0001,-0.2214,1.561,-0.2103,1.5574,0.6717,176.3906,176.5869,176.1318,177.2158,176.5813,0.7733,0.7067,0.8136,0.6782,0.6782,0.7557,0.6383,0.7711,0.6252,0.6252,0.7471,0.7585,0.7483,0.7194,0.7194,0.745,0.6779,0.73,0,0.6779,0,0,0,0,0,v1.0.1,2025_12_22,316.8476,328,442.1607,312.5893,302.1148,194.2705,187.2459,342.4098,331.4602,457.3717,-3.5342,7.4283,0,0.0001,-0.2218,1.5606,-0.2102,1.5578,0.6716,145.5342,139.3613,140.9785,143.585,142.3647,0.6474,0.6126,0.6747,0.5991,0.5991,0.6387,0.5606,0.6409,0.5454,0.5454,0.6214,0.6346,0.6351,0.6001,0.6001,0.6174,0.5459,0.5808,0.495,0.495,0,0,0,0,0,-0.0089,-0.0522,0.008,-0.0516,-0.0456,-0.0181,-0.0776,-0.0132,-0.0733,-0.0776,-0.0095,-0.0001,0.0085,-0.0053,-0.0669,-0.0927,-0.0707,-0.1274,0.0031,0.0066,-0.0165,-0.021,0.0025,-0.0523,-0.0324,0.0105,-0.0496,-0.0045,-0.036,-0.0326,-0.0015,0.0041,-0.0223,-0.0133,-0.0238,-0.0273,-0.0217,-0.0364,0.007,0.014,-0.0131,-0.103,0.0134,-0.133,-0.1082,-0.0111,-0.1154,0.0102,-0.1535,-0.1285,-0.0037,0.004,0.0141,-0.0084,-0.0065,-0.0042,-0.0047,-0.0357,0.0077,-0.0732,-0.0492,-0.0023,-0.0814,0.0104,-0.0968,-0.0851,-0.0083,0.0003,-0.0004,-0.0146,-0.0146,0.011,-0.0027,TRUE,TRUE
DTC_L_17,LanSi,1,CW_01,B,2026-03-24 09:34:34+08:00,ONLINE,FALSE,,CW_1_01,PASS,,,51.638603,_2026032409343489702,T20260324093434,DESKTOP-P2DUL42,Loma,1,CW_1_01,2,paul di,2024.0718.155524,V20260126.2,CW_DTCL_DTCR_STC,T20260324093526,51.638603,TRUE,TRUE,TRUE,TRUE,TRUE,TRUE,TRUE,4S2RND2HBL06DS,v1.0.1,2025_12_22,314,323.7778,474.1655,303.3813,294.6,152.58,148.0533,343.5667,333.2963,489.8593,-6.677,3.133,-0.0001,0,-0.2261,1.5574,-0.2182,1.5546,0.6669,154.3711,150.5703,148.9873,153.7197,151.9121,0.822,0.7863,0.8379,0.7896,0.7863,0.7766,0.7389,0.8141,0.725,0.725,0.8044,0.7963,0.8029,0.7731,0.7554,0.7116,0.7203,0.6908,0.6908,0.8239,0.98,0.8171,0.8295,0.8171,0.8485,0.7795,0.7835,0.8423,0.8326,0.8319,0.7814,0.7848,0.7795,0,0,0,0,0,v1.0.1,2025_12_22,314.0426,323.844,475.1957,303.1667,294.4702,151.5894,146.9664,343.8255,333.3852,490.8741,-6.688,3.1599,-0.0001,0,-0.2271,1.5571,-0.2185,1.555,0.6666,158.6748,154.292,160.4746,159.9092,158.3376,0.6767,0.6631,0.6966,0.6896,0.6631,0.6662,0.6288,0.6575,0.6349,0.6288,0.6671,0.6512,0.6441,0.6266,0.6207,0.613,0.6037,0.6082,0.6037,0.6884,0.3923,0.6734,0.6784,0.3923,0.6568,0.6452,0.655,0.6872,0.681,0.6879,0.6695,0.6399,0.6399,0,0,0,0,0,v1.0.1,2025_12_22,312.1981,315.8491,437.5,301.6379,298.3902,185.187,183.878,330.5447,326.4538,446.3697,-7.816,-3.5823,-0.0001,0,-0.2124,1.565,-0.2135,1.5615,0.6751,174.6172,173.5088,172.0244,173.9365,173.5217,0.7823,0.652,0.7985,0.6708,0.652,0.7406,0.6385,0.7486,0.5975,0.5975,0.7699,0.7624,0.7567,0.696,0.696,0.7194,0,0.7295,0.7196,0.7194,0,0,0,0,0,v1.0.1,2025_12_22,312.1682,315.8037,438.3826,301.5478,298.3443,184.3115,183,330.5873,326.5366,447.0325,-7.8137,-3.6434,-0.0001,0,-0.212,1.5655,-0.2134,1.5612,0.6753,146.915,141.8242,141.7119,144.9053,143.8391,0.6573,0.5776,0.6641,0.5983,0.5776,0.6246,0.546,0.6335,0.5455,0.5455,0.6223,0.6216,0.6289,0.6001,0.6001,0.5917,0.5135,0.5693,0.5681,0.5135,0,0,0,0,0,-0.0024,-0.0792,-0.0031,-0.032,-0.0353,-0.0083,-0.0874,0.0101,-0.0432,-0.0432,-0.0049,-0.014,-0.0049,0.0059,-0.0691,-0.086,-0.0639,-0.0667,0.0133,0.0041,-0.0044,-0.0501,0.0022,-0.0258,-0.018,-0.0034,-0.0552,0,-0.0318,-0.0287,0.0185,-0.0097,-0.0215,-0.0152,-0.0505,-0.0487,-0.053,-0.0228,0.0078,-0.0039,0.0032,-0.1581,0.003,-0.1227,-0.1271,0.0063,-0.1383,-0.0008,-0.1464,-0.1368,0.0088,0.0022,0.0131,0.0097,-0.0068,0.0122,0.0023,-0.0997,-0.0009,-0.077,-0.0774,-0.0116,-0.1016,0.0112,-0.1131,-0.0768,-0.0089,-0.0095,-0.0069,-0.0048,-0.0048,0.0165,0.003,TRUE,TRUE
DTC_L_18,LanSi,1,CW_01,C,2026-03-24 09:36:13+08:00,ONLINE,FALSE,,CW_1_01,PASS,,,51.6323644,_2026032409361362802,T20260324093613,DESKTOP-P2DUL42,Loma,1,CW_1_01,2,paul di,2024.0718.155524,V20260126.2,CW_DTCL_DTCR_STC,T20260324093705,51.6323644,TRUE,TRUE,TRUE,TRUE,TRUE,TRUE,TRUE,4S2RND2HBL06DS,v1.0.1,2025_12_22,315.2222,321.1333,475.5821,299.9627,296.125,149.5789,149.8828,340.9172,334.6148,487.1259,-5.2146,0.2436,-0.0001,0,-0.2307,1.5594,-0.2186,1.554,0.666,153.4844,149.5205,147.7988,152.8701,150.9185,0.8216,0.8118,0.8472,0.7874,0.7874,0.7814,0.7334,0.8046,0.7323,0.7323,0.8096,0.8146,0.7992,0.752,0.7122,0.7057,0.7421,0.6828,0.6828,0.822,0.6563,0.8175,0.7647,0.6563,0.8345,0.7418,0.7141,0.8364,0.8148,0.7564,0.7635,0.7796,0.7141,0,0,0,0,0,v1.0.1,2025_12_22,315.1533,321.1898,476.7153,299.9343,296.0331,148.6026,148.7891,341.0748,334.8071,488.3214,-5.2004,0.3246,-0.0001,0,-0.2303,1.5599,-0.2184,1.5532,0.6661,159.9912,155.7549,161.3975,161.1719,159.5789,0.6908,0.6867,0.6946,0.6924,0.6867,0.6466,0.6253,0.6526,0.6478,0.6253,0.6508,0.6571,0.6533,0.6458,0.6117,0.6142,0.6217,0.5883,0.5883,0.6882,0.4931,0.6921,0.6642,0.4931,0.6582,0.6248,0.5946,0.6975,0.6712,0.652,0.6827,0.6436,0.5946,0,0,0,0,0,v1.0.1,2025_12_22,313.4074,313.4537,438.6754,298.6491,299.9068,182.1186,185.4127,328,327.6917,443.825,-6.4812,-6.2907,-0.0001,-0.0001,-0.2171,1.5678,-0.2126,1.5611,0.6748,174.9355,173.9258,171.7783,174.332,173.7429,0.7809,0.6875,0.795,0.672,0.672,0.7215,0.6178,0.7595,0.6331,0.6178,0.7553,0.7608,0.7355,0.6841,0.6841,0.7283,0,0.6985,0.6439,0.6439,0,0,0,0,0,v1.0.1,2025_12_22,313.3545,313.3636,439.5,298.5948,299.7167,181.4333,184.5289,328.1405,327.641,444.6838,-6.5518,-6.2568,-0.0001,-0.0001,-0.216,1.5673,-0.2137,1.5619,0.6749,148.167,143.3877,142.3008,145.7412,144.8992,0.6462,0.5821,0.6612,0.5948,0.5821,0.6095,0.5436,0.6223,0.5712,0.5436,0.6236,0.6268,0.6246,0.608,0.608,0.5861,0.5208,0.5918,0.546,0.5208,0,0,0,0,0,-0.0028,-0.0537,0.0062,-0.0342,-0.0342,-0.0035,-0.0929,0.0006,-0.0359,-0.0359,0.0003,0.0043,-0.0086,-0.0152,-0.1123,-0.0919,-0.0421,-0.0747,0.0114,0.0045,0.0097,-0.0265,0.0002,-0.023,0.0056,-0.023,-0.0587,-0.0049,-0.0189,-0.0322,0.0022,-0.0038,-0.0123,0.004,-0.0595,-0.0475,-0.035,-0.0427,0.0076,0.0148,0.0018,-0.1226,-0.0005,-0.1215,-0.1071,-0.0128,-0.159,0.0101,-0.1108,-0.1165,-0.0058,0.0006,-0.0081,-0.0022,0.0021,-0.0188,-0.0088,-0.0952,-0.0038,-0.0805,-0.0729,-0.0267,-0.104,0,-0.0874,-0.0787,-0.0076,-0.0043,-0.0112,0.0031,0.0031,0.0109,0.0255,TRUE,TRUE
DTC_R_18,LanSi,1,CW_01,A,2026-03-24 09:36:13+08:00,ONLINE,FALSE,,CW_1_01,PASS,,,51.7809667,_2026032409361350201,T20260324093613,DESKTOP-P2DUL42,Loma,1,CW_1_01,1,paul di,2024.0718.155524,V20260126.2,CW_DTCL_DTCR_STC,T20260324093705,51.7809667,TRUE,TRUE,TRUE,TRUE,TRUE,TRUE,TRUE,4S2RND2HBL0DP6,v1.0.1,2025_12_22,314.9118,317.5,474.8623,297.5797,295.2123,147.6438,149.2905,338,335.3239,485.5141,-5.5798,-2.2525,-0.0001,0,-0.2234,1.5548,-0.2226,1.5494,0.6645,156.5898,154.2041,153.8506,156.2539,155.2246,0.8568,0.8186,0.872,0.8061,0.8061,0.8225,0.7673,0.8241,0.7682,0.7673,0.8052,0.7995,0.8094,0.8095,0.7423,0.7746,0.727,0.7365,0.727,0.8328,0.8068,0.806,0.98,0.806,0.8425,0.7844,0.7821,0.8404,0.8124,0.8191,0.7619,0.8618,0.7619,0,0,0,0,0,v1.0.1,2025_12_22,314.8786,317.3643,475.8705,297.3165,295.0336,146.6644,148.0405,338.1284,335.5,486.5,-5.6354,-2.3053,-0.0001,0,-0.2234,1.5545,-0.2233,1.549,0.6642,159.1279,153.5908,161.8672,161.877,159.1157,0.7023,0.681,0.71,0.6849,0.681,0.6805,0.6504,0.6747,0.6457,0.6457,0.6503,0.6464,0.6596,0.6505,0.6321,0.6515,0.5963,0.6231,0.5963,0.6813,0.6604,0.6654,0.3197,0.3197,0.6309,0.6394,0.6503,0.6789,0.6617,0.6715,0.6495,0.68,0.6309,0,0,0,0,0,v1.0.1,2025_12_22,316.8426,328.75,441.3913,313.6087,302.189,195.9449,188.2195,343.3252,331.3805,457.5487,-3.4954,8.3355,0,0.0001,-0.2205,1.5604,-0.2123,1.5579,0.6714,177.4189,177.124,177.1211,178.3428,177.5017,0.7825,0.6845,0.8038,0.6781,0.6781,0.7526,0.6557,0.759,0.6405,0.6405,0.7736,0.7531,0.743,0.7295,0.7295,0.7509,0.6628,0.7372,0,0.6628,0,0,0,0,0,v1.0.1,2025_12_22,316.7048,328.8857,442.1982,313.5495,302.041,195.0328,187.4417,343.4167,331.4298,458.4386,-3.5369,8.3647,0,0.0001,-0.2211,1.5612,-0.2114,1.5571,0.6714,146.168,140.9346,142.4785,144.3877,143.4922,0.6456,0.5832,0.6806,0.5916,0.5832,0.6355,0.5828,0.6427,0.5516,0.5516,0.6318,0.626,0.6222,0.6087,0.6087,0.589,0.5405,0.5818,0.4599,0.4599,0,0,0,0,0,-0.0068,-0.0557,0.0059,-0.0635,-0.0575,-0.0054,-0.0433,-0.0004,-0.0524,-0.0433,-0.0119,-0.0105,0.0008,0.0022,-0.0652,-0.0371,-0.0694,-0.0856,-0.0067,0.0044,-0.0071,-0.0305,0.0003,-0.0444,-0.0284,0.0074,-0.0308,0.0105,-0.0283,-0.0185,-0.0083,-0.0117,0.001,-0.0185,-0.025,-0.0113,-0.0344,-0.0189,0.0035,0.0131,-0.0039,-0.1252,0.0036,-0.1331,-0.1083,-0.0142,-0.098,-0.0019,-0.1382,-0.1132,0.0228,-0.0014,0.0088,0.0017,-0.0006,0.003,-0.0065,-0.0651,0.0136,-0.0807,-0.0651,-0.0055,-0.0592,0.0122,-0.0906,-0.0789,0.0021,-0.0083,-0.0133,-0.006,-0.006,-0.0174,-0.0017,TRUE,TRUE
DTC_R_19,LanSi,1,CW_01,B,2026-03-24 09:37:49+08:00,ONLINE,FALSE,,CW_1_01,PASS,,,51.7237504,_2026032409374998001,T20260324093749,DESKTOP-P2DUL42,Loma,1,CW_1_01,1,paul di,2024.0718.155524,V20260126.2,CW_DTCL_DTCR_STC,T20260324093841,51.7237504,TRUE,TRUE,TRUE,TRUE,TRUE,TRUE,TRUE,4S2RND2HBL0DP6,v1.0.1,2025_12_22,314.9118,316.5,474.7778,296.1333,295.1544,147.2617,149.3506,336.6494,335.2979,484.2411,-5.6015,-3.3429,-0.0001,0,-0.2262,1.5541,-0.2206,1.5493,0.6642,155.1484,152.2988,151.9004,154.4102,153.4395,0.8639,0.8173,0.8682,0.8178,0.8173,0.82,0.7383,0.8202,0.7514,0.7383,0.8099,0.8116,0.8217,0.8052,0.7452,0.7068,0.7233,0.6923,0.6923,0.8356,0.7996,0.8062,0.98,0.7996,0.8444,0.7602,0.7737,0.8281,0.7958,0.7905,0.7051,0.8324,0.7051,0,0,0,0,0,v1.0.1,2025_12_22,314.8623,316.4203,475.8088,296.0956,295.1007,146.2349,148.0952,336.7619,335.5,485.2676,-5.6266,-3.3439,-0.0001,0,-0.2251,1.5547,-0.2209,1.5487,0.6643,158.2383,152.3809,160.209,160.4248,157.8132,0.6963,0.676,0.7055,0.6903,0.676,0.6795,0.6323,0.6722,0.6397,0.6323,0.6469,0.6561,0.6448,0.6548,0.6398,0.6207,0.6019,0.6059,0.6019,0.6876,0.6625,0.6733,0.3681,0.3681,0.6586,0.6471,0.657,0.6801,0.656,0.6244,0.6307,0.6753,0.6244,0,0,0,0,0,v1.0.1,2025_12_22,316.6239,327.789,441.1875,312.4286,302.065,195.1626,188.1452,342.1855,331.1081,456.3784,-3.6741,7.2888,0,0.0001,-0.2222,1.5609,-0.2111,1.5581,0.6715,175.9424,175.4922,175.334,176.6562,175.8562,0.794,0.6848,0.8039,0.6838,0.6838,0.7486,0.6252,0.7532,0.638,0.6252,0.752,0.7648,0.7462,0.7257,0.7257,0.7434,0.6648,0.7179,0,0.6648,0,0,0,0,0,v1.0.1,2025_12_22,316.5566,327.9245,441.9817,312.4495,301.9106,194.6829,187.1951,342.3577,331.1667,457.1053,-3.7379,7.404,0,0.0001,-0.2222,1.5608,-0.2106,1.5577,0.6714,145.6426,139.7295,141.042,143.209,142.4058,0.6498,0.587,0.6673,0.5938,0.587,0.6444,0.5585,0.634,0.5567,0.5567,0.6329,0.6357,0.6313,0.6164,0.6164,0.6091,0.538,0.5856,0.4802,0.4802,0,0,0,0,0,0.0003,-0.057,0.0021,-0.0518,-0.0463,-0.0079,-0.0723,-0.0043,-0.0692,-0.0723,-0.0072,0.0016,0.0131,-0.0021,-0.0623,-0.1049,-0.0731,-0.1298,-0.0039,0.0046,-0.0131,-0.0355,-0.0042,-0.039,-0.0334,0.0064,-0.0489,0.008,-0.0343,-0.0319,-0.0117,-0.002,-0.0138,-0.0142,-0.0173,-0.0421,-0.0288,-0.0361,0.0098,0.021,0.0076,-0.1249,0.0037,-0.1274,-0.1026,-0.0182,-0.1285,-0.0077,-0.1407,-0.1285,0.0012,0.0103,0.012,-0.0021,-0.0081,-0.0163,-0.0023,-0.0613,0.0003,-0.0785,-0.0613,0.0034,-0.0835,0.0035,-0.0855,-0.0738,0.0032,0.0014,-0.0042,0.0017,0.0017,0.0027,0.0021,TRUE,TRUE
DTC_L_19,LanSi,1,CW_01,A,2026-03-24 09:37:50+08:00,ONLINE,FALSE,,CW_1_01,PASS,,,51.4639122,_2026032409375024002,T20260324093750,DESKTOP-P2DUL42,Loma,1,CW_1_01,2,paul di,2024.0718.155524,V20260126.2,CW_DTCL_DTCR_STC,T20260324093841,51.4639122,TRUE,TRUE,TRUE,TRUE,TRUE,TRUE,TRUE,4S2RND2HBL06DS,v1.0.1,2025_12_22,314.2612,322.8955,474.292,302.6715,294.8792,152.0134,148.3072,342.6601,333.6296,488.9556,-6.4262,2.3392,-0.0001,0,-0.2252,1.5573,-0.218,1.5542,0.6671,153.3965,149.2646,147.5576,152.6943,150.7283,0.8206,0.7751,0.842,0.7783,0.7751,0.7721,0.7462,0.7855,0.7345,0.7345,0.803,0.811,0.8078,0.7727,0.7189,0.7028,0.7463,0.6646,0.6646,0.8201,0.98,0.7985,0.8344,0.7985,0.8297,0.7599,0.749,0.8273,0.833,0.8038,0.7776,0.7662,0.749,0,0,0,0,0,v1.0.1,2025_12_22,314.1884,322.942,475.3688,302.4752,294.8533,150.9733,147.2267,342.7333,333.7153,489.9343,-6.4295,2.3116,-0.0001,0,-0.2258,1.5583,-0.2175,1.5539,0.6672,159.2236,154.9902,160.7012,160.333,158.812,0.6859,0.662,0.7071,0.6875,0.662,0.6547,0.626,0.6393,0.6468,0.626,0.6413,0.6512,0.6492,0.6371,0.621,0.6241,0.6464,0.6153,0.6153,0.6807,0.3911,0.673,0.6824,0.3911,0.6679,0.6378,0.6218,0.672,0.6829,0.6773,0.6748,0.6217,0.6217,0,0,0,0,0,v1.0.1,2025_12_22,312.3366,315,437.4234,301.1351,298.4538,184.3697,184.122,329.6667,326.569,445.3276,-7.719,-4.4002,-0.0001,0,-0.2099,1.5644,-0.2134,1.5615,0.6757,174.4512,173.3838,171.332,173.752,173.2297,0.7766,0.6738,0.7972,0.6538,0.6538,0.7348,0.6408,0.7437,0.6439,0.6408,0.777,0.755,0.7647,0.697,0.697,0.7227,0,0.7167,0.7042,0.7042,0,0,0,0,0,v1.0.1,2025_12_22,312.2843,315.0196,438.2589,300.8929,298.4083,183.6083,183.1721,329.6557,326.6723,446.2101,-7.7408,-4.4227,-0.0001,0,-0.2112,1.5651,-0.2124,1.561,0.6757,147.7783,142.8311,141.8916,145.6641,144.5413,0.6493,0.5632,0.6657,0.5957,0.5632,0.6125,0.5473,0.6143,0.5726,0.5473,0.6345,0.6256,0.6441,0.5998,0.5998,0.5797,0.4981,0.5746,0.5678,0.4981,0,0,0,0,0,-0.0038,-0.0904,0.001,-0.0433,-0.0465,-0.0128,-0.0801,-0.0185,-0.0337,-0.0337,-0.0063,0.0007,0,0.0055,-0.1056,-0.0948,-0.0379,-0.0929,0.0095,-0.0145,0.0048,-0.0512,0.0127,-0.0279,-0.0191,-0.0149,-0.058,-0.0182,-0.0199,-0.0315,-0.0073,-0.0097,-0.0164,-0.0047,-0.0502,-0.0376,-0.0103,-0.0157,0.0001,-0.0043,-0.0025,-0.1363,0.0017,-0.1397,-0.1253,0.0005,-0.136,-0.0057,-0.1,-0.0935,0.0159,-0.0052,0.0211,0.0107,-0.0035,-0.0006,-0.0057,-0.1141,0.0007,-0.0796,-0.0918,-0.0237,-0.1003,-0.008,-0.086,-0.075,0.0033,-0.0055,0.0083,-0.0051,-0.0051,0.0045,0.0083,TRUE,TRUE
DTC_L_20,LanSi,1,CW_01,B,2026-03-24 09:39:31+08:00,ONLINE,FALSE,,CW_1_01,PASS,,,51.3971401,_2026032409393110002,T20260324093931,DESKTOP-P2DUL42,Loma,1,CW_1_01,2,paul di,2024.0718.155524,V20260126.2,CW_DTCL_DTCR_STC,T20260324094022,51.3971401,TRUE,TRUE,TRUE,TRUE,TRUE,TRUE,TRUE,4S2RND2HBL06DS,v1.0.1,2025_12_22,314.0896,323.403,474.1533,303.1898,294.7619,152.3946,148.1007,343.0872,333.4317,489.777,-6.5926,2.8703,-0.0001,0,-0.2251,1.5577,-0.2175,1.5545,0.6674,154.8311,150.6934,148.917,153.3018,151.9358,0.8081,0.7976,0.8453,0.8136,0.7976,0.7804,0.7562,0.801,0.7475,0.7475,0.8173,0.8161,0.8129,0.7654,0.7427,0.7117,0.7641,0.6802,0.6802,0.8279,0.98,0.8141,0.8441,0.8141,0.8459,0.8257,0.7607,0.8328,0.8264,0.815,0.776,0.7833,0.7607,0,0,0,0,0,v1.0.1,2025_12_22,314.0815,323.4519,475.3235,303.0368,294.5733,151.42,147.06,343.2133,333.6571,490.75,-6.5609,2.8744,-0.0001,0,-0.2254,1.5574,-0.2173,1.5538,0.6671,160.459,155.9248,161.9502,161.2744,159.9021,0.6716,0.6722,0.6988,0.7062,0.6716,0.6551,0.6337,0.6592,0.6464,0.6337,0.6379,0.6607,0.6551,0.6372,0.6351,0.6268,0.629,0.609,0.609,0.6816,0.2989,0.6664,0.6786,0.2989,0.6674,0.6578,0.6471,0.6652,0.6796,0.6669,0.6587,0.6377,0.6377,0,0,0,0,0,v1.0.1,2025_12_22,312.1333,315.6476,437.3826,301.5478,298.4538,184.6303,183.9355,329.7661,326.5,446,-7.819,-3.9816,-0.0001,0,-0.2116,1.5662,-0.2092,1.5605,0.6765,174.9473,173.9863,172.0703,173.7451,173.6873,0.7694,0.6829,0.7956,0.6746,0.6746,0.7366,0.6501,0.7437,0.6394,0.6394,0.7728,0.7615,0.7508,0.6939,0.6939,0.7188,0,0.7293,0.7211,0.7188,0,0,0,0,0,v1.0.1,2025_12_22,312.1333,315.6476,438.3621,301.5,298.2705,183.9262,183,330,326.5868,446.8926,-7.8295,-3.9067,-0.0001,0,-0.2111,1.5654,-0.2102,1.5606,0.6762,148.916,143.7529,143.0977,146.1123,145.4697,0.6382,0.5795,0.6708,0.5966,0.5795,0.6171,0.5539,0.6136,0.5746,0.5539,0.6383,0.6443,0.6309,0.6105,0.6105,0.5823,0.4428,0.5834,0.5736,0.4428,0,0,0,0,0,-0.0163,-0.0679,0.0043,-0.008,-0.024,-0.0045,-0.0701,-0.003,-0.0207,-0.0207,0.008,0.0058,0.0051,-0.0018,-0.0818,-0.0859,-0.0201,-0.0773,0.0173,0.0011,-0.0095,-0.041,0.0044,-0.0092,-0.0095,-0.0145,-0.0503,0.0017,-0.0203,-0.0238,-0.0107,-0.0002,-0.0105,-0.0046,-0.0361,-0.0349,-0.0277,-0.022,0.001,-0.0109,-0.0097,-0.1272,0.0001,-0.1189,-0.1045,0.0023,-0.1267,-0.0057,-0.1045,-0.0949,0.0117,0.0013,0.0072,0.0076,-0.0074,0.012,-0.0168,-0.0978,0.0058,-0.0787,-0.0755,-0.0191,-0.0937,-0.0087,-0.084,-0.0684,0.0071,0.0132,-0.0049,0.0056,0.0056,0.0071,0.0171,TRUE,TRUE
DTC_R_20,LanSi,1,CW_01,C,2026-03-24 09:39:31+08:00,ONLINE,FALSE,,CW_1_01,PASS,,,51.413097,_2026032409393110101,T20260324093931,DESKTOP-P2DUL42,Loma,1,CW_1_01,1,paul di,2024.0718.155524,V20260126.2,CW_DTCL_DTCR_STC,T20260324094022,51.413097,TRUE,TRUE,TRUE,TRUE,TRUE,TRUE,TRUE,4S2RND2HBL0DP6,v1.0.1,2025_12_22,314.8321,317.2847,474.8759,297.4672,295.1497,147.7347,149.2667,337.7733,335.2553,485.2553,-5.6241,-2.397,-0.0001,0,-0.2227,1.5547,-0.2226,1.5493,0.6647,153.8262,151.5078,151.2949,153.6016,152.5576,0.8561,0.8105,0.8615,0.8243,0.8105,0.8281,0.7617,0.8158,0.712,0.712,0.8228,0.8061,0.8074,0.8126,0.7446,0.7498,0.7284,0.7365,0.7284,0.8408,0.8114,0.8016,0.98,0.8016,0.8515,0.7775,0.7773,0.8307,0.8172,0.8284,0.7937,0.8229,0.7773,0,0,0,0,0,v1.0.1,2025_12_22,314.8921,317.223,475.9214,297.1857,295.0135,146.7162,148.0479,338,335.2979,486.2411,-5.6654,-2.4268,-0.0001,0,-0.2233,1.5542,-0.2234,1.5501,0.6644,160.3555,154.5713,163.0967,163.1533,160.2942,0.7085,0.6869,0.7101,0.6968,0.6869,0.6817,0.6541,0.6671,0.6185,0.6185,0.6487,0.6487,0.6577,0.6665,0.6326,0.6542,0.5848,0.6198,0.5848,0.6843,0.665,0.6688,0.2335,0.2335,0.6572,0.6503,0.6721,0.6659,0.6727,0.6559,0.6529,0.6892,0.6503,0,0,0,0,0,v1.0.1,2025_12_22,316.6126,328.5946,441.1875,313.4286,301.935,195.8374,188.0984,343.0984,331.1081,457.2162,-3.7117,8.135,0,0.0001,-0.2206,1.5602,-0.2119,1.5581,0.6714,175.5918,175.2852,175.4404,176.8232,175.7852,0.7843,0.6738,0.8058,0.7204,0.6738,0.7596,0.6553,0.764,0.5832,0.5832,0.7646,0.7742,0.7404,0.7199,0.7199,0.7351,0.6614,0.7231,0,0.6614,0,0,0,0,0,v1.0.1,2025_12_22,316.633,328.6881,442.0642,313.3761,301.8033,195.0082,187.1721,343.3443,331.0885,458,-3.7478,8.1833,0,0.0001,-0.221,1.5598,-0.2122,1.559,0.6714,147.2471,141.7246,143.333,145.1777,144.3706,0.6549,0.5748,0.6811,0.6122,0.5748,0.6362,0.5772,0.631,0.5395,0.5395,0.629,0.6373,0.6184,0.622,0.6184,0.5803,0.5522,0.5672,0.433,0.433,0,0,0,0,0,-0.0075,-0.0638,-0.0046,-0.0453,-0.0531,0.0002,-0.0489,-0.0087,-0.1086,-0.0986,0.0057,-0.0039,-0.0012,0.0053,-0.0629,-0.0619,-0.068,-0.0856,0.0013,0,-0.0009,-0.0246,0.0004,-0.0325,-0.0225,0.0086,-0.0271,0.0029,-0.0555,-0.0457,-0.0099,-0.0094,-0.0009,-0.0025,-0.0245,-0.0086,-0.0459,-0.0222,0.0065,0.0165,-0.0021,-0.1359,0.0056,-0.0908,-0.1126,-0.0072,-0.0984,0.0031,-0.1955,-0.1705,0.0138,0.0197,0.0062,-0.0079,-0.0164,-0.0111,0.0028,-0.0735,0.0141,-0.0601,-0.0735,-0.0048,-0.0648,0.0005,-0.1027,-0.091,-0.0007,0.003,-0.0171,0.0073,0.0037,-0.0261,-0.0163,TRUE,TRUE
DTC_L_21,LanSi,1,CW_01,C,2026-03-24 09:41:08+08:00,ONLINE,FALSE,,CW_1_01,PASS,,,51.5180012,_2026032409410844602,T20260324094108,DESKTOP-P2DUL42,Loma,1,CW_1_01,2,paul di,2024.0718.155524,V20260126.2,CW_DTCL_DTCR_STC,T20260324094159,51.5180012,TRUE,TRUE,TRUE,TRUE,TRUE,TRUE,TRUE,4S2RND2HBL06DS,v1.0.1,2025_12_22,314.1533,322.8102,474.2612,302.2313,294.8212,151.6689,148.245,342.3907,333.3235,489.0368,-6.5392,2.1276,-0.0001,0,-0.2273,1.5578,-0.217,1.5555,0.6672,154.5615,150.8555,148.5195,153.708,151.9111,0.8255,0.7692,0.8383,0.7876,0.7692,0.7836,0.7523,0.7925,0.7491,0.7491,0.8087,0.8112,0.8049,0.7597,0.7326,0.7116,0.7527,0.6837,0.6837,0.806,0.5176,0.832,0.8238,0.5176,0.8441,0.7752,0.7593,0.8548,0.8269,0.8058,0.7782,0.7751,0.7593,0,0,0,0,0,v1.0.1,2025_12_22,314.0719,322.8561,475.3481,302.1185,294.7171,150.7105,147.0397,342.5232,333.5474,489.9927,-6.5551,2.1402,-0.0001,0,-0.2274,1.5583,-0.2167,1.5543,0.6671,159.5049,155.4502,161.1689,160.8232,159.2368,0.6704,0.6679,0.6957,0.6935,0.6679,0.6631,0.628,0.6522,0.6503,0.628,0.6387,0.6477,0.6487,0.6465,0.606,0.6182,0.6345,0.5954,0.5954,0.6859,0.5281,0.6736,0.6866,0.5281,0.6605,0.6514,0.6356,0.6594,0.6707,0.673,0.6658,0.6336,0.6336,0,0,0,0,0,v1.0.1,2025_12_22,312.2913,314.9223,437.4522,300.6174,298.52,184.048,183.9758,329.4435,326.4957,445.4444,-7.753,-4.6049,-0.0001,0,-0.2133,1.5654,-0.2122,1.5619,0.6755,174.6602,173.792,171.6143,173.7861,173.4631,0.7726,0.6641,0.7933,0.6559,0.6559,0.7348,0.632,0.7479,0.6465,0.632,0.7607,0.752,0.7526,0.6931,0.6931,0.7245,0,0.7215,0.7018,0.7018,0,0,0,0,0,v1.0.1,2025_12_22,312.2843,314.9804,438.3621,300.5,298.3917,183.3417,183.1138,329.5854,326.4711,446.1074,-7.7754,-4.597,-0.0001,0,-0.2138,1.5651,-0.2121,1.5625,0.6754,147.8613,143.1367,142.3857,145.6133,144.7493,0.6532,0.5738,0.6781,0.5939,0.5738,0.6226,0.557,0.6203,0.5659,0.557,0.627,0.6264,0.6123,0.6176,0.6123,0.5862,0.5292,0.5806,0.576,0.5292,0,0,0,0,0,0.0011,-0.0963,-0.0027,-0.034,-0.0524,-0.0013,-0.074,-0.0115,-0.0191,-0.0191,-0.0006,0.0009,-0.0029,-0.0075,-0.0919,-0.086,-0.0315,-0.0738,-0.0046,0.019,-0.0107,-0.0453,0.0013,-0.0219,-0.0132,-0.0065,-0.056,-0.0053,-0.0164,-0.0295,-0.0099,-0.0132,-0.0169,0.0047,-0.0652,-0.0435,-0.0222,-0.0356,0.0053,-0.0037,-0.0065,-0.146,-0.0022,-0.1376,-0.1232,0.0005,-0.1448,-0.0015,-0.0974,-0.1023,-0.0004,-0.0082,0.009,0.0068,-0.0017,0.0042,-0.0018,-0.1035,0.0131,-0.0814,-0.0812,-0.0136,-0.0906,-0.002,-0.0927,-0.0653,-0.0042,-0.0047,-0.0235,0.0127,0.0074,0.011,0.0143,TRUE,TRUE
DTC_R_21,LanSi,1,CW_01,A,2026-03-24 09:41:08+08:00,ONLINE,FALSE,,CW_1_01,PASS,,,51.4072975,_2026032409410856501,T20260324094108,DESKTOP-P2DUL42,Loma,1,CW_1_01,1,paul di,2024.0718.155524,V20260126.2,CW_DTCL_DTCR_STC,T20260324094159,51.4072975,TRUE,TRUE,TRUE,TRUE,TRUE,TRUE,TRUE,4S2RND2HBL0DP6,v1.0.1,2025_12_22,314.9037,316.5481,474.6835,296.5468,295.1233,147.1301,149.1216,337.277,335.4275,484.7826,-5.6481,-3.0431,-0.0001,0,-0.224,1.5541,-0.2239,1.5489,0.6638,154.0684,151.7412,151.4922,154.0176,152.8298,0.8598,0.8242,0.8706,0.8191,0.8191,0.8172,0.7373,0.8112,0.7532,0.7373,0.8176,0.8054,0.8165,0.7919,0.7488,0.7256,0.729,0.674,0.674,0.8318,0.799,0.8058,0.98,0.799,0.8516,0.7689,0.7882,0.8319,0.815,0.8349,0.6893,0.8321,0.6893,0,0,0,0,0,v1.0.1,2025_12_22,314.8936,316.6809,475.7606,296.5,295.034,146.1769,147.9728,337.3741,335.7021,485.7589,-5.6274,-3.0019,-0.0001,0,-0.2243,1.5543,-0.2228,1.5478,0.6638,160.3984,154.4209,162.6816,163.0068,160.127,0.7024,0.6864,0.7131,0.6924,0.6864,0.6801,0.6441,0.671,0.6365,0.6365,0.6534,0.6526,0.6387,0.6531,0.6494,0.629,0.6011,0.5819,0.5819,0.6871,0.6584,0.6696,0.2137,0.2137,0.6662,0.653,0.6635,0.6828,0.6794,0.6259,0.6073,0.676,0.6073,0,0,0,0,0,v1.0.1,2025_12_22,316.7143,327.9429,441.2035,312.6195,302.0246,195.1311,187.9355,342.4274,331.3158,456.7632,-3.6613,7.4768,0,0.0001,-0.222,1.5601,-0.2115,1.5574,0.671,176.0234,175.9814,175.6602,177.0459,176.1777,0.7894,0.6205,0.8076,0.6995,0.6205,0.747,0.6442,0.7699,0.6132,0.6132,0.7459,0.7603,0.7544,0.7191,0.7191,0.7479,0.6731,0.7346,0,0.6731,0,0,0,0,0,v1.0.1,2025_12_22,316.6038,328,441.9273,312.7636,301.9597,194.5484,186.968,342.624,331.431,457.569,-3.722,7.601,0,0.0001,-0.2205,1.561,-0.2118,1.5563,0.6713,147.4082,141.5293,143.3398,145.4014,144.4197,0.6571,0.5495,0.6708,0.615,0.5495,0.6184,0.5565,0.6495,0.5374,0.5374,0.6193,0.6224,0.6298,0.6166,0.6166,0.6007,0.541,0.5894,0.4177,0.4177,0,0,0,0,0,-0.0038,-0.0501,0.0045,-0.0505,-0.0445,-0.0107,-0.0733,-0.0133,-0.0674,-0.0733,0.0005,-0.0046,0.0079,-0.0154,-0.0587,-0.0861,-0.0674,-0.1481,-0.0077,0.0042,-0.007,-0.0251,0.0034,-0.0369,-0.023,0.007,-0.0371,0.0068,-0.0375,-0.0277,-0.0052,-0.0055,-0.0199,-0.0159,-0.0077,-0.0338,-0.0296,-0.0601,0.0093,0.0173,0.003,-0.1892,0.0074,-0.1117,-0.1659,-0.0198,-0.1095,0.009,-0.1655,-0.1405,-0.0049,0.0058,0.0202,-0.0087,-0.0036,0.0004,0.005,-0.0988,0.0038,-0.0573,-0.0988,-0.0226,-0.0855,0.019,-0.1048,-0.0931,-0.0104,-0.0119,-0.0057,0.0019,0.0019,-0.0057,0.0059,TRUE,TRUE
DTC_L_22,LanSi,1,CW_01,A,2026-03-24 09:42:43+08:00,ONLINE,FALSE,,CW_1_01,PASS,,,52.0410873,_2026032409424355502,T20260324094243,DESKTOP-P2DUL42,Loma,1,CW_1_01,2,paul di,2024.0718.155524,V20260126.2,CW_DTCL_DTCR_STC,T20260324094335,52.0410873,TRUE,TRUE,TRUE,TRUE,TRUE,TRUE,TRUE,4S2RND2HBL06DS,v1.0.1,2025_12_22,314.1533,322.8102,474.3529,302.3088,294.8456,151.7383,148.2303,342.5658,333.3841,489.1739,-6.5068,2.2194,-0.0001,0,-0.2268,1.5579,-0.218,1.5552,0.6671,153.3906,145.1738,147.8945,152.9541,149.8533,0.8068,0.7702,0.807,0.7479,0.7479,0.7835,0.7466,0.7752,0.7292,0.7292,0.805,0.8125,0.7799,0.7646,0.7174,0.7116,0.7486,0.6917,0.6917,0.8158,0.98,0.8146,0.8169,0.8146,0.85,0.8099,0.7235,0.8373,0.8249,0.81,0.7801,0.7693,0.7235,0,0,0,0,0,v1.0.1,2025_12_22,314.0791,322.8633,475.5435,302.2464,294.7632,150.7632,147.1419,342.7635,333.6383,490.2553,-6.4668,2.2783,-0.0001,0,-0.2265,1.5585,-0.2181,1.554,0.667,158.124,150.4014,159.7021,159.2969,156.8811,0.6744,0.6488,0.6836,0.6658,0.6488,0.6634,0.6193,0.6431,0.6441,0.6193,0.6541,0.6603,0.6379,0.6403,0.6169,0.6219,0.6356,0.5999,0.5999,0.6695,0.318,0.6657,0.6817,0.318,0.6576,0.66,0.6167,0.6578,0.6749,0.6682,0.6609,0.6148,0.6148,0,0,0,0,0,v1.0.1,2025_12_22,312.3398,315.0194,437.6018,300.6991,298.4715,184.2033,184.0244,329.6667,326.5,445.5,-7.7125,-4.4823,-0.0001,0,-0.2133,1.5647,-0.2131,1.5622,0.6751,174.4756,168.8652,171.459,174.0762,172.219,0.7694,0.6591,0.7709,0.6372,0.6372,0.7342,0.6316,0.7289,0.6523,0.6316,0.7698,0.7702,0.7116,0.6964,0.6964,0.7362,0,0.7224,0.7016,0.7016,0,0,0,0,0,v1.0.1,2025_12_22,312.3922,315,438.4522,300.6174,298.453,183.4786,183.1721,329.6557,326.5462,446.3697,-7.6969,-4.4757,-0.0001,0,-0.2131,1.5647,-0.2124,1.563,0.6755,146.4814,138.4209,141.0859,144.1211,142.5273,0.6588,0.5622,0.6527,0.5649,0.5622,0.618,0.5514,0.6131,0.5801,0.5514,0.6266,0.6274,0.6208,0.6,0.6,0.578,0.4682,0.5732,0.5633,0.4682,0,0,0,0,0,-0.0176,-0.0953,-0.034,-0.0737,-0.0737,-0.0014,-0.0797,-0.0288,-0.039,-0.039,-0.0043,0.0022,-0.0279,-0.0026,-0.1071,-0.086,-0.0356,-0.0658,0.0052,0.0016,-0.0067,-0.0644,-0.0108,-0.0496,-0.0323,-0.0062,-0.0647,-0.0144,-0.0226,-0.0382,0.0055,-0.0006,-0.0277,-0.0015,-0.0543,-0.0398,-0.0211,-0.0311,-0.0111,-0.0116,-0.0097,-0.151,-0.0246,-0.1563,-0.1419,-0.0001,-0.1452,-0.0205,-0.0916,-0.1027,0.0087,0.01,-0.032,0.0101,0.01,0.0051,0.0038,-0.1151,-0.0123,-0.1104,-0.0928,-0.0182,-0.0962,-0.0092,-0.0785,-0.0709,-0.0046,-0.0037,-0.015,-0.0049,-0.0049,0.0028,0.0069,TRUE,TRUE
DTC_R_22,LanSi,1,CW_01,B,2026-03-24 09:42:43+08:00,ONLINE,FALSE,,CW_1_01,PASS,,,52.0021923,_2026032409424360201,T20260324094243,DESKTOP-P2DUL42,Loma,1,CW_1_01,1,paul di,2024.0718.155524,V20260126.2,CW_DTCL_DTCR_STC,T20260324094335,52.0021923,TRUE,TRUE,TRUE,TRUE,TRUE,TRUE,TRUE,4S2RND2HBL0DP6,v1.0.1,2025_12_22,314.8261,317.6667,474.8321,297.7153,295.1034,147.8138,149.1,338.3533,335.2302,486.0719,-5.6816,-1.9758,-0.0001,0,-0.2235,1.5547,-0.2237,1.5497,0.6643,155.6006,152.7861,152.4688,155.3662,154.0554,0.8577,0.8207,0.8592,0.8169,0.8169,0.82,0.763,0.8131,0.7714,0.763,0.8079,0.8058,0.8075,0.8051,0.7302,0.764,0.7295,0.7539,0.7295,0.8394,0.8173,0.7974,0.5658,0.5658,0.8495,0.7894,0.7373,0.8136,0.8136,0.7983,0.7571,0.8395,0.7373,0,0,0,0,0,v1.0.1,2025_12_22,314.8345,317.6187,475.7857,297.5,295.0408,146.8367,147.9603,338.4768,335.3406,487,-5.7076,-2.0135,-0.0001,0,-0.2238,1.5549,-0.2238,1.5498,0.6643,158.9375,152.8252,161.0215,161.6162,158.6001,0.7074,0.6836,0.7115,0.684,0.6836,0.6778,0.6623,0.6838,0.6531,0.6531,0.6585,0.6601,0.6572,0.6504,0.6365,0.639,0.5921,0.6301,0.5921,0.685,0.6721,0.6795,0.4321,0.4321,0.6551,0.6794,0.6085,0.6823,0.6674,0.6895,0.6384,0.6736,0.6085,0,0,0,0,0,v1.0.1,2025_12_22,316.6571,328.9905,441.3274,313.6726,302.1371,196.0403,188.024,343.544,331.115,458.1062,-3.6479,8.5707,0,0.0001,-0.2217,1.5615,-0.2121,1.5588,0.6716,176.2812,175.5225,175.9619,177.3018,176.2668,0.7872,0.6865,0.8011,0.7054,0.6865,0.7618,0.6532,0.7557,0.6457,0.6457,0.7593,0.7645,0.7527,0.7214,0.7214,0.7165,0.6536,0.7308,0,0.6536,0,0,0,0,0,v1.0.1,2025_12_22,316.5,329,442.027,313.6667,302.0083,195.1818,187.1694,343.6855,331.2456,458.8421,-3.7099,8.5752,0,0.0001,-0.221,1.5624,-0.2125,1.5572,0.6715,146.207,140.3984,142.1914,144.2793,143.269,0.6483,0.6016,0.6698,0.6006,0.6006,0.6404,0.5834,0.6268,0.5592,0.5592,0.6314,0.6327,0.6227,0.6136,0.6136,0.5831,0.5495,0.5761,0.4986,0.4986,0,0,0,0,0,-0.0059,-0.0536,-0.0069,-0.0527,-0.0467,-0.0079,-0.0476,-0.0114,-0.0492,-0.0476,-0.0092,-0.0042,-0.0011,-0.0022,-0.0773,-0.0477,-0.0669,-0.0682,-0.0001,-0.0042,-0.002,-0.0279,0.0018,-0.0453,-0.0258,0.0047,-0.0189,0.0196,-0.0209,-0.0111,-0.0001,0.002,-0.0014,-0.0186,-0.0206,-0.0238,-0.0386,-0.0119,0.0072,0.0272,0.0008,-0.1232,0.0009,-0.1058,-0.0999,-0.005,-0.1005,-0.0052,-0.133,-0.108,0.0085,0.01,0.0185,-0.0064,-0.035,-0.0034,-0.0038,-0.0467,0.0028,-0.0717,-0.0477,-0.0006,-0.0586,-0.0037,-0.083,-0.0713,0.0017,-0.0016,-0.0128,-0.0011,-0.0011,-0.0233,-0.0074,TRUE,TRUE
DTC_R_23,LanSi,1,CW_01,C,2026-03-24 09:44:26+08:00,ONLINE,FALSE,,CW_1_01,FAIL,SFR_VIS_25cm_Ny4_01F_ROI2_Dev,Dev,51.8051121,_2026032409442690901,T20260324094426,DESKTOP-P2DUL42,Loma,1,CW_1_01,1,paul di,2024.0718.155524,V20260126.2,CW_DTCL_DTCR_STC,T20260324094518,51.8051121,TRUE,TRUE,TRUE,TRUE,TRUE,TRUE,TRUE,4S2RND2HBL0DP6,v1.0.1,2025_12_22,315.1533,316.8102,475.5,297,295.5442,148.5986,149.2635,336.7838,335.9595,486.2095,-5.2159,-2.4196,-0.0001,0,-0.2224,1.5542,-0.2193,1.5481,0.6651,155.0693,152.3525,152.7148,154.9824,153.7798,0.8669,0.7481,0.8694,0.7975,0.7481,0.8162,0.7204,0.8133,0.7716,0.7204,0.8228,0.8035,0.8085,0.8175,0.6962,0.707,0.8072,0.7981,0.6962,0.8366,0.7629,0.8077,0.98,0.7629,0.8469,0.74,0.7538,0.8232,0.7896,0.76,0.8381,0.8468,0.74,0,0,0,0,0,v1.0.1,2025_12_22,315.1679,316.7153,476.5489,297,295.3172,147.6552,148.0417,336.9792,336.1208,487.1812,-5.2607,-2.3938,-0.0001,0,-0.221,1.5534,-0.2201,1.548,0.665,158.5723,152.1836,160.71,161.6709,158.2842,0.6968,0.6446,0.7052,0.6718,0.6446,0.6738,0.631,0.6696,0.6621,0.631,0.6598,0.6516,0.6678,0.6458,0.6082,0.6186,0.6291,0.6441,0.6082,0.6797,0.6211,0.6636,0.202,0.202,0.6539,0.6404,0.6343,0.6792,0.6547,0.5774,0.6342,0.6713,0.5774,0,0,0,0,0,v1.0.1,2025_12_22,317.0286,327.8952,441.9455,312.8636,302.3821,196.2927,188.2893,342.2727,331.8879,457.0776,-3.1933,7.7804,0,0.0001,-0.2192,1.5594,-0.2107,1.5558,0.6713,176.0049,175.5059,175.8994,177.0947,176.1262,0.7924,0.6045,0.8096,0.6558,0.6045,0.7554,0.584,0.7579,0.6797,0.584,0.7665,0.7627,0.7484,0.7336,0.7336,0.74,0.6689,0.7315,0,0.6689,0,0,0,0,0,v1.0.1,2025_12_22,316.9238,327.981,442.7273,312.8364,302.3413,195.7937,187.4622,342.3697,331.9391,457.9217,-3.2213,7.8805,0,0.0001,-0.2193,1.5604,-0.2102,1.5552,0.6715,145.9619,139.6465,141.6455,144.3467,142.9001,0.6549,0.5382,0.6708,0.594,0.5382,0.6319,0.5225,0.636,0.57,0.5225,0.6276,0.6107,0.6427,0.6304,0.6107,0.5971,0.5442,0.5771,0.301,0.301,0,0,0,0,0,0.0033,-0.1262,0.0033,-0.0721,-0.1155,-0.0117,-0.0902,-0.0112,-0.049,-0.0902,0.0057,-0.0065,-0.0001,0.0102,-0.1113,-0.1047,0.0108,-0.024,-0.0029,0.0061,-0.0126,-0.0669,-0.0045,-0.0575,-0.0648,0.0007,-0.0502,0.0054,-0.0119,-0.0332,0.0012,-0.0065,0.0092,-0.0232,-0.0489,-0.0442,-0.0016,0.0021,0.0019,0.0113,0.006,-0.2052,0.0094,-0.1554,-0.1819,-0.0114,-0.1697,-0.003,-0.099,-0.1697,0.0157,0.0082,0.0142,0.0058,-0.0115,-0.0027,0.0028,-0.1101,0.0038,-0.0783,-0.1101,-0.0091,-0.1195,0.0055,-0.0722,-0.108,-0.0021,-0.0236,0.0072,0.0157,-0.004,-0.0093,-0.0064,TRUE,TRUE
DTC_L_23,LanSi,1,CW_01,B,2026-03-24 09:44:27+08:00,ONLINE,FALSE,,CW_1_01,PASS,,,51.6684772,_2026032409442704602,T20260324094427,DESKTOP-P2DUL42,Loma,1,CW_1_01,2,paul di,2024.0718.155524,V20260126.2,CW_DTCL_DTCR_STC,T20260324094518,51.6684772,TRUE,TRUE,TRUE,TRUE,TRUE,TRUE,TRUE,4S2RND2HBL06DS,v1.0.1,2025_12_22,314.1259,322.6296,474.3284,302.1642,294.7815,151.5828,148.2961,342.2961,333.3235,489.0368,-6.5289,2.0419,-0.0001,0,-0.2265,1.5577,-0.2175,1.5554,0.6673,153.2783,149.541,147.7842,152.749,150.8381,0.8264,0.7769,0.8474,0.7865,0.7769,0.7854,0.7451,0.8004,0.7442,0.7442,0.8039,0.8179,0.7988,0.7745,0.7165,0.6932,0.7561,0.6874,0.6874,0.7986,0.4469,0.8181,0.8446,0.4469,0.8432,0.7737,0.7563,0.827,0.8296,0.8229,0.8007,0.7601,0.7563,0,0,0,0,0,v1.0.1,2025_12_22,314.1739,322.6667,475.4179,302.0373,294.6776,150.625,147.1242,342.4967,333.6739,490.0362,-6.4865,2.0724,-0.0001,0,-0.2267,1.5574,-0.2176,1.5543,0.6668,159.2773,155.209,161.2324,160.7842,159.1257,0.6796,0.6673,0.7015,0.6868,0.6673,0.6584,0.6198,0.6593,0.6319,0.6198,0.6563,0.653,0.6557,0.6336,0.6043,0.6229,0.6374,0.5992,0.5992,0.677,0.4902,0.6606,0.6788,0.4902,0.6677,0.6524,0.6275,0.6844,0.6741,0.6822,0.6723,0.6303,0.6275,0,0,0,0,0,v1.0.1,2025_12_22,312.3491,314.783,437.5221,300.5487,298.544,183.888,184.048,329.4,326.6446,445.1901,-7.6784,-4.738,-0.0001,0,-0.2127,1.5652,-0.2129,1.5611,0.6752,174.5479,174.0283,171.7793,173.9766,173.583,0.7758,0.6685,0.7923,0.6559,0.6559,0.732,0.6292,0.7499,0.6438,0.6292,0.7652,0.7664,0.756,0.6886,0.6886,0.7278,0,0.7163,0.7126,0.7126,0,0,0,0,0,v1.0.1,2025_12_22,312.3551,314.8224,438.3826,300.4522,298.3884,183.2893,183.2114,329.4634,326.6583,446.075,-7.7008,-4.6795,-0.0001,0,-0.213,1.5645,-0.2124,1.5617,0.6752,147.6143,142.8369,142.2812,145.5498,144.5706,0.6589,0.5685,0.6823,0.5892,0.5685,0.6164,0.5454,0.6251,0.5685,0.5454,0.6354,0.6386,0.6351,0.6041,0.6041,0.5988,0.5448,0.5755,0.56,0.5448,0,0,0,0,0,0.002,-0.0886,0.0064,-0.0351,-0.0447,0.0005,-0.0812,-0.0036,-0.024,-0.024,-0.0054,0.0076,-0.009,0.0073,-0.108,-0.1044,-0.0281,-0.0701,-0.012,0.0051,-0.0015,-0.0459,0.0071,-0.0286,-0.0138,-0.0112,-0.0642,0.0018,-0.0348,-0.0377,0.0077,-0.0079,-0.0099,-0.0082,-0.0669,-0.0388,-0.0193,-0.0318,-0.0036,-0.0167,-0.0033,-0.1416,-0.0032,-0.1376,-0.1232,-0.0023,-0.1476,0.0005,-0.1001,-0.1051,0.0041,0.0062,0.0124,0.0023,0.0016,-0.001,0.0039,-0.1088,0.0173,-0.0861,-0.0865,-0.0198,-0.1022,0.0028,-0.0901,-0.0769,0.0042,0.0075,-0.0007,-0.0008,-0.0008,0.0236,0.0092,TRUE,TRUE
DTC_R_24,LanSi,1,CW_01,A,2026-03-24 09:46:10+08:00,ONLINE,FALSE,,CW_1_01,PASS,,,51.433066,_2026032409461052001,T20260324094610,DESKTOP-P2DUL42,Loma,1,CW_1_01,1,paul di,2024.0718.155524,V20260126.2,CW_DTCL_DTCR_STC,T20260324094701,51.433066,TRUE,TRUE,TRUE,TRUE,TRUE,TRUE,TRUE,4S2RND2HBL0DP6,v1.0.1,2025_12_22,315,316.5,474.8309,296.2353,295.1633,147.2585,149.3467,336.7667,335.2971,484.1304,-5.5724,-3.3218,-0.0001,0,-0.2256,1.5536,-0.2212,1.5498,0.6641,153.9443,150.8945,150.8076,153.7783,152.3562,0.8678,0.8008,0.8568,0.7747,0.7747,0.8037,0.7314,0.7986,0.7051,0.7051,0.8167,0.812,0.806,0.8116,0.7602,0.724,0.761,0.6631,0.6631,0.8321,0.8131,0.7895,0.3126,0.3126,0.8514,0.7647,0.7341,0.8376,0.8075,0.8024,0.7186,0.8458,0.7186,0,0,0,0,0,v1.0.1,2025_12_22,315,316.5,475.9209,296.1367,295.1156,146.1769,148.0629,336.9371,335.5352,485.1972,-5.5731,-3.3104,-0.0001,0,-0.2254,1.5541,-0.2213,1.5491,0.6641,160.0791,154.875,163.5186,162.8047,160.3193,0.6985,0.6821,0.7147,0.6583,0.6583,0.6618,0.6296,0.6474,0.6167,0.6167,0.6601,0.6523,0.6608,0.6605,0.6325,0.6182,0.6089,0.5866,0.5866,0.6859,0.6628,0.6656,0.0593,0.0593,0.6543,0.6397,0.6387,0.6678,0.6614,0.531,0.6301,0.6814,0.531,0,0,0,0,0,v1.0.1,2025_12_22,316.9151,327.6698,441.3621,312.5,302.24,195.12,188.136,342.136,331.2414,456,-3.5211,7.1852,0,0.0001,-0.2208,1.56,-0.2113,1.5591,0.6717,175.9922,174.9971,175.2686,176.9824,175.8101,0.7742,0.684,0.7907,0.6425,0.6425,0.7289,0.6309,0.7267,0.5766,0.5766,0.7537,0.7529,0.7494,0.7269,0.7269,0.7447,0.6632,0.7169,0,0.6632,0,0,0,0,0,v1.0.1,2025_12_22,316.785,327.8598,442.1351,312.4324,302.0407,194.3659,187.2645,342.3223,331.4483,456.6724,-3.5653,7.2306,0,0.0001,-0.2219,1.5603,-0.2107,1.5569,0.6711,147.4092,142.1475,144.3105,145.3477,144.8037,0.6442,0.5868,0.6588,0.5732,0.5732,0.625,0.564,0.6094,0.5194,0.5194,0.6244,0.622,0.6296,0.6195,0.6195,0.5871,0.5517,0.5764,0.2803,0.2803,0,0,0,0,0,0.0042,-0.0735,-0.0093,-0.0949,-0.0889,-0.0242,-0.0792,-0.0259,-0.1155,-0.1055,-0.0004,0.002,-0.0026,0.0043,-0.0473,-0.0877,-0.0354,-0.159,-0.0074,-0.0121,-0.0109,-0.0294,0.005,-0.071,-0.0511,-0.0113,-0.0516,-0.0168,-0.0573,-0.0475,0.0015,-0.0058,0.0022,-0.0085,-0.0246,-0.0446,-0.0218,-0.0554,0.0081,0.0133,-0.0122,-0.1257,-0.0095,-0.1687,-0.1439,-0.0379,-0.1228,-0.0342,-0.2021,-0.1771,0.0029,-0.0016,0.0152,-0.0009,-0.0068,-0.0173,-0.0079,-0.0615,-0.0082,-0.0991,-0.0751,-0.016,-0.078,-0.0211,-0.1228,-0.1111,-0.0053,-0.0123,-0.0059,0.0048,0.0048,-0.0193,-0.0071,TRUE,TRUE
DTC_L_24,LanSi,1,CW_01,C,2026-03-24 09:46:10+08:00,ONLINE,FALSE,,CW_1_01,FAIL,SFR_VIS_25cm_Ny4_01F_ROI2;SFR_VIS_25cm_Ny4_01F_Min;IR_SFR_VIS_25cm_Ny4_01F_ROI2;IR_SFR_VIS_25cm_Ny4_01F_Min;SFR_VIS_25cm_Ny4_01F_ROI2_Dev;SFR_VIS_25cm_Ny4_01F_Min_Dev;IR_SFR_VIS_25cm_Ny4_01F_ROI2_Dev,sfr_25Algo,51.4443998,_2026032409461052702,T20260324094610,DESKTOP-P2DUL42,Loma,1,CW_1_01,2,paul di,2024.0718.155524,V20260126.2,CW_DTCL_DTCR_STC,T20260324094701,51.4443998,TRUE,TRUE,TRUE,TRUE,TRUE,TRUE,TRUE,4S2RND2HBL06DS,v1.0.1,2025_12_22,314.0432,324,474.3462,303.8308,294.8212,152.6689,148.1342,344.3221,333.3188,490.8986,-6.5673,3.6441,-0.0001,0,-0.2246,1.5586,-0.2214,1.5553,0.667,154.9619,150.8242,148.9434,153.7988,152.1321,0.8194,0.6404,0.8455,0.7689,0.6404,0.775,0.7414,0.8009,0.7384,0.7384,0.8241,0.8067,0.8127,0.7719,0.7432,0.7471,0.7429,0.6755,0.6755,0.8242,0.4921,0.8199,0.8104,0.4921,0.8376,0.77,0.767,0.8483,0.8359,0.7975,0.7894,0.7628,0.7628,0,0,0,0,0,v1.0.1,2025_12_22,314.0638,323.9362,475.313,303.7939,294.7171,151.7105,146.9603,344.4768,333.705,491.8561,-6.5482,3.6547,-0.0001,0,-0.2238,1.5584,-0.2218,1.5538,0.6667,160.6104,155.9941,161.8584,161.7852,160.062,0.6829,0.5731,0.6959,0.6881,0.5731,0.6582,0.6255,0.6617,0.6432,0.6255,0.6447,0.6588,0.6533,0.64,0.6372,0.6456,0.6252,0.603,0.603,0.6626,0.5159,0.6571,0.6837,0.5159,0.6774,0.6724,0.6435,0.668,0.6688,0.6641,0.6614,0.6328,0.6328,0,0,0,0,0,v1.0.1,2025_12_22,312.5,315.8868,437.6038,302,298.52,185.048,183.877,331.1885,326.6281,447.0331,-7.6742,-3.2687,-0.0001,0,-0.21,1.5638,-0.2179,1.563,0.6747,175.0654,174.1465,171.7441,174.1895,173.7864,0.7673,0.5219,0.7953,0.6594,0.5219,0.7288,0.6394,0.7533,0.6449,0.6394,0.766,0.7537,0.7565,0.691,0.691,0.7245,0,0.7245,0.7247,0.7245,0,0,0,0,0,v1.0.1,2025_12_22,312.5,315.8868,438.4196,301.7589,298.4167,184.3333,183.15,331.1083,326.6777,447.876,-7.6672,-3.3073,-0.0001,0,-0.2112,1.5636,-0.2166,1.5633,0.6748,149.1729,143.6543,143.04,146.5459,145.6033,0.6417,0.4759,0.6757,0.5911,0.4759,0.637,0.5526,0.6386,0.5592,0.5526,0.6254,0.6268,0.6409,0.606,0.606,0.5891,0.5433,0.5774,0.5733,0.5433,0,0,0,0,0,-0.005,-0.2251,0.0045,-0.0527,-0.1812,-0.0099,-0.0849,-0.0031,-0.0298,-0.0298,0.0148,-0.0036,0.0049,0.0047,-0.0813,-0.0505,-0.0413,-0.082,0.0136,0.0069,0.0018,-0.1401,0.0015,-0.0273,-0.108,-0.0114,-0.0585,0.0042,-0.0235,-0.032,-0.0039,-0.0021,-0.0123,-0.0018,-0.034,-0.0161,-0.0315,-0.028,-0.018,-0.0202,-0.0118,-0.2882,-0.0002,-0.1341,-0.2572,-0.0055,-0.1374,0.0039,-0.099,-0.0949,0.0049,-0.0065,0.0129,0.0047,-0.0017,0.0072,-0.0133,-0.2014,0.0107,-0.0842,-0.1791,0.0008,-0.095,0.0163,-0.0994,-0.0697,-0.0058,-0.0043,0.0051,0.0011,0.0011,0.0139,0.0111,TRUE,TRUE
DTC_R_25,LanSi,1,CW_01,B,2026-03-24 09:48:44+08:00,ONLINE,FALSE,,CW_1_01,PASS,,,51.6386293,_2026032409484490401,T20260324094844,DESKTOP-P2DUL42,Loma,1,CW_1_01,1,paul di,2024.0718.155524,V20260126.2,CW_DTCL_DTCR_STC,T20260324094936,51.6386293,TRUE,TRUE,TRUE,TRUE,TRUE,TRUE,TRUE,4S2RND2HBL0DP6,v1.0.1,2025_12_22,314.9706,316.1838,475.1241,296.5328,295.2448,147.6993,149.0753,336.2808,335.7973,484.6351,-5.4576,-3.2336,-0.0001,0,-0.2216,1.5537,-0.22,1.5473,0.6648,153.0771,150.2139,149.9863,152.3574,151.4087,0.8585,0.7683,0.8591,0.7689,0.7683,0.8163,0.7202,0.8196,0.765,0.7202,0.8132,0.8164,0.7998,0.8055,0.7405,0.7021,0.7868,0.7712,0.7021,0.8322,0.7909,0.8054,0.98,0.7909,0.8432,0.7617,0.7208,0.8278,0.795,0.6712,0.8203,0.8438,0.6712,0,0,0,0,0,v1.0.1,2025_12_22,315,316.0863,476.2029,296.3188,295.0616,146.7945,147.9195,336.396,335.8389,485.651,-5.4954,-3.2507,-0.0001,0,-0.2215,1.553,-0.2204,1.548,0.6648,159.5469,154.7617,162.9102,161.9795,159.7996,0.7045,0.6469,0.7089,0.653,0.6469,0.6779,0.6227,0.6681,0.6472,0.6227,0.659,0.6588,0.6546,0.6585,0.6402,0.6235,0.6312,0.6325,0.6235,0.6672,0.6452,0.6577,0.0687,0.0687,0.6428,0.6616,0.6221,0.664,0.6526,0.5844,0.6365,0.6672,0.5844,0,0,0,0,0,v1.0.1,2025_12_22,316.75,327.3704,441.5702,312.4298,302.065,195.7724,187.9274,341.5565,331.453,455.7265,-3.5469,7.0711,0,0.0001,-0.2186,1.5592,-0.2092,1.5562,0.6719,174.6367,174.2803,174.3848,175.4531,174.6887,0.8008,0.5925,0.8126,0.6182,0.5925,0.7616,0.595,0.7642,0.6485,0.595,0.7656,0.7615,0.7379,0.7417,0.7379,0.7578,0.676,0.7339,0,0.676,0,0,0,0,0,v1.0.1,2025_12_22,316.6852,327.5,442.4865,312.3063,302,195,186.9256,341.7521,331.5,456.5965,-3.5805,7.131,0,0.0001,-0.2197,1.5599,-0.2089,1.556,0.6718,146.7158,141.6455,143.4375,144.4385,144.0593,0.6572,0.5454,0.6674,0.5585,0.5454,0.6287,0.5273,0.649,0.573,0.5273,0.6311,0.6264,0.6269,0.6263,0.6263,0.592,0.546,0.5607,0.3887,0.3887,0,0,0,0,0,-0.0051,-0.106,-0.007,-0.1007,-0.0953,-0.0116,-0.0904,-0.0049,-0.0556,-0.0904,-0.0039,0.0064,-0.0088,-0.0018,-0.067,-0.1096,-0.0096,-0.0509,-0.0073,0.0038,-0.0049,-0.0646,-0.0008,-0.0763,-0.0625,0.0048,-0.0585,0.0039,-0.0268,-0.0415,0.0004,0.0007,-0.004,-0.0105,-0.0169,-0.0393,0.0005,-0.0095,-0.0106,0.0054,0.0144,-0.2172,0.0124,-0.193,-0.1939,-0.0052,-0.1587,0.0033,-0.1302,-0.1587,0.0148,0.007,0.0037,0.0139,0.0063,-0.0003,0.0051,-0.1029,0.0004,-0.1138,-0.1029,-0.0123,-0.1147,0.0185,-0.0692,-0.1032,0.0014,-0.0079,-0.0086,0.0116,0.0116,-0.0144,-0.0228,TRUE,TRUE
DTC_L_25,LanSi,1,CW_01,A,2026-03-24 09:48:45+08:00,ONLINE,FALSE,,CW_1_01,PASS,,,51.4431524,_2026032409484510602,T20260324094845,DESKTOP-P2DUL42,Loma,1,CW_1_01,2,paul di,2024.0718.155524,V20260126.2,CW_DTCL_DTCR_STC,T20260324094936,51.4431524,TRUE,TRUE,TRUE,TRUE,TRUE,TRUE,TRUE,4S2RND2HBL06DS,v1.0.1,2025_12_22,315.1765,321.8529,475.5639,300.9173,296.2381,150.6054,149.7815,341.6556,334.5507,487.5725,-5.2379,1.0208,-0.0001,0,-0.2293,1.5601,-0.2186,1.5539,0.6665,154.9775,150.6309,148.9971,154.2754,152.2202,0.8205,0.8065,0.836,0.7894,0.7894,0.791,0.7475,0.8007,0.7366,0.7366,0.8031,0.8072,0.8156,0.7644,0.7226,0.7162,0.7247,0.6762,0.6762,0.8408,0.98,0.8065,0.7695,0.7695,0.8506,0.7305,0.7035,0.8447,0.8342,0.7598,0.7612,0.7851,0.7035,0,0,0,0,0,v1.0.1,2025_12_22,315.0429,321.8929,476.7391,300.8913,296.12,149.6333,148.6939,341.8844,334.6786,488.6286,-5.2451,1.0861,-0.0001,0,-0.2286,1.5609,-0.2191,1.5531,0.6665,157.8828,154.2891,159.9707,159.002,157.7861,0.6814,0.6717,0.7062,0.6997,0.6717,0.6612,0.6244,0.6518,0.6402,0.6244,0.6609,0.6558,0.6501,0.6421,0.6024,0.6253,0.6298,0.6075,0.6024,0.6823,0.3495,0.6684,0.6559,0.3495,0.6475,0.6052,0.6011,0.6742,0.6682,0.6777,0.6667,0.6374,0.6011,0,0,0,0,0,v1.0.1,2025_12_22,313.3398,313.9806,438.5948,299.5,299.8512,182.9008,185.3223,328.6777,327.4522,444.2783,-6.5879,-5.6325,-0.0001,-0.0001,-0.2146,1.5677,-0.2138,1.5624,0.6754,175.1143,173.8799,171.9707,174.4014,173.8416,0.7755,0.6873,0.783,0.6664,0.6664,0.7299,0.6279,0.7482,0.6456,0.6279,0.7613,0.7515,0.7544,0.6927,0.6927,0.73,0,0.7338,0.6545,0.6545,0,0,0,0,0,v1.0.1,2025_12_22,313.2885,314,439.4052,299.4052,299.7213,182.1475,184.3866,328.6975,327.5,445,-6.6397,-5.65,-0.0001,-0.0001,-0.2147,1.5677,-0.213,1.5622,0.6756,146.3096,142.1787,141.0186,144.0488,143.3889,0.6501,0.5802,0.6703,0.5965,0.5802,0.6131,0.5459,0.6272,0.5655,0.5459,0.6158,0.6201,0.6225,0.6053,0.6053,0.5824,0.4723,0.5847,0.5486,0.4723,0,0,0,0,0,-0.0039,-0.059,-0.005,-0.0322,-0.0322,0.0061,-0.0788,-0.0033,-0.0316,-0.0316,-0.0062,-0.0031,0.0078,-0.0028,-0.1019,-0.0814,-0.0595,-0.0813,0.0302,-0.0065,0.0003,-0.0415,0.0118,-0.0157,-0.0094,-0.0084,-0.0596,-0.0057,-0.0265,-0.0331,0.0123,-0.0051,-0.0155,0.0003,-0.0688,-0.0364,-0.0269,-0.0235,0.0017,-0.0089,-0.0036,-0.1228,-0.0125,-0.1271,-0.1127,-0.0044,-0.1489,-0.0012,-0.0983,-0.1064,0.0002,-0.0087,0.0108,0.0064,0.0038,0.0165,-0.0049,-0.0971,0.0053,-0.0788,-0.0748,-0.0231,-0.1017,0.0049,-0.0931,-0.0764,-0.0154,-0.011,-0.0133,0.0004,0.0004,0.0072,0.0184,TRUE,TRUE
DTC_R_26,LanSi,1,CW_01,C,2026-03-24 09:50:31+08:00,ONLINE,FALSE,,CW_1_01,PASS,,,51.6249391,_2026032409503165901,T20260324095031,DESKTOP-P2DUL42,Loma,1,CW_1_01,1,paul di,2024.0718.155524,V20260126.2,CW_DTCL_DTCR_STC,T20260324095123,51.6249391,TRUE,TRUE,TRUE,TRUE,TRUE,TRUE,TRUE,4S2RND2HBL0DP6,v1.0.1,2025_12_22,315.1333,317.1259,475.4593,297.4741,295.469,148.8,149.2733,337.5733,335.9122,485.9527,-5.2506,-2.1148,-0.0001,0,-0.2214,1.554,-0.2221,1.5478,0.6646,155.5469,152.873,152.6328,155.3652,154.1045,0.8605,0.7638,0.8701,0.7753,0.7638,0.8192,0.7336,0.8143,0.7679,0.7336,0.8274,0.8196,0.7966,0.8097,0.7095,0.7009,0.7742,0.7694,0.7009,0.8354,0.7923,0.8004,0.98,0.7923,0.8377,0.7493,0.7333,0.837,0.8008,0.7417,0.8378,0.8514,0.7333,0,0,0,0,0,v1.0.1,2025_12_22,315.0429,317.1071,476.5857,297.3857,295.2517,147.8671,148.102,337.6803,335.9122,486.9527,-5.3211,-2.1014,-0.0001,0,-0.221,1.5539,-0.2221,1.548,0.6647,159.6895,154.4238,162.6338,162.2529,159.75,0.7029,0.6579,0.7126,0.6669,0.6579,0.6774,0.6384,0.6686,0.6528,0.6384,0.6554,0.6529,0.6554,0.6564,0.6102,0.6355,0.6321,0.6345,0.6102,0.6771,0.645,0.6625,0.141,0.141,0.6367,0.6436,0.6445,0.6858,0.6577,0.6164,0.6404,0.6655,0.6164,0,0,0,0,0,v1.0.1,2025_12_22,316.9813,328.4486,441.7544,313.4123,302.4,196.7462,188.2377,342.7213,331.7288,457,-3.2796,8.1657,0,0.0001,-0.2194,1.56,-0.2099,1.5561,0.6717,176.7422,176.0244,176.0859,177.6699,176.6306,0.7896,0.6055,0.8105,0.6414,0.6055,0.7658,0.6009,0.7686,0.6484,0.6009,0.7646,0.7566,0.7508,0.7395,0.7395,0.7486,0.6521,0.74,0,0.6521,0,0,0,0,0,v1.0.1,2025_12_22,316.9623,328.5,442.6087,313.3913,302.3089,195.9593,187.275,342.775,331.7328,457.8966,-3.3225,8.2044,0,0.0001,-0.2192,1.5602,-0.2091,1.5566,0.6721,146.9043,141.6357,143.1475,144.6748,144.0906,0.6529,0.5452,0.6704,0.5655,0.5452,0.6372,0.5349,0.642,0.5688,0.5349,0.6315,0.6253,0.6272,0.6208,0.6208,0.6098,0.5439,0.5828,0.4031,0.4031,0,0,0,0,0,-0.0031,-0.1105,0.004,-0.0943,-0.0998,-0.0087,-0.077,-0.0102,-0.0527,-0.077,0.0103,0.0096,-0.012,0.0024,-0.098,-0.1108,-0.0222,-0.0527,-0.0041,-0.0012,-0.0065,-0.0536,0.0029,-0.0624,-0.0515,0.0043,-0.0428,0.0044,-0.0212,-0.0258,-0.0032,-0.0052,-0.0032,-0.0126,-0.0469,-0.0273,0.0014,-0.0075,-0.0007,0.0102,0.0032,-0.2042,0.0103,-0.1698,-0.1809,-0.001,-0.1528,0.0077,-0.1303,-0.1528,0.0138,0.0021,0.0166,0.0117,-0.0029,0.0058,0.0008,-0.1031,0.0034,-0.1068,-0.1031,-0.0038,-0.1071,0.0115,-0.0734,-0.0956,0.0018,-0.009,-0.0083,0.0061,0.0061,0.0034,-0.0007,TRUE,TRUE
DTC_L_26,LanSi,1,CW_01,B,2026-03-24 09:50:31+08:00,ONLINE,FALSE,,CW_1_01,FAIL,SFR_VIS_25cm_Ny4_01F_ROI2_Dev,Dev,51.62494,_2026032409503167202,T20260324095031,DESKTOP-P2DUL42,Loma,1,CW_1_01,2,paul di,2024.0718.155524,V20260126.2,CW_DTCL_DTCR_STC,T20260324095123,51.62494,TRUE,TRUE,TRUE,TRUE,TRUE,TRUE,TRUE,4S2RND2HBL06DS,v1.0.1,2025_12_22,315.1481,322.0741,475.6642,301.0448,296.1316,150.5132,149.9247,342.1027,334.7194,488.3957,-5.1824,1.3261,-0.0001,0,-0.2298,1.5599,-0.2201,1.5531,0.6658,153.6367,149.4932,148.0791,152.9824,151.0479,0.8313,0.7133,0.851,0.7762,0.7133,0.7878,0.75,0.7973,0.7323,0.7323,0.8082,0.7947,0.8024,0.7647,0.7144,0.7204,0.7274,0.6864,0.6864,0.8148,0.98,0.8135,0.764,0.764,0.8503,0.7437,0.7307,0.8404,0.8316,0.7655,0.7547,0.7868,0.7307,0,0,0,0,0,v1.0.1,2025_12_22,315.0638,322.0638,476.7778,301,296.0592,149.5658,148.6689,342.3245,334.7643,489.4071,-5.2332,1.3723,-0.0001,0,-0.229,1.5605,-0.2206,1.5531,0.666,160.0615,155.8428,161.7031,161.373,159.7451,0.6831,0.622,0.7003,0.6897,0.622,0.6687,0.6371,0.6567,0.6408,0.6371,0.6498,0.6484,0.6633,0.6323,0.6109,0.6348,0.6137,0.5988,0.5988,0.6852,0.4881,0.6749,0.6499,0.4881,0.6503,0.6416,0.6106,0.6752,0.6912,0.6629,0.6624,0.6418,0.6106,0,0,0,0,0,v1.0.1,2025_12_22,313.4352,314.1852,438.687,299.513,299.9328,183.0504,185.3525,329.0984,327.6583,444.925,-6.4869,-5.3456,-0.0001,-0.0001,-0.2161,1.5677,-0.2154,1.5619,0.6745,174.7607,173.8848,172.0127,174.3574,173.7539,0.7677,0.5848,0.788,0.666,0.5848,0.7239,0.6407,0.7388,0.6313,0.6313,0.7623,0.7489,0.7438,0.6885,0.6885,0.7275,0,0.7277,0.6376,0.6376,0,0,0,0,0,v1.0.1,2025_12_22,313.4074,314.1667,439.5965,299.5,299.7131,182.2459,184.4538,329.3109,327.6807,445.7731,-6.5297,-5.3007,-0.0001,-0.0001,-0.2152,1.5668,-0.2164,1.5622,0.6744,148.4365,143.7832,142.7881,146.3389,145.3367,0.658,0.5058,0.6795,0.5971,0.5058,0.6202,0.5616,0.625,0.5613,0.5613,0.6386,0.624,0.6376,0.5968,0.5968,0.5745,0.5398,0.5762,0.5239,0.5239,0,0,0,0,0,0.0069,-0.1522,0.01,-0.0454,-0.1083,0.0029,-0.0763,-0.0067,-0.0359,-0.0359,-0.0011,-0.0156,-0.0054,-0.0025,-0.1101,-0.0772,-0.0568,-0.0711,0.0042,0.0005,0.002,-0.0912,0.0059,-0.0257,-0.0591,-0.0009,-0.0469,-0.0008,-0.0259,-0.0204,0.0012,-0.0125,-0.0023,-0.0095,-0.0603,-0.0269,-0.043,-0.0322,0.0046,-0.0024,-0.0114,-0.2253,-0.0075,-0.1275,-0.1943,-0.0104,-0.1361,-0.0106,-0.1126,-0.103,0.0012,-0.0113,0.0002,0.0022,0.0013,0.0104,0.003,-0.1715,0.0145,-0.0782,-0.1492,-0.016,-0.086,0.0027,-0.0973,-0.061,0.0074,-0.0071,0.0018,-0.0081,-0.0081,-0.0007,0.0099,TRUE,TRUE
DTC_R_27,LanSi,1,CW_01,A,2026-03-24 09:52:02+08:00,ONLINE,FALSE,,CW_1_01,PASS,,,51.4419339,_2026032409520292101,T20260324095202,DESKTOP-P2DUL42,Loma,1,CW_1_01,1,paul di,2024.0718.155524,V20260126.2,CW_DTCL_DTCR_STC,T20260324095254,51.4419339,TRUE,TRUE,TRUE,TRUE,TRUE,TRUE,TRUE,4S2RND2HBL0DP6,v1.0.1,2025_12_22,315.1691,316.7647,475.5,297.0923,295.5,148.5203,149.2808,336.9247,335.9324,485.2973,-5.2235,-2.5802,-0.0001,0,-0.2216,1.5539,-0.2204,1.5477,0.6649,154.4023,151.4902,151.7393,153.9678,152.8999,0.8686,0.7645,0.8616,0.7712,0.7645,0.815,0.7287,0.8264,0.7679,0.7287,0.816,0.8049,0.8116,0.8114,0.7164,0.718,0.7845,0.7766,0.7164,0.8392,0.7827,0.8043,0.5911,0.5911,0.8527,0.758,0.723,0.7929,0.8014,0.7036,0.8364,0.8403,0.7036,0,0,0,0,0,v1.0.1,2025_12_22,315.1087,316.8261,476.5956,297,295.2945,147.5274,148.0839,337,336.0331,486.3841,-5.2768,-2.5525,-0.0001,0,-0.2216,1.5538,-0.2197,1.5475,0.665,158.918,153.5898,161.8418,161.4541,158.9509,0.7011,0.6611,0.7051,0.6609,0.6609,0.6788,0.6361,0.6636,0.6465,0.6361,0.6445,0.6445,0.6475,0.6539,0.619,0.6364,0.6262,0.6344,0.619,0.672,0.6506,0.6651,0.1152,0.1152,0.639,0.6341,0.6302,0.6603,0.6418,0.5867,0.6342,0.6825,0.5867,0,0,0,0,0,v1.0.1,2025_12_22,316.8774,327.9528,441.8393,313.0893,302.3387,196.3145,188.2869,342.2213,331.6897,456.5,-3.2936,7.7156,0,0.0001,-0.2179,1.5603,-0.21,1.5556,0.672,175.3096,174.8369,174.8838,176.1445,175.2937,0.7963,0.6,0.7995,0.6235,0.6,0.7656,0.6031,0.7589,0.6562,0.6031,0.7656,0.7675,0.7479,0.739,0.739,0.7492,0.6464,0.7438,0,0.6464,0,0,0,0,0,v1.0.1,2025_12_22,316.8381,328.0857,442.6759,312.9167,302.28,195.552,187.4167,342.3417,331.7478,457.2957,-3.3083,7.7383,0,0.0001,-0.2194,1.5609,-0.2092,1.5554,0.6719,146.2637,140.5508,142.5166,144.1162,143.3618,0.6598,0.5338,0.6818,0.5637,0.5338,0.639,0.5355,0.6266,0.5656,0.5355,0.6502,0.6382,0.624,0.6142,0.6142,0.592,0.5353,0.5786,0.3365,0.3365,0,0,0,0,0,0.005,-0.1098,-0.0045,-0.0984,-0.0991,-0.0129,-0.0819,0.0019,-0.0527,-0.0819,-0.0011,-0.0051,0.003,0.0041,-0.0911,-0.0937,-0.0119,-0.0455,-0.0003,0.0027,-0.0083,-0.0504,-0.0046,-0.0684,-0.0485,0.0057,-0.0451,-0.0006,-0.0275,-0.0281,-0.0141,-0.0136,-0.0111,-0.0151,-0.0381,-0.0264,-0.0045,-0.0076,-0.0058,0.0128,0.0099,-0.2097,-0.0007,-0.1877,-0.1864,-0.0012,-0.1506,-0.002,-0.1225,-0.1506,0.0148,0.013,0.0137,0.0112,-0.0023,0.0096,0.0077,-0.1145,0.0148,-0.1086,-0.1145,-0.002,-0.1065,-0.0039,-0.0766,-0.095,0.0205,0.0039,-0.0115,-0.0005,-0.0005,-0.0144,-0.0049,TRUE,TRUE
DTC_L_27,LanSi,1,CW_01,C,2026-03-24 09:52:03+08:00,ONLINE,FALSE,,CW_1_01,PASS,,,51.3222536,_2026032409520306002,T20260324095203,DESKTOP-P2DUL42,Loma,1,CW_1_01,2,paul di,2024.0718.155524,V20260126.2,CW_DTCL_DTCR_STC,T20260324095254,51.3222536,TRUE,TRUE,TRUE,TRUE,TRUE,TRUE,TRUE,4S2RND2HBL06DS,v1.0.1,2025_12_22,314.0294,323.1838,474.2296,302.9333,294.7785,152.302,148.0405,343.1284,333.292,490,-6.626,2.8095,-0.0001,0,-0.2252,1.5581,-0.2191,1.5553,0.6673,153.5996,149.6719,147.9463,152.7959,151.0034,0.8265,0.7816,0.8414,0.7853,0.7816,0.7769,0.7435,0.8002,0.7533,0.7435,0.8182,0.8119,0.8098,0.7732,0.742,0.696,0.7305,0.6964,0.696,0.8223,0.98,0.822,0.8072,0.8072,0.8383,0.7856,0.787,0.8291,0.8258,0.806,0.7749,0.785,0.7749,0,0,0,0,0,v1.0.1,2025_12_22,314.0426,323.156,475.2336,302.7883,294.4837,151.2614,146.9799,343.2483,333.3897,490.9632,-6.6741,2.7835,-0.0001,0,-0.2252,1.557,-0.2192,1.5555,0.667,159.0352,155.1182,160.75,159.9277,158.7078,0.6824,0.674,0.6929,0.691,0.674,0.6492,0.6269,0.6544,0.6565,0.6269,0.6418,0.6489,0.6529,0.641,0.6148,0.6282,0.6192,0.6083,0.6083,0.6787,0.4612,0.6614,0.6911,0.4612,0.6509,0.6637,0.6441,0.6706,0.6611,0.6686,0.6637,0.6358,0.6358,0,0,0,0,0,v1.0.1,2025_12_22,312.1346,315.5,437.4123,301.3509,298.4083,184.6083,183.7317,330.2683,326.3417,446.275,-7.8943,-3.8995,-0.0001,0,-0.2119,1.5658,-0.214,1.5621,0.6755,174.9062,173.8184,171.8779,174.3164,173.7297,0.7748,0.6678,0.794,0.6634,0.6634,0.7389,0.6372,0.7515,0.6588,0.6372,0.7714,0.759,0.7668,0.6998,0.6998,0.7303,0,0.7383,0.7111,0.7111,0,0,0,0,0,v1.0.1,2025_12_22,312.1714,315.4571,438.2301,301.2301,298.2787,183.8525,182.9274,330.3468,326.5,447,-7.8785,-3.9227,-0.0001,0,-0.2119,1.5651,-0.2142,1.5618,0.6752,147.1816,142.6074,141.6064,145.082,144.1194,0.6475,0.5687,0.6756,0.5988,0.5687,0.6323,0.5527,0.6253,0.5942,0.5527,0.6349,0.6331,0.6331,0.6058,0.6058,0.5842,0.526,0.5912,0.5641,0.526,0,0,0,0,0,0.0021,-0.0839,0.0004,-0.0363,-0.04,-0.008,-0.0828,-0.0038,-0.0149,-0.0247,0.0089,0.0016,0.002,0.006,-0.0825,-0.1016,-0.0537,-0.0611,0.0117,0.009,0.0013,-0.0392,-0.0015,-0.0244,-0.0071,-0.0204,-0.0571,-0.0031,-0.0102,-0.0306,-0.0068,-0.012,-0.0127,-0.0008,-0.0564,-0.0335,-0.0375,-0.0227,-0.0019,-0.0159,-0.0043,-0.1423,-0.0015,-0.1301,-0.1157,0.0046,-0.1396,0.0021,-0.0851,-0.0971,0.0103,-0.0012,0.0232,0.0135,0.0041,0.021,-0.0075,-0.1086,0.0106,-0.0765,-0.0863,-0.0039,-0.0949,0.003,-0.0644,-0.0696,0.0037,0.002,-0.0027,0.0009,0.0009,0.009,0.0249,TRUE,TRUE
DTC_R_28,LanSi,1,CW_01,B,2026-03-24 09:56:33+08:00,ONLINE,FALSE,,CW_1_01,PASS,,,51.413473,_2026032409563301701,T20260324095633,DESKTOP-P2DUL42,Loma,1,CW_1_01,1,paul di,2024.0718.155524,V20260126.2,CW_DTCL_DTCR_STC,T20260324095724,51.413473,TRUE,TRUE,TRUE,TRUE,TRUE,TRUE,TRUE,4S2RND2HBL0DP6,v1.0.1,2025_12_22,314.9209,316.1367,474.7778,296.1333,295.0135,146.7162,149.0397,336.5232,335.2365,485.7838,-5.7023,-3.2414,-0.0001,0,-0.224,1.5533,-0.2218,1.5511,0.6647,153.2461,149.9639,150.1816,153.2275,151.6548,0.865,0.8133,0.87,0.8232,0.8133,0.82,0.7372,0.8231,0.7619,0.7372,0.8192,0.8053,0.8164,0.8232,0.7498,0.7192,0.7395,0.6834,0.6834,0.8304,0.8309,0.817,0.98,0.817,0.8346,0.7334,0.7379,0.8322,0.8053,0.8507,0.7242,0.8554,0.7242,0,0,0,0,0,v1.0.1,2025_12_22,314.9571,316.1071,475.7464,296.029,294.9459,145.6554,147.9732,336.6711,335.2733,486.8667,-5.7208,-3.2341,-0.0001,0,-0.2237,1.5534,-0.222,1.5519,0.6649,160.3545,154.8916,163.5908,163.1699,160.5017,0.6957,0.6919,0.7145,0.6819,0.6819,0.6729,0.6315,0.673,0.6456,0.6315,0.6656,0.6537,0.6576,0.6659,0.6364,0.6194,0.6124,0.5978,0.5978,0.6786,0.6554,0.6541,0.3918,0.3918,0.6584,0.6344,0.6349,0.6822,0.6606,0.6186,0.624,0.685,0.6186,0,0,0,0,0,v1.0.1,2025_12_22,316.6,327.5,441.2679,312.2679,301.8537,194.878,187.8548,341.8145,331.1304,456.6696,-3.7586,7.126,0,0.0001,-0.2211,1.5595,-0.2102,1.5583,0.6716,175.2539,174.2041,174.3682,176.332,175.0396,0.7854,0.6939,0.8106,0.6962,0.6939,0.7485,0.6336,0.7632,0.6543,0.6336,0.7581,0.7474,0.7755,0.7395,0.7395,0.6607,0.643,0.7392,0,0.643,0,0,0,0,0,v1.0.1,2025_12_22,316.6422,327.5321,442.0541,312.2883,301.7339,194.0161,186.9508,341.9836,331.3103,457.5,-3.7617,7.164,0,0.0001,-0.2204,1.5591,-0.2105,1.5579,0.6715,146.9072,141.7666,144.0332,145.209,144.479,0.659,0.5908,0.6794,0.5991,0.5908,0.6335,0.566,0.6376,0.5649,0.5649,0.6112,0.6245,0.6334,0.6254,0.6112,0.5453,0.5352,0.5659,0.3595,0.3595,0,0,0,0,0,0.0014,-0.061,0.0039,-0.0464,-0.0503,-0.0079,-0.0734,-0.0014,-0.0587,-0.0734,0.0021,-0.0047,0.0078,0.0159,-0.0577,-0.0925,-0.0569,-0.1387,-0.0091,0.0154,-0.0137,-0.0196,0.0048,-0.0474,-0.0275,-0.0002,-0.0497,0.0088,-0.0284,-0.0327,0.007,-0.0044,-0.001,-0.0031,-0.0207,-0.0434,-0.0183,-0.0442,0.0008,0.0018,-0.001,-0.1158,0.0104,-0.115,-0.0925,-0.0183,-0.1201,0.0023,-0.1244,-0.1201,0.0073,-0.0071,0.0413,0.0117,-0.0908,0.005,0.0069,-0.0575,0.0124,-0.0732,-0.0575,-0.0075,-0.076,0.0071,-0.0773,-0.0656,-0.0185,-0.0098,-0.0021,0.0107,-0.0035,-0.0611,-0.0176,TRUE,TRUE
DTC_L_28,LanSi,1,CW_01,A,2026-03-24 09:56:32+08:00,ONLINE,FALSE,,CW_1_01,PASS,,,51.5570894,_2026032409563289402,T20260324095632,DESKTOP-P2DUL42,Loma,1,CW_1_01,2,paul di,2024.0718.155524,V20260126.2,CW_DTCL_DTCR_STC,T20260324095724,51.5570894,TRUE,TRUE,TRUE,TRUE,TRUE,TRUE,TRUE,4S2RND2HBL06DS,v1.0.1,2025_12_22,313.6765,322.9632,473.9051,302.3577,294.4605,150.7171,147.6093,342.9603,332.9858,490.234,-6.9726,2.3465,-0.0001,0,-0.2274,1.5592,-0.2193,1.5554,0.667,154.46,150.5391,148.5205,153.5342,151.7634,0.8178,0.7863,0.8465,0.7763,0.7763,0.7724,0.7531,0.806,0.7539,0.7531,0.8104,0.7916,0.8036,0.7674,0.7462,0.7327,0.7336,0.7084,0.7084,0.8245,0.4182,0.8359,0.8259,0.4182,0.8411,0.7275,0.7275,0.8329,0.8481,0.8131,0.799,0.7756,0.7275,0,0,0,0,0,v1.0.1,2025_12_22,313.8286,323.0143,474.9507,302.2042,294.1908,149.8684,146.5,343.1688,333,491.2708,-7.006,2.4053,-0.0001,0,-0.2279,1.5573,-0.2194,1.5568,0.6667,160.4639,156.083,162.0625,161.6895,160.0747,0.6743,0.6687,0.6959,0.6924,0.6687,0.6554,0.6246,0.6582,0.6416,0.6246,0.6546,0.6489,0.6516,0.6524,0.6178,0.6247,0.6183,0.599,0.599,0.6793,0.4512,0.6618,0.6868,0.4512,0.6714,0.6411,0.6062,0.6733,0.6814,0.6657,0.6696,0.6372,0.6062,0,0,0,0,0,v1.0.1,2025_12_22,311.9524,315.181,437.125,300.7589,298.2083,183.4,183.456,329.88,326.0424,446.2119,-8.1432,-4.4137,-0.0001,0,-0.2142,1.5664,-0.2134,1.5632,0.6755,174.8672,173.8105,171.792,174.1348,173.6511,0.7756,0.6808,0.7927,0.6551,0.6551,0.7418,0.6305,0.745,0.6691,0.6305,0.7696,0.7438,0.7536,0.6995,0.6995,0.7367,0,0.7324,0.7122,0.7122,0,0,0,0,0,v1.0.1,2025_12_22,312.0189,315.1321,437.8125,300.5714,298.0085,182.7627,182.6016,329.9512,326.1,447.0917,-8.1917,-4.3982,-0.0001,0,-0.2147,1.5648,-0.2135,1.564,0.6751,148.4395,143.3994,142.9482,146.1055,145.2231,0.6594,0.5884,0.669,0.5869,0.5869,0.6184,0.5391,0.6119,0.5904,0.5391,0.63,0.631,0.6386,0.6081,0.6081,0.5984,0.5005,0.5913,0.5705,0.5005,0,0,0,0,0,-0.0066,-0.0792,0.0055,-0.0453,-0.0453,-0.0125,-0.0732,0.002,-0.0143,-0.0151,0.0011,-0.0187,-0.0042,0.0002,-0.0783,-0.0649,-0.0506,-0.0491,0.0139,0.0229,-0.0068,-0.0445,0.0015,-0.023,-0.0124,-0.0142,-0.0594,0.0007,-0.0251,-0.0329,0.006,-0.012,-0.014,0.0106,-0.0534,-0.037,-0.0384,-0.032,-0.0013,-0.0155,-0.0035,-0.1293,-0.0028,-0.1384,-0.124,0.0075,-0.1463,-0.0044,-0.0748,-0.1038,0.0085,-0.0164,0.01,0.0132,0.0105,0.0151,0.0044,-0.0889,0.004,-0.0884,-0.0681,-0.0178,-0.1085,-0.0104,-0.0682,-0.0832,-0.0012,-0.0001,0.0028,0.0032,0.0032,0.0232,0.025,TRUE,TRUE
DTC_R_29,LanSi,1,CW_01,C,2026-03-24 09:58:22+08:00,ONLINE,FALSE,,CW_1_01,PASS,,,51.5511392,_2026032409582252701,T20260324095822,DESKTOP-P2DUL42,Loma,1,CW_1_01,1,paul di,2024.0718.155524,V20260126.2,CW_DTCL_DTCR_STC,T20260324095914,51.5511392,TRUE,TRUE,TRUE,TRUE,TRUE,TRUE,TRUE,4S2RND2HBL0DP6,v1.0.1,2025_12_22,315.2536,317.6449,475.6493,298.0896,295.483,148.7143,149.4211,337.7895,336.14,485.6933,-5.1106,-1.9137,-0.0001,0,-0.2208,1.5538,-0.2204,1.5466,0.6648,155.3643,152.4316,152.377,155.1963,153.8423,0.8668,0.7849,0.8671,0.7684,0.7684,0.8186,0.737,0.8294,0.7501,0.737,0.8276,0.8092,0.8172,0.8119,0.7152,0.7274,0.7742,0.7397,0.7152,0.8494,0.7891,0.8069,0.98,0.7891,0.8349,0.7571,0.7474,0.8307,0.8021,0.7279,0.8435,0.8393,0.7279,0,0,0,0,0,v1.0.1,2025_12_22,315.1594,317.5,476.7153,297.9343,295.2153,147.7361,148.2905,338,336.1391,486.7417,-5.1961,-1.9176,-0.0001,0,-0.22,1.5533,-0.2217,1.5469,0.6646,158.8906,154.1621,162.373,161.5107,159.2341,0.6999,0.6484,0.7052,0.6632,0.6484,0.682,0.6205,0.6758,0.6399,0.6205,0.6654,0.6585,0.6563,0.6517,0.6211,0.6428,0.6219,0.6206,0.6206,0.6799,0.6378,0.6586,0.0722,0.0722,0.6441,0.6441,0.6459,0.6767,0.6461,0.6121,0.6502,0.6709,0.6121,0,0,0,0,0,v1.0.1,2025_12_22,317.0741,328.7593,441.9541,313.9174,302.4567,196.8819,188.3984,343.0488,331.9561,456.9737,-3.1321,8.4162,0,0.0001,-0.2178,1.5599,-0.2101,1.5547,0.6717,176.1533,175.5635,175.5166,177.127,176.0901,0.7885,0.621,0.7992,0.6134,0.6134,0.7647,0.5913,0.7678,0.6274,0.5913,0.7648,0.7544,0.7406,0.7469,0.7406,0.7532,0.6381,0.7401,0,0.6381,0,0,0,0,0,v1.0.1,2025_12_22,317.0476,328.819,442.7768,313.8214,302.336,196.024,187.4959,343.281,332.0439,457.7632,-3.16,8.4417,0,0.0001,-0.2182,1.5599,-0.2107,1.5545,0.6714,146.2373,141.2412,142.7549,144.0957,143.5823,0.6478,0.5527,0.6766,0.5411,0.5411,0.6353,0.5422,0.6425,0.5512,0.5422,0.63,0.6242,0.6372,0.6161,0.6161,0.5899,0.5419,0.5724,0.3397,0.3397,0,0,0,0,0,0.0032,-0.0894,0.001,-0.1012,-0.0952,-0.0093,-0.0736,0.0049,-0.0705,-0.0736,0.0105,-0.0008,0.0086,0.0046,-0.0923,-0.0843,-0.0222,-0.0824,0.0099,0.0053,-0.0095,-0.0631,-0.0045,-0.0661,-0.061,0.0089,-0.0607,0.0116,-0.0341,-0.0437,0.0068,0.0004,-0.0023,-0.0173,-0.036,-0.02,-0.0088,-0.0214,0.0021,0.0063,0.0021,-0.1887,-0.001,-0.1978,-0.173,-0.0021,-0.1624,0.0069,-0.1513,-0.1624,0.014,-0.0001,0.0064,0.0191,0.0017,0.0059,-0.0043,-0.0956,0.0096,-0.1312,-0.1072,-0.0057,-0.0998,0.012,-0.091,-0.0883,0.0003,-0.0101,0.0017,0.0014,0.0014,-0.0165,-0.0111,TRUE,TRUE
DTC_L_29,LanSi,1,CW_01,B,2026-03-24 09:58:22+08:00,ONLINE,FALSE,,CW_1_01,PASS,,,51.5581217,_2026032409582252702,T20260324095822,DESKTOP-P2DUL42,Loma,1,CW_1_01,2,paul di,2024.0718.155524,V20260126.2,CW_DTCL_DTCR_STC,T20260324095914,51.5581217,TRUE,TRUE,TRUE,TRUE,TRUE,TRUE,TRUE,4S2RND2HBL06DS,v1.0.1,2025_12_22,314.1481,323.9259,474.2667,303.8444,294.9007,153.3245,148.1959,343.8041,333.4928,489.6232,-6.4992,3.4044,-0.0001,0,-0.2242,1.5579,-0.2187,1.5541,0.6673,153.7129,149.3213,147.5449,152.708,150.8218,0.8229,0.7786,0.8471,0.7648,0.7648,0.7806,0.7569,0.8073,0.7277,0.7277,0.8104,0.7952,0.8096,0.7734,0.7419,0.7058,0.7339,0.6729,0.6729,0.8234,0.98,0.8116,0.822,0.8116,0.8289,0.7468,0.758,0.8282,0.8418,0.8147,0.7797,0.7768,0.7468,0,0,0,0,0,v1.0.1,2025_12_22,314.0857,323.9786,475.4648,303.5423,294.88,152.3667,147,344,333.705,490.6691,-6.4729,3.4113,-0.0001,0,-0.2254,1.5588,-0.2187,1.5531,0.6669,158.6836,154.375,160.293,159.7705,158.2805,0.685,0.6717,0.6901,0.6812,0.6717,0.6623,0.6303,0.6434,0.6335,0.6303,0.6375,0.6506,0.6558,0.6472,0.6231,0.6198,0.6173,0.601,0.601,0.6831,0.4703,0.6638,0.6786,0.4703,0.6568,0.6465,0.6433,0.6825,0.6852,0.6809,0.6449,0.631,0.631,0,0,0,0,0,v1.0.1,2025_12_22,312.4151,316.1698,437.5455,302.0182,298.547,185.5214,184.0902,330.7787,326.6134,446.2017,-7.6578,-3.3621,-0.0001,0,-0.2121,1.5645,-0.2128,1.5615,0.6753,174.8594,173.5254,171.5596,174.0615,173.5015,0.7727,0.6799,0.7922,0.6466,0.6466,0.7373,0.6422,0.7507,0.6333,0.6333,0.7607,0.7476,0.7562,0.698,0.698,0.722,0,0.7224,0.7064,0.7064,0,0,0,0,0,v1.0.1,2025_12_22,312.4952,316.0571,438.3784,301.7928,298.5372,184.686,183.2893,330.7273,326.6975,446.958,-7.6205,-3.4558,-0.0001,0,-0.2123,1.5644,-0.2125,1.5622,0.6754,147.2188,141.9326,141.5693,144.8652,143.8965,0.6436,0.591,0.6696,0.5795,0.5795,0.6157,0.5557,0.6308,0.5741,0.5557,0.621,0.6297,0.6292,0.6063,0.6063,0.5809,0.5411,0.5666,0.5737,0.5411,0,0,0,0,0,-0.0015,-0.0869,0.0061,-0.0568,-0.0568,-0.0043,-0.0694,0.0033,-0.0405,-0.0405,0.0011,-0.0151,0.0018,0.0062,-0.0826,-0.0918,-0.0503,-0.0846,0.0128,-0.0014,0.0039,-0.0415,-0.0043,-0.0342,-0.0094,-0.0073,-0.0537,-0.0141,-0.0332,-0.0272,-0.0111,-0.0103,-0.0098,0.0054,-0.0481,-0.0419,-0.0394,-0.03,0.0025,-0.0135,-0.0064,-0.1302,-0.0033,-0.1469,-0.1325,0.003,-0.1346,0.0013,-0.1106,-0.101,-0.0004,-0.0126,0.0126,0.0117,-0.0042,0.0051,-0.0114,-0.0863,0.0046,-0.0958,-0.0755,-0.0205,-0.0919,0.0085,-0.0845,-0.0666,-0.0102,-0.0014,-0.0066,0.0014,0.0014,0.0057,0.0003,TRUE,TRUE
DTC_L_30,LanSi,1,CW_01,C,2026-03-24 09:59:57+08:00,ONLINE,FALSE,,CW_1_01,PASS,,,50.8348253,_2026032409595756202,T20260324095957,DESKTOP-P2DUL42,Loma,1,CW_1_01,2,paul di,2024.0718.155524,V20260126.2,CW_DTCL_DTCR_STC,T20260324100048,50.8348253,TRUE,TRUE,TRUE,TRUE,TRUE,TRUE,TRUE,4S2RND2HBL06DS,v1.0.1,2025_12_22,315.0827,322.6992,475.5,302,296.047,151.9329,149.7417,342.5298,334.3235,487.9632,-5.361,1.925,-0.0001,0,-0.2278,1.5593,-0.2189,1.5544,0.6667,154.6768,150.7285,149.0898,154.1748,152.1675,0.8286,0.7913,0.8388,0.7753,0.7753,0.7832,0.7602,0.8006,0.7415,0.7415,0.8196,0.8073,0.7873,0.7883,0.7371,0.7079,0.7258,0.6799,0.6799,0.8181,0.98,0.8113,0.7524,0.7524,0.8395,0.7476,0.72,0.8349,0.8101,0.7628,0.754,0.7878,0.72,0,0,0,0,0,v1.0.1,2025_12_22,315.1087,322.8261,476.5809,301.9559,295.9933,151.0467,148.6382,342.5724,334.4851,488.9627,-5.3388,1.9727,-0.0001,0,-0.228,1.5595,-0.2175,1.5542,0.667,159.0986,155.373,160.9932,160.2363,158.9253,0.6857,0.674,0.7008,0.6872,0.674,0.6582,0.6315,0.6555,0.6376,0.6315,0.6495,0.6503,0.6398,0.6345,0.6126,0.6286,0.6332,0.5995,0.5995,0.6839,0.4332,0.6684,0.6581,0.4332,0.6581,0.6252,0.6137,0.6723,0.6714,0.658,0.6624,0.6491,0.6137,0,0,0,0,0,v1.0.1,2025_12_22,313.2885,314.8654,438.5478,300.4783,299.7603,184.1157,185.5,329.5,327.5,444.6102,-6.5807,-4.7861,-0.0001,0,-0.2138,1.5672,-0.2135,1.5612,0.6753,174.8525,173.7656,172.2256,174.0908,173.7336,0.7667,0.6794,0.7844,0.663,0.663,0.7369,0.6445,0.7443,0.6221,0.6221,0.7509,0.7601,0.7467,0.7075,0.7075,0.7118,0,0.7278,0.6443,0.6443,0,0,0,0,0,v1.0.1,2025_12_22,313.2692,314.8365,439.4052,300.4052,299.625,183.4083,184.521,329.5462,327.5,445.5,-6.6359,-4.7607,-0.0001,0,-0.2134,1.5668,-0.2132,1.5618,0.6755,147.5879,143.2227,141.9004,145.1826,144.4734,0.6556,0.5968,0.6564,0.6013,0.5968,0.6319,0.5547,0.6251,0.5624,0.5547,0.6262,0.6341,0.6457,0.5987,0.5987,0.5797,0.5065,0.593,0.5344,0.5065,0,0,0,0,0,0.0042,-0.0742,-0.0022,-0.0463,-0.0463,-0.0017,-0.0661,-0.0034,-0.0267,-0.0267,0.0103,-0.003,-0.0205,0.0211,-0.0874,-0.0897,-0.0584,-0.0776,0.0075,-0.0017,0.0046,-0.0392,0.0064,-0.0282,-0.0071,-0.0114,-0.0525,-0.002,-0.0291,-0.026,0.0009,-0.0106,-0.0258,-0.0073,-0.0586,-0.0331,-0.0235,-0.0315,0.0033,-0.0089,-0.0124,-0.1307,-0.0111,-0.1305,-0.1161,0.0026,-0.1323,-0.0051,-0.1218,-0.1122,-0.0102,-0.0001,0.0031,0.0212,-0.0144,0.0105,0.0006,-0.0805,-0.0086,-0.074,-0.0582,-0.0043,-0.0929,0.0028,-0.0962,-0.0676,-0.005,0.003,0.0099,-0.0062,-0.0062,0.0045,0.0267,TRUE,TRUE
DTC_R_30,LanSi,1,CW_01,A,2026-03-24 09:59:57+08:00,ONLINE,FALSE,,CW_1_01,PASS,,,50.7271154,_2026032409595767701,T20260324095957,DESKTOP-P2DUL42,Loma,1,CW_1_01,1,paul di,2024.0718.155524,V20260126.2,CW_DTCL_DTCR_STC,T20260324100048,50.7271154,TRUE,TRUE,TRUE,TRUE,TRUE,TRUE,TRUE,4S2RND2HBL0DP6,v1.0.1,2025_12_22,315.146,317.6277,475.597,298.0075,295.411,149.2055,149.4238,337.8344,335.94,484.6533,-5.1964,-2.0343,-0.0001,0,-0.2212,1.5536,-0.2208,1.5464,0.6645,154.0146,150.9268,150.7139,153.5869,152.3105,0.844,0.7736,0.8757,0.752,0.752,0.8197,0.7286,0.8206,0.7107,0.7107,0.817,0.8077,0.8062,0.8004,0.7082,0.7019,0.7255,0.7034,0.7019,0.8339,0.7887,0.8216,0.98,0.7887,0.8509,0.7545,0.7398,0.8241,0.8017,0.7258,0.828,0.8432,0.7258,0,0,0,0,0,v1.0.1,2025_12_22,315.1324,317.5809,476.7464,297.971,295.1233,148.1301,148.2585,338.034,336.0331,485.6159,-5.2413,-2.0336,-0.0001,0,-0.2202,1.5527,-0.2214,1.5465,0.6644,159.6348,154.5762,162.8096,162.6816,159.9255,0.6903,0.6657,0.6978,0.6464,0.6464,0.678,0.6302,0.6701,0.6082,0.6082,0.6535,0.6496,0.6712,0.6493,0.6145,0.6366,0.6126,0.6043,0.6043,0.6804,0.6445,0.6667,0.0981,0.0981,0.6553,0.641,0.6441,0.6715,0.6551,0.6215,0.6284,0.6724,0.6215,0,0,0,0,0,v1.0.1,2025_12_22,316.9151,328.6698,441.9541,313.9174,302.312,196.888,188.4444,343.0714,331.8,456.113,-3.2149,8.2319,0,0.0001,-0.2169,1.5599,-0.2111,1.554,0.6715,175.6699,174.8242,174.957,176.4951,175.4866,0.7909,0.6318,0.8001,0.5966,0.5966,0.751,0.6023,0.7647,0.5803,0.5803,0.7703,0.7537,0.7473,0.7257,0.7257,0.7371,0.6645,0.7271,0,0.6645,0,0,0,0,0,v1.0.1,2025_12_22,317.0095,328.6571,442.7321,313.7321,302.2177,196.0726,187.4622,343.3697,331.8596,457,-3.2438,8.2663,0,0.0001,-0.2176,1.5592,-0.2126,1.5551,0.671,146.6875,141.4844,143.2773,144.667,144.0291,0.6454,0.5594,0.6749,0.5421,0.5421,0.6284,0.541,0.6326,0.5166,0.5166,0.6362,0.6429,0.6412,0.6083,0.6083,0.5829,0.5465,0.567,0.3522,0.3522,0,0,0,0,0,-0.0196,-0.1007,0.0096,-0.1176,-0.1116,-0.0082,-0.082,-0.0039,-0.1099,-0.0999,-0.0001,-0.0023,-0.0024,-0.0069,-0.0993,-0.1098,-0.0709,-0.1187,-0.0056,0.02,-0.0191,-0.0458,-0.0119,-0.0829,-0.063,0.0049,-0.051,0.0059,-0.0658,-0.056,-0.0051,-0.0085,0.0126,-0.0197,-0.0426,-0.0262,-0.0181,-0.0377,0.0026,0.0144,0.0045,-0.1779,-0.0001,-0.2146,-0.1898,-0.0158,-0.1514,0.0038,-0.1984,-0.1734,0.0195,-0.0008,0.0131,-0.0021,-0.0144,-0.0071,-0.0067,-0.0889,0.0079,-0.1302,-0.1062,-0.0126,-0.101,0.0021,-0.1256,-0.1139,0.0065,0.0086,0.0057,-0.0064,-0.0064,-0.0235,-0.0165,TRUE,TRUE
DTC_L_31,LanSi,1,CW_01,A,2026-03-24 10:09:11+08:00,ONLINE,FALSE,,CW_1_01,PASS,,,51.8002715,_2026032410091177202,T20260324100911,DESKTOP-P2DUL42,Loma,1,CW_1_01,2,paul di,2024.0718.155524,V20260126.2,CW_DTCL_DTCR_STC,T20260324101003,51.8002715,TRUE,TRUE,TRUE,TRUE,TRUE,TRUE,TRUE,4S2RND2HBL06DS,v1.0.1,2025_12_22,315.1037,322.6963,475.5,302,296.0884,151.9048,149.7417,342.4702,334.3235,487.9632,-5.3485,1.9069,-0.0001,0,-0.2278,1.5594,-0.2185,1.5545,0.6669,153.2715,149.332,147.9629,152.5557,150.7805,0.8225,0.7963,0.8406,0.7856,0.7856,0.7776,0.7487,0.799,0.7269,0.7269,0.8172,0.8015,0.7987,0.7899,0.7314,0.7087,0.7439,0.6676,0.6676,0.8248,0.98,0.8104,0.75,0.75,0.8461,0.7396,0.7056,0.834,0.8166,0.7598,0.756,0.7779,0.7056,0,0,0,0,0,v1.0.1,2025_12_22,315.1232,322.7319,476.6691,301.9265,295.9459,151.0203,148.625,342.625,334.5333,488.963,-5.3207,1.9533,-0.0001,0,-0.2276,1.5591,-0.2184,1.554,0.6668,158.9014,155.1396,160.8975,160.0615,158.75,0.6797,0.6764,0.6952,0.6804,0.6764,0.6384,0.6282,0.6698,0.6373,0.6282,0.6561,0.6548,0.6481,0.6497,0.6121,0.6313,0.6311,0.592,0.592,0.6757,0.4043,0.6955,0.6665,0.4043,0.6559,0.6281,0.6057,0.6861,0.6709,0.6488,0.6564,0.6435,0.6057,0,0,0,0,0,v1.0.1,2025_12_22,313.2843,314.9804,438.5,300.5,299.7213,184.1475,185.5,329.5,327.5,444.6102,-6.5989,-4.7524,-0.0001,0,-0.2146,1.567,-0.2126,1.5611,0.6752,174.6758,173.6631,171.7969,174.0137,173.5374,0.7663,0.6879,0.7885,0.6591,0.6591,0.729,0.6306,0.7544,0.6311,0.6306,0.7698,0.7626,0.7414,0.7093,0.7093,0.708,0,0.7141,0.6577,0.6577,0,0,0,0,0,v1.0.1,2025_12_22,313.3048,314.8857,439.3826,300.4522,299.5932,183.5,184.5678,329.5678,327.5,445.5,-6.6303,-4.7189,-0.0001,0,-0.2135,1.5663,-0.213,1.562,0.6755,147.416,143.2568,141.9014,145.0674,144.4104,0.6546,0.5921,0.6696,0.59,0.59,0.6239,0.5498,0.6113,0.5542,0.5498,0.619,0.6401,0.6325,0.6202,0.619,0.5694,0.4945,0.5848,0.5532,0.4945,0,0,0,0,0,-0.0019,-0.0692,-0.0004,-0.036,-0.036,-0.0073,-0.0776,-0.005,-0.0413,-0.0413,0.0079,-0.0088,-0.0091,0.0227,-0.0931,-0.0889,-0.0403,-0.0899,0.0142,-0.0026,-0.0014,-0.0368,0.0008,-0.035,-0.0047,-0.0312,-0.0558,0.0123,-0.0294,-0.0293,0.0075,-0.0061,-0.0175,0.0079,-0.0591,-0.0304,-0.0256,-0.039,-0.0049,0.0182,-0.0128,-0.1222,-0.007,-0.1344,-0.12,-0.0053,-0.1462,0.005,-0.1128,-0.1037,0.0087,0.0024,-0.0022,0.023,-0.0182,-0.0032,-0.0004,-0.0852,0.0046,-0.0853,-0.065,-0.0123,-0.0978,-0.011,-0.1044,-0.0725,-0.0122,0.009,-0.0033,0.0153,0.0141,-0.0058,0.0185,TRUE,TRUE
DTC_R_31,LanSi,1,CW_01,B,2026-03-24 10:09:11+08:00,ONLINE,FALSE,,CW_1_01,PASS,,,51.9458821,_2026032410091162701,T20260324100911,DESKTOP-P2DUL42,Loma,1,CW_1_01,1,paul di,2024.0718.155524,V20260126.2,CW_DTCL_DTCR_STC,T20260324101003,51.9458821,TRUE,TRUE,TRUE,TRUE,TRUE,TRUE,TRUE,4S2RND2HBL0DP6,v1.0.1,2025_12_22,315.1324,317.5809,475.6296,298.0444,295.3878,149.2449,149.5197,337.9145,335.8784,484.6284,-5.1904,-2.0174,-0.0001,0,-0.2206,1.5535,-0.2217,1.5467,0.6645,154.7861,151.9512,151.6875,154.4346,153.2148,0.847,0.7692,0.8712,0.7577,0.7577,0.8269,0.7359,0.8225,0.7172,0.7172,0.8209,0.8086,0.7967,0.7981,0.7174,0.7157,0.737,0.7101,0.7101,0.8419,0.8067,0.8083,0.9406,0.8067,0.8459,0.7631,0.7376,0.8279,0.7846,0.6939,0.8389,0.8411,0.6939,0,0,0,0,0,v1.0.1,2025_12_22,315.1606,317.6204,476.7153,297.9343,295.1497,148.1701,148.2905,338,336.0331,485.6159,-5.2302,-2.0319,-0.0001,0,-0.2207,1.5527,-0.221,1.5467,0.6644,159.3896,154.1709,162.625,162.2334,159.6047,0.6967,0.6675,0.7122,0.6525,0.6525,0.6697,0.6346,0.6657,0.6079,0.6079,0.6388,0.6463,0.6584,0.6483,0.6147,0.6305,0.6057,0.6038,0.6038,0.6781,0.6475,0.6618,0.0689,0.0689,0.6497,0.6488,0.6229,0.6614,0.6453,0.6026,0.631,0.6859,0.6026,0,0,0,0,0,v1.0.1,2025_12_22,317.0093,328.7383,441.9818,313.8455,302.4127,196.8968,188.4672,343.2377,331.7895,456.1667,-3.1679,8.277,0,0.0001,-0.2181,1.56,-0.2118,1.5548,0.6712,175.4014,175.0098,175.0801,176.751,175.5605,0.7959,0.6282,0.8087,0.5928,0.5928,0.751,0.6128,0.7596,0.5861,0.5861,0.7785,0.7524,0.7648,0.729,0.729,0.7497,0.6602,0.7279,0,0.6602,0,0,0,0,0,v1.0.1,2025_12_22,316.9906,328.7925,442.7248,313.8899,302.24,196.12,187.5,343.3333,331.9115,457,-3.2266,8.3271,0,0.0001,-0.2175,1.5596,-0.2113,1.5544,0.6713,146.5684,141.5283,143.2139,144.7432,144.0134,0.646,0.5574,0.6827,0.5322,0.5322,0.6403,0.5436,0.6303,0.5101,0.5101,0.6355,0.6415,0.6201,0.604,0.604,0.5853,0.5441,0.5814,0.3667,0.3667,0,0,0,0,0,-0.0166,-0.1051,0.0051,-0.1119,-0.1059,-0.001,-0.0747,-0.002,-0.1034,-0.0934,0.0038,-0.0014,-0.0119,-0.0092,-0.0901,-0.096,-0.0594,-0.112,0.0024,0.0067,-0.0127,-0.044,0.0025,-0.0768,-0.0569,-0.0034,-0.0466,0.0015,-0.0661,-0.0563,-0.0198,-0.0118,-0.0002,-0.0207,-0.0424,-0.0323,-0.025,-0.0382,0.0003,0.0095,0.0095,-0.1815,0.0085,-0.2184,-0.1936,-0.0158,-0.1409,-0.0013,-0.1926,-0.1676,0.0277,-0.0021,0.0306,0.0012,-0.0018,-0.0063,-0.0061,-0.0909,0.0157,-0.1401,-0.1161,-0.0007,-0.0984,-0.0002,-0.1321,-0.1204,0.0058,0.0072,-0.0154,-0.0107,-0.0107,-0.0211,-0.0021,TRUE,TRUE
DTC_R_32,LanSi,1,CW_01,C,2026-03-24 10:11:56+08:00,ONLINE,FALSE,,CW_1_01,FAIL,SFR_VIS_25cm_Ny4_01F_ROI4_Dev,Dev,51.4521728,_2026032410115617701,T20260324101156,DESKTOP-P2DUL42,Loma,1,CW_1_01,1,paul di,2024.0718.155524,V20260126.2,CW_DTCL_DTCR_STC,T20260324101247,51.4521728,TRUE,TRUE,TRUE,TRUE,TRUE,TRUE,TRUE,4S2RND2HBL0DP6,v1.0.1,2025_12_22,315,316.7778,475.1912,296.9044,295.1233,148.1301,149,336.9521,335.7007,484.2381,-5.497,-2.8995,-0.0001,0,-0.2229,1.553,-0.2204,1.5473,0.6642,153.2744,151.5391,151.7236,153.4375,152.4937,0.8612,0.763,0.8593,0.7491,0.7491,0.8052,0.7606,0.82,0.7381,0.7381,0.8187,0.82,0.812,0.8025,0.7175,0.7137,0.7652,0.7385,0.7137,0.8242,0.7902,0.8073,0.469,0.469,0.8538,0.7608,0.7535,0.8213,0.7895,0.1053,0.8336,0.8428,0.1053,0,0,0,0,0,v1.0.1,2025_12_22,314.9281,316.8561,476.1957,296.8333,295.0069,147.0966,148,337,335.8411,485.1656,-5.5057,-2.9097,-0.0001,0,-0.223,1.5535,-0.2196,1.5467,0.6644,158.166,152.9629,161.5146,161.1924,158.459,0.6953,0.655,0.7152,0.6482,0.6482,0.6649,0.6277,0.6675,0.6207,0.6207,0.6477,0.657,0.6398,0.6445,0.6176,0.6313,0.62,0.6167,0.6167,0.6546,0.6446,0.6599,0.1616,0.1616,0.643,0.6426,0.6308,0.6825,0.6403,0.5118,0.6393,0.6591,0.5118,0,0,0,0,0,v1.0.1,2025_12_22,316.9238,327.9238,441.7207,312.7838,302.2787,196,188.1452,342.1855,331.5,455.5,-3.3863,7.3786,0,0.0001,-0.2202,1.5597,-0.2098,1.5565,0.6716,174.0566,174.6104,174.9883,175.4131,174.7671,0.7961,0.6249,0.807,0.6032,0.6032,0.7585,0.6048,0.7688,0.6043,0.6043,0.765,0.7513,0.7517,0.736,0.736,0.7226,0.6646,0.7343,0,0.6646,0,0,0,0,0,v1.0.1,2025_12_22,316.8077,328.0385,442.4513,312.7168,302.1935,195.129,187.1983,342.3884,331.6667,456.4298,-3.4365,7.4405,0,0.0001,-0.2208,1.5608,-0.2098,1.5551,0.6713,145.375,140.0371,142.0918,143.751,142.8137,0.6743,0.5559,0.6703,0.5457,0.5457,0.6371,0.5427,0.6382,0.5513,0.5427,0.6425,0.6245,0.6276,0.6267,0.6245,0.5756,0.5487,0.5877,0.2998,0.2998,0,0,0,0,0,-0.0024,-0.1113,-0.0068,-0.1205,-0.1145,-0.0227,-0.05,-0.0045,-0.0825,-0.0725,0.0016,0.01,0.0034,-0.0048,-0.09,-0.098,-0.0312,-0.0836,-0.0153,0.0057,-0.0141,-0.0565,0.0055,-0.0811,-0.0612,-0.0082,-0.0535,0.0033,-0.0533,-0.0435,-0.0109,-0.0011,-0.0188,-0.0245,-0.0395,-0.0315,-0.0107,-0.0253,-0.0232,0.0076,0.0097,-0.1848,0.0068,-0.208,-0.1832,-0.0083,-0.1489,0.0079,-0.1744,-0.1494,0.0142,-0.0032,0.0175,0.0082,-0.0289,0.0001,0.0222,-0.0924,0.0033,-0.1266,-0.1026,-0.0039,-0.0993,0.0077,-0.0909,-0.0878,0.0128,-0.0098,-0.0079,0.012,0.0098,-0.0308,0.0042,TRUE,TRUE
DTC_L_32,LanSi,1,CW_01,B,2026-03-24 10:11:56+08:00,ONLINE,FALSE,,CW_1_01,PASS,,,51.3065617,_2026032410115632202,T20260324101156,DESKTOP-P2DUL42,Loma,1,CW_1_01,2,paul di,2024.0718.155524,V20260126.2,CW_DTCL_DTCR_STC,T20260324101247,51.3065617,TRUE,TRUE,TRUE,TRUE,TRUE,TRUE,TRUE,4S2RND2HBL06DS,v1.0.1,2025_12_22,314.1533,323.8102,474.2868,303.5074,294.8792,153.0134,148.1961,343.5359,333.3577,490,-6.5254,3.2734,-0.0001,0,-0.2256,1.5579,-0.2178,1.5552,0.6674,153.5371,149.3213,147.7334,152.4082,150.75,0.8207,0.7916,0.8412,0.7802,0.7802,0.769,0.7467,0.7998,0.743,0.743,0.8078,0.8176,0.8153,0.7761,0.7415,0.7153,0.752,0.6956,0.6956,0.8088,0.98,0.8378,0.8163,0.8088,0.8477,0.7879,0.784,0.8388,0.8275,0.8167,0.7939,0.7813,0.7813,0,0,0,0,0,v1.0.1,2025_12_22,314.1087,323.8261,475.3358,303.292,294.6387,152.1097,147.0952,343.7619,333.6296,490.9704,-6.5384,3.292,-0.0001,0,-0.2262,1.5574,-0.2183,1.554,0.6667,159.1982,154.9023,161.0781,160.457,158.9089,0.6901,0.6774,0.7038,0.695,0.6774,0.6639,0.6312,0.66,0.6648,0.6312,0.6432,0.6485,0.6514,0.6321,0.6222,0.6276,0.6274,0.6062,0.6062,0.664,0.3605,0.6706,0.675,0.3605,0.6613,0.6619,0.6386,0.6784,0.6803,0.6842,0.6555,0.6325,0.6325,0,0,0,0,0,v1.0.1,2025_12_22,312.4519,315.9327,437.5304,301.6783,298.5917,185.3917,184.0887,330.629,326.6446,446.1901,-7.6385,-3.5357,-0.0001,0,-0.213,1.5645,-0.2135,1.5617,0.675,174.7715,173.4004,171.7295,173.7744,173.4189,0.7847,0.6762,0.8024,0.6547,0.6547,0.7439,0.631,0.7446,0.6522,0.631,0.7627,0.7585,0.7526,0.6923,0.6923,0.7272,0,0.7225,0.7266,0.7225,0,0,0,0,0,v1.0.1,2025_12_22,312.4466,315.9903,438.4522,301.6174,298.5508,184.5763,183.2417,330.7083,326.6975,447.042,-7.6222,-3.5131,-0.0001,0,-0.2131,1.5649,-0.2129,1.562,0.6752,147.5898,142.3623,142.0889,145.0977,144.2847,0.646,0.5697,0.6713,0.5833,0.5697,0.6356,0.5455,0.6198,0.5611,0.5455,0.6384,0.6337,0.6375,0.6135,0.6135,0.5937,0.5185,0.5779,0.5623,0.5185,0,0,0,0,0,-0.0037,-0.0739,0.0002,-0.0414,-0.0414,-0.0159,-0.0796,-0.0042,-0.0252,-0.0252,-0.0015,0.0073,0.0075,0.0089,-0.083,-0.0823,-0.0322,-0.0619,-0.0018,0.0248,0.009,-0.0358,0.0094,-0.0204,-0.0037,-0.0057,-0.0528,0.0025,-0.0019,-0.0263,-0.0054,-0.0124,-0.0142,-0.0097,-0.049,-0.0341,-0.0293,-0.0248,-0.0166,-0.0067,0.0056,-0.1339,0.0069,-0.1388,-0.1244,0.0096,-0.1458,-0.0048,-0.0917,-0.1033,0.0016,-0.0017,0.009,0.006,0.001,0.0052,-0.009,-0.1076,0.0063,-0.092,-0.0853,-0.0006,-0.1021,-0.0025,-0.0975,-0.0768,0.0072,0.0026,0.0017,0.0086,0.0086,0.0185,0.0116,TRUE,TRUE
DTC_R_33,LanSi,1,CW_01,A,2026-03-24 10:13:42+08:00,ONLINE,FALSE,,CW_1_01,PASS,,,51.486771,_2026032410134287201,T20260324101342,DESKTOP-P2DUL42,Loma,1,CW_1_01,1,paul di,2024.0718.155524,V20260126.2,CW_DTCL_DTCR_STC,T20260324101434,51.486771,TRUE,TRUE,TRUE,TRUE,TRUE,TRUE,TRUE,4S2RND2HBL0DP6,v1.0.1,2025_12_22,315.1407,316.7259,475.5,297,295.5203,148.6892,149.4575,336.6732,336.0331,486.3841,-5.1697,-2.4055,-0.0001,0,-0.2219,1.554,-0.2193,1.5478,0.6652,153.416,150.3066,150.1426,153.2275,151.7732,0.8635,0.7568,0.8408,0.7764,0.7568,0.8163,0.7155,0.8236,0.7884,0.7155,0.8085,0.8163,0.801,0.806,0.6938,0.6837,0.7938,0.7829,0.6837,0.8476,0.7876,0.8221,0.324,0.324,0.8295,0.7418,0.735,0.8341,0.7927,0.7487,0.85,0.8424,0.735,0,0,0,0,0,v1.0.1,2025_12_22,315.1556,316.7185,476.7153,296.9343,295.2448,147.6993,148.1905,336.8503,336.106,487.3377,-5.2176,-2.392,-0.0001,0,-0.2213,1.553,-0.2195,1.5481,0.6651,159.5459,154.7119,162.7773,162.3662,159.8503,0.7027,0.6443,0.7,0.669,0.6443,0.6847,0.628,0.6787,0.6583,0.628,0.6532,0.6593,0.6566,0.6622,0.6106,0.6072,0.6131,0.6476,0.6072,0.6654,0.6512,0.6696,0.1134,0.1134,0.6382,0.6362,0.6335,0.6726,0.6489,0.5421,0.6568,0.6724,0.5421,0,0,0,0,0,v1.0.1,2025_12_22,316.9048,327.7238,441.844,312.7798,302.336,196.368,188.2857,342.0079,331.7778,456.9915,-3.2703,7.6742,0,0.0001,-0.2185,1.5598,-0.2101,1.5557,0.6717,175.0859,174.5439,174.3467,176.3164,175.0732,0.8001,0.6111,0.7513,0.6406,0.6111,0.7516,0.5674,0.7615,0.6965,0.5674,0.7675,0.764,0.7562,0.7182,0.7182,0.7354,0.6518,0.7392,0,0.6518,0,0,0,0,0,v1.0.1,2025_12_22,316.8654,327.8654,442.6727,312.8091,302.252,195.7154,187.3884,342.2975,331.9569,457.8707,-3.2729,7.8116,0,0.0001,-0.2186,1.5601,-0.2105,1.5547,0.6714,146.8916,141.7197,143.4824,145.0146,144.2771,0.6685,0.5396,0.6336,0.5606,0.5396,0.6316,0.531,0.6394,0.5846,0.531,0.6249,0.6315,0.6175,0.6162,0.6162,0.5841,0.5346,0.5773,0.2424,0.2424,0,0,0,0,0,-0.0001,-0.1175,-0.0253,-0.0932,-0.1068,-0.0116,-0.0951,-0.0009,-0.0322,-0.0951,-0.0086,0.0063,-0.0076,-0.0013,-0.1137,-0.128,-0.0026,-0.0392,0.0081,0.0205,-0.0067,-0.0672,-0.0097,-0.0603,-0.0651,0.0116,-0.0532,0.0145,-0.0157,-0.0362,-0.0054,0.0012,-0.002,-0.0068,-0.0465,-0.0556,-0.0176,0.0056,-0.0124,0.0173,0.0137,-0.1986,-0.0489,-0.1706,-0.1753,-0.0152,-0.1863,0.0006,-0.0822,-0.1863,0.0167,0.0095,0.022,-0.0096,-0.0161,0.005,0.0164,-0.1087,-0.0334,-0.1117,-0.1087,-0.0094,-0.111,0.0089,-0.0576,-0.0995,-0.0048,-0.0028,-0.018,0.0015,0.0015,-0.0223,-0.0062,TRUE,TRUE
DTC_L_33,LanSi,1,CW_01,C,2026-03-24 10:13:42+08:00,ONLINE,FALSE,,CW_1_01,PASS,,,51.6124353,_2026032410134275802,T20260324101342,DESKTOP-P2DUL42,Loma,1,CW_1_01,2,paul di,2024.0718.155524,V20260126.2,CW_DTCL_DTCR_STC,T20260324101434,51.6124353,TRUE,TRUE,TRUE,TRUE,TRUE,TRUE,TRUE,4S2RND2HBL06DS,v1.0.1,2025_12_22,315.2222,321.1333,475.7388,300.0299,296.039,149.6558,149.9932,340.9048,334.6296,486.9556,-5.1754,0.2359,-0.0001,0,-0.2302,1.5589,-0.2186,1.5538,0.666,154.3262,150.3281,148.3486,153.7939,151.6992,0.8199,0.8074,0.8305,0.789,0.789,0.7909,0.7434,0.8004,0.7382,0.7382,0.8188,0.796,0.8282,0.7645,0.785,0.7138,0.7324,0.6631,0.6631,0.8192,0.4631,0.8157,0.783,0.4631,0.8333,0.7081,0.7682,0.8436,0.8176,0.7483,0.773,0.77,0.7081,0,0,0,0,0,v1.0.1,2025_12_22,315.1533,321.1898,476.8088,300.0368,296,148.5855,148.9247,341.1027,334.708,488,-5.181,0.283,-0.0001,0,-0.2296,1.5598,-0.2187,1.5536,0.6663,158.6309,154.6621,160.0547,159.6494,158.2493,0.6776,0.6792,0.6989,0.6831,0.6776,0.6671,0.6357,0.6527,0.6373,0.6357,0.6501,0.6589,0.6601,0.6427,0.6233,0.6229,0.6243,0.5948,0.5948,0.6921,0.4636,0.6729,0.6682,0.4636,0.6395,0.6051,0.6308,0.6705,0.6583,0.6453,0.6719,0.6357,0.6051,0,0,0,0,0,v1.0.1,2025_12_22,313.4587,313.4404,438.8214,298.7589,299.7917,182.075,185.5447,327.878,327.5948,443.5345,-6.4577,-6.3626,-0.0001,-0.0001,-0.2161,1.5666,-0.2119,1.562,0.6752,174.6045,173.5771,171.6221,173.918,173.4304,0.7733,0.6929,0.7963,0.6592,0.6592,0.738,0.6268,0.7495,0.633,0.6268,0.7646,0.7478,0.7395,0.6777,0.6777,0.7308,0,0.7238,0.6421,0.6421,0,0,0,0,0,v1.0.1,2025_12_22,313.3784,313.4505,439.6087,298.6435,299.5932,181.5,184.6612,328.2231,327.641,444.5128,-6.5235,-6.234,-0.0001,-0.0001,-0.2163,1.5662,-0.2138,1.5619,0.6745,146.9521,142.7061,141.1299,144.3867,143.7937,0.6533,0.5937,0.6672,0.6029,0.5937,0.6218,0.5465,0.616,0.5577,0.5465,0.6252,0.6209,0.6294,0.5827,0.5827,0.5826,0.5052,0.588,0.5351,0.5052,0,0,0,0,0,-0.0045,-0.0581,-0.0105,-0.0326,-0.0326,0.006,-0.0829,-0.0036,-0.03,-0.03,0.0095,-0.0143,0.0204,-0.0027,-0.0395,-0.0838,-0.0518,-0.0944,0.0086,0.0027,-0.0035,-0.034,0.0045,-0.0323,-0.0035,-0.0025,-0.0483,-0.0048,-0.0294,-0.0218,0.0015,-0.002,-0.0055,0.0009,-0.0479,-0.0388,-0.0324,-0.0362,0.0115,-0.0044,-0.0058,-0.1172,0.0008,-0.1343,-0.1199,0.0037,-0.15,0.0001,-0.1109,-0.1075,0.0035,-0.0124,-0.0041,-0.0086,0.0046,0.0065,-0.0017,-0.0836,0.0022,-0.0724,-0.0613,-0.0144,-0.1011,-0.0063,-0.1009,-0.0758,-0.006,-0.0102,-0.0064,-0.0222,-0.0222,0.0074,0.0217,TRUE,TRUE
DTC_L_34,LanSi,1,CW_01,A,2026-03-24 10:15:52+08:00,ONLINE,FALSE,,CW_1_01,PASS,,,51.7181035,_2026032410155202102,T20260324101552,DESKTOP-P2DUL42,Loma,1,CW_1_01,2,paul di,2024.0718.155524,V20260126.2,CW_DTCL_DTCR_STC,T20260324101643,51.7181035,TRUE,TRUE,TRUE,TRUE,TRUE,TRUE,TRUE,4S2RND2HBL06DS,v1.0.1,2025_12_22,315.1103,322.8309,475.3284,302.1642,296.0608,152.4324,149.543,342.6026,334.3235,488.0368,-5.4268,2.1134,-0.0001,0,-0.2278,1.5589,-0.2183,1.5545,0.6668,152.8643,149.334,147.7314,152.1807,150.5276,0.8228,0.7987,0.8415,0.7893,0.7893,0.7759,0.752,0.7993,0.7284,0.7284,0.8038,0.8139,0.8017,0.7643,0.7311,0.7019,0.7391,0.6675,0.6675,0.8216,0.4924,0.8161,0.7732,0.4924,0.8469,0.9195,0.7588,0.8463,0.8116,0.7646,0.7693,0.7728,0.7588,0,0,0,0,0,v1.0.1,2025_12_22,315.0429,322.8929,476.3309,302.0735,296,151.5,148.4238,342.8344,334.4519,489.0741,-5.4501,2.175,-0.0001,0,-0.2279,1.5596,-0.2186,1.554,0.6668,159.3057,155.6201,161.5293,160.9043,159.3398,0.6765,0.6592,0.7071,0.6944,0.6592,0.6699,0.6166,0.6503,0.6377,0.6166,0.6504,0.6498,0.6482,0.6255,0.6164,0.625,0.6306,0.5858,0.5858,0.6776,0.237,0.6816,0.6613,0.237,0.6695,0.638,0.6566,0.6769,0.6701,0.6576,0.6653,0.6436,0.638,0,0,0,0,0,v1.0.1,2025_12_22,313.233,315,438.4298,300.5702,299.7167,184.7667,185.3719,329.5868,327.431,444.6724,-6.6635,-4.5808,-0.0001,0,-0.2142,1.5669,-0.2131,1.5612,0.6752,173.9482,173.7539,171.7764,173.7764,173.3137,0.7698,0.6901,0.7877,0.6608,0.6608,0.7358,0.6345,0.7568,0.6211,0.6211,0.7562,0.7498,0.7452,0.6902,0.6902,0.7076,0,0.7122,0.6536,0.6536,0,0,0,0,0,v1.0.1,2025_12_22,313.1923,314.9615,439.2632,300.5,299.6116,183.9091,184.3697,329.6807,327.5,445.5,-6.7126,-4.5897,-0.0001,0,-0.2137,1.567,-0.2132,1.5611,0.6753,147.9043,143.5078,142.5234,145.8682,144.9509,0.6431,0.5879,0.6715,0.6029,0.5879,0.6224,0.5414,0.6245,0.5647,0.5414,0.6389,0.6209,0.6385,0.6044,0.6044,0.5751,0.3192,0.5804,0.5631,0.3192,0,0,0,0,0,-0.0016,-0.0668,0.0005,-0.0323,-0.0323,-0.009,-0.0743,-0.0047,-0.0398,-0.0398,-0.0055,0.0036,-0.0061,-0.0029,-0.0934,-0.0957,-0.0451,-0.09,0.011,0.0031,-0.0046,-0.054,0.0127,-0.021,-0.0219,0.0003,-0.0674,-0.0072,-0.029,-0.0409,0.0018,-0.0111,-0.0174,-0.0163,-0.0548,-0.0367,-0.0261,-0.0452,-0.003,0.0043,-0.0093,-0.12,-0.0078,-0.1327,-0.1183,0.0015,-0.1423,0.0074,-0.1228,-0.1132,-0.0049,-0.0104,0.0016,0.0039,-0.0186,-0.0051,-0.0119,-0.0894,0.0065,-0.0724,-0.0671,-0.0138,-0.1062,0.0022,-0.0939,-0.0809,0.0077,-0.0102,0.0027,-0.0005,-0.0005,-0.0001,0.0141,TRUE,TRUE
DTC_R_34,LanSi,1,CW_01,B,2026-03-24 10:15:52+08:00,ONLINE,FALSE,,CW_1_01,PASS,,,51.5216288,_2026032410155222601,T20260324101552,DESKTOP-P2DUL42,Loma,1,CW_1_01,1,paul di,2024.0718.155524,V20260126.2,CW_DTCL_DTCR_STC,T20260324101643,51.5216288,TRUE,TRUE,TRUE,TRUE,TRUE,TRUE,TRUE,4S2RND2HBL0DP6,v1.0.1,2025_12_22,314.9398,317.2857,474.8676,297.5809,295.1389,147.7847,149.3467,337.7667,335.2887,485.2887,-5.5836,-2.3587,-0.0001,0,-0.2221,1.554,-0.2225,1.5497,0.6648,155.0918,152.5879,152.2344,154.5889,153.6257,0.8673,0.8282,0.8641,0.8138,0.8138,0.8168,0.788,0.821,0.7542,0.7542,0.8169,0.8178,0.7985,0.8041,0.7672,0.7619,0.721,0.7391,0.721,0.8371,0.7954,0.8128,0.98,0.7954,0.8459,0.7815,0.7853,0.8221,0.7979,0.8374,0.7957,0.8339,0.7815,0,0,0,0,0,v1.0.1,2025_12_22,314.8913,317.1739,475.8768,297.2681,295.0616,146.7945,148.1233,337.9452,335.3662,486.2324,-5.6362,-2.4172,-0.0001,0,-0.2225,1.5544,-0.2234,1.5498,0.6646,158.6875,153.8174,162.2354,161.2871,159.0068,0.6989,0.6894,0.7063,0.6891,0.6891,0.6739,0.6543,0.6704,0.6368,0.6368,0.6394,0.6617,0.6495,0.6418,0.6333,0.6431,0.5876,0.6182,0.5876,0.6768,0.6786,0.6641,0.1654,0.1654,0.65,0.6424,0.6571,0.6834,0.6781,0.5876,0.6608,0.6821,0.5876,0,0,0,0,0,v1.0.1,2025_12_22,316.8037,328.6262,441.3509,313.5088,302.168,196,188.192,343.168,331.1892,457.2613,-3.5592,8.2128,0,0.0001,-0.2203,1.5604,-0.2121,1.5589,0.6717,176.1592,175.626,175.6172,176.8604,176.0657,0.7887,0.6523,0.8111,0.6858,0.6523,0.7563,0.6392,0.7533,0.6329,0.6329,0.7608,0.7381,0.7309,0.7137,0.7137,0.7361,0.6608,0.7189,0,0.6608,0,0,0,0,0,v1.0.1,2025_12_22,316.8667,328.6476,442.1351,313.4234,302.0976,195.2114,187.3417,343.275,331.2522,458.0522,-3.5614,8.2219,0,0.0001,-0.2204,1.56,-0.2119,1.5596,0.6718,146.2051,141.2852,142.9385,144.0254,143.6135,0.6441,0.567,0.6666,0.5948,0.567,0.6444,0.5749,0.6294,0.5612,0.5612,0.631,0.6237,0.6286,0.6114,0.6114,0.5891,0.5366,0.5885,0.3804,0.3804,0,0,0,0,0,0.0037,-0.0461,-0.002,-0.0558,-0.0498,-0.0111,-0.0226,-0.0035,-0.0664,-0.0564,-0.0002,0.0078,-0.0101,-0.0032,-0.0403,-0.0498,-0.0754,-0.083,-0.0024,0.0112,-0.0105,-0.0221,-0.0034,-0.0402,-0.0203,0.0008,-0.0269,0.0062,-0.0372,-0.0274,-0.0192,0.0036,-0.0091,-0.0272,-0.0238,-0.0197,-0.0431,-0.0238,-0.001,0.0118,0.0023,-0.1574,0.0109,-0.1254,-0.1341,-0.0105,-0.1145,-0.0076,-0.1458,-0.1208,0.01,-0.0164,-0.0033,-0.0141,-0.0154,-0.0153,-0.008,-0.0813,-0.0004,-0.0775,-0.0813,0.0034,-0.0671,-0.0011,-0.081,-0.0693,0.0013,-0.0106,-0.0069,-0.0033,-0.0033,-0.0173,0.005,TRUE,TRUE
DTC_R_35,LanSi,1,CW_01,C,2026-03-24 10:23:56+08:00,ONLINE,FALSE,,CW_1_01,PASS,,,51.6152308,_2026032410235612301,T20260324102356,DESKTOP-P2DUL42,Loma,1,CW_1_01,1,paul di,2024.0718.155524,V20260126.2,CW_DTCL_DTCR_STC,T20260324102447,51.6152308,TRUE,TRUE,TRUE,TRUE,TRUE,TRUE,TRUE,4S2RND2HBL0DP6,v1.0.1,2025_12_22,315.0827,316.6992,475.2612,296.8955,295.2483,147.7724,149.0952,336.7619,335.6939,484.5442,-5.4237,-2.9653,-0.0001,0,-0.2225,1.5534,-0.2198,1.5481,0.6648,153.584,151.9385,151.376,153.3848,152.5708,0.8601,0.7778,0.8678,0.7753,0.7753,0.8071,0.7323,0.8143,0.7298,0.7298,0.8133,0.8079,0.8143,0.8065,0.7192,0.7041,0.7613,0.7836,0.7041,0.8596,0.7962,0.8175,0.98,0.7962,0.8372,0.7548,0.7537,0.8278,0.7912,0.7569,0.8241,0.8391,0.7537,0,0,0,0,0,v1.0.1,2025_12_22,315.0652,316.7971,476.2993,296.854,295.0616,146.7945,148,337,335.8784,485.6284,-5.4391,-2.8852,-0.0001,0,-0.2225,1.5532,-0.2198,1.5476,0.6646,158.5684,152.0049,159.9434,161.2207,157.9343,0.7045,0.6558,0.7077,0.6584,0.6558,0.6709,0.635,0.6652,0.6255,0.6255,0.6472,0.6552,0.6484,0.6513,0.6235,0.6353,0.6151,0.6274,0.6151,0.6784,0.6407,0.6501,0.0729,0.0729,0.6457,0.6316,0.6352,0.6653,0.6633,0.5987,0.6355,0.6637,0.5987,0,0,0,0,0,v1.0.1,2025_12_22,316.8774,327.7736,441.6847,312.7568,302.2742,195.8548,188.1452,342.1855,331.6466,455.8276,-3.3744,7.3797,0,0.0001,-0.2192,1.56,-0.211,1.5555,0.6713,175.4932,176.1035,175.8232,176.5986,176.0046,0.7996,0.6192,0.8051,0.6136,0.6136,0.7568,0.6166,0.7608,0.6102,0.6102,0.7607,0.7628,0.7584,0.7483,0.7483,0.7507,0.6479,0.7361,0,0.6479,0,0,0,0,0,v1.0.1,2025_12_22,316.8476,328,442.4513,312.7168,302.0826,195.0496,187.1721,342.3443,331.5948,456.7414,-3.4703,7.4704,0,0.0001,-0.2206,1.5597,-0.2097,1.5562,0.6714,145.5713,139.2051,140.9307,143.8398,142.3867,0.6578,0.5425,0.6601,0.5561,0.5425,0.6383,0.543,0.6463,0.5527,0.543,0.6152,0.6202,0.6269,0.6185,0.6152,0.6167,0.5353,0.6023,0.3595,0.3595,0,0,0,0,0,-0.0035,-0.0965,0.0017,-0.0943,-0.0883,-0.0208,-0.0783,-0.0102,-0.0908,-0.0808,-0.0038,-0.0021,0.0057,-0.0008,-0.0883,-0.1076,-0.0351,-0.0385,0.0201,0.0159,-0.0049,-0.0557,-0.002,-0.0709,-0.0536,-0.0022,-0.0462,0.001,-0.0485,-0.0387,-0.0114,-0.0029,-0.0102,-0.0177,-0.0336,-0.0275,-0.0156,-0.0146,0.0006,-0.0022,0.0132,-0.1905,0.0049,-0.1976,-0.1728,-0.01,-0.1371,-0.0001,-0.1685,-0.1435,0.0099,0.0083,0.0242,0.0205,-0.0008,0.0019,0.0057,-0.1058,-0.0069,-0.1162,-0.1058,-0.0027,-0.099,0.0158,-0.0895,-0.0875,-0.0145,-0.0141,-0.0086,0.0038,0.0005,0.0103,0.0188,TRUE,TRUE
DTC_L_35,LanSi,1,CW_01,B,2026-03-24 10:23:56+08:00,ONLINE,FALSE,,CW_1_01,PASS,,,51.4127724,_2026032410235632602,T20260324102356,DESKTOP-P2DUL42,Loma,1,CW_1_01,2,paul di,2024.0718.155524,V20260126.2,CW_DTCL_DTCR_STC,T20260324102447,51.4127724,TRUE,TRUE,TRUE,TRUE,TRUE,TRUE,TRUE,4S2RND2HBL06DS,v1.0.1,2025_12_22,314.2148,322.2222,474.3615,301.8,294.8389,151.5168,148,341.9521,333.2837,488.5106,-6.5602,1.7003,-0.0001,0,-0.2263,1.5573,-0.2176,1.5561,0.6674,154.2393,150.4365,148.3242,153.3506,151.5876,0.8168,0.779,0.8352,0.7888,0.779,0.778,0.7427,0.8022,0.7415,0.7415,0.8171,0.815,0.8148,0.7585,0.7331,0.712,0.7736,0.7098,0.7098,0.8155,0.98,0.8233,0.8305,0.8155,0.828,0.699,0.7437,0.8441,0.8055,0.8196,0.8053,0.7693,0.699,0,0,0,0,0,v1.0.1,2025_12_22,314.1957,322.1667,475.5662,301.6618,294.702,150.5497,147,342.0479,333.5,489.5,-6.5072,1.6852,-0.0001,0,-0.2259,1.5572,-0.2178,1.5554,0.6672,157.8066,154.3613,159.6299,158.7959,157.6484,0.6772,0.661,0.6853,0.6951,0.661,0.6569,0.6146,0.6594,0.6424,0.6146,0.6384,0.6458,0.6586,0.6363,0.6191,0.6255,0.6503,0.6134,0.6134,0.664,0.488,0.6626,0.6813,0.488,0.6545,0.6151,0.6096,0.6745,0.6715,0.6795,0.6787,0.6225,0.6096,0,0,0,0,0,v1.0.1,2025_12_22,312.5421,314.4673,437.6372,300.2301,298.623,183.7623,183.85,329.0167,326.5583,444.6833,-7.6579,-5.0681,-0.0001,-0.0001,-0.2128,1.5642,-0.2121,1.5631,0.6756,174.4043,173.5459,171.2754,173.7646,173.2476,0.7834,0.6555,0.7916,0.6588,0.6555,0.7285,0.6166,0.7579,0.6327,0.6166,0.7707,0.7538,0.7557,0.6896,0.6896,0.7366,0,0.7293,0.7329,0.7293,0,0,0,0,0,v1.0.1,2025_12_22,312.5,314.4727,438.4324,300.1351,298.418,183.0492,183.0583,329.1167,326.5424,445.5763,-7.7098,-5.03,-0.0001,-0.0001,-0.2128,1.5635,-0.2121,1.5636,0.6755,146.3252,142.1357,140.8955,143.8457,143.3005,0.6555,0.5647,0.6703,0.5926,0.5647,0.6107,0.5503,0.6273,0.5694,0.5503,0.6319,0.6417,0.6466,0.5949,0.5949,0.5979,0.4999,0.5776,0.5975,0.4999,0,0,0,0,0,-0.0076,-0.0865,-0.0058,-0.0328,-0.0426,-0.0069,-0.0836,-0.0018,-0.0267,-0.0267,0.0078,0.0047,0.007,-0.0087,-0.0914,-0.0856,-0.0106,-0.0477,0.0049,0.0103,-0.0039,-0.0522,-0.0091,-0.0203,-0.0201,-0.0127,-0.0694,0.0019,-0.0243,-0.0429,-0.0102,-0.0151,-0.007,-0.0055,-0.0521,-0.0362,-0.0064,-0.0176,-0.0166,-0.0147,0.0043,-0.1546,-0.0039,-0.1347,-0.1236,-0.0058,-0.1602,0.0085,-0.1112,-0.1177,0.0096,-0.0064,0.0121,0.0033,0.0104,0.012,0.0005,-0.1126,0.0053,-0.0827,-0.0903,-0.0255,-0.0973,0.005,-0.0892,-0.072,0.0007,0.0106,0.0108,-0.01,-0.01,0.0227,0.0113,TRUE,TRUE
DTC_L_36,LanSi,1,CW_01,C,2026-03-24 10:26:51+08:00,ONLINE,FALSE,,CW_1_01,PASS,,,51.4962247,_2026032410265138402,T20260324102651,DESKTOP-P2DUL42,Loma,1,CW_1_01,2,paul di,2024.0718.155524,V20260126.2,CW_DTCL_DTCR_STC,T20260324102742,51.4962247,TRUE,TRUE,TRUE,TRUE,TRUE,TRUE,TRUE,4S2RND2HBL06DS,v1.0.1,2025_12_22,315.0657,321.9708,475.5758,301.1061,296.1589,151.1656,149.9048,341.7619,334.5224,487.1716,-5.2545,1.1352,-0.0001,0,-0.2287,1.56,-0.2187,1.553,0.6664,153.0293,148.4199,147.1084,152.457,150.2537,0.8287,0.7941,0.8496,0.7732,0.7732,0.7781,0.7487,0.7986,0.7429,0.7429,0.8064,0.7943,0.8025,0.7555,0.7404,0.7238,0.7292,0.6858,0.6858,0.8263,0.98,0.8123,0.7742,0.7742,0.8459,0.7296,0.7004,0.839,0.8024,0.7704,0.7612,0.7769,0.7004,0,0,0,0,0,v1.0.1,2025_12_22,315.1071,322.0429,476.6765,300.9632,296.1133,150.28,148.7877,341.9589,334.7464,488.3551,-5.2138,1.22,-0.0001,0,-0.2292,1.5601,-0.2187,1.5527,0.6663,157.9482,153.584,159.3213,159.1631,157.5042,0.6861,0.6682,0.7048,0.6663,0.6663,0.661,0.6337,0.656,0.6446,0.6337,0.6496,0.6513,0.6579,0.6297,0.6151,0.6206,0.6181,0.6034,0.6034,0.6703,0.3515,0.6752,0.6568,0.3515,0.6552,0.6072,0.5922,0.6765,0.6817,0.6654,0.6647,0.6342,0.5922,0,0,0,0,0,v1.0.1,2025_12_22,313.2593,314.2685,438.6087,299.6435,299.8051,183.6356,185.4344,328.7787,327.5,443.9,-6.5785,-5.4547,-0.0001,-0.0001,-0.2156,1.5676,-0.2125,1.5609,0.6751,174.4805,172.6445,170.8535,173.9912,172.9924,0.7848,0.67,0.7839,0.6515,0.6515,0.7291,0.64,0.7517,0.6288,0.6288,0.7527,0.7598,0.7564,0.6848,0.6848,0.7319,0,0.7146,0.6595,0.6595,0,0,0,0,0,v1.0.1,2025_12_22,313.2381,314.2095,439.4298,299.5702,299.7355,182.8017,184.4672,328.9754,327.5378,444.8487,-6.6183,-5.4189,-0.0001,-0.0001,-0.215,1.5679,-0.2137,1.5613,0.6751,146.2422,141.6045,140.5898,144.3486,143.1963,0.6625,0.5814,0.6629,0.5778,0.5778,0.624,0.5637,0.6181,0.5649,0.5637,0.6185,0.6313,0.6274,0.5881,0.5881,0.5825,0.4747,0.574,0.5367,0.4747,0,0,0,0,0,0.0043,-0.0714,0.0086,-0.0484,-0.0484,-0.0068,-0.0776,-0.0054,-0.0253,-0.0253,-0.0029,-0.016,-0.0053,-0.0117,-0.0841,-0.0738,-0.055,-0.0717,0.0157,-0.0007,0.005,-0.045,0.0104,-0.0491,-0.0148,-0.0086,-0.0503,-0.0015,-0.0221,-0.0238,0.001,-0.0096,-0.0077,-0.0121,-0.0561,-0.0411,-0.0386,-0.0276,-0.0103,-0.0021,0.0057,-0.1401,-0.0116,-0.142,-0.1276,-0.0052,-0.1368,0.0023,-0.1151,-0.1055,-0.0084,-0.0004,0.0128,-0.0015,0.0057,-0.0027,0.0075,-0.0959,-0.0021,-0.0975,-0.0772,-0.0122,-0.0839,-0.0042,-0.0937,-0.0586,-0.0127,0.0002,-0.0084,-0.0168,-0.0168,0.0073,0.0077,TRUE,TRUE
DTC_R_36,LanSi,1,CW_01,A,2026-03-24 10:26:51+08:00,ONLINE,FALSE,,CW_1_01,PASS,,,51.5610509,_2026032410265133401,T20260324102651,DESKTOP-P2DUL42,Loma,1,CW_1_01,1,paul di,2024.0718.155524,V20260126.2,CW_DTCL_DTCR_STC,T20260324102742,51.5610509,TRUE,TRUE,TRUE,TRUE,TRUE,TRUE,TRUE,4S2RND2HBL0DP6,v1.0.1,2025_12_22,314.8467,317.8102,474.6765,297.9632,295.089,148.0479,149.2632,338.3487,335.2238,485.5455,-5.6802,-1.9569,-0.0001,0,-0.223,1.5544,-0.2229,1.5494,0.6645,154.6982,152.2998,152.0391,154.3242,153.3403,0.8636,0.8015,0.8647,0.81,0.8015,0.8106,0.7794,0.8287,0.7498,0.7498,0.823,0.8192,0.7991,0.8096,0.7374,0.7738,0.7033,0.7243,0.7033,0.8522,0.7515,0.8087,0.98,0.7515,0.8447,0.7109,0.7857,0.8275,0.8127,0.8529,0.7652,0.8333,0.7109,0,0,0,0,0,v1.0.1,2025_12_22,314.9281,317.8561,475.8467,297.8102,295,147,148.0789,338.5,335.4085,486.5,-5.6476,-1.9667,-0.0001,0,-0.2234,1.5542,-0.2226,1.5494,0.6644,159.6572,154.4297,162.9473,162.1104,159.7861,0.693,0.696,0.7168,0.681,0.681,0.6774,0.6593,0.6655,0.6504,0.6504,0.6652,0.6419,0.64,0.6632,0.6359,0.6292,0.585,0.6301,0.585,0.6949,0.6327,0.6616,0.2725,0.2725,0.6371,0.6301,0.6618,0.6674,0.6611,0.5972,0.639,0.7,0.5972,0,0,0,0,0,v1.0.1,2025_12_22,316.6604,329.066,441.2035,314.0265,302.0984,196.123,188.024,343.544,331.2018,457.7018,-3.6624,8.5923,0,0.0001,-0.2197,1.5612,-0.2116,1.5577,0.6719,175.4434,174.8965,174.6348,176.2461,175.3052,0.794,0.6895,0.8006,0.6876,0.6876,0.7545,0.6587,0.7583,0.6418,0.6418,0.7606,0.7532,0.7326,0.7212,0.7212,0.7393,0.6531,0.7312,0,0.6531,0,0,0,0,0,v1.0.1,2025_12_22,316.6296,329.1574,442.0541,313.9459,301.96,195.528,187.2975,343.6364,331.3333,458.4298,-3.6451,8.6395,0,0.0001,-0.2202,1.5609,-0.211,1.557,0.6717,146.9297,142.1357,143.6152,144.7119,144.3481,0.6556,0.5881,0.6678,0.577,0.577,0.6356,0.5759,0.6291,0.5611,0.5611,0.6333,0.641,0.6255,0.6184,0.6184,0.5929,0.5362,0.5476,0.4216,0.4216,0,0,0,0,0,0,-0.0728,-0.0014,-0.0596,-0.0621,-0.0173,-0.0312,0.0042,-0.0708,-0.0608,0.0059,0.0092,-0.0095,0.0023,-0.0701,-0.0379,-0.0931,-0.0978,0.0127,0.0071,-0.0164,-0.0155,0.0071,-0.0483,-0.0284,0.0043,-0.0219,0.0013,-0.0236,-0.0138,0.0066,-0.0162,-0.0186,-0.0058,-0.0212,-0.0336,-0.0457,-0.0119,0.0171,0.0093,0.0076,-0.1202,0.0004,-0.1236,-0.0988,-0.0123,-0.095,-0.0026,-0.1369,-0.1119,0.0098,-0.0013,-0.0016,-0.0066,-0.0122,-0.003,0.0035,-0.0602,0.0008,-0.0953,-0.0713,-0.0054,-0.0661,-0.0014,-0.0811,-0.0694,0.0036,0.0067,-0.01,0.0037,0.0037,-0.0135,-0.0359,TRUE,TRUE
DTC_L_37,LanSi,1,CW_01,A,2026-03-24 10:28:29+08:00,ONLINE,FALSE,,CW_1_01,PASS,,,51.6784486,_2026032410282987802,T20260324102829,DESKTOP-P2DUL42,Loma,1,CW_1_01,2,paul di,2024.0718.155524,V20260126.2,CW_DTCL_DTCR_STC,T20260324102921,51.6784486,TRUE,TRUE,TRUE,TRUE,TRUE,TRUE,TRUE,4S2RND2HBL06DS,v1.0.1,2025_12_22,314.0657,322.9416,474.2681,302.558,294.8867,151.9667,148.2133,342.72,333.3688,489.4752,-6.5395,2.4323,-0.0001,0,-0.226,1.5586,-0.2182,1.5549,0.6673,153.8467,150.043,148.3291,153.4697,151.4221,0.8198,0.7744,0.832,0.7796,0.7744,0.7902,0.7546,0.8069,0.7421,0.7421,0.8128,0.8153,0.8138,0.7677,0.7284,0.7095,0.7672,0.6956,0.6956,0.8189,0.98,0.8208,0.8135,0.8135,0.8414,0.803,0.7525,0.8383,0.8224,0.8283,0.781,0.7636,0.7525,0,0,0,0,0,v1.0.1,2025_12_22,314.0429,322.8929,475.3571,302.4286,294.7386,150.9739,147.0816,342.966,333.5915,490.5,-6.5377,2.4523,-0.0001,0,-0.2257,1.5585,-0.2191,1.5542,0.667,159.3057,155.2979,161.1455,160.7979,159.1367,0.6821,0.6763,0.6937,0.6847,0.6763,0.6599,0.6425,0.6518,0.6523,0.6425,0.6481,0.6582,0.6416,0.6331,0.6252,0.6196,0.6394,0.604,0.604,0.6634,0.3456,0.6662,0.6796,0.3456,0.6568,0.6547,0.6364,0.6836,0.693,0.6775,0.6634,0.623,0.623,0,0,0,0,0,v1.0.1,2025_12_22,312.3365,315.0769,437.4602,300.8584,298.3902,184.187,184.0244,329.6667,326.4957,445.5556,-7.7586,-4.4311,-0.0001,0,-0.2126,1.5641,-0.2127,1.5622,0.6752,173.9004,172.9023,171.2109,173.748,172.9404,0.7761,0.6665,0.7929,0.6763,0.6665,0.7291,0.6326,0.7618,0.6479,0.6326,0.7774,0.7629,0.7574,0.7011,0.7011,0.7321,0,0.7332,0.7271,0.7271,0,0,0,0,0,v1.0.1,2025_12_22,312.2885,315,438.4513,300.7168,298.453,183.4786,183.1393,329.7131,326.547,446.5214,-7.7242,-4.414,-0.0001,0,-0.2122,1.5655,-0.2129,1.5623,0.6757,147.5273,142.9141,141.9355,145.7705,144.5369,0.6555,0.5555,0.6819,0.5992,0.5555,0.6335,0.5617,0.6235,0.5775,0.5617,0.6221,0.6342,0.6423,0.5993,0.5993,0.5772,0.5118,0.5947,0.5676,0.5118,0,0,0,0,0,-0.0046,-0.0911,-0.009,-0.042,-0.0472,0.0053,-0.0717,0.0029,-0.0261,-0.0261,0.0035,0.005,0.006,0.0005,-0.0961,-0.0881,-0.017,-0.0619,0.0083,0.0078,0.001,-0.0369,-0.0007,-0.0307,-0.0048,-0.0097,-0.0415,-0.0057,-0.0144,-0.015,-0.0005,-0.0027,-0.024,-0.0087,-0.046,-0.0421,-0.0173,-0.027,-0.0172,-0.0111,-0.003,-0.1436,-0.0026,-0.1172,-0.1126,-0.0052,-0.1442,0.0124,-0.096,-0.1017,0.0163,0.0027,0.0138,0.0148,0.0059,0.0159,0.0005,-0.1218,0.0169,-0.0761,-0.0995,-0.0027,-0.0859,0.0012,-0.0811,-0.0606,-0.0091,0.0031,0.0065,-0.0056,-0.0056,0.002,0.0284,TRUE,TRUE
DTC_R_37,LanSi,1,CW_01,B,2026-03-24 10:28:30+08:00,ONLINE,FALSE,,CW_1_01,FAIL,SFR_VIS_25cm_Ny4_01F_ROI2_Dev;SFR_VIS_25cm_Ny4_01F_ROI4_Dev;SFR_VIS_25cm_Ny4_01F_Min_Dev,Dev,51.5138883,_2026032410283005601,T20260324102830,DESKTOP-P2DUL42,Loma,1,CW_1_01,1,paul di,2024.0718.155524,V20260126.2,CW_DTCL_DTCR_STC,T20260324102921,51.5138883,TRUE,TRUE,TRUE,TRUE,TRUE,TRUE,TRUE,4S2RND2HBL0DP6,v1.0.1,2025_12_22,315.1583,317.2878,475.5,297.8333,295.5743,148.6351,149.4575,337.6732,336,486.5,-5.162,-1.9141,-0.0001,0,-0.2202,1.5547,-0.2219,1.5477,0.6651,153.7861,151.5977,151.5312,153.6396,152.6387,0.8581,0.7505,0.8684,0.7311,0.7311,0.8097,0.7323,0.8232,0.774,0.7323,0.8175,0.8096,0.8003,0.811,0.7079,0.7226,0.788,0.7812,0.7079,0.8415,0.7812,0.7976,0.98,0.7812,0.8393,0.7524,0.7477,0.8263,0.7852,0.7471,0.8576,0.8512,0.7471,0,0,0,0,0,v1.0.1,2025_12_22,315.1583,317.2878,476.6923,297.5455,295.3172,147.6621,148.3268,337.7386,336.0728,487.4702,-5.1865,-1.9592,-0.0001,0,-0.2211,1.5538,-0.2215,1.548,0.6648,160.1543,155.0859,163.374,163.1299,160.436,0.7061,0.651,0.714,0.6496,0.6496,0.6779,0.6256,0.6722,0.6626,0.6256,0.6675,0.6532,0.6469,0.6538,0.6221,0.6227,0.6232,0.6299,0.6221,0.6815,0.662,0.6545,0.2436,0.2436,0.6551,0.6341,0.655,0.6746,0.6421,0.6469,0.6632,0.6823,0.6341,0,0,0,0,0,v1.0.1,2025_12_22,316.9626,328.6449,441.8393,313.625,302.2656,196.5,188.296,343.04,331.713,457.4522,-3.2847,8.3524,0,0.0001,-0.2192,1.5595,-0.2109,1.5563,0.6714,175.71,175.4785,175.4824,176.7119,175.8457,0.7959,0.5986,0.8118,0.6009,0.5986,0.7518,0.5871,0.7638,0.671,0.5871,0.7662,0.757,0.7388,0.7397,0.7388,0.7524,0.6349,0.7257,0,0.6349,0,0,0,0,0,v1.0.1,2025_12_22,316.9626,328.6449,442.6154,313.547,302.296,195.808,187.4262,343.2623,331.8632,458.2222,-3.2673,8.3969,0,0.0001,-0.2191,1.5603,-0.2119,1.5558,0.6713,147.4023,142.1562,143.9795,145.5859,144.781,0.6647,0.537,0.659,0.5455,0.537,0.6341,0.5372,0.6467,0.5889,0.5372,0.6341,0.6356,0.6286,0.634,0.6286,0.6005,0.5291,0.5767,0.4189,0.4189,0,0,0,0,0,-0.0055,-0.1238,0.0023,-0.1385,-0.1325,-0.0182,-0.0783,-0.0013,-0.0466,-0.0783,0.0004,-0.0004,-0.0083,0.0037,-0.0996,-0.0891,-0.0084,-0.0409,0.002,-0.004,-0.0033,-0.0605,0.0043,-0.0797,-0.0598,0.0048,-0.0556,0.008,-0.0114,-0.0386,0.0089,-0.0049,-0.0117,-0.0152,-0.035,-0.0401,-0.0075,-0.0121,0.0037,0.0022,0.0095,-0.2111,0.0116,-0.2103,-0.1878,-0.015,-0.1666,0.0029,-0.1077,-0.1666,0.0154,0.0025,0.0046,0.0119,0.0009,-0.0085,0.0126,-0.1113,-0.008,-0.1268,-0.1113,-0.0069,-0.1048,0.0162,-0.0533,-0.0933,0.0044,0.0013,-0.0069,0.0193,0.0139,-0.0059,-0.0068,TRUE,TRUE
DTC_L_38,LanSi,1,CW_01,B,2026-03-24 10:32:36+08:00,ONLINE,FALSE,,CW_1_01,PASS,,,52.1895936,_2026032410323602402,T20260324103236,DESKTOP-P2DUL42,Loma,1,CW_1_01,2,paul di,2024.0718.155524,V20260126.2,CW_DTCL_DTCR_STC,T20260324103328,52.1895936,TRUE,TRUE,TRUE,TRUE,TRUE,TRUE,TRUE,4S2RND2HBL06DS,v1.0.1,2025_12_22,314.1397,322.6765,474.2222,302,294.6333,151.7067,148.0789,342.5,333.2394,489.5,-6.6373,2.1766,-0.0001,0,-0.2279,1.5567,-0.2183,1.5563,0.6667,152.6309,148.4863,146.5957,151.7822,149.8738,0.8261,0.7855,0.8467,0.7857,0.7855,0.7833,0.7321,0.8016,0.7537,0.7321,0.8279,0.8141,0.814,0.7689,0.7207,0.7004,0.7532,0.7144,0.7004,0.8189,0.98,0.8313,0.8238,0.8189,0.8325,0.718,0.7298,0.8225,0.8357,0.8017,0.8082,0.7655,0.718,0,0,0,0,0,v1.0.1,2025_12_22,314.1087,322.8261,475.3309,302.0735,294.5359,150.6863,147.0268,342.6711,333.3688,490.4752,-6.6258,2.2464,-0.0001,0,-0.2275,1.5571,-0.2177,1.5559,0.6669,158.1699,153.873,159.5273,159.5674,157.7844,0.6855,0.6708,0.7026,0.6887,0.6708,0.6509,0.6196,0.6565,0.6611,0.6196,0.6625,0.6543,0.6609,0.6348,0.6175,0.6118,0.6377,0.6107,0.6107,0.6821,0.347,0.6724,0.6874,0.347,0.6522,0.6597,0.6348,0.6846,0.6936,0.6726,0.669,0.6292,0.6292,0,0,0,0,0,v1.0.1,2025_12_22,312.2476,314.8286,437.4298,300.5263,298.4098,184.1393,183.9274,329.5323,326.4068,445.6441,-7.8157,-4.5659,-0.0001,0,-0.2132,1.5648,-0.2136,1.5625,0.6751,173.8369,172.6621,170.5625,173.168,172.5574,0.7804,0.6568,0.8105,0.67,0.6568,0.7334,0.6273,0.758,0.6714,0.6273,0.7751,0.7667,0.7577,0.6936,0.6936,0.7294,0,0.7308,0.7066,0.7066,0,0,0,0,0,v1.0.1,2025_12_22,312.1905,314.7333,438.292,300.4071,298.2917,183.375,183.0488,329.4878,326.5,446.5,-7.8354,-4.5994,-0.0001,0,-0.2126,1.5649,-0.2132,1.5621,0.6753,146.9209,141.6992,140.9248,144.6436,143.5471,0.6686,0.565,0.6631,0.6055,0.565,0.6239,0.5357,0.6245,0.589,0.5357,0.6351,0.6278,0.633,0.6039,0.6039,0.5974,0.4574,0.5726,0.5704,0.4574,0,0,0,0,0,0.0017,-0.08,0.0057,-0.0359,-0.0361,-0.0016,-0.0942,-0.0024,-0.0145,-0.0361,0.0186,0.0038,0.0062,0.0017,-0.1038,-0.0972,-0.031,-0.0431,0.0083,0.0183,0.0044,-0.0424,0.0082,-0.0267,-0.0103,-0.0187,-0.0644,-0.001,-0.0056,-0.0379,0.0139,-0.0066,-0.0047,-0.007,-0.0537,-0.0499,-0.019,-0.0203,0.0015,-0.0049,0.0013,-0.1533,0.015,-0.1235,-0.1223,-0.0009,-0.1495,0.0086,-0.0725,-0.107,0.014,0.0065,0.0141,0.0073,0.0032,0.0135,0.0136,-0.1123,-0.0019,-0.0698,-0.09,-0.0123,-0.1119,0.0022,-0.0696,-0.0866,0.0039,-0.0033,-0.0028,-0.001,-0.001,0.0222,0.0063,TRUE,TRUE
DTC_R_38,LanSi,1,CW_01,C,2026-03-24 10:32:36+08:00,ONLINE,FALSE,,CW_1_01,FAIL,SFR_VIS_25cm_Ny4_03F_ROI6;SFR_VIS_25cm_Ny4_03F_Min;SFR_VIS_25cm_Ny4_03F_ROI6_Dev;SFR_VIS_25cm_Ny4_03F_Min_Dev,sfr_25Algo,52.2284901,_2026032410323602501,T20260324103236,DESKTOP-P2DUL42,Loma,1,CW_1_01,1,paul di,2024.0718.155524,V20260126.2,CW_DTCL_DTCR_STC,T20260324103328,52.2284901,TRUE,TRUE,TRUE,TRUE,TRUE,TRUE,TRUE,4S2RND2HBL0DP6,v1.0.1,2025_12_22,314.9343,316.1533,474.7388,296.1045,295.0966,147,149.2237,336.5,335.292,484,-5.6429,-3.5484,-0.0001,0,-0.2243,1.5535,-0.2217,1.5496,0.6643,153.7725,151.0625,151.1982,154.0938,152.5317,0.8657,0.8531,0.8781,0.8034,0.8034,0.8078,0.6489,0.8298,0.7252,0.6489,0.8261,0.8059,0.8003,0.8068,0.7504,0.6627,0.741,0.6645,0.6627,0.8429,0.8122,0.813,0.98,0.8122,0.8341,0.777,0.764,0.8235,0.789,0.8578,0.7367,0.838,0.7367,0,0,0,0,0,v1.0.1,2025_12_22,314.9209,316.1367,475.8723,296,295.034,145.932,148.0667,336.56,335.4532,485.0072,-5.6306,-3.5728,-0.0001,0,-0.2239,1.554,-0.2213,1.5493,0.6645,159.3438,154.415,162.8027,161.9551,159.6292,0.7122,0.7109,0.7181,0.6903,0.6903,0.6774,0.5754,0.6637,0.6247,0.5754,0.6712,0.6503,0.6429,0.6556,0.6289,0.5895,0.6143,0.5965,0.5895,0.6843,0.6673,0.653,0.249,0.249,0.6431,0.6579,0.6509,0.6734,0.674,0.6566,0.6398,0.6865,0.6398,0,0,0,0,0,v1.0.1,2025_12_22,316.6972,327.6239,441.2679,312.2679,302.065,195.1626,188.0492,342.0164,331.2018,455.9561,-3.6438,7.1054,0,0.0001,-0.2221,1.5603,-0.2109,1.5577,0.6712,174.9229,174.3223,174.2373,176.0273,174.8774,0.7955,0.698,0.8149,0.6737,0.6737,0.7506,0.5482,0.7666,0.6039,0.5482,0.7593,0.7457,0.7552,0.7172,0.7172,0.7518,0.6704,0.7303,0,0.6704,0,0,0,0,0,v1.0.1,2025_12_22,316.713,327.6759,442.0273,312.3364,301.9106,194.3659,187.1855,342.2177,331.4035,456.6316,-3.652,7.1455,0,0.0001,-0.2213,1.5597,-0.2113,1.5568,0.671,146.2549,141.5303,143.207,144.5645,143.8892,0.6535,0.6041,0.6746,0.5868,0.5868,0.6357,0.504,0.6383,0.5334,0.504,0.6282,0.6235,0.6353,0.6099,0.6099,0.6104,0.5425,0.5819,0.4167,0.4167,0,0,0,0,0,0.0021,-0.0212,0.012,-0.0662,-0.0602,-0.0201,-0.1617,0.0053,-0.0954,-0.1617,0.009,-0.0041,-0.0083,-0.0005,-0.0571,-0.149,-0.0554,-0.1576,0.0034,0.0114,0.0028,-0.0006,0.0084,-0.039,-0.0191,0.0043,-0.1058,-0.0005,-0.0493,-0.0888,0.0126,-0.0078,-0.0157,-0.0134,-0.0282,-0.0733,-0.0164,-0.0455,0.0065,0.0007,0.0091,-0.1117,0.0147,-0.1375,-0.1127,-0.0162,-0.2055,0.0057,-0.1748,-0.2055,0.0085,-0.0088,0.021,-0.0106,0.0003,-0.0039,0.0014,-0.0442,0.0076,-0.0855,-0.0615,-0.0053,-0.138,0.0078,-0.1088,-0.1265,-0.0015,-0.0108,-0.0002,-0.0048,-0.0048,0.004,-0.0016,TRUE,TRUE
DTC_R_39,LanSi,1,CW_01,A,2026-03-24 10:34:10+08:00,ONLINE,FALSE,,CW_1_01,FAIL,SFR_VIS_25cm_Ny4_01F_ROI2_Dev,Dev,51.1029222,_2026032410341015201,T20260324103410,DESKTOP-P2DUL42,Loma,1,CW_1_01,1,paul di,2024.0718.155524,V20260126.2,CW_DTCL_DTCR_STC,T20260324103501,51.1029222,TRUE,TRUE,TRUE,TRUE,TRUE,TRUE,TRUE,4S2RND2HBL0DP6,v1.0.1,2025_12_22,315.1691,316.7647,475.5,297,295.5442,148.5986,149.3514,336.9324,335.8993,485.3289,-5.2072,-2.5751,-0.0001,0,-0.2221,1.5541,-0.2205,1.5479,0.6648,152.0879,151.8076,151.6396,153.7285,152.3159,0.8648,0.7529,0.8618,0.7852,0.7529,0.8156,0.7305,0.8209,0.7369,0.7305,0.8247,0.8188,0.8007,0.8046,0.7013,0.7156,0.7964,0.7862,0.7013,0.8446,0.7397,0.8154,0.3267,0.3267,0.8535,0.7491,0.748,0.8242,0.7967,0.7417,0.8242,0.8518,0.7417,0,0,0,0,0,v1.0.1,2025_12_22,315.1522,316.7609,476.5821,296.9627,295.3673,147.5918,148.1986,337,336,486.4145,-5.24,-2.554,-0.0001,0,-0.2215,1.5539,-0.2201,1.548,0.6651,155.8604,151.9082,159.9297,160.5547,157.0632,0.7046,0.6581,0.7084,0.6716,0.6581,0.6658,0.6277,0.6741,0.629,0.6277,0.6594,0.6584,0.6413,0.6578,0.606,0.6261,0.6317,0.6427,0.606,0.6818,0.6197,0.6553,0.1042,0.1042,0.6459,0.629,0.6482,0.6753,0.6602,0.5764,0.6359,0.6688,0.5764,0,0,0,0,0,v1.0.1,2025_12_22,316.9135,327.7788,441.7207,312.7838,302.336,196.368,188.2419,342.1774,331.5702,456.4386,-3.3435,7.6093,0,0.0001,-0.2191,1.5598,-0.2109,1.5569,0.6717,173.9443,176.2256,176.0215,177.0068,175.7996,0.7984,0.6022,0.8087,0.6463,0.6022,0.7542,0.5894,0.7699,0.6167,0.5894,0.7589,0.7641,0.7474,0.7477,0.7474,0.732,0.6448,0.7285,0,0.6448,0,0,0,0,0,v1.0.1,2025_12_22,316.8762,327.8952,442.6789,312.8624,302.224,195.616,187.3417,342.275,331.7155,457.0948,-3.3327,7.6487,0,0.0001,-0.2184,1.56,-0.21,1.5559,0.6719,143.3359,139.0664,140.9238,142.9414,141.5669,0.656,0.5306,0.6654,0.5843,0.5306,0.6308,0.5321,0.6379,0.5597,0.5321,0.6324,0.6307,0.6359,0.6239,0.6239,0.5866,0.5391,0.5889,0.3448,0.3448,0,0,0,0,0,0.0012,-0.1214,-0.0043,-0.0844,-0.1107,-0.0123,-0.0801,-0.0036,-0.0837,-0.0801,0.0076,0.0088,-0.0079,-0.0027,-0.1062,-0.0961,0,-0.0359,0.0051,0.0138,-0.0048,-0.0534,-0.0013,-0.0577,-0.0513,-0.0073,-0.0535,0.0099,-0.045,-0.0365,0.0008,0.0003,-0.0173,-0.0112,-0.0511,-0.0367,0.001,0.0007,0.004,0.003,0.012,-0.2075,0.0085,-0.1649,-0.1842,-0.0126,-0.1643,0.009,-0.162,-0.1643,0.0081,0.0096,0.0132,0.0199,-0.0195,-0.0057,0.0039,-0.1177,-0.0016,-0.088,-0.1177,-0.0102,-0.1099,0.0074,-0.0825,-0.0984,0.0027,-0.0036,0.0004,0.0092,0.0092,-0.0198,0.0054,TRUE,TRUE
DTC_L_39,LanSi,1,CW_01,C,2026-03-24 10:34:10+08:00,ONLINE,FALSE,,CW_1_01,PASS,,,51.2375625,_2026032410341001802,T20260324103410,DESKTOP-P2DUL42,Loma,1,CW_1_01,2,paul di,2024.0718.155524,V20260126.2,CW_DTCL_DTCR_STC,T20260324103501,51.2375625,TRUE,TRUE,TRUE,TRUE,TRUE,TRUE,TRUE,4S2RND2HBL06DS,v1.0.1,2025_12_22,314.1791,321.8881,474.3824,301.2868,294.9073,151.4636,148.3245,341.5894,333.3239,488.4859,-6.4766,1.4427,-0.0001,0,-0.2274,1.5577,-0.2177,1.5559,0.6671,154.1924,150.4238,145.4424,153.9756,151.0085,0.821,0.7771,0.8426,0.7881,0.7771,0.785,0.7214,0.8001,0.746,0.7214,0.7986,0.8008,0.8031,0.7714,0.7192,0.6889,0.7669,0.6895,0.6889,0.8045,0.98,0.8152,0.8363,0.8045,0.8328,0.7495,0.7457,0.8377,0.8286,0.7934,0.8035,0.7671,0.7457,0,0,0,0,0,v1.0.1,2025_12_22,314.1277,322,475.4307,301.2847,294.72,150.4333,147.1419,341.7635,333.5385,489.5245,-6.5083,1.5012,-0.0001,0,-0.2272,1.5576,-0.2173,1.5549,0.667,157.6582,154.2422,158.293,158.627,157.2051,0.6795,0.6626,0.6948,0.6771,0.6626,0.6671,0.6075,0.6578,0.65,0.6075,0.6419,0.6436,0.666,0.6353,0.6001,0.606,0.6427,0.5981,0.5981,0.6645,0.3845,0.6728,0.6786,0.3845,0.6541,0.6454,0.6171,0.6713,0.6505,0.6634,0.6705,0.6356,0.6171,0,0,0,0,0,v1.0.1,2025_12_22,312.3942,314.1154,437.5714,299.8125,298.623,183.7623,184.0887,328.629,326.5,444.6102,-7.6645,-5.3141,-0.0001,-0.0001,-0.2133,1.565,-0.2121,1.5626,0.6756,174.7891,173.9473,167.9307,174.1777,172.7112,0.784,0.6377,0.7953,0.6486,0.6377,0.7397,0.5991,0.75,0.6526,0.5991,0.7739,0.7664,0.7629,0.6968,0.6968,0.7334,0,0.7304,0.7181,0.7181,0,0,0,0,0,v1.0.1,2025_12_22,312.2885,314.1346,438.4522,299.6174,298.4553,183.0163,183.1393,328.7131,326.5,445.5,-7.7329,-5.3037,-0.0001,-0.0001,-0.214,1.5652,-0.2119,1.5625,0.6754,146.1514,141.9219,139.8193,143.9619,142.9636,0.6568,0.5638,0.672,0.5917,0.5638,0.6279,0.53,0.6222,0.574,0.53,0.635,0.6342,0.6384,0.6064,0.6064,0.5883,0.4936,0.5739,0.5708,0.4936,0,0,0,0,0,-0.0034,-0.0884,0.0016,-0.0335,-0.0445,0.0001,-0.1049,-0.0039,-0.0222,-0.0468,-0.0107,-0.0095,-0.0047,0.0042,-0.1053,-0.1087,-0.0173,-0.068,-0.0061,0.0022,-0.0016,-0.0506,0.0004,-0.0383,-0.0185,-0.0025,-0.0765,0.0003,-0.0167,-0.05,-0.0067,-0.0173,0.0004,-0.0065,-0.0711,-0.0557,-0.014,-0.0329,-0.0161,-0.0045,0.0049,-0.1724,-0.0002,-0.1449,-0.1414,0.0054,-0.1777,0.0006,-0.0913,-0.1352,0.0128,0.0062,0.0193,0.0105,0.0072,0.0131,0.0018,-0.1135,0.007,-0.0836,-0.0912,-0.0083,-0.1176,-0.0001,-0.0846,-0.0923,0.0038,0.0031,0.0026,0.0015,0.0015,0.0131,0.0076,TRUE,TRUE
DTC_R_40,LanSi,1,CW_01,B,2026-03-24 10:35:48+08:00,ONLINE,FALSE,,CW_1_01,PASS,,,51.230679,_2026032410354819001,T20260324103548,DESKTOP-P2DUL42,Loma,1,CW_1_01,1,paul di,2024.0718.155524,V20260126.2,CW_DTCL_DTCR_STC,T20260324103639,51.230679,TRUE,TRUE,TRUE,TRUE,TRUE,TRUE,TRUE,4S2RND2HBL0DP6,v1.0.1,2025_12_22,314.8913,316.1739,474.7778,296.1333,295.0822,146.8562,149.2303,336.5066,335.2714,484.1429,-5.6494,-3.5374,-0.0001,0,-0.2242,1.5538,-0.2216,1.5495,0.6644,154.3047,151.8193,151.2363,154.2842,152.9111,0.864,0.816,0.8747,0.8135,0.8135,0.8207,0.7428,0.8305,0.7404,0.7404,0.7961,0.8009,0.8091,0.8123,0.6942,0.6705,0.7418,0.6903,0.6705,0.84,0.8003,0.8047,0.5344,0.5344,0.8267,0.7503,0.7739,0.8136,0.802,0.799,0.7613,0.8371,0.7503,0,0,0,0,0,v1.0.1,2025_12_22,314.8921,316.223,475.9143,296.0214,295.0408,145.8367,148.0608,336.7297,335.6056,485.1338,-5.5973,-3.5111,-0.0001,0,-0.2243,1.5543,-0.2218,1.5483,0.6641,160.04,155.3271,163.6172,162.916,160.4751,0.6987,0.6795,0.7215,0.6883,0.6795,0.6812,0.6387,0.6675,0.6438,0.6387,0.6505,0.6477,0.6495,0.6503,0.5999,0.5884,0.6028,0.5995,0.5884,0.6711,0.6535,0.6698,0.4406,0.4406,0.6521,0.6389,0.6504,0.6713,0.6571,0.6792,0.6366,0.6835,0.6366,0,0,0,0,0,v1.0.1,2025_12_22,316.6636,327.5818,441.2832,312.3186,301.935,194.8374,187.9024,342,331.0982,456.0536,-3.7235,7.0583,0,0.0001,-0.2214,1.5598,-0.211,1.5584,0.6715,175.3682,175.0225,174.4062,176.6709,175.3669,0.7997,0.6704,0.8074,0.6815,0.6704,0.7457,0.6869,0.7676,0.6171,0.6171,0.7481,0.7596,0.748,0.7212,0.7212,0.7478,0.6667,0.7238,0,0.6667,0,0,0,0,0,v1.0.1,2025_12_22,316.6606,327.6881,442.0642,312.3761,301.9339,194.0496,187.0826,342.157,331.2832,456.8053,-3.6951,7.1152,0,0.0001,-0.221,1.5605,-0.2107,1.5575,0.6716,147.3916,142.6855,144.1191,145.4072,144.9009,0.6619,0.5853,0.6722,0.599,0.5853,0.6403,0.6104,0.6427,0.5501,0.5501,0.6146,0.6315,0.6239,0.6233,0.6146,0.5956,0.5475,0.5856,0.5397,0.5397,0,0,0,0,0,0.0004,-0.0583,0.0086,-0.0561,-0.0501,-0.0072,-0.0678,0.006,-0.0802,-0.0702,-0.021,-0.0091,0.0005,0.005,-0.1133,-0.1412,-0.0546,-0.1318,0.0005,0.0031,-0.0107,-0.032,0.0118,-0.041,-0.0299,0.0081,-0.0425,0.0033,-0.0302,-0.0255,-0.0081,-0.0104,-0.0091,-0.0187,-0.0572,-0.0744,-0.0279,-0.0425,-0.0067,0.0175,0.0133,-0.1393,0.0072,-0.1297,-0.116,-0.0211,-0.0668,0.0067,-0.1616,-0.1366,-0.0027,0.0051,0.0138,-0.0066,-0.0037,-0.0104,0.0098,-0.063,0.0052,-0.0733,-0.063,-0.0007,-0.0316,0.0122,-0.0921,-0.0804,-0.0151,-0.0028,-0.0116,0.0086,-0.0001,-0.0108,0.0021,TRUE,TRUE
DTC_L_40,LanSi,1,CW_01,A,2026-03-24 10:35:48+08:00,ONLINE,FALSE,,CW_1_01,PASS,,,51.1798158,_2026032410354825402,T20260324103548,DESKTOP-P2DUL42,Loma,1,CW_1_01,2,paul di,2024.0718.155524,V20260126.2,CW_DTCL_DTCR_STC,T20260324103639,51.1798158,TRUE,TRUE,TRUE,TRUE,TRUE,TRUE,TRUE,4S2RND2HBL06DS,v1.0.1,2025_12_22,314.1522,323.7609,474.3088,303.2574,294.7933,152.4733,148.0952,343.7619,333.2786,490.7143,-6.5744,3.2935,-0.0001,0,-0.2268,1.5577,-0.2194,1.5562,0.6669,153.0684,149.21,147.125,152.3516,150.4387,0.82,0.7935,0.8386,0.7836,0.7836,0.7855,0.7319,0.8038,0.7509,0.7319,0.799,0.824,0.805,0.7653,0.7211,0.7056,0.7561,0.6927,0.6927,0.8081,0.98,0.8238,0.8261,0.8081,0.8328,0.7782,0.765,0.8463,0.8315,0.8094,0.7934,0.7702,0.765,0,0,0,0,0,v1.0.1,2025_12_22,314.1079,323.777,475.3577,303.1971,294.66,151.46,147,344,333.5845,491.7113,-6.558,3.3291,-0.0001,0,-0.2264,1.5579,-0.2199,1.5548,0.6666,158.8799,155.0215,160.7979,160.3818,158.7703,0.6756,0.6695,0.691,0.6819,0.6695,0.6567,0.6252,0.6513,0.647,0.6252,0.6521,0.6574,0.646,0.6357,0.6251,0.6203,0.6312,0.5977,0.5977,0.6643,0.4828,0.6704,0.6697,0.4828,0.6487,0.6725,0.6431,0.6726,0.6597,0.6738,0.6806,0.6233,0.6233,0,0,0,0,0,v1.0.1,2025_12_22,312.1682,315.8037,437.4522,301.6174,298.3629,184.7823,183.7377,330.5984,326.4132,446.7273,-7.8732,-3.5942,-0.0001,0,-0.2122,1.5653,-0.2142,1.5619,0.6752,174.5039,173.3164,171.2285,173.9658,173.2537,0.7785,0.6734,0.7904,0.6723,0.6723,0.7422,0.6194,0.743,0.6578,0.6194,0.7754,0.7623,0.7564,0.6974,0.6974,0.7234,0,0.729,0.7286,0.7234,0,0,0,0,0,v1.0.1,2025_12_22,312.1905,315.7333,438.3846,301.453,298.3884,184.0909,182.9919,330.629,326.453,447.5214,-7.8183,-3.6145,-0.0001,0,-0.2122,1.5658,-0.2143,1.5625,0.6755,147.5146,142.7021,142.0918,145.4434,144.438,0.6573,0.5724,0.6586,0.5898,0.5724,0.6277,0.5312,0.6366,0.5796,0.5312,0.6351,0.6269,0.6319,0.6105,0.6105,0.5922,0.5455,0.5797,0.5646,0.5455,0,0,0,0,0,-0.0044,-0.072,-0.0024,-0.038,-0.038,0.0006,-0.0944,-0.0002,-0.0173,-0.0363,-0.0103,0.0137,-0.0028,-0.0019,-0.1034,-0.092,-0.0281,-0.0648,-0.0025,0.0108,-0.0055,-0.0437,-0.0034,-0.0335,-0.0116,-0.0129,-0.0588,-0.0062,-0.0197,-0.0323,0.0035,-0.0035,-0.0196,-0.0061,-0.0461,-0.0414,-0.0255,-0.0333,-0.0163,-0.0069,-0.0006,-0.1367,-0.0051,-0.1212,-0.1068,0.0079,-0.1574,-0.0064,-0.0861,-0.1149,0.0143,0.0021,0.0128,0.0111,-0.0028,0.0117,0.0023,-0.1049,-0.0064,-0.0855,-0.0826,-0.0085,-0.1164,0.0143,-0.079,-0.0911,0.0039,-0.0042,-0.0039,0.0056,0.0056,0.017,0.0134,TRUE,TRUE
DTC_R_41,LanSi,1,CW_01,C,2026-03-24 10:37:29+08:00,ONLINE,FALSE,,CW_1_01,PASS,,,51.5764905,_2026032410372962001,T20260324103729,DESKTOP-P2DUL42,Loma,1,CW_1_01,1,paul di,2024.0718.155524,V20260126.2,CW_DTCL_DTCR_STC,T20260324103821,51.5764905,TRUE,TRUE,TRUE,TRUE,TRUE,TRUE,TRUE,4S2RND2HBL0DP6,v1.0.1,2025_12_22,314.9343,316.1533,474.6963,296.0815,295.0828,147,149.2829,336.5789,335.2302,483.9281,-5.6547,-3.5516,-0.0001,0,-0.2245,1.5535,-0.2222,1.5499,0.6642,155.1719,152.2539,152.2578,155.1211,153.7012,0.8609,0.814,0.8679,0.8246,0.814,0.8214,0.7263,0.8129,0.7578,0.7263,0.8135,0.8076,0.797,0.8054,0.7432,0.7272,0.7276,0.6768,0.6768,0.8273,0.7819,0.8161,0.98,0.7819,0.8433,0.7693,0.7698,0.8279,0.7983,0.8253,0.7231,0.848,0.7231,0,0,0,0,0,v1.0.1,2025_12_22,314.9571,316.1071,475.7842,296,294.9586,146.069,148.1216,336.723,335.3643,484.85,-5.6628,-3.5502,-0.0001,0,-0.2239,1.5532,-0.2224,1.5499,0.6642,160.126,154.4297,162.9541,162.6387,160.0371,0.7018,0.6845,0.7094,0.7001,0.6845,0.68,0.6285,0.6737,0.6334,0.6285,0.654,0.6541,0.6619,0.6631,0.6289,0.6263,0.6155,0.5869,0.5869,0.6859,0.6585,0.6647,0.2416,0.2416,0.6373,0.6598,0.6609,0.6784,0.6656,0.6466,0.624,0.6744,0.624,0,0,0,0,0,v1.0.1,2025_12_22,316.8667,327.6476,441.2632,312.3684,302.1707,195.0813,188.1371,342.0323,331.2124,456.0088,-3.57,7.1277,0,0.0001,-0.2217,1.5599,-0.2108,1.559,0.6716,176.0508,175.3418,175.6914,177.0273,176.0278,0.7921,0.6942,0.8195,0.6949,0.6942,0.7549,0.6384,0.7671,0.6252,0.6252,0.7534,0.765,0.7509,0.7248,0.7248,0.744,0.6627,0.7361,0,0.6627,0,0,0,0,0,v1.0.1,2025_12_22,316.7615,327.6972,442.0909,312.3273,302.041,194.3115,187.2377,342.2623,331.3652,456.7739,-3.6007,7.1744,0,0.0001,-0.2215,1.5604,-0.2115,1.5576,0.6713,147.1006,141.6836,143.5693,144.9268,144.3201,0.6481,0.5975,0.6775,0.6011,0.5975,0.6418,0.5599,0.6462,0.5414,0.5414,0.6326,0.6319,0.6357,0.6146,0.6146,0.5947,0.5608,0.5838,0.4088,0.4088,0,0,0,0,0,-0.0027,-0.0603,0.0018,-0.045,-0.0496,-0.0065,-0.0843,-0.0116,-0.0628,-0.0843,-0.0036,-0.0024,-0.0116,-0.0019,-0.0643,-0.0845,-0.0688,-0.1453,-0.0122,0.0145,-0.0076,-0.027,-0.0003,-0.0292,-0.0249,0.0069,-0.0527,0.0095,-0.0406,-0.0357,-0.0046,-0.004,0.0033,-0.0059,-0.0282,-0.0365,-0.0152,-0.0551,0.0081,0.0124,0.0057,-0.1155,0.0193,-0.1163,-0.0922,-0.0119,-0.1153,0.0062,-0.1535,-0.1285,0.0026,0.0105,0.0167,-0.003,-0.0075,0.0019,-0.004,-0.0508,0.0105,-0.0712,-0.0508,0.0008,-0.0821,0.0157,-0.1008,-0.0891,0.0029,-0.0024,0.0002,-0.0001,-0.0001,-0.0117,0.0003,TRUE,TRUE
DTC_L_41,LanSi,1,CW_01,B,2026-03-24 10:37:29+08:00,ONLINE,FALSE,,CW_1_01,PASS,,,51.4109331,_2026032410372979502,T20260324103729,DESKTOP-P2DUL42,Loma,1,CW_1_01,2,paul di,2024.0718.155524,V20260126.2,CW_DTCL_DTCR_STC,T20260324103821,51.4109331,TRUE,TRUE,TRUE,TRUE,TRUE,TRUE,TRUE,4S2RND2HBL06DS,v1.0.1,2025_12_22,315.2899,321.587,475.7007,300.365,296.4379,149.6732,150,341.5,334.6765,487.9632,-5.079,0.7177,-0.0001,0,-0.231,1.5611,-0.2194,1.5543,0.6662,153.9463,149.4756,145.3984,153.1963,150.5042,0.8268,0.8022,0.8458,0.7982,0.7982,0.7626,0.7468,0.7951,0.7254,0.7254,0.8098,0.8031,0.7936,0.7528,0.7178,0.7337,0.7267,0.6992,0.6992,0.8155,0.98,0.8153,0.768,0.768,0.8372,0.7051,0.6992,0.837,0.8276,0.7674,0.7857,0.7701,0.6992,0,0,0,0,0,v1.0.1,2025_12_22,315.2714,321.5571,476.7801,300.3617,296.2941,148.7908,148.7815,341.6556,334.8286,488.9857,-5.1089,0.7702,-0.0001,0,-0.23,1.5609,-0.2196,1.554,0.6663,157.4014,153.8174,158.1562,158.751,157.0315,0.6777,0.68,0.6936,0.689,0.6777,0.6467,0.6274,0.6501,0.6367,0.6274,0.652,0.6525,0.6458,0.6484,0.6085,0.6295,0.6276,0.6062,0.6062,0.698,0.4569,0.6748,0.6587,0.4569,0.6613,0.6179,0.5906,0.6798,0.672,0.6779,0.6742,0.6424,0.5906,0,0,0,0,0,v1.0.1,2025_12_22,313.7248,313.6789,438.8991,298.9725,300.1,182.225,185.5,328.5,327.6174,444.4174,-6.3318,-5.9412,-0.0001,-0.0001,-0.2164,1.567,-0.2146,1.5644,0.6751,175.3213,173.5605,169.3301,174.7422,173.2385,0.7858,0.6826,0.7971,0.6867,0.6826,0.7241,0.6378,0.7512,0.6218,0.6218,0.7572,0.7464,0.7569,0.6781,0.6781,0.7126,0,0.7212,0.6576,0.6576,0,0,0,0,0,v1.0.1,2025_12_22,313.6449,313.8224,439.6239,298.9358,299.8992,181.6555,184.521,328.5462,327.6723,445.3866,-6.4278,-5.8307,-0.0001,-0.0001,-0.2171,1.5667,-0.213,1.5641,0.6751,146.0742,141.7861,139.5264,143.6357,142.7556,0.6471,0.5779,0.6736,0.5956,0.5779,0.6352,0.542,0.6199,0.5565,0.542,0.6207,0.627,0.637,0.6004,0.6004,0.5847,0.4858,0.5884,0.5327,0.4858,0,0,0,0,0,0.0024,-0.0633,0.0048,-0.0234,-0.0234,-0.0223,-0.0795,-0.0089,-0.0428,-0.0428,0.0005,-0.0072,-0.0142,-0.0144,-0.1067,-0.0639,-0.0575,-0.0583,0.0049,0.0023,-0.0034,-0.0332,-0.0008,-0.0264,-0.0034,-0.0229,-0.0566,-0.0074,-0.03,-0.0301,0.0034,-0.0084,-0.0198,0.0066,-0.0627,-0.0322,-0.0291,-0.0248,0.0174,-0.0025,0.0067,-0.1275,0.0016,-0.1068,-0.0965,-0.0102,-0.139,0.0018,-0.1221,-0.1125,-0.0039,-0.0138,0.0133,-0.0082,-0.0136,0.0039,-0.0079,-0.0994,0.0086,-0.0797,-0.0771,-0.001,-0.1056,-0.0024,-0.1021,-0.0803,-0.0105,-0.0041,0.0012,-0.0045,-0.0045,0.0095,0.0221,TRUE,TRUE
DTC_R_42,LanSi,1,CW_01,A,2026-03-24 10:39:43+08:00,ONLINE,FALSE,,CW_1_01,PASS,,,51.513279,_2026032410394304201,T20260324103943,DESKTOP-P2DUL42,Loma,1,CW_1_01,1,paul di,2024.0718.155524,V20260126.2,CW_DTCL_DTCR_STC,T20260324104034,51.513279,TRUE,TRUE,TRUE,TRUE,TRUE,TRUE,TRUE,4S2RND2HBL0DP6,v1.0.1,2025_12_22,315.0444,316.7704,475.292,297,295.1034,147.8138,149.2667,336.7733,335.7619,484.3946,-5.4063,-2.9496,-0.0001,0,-0.2222,1.5528,-0.2196,1.5473,0.6646,153.6201,151.0117,150.8838,153.3799,152.2239,0.8716,0.7844,0.875,0.7739,0.7739,0.8285,0.741,0.819,0.7357,0.7357,0.8111,0.8069,0.8167,0.8253,0.7154,0.713,0.7564,0.7514,0.713,0.8347,0.7861,0.7905,0.98,0.7861,0.8493,0.7423,0.7546,0.8282,0.7878,0.7374,0.8093,0.8363,0.7374,0,0,0,0,0,v1.0.1,2025_12_22,315,316.8643,476.3235,296.9632,295.0833,146.9514,148,337,335.906,485.4094,-5.4374,-2.8623,-0.0001,0,-0.2222,1.5536,-0.2195,1.5469,0.6647,159.3047,154.2207,162.209,161.7471,159.3704,0.7057,0.6704,0.7067,0.6684,0.6684,0.6882,0.6252,0.6648,0.636,0.6252,0.6481,0.6535,0.6511,0.6618,0.6187,0.6325,0.6203,0.6187,0.6187,0.6685,0.6377,0.6549,0.2174,0.2174,0.6444,0.6355,0.6544,0.677,0.6479,0.6106,0.6202,0.6836,0.6106,0,0,0,0,0,v1.0.1,2025_12_22,316.8491,327.9434,441.6727,312.8091,302.1885,195.877,188.1452,342.1855,331.5,455.5965,-3.4289,7.3823,0,0.0001,-0.2201,1.5597,-0.2097,1.556,0.6715,175.4883,175.0762,174.9033,176.4775,175.4863,0.8006,0.6425,0.8061,0.6232,0.6232,0.7646,0.6022,0.7635,0.6081,0.6022,0.7513,0.7549,0.7645,0.7342,0.7342,0.7497,0.6472,0.7375,0,0.6472,0,0,0,0,0,v1.0.1,2025_12_22,316.8077,328.0385,442.4821,312.8304,302.0492,195,187.2975,342.3636,331.5217,456.5478,-3.4683,7.4561,0,0.0001,-0.2199,1.5598,-0.2096,1.5563,0.6716,146.415,141.2197,142.7002,144.0645,143.5999,0.6569,0.568,0.6695,0.5542,0.5542,0.6304,0.5339,0.6394,0.546,0.5339,0.6156,0.6182,0.6473,0.6178,0.6156,0.5792,0.5358,0.5534,0.3886,0.3886,0,0,0,0,0,0.008,-0.0899,0.0089,-0.0957,-0.0897,0.0006,-0.0696,-0.0055,-0.0849,-0.0749,-0.006,-0.0031,0.0081,0.018,-0.0921,-0.0987,-0.04,-0.0707,-0.0048,-0.0111,-0.0037,-0.0411,-0.003,-0.0609,-0.041,0.0151,-0.056,0.0006,-0.038,-0.039,-0.0105,-0.0046,-0.0075,-0.0072,-0.0384,-0.0303,-0.0104,-0.0233,-0.0093,0.0026,0.0142,-0.1672,0.0059,-0.188,-0.1632,-0.0022,-0.1515,0.0026,-0.1706,-0.1515,0.0005,0.0004,0.0303,0.0064,-0.0018,0.0033,0.0048,-0.0803,0.0025,-0.1181,-0.0941,-0.0106,-0.1081,0.0089,-0.0962,-0.0966,-0.0141,-0.0161,0.0118,0.0031,0.0009,-0.0272,-0.0301,TRUE,TRUE
DTC_L_42,LanSi,1,CW_01,C,2026-03-24 10:39:42+08:00,ONLINE,FALSE,,CW_1_01,PASS,,,51.6848202,_2026032410394290002,T20260324103942,DESKTOP-P2DUL42,Loma,1,CW_1_01,2,paul di,2024.0718.155524,V20260126.2,CW_DTCL_DTCR_STC,T20260324104034,51.6848202,TRUE,TRUE,TRUE,TRUE,TRUE,TRUE,TRUE,4S2RND2HBL06DS,v1.0.1,2025_12_22,314.1533,323.1898,474.4318,302.9545,294.7973,152.3649,148.2953,342.953,333.461,489.4752,-6.4723,2.6875,-0.0001,0,-0.2251,1.5575,-0.2181,1.5547,0.6672,153.6719,149.5537,147.8057,152.7783,150.9524,0.8312,0.7778,0.8407,0.7804,0.7778,0.7863,0.7489,0.8035,0.7317,0.7317,0.8146,0.8037,0.7953,0.7642,0.739,0.7189,0.7561,0.6887,0.6887,0.8067,0.98,0.8169,0.8127,0.8067,0.8409,0.7201,0.7722,0.8366,0.8344,0.825,0.7806,0.7784,0.7201,0,0,0,0,0,v1.0.1,2025_12_22,314.1533,323.1898,475.4815,302.8815,294.6333,151.42,147.1258,343.1788,333.7203,490.5245,-6.4772,2.7389,-0.0001,0,-0.2247,1.5571,-0.2186,1.5539,0.6669,157.8555,153.3906,159.1221,159.1943,157.3906,0.6819,0.6738,0.7039,0.6885,0.6738,0.655,0.6285,0.6587,0.6436,0.6285,0.6512,0.6513,0.6535,0.6261,0.6132,0.618,0.6275,0.6016,0.6016,0.6759,0.2863,0.6729,0.6755,0.2863,0.6645,0.6761,0.6446,0.6747,0.6744,0.6704,0.659,0.6292,0.6292,0,0,0,0,0,v1.0.1,2025_12_22,312.3578,315.4679,437.5478,301.3826,298.575,184.675,184.0588,330.0588,326.6917,445.825,-7.6538,-4.0181,-0.0001,0,-0.2115,1.5653,-0.2127,1.5608,0.6755,173.7627,172.626,170.6357,172.8418,172.4666,0.784,0.6662,0.8029,0.6699,0.6662,0.7438,0.6321,0.7453,0.6444,0.6321,0.7729,0.7554,0.7463,0.6942,0.6942,0.729,0,0.7283,0.7196,0.7196,0,0,0,0,0,v1.0.1,2025_12_22,312.367,315.4587,438.4159,301.2389,298.5242,183.9355,183.2869,330.0492,326.7414,446.5948,-7.6329,-4.0446,-0.0001,0,-0.2118,1.5654,-0.212,1.5611,0.6757,146.4248,141.3711,140.5947,144.0996,143.1226,0.6445,0.5636,0.6758,0.5935,0.5636,0.6158,0.5491,0.6243,0.5742,0.5491,0.6245,0.6234,0.6259,0.6104,0.6104,0.5793,0.4742,0.5846,0.561,0.4742,0,0,0,0,0,0.0068,-0.0877,-0.0003,-0.0412,-0.0438,0.0014,-0.0774,-0.0005,-0.0365,-0.0365,0.0053,-0.0066,-0.0125,-0.003,-0.0855,-0.0787,-0.0281,-0.0688,-0.0039,0.0039,0.0008,-0.0394,0.0095,-0.0269,-0.0073,-0.0146,-0.0555,0.0012,-0.0231,-0.029,0.0026,-0.0096,-0.0121,-0.0157,-0.058,-0.0437,-0.0292,-0.0294,-0.0047,-0.0044,0.0049,-0.1439,0.0074,-0.1236,-0.1129,0.0095,-0.1447,-0.0041,-0.0995,-0.1022,0.0118,-0.0048,0.0027,0.0079,0.0028,0.011,-0.0105,-0.1137,0.0108,-0.0818,-0.0914,-0.0204,-0.0985,0.002,-0.0844,-0.0732,-0.0067,-0.0077,-0.0099,0.0055,0.0055,0.0041,0.0183,TRUE,TRUE
DTC_R_43,LanSi,1,CW_01,B,2026-03-24 10:41:53+08:00,ONLINE,FALSE,,CW_1_01,PASS,,,51.7714272,_2026032410415343301,T20260324104153,DESKTOP-P2DUL42,Loma,1,CW_1_01,1,paul di,2024.0718.155524,V20260126.2,CW_DTCL_DTCR_STC,T20260324104245,51.7714272,TRUE,TRUE,TRUE,TRUE,TRUE,TRUE,TRUE,4S2RND2HBL0DP6,v1.0.1,2025_12_22,315.1957,317.587,475.6765,297.9632,295.5743,148.6351,149.3907,337.755,335.8993,485.3289,-5.1527,-2.0462,-0.0001,0,-0.2212,1.5547,-0.2205,1.5475,0.6651,155.2451,152.5879,152.8613,155.1738,153.967,0.8692,0.7844,0.8726,0.7659,0.7659,0.8247,0.7404,0.8169,0.7337,0.7337,0.8226,0.8105,0.8064,0.8021,0.7173,0.7172,0.7529,0.7236,0.7172,0.8306,0.7865,0.8023,0.3111,0.3111,0.8457,0.7496,0.7684,0.8221,0.7919,0.7196,0.8466,0.8484,0.7196,0,0,0,0,0,v1.0.1,2025_12_22,315.1727,317.5468,476.8043,297.8333,295.3172,147.6621,148.2905,338,336,486.3533,-5.183,-2.0209,-0.0001,0,-0.2208,1.5539,-0.2214,1.5475,0.6648,159.665,154.292,162.875,162.7373,159.8923,0.7101,0.6677,0.7141,0.6514,0.6514,0.6778,0.6334,0.6745,0.6341,0.6334,0.6522,0.6597,0.6564,0.6595,0.6269,0.6343,0.6146,0.6276,0.6146,0.6746,0.6433,0.6646,0.1005,0.1005,0.6465,0.6435,0.6433,0.6778,0.6522,0.5871,0.6318,0.6698,0.5871,0,0,0,0,0,v1.0.1,2025_12_22,317.0566,328.7642,442,313.8393,302.4231,196.6538,188.456,343.12,331.708,456.6018,-3.1713,8.2958,0,0.0001,-0.2184,1.56,-0.2107,1.5562,0.6718,176.3018,175.8711,176.3213,177.4199,176.4785,0.7977,0.6449,0.8094,0.6109,0.6109,0.7638,0.6117,0.7735,0.5982,0.5982,0.7662,0.7533,0.7414,0.7385,0.7385,0.7473,0.6616,0.7318,0,0.6616,0,0,0,0,0,v1.0.1,2025_12_22,317,328.7925,442.7838,313.7207,302.312,195.888,187.4167,343.3417,331.8053,457.5133,-3.2364,8.3512,0,0.0001,-0.2187,1.5602,-0.2113,1.5558,0.6715,147.0605,141.457,143.3223,144.832,144.168,0.6695,0.5651,0.6663,0.5477,0.5477,0.6506,0.5415,0.6334,0.5264,0.5264,0.6412,0.6307,0.6414,0.6242,0.6242,0.5943,0.5589,0.5909,0.3856,0.3856,0,0,0,0,0,0.0056,-0.0899,0.0065,-0.1037,-0.0977,-0.0032,-0.0702,-0.0076,-0.0869,-0.0769,0.0055,0.0005,-0.0022,-0.0052,-0.0902,-0.0945,-0.0435,-0.0985,-0.0089,0.0007,0.0007,-0.0438,0.0044,-0.0779,-0.058,0.0047,-0.0478,0.0103,-0.0399,-0.0308,-0.0064,0.0016,-0.0022,-0.0095,-0.0302,-0.0285,-0.0161,-0.0144,-0.0032,0.0123,0.0113,-0.1648,0.0092,-0.2003,-0.1755,-0.003,-0.142,0.0126,-0.1805,-0.1555,0.0154,-0.0012,0.0072,0.0107,-0.0042,-0.0024,0.0174,-0.0832,-0.0007,-0.1246,-0.1006,0.0096,-0.1005,0.0029,-0.1158,-0.1041,0.0115,-0.0036,0.0059,0.0095,0.0095,-0.0121,0.0074,TRUE,TRUE
DTC_L_43,LanSi,1,CW_01,A,2026-03-24 10:41:53+08:00,ONLINE,FALSE,,CW_1_01,PASS,,,51.8043391,_2026032410415342902,T20260324104153,DESKTOP-P2DUL42,Loma,1,CW_1_01,2,paul di,2024.0718.155524,V20260126.2,CW_DTCL_DTCR_STC,T20260324104245,51.8043391,TRUE,TRUE,TRUE,TRUE,TRUE,TRUE,TRUE,4S2RND2HBL06DS,v1.0.1,2025_12_22,314.219,322.6788,474.3111,302.3259,294.8212,151.6689,148.3922,342.3333,333.3688,488.4752,-6.4776,1.9964,-0.0001,0,-0.2259,1.5573,-0.2175,1.5553,0.6673,153.3057,148.8164,147.2666,152.6719,150.5151,0.8298,0.7876,0.8465,0.7711,0.7711,0.7809,0.7373,0.7907,0.7316,0.7316,0.8086,0.8093,0.8098,0.7725,0.7347,0.6956,0.7498,0.6763,0.6763,0.814,0.7207,0.8153,0.8305,0.7207,0.8402,0.7484,0.7253,0.8403,0.8338,0.8294,0.8016,0.7806,0.7253,0,0,0,0,0,v1.0.1,2025_12_22,314.1583,322.7122,475.3955,302.1194,294.6513,150.6776,147.245,342.3907,333.5845,489.5282,-6.4931,1.9856,-0.0001,0,-0.2265,1.5574,-0.2168,1.5543,0.6671,157.7139,153.667,159.2988,158.5469,157.3066,0.6739,0.6748,0.7075,0.6892,0.6739,0.6548,0.6368,0.6583,0.634,0.634,0.638,0.6606,0.6506,0.6327,0.6258,0.6174,0.6317,0.5894,0.5894,0.6762,0.5262,0.6632,0.6835,0.5262,0.6697,0.6314,0.6204,0.6733,0.6698,0.6792,0.6711,0.6355,0.6204,0,0,0,0,0,v1.0.1,2025_12_22,312.5048,314.9429,437.6071,300.7411,298.5,184,184.2033,329.3984,326.6303,444.9664,-7.6109,-4.6903,-0.0001,0,-0.2125,1.5637,-0.2117,1.5621,0.6754,174.374,173.2188,171.1865,173.8867,173.1665,0.7742,0.663,0.7912,0.6549,0.6549,0.7361,0.6367,0.7547,0.6201,0.6201,0.7643,0.7631,0.765,0.6977,0.6977,0.7309,0,0.7201,0.7221,0.7201,0,0,0,0,0,v1.0.1,2025_12_22,312.5,315,438.4298,300.5702,298.3884,183.2893,183.4417,329.4917,326.661,445.822,-7.6158,-4.6654,-0.0001,0,-0.2136,1.5635,-0.2113,1.5625,0.6753,146.2158,141.3496,140.2637,143.7031,142.8831,0.6554,0.5842,0.6707,0.5958,0.5842,0.6231,0.5386,0.6177,0.5622,0.5386,0.6254,0.6337,0.6289,0.6059,0.6059,0.5956,0.5098,0.5878,0.5683,0.5098,0,0,0,0,0,0.0054,-0.0779,0.0055,-0.0505,-0.0505,-0.004,-0.089,-0.0133,-0.0366,-0.0366,-0.0007,-0.001,0.002,0.0053,-0.0898,-0.102,-0.0344,-0.0812,0.0034,0.0023,-0.0072,-0.0384,0.0131,-0.0262,-0.0072,-0.0148,-0.0472,0.0008,-0.0327,-0.0235,-0.0106,-0.0003,-0.015,-0.0091,-0.0454,-0.0443,-0.025,-0.0416,-0.0044,-0.0141,-0.0049,-0.1471,-0.0043,-0.1386,-0.1242,0.0018,-0.1401,0.0053,-0.1238,-0.1142,0.0032,0.0029,0.0214,0.0114,0.0047,0.0028,0.0004,-0.0931,0.0057,-0.0795,-0.0708,-0.0131,-0.109,-0.0046,-0.0964,-0.0837,-0.0058,0.0026,-0.0069,0.001,0.001,0.0204,0.0215,TRUE,TRUE
DTC_L_44,LanSi,1,CW_01,B,2026-03-24 10:44:32+08:00,ONLINE,FALSE,,CW_1_01,PASS,,,51.2902318,_2026032410443241002,T20260324104432,DESKTOP-P2DUL42,Loma,1,CW_1_01,2,paul di,2024.0718.155524,V20260126.2,CW_DTCL_DTCR_STC,T20260324104523,51.2902318,TRUE,TRUE,TRUE,TRUE,TRUE,TRUE,TRUE,4S2RND2HBL06DS,v1.0.1,2025_12_22,314.1333,322.8741,474.2868,302.5074,294.8543,151.8344,148.0805,342.604,333.5821,488.9627,-6.5126,2.2565,-0.0001,0,-0.226,1.558,-0.2177,1.5537,0.667,154.3926,150.1826,148.3701,153.4795,151.6062,0.8321,0.7934,0.849,0.7834,0.7834,0.7841,0.7414,0.8019,0.7358,0.7358,0.81,0.8091,0.8245,0.7654,0.7232,0.7158,0.7479,0.683,0.683,0.8187,0.98,0.8222,0.827,0.8187,0.8452,0.7656,0.7555,0.8445,0.8183,0.8242,0.7743,0.781,0.7555,0,0,0,0,0,v1.0.1,2025_12_22,314.1214,322.8857,475.3066,302.3066,294.7143,150.8052,146.966,342.9184,333.7153,489.9343,-6.5353,2.27,-0.0001,0,-0.2265,1.558,-0.2188,1.5535,0.6666,157.3467,153.6514,159.2871,158.3916,157.1692,0.6859,0.6697,0.6984,0.6944,0.6697,0.6509,0.6224,0.6606,0.6394,0.6224,0.6697,0.6566,0.6637,0.6236,0.62,0.6217,0.6195,0.5947,0.5947,0.6812,0.5188,0.6596,0.6964,0.5188,0.6541,0.6404,0.6301,0.669,0.6717,0.6786,0.6653,0.6334,0.6301,0,0,0,0,0,v1.0.1,2025_12_22,312.3922,315,437.4865,300.8108,298.4355,184.1694,183.8678,329.6116,326.5,445.5,-7.7636,-4.4817,-0.0001,0,-0.2124,1.564,-0.2127,1.5626,0.6754,174.7568,173.4326,171.3174,173.9805,173.3718,0.7694,0.6666,0.8027,0.6676,0.6666,0.7432,0.6325,0.762,0.6566,0.6325,0.7653,0.76,0.7672,0.6961,0.6961,0.721,0,0.7266,0.726,0.721,0,0,0,0,0,v1.0.1,2025_12_22,312.3398,315.0194,438.3534,300.681,298.4068,183.5,183.0917,329.8,326.6033,446.3388,-7.741,-4.4321,-0.0001,0,-0.2128,1.5647,-0.2133,1.5621,0.6752,145.916,141.5254,140.5186,143.7373,142.9243,0.6532,0.5707,0.6692,0.5953,0.5707,0.6285,0.5426,0.6197,0.5697,0.5426,0.6354,0.6351,0.6388,0.6022,0.6022,0.5853,0.5336,0.5834,0.5733,0.5336,0,0,0,0,0,0.0077,-0.0721,0.008,-0.0382,-0.0382,-0.0008,-0.0849,-0.0021,-0.0324,-0.0324,0.0007,-0.0012,0.0167,-0.0018,-0.1013,-0.0818,-0.0363,-0.0745,0.0081,0.0092,0.0048,-0.0435,0.004,-0.021,-0.0114,-0.0187,-0.0616,0.0031,-0.0273,-0.0351,0.0211,-0.0043,-0.0019,-0.0182,-0.0512,-0.04,-0.0372,-0.0363,0.0006,-0.0177,-0.0097,-0.1435,0.0072,-0.1259,-0.1125,0.0089,-0.1443,0.0126,-0.0873,-0.1018,0.0042,-0.0002,0.0236,0.0098,-0.0052,0.0093,-0.0018,-0.1066,0.0042,-0.08,-0.0843,-0.0077,-0.105,-0.0026,-0.0889,-0.0797,0.0042,0.004,0.003,-0.0027,-0.0027,0.0101,0.0171,TRUE,TRUE
DTC_R_44,LanSi,1,CW_01,C,2026-03-24 10:44:32+08:00,ONLINE,FALSE,,CW_1_01,PASS,,,51.2682905,_2026032410443240801,T20260324104432,DESKTOP-P2DUL42,Loma,1,CW_1_01,1,paul di,2024.0718.155524,V20260126.2,CW_DTCL_DTCR_STC,T20260324104523,51.2682905,TRUE,TRUE,TRUE,TRUE,TRUE,TRUE,TRUE,4S2RND2HBL0DP6,v1.0.1,2025_12_22,314.9783,315.9565,474.7153,295.9343,295.0608,146.4324,149.2185,336.3444,335.2828,483.6138,-5.6489,-3.8437,-0.0001,0,-0.2242,1.5533,-0.2219,1.5498,0.6643,153.5156,151.3594,150.8691,153.3506,152.2737,0.8481,0.8126,0.8739,0.8197,0.8126,0.8098,0.7182,0.8023,0.7618,0.7182,0.7922,0.8137,0.8115,0.807,0.7568,0.6865,0.7138,0.6847,0.6847,0.8497,0.7796,0.8059,0.98,0.7796,0.846,0.7768,0.7748,0.8252,0.7919,0.7991,0.7484,0.8438,0.7484,0,0,0,0,0,v1.0.1,2025_12_22,314.9143,316.0214,475.8467,295.8102,295,145.5,148.0134,336.4564,335.4097,484.5903,-5.6632,-3.8243,-0.0001,0,-0.2244,1.554,-0.2213,1.5493,0.6644,159.6807,153.7578,161.8096,162.3574,159.4014,0.7031,0.681,0.7162,0.7049,0.681,0.6753,0.626,0.6629,0.643,0.626,0.6371,0.6499,0.6594,0.6631,0.6359,0.6131,0.5738,0.5946,0.5738,0.676,0.6478,0.6488,0.2951,0.2951,0.6396,0.6418,0.6403,0.6751,0.6631,0.6423,0.643,0.6833,0.6396,0,0,0,0,0,v1.0.1,2025_12_22,316.6422,327.4679,441.1429,312.125,301.9435,194.6774,187.878,341.6667,331.1364,455.7364,-3.7514,6.8347,0,0.0001,-0.2221,1.56,-0.2093,1.5578,0.6716,175.3486,175.1406,174.9756,176.1699,175.4087,0.7863,0.698,0.8188,0.6959,0.6959,0.75,0.6431,0.761,0.6236,0.6236,0.7558,0.7516,0.7456,0.7366,0.7366,0.7457,0.6654,0.7112,0,0.6654,0,0,0,0,0,v1.0.1,2025_12_22,316.6,327.5,442,312,301.8293,193.9187,187.0167,341.85,331.3333,456.5702,-3.7441,6.8678,0,0.0001,-0.2225,1.5602,-0.2098,1.5566,0.6711,146.5498,140.6387,142.1172,144.4219,143.4319,0.653,0.5932,0.679,0.5998,0.5932,0.6406,0.5677,0.6387,0.5506,0.5506,0.622,0.6115,0.6357,0.6104,0.6104,0.5775,0.5522,0.5815,0.4289,0.4289,0,0,0,0,0,-0.0155,-0.0617,0.0078,-0.0499,-0.051,-0.0181,-0.0924,-0.0222,-0.0588,-0.0924,-0.0249,0.0037,0.0029,-0.0003,-0.0507,-0.1252,-0.0826,-0.1374,0.0102,0.0043,-0.0063,-0.0305,0.0065,-0.0244,-0.0284,0.0022,-0.0552,-0.0013,-0.031,-0.0382,-0.0215,-0.0082,0.0008,-0.0059,-0.0212,-0.0497,-0.0569,-0.0474,-0.0018,-0.0035,-0.0001,-0.1117,0.0186,-0.1153,-0.0905,-0.0168,-0.1106,0.0001,-0.1551,-0.1301,0.005,-0.0029,0.0114,0.0088,-0.0058,-0.023,0.0009,-0.0551,0.012,-0.0725,-0.0551,-0.0004,-0.0743,0.0082,-0.0916,-0.0799,-0.0077,-0.0228,0.0002,-0.0043,-0.0043,-0.0289,-0.002,TRUE,TRUE
DTC_R_45,LanSi,1,CW_01,A,2026-03-24 10:46:04+08:00,ONLINE,FALSE,,CW_1_01,PASS,,,51.2364034,_2026032410460445901,T20260324104604,DESKTOP-P2DUL42,Loma,1,CW_1_01,1,paul di,2024.0718.155524,V20260126.2,CW_DTCL_DTCR_STC,T20260324104655,51.2364034,TRUE,TRUE,TRUE,TRUE,TRUE,TRUE,TRUE,4S2RND2HBL0DP6,v1.0.1,2025_12_22,314.8467,317.1898,474.9118,297.5,295.1575,147.8082,149.3922,337.6667,335.2979,485.2411,-5.5788,-2.4188,-0.0001,0,-0.2219,1.5546,-0.2226,1.5492,0.6648,153.9326,151.3662,151.4023,153.8359,152.6343,0.8568,0.8143,0.8647,0.8088,0.8088,0.8145,0.7489,0.812,0.7501,0.7489,0.83,0.819,0.7942,0.806,0.7729,0.7754,0.7356,0.7308,0.7308,0.8348,0.8012,0.8038,0.98,0.8012,0.8417,0.7943,0.7672,0.826,0.8063,0.8185,0.8182,0.8351,0.7672,0,0,0,0,0,v1.0.1,2025_12_22,314.8921,317.223,475.9214,297.1857,295.0408,146.8367,148.1905,337.8503,335.4577,486.2465,-5.5995,-2.4315,-0.0001,0,-0.2233,1.5543,-0.2226,1.5492,0.6644,159.5068,154.7129,163.1689,162.0049,159.8484,0.6976,0.6786,0.7089,0.6884,0.6786,0.6747,0.6411,0.6823,0.6425,0.6411,0.6656,0.644,0.6455,0.6622,0.6435,0.6627,0.5977,0.6079,0.5977,0.6837,0.6621,0.6597,0.3031,0.3031,0.6457,0.6562,0.6507,0.6806,0.6628,0.6561,0.659,0.6973,0.6457,0,0,0,0,0,v1.0.1,2025_12_22,316.6972,328.6239,441.2389,313.4159,301.9667,195.9583,188.168,343.072,331.0885,457.2124,-3.6681,8.1565,0,0.0001,-0.221,1.5597,-0.2114,1.5588,0.6715,175.751,175.6123,175.6992,177.1113,176.0435,0.7998,0.6701,0.8009,0.6832,0.6701,0.7652,0.6628,0.74,0.6349,0.6349,0.765,0.7588,0.7339,0.7342,0.7339,0.7375,0.6764,0.7328,0,0.6764,0,0,0,0,0,v1.0.1,2025_12_22,316.6239,328.5872,442.0818,313.4273,301.9672,195.041,187.2893,343.2727,331.2018,457.9561,-3.6672,8.1569,0,0.0001,-0.2197,1.561,-0.2125,1.5581,0.6717,146.6035,141.8535,143.5986,144.4238,144.1199,0.6532,0.5817,0.672,0.6007,0.5817,0.6369,0.5909,0.6284,0.5402,0.5402,0.6259,0.6282,0.6227,0.6132,0.6132,0.6092,0.5587,0.5816,0.4594,0.4594,0,0,0,0,0,-0.0068,-0.06,-0.0014,-0.0608,-0.0548,-0.0134,-0.0617,-0.0125,-0.0705,-0.0617,0.0129,0.009,-0.0144,-0.0013,-0.0346,-0.0363,-0.0608,-0.0913,-0.0047,0.0022,-0.0118,-0.0329,-0.0008,-0.0409,-0.0308,0.0016,-0.0401,0.0181,-0.0315,-0.0231,0.007,-0.0141,-0.0131,-0.0068,-0.0136,-0.0001,-0.033,-0.0341,0.0059,0.0074,0.0134,-0.1396,0.0007,-0.128,-0.1163,-0.0016,-0.0909,-0.0209,-0.1438,-0.1188,0.0142,0.0043,-0.0003,0.0064,-0.014,-0.0014,0.0011,-0.0666,0.005,-0.0716,-0.0666,-0.0041,-0.0511,-0.0021,-0.102,-0.0903,-0.0038,-0.0061,-0.0128,-0.0015,-0.0015,0.0028,-0.0019,TRUE,TRUE
DTC_L_45,LanSi,1,CW_01,C,2026-03-24 10:46:04+08:00,ONLINE,FALSE,,CW_1_01,PASS,,,51.224436,_2026032410460447102,T20260324104604,DESKTOP-P2DUL42,Loma,1,CW_1_01,2,paul di,2024.0718.155524,V20260126.2,CW_DTCL_DTCR_STC,T20260324104655,51.224436,TRUE,TRUE,TRUE,TRUE,TRUE,TRUE,TRUE,4S2RND2HBL06DS,v1.0.1,2025_12_22,315.1111,322.6444,475.3507,302,296.0952,151.8095,149.56,342.56,334.3881,488.0896,-5.399,1.9207,-0.0001,0,-0.2276,1.5594,-0.2192,1.5543,0.6667,153.8389,150.083,148.1562,153.4795,151.3894,0.8161,0.7916,0.8447,0.7824,0.7824,0.782,0.7568,0.8117,0.7313,0.7313,0.8174,0.8103,0.8111,0.7679,0.7223,0.717,0.7273,0.6842,0.6842,0.8132,0.98,0.815,0.7615,0.7615,0.8551,0.7541,0.7443,0.835,0.8182,0.7597,0.7693,0.7757,0.7443,0,0,0,0,0,v1.0.1,2025_12_22,315.1079,322.777,476.4526,301.9197,296.0405,150.8851,148.457,342.6026,334.5672,489.1194,-5.375,1.9608,-0.0001,0,-0.228,1.5598,-0.2179,1.5538,0.6669,158.416,154.043,159.9863,159.9004,158.0864,0.6848,0.666,0.7066,0.6948,0.666,0.6625,0.639,0.6586,0.6419,0.639,0.649,0.6486,0.67,0.6455,0.6127,0.6251,0.6263,0.6088,0.6088,0.6785,0.405,0.6772,0.6588,0.405,0.6553,0.6395,0.6085,0.6777,0.6653,0.6605,0.6525,0.6285,0.6085,0,0,0,0,0,v1.0.1,2025_12_22,313.2404,314.8846,438.3621,300.5,299.7603,184.1157,185.3719,329.5868,327.4167,444.925,-6.6697,-4.6976,-0.0001,0,-0.2139,1.5676,-0.214,1.5617,0.6753,173.9883,172.8975,170.9189,173.4893,172.8235,0.7609,0.6628,0.7921,0.6673,0.6628,0.7299,0.6313,0.7451,0.6407,0.6313,0.766,0.7596,0.7428,0.7032,0.7032,0.7193,0,0.715,0.6387,0.6387,0,0,0,0,0,v1.0.1,2025_12_22,313.1923,314.9615,439.2456,300.2807,299.5917,183.3917,184.4417,329.5833,327.4786,445.6581,-6.71,-4.7249,-0.0001,0,-0.2154,1.5673,-0.2126,1.5614,0.6752,147.1631,141.9629,141.1973,145.2344,143.8894,0.6428,0.5727,0.6678,0.5833,0.5727,0.6144,0.5566,0.6305,0.5609,0.5566,0.6424,0.6284,0.6343,0.6095,0.6095,0.5985,0.5072,0.5695,0.5519,0.5072,0,0,0,0,0,-0.0083,-0.0739,0.0037,-0.0392,-0.0392,-0.0029,-0.0695,0.0077,-0.0369,-0.0369,0.0081,0,0.0033,0.0007,-0.1022,-0.0806,-0.0569,-0.0733,0.0026,0.002,0.0037,-0.0472,0.0122,-0.0206,-0.0151,-0.0071,-0.045,0.0011,-0.0248,-0.0185,0.0004,-0.0123,0.0044,0.0037,-0.0585,-0.0366,-0.0304,-0.0222,-0.0021,-0.0001,-0.0182,-0.1473,-0.0034,-0.1262,-0.1163,-0.0044,-0.1455,-0.0043,-0.1032,-0.103,0.0049,-0.0006,-0.0008,0.0169,-0.0069,-0.0023,-0.0122,-0.1046,0.0028,-0.092,-0.0823,-0.0218,-0.091,0.0082,-0.0977,-0.0657,0.0112,-0.0027,-0.0015,0.0046,0.0046,0.0233,0.0032,TRUE,TRUE
DTC_R_46,LanSi,1,CW_01,B,2026-03-24 10:47:40+08:00,ONLINE,FALSE,,CW_1_01,PASS,,,51.1778146,_2026032410474074401,T20260324104740,DESKTOP-P2DUL42,Loma,1,CW_1_01,1,paul di,2024.0718.155524,V20260126.2,CW_DTCL_DTCR_STC,T20260324104831,51.1778146,TRUE,TRUE,TRUE,TRUE,TRUE,TRUE,TRUE,4S2RND2HBL0DP6,v1.0.1,2025_12_22,314.8759,317.2774,474.9118,297.5,295.1793,147.7655,149.2381,337.8367,335.2786,485.2857,-5.6033,-2.3669,-0.0001,0,-0.2224,1.5546,-0.223,1.5494,0.6647,154.2168,152.8965,152.3604,154.5879,153.5154,0.8694,0.8149,0.87,0.8138,0.8138,0.8098,0.7597,0.8206,0.7698,0.7597,0.809,0.811,0.8161,0.8054,0.7481,0.76,0.7108,0.7337,0.7108,0.8385,0.7891,0.8052,0.5562,0.5562,0.826,0.7746,0.7493,0.825,0.7975,0.8167,0.7862,0.8237,0.7493,0,0,0,0,0,v1.0.1,2025_12_22,314.8857,317.2714,475.8857,297.2714,295.0616,146.7945,148,338,335.3688,486.2908,-5.6596,-2.3744,-0.0001,0,-0.2231,1.5545,-0.2231,1.5497,0.6645,159.2041,153.8447,162.0498,162.0986,159.2993,0.6971,0.6816,0.7142,0.6905,0.6816,0.685,0.6506,0.6683,0.6547,0.6506,0.6555,0.649,0.6412,0.6576,0.63,0.6513,0.5728,0.6272,0.5728,0.6963,0.6511,0.6511,0.4563,0.4563,0.6326,0.6526,0.6436,0.6673,0.6675,0.69,0.6362,0.6822,0.6326,0,0,0,0,0,v1.0.1,2025_12_22,316.713,328.6759,441.3826,313.5478,302.0492,196,188.1393,343.2869,331.1429,457.4196,-3.6146,8.2861,0,0.0001,-0.2202,1.5602,-0.2126,1.5587,0.6715,174.9834,175.7666,175.5146,176.4893,175.6885,0.787,0.6729,0.8118,0.6808,0.6729,0.7539,0.6342,0.7621,0.6471,0.6342,0.7656,0.7632,0.7417,0.7268,0.7268,0.7451,0.6624,0.7331,0,0.6624,0,0,0,0,0,v1.0.1,2025_12_22,316.5648,328.8148,442.1875,313.4286,301.9833,195.1333,187.122,343.3333,331.2411,458.2679,-3.6803,8.2956,0,0.0001,-0.2214,1.5616,-0.2112,1.5574,0.6716,146.3047,141.1738,142.4443,144.4053,143.582,0.6636,0.5781,0.6725,0.5965,0.5781,0.6374,0.561,0.6388,0.5571,0.5571,0.6364,0.6144,0.6133,0.6152,0.6133,0.5885,0.5363,0.5597,0.5091,0.5091,0,0,0,0,0,0.0058,-0.0594,0.0039,-0.0558,-0.0498,-0.0181,-0.0509,-0.0039,-0.0508,-0.0509,-0.0081,0.001,0.0075,-0.0019,-0.0594,-0.0517,-0.0856,-0.0884,-0.001,0.0036,-0.0123,-0.0299,0.0045,-0.0388,-0.0278,0.0119,-0.0306,0.0041,-0.0193,-0.0136,-0.0031,-0.0091,-0.0174,-0.0114,-0.0271,-0.0115,-0.0579,-0.0148,0.0185,-0.0012,0.0006,-0.1368,0.0116,-0.1304,-0.1135,-0.0129,-0.1195,0.0012,-0.1316,-0.1195,0.0148,0.0087,0.0075,-0.001,-0.0064,-0.0011,0.0115,-0.0702,0.0055,-0.0758,-0.0702,-0.0036,-0.081,0.0083,-0.0851,-0.0734,0.0067,-0.0199,-0.0222,0.0005,-0.0014,-0.0179,-0.0238,TRUE,TRUE
DTC_L_46,LanSi,1,CW_01,A,2026-03-24 10:47:40+08:00,ONLINE,FALSE,,CW_1_01,PASS,,,51.1987587,_2026032410474074402,T20260324104740,DESKTOP-P2DUL42,Loma,1,CW_1_01,2,paul di,2024.0718.155524,V20260126.2,CW_DTCL_DTCR_STC,T20260324104831,51.1987587,TRUE,TRUE,TRUE,TRUE,TRUE,TRUE,TRUE,4S2RND2HBL06DS,v1.0.1,2025_12_22,315.219,321.3212,475.4632,300.4118,296.1788,149.9139,149.9048,341.2381,334.6835,487.5468,-5.2102,0.5863,-0.0001,0,-0.2292,1.5597,-0.2194,1.5537,0.6662,153.5859,148.9941,147.5479,153.1045,150.8081,0.826,0.7995,0.8436,0.8042,0.7995,0.7836,0.7505,0.792,0.7518,0.7505,0.8099,0.8131,0.7948,0.7552,0.7169,0.7197,0.7265,0.683,0.683,0.8124,0.3716,0.8227,0.7593,0.3716,0.84,0.7516,0.7391,0.8206,0.8108,0.7532,0.751,0.7696,0.7391,0,0,0,0,0,v1.0.1,2025_12_22,315.2,321.5857,476.7357,300.35,296.0067,148.9533,148.7285,341.5828,334.8,488.5857,-5.2058,0.7115,-0.0001,0,-0.2302,1.5596,-0.219,1.5534,0.6659,157.6035,153.9844,159.7529,158.9258,157.5667,0.6823,0.6893,0.7063,0.6875,0.6823,0.6565,0.6253,0.6623,0.6495,0.6253,0.6516,0.6679,0.6517,0.635,0.6021,0.6106,0.6206,0.6161,0.6021,0.6645,0.4521,0.6823,0.6399,0.4521,0.6564,0.6386,0.5993,0.6824,0.6622,0.6452,0.6719,0.6373,0.5993,0,0,0,0,0,v1.0.1,2025_12_22,313.3028,313.6239,438.6404,299.1754,299.843,182.2893,185.395,328.395,327.6441,444.1695,-6.535,-5.9694,-0.0001,-0.0001,-0.2143,1.5682,-0.2145,1.5609,0.6751,175.0889,173.1855,171.4971,174.2646,173.509,0.781,0.6879,0.7903,0.6714,0.6714,0.7318,0.6399,0.7658,0.6354,0.6354,0.7543,0.7603,0.7441,0.6839,0.6839,0.7409,0,0.7243,0.637,0.637,0,0,0,0,0,v1.0.1,2025_12_22,313.2336,313.6822,439.4912,298.8158,299.6807,181.605,184.479,328.4538,327.6583,444.9917,-6.5914,-5.9903,-0.0001,-0.0001,-0.2167,1.568,-0.2137,1.5609,0.6746,146.123,141.8066,140.6221,143.5596,143.0278,0.6685,0.5942,0.6578,0.5971,0.5942,0.6225,0.5477,0.6207,0.5737,0.5477,0.6242,0.6351,0.6402,0.6022,0.6022,0.5686,0.4958,0.5832,0.5241,0.4958,0,0,0,0,0,0.0016,-0.066,0.0026,-0.0174,-0.0221,-0.0013,-0.0758,-0.012,-0.0164,-0.0177,0.0006,0.0028,-0.013,-0.012,-0.1076,-0.0779,-0.0577,-0.0745,0.0018,0.0097,0.0012,-0.0239,0.0119,-0.0279,0.0012,-0.0131,-0.0587,0.0048,-0.0172,-0.0322,0.003,0.007,-0.0139,-0.0068,-0.0691,-0.0511,-0.0361,-0.0149,-0.0161,0.005,0.0019,-0.1222,-0.0052,-0.1221,-0.1077,-0.0025,-0.1369,0.0164,-0.1085,-0.0989,-0.0068,0.0001,0.0005,-0.0024,0.0147,0.007,0.0135,-0.0831,-0.0072,-0.0782,-0.0608,-0.0137,-0.0999,-0.0016,-0.0849,-0.0746,-0.007,0.004,0.0044,-0.0027,-0.0027,-0.0066,0.0169,TRUE,TRUE
DTC_L_47,LanSi,1,CW_01,B,2026-03-24 10:49:16+08:00,ONLINE,FALSE,,CW_1_01,PASS,,,51.7789746,_2026032410491658002,T20260324104916,DESKTOP-P2DUL42,Loma,1,CW_1_01,2,paul di,2024.0718.155524,V20260126.2,CW_DTCL_DTCR_STC,T20260324105008,51.7789746,TRUE,TRUE,TRUE,TRUE,TRUE,TRUE,TRUE,4S2RND2HBL06DS,v1.0.1,2025_12_22,314.0882,323.5,474.3704,303.0444,294.88,152.3667,148.1611,343.3624,333.292,490,-6.5417,2.9547,-0.0001,0,-0.2264,1.5585,-0.2186,1.5554,0.6672,153.9473,149.9453,148.1816,152.9248,151.2498,0.8253,0.8075,0.8413,0.788,0.788,0.7854,0.7596,0.8058,0.7589,0.7589,0.8148,0.8035,0.8284,0.7742,0.7541,0.7276,0.7591,0.7138,0.7138,0.8292,0.98,0.8234,0.8251,0.8234,0.8449,0.7716,0.7427,0.8367,0.8354,0.8096,0.7942,0.7667,0.7427,0,0,0,0,0,v1.0.1,2025_12_22,314.1594,323.5,475.4511,303,294.6779,151.4161,147.0789,343.5,333.6296,490.9556,-6.5006,2.9743,-0.0001,0,-0.2259,1.5576,-0.2186,1.5545,0.6669,158.5723,153.8564,159.8926,159.3906,157.928,0.6868,0.673,0.7006,0.6878,0.673,0.6641,0.6335,0.6626,0.6464,0.6335,0.6448,0.6368,0.6373,0.6339,0.6262,0.6199,0.6266,0.6031,0.6031,0.6697,0.3411,0.6741,0.6729,0.3411,0.6538,0.6335,0.6069,0.681,0.6784,0.6802,0.6577,0.6141,0.6069,0,0,0,0,0,v1.0.1,2025_12_22,312.3028,315.6239,437.5263,301.4298,298.623,184.7623,183.935,330.4146,326.4553,446.0163,-7.7315,-3.8506,-0.0001,0,-0.2124,1.5661,-0.2142,1.5622,0.6754,173.8955,172.7812,170.9326,172.9756,172.6462,0.7819,0.6767,0.8001,0.6626,0.6626,0.7331,0.6494,0.7555,0.6581,0.6494,0.7661,0.7627,0.7554,0.6964,0.6964,0.7292,0,0.7276,0.7284,0.7276,0,0,0,0,0,v1.0.1,2025_12_22,312.271,315.5701,438.4052,301.4052,298.48,183.952,183.1138,330.439,326.5447,446.9837,-7.7371,-3.83,-0.0001,0,-0.2113,1.5659,-0.2141,1.5621,0.6756,146.7568,141.5312,140.9023,144.3135,143.376,0.6536,0.5818,0.6731,0.5902,0.5818,0.6246,0.566,0.6244,0.5908,0.566,0.6401,0.6292,0.6225,0.6023,0.6023,0.5902,0.4846,0.569,0.5692,0.4846,0,0,0,0,0,0.0009,-0.058,0.0003,-0.0336,-0.0336,0.0005,-0.0667,0.0018,-0.0093,-0.0093,0.0055,-0.0068,0.0206,0.007,-0.0704,-0.07,-0.0251,-0.0437,0.0186,0.0104,0.0057,-0.0402,0.0062,-0.0276,-0.0081,-0.0055,-0.0505,0.0051,-0.0203,-0.024,-0.0038,-0.0241,-0.0283,-0.0079,-0.045,-0.0418,-0.0301,-0.0279,-0.0109,-0.0032,0.0028,-0.1334,0.0046,-0.1309,-0.1165,-0.0012,-0.1274,0.0061,-0.0858,-0.0849,0.005,0.0025,0.0118,0.0101,0.003,0.0103,-0.0014,-0.0955,0.0081,-0.0851,-0.0732,-0.0116,-0.0816,0.0021,-0.0678,-0.0563,0.0089,-0.0019,-0.0133,-0.0026,-0.0026,0.015,0.0027,TRUE,TRUE
DTC_R_47,LanSi,1,CW_01,C,2026-03-24 10:49:16+08:00,ONLINE,FALSE,,CW_1_01,PASS,,,51.7899462,_2026032410491659201,T20260324104916,DESKTOP-P2DUL42,Loma,1,CW_1_01,1,paul di,2024.0718.155524,V20260126.2,CW_DTCL_DTCR_STC,T20260324105008,51.7899462,TRUE,TRUE,TRUE,TRUE,TRUE,TRUE,TRUE,4S2RND2HBL0DP6,v1.0.1,2025_12_22,314.9343,316.1533,474.597,295.9925,295.0476,146.7483,149.1688,336.5,335.1901,483.8169,-5.7124,-3.6578,-0.0001,0,-0.2251,1.5534,-0.2216,1.5501,0.6642,153.5176,150.791,150.4863,152.9639,151.9397,0.8756,0.832,0.8652,0.8198,0.8198,0.8048,0.7377,0.8246,0.7636,0.7377,0.8109,0.7985,0.8126,0.8019,0.7504,0.7328,0.7423,0.706,0.706,0.8401,0.8519,0.817,0.98,0.817,0.8493,0.729,0.7686,0.8235,0.8189,0.8354,0.7441,0.829,0.729,0,0,0,0,0,v1.0.1,2025_12_22,314.8768,316.1522,475.7153,295.9343,294.9799,145.7651,148.0201,336.7517,335.2979,484.7589,-5.722,-3.6276,-0.0001,0,-0.2245,1.554,-0.2223,1.5498,0.6642,158.7285,153.9316,162.2012,161.1846,159.0115,0.7059,0.6905,0.7171,0.691,0.6905,0.6783,0.631,0.6757,0.6383,0.631,0.6589,0.6484,0.6601,0.6706,0.6383,0.6375,0.6068,0.5981,0.5981,0.682,0.6801,0.6481,0.1617,0.1617,0.6499,0.614,0.6478,0.6861,0.6624,0.5837,0.6377,0.6797,0.5837,0,0,0,0,0,v1.0.1,2025_12_22,316.6,327.5,441.2301,312.2301,301.9917,194.8182,188.0081,341.8548,331.115,455.8938,-3.711,6.9594,0,0.0001,-0.2214,1.5606,-0.2107,1.5577,0.6716,175.2998,174.8311,174.8672,176.2041,175.3005,0.7981,0.6735,0.8078,0.6963,0.6735,0.7543,0.6376,0.7566,0.6232,0.6232,0.7515,0.7689,0.7405,0.7335,0.7335,0.7443,0.6367,0.7432,0,0.6367,0,0,0,0,0,v1.0.1,2025_12_22,316.6273,327.6455,442.0727,312.2364,301.8537,194.0813,187.1613,342.129,331.2613,456.6486,-3.7048,7.0482,0,0.0001,-0.2217,1.5601,-0.2109,1.5573,0.6712,145.7197,141.0391,143.0703,143.6465,143.3689,0.6549,0.5879,0.6755,0.6024,0.5879,0.6483,0.5582,0.6347,0.5488,0.5488,0.6279,0.6224,0.6375,0.6295,0.6224,0.6028,0.5163,0.5691,0.3639,0.3639,0,0,0,0,0,0.012,-0.0423,-0.0009,-0.0498,-0.0438,-0.0231,-0.0729,0.0001,-0.057,-0.0729,-0.0062,-0.0115,0.004,-0.0054,-0.0571,-0.0789,-0.0541,-0.1161,0.0006,0.0154,-0.0035,-0.021,0.0074,-0.0383,-0.0189,0.0052,-0.0502,0.0115,-0.0357,-0.0332,0.0003,-0.0097,0.0015,0.0016,-0.0188,-0.0253,-0.0239,-0.0439,0.0042,-0.0042,0.0117,-0.1362,0.0076,-0.1149,-0.1129,-0.0125,-0.1161,-0.0043,-0.1555,-0.1305,0.0007,0.0144,0.0063,0.0057,-0.0072,0.009,0.0028,-0.0604,0.0085,-0.0699,-0.0604,0.0073,-0.0838,0.0042,-0.0934,-0.0817,-0.0018,-0.0119,0.002,0.0148,0.0077,-0.0036,-0.0144,TRUE,TRUE
DTC_R_48,LanSi,1,CW_01,A,2026-03-24 10:50:56+08:00,ONLINE,FALSE,,CW_1_01,PASS,,,51.8153145,_2026032410505647901,T20260324105056,DESKTOP-P2DUL42,Loma,1,CW_1_01,1,paul di,2024.0718.155524,V20260126.2,CW_DTCL_DTCR_STC,T20260324105148,51.8153145,TRUE,TRUE,TRUE,TRUE,TRUE,TRUE,TRUE,4S2RND2HBL0DP6,v1.0.1,2025_12_22,315.2868,317.4118,475.5489,298,295.5743,148.6351,149.5,337.5867,336.0331,485.6159,-5.1114,-2.0501,-0.0001,0,-0.22,1.554,-0.2206,1.5476,0.6652,152.7559,150.9072,150.7188,152.7383,151.78,0.8544,0.7679,0.8713,0.7656,0.7656,0.8289,0.7247,0.8108,0.748,0.7247,0.7964,0.7833,0.7962,0.8103,0.6856,0.7053,0.7718,0.7471,0.6856,0.8497,0.7742,0.8121,0.98,0.7742,0.8065,0.7221,0.7504,0.8375,0.7998,0.7254,0.8459,0.8335,0.7221,0,0,0,0,0,v1.0.1,2025_12_22,315.2029,317.3188,476.7591,297.8467,295.363,147.6575,148.3467,337.7667,336.14,486.6933,-5.1377,-2.0434,-0.0001,0,-0.2194,1.5539,-0.2214,1.5473,0.6651,158.0898,153.2217,161.3545,160.7295,158.3489,0.6941,0.6582,0.7077,0.6723,0.6582,0.6755,0.6028,0.6509,0.6292,0.6028,0.634,0.6295,0.6541,0.6607,0.5963,0.6051,0.6037,0.6421,0.5963,0.6656,0.6338,0.6728,0.0573,0.0573,0.6327,0.6198,0.6298,0.6889,0.6737,0.5552,0.6471,0.6797,0.5552,0,0,0,0,0,v1.0.1,2025_12_22,316.9813,328.5514,441.8991,313.6239,302.4567,196.8819,188.3821,342.8618,331.8333,456.886,-3.1895,8.261,0,0.0001,-0.2184,1.5604,-0.2103,1.5551,0.6717,175.0977,175.1621,174.8896,175.8496,175.2498,0.7777,0.6232,0.8101,0.6127,0.6127,0.7674,0.5776,0.7805,0.6172,0.5776,0.7395,0.7555,0.7563,0.7322,0.7322,0.7468,0.6033,0.7452,0,0.6033,0,0,0,0,0,v1.0.1,2025_12_22,317,328.6038,442.7321,313.7321,302.3468,195.9274,187.4672,343.1557,331.9211,457.6667,-3.2066,8.3171,0,0.0001,-0.2172,1.5603,-0.2114,1.5552,0.6717,145.4033,140.5928,141.9707,143.1211,142.772,0.6456,0.546,0.6702,0.5527,0.546,0.6326,0.5139,0.6416,0.5609,0.5139,0.6034,0.6143,0.6152,0.6154,0.6034,0.6003,0.5048,0.5895,0.2934,0.2934,0,0,0,0,0,-0.0092,-0.1064,0.0052,-0.104,-0.098,0.001,-0.0859,-0.0137,-0.0726,-0.0859,-0.0207,-0.0267,-0.0124,0.003,-0.1219,-0.1064,-0.0246,-0.075,0.0102,0.0105,-0.0153,-0.0533,-0.002,-0.057,-0.0512,0.0024,-0.0784,-0.0133,-0.0448,-0.0614,-0.0246,-0.0286,-0.0045,-0.0083,-0.0608,-0.0577,-0.027,0.0001,-0.0122,0.0205,-0.0087,-0.1865,0.0099,-0.1985,-0.1737,0.0006,-0.1761,0.0196,-0.1615,-0.1761,-0.0113,0.001,0.0221,0.0044,-0.0047,0.011,-0.0065,-0.1023,0.0032,-0.1196,-0.1023,-0.0084,-0.1281,0.0111,-0.0813,-0.1166,-0.0263,-0.02,-0.0203,0.0007,-0.0113,-0.0061,0.006,TRUE,TRUE
DTC_L_48,LanSi,1,CW_01,C,2026-03-24 10:50:56+08:00,ONLINE,FALSE,,CW_1_01,PASS,,,51.8202994,_2026032410505647902,T20260324105056,DESKTOP-P2DUL42,Loma,1,CW_1_01,2,paul di,2024.0718.155524,V20260126.2,CW_DTCL_DTCR_STC,T20260324105148,51.8202994,TRUE,TRUE,TRUE,TRUE,TRUE,TRUE,TRUE,4S2RND2HBL06DS,v1.0.1,2025_12_22,313.781,323.3212,473.8015,302.8235,294.3514,151.5473,147.543,343.4305,333.0284,490.3688,-6.9989,2.7983,-0.0001,0,-0.2269,1.5576,-0.2199,1.5556,0.6666,154.4414,150.3213,148.2061,153.7256,151.6736,0.8206,0.801,0.8394,0.7833,0.7833,0.7715,0.7207,0.7982,0.7578,0.7207,0.8194,0.8143,0.811,0.7712,0.7393,0.6895,0.7388,0.7064,0.6895,0.8139,0.98,0.8251,0.8123,0.8123,0.8339,0.7927,0.7705,0.8339,0.8236,0.8246,0.7783,0.7676,0.7676,0,0,0,0,0,v1.0.1,2025_12_22,313.7914,323.3669,474.8478,302.7609,294.0927,150.596,146.543,343.6026,333.1064,491.3546,-7.0237,2.8362,-0.0001,0,-0.2267,1.5568,-0.2199,1.5558,0.6665,157.999,154.0977,159.7617,158.8926,157.6877,0.6795,0.6765,0.7099,0.6954,0.6765,0.6575,0.6137,0.6603,0.6648,0.6137,0.655,0.6564,0.6405,0.6393,0.6248,0.6228,0.6296,0.6198,0.6198,0.6804,0.4373,0.6704,0.6789,0.4373,0.6645,0.6639,0.6322,0.6731,0.6678,0.6699,0.6701,0.6261,0.6261,0,0,0,0,0,v1.0.1,2025_12_22,312,315.5,437.0804,301.2054,298.0504,184.0924,183.5,330.4262,326.069,446.5776,-8.1601,-3.9397,-0.0001,0,-0.2133,1.5645,-0.2151,1.5634,0.6749,174.4609,173.5166,170.9092,174.0283,173.2288,0.7802,0.6786,0.8056,0.6645,0.6645,0.7381,0.6304,0.7511,0.6619,0.6304,0.7705,0.7524,0.7533,0.7001,0.7001,0.72,0,0.7188,0.7331,0.7188,0,0,0,0,0,v1.0.1,2025_12_22,312,315.5,437.885,301.0973,298.0855,183.2821,182.5167,330.4167,326.2167,447.2083,-8.1592,-3.9991,-0.0001,0,-0.2134,1.5654,-0.2142,1.5628,0.6752,146.5234,141.7256,141.1416,144.1064,143.3743,0.6488,0.5747,0.6819,0.5909,0.5747,0.6205,0.5329,0.6304,0.5743,0.5329,0.6376,0.6289,0.6297,0.6115,0.6115,0.5882,0.5308,0.5898,0.5688,0.5308,0,0,0,0,0,-0.0038,-0.0645,-0.0016,-0.0383,-0.0383,-0.0134,-0.1056,-0.0058,-0.0104,-0.0475,0.0101,0.004,0.0032,0.004,-0.0852,-0.1081,-0.0454,-0.0511,0.0033,0.0121,-0.0016,-0.0367,0.0155,-0.02,-0.0046,-0.0121,-0.0703,0.0028,-0.0019,-0.0438,0.0064,-0.0045,-0.0251,-0.0025,-0.0464,-0.0389,-0.0271,-0.0112,-0.0002,-0.0069,0.0011,-0.1315,0.0101,-0.129,-0.1146,0.0038,-0.1464,0.0017,-0.082,-0.1039,0.0094,-0.0078,0.0097,0.0138,-0.0062,0.0015,-0.0062,-0.1026,0.0169,-0.0844,-0.0803,-0.0157,-0.1147,0.0081,-0.0843,-0.0894,0.0064,-0.0022,-0.0061,0.0066,0.0066,0.013,0.0235,TRUE,TRUE
DTC_L_49,LanSi,1,CW_01,A,2026-03-24 10:52:27+08:00,ONLINE,FALSE,,CW_1_01,PASS,,,51.7914657,_2026032410522767702,T20260324105227,DESKTOP-P2DUL42,Loma,1,CW_1_01,2,paul di,2024.0718.155524,V20260126.2,CW_DTCL_DTCR_STC,T20260324105319,51.7914657,TRUE,TRUE,TRUE,TRUE,TRUE,TRUE,TRUE,4S2RND2HBL06DS,v1.0.1,2025_12_22,315.25,322.0221,475.6296,300.9556,296.2185,150.4172,149.8904,341.9795,334.6312,488.5248,-5.176,1.2798,-0.0001,0,-0.2301,1.5598,-0.2196,1.5544,0.6661,154.5918,149.6445,148.7012,153.9111,151.7122,0.8324,0.7964,0.8363,0.787,0.787,0.7979,0.7537,0.7791,0.7445,0.7445,0.816,0.8071,0.8092,0.7639,0.7333,0.716,0.7418,0.6981,0.6981,0.8267,0.9273,0.8184,0.7824,0.7824,0.849,0.7701,0.745,0.8308,0.822,0.7486,0.7783,0.7842,0.745,0,0,0,0,0,v1.0.1,2025_12_22,315.1714,322.0143,476.7153,300.9343,296.0199,149.457,148.6556,342.2053,334.773,489.5461,-5.2329,1.3314,-0.0001,0,-0.2292,1.5597,-0.2202,1.5538,0.666,158.2715,154.2051,160.3486,159.6641,158.1223,0.676,0.6859,0.6943,0.6928,0.676,0.6655,0.6312,0.649,0.6504,0.6312,0.6527,0.6665,0.6522,0.6415,0.607,0.62,0.6242,0.5949,0.5949,0.6867,0.4541,0.6854,0.6554,0.4541,0.6484,0.6393,0.6238,0.6753,0.6734,0.6367,0.6604,0.6396,0.6238,0,0,0,0,0,v1.0.1,2025_12_22,313.5,314.1132,438.5948,299.5948,299.9,182.9083,185.371,328.9113,327.6116,444.9091,-6.5045,-5.4127,-0.0001,-0.0001,-0.215,1.567,-0.2145,1.5628,0.6751,174.7363,172.9277,171.5527,174.3154,173.3831,0.7936,0.6901,0.7965,0.6851,0.6851,0.7386,0.6246,0.7403,0.6435,0.6246,0.7616,0.7441,0.7585,0.6928,0.6928,0.7106,0,0.7245,0.6592,0.6592,0,0,0,0,0,v1.0.1,2025_12_22,313.3241,314.2222,439.5,299.5,299.7479,182.0504,184.439,329.1382,327.6777,445.876,-6.5623,-5.3426,-0.0001,-0.0001,-0.2156,1.5679,-0.2147,1.5617,0.6748,146.6455,142.0332,141.3506,144.4785,143.627,0.6471,0.5934,0.6643,0.6025,0.5934,0.6244,0.5495,0.6249,0.5778,0.5495,0.6362,0.6318,0.638,0.6145,0.6145,0.5867,0.5468,0.5751,0.5625,0.5468,0,0,0,0,0,0.008,-0.0691,-0.0047,-0.0346,-0.0346,0.013,-0.0726,-0.0249,-0.0237,-0.0237,0.0067,-0.0032,0.0014,-0.0033,-0.0912,-0.0816,-0.0424,-0.0594,0.0161,0.0054,-0.0051,-0.0273,-0.0001,-0.0226,-0.0051,-0.0041,-0.0528,-0.0085,-0.0163,-0.0263,0.0041,0.0056,-0.0134,-0.0003,-0.0642,-0.0417,-0.0325,-0.0361,0.0061,0.0081,0.0145,-0.12,0.001,-0.1084,-0.094,0.0043,-0.1522,-0.0091,-0.1004,-0.1097,0.0005,-0.0161,0.0149,0.0065,-0.0156,0.0072,-0.0079,-0.0839,-0.0007,-0.0728,-0.0616,-0.0118,-0.0981,0.0026,-0.0808,-0.0728,0.005,0.0007,0.0022,0.0096,0.0096,0.0115,0.0088,TRUE,TRUE
DTC_R_49,LanSi,1,CW_01,B,2026-03-24 10:52:27+08:00,ONLINE,FALSE,,CW_1_01,PASS,,,51.7435935,_2026032410522772501,T20260324105227,DESKTOP-P2DUL42,Loma,1,CW_1_01,1,paul di,2024.0718.155524,V20260126.2,CW_DTCL_DTCR_STC,T20260324105319,51.7435935,TRUE,TRUE,TRUE,TRUE,TRUE,TRUE,TRUE,4S2RND2HBL0DP6,v1.0.1,2025_12_22,314.9852,316.3185,474.6963,296.0815,295.1224,147.0816,149.2133,336.72,335.2643,484.2071,-5.6437,-3.4182,-0.0001,0,-0.2255,1.5534,-0.2219,1.5501,0.664,154.0039,151.2676,150.9238,153.6006,152.449,0.8649,0.8149,0.8732,0.8338,0.8149,0.8095,0.7347,0.8331,0.7433,0.7347,0.8182,0.7998,0.8117,0.8149,0.7501,0.7106,0.739,0.6952,0.6952,0.8398,0.8035,0.8257,0.3105,0.3105,0.8469,0.7858,0.7765,0.8254,0.813,0.804,0.7073,0.8414,0.7073,0,0,0,0,0,v1.0.1,2025_12_22,314.9366,316.338,475.7464,296.029,295.1233,146.1301,148.034,336.9184,335.3451,485.2394,-5.6629,-3.369,-0.0001,0,-0.2251,1.5544,-0.2222,1.55,0.6643,159.4775,154.3867,162.7158,162.2695,159.7124,0.692,0.696,0.7085,0.6979,0.692,0.6719,0.645,0.6792,0.6257,0.6257,0.6604,0.6492,0.6566,0.6606,0.6383,0.6255,0.6054,0.5971,0.5971,0.6909,0.6606,0.6559,0.3381,0.3381,0.646,0.6622,0.6414,0.6848,0.6545,0.6835,0.6247,0.6785,0.6247,0,0,0,0,0,v1.0.1,2025_12_22,316.6972,327.6239,441.1712,312.3784,302.1935,195.129,188.1138,342.1463,331.1261,456.0991,-3.6396,7.1753,0,0.0001,-0.2214,1.5612,-0.2119,1.5584,0.6716,175.6318,175.1875,174.8193,176.4902,175.5322,0.7935,0.6957,0.7999,0.6914,0.6914,0.7553,0.6351,0.7666,0.6152,0.6152,0.7473,0.7561,0.7543,0.7319,0.7319,0.7427,0.6731,0.739,0,0.6731,0,0,0,0,0,v1.0.1,2025_12_22,316.6449,327.8224,441.9375,312.3839,302.0661,194.2645,187.122,342.3333,331.1504,456.9469,-3.7158,7.2502,0,0.0001,-0.2221,1.5616,-0.2111,1.5584,0.6717,146.499,141.5811,143.248,144.5283,143.9641,0.6613,0.5992,0.6793,0.6017,0.5992,0.6373,0.5674,0.651,0.5438,0.5438,0.6202,0.6222,0.6322,0.6204,0.6202,0.6069,0.5501,0.5849,0.4907,0.4907,0,0,0,0,0,0.0013,-0.0594,0.0071,-0.0358,-0.0487,-0.0184,-0.0759,0.0086,-0.0773,-0.0759,0.0011,-0.0102,0.0031,0.0076,-0.0574,-0.1011,-0.0574,-0.1269,0.0003,0.0241,-0.0174,-0.0155,-0.0012,-0.0314,-0.0174,-0.0012,-0.0362,0.015,-0.0483,-0.0385,0.0018,-0.0089,-0.002,-0.0084,-0.0188,-0.0373,-0.0253,-0.0449,0.0131,0.0036,0.0071,-0.114,-0.0003,-0.1198,-0.095,-0.0115,-0.1186,0.0057,-0.1635,-0.1385,-0.0035,0.0016,0.0201,0.0041,-0.0088,0.0048,0.0092,-0.0491,0.0123,-0.0706,-0.0491,-0.0037,-0.0746,0.0205,-0.0984,-0.0867,-0.0095,-0.0121,-0.0033,0.0057,0.0055,0.0005,0.0014,TRUE,TRUE
DTC_R_50,LanSi,1,CW_01,C,2026-03-24 10:54:09+08:00,ONLINE,FALSE,,CW_1_01,PASS,,,51.2532233,_2026032410540904201,T20260324105409,DESKTOP-P2DUL42,Loma,1,CW_1_01,1,paul di,2024.0718.155524,V20260126.2,CW_DTCL_DTCR_STC,T20260324105500,51.2532233,TRUE,TRUE,TRUE,TRUE,TRUE,TRUE,TRUE,4S2RND2HBL0DP6,v1.0.1,2025_12_22,314.8603,316.3235,474.8015,296.1765,295.0897,146.9034,149.0805,336.604,335.2518,484.0791,-5.6832,-3.4827,-0.0001,0,-0.2248,1.5541,-0.2212,1.5493,0.6644,154.7734,151.8467,151.5879,154.5869,153.1987,0.8674,0.8307,0.8762,0.8007,0.8007,0.8089,0.7267,0.8261,0.7245,0.7245,0.8182,0.8157,0.8187,0.8045,0.7498,0.7149,0.751,0.6869,0.6869,0.8447,0.8011,0.8315,0.98,0.8011,0.8523,0.7566,0.779,0.8329,0.8192,0.8058,0.709,0.8339,0.709,0,0,0,0,0,v1.0.1,2025_12_22,314.8345,316.3813,475.8143,296.0857,295.0414,145.931,148,336.7933,335.3235,485.0368,-5.6973,-3.4544,-0.0001,0,-0.2249,1.5547,-0.2212,1.5494,0.6645,159.4424,154.2715,162.4521,162.2051,159.5928,0.7003,0.6911,0.7188,0.6889,0.6889,0.6817,0.633,0.6713,0.6343,0.633,0.6653,0.6549,0.6515,0.6526,0.6338,0.6161,0.6122,0.6,0.6,0.6956,0.6729,0.6567,0.2809,0.2809,0.6464,0.6517,0.6704,0.6753,0.6731,0.6817,0.6139,0.6901,0.6139,0,0,0,0,0,v1.0.1,2025_12_22,316.7358,327.8396,441.2072,312.4775,302.0579,195.0909,188.0492,342.0164,331.1786,456.0982,-3.6543,7.2045,0,0.0001,-0.2223,1.5602,-0.2092,1.5581,0.6717,175.6377,175.0615,174.5166,176.6406,175.4641,0.7896,0.7146,0.8045,0.688,0.688,0.7523,0.6409,0.7622,0.5949,0.5949,0.7665,0.7593,0.7456,0.7412,0.7412,0.7229,0.6614,0.7319,0,0.6614,0,0,0,0,0,v1.0.1,2025_12_22,316.7248,327.7982,442.045,312.4685,301.9508,194.2787,187.122,342.3333,331.2522,456.9478,-3.681,7.2653,0,0.0001,-0.2212,1.5601,-0.2112,1.5583,0.6715,146.583,141.6748,143.0527,144.5156,143.9565,0.6536,0.6225,0.6779,0.602,0.602,0.6346,0.5664,0.6446,0.522,0.522,0.6134,0.6312,0.6335,0.6014,0.6014,0.5801,0.5365,0.5754,0.4281,0.4281,0,0,0,0,0,0.0038,-0.0436,0.0101,-0.0689,-0.0629,-0.019,-0.0839,0.0016,-0.0961,-0.0861,0.0011,0.0057,0.0101,-0.0028,-0.0577,-0.0968,-0.0454,-0.1352,0.0052,0.0299,-0.0091,-0.0204,0.0091,-0.0404,-0.0205,0.0086,-0.0482,0.0071,-0.0397,-0.0312,0.0067,-0.0032,-0.0071,-0.0164,-0.0233,-0.0467,-0.0185,-0.042,0.0178,0.0044,0.0032,-0.0951,0.0043,-0.1232,-0.0984,-0.0145,-0.1128,0.0013,-0.1838,-0.1588,0.0157,0.0048,0.0114,0.0134,-0.0286,-0.0023,0.0015,-0.0258,0.0109,-0.0703,-0.0463,-0.0064,-0.0756,0.0141,-0.1202,-0.1085,-0.0163,-0.0031,-0.002,-0.0133,-0.0133,-0.0263,-0.0081,TRUE,TRUE
DTC_L_50,LanSi,1,CW_01,B,2026-03-24 10:54:08+08:00,ONLINE,FALSE,,CW_1_01,PASS,,,51.5195112,_2026032410540877802,T20260324105408,DESKTOP-P2DUL42,Loma,1,CW_1_01,2,paul di,2024.0718.155524,V20260126.2,CW_DTCL_DTCR_STC,T20260324105500,51.5195112,TRUE,TRUE,TRUE,TRUE,TRUE,TRUE,TRUE,4S2RND2HBL06DS,v1.0.1,2025_12_22,314.0882,322.5,474.7388,302.0299,294.8,151.6267,148.2381,342.1769,333.4519,488.9259,-6.4366,1.9519,-0.0001,0,-0.2262,1.5579,-0.2176,1.5545,0.6671,152.8018,148.6719,146.8135,151.8945,150.0454,0.821,0.7819,0.8358,0.7794,0.7794,0.7815,0.743,0.7905,0.757,0.743,0.8182,0.808,0.8118,0.7622,0.713,0.7015,0.7755,0.7053,0.7015,0.8163,0.98,0.8251,0.832,0.8163,0.8461,0.7869,0.7101,0.8304,0.8325,0.8291,0.8047,0.783,0.7101,0,0,0,0,0,v1.0.1,2025_12_22,314.1241,322.5328,475.7914,301.9568,294.6776,150.625,147.1544,342.3893,333.705,489.8561,-6.4095,1.972,-0.0001,0,-0.2261,1.5576,-0.2179,1.5538,0.6669,158.0566,153.21,159.1152,158.7959,157.2944,0.6787,0.661,0.6916,0.6973,0.661,0.6579,0.6315,0.6549,0.6484,0.6315,0.64,0.6661,0.6493,0.6372,0.6108,0.6235,0.6389,0.5978,0.5978,0.6656,0.2912,0.6668,0.677,0.2912,0.6466,0.6435,0.5879,0.679,0.6745,0.6824,0.6768,0.6341,0.5879,0,0,0,0,0,v1.0.1,2025_12_22,312.3611,314.7407,437.7368,300.5,298.5,184,183.878,329.3333,326.5833,445.075,-7.6881,-4.7702,-0.0001,0,-0.2126,1.5647,-0.2126,1.5616,0.6753,174.0068,172.7998,170.6006,173.0557,172.6157,0.7809,0.6611,0.7982,0.6568,0.6568,0.7474,0.6209,0.7502,0.6628,0.6209,0.7652,0.7658,0.7593,0.6929,0.6929,0.7257,0,0.7204,0.7058,0.7058,0,0,0,0,0,v1.0.1,2025_12_22,312.2991,314.729,438.5948,300.4052,298.3884,183.2893,183.122,329.4553,326.6281,445.9669,-7.6935,-4.7309,-0.0001,0,-0.2124,1.5648,-0.213,1.5615,0.6752,146.1904,141.2666,140.3828,143.8105,142.9126,0.6472,0.5709,0.6529,0.5837,0.5709,0.6393,0.5437,0.6273,0.5777,0.5437,0.6296,0.6181,0.6198,0.5871,0.5871,0.5777,0.4453,0.5851,0.564,0.4453,0,0,0,0,0,-0.0034,-0.0836,-0.0052,-0.0422,-0.0422,-0.0034,-0.0833,-0.0135,-0.0112,-0.0252,0.0089,-0.0023,0.004,-0.005,-0.1115,-0.0961,-0.0087,-0.0522,0.0057,0.0121,-0.0024,-0.0522,-0.0028,-0.0181,-0.0201,-0.0117,-0.0525,-0.0026,-0.0183,-0.026,-0.0086,0.0052,-0.0163,-0.0046,-0.0604,-0.0382,-0.0178,-0.0332,-0.015,-0.0105,0.0018,-0.149,0.0027,-0.1367,-0.1223,0.0131,-0.1559,0.0008,-0.0811,-0.1134,0.0041,0.0056,0.0157,0.0066,-0.0005,0.0031,-0.0078,-0.1064,-0.0121,-0.0916,-0.0841,0.0031,-0.1039,0.005,-0.0809,-0.0786,-0.0016,-0.013,-0.016,-0.0178,-0.0178,0.0025,0.0188,TRUE,TRUE
DTC_L_51,LanSi,1,CW_01,C,2026-03-24 10:55:48+08:00,ONLINE,FALSE,,CW_1_01,PASS,,,51.1834547,_2026032410554855002,T20260324105548,DESKTOP-P2DUL42,Loma,1,CW_1_01,2,paul di,2024.0718.155524,V20260126.2,CW_DTCL_DTCR_STC,T20260324105639,51.1834547,TRUE,TRUE,TRUE,TRUE,TRUE,TRUE,TRUE,4S2RND2HBL06DS,v1.0.1,2025_12_22,314.0148,323.6815,474.1739,303.3333,294.5867,152.5,148,343.5,333.3235,490.0368,-6.6802,3.1103,-0.0001,0,-0.2259,1.5573,-0.2183,1.5547,0.667,153.7266,149.2393,147.5967,152.7773,150.835,0.8232,0.7915,0.8477,0.7877,0.7877,0.7758,0.7444,0.8023,0.738,0.738,0.8174,0.8043,0.8044,0.7598,0.7532,0.7134,0.7225,0.683,0.683,0.8082,0.98,0.8221,0.815,0.8082,0.839,0.8012,0.7866,0.8303,0.8301,0.8242,0.7851,0.7846,0.7846,0,0,0,0,0,v1.0.1,2025_12_22,314.0216,323.6978,475.1957,303.1667,294.4276,151.4737,146.8456,343.6107,333.4519,490.9926,-6.7115,3.0883,-0.0001,0,-0.2262,1.557,-0.218,1.5547,0.6669,158.1406,153.4736,159.5098,159.6113,157.6838,0.674,0.6618,0.7008,0.6897,0.6618,0.6605,0.626,0.6542,0.6489,0.626,0.657,0.6534,0.6479,0.6295,0.6311,0.6259,0.6127,0.6089,0.6089,0.673,0.3783,0.6676,0.6725,0.3783,0.6692,0.6532,0.6581,0.6766,0.6627,0.6774,0.6568,0.6238,0.6238,0,0,0,0,0,v1.0.1,2025_12_22,312.1574,315.75,437.5,301.6379,298.3984,185,183.8361,330.5164,326.5,446.5,-7.8216,-3.6191,-0.0001,0,-0.2116,1.5654,-0.2141,1.561,0.6752,173.5537,172.3662,170.043,172.8838,172.2117,0.7818,0.6828,0.8094,0.676,0.676,0.7393,0.6385,0.7585,0.6559,0.6385,0.7673,0.7611,0.7555,0.7097,0.7097,0.7325,0,0.7354,0.7197,0.7197,0,0,0,0,0,v1.0.1,2025_12_22,312.1682,315.8037,438.3621,301.5,298.2605,184.1849,182.952,330.6,326.5966,447.2773,-7.8321,-3.6268,-0.0001,0,-0.2123,1.565,-0.2135,1.561,0.675,146.166,141.0391,140.5117,144.2422,142.9897,0.6505,0.5735,0.6651,0.5917,0.5735,0.6203,0.5576,0.6264,0.581,0.5576,0.6393,0.6252,0.6277,0.6072,0.6072,0.5959,0.5094,0.5867,0.5752,0.5094,0,0,0,0,0,-0.0012,-0.074,0.0067,-0.0339,-0.0339,-0.0091,-0.0819,-0.0017,-0.0302,-0.0302,0.0081,-0.006,-0.0034,-0.0074,-0.0713,-0.0842,-0.0617,-0.0745,-0.0024,0.0091,-0.0071,-0.0514,0.0064,-0.0257,-0.0193,-0.0091,-0.058,-0.0033,-0.0178,-0.0315,0.0084,-0.0075,-0.0177,-0.0123,-0.0401,-0.0358,-0.044,-0.0221,-0.0076,-0.0097,0.0027,-0.1273,0.0139,-0.1175,-0.1031,0.005,-0.1383,0.0091,-0.088,-0.0958,0.0062,0.0009,0.0119,0.0234,0.0063,0.0181,-0.0045,-0.1038,0.0001,-0.0836,-0.0815,-0.0159,-0.09,0.0041,-0.0776,-0.0647,0.0081,-0.0059,-0.0081,0.0023,0.0023,0.0207,0.0204,TRUE,TRUE
DTC_R_51,LanSi,1,CW_01,A,2026-03-24 10:55:48+08:00,ONLINE,FALSE,,CW_1_01,PASS,,,51.0198936,_2026032410554873001,T20260324105548,DESKTOP-P2DUL42,Loma,1,CW_1_01,1,paul di,2024.0718.155524,V20260126.2,CW_DTCL_DTCR_STC,T20260324105639,51.0198936,TRUE,TRUE,TRUE,TRUE,TRUE,TRUE,TRUE,4S2RND2HBL0DP6,v1.0.1,2025_12_22,314.8768,315.8478,474.8261,295.6667,295.1156,146.1769,149.1224,336.0612,335.3264,483.625,-5.6465,-4.0245,-0.0001,0,-0.225,1.5543,-0.2208,1.549,0.6644,153.4795,150.749,150.6973,152.833,151.9397,0.8603,0.8266,0.869,0.8263,0.8263,0.8222,0.7463,0.8125,0.7176,0.7176,0.8123,0.8068,0.8112,0.8156,0.7511,0.7247,0.7408,0.6992,0.6992,0.8454,0.7981,0.8141,0.98,0.7981,0.8407,0.7607,0.7708,0.8347,0.8089,0.8194,0.7429,0.8353,0.7429,0,0,0,0,0,v1.0.1,2025_12_22,314.9571,315.8929,475.8071,295.5786,294.9592,145.1633,148.0336,336.1745,335.5,484.589,-5.6486,-4.0204,-0.0001,0,-0.2251,1.5537,-0.2204,1.5491,0.6643,160.1406,154.8916,163.6094,162.292,160.2334,0.6994,0.6793,0.7261,0.6966,0.6793,0.6902,0.6421,0.6678,0.6216,0.6216,0.6555,0.6411,0.654,0.6618,0.6177,0.6119,0.6118,0.5998,0.5998,0.6828,0.6427,0.6608,0.4606,0.4606,0.6595,0.6444,0.6501,0.6631,0.6656,0.6705,0.6367,0.6724,0.6367,0,0,0,0,0,v1.0.1,2025_12_22,316.6881,327.2752,441.2982,311.8246,302.065,194.1626,188.024,341.544,331.2544,455.6404,-3.6341,6.5893,0,0.0001,-0.2228,1.5609,-0.2099,1.5573,0.6713,175.4082,174.7705,175.0967,176.0459,175.3303,0.7925,0.6929,0.8071,0.6983,0.6929,0.75,0.6497,0.7726,0.579,0.579,0.7467,0.7517,0.7457,0.7352,0.7352,0.739,0.646,0.7262,0,0.646,0,0,0,0,0,v1.0.1,2025_12_22,316.6759,327.2222,441.973,311.7928,301.8629,193.4597,187,341.5873,331.4071,456.4867,-3.7162,6.6097,0,0.0001,-0.222,1.56,-0.2098,1.5568,0.6712,146.9434,141.7246,143.7607,144.5371,144.2415,0.654,0.6012,0.6759,0.6041,0.6012,0.6342,0.5583,0.6417,0.5108,0.5108,0.614,0.6319,0.6343,0.6126,0.6126,0.6023,0.5415,0.572,0.5345,0.5345,0,0,0,0,0,-0.0033,-0.0477,0.0029,-0.0433,-0.0373,-0.0057,-0.0643,-0.012,-0.103,-0.093,-0.0048,-0.0032,0.0026,0.0083,-0.0564,-0.087,-0.0556,-0.1229,0.0059,0.0125,-0.01,-0.0322,0.0164,-0.0327,-0.0301,0.0171,-0.0391,0.0036,-0.0524,-0.0426,-0.0031,-0.017,-0.0046,-0.0072,-0.0394,-0.0509,-0.0189,-0.0422,0.005,0.0085,0.0061,-0.1168,0.0069,-0.1129,-0.0935,-0.0168,-0.104,0.0117,-0.1997,-0.1747,-0.0041,-0.0028,0.0115,0.0074,-0.0125,-0.008,0.0019,-0.0471,0.0089,-0.0682,-0.0471,-0.0068,-0.0837,0.0112,-0.1314,-0.1197,-0.0157,-0.0024,-0.0012,-0.0021,-0.0021,-0.0041,-0.0115,TRUE,TRUE
DTC_L_52,LanSi,1,CW_01,A,2026-03-24 10:57:26+08:00,ONLINE,FALSE,,CW_1_01,PASS,,,51.9611692,_2026032410572621602,T20260324105726,DESKTOP-P2DUL42,Loma,1,CW_1_01,2,paul di,2024.0718.155524,V20260126.2,CW_DTCL_DTCR_STC,T20260324105818,51.9611692,TRUE,TRUE,TRUE,TRUE,TRUE,TRUE,TRUE,4S2RND2HBL06DS,v1.0.1,2025_12_22,313.7388,322.8955,473.8986,302.0942,294.2484,150.9542,147.6447,342.8421,333,490.1357,-6.9939,2.2844,-0.0001,0,-0.2286,1.5574,-0.219,1.5556,0.6663,153.5098,149.1162,147.3457,152.8662,150.7095,0.8176,0.7877,0.8399,0.7739,0.7739,0.7741,0.7496,0.7997,0.7554,0.7496,0.8241,0.8054,0.809,0.7646,0.7435,0.7141,0.7536,0.6968,0.6968,0.8297,0.5348,0.8241,0.8056,0.5348,0.8446,0.7162,0.7274,0.8518,0.8449,0.8284,0.7944,0.7852,0.7162,0,0,0,0,0,v1.0.1,2025_12_22,313.8286,322.9857,475,302.0863,294.1908,150.0395,146.5,343.0789,333.0786,491.1857,-6.9804,2.3752,-0.0001,0,-0.2284,1.5572,-0.219,1.5563,0.6665,157.416,153.4023,159.4795,158.4551,157.1882,0.6807,0.6745,0.7008,0.6937,0.6745,0.6589,0.6431,0.6531,0.6575,0.6431,0.646,0.6484,0.6504,0.6396,0.6208,0.6286,0.6203,0.6168,0.6168,0.6816,0.4644,0.656,0.681,0.4644,0.6494,0.6202,0.6006,0.6851,0.6664,0.6715,0.6637,0.6367,0.6006,0,0,0,0,0,v1.0.1,2025_12_22,312,315.0971,437.1696,300.6607,298.1102,183.5085,183.4228,329.7886,326,446.1026,-8.1595,-4.4685,-0.0001,0,-0.2143,1.5651,-0.2133,1.5638,0.6753,174.5684,173.3477,171.3086,174.2051,173.3574,0.7791,0.6752,0.7932,0.6556,0.6556,0.7392,0.6326,0.7474,0.6717,0.6326,0.7705,0.7625,0.7589,0.7017,0.7017,0.731,0,0.7265,0.7208,0.7208,0,0,0,0,0,v1.0.1,2025_12_22,311.9712,315.0481,437.9633,300.5413,298,182.8151,182.541,329.8279,326.0169,447.0508,-8.2015,-4.4434,-0.0001,0,-0.2141,1.565,-0.2132,1.5643,0.6755,145.8828,141.2637,140.4951,143.6387,142.8201,0.6567,0.5862,0.6779,0.5914,0.5862,0.6327,0.5625,0.6371,0.5769,0.5625,0.6375,0.6285,0.636,0.6143,0.6143,0.5989,0.4909,0.5717,0.5744,0.4909,0,0,0,0,0,-0.0068,-0.0778,-0.0011,-0.0477,-0.0477,-0.0108,-0.0767,-0.0043,-0.0128,-0.0186,0.0148,-0.0049,0.0012,-0.0026,-0.081,-0.0835,-0.0306,-0.0607,0.0191,0.0111,-0.0004,-0.0387,0.0064,-0.0217,-0.0066,-0.0107,-0.0409,-0.0044,-0.0092,-0.0144,-0.0026,-0.0125,-0.0152,-0.0022,-0.0504,-0.0331,-0.0364,-0.0142,0.001,-0.0213,0,-0.1349,-0.0023,-0.1379,-0.1235,0.0049,-0.1442,-0.002,-0.0722,-0.1017,0.0094,0.0023,0.0153,0.0154,0.0048,0.0092,0.0017,-0.0911,0.0129,-0.0839,-0.0688,-0.0035,-0.0851,0.0148,-0.0817,-0.0598,0.0063,-0.0026,0.0002,0.0094,0.0094,0.0237,0.0054,TRUE,TRUE
DTC_R_52,LanSi,1,CW_01,B,2026-03-24 10:57:26+08:00,ONLINE,FALSE,,CW_1_01,PASS,,,51.9202796,_2026032410572626401,T20260324105726,DESKTOP-P2DUL42,Loma,1,CW_1_01,1,paul di,2024.0718.155524,V20260126.2,CW_DTCL_DTCR_STC,T20260324105818,51.9202796,TRUE,TRUE,TRUE,TRUE,TRUE,TRUE,TRUE,4S2RND2HBL0DP6,v1.0.1,2025_12_22,315.2148,317.7778,475.6765,298.0368,295.7465,149.2535,149.5,338,335.9669,485.3841,-5.0791,-1.8096,-0.0001,0,-0.2219,1.5553,-0.2209,1.5471,0.6649,154.8516,153.0684,152.6934,154.3359,153.7373,0.8658,0.7736,0.8685,0.7707,0.7707,0.8106,0.7331,0.809,0.7372,0.7331,0.8123,0.8154,0.8076,0.8076,0.7116,0.7253,0.7691,0.7323,0.7116,0.8432,0.794,0.8009,0.6053,0.6053,0.841,0.7504,0.7513,0.8412,0.7908,0.7158,0.8532,0.8571,0.7158,0,0,0,0,0,v1.0.1,2025_12_22,315.1679,317.7153,476.7464,297.971,295.3986,148.2905,148.3423,338.1879,336.0805,486.3893,-5.1529,-1.7892,-0.0001,0,-0.2211,1.5541,-0.2216,1.5469,0.6646,159.7002,153.915,162.1553,162.2588,159.5073,0.6977,0.6565,0.7133,0.6695,0.6565,0.6753,0.6284,0.6553,0.6269,0.6269,0.6519,0.6464,0.6675,0.6607,0.6151,0.6313,0.6171,0.6283,0.6151,0.6854,0.6463,0.67,0.0824,0.0824,0.6413,0.6312,0.6338,0.6645,0.6601,0.5968,0.6412,0.6873,0.5968,0,0,0,0,0,v1.0.1,2025_12_22,316.9623,328.7642,441.9636,313.8455,302.4803,197.0472,188.4622,343.3697,331.708,456.6018,-3.1847,8.4257,0,0.0001,-0.2183,1.5608,-0.2127,1.5554,0.6713,175.6455,176.1836,175.7607,176.04,175.9075,0.8091,0.6401,0.809,0.6207,0.6207,0.7639,0.6174,0.7585,0.607,0.607,0.7546,0.7562,0.754,0.7457,0.7457,0.7481,0.6603,0.7289,0,0.6603,0,0,0,0,0,v1.0.1,2025_12_22,317,328.9029,442.7321,313.7321,302.3468,196.2097,187.5,343.5,331.8393,457.5,-3.2164,8.4689,0,0.0001,-0.2196,1.5603,-0.2117,1.5554,0.6711,146.6475,141.0059,142.7266,144.2285,143.6521,0.6609,0.5742,0.6834,0.5711,0.5711,0.6392,0.5465,0.6288,0.5375,0.5375,0.6293,0.632,0.6263,0.6292,0.6263,0.586,0.5473,0.5845,0.3337,0.3337,0,0,0,0,0,0.0022,-0.1007,0.0024,-0.0989,-0.0929,-0.0173,-0.0775,-0.0155,-0.0834,-0.0775,-0.0048,0.0054,-0.001,0.0003,-0.0959,-0.0864,-0.0273,-0.0898,0.0037,-0.0007,-0.0117,-0.055,0.0036,-0.0598,-0.0529,0.0022,-0.0528,-0.0089,-0.0471,-0.0373,-0.0067,-0.0117,0.0089,-0.0083,-0.042,-0.0315,-0.0136,-0.0137,0.0076,0.0177,0.0227,-0.1696,0.0088,-0.1905,-0.1657,-0.0029,-0.1363,-0.0024,-0.1717,-0.1467,0.0038,0.0017,0.0198,0.0179,-0.0034,-0.0053,0.0088,-0.0741,0.0164,-0.1012,-0.0772,-0.0018,-0.0955,-0.0017,-0.1047,-0.093,-0.0004,-0.0023,-0.0092,0.0145,0.0116,-0.0204,0.001,TRUE,TRUE
DTC_L_53,LanSi,1,CW_01,B,2026-03-24 10:59:10+08:00,ONLINE,FALSE,,CW_1_01,PASS,,,51.2442145,_2026032410591041602,T20260324105910,DESKTOP-P2DUL42,Loma,1,CW_1_01,2,paul di,2024.0718.155524,V20260126.2,CW_DTCL_DTCR_STC,T20260324110001,51.2442145,TRUE,TRUE,TRUE,TRUE,TRUE,TRUE,TRUE,4S2RND2HBL06DS,v1.0.1,2025_12_22,314,324,474.363,303.7037,294.8041,153.3784,148.1745,343.8456,333.3382,489.8824,-6.5641,3.462,-0.0001,0,-0.2254,1.5582,-0.2186,1.5542,0.6671,153.9668,149.6172,148.0947,152.958,151.1592,0.8363,0.8037,0.8397,0.7811,0.7811,0.7728,0.7484,0.797,0.7374,0.7374,0.815,0.7946,0.8028,0.7635,0.7312,0.7041,0.7433,0.6864,0.6864,0.8265,0.98,0.8283,0.8246,0.8246,0.8458,0.7713,0.7735,0.8344,0.8099,0.8069,0.7937,0.7584,0.7584,0,0,0,0,0,v1.0.1,2025_12_22,314.0217,323.9565,475.4143,303.4786,294.6689,152.3907,147,344,333.5,490.8188,-6.579,3.4289,-0.0001,0,-0.2257,1.558,-0.2189,1.5541,0.6669,158.3232,153.8789,159.5664,159.5146,157.8208,0.687,0.6727,0.6951,0.6853,0.6727,0.6615,0.6334,0.6546,0.6474,0.6334,0.6472,0.6512,0.6564,0.6338,0.6124,0.6121,0.6234,0.6048,0.6048,0.6883,0.387,0.6728,0.6836,0.387,0.6645,0.6464,0.6503,0.6781,0.6702,0.6711,0.6598,0.6219,0.6219,0,0,0,0,0,v1.0.1,2025_12_22,312.3208,316.1981,437.5856,301.9459,298.5508,185.5763,184.123,330.8115,326.4538,446.3697,-7.6932,-3.3197,-0.0001,0,-0.2128,1.5652,-0.213,1.5621,0.6754,174.001,173.0459,170.792,173.2363,172.7688,0.7813,0.6671,0.7975,0.6494,0.6494,0.7441,0.6385,0.7428,0.6517,0.6385,0.7655,0.76,0.7492,0.6931,0.6931,0.7307,0,0.7231,0.726,0.7231,0,0,0,0,0,v1.0.1,2025_12_22,312.3398,316.0194,438.4513,301.7168,298.4545,184.7851,183.2314,330.9174,326.5366,447.0325,-7.6973,-3.4058,-0.0001,0,-0.2124,1.5649,-0.2144,1.5623,0.6751,146.7891,141.377,140.9727,144.5078,143.4116,0.6569,0.5916,0.6692,0.5877,0.5877,0.629,0.5654,0.6231,0.5639,0.5639,0.6306,0.6393,0.6375,0.5927,0.5927,0.5698,0.5158,0.5836,0.5691,0.5158,0,0,0,0,0,0.0119,-0.0618,-0.0013,-0.0405,-0.0405,-0.0121,-0.0779,-0.007,-0.0308,-0.0308,0.0057,-0.0157,-0.005,-0.0037,-0.0933,-0.0935,-0.0409,-0.0711,0.0159,0.0153,0.0059,-0.0405,0.0007,-0.0301,-0.0084,-0.0081,-0.0506,-0.0029,-0.0193,-0.0241,-0.0014,-0.0097,-0.0092,-0.008,-0.0588,-0.0496,-0.0333,-0.0262,0.0077,-0.0045,0.0022,-0.143,0.002,-0.1441,-0.1297,0.0098,-0.1383,-0.0066,-0.0922,-0.0958,0.0044,-0.0002,0.0056,0.0068,0.0045,0.0058,0.0019,-0.0857,0.0042,-0.0876,-0.0673,-0.0072,-0.0822,0.0008,-0.0947,-0.0584,-0.0006,0.0082,0.0017,-0.0122,-0.0122,-0.0054,0.0173,TRUE,TRUE
DTC_R_53,LanSi,1,CW_01,C,2026-03-24 10:59:10+08:00,ONLINE,FALSE,,CW_1_01,FAIL,SFR_VIS_25cm_Ny4_01F_ROI2_Dev,Dev,51.1365048,_2026032410591053001,T20260324105910,DESKTOP-P2DUL42,Loma,1,CW_1_01,1,paul di,2024.0718.155524,V20260126.2,CW_DTCL_DTCR_STC,T20260324110001,51.1365048,TRUE,TRUE,TRUE,TRUE,TRUE,TRUE,TRUE,4S2RND2HBL0DP6,v1.0.1,2025_12_22,315,316.0863,475.2463,296.3284,295.1034,147.8138,149.102,336.3197,335.8467,484.7867,-5.4403,-3.233,-0.0001,0,-0.2222,1.5526,-0.2208,1.5473,0.6642,154.1025,151.6309,151.5781,154.0107,152.8306,0.8667,0.746,0.8719,0.7838,0.746,0.8259,0.7277,0.8134,0.7768,0.7277,0.8201,0.8001,0.8032,0.8073,0.7165,0.6973,0.7845,0.7711,0.6973,0.84,0.7936,0.8123,0.98,0.7936,0.8477,0.7706,0.7625,0.8211,0.793,0.737,0.8376,0.8383,0.737,0,0,0,0,0,v1.0.1,2025_12_22,315,316.1277,476.295,296.3309,295.0833,146.9514,148,336.4122,335.88,485.8733,-5.4483,-3.1609,-0.0001,0,-0.2216,1.5531,-0.2204,1.5479,0.6648,160.6035,155.1045,163.5801,163.4561,160.686,0.7037,0.6576,0.7179,0.6732,0.6576,0.673,0.6196,0.6688,0.6431,0.6196,0.6471,0.6449,0.66,0.6625,0.6376,0.6215,0.6266,0.6352,0.6215,0.6754,0.6507,0.6592,0.0681,0.0681,0.6547,0.643,0.6413,0.679,0.6479,0.6033,0.6311,0.6684,0.6033,0,0,0,0,0,v1.0.1,2025_12_22,316.8131,327.5514,441.5702,312.4298,302.1508,195.9127,187.952,341.6,331.5,456.2931,-3.5028,7.2574,0,0.0001,-0.2201,1.5594,-0.2081,1.5567,0.672,175.9131,175.9785,175.8262,177.0928,176.2026,0.8049,0.5968,0.8219,0.6304,0.5968,0.7574,0.5825,0.773,0.6682,0.5825,0.7762,0.7571,0.7529,0.75,0.75,0.7418,0.6646,0.7329,0,0.6646,0,0,0,0,0,v1.0.1,2025_12_22,316.8095,327.5524,442.5478,312.3826,302.0333,195.0417,187.1405,341.8182,331.6723,456.8739,-3.4593,7.2338,0,0.0001,-0.2195,1.5592,-0.2091,1.5559,0.6716,147.4639,141.9463,143.8389,145.7695,144.7546,0.6541,0.5369,0.6788,0.5673,0.5369,0.6367,0.5229,0.6379,0.5763,0.5229,0.6293,0.6328,0.6252,0.6175,0.6175,0.5969,0.553,0.5822,0.3273,0.3273,0,0,0,0,0,0.0031,-0.1283,0.0058,-0.0858,-0.1176,-0.002,-0.0829,-0.0111,-0.0438,-0.0829,0.003,-0.0099,-0.0054,0,-0.091,-0.1144,-0.0119,-0.051,0.0005,0.0107,-0.0057,-0.0539,0.0082,-0.0561,-0.0518,-0.0001,-0.0616,0.0046,-0.0309,-0.0446,-0.0115,-0.0132,0.0014,-0.0065,-0.0195,-0.0413,-0.0041,-0.0068,-0.0024,0.0069,0.0185,-0.2129,0.0217,-0.1808,-0.1896,-0.0094,-0.1712,0.0121,-0.1105,-0.1712,0.0254,0.0026,0.0187,0.0222,-0.0097,-0.0013,0.002,-0.1114,0.0118,-0.105,-0.1114,-0.0043,-0.1191,0.0074,-0.0659,-0.1076,-0.0004,-0.0015,-0.0103,0.0028,0.0028,-0.0095,-0.0013,TRUE,TRUE
DTC_L_54,LanSi,1,CW_01,C,2026-03-24 11:03:35+08:00,ONLINE,FALSE,,CW_1_01,PASS,,,51.7346718,_2026032411033538002,T20260324110335,DESKTOP-P2DUL42,Loma,1,CW_1_01,2,paul di,2024.0718.155524,V20260126.2,CW_DTCL_DTCR_STC,T20260324110427,51.7346718,TRUE,TRUE,TRUE,TRUE,TRUE,TRUE,TRUE,4S2RND2HBL06DS,v1.0.1,2025_12_22,314.1691,323.2353,474.3704,303.0444,294.8467,152.0467,148.2041,343.1088,333.3688,489.4752,-6.5082,2.6821,-0.0001,0,-0.2249,1.5579,-0.2187,1.5553,0.6674,153.9883,150.3584,148.4102,153.8125,151.6423,0.8215,0.7968,0.845,0.7957,0.7957,0.7795,0.7612,0.8033,0.7433,0.7433,0.826,0.8151,0.8298,0.7656,0.7456,0.7179,0.7578,0.6899,0.6899,0.8042,0.98,0.8442,0.8305,0.8042,0.8396,0.7935,0.7459,0.8519,0.8242,0.81,0.7713,0.7635,0.7459,0,0,0,0,0,v1.0.1,2025_12_22,314.1533,323.1898,475.4851,302.9627,294.7013,151.1429,147.0612,343.1701,333.6364,490.4895,-6.4926,2.691,-0.0001,0,-0.2242,1.5577,-0.2185,1.5543,0.6673,158.0225,154.3525,160.1904,159.3643,157.9824,0.6829,0.6722,0.7025,0.6943,0.6722,0.6537,0.6424,0.6529,0.6395,0.6395,0.6532,0.6526,0.6623,0.643,0.6169,0.6307,0.6233,0.6093,0.6093,0.6795,0.4205,0.6804,0.6848,0.4205,0.6611,0.6588,0.6373,0.6779,0.6747,0.6839,0.6668,0.6398,0.6373,0,0,0,0,0,v1.0.1,2025_12_22,312.3241,315.5741,437.5478,301.3826,298.5462,184.6303,183.9836,330.1311,326.6356,445.839,-7.6925,-3.9886,-0.0001,0,-0.2123,1.5654,-0.2124,1.5609,0.6754,174.2959,173.542,171.3916,174.1348,173.3411,0.7836,0.6754,0.8031,0.6758,0.6754,0.7385,0.6438,0.7494,0.6436,0.6436,0.7748,0.7559,0.7547,0.6921,0.6921,0.7321,0,0.7189,0.7237,0.7189,0,0,0,0,0,v1.0.1,2025_12_22,312.3241,315.4259,438.4386,301.3333,298.4754,183.7377,183.2377,330.2787,326.5726,446.6239,-7.6903,-4.0201,-0.0001,0,-0.2108,1.5655,-0.214,1.5621,0.6757,146.2295,141.9746,141.2441,144.4668,143.4788,0.6552,0.5793,0.6643,0.5954,0.5793,0.6281,0.5712,0.6278,0.5654,0.5654,0.6184,0.6431,0.6279,0.6069,0.6069,0.5975,0.531,0.592,0.576,0.531,0,0,0,0,0,-0.0029,-0.0687,0.004,-0.0259,-0.0259,-0.0054,-0.0651,-0.0007,-0.0249,-0.0249,0.0167,0.0048,0.022,-0.0016,-0.0789,-0.0797,-0.0264,-0.0676,-0.0064,0.0312,0.0018,-0.041,0.0081,-0.0211,-0.0089,-0.0159,-0.0416,-0.0046,-0.0272,-0.018,0.0046,-0.0083,-0.0033,0.0012,-0.0543,-0.031,-0.0334,-0.0217,-0.0011,0.0031,0.0045,-0.1347,0.0076,-0.1177,-0.1037,0.0042,-0.133,0,-0.1003,-0.0907,0.0137,-0.0043,0.0111,0.0058,0.0059,0.0016,0.0002,-0.098,-0.0007,-0.0799,-0.0757,-0.0081,-0.0764,0.0055,-0.0932,-0.0569,-0.0128,0.012,-0.0079,0.002,0.002,0.0223,0.0257,TRUE,TRUE
DTC_R_54,LanSi,1,CW_01,A,2026-03-24 11:03:35+08:00,ONLINE,FALSE,,CW_1_01,PASS,,,51.7406566,_2026032411033539301,T20260324110335,DESKTOP-P2DUL42,Loma,1,CW_1_01,1,paul di,2024.0718.155524,V20260126.2,CW_DTCL_DTCR_STC,T20260324110427,51.7406566,TRUE,TRUE,TRUE,TRUE,TRUE,TRUE,TRUE,4S2RND2HBL0DP6,v1.0.1,2025_12_22,315.1324,317.4853,475.4511,298,295.4558,149.4014,149.3758,337.8926,335.9195,485.6107,-5.2331,-1.822,-0.0001,0,-0.2204,1.5537,-0.222,1.5473,0.6646,153.2646,151.2441,150.708,153.3086,152.1313,0.8653,0.7687,0.8723,0.7636,0.7636,0.8165,0.7373,0.815,0.7656,0.7373,0.8194,0.8112,0.8031,0.8223,0.7361,0.7267,0.7709,0.7541,0.7267,0.8338,0.7983,0.7965,0.98,0.7965,0.8539,0.7644,0.7413,0.8224,0.8018,0.98,0.8392,0.843,0.7413,0,0,0,0,0,v1.0.1,2025_12_22,315.1594,317.5,476.6765,297.9632,295.2568,148.3446,148.1319,338,336,486.5,-5.2551,-1.8384,-0.0001,0,-0.2199,1.5532,-0.2216,1.5476,0.6648,159.7461,154.7168,162.9268,162.9229,160.0781,0.7014,0.6572,0.7138,0.664,0.6572,0.6731,0.6407,0.6621,0.653,0.6407,0.6513,0.6604,0.6486,0.6611,0.615,0.6364,0.634,0.623,0.615,0.6803,0.6437,0.6623,0.1394,0.1394,0.6423,0.6485,0.6377,0.6696,0.6392,0.3065,0.6434,0.6729,0.3065,0,0,0,0,0,v1.0.1,2025_12_22,316.9151,328.6698,441.7838,313.7207,302.3571,197.0714,188.2683,343.0732,331.5913,456.687,-3.3169,8.3444,0,0.0001,-0.2186,1.5601,-0.211,1.5561,0.6717,175.0039,175.6025,174.8857,176.3574,175.4624,0.8111,0.6196,0.8121,0.619,0.619,0.7561,0.6036,0.7686,0.6395,0.6036,0.7649,0.7625,0.7478,0.7265,0.7265,0.7414,0.6578,0.7341,0,0.6578,0,0,0,0,0,v1.0.1,2025_12_22,316.9151,328.6698,442.6991,313.6903,302.272,196.184,187.3697,343.3193,331.6174,457.5826,-3.3253,8.3892,0,0.0001,-0.218,1.5602,-0.2121,1.5567,0.6717,146.7627,141.4707,143.3369,144.7529,144.0808,0.6654,0.5557,0.6756,0.5588,0.5557,0.6297,0.55,0.6355,0.5666,0.55,0.6268,0.6298,0.6226,0.6369,0.6226,0.5878,0.5379,0.581,0.1566,0.1566,0,0,0,0,0,0.0017,-0.1056,0.0062,-0.106,-0.1,-0.0114,-0.0733,-0.0095,-0.055,-0.0733,0.0023,0.0012,-0.0055,0.015,-0.0714,-0.085,-0.0255,-0.068,-0.0057,-0.0051,-0.008,-0.0543,0.0041,-0.0653,-0.0522,0,-0.0405,-0.0021,-0.021,-0.0235,-0.0073,0.0023,-0.01,-0.0079,-0.0421,-0.0264,0.0033,-0.019,0.0025,0.01,0.0247,-0.1901,0.0119,-0.1922,-0.1674,-0.0107,-0.1501,0.0077,-0.1392,-0.1501,0.0141,0.008,0.0136,-0.0013,-0.0101,-0.0001,0.0133,-0.0926,0.0086,-0.1135,-0.0926,-0.0113,-0.092,0.005,-0.0756,-0.0805,-0.0029,-0.0045,-0.0129,0.0222,0.0079,-0.0186,-0.0025,TRUE,TRUE
DTC_R_55,LanSi,1,CW_01,B,2026-03-24 11:05:41+08:00,ONLINE,FALSE,,CW_1_01,PASS,,,52.2996229,_2026032411054113601,T20260324110541,DESKTOP-P2DUL42,Loma,1,CW_1_01,1,paul di,2024.0718.155524,V20260126.2,CW_DTCL_DTCR_STC,T20260324110633,52.2996229,TRUE,TRUE,TRUE,TRUE,TRUE,TRUE,TRUE,4S2RND2HBL0DP6,v1.0.1,2025_12_22,314.9783,315.9565,474.8467,295.8102,295.1769,146.4694,149.2933,336.2867,335.3077,483.5804,-5.5794,-3.8794,-0.0001,0,-0.2248,1.554,-0.2216,1.5496,0.6643,153.4395,150.7305,150.6338,153.4336,152.0593,0.8608,0.814,0.8684,0.8144,0.814,0.8125,0.7507,0.8068,0.7416,0.7416,0.8146,0.8042,0.8147,0.8025,0.7572,0.7303,0.7275,0.6802,0.6802,0.8522,0.8072,0.822,0.1941,0.1941,0.8466,0.7746,0.7715,0.8268,0.8024,0.7921,0.7529,0.8531,0.7529,0,0,0,0,0,v1.0.1,2025_12_22,314.9143,315.9786,475.85,295.6643,295.0336,145.4698,148.0805,336.396,335.589,484.5959,-5.6065,-3.8791,-0.0001,0,-0.225,1.5542,-0.2213,1.5483,0.664,159.6094,153.8594,162.1826,162.1523,159.4509,0.6946,0.6816,0.7136,0.6982,0.6816,0.6748,0.6355,0.6764,0.6402,0.6355,0.6569,0.6449,0.6675,0.6547,0.6252,0.6268,0.611,0.5937,0.5937,0.6837,0.6573,0.6779,0.3996,0.3996,0.6623,0.6511,0.66,0.6776,0.6731,0.6621,0.6391,0.69,0.6391,0,0,0,0,0,v1.0.1,2025_12_22,316.6972,327.3761,441.2632,312.0088,301.992,194.552,188,341.5873,331.2613,455.6486,-3.6573,6.7346,0,0.0001,-0.2222,1.56,-0.2095,1.5572,0.6714,175.6348,174.4678,174.8184,176.3965,175.3293,0.8024,0.6955,0.8152,0.6935,0.6935,0.7635,0.6418,0.7627,0.6241,0.6241,0.7669,0.765,0.7558,0.7284,0.7284,0.7258,0.6647,0.7279,0,0.6647,0,0,0,0,0,v1.0.1,2025_12_22,316.6422,327.4679,442,312,301.877,193.9262,187.0992,341.9008,331.3333,456.5702,-3.7096,6.873,0,0.0001,-0.2223,1.5602,-0.2104,1.557,0.6711,146.1641,140.5244,142.502,144.2002,143.3477,0.6745,0.6118,0.6801,0.6049,0.6049,0.6352,0.5634,0.6372,0.5583,0.5583,0.6445,0.6233,0.642,0.6131,0.6131,0.5941,0.5524,0.5867,0.5049,0.5049,0,0,0,0,0,-0.0028,-0.0603,0.0023,-0.0552,-0.0496,-0.0154,-0.0599,-0.0177,-0.079,-0.069,-0.0025,-0.0058,0.0061,-0.0048,-0.0503,-0.0814,-0.0689,-0.1419,0.0127,0.0204,-0.0148,-0.0299,0.0039,-0.0311,-0.0278,0.0017,-0.0457,0.0122,-0.0338,-0.0287,-0.0017,-0.0132,0.0089,-0.0143,-0.0319,-0.036,-0.0197,-0.0483,0.0059,0.0256,0.016,-0.1142,0.015,-0.1177,-0.0929,-0.0033,-0.1119,0.0018,-0.1546,-0.1296,0.0161,0.0105,0.0216,0.0006,-0.0257,-0.0063,0.0224,-0.0365,0.0131,-0.0674,-0.0434,-0.0058,-0.0786,0.0067,-0.0839,-0.0722,0.0148,-0.011,0.0065,-0.0016,-0.0016,-0.0123,0.0032,TRUE,TRUE
DTC_L_55,LanSi,1,CW_01,A,2026-03-24 11:05:40+08:00,ONLINE,FALSE,,CW_1_01,PASS,,,52.5758841,_2026032411054090602,T20260324110540,DESKTOP-P2DUL42,Loma,1,CW_1_01,2,paul di,2024.0718.155524,V20260126.2,CW_DTCL_DTCR_STC,T20260324110633,52.5758841,TRUE,TRUE,TRUE,TRUE,TRUE,TRUE,TRUE,4S2RND2HBL06DS,v1.0.1,2025_12_22,315.1533,322.1898,475.4741,301.363,296.14,151.4333,149.7365,342.2162,334.5338,487.9624,-5.2925,1.5329,-0.0001,0,-0.2287,1.5594,-0.22,1.5539,0.6662,153.3652,148.748,147.4912,153.1494,150.6885,0.8212,0.7975,0.8471,0.7885,0.7885,0.7876,0.755,0.7826,0.7309,0.7309,0.8025,0.806,0.8215,0.7606,0.7267,0.7283,0.7293,0.6862,0.6862,0.8167,0.2824,0.8216,0.7681,0.2824,0.8355,0.7562,0.7236,0.8384,0.816,0.7431,0.7584,0.7719,0.7236,0,0,0,0,0,v1.0.1,2025_12_22,315.1533,322.1898,476.4714,301.3929,296.0199,150.543,148.5724,342.3618,334.6765,488.9632,-5.3213,1.5902,-0.0001,0,-0.2277,1.5593,-0.22,1.5537,0.6663,158.3115,153.6211,159.8252,160.0361,157.9485,0.6834,0.6813,0.692,0.6947,0.6813,0.6547,0.6291,0.6622,0.6473,0.6291,0.6473,0.659,0.6541,0.6376,0.6176,0.6219,0.6024,0.6003,0.6003,0.6711,0.488,0.6792,0.6533,0.488,0.6656,0.6645,0.6042,0.6784,0.6794,0.6441,0.6607,0.6251,0.6042,0,0,0,0,0,v1.0.1,2025_12_22,313.3578,314.5321,438.5043,300.1304,299.7603,183.7438,185.3577,329.2358,327.4957,444.5556,-6.6048,-5.0605,-0.0001,-0.0001,-0.2141,1.5667,-0.2139,1.562,0.6752,173.3828,171.8945,170.3896,173.4248,172.2729,0.7827,0.6811,0.7946,0.6741,0.6741,0.7456,0.6413,0.7451,0.6345,0.6345,0.7666,0.7616,0.7413,0.702,0.702,0.722,0,0.7257,0.6303,0.6303,0,0,0,0,0,v1.0.1,2025_12_22,313.2804,314.5421,439.4425,299.7965,299.6667,183,184.4417,329.4167,327.547,445.4786,-6.6244,-5.0532,-0.0001,-0.0001,-0.2158,1.5672,-0.2144,1.5617,0.6747,146.5625,141.5439,140.8223,144.7949,143.4309,0.6517,0.5927,0.67,0.6009,0.5927,0.6246,0.5471,0.6164,0.5648,0.5471,0.6169,0.6281,0.6349,0.5888,0.5888,0.5972,0.5192,0.5892,0.5443,0.5192,0,0,0,0,0,-0.0032,-0.068,0.0061,-0.0331,-0.0331,0.0027,-0.0713,-0.0214,-0.0373,-0.0373,-0.0068,-0.0043,0.0137,-0.0066,-0.0978,-0.0693,-0.0549,-0.0713,0.0061,0.0086,0.0023,-0.0319,-0.0024,-0.0207,0.0002,-0.0149,-0.0549,0.0047,-0.0194,-0.0284,-0.0013,-0.0019,-0.0115,-0.0042,-0.0536,-0.0398,-0.0543,-0.0307,-0.0095,0.0019,0.0036,-0.129,-0.0009,-0.1194,-0.105,0.0113,-0.1355,-0.0043,-0.1094,-0.0998,0.0055,0.0014,-0.0023,0.0157,-0.0042,0.0084,-0.0033,-0.0846,0.005,-0.0744,-0.0623,-0.0116,-0.1005,-0.0059,-0.0938,-0.0752,-0.0143,-0.003,-0.0009,-0.0161,-0.0161,0.022,0.0229,TRUE,TRUE
DTC_L_56,LanSi,1,CW_01,B,2026-03-24 11:07:22+08:00,ONLINE,FALSE,,CW_1_01,PASS,,,53.0658869,_2026032411072239502,T20260324110722,DESKTOP-P2DUL42,Loma,1,CW_1_01,2,paul di,2024.0718.155524,V20260126.2,CW_DTCL_DTCR_STC,T20260324110815,53.0658869,TRUE,TRUE,TRUE,TRUE,TRUE,TRUE,TRUE,4S2RND2HBL06DS,v1.0.1,2025_12_22,314.0803,323.8686,474.1971,303.438,294.7933,152.4733,148.245,343.8146,333.3121,490.4184,-6.5744,3.3026,-0.0001,0,-0.2264,1.5582,-0.2192,1.5553,0.667,154.2969,150.0547,148.6797,153.832,151.7158,0.8221,0.792,0.8384,0.7972,0.792,0.785,0.7394,0.8064,0.7412,0.7394,0.8067,0.7257,0.8276,0.7805,0.7498,0.7144,0.7546,0.6909,0.6909,0.8112,0.7081,0.8197,0.833,0.7081,0.8537,0.7513,0.7506,0.8588,0.8509,0.8314,0.7841,0.7528,0.7506,0,0,0,0,0,v1.0.1,2025_12_22,314.0791,323.8633,475.3669,303.3813,294.6333,151.42,147.0816,343.966,333.5,491.5,-6.5678,3.3261,-0.0001,0,-0.2258,1.558,-0.2193,1.5549,0.667,158.3389,154.2939,160.7373,159.7549,158.2812,0.6738,0.6714,0.6949,0.6893,0.6714,0.6493,0.6209,0.6561,0.6476,0.6209,0.6573,0.5766,0.6394,0.6408,0.6168,0.6235,0.6256,0.5903,0.5766,0.6904,0.5225,0.6783,0.6769,0.5225,0.668,0.6479,0.6172,0.6738,0.6784,0.6789,0.6715,0.6329,0.6172,0,0,0,0,0,v1.0.1,2025_12_22,312.2308,315.9423,437.469,301.7788,298.5,184.9048,184.122,330.6667,326.5214,446.6581,-7.7314,-3.5099,-0.0001,0,-0.2121,1.5659,-0.2139,1.5614,0.6753,174.5625,173.1768,171.6768,173.9541,173.3425,0.7768,0.6801,0.7995,0.6751,0.6751,0.7326,0.635,0.7487,0.658,0.635,0.7684,0.7373,0.7489,0.6986,0.6986,0.7277,0,0.7308,0.7161,0.7161,0,0,0,0,0,v1.0.1,2025_12_22,312.2843,315.9804,438.3826,301.5478,298.3417,184.075,183.1901,330.7025,326.4957,447.4444,-7.7611,-3.55,-0.0001,0,-0.2134,1.565,-0.213,1.5626,0.6753,146.6426,141.918,141.5332,144.7168,143.7026,0.6585,0.5728,0.6715,0.6078,0.5728,0.6203,0.5564,0.6248,0.5781,0.5564,0.6182,0.6036,0.6371,0.5933,0.5933,0.6096,0.539,0.5912,0.5682,0.539,0,0,0,0,0,-0.0023,-0.0735,-0.0026,-0.0244,-0.0296,0.0001,-0.0869,0.0024,-0.027,-0.0288,-0.0026,-0.0846,0.0198,0.0133,-0.0747,-0.0832,-0.0296,-0.0666,0.0006,0.0067,-0.0073,-0.0418,0.0005,-0.0261,-0.0097,-0.0203,-0.0631,-0.0014,-0.0191,-0.0366,0.0087,-0.0843,-0.0262,-0.001,-0.0544,-0.0382,-0.0311,-0.0407,0.0098,0.001,-0.0023,-0.13,0.004,-0.1184,-0.104,-0.0017,-0.1418,-0.0007,-0.0859,-0.0993,0.0073,-0.0229,0.0053,0.0123,0.0015,0.0135,0.0035,-0.1045,0.0065,-0.0675,-0.0822,-0.0159,-0.0912,0.0025,-0.0805,-0.0659,-0.013,-0.0275,0.0013,-0.0116,-0.0116,0.0344,0.0249,TRUE,TRUE
DTC_R_56,LanSi,1,CW_01,C,2026-03-24 11:07:22+08:00,ONLINE,FALSE,,CW_1_01,PASS,,,53.110767,_2026032411072239501,T20260324110722,DESKTOP-P2DUL42,Loma,1,CW_1_01,1,paul di,2024.0718.155524,V20260126.2,CW_DTCL_DTCR_STC,T20260324110815,53.110767,TRUE,TRUE,TRUE,TRUE,TRUE,TRUE,TRUE,4S2RND2HBL0DP6,v1.0.1,2025_12_22,314.9638,317.1159,474.8921,297.223,295.2671,147.5685,149.4276,337.6382,335.3261,485.0362,-5.5247,-2.5836,-0.0001,0,-0.2232,1.5546,-0.2228,1.5496,0.6645,153.998,151.5352,151.0107,153.626,152.5425,0.8605,0.8077,0.8676,0.7969,0.7969,0.8188,0.7318,0.8245,0.7637,0.7318,0.82,0.8085,0.8121,0.8055,0.7631,0.7131,0.7433,0.7527,0.7131,0.8413,0.8083,0.8169,0.8024,0.8024,0.8434,0.7677,0.7824,0.8214,0.8154,0.7916,0.8214,0.8557,0.7677,0,0,0,0,0,v1.0.1,2025_12_22,314.9571,317.1071,476,297.0863,295.0397,146.5232,148.1419,337.7635,335.5,486,-5.5722,-2.604,-0.0001,0,-0.2232,1.554,-0.2227,1.5492,0.6644,160.5508,155.292,163.8643,163.1924,160.7249,0.691,0.6786,0.7169,0.6811,0.6786,0.6776,0.6355,0.6615,0.6502,0.6355,0.6605,0.6445,0.6548,0.6586,0.6386,0.6347,0.5925,0.6181,0.5925,0.6726,0.6582,0.677,0.4576,0.4576,0.6608,0.6573,0.661,0.6605,0.6786,0.7056,0.6664,0.6934,0.6573,0,0,0,0,0,v1.0.1,2025_12_22,316.8286,328.5429,441.3846,313.453,302.2661,195.7661,188.1825,343.0238,331.3276,457.1897,-3.5021,8.0951,0,0.0001,-0.22,1.561,-0.2116,1.558,0.6719,175.9834,175.6885,175.5781,176.5723,175.9556,0.7979,0.6706,0.8023,0.6505,0.6505,0.7691,0.6569,0.7628,0.6535,0.6535,0.7686,0.7626,0.7487,0.7195,0.7195,0.7427,0.6761,0.7336,0,0.6761,0,0,0,0,0,v1.0.1,2025_12_22,316.8037,328.6262,442.2124,313.3805,302,195,187.3443,343.1721,331.2982,458,-3.5683,8.1358,0,0.0001,-0.2205,1.5599,-0.2114,1.5587,0.6717,147.4219,142.3193,144.1201,145.3926,144.8135,0.6636,0.5823,0.678,0.5703,0.5703,0.6415,0.5862,0.6267,0.5678,0.5678,0.635,0.6365,0.6199,0.6237,0.6199,0.581,0.5447,0.5763,0.5345,0.5345,0,0,0,0,0,-0.0031,-0.0666,0.0015,-0.0727,-0.0667,-0.0091,-0.0788,0,-0.0569,-0.0788,0.0029,-0.0015,0.0035,-0.0018,-0.0444,-0.0986,-0.0531,-0.0694,0.0018,0.0153,-0.0184,-0.0329,0.0072,-0.0482,-0.0308,0.0045,-0.0457,-0.0027,-0.0238,-0.0287,0.0019,-0.0136,-0.0038,-0.0104,-0.0185,-0.0281,-0.0382,-0.0239,-0.0052,0.0247,0.0115,-0.1391,0.0021,-0.1607,-0.1359,0.0023,-0.0968,0.0019,-0.1252,-0.1002,0.0178,0.0081,0.0145,-0.0083,-0.0088,-0.0006,0.0115,-0.066,0.011,-0.102,-0.078,0.0005,-0.0558,-0.0038,-0.0744,-0.0627,0.0053,0.0022,-0.0156,0.009,0.0052,-0.0254,-0.0072,TRUE,TRUE
DTC_R_57,LanSi,1,CW_01,A,2026-03-24 11:09:03+08:00,ONLINE,FALSE,,CW_1_01,PASS,,,51.9497365,_2026032411090366401,T20260324110903,DESKTOP-P2DUL42,Loma,1,CW_1_01,1,paul di,2024.0718.155524,V20260126.2,CW_DTCL_DTCR_STC,T20260324110955,51.9497365,TRUE,TRUE,TRUE,TRUE,TRUE,TRUE,TRUE,4S2RND2HBL0DP6,v1.0.1,2025_12_22,314.9037,317.4519,474.8978,297.5474,295.2534,147.6507,149.3221,337.8054,335.3077,485.4196,-5.563,-2.325,-0.0001,0,-0.2233,1.5551,-0.2218,1.5494,0.6649,153.4297,150.9795,150.8945,153.6846,152.2471,0.86,0.8214,0.8612,0.8195,0.8195,0.8073,0.756,0.8193,0.8073,0.756,0.8236,0.815,0.8053,0.7998,0.7322,0.7614,0.6729,0.7233,0.6729,0.8523,0.797,0.8231,0.9575,0.797,0.8567,0.7943,0.7825,0.8259,0.8199,0.8261,0.8116,0.838,0.7825,0,0,0,0,0,v1.0.1,2025_12_22,314.85,317.3357,475.9214,297.3571,295.094,146.6711,148.0342,338.0342,335.4658,486.3767,-5.6269,-2.345,-0.0001,0,-0.2229,1.555,-0.2229,1.5489,0.6645,158.7988,154.0586,162.4785,161.4795,159.2039,0.7035,0.6885,0.7248,0.6943,0.6885,0.6857,0.6444,0.6761,0.6617,0.6444,0.6559,0.6496,0.6572,0.6628,0.6262,0.6461,0.5968,0.6148,0.5968,0.6808,0.6669,0.6606,0.4765,0.4765,0.6462,0.6599,0.6612,0.6749,0.6544,0.68,0.6617,0.6881,0.6462,0,0,0,0,0,v1.0.1,2025_12_22,316.8208,328.6792,441.3826,313.5478,302.129,195.9677,188.1855,343.2177,331.2124,457.5044,-3.5539,8.2834,0,0.0001,-0.2204,1.56,-0.212,1.559,0.6717,175.3789,174.9414,174.9453,176.7754,175.5103,0.7883,0.6693,0.8137,0.6808,0.6693,0.7655,0.6569,0.7533,0.7044,0.6569,0.7647,0.7638,0.7404,0.7209,0.7209,0.7347,0.6651,0.7321,0,0.6651,0,0,0,0,0,v1.0.1,2025_12_22,316.7009,328.729,442.2212,313.469,302.041,195.0328,187.3361,343.2951,331.2793,458.3063,-3.5843,8.2664,0,0.0001,-0.2205,1.5611,-0.2116,1.5582,0.6718,145.7246,141.1133,142.9414,143.8613,143.4102,0.6593,0.6004,0.6793,0.6018,0.6004,0.6304,0.5765,0.651,0.6005,0.5765,0.6333,0.6277,0.6198,0.6003,0.6003,0.6041,0.5486,0.5729,0.5265,0.5265,0,0,0,0,0,-0.0036,-0.0529,-0.0049,-0.0501,-0.0441,-0.0206,-0.0546,-0.0052,-0.0133,-0.0546,0.0065,0.005,-0.0033,-0.0075,-0.0753,-0.0503,-0.1235,-0.0988,0.0128,0.0215,-0.0059,-0.023,0.0151,-0.035,-0.0209,0.0126,-0.0368,0.0119,-0.0123,-0.0198,-0.0027,-0.0085,-0.0014,-0.0062,-0.0309,-0.0167,-0.0339,-0.0272,0.003,0.0083,0.0019,-0.1404,0.0135,-0.1304,-0.1171,-0.0013,-0.0968,-0.0076,-0.0743,-0.0968,0.0139,0.0093,0.0062,-0.0069,-0.0168,-0.0021,0.0072,-0.0479,0.0123,-0.0705,-0.0479,-0.0106,-0.0655,0.0205,-0.0417,-0.054,0.0036,-0.0066,-0.0157,-0.0144,-0.0144,-0.0023,-0.0106,TRUE,TRUE
DTC_L_57,LanSi,1,CW_01,C,2026-03-24 11:09:03+08:00,ONLINE,FALSE,,CW_1_01,PASS,,,51.9567183,_2026032411090365702,T20260324110903,DESKTOP-P2DUL42,Loma,1,CW_1_01,2,paul di,2024.0718.155524,V20260126.2,CW_DTCL_DTCR_STC,T20260324110955,51.9567183,TRUE,TRUE,TRUE,TRUE,TRUE,TRUE,TRUE,4S2RND2HBL06DS,v1.0.1,2025_12_22,314.0889,323,474.4074,302.6741,294.8467,152.0467,148.2517,342.6954,333.4085,489.5,-6.4994,2.4832,-0.0001,0,-0.2256,1.5582,-0.2177,1.5548,0.6674,154.2705,149.5947,147.7852,153.4404,151.2727,0.8309,0.785,0.8373,0.7773,0.7773,0.7816,0.7511,0.804,0.7404,0.7404,0.8129,0.8122,0.8018,0.7733,0.7142,0.7199,0.7594,0.6964,0.6964,0.8123,0.587,0.8149,0.8263,0.587,0.8528,0.7983,0.7509,0.8425,0.834,0.804,0.7875,0.7642,0.7509,0,0,0,0,0,v1.0.1,2025_12_22,314.0857,322.9786,475.5,302.5072,294.7267,151.24,147.0417,342.9792,333.6761,490.5141,-6.494,2.5438,-0.0001,0,-0.2256,1.558,-0.2186,1.5539,0.6669,158.8105,153.8857,159.9854,160.2324,158.2285,0.6764,0.6775,0.7052,0.6869,0.6764,0.6549,0.6253,0.6466,0.6458,0.6253,0.652,0.6529,0.6545,0.6364,0.6083,0.621,0.6373,0.5971,0.5971,0.6764,0.4243,0.6828,0.6841,0.4243,0.6678,0.6714,0.6285,0.6764,0.6513,0.6906,0.6539,0.6345,0.6285,0,0,0,0,0,v1.0.1,2025_12_22,312.4673,315.1589,437.6847,301.0541,298.5424,184.4661,184.1393,329.7131,326.5932,445.6441,-7.6146,-4.2928,-0.0001,0,-0.2117,1.5641,-0.2124,1.5624,0.6756,174.1836,172.5908,170.6494,173.7598,172.7959,0.7822,0.6723,0.7949,0.6647,0.6647,0.7379,0.6419,0.7487,0.6562,0.6419,0.7732,0.761,0.7636,0.6991,0.6991,0.7348,0,0.7366,0.6944,0.6944,0,0,0,0,0,v1.0.1,2025_12_22,312.4466,315.0097,438.531,300.7788,298.5,183.65,183.3388,329.7769,326.5932,446.5,-7.6181,-4.3569,-0.0001,0,-0.2119,1.5645,-0.2134,1.5631,0.6756,146.9873,141.5557,141.0176,144.7861,143.5867,0.6515,0.5873,0.6738,0.5909,0.5873,0.617,0.5496,0.6205,0.5772,0.5496,0.6295,0.6401,0.6299,0.6202,0.6202,0.5953,0.5292,0.5697,0.541,0.5292,0,0,0,0,0,0.0065,-0.0805,-0.0037,-0.0443,-0.0443,-0.0033,-0.0752,0,-0.0278,-0.0278,0.0036,0.0019,-0.006,0.0061,-0.1103,-0.0777,-0.0248,-0.0611,0.0017,0.0019,-0.0047,-0.0357,0.0108,-0.0285,-0.0047,-0.0147,-0.0587,-0.0109,-0.0209,-0.0322,0.0034,-0.008,-0.0111,-0.0054,-0.0629,-0.0407,-0.0194,-0.0339,-0.0042,0.0055,0.0031,-0.1378,-0.0006,-0.1288,-0.1144,0.0036,-0.1349,-0.0007,-0.0877,-0.0924,0.0121,0.0008,0.02,0.0128,0.0086,0.0193,-0.0035,-0.09,0.0088,-0.0844,-0.0677,-0.0192,-0.098,-0.0018,-0.0814,-0.0727,-0.0017,0.009,-0.0059,0.0153,0.0153,0.0201,0.0034,TRUE,TRUE
DTC_L_58,LanSi,1,CW_01,A,2026-03-24 11:10:38+08:00,ONLINE,FALSE,,CW_1_01,PASS,,,53.2803715,_2026032411103823702,T20260324111038,DESKTOP-P2DUL42,Loma,1,CW_1_01,2,paul di,2024.0718.155524,V20260126.2,CW_DTCL_DTCR_STC,T20260324111131,53.2803715,TRUE,TRUE,TRUE,TRUE,TRUE,TRUE,TRUE,4S2RND2HBL00DS,v1.0.1,2025_12_22,315.2132,321.7279,475.8261,300.6667,296.271,150.0903,149.8993,341.5906,334.6296,487.9556,-5.1322,0.9062,-0.0001,0,-0.2299,1.5604,-0.2191,1.554,0.6664,153.4951,149.0615,147.8203,152.9102,150.8218,0.8145,0.7971,0.8433,0.7961,0.7961,0.7817,0.7556,0.7916,0.726,0.726,0.8194,0.8002,0.7945,0.7602,0.7189,0.7174,0.7455,0.6994,0.6994,0.831,0.487,0.8275,0.7821,0.487,0.8322,0.7318,0.6898,0.8408,0.8137,0.7602,0.7584,0.7721,0.6898,0,0,0,0,0,v1.0.1,2025_12_22,315.1957,321.8333,476.8345,300.6187,296.1533,149.2133,148.698,341.7584,334.7914,488.9568,-5.1654,0.9761,-0.0001,0,-0.23,1.5604,-0.2186,1.5536,0.6663,158.748,154.541,160.8154,160.1494,158.5635,0.6828,0.6788,0.698,0.705,0.6788,0.655,0.6337,0.6538,0.6347,0.6337,0.6539,0.6537,0.6482,0.6281,0.6143,0.6164,0.6278,0.6125,0.6125,0.6769,0.5063,0.6689,0.6653,0.5063,0.6564,0.61,0.5629,0.6821,0.6779,0.662,0.6556,0.6351,0.5629,0,0,0,0,0,v1.0.1,2025_12_22,313.3922,314,438.681,299.3534,299.8083,182.7417,185.418,328.5656,327.5,444.5,-6.5401,-5.6679,-0.0001,-0.0001,-0.2159,1.5672,-0.2128,1.5626,0.6753,174.752,173.0137,171.7588,174.1309,173.4138,0.7841,0.6765,0.8011,0.6715,0.6715,0.74,0.6352,0.7458,0.6472,0.6352,0.7538,0.75,0.7405,0.6812,0.6812,0.7132,0,0.718,0.6558,0.6558,0,0,0,0,0,v1.0.1,2025_12_22,313.4466,313.9903,439.5862,299.3448,299.6917,181.825,184.4545,328.6281,327.5424,445.4237,-6.5557,-5.6576,-0.0001,-0.0001,-0.2151,1.5666,-0.2125,1.5634,0.6756,147.2041,142.1631,141.5732,144.8789,143.9548,0.6488,0.5744,0.6764,0.6101,0.5744,0.6324,0.5458,0.6121,0.5688,0.5458,0.6236,0.6175,0.6337,0.5952,0.5952,0.5818,0.496,0.5882,0.5472,0.496,0,0,0,0,0,-0.0099,-0.0684,0.0023,-0.0255,-0.0255,-0.0032,-0.0707,-0.0124,-0.0422,-0.0422,0.0101,-0.0101,-0.0133,-0.007,-0.1056,-0.0802,-0.0387,-0.0581,0.0204,0.0145,0.0017,-0.0344,0.0036,-0.0104,-0.0023,-0.0146,-0.0503,-0.0037,-0.032,-0.0238,0.0053,-0.0072,-0.0174,-0.0137,-0.0569,-0.0453,-0.0289,-0.0185,-0.0037,-0.0084,0.005,-0.1336,0.0056,-0.122,-0.1076,0.0057,-0.1416,-0.0036,-0.0967,-0.0991,-0.0073,-0.0102,-0.0031,-0.0051,-0.013,0.0007,-0.0062,-0.1029,0.0114,-0.0652,-0.0806,-0.0038,-0.1018,-0.0102,-0.0898,-0.0765,-0.0076,-0.0136,-0.0021,-0.0097,-0.0097,0.0066,0.0219,TRUE,TRUE
DTC_R_58,LanSi,1,CW_01,B,2026-03-24 11:10:38+08:00,ONLINE,FALSE,,CW_1_01,PASS,,,53.4499185,_2026032411103806701,T20260324111038,DESKTOP-P2DUL42,Loma,1,CW_1_01,1,paul di,2024.0718.155524,V20260126.2,CW_DTCL_DTCR_STC,T20260324111131,53.4499185,TRUE,TRUE,TRUE,TRUE,TRUE,TRUE,TRUE,4S2RND2HBL0DP6,v1.0.1,2025_12_22,315.1324,317.5809,475.5,298,295.4621,149.2483,149.3733,337.8467,335.9195,485.6107,-5.2226,-1.8427,-0.0001,0,-0.221,1.554,-0.2211,1.5472,0.6648,155.042,151.2334,151.9619,154.1377,153.0938,0.8635,0.7826,0.8698,0.7694,0.7694,0.8114,0.7372,0.8135,0.7515,0.7372,0.8212,0.8136,0.8051,0.8028,0.7163,0.7269,0.7709,0.7586,0.7163,0.8372,0.7855,0.7923,0.3369,0.3369,0.8444,0.7599,0.741,0.8264,0.7969,0.6737,0.8487,0.8533,0.6737,0,0,0,0,0,v1.0.1,2025_12_22,315.1594,317.5,476.6148,297.8741,295.1233,148.1301,148.1319,338,336,486.5855,-5.2941,-1.8821,-0.0001,0,-0.2204,1.5525,-0.2216,1.5476,0.6645,158.3604,152.5,161.2285,160.6709,158.1899,0.7036,0.6551,0.7112,0.6679,0.6551,0.6779,0.6381,0.6698,0.6419,0.6381,0.6536,0.6488,0.6488,0.656,0.6206,0.6348,0.6178,0.6245,0.6178,0.6728,0.6522,0.6618,0.1085,0.1085,0.6463,0.6511,0.6281,0.6936,0.6591,0.6084,0.6644,0.6663,0.6084,0,0,0,0,0,v1.0.1,2025_12_22,316.9533,328.7103,441.8818,313.8182,302.3937,197.0394,188.2927,343.1707,331.7436,457.0513,-3.247,8.458,0,0.0001,-0.2181,1.5602,-0.2114,1.5555,0.6715,175.7207,174.1084,175.0996,176.2852,175.3035,0.7973,0.6202,0.8103,0.625,0.6202,0.7601,0.6079,0.7637,0.6403,0.6079,0.77,0.7612,0.7499,0.7355,0.7355,0.748,0.6498,0.736,0,0.6498,0,0,0,0,0,v1.0.1,2025_12_22,316.9135,328.7788,442.7321,313.7321,302.24,196.12,187.4167,343.3417,331.8,457.8522,-3.2795,8.465,0,0.0001,-0.2185,1.5601,-0.2115,1.5555,0.6714,145.5332,139.8867,141.9229,143.3301,142.6682,0.6652,0.5567,0.6637,0.5586,0.5567,0.647,0.5523,0.6354,0.5431,0.5431,0.6237,0.6349,0.624,0.6345,0.6237,0.5915,0.5401,0.5726,0.3699,0.3699,0,0,0,0,0,-0.0001,-0.0917,0.0037,-0.1002,-0.0942,-0.0165,-0.0734,-0.011,-0.0691,-0.0734,0.0041,0.0036,-0.0035,-0.0045,-0.0912,-0.0848,-0.0255,-0.0635,-0.0023,-0.0093,-0.0058,-0.0564,0.0015,-0.0614,-0.0543,0.0048,-0.0431,0.0056,-0.0321,-0.0261,-0.005,-0.0093,-0.0098,-0.013,-0.0365,-0.028,-0.0129,-0.0175,-0.005,0.0095,0.0109,-0.1895,0.0101,-0.1862,-0.1662,-0.0067,-0.1458,0.0028,-0.1384,-0.1458,0.0192,0.0067,0.0157,0.0077,-0.0035,0.0018,0.0131,-0.0916,-0.0033,-0.1137,-0.0916,0.006,-0.0897,0.0049,-0.0991,-0.0874,-0.006,0.0006,-0.0115,0.0198,0.009,-0.0149,-0.0109,TRUE,TRUE
DTC_L_59,LanSi,1,CW_01,B,2026-03-24 11:12:16+08:00,ONLINE,FALSE,,CW_1_01,PASS,,,52.5182609,_2026032411121642302,T20260324111216,DESKTOP-P2DUL42,Loma,1,CW_1_01,2,paul di,2024.0718.155524,V20260126.2,CW_DTCL_DTCR_STC,T20260324111308,52.5182609,TRUE,TRUE,TRUE,TRUE,TRUE,TRUE,TRUE,4S2RND2HBL06DS,v1.0.1,2025_12_22,314,323.2222,474.1838,302.9485,294.5733,152.42,147.9796,343.1837,333.2086,490.0432,-6.7109,2.8635,-0.0001,0,-0.2254,1.557,-0.2191,1.5556,0.667,154.1377,149.1592,147.5869,151.9414,150.7063,0.8303,0.7899,0.8407,0.7905,0.7899,0.7913,0.7487,0.7992,0.7421,0.7421,0.8077,0.8038,0.8215,0.7757,0.7496,0.7023,0.7392,0.691,0.691,0.7979,0.98,0.8287,0.8149,0.7979,0.8536,0.7748,0.7552,0.8511,0.8239,0.8195,0.7808,0.7844,0.7552,0,0,0,0,0,v1.0.1,2025_12_22,314,323.2357,475.2029,302.8261,294.5,151.3421,146.8874,343.5099,333.3309,491.0588,-6.7158,2.8945,-0.0001,0,-0.2254,1.5573,-0.2202,1.5556,0.6668,158.9531,154.3037,160.1533,159.6973,158.2769,0.6734,0.6831,0.6931,0.688,0.6734,0.6647,0.6201,0.662,0.6504,0.6201,0.6532,0.6505,0.6595,0.6399,0.6188,0.6113,0.6275,0.601,0.601,0.6635,0.42,0.6688,0.6713,0.42,0.662,0.648,0.6223,0.6797,0.6902,0.6679,0.6705,0.6368,0.6223,0,0,0,0,0,v1.0.1,2025_12_22,312.1143,315.5524,437.3596,301.3158,298.2991,184.7009,183.6583,330.275,326.3793,446.3621,-7.9379,-3.8588,-0.0001,0,-0.2127,1.5651,-0.2136,1.5617,0.6751,174.2227,172.375,170.5244,172.165,172.3218,0.7797,0.6697,0.7971,0.6905,0.6697,0.7317,0.6191,0.7478,0.6635,0.6191,0.7699,0.7606,0.7664,0.6925,0.6925,0.7217,0,0.7202,0.722,0.7202,0,0,0,0,0,v1.0.1,2025_12_22,312.0377,315.5,438.2301,301.2301,298.1441,183.8644,182.8279,330.3443,326.2881,447.0932,-7.9944,-3.8936,-0.0001,0,-0.2121,1.5651,-0.2139,1.5624,0.6754,147.1064,141.8135,141.4551,144.2588,143.6584,0.6502,0.5786,0.6797,0.6178,0.5786,0.6278,0.5428,0.6252,0.5802,0.5428,0.6384,0.6321,0.6315,0.6203,0.6203,0.5871,0.5353,0.562,0.5676,0.5353,0,0,0,0,0,0.0059,-0.0756,-0.0003,-0.0311,-0.0317,0.0064,-0.0776,-0.0048,-0.0261,-0.0261,-0.0016,-0.0065,0.0137,0.0085,-0.0749,-0.0953,-0.045,-0.0665,-0.0127,0.0157,-0.0077,-0.0301,-0.0013,-0.0274,-0.0077,-0.0049,-0.0639,0.0045,-0.0163,-0.0374,0.0046,-0.0104,-0.0061,-0.0019,-0.0524,-0.0504,-0.0292,-0.03,-0.0171,-0.0085,0.0006,-0.1404,0.0016,-0.103,-0.1094,-0.0026,-0.1577,-0.0016,-0.0804,-0.1152,0.0088,0.0004,0.0228,0.0062,-0.0045,0.0029,-0.0048,-0.0987,0.0147,-0.0575,-0.0764,-0.0084,-0.1048,0.0029,-0.0784,-0.0795,0.0072,0.001,-0.0043,0.0154,0.0154,0.0119,-0.0043,TRUE,TRUE
DTC_R_59,LanSi,1,CW_01,C,2026-03-24 11:12:16+08:00,ONLINE,FALSE,,CW_1_01,PASS,,,52.287876,_2026032411121665401,T20260324111216,DESKTOP-P2DUL42,Loma,1,CW_1_01,1,paul di,2024.0718.155524,V20260126.2,CW_DTCL_DTCR_STC,T20260324111308,52.287876,TRUE,TRUE,TRUE,TRUE,TRUE,TRUE,TRUE,4S2RND2HBL0DP6,v1.0.1,2025_12_22,315.1324,316.5809,475.5338,296.9624,295.4257,148.3649,149.4276,336.6382,336,486.5855,-5.1961,-2.4736,-0.0001,0,-0.2212,1.5537,-0.2199,1.5481,0.6652,154.085,151.3027,150.8633,153.6758,152.4817,0.8584,0.7672,0.8643,0.7819,0.7672,0.8173,0.728,0.8195,0.7982,0.728,0.7983,0.8094,0.7884,0.8195,0.7061,0.6982,0.8022,0.7878,0.6982,0.8406,0.773,0.8073,0.98,0.773,0.8517,0.7643,0.7219,0.8285,0.7964,0.7399,0.8567,0.8469,0.7219,0,0,0,0,0,v1.0.1,2025_12_22,315.1324,316.5809,476.6985,296.8897,295.26,147.3267,148.2416,336.8121,336.0392,487.6078,-5.2257,-2.4566,-0.0001,0,-0.2208,1.5534,-0.2201,1.5486,0.6653,158.6631,153.8057,161.9375,161.1084,158.8787,0.702,0.6666,0.7134,0.674,0.6666,0.6796,0.6293,0.6645,0.6553,0.6293,0.665,0.6417,0.6562,0.6541,0.6221,0.6064,0.622,0.6427,0.6064,0.6763,0.6301,0.6625,0.1101,0.1101,0.6496,0.663,0.6187,0.6642,0.6468,0.6016,0.6476,0.6733,0.6016,0,0,0,0,0,v1.0.1,2025_12_22,316.9151,327.6698,441.7321,312.7321,302.1707,196.0813,188.0894,342.0488,331.6552,457.3793,-3.3875,7.6823,0,0.0001,-0.2186,1.5587,-0.2106,1.5571,0.6716,176.125,175.2598,175.1797,176.7285,175.8232,0.7915,0.6119,0.8058,0.6555,0.6119,0.7494,0.5874,0.7637,0.7107,0.5874,0.7688,0.7664,0.7491,0.7322,0.7322,0.7578,0.7035,0.733,0,0.7035,0,0,0,0,0,v1.0.1,2025_12_22,316.8396,327.8585,442.6486,312.6577,302.0976,195.2195,187.2893,342.2727,331.7311,458.1429,-3.3788,7.7302,0,0.0001,-0.2197,1.5596,-0.2103,1.5565,0.6715,145.6992,140.624,142.4512,143.1406,142.9788,0.6487,0.5373,0.6721,0.5708,0.5373,0.6371,0.5201,0.65,0.5981,0.5201,0.6427,0.6267,0.6315,0.6336,0.6267,0.5922,0.5663,0.5784,0.4033,0.4033,0,0,0,0,0,-0.0052,-0.1071,-0.0018,-0.0877,-0.0964,-0.0106,-0.0826,-0.005,-0.0224,-0.0826,-0.0188,-0.0006,-0.0202,0.0122,-0.1014,-0.1135,0.0058,-0.0343,0.0011,0.0057,-0.0074,-0.0449,0.0037,-0.0553,-0.0428,0.0065,-0.0519,0.0003,-0.0187,-0.0349,0.0064,-0.0164,-0.0024,-0.0149,-0.035,-0.0564,-0.0087,0.0007,-0.0015,0.0102,0.0051,-0.1978,0.0056,-0.1557,-0.1745,-0.0174,-0.1663,0.0028,-0.068,-0.1663,0.018,0.0119,0.0149,0.0044,0.0063,-0.0012,-0.0034,-0.111,0.0051,-0.1015,-0.111,-0.0039,-0.1219,0.0195,-0.0441,-0.1104,0.013,-0.0076,-0.004,0.0189,0.012,-0.0142,-0.0051,TRUE,TRUE
DTC_L_60,LanSi,1,CW_01,C,2026-03-24 11:14:44+08:00,ONLINE,FALSE,,CW_1_01,PASS,,,52.7554309,_2026032411144430402,T20260324111444,DESKTOP-P2DUL42,Loma,1,CW_1_01,2,paul di,2024.0718.155524,V20260126.2,CW_DTCL_DTCR_STC,T20260324111537,52.7554309,TRUE,TRUE,TRUE,TRUE,TRUE,TRUE,TRUE,4S2RND2HBL06DS,v1.0.1,2025_12_22,313.8467,322.8102,473.9124,302.1825,294.3077,151.1154,147.596,342.5894,332.8936,489.6809,-6.9887,2.1757,-0.0001,0,-0.2276,1.557,-0.2179,1.5566,0.667,153.0645,148.8086,147.0898,152.4658,150.3572,0.8105,0.7805,0.8441,0.7684,0.7684,0.7842,0.7502,0.8051,0.7463,0.7463,0.8124,0.8161,0.818,0.7758,0.7525,0.7079,0.7692,0.6964,0.6964,0.8163,0.292,0.8271,0.817,0.292,0.8302,0.7354,0.7331,0.8319,0.8391,0.7922,0.8094,0.7745,0.7331,0,0,0,0,0,v1.0.1,2025_12_22,313.8986,322.9058,475,302.0863,294.2418,150.1895,146.6078,342.6667,333.0493,490.7958,-6.9405,2.2288,-0.0001,0,-0.228,1.557,-0.2171,1.5567,0.6671,159.6045,154.9805,161.1514,160.8301,159.1416,0.6757,0.6777,0.7082,0.6785,0.6757,0.6591,0.6341,0.659,0.654,0.6341,0.6472,0.6577,0.6409,0.6454,0.6302,0.6174,0.6496,0.6031,0.6031,0.6957,0.464,0.6706,0.6786,0.464,0.6702,0.6191,0.6047,0.6693,0.6859,0.6422,0.6669,0.6472,0.6047,0,0,0,0,0,v1.0.1,2025_12_22,311.9714,315.1048,437.1532,300.7117,298.0168,183.7395,183.4167,329.6583,326,445.8974,-8.1884,-4.4777,-0.0001,0,-0.214,1.5644,-0.2122,1.5634,0.6754,174.7266,173.2373,171.1406,174.0791,173.2959,0.773,0.6732,0.8047,0.6493,0.6493,0.7473,0.6424,0.7579,0.6528,0.6424,0.7679,0.7572,0.7574,0.6901,0.6901,0.7302,0,0.7142,0.7368,0.7142,0,0,0,0,0,v1.0.1,2025_12_22,311.9238,315.0762,437.8559,300.5405,298.0169,182.9492,182.5,329.6667,326.0431,446.681,-8.2321,-4.5173,-0.0001,0,-0.2144,1.5654,-0.2117,1.5634,0.6757,147.4883,142.3125,141.5762,145.3252,144.1755,0.6466,0.5767,0.6641,0.5837,0.5767,0.6208,0.5464,0.6204,0.5809,0.5464,0.6253,0.6164,0.6434,0.6017,0.6017,0.5953,0.4968,0.5766,0.5765,0.4968,0,0,0,0,0,-0.0139,-0.085,0.0031,-0.0532,-0.0532,-0.0007,-0.0761,0.0011,-0.0219,-0.0219,0.0031,0.0058,0.0102,0.0086,-0.072,-0.0897,-0.015,-0.0611,0.0057,0.0141,-0.0054,-0.0355,0.0138,-0.0369,-0.0054,-0.0105,-0.0499,0.0015,-0.0127,-0.0234,-0.0014,-0.0032,-0.0247,0.0036,-0.041,-0.0443,-0.0071,-0.0279,0.0151,-0.0067,-0.0061,-0.1369,0.0092,-0.1442,-0.1298,0.013,-0.1344,0.0085,-0.0911,-0.0919,0.0068,-0.003,0.0138,0.0038,0.004,-0.0031,-0.0084,-0.1006,-0.0009,-0.0916,-0.0783,-0.0154,-0.1012,-0.0019,-0.0777,-0.0759,-0.0059,-0.0147,0.0076,-0.0032,-0.0032,0.0201,0.0103,TRUE,TRUE
DTC_R_60,LanSi,1,CW_01,A,2026-03-24 11:14:44+08:00,ONLINE,FALSE,,CW_1_01,PASS,,,52.9548983,_2026032411144415701,T20260324111444,DESKTOP-P2DUL42,Loma,1,CW_1_01,1,paul di,2024.0718.155524,V20260126.2,CW_DTCL_DTCR_STC,T20260324111537,52.9548983,TRUE,TRUE,TRUE,TRUE,TRUE,TRUE,TRUE,4S2RND2HBL0DP6,v1.0.1,2025_12_22,315.1103,316.8309,475.3235,297.0368,295.2069,148.0828,149.1233,337.0137,335.7619,484.6054,-5.3948,-2.7861,-0.0001,0,-0.2224,1.5529,-0.2205,1.5478,0.6644,154.3789,151.4072,151.0078,154.041,152.7087,0.8495,0.7819,0.8693,0.772,0.772,0.8174,0.7489,0.8246,0.7464,0.7464,0.8175,0.7423,0.806,0.8162,0.7059,0.685,0.7545,0.7438,0.685,0.8426,0.7638,0.8103,0.4429,0.4429,0.8429,0.7674,0.7772,0.7919,0.8054,0.6945,0.8492,0.8474,0.6945,0,0,0,0,0,v1.0.1,2025_12_22,315.0719,316.8561,476.3235,296.9632,295.1172,147.0828,148,337.0479,335.8784,485.6284,-5.4218,-2.7843,-0.0001,0,-0.2222,1.5533,-0.2198,1.5476,0.6647,159.7812,155.0684,163.5498,162.7412,160.2852,0.7033,0.6769,0.7128,0.6581,0.6581,0.6868,0.6319,0.6638,0.631,0.631,0.6558,0.5963,0.6567,0.6532,0.6208,0.6014,0.6164,0.6223,0.5963,0.6871,0.62,0.6612,0.0441,0.0441,0.6508,0.6502,0.6671,0.6702,0.6584,0.5573,0.6352,0.6607,0.5573,0,0,0,0,0,v1.0.1,2025_12_22,316.7115,328,441.6306,312.8468,302.129,195.9677,188,342.4127,331.3025,456.042,-3.5453,7.5539,0,0.0001,-0.2202,1.5603,-0.211,1.5568,0.6715,175.0723,174.4482,174.2773,175.7803,174.8945,0.8013,0.6258,0.8195,0.618,0.618,0.7644,0.6204,0.7722,0.6216,0.6204,0.7679,0.7564,0.7495,0.7417,0.7417,0.7495,0.647,0.74,0,0.647,0,0,0,0,0,v1.0.1,2025_12_22,316.7524,328.0381,442.4513,312.7168,302.0246,195.0492,187,342.5,331.5,456.7069,-3.5543,7.5022,0,0.0001,-0.2208,1.56,-0.2105,1.5562,0.6712,146.8828,142.1045,143.957,144.9229,144.4668,0.6492,0.56,0.6728,0.5699,0.56,0.6384,0.5369,0.6379,0.5498,0.5369,0.6377,0.6164,0.6362,0.6285,0.6164,0.5926,0.5264,0.5823,0.3554,0.3554,0,0,0,0,0,-0.0141,-0.0924,0.0032,-0.0976,-0.0916,-0.0105,-0.0617,0.0001,-0.0742,-0.0642,0.0004,-0.0677,-0.0026,0.0089,-0.1016,-0.1267,-0.0419,-0.0783,0.0031,0.0087,-0.0061,-0.0346,0.0031,-0.0712,-0.0513,0.0137,-0.0493,-0.0004,-0.043,-0.0332,-0.0028,-0.0618,-0.0019,-0.0158,-0.0363,-0.0614,-0.0143,-0.0197,0.0093,0.0089,0.0149,-0.1839,0.0193,-0.1932,-0.1684,-0.0024,-0.1333,0.0113,-0.1571,-0.1333,0.0171,0.0019,0.0153,0.0139,-0.002,0.0058,-0.0029,-0.0883,0.0058,-0.1024,-0.0883,-0.0026,-0.1051,0.0074,-0.0924,-0.0936,0.008,-0.0179,0.0007,0.0138,0.0017,-0.0138,-0.0012,TRUE,TRUE
DTC_R_61,LanSi,1,CW_01,B,2026-03-24 11:16:26+08:00,ONLINE,FALSE,,CW_1_01,PASS,,,52.3750314,_2026032411162654901,T20260324111626,DESKTOP-P2DUL42,Loma,1,CW_1_01,1,paul di,2024.0718.155524,V20260126.2,CW_DTCL_DTCR_STC,T20260324111718,52.3750314,TRUE,TRUE,TRUE,TRUE,TRUE,TRUE,TRUE,4S2RND2HBL0DP6,v1.0.1,2025_12_22,315.0217,316.9565,475.5,297.1667,295.1241,148.0828,149.1644,337.0822,335.8112,484.1888,-5.3757,-2.8046,-0.0001,0,-0.2222,1.553,-0.2202,1.5466,0.6643,153.1895,150.8799,150.7959,152.8916,151.9392,0.8699,0.7816,0.8672,0.7686,0.7686,0.8216,0.7564,0.8165,0.7313,0.7313,0.8245,0.8248,0.811,0.818,0.7182,0.7243,0.746,0.7159,0.7159,0.854,0.7962,0.7992,0.98,0.7962,0.8479,0.776,0.7443,0.8274,0.7923,0.743,0.8079,0.8352,0.743,0,0,0,0,0,v1.0.1,2025_12_22,315,316.9137,476.5481,297.0074,295.0833,147.0486,148.0336,337.1745,335.9178,485.1438,-5.3834,-2.8424,-0.0001,0,-0.2221,1.5536,-0.2202,1.5466,0.6645,159.6445,153.8213,162.04,162.1152,159.4053,0.7029,0.6824,0.7149,0.6667,0.6667,0.6784,0.6272,0.6732,0.6273,0.6272,0.6598,0.6614,0.6514,0.6643,0.6255,0.6458,0.6071,0.6079,0.6071,0.6831,0.6457,0.6612,0.2325,0.2325,0.6485,0.6252,0.6385,0.6724,0.6397,0.6305,0.6311,0.6794,0.6252,0,0,0,0,0,v1.0.1,2025_12_22,316.8318,328.1963,441.7117,313.1532,301.9839,195.8387,187.9274,342.4677,331.3784,455.6847,-3.5334,7.5681,0,0.0001,-0.2194,1.5586,-0.2097,1.5567,0.6715,174.9229,174.792,174.9092,175.8613,175.1213,0.8052,0.6368,0.811,0.6182,0.6182,0.7597,0.6309,0.7624,0.6081,0.6081,0.7665,0.7631,0.7485,0.7493,0.7485,0.7322,0.6619,0.7421,0,0.6619,0,0,0,0,0,v1.0.1,2025_12_22,316.7248,328.2018,442.5505,313.0183,301.9667,195.0417,187.024,342.544,331.5,456.5965,-3.5468,7.5805,0,0.0001,-0.2196,1.5599,-0.2096,1.5557,0.6716,146.4453,140.7881,142.4277,144.3926,143.5134,0.6634,0.5682,0.6776,0.5511,0.5511,0.6487,0.5561,0.6357,0.5439,0.5439,0.6388,0.6256,0.6266,0.635,0.6256,0.6061,0.5464,0.5698,0.4393,0.4393,0,0,0,0,0,0.0063,-0.0927,0.0011,-0.101,-0.095,-0.0063,-0.0542,-0.008,-0.0893,-0.0793,0.0074,0.0148,0.0024,0.0107,-0.0893,-0.0874,-0.0504,-0.1062,0.0145,-0.0024,-0.0065,-0.0291,0.0052,-0.0626,-0.0427,0.0053,-0.054,0.009,-0.0467,-0.037,0.0012,0.0033,-0.0072,-0.0047,-0.0316,-0.017,-0.0236,-0.0341,0.0053,0.0089,0.0188,-0.1729,0.0108,-0.193,-0.1682,-0.0071,-0.1228,0.0015,-0.1706,-0.1456,0.0157,0.0086,0.0143,0.0215,-0.0193,0.0079,0.0113,-0.0801,0.0106,-0.1212,-0.0972,0.0077,-0.0859,0.0052,-0.0983,-0.0866,0.0091,-0.0087,-0.0089,0.0203,0.0109,-0.0003,-0.0137,TRUE,TRUE
DTC_L_61,LanSi,1,CW_01,A,2026-03-24 11:16:26+08:00,ONLINE,FALSE,,CW_1_01,PASS,,,52.4707759,_2026032411162655402,T20260324111626,DESKTOP-P2DUL42,Loma,1,CW_1_01,2,paul di,2024.0718.155524,V20260126.2,CW_DTCL_DTCR_STC,T20260324111719,52.4707759,TRUE,TRUE,TRUE,TRUE,TRUE,TRUE,TRUE,4S2RND2HBL06DS,v1.0.1,2025_12_22,314.1679,322.7153,474.3507,302.2015,294.8067,151.7133,148.245,342.3907,333.3235,489.0368,-6.5212,2.1115,-0.0001,0,-0.2269,1.5575,-0.2175,1.5556,0.6672,154.6738,150.2656,148.584,153.8516,151.8438,0.8204,0.7873,0.8462,0.8009,0.7873,0.7811,0.759,0.8044,0.7438,0.7438,0.809,0.8164,0.8166,0.7645,0.7147,0.6995,0.7646,0.6885,0.6885,0.8114,0.98,0.8115,0.8232,0.8114,0.8413,0.7844,0.7668,0.8431,0.833,0.8138,0.7962,0.7703,0.7668,0,0,0,0,0,v1.0.1,2025_12_22,314.1087,322.8261,475.3955,302.1119,294.7171,150.7105,147.0397,342.5232,333.5481,490,-6.5382,2.1343,-0.0001,0,-0.2272,1.5581,-0.2168,1.5545,0.6671,157.8223,153.9248,159.623,159.0918,157.6155,0.6729,0.6749,0.7013,0.6869,0.6729,0.6427,0.6235,0.6619,0.6539,0.6235,0.658,0.6293,0.6644,0.6367,0.6132,0.5917,0.6424,0.6046,0.5917,0.6751,0.307,0.686,0.6808,0.307,0.6512,0.6381,0.6235,0.6952,0.6744,0.6702,0.6795,0.6352,0.6235,0,0,0,0,0,v1.0.1,2025_12_22,312.233,315,437.5478,300.6174,298.4098,184.1393,183.8934,329.418,326.4538,445.3697,-7.7924,-4.5911,-0.0001,0,-0.2138,1.565,-0.2114,1.5616,0.6754,174.9121,173.5322,171.5928,174.1279,173.5413,0.7716,0.6779,0.7948,0.6757,0.6757,0.7581,0.6388,0.7518,0.6344,0.6344,0.7612,0.7576,0.7575,0.7015,0.7015,0.7314,0,0.7345,0.7083,0.7083,0,0,0,0,0,v1.0.1,2025_12_22,312.1923,314.9615,438.3826,300.5478,298.3697,183.4622,183,329.5,326.582,446.0492,-7.7947,-4.5959,-0.0001,0,-0.2132,1.5655,-0.2115,1.5609,0.6754,146.1846,141.3057,140.5371,143.8115,142.9597,0.6558,0.5785,0.6753,0.5938,0.5785,0.6247,0.5649,0.6292,0.5677,0.5649,0.6056,0.6207,0.629,0.614,0.6056,0.5975,0.4866,0.5739,0.575,0.4866,0,0,0,0,0,-0.004,-0.0782,0.0052,-0.0207,-0.0343,-0.0038,-0.0673,0.0004,-0.0244,-0.0244,-0.0003,0.0061,0.0088,-0.0027,-0.1098,-0.0981,-0.0196,-0.069,0.0008,-0.0015,-0.0082,-0.0383,0.0069,-0.0285,-0.0082,-0.0269,-0.0605,0.0044,-0.0128,-0.034,0.0094,-0.0316,-0.0012,-0.0051,-0.058,-0.07,-0.0143,-0.0264,-0.0055,0.0087,-0.0075,-0.1322,-0.0007,-0.1178,-0.1034,0.0238,-0.138,0.0024,-0.1095,-0.0999,0.0001,-0.0026,0.0139,0.0152,0.0052,0.0172,0.0008,-0.0988,0.0103,-0.0815,-0.0765,-0.0115,-0.0827,0.0069,-0.0909,-0.0574,-0.0256,-0.0104,-0.0068,0.0091,0.0007,0.0223,0.0076,TRUE,TRUE
DTC_L_62,LanSi,1,CW_01,B,2026-03-24 11:18:04+08:00,ONLINE,FALSE,,CW_1_01,PASS,,,52.1530239,_2026032411180466802,T20260324111804,DESKTOP-P2DUL42,Loma,1,CW_1_01,2,paul di,2024.0718.155524,V20260126.2,CW_DTCL_DTCR_STC,T20260324111856,52.1530239,TRUE,TRUE,TRUE,TRUE,TRUE,TRUE,TRUE,4S2RND2HBL06DS,v1.0.1,2025_12_22,315.2222,321.1333,475.7388,300.0299,296.2953,149.4631,149.9583,340.9792,334.7101,487.2609,-5.115,0.2733,-0.0001,0,-0.2302,1.5605,-0.219,1.5535,0.6662,153.46,149.1904,147.4785,152.9355,150.7661,0.8258,0.8097,0.8362,0.7938,0.7938,0.7899,0.7445,0.8118,0.7488,0.7445,0.805,0.8102,0.8102,0.7586,0.7206,0.724,0.7365,0.6959,0.6959,0.802,0.98,0.8156,0.7836,0.7836,0.8384,0.7441,0.7246,0.8421,0.7998,0.7613,0.7648,0.7693,0.7246,0,0,0,0,0,v1.0.1,2025_12_22,315.1533,321.1898,476.7122,300.0072,296.0592,148.5658,148.8503,341.1905,334.773,488.4539,-5.1904,0.3814,-0.0001,0,-0.2299,1.5601,-0.2192,1.5535,0.6662,157.7275,153.8896,159.5137,159.1602,157.5728,0.6841,0.6856,0.7044,0.6862,0.6841,0.6622,0.6337,0.6505,0.6295,0.6295,0.6554,0.6563,0.6486,0.6345,0.614,0.6233,0.6367,0.6021,0.6021,0.6869,0.4616,0.6715,0.6611,0.4616,0.6428,0.6277,0.5907,0.6892,0.6698,0.6428,0.6607,0.631,0.5907,0,0,0,0,0,v1.0.1,2025_12_22,313.3148,313.5,438.7699,298.7699,299.9328,182.0504,185.4262,328.1639,327.6583,443.925,-6.4796,-6.2181,-0.0001,-0.0001,-0.2164,1.5688,-0.2136,1.5607,0.6749,174.7783,173.5859,171.5791,174.3877,173.5828,0.7851,0.6979,0.7977,0.6809,0.6809,0.7483,0.631,0.7661,0.6283,0.6283,0.7647,0.7497,0.7492,0.6691,0.6691,0.7244,0,0.7155,0.6376,0.6376,0,0,0,0,0,v1.0.1,2025_12_22,313.3578,313.4679,439.4522,298.6174,299.6471,181.3613,184.45,328.2583,327.6333,444.7583,-6.5919,-6.2073,-0.0001,-0.0001,-0.2167,1.5669,-0.2137,1.562,0.6746,145.8418,141.6641,140.1846,143.3867,142.7693,0.6649,0.5887,0.6617,0.5953,0.5887,0.6239,0.5462,0.6214,0.5449,0.5449,0.623,0.6317,0.6507,0.5889,0.5889,0.5768,0.5166,0.5713,0.5527,0.5166,0,0,0,0,0,0.0014,-0.0558,-0.0048,-0.0278,-0.0278,0.005,-0.0818,0.0078,-0.0194,-0.0237,-0.0043,-0.0001,0.0024,-0.0086,-0.1039,-0.0736,-0.0477,-0.0616,-0.0086,0.0026,0.003,-0.0276,0.01,-0.0292,0.003,-0.0074,-0.0503,-0.007,-0.0372,-0.028,0.0068,-0.0046,-0.017,-0.0073,-0.0572,-0.0384,-0.02,-0.0289,0.0063,-0.0058,0.006,-0.1122,0.0022,-0.1126,-0.0982,0.014,-0.1458,0.0167,-0.1156,-0.106,0.0036,-0.0105,0.0056,-0.0172,-0.0018,-0.0018,0.0099,-0.0886,-0.0033,-0.08,-0.0663,-0.0123,-0.1014,-0.0009,-0.1137,-0.0774,-0.0082,0.0006,0.0149,-0.016,-0.016,0.0016,0.005,TRUE,TRUE
DTC_R_62,LanSi,1,CW_01,C,2026-03-24 11:18:04+08:00,ONLINE,FALSE,,CW_1_01,PASS,,,51.9171249,_2026032411180490401,T20260324111804,DESKTOP-P2DUL42,Loma,1,CW_1_01,1,paul di,2024.0718.155524,V20260126.2,CW_DTCL_DTCR_STC,T20260324111856,51.9171249,TRUE,TRUE,TRUE,TRUE,TRUE,TRUE,TRUE,4S2RND2HBL0DP6,v1.0.1,2025_12_22,315.0438,318.4818,474.9783,298.9565,295.1103,149.4828,149.3467,338.7667,335.3571,485.4286,-5.5328,-1.2767,-0.0001,0,-0.221,1.5529,-0.2213,1.5492,0.665,154.5498,152.3281,151.9473,154.2471,153.2681,0.8712,0.8263,0.8624,0.8114,0.8114,0.8183,0.7683,0.8161,0.7793,0.7683,0.8269,0.8156,0.8055,0.8097,0.7571,0.7448,0.7186,0.7515,0.7186,0.8405,0.824,0.8161,0.4317,0.4317,0.8473,0.8097,0.7917,0.8292,0.6062,0.3099,0.98,0.8503,0.3099,0,0,0,0,0,v1.0.1,2025_12_22,314.95,318.4214,476,298.9137,295,148.5,148.2449,339.0068,335.5105,486.4545,-5.5589,-1.2407,-0.0001,0,-0.22,1.5534,-0.2223,1.5485,0.6649,160.0635,154.2422,162.6719,162.8955,159.9683,0.7025,0.6838,0.708,0.679,0.679,0.684,0.6468,0.6831,0.6502,0.6468,0.6548,0.6553,0.6534,0.669,0.6379,0.6527,0.612,0.6427,0.612,0.6858,0.679,0.6735,0.1157,0.1157,0.6665,0.6706,0.6684,0.676,0.5052,0.0949,0.6605,0.6941,0.0949,0,0,0,0,0,v1.0.1,2025_12_22,316.7944,329.729,441.4123,314.7544,302.0323,197.4194,188.187,344.2683,331.2613,457.6577,-3.5626,9.2657,0,0.0001,-0.2191,1.5592,-0.2121,1.5577,0.6714,175.3672,175.3896,175.2803,176.1553,175.5481,0.8035,0.6878,0.808,0.6463,0.6463,0.7613,0.6729,0.7592,0.6498,0.6498,0.765,0.7577,0.7475,0.733,0.733,0.7528,0.695,0.7356,0,0.695,0,0,0,0,0,v1.0.1,2025_12_22,316.6698,329.7736,442.2883,314.8468,301.8512,196.7769,187.2645,344.3223,331.3333,458.4298,-3.6186,9.3299,0,0.0001,-0.2178,1.5593,-0.2114,1.5568,0.6717,146.8682,141.2949,143.0732,144.6699,143.9766,0.6601,0.5965,0.6695,0.5746,0.5746,0.6366,0.5875,0.6354,0.5663,0.5663,0.632,0.631,0.6183,0.6201,0.6183,0.5871,0.5861,0.5559,0,0.5559,0,0,0,0,0,0.0076,-0.048,-0.0037,-0.0582,-0.0522,-0.0096,-0.0423,-0.0084,-0.0413,-0.0423,0.0098,0.0056,-0.0031,0.0024,-0.0504,-0.0669,-0.0778,-0.0706,0.001,0.0145,-0.0069,-0.0277,-0.0017,-0.0503,-0.0304,0.0109,-0.0344,0.0189,-0.0238,-0.0174,-0.0038,-0.0028,-0.0052,0,-0.0192,-0.0101,-0.0187,0.0007,0.008,0.0212,0.0171,-0.1219,0.0078,-0.1649,-0.1401,-0.0055,-0.0808,-0.0017,-0.1289,-0.1039,0.0142,0.0032,0.0133,0.0052,0.0013,0.0014,0.008,-0.0518,0.0025,-0.0977,-0.0737,-0.0044,-0.0545,0.0049,-0.0759,-0.0642,0.0023,-0.0033,-0.0172,0.0054,0.0036,-0.0193,-0.0276,TRUE,TRUE
DTC_L_63,LanSi,1,CW_01,C,2026-03-24 11:19:46+08:00,ONLINE,FALSE,,CW_1_01,PASS,,,52.5160108,_2026032411194635102,T20260324111946,DESKTOP-P2DUL42,Loma,1,CW_1_01,2,paul di,2024.0718.155524,V20260126.2,CW_DTCL_DTCR_STC,T20260324112038,52.5160108,TRUE,TRUE,TRUE,TRUE,TRUE,TRUE,TRUE,4S2RND2HBL06DS,v1.0.1,2025_12_22,315.1533,322.1898,475.4234,301.3869,296.0927,151.5364,149.7671,342.1301,334.5338,487.9624,-5.3059,1.5411,-0.0001,0,-0.2286,1.559,-0.2195,1.5539,0.6662,153.9727,149.7539,147.8428,153.4688,151.2595,0.8192,0.7943,0.8414,0.7958,0.7943,0.7848,0.7707,0.803,0.7432,0.7432,0.8201,0.8126,0.8025,0.7705,0.7202,0.7233,0.7458,0.6952,0.6952,0.8247,0.98,0.811,0.7682,0.7682,0.851,0.7929,0.7578,0.8269,0.8118,0.7599,0.7743,0.7871,0.7578,0,0,0,0,0,v1.0.1,2025_12_22,315.1087,322.1739,476.5725,301.2826,296,150.5,148.5973,342.3423,334.6765,488.9632,-5.309,1.5524,-0.0001,0,-0.2282,1.5594,-0.22,1.5535,0.6662,157.8574,153.4033,159.2305,159.0928,157.396,0.6899,0.6717,0.7033,0.7,0.6717,0.6572,0.629,0.6511,0.6386,0.629,0.6551,0.6568,0.6664,0.6338,0.6189,0.6152,0.6341,0.5891,0.5891,0.6713,0.3249,0.6841,0.6681,0.3249,0.662,0.6628,0.619,0.6752,0.6865,0.6597,0.6601,0.6363,0.619,0,0,0,0,0,v1.0.1,2025_12_22,313.3148,314.5,438.5398,300.1416,299.7686,183.843,185.4083,329.2833,327.5,444.5,-6.5937,-5.0464,-0.0001,-0.0001,-0.2136,1.567,-0.2146,1.5616,0.6751,174.1143,172.8467,170.9785,173.5752,172.8787,0.7815,0.6756,0.7993,0.6866,0.6756,0.7392,0.6507,0.7535,0.6384,0.6384,0.7452,0.7553,0.7601,0.6862,0.6862,0.7225,0,0.7235,0.65,0.65,0,0,0,0,0,v1.0.1,2025_12_22,313.271,314.4206,439.4554,299.9107,299.6975,183.042,184.4915,329.3475,327.5932,445.5,-6.5983,-5.0559,-0.0001,-0.0001,-0.214,1.5673,-0.2149,1.5614,0.675,146.2158,141.0869,140.2734,143.8965,142.8682,0.6484,0.5885,0.6691,0.5988,0.5885,0.6317,0.5636,0.6145,0.5685,0.5636,0.6131,0.6311,0.6367,0.5978,0.5978,0.5851,0.4832,0.5754,0.5344,0.4832,0,0,0,0,0,-0.0052,-0.0712,0.0004,-0.0258,-0.0273,-0.0001,-0.0556,-0.001,-0.025,-0.025,0.0108,0.0023,-0.0053,0.0033,-0.1043,-0.0743,-0.0384,-0.0623,0.0141,-0.002,0.0088,-0.0415,0.0089,-0.0154,-0.0094,-0.0124,-0.055,-0.0064,-0.0281,-0.0285,0.0065,-0.0041,0.0008,-0.008,-0.0523,-0.0465,-0.0226,-0.0419,-0.0093,0.0068,0.0024,-0.1345,0.0038,-0.1069,-0.1035,0.0049,-0.1261,0.0041,-0.1055,-0.0959,-0.0159,-0.0049,0.0165,-0.0001,-0.0037,0.0062,-0.0066,-0.0888,0.0041,-0.0765,-0.0665,-0.0045,-0.084,-0.0078,-0.0901,-0.0587,-0.0181,0,0.0009,-0.0071,-0.0071,0.0099,0.0091,TRUE,TRUE
DTC_R_63,LanSi,1,CW_01,A,2026-03-24 11:19:46+08:00,ONLINE,FALSE,,CW_1_01,PASS,,,52.5758513,_2026032411194629201,T20260324111946,DESKTOP-P2DUL42,Loma,1,CW_1_01,1,paul di,2024.0718.155524,V20260126.2,CW_DTCL_DTCR_STC,T20260324112038,52.5758513,TRUE,TRUE,TRUE,TRUE,TRUE,TRUE,TRUE,4S2RND2HBL0DP6,v1.0.1,2025_12_22,315.0657,316.8467,475.3556,297,295.2199,147.9504,149.0816,337.034,335.7466,484.3493,-5.4061,-2.8639,-0.0001,0,-0.2227,1.5533,-0.2205,1.5474,0.6644,152.8008,149.9307,149.3574,152.1299,151.0547,0.8484,0.7828,0.8671,0.772,0.772,0.8127,0.7304,0.8179,0.7519,0.7304,0.8263,0.806,0.8112,0.8111,0.7156,0.7329,0.7431,0.7215,0.7156,0.8328,0.7946,0.8101,0.98,0.7946,0.8513,0.7424,0.7603,0.8287,0.7874,0.7374,0.8292,0.841,0.7374,0,0,0,0,0,v1.0.1,2025_12_22,315,316.9137,476.4179,296.9627,295.0839,147,148.0274,337.137,335.8784,485.3716,-5.4185,-2.823,-0.0001,0,-0.2225,1.5536,-0.22,1.547,0.6645,159.4033,154.3604,162.4092,161.5596,159.4331,0.6919,0.6596,0.7158,0.6632,0.6596,0.6608,0.631,0.6808,0.6314,0.631,0.655,0.6496,0.6609,0.6592,0.6097,0.6427,0.6132,0.6145,0.6097,0.6977,0.658,0.6671,0.3384,0.3384,0.6506,0.6459,0.6567,0.6729,0.6481,0.6212,0.6412,0.6711,0.6212,0,0,0,0,0,v1.0.1,2025_12_22,316.8077,327.9615,441.7636,312.9273,302.256,195.968,188.0806,342.3629,331.5,455.7069,-3.4184,7.4853,0,0.0001,-0.2192,1.5605,-0.2109,1.5558,0.6715,174.5166,173.8691,173.4688,174.9854,174.21,0.7872,0.6262,0.8078,0.6241,0.6241,0.7816,0.62,0.7735,0.623,0.62,0.7721,0.7689,0.7384,0.758,0.7384,0.7539,0.653,0.7287,0,0.653,0,0,0,0,0,v1.0.1,2025_12_22,316.8077,328.0385,442.5766,312.8649,302.2177,195.0726,187.1322,342.4628,331.569,456.569,-3.4394,7.5015,0,0.0001,-0.2196,1.561,-0.2103,1.5559,0.6718,146.2051,141.2461,142.9131,143.5342,143.4746,0.6604,0.5552,0.6669,0.5565,0.5552,0.636,0.543,0.6423,0.5492,0.543,0.6231,0.6305,0.6325,0.6322,0.6231,0.581,0.5406,0.581,0.4536,0.4536,0,0,0,0,0,-0.0152,-0.0915,0.001,-0.0976,-0.0916,-0.0152,-0.0802,-0.0066,-0.0687,-0.0802,0.0092,-0.004,0.0026,0.0038,-0.0919,-0.0788,-0.0533,-0.1006,-0.0067,0.0085,-0.0175,-0.0519,0.0061,-0.0661,-0.0498,-0.0123,-0.0502,0.0166,-0.0426,-0.0332,-0.0036,-0.0085,0.0023,-0.0098,-0.0474,-0.0201,-0.0175,-0.0275,0.0199,0.0148,0.0008,-0.1835,0.0076,-0.1871,-0.1623,0.0148,-0.1337,0.0126,-0.1557,-0.1337,0.0213,0.0144,0.0042,0.0302,0.0024,-0.0055,0.0083,-0.0931,-0.0001,-0.1158,-0.0931,-0.005,-0.099,0.0118,-0.093,-0.0875,-0.0066,-0.0038,-0.003,0.0175,0.0084,-0.0254,-0.0025,TRUE,TRUE
DTC_L_64,LanSi,1,CW_01,A,2026-03-24 11:21:33+08:00,ONLINE,FALSE,,CW_1_01,PASS,,,53.3421032,_2026032411213343802,T20260324112133,DESKTOP-P2DUL42,Loma,1,CW_1_01,2,paul di,2024.0718.155524,V20260126.2,CW_DTCL_DTCR_STC,T20260324112226,53.3421032,TRUE,TRUE,TRUE,TRUE,TRUE,TRUE,TRUE,4S2RND2HBL06DS,v1.0.1,2025_12_22,314.0657,322.9416,474.2222,302.8667,294.817,151.915,148.3072,342.6601,333.4179,489.0373,-6.534,2.3841,-0.0001,0,-0.2242,1.5582,-0.2179,1.5543,0.6676,153.7764,149.2402,147.668,152.8496,150.8835,0.832,0.7897,0.7832,0.7741,0.7741,0.7769,0.7515,0.7921,0.7379,0.7379,0.8262,0.8035,0.8124,0.769,0.7374,0.7329,0.7599,0.6969,0.6969,0.8046,0.7911,0.8303,0.8282,0.7911,0.8492,0.7327,0.7301,0.8409,0.8277,0.8097,0.7851,0.7763,0.7301,0,0,0,0,0,v1.0.1,2025_12_22,314.0857,322.9786,475.3121,302.5319,294.6948,150.8831,147.0952,342.7619,333.6739,490.0362,-6.5277,2.3383,-0.0001,0,-0.2256,1.5581,-0.2174,1.5536,0.6672,158.9219,154.541,160.6436,160.3164,158.6057,0.6811,0.6739,0.6378,0.6877,0.6378,0.6596,0.6364,0.6564,0.6508,0.6364,0.6513,0.6517,0.6462,0.6358,0.6195,0.6297,0.6473,0.6026,0.6026,0.6749,0.4659,0.6845,0.6818,0.4659,0.6615,0.6452,0.6054,0.6923,0.6684,0.6789,0.6714,0.6299,0.6054,0,0,0,0,0,v1.0.1,2025_12_22,312.3113,315.1792,437.4286,301.1875,298.4538,184.3697,183.935,329.626,326.5,445.5,-7.7743,-4.3275,-0.0001,0,-0.2109,1.5647,-0.2115,1.5618,0.676,174.9189,173.0947,171.585,174.2207,173.4548,0.7814,0.6744,0.7495,0.6696,0.6696,0.7449,0.6429,0.7432,0.6385,0.6385,0.7648,0.7728,0.7573,0.7,0.7,0.721,0,0.7324,0.7179,0.7179,0,0,0,0,0,v1.0.1,2025_12_22,312.2981,315.0577,438.3119,300.945,298.4068,183.5,183.122,329.6667,326.5678,446.322,-7.7587,-4.4017,-0.0001,0,-0.211,1.5651,-0.2121,1.562,0.676,147.0889,141.9912,141.3418,144.8584,143.8201,0.6559,0.581,0.6355,0.5925,0.581,0.6338,0.5639,0.6195,0.5699,0.5639,0.6424,0.6222,0.6346,0.599,0.599,0.5864,0.5141,0.5624,0.5662,0.5141,0,0,0,0,0,0.0076,-0.0758,-0.0578,-0.0475,-0.0475,-0.008,-0.0748,-0.0119,-0.0303,-0.0303,0.0169,-0.0068,0.0046,0.0018,-0.0871,-0.0647,-0.0243,-0.0606,-0.006,0.0173,0,-0.0393,-0.0566,-0.0277,-0.0433,-0.01,-0.0476,-0.0011,-0.0159,-0.0211,0.0027,-0.0092,-0.0194,-0.006,-0.0517,-0.032,-0.0094,-0.0284,-0.0057,0.0072,0.0023,-0.1357,-0.046,-0.1239,-0.1095,0.0106,-0.1339,-0.0062,-0.1054,-0.0958,0.0037,0.0126,0.0137,0.0137,-0.0052,0.0151,0.0009,-0.0963,-0.0295,-0.0828,-0.074,-0.0024,-0.0837,-0.0028,-0.0887,-0.0584,0.0112,-0.0089,-0.0012,-0.0059,-0.0059,0.0112,-0.0039,TRUE,TRUE
DTC_R_64,LanSi,1,CW_01,B,2026-03-24 11:21:33+08:00,ONLINE,FALSE,,CW_1_01,PASS,,,53.3929673,_2026032411213338701,T20260324112133,DESKTOP-P2DUL42,Loma,1,CW_1_01,1,paul di,2024.0718.155524,V20260126.2,CW_DTCL_DTCR_STC,T20260324112226,53.3929673,TRUE,TRUE,TRUE,TRUE,TRUE,TRUE,TRUE,4S2RND2HBL0DP6,v1.0.1,2025_12_22,315.2222,316.8667,475.5522,297.2164,295.5411,149.2466,149.3893,337.0403,336,485.723,-5.159,-2.2814,-0.0001,0,-0.2214,1.5534,-0.2205,1.5478,0.6648,154.0107,150.8877,151.2041,153.957,152.5149,0.8652,0.7781,0.863,0.7762,0.7762,0.8015,0.6967,0.8168,0.7851,0.6967,0.8084,0.8177,0.8125,0.8164,0.7064,0.6955,0.7933,0.7908,0.6955,0.8337,0.7877,0.8192,0.017,0.017,0.8388,0.7647,0.7449,0.8144,0.7831,0.6466,0.8396,0.8489,0.6466,0,0,0,0,0,v1.0.1,2025_12_22,315.1655,316.8705,476.7353,297.1103,295.28,148.2,148.2381,337.1769,336.0676,486.7027,-5.2027,-2.2879,-0.0001,0,-0.2212,1.5529,-0.2205,1.5478,0.6648,159.6006,153.8301,162.3945,162.1777,159.5007,0.7031,0.6718,0.7097,0.6712,0.6712,0.6881,0.5972,0.6672,0.6519,0.5972,0.6547,0.6538,0.6482,0.649,0.6007,0.6034,0.6279,0.6311,0.6007,0.6682,0.6491,0.6755,0.2209,0.2209,0.6519,0.6471,0.6456,0.6641,0.6515,0.5781,0.6493,0.6888,0.5781,0,0,0,0,0,v1.0.1,2025_12_22,316.9524,328.181,442,313.1607,302.5,196.9048,188.4344,342.418,331.8435,456.9478,-3.1539,8.0225,0,0.0001,-0.219,1.5606,-0.2098,1.5551,0.6717,174.6416,173.75,174.2324,175.7363,174.5901,0.8134,0.6242,0.8108,0.6385,0.6242,0.7556,0.5465,0.7594,0.6821,0.5465,0.7635,0.7716,0.7509,0.7368,0.7368,0.7418,0.6431,0.7333,0,0.6431,0,0,0,0,0,v1.0.1,2025_12_22,316.9619,328.2476,442.6486,313.1532,302.2823,196.0968,187.5,342.5,331.913,457.7217,-3.2388,8.0439,0,0.0001,-0.219,1.5597,-0.2091,1.5553,0.6717,146.4297,140.54,142.6602,144.0498,143.4199,0.6603,0.5485,0.6782,0.5663,0.5485,0.643,0.505,0.6335,0.5843,0.505,0.6276,0.6358,0.6396,0.6298,0.6276,0.5964,0.5328,0.5752,0.3839,0.3839,0,0,0,0,0,0.0016,-0.0962,-0.0031,-0.0934,-0.0874,-0.0264,-0.1139,-0.0077,-0.0355,-0.1139,-0.0087,0.0077,0.0039,0.0091,-0.1011,-0.1162,-0.0031,-0.0313,-0.0058,0.0176,-0.0063,-0.0397,0,-0.0581,-0.0382,0.015,-0.084,0.003,-0.0221,-0.067,-0.0039,-0.0043,-0.0104,-0.02,-0.0564,-0.0594,-0.0028,-0.0109,-0.0096,0.0232,0.027,-0.1855,0.0106,-0.1727,-0.1622,-0.0112,-0.2072,-0.0015,-0.0966,-0.2072,0.0127,0.0171,0.0167,0.009,-0.0097,-0.0009,0.0082,-0.0998,0.0112,-0.106,-0.0998,0.002,-0.137,0.003,-0.0579,-0.1255,-0.0021,0.0015,0.0041,0.0151,0.0129,-0.01,-0.0083,TRUE,TRUE
DTC_L_65,LanSi,1,CW_01,B,2026-03-24 11:23:07+08:00,ONLINE,FALSE,,CW_1_01,FAIL,SFR_VIS_25cm_Ny4_06F_ROI16;SFR_VIS_25cm_Ny4_06F_Min,sfr_25Algo,52.7563976,_2026032411230718002,T20260324112307,DESKTOP-P2DUL42,Loma,1,CW_1_01,2,paul di,2024.0718.155524,V20260126.2,CW_DTCL_DTCR_STC,T20260324112359,52.7563976,TRUE,TRUE,TRUE,TRUE,TRUE,TRUE,TRUE,4S2RND2HBL06DS,v1.0.1,2025_12_22,314.0896,322.597,474.3259,302.1333,294.7852,151.6711,148.2517,342.3046,333.3577,488.927,-6.538,2.0266,-0.0001,0,-0.2265,1.5578,-0.2178,1.555,0.6671,153.3232,148.7539,146.5898,152.5439,150.3027,0.8181,0.7932,0.8436,0.7821,0.7821,0.7833,0.7477,0.8039,0.7429,0.7429,0.819,0.8159,0.8085,0.7582,0.7397,0.7113,0.7697,0.6451,0.6451,0.8157,0.98,0.8237,0.8227,0.8157,0.8318,0.8371,0.766,0.8454,0.8295,0.8059,0.7993,0.7678,0.766,0,0,0,0,0,v1.0.1,2025_12_22,314.1295,322.6835,475.4179,302.0373,294.7171,150.7105,147.1242,342.5033,333.7153,489.9343,-6.4792,2.0738,-0.0001,0,-0.2268,1.5579,-0.2176,1.5537,0.6668,158.207,153.8271,158.8447,159.2822,157.5403,0.6885,0.6691,0.7085,0.6963,0.6691,0.659,0.6245,0.6461,0.6474,0.6245,0.64,0.6432,0.654,0.6329,0.6242,0.6118,0.638,0.5761,0.5761,0.6793,0.256,0.6741,0.6819,0.256,0.6622,0.6751,0.6416,0.6619,0.6947,0.6757,0.6644,0.6351,0.6351,0,0,0,0,0,v1.0.1,2025_12_22,312.1346,314.8654,437.4779,300.5487,298.3884,184.0909,183.8279,329.3443,326.4322,445.322,-7.8478,-4.6657,-0.0001,0,-0.2132,1.5656,-0.2119,1.5611,0.6754,174.4512,172.9941,170.1064,173.7988,172.8376,0.7857,0.6618,0.8043,0.6603,0.6603,0.7305,0.6255,0.757,0.6471,0.6255,0.7758,0.7577,0.7654,0.652,0.652,0.7091,0,0.7194,0.7269,0.7091,0,0,0,0,0,v1.0.1,2025_12_22,312.1619,314.9143,438.3826,300.5478,298.2917,183.35,183.0488,329.5122,326.5,446,-7.823,-4.6351,-0.0001,0,-0.2128,1.5652,-0.2121,1.5613,0.6754,146.167,140.9971,139.71,143.7324,142.6516,0.6513,0.5839,0.6745,0.5925,0.5839,0.6236,0.5382,0.6285,0.5818,0.5382,0.6258,0.6532,0.6425,0.5521,0.5521,0.5698,0.445,0.5747,0.5694,0.445,0,0,0,0,0,-0.0063,-0.0723,0.0026,-0.0395,-0.0395,-0.0016,-0.0786,-0.0001,-0.0253,-0.0253,0.0097,0.0056,0.0007,-0.009,-0.0848,-0.0863,-0.0145,-0.1124,0.0051,0.0107,0.0074,-0.0441,0.0141,-0.0191,-0.012,-0.0106,-0.0595,-0.0114,-0.0193,-0.033,-0.0086,-0.0177,-0.0116,-0.0089,-0.047,-0.0499,-0.0187,-0.0549,-0.0013,-0.0032,0.0066,-0.1483,0.0088,-0.1332,-0.1188,-0.0038,-0.1513,0.0076,-0.0968,-0.1088,0.0147,-0.0025,0.0218,-0.0343,-0.0171,0.0021,-0.0037,-0.0934,0.0095,-0.0828,-0.0711,-0.0126,-0.1094,0.0062,-0.0768,-0.0841,-0.0054,0.0221,0.0067,-0.0528,-0.0528,-0.0054,0.0084,TRUE,TRUE
DTC_R_65,LanSi,1,CW_01,C,2026-03-24 11:23:07+08:00,ONLINE,FALSE,,CW_1_01,PASS,,,52.9069943,_2026032411230702901,T20260324112307,DESKTOP-P2DUL42,Loma,1,CW_1_01,1,paul di,2024.0718.155524,V20260126.2,CW_DTCL_DTCR_STC,T20260324112359,52.9069943,TRUE,TRUE,TRUE,TRUE,TRUE,TRUE,TRUE,4S2RND2HBL0DP6,v1.0.1,2025_12_22,315.0074,316.4148,475.2536,296.6449,295.2153,147.7361,149.0533,336.5667,335.7466,484.6507,-5.4448,-3.0974,-0.0001,0,-0.2222,1.5535,-0.2203,1.5476,0.6646,155.2363,152.5908,152.2334,155.0439,153.7761,0.8655,0.7863,0.8733,0.7791,0.7791,0.8258,0.7364,0.8164,0.7723,0.7364,0.8225,0.811,0.7898,0.8194,0.7404,0.7172,0.7677,0.7615,0.7172,0.834,0.7988,0.7982,0.98,0.7982,0.8301,0.7528,0.7551,0.8238,0.79,0.772,0.8296,0.8361,0.7528,0,0,0,0,0,v1.0.1,2025_12_22,314.9565,316.4203,476.3043,296.5,295.0616,146.7945,147.9388,336.8299,335.8456,485.7383,-5.4786,-3.0434,-0.0001,0,-0.2223,1.5535,-0.2211,1.5475,0.6644,159.1328,154.3799,162.5537,161.8438,159.4775,0.6985,0.6656,0.7177,0.6803,0.6656,0.6864,0.6291,0.6706,0.6403,0.6291,0.6571,0.6693,0.6613,0.6563,0.6273,0.6329,0.615,0.6376,0.615,0.6707,0.6587,0.6648,0.1916,0.1916,0.6424,0.6384,0.646,0.6693,0.6575,0.6145,0.6441,0.6645,0.6145,0,0,0,0,0,v1.0.1,2025_12_22,316.7664,327.6822,441.6154,312.547,302.127,195.8571,187.9421,341.9339,331.3652,456.2261,-3.5368,7.3493,0,0.0001,-0.2201,1.5597,-0.2097,1.5572,0.6718,176.4189,175.7969,175.917,177.3428,176.3689,0.8034,0.6286,0.8118,0.6392,0.6286,0.7633,0.5852,0.7662,0.6532,0.5852,0.7701,0.7749,0.7474,0.7577,0.7474,0.7412,0.6612,0.7301,0,0.6612,0,0,0,0,0,v1.0.1,2025_12_22,316.729,327.785,442.4298,312.5702,302,195,187.0336,342.1933,331.5847,456.7627,-3.5446,7.3622,0,0.0001,-0.2199,1.5598,-0.2101,1.5556,0.6713,146.1084,141.1777,142.791,144.1123,143.5474,0.6492,0.5569,0.6902,0.5645,0.5569,0.6445,0.5316,0.6446,0.5612,0.5316,0.6432,0.6356,0.6473,0.6233,0.6233,0.5714,0.5248,0.5742,0.4069,0.4069,0,0,0,0,0,0.0019,-0.088,0.0072,-0.0905,-0.0845,-0.0021,-0.0742,-0.0081,-0.0483,-0.0742,0.0054,0.001,-0.0188,0.0121,-0.0671,-0.0945,-0.0287,-0.0606,-0.0055,-0.0034,-0.0109,-0.0459,0.008,-0.049,-0.0438,0.0133,-0.0521,0.0064,-0.0337,-0.0351,-0.0015,0.0112,0.0027,-0.0127,-0.0298,-0.0299,-0.0157,-0.0044,-0.0071,0.0125,0.017,-0.1811,0.0116,-0.172,-0.1578,-0.0035,-0.1685,0.0053,-0.1255,-0.1685,0.0193,0.0204,0.0132,0.0299,-0.0103,-0.0041,-0.0029,-0.0914,0.0232,-0.1078,-0.0914,0.0035,-0.1104,0.0141,-0.081,-0.0989,0.0135,0.0013,0.0118,0.0086,0.0086,-0.035,-0.0093,TRUE,TRUE
DTC_L_66,LanSi,1,CW_01,C,2026-03-24 11:24:48+08:00,ONLINE,FALSE,,CW_1_01,PASS,,,52.1955982,_2026032411244882602,T20260324112448,DESKTOP-P2DUL42,Loma,1,CW_1_01,2,paul di,2024.0718.155524,V20260126.2,CW_DTCL_DTCR_STC,T20260324112541,52.1955982,TRUE,TRUE,TRUE,TRUE,TRUE,TRUE,TRUE,4S2RND2HBL06DS,v1.0.1,2025_12_22,315.1029,322.9118,475.3037,302.2074,296.1533,152.2133,149.5789,342.7895,334.3688,488.4752,-5.3985,2.2194,-0.0001,0,-0.228,1.5597,-0.219,1.5544,0.6668,153.3965,148.748,147.2314,152.6436,150.5049,0.8255,0.8001,0.8353,0.7901,0.7901,0.7788,0.7566,0.7999,0.733,0.733,0.8098,0.7958,0.8111,0.7725,0.7346,0.7206,0.7262,0.6672,0.6672,0.8014,0.2014,0.7929,0.7661,0.2014,0.8513,0.7335,0.7401,0.8221,0.8041,0.7507,0.7583,0.7538,0.7335,0,0,0,0,0,v1.0.1,2025_12_22,315.0217,322.9565,476.3309,302.0735,296.06,151.2133,148.457,343.0927,334.6312,489.5248,-5.3998,2.2722,-0.0001,0,-0.2282,1.5603,-0.2198,1.5531,0.6663,158.0254,153.9385,159.8242,159.4385,157.8066,0.6798,0.6782,0.6959,0.6903,0.6782,0.6624,0.629,0.6542,0.6363,0.629,0.6506,0.6568,0.6607,0.6385,0.6244,0.6253,0.6295,0.6037,0.6037,0.6821,0.4596,0.6587,0.6587,0.4596,0.6496,0.6458,0.6249,0.6867,0.6684,0.6553,0.6592,0.6283,0.6249,0,0,0,0,0,v1.0.1,2025_12_22,313.1442,315.2981,438.3534,300.681,299.7167,184.4333,185.2358,329.8618,327.3559,445.2627,-6.7388,-4.3926,-0.0001,0,-0.2157,1.568,-0.2129,1.5614,0.6752,174.9238,172.8975,171.3711,173.9268,173.2798,0.7719,0.6984,0.7805,0.6785,0.6785,0.7369,0.6393,0.7526,0.6306,0.6306,0.7786,0.7574,0.7511,0.697,0.697,0.7121,0,0.7015,0.6375,0.6375,0,0,0,0,0,v1.0.1,2025_12_22,313.1415,315.2453,439.2456,300.5877,299.5462,183.6303,184.3197,329.9262,327.3277,446.1261,-6.7839,-4.3969,-0.0001,0,-0.2152,1.5673,-0.213,1.5623,0.6754,146.3525,141.3828,140.5273,143.9277,143.0476,0.6518,0.5836,0.6541,0.6062,0.5836,0.6244,0.5503,0.6328,0.5566,0.5503,0.6225,0.6188,0.6456,0.6168,0.6168,0.5787,0.5212,0.575,0.5551,0.5212,0,0,0,0,0,0.0011,-0.0654,-0.0057,-0.0315,-0.0315,-0.0061,-0.0697,-0.0041,-0.0352,-0.0352,0.0005,-0.0145,0.0033,0.0053,-0.0899,-0.077,-0.058,-0.0903,-0.0092,-0.0201,-0.0013,-0.035,0.0015,-0.0251,-0.0029,-0.0072,-0.055,-0.0033,-0.0304,-0.0285,0.002,-0.0041,-0.0049,-0.0033,-0.0468,-0.0364,-0.0272,-0.0273,0.0015,-0.0186,-0.0072,-0.1117,-0.015,-0.115,-0.1006,0.0026,-0.1375,0.0032,-0.1133,-0.1037,0.0175,-0.0028,0.0075,0.0107,-0.0141,-0.0158,-0.0032,-0.0937,-0.0109,-0.0691,-0.0714,-0.0118,-0.0973,0.0105,-0.102,-0.072,-0.0087,-0.0123,0.0098,0.0119,0.0119,0.0035,0.0087,TRUE,TRUE
DTC_R_66,LanSi,1,CW_01,A,2026-03-24 11:24:48+08:00,ONLINE,FALSE,,CW_1_01,PASS,,,52.2045743,_2026032411244884301,T20260324112448,DESKTOP-P2DUL42,Loma,1,CW_1_01,1,paul di,2024.0718.155524,V20260126.2,CW_DTCL_DTCR_STC,T20260324112541,52.2045743,TRUE,TRUE,TRUE,TRUE,TRUE,TRUE,TRUE,4S2RND2HBL0DP6,v1.0.1,2025_12_22,315,317.4632,474.8676,297.5809,295.2414,147.6966,149.2905,338,335.2394,485.5,-5.5722,-2.2519,-0.0001,0,-0.2232,1.5544,-0.2228,1.5504,0.6647,154.6162,151.8984,151.4912,154.3789,153.0962,0.8626,0.8152,0.8773,0.8216,0.8152,0.8122,0.7749,0.828,0.7849,0.7749,0.8146,0.8098,0.804,0.7919,0.7207,0.7769,0.7396,0.7506,0.7207,0.8348,0.8057,0.8118,0.98,0.8057,0.8488,0.7789,0.7704,0.8213,0.8164,0.795,0.7661,0.8275,0.7661,0,0,0,0,0,v1.0.1,2025_12_22,314.9928,317.3597,475.8696,297.413,295.094,146.6711,148.0816,338.1497,335.5,486.5,-5.5924,-2.2813,-0.0001,0,-0.2228,1.5542,-0.2234,1.5496,0.6644,159.5352,154.5254,162.9082,162.4287,159.8494,0.6996,0.6924,0.7134,0.6891,0.6891,0.6807,0.6679,0.6791,0.6435,0.6435,0.6496,0.6417,0.6602,0.66,0.623,0.6502,0.6015,0.6147,0.6015,0.6915,0.6776,0.6698,0.2321,0.2321,0.6684,0.665,0.6701,0.6763,0.6654,0.6558,0.6364,0.6592,0.6364,0,0,0,0,0,v1.0.1,2025_12_22,316.7547,328.7358,441.3826,313.5478,302.129,195.9516,188.0887,343.371,331.1429,457.5804,-3.6004,8.3373,0,0.0001,-0.2208,1.5606,-0.2127,1.5591,0.6715,175.3291,175.0596,174.6221,176.7383,175.4373,0.7958,0.6852,0.8068,0.6834,0.6834,0.7606,0.6616,0.7647,0.6471,0.6471,0.7591,0.7678,0.7356,0.7404,0.7356,0.734,0.686,0.7123,0,0.686,0,0,0,0,0,v1.0.1,2025_12_22,316.7115,329,442.2035,313.5575,302.0826,195.0413,187.2339,343.4516,331.3805,458.4513,-3.5776,8.4004,0,0.0001,-0.2219,1.5615,-0.2106,1.5574,0.6716,146.3965,141.6719,143.249,144.1182,143.8589,0.6641,0.5914,0.6675,0.6035,0.5914,0.6344,0.5732,0.6493,0.5682,0.5682,0.6369,0.629,0.6292,0.6226,0.6226,0.5854,0.5538,0.5692,0.4137,0.4137,0,0,0,0,0,-0.001,-0.0591,0.0112,-0.048,-0.0484,-0.0157,-0.0357,0.0035,-0.0357,-0.0357,-0.0025,-0.0002,-0.0046,-0.0154,-0.0868,-0.0348,-0.0568,-0.0715,-0.0047,0.0102,-0.0098,-0.0191,0.0037,-0.0402,-0.0203,0.0076,-0.0133,0.0149,-0.0305,-0.0207,-0.009,-0.0164,0.0016,-0.009,-0.0341,-0.0126,-0.0292,-0.0273,0.0137,0.0175,0.0094,-0.1245,0.0066,-0.1278,-0.103,-0.0062,-0.0921,0.0038,-0.1316,-0.1066,0.0083,0.0133,0.0014,0.0126,-0.0175,-0.0219,0.012,-0.0569,0.0005,-0.0688,-0.0569,-0.0066,-0.0688,0.0188,-0.074,-0.0623,0.0072,-0.0053,-0.0063,0.0079,0.0079,-0.021,-0.0143,TRUE,TRUE
DTC_R_67,LanSi,1,CW_01,B,2026-03-24 11:26:30+08:00,ONLINE,FALSE,,CW_1_01,PASS,,,52.5836104,_2026032411263084201,T20260324112630,DESKTOP-P2DUL42,Loma,1,CW_1_01,1,paul di,2024.0718.155524,V20260126.2,CW_DTCL_DTCR_STC,T20260324112723,52.5836104,TRUE,TRUE,TRUE,TRUE,TRUE,TRUE,TRUE,4S2RND2HBL0DP6,v1.0.1,2025_12_22,315.146,316.6277,475.6296,296.9556,295.4558,148.4898,149.3816,336.7105,336,486.4145,-5.1774,-2.4604,-0.0001,0,-0.2215,1.5537,-0.22,1.5481,0.6651,155.0762,152.9443,152.625,154.7236,153.8423,0.8582,0.763,0.8675,0.778,0.763,0.8147,0.7193,0.803,0.7865,0.7193,0.8223,0.8229,0.8035,0.8048,0.7031,0.7047,0.7978,0.797,0.7031,0.8465,0.7731,0.8092,0.0888,0.0888,0.8352,0.7598,0.7298,0.8275,0.8078,0.7173,0.854,0.8429,0.7173,0,0,0,0,0,v1.0.1,2025_12_22,315.1679,316.7153,476.7153,296.9343,295.3333,147.5034,148.1111,336.9375,336.0927,487.4106,-5.2159,-2.3998,-0.0001,0,-0.2213,1.5536,-0.2199,1.5483,0.6652,158.248,151.623,159.8389,160.6982,157.6021,0.7054,0.6527,0.7142,0.6772,0.6527,0.6792,0.6202,0.6584,0.6512,0.6202,0.6515,0.6445,0.638,0.6382,0.6118,0.6205,0.6232,0.6426,0.6118,0.6707,0.6227,0.6586,0.18,0.18,0.6545,0.6372,0.6393,0.6777,0.6562,0.6324,0.6502,0.6748,0.6324,0,0,0,0,0,v1.0.1,2025_12_22,316.9245,327.8679,441.9273,312.7636,302.3902,196.187,188.2419,342.1613,331.906,457.1282,-3.222,7.7216,0,0.0001,-0.2197,1.5604,-0.2101,1.5549,0.6714,175.7363,175.8799,175.8916,176.5488,176.0142,0.7986,0.6057,0.8181,0.6526,0.6057,0.7668,0.575,0.7672,0.6944,0.575,0.7613,0.7688,0.7544,0.7334,0.7334,0.7431,0.6507,0.7358,0,0.6507,0,0,0,0,0,v1.0.1,2025_12_22,316.8476,328,442.7321,312.7321,302.2339,195.5645,187.3167,342.3167,331.822,458.0169,-3.3095,7.8261,0,0.0001,-0.2202,1.5604,-0.2096,1.5556,0.6716,145.1719,138.6104,140.4668,142.9404,141.7974,0.6569,0.5284,0.6762,0.5736,0.5284,0.6369,0.5246,0.637,0.595,0.5246,0.637,0.6263,0.6253,0.6228,0.6228,0.6062,0.5427,0.5796,0.4413,0.4413,0,0,0,0,0,-0.0054,-0.1113,0.0014,-0.0916,-0.1006,-0.0132,-0.0913,-0.0215,-0.0341,-0.0913,0.0052,0.0129,-0.0051,-0.0025,-0.1044,-0.107,0.0014,-0.0251,0.007,0.0076,-0.004,-0.0588,0.0045,-0.0521,-0.0567,0.0061,-0.061,-0.0058,-0.0228,-0.044,-0.0071,-0.0136,-0.0206,-0.0308,-0.0453,-0.0423,-0.0075,0.0006,-0.0071,0.0063,0.0122,-0.204,0.0179,-0.1586,-0.1807,0,-0.1787,0.0063,-0.0843,-0.1787,0.0105,0.0143,0.0202,0.0056,-0.0084,0.0016,0.0048,-0.1199,0.0092,-0.0987,-0.1199,-0.0041,-0.1174,0.0065,-0.0472,-0.1059,0.0073,-0.008,-0.0102,0.0081,0.0081,-0.0002,-0.0039,TRUE,TRUE
DTC_L_67,LanSi,1,CW_01,A,2026-03-24 11:26:30+08:00,ONLINE,FALSE,,CW_1_01,PASS,,,52.5836104,_2026032411263084202,T20260324112630,DESKTOP-P2DUL42,Loma,1,CW_1_01,2,paul di,2024.0718.155524,V20260126.2,CW_DTCL_DTCR_STC,T20260324112723,52.5836104,TRUE,TRUE,TRUE,TRUE,TRUE,TRUE,TRUE,4S2RND2HBL06DS,v1.0.1,2025_12_22,314.0882,322.5,474.25,301.9779,294.8487,150.8816,148.3487,342.3224,333.2847,489.0657,-6.5359,1.8495,-0.0001,0,-0.2269,1.5586,-0.2185,1.5555,0.6672,152.5879,148.3604,146.7344,151.999,149.9204,0.8216,0.7985,0.8424,0.7774,0.7774,0.7822,0.7633,0.7926,0.7571,0.7571,0.8153,0.813,0.809,0.7659,0.7397,0.7311,0.7629,0.6991,0.6991,0.829,0.98,0.8255,0.8264,0.8255,0.8503,0.731,0.7442,0.8168,0.8298,0.8288,0.7753,0.7782,0.731,0,0,0,0,0,v1.0.1,2025_12_22,314.0882,322.5,475.3066,301.9197,294.6948,149.987,147.1854,342.4305,333.413,490.1087,-6.5624,1.8892,-0.0001,0,-0.2265,1.5583,-0.2183,1.5555,0.6673,159.4141,154.7041,160.709,160.6045,158.8579,0.6792,0.6772,0.6921,0.6881,0.6772,0.6591,0.6309,0.6614,0.6557,0.6309,0.6479,0.6563,0.6396,0.6368,0.6142,0.6349,0.635,0.6112,0.6112,0.6852,0.4334,0.676,0.6913,0.4334,0.6571,0.6398,0.6271,0.6763,0.6737,0.6837,0.6592,0.6431,0.6271,0,0,0,0,0,v1.0.1,2025_12_22,312.1308,314.7009,437.3826,300.5478,298.4118,183.5546,183.912,329.32,326.4492,445.4237,-7.8427,-4.7906,-0.0001,0,-0.212,1.5661,-0.213,1.5612,0.6756,173.9111,172.6807,170.2695,173.1562,172.5044,0.7847,0.6734,0.7911,0.6733,0.6733,0.7459,0.656,0.7433,0.6537,0.6537,0.7677,0.7597,0.7553,0.7024,0.7024,0.7315,0,0.7343,0.7268,0.7268,0,0,0,0,0,v1.0.1,2025_12_22,312.1333,314.6476,438.3158,300.3596,298.2787,182.8525,183.0726,329.4435,326.4874,446.2689,-7.8424,-4.7856,-0.0001,0,-0.2122,1.5655,-0.2136,1.5617,0.6753,147.1367,142.0869,141.3213,144.7832,143.832,0.65,0.5711,0.6701,0.593,0.5711,0.6242,0.5557,0.6239,0.5752,0.5557,0.638,0.6322,0.6293,0.5979,0.5979,0.5921,0.5052,0.5712,0.5764,0.5052,0,0,0,0,0,-0.0028,-0.067,0.0014,-0.0442,-0.0442,-0.0027,-0.063,-0.0114,-0.0111,-0.0111,0.006,0.0027,0.0012,-0.0013,-0.0848,-0.0665,-0.0213,-0.0584,0.0184,0.0125,-0.0019,-0.036,-0.0023,-0.0273,-0.0039,-0.0105,-0.0531,0.0039,-0.011,-0.0266,-0.0007,-0.0046,-0.026,-0.005,-0.057,-0.0268,-0.0217,-0.0198,0.0046,-0.0013,0.0056,-0.1367,-0.0044,-0.1202,-0.1058,0.0116,-0.1208,-0.0061,-0.0902,-0.0806,0.0066,-0.0005,0.0117,0.0161,0.0053,0.017,-0.005,-0.1062,0.0051,-0.0823,-0.0839,-0.012,-0.0919,0.0016,-0.0834,-0.0666,0.0068,0.0011,-0.0065,-0.007,-0.007,0.0169,0.0049,TRUE,TRUE
DTC_L_68,LanSi,1,CW_01,B,2026-03-24 11:28:16+08:00,ONLINE,FALSE,,CW_1_01,PASS,,,53.6441794,_2026032411281607302,T20260324112816,DESKTOP-P2DUL42,Loma,1,CW_1_01,2,paul di,2024.0718.155524,V20260126.2,CW_DTCL_DTCR_STC,T20260324112909,53.6441794,TRUE,TRUE,TRUE,TRUE,TRUE,TRUE,TRUE,4S2RND2HBL06DS,v1.0.1,2025_12_22,314.0593,323.2889,474.3893,302.9313,294.9007,152.3245,148.3072,343.3399,333.2254,490.3451,-6.5236,2.9459,-0.0001,0,-0.2258,1.5587,-0.2199,1.5561,0.6673,153.9678,149.2832,147.5879,153.208,151.0117,0.829,0.7928,0.8401,0.7939,0.7928,0.7775,0.744,0.8052,0.7344,0.7344,0.8107,0.8138,0.8057,0.7622,0.7343,0.7043,0.7715,0.7001,0.7001,0.82,0.6944,0.8278,0.8164,0.6944,0.8403,0.747,0.7352,0.8376,0.8359,0.8227,0.7907,0.7602,0.7352,0,0,0,0,0,v1.0.1,2025_12_22,314.1232,323.2681,475.4926,302.8971,294.7973,151.3649,147.2303,343.4342,333.3147,491.3287,-6.5084,2.9586,-0.0001,0,-0.2251,1.5583,-0.2197,1.5566,0.6675,158.4473,154.3633,160.126,159.4297,158.0916,0.6737,0.6747,0.6995,0.6727,0.6727,0.6637,0.6236,0.657,0.6444,0.6236,0.6437,0.6424,0.6596,0.625,0.6261,0.6233,0.6337,0.6039,0.6039,0.679,0.4929,0.6589,0.6818,0.4929,0.6637,0.6429,0.6106,0.6721,0.6889,0.6753,0.6672,0.6393,0.6106,0,0,0,0,0,v1.0.1,2025_12_22,312.1509,315.5943,437.5478,301.3826,298.5462,184.6303,183.9113,330.371,326.4167,446.3333,-7.7854,-3.8377,-0.0001,0,-0.2123,1.5668,-0.2142,1.5616,0.6755,175.0293,173.5693,171.5449,174.2744,173.6045,0.7863,0.6703,0.7889,0.6664,0.6664,0.7358,0.6253,0.7461,0.655,0.6253,0.763,0.7767,0.7485,0.697,0.697,0.7253,0,0.7375,0.7393,0.7253,0,0,0,0,0,v1.0.1,2025_12_22,312.1509,315.5094,438.4286,301.1875,298.4355,183.9355,183.1855,330.3629,326.4508,447.082,-7.7697,-3.8845,-0.0001,0,-0.2124,1.5664,-0.2142,1.562,0.6755,146.4678,141.6328,141.0264,144.1045,143.3079,0.6655,0.5818,0.6739,0.5947,0.5818,0.6261,0.5503,0.6172,0.5854,0.5503,0.6337,0.6419,0.6232,0.6,0.6,0.5873,0.5272,0.5953,0.5845,0.5272,0,0,0,0,0,0.0046,-0.0727,-0.0009,-0.0277,-0.0288,-0.0074,-0.0823,0.0012,-0.0338,-0.0338,0.0014,0.0035,-0.0021,-0.005,-0.0902,-0.0933,-0.0127,-0.0574,0.0094,0.0148,-0.0074,-0.0385,0.0051,-0.0427,-0.0084,-0.0059,-0.0604,-0.0005,-0.0223,-0.0339,-0.0049,-0.0185,-0.006,-0.0168,-0.0451,-0.0384,-0.023,-0.0271,-0.0016,-0.0184,0.0072,-0.1398,-0.0066,-0.1271,-0.1127,0.0015,-0.1515,-0.0033,-0.0889,-0.109,0.0019,0.0165,0.0049,0.0107,-0.0009,0.0202,0.0105,-0.0955,0.0089,-0.0806,-0.0732,-0.0101,-0.0973,-0.0051,-0.0732,-0.072,0.0025,0.0108,-0.0126,-0.0049,-0.0049,0.0121,0.029,TRUE,TRUE
DTC_R_68,LanSi,1,CW_01,C,2026-03-24 11:28:16+08:00,ONLINE,FALSE,,CW_1_01,PASS,,,53.6701102,_2026032411281607301,T20260324112816,DESKTOP-P2DUL42,Loma,1,CW_1_01,1,paul di,2024.0718.155524,V20260126.2,CW_DTCL_DTCR_STC,T20260324112909,53.6701102,TRUE,TRUE,TRUE,TRUE,TRUE,TRUE,TRUE,4S2RND2HBL0DP6,v1.0.1,2025_12_22,314.9118,317.5,474.9118,297.5,295.1818,147.7692,149.2905,338,335.3286,485.5,-5.5751,-2.2462,-0.0001,0,-0.2238,1.5546,-0.2226,1.5493,0.6644,154.7324,151.7441,151.3936,154.1924,153.0156,0.8483,0.8132,0.8651,0.8144,0.8132,0.8203,0.7719,0.8176,0.7641,0.7641,0.815,0.8095,0.8064,0.8116,0.7418,0.7713,0.7266,0.7213,0.7213,0.8444,0.7869,0.8053,0.98,0.7869,0.8406,0.7503,0.805,0.8281,0.8149,0.8287,0.7678,0.8339,0.7503,0,0,0,0,0,v1.0.1,2025_12_22,314.8345,317.3813,475.9286,297.35,295.0408,146.8367,148.0816,338.1497,335.5455,486.5035,-5.6138,-2.2558,-0.0001,0,-0.2232,1.5547,-0.2234,1.5484,0.6641,159.5293,154.9219,163.2754,162.1416,159.967,0.7015,0.6813,0.7059,0.6963,0.6813,0.6821,0.6481,0.6575,0.6418,0.6418,0.6606,0.6511,0.6639,0.6537,0.6272,0.654,0.5899,0.6244,0.5899,0.6835,0.6534,0.6693,0.3683,0.3683,0.6472,0.6501,0.659,0.6706,0.6766,0.6642,0.6377,0.6982,0.6377,0,0,0,0,0,v1.0.1,2025_12_22,316.7407,328.7315,441.3826,313.5478,302.248,196.032,188.122,343.3333,331.1947,457.5841,-3.5624,8.3457,0,0.0001,-0.2207,1.5615,-0.2125,1.5586,0.6717,175.835,175.0039,174.8662,176.3945,175.5249,0.7881,0.6779,0.8053,0.6942,0.6779,0.7685,0.6567,0.7484,0.6429,0.6429,0.7617,0.768,0.7468,0.7355,0.7355,0.7286,0.6256,0.7366,0,0.6256,0,0,0,0,0,v1.0.1,2025_12_22,316.6038,328.8585,442.2411,313.5179,302.065,195.1626,187.2683,343.4553,331.354,458.3805,-3.5936,8.375,0,0.0001,-0.221,1.562,-0.2119,1.5569,0.6715,146.4561,141.8389,143.3213,143.9551,143.8928,0.6613,0.591,0.6735,0.6017,0.591,0.6377,0.581,0.6491,0.5607,0.5607,0.6363,0.6369,0.6229,0.6258,0.6229,0.5825,0.5205,0.5666,0.4752,0.4752,0,0,0,0,0,-0.0153,-0.0611,-0.001,-0.0552,-0.0504,-0.0076,-0.0387,-0.0069,-0.0565,-0.0465,-0.0021,-0.0005,-0.0022,0.0043,-0.0657,-0.0404,-0.0698,-0.1008,0.0049,0.0037,-0.0079,-0.0302,-0.0038,-0.033,-0.0281,0.009,-0.0331,-0.0067,-0.0322,-0.0224,0.002,-0.007,0.0053,-0.0153,-0.0299,-0.0088,-0.0408,-0.0176,0.0057,0.017,0.0017,-0.1318,0.0051,-0.117,-0.1085,0.0017,-0.097,-0.0125,-0.1358,-0.1108,0.0109,0.0135,0.0126,0.0077,-0.0229,0.0024,0.0092,-0.0573,0.0065,-0.0706,-0.0573,-0.0033,-0.061,0.0186,-0.0815,-0.0698,0.0066,0.0026,-0.0126,0.0111,0.0082,-0.0239,-0.0169,TRUE,TRUE
DTC_L_69,LanSi,1,CW_01,C,2026-03-24 11:29:57+08:00,ONLINE,FALSE,,CW_1_01,PASS,,,53.371158,_2026032411295740302,T20260324112957,DESKTOP-P2DUL42,Loma,1,CW_1_01,2,paul di,2024.0718.155524,V20260126.2,CW_DTCL_DTCR_STC,T20260324113050,53.371158,TRUE,TRUE,TRUE,TRUE,TRUE,TRUE,TRUE,4S2RND2HBL06DS,v1.0.1,2025_12_22,315.2222,320.8667,475.8478,299.5725,296.1611,148.651,149.8851,340.6351,334.6569,487.2044,-5.1454,-0.1141,-0.0001,0,-0.2313,1.56,-0.2185,1.554,0.6661,152.8125,148.4277,146.8164,152.5791,150.1589,0.8326,0.8099,0.8459,0.783,0.783,0.7848,0.7446,0.8048,0.7483,0.7446,0.8167,0.803,0.8027,0.7556,0.7156,0.7271,0.7329,0.7042,0.7042,0.8172,0.6686,0.8126,0.7781,0.6686,0.8251,0.6757,0.68,0.8466,0.8191,0.7578,0.7657,0.7742,0.6757,0,0,0,0,0,v1.0.1,2025_12_22,315.2302,320.9281,476.9718,299.4366,296.08,147.9,148.7333,340.6933,334.8071,488.3214,-5.1355,-0.0441,-0.0001,0,-0.2316,1.5601,-0.2176,1.5539,0.6662,159.209,154.9648,160.8672,160.7881,158.9573,0.6859,0.6899,0.7041,0.6933,0.6859,0.6658,0.6302,0.6519,0.6433,0.6302,0.6485,0.6548,0.6538,0.6391,0.6073,0.6323,0.6151,0.6126,0.6073,0.6901,0.4953,0.6655,0.6656,0.4953,0.6522,0.5936,0.5764,0.6747,0.6751,0.6429,0.665,0.6176,0.5764,0,0,0,0,0,v1.0.1,2025_12_22,313.4476,313.1238,438.7304,298.3652,299.7686,181.157,185.3223,327.6777,327.5,443.7069,-6.5462,-6.6939,-0.0001,-0.0001,-0.2167,1.567,-0.2126,1.5631,0.6752,173.9814,172.6279,170.6328,173.5703,172.7031,0.7838,0.693,0.7946,0.6874,0.6874,0.7371,0.6347,0.7508,0.6535,0.6347,0.7589,0.7692,0.7351,0.688,0.688,0.7255,0,0.7179,0.6265,0.6265,0,0,0,0,0,v1.0.1,2025_12_22,313.3398,313.0194,439.5862,298.3448,299.6557,180.6885,184.3866,327.6975,327.5798,444.6134,-6.5904,-6.6273,-0.0001,-0.0001,-0.2152,1.5672,-0.2128,1.5625,0.6754,147.3369,142.4072,141.2158,145.2314,144.0479,0.6639,0.5831,0.6778,0.603,0.5831,0.6204,0.5563,0.6176,0.5731,0.5563,0.6219,0.6331,0.623,0.5987,0.5987,0.5908,0.4884,0.5609,0.5399,0.4884,0,0,0,0,0,0.0082,-0.0556,0.0049,-0.0386,-0.0386,-0.0001,-0.0817,0.0008,-0.0199,-0.0236,0.0074,-0.0073,-0.0051,-0.0116,-0.1089,-0.0705,-0.0513,-0.0533,0.0066,-0.0004,0.0048,-0.0233,0.0097,-0.0221,0.0048,-0.0038,-0.0538,-0.0056,-0.0234,-0.0273,-0.0001,-0.0061,-0.0118,-0.0027,-0.0639,-0.0294,-0.0416,-0.0184,0.0095,-0.0118,0.0047,-0.1171,-0.0009,-0.1061,-0.0917,0.0028,-0.1421,0.0014,-0.0904,-0.0996,-0.0022,0.009,-0.0085,0.0017,-0.0007,0.0006,0.0089,-0.0942,0.0128,-0.0723,-0.0719,-0.0158,-0.0913,-0.0047,-0.0855,-0.066,-0.0093,0.002,-0.0128,-0.0062,-0.0062,0.0156,-0.0054,TRUE,TRUE
DTC_R_69,LanSi,1,CW_01,A,2026-03-24 11:29:57+08:00,ONLINE,FALSE,,CW_1_01,PASS,,,53.223552,_2026032411295759001,T20260324112957,DESKTOP-P2DUL42,Loma,1,CW_1_01,1,paul di,2024.0718.155524,V20260126.2,CW_DTCL_DTCR_STC,T20260324113050,53.223552,TRUE,TRUE,TRUE,TRUE,TRUE,TRUE,TRUE,4S2RND2HBL0DP6,v1.0.1,2025_12_22,314.9556,316.5185,474.8759,296.4672,295.1156,147.1769,149.1879,336.7584,335.234,484.1702,-5.6262,-3.2818,-0.0001,0,-0.2242,1.5537,-0.221,1.5499,0.6646,153.6348,151.3584,151.293,154.2812,152.6418,0.866,0.8041,0.8689,0.8176,0.8041,0.802,0.7499,0.8134,0.7538,0.7499,0.8222,0.8213,0.8093,0.8009,0.7432,0.7269,0.7248,0.694,0.694,0.8263,0.8245,0.7996,0.98,0.7996,0.8435,0.7759,0.7585,0.8225,0.817,0.8236,0.7362,0.837,0.7362,0,0,0,0,0,v1.0.1,2025_12_22,314.9562,316.5182,475.8261,296.3333,295.0743,146.1554,148,337,335.3786,485.1643,-5.653,-3.2657,-0.0001,0,-0.2243,1.5541,-0.2216,1.5498,0.6645,158.5605,154.1338,163.0605,162.0791,159.4585,0.6941,0.6802,0.7114,0.6996,0.6802,0.6708,0.636,0.6653,0.6304,0.6304,0.6643,0.6503,0.6499,0.6575,0.6334,0.6257,0.6056,0.6,0.6,0.703,0.6572,0.6655,0.1219,0.1219,0.6501,0.6666,0.6436,0.6594,0.6507,0.6057,0.6449,0.6917,0.6057,0,0,0,0,0,v1.0.1,2025_12_22,316.6635,327.9231,441.2456,312.5877,302.0244,195.2602,188,342.4127,331.1875,456.3393,-3.6758,7.4046,0,0.0001,-0.222,1.5604,-0.2116,1.5577,0.6711,174.1777,174.542,174.5137,176.6592,174.9731,0.7928,0.6874,0.8063,0.7052,0.6874,0.7541,0.6527,0.7707,0.6176,0.6176,0.7596,0.7561,0.7522,0.7308,0.7308,0.731,0.6779,0.7289,0,0.6779,0,0,0,0,0,v1.0.1,2025_12_22,316.5534,327.9903,441.9626,312.6449,301.8548,194.4758,187.024,342.456,331.2018,457.0614,-3.7807,7.4257,0,0.0001,-0.2212,1.5606,-0.2107,1.5573,0.6715,145.2598,140.9795,142.7939,143.9268,143.24,0.6555,0.5864,0.668,0.6062,0.5864,0.616,0.5709,0.6309,0.5478,0.5478,0.6325,0.622,0.6302,0.632,0.622,0.5848,0.5514,0.5695,0.3502,0.3502,0,0,0,0,0,0.0024,-0.0702,0.0028,-0.052,-0.0595,-0.0259,-0.0607,-0.0111,-0.0668,-0.0607,0.0051,0.0113,0.0007,-0.0064,-0.0643,-0.0848,-0.0716,-0.1281,-0.0132,-0.002,-0.0153,-0.0313,0.0017,-0.0297,-0.0292,-0.0023,-0.0452,0.0011,-0.0436,-0.0338,0.0057,-0.0078,-0.0087,-0.0115,-0.0237,-0.0371,-0.0251,-0.042,0.0252,0.0132,0.0064,-0.1223,0.0061,-0.106,-0.099,-0.0127,-0.101,0.0098,-0.1611,-0.1361,0.0088,0.0016,0.018,0.003,-0.0205,-0.0053,0.0034,-0.0619,0.001,-0.0661,-0.0619,-0.025,-0.0711,0.0004,-0.0944,-0.0827,0.0028,-0.0123,-0.0053,0.0173,0.0073,-0.0216,-0.014,TRUE,TRUE
DTC_R_70,LanSi,1,CW_01,B,2026-03-24 11:32:40+08:00,ONLINE,FALSE,,CW_1_01,PASS,,,52.882413,_2026032411324050501,T20260324113240,DESKTOP-P2DUL42,Loma,1,CW_1_01,1,paul di,2024.0718.155524,V20260126.2,CW_DTCL_DTCR_STC,T20260324113333,52.882413,TRUE,TRUE,TRUE,TRUE,TRUE,TRUE,TRUE,4S2RND2HBL0DP6,v1.0.1,2025_12_22,315.1691,316.7647,475.6015,297.0827,295.5442,148.5102,149.5033,336.8758,336.0596,486.298,-5.1245,-2.3937,-0.0001,0,-0.2216,1.5542,-0.2203,1.5477,0.665,154.3691,151.7812,151.8086,154.1807,153.0349,0.8626,0.7553,0.8841,0.7858,0.7553,0.8271,0.7625,0.8175,0.7793,0.7625,0.8226,0.8164,0.799,0.8038,0.6877,0.7006,0.8109,0.7812,0.6877,0.8311,0.786,0.7886,0.98,0.786,0.8401,0.7689,0.7601,0.8297,0.8093,0.7466,0.8514,0.8468,0.7466,0,0,0,0,0,v1.0.1,2025_12_22,315.1691,316.7647,476.708,297,295.3946,147.4558,148.2905,337,336.14,487.3067,-5.1596,-2.3946,-0.0001,0,-0.2212,1.554,-0.2202,1.5479,0.6651,158.2871,152.8174,160.9922,161.5068,158.4009,0.6945,0.6458,0.7163,0.6644,0.6458,0.6943,0.6257,0.6726,0.6555,0.6257,0.6522,0.6567,0.6655,0.6538,0.604,0.6351,0.629,0.642,0.604,0.6838,0.6501,0.6631,0.2428,0.2428,0.6484,0.642,0.6424,0.6616,0.6442,0.6516,0.6603,0.6779,0.642,0,0,0,0,0,v1.0.1,2025_12_22,316.8774,327.9528,441.9,313.0273,302.352,196.264,188.2417,342.2917,331.7627,457.1017,-3.2733,7.8275,0,0.0001,-0.2183,1.5604,-0.2105,1.5555,0.6718,175.3096,175.0576,174.7725,176.1201,175.3149,0.796,0.6357,0.8042,0.6362,0.6357,0.7681,0.5483,0.7729,0.6865,0.5483,0.7645,0.77,0.7413,0.749,0.7413,0.7558,0.6582,0.7317,0,0.6582,0,0,0,0,0,v1.0.1,2025_12_22,316.8476,328,442.6852,313,302.24,195.72,187.3967,342.3884,331.8783,458,-3.2904,7.9217,0,0.0001,-0.2181,1.5603,-0.2102,1.5552,0.6718,145.208,139.5283,141.0811,143.2002,142.2544,0.6615,0.5536,0.6829,0.57,0.5536,0.6305,0.5031,0.6435,0.5845,0.5031,0.633,0.6358,0.6389,0.6377,0.633,0.6132,0.5515,0.5859,0.4252,0.4252,0,0,0,0,0,-0.001,-0.119,0.018,-0.0838,-0.1083,-0.0008,-0.0481,-0.007,-0.0413,-0.0481,0.0055,0.0064,-0.0096,-0.0035,-0.1198,-0.1111,0.0145,-0.0409,-0.0084,-0.013,-0.0149,-0.0657,0.0066,-0.0649,-0.0636,0.0212,-0.0555,0.0084,-0.0185,-0.0385,-0.0064,-0.0014,0.0069,-0.0152,-0.0531,-0.0277,-0.0017,0,0.006,0.0108,0.0096,-0.174,0.004,-0.175,-0.1507,0.0013,-0.2054,0.012,-0.0922,-0.2054,0.0137,0.0155,0.0071,0.0212,0.0043,-0.0025,0.0094,-0.0947,0.0159,-0.1023,-0.0947,-0.0105,-0.1389,0.013,-0.0577,-0.1274,0.0033,0.0015,0.0034,0.023,0.0183,0.0068,0.0024,TRUE,TRUE
DTC_L_70,LanSi,1,CW_01,A,2026-03-24 11:32:40+08:00,ONLINE,FALSE,,CW_1_01,PASS,,,52.8983699,_2026032411324055102,T20260324113240,DESKTOP-P2DUL42,Loma,1,CW_1_01,2,paul di,2024.0718.155524,V20260126.2,CW_DTCL_DTCR_STC,T20260324113333,52.8983699,TRUE,TRUE,TRUE,TRUE,TRUE,TRUE,TRUE,4S2RND2HBL06DS,v1.0.1,2025_12_22,314.0584,323.927,474.3261,303.5942,294.8255,153.1812,148.0946,343.8311,333.3235,490.0368,-6.5744,3.4141,-0.0001,0,-0.2257,1.5581,-0.2188,1.5548,0.6671,153.0234,148.6221,146.2676,147.8789,148.948,0.8279,0.7906,0.8536,0.7706,0.7706,0.7381,0.7531,0.8078,0.7515,0.7381,0.8094,0.8149,0.8072,0.7617,0.6905,0.7081,0.763,0.6794,0.6794,0.8244,0.98,0.8253,0.8266,0.8244,0.8125,0.7547,0.7916,0.8345,0.8235,0.8314,0.7822,0.7786,0.7547,0,0,0,0,0,v1.0.1,2025_12_22,314.0429,323.8929,475.3571,303.4286,294.6556,152.2384,147,344,333.5147,491.0441,-6.5859,3.4208,-0.0001,0,-0.2257,1.5578,-0.2193,1.5543,0.6668,157.9287,153.9932,160.0605,156.5684,157.1377,0.6754,0.666,0.7061,0.6704,0.666,0.6344,0.6334,0.6771,0.6478,0.6334,0.6427,0.6533,0.6433,0.6299,0.592,0.6101,0.6187,0.6123,0.592,0.6786,0.4603,0.6803,0.6699,0.4603,0.6487,0.663,0.6425,0.6767,0.6738,0.6653,0.6625,0.6346,0.6346,0,0,0,0,0,v1.0.1,2025_12_22,312.219,316.1619,437.4545,301.9091,298.4492,185.5339,183.8699,330.7154,326.5,446.5,-7.8015,-3.3359,-0.0001,0,-0.2128,1.5653,-0.2124,1.5611,0.6753,174.4756,173.1025,170.2666,168.9883,171.7083,0.7802,0.6762,0.7988,0.6485,0.6485,0.6952,0.6413,0.761,0.6661,0.6413,0.7747,0.7723,0.7558,0.6874,0.6874,0.7309,0,0.7348,0.7176,0.7176,0,0,0,0,0,v1.0.1,2025_12_22,312.233,316,438.3217,301.7217,298.3866,184.6555,183,330.8475,326.4538,447.3697,-7.821,-3.3811,-0.0001,0,-0.2122,1.5652,-0.2139,1.5624,0.6754,146.1885,141.0889,140.6846,141.4043,142.3416,0.6629,0.5781,0.6679,0.5865,0.5781,0.6032,0.5509,0.6339,0.5844,0.5509,0.6402,0.6306,0.6425,0.5989,0.5989,0.5964,0.5264,0.5788,0.5851,0.5264,0,0,0,0,0,0.0035,-0.0749,0.0126,-0.051,-0.051,-0.0468,-0.0732,0.0038,-0.0167,-0.0301,0.0001,0.0046,-0.0006,-0.0055,-0.134,-0.0895,-0.0212,-0.0781,0.0138,0.0123,-0.0057,-0.0472,0.0117,-0.045,-0.0151,-0.0352,-0.0506,0.0196,-0.0189,-0.0241,-0.0059,-0.0076,-0.0223,-0.0119,-0.0792,-0.0516,-0.038,-0.0187,-0.002,0.003,0.0011,-0.1339,0.0033,-0.145,-0.1306,-0.0391,-0.1355,0.0116,-0.0778,-0.093,0.0136,0.0121,0.0122,0.0011,0.0047,0.0175,0.0079,-0.0992,0.0029,-0.0888,-0.0769,-0.033,-0.0967,0.0116,-0.0742,-0.0714,0.009,-0.0005,0.0067,-0.006,-0.006,0.0212,0.0125,TRUE,TRUE
DTC_R_71,LanSi,1,CW_01,C,2026-03-24 13:53:18+08:00,ONLINE,FALSE,,CW_1_01,PASS,,,53.0288821,_2026032413531855101,T20260324135318,DESKTOP-P2DUL42,Loma,1,CW_1_01,1,paul di,2024.0718.155524,V20260126.2,CW_DTCL_DTCR_STC,T20260324135411,53.0288821,TRUE,TRUE,TRUE,TRUE,TRUE,TRUE,TRUE,4S2RND2HBL0DP6,v1.0.1,2025_12_22,315.0074,316.4148,474.8768,296.1522,295.1034,146.8138,149.18,336.68,335.3688,484.2908,-5.5927,-3.4297,-0.0001,0,-0.2256,1.5535,-0.2211,1.5496,0.6641,155.1914,152.126,151.6152,154.7871,153.4299,0.8617,0.8686,0.8629,0.8258,0.8258,0.8111,0.6927,0.8136,0.7668,0.6927,0.8259,0.8141,0.8201,0.8149,0.7929,0.7318,0.727,0.7103,0.7103,0.8519,0.8198,0.8112,0.6473,0.6473,0.8512,0.7858,0.7926,0.8191,0.7989,0.7972,0.7849,0.847,0.7849,0,0,0,0,0,v1.0.1,2025_12_22,314.9214,316.3571,475.9362,296.0638,295.0408,145.8367,148,336.8581,335.5724,485.331,-5.6058,-3.4106,-0.0001,0,-0.2249,1.5542,-0.2217,1.5487,0.6641,161.3809,156.1514,164.3691,163.8467,161.437,0.7045,0.706,0.7098,0.6944,0.6944,0.678,0.5956,0.6754,0.6471,0.5956,0.6562,0.6593,0.6579,0.6563,0.6549,0.6235,0.5879,0.6027,0.5879,0.6835,0.6539,0.6761,0.3718,0.3718,0.6565,0.6537,0.668,0.6735,0.6521,0.669,0.6549,0.6868,0.6521,0,0,0,0,0,v1.0.1,2025_12_22,316.8785,327.8972,441.4298,312.5702,302.1797,195.4844,188.121,342.2823,331.4035,456.3684,-3.4975,7.4205,0,0.0001,-0.2219,1.5597,-0.2107,1.5577,0.6712,176.1094,175.0771,175.0938,176.9648,175.8113,0.8083,0.7685,0.8147,0.7049,0.7049,0.7642,0.4604,0.7691,0.6514,0.4604,0.7688,0.7639,0.747,0.737,0.737,0.7513,0.6795,0.7357,0,0.6795,0,0,0,0,0,v1.0.1,2025_12_22,316.8476,328,442.2411,312.5179,302.1575,194.7165,187.2213,342.4344,331.4825,457.2982,-3.51,7.4934,0,0.0001,-0.2223,1.5605,-0.2104,1.5576,0.6713,147.0576,142.0732,143.6406,144.8652,144.4092,0.6605,0.644,0.6862,0.614,0.614,0.6352,0.441,0.6435,0.5787,0.441,0.6243,0.6367,0.6264,0.6256,0.6243,0.5974,0.5474,0.5803,0.5074,0.5074,0,0,0,0,0,-0.0019,-0.0057,-0.0032,-0.0438,-0.0378,-0.0168,-0.1179,-0.0109,-0.0538,-0.1179,0.0088,0.0041,0.0115,0.0076,-0.0146,-0.0799,-0.0694,-0.1118,0.0124,0.0096,-0.0049,-0.0055,0.0001,-0.0349,-0.015,0.0049,-0.0856,0.0112,-0.0269,-0.0686,-0.0024,0.0012,-0.0007,-0.0127,-0.0022,-0.0393,-0.0428,-0.0393,0.0057,0.0238,0.0219,-0.0412,0.0145,-0.1063,-0.0815,-0.0026,-0.2933,0.0082,-0.1273,-0.2933,0.018,0.0094,0.0128,0.0092,-0.0002,0.0015,0.0084,-0.0043,0.0192,-0.0583,-0.0343,-0.0058,-0.201,0.013,-0.0635,-0.1895,-0.0054,0.0024,-0.0091,0.0109,0.0096,-0.009,-0.0032,TRUE,TRUE
DTC_L_71,LanSi,1,CW_01,B,2026-03-24 13:53:18+08:00,ONLINE,FALSE,,CW_1_01,PASS,,,53.2692403,_2026032413531850702,T20260324135318,DESKTOP-P2DUL42,Loma,1,CW_1_01,2,paul di,2024.0718.155524,V20260126.2,CW_DTCL_DTCR_STC,T20260324135411,53.2692403,TRUE,TRUE,TRUE,TRUE,TRUE,TRUE,TRUE,4S2RND2HBL06DS,v1.0.1,2025_12_22,315.1324,322.5809,475.4851,301.9627,296.1208,151.9866,149.56,342.56,334.4848,488.0833,-5.3434,1.9347,-0.0001,0,-0.2274,1.5593,-0.2196,1.5539,0.6666,153.4502,149.2695,147.5537,152.5791,150.7131,0.8219,0.8013,0.8398,0.781,0.781,0.7846,0.7615,0.8084,0.7549,0.7549,0.8142,0.8213,0.8226,0.7663,0.732,0.7197,0.7417,0.6823,0.6823,0.8103,0.7936,0.8265,0.7649,0.7649,0.8508,0.7139,0.7211,0.8408,0.8188,0.7743,0.766,0.7735,0.7139,0,0,0,0,0,v1.0.1,2025_12_22,315.1583,322.7122,476.6691,301.9265,296.047,150.9329,148.5,342.5867,334.7007,489.146,-5.285,1.9608,-0.0001,0,-0.2275,1.5595,-0.2182,1.5534,0.6668,160.7031,156.373,162.1221,161.8926,160.2727,0.6799,0.6714,0.6838,0.6976,0.6714,0.6567,0.6251,0.6606,0.6527,0.6251,0.649,0.6564,0.6353,0.6278,0.6221,0.6264,0.6395,0.6085,0.6085,0.6717,0.5515,0.6784,0.6654,0.5515,0.65,0.6161,0.6197,0.6708,0.6759,0.666,0.6715,0.6274,0.6161,0,0,0,0,0,v1.0.1,2025_12_22,313.4466,315.0097,438.4779,300.5487,299.9576,184.2119,185.4622,329.6303,327.6583,444.925,-6.4995,-4.6349,-0.0001,0,-0.2146,1.5675,-0.2132,1.5613,0.6752,174.7793,173.7295,171.7773,174.207,173.6233,0.7819,0.6937,0.7924,0.6776,0.6776,0.7435,0.6355,0.7528,0.6401,0.6355,0.7601,0.759,0.7711,0.7028,0.7028,0.7144,0,0.7176,0.6612,0.6612,0,0,0,0,0,v1.0.1,2025_12_22,313.5,315,439.4052,300.4052,299.678,183.5254,184.4622,329.6303,327.6724,445.8103,-6.5565,-4.6258,-0.0001,0,-0.2149,1.5655,-0.2124,1.5624,0.6752,147.7646,142.5527,141.8193,145.7217,144.4646,0.6555,0.5813,0.674,0.597,0.5813,0.632,0.5612,0.6184,0.5637,0.5612,0.6249,0.6454,0.643,0.6182,0.6182,0.5841,0.5136,0.5956,0.5458,0.5136,0,0,0,0,0,-0.0025,-0.0642,-0.0012,-0.0406,-0.0406,-0.0003,-0.0648,0.0044,-0.0133,-0.0133,0.0049,0.011,0.0148,-0.0009,-0.0925,-0.0779,-0.0425,-0.0752,-0.0003,0.0135,-0.0012,-0.0418,-0.0106,-0.0178,-0.0097,-0.0129,-0.0589,0.0031,-0.014,-0.0324,0.0004,-0.0045,-0.0303,-0.014,-0.0491,-0.0353,-0.0172,-0.0225,-0.0089,0.0011,0.0028,-0.1164,-0.0031,-0.1159,-0.1015,0.0092,-0.1413,0.0034,-0.1038,-0.0988,-0.001,-0.0012,0.0275,0.0165,-0.0118,0.0003,0.0005,-0.096,0.009,-0.0783,-0.0737,-0.0042,-0.0864,-0.0039,-0.0949,-0.0611,-0.0063,0.0143,0.0072,0.0133,0.0133,0.0089,0.0293,TRUE,TRUE
DTC_R_72,LanSi,1,CW_01,A,2026-03-24 13:55:09+08:00,ONLINE,FALSE,,CW_1_01,PASS,,,52.1150257,_2026032413550946601,T20260324135509,DESKTOP-P2DUL42,Loma,1,CW_1_01,1,paul di,2024.0718.155524,V20260126.2,CW_DTCL_DTCR_STC,T20260324135601,52.1150257,TRUE,TRUE,TRUE,TRUE,TRUE,TRUE,TRUE,4S2RND2HBL0DP6,v1.0.1,2025_12_22,315,316.7279,474.7007,296.635,295.1757,147.3041,149.2808,336.9247,335.3429,484.25,-5.6,-3.1317,-0.0001,0,-0.2246,1.5538,-0.2208,1.5494,0.6645,155.8838,152.3643,152.709,155.2432,154.05,0.867,0.8167,0.8739,0.8179,0.8167,0.8265,0.7497,0.8178,0.7569,0.7497,0.8147,0.8173,0.8039,0.8132,0.7682,0.7474,0.7312,0.7017,0.7017,0.8503,0.8173,0.8132,0.1555,0.1555,0.84,0.7813,0.7737,0.8266,0.8071,0.8154,0.7208,0.8382,0.7208,0,0,0,0,0,v1.0.1,2025_12_22,314.9507,316.7958,475.7872,296.461,295.0738,146.302,148.034,337.0816,335.6761,485.2817,-5.5956,-3.1156,-0.0001,0,-0.2252,1.5542,-0.2204,1.5479,0.6641,161.1104,154.6904,163.2646,163.4678,160.6333,0.7091,0.6892,0.7235,0.6913,0.6892,0.6877,0.6296,0.6674,0.6475,0.6296,0.6518,0.6537,0.6609,0.657,0.64,0.639,0.5963,0.6038,0.5963,0.6935,0.669,0.671,0.3664,0.3664,0.6483,0.6604,0.6467,0.6829,0.6612,0.6442,0.6246,0.6884,0.6246,0,0,0,0,0,v1.0.1,2025_12_22,316.8774,328.0472,441.3421,312.8333,302.2143,195.3889,188.2459,342.4098,331.4261,456.3826,-3.4789,7.5124,0,0.0001,-0.2211,1.5602,-0.2107,1.5574,0.6714,176.1455,175.1357,175.9385,177.0342,176.0635,0.8018,0.7053,0.817,0.7021,0.7021,0.7575,0.6387,0.7735,0.652,0.6387,0.7634,0.7605,0.755,0.7363,0.7363,0.7434,0.6801,0.7489,0,0.6801,0,0,0,0,0,v1.0.1,2025_12_22,316.8785,328.1028,442.055,312.6881,301.9836,194.7377,187.425,342.5417,331.5752,457.2743,-3.5165,7.5689,0,0.0001,-0.222,1.5591,-0.2106,1.557,0.6709,146.7998,140.7812,142.7158,144.6914,143.7471,0.657,0.6106,0.6759,0.6029,0.6029,0.6345,0.573,0.6453,0.5548,0.5548,0.6326,0.6333,0.6264,0.6203,0.6203,0.5998,0.5455,0.5913,0.5014,0.5014,0,0,0,0,0,0.0034,-0.0576,0.0078,-0.0517,-0.0469,-0.0014,-0.0609,-0.0067,-0.0637,-0.0609,-0.0024,0.0073,-0.0047,0.0059,-0.0393,-0.0643,-0.0652,-0.1204,0.0108,0.0116,-0.0003,-0.0223,0.0138,-0.038,-0.0202,0.0146,-0.0516,0.0032,-0.0265,-0.0346,-0.0068,-0.0044,0.0023,-0.012,-0.0171,-0.0238,-0.0344,-0.0382,0.0157,0.0187,0.0154,-0.1044,0.0168,-0.1091,-0.0843,-0.0093,-0.115,0.0126,-0.1267,-0.115,0.0126,0.006,0.0208,0.0085,-0.0081,0.0147,0.0049,-0.0377,0.0089,-0.0694,-0.0454,-0.0065,-0.069,0.0148,-0.0874,-0.0757,0.0029,-0.001,-0.0091,0.0056,0.0056,-0.0066,0.0078,TRUE,TRUE
DTC_L_72,LanSi,1,CW_01,C,2026-03-24 13:55:09+08:00,ONLINE,FALSE,,CW_1_01,PASS,,,51.9135643,_2026032413550966702,T20260324135509,DESKTOP-P2DUL42,Loma,1,CW_1_01,2,paul di,2024.0718.155524,V20260126.2,CW_DTCL_DTCR_STC,T20260324135601,51.9135643,TRUE,TRUE,TRUE,TRUE,TRUE,TRUE,TRUE,4S2RND2HBL06DS,v1.0.1,2025_12_22,314.1533,323.1898,474.2815,303.0148,294.9267,152.2867,148.2517,343.3046,333.4173,489.5971,-6.4939,2.7786,-0.0001,0,-0.2248,1.5583,-0.2201,1.555,0.6671,155.8369,151.7227,149.623,154.7021,152.9712,0.822,0.8038,0.8094,0.7845,0.7845,0.7854,0.7589,0.8054,0.7497,0.7497,0.8057,0.8107,0.8129,0.781,0.7422,0.7314,0.7478,0.6909,0.6909,0.8292,0.98,0.8345,0.8122,0.8122,0.8539,0.8055,0.7662,0.8132,0.8198,0.8195,0.7897,0.7768,0.7662,0,0,0,0,0,v1.0.1,2025_12_22,314.1522,323.2391,475.3382,302.8824,294.7933,151.3467,147.1611,343.3691,333.6786,490.6286,-6.4753,2.7932,-0.0001,0,-0.2251,1.5581,-0.2195,1.5542,0.6669,160.9053,156.6396,162.499,161.4209,160.3662,0.6803,0.6714,0.6771,0.688,0.6714,0.6603,0.6342,0.6607,0.6419,0.6342,0.6556,0.6714,0.6403,0.6448,0.627,0.6294,0.6339,0.6078,0.6078,0.6727,0.4025,0.6623,0.6846,0.4025,0.6689,0.6657,0.6444,0.6654,0.654,0.6703,0.6498,0.6225,0.6225,0,0,0,0,0,v1.0.1,2025_12_22,312.5741,315.6019,437.6174,301.4522,298.623,184.7623,184.1855,330.3629,326.6975,445.958,-7.5605,-3.8726,-0.0001,0,-0.2122,1.5641,-0.214,1.5624,0.6751,175.5508,174.3994,172.4414,174.8828,174.3186,0.7855,0.6869,0.7755,0.6793,0.6793,0.7422,0.6602,0.7607,0.6456,0.6456,0.7732,0.764,0.7599,0.7006,0.7006,0.731,0,0.7306,0.7179,0.7179,0,0,0,0,0,v1.0.1,2025_12_22,312.4495,315.5138,438.4474,301.2807,298.595,183.9008,183.3417,330.4,326.7355,446.8017,-7.5862,-3.9206,-0.0001,0,-0.212,1.5654,-0.2143,1.5619,0.6753,147.876,142.8564,142.3008,145.4541,144.6218,0.6573,0.5846,0.6465,0.6125,0.5846,0.629,0.5686,0.6266,0.5825,0.5686,0.6321,0.6418,0.6355,0.5959,0.5959,0.5957,0.5075,0.5829,0.5784,0.5075,0,0,0,0,0,-0.0024,-0.0617,-0.0316,-0.0371,-0.0371,0.0005,-0.0674,0.0014,-0.0185,-0.0185,-0.0036,0.0004,0.0051,0.0138,-0.0823,-0.0662,-0.0364,-0.0666,0.0186,0.0215,-0.0008,-0.0418,-0.0173,-0.0274,-0.0097,-0.0093,-0.0498,0.0032,-0.0248,-0.0233,0.007,0.0105,-0.0253,0.003,-0.0442,-0.0323,-0.0228,-0.0232,-0.0079,-0.015,0.0064,-0.1232,-0.02,-0.1142,-0.0998,0.0079,-0.1166,0.0113,-0.0983,-0.0887,0.0121,0.0038,0.0163,0.0143,0.0048,0.0133,0.0023,-0.0927,-0.0185,-0.0628,-0.0704,-0.0072,-0.079,0.0043,-0.0761,-0.0537,0.0009,0.0107,-0.0003,-0.009,-0.009,0.0205,0.0166,TRUE,TRUE
DTC_L_73,LanSi,1,CW_01,A,2026-03-24 13:58:07+08:00,ONLINE,FALSE,,CW_1_01,PASS,,,52.1223838,_2026032413580736302,T20260324135807,DESKTOP-P2DUL42,Loma,1,CW_1_01,2,paul di,2024.0718.155524,V20260126.2,CW_DTCL_DTCR_STC,T20260324135859,52.1223838,TRUE,TRUE,TRUE,TRUE,TRUE,TRUE,TRUE,4S2RND2HBL06DS,v1.0.1,2025_12_22,314.25,323.0221,474.4815,302.7407,294.8867,152.1533,148.3377,342.7219,333.6479,489.4296,-6.3792,2.5135,-0.0001,0,-0.2254,1.5574,-0.2177,1.5542,0.6672,155.2324,151.2988,149.4932,154.2637,152.572,0.8247,0.7866,0.8443,0.7871,0.7866,0.7819,0.7454,0.8079,0.738,0.738,0.8177,0.8155,0.8045,0.7623,0.7225,0.7059,0.7777,0.6896,0.6896,0.8148,0.98,0.8291,0.8284,0.8148,0.8403,0.7973,0.7667,0.8271,0.8362,0.8131,0.7974,0.7843,0.7667,0,0,0,0,0,v1.0.1,2025_12_22,314.1714,323.0143,475.6429,302.5714,294.7467,151.2667,147.1689,342.8919,333.7887,490.4085,-6.3963,2.5305,-0.0001,0,-0.2254,1.5577,-0.218,1.5536,0.667,161.1865,157.1016,163.0361,161.9287,160.8132,0.6772,0.6666,0.6989,0.6887,0.6666,0.6479,0.6226,0.6573,0.6453,0.6226,0.6447,0.6472,0.6575,0.6302,0.6152,0.6359,0.6388,0.6128,0.6128,0.6725,0.3143,0.6642,0.6793,0.3143,0.6598,0.6798,0.6276,0.6816,0.665,0.6831,0.6778,0.6285,0.6276,0,0,0,0,0,v1.0.1,2025_12_22,312.75,315.3704,437.7699,301.2301,298.75,184.6917,184.3388,329.7769,326.931,445.7759,-7.392,-4.131,-0.0001,0,-0.2121,1.5636,-0.2112,1.562,0.6755,175.6201,174.6611,172.8711,174.6719,174.4561,0.7937,0.6761,0.8096,0.6836,0.6761,0.7518,0.6371,0.7469,0.6564,0.6371,0.7832,0.7676,0.7628,0.6881,0.6881,0.7216,0,0.7237,0.712,0.712,0,0,0,0,0,v1.0.1,2025_12_22,312.7736,315.2642,438.5714,300.9196,298.6885,183.7869,183.3443,329.8279,326.931,446.5776,-7.4382,-4.2248,-0.0001,0,-0.213,1.5636,-0.2115,1.5629,0.6755,148.165,143.5547,142.7773,145.6836,145.0452,0.6559,0.5734,0.6578,0.6001,0.5734,0.6237,0.5624,0.6378,0.5792,0.5624,0.6291,0.6295,0.6415,0.6101,0.6101,0.5782,0.4895,0.5832,0.5843,0.4895,0,0,0,0,0,0.0003,-0.0789,0.0033,-0.0345,-0.035,-0.003,-0.0809,0.0039,-0.0302,-0.0302,0.0084,0.0052,-0.0033,-0.0049,-0.102,-0.0917,-0.0065,-0.0679,0.0042,0.0161,-0.0039,-0.0466,0.0045,-0.0267,-0.0145,-0.0217,-0.0614,-0.0002,-0.0214,-0.0349,-0.0039,-0.0137,-0.0081,-0.0116,-0.056,-0.0258,-0.0179,-0.0182,-0.0081,-0.0131,0.0146,-0.134,0.0141,-0.1099,-0.103,0.0175,-0.1397,-0.0025,-0.0875,-0.0972,0.0221,0.0074,0.0192,0.0018,-0.0046,0.0064,0.0009,-0.1039,-0.0072,-0.0752,-0.0816,-0.0125,-0.0852,0.0155,-0.0794,-0.0599,-0.0021,-0.0016,0.0057,0.0052,0.0052,0.003,0.0169,TRUE,TRUE
DTC_R_73,LanSi,1,CW_01,B,2026-03-24 13:58:07+08:00,ONLINE,FALSE,,CW_1_01,FAIL,SFR_VIS_25cm_Ny4_01F_ROI3;SFR_VIS_25cm_Ny4_01F_ROI4;SFR_VIS_25cm_Ny4_01F_Min;SFR_VIS_25cm_Ny4_03F_ROI5;SFR_VIS_25cm_Ny4_03F_ROI7;SFR_VIS_25cm_Ny4_03F_Min;SFR_VIS_25cm_Ny4_08F_ROI17;SFR_VIS_25cm_Ny4_08F_ROI19;IR_SFR_VIS_25cm_Ny4_01F_ROI1;IR_SFR_VIS_25cm_Ny4_01F_ROI2;IR_SFR_VIS_25cm_Ny4_01F_ROI3;IR_SFR_VIS_25cm_Ny4_01F_ROI4;IR_SFR_VIS_25cm_Ny4_01F_Min;IR_SFR_VIS_25cm_Ny4_03F_ROI5;IR_SFR_VIS_25cm_Ny4_03F_ROI7;IR_SFR_VIS_25cm_Ny4_03F_Min;IR_SFR_VIS_25cm_Ny4_08F_ROI17;IR_SFR_VIS_25cm_Ny4_08F_ROI19;SFR_VIS_25cm_Ny4_01F_ROI1_Dev;SFR_VIS_25cm_Ny4_01F_ROI2_Dev,sfr_25Algo,51.8361492,_2026032413580766901,T20260324135807,DESKTOP-P2DUL42,Loma,1,CW_1_01,1,paul di,2024.0718.155524,V20260126.2,CW_DTCL_DTCR_STC,T20260324135859,51.8361492,TRUE,TRUE,TRUE,TRUE,TRUE,TRUE,TRUE,4S2RND2HBL0DP6,v1.0.1,2025_12_22,314.8797,316.2105,474.7213,296.2377,295.1034,146.8138,149.2647,336.8676,335.2639,484.4306,-5.6534,-3.388,-0.0001,0,-0.2238,1.5541,-0.2236,1.5497,0.6641,147.0254,131.9824,130.5762,149.0098,139.6484,0.6872,0.7259,0.6491,0.6015,0.6015,0.5826,0.7152,0.5939,0.8126,0.5826,0.8096,0.8153,0.8079,0.8128,0.7688,0.7394,0.6992,0.7176,0.6992,0.6155,0.8003,0.5122,0.98,0.5122,0.8368,0.7723,0.7613,0.8215,0.8083,0.7694,0.7708,0.8476,0.7613,0,0,0,0,0,v1.0.1,2025_12_22,314.8309,316.2353,475.75,296.0455,295.0408,145.8367,148.0851,337.0851,335.4828,485.4552,-5.6621,-3.3684,-0.0001,0,-0.2243,1.5547,-0.2239,1.5488,0.6638,158.3223,153.5254,161.2129,161.7705,158.7078,0.4777,0.5794,0.5229,0.5665,0.4777,0.4229,0.6326,0.4554,0.6583,0.4229,0.6498,0.6558,0.6511,0.6594,0.6511,0.6338,0.5919,0.596,0.5919,0.42,0.6569,0.4355,0.4735,0.42,0.6582,0.6465,0.6386,0.6696,0.6776,0.6553,0.651,0.6759,0.6386,0,0,0,0,0,v1.0.1,2025_12_22,316.8776,327.8878,441.051,312.6939,302.315,195.0945,188.4,342.2957,331.5,456.5,-3.4713,7.3944,0,0.0001,-0.2212,1.5611,-0.2112,1.5571,0.6714,168.1328,153.1182,151.8457,171.9561,161.2632,0.6015,0.5743,0.5873,0.516,0.516,0.4754,0.6253,0.5138,0.6948,0.4754,0.7771,0.751,0.7433,0.7335,0.7335,0.5949,0.6655,0.4678,0,0.4678,0,0,0,0,0,v1.0.1,2025_12_22,316.8529,327.7059,442.0865,312.4808,302.1967,194.2295,187.4322,342.5254,331.5,457.4035,-3.4863,7.369,0,0.0001,-0.2205,1.5609,-0.2135,1.5578,0.6712,144.6396,139.8164,140.5615,143.4482,142.1165,0.4519,0.429,0.4959,0.5437,0.429,0.4074,0.5588,0.4285,0.574,0.4074,0.6353,0.619,0.6272,0.6288,0.619,0.402,0.5531,0.3295,0.5294,0.3295,0,0,0,0,0,-0.1764,-0.1484,-0.217,-0.2681,-0.2621,-0.2453,-0.0954,-0.2306,-0.008,-0.228,-0.0075,0.0053,-0.0007,0.0055,-0.0387,-0.0723,-0.0972,-0.1045,-0.224,-0.2894,-0.2317,-0.1321,-0.1868,-0.1628,-0.2317,-0.2502,-0.0486,-0.2088,-0.0157,-0.2413,-0.0088,-0.0023,-0.0075,-0.0096,-0.006,-0.029,-0.0388,-0.046,-0.2578,-0.2168,-0.1849,-0.2354,-0.2129,-0.2952,-0.2704,-0.2914,-0.1284,-0.2471,-0.0839,-0.2783,0.0263,-0.0035,0.0091,0.0057,-0.1566,-0.2664,-0.2002,-0.2193,-0.1711,-0.1286,-0.2193,-0.2336,-0.0832,-0.202,-0.0682,-0.2231,0.0056,-0.0153,-0.0083,0.0141,0.0043,-0.2044,-0.254,TRUE,TRUE
DTC_L_74,LanSi,1,CW_01,B,2026-03-24 13:59:50+08:00,ONLINE,FALSE,,CW_1_01,PASS,,,55.8141275,_2026032413595069602,T20260324135950,DESKTOP-P2DUL42,Loma,1,CW_1_01,2,paul di,2024.0718.155524,V20260126.2,CW_DTCL_DTCR_STC,T20260324140046,55.8141275,TRUE,TRUE,TRUE,TRUE,TRUE,TRUE,TRUE,4S2RND2HBL06DS,v1.0.1,2025_12_22,313.9416,322.927,473.8261,302.6667,294.6159,151.5364,147.9664,342.8255,333.0141,489.7113,-6.8272,2.4334,-0.0001,0,-0.2255,1.558,-0.2188,1.5564,0.6675,154.1064,150.2432,148.1416,153.1084,151.3999,0.8191,0.7931,0.8388,0.775,0.775,0.7747,0.7439,0.8017,0.7614,0.7439,0.8249,0.8175,0.8096,0.766,0.7586,0.7124,0.7696,0.7007,0.7007,0.8181,0.9586,0.7313,0.8382,0.7313,0.8482,0.7325,0.7445,0.8532,0.8461,0.823,0.7942,0.762,0.7325,0,0,0,0,0,v1.0.1,2025_12_22,313.9571,322.8929,475.0072,302.4029,294.457,150.5099,146.8255,342.9664,333.1489,490.695,-6.8209,2.3934,-0.0001,0,-0.226,1.5576,-0.219,1.5564,0.6672,161.3389,156.5381,162.4629,162.2139,160.6384,0.6836,0.6793,0.703,0.6854,0.6793,0.6525,0.6247,0.6596,0.6512,0.6247,0.6516,0.6416,0.6667,0.6224,0.6292,0.6291,0.643,0.6072,0.6072,0.6805,0.4727,0.6022,0.6896,0.4727,0.6535,0.6367,0.6078,0.6757,0.6718,0.6737,0.6826,0.6363,0.6078,0,0,0,0,0,v1.0.1,2025_12_22,312.1792,315.3208,437.1532,301.0901,298.3902,184.187,183.9508,330.0164,326.2917,445.9167,-7.907,-4.1938,-0.0001,0,-0.2129,1.5655,-0.2136,1.5626,0.6754,175.3555,174.3828,172.1543,174.666,174.1396,0.7756,0.6633,0.8017,0.6579,0.6579,0.7351,0.6365,0.7625,0.659,0.6365,0.7936,0.777,0.7542,0.6937,0.6937,0.7273,0,0.6851,0.7356,0.6851,0,0,0,0,0,v1.0.1,2025_12_22,312.1415,315.2453,437.9459,300.9459,298.3697,183.4622,183.0579,330.0331,326.4538,446.6303,-7.9062,-4.2367,-0.0001,0,-0.2127,1.5662,-0.2135,1.5618,0.6754,148.0771,142.8262,142.0703,145.8174,144.6978,0.6446,0.5815,0.6789,0.6042,0.5815,0.6206,0.5405,0.6222,0.5851,0.5405,0.6388,0.6509,0.6323,0.6063,0.6063,0.5815,0.512,0.5557,0.5795,0.512,0,0,0,0,0,-0.0053,-0.0724,-0.0022,-0.0466,-0.0466,-0.0102,-0.0824,-0.0023,-0.0068,-0.0243,0.0156,0.0072,0.0018,-0.0012,-0.0659,-0.0852,-0.0146,-0.0568,0.0075,-0.0817,0.0025,-0.0339,0.0086,-0.03,-0.0018,-0.0171,-0.0593,0.0021,-0.0155,-0.0328,0.003,-0.0193,0.0011,-0.0194,-0.042,-0.0326,-0.0137,-0.0238,-0.0001,-0.0751,-0.0035,-0.1468,0.0062,-0.1356,-0.1212,0.0008,-0.1403,0.0131,-0.0849,-0.0978,0.0325,0.0168,0.0106,0.0074,0.0011,-0.0322,-0.0104,-0.0958,0.0139,-0.0711,-0.0735,-0.0156,-0.1071,-0.0001,-0.0735,-0.0818,0.0076,0.0198,-0.0035,0.0014,0.0014,0.0063,-0.0106,TRUE,TRUE
DTC_R_74,LanSi,1,CW_01,C,2026-03-24 13:59:50+08:00,ONLINE,FALSE,,CW_1_01,PASS,,,56.0086073,_2026032413595053601,T20260324135950,DESKTOP-P2DUL42,Loma,1,CW_1_01,1,paul di,2024.0718.155524,V20260126.2,CW_DTCL_DTCR_STC,T20260324140046,56.0086073,TRUE,TRUE,TRUE,TRUE,TRUE,TRUE,TRUE,4S2RND2HBL0DP6,v1.0.1,2025_12_22,315.1739,317.6667,475.5,298,295.6573,149.1189,149.4362,338.0403,335.9664,485.4698,-5.1532,-1.8409,-0.0001,0,-0.2215,1.555,-0.2218,1.547,0.6647,155.7803,152.7158,152.3203,155.2832,154.0249,0.8648,0.7893,0.864,0.7769,0.7769,0.8217,0.7491,0.8141,0.7503,0.7491,0.8211,0.8184,0.8137,0.8092,0.7304,0.7401,0.7582,0.7599,0.7304,0.8326,0.7918,0.7936,0.98,0.7918,0.8404,0.7695,0.7577,0.8167,0.791,0.7247,0.8535,0.8457,0.7247,0,0,0,0,0,v1.0.1,2025_12_22,315.1606,317.6204,476.6148,297.8741,295.3605,148.0952,148.1918,338.1712,336,486.5,-5.2345,-1.8478,-0.0001,0,-0.2212,1.554,-0.2219,1.5475,0.6646,162.1846,157.2188,165.5127,164.7393,162.4138,0.7076,0.6663,0.7147,0.6656,0.6656,0.6747,0.641,0.6725,0.6371,0.6371,0.6497,0.6514,0.6504,0.6423,0.626,0.6524,0.6202,0.632,0.6202,0.6763,0.6535,0.6717,0.1302,0.1302,0.6469,0.6454,0.6499,0.6835,0.648,0.6246,0.6593,0.6677,0.6246,0,0,0,0,0,v1.0.1,2025_12_22,317.0476,328.819,441.9358,313.8165,302.5,197,188.4417,343.4167,331.8947,456.9474,-3.136,8.4999,0,0.0001,-0.219,1.5604,-0.2125,1.5549,0.6709,176.6211,176.0391,175.9521,177.1611,176.4434,0.8117,0.6511,0.8221,0.6364,0.6364,0.7682,0.6132,0.7724,0.6358,0.6132,0.7703,0.7761,0.7586,0.7504,0.7504,0.7518,0.6664,0.7312,0,0.6664,0,0,0,0,0,v1.0.1,2025_12_22,317.0481,328.875,442.7387,313.7838,302.4194,196.1452,187.5,343.5,331.9558,457.708,-3.1676,8.5024,0,0.0001,-0.219,1.5605,-0.2119,1.5551,0.6712,148.2031,143.3193,144.8311,145.7266,145.52,0.6669,0.5668,0.6725,0.5673,0.5668,0.6428,0.5532,0.6413,0.5518,0.5518,0.639,0.6443,0.6437,0.6376,0.6376,0.597,0.5266,0.5801,0.4272,0.4272,0,0,0,0,0,0.0012,-0.085,-0.0021,-0.0927,-0.0867,-0.0062,-0.0615,-0.0104,-0.0703,-0.0615,0.004,0.0084,0.0051,0.0019,-0.0771,-0.0716,-0.0382,-0.0622,-0.0069,-0.008,-0.0018,-0.0452,0.005,-0.0637,-0.0438,0.0016,-0.0402,0.0083,-0.0369,-0.0271,-0.0089,-0.0067,-0.0082,-0.0267,-0.0311,-0.0104,-0.0105,-0.01,-0.0015,0.0194,0.0253,-0.1586,0.0219,-0.1748,-0.15,0.0014,-0.1405,0.0115,-0.1429,-0.1405,0.0195,0.0216,0.0244,0.0226,0.0003,-0.003,0.0148,-0.0815,0.0055,-0.105,-0.0815,0.0018,-0.0888,0.0108,-0.0904,-0.0787,0.0093,0.01,0.0082,0.0229,0.0229,-0.0094,-0.0034,TRUE,TRUE
DTC_R_75,LanSi,1,CW_01,A,2026-03-24 14:03:23+08:00,ONLINE,FALSE,,CW_1_01,PASS,,,52.7685941,_2026032414032334501,T20260324140323,DESKTOP-P2DUL42,Loma,1,CW_1_01,1,paul di,2024.0718.155524,V20260126.2,CW_DTCL_DTCR_STC,T20260324140416,52.7685941,TRUE,TRUE,TRUE,TRUE,TRUE,TRUE,TRUE,4S2RND2HBL0DP6,v1.0.1,2025_12_22,315.0217,316.0435,475.2409,296.4015,295.2153,147.7361,149.1959,336.1824,335.7619,484.6054,-5.4129,-3.3062,-0.0001,0,-0.2215,1.5531,-0.2203,1.5479,0.6648,155.1602,152.1406,151.7568,154.875,153.4832,0.8684,0.7576,0.8787,0.7929,0.7576,0.818,0.7563,0.8131,0.7668,0.7563,0.817,0.8154,0.8055,0.8233,0.7271,0.7056,0.7779,0.7794,0.7056,0.8469,0.7961,0.7893,0.98,0.7893,0.8399,0.7705,0.7646,0.8304,0.792,0.7204,0.8315,0.8552,0.7204,0,0,0,0,0,v1.0.1,2025_12_22,315.0429,316.1071,476.2899,296.2826,295.137,146.7808,148.0408,336.3129,335.8993,485.6711,-5.418,-3.2691,-0.0001,0,-0.2218,1.5533,-0.2199,1.5479,0.6649,161.4824,156.1387,164.4414,163.9111,161.4934,0.7028,0.6434,0.712,0.6711,0.6434,0.685,0.6365,0.6685,0.6491,0.6365,0.6548,0.6532,0.655,0.6556,0.6148,0.6193,0.6298,0.6304,0.6148,0.6767,0.6574,0.6536,0.1581,0.1581,0.6506,0.6563,0.6487,0.6729,0.6388,0.6459,0.6358,0.6842,0.6358,0,0,0,0,0,v1.0.1,2025_12_22,317,327.5,441.7965,312.4425,302.4567,195.8819,188.4417,341.5833,331.8596,456,-3.1891,7.1815,0,0.0001,-0.2196,1.5602,-0.2086,1.5552,0.6718,175.8096,175.2334,175.3389,176.8232,175.8013,0.8081,0.5915,0.8141,0.643,0.5915,0.7746,0.6484,0.7795,0.67,0.6484,0.7513,0.7787,0.7497,0.7646,0.7497,0.7715,0.6565,0.7404,0,0.6565,0,0,0,0,0,v1.0.1,2025_12_22,317,327.6038,442.5702,312.4298,302.328,195.112,187.425,341.7333,331.9298,456.8684,-3.2494,7.2495,0,0.0001,-0.2197,1.56,-0.2081,1.5553,0.6719,147.3799,142.0479,143.8037,145.0537,144.5713,0.6667,0.526,0.686,0.5654,0.526,0.6369,0.5789,0.6456,0.5717,0.5717,0.6218,0.6298,0.6374,0.6325,0.6218,0.5947,0.5389,0.5743,0.4331,0.4331,0,0,0,0,0,0.0048,-0.1167,0.0126,-0.0767,-0.106,-0.0099,-0.0543,-0.0114,-0.0538,-0.0543,-0.0001,0.0054,-0.0031,0.016,-0.0804,-0.1061,-0.0185,-0.0427,0.0074,-0.0123,-0.0066,-0.0681,0.0023,-0.0582,-0.066,0.0119,-0.0447,0.0043,-0.0249,-0.0277,-0.0038,-0.0049,-0.0036,-0.0134,-0.0423,-0.0435,-0.0009,-0.0116,-0.0011,0.0013,0.0217,-0.2182,0.0139,-0.1682,-0.1949,0.0078,-0.1053,0.0186,-0.1087,-0.1053,0.0005,0.0242,0.0155,0.0368,0.02,0.0062,0.0146,-0.1223,0.019,-0.1069,-0.1223,-0.0041,-0.0631,0.0151,-0.0705,-0.0588,-0.0079,-0.0045,0.0019,0.0178,0.0071,-0.0117,-0.0092,TRUE,TRUE
DTC_L_75,LanSi,1,CW_01,C,2026-03-24 14:03:23+08:00,ONLINE,FALSE,,CW_1_01,PASS,,,52.6509112,_2026032414032350202,T20260324140323,DESKTOP-P2DUL42,Loma,1,CW_1_01,2,paul di,2024.0718.155524,V20260126.2,CW_DTCL_DTCR_STC,T20260324140416,52.6509112,TRUE,TRUE,TRUE,TRUE,TRUE,TRUE,TRUE,4S2RND2HBL06DS,v1.0.1,2025_12_22,314.0597,323.3358,474.2426,303.0441,294.6779,152.4161,148.0544,343.2381,333.3235,490.0368,-6.6284,2.9142,-0.0001,0,-0.2255,1.5574,-0.2188,1.5552,0.6671,154.3916,149.8867,148.1318,152.9932,151.3508,0.8237,0.7936,0.8456,0.7899,0.7899,0.7805,0.748,0.7979,0.7595,0.748,0.8133,0.8118,0.8102,0.7718,0.7352,0.7,0.7642,0.708,0.7,0.815,0.98,0.8132,0.8078,0.8078,0.8449,0.7898,0.7774,0.8411,0.8127,0.7966,0.7861,0.7835,0.7774,0,0,0,0,0,v1.0.1,2025_12_22,314.0935,323.4029,475.292,303,294.5592,151.375,146.9603,343.4768,333.5474,491.0073,-6.6095,2.9524,-0.0001,0,-0.2254,1.5572,-0.219,1.5547,0.6669,160.9736,157.2275,162.6943,161.4854,160.5952,0.6946,0.6678,0.6992,0.6833,0.6678,0.6586,0.6217,0.6609,0.6409,0.6217,0.6458,0.6522,0.663,0.6397,0.6195,0.6209,0.6383,0.6157,0.6157,0.6671,0.4468,0.6728,0.6639,0.4468,0.6641,0.6525,0.639,0.6799,0.6805,0.6722,0.6623,0.6236,0.6236,0,0,0,0,0,v1.0.1,2025_12_22,312.4771,315.6422,437.5739,301.5478,298.561,184.9024,184.122,330.4553,326.6525,446.2712,-7.6227,-3.7362,-0.0001,0,-0.2117,1.5642,-0.2144,1.5622,0.6751,175.3506,174.4258,172.3652,174.5186,174.165,0.7888,0.6714,0.8056,0.6697,0.6697,0.7456,0.6277,0.751,0.6778,0.6277,0.773,0.766,0.7577,0.6979,0.6979,0.7329,0,0.7301,0.7078,0.7078,0,0,0,0,0,v1.0.1,2025_12_22,312.4,315.5,438.4522,301.3826,298.5,184,183.2583,330.4583,326.6975,447.042,-7.6384,-3.8234,-0.0001,0,-0.211,1.565,-0.2148,1.562,0.6753,147.8145,143.3125,142.54,145.3633,144.7576,0.6515,0.5822,0.6748,0.6062,0.5822,0.6258,0.5388,0.6372,0.5847,0.5388,0.6428,0.6285,0.6441,0.6065,0.6065,0.588,0.516,0.5895,0.5649,0.516,0,0,0,0,0,-0.0007,-0.0719,0.0046,-0.0317,-0.0317,-0.0044,-0.0783,-0.0061,-0.0087,-0.0202,0.004,0.0015,0.0024,0.0046,-0.0893,-0.0976,-0.02,-0.0495,0.0044,0.0002,0.0135,-0.0454,0.0048,-0.0321,-0.0133,-0.011,-0.0623,0.0034,-0.0258,-0.0358,-0.0028,-0.0087,-0.0026,-0.0021,-0.0517,-0.0408,-0.0184,-0.0153,-0.0135,-0.0045,0.0097,-0.1387,0.0101,-0.1238,-0.1094,0.0113,-0.1491,0.0016,-0.0661,-0.1066,0.0119,0.0058,0.0141,0.0116,0.0067,0.0128,-0.0035,-0.0951,0.0098,-0.0691,-0.0728,-0.0104,-0.1088,0.0149,-0.0739,-0.0835,0.0116,-0.0026,0.0083,0.0016,0.0016,0.0128,0.0232,TRUE,TRUE
DTC_L_76,LanSi,1,CW_01,A,2026-03-24 14:05:13+08:00,ONLINE,FALSE,,CW_1_01,PASS,,,51.8428513,_2026032414051356502,T20260324140513,DESKTOP-P2DUL42,Loma,1,CW_1_01,2,paul di,2024.0718.155524,V20260126.2,CW_DTCL_DTCR_STC,T20260324140605,51.8428513,TRUE,TRUE,TRUE,TRUE,TRUE,TRUE,TRUE,4S2RND2HBL06DS,v1.0.1,2025_12_22,315.3235,321.9632,475.7574,300.9559,296.3467,150.3467,150,341.8581,334.7464,487.971,-5.0652,1.119,-0.0001,0,-0.2297,1.5602,-0.2192,1.5538,0.6663,155.1211,141.8018,149.2334,154.4316,150.147,0.8313,0.8018,0.8335,0.7974,0.7974,0.7762,0.7546,0.8089,0.7386,0.7386,0.8199,0.8079,0.8231,0.7452,0.7183,0.7214,0.7302,0.6675,0.6675,0.8214,0.1221,0.8044,0.7784,0.1221,0.8618,0.7332,0.7184,0.8394,0.8062,0.7543,0.7695,0.7633,0.7184,0,0,0,0,0,v1.0.1,2025_12_22,315.2536,321.971,476.8143,300.9143,296.2,149.3733,149,342,334.9571,489.1071,-5.055,1.1732,-0.0001,0,-0.2291,1.5603,-0.2194,1.5529,0.6662,160.6982,149.3369,162.333,161.5996,158.4919,0.6852,0.6861,0.701,0.694,0.6852,0.6517,0.6389,0.657,0.6455,0.6389,0.6432,0.645,0.6695,0.6264,0.6104,0.6433,0.6212,0.5775,0.5775,0.6804,0.5429,0.6751,0.6638,0.5429,0.6522,0.6271,0.5932,0.6821,0.6739,0.6494,0.6635,0.6267,0.5932,0,0,0,0,0,v1.0.1,2025_12_22,313.8208,314.3208,438.8624,299.6789,300.0598,182.9231,185.6911,329.0407,327.8793,444.6897,-6.2373,-5.3694,-0.0001,-0.0001,-0.216,1.5659,-0.2139,1.5629,0.6747,175.4609,164.2891,172.4053,174.6025,171.6895,0.783,0.6985,0.7871,0.6848,0.6848,0.737,0.6508,0.7526,0.6341,0.6341,0.7615,0.7597,0.7774,0.6271,0.6271,0.7232,0,0.7188,0.664,0.664,0,0,0,0,0,v1.0.1,2025_12_22,313.5943,314.1604,439.6174,299.5478,300,182.1026,184.7177,329.121,327.8534,445.4741,-6.3434,-5.4188,-0.0001,-0.0001,-0.2149,1.5677,-0.2151,1.5621,0.675,147.4512,136.4229,141.5898,145.165,142.6572,0.651,0.5912,0.6601,0.6097,0.5912,0.6264,0.5491,0.6303,0.5656,0.5491,0.631,0.6236,0.6437,0.5381,0.5381,0.5554,0.5123,0.5871,0.5628,0.5123,0,0,0,0,0,0.0069,-0.0637,-0.0075,-0.0242,-0.0242,-0.0087,-0.0717,0.0049,-0.0296,-0.0296,0.0106,-0.0024,0.0153,-0.022,-0.1062,-0.0762,-0.054,-0.09,0.0108,-0.0086,0.0041,-0.0271,0.0066,-0.0214,0.0041,-0.0179,-0.0451,-0.0005,-0.0212,-0.0186,-0.0054,-0.0159,0.0039,-0.0154,-0.0608,-0.0184,-0.0355,-0.0535,-0.0002,-0.0022,0.0039,-0.1116,-0.0084,-0.1087,-0.0943,0.0027,-0.126,0.0032,-0.1098,-0.1002,0.0004,-0.0005,0.0338,-0.0592,-0.003,0.0015,-0.004,-0.0861,-0.0049,-0.0656,-0.0638,-0.0098,-0.0985,0.008,-0.093,-0.0732,-0.0002,-0.0075,0.0079,-0.0668,-0.0668,-0.0198,0.0208,TRUE,TRUE
DTC_R_76,LanSi,1,CW_01,B,2026-03-24 14:05:13+08:00,ONLINE,FALSE,,CW_1_01,PASS,,,51.6244351,_2026032414051378301,T20260324140513,DESKTOP-P2DUL42,Loma,1,CW_1_01,1,paul di,2024.0718.155524,V20260126.2,CW_DTCL_DTCR_STC,T20260324140605,51.6244351,TRUE,TRUE,TRUE,TRUE,TRUE,TRUE,TRUE,4S2RND2HBL0DP6,v1.0.1,2025_12_22,315,316,474.7574,295.9118,295.1757,146.3514,149.3046,336.3311,335.3357,483.7857,-5.5853,-3.824,-0.0001,0,-0.2246,1.554,-0.2216,1.5497,0.6644,154.708,152.1826,151.5244,153.8643,153.0698,0.8682,0.8262,0.8712,0.8038,0.8038,0.8184,0.7655,0.8255,0.7227,0.7227,0.8178,0.8068,0.8085,0.8213,0.7486,0.7573,0.7565,0.6883,0.6883,0.842,0.8154,0.8101,0.98,0.8101,0.8374,0.7884,0.7777,0.8224,0.7944,0.8283,0.7509,0.8427,0.7509,0,0,0,0,0,v1.0.1,2025_12_22,315,316.0863,475.8467,295.8102,295.0608,145.4324,148.12,336.42,335.6154,484.7483,-5.5714,-3.8006,-0.0001,0,-0.2249,1.554,-0.2207,1.5487,0.6643,161.4355,155.1445,163.123,163.6963,160.8499,0.7055,0.6937,0.7106,0.6838,0.6838,0.6683,0.643,0.6724,0.6214,0.6214,0.646,0.6562,0.6581,0.6516,0.6296,0.6428,0.6016,0.594,0.594,0.6791,0.6722,0.6578,0.2939,0.2939,0.6619,0.6553,0.6628,0.6673,0.6603,0.6445,0.6434,0.6855,0.6434,0,0,0,0,0,v1.0.1,2025_12_22,317,327.5,441.3661,312.2232,302.2381,194.6667,188.2377,341.7213,331.4052,455.7414,-3.4506,6.8705,0,0.0001,-0.2217,1.5596,-0.2095,1.5584,0.6717,176.7559,176.5527,176.1357,177.3486,176.6982,0.8004,0.6934,0.814,0.6852,0.6852,0.7551,0.6583,0.7743,0.5938,0.5938,0.7663,0.7606,0.7468,0.7344,0.7344,0.7487,0.6717,0.7086,0,0.6717,0,0,0,0,0,v1.0.1,2025_12_22,316.9813,327.5514,442.1284,312.1284,302.176,193.96,187.4113,341.9032,331.5,456.5965,-3.4606,6.9279,0,0.0001,-0.2221,1.5599,-0.2098,1.5582,0.6716,147.0156,140.9365,142.4775,144.6133,143.7607,0.6694,0.595,0.6858,0.5849,0.5849,0.6468,0.5831,0.6427,0.524,0.524,0.6289,0.6298,0.6385,0.6259,0.6259,0.5827,0.5465,0.5733,0.4501,0.4501,0,0,0,0,0,0.0046,-0.0481,0.0051,-0.0658,-0.0598,-0.0095,-0.0451,0.001,-0.0979,-0.0879,0.0007,-0.0032,-0.0001,0.014,-0.0589,-0.0544,-0.0399,-0.1338,0.0025,0.0085,-0.0039,-0.0178,0.0009,-0.0455,-0.0256,-0.0048,-0.0382,0.0082,-0.0526,-0.0428,-0.0126,-0.0019,-0.0005,-0.0174,-0.0275,-0.02,-0.0291,-0.048,0.0013,0.0055,0.014,-0.1163,0.0138,-0.126,-0.1012,-0.0117,-0.0954,0.0134,-0.1849,-0.1599,0.0155,0.0061,0.0126,0.0066,-0.0028,-0.0256,0.0173,-0.0533,0.0188,-0.0874,-0.0634,0.0058,-0.0589,0.0122,-0.1182,-0.1065,-0.0008,-0.0045,0.003,0.0112,0.0112,-0.0237,-0.0102,TRUE,TRUE
DTC_L_77,LanSi,1,CW_01,B,2026-03-24 14:10:35+08:00,ONLINE,FALSE,,CW_1_01,PASS,,,51.6859031,_2026032414103541002,T20260324141035,DESKTOP-P2DUL42,Loma,1,CW_1_01,2,paul di,2024.0718.155524,V20260126.2,CW_DTCL_DTCR_STC,T20260324141127,51.6859031,TRUE,TRUE,TRUE,TRUE,TRUE,TRUE,TRUE,4S2RND2HBL06DS,v1.0.1,2025_12_22,314.1691,322.2353,474.2612,301.9701,294.8041,151.3784,148.2973,342.0608,333.3704,489.0444,-6.5196,1.8378,-0.0001,0,-0.2254,1.5574,-0.2184,1.5557,0.6673,155.1816,151.1465,149.1104,154.0889,152.3818,0.8122,0.8092,0.8394,0.8079,0.8079,0.7859,0.7544,0.7947,0.7574,0.7544,0.8187,0.7974,0.8195,0.7758,0.7418,0.7352,0.7636,0.7015,0.7015,0.8119,0.98,0.8188,0.8205,0.8119,0.849,0.7494,0.7575,0.8408,0.8239,0.8287,0.8068,0.7739,0.7494,0,0,0,0,0,v1.0.1,2025_12_22,314.1679,322.2847,475.4851,301.9627,294.5592,150.375,147.2303,342.2632,333.5956,489.9926,-6.4924,1.8756,-0.0001,0,-0.2248,1.5567,-0.2186,1.555,0.6671,161.5615,156.8867,163.0078,162.1719,160.907,0.6748,0.6861,0.7024,0.7055,0.6748,0.6575,0.6353,0.6568,0.6544,0.6353,0.6446,0.6626,0.6659,0.637,0.6331,0.6272,0.6363,0.6134,0.6134,0.6789,0.4149,0.6734,0.6925,0.4149,0.6503,0.6414,0.6114,0.6768,0.6829,0.6791,0.6816,0.6368,0.6114,0,0,0,0,0,v1.0.1,2025_12_22,312.7664,314.6822,437.6174,300.4522,298.623,183.7623,184.2358,329.2276,326.7395,445.1849,-7.5036,-4.8382,-0.0001,0,-0.213,1.5627,-0.2122,1.5636,0.6753,175.6895,174.4072,172.3613,174.7402,174.2996,0.7914,0.6926,0.8033,0.681,0.681,0.741,0.6473,0.7516,0.6709,0.6473,0.7754,0.7681,0.7627,0.7057,0.7057,0.7198,0,0.715,0.718,0.715,0,0,0,0,0,v1.0.1,2025_12_22,312.6972,314.6239,438.5478,300.3826,298.5285,182.9593,183.395,329.395,326.7899,446.0756,-7.5083,-4.8127,-0.0001,0,-0.2122,1.5631,-0.2132,1.5635,0.6753,148.3926,143.1582,142.46,146.0479,145.0146,0.6475,0.5931,0.6716,0.6116,0.5931,0.6161,0.5708,0.6259,0.583,0.5708,0.6366,0.6167,0.6431,0.6061,0.6061,0.5799,0.5091,0.5823,0.5617,0.5091,0,0,0,0,0,-0.0122,-0.0563,-0.0016,-0.0137,-0.0137,0.001,-0.0719,-0.0093,-0.0108,-0.0138,0.0094,-0.0129,0.0117,0.0086,-0.0827,-0.0624,-0.0206,-0.056,0.0013,0.0058,-0.0063,-0.0271,0.008,-0.0099,-0.0063,-0.0121,-0.0487,-0.0007,-0.0123,-0.0222,-0.004,0.0017,0.0003,-0.0048,-0.0381,-0.0345,-0.0204,-0.0176,-0.0017,-0.0039,0.0123,-0.1175,0.0078,-0.1125,-0.0981,0.0067,-0.1295,0.0022,-0.073,-0.087,0.0143,0.0079,0.0191,0.0194,-0.0064,-0.0023,-0.0075,-0.0842,0.0066,-0.0637,-0.0619,-0.0201,-0.0768,0.0036,-0.0756,-0.0515,0.0054,-0.0144,0.0073,0.0012,0.0012,0.0047,0.016,TRUE,TRUE
DTC_R_77,LanSi,1,CW_01,C,2026-03-24 14:10:35+08:00,ONLINE,FALSE,,CW_1_01,PASS,,,51.550266,_2026032414103557201,T20260324141035,DESKTOP-P2DUL42,Loma,1,CW_1_01,1,paul di,2024.0718.155524,V20260126.2,CW_DTCL_DTCR_STC,T20260324141127,51.550266,TRUE,TRUE,TRUE,TRUE,TRUE,TRUE,TRUE,4S2RND2HBL0DP6,v1.0.1,2025_12_22,315.1912,317.0956,475.7007,297.365,295.5616,148.5548,149.5101,337.3691,335.9669,485.6159,-5.1139,-2.2999,-0.0001,0,-0.2218,1.5543,-0.2212,1.5476,0.6647,155.1406,152.2617,151.959,154.7432,153.5261,0.8674,0.787,0.8734,0.7606,0.7606,0.8124,0.7508,0.822,0.7643,0.7508,0.8068,0.8148,0.8054,0.8083,0.7249,0.732,0.7827,0.7891,0.7249,0.8476,0.7906,0.8038,0.4625,0.4625,0.8388,0.7416,0.7516,0.8159,0.7868,0.7396,0.8128,0.8446,0.7396,0,0,0,0,0,v1.0.1,2025_12_22,315.1071,317.0429,476.708,297.2336,295.4122,147.5,148.3087,337.4564,336.0199,486.543,-5.1888,-2.3448,-0.0001,0,-0.2215,1.5546,-0.2213,1.5475,0.6649,162.8115,157.498,166.0049,165.2158,162.8826,0.7038,0.6717,0.7181,0.6718,0.6717,0.6892,0.6408,0.6743,0.6429,0.6408,0.6616,0.6756,0.664,0.6516,0.6375,0.6267,0.6139,0.6343,0.6139,0.6776,0.6545,0.6549,0.1115,0.1115,0.6439,0.6353,0.6372,0.6732,0.6362,0.5539,0.6391,0.6857,0.5539,0,0,0,0,0,v1.0.1,2025_12_22,317.0556,328.4074,442.0811,313.3333,302.5794,196.5556,188.5,342.5,331.9211,456.6667,-3.0726,7.9926,0,0.0001,-0.2195,1.5609,-0.2087,1.5549,0.6719,176.8799,176.2656,176.5479,177.8818,176.8938,0.8062,0.6205,0.8187,0.6225,0.6205,0.7755,0.6154,0.7724,0.662,0.6154,0.7742,0.7805,0.7502,0.7549,0.7502,0.755,0.6728,0.7214,0,0.6728,0,0,0,0,0,v1.0.1,2025_12_22,317.0476,328.3714,442.8364,313.2364,302.4921,195.8492,187.5833,342.6583,331.9375,457.4107,-3.1206,8.0052,0,0.0001,-0.2192,1.5609,-0.2094,1.5554,0.6719,148.2988,143.0869,144.8633,145.8867,145.5339,0.6576,0.5538,0.682,0.554,0.5538,0.6597,0.5529,0.6406,0.5676,0.5529,0.6306,0.644,0.6402,0.6272,0.6272,0.5939,0.5397,0.5776,0.3563,0.3563,0,0,0,0,0,0.0038,-0.0873,0.0073,-0.109,-0.103,-0.0155,-0.0598,-0.0025,-0.0563,-0.0598,-0.0103,0.0048,-0.0032,0.001,-0.0826,-0.0797,-0.0137,-0.033,0.0081,0.0022,-0.0056,-0.0398,0.0084,-0.0575,-0.0377,0.0161,-0.0404,0.0101,-0.0311,-0.0234,0.003,0.0175,0.0054,-0.0174,-0.0196,-0.0361,-0.0168,-0.0077,-0.0002,0.0026,0.0198,-0.1892,0.0185,-0.1887,-0.1659,0.0087,-0.1383,0.0115,-0.1167,-0.1383,0.0234,0.026,0.016,0.0271,0.0035,-0.0128,0.0055,-0.0945,0.015,-0.1183,-0.0945,0.0187,-0.0891,0.0101,-0.0746,-0.0776,0.0009,0.0097,0.0047,0.0125,0.0125,-0.0125,-0.0059,TRUE,TRUE
DTC_L_78,LanSi,1,CW_01,C,2026-03-24 14:12:32+08:00,ONLINE,FALSE,,CW_1_01,PASS,,,52.1021605,_2026032414123283302,T20260324141232,DESKTOP-P2DUL42,Loma,1,CW_1_01,2,paul di,2024.0718.155524,V20260126.2,CW_DTCL_DTCR_STC,T20260324141324,52.1021605,TRUE,TRUE,TRUE,TRUE,TRUE,TRUE,TRUE,4S2RND2HBL06DS,v1.0.1,2025_12_22,315.2222,320.8667,475.7536,299.6812,296.2333,149.3733,149.9195,340.604,334.6296,486.9556,-5.1483,-0.0039,-0.0001,0,-0.2307,1.56,-0.2183,1.554,0.6662,154.0771,148.9248,146.4736,152.1055,150.3953,0.8347,0.8071,0.8427,0.7922,0.7922,0.796,0.7598,0.7976,0.7554,0.7554,0.8167,0.8157,0.812,0.7588,0.7202,0.7298,0.7342,0.7106,0.7106,0.8178,0.98,0.8154,0.7748,0.7748,0.8439,0.7509,0.6945,0.8468,0.8264,0.7774,0.782,0.7701,0.6945,0,0,0,0,0,v1.0.1,2025_12_22,315.1643,320.9714,476.8345,299.6187,296.1169,148.5,148.7823,340.7891,334.7464,487.971,-5.1711,0.0701,-0.0001,0,-0.2308,1.5603,-0.218,1.5536,0.6663,161.2012,156.1699,161.8662,161.6494,160.2217,0.6899,0.6832,0.6979,0.698,0.6832,0.6658,0.6303,0.6563,0.6563,0.6303,0.6437,0.652,0.6648,0.6472,0.6139,0.6294,0.642,0.6077,0.6077,0.6759,0.4431,0.6762,0.6549,0.4431,0.6531,0.6278,0.5709,0.6749,0.6726,0.6525,0.6713,0.6498,0.5709,0,0,0,0,0,v1.0.1,2025_12_22,313.7664,313.3178,438.8649,298.5676,300,182,185.5785,327.7851,327.8261,443.5391,-6.2928,-6.4581,-0.0001,-0.0001,-0.2169,1.5658,-0.2119,1.5627,0.675,174.4102,172.3984,169.5312,172.8193,172.2898,0.785,0.6881,0.799,0.6658,0.6658,0.7522,0.6389,0.7549,0.6493,0.6389,0.762,0.7557,0.7579,0.6913,0.6913,0.7271,0,0.7297,0.6386,0.6386,0,0,0,0,0,v1.0.1,2025_12_22,313.566,313.1981,439.6174,298.4522,299.9487,181.265,184.6525,327.9068,327.8142,444.4513,-6.3802,-6.4453,-0.0001,-0.0001,-0.2159,1.5674,-0.2131,1.5621,0.6751,148.3027,142.873,141.6055,145.3408,144.5305,0.6641,0.5742,0.689,0.6006,0.5742,0.6222,0.5576,0.6272,0.572,0.5576,0.6302,0.6262,0.6385,0.6051,0.6051,0.5823,0.5127,0.5756,0.5394,0.5127,0,0,0,0,0,0.0103,-0.0584,0.0017,-0.0294,-0.0294,0.0111,-0.0665,-0.0064,-0.0128,-0.0128,0.0074,0.0054,0.0042,-0.0084,-0.1043,-0.0678,-0.05,-0.0469,0.0072,0.0024,0.0088,-0.03,0.0035,-0.0174,0.0021,-0.0038,-0.0537,-0.0012,-0.0104,-0.0272,-0.0049,-0.0089,-0.0008,0.0054,-0.0573,-0.0323,-0.0147,-0.0233,-0.0047,-0.0011,0.0059,-0.122,0.0035,-0.1277,-0.1133,0.0179,-0.1379,0.0055,-0.0946,-0.0954,0.0009,-0.0045,0.0143,0.005,0.0009,0.0124,0.0091,-0.1031,0.024,-0.0747,-0.0808,-0.014,-0.09,0.0049,-0.0866,-0.0647,-0.001,-0.0049,0.0027,0.0002,0.0002,0.0071,0.0093,TRUE,TRUE
DTC_R_78,LanSi,1,CW_01,A,2026-03-24 14:12:33+08:00,ONLINE,FALSE,,CW_1_01,PASS,,,51.9146623,_2026032414123305701,T20260324141233,DESKTOP-P2DUL42,Loma,1,CW_1_01,1,paul di,2024.0718.155524,V20260126.2,CW_DTCL_DTCR_STC,T20260324141324,51.9146623,TRUE,TRUE,TRUE,TRUE,TRUE,TRUE,TRUE,4S2RND2HBL0DP6,v1.0.1,2025_12_22,315.0217,315.9565,475.2647,296.1103,295.2828,147.6138,149.0897,335.9793,335.8874,485.3444,-5.3907,-3.2991,-0.0001,0,-0.2227,1.5536,-0.2196,1.5477,0.6647,154.416,152.6143,152.082,154.1504,153.3157,0.8562,0.7656,0.8703,0.812,0.7656,0.8219,0.7361,0.8146,0.7895,0.7361,0.8175,0.8198,0.7981,0.8103,0.7235,0.7071,0.7973,0.7757,0.7071,0.8442,0.8024,0.8057,0.9148,0.8024,0.8361,0.7427,0.772,0.8304,0.7995,0.7371,0.8308,0.849,0.7371,0,0,0,0,0,v1.0.1,2025_12_22,315,315.9137,476.3235,296.0368,295.1565,146.6054,148,336,336,486.4145,-5.404,-3.3059,-0.0001,0,-0.2221,1.5536,-0.2192,1.5477,0.665,161.1426,153.8154,162.1221,163.2988,160.0947,0.7035,0.6627,0.7177,0.6867,0.6627,0.6776,0.6336,0.6741,0.6576,0.6336,0.6572,0.6482,0.659,0.6554,0.6234,0.6272,0.6243,0.6444,0.6234,0.6929,0.6532,0.6627,0.0741,0.0741,0.6525,0.6383,0.6469,0.6782,0.6539,0.6251,0.6396,0.6772,0.6251,0,0,0,0,0,v1.0.1,2025_12_22,316.9151,327.3302,441.6875,312.1161,302.2756,195.5512,188.1983,341.3884,331.7565,456.3652,-3.3334,7.0502,0,0.0001,-0.2208,1.5596,-0.2083,1.5558,0.6716,176.6826,177.1523,177.1982,177.6406,177.1685,0.8178,0.6204,0.822,0.6765,0.6204,0.7666,0.6088,0.7804,0.6745,0.6088,0.7765,0.7763,0.755,0.7332,0.7332,0.7441,0.6653,0.7417,0,0.6653,0,0,0,0,0,v1.0.1,2025_12_22,316.9626,327.3551,442.5495,312.1982,302.24,194.72,187.4628,341.4628,331.9569,457.1293,-3.2656,7.0731,0,0.0001,-0.2196,1.5597,-0.208,1.5552,0.6718,146.8154,139.7949,141.5654,144.5898,143.1914,0.6586,0.55,0.6832,0.5968,0.55,0.6504,0.5369,0.6396,0.5825,0.5369,0.639,0.6474,0.6367,0.6318,0.6318,0.5941,0.5482,0.586,0.3449,0.3449,0,0,0,0,0,-0.0074,-0.1087,0.0042,-0.0576,-0.098,-0.006,-0.0745,-0.0099,-0.0311,-0.0745,0.0004,0.0098,-0.0105,0.003,-0.084,-0.1046,0.0009,-0.0464,0.0047,0.0041,-0.0059,-0.0488,0.008,-0.0426,-0.0467,0.0045,-0.0476,0.0099,-0.0164,-0.0306,-0.0014,-0.0099,0.0004,-0.0136,-0.0337,-0.0356,-0.0064,0.0024,0.0151,0.0104,0.0314,-0.1893,0.0218,-0.1347,-0.166,-0.0002,-0.1449,0.0195,-0.1042,-0.1449,0.0257,0.0218,0.0208,0.0054,-0.0074,0.0075,0.0065,-0.0983,0.0162,-0.0755,-0.0983,0.0094,-0.1051,0.0091,-0.0597,-0.0936,0.0093,0.0131,0.0012,0.0171,0.0171,-0.0123,0.0025,TRUE,TRUE
DTC_L_79,LanSi,1,CW_01,A,2026-03-24 14:14:14+08:00,ONLINE,FALSE,,CW_1_01,PASS,,,52.8874173,_2026032414141439502,T20260324141414,DESKTOP-P2DUL42,Loma,1,CW_1_01,2,paul di,2024.0718.155524,V20260126.2,CW_DTCL_DTCR_STC,T20260324141507,52.8874173,TRUE,TRUE,TRUE,TRUE,TRUE,TRUE,TRUE,4S2RND2HBL06DS,v1.0.1,2025_12_22,315.1691,322.2353,475.4741,301.363,296.2148,151.3289,149.7823,342.2109,334.6765,487.9632,-5.2367,1.5202,-0.0001,0,-0.229,1.5598,-0.2197,1.5531,0.6661,154.0664,150.1055,148.0723,153.3594,151.4009,0.8327,0.8087,0.8481,0.79,0.79,0.7956,0.7718,0.797,0.7439,0.7439,0.8165,0.8159,0.8113,0.7636,0.7372,0.7237,0.7491,0.7056,0.7056,0.8132,0.98,0.8283,0.7722,0.7722,0.8478,0.7654,0.7337,0.8169,0.8126,0.776,0.7597,0.7687,0.7337,0,0,0,0,0,v1.0.1,2025_12_22,315.1533,322.1898,476.6522,301.3333,296.0608,150.4324,148.5867,342.3867,334.7464,488.971,-5.2601,1.5626,-0.0001,0,-0.2279,1.5596,-0.2201,1.5533,0.6662,161.3066,156.9502,162.9092,162.1953,160.8403,0.6884,0.6805,0.6989,0.6961,0.6805,0.6657,0.6355,0.65,0.6531,0.6355,0.6446,0.6592,0.6528,0.627,0.6208,0.6223,0.6365,0.6094,0.6094,0.6726,0.4538,0.6794,0.6542,0.4538,0.6524,0.6538,0.6004,0.6788,0.6736,0.6604,0.6693,0.6345,0.6004,0,0,0,0,0,v1.0.1,2025_12_22,313.729,314.5794,438.7117,300.1532,299.9661,183.8559,185.5378,329.3697,327.7565,444.6696,-6.3598,-4.9744,-0.0001,0,-0.2144,1.5654,-0.2144,1.5629,0.6749,175.9668,174.8311,172.626,175.1445,174.6421,0.7946,0.6924,0.8019,0.6815,0.6815,0.7452,0.6588,0.7557,0.6493,0.6493,0.7771,0.7631,0.7557,0.6943,0.6943,0.7249,0,0.7142,0.6582,0.6582,0,0,0,0,0,v1.0.1,2025_12_22,313.5909,314.5455,439.4732,300.0982,299.8487,182.8992,184.5372,329.4628,327.6897,445.5,-6.4721,-4.9989,-0.0001,0,-0.2138,1.5663,-0.2146,1.563,0.6752,148.2275,143.5146,142.3496,145.8545,144.9866,0.6632,0.5882,0.6783,0.6167,0.5882,0.6417,0.5703,0.6274,0.5777,0.5703,0.6292,0.6193,0.6311,0.5975,0.5975,0.581,0.516,0.591,0.555,0.516,0,0,0,0,0,0.0083,-0.0568,0.0071,-0.0316,-0.0316,0.0107,-0.0545,-0.007,-0.0243,-0.0243,0.0072,0.0056,0.0035,-0.0036,-0.0873,-0.0739,-0.0351,-0.0519,0.0026,0.0153,0.0073,-0.0327,0.0045,-0.0193,-0.0006,-0.0039,-0.0485,-0.0075,-0.0136,-0.022,-0.004,-0.0017,-0.0128,-0.0148,-0.0504,-0.0394,-0.0202,-0.0216,-0.008,0.0021,0.0155,-0.1177,0.0064,-0.112,-0.0976,0.0109,-0.118,0.0063,-0.0946,-0.085,0.016,0.0029,0.0121,0.008,-0.0013,-0.0031,0.0082,-0.0891,0.0133,-0.0586,-0.0668,0.0055,-0.0773,0.0051,-0.0809,-0.052,-0.002,-0.0118,-0.0047,-0.0074,-0.0074,0.0058,0.0247,TRUE,TRUE
DTC_R_79,LanSi,1,CW_01,B,2026-03-24 14:14:14+08:00,ONLINE,FALSE,,CW_1_01,PASS,,,53.2689368,_2026032414141421501,T20260324141414,DESKTOP-P2DUL42,Loma,1,CW_1_01,1,paul di,2024.0718.155524,V20260126.2,CW_DTCL_DTCR_STC,T20260324141507,53.2689368,TRUE,TRUE,TRUE,TRUE,TRUE,TRUE,TRUE,4S2RND2HBL0DP6,v1.0.1,2025_12_22,315.1493,316.1716,475.2538,296.4231,295.1793,147.7655,149.2098,336.035,335.9272,485.5298,-5.3561,-3.115,-0.0001,0,-0.2222,1.5522,-0.2186,1.5482,0.6649,155.7881,152.957,152.791,155.3271,154.2158,0.8603,0.8127,0.8717,0.7976,0.7976,0.8152,0.7377,0.8093,0.7926,0.7377,0.8177,0.7975,0.8045,0.8237,0.7221,0.7052,0.8098,0.7851,0.7052,0.8324,0.8318,0.8034,0.5446,0.5446,0.845,0.7795,0.7738,0.8096,0.7965,0.5658,0.8309,0.8325,0.5658,0,0,0,0,0,v1.0.1,2025_12_22,315.087,316.1884,476.3284,296.1642,295.0616,146.7945,148.042,336.1538,335.9804,486.5425,-5.4001,-3.1313,-0.0001,0,-0.223,1.5526,-0.2184,1.5482,0.6648,161.7432,155.3271,164.0215,163.9561,161.262,0.7035,0.6961,0.7093,0.6914,0.6914,0.6744,0.6354,0.6631,0.6664,0.6354,0.6489,0.6448,0.6528,0.6524,0.6222,0.6155,0.6211,0.6357,0.6155,0.6791,0.676,0.669,0.1528,0.1528,0.6435,0.6306,0.6447,0.6726,0.6225,0.5453,0.6439,0.6703,0.5453,0,0,0,0,0,v1.0.1,2025_12_22,316.9151,327.3302,441.6348,312.3304,302.3333,195.8413,188.3417,341.4417,331.6897,456.5,-3.3171,7.1887,0,0.0001,-0.2192,1.5598,-0.2088,1.5564,0.6721,176.4639,175.9961,176.5312,177.5391,176.6326,0.8038,0.6422,0.8242,0.6882,0.6422,0.7679,0.6075,0.7744,0.6973,0.6075,0.7696,0.771,0.7409,0.7404,0.7404,0.7444,0.6474,0.7328,0,0.6474,0,0,0,0,0,v1.0.1,2025_12_22,317,327.3962,442.5405,312.2883,302.248,195.032,187.4153,341.6525,331.7913,457.3826,-3.301,7.2503,0,0.0001,-0.2193,1.5593,-0.2091,1.557,0.672,147.25,140.9199,143.1738,145.0566,144.1001,0.663,0.5536,0.6734,0.5871,0.5536,0.6364,0.533,0.6437,0.5926,0.533,0.6292,0.6388,0.6322,0.6328,0.6292,0.6028,0.5406,0.5708,0.2136,0.2136,0,0,0,0,0,-0.0033,-0.0616,0.0056,-0.072,-0.066,-0.0127,-0.0729,-0.0152,-0.028,-0.0729,0.0006,-0.0125,-0.0041,0.0164,-0.0854,-0.1065,0.0134,-0.037,-0.0071,0.0018,-0.0059,-0.0154,-0.0004,-0.0379,-0.018,0.0013,-0.0458,-0.0011,-0.0076,-0.0288,-0.0097,-0.0133,-0.0058,-0.0166,-0.0349,-0.0473,-0.0096,-0.0063,0.0013,0.0167,0.0174,-0.1675,0.024,-0.123,-0.1442,0.0011,-0.1462,0.0135,-0.0814,-0.1462,0.0188,0.0165,0.0067,0.0126,-0.0071,-0.0014,0.0109,-0.0947,0.0064,-0.0852,-0.0947,-0.0046,-0.109,0.0132,-0.0496,-0.0975,-0.0005,0.0045,-0.0033,0.0181,0.0145,-0.0036,-0.0127,TRUE,TRUE
DTC_R_80,LanSi,1,CW_01,C,2026-03-24 14:15:57+08:00,ONLINE,FALSE,,CW_1_01,PASS,,,52.4942091,_2026032414155761401,T20260324141557,DESKTOP-P2DUL42,Loma,1,CW_1_01,1,paul di,2024.0718.155524,V20260126.2,CW_DTCL_DTCR_STC,T20260324141650,52.4942091,TRUE,TRUE,TRUE,TRUE,TRUE,TRUE,TRUE,4S2RND2HBL0DP6,v1.0.1,2025_12_22,315,316.9137,474.8309,296.7647,295.1544,147.2617,149.3467,337.2333,335.3916,484.5455,-5.5553,-2.9562,-0.0001,0,-0.2249,1.5538,-0.2215,1.5492,0.6642,155.4463,152.0352,151.8662,155.0361,153.5959,0.868,0.8388,0.8827,0.8324,0.8324,0.8224,0.7558,0.8204,0.7687,0.7558,0.8159,0.8018,0.8217,0.8205,0.7601,0.7416,0.7395,0.7025,0.7025,0.8451,0.792,0.8148,0.98,0.792,0.852,0.7646,0.7722,0.8145,0.8041,0.842,0.7234,0.8469,0.7234,0,0,0,0,0,v1.0.1,2025_12_22,314.9571,316.8929,475.8345,296.6187,295.102,146.2381,148.26,337.3267,335.5,485.5,-5.5693,-2.9847,-0.0001,0,-0.2248,1.5545,-0.2215,1.549,0.6643,162.1514,156.5078,165.4854,164.4375,162.1455,0.698,0.6958,0.7215,0.6899,0.6899,0.6771,0.6432,0.6682,0.6463,0.6432,0.6518,0.6515,0.6592,0.6536,0.6374,0.638,0.5979,0.6044,0.5979,0.6962,0.6558,0.6694,0.2741,0.2741,0.6536,0.6487,0.6636,0.6707,0.6756,0.6403,0.6373,0.6947,0.6373,0,0,0,0,0,v1.0.1,2025_12_22,316.9626,328.3551,441.4018,313.0179,302.336,195.368,188.5,342.5738,331.5,456.5965,-3.3599,7.6823,0,0.0001,-0.2221,1.5607,-0.2097,1.5574,0.6716,176.3701,175.0742,175.2363,176.8291,175.8774,0.7953,0.7036,0.817,0.7051,0.7036,0.7615,0.6503,0.7777,0.6352,0.6352,0.7644,0.7659,0.7562,0.7483,0.7483,0.7494,0.6833,0.7445,0,0.6833,0,0,0,0,0,v1.0.1,2025_12_22,316.9626,328.3551,442.2883,313.045,302.2439,194.813,187.5,342.6667,331.5217,457.5478,-3.3967,7.7855,0,0.0001,-0.221,1.5605,-0.2096,1.5581,0.672,147.8623,142.4824,144.6719,145.4434,145.115,0.667,0.6083,0.6759,0.6063,0.6063,0.6419,0.57,0.6439,0.5479,0.5479,0.6366,0.6393,0.6269,0.6265,0.6265,0.5761,0.5489,0.5799,0.4481,0.4481,0,0,0,0,0,0.0044,-0.0355,0.0166,-0.0372,-0.0312,-0.0055,-0.0548,-0.0041,-0.0519,-0.0548,-0.0012,-0.0082,0.0131,0.0132,-0.0474,-0.0701,-0.0569,-0.1196,0.0056,0.0132,-0.0114,-0.0157,0.0118,-0.0394,-0.0195,0.004,-0.038,0.004,-0.0277,-0.021,-0.0068,-0.0066,0.0006,-0.0154,-0.0197,-0.0248,-0.0328,-0.0376,0.0184,0.0171,0.0089,-0.1061,0.0168,-0.1061,-0.0828,-0.0053,-0.1034,0.0168,-0.1435,-0.1185,0.0136,0.0114,0.022,0.0205,-0.0021,0.0103,0.0149,-0.04,0.0089,-0.066,-0.042,0.0009,-0.072,0.0134,-0.0943,-0.0826,0.0069,0.005,-0.0086,0.0118,0.0118,-0.0303,-0.0036,TRUE,TRUE
DTC_L_80,LanSi,1,CW_01,B,2026-03-24 14:15:57+08:00,ONLINE,FALSE,,CW_1_01,PASS,,,52.4443421,_2026032414155766402,T20260324141557,DESKTOP-P2DUL42,Loma,1,CW_1_01,2,paul di,2024.0718.155524,V20260126.2,CW_DTCL_DTCR_STC,T20260324141650,52.4443421,TRUE,TRUE,TRUE,TRUE,TRUE,TRUE,TRUE,4S2RND2HBL06DS,v1.0.1,2025_12_22,315.1029,322.9118,475.3284,302.1642,296.1544,152.2617,149.6533,342.7667,334.4643,488.55,-5.3593,2.2309,-0.0001,0,-0.2283,1.5597,-0.2189,1.5539,0.6666,154.3564,150.1152,148.3096,152.9219,151.4258,0.824,0.8057,0.8345,0.7948,0.7948,0.7805,0.7567,0.7984,0.7289,0.7289,0.8217,0.8035,0.8109,0.7715,0.7307,0.7172,0.7442,0.6777,0.6777,0.8094,0.98,0.8274,0.7782,0.7782,0.8567,0.7962,0.7707,0.8383,0.8206,0.7784,0.7677,0.765,0.765,0,0,0,0,0,v1.0.1,2025_12_22,315.0429,322.8929,476.3309,302.0735,296.06,151.3467,148.5,342.9211,334.6691,489.6115,-5.3794,2.2691,-0.0001,0,-0.2279,1.5601,-0.2192,1.5531,0.6665,160.4297,156.5518,162.4756,161.46,160.2292,0.6773,0.6776,0.6887,0.7051,0.6773,0.65,0.6251,0.6479,0.6482,0.6251,0.6493,0.6583,0.6483,0.6377,0.6146,0.617,0.6381,0.5944,0.5944,0.6718,0.3268,0.6776,0.6554,0.3268,0.6549,0.6693,0.6343,0.6824,0.673,0.6633,0.657,0.6239,0.6239,0,0,0,0,0,v1.0.1,2025_12_22,313.4952,315.0571,438.513,300.687,299.9569,184.6207,185.4262,329.8361,327.6441,445.2627,-6.4929,-4.4073,-0.0001,0,-0.2139,1.5669,-0.2144,1.562,0.6751,175.6719,174.4531,172.7217,174.7793,174.4065,0.7751,0.6982,0.7971,0.6866,0.6866,0.7341,0.6423,0.7501,0.6492,0.6423,0.7587,0.7607,0.7502,0.7117,0.7117,0.7262,0,0.7219,0.6579,0.6579,0,0,0,0,0,v1.0.1,2025_12_22,313.5,315,439.4052,300.5948,299.906,183.8718,184.5917,329.9167,327.6975,446.042,-6.4799,-4.4149,-0.0001,0,-0.2134,1.567,-0.2147,1.5624,0.6753,147.5586,143.0889,142.1152,145.3096,144.5181,0.6642,0.6079,0.6715,0.6038,0.6038,0.6197,0.556,0.6268,0.5527,0.5527,0.6225,0.6448,0.6288,0.5985,0.5985,0.5938,0.4922,0.5752,0.5449,0.4922,0,0,0,0,0,-0.0004,-0.0598,-0.0065,-0.0268,-0.0268,-0.0044,-0.0696,-0.0056,-0.0393,-0.0393,0.0124,-0.0068,0.0031,0.0043,-0.0938,-0.0804,-0.04,-0.0798,-0.0012,0.0144,-0.0038,-0.0356,-0.0057,-0.0103,-0.0038,-0.0196,-0.0589,-0.0096,-0.0185,-0.0324,0.0007,-0.0026,-0.0173,-0.0041,-0.0566,-0.0447,-0.0186,-0.0366,-0.0088,0.0003,-0.004,-0.1119,0.0016,-0.1069,-0.0925,-0.0002,-0.1345,0.0007,-0.0947,-0.092,-0.0024,0.0005,0.0066,0.0254,0,0.0046,0.0092,-0.0694,0.0065,-0.0715,-0.0512,-0.0165,-0.0916,0.0045,-0.1059,-0.0696,-0.0087,0.0137,-0.007,-0.0064,-0.0064,0.0186,0.0089,TRUE,TRUE
DTC_R_81,LanSi,1,CW_01,A,2026-03-24 14:17:38+08:00,ONLINE,FALSE,,CW_1_01,PASS,,,53.895853,_2026032414173865901,T20260324141738,DESKTOP-P2DUL42,Loma,1,CW_1_01,1,paul di,2024.0718.155524,V20260126.2,CW_DTCL_DTCR_STC,T20260324141832,53.895853,TRUE,TRUE,TRUE,TRUE,TRUE,TRUE,TRUE,4S2RND2HBL0DP6,v1.0.1,2025_12_22,315,316.0863,474.5821,295.9627,295.1849,146.7055,149.2632,336.3487,335.3972,483.5745,-5.6145,-3.7645,-0.0001,0,-0.2249,1.5538,-0.2211,1.5491,0.6642,154.4248,151.8926,151.4346,154.0146,152.9417,0.8654,0.8272,0.8714,0.8248,0.8248,0.8093,0.7568,0.8249,0.7663,0.7568,0.8206,0.8171,0.8289,0.8062,0.7501,0.7335,0.7283,0.6915,0.6915,0.8448,0.8088,0.8057,0.3447,0.3447,0.8521,0.7626,0.7636,0.8148,0.8201,0.792,0.7744,0.8586,0.7626,0,0,0,0,0,v1.0.1,2025_12_22,315,316.0863,475.8043,295.8333,295.0616,145.7945,148.0789,336.5,335.5448,484.5931,-5.602,-3.7385,-0.0001,0,-0.2248,1.5537,-0.2212,1.549,0.6642,160.8623,155.0479,163.2588,163.2363,160.6013,0.6961,0.6806,0.7169,0.7072,0.6806,0.6746,0.6394,0.6757,0.6529,0.6394,0.644,0.6536,0.6501,0.6741,0.6384,0.6213,0.5974,0.5959,0.5959,0.6851,0.6769,0.6543,0.3834,0.3834,0.6611,0.6491,0.6559,0.6613,0.654,0.6645,0.6578,0.6768,0.6491,0,0,0,0,0,v1.0.1,2025_12_22,316.9813,327.5514,441.3153,312.2432,302.392,194.944,188.2581,341.7097,331.5,455.6909,-3.4107,6.9278,0,0.0001,-0.222,1.5607,-0.209,1.5575,0.6718,176.4717,176.1367,176.0449,177.1953,176.4622,0.8068,0.7073,0.8305,0.6981,0.6981,0.7555,0.6435,0.7861,0.6566,0.6435,0.7779,0.768,0.7685,0.7298,0.7298,0.7465,0.6668,0.7212,0,0.6668,0,0,0,0,0,v1.0.1,2025_12_22,317,327.6038,442.1182,312.1818,302.1935,194.129,187.3577,342.0407,331.5893,456.6429,-3.4483,7.0196,0,0.0001,-0.2221,1.5598,-0.2104,1.5577,0.6712,146.5889,140.8887,142.7705,144.4717,143.6799,0.6582,0.5994,0.6838,0.6048,0.5994,0.631,0.572,0.6492,0.5692,0.5692,0.6299,0.6432,0.636,0.6204,0.6204,0.5893,0.5497,0.5858,0.5137,0.5137,0,0,0,0,0,0.0018,-0.0471,0.0053,-0.0448,-0.0388,-0.0186,-0.0538,0.0004,-0.0543,-0.0538,0.0035,0.0071,0.0203,-0.0011,-0.0574,-0.0782,-0.0681,-0.1306,0.0053,0.0041,-0.0133,-0.0309,0.0072,-0.0221,-0.0288,0.0015,-0.0418,0.0115,-0.0211,-0.0248,-0.0146,-0.0045,-0.0085,0.0051,-0.0187,-0.0415,-0.0333,-0.0461,0.0073,0.002,0.0204,-0.1024,0.0303,-0.1131,-0.0883,-0.0113,-0.1102,0.0252,-0.1221,-0.1102,0.0271,0.0135,0.0343,0.002,-0.005,-0.013,0.0061,-0.0489,0.0168,-0.0675,-0.0489,-0.01,-0.07,0.0187,-0.073,-0.0613,0.0002,0.0089,0.0005,0.0057,0.0057,-0.0171,0.0023,TRUE,TRUE
DTC_L_81,LanSi,1,CW_01,C,2026-03-24 14:17:38+08:00,ONLINE,FALSE,,CW_1_01,PASS,,,53.9118076,_2026032414173866002,T20260324141738,DESKTOP-P2DUL42,Loma,1,CW_1_01,2,paul di,2024.0718.155524,V20260126.2,CW_DTCL_DTCR_STC,T20260324141832,53.9118076,TRUE,TRUE,TRUE,TRUE,TRUE,TRUE,TRUE,4S2RND2HBL06DS,v1.0.1,2025_12_22,314.1679,322.7153,474.4242,302.1591,294.8212,151.6689,148.2895,342.3816,333.5255,489.1679,-6.4543,2.1186,-0.0001,0,-0.2271,1.5577,-0.2175,1.5545,0.6669,155.3311,150.9014,149.0264,154.0391,152.3245,0.8132,0.7886,0.8448,0.7909,0.7886,0.7743,0.7633,0.8041,0.7519,0.7519,0.8176,0.825,0.8224,0.7558,0.7404,0.7254,0.778,0.7066,0.7066,0.8134,0.4536,0.8247,0.8367,0.4536,0.8497,0.7823,0.7666,0.834,0.8199,0.8295,0.7877,0.7607,0.7607,0,0,0,0,0,v1.0.1,2025_12_22,314.1533,322.8102,475.563,302.0444,294.7171,150.7105,147.1688,342.5,333.766,490.2979,-6.4264,2.1726,-0.0001,0,-0.2274,1.5578,-0.2169,1.5537,0.6668,161.8613,157.2266,163.1084,162.2979,161.1235,0.6575,0.6717,0.6968,0.6986,0.6575,0.663,0.6371,0.6655,0.6507,0.6371,0.6442,0.6534,0.6648,0.6182,0.6115,0.6301,0.6359,0.6084,0.6084,0.6733,0.5765,0.6747,0.6807,0.5765,0.6551,0.671,0.6284,0.6777,0.6743,0.6888,0.6631,0.6139,0.6139,0,0,0,0,0,v1.0.1,2025_12_22,312.6078,315,437.7054,300.7321,298.6911,184.1057,184.2213,329.5656,326.7391,445.4957,-7.5071,-4.5202,-0.0001,0,-0.213,1.5644,-0.2125,1.5624,0.6753,175.542,174.4141,172.3643,174.459,174.1948,0.7647,0.6822,0.8021,0.6804,0.6804,0.7563,0.657,0.7631,0.6567,0.6567,0.7782,0.7686,0.7713,0.6893,0.6893,0.7397,0,0.7303,0.7396,0.7303,0,0,0,0,0,v1.0.1,2025_12_22,312.5,315,438.5478,300.6174,298.547,183.5214,183.3967,329.6116,326.8017,446.3534,-7.5413,-4.4792,-0.0001,0,-0.2131,1.5646,-0.2122,1.5618,0.6753,148.7422,143.6377,142.9668,146.2412,145.397,0.6483,0.5807,0.6724,0.6039,0.5807,0.6384,0.5551,0.6254,0.574,0.5551,0.6306,0.6362,0.6435,0.6128,0.6128,0.588,0.5382,0.5715,0.5785,0.5382,0,0,0,0,0,-0.0112,-0.0769,0.0038,-0.0307,-0.033,-0.0106,-0.063,0.0001,-0.0163,-0.0163,0.0083,0.0147,0.0146,-0.0114,-0.0841,-0.0722,-0.0062,-0.0509,0.0028,0.0117,-0.0236,-0.0415,0.0024,-0.0168,-0.0236,-0.0066,-0.0469,0.008,-0.016,-0.0204,-0.0044,-0.0075,-0.0008,-0.0236,-0.0597,-0.0316,-0.0208,-0.0226,-0.0073,-0.0026,-0.0144,-0.1279,0.0066,-0.1131,-0.0987,0.022,-0.1198,0.0137,-0.0872,-0.0776,0.0171,0.0084,0.0277,0.003,0.0135,0.013,-0.0067,-0.0966,0.0074,-0.0714,-0.0743,0.0022,-0.0925,0.0031,-0.0846,-0.0672,-0.0006,0.0051,0.0077,0.0079,0.0079,0.0128,0.0052,TRUE,TRUE
DTC_L_82,LanSi,1,CW_01,A,2026-03-24 14:20:03+08:00,ONLINE,FALSE,,CW_1_01,PASS,,,52.1869256,_2026032414200381002,T20260324142003,DESKTOP-P2DUL42,Loma,1,CW_1_01,2,paul di,2024.0718.155524,V20260126.2,CW_DTCL_DTCR_STC,T20260324142055,52.1869256,TRUE,TRUE,TRUE,TRUE,TRUE,TRUE,TRUE,4S2RND2HBL06DS,v1.0.1,2025_12_22,314.0882,322.5,474.4511,302,294.8618,151.6513,148.2632,342.3487,333.3704,489.0444,-6.4931,2.0089,-0.0001,0,-0.2266,1.5582,-0.2186,1.555,0.667,154.3701,150.3984,148.415,153.6016,151.6963,0.8243,0.7865,0.841,0.797,0.7865,0.7856,0.7528,0.777,0.7552,0.7528,0.8183,0.8076,0.8101,0.77,0.7248,0.7079,0.7595,0.7055,0.7055,0.824,0.7991,0.8197,0.8175,0.7991,0.8491,0.7659,0.7537,0.8237,0.8296,0.8203,0.7992,0.7702,0.7537,0,0,0,0,0,v1.0.1,2025_12_22,314.1606,322.6204,475.5821,301.9627,294.7143,150.6234,147.1513,342.4605,333.6423,490,-6.4499,2.0334,-0.0001,0,-0.2268,1.5577,-0.2177,1.5544,0.6669,161.541,157.1367,163.0264,162.5977,161.0754,0.6771,0.668,0.6926,0.6939,0.668,0.6641,0.6306,0.6516,0.6483,0.6306,0.6545,0.6538,0.6645,0.6297,0.6179,0.6184,0.6461,0.6067,0.6067,0.6809,0.6322,0.6808,0.6789,0.6322,0.6571,0.6525,0.619,0.6784,0.6818,0.6974,0.6624,0.6202,0.619,0,0,0,0,0,v1.0.1,2025_12_22,312.5,315,437.5948,300.5948,298.52,184.048,184.122,329.4553,326.5,445.3898,-7.6526,-4.6024,-0.0001,0,-0.2141,1.5639,-0.2116,1.5633,0.6754,175.4688,174.5234,172.4736,174.7188,174.2961,0.7836,0.6807,0.8048,0.6925,0.6807,0.7596,0.6465,0.7442,0.6576,0.6465,0.7807,0.7691,0.7574,0.6954,0.6954,0.7329,0,0.7171,0.7305,0.7171,0,0,0,0,0,v1.0.1,2025_12_22,312.4519,314.9327,438.4052,300.4052,298.4167,183.3333,183.3636,329.5207,326.6917,446.175,-7.6342,-4.6266,-0.0001,0,-0.2143,1.564,-0.212,1.5622,0.675,148.5879,143.5234,142.7012,146.3037,145.2791,0.6487,0.586,0.6823,0.6002,0.586,0.6222,0.551,0.6231,0.5795,0.551,0.6384,0.6278,0.6328,0.6172,0.6172,0.5909,0.514,0.5859,0.5861,0.514,0,0,0,0,0,-0.0001,-0.079,0,-0.0246,-0.0351,0.0007,-0.0735,-0.027,-0.013,-0.0154,0.009,-0.0027,0.0023,0.0028,-0.0997,-0.0897,-0.0247,-0.052,0.0134,0.0067,-0.004,-0.0452,-0.0018,-0.0215,-0.0131,-0.0055,-0.0534,-0.0059,-0.0184,-0.0269,0.0059,-0.0071,-0.0011,-0.0121,-0.0533,-0.0433,-0.0106,-0.0243,0.0003,0.0035,0.0045,-0.1294,0.0093,-0.101,-0.0984,0.0253,-0.1303,-0.0052,-0.0863,-0.0878,0.0196,0.0089,0.0138,0.0091,0.0067,-0.0002,-0.0063,-0.0913,0.0173,-0.0751,-0.069,-0.014,-0.0966,0.0008,-0.0791,-0.0713,0.0072,-0.0033,-0.003,0.0123,0.0123,0.0157,0.0196,TRUE,TRUE
DTC_R_82,LanSi,1,CW_01,B,2026-03-24 14:20:03+08:00,ONLINE,FALSE,,CW_1_01,PASS,,,52.3933747,_2026032414200364601,T20260324142003,DESKTOP-P2DUL42,Loma,1,CW_1_01,1,paul di,2024.0718.155524,V20260126.2,CW_DTCL_DTCR_STC,T20260324142056,52.3933747,TRUE,TRUE,TRUE,TRUE,TRUE,TRUE,TRUE,4S2RND2HBL0DP6,v1.0.1,2025_12_22,315.3037,317.0815,475.6788,297.6423,295.7817,149.0986,149.54,337.3333,336.0878,486.0473,-5.0216,-2.0594,-0.0001,0,-0.2201,1.5546,-0.2211,1.5479,0.6653,154.8242,152.2461,151.918,154.4248,153.3533,0.866,0.7752,0.8738,0.8014,0.7752,0.8134,0.7325,0.8154,0.7883,0.7325,0.8173,0.8116,0.8182,0.8136,0.7183,0.7101,0.7946,0.7853,0.7101,0.8338,0.8128,0.8009,0.98,0.8009,0.8525,0.7685,0.7506,0.8399,0.7909,0.7514,0.8391,0.8475,0.7506,0,0,0,0,0,v1.0.1,2025_12_22,315.3037,317.0815,476.7643,297.4071,295.4218,148.0068,148.4106,337.404,336.1391,487.0728,-5.0921,-2.1056,-0.0001,0,-0.2207,1.5532,-0.2207,1.5483,0.665,160.4854,154.7891,163.4297,162.958,160.4155,0.7041,0.66,0.7102,0.6864,0.66,0.6768,0.6264,0.66,0.6592,0.6264,0.6522,0.6563,0.656,0.6553,0.6236,0.6215,0.6372,0.6362,0.6215,0.668,0.6665,0.6629,0.2268,0.2268,0.6433,0.6275,0.6405,0.671,0.6322,0.6178,0.6357,0.6835,0.6178,0,0,0,0,0,v1.0.1,2025_12_22,317.0476,328.3714,442.0273,313.4182,302.5,196.9048,188.4793,342.6198,331.9217,457.2783,-3.1048,8.2185,0,0.0001,-0.2186,1.5601,-0.2099,1.5554,0.6718,175.5537,175.459,175.3643,176.4775,175.7136,0.8083,0.6351,0.8235,0.663,0.6351,0.773,0.5967,0.7681,0.6815,0.5967,0.7791,0.773,0.7551,0.7537,0.7537,0.7376,0.6713,0.7387,0,0.6713,0,0,0,0,0,v1.0.1,2025_12_22,317.019,328.5524,442.7168,313.4513,302.3937,196.0394,187.5455,342.6942,331.9828,458.0517,-3.1684,8.2578,0,0.0001,-0.219,1.5604,-0.2083,1.5552,0.6721,146.6406,141.2051,142.8086,144.3555,143.7524,0.6724,0.5638,0.6784,0.5874,0.5638,0.6366,0.5412,0.6398,0.5786,0.5412,0.641,0.6284,0.6392,0.643,0.6284,0.603,0.555,0.5978,0.4187,0.4187,0,0,0,0,0,0.0024,-0.0991,0.0077,-0.0682,-0.0884,-0.0145,-0.0781,-0.0091,-0.0323,-0.0781,0.0002,0.0016,0.0096,0.0063,-0.0892,-0.1016,-0.0018,-0.0368,-0.0057,-0.0007,-0.0053,-0.0515,0.0005,-0.0429,-0.0494,0.0037,-0.0548,-0.0042,-0.0148,-0.0378,-0.0064,-0.0018,-0.0026,-0.0137,-0.0335,-0.0413,0.0065,-0.0058,-0.0098,0.0106,0.0219,-0.1746,0.0233,-0.1482,-0.1513,0.0062,-0.157,0.0072,-0.0972,-0.157,0.0283,0.0185,0.0209,0.0259,-0.0139,0.0045,0.0203,-0.0845,0.0114,-0.0849,-0.0845,-0.0044,-0.1008,0.0093,-0.0636,-0.0893,0.0113,-0.0059,0.0037,0.0283,0.0137,-0.0034,0.0143,TRUE,TRUE
DTC_L_83,LanSi,1,CW_01,B,2026-03-24 14:21:46+08:00,ONLINE,FALSE,,CW_1_01,PASS,,,51.7295113,_2026032414214604402,T20260324142146,DESKTOP-P2DUL42,Loma,1,CW_1_01,2,paul di,2024.0718.155524,V20260126.2,CW_DTCL_DTCR_STC,T20260324142237,51.7295113,TRUE,TRUE,TRUE,TRUE,TRUE,TRUE,TRUE,4S2RND2HBL06DS,v1.0.1,2025_12_22,314.1029,322.9118,474.2868,302.5074,294.8487,151.8816,148.2632,342.6513,333.4741,489.1778,-6.5049,2.326,-0.0001,0,-0.2262,1.5582,-0.218,1.5543,0.6671,155.1855,150.917,148.627,153.8242,152.1384,0.8293,0.7713,0.8465,0.7927,0.7713,0.7751,0.7747,0.8076,0.7492,0.7492,0.8228,0.8158,0.8296,0.7714,0.7289,0.7236,0.7478,0.7002,0.7002,0.8255,0.98,0.83,0.8384,0.8255,0.8496,0.7831,0.754,0.8235,0.8417,0.8158,0.7946,0.7611,0.754,0,0,0,0,0,v1.0.1,2025_12_22,314.1071,322.9571,475.3669,302.3813,294.7171,150.8947,147.1419,342.7635,333.75,490.2,-6.4834,2.3393,-0.0001,0,-0.2264,1.5581,-0.2176,1.5534,0.6669,161.3594,157.0127,162.7881,162.1172,160.8193,0.6753,0.6592,0.69,0.6935,0.6592,0.6576,0.6307,0.6501,0.6513,0.6307,0.6438,0.654,0.6543,0.6309,0.6197,0.6305,0.6221,0.6154,0.6154,0.676,0.4897,0.6703,0.6969,0.4897,0.663,0.639,0.6197,0.6805,0.6785,0.6876,0.6753,0.6204,0.6197,0,0,0,0,0,v1.0.1,2025_12_22,312.5,315.1132,437.5364,301.0182,298.6475,184.2049,184.122,329.6667,326.6897,445.5,-7.6009,-4.3994,-0.0001,0,-0.2117,1.5649,-0.2124,1.5619,0.6757,175.4072,174.1943,171.8984,174.3994,173.9749,0.7875,0.6739,0.8078,0.6849,0.6739,0.7431,0.6498,0.7634,0.6643,0.6498,0.7779,0.7602,0.7658,0.6993,0.6993,0.74,0,0.7344,0.7126,0.7126,0,0,0,0,0,v1.0.1,2025_12_22,312.4952,315.0571,438.4821,300.7589,298.5,183.5,183.2893,329.7273,326.6923,446.4444,-7.6082,-4.4024,-0.0001,0,-0.2125,1.5643,-0.2125,1.5626,0.6755,148.293,143.2637,142.3506,145.6934,144.9001,0.65,0.5688,0.6791,0.6017,0.5688,0.6227,0.5606,0.6251,0.5794,0.5606,0.6359,0.6316,0.6468,0.6094,0.6094,0.6024,0.538,0.5898,0.5786,0.538,0,0,0,0,0,0.0049,-0.0942,0.0055,-0.0289,-0.0503,-0.0098,-0.0516,0.0036,-0.019,-0.019,0.0135,0.0055,0.0218,0.0042,-0.0956,-0.074,-0.0364,-0.0573,0.0149,0.017,-0.0058,-0.054,-0.0044,-0.0219,-0.0219,-0.012,-0.0533,-0.0074,-0.0154,-0.0268,-0.0048,-0.0069,-0.0113,-0.0109,-0.0515,-0.0312,-0.0346,-0.0156,-0.0046,-0.007,0.0084,-0.1362,0.0123,-0.1086,-0.1052,0.0088,-0.127,0.014,-0.0796,-0.0845,0.0168,0,0.0222,0.013,0.0138,0.0171,-0.005,-0.1085,0.0141,-0.0736,-0.0862,-0.0135,-0.087,0.0028,-0.0792,-0.0617,0.0047,0.0005,0.011,0.0045,0.0045,0.0272,0.0235,TRUE,TRUE
DTC_R_83,LanSi,1,CW_01,C,2026-03-24 14:21:45+08:00,ONLINE,FALSE,,CW_1_01,PASS,,,51.911027,_2026032414214586201,T20260324142145,DESKTOP-P2DUL42,Loma,1,CW_1_01,1,paul di,2024.0718.155524,V20260126.2,CW_DTCL_DTCR_STC,T20260324142237,51.911027,TRUE,TRUE,TRUE,TRUE,TRUE,TRUE,TRUE,4S2RND2HBL0DP6,v1.0.1,2025_12_22,315.2388,316.8209,475.5833,297.1288,295.5616,148.5548,149.3758,336.8926,336.0331,486.3841,-5.1415,-2.3438,-0.0001,0,-0.2217,1.5539,-0.2199,1.5483,0.6651,154.6426,151.8916,151.7295,154.2559,153.1299,0.8608,0.7714,0.8681,0.791,0.7714,0.8116,0.7155,0.825,0.7969,0.7155,0.8146,0.7998,0.8041,0.8223,0.703,0.7162,0.7874,0.7921,0.703,0.8371,0.7994,0.8044,0.9383,0.7994,0.8305,0.7472,0.7511,0.8338,0.7881,0.7494,0.8477,0.8484,0.7472,0,0,0,0,0,v1.0.1,2025_12_22,315.1957,316.8333,476.708,297,295.3673,147.5918,148.1701,336.9932,336.1589,487.351,-5.18,-2.3461,-0.0001,0,-0.2217,1.5537,-0.2196,1.548,0.6651,161.333,156.4443,164.9297,163.6934,161.6001,0.7003,0.6463,0.7043,0.6759,0.6463,0.6736,0.6338,0.6712,0.6579,0.6338,0.6508,0.6362,0.6718,0.6549,0.621,0.6293,0.6189,0.638,0.6189,0.6774,0.6493,0.6654,0.1444,0.1444,0.628,0.6532,0.6358,0.6718,0.6531,0.6363,0.6443,0.6737,0.628,0,0,0,0,0,v1.0.1,2025_12_22,317.0755,328.1321,442,313.0545,302.3902,196.3984,188.418,342.4344,331.9231,457.1709,-3.1386,7.9381,0,0.0001,-0.2196,1.5593,-0.2102,1.5557,0.6713,176.7773,176.1357,176.2168,177.4297,176.6399,0.8094,0.6233,0.8298,0.6582,0.6233,0.7638,0.6044,0.778,0.6899,0.6044,0.7793,0.7655,0.7519,0.7489,0.7489,0.7473,0.6685,0.7326,0,0.6685,0,0,0,0,0,v1.0.1,2025_12_22,317.0374,328.1589,442.7928,312.973,302.3629,195.6935,187.5,342.5,332,458,-3.1614,7.9651,0,0.0001,-0.2197,1.56,-0.2097,1.5555,0.6715,147.3398,142.1445,143.5352,144.9014,144.4802,0.6661,0.5555,0.6791,0.5745,0.5555,0.6425,0.5434,0.6503,0.5931,0.5434,0.6356,0.6336,0.6423,0.6264,0.6264,0.5992,0.551,0.5806,0.3491,0.3491,0,0,0,0,0,-0.0028,-0.1029,0.002,-0.0786,-0.0922,-0.0163,-0.0951,0.0005,-0.0237,-0.0951,-0.0025,-0.0102,-0.0045,0.015,-0.1045,-0.0955,-0.009,-0.03,-0.0024,0.0028,-0.0091,-0.0652,-0.0054,-0.0534,-0.0631,0.0005,-0.0474,0.007,-0.0161,-0.0304,-0.0078,-0.0219,0.0132,-0.0141,-0.0361,-0.0335,-0.0118,-0.004,-0.0004,0.0131,0.023,-0.1864,0.0296,-0.153,-0.1631,-0.003,-0.1493,0.0171,-0.0888,-0.1493,0.0285,0.011,0.0177,0.0211,-0.0042,-0.0016,0.014,-0.0928,0.0121,-0.0978,-0.0928,0.0015,-0.0986,0.0198,-0.0491,-0.0871,0.0059,-0.0007,0.0068,0.0117,0.0117,-0.0072,-0.0029,TRUE,TRUE
DTC_L_84,LanSi,1,CW_01,C,2026-03-24 14:23:32+08:00,ONLINE,FALSE,,CW_1_01,PASS,,,53.4385932,_2026032414233263002,T20260324142332,DESKTOP-P2DUL42,Loma,1,CW_1_01,2,paul di,2024.0718.155524,V20260126.2,CW_DTCL_DTCR_STC,T20260324142426,53.4385932,TRUE,TRUE,TRUE,TRUE,TRUE,TRUE,TRUE,4S2RND2HBL06DS,v1.0.1,2025_12_22,314.1691,322.7647,474.4394,302.1742,294.8067,151.7133,148.3907,342.245,333.4964,488.4245,-6.4395,1.9644,-0.0001,0,-0.2273,1.5576,-0.2165,1.5541,0.667,154.9521,150.8311,148.6953,154.1143,152.1482,0.8213,0.8014,0.84,0.7787,0.7787,0.7856,0.7529,0.8064,0.7322,0.7322,0.8035,0.8102,0.8167,0.7661,0.732,0.7151,0.7492,0.6847,0.6847,0.8189,0.7512,0.8303,0.8315,0.7512,0.8351,0.769,0.7405,0.8447,0.8345,0.8408,0.7875,0.7663,0.7405,0,0,0,0,0,v1.0.1,2025_12_22,314.2117,322.7883,475.5149,302.0373,294.7171,150.7105,147.3333,342.3922,333.773,489.4539,-6.39,1.9764,-0.0001,0,-0.2274,1.5575,-0.2164,1.5534,0.6668,161.5439,156.998,162.7627,162.8096,161.0286,0.6826,0.6783,0.6927,0.6877,0.6783,0.6605,0.6356,0.6528,0.6557,0.6356,0.6459,0.6476,0.6509,0.6242,0.6218,0.6152,0.6355,0.605,0.605,0.6733,0.4576,0.6717,0.6836,0.4576,0.6419,0.6531,0.6185,0.6759,0.6866,0.7008,0.6776,0.6385,0.6185,0,0,0,0,0,v1.0.1,2025_12_22,312.5,315,437.7207,300.7838,298.5,184.0952,184.25,329.3917,326.6281,444.9669,-7.5802,-4.6525,-0.0001,0,-0.2125,1.5637,-0.2112,1.562,0.6755,175.2676,174.0225,171.8965,174.5225,173.9272,0.7861,0.6889,0.8054,0.6699,0.6699,0.7496,0.6545,0.7475,0.6422,0.6422,0.7784,0.7626,0.7585,0.6971,0.6971,0.7442,0,0.7172,0.7347,0.7172,0,0,0,0,0,v1.0.1,2025_12_22,312.5,315,438.5,300.6379,298.4153,183.4407,183.4417,329.4167,326.6723,445.8739,-7.5942,-4.6262,-0.0001,0,-0.213,1.5636,-0.2107,1.5624,0.6756,148.8467,143.4365,142.5029,146.2646,145.2627,0.6678,0.5873,0.6786,0.5999,0.5873,0.6424,0.5661,0.6152,0.5689,0.5661,0.6454,0.6314,0.6308,0.6066,0.6066,0.5893,0.5282,0.5844,0.5767,0.5282,0,0,0,0,0,-0.0031,-0.0641,-0.001,-0.0429,-0.0429,0.0007,-0.0734,0.0024,-0.036,-0.036,-0.0058,-0.0001,0.0089,-0.0011,-0.0925,-0.0825,-0.035,-0.0728,0.0083,0.0173,0.0015,-0.0349,-0.0017,-0.0277,-0.0028,-0.0091,-0.0484,-0.0047,-0.011,-0.0219,-0.0027,-0.0133,-0.0147,-0.0176,-0.0494,-0.0465,-0.0212,-0.026,-0.0073,-0.0056,0.007,-0.1212,0.0099,-0.1236,-0.1092,0.0153,-0.1223,-0.0019,-0.1017,-0.0921,0.0173,0.0024,0.0149,0.0108,0.018,-0.0001,0.0128,-0.09,0.0136,-0.0754,-0.0677,0.0062,-0.0815,-0.0071,-0.0897,-0.0562,0.0142,0.0003,-0.005,0.0017,0.0017,0.0141,0.0181,TRUE,TRUE
DTC_R_84,LanSi,1,CW_01,A,2026-03-24 14:23:32+08:00,ONLINE,FALSE,,CW_1_01,PASS,,,53.4216383,_2026032414233267201,T20260324142332,DESKTOP-P2DUL42,Loma,1,CW_1_01,1,paul di,2024.0718.155524,V20260126.2,CW_DTCL_DTCR_STC,T20260324142426,53.4216383,TRUE,TRUE,TRUE,TRUE,TRUE,TRUE,TRUE,4S2RND2HBL0DP6,v1.0.1,2025_12_22,314.9124,316.3066,474.7388,296.1045,295.1224,146.7347,149.3046,336.6689,335.2826,484.1159,-5.6278,-3.5139,-0.0001,0,-0.2252,1.5541,-0.2218,1.5495,0.6641,153.3242,151.3428,150.8926,153.7324,152.323,0.8594,0.8209,0.8822,0.832,0.8209,0.8104,0.7454,0.8234,0.7651,0.7454,0.8238,0.8147,0.8147,0.8085,0.7678,0.7532,0.7243,0.7091,0.7091,0.8507,0.8142,0.8135,0.98,0.8135,0.8397,0.7635,0.7762,0.8265,0.7914,0.8287,0.7617,0.8535,0.7617,0,0,0,0,0,v1.0.1,2025_12_22,314.8857,316.2714,475.8705,296.0072,294.9863,145.7397,148.1419,336.7635,335.4357,485.1429,-5.636,-3.5151,-0.0001,0,-0.2247,1.5541,-0.2218,1.5492,0.6642,161.252,155.7031,164.1885,163.9619,161.2764,0.7041,0.6881,0.7163,0.6992,0.6881,0.6911,0.6439,0.67,0.6419,0.6419,0.6577,0.6473,0.658,0.6521,0.65,0.6423,0.5872,0.6092,0.5872,0.6905,0.6696,0.6785,0.3482,0.3482,0.6644,0.644,0.6584,0.6749,0.666,0.6288,0.6303,0.6753,0.6288,0,0,0,0,0,v1.0.1,2025_12_22,316.7009,327.729,441.2389,312.4159,302.0732,195.0488,188.1452,342.1855,331.3097,456.292,-3.6064,7.2342,0,0.0001,-0.2218,1.5605,-0.2115,1.5571,0.6711,175.4521,175.6562,175.332,176.9336,175.8435,0.8072,0.7146,0.8175,0.7039,0.7039,0.7647,0.6466,0.762,0.65,0.6466,0.7736,0.7684,0.7507,0.7407,0.7407,0.7436,0.6767,0.7182,0,0.6767,0,0,0,0,0,v1.0.1,2025_12_22,316.7248,327.7982,442.1351,312.4234,302.0083,194.1818,187.1721,342.3443,331.3514,457.1532,-3.6217,7.2802,0,0.0001,-0.2215,1.5606,-0.2113,1.5577,0.6714,146.8662,141.6104,143.291,145.043,144.2026,0.6562,0.6061,0.672,0.6136,0.6061,0.644,0.5639,0.6408,0.5662,0.5639,0.6333,0.6331,0.6419,0.6155,0.6155,0.5996,0.5488,0.5704,0.4509,0.4509,0,0,0,0,0,-0.0042,-0.0534,0.0161,-0.0376,-0.0427,-0.0175,-0.0652,-0.0011,-0.0555,-0.0652,0.0067,0.0047,0.0061,0.0012,-0.0397,-0.0585,-0.0721,-0.113,0.0112,0.0119,-0.0053,-0.0234,0.0066,-0.0301,-0.0213,0.018,-0.0373,0.0058,-0.0321,-0.0223,-0.0009,-0.0108,-0.0006,-0.0169,-0.0071,-0.0205,-0.0435,-0.0328,0.0127,0.0262,0.0208,-0.0951,0.0173,-0.1073,-0.0825,-0.0021,-0.1071,0.0011,-0.1287,-0.1071,0.0228,0.0139,0.0165,0.0129,-0.0079,-0.016,0.0041,-0.0422,0.005,-0.0587,-0.0422,0.003,-0.0781,0.0103,-0.076,-0.0666,0.0036,-0.0012,0.0064,0.0008,0.0008,-0.0068,-0.0131,TRUE,TRUE
DTC_R_85,LanSi,1,CW_01,B,2026-03-24 14:25:18+08:00,ONLINE,FALSE,,CW_1_01,PASS,,,53.075544,_2026032414251829801,T20260324142518,DESKTOP-P2DUL42,Loma,1,CW_1_01,1,paul di,2024.0718.155524,V20260126.2,CW_DTCL_DTCR_STC,T20260324142611,53.075544,TRUE,TRUE,TRUE,TRUE,TRUE,TRUE,TRUE,4S2RND2HBL0DP6,v1.0.1,2025_12_22,315,316.5368,474.8129,296.4604,295.137,146.8493,149.2886,336.953,335.3239,484.2817,-5.5875,-3.2838,-0.0001,0,-0.2245,1.5538,-0.2221,1.5497,0.6642,153.7129,151.3184,150.6143,153.584,152.3074,0.8668,0.8246,0.869,0.8322,0.8246,0.8101,0.7412,0.8254,0.7636,0.7412,0.8079,0.8136,0.8204,0.8156,0.7894,0.7237,0.7293,0.7012,0.7012,0.8445,0.8098,0.7988,0.98,0.7988,0.8414,0.7744,0.7479,0.8226,0.8118,0.8615,0.7602,0.8479,0.7479,0,0,0,0,0,v1.0.1,2025_12_22,314.9645,316.6241,475.8417,296.2878,295.0405,145.8851,148.0414,337.069,335.5455,485.3217,-5.6133,-3.2625,-0.0001,0,-0.2252,1.5541,-0.2214,1.5489,0.6641,161.1221,155.4023,163.9648,163.54,161.0073,0.7042,0.694,0.7181,0.6913,0.6913,0.6777,0.6254,0.6669,0.6479,0.6254,0.6463,0.6447,0.6549,0.6562,0.658,0.6191,0.5902,0.6075,0.5902,0.6846,0.6644,0.6695,0.3627,0.3627,0.6543,0.645,0.6317,0.6766,0.6721,0.6618,0.652,0.684,0.6317,0,0,0,0,0,v1.0.1,2025_12_22,316.8785,327.8972,441.4522,312.6174,302.246,195.1984,188.1983,342.3884,331.4513,456.3894,-3.4547,7.3982,0,0.0001,-0.2215,1.5605,-0.2116,1.5573,0.6712,175.873,175.5508,175.5537,176.7773,175.9387,0.8119,0.7106,0.8301,0.7094,0.7094,0.7624,0.6514,0.7819,0.6459,0.6459,0.7552,0.7679,0.7479,0.7341,0.7341,0.7462,0.6825,0.7284,0,0.6825,0,0,0,0,0,v1.0.1,2025_12_22,316.8077,328.0385,442.2456,312.5877,302.1825,194.5873,187.479,342.5462,331.4505,457.2252,-3.4669,7.497,0,0.0001,-0.222,1.5611,-0.2112,1.5574,0.6713,146.8105,141.5938,143.0381,144.7949,144.0593,0.6665,0.6042,0.6685,0.6053,0.6042,0.6351,0.573,0.6456,0.5438,0.5438,0.6351,0.635,0.641,0.6202,0.6202,0.6022,0.5594,0.5756,0.4651,0.4651,0,0,0,0,0,0.0032,-0.0497,0.0029,-0.0374,-0.039,-0.0178,-0.0694,0.0009,-0.057,-0.0694,-0.0092,0.0036,0.0118,0.0083,-0.0181,-0.088,-0.0671,-0.1209,0.005,-0.0028,-0.0052,-0.0175,0.0084,-0.038,-0.0181,0.0046,-0.0558,0.0027,-0.0261,-0.0388,-0.0123,-0.0134,-0.0037,-0.0128,0.0009,-0.0437,-0.0405,-0.0345,0.0068,0.0172,0.0255,-0.0991,0.0299,-0.1018,-0.077,-0.0044,-0.1023,0.021,-0.1328,-0.1078,0.0044,0.0134,0.0137,0.0063,-0.0053,-0.0058,0.0144,-0.0441,0.0015,-0.067,-0.0441,-0.0059,-0.069,0.0151,-0.0984,-0.0867,0.0054,0.0007,0.0055,0.0055,0.0055,-0.0042,-0.0079,TRUE,TRUE
DTC_L_85,LanSi,1,CW_01,A,2026-03-24 14:25:18+08:00,ONLINE,FALSE,,CW_1_01,PASS,,,53.223149,_2026032414251815502,T20260324142518,DESKTOP-P2DUL42,Loma,1,CW_1_01,2,paul di,2024.0718.155524,V20260126.2,CW_DTCL_DTCR_STC,T20260324142611,53.223149,TRUE,TRUE,TRUE,TRUE,TRUE,TRUE,TRUE,4S2RND2HBL06DS,v1.0.1,2025_12_22,314.146,323.8905,474.3261,303.5942,294.9396,153.2483,148.2333,343.7667,333.3431,490.1387,-6.5024,3.4277,-0.0001,0,-0.2255,1.5582,-0.2187,1.5553,0.6673,155.7852,151.5117,149.6787,154.7598,152.9338,0.8319,0.794,0.8418,0.7941,0.794,0.7799,0.7566,0.801,0.6869,0.6869,0.8143,0.8167,0.8226,0.761,0.7428,0.7098,0.7519,0.6758,0.6758,0.8143,0.98,0.824,0.8196,0.8143,0.721,0.6404,0.7877,0.8382,0.8452,0.8175,0.7923,0.7507,0.6404,0,0,0,0,0,v1.0.1,2025_12_22,314.0863,323.8777,475.413,303.3841,294.7933,152.22,147,344,333.6304,491.1449,-6.5154,3.4253,-0.0001,0,-0.2258,1.5584,-0.2193,1.554,0.6668,160.8379,156.8994,162.6582,161.5918,160.4968,0.6794,0.6879,0.6894,0.6824,0.6794,0.6523,0.643,0.6563,0.617,0.617,0.6491,0.6608,0.6526,0.6323,0.6109,0.6331,0.6135,0.5992,0.5992,0.6722,0.4366,0.6719,0.6845,0.4366,0.5406,0.5426,0.6562,0.6827,0.6709,0.6839,0.6639,0.6239,0.5406,0,0,0,0,0,v1.0.1,2025_12_22,312.5,316.1132,437.6852,302,298.6218,185.5462,184.1393,330.7131,326.5,446.3898,-7.6107,-3.3475,-0.0001,0,-0.2117,1.5644,-0.2127,1.5632,0.6758,175.5156,174.499,172.707,174.7441,174.3665,0.7916,0.6895,0.8016,0.668,0.668,0.7355,0.648,0.767,0.6711,0.648,0.7775,0.7663,0.7696,0.6988,0.6988,0.7326,0,0.7398,0.7165,0.7165,0,0,0,0,0,v1.0.1,2025_12_22,312.5,316,438.531,301.7788,298.5833,184.6667,183.3443,330.8279,326.6917,447.175,-7.57,-3.4103,-0.0001,0,-0.2118,1.5647,-0.2138,1.5625,0.6754,148.0352,142.9941,142.5439,145.5195,144.7732,0.6434,0.5802,0.6722,0.5961,0.5802,0.6309,0.5539,0.6241,0.5915,0.5539,0.6295,0.6365,0.6492,0.6081,0.6081,0.604,0.5169,0.5951,0.5628,0.5169,0,0,0,0,0,0.0075,-0.0715,0.0008,-0.0275,-0.0276,-0.005,-0.0697,-0.003,-0.0813,-0.0813,0.005,0.0064,0.0148,-0.0062,-0.0817,-0.0878,-0.0323,-0.0817,0.0037,0.011,-0.0017,-0.0253,-0.005,-0.033,-0.0017,-0.0173,-0.041,-0.0012,-0.0497,-0.0405,0.0005,-0.0001,-0.013,-0.0095,-0.0603,-0.0286,-0.0432,-0.0318,-0.0084,-0.0054,0.0125,-0.1206,0.0061,-0.1255,-0.1111,0.0012,-0.1288,0.0176,-0.0728,-0.0863,0.0164,0.0061,0.026,0.0125,0.0064,0.0225,-0.0116,-0.0971,0.0072,-0.0792,-0.0748,-0.0053,-0.0937,0.0018,-0.0671,-0.0684,-0.0017,0.0054,0.0134,0.0032,0.0032,0.0288,0.0288,TRUE,TRUE
DTC_R_86,LanSi,1,CW_01,A,2026-03-24 14:46:17+08:00,ONLINE,FALSE,,CW_1_01,PASS,,,53.4237139,_2026032414461707801,T20260324144617,DESKTOP-P2DUL42,Loma,1,CW_1_01,1,paul di,2024.0718.155524,V20260126.2,CW_DTCL_DTCR_STC,T20260324144710,53.4237139,TRUE,TRUE,TRUE,TRUE,TRUE,TRUE,TRUE,4S2RND2HBL0DP6,v1.0.1,2025_12_22,315.2388,316.8209,475.6791,297.1269,295.8367,148.7415,149.4636,336.7748,336.06,486.6533,-5.0444,-2.2765,-0.0001,0,-0.2216,1.5554,-0.2193,1.5483,0.6657,155.541,152.5264,152.2139,155.2607,153.8855,0.8655,0.7702,0.8684,0.8047,0.7702,0.8137,0.7271,0.8205,0.7988,0.7271,0.8304,0.808,0.8174,0.8195,0.7085,0.713,0.8012,0.806,0.7085,0.8431,0.8063,0.8119,0.98,0.8063,0.8506,0.7566,0.7522,0.8211,0.7921,0.6457,0.8121,0.8522,0.6457,0,0,0,0,0,v1.0.1,2025_12_22,315.1957,316.8333,476.7914,297.0432,295.5203,147.6892,148.3129,336.9592,336.14,487.6933,-5.108,-2.2564,-0.0001,0,-0.2213,1.5545,-0.2195,1.5483,0.6655,161.2021,156.2461,164.4668,163.5156,161.3577,0.6957,0.6551,0.7149,0.6825,0.6551,0.6852,0.6206,0.6709,0.656,0.6206,0.662,0.6423,0.6581,0.655,0.6147,0.6245,0.6122,0.6339,0.6122,0.6799,0.6451,0.6803,0.1868,0.1868,0.6513,0.6393,0.6469,0.6731,0.6558,0.5963,0.6129,0.6898,0.5963,0,0,0,0,0,v1.0.1,2025_12_22,317.1698,328.1415,442.0531,313.1593,302.6129,196.7581,188.4622,342.3697,331.9474,457.5,-3.0509,8.0857,0,0.0001,-0.2189,1.5599,-0.2096,1.5565,0.672,176.7061,175.8281,175.9424,177.5244,176.5002,0.7936,0.6205,0.8218,0.6756,0.6205,0.7654,0.5955,0.7771,0.6995,0.5955,0.7761,0.7802,0.7492,0.746,0.746,0.7444,0.6675,0.7234,0,0.6675,0,0,0,0,0,v1.0.1,2025_12_22,317.0762,328.2762,442.8,313.2636,302.4365,195.9286,187.5,342.5,331.9561,458.2368,-3.1462,8.141,0,0.0001,-0.2183,1.5601,-0.2088,1.5563,0.6723,146.9707,142.3174,143.8994,144.7891,144.4941,0.6673,0.552,0.6814,0.5891,0.552,0.6379,0.5456,0.6507,0.5938,0.5456,0.6424,0.6321,0.6329,0.6226,0.6226,0.5918,0.5472,0.5638,0.4089,0.4089,0,0,0,0,0,0.0019,-0.1041,0.0023,-0.0649,-0.0934,-0.0142,-0.0835,-0.004,-0.0218,-0.0835,0.0133,-0.002,0.0088,0.0122,-0.099,-0.0987,0.0048,-0.0161,0.0036,0.0103,-0.0137,-0.0564,0.0052,-0.0468,-0.0543,0.0121,-0.0606,0.0067,-0.018,-0.0436,0.0034,-0.0158,-0.0005,-0.014,-0.0424,-0.0383,-0.0185,-0.0081,0.0021,0.028,0.0072,-0.1892,0.0216,-0.1356,-0.1659,-0.0014,-0.1582,0.0162,-0.0792,-0.1582,0.0253,0.0257,0.015,0.0182,-0.0071,-0.0108,0.0152,-0.0963,0.0144,-0.0832,-0.0963,-0.0031,-0.0964,0.0202,-0.0484,-0.0849,0.0127,-0.0022,-0.0026,0.0079,0.0079,-0.0146,-0.0197,TRUE,TRUE
DTC_L_86,LanSi,1,CW_01,A,2026-03-24 14:46:17+08:00,ONLINE,FALSE,,CW_1_01,PASS,,,53.4267057,_2026032414461707802,T20260324144617,DESKTOP-P2DUL42,Loma,1,CW_1_01,2,paul di,2024.0718.155524,V20260126.2,CW_DTCL_DTCR_STC,T20260324144710,53.4267057,TRUE,TRUE,TRUE,TRUE,TRUE,TRUE,TRUE,4S2RND2HBL06DS,v1.0.1,2025_12_22,315.2132,322.7279,475.4662,301.9173,296.2177,151.6803,149.6913,342.5436,334.5,488,-5.2823,1.8738,-0.0001,0,-0.2286,1.5597,-0.2186,1.5541,0.6666,154.1816,149.4941,147.7451,153.4941,151.2288,0.8273,0.8126,0.8463,0.7923,0.7923,0.7914,0.7585,0.8035,0.7373,0.7373,0.8197,0.8156,0.8174,0.7718,0.7357,0.7251,0.7515,0.6996,0.6996,0.8139,0.98,0.825,0.7674,0.7674,0.8491,0.8425,0.7371,0.8386,0.8228,0.7663,0.7605,0.7746,0.7371,0,0,0,0,0,v1.0.1,2025_12_22,315.1583,322.7122,476.4275,301.8551,296.0952,150.7619,148.543,342.6026,334.6963,489.0815,-5.3159,1.9027,-0.0001,0,-0.2281,1.5599,-0.2183,1.5534,0.6667,160.4863,156.2666,162.0947,161.374,160.0554,0.6735,0.687,0.699,0.6981,0.6735,0.6559,0.6372,0.6547,0.653,0.6372,0.6515,0.6519,0.647,0.631,0.6276,0.6394,0.6262,0.6101,0.6101,0.6733,0.3102,0.6725,0.6548,0.3102,0.6527,0.636,0.6212,0.6764,0.6607,0.6612,0.6671,0.6337,0.6212,0,0,0,0,0,v1.0.1,2025_12_22,313.5,315,438.4779,300.5487,299.9831,184.0508,185.4628,329.5372,327.6239,444.7863,-6.4905,-4.7154,-0.0001,0,-0.2146,1.5674,-0.2125,1.5619,0.6755,176.1035,174.2861,172.2793,175.0928,174.4404,0.7739,0.7046,0.7961,0.6836,0.6836,0.7298,0.6572,0.7552,0.6538,0.6538,0.7605,0.783,0.7583,0.7053,0.7053,0.7173,0,0.7219,0.661,0.661,0,0,0,0,0,v1.0.1,2025_12_22,313.4466,314.9903,439.3739,300.3652,299.8509,183.4912,184.5,329.6667,327.5948,445.5345,-6.5468,-4.6904,-0.0001,0,-0.2151,1.5673,-0.2128,1.5623,0.6754,147.5518,142.8818,141.6914,145.1328,144.3145,0.6473,0.6085,0.6671,0.6097,0.6085,0.6237,0.5596,0.6289,0.5672,0.5596,0.6043,0.6417,0.6409,0.614,0.6043,0.5769,0.3722,0.6011,0.5458,0.3722,0,0,0,0,0,0.0029,-0.0529,0.0053,-0.0293,-0.0293,0.0065,-0.0678,-0.0005,-0.0309,-0.0309,0.0104,0.0053,0.0096,0.0046,-0.0888,-0.0725,-0.0327,-0.0579,0.0033,0.012,-0.0076,-0.0262,0.0046,-0.0173,-0.0076,-0.0137,-0.0468,-0.0028,-0.0137,-0.0203,0.0029,-0.009,-0.0186,-0.0108,-0.0436,-0.0223,-0.0305,-0.0209,-0.0073,-0.0048,-0.0052,-0.1055,0.0006,-0.1099,-0.0955,-0.0045,-0.1196,0.0058,-0.0901,-0.0805,-0.0006,0.0228,0.0147,0.019,-0.0089,0.0046,-0.0077,-0.0688,0.0021,-0.0656,-0.0465,-0.0125,-0.088,0.0066,-0.0914,-0.0627,-0.0269,0.0106,0.0051,0.0091,-0.0006,0.0017,0.0348,TRUE,TRUE
DTC_L_87,LanSi,1,CW_01,B,2026-03-24 14:48:01+08:00,ONLINE,FALSE,,CW_1_01,PASS,,,51.1686057,_2026032414480176302,T20260324144801,DESKTOP-P2DUL42,Loma,1,CW_1_01,2,paul di,2024.0718.155524,V20260126.2,CW_DTCL_DTCR_STC,T20260324144852,51.1686057,TRUE,TRUE,TRUE,TRUE,TRUE,TRUE,TRUE,4S2RND2HBL06DS,v1.0.1,2025_12_22,315.1522,322.7609,475.5152,301.9167,296.1611,151.651,149.86,342.5667,334.4848,488.0833,-5.2654,1.8957,-0.0001,0,-0.2287,1.5597,-0.2187,1.5539,0.6665,155.1094,150.376,148.3467,154.2363,152.0171,0.8154,0.8062,0.8351,0.7908,0.7908,0.7773,0.7703,0.7901,0.7297,0.7297,0.8042,0.8057,0.8121,0.7664,0.6793,0.7396,0.7441,0.6846,0.6793,0.8128,0.5444,0.8178,0.7637,0.5444,0.846,0.772,0.7382,0.8313,0.8257,0.7701,0.7686,0.7656,0.7382,0,0,0,0,0,v1.0.1,2025_12_22,315.0426,322.844,476.6642,301.708,296.0268,150.8389,148.6954,342.6689,334.7664,489.2117,-5.2609,1.9543,-0.0001,0,-0.2295,1.5602,-0.2181,1.5523,0.6662,161.4629,156.9912,162.5811,162.4678,160.8757,0.6763,0.6883,0.692,0.7002,0.6763,0.6601,0.6413,0.6513,0.647,0.6413,0.6511,0.6543,0.6538,0.6384,0.5854,0.6265,0.6213,0.6016,0.5854,0.6911,0.5114,0.6664,0.6461,0.5114,0.6572,0.651,0.6092,0.6757,0.6785,0.6479,0.6631,0.6225,0.6092,0,0,0,0,0,v1.0.1,2025_12_22,313.5048,314.9429,438.5948,300.4052,299.9402,184.0769,185.521,329.5462,327.7288,445,-6.4421,-4.7058,-0.0001,0,-0.2152,1.567,-0.2131,1.5613,0.675,175.3252,174.1006,171.6797,174.6377,173.9358,0.7821,0.6869,0.7922,0.691,0.6869,0.7389,0.6678,0.7586,0.6579,0.6579,0.7727,0.7505,0.7688,0.7054,0.7054,0.7248,0,0.7227,0.6338,0.6338,0,0,0,0,0,v1.0.1,2025_12_22,313.4466,314.9903,439.5,300.4035,299.7034,183.3475,184.547,329.6154,327.7607,445.8974,-6.5085,-4.6492,-0.0001,0,-0.2147,1.5663,-0.2125,1.5614,0.6751,148.5605,143.2432,142.1416,146.1709,145.0291,0.6611,0.5914,0.6725,0.5998,0.5914,0.6273,0.5721,0.6351,0.579,0.5721,0.6361,0.6243,0.6459,0.5984,0.5984,0.5823,0.5235,0.6014,0.5367,0.5235,0,0,0,0,0,-0.009,-0.0593,-0.0059,-0.0308,-0.0308,-0.0076,-0.056,-0.0139,-0.0385,-0.0385,-0.0051,-0.0046,0.0043,-0.0008,-0.1452,-0.058,-0.0401,-0.0729,0.0022,0.0048,-0.0048,-0.0249,-0.0024,-0.0152,-0.0048,-0.0095,-0.0427,-0.0062,-0.0197,-0.0162,0.0025,-0.0066,-0.0118,-0.0034,-0.0858,-0.0352,-0.0354,-0.0294,0.0105,-0.0109,0.003,-0.1232,-0.0033,-0.1025,-0.0922,0.0046,-0.109,0.0092,-0.086,-0.0764,0.0116,-0.0097,0.0252,0.0191,-0.0014,0.0054,0.0061,-0.0859,0.0075,-0.0755,-0.0636,-0.0089,-0.0755,0.0128,-0.0796,-0.0502,0.0049,-0.0068,0.0101,-0.0065,-0.0065,0.0071,0.0351,TRUE,TRUE
DTC_R_87,LanSi,1,CW_01,B,2026-03-24 14:48:01+08:00,ONLINE,FALSE,,CW_1_01,PASS,,,51.2444035,_2026032414480188201,T20260324144801,DESKTOP-P2DUL42,Loma,1,CW_1_01,1,paul di,2024.0718.155524,V20260126.2,CW_DTCL_DTCR_STC,T20260324144853,51.2444035,TRUE,TRUE,TRUE,TRUE,TRUE,TRUE,TRUE,4S2RND2HBL0DP6,v1.0.1,2025_12_22,314.9926,317.4148,474.8321,297.7153,295.2483,147.5241,149.3922,337.6667,335.4085,485.5,-5.5253,-2.3358,-0.0001,0,-0.2221,1.5546,-0.2212,1.5494,0.6652,155.1406,152.7832,152.3105,154.4766,153.6777,0.8651,0.8293,0.8651,0.8074,0.8074,0.816,0.7748,0.8104,0.7691,0.7691,0.8159,0.811,0.8166,0.8075,0.7604,0.7663,0.7484,0.7529,0.7484,0.8552,0.8225,0.8078,0.3114,0.3114,0.8417,0.8053,0.7891,0.8249,0.8281,0.8556,0.808,0.8417,0.7891,0,0,0,0,0,v1.0.1,2025_12_22,314.9291,317.2908,475.9571,297.5857,295.1007,146.4564,148.1224,337.898,335.5616,486.5342,-5.5658,-2.347,-0.0001,0,-0.2212,1.5547,-0.2224,1.549,0.665,162.7285,157.3105,165.998,165.1846,162.8054,0.7062,0.6917,0.7076,0.6867,0.6867,0.6805,0.649,0.6735,0.6548,0.649,0.6532,0.6517,0.6617,0.6516,0.6445,0.6524,0.6034,0.6279,0.6034,0.6802,0.6589,0.6766,0.2764,0.2764,0.6509,0.6584,0.6598,0.6812,0.6581,0.6719,0.6599,0.6709,0.6509,0,0,0,0,0,v1.0.1,2025_12_22,316.9151,328.6698,441.4522,313.6174,302.2778,195.754,188.377,343.1885,331.4522,457.513,-3.4051,8.2485,0,0.0001,-0.2198,1.5606,-0.212,1.5579,0.6717,177.1299,176.8076,176.6631,177.6826,177.0708,0.7957,0.6887,0.8154,0.6934,0.6887,0.762,0.6631,0.7619,0.6531,0.6531,0.7723,0.7684,0.7579,0.7407,0.7407,0.7463,0.683,0.7194,0,0.683,0,0,0,0,0,v1.0.1,2025_12_22,316.8667,328.8095,442.3333,313.5351,302.2177,195.0726,187.5,343.3333,331.4513,458.3894,-3.4262,8.328,0,0.0001,-0.2206,1.5612,-0.2113,1.5582,0.6719,148.1416,143.1211,144.5635,145.9824,145.4521,0.6524,0.5869,0.676,0.6008,0.5869,0.6352,0.5828,0.6428,0.5591,0.5591,0.6293,0.6337,0.6395,0.6243,0.6243,0.6024,0.5516,0.5696,0.4462,0.4462,0,0,0,0,0,0.0015,-0.045,-0.001,-0.0622,-0.0562,-0.0119,-0.0358,-0.0141,-0.0515,-0.0415,-0.0012,0.001,0.008,0.0002,-0.0471,-0.0454,-0.048,-0.0692,0.0157,0.0062,-0.0032,-0.0198,-0.0021,-0.0426,-0.0227,0.0074,-0.0322,0.0093,-0.0192,-0.0152,-0.0054,-0.0064,0.0031,-0.0174,-0.0126,-0.0104,-0.0273,-0.0141,0.0024,0.0243,0.0093,-0.121,0.0152,-0.1178,-0.0977,-0.0048,-0.0906,0.001,-0.1256,-0.1006,0.0215,0.0139,0.0237,0.0129,-0.0052,-0.0148,0.0003,-0.0614,0.009,-0.0715,-0.0614,-0.0058,-0.0592,0.0123,-0.0831,-0.0714,-0.0004,-0.0006,0.004,0.0096,0.0096,-0.004,-0.0139,TRUE,TRUE
DTC_R_88,LanSi,1,CW_01,C,2026-03-24 14:49:39+08:00,ONLINE,FALSE,,CW_1_01,PASS,,,51.5347599,_2026032414493924701,T20260324144939,DESKTOP-P2DUL42,Loma,1,CW_1_01,1,paul di,2024.0718.155524,V20260126.2,CW_DTCL_DTCR_STC,T20260324145030,51.5347599,TRUE,TRUE,TRUE,TRUE,TRUE,TRUE,TRUE,4S2RND2HBL0DP6,v1.0.1,2025_12_22,315.1606,317.3796,475.3835,297.9474,295.7075,148.6259,149.5101,337.6309,335.9128,485.4564,-5.1651,-2.092,-0.0001,0,-0.2202,1.5555,-0.2211,1.5474,0.6654,155.5439,152.5439,152.2656,155.5391,153.9731,0.8613,0.7925,0.8669,0.7807,0.7807,0.8145,0.7624,0.8266,0.7643,0.7624,0.8132,0.8163,0.812,0.8137,0.717,0.7477,0.7566,0.7571,0.717,0.8311,0.7946,0.7948,0.98,0.7946,0.8398,0.7677,0.7692,0.8237,0.792,0.7423,0.8416,0.8483,0.7423,0,0,0,0,0,v1.0.1,2025_12_22,315.2086,317.3669,476.5,297.8235,295.6174,147.6242,148.349,337.8121,336,486.5,-5.165,-2.0747,-0.0001,0,-0.2201,1.5554,-0.2214,1.548,0.6655,160.833,155.7051,164.1885,163.3926,161.0298,0.7021,0.6718,0.7205,0.672,0.6718,0.6812,0.6378,0.666,0.6457,0.6378,0.6519,0.6588,0.6471,0.6497,0.6376,0.6465,0.617,0.6301,0.617,0.6692,0.659,0.6581,0.0513,0.0513,0.6326,0.6381,0.6538,0.6621,0.6655,0.6211,0.6495,0.6669,0.6211,0,0,0,0,0,v1.0.1,2025_12_22,317.1682,328.8037,441.9174,313.8165,302.696,196.816,188.6311,343.0902,331.9561,456.9737,-3.0262,8.4,0,0.0001,-0.219,1.5611,-0.2102,1.5554,0.6718,176.1895,175.5391,175.584,177.2344,176.1367,0.797,0.6419,0.815,0.6328,0.6328,0.7708,0.6242,0.7709,0.6385,0.6242,0.7738,0.7674,0.7645,0.7438,0.7438,0.757,0.6591,0.7403,0,0.6591,0,0,0,0,0,v1.0.1,2025_12_22,317.0952,328.7238,442.7321,313.7321,302.5197,195.9528,187.6303,343.3193,331.9558,457.708,-3.1134,8.3872,0,0.0001,-0.2182,1.5609,-0.2117,1.5556,0.6716,146.9512,141.7275,143.3232,144.6924,144.1736,0.6504,0.5561,0.6756,0.5654,0.5561,0.636,0.5587,0.6517,0.5501,0.5501,0.6296,0.6383,0.6293,0.627,0.627,0.5979,0.5443,0.568,0.368,0.368,0,0,0,0,0,-0.0023,-0.0818,0.0008,-0.0889,-0.0829,-0.0134,-0.0482,0.0021,-0.0563,-0.0482,-0.0039,0.0063,0.0034,0.0064,-0.0905,-0.064,-0.0398,-0.065,-0.0084,-0.0068,-0.0073,-0.0397,0.0108,-0.0573,-0.0376,0.0081,-0.0434,0.0018,-0.0283,-0.0264,-0.0067,0.0007,-0.0115,-0.0193,-0.0195,-0.0163,-0.0137,-0.0119,-0.0086,0.0058,0.0106,-0.1678,0.0148,-0.1784,-0.1536,0.004,-0.1295,0.01,-0.1402,-0.1295,0.023,0.0129,0.0303,0.016,0.0055,0.0061,-0.0017,-0.0922,0.0086,-0.1069,-0.0922,-0.005,-0.0833,0.0212,-0.0921,-0.0804,-0.0001,0.004,-0.0062,0.0123,0.0123,-0.0085,-0.0155,TRUE,TRUE
DTC_L_88,LanSi,1,CW_01,C,2026-03-24 14:49:39+08:00,ONLINE,FALSE,,CW_1_01,PASS,,,51.3572341,_2026032414493945002,T20260324144939,DESKTOP-P2DUL42,Loma,1,CW_1_01,2,paul di,2024.0718.155524,V20260126.2,CW_DTCL_DTCR_STC,T20260324145030,51.3572341,TRUE,TRUE,TRUE,TRUE,TRUE,TRUE,TRUE,4S2RND2HBL06DS,v1.0.1,2025_12_22,314.1765,322.1471,474.3456,301.5588,294.9007,151.3245,148.3221,341.8054,333.3623,488.7319,-6.4786,1.6135,-0.0001,0,-0.2273,1.5579,-0.2175,1.5556,0.6672,153.7168,150.2031,148.4072,153.4844,151.4529,0.8162,0.7984,0.831,0.8071,0.7984,0.7842,0.7577,0.8102,0.7651,0.7577,0.8094,0.8175,0.8088,0.7725,0.7427,0.7065,0.7762,0.7118,0.7065,0.8028,0.98,0.815,0.8219,0.8028,0.8477,0.7443,0.7362,0.8228,0.8267,0.8341,0.8098,0.7636,0.7362,0,0,0,0,0,v1.0.1,2025_12_22,314.1533,322.1898,475.4493,301.4275,294.8,150.3733,147.226,342,333.6571,489.75,-6.4429,1.6481,-0.0001,0,-0.2275,1.5581,-0.2176,1.5544,0.6669,160.5117,156.6963,162.6289,162.3525,160.5474,0.6792,0.6823,0.6937,0.7007,0.6792,0.6595,0.6214,0.6636,0.6564,0.6214,0.6552,0.6536,0.6627,0.6322,0.6233,0.6295,0.6481,0.6211,0.6211,0.6665,0.4737,0.6781,0.6969,0.4737,0.6653,0.6385,0.6154,0.6769,0.6937,0.689,0.684,0.6269,0.6154,0,0,0,0,0,v1.0.1,2025_12_22,312.5505,314.5138,437.6,300.2957,298.623,183.7623,184.3065,328.9597,326.6975,444.958,-7.5445,-5.0021,-0.0001,-0.0001,-0.2127,1.5642,-0.2117,1.5622,0.6755,174.502,174.4111,172.3359,174.792,174.0103,0.7883,0.6829,0.8034,0.6687,0.6687,0.7395,0.6372,0.7601,0.687,0.6372,0.7663,0.7659,0.7539,0.7085,0.7085,0.7314,0,0.7418,0.7307,0.7307,0,0,0,0,0,v1.0.1,2025_12_22,312.6,314.5,438.4587,300.0367,298.6116,182.9091,183.4113,329.0968,326.7311,445.8571,-7.5375,-5.0201,-0.0001,-0.0001,-0.2139,1.5644,-0.212,1.5631,0.6754,147.2627,142.8848,142.0918,145.7988,144.5095,0.6673,0.5915,0.6792,0.6056,0.5915,0.6432,0.557,0.6202,0.597,0.557,0.6168,0.6211,0.648,0.6066,0.6066,0.5807,0.5006,0.5756,0.5922,0.5006,0,0,0,0,0,-0.0082,-0.0671,-0.01,-0.0145,-0.0232,-0.0007,-0.0686,0.0062,-0.0031,-0.0105,0.0001,0.0072,0.001,0.0053,-0.0818,-0.0911,-0.008,-0.0457,-0.0078,0.002,-0.0019,-0.0309,-0.0007,-0.0147,-0.0019,-0.0101,-0.0626,0.0061,-0.0103,-0.0361,0.0066,-0.0073,-0.0029,-0.0096,-0.0479,-0.0322,-0.0086,-0.0099,-0.0141,0.0008,0.0092,-0.1272,0.0079,-0.1248,-0.1104,0.0052,-0.1396,0.0107,-0.0569,-0.0971,0.0052,0.0057,0.0103,0.0222,0.0052,0.0245,0.0123,-0.0858,0.0142,-0.0697,-0.0635,0.007,-0.0906,-0.0021,-0.0616,-0.0653,-0.0144,-0.01,0.0122,0.0017,0.0017,0.0055,0.0093,TRUE,TRUE
DTC_L_89,LanSi,1,CW_01,A,2026-03-24 14:51:15+08:00,ONLINE,FALSE,,CW_1_01,PASS,,,51.5558012,_2026032414511559002,T20260324145115,DESKTOP-P2DUL42,Loma,1,CW_1_01,2,paul di,2024.0718.155524,V20260126.2,CW_DTCL_DTCR_STC,T20260324145207,51.5558012,TRUE,TRUE,TRUE,TRUE,TRUE,TRUE,TRUE,4S2RND2HBL06DS,v1.0.1,2025_12_22,314.1481,323.9259,474.5,303.8333,294.8618,152.6513,148.2568,344.0811,333.3688,490.4752,-6.4729,3.4934,-0.0001,0,-0.2241,1.5581,-0.2204,1.5554,0.6673,154.4951,150.0928,148.4697,153.585,151.6606,0.8262,0.8099,0.8383,0.789,0.789,0.7569,0.7558,0.8023,0.7462,0.7462,0.8123,0.813,0.821,0.7773,0.7407,0.7272,0.7454,0.7011,0.7011,0.8287,0.7219,0.8277,0.8325,0.7219,0.8411,0.772,0.7672,0.8434,0.8225,0.8331,0.7976,0.7755,0.7672,0,0,0,0,0,v1.0.1,2025_12_22,314.1714,323.9857,475.5766,303.6131,294.7763,151.6711,147.1879,344.2416,333.5915,491.5,-6.4392,3.5023,-0.0001,0,-0.225,1.5582,-0.2202,1.5549,0.667,161.0488,156.4404,162.667,161.5488,160.4263,0.6827,0.679,0.7001,0.7046,0.679,0.6444,0.6365,0.6594,0.657,0.6365,0.653,0.6566,0.6573,0.6397,0.6256,0.6266,0.6288,0.6129,0.6129,0.6619,0.536,0.6732,0.6939,0.536,0.6586,0.6485,0.6347,0.6845,0.6859,0.6816,0.6609,0.6342,0.6342,0,0,0,0,0,v1.0.1,2025_12_22,312.5,316.1132,437.5478,302.3826,298.626,184.8699,184.168,330.928,326.6723,446.8739,-7.5972,-3.2665,-0.0001,0,-0.2088,1.565,-0.2144,1.5623,0.676,174.5625,173.4434,171.334,173.9043,173.311,0.7783,0.6852,0.8021,0.6854,0.6852,0.7254,0.6609,0.7609,0.6526,0.6526,0.7734,0.7723,0.7508,0.7115,0.7115,0.7269,0,0.7397,0.7239,0.7239,0,0,0,0,0,v1.0.1,2025_12_22,312.5,316.1132,438.4685,302.1171,298.4344,184.0738,183.314,331.0661,326.6529,447.6364,-7.626,-3.2987,-0.0001,0,-0.2101,1.5642,-0.2147,1.5631,0.6756,147.7285,142.6416,142.1514,145.2568,144.4446,0.6564,0.592,0.6851,0.6077,0.592,0.6119,0.5587,0.6286,0.5993,0.5587,0.637,0.6286,0.6467,0.6091,0.6091,0.5895,0.5301,0.5971,0.5745,0.5301,0,0,0,0,0,0.0018,-0.0556,-0.0027,-0.0326,-0.0326,-0.028,-0.0705,-0.0017,-0.022,-0.022,0.003,0.0027,0.0132,0.0101,-0.0838,-0.0704,-0.0388,-0.0564,0.0181,0.0147,0.0016,-0.0342,0.0057,-0.0108,-0.0021,-0.0252,-0.0475,0.0019,-0.0097,-0.021,0.0044,-0.0043,-0.0083,-0.0021,-0.0456,-0.0351,-0.0279,-0.0181,-0.0187,-0.0041,-0.0008,-0.1249,0.0066,-0.1081,-0.0939,-0.0089,-0.1159,0.0115,-0.0913,-0.0817,0.0123,0.0121,0.0072,0.0252,0.0007,0.0224,0.0014,-0.0853,0.0201,-0.0676,-0.063,-0.0243,-0.0889,0.0063,-0.0593,-0.0636,0.0058,-0.0025,0.0109,0.0042,0.0042,0.0143,0.0308,TRUE,TRUE
DTC_R_89,LanSi,1,CW_01,A,2026-03-24 14:51:15+08:00,ONLINE,FALSE,,CW_1_01,PASS,,,51.6315991,_2026032414511553801,T20260324145115,DESKTOP-P2DUL42,Loma,1,CW_1_01,1,paul di,2024.0718.155524,V20260126.2,CW_DTCL_DTCR_STC,T20260324145207,51.6315991,TRUE,TRUE,TRUE,TRUE,TRUE,TRUE,TRUE,4S2RND2HBL0DP6,v1.0.1,2025_12_22,315,317.5368,474.8467,297.8102,295.3288,147.6164,149.3377,338.2781,335.2286,486.1214,-5.5516,-2.0274,-0.0001,0,-0.2223,1.555,-0.224,1.5509,0.6649,155.2295,153.0869,152.6943,154.9004,153.9778,0.8624,0.8209,0.8776,0.8275,0.8209,0.8269,0.7831,0.8278,0.7721,0.7721,0.8212,0.8205,0.7997,0.8066,0.7477,0.7684,0.7451,0.7626,0.7451,0.8442,0.8057,0.8105,0.3674,0.3674,0.8309,0.754,0.7922,0.8267,0.8078,0.7699,0.7759,0.8368,0.754,0,0,0,0,0,v1.0.1,2025_12_22,314.95,317.5786,475.8786,297.6357,295.2109,146.6327,148.2067,338.3067,335.3121,487.1064,-5.5884,-2.048,-0.0001,0,-0.2228,1.5553,-0.2232,1.5507,0.665,160.5928,153.624,162.2129,163.0518,159.8704,0.6983,0.6926,0.7205,0.7001,0.6926,0.6732,0.6619,0.6775,0.656,0.656,0.6448,0.6513,0.6408,0.6506,0.6415,0.653,0.6134,0.6334,0.6134,0.6663,0.666,0.6867,0.4818,0.4818,0.6421,0.6558,0.6574,0.6672,0.6529,0.6734,0.662,0.6685,0.6421,0,0,0,0,0,v1.0.1,2025_12_22,316.8774,329.0472,441.4,313.7043,302.3571,196.0714,188.2683,343.4146,331.2456,458.1579,-3.4703,8.5791,0,0.0001,-0.2221,1.5615,-0.2107,1.5594,0.672,177.1934,177.4717,177.2734,178.0771,177.5039,0.7971,0.6976,0.8085,0.7137,0.6976,0.7594,0.6671,0.7719,0.6718,0.6671,0.7718,0.7746,0.7307,0.7359,0.7307,0.7395,0.6777,0.7531,0,0.6777,0,0,0,0,0,v1.0.1,2025_12_22,316.8476,329,442.2035,313.6195,302.24,195.144,187.4417,343.5833,331.4052,458.7414,-3.4724,8.5176,0,0.0001,-0.2216,1.5616,-0.2117,1.5585,0.6717,146.1875,139.6836,141.2061,144.1436,142.8052,0.6599,0.5951,0.6838,0.6063,0.5951,0.6492,0.5933,0.647,0.5673,0.5673,0.6415,0.6305,0.6017,0.6131,0.6017,0.5979,0.5642,0.5698,0.5354,0.5354,0,0,0,0,0,-0.0012,-0.0534,0.0115,-0.0421,-0.0427,-0.001,-0.0275,0.0033,-0.0485,-0.0385,0.0041,0.0105,-0.0089,-0.0007,-0.0598,-0.0433,-0.0513,-0.0595,0.0047,0.0089,-0.0111,-0.0189,0.0108,-0.0292,-0.0168,0.0001,-0.0193,0.0133,-0.018,-0.0082,-0.0138,-0.0068,-0.0178,-0.0184,-0.0156,-0.0098,-0.0173,-0.0086,-0.0115,0.0344,0.0107,-0.1121,0.0083,-0.0975,-0.0888,-0.0074,-0.0866,0.011,-0.1069,-0.0866,0.021,0.0201,-0.0035,0.0081,-0.012,0.0189,0.0078,-0.0532,0.0168,-0.066,-0.0532,0.0082,-0.0487,0.0165,-0.0749,-0.0632,0.0118,-0.0038,-0.0338,-0.0016,-0.013,-0.0085,-0.0137,TRUE,TRUE
DTC_L_90,LanSi,1,CW_01,B,2026-03-24 14:55:24+08:00,ONLINE,False,,CW_1_01,PASS,,,51.8297221,_2026032414552491402,T20260324145524,DESKTOP-P2DUL42,Loma,1,CW_1_01,2,paul di,2024.0718.155524,V20260126.2,CW_DTCL_DTCR_STC,T20260324145616,51.8297221,True,True,True,True,True,True,True,4S2RND2HBL06DS,v1.0.1,2025_12_22,315.2222,321.1333,475.7388,300.0299,296.2953,149.4631,150,341,334.7286,487.4429,-5.103,0.3138,-0.0001,0.0,-0.2302,1.5605,-0.2192,1.5535,0.6662,155.4082,151.3418,149.4902,154.7998,152.76,0.8197,0.8099,0.8408,0.7883,0.7883,0.781,0.7473,0.8094,0.7473,0.7473,0.8237,0.8097,0.8239,0.7611,0.7169,0.7283,0.7432,0.6858,0.6858,0.8137,0.7648,0.8357,0.7821,0.7648,0.8326,0.7378,0.7155,0.8448,0.7869,0.7599,0.7597,0.7769,0.7155,0,0,0,0,0,v1.0.1,2025_12_22,315.2302,321.2014,476.8333,299.9783,296.0592,148.5658,148.8121,341.2282,334.8,488.5857,-5.153,0.4119,-0.0001,0.0,-0.2301,1.5597,-0.2192,1.5539,0.6661,160.668,156.9189,162.4541,161.7764,160.4543,0.6844,0.6956,0.6961,0.694,0.6844,0.6515,0.6227,0.6491,0.6515,0.6227,0.6564,0.6607,0.6439,0.6394,0.6062,0.6326,0.6349,0.6004,0.6004,0.6893,0.6333,0.6781,0.6697,0.6333,0.6499,0.6221,0.6012,0.6733,0.6748,0.6651,0.6595,0.6282,0.6012,0,0,0,0,0,v1.0.1,2025_12_22,313.7736,313.5377,438.8288,298.8108,300.0333,182.0417,185.6066,328.2459,327.8947,444.0526,-6.2726,-6.1623,-0.0001,-0.0001,-0.2167,1.5662,-0.2137,1.5625,0.6746,175.4766,174.6904,172.6074,175.3594,174.5334,0.7815,0.6922,0.8109,0.6663,0.6663,0.7283,0.6368,0.7511,0.6483,0.6368,0.7658,0.7668,0.7602,0.6916,0.6916,0.7267,0,0.7224,0.6543,0.6543,0,0,0,0,0,v1.0.1,2025_12_22,313.6422,313.5321,439.7321,298.7321,299.931,181.4224,184.6134,328.3025,327.906,444.8718,-6.335,-6.1278,-0.0001,-0.0001,-0.2163,1.5669,-0.2135,1.5621,0.6748,147.8633,143.3115,142.2539,145.582,144.7527,0.6571,0.5779,0.6702,0.6197,0.5779,0.6243,0.5414,0.6284,0.5753,0.5414,0.6304,0.6379,0.6386,0.6068,0.6068,0.5789,0.5129,0.5661,0.5325,0.5129,0,0,0,0,0,-0.0047,-0.0556,-0.0002,-0.0333,-0.0333,-0.0039,-0.079,0.0054,-0.0209,-0.0209,0.0144,-0.0006,0.0161,-0.0061,-0.1076,-0.0693,-0.041,-0.0717,0.0031,0.0227,0.0033,-0.0176,0.0017,-0.0214,0.0033,-0.0181,-0.0613,-0.0084,-0.0152,-0.0348,0.0078,-0.0002,-0.0217,-0.0024,-0.065,-0.0291,-0.0218,-0.0306,0.0087,0.0008,0.0024,-0.1179,0.0154,-0.1272,-0.1128,-0.006,-0.14,0.0017,-0.0956,-0.0975,0.0047,0.0066,0.0166,0.0053,0.0005,0.0051,0.0021,-0.0994,0.0052,-0.0556,-0.0771,-0.0119,-0.1062,0.0061,-0.0833,-0.0809,-0.0008,0.0068,0.0028,0.0019,0.0019,0.0037,-0.0002,True,True
DTC_R_90,LanSi,1,CW_01,B,2026-03-24 14:55:24+08:00,ONLINE,False,,CW_1_01,PASS,,,51.9095085,_2026032414552484001,T20260324145524,DESKTOP-P2DUL42,Loma,1,CW_1_01,1,paul di,2024.0718.155524,V20260126.2,CW_DTCL_DTCR_STC,T20260324145616,51.9095085,True,True,True,True,True,True,True,4S2RND2HBL0DP6,v1.0.1,2025_12_22,315.1087,316.1739,475.2721,296.5074,295.4266,147.8531,149.26,336.26,335.8667,485.1267,-5.3132,-3.1158,-0.0001,-0.0,-0.2217,1.5539,-0.22,1.548,0.6651,154.3359,151.6787,151.2441,154.4082,152.9167,0.8619,0.7741,0.8671,0.7892,0.7741,0.8225,0.7358,0.8196,0.7891,0.7358,0.813,0.8162,0.8058,0.8194,0.7267,0.7166,0.7923,0.7783,0.7166,0.8379,0.7987,0.8004,0.98,0.7987,0.8556,0.7608,0.7581,0.8159,0.7961,0.7231,0.8307,0.8472,0.7231,0,0,0,0,0,v1.0.1,2025_12_22,315.0429,316.1071,476.3406,296.3406,295.1181,147.0347,148.0533,336.4333,335.8859,486.2685,-5.4119,-3.0632,-0.0001,-0.0,-0.2214,1.553,-0.2206,1.5484,0.6648,161.541,156.002,164.291,163.9434,161.4443,0.7043,0.6536,0.7166,0.6676,0.6536,0.6753,0.6325,0.6652,0.6558,0.6325,0.6471,0.6547,0.6613,0.646,0.6227,0.6331,0.6202,0.6239,0.6202,0.6762,0.6468,0.6515,0.2483,0.2483,0.6451,0.6351,0.65,0.6686,0.6585,0.6232,0.6493,0.6798,0.6232,0,0,0,0,0,v1.0.1,2025_12_22,317.0187,327.5514,441.6667,312.4649,302.4567,195.8819,188.2893,341.6033,331.5948,456.4655,-3.2948,7.2934,-0.0,0.0001,-0.2199,1.5601,-0.2082,1.5577,0.6724,175.9619,175.7578,175.8398,177.6445,176.301,0.7964,0.6097,0.824,0.6552,0.6097,0.7664,0.6199,0.7692,0.6758,0.6199,0.7785,0.7723,0.7497,0.7483,0.7483,0.76,0.6656,0.7426,0,0.6656,0,0,0,0,0,v1.0.1,2025_12_22,317,327.6038,442.5702,312.4298,302.3516,195.0625,187.35,341.825,331.7069,457.3362,-3.3043,7.3515,-0.0,0.0001,-0.2197,1.5602,-0.2087,1.5574,0.6723,146.8086,141.6953,143.3662,144.7607,144.1577,0.6692,0.5369,0.6757,0.5816,0.5369,0.6276,0.5393,0.6401,0.5804,0.5393,0.6391,0.6561,0.6238,0.6264,0.6238,0.5934,0.542,0.5772,0.4543,0.4543,0,0,0,0,0,-0.0017,-0.1002,0.001,-0.0804,-0.0895,-0.0054,-0.0748,-0.0049,-0.0315,-0.0748,-0.0041,0.0062,-0.0028,0.0121,-0.0808,-0.0951,-0.0041,-0.0438,-0.0016,-0.0012,-0.0051,-0.0579,0.0069,-0.0617,-0.0558,0.0022,-0.0487,0.001,-0.0182,-0.0317,-0.0115,-0.0034,0.0027,-0.023,-0.0344,-0.0297,-0.0105,-0.0181,-0.0016,-0.0008,0.01,-0.2,0.0238,-0.156,-0.1767,-0.0004,-0.1338,0.0083,-0.1029,-0.1338,0.0277,0.0178,0.0155,0.0205,0.0085,0.0084,0.0171,-0.1114,0.0087,-0.0907,-0.1114,-0.0134,-0.1027,0.0096,-0.0618,-0.0912,0.0094,0.0218,-0.0117,0.0117,0.0091,-0.013,-0.0063,True,True
DTC_R_91,LanSi,1,CW_01,C,2026-03-24 14:56:52+08:00,ONLINE,False,,CW_1_01,FAIL,SFR_VIS_25cm_Ny4_06F_ROI13;SFR_VIS_25cm_Ny4_06F_ROI14;SFR_VIS_25cm_Ny4_06F_Min;SFR_VIS_25cm_Ny4_06F_ROI14_Dev,sfr_25Algo,51.6081748,_2026032414565256401,T20260324145652,DESKTOP-P2DUL42,Loma,1,CW_1_01,1,paul di,2024.0718.155524,V20260126.2,CW_DTCL_DTCR_STC,T20260324145744,51.6081748,True,True,True,True,True,True,True,4S2RND2HBL0DP6,v1.0.1,2025_12_22,315,316.0863,474.7778,296.1333,295.1933,147.2867,149.2649,336.4636,335.292,484,-5.5944,-3.506,-0.0001,-0.0,-0.2237,1.5535,-0.2218,1.55,0.6645,154.3623,151.6133,150.9678,153.8184,152.6904,0.8702,0.8118,0.8703,0.8221,0.8118,0.8238,0.7608,0.8246,0.7858,0.7608,0.8158,0.8222,0.8125,0.7995,0.6473,0.6184,0.7046,0.7017,0.6184,0.8415,0.8267,0.8065,0.3827,0.3827,0.8538,0.7861,0.7869,0.8229,0.775,0.7892,0.8109,0.8411,0.775,0,0,0,0,0,v1.0.1,2025_12_22,314.9571,316.1071,475.9353,296.0647,295.1544,146.2617,148.1242,336.5033,335.5461,484.9929,-5.5566,-3.514,-0.0001,-0.0,-0.2234,1.5542,-0.2211,1.549,0.6647,161.833,156.4785,164.7646,164.1973,161.8184,0.7055,0.6781,0.7104,0.7047,0.6781,0.6701,0.6429,0.6677,0.6525,0.6429,0.6504,0.6499,0.6633,0.664,0.5736,0.5707,0.5804,0.5997,0.5707,0.6862,0.6669,0.6613,0.4572,0.4572,0.6571,0.6411,0.6553,0.6672,0.6363,0.6701,0.6562,0.6784,0.6363,0,0,0,0,0,v1.0.1,2025_12_22,316.9151,327.6698,441.4298,312.5702,302.2623,194.9016,188.168,342.072,331.3805,456.2035,-3.4689,7.1834,-0.0,0.0001,-0.2202,1.5604,-0.2109,1.5582,0.6719,176.2578,175.376,175.3184,176.9629,175.9788,0.8079,0.6895,0.8193,0.7034,0.6895,0.7632,0.7393,0.7733,0.6639,0.6639,0.7618,0.7792,0.763,0.7382,0.7382,0.7544,0.6907,0.7377,0,0.6907,0,0,0,0,0,v1.0.1,2025_12_22,316.8585,327.7547,442.2389,312.4159,302.1157,194.0992,187.3471,342.2231,331.5,456.9091,-3.488,7.1804,-0.0,0.0001,-0.2212,1.5604,-0.2107,1.5574,0.6715,147.3047,142.248,143.877,144.999,144.6072,0.6648,0.5807,0.6891,0.5981,0.5807,0.6416,0.6182,0.6538,0.5643,0.5643,0.6356,0.6333,0.6342,0.6227,0.6227,0.5854,0.5492,0.5674,0.5282,0.5282,0,0,0,0,0,0.0066,-0.0625,0.0042,-0.0475,-0.0518,-0.0041,-0.0498,0.0001,-0.0348,-0.0498,-0.0013,0.0122,0.0039,-0.0078,-0.1602,-0.1933,-0.0918,-0.1204,0.002,0.0049,-0.0039,-0.0334,0.0007,-0.0246,-0.0313,-0.003,-0.0383,0.0035,-0.0215,-0.0213,-0.0082,-0.0082,0.0047,-0.005,-0.0835,-0.0921,-0.0503,-0.0423,0.0084,0.009,0.0215,-0.1202,0.0191,-0.1078,-0.0969,-0.0036,-0.0144,0.0124,-0.1148,-0.0898,0.011,0.0247,0.0288,0.0104,0.0029,0.0035,0.0127,-0.0676,0.0221,-0.0742,-0.0676,0.0006,-0.0238,0.0233,-0.0779,-0.0662,0.0059,-0.001,-0.0013,0.008,0.008,-0.021,-0.0161,True,True
DTC_L_91,LanSi,1,CW_01,C,2026-03-24 14:56:52+08:00,ONLINE,False,,CW_1_01,PASS,,,51.6351025,_2026032414565256402,T20260324145652,DESKTOP-P2DUL42,Loma,1,CW_1_01,2,paul di,2024.0718.155524,V20260126.2,CW_DTCL_DTCR_STC,T20260324145744,51.6351025,True,True,True,True,True,True,True,4S2RND2HBL06DS,v1.0.1,2025_12_22,314.1691,323.2353,474.4179,303.0373,294.8322,152.4497,148.4539,343,333.5489,489,-6.4156,2.6445,-0.0001,0.0,-0.2249,1.5575,-0.2182,1.5539,0.6671,155.1777,150.7334,147.5068,153.8652,151.8208,0.8171,0.7919,0.8351,0.7943,0.7919,0.7835,0.7715,0.7998,0.7236,0.7236,0.7998,0.8225,0.8,0.7768,0.7383,0.7114,0.7235,0.6871,0.6871,0.8187,0.5527,0.8227,0.827,0.5527,0.8403,0.7809,0.7402,0.8399,0.8098,0.8236,0.7757,0.7819,0.7402,0,0,0,0,0,v1.0.1,2025_12_22,314.1679,323.2847,475.4851,302.9627,294.6333,151.4933,147.32,343.1467,333.708,490,-6.4371,2.6775,-0.0001,0.0,-0.2248,1.5571,-0.218,1.5536,0.667,161.6211,156.9795,161.7734,162.2207,160.6487,0.6681,0.6774,0.7014,0.6994,0.6681,0.6555,0.6352,0.6574,0.6346,0.6346,0.6508,0.6524,0.6561,0.6339,0.6239,0.6257,0.6231,0.6037,0.6037,0.6727,0.4911,0.6761,0.6785,0.4911,0.6558,0.6503,0.6099,0.6725,0.6717,0.6836,0.6551,0.6416,0.6099,0,0,0,0,0,v1.0.1,2025_12_22,312.4486,315.5794,437.5221,301.4513,298.6446,184.8099,184.439,330.1382,326.6417,445.8417,-7.5608,-3.9359,-0.0001,-0.0,-0.212,1.5651,-0.2127,1.5618,0.6755,175.1455,173.7432,170.2832,173.8828,173.2637,0.7662,0.6674,0.7932,0.6844,0.6674,0.741,0.6541,0.7566,0.6441,0.6441,0.7975,0.7787,0.7573,0.7025,0.7025,0.7235,0,0.7349,0.7095,0.7095,0,0,0,0,0,v1.0.1,2025_12_22,312.4,315.5,438.4052,301.4052,298.4715,184.0407,183.5,330.3333,326.7797,446.6864,-7.5887,-3.9069,-0.0001,-0.0,-0.2109,1.5647,-0.2141,1.5611,0.6752,148.4707,143.1221,141.3955,145.7598,144.687,0.6318,0.5781,0.6754,0.6086,0.5781,0.6168,0.567,0.6189,0.5735,0.567,0.6412,0.6407,0.6472,0.6215,0.6215,0.5895,0.5454,0.5911,0.5673,0.5454,0,0,0,0,0,-0.0073,-0.0736,-0.0059,-0.0273,-0.0297,-0.0014,-0.0548,-0.0042,-0.0446,-0.0446,-0.0095,0.0122,-0.0078,0.0096,-0.0862,-0.0862,-0.0607,-0.0704,0.0081,0.0097,-0.013,-0.0358,0.007,-0.016,-0.013,-0.0141,-0.0488,-0.0001,-0.0321,-0.0229,0.0022,-0.0085,-0.0095,-0.0079,-0.0473,-0.036,-0.0336,-0.0273,-0.0079,-0.0012,-0.0129,-0.1427,-0.0023,-0.1091,-0.1117,0.0067,-0.1227,0.0072,-0.0998,-0.0902,0.0364,0.0185,0.0137,0.0162,-0.0027,0.0176,-0.0232,-0.0992,0.0104,-0.0667,-0.0769,-0.0194,-0.0806,-0.0034,-0.0851,-0.0553,0.01,0.0096,0.0114,0.0166,0.0166,0.0143,0.0248,True,True
DTC_L_92,LanSi,1,CW_01,A,2026-03-24 14:58:24+08:00,ONLINE,False,,CW_1_01,PASS,,,51.4606644,_2026032414582448002,T20260324145824,DESKTOP-P2DUL42,Loma,1,CW_1_01,2,paul di,2024.0718.155524,V20260126.2,CW_DTCL_DTCR_STC,T20260324145915,51.4606644,True,True,True,True,True,True,True,4S2RND2HBL06DS,v1.0.1,2025_12_22,314.2612,322.8955,474.2555,302.3796,294.8954,152.2288,148.2961,342.5526,333.4044,488.9191,-6.4775,2.2951,-0.0001,0.0,-0.227,1.5573,-0.2174,1.5555,0.6671,154.2598,150.0088,147.5146,153.4434,151.3066,0.8286,0.7951,0.8305,0.7953,0.7951,0.7807,0.7561,0.8104,0.7394,0.7394,0.8116,0.83,0.8069,0.7793,0.7331,0.7252,0.7612,0.6971,0.6971,0.8244,0.7463,0.8115,0.8189,0.7463,0.8354,0.7691,0.7583,0.8414,0.8355,0.8174,0.7884,0.7734,0.7583,0,0,0,0,0,v1.0.1,2025_12_22,314.2536,322.971,475.3358,302.292,294.8133,151.2267,147.2133,342.72,333.5956,489.9191,-6.4577,2.3258,-0.0001,0.0,-0.2272,1.5576,-0.2172,1.5549,0.667,162.2695,157.4053,163.2412,163.2393,161.5388,0.6858,0.6776,0.7021,0.6953,0.6776,0.6635,0.6289,0.6545,0.6431,0.6289,0.6578,0.6632,0.6532,0.6416,0.6127,0.6356,0.6329,0.6032,0.6032,0.6756,0.5032,0.6771,0.6978,0.5032,0.6451,0.6611,0.6186,0.6915,0.6732,0.6732,0.6621,0.63,0.6186,0,0,0,0,0,v1.0.1,2025_12_22,312.6635,315.2115,437.6636,300.9364,298.7083,184.625,184.3417,329.725,326.5478,445.487,-7.515,-4.303,-0.0001,-0.0,-0.2132,1.5638,-0.2121,1.5641,0.6757,175.3633,173.9727,172.1123,174.6377,174.0215,0.7823,0.6767,0.8074,0.6773,0.6767,0.7374,0.663,0.7606,0.6647,0.663,0.7702,0.7718,0.7613,0.7028,0.7028,0.7143,0,0.7328,0.7284,0.7143,0,0,0,0,0,v1.0.1,2025_12_22,312.5524,315.1238,438.4821,300.7589,298.625,183.8583,183.3852,329.8115,326.6525,446.2712,-7.5605,-4.3353,-0.0001,-0.0,-0.2131,1.5646,-0.2127,1.5632,0.6755,148.9805,143.9395,142.8027,146.6533,145.594,0.6527,0.5781,0.6817,0.6057,0.5781,0.6202,0.559,0.6238,0.589,0.559,0.6544,0.6369,0.6362,0.6171,0.6171,0.5871,0.5345,0.5898,0.5637,0.5345,0,0,0,0,0,0.0042,-0.0704,-0.0105,-0.0263,-0.0265,-0.0042,-0.0702,0.0064,-0.0288,-0.0288,0.0023,0.0197,-0.0009,0.0121,-0.0914,-0.0724,-0.023,-0.0604,0.0138,-0.0015,0.0047,-0.0356,0.0077,-0.0201,-0.0035,-0.0061,-0.0551,-0.003,-0.0236,-0.0286,0.0092,0.0023,-0.0124,-0.0002,-0.0585,-0.0261,-0.0238,-0.0278,-0.005,-0.0002,0.0032,-0.1334,0.0119,-0.1162,-0.1024,0.0031,-0.1138,0.0112,-0.0792,-0.0713,0.0091,0.0116,0.0177,0.0165,-0.0119,0.0155,-0.0023,-0.0992,0.0167,-0.0696,-0.0769,-0.016,-0.0886,0.0015,-0.0696,-0.0633,0.0232,0.0058,0.0004,0.0122,0.0122,0.0119,0.0235,True,True
DTC_R_92,LanSi,1,CW_01,A,2026-03-24 14:58:24+08:00,ONLINE,False,,CW_1_01,PASS,,,51.4646539,_2026032414582448001,T20260324145824,DESKTOP-P2DUL42,Loma,1,CW_1_01,1,paul di,2024.0718.155524,V20260126.2,CW_DTCL_DTCR_STC,T20260324145915,51.4646539,True,True,True,True,True,True,True,4S2RND2HBL0DP6,v1.0.1,2025_12_22,314.9635,317.2409,474.8345,297.6187,295.1918,147.1575,149.3922,337.6667,335.2113,485.4085,-5.5814,-2.4816,-0.0001,-0.0,-0.2216,1.5546,-0.2222,1.5505,0.6653,155.5547,153.9844,153.4736,155.0459,154.5146,0.852,0.8326,0.8754,0.7956,0.7956,0.8235,0.7792,0.8222,0.7768,0.7768,0.8052,0.8181,0.8032,0.8317,0.7694,0.7697,0.7471,0.7573,0.7471,0.8453,0.8025,0.8066,0.3644,0.3644,0.8396,0.7991,0.7983,0.8239,0.8135,0.8279,0.8077,0.8548,0.7983,0,0,0,0,0,v1.0.1,2025_12_22,314.922,317.2411,475.8759,297.4672,295.1419,146.2162,148.2162,337.8649,335.3147,486.3287,-5.6059,-2.4764,-0.0001,-0.0,-0.2217,1.5551,-0.2226,1.5503,0.6653,160.5273,153.8916,162.3154,163.0439,159.9446,0.7074,0.6824,0.709,0.6758,0.6758,0.6793,0.6535,0.6727,0.6567,0.6535,0.6591,0.6524,0.6574,0.6573,0.6418,0.6549,0.6208,0.6252,0.6208,0.6866,0.6618,0.6651,0.4397,0.4397,0.6381,0.6486,0.6666,0.6741,0.6716,0.6852,0.6697,0.6788,0.6381,0,0,0,0,0,v1.0.1,2025_12_22,316.8774,328.7547,441.4513,313.7168,302.2913,195.4567,188.4167,343.3417,331.4298,457.4386,-3.4067,8.2417,-0.0,0.0001,-0.2196,1.5613,-0.2126,1.5577,0.6717,176.3613,177.0791,176.8711,177.1582,176.8674,0.8037,0.7046,0.8223,0.67,0.67,0.7652,0.6777,0.7727,0.6661,0.6661,0.766,0.7725,0.761,0.7329,0.7329,0.7448,0.6897,0.7348,0,0.6897,0,0,0,0,0,v1.0.1,2025_12_22,316.8095,328.9048,442.2456,313.5877,302.296,194.808,187.5,343.5,331.3333,458.1842,-3.4631,8.2969,-0.0,0.0001,-0.221,1.5625,-0.2119,1.5584,0.672,145.9287,139.8691,141.4756,144.0693,142.8357,0.6675,0.6057,0.6763,0.5908,0.5908,0.6404,0.6019,0.6376,0.5722,0.5722,0.6232,0.6253,0.6242,0.622,0.622,0.6017,0.5499,0.5689,0.5099,0.5099,0,0,0,0,0,-0.0116,-0.0417,0.0093,-0.074,-0.068,-0.0044,-0.0314,-0.0023,-0.0438,-0.0338,-0.0119,0.0081,-0.0054,0.0244,-0.0381,-0.042,-0.0493,-0.0648,0.0058,0.005,-0.002,-0.0291,-0.0007,-0.0535,-0.0336,0.0062,-0.0277,0.0085,-0.0173,-0.0107,0.0005,-0.0057,-0.0012,-0.0117,-0.0153,-0.0079,-0.0099,-0.0168,0.0088,0.0128,0.0173,-0.1051,0.0221,-0.1412,-0.1164,-0.0016,-0.076,0.0118,-0.1126,-0.0876,0.0152,0.018,0.0268,0.0051,-0.0067,0.0006,0.0154,-0.0426,0.0093,-0.0815,-0.0575,-0.0006,-0.0401,0.0071,-0.07,-0.0583,-0.0065,-0.009,-0.0113,0.0073,0.0073,-0.0047,-0.0146,True,True
DTC_R_93,LanSi,1,CW_01,B,2026-03-24 14:59:58+08:00,ONLINE,False,,CW_1_01,PASS,,,51.5372908,_2026032414595851001,T20260324145958,DESKTOP-P2DUL42,Loma,1,CW_1_01,1,paul di,2024.0718.155524,V20260126.2,CW_DTCL_DTCR_STC,T20260324150050,51.5372908,True,True,True,True,True,True,True,4S2RND2HBL0DP6,v1.0.1,2025_12_22,314.9118,316.5,474.7914,296.3669,295.1497,147.1701,149.2014,336.9514,335.2199,484.2199,-5.6452,-3.2584,-0.0001,-0.0,-0.2248,1.5541,-0.2223,1.5498,0.6642,155.1201,152.8857,152.166,155.0234,153.7988,0.8646,0.8515,0.866,0.8455,0.8455,0.8095,0.7419,0.8182,0.7631,0.7419,0.8106,0.8105,0.8234,0.8087,0.7453,0.7414,0.7421,0.6815,0.6815,0.8393,0.8059,0.7947,0.1363,0.1363,0.8419,0.7721,0.7866,0.8408,0.7981,0.8161,0.7404,0.8474,0.7404,0,0,0,0,0,v1.0.1,2025_12_22,314.9562,316.5182,475.8786,296.2571,295.1419,146.2162,148,337,335.3706,485.2797,-5.6305,-3.2457,-0.0001,-0.0,-0.2247,1.5545,-0.2216,1.5499,0.6645,163.417,157.8008,166.1162,165.5664,163.2251,0.7054,0.6969,0.717,0.7141,0.6969,0.6863,0.6367,0.6696,0.6388,0.6367,0.6511,0.6556,0.6632,0.6746,0.6403,0.6369,0.5928,0.592,0.592,0.6809,0.6683,0.6754,0.4575,0.4575,0.6381,0.6595,0.6639,0.6621,0.6504,0.6597,0.6527,0.6876,0.6381,0,0,0,0,0,v1.0.1,2025_12_22,316.8785,327.8972,441.4298,312.5702,302.3821,195.2927,188.2417,342.2917,331.4513,456.3894,-3.4233,7.3882,-0.0,0.0001,-0.2219,1.5614,-0.2109,1.5573,0.6715,177.3438,177.0898,177.0645,178.0273,177.3813,0.8027,0.6796,0.8171,0.6982,0.6796,0.7662,0.6502,0.7758,0.6237,0.6237,0.7626,0.7696,0.7614,0.7339,0.7339,0.7352,0.682,0.7373,0,0.682,0,0,0,0,0,v1.0.1,2025_12_22,316.8476,328,442.1842,312.5088,302.224,194.616,187.4417,342.4167,331.4224,457.2328,-3.476,7.4548,-0.0,0.0001,-0.2225,1.5611,-0.2104,1.558,0.6715,148.4912,143.2949,144.7266,146.2598,145.6931,0.6638,0.5771,0.6778,0.6093,0.5771,0.6335,0.562,0.6394,0.5492,0.5492,0.6283,0.643,0.6265,0.614,0.614,0.5811,0.5455,0.6013,0.5288,0.5288,0,0,0,0,0,0.001,-0.0228,-0.0001,-0.0241,-0.0181,-0.0184,-0.0687,-0.0063,-0.0575,-0.0687,-0.0065,0.0005,0.0148,0.0014,-0.0622,-0.0703,-0.0543,-0.1406,-0.0002,-0.0069,-0.004,-0.0146,0.0073,-0.0152,-0.0125,0.0132,-0.0445,0.0054,-0.0352,-0.0275,-0.0075,-0.0025,0.0046,0.0056,-0.0168,-0.0259,-0.0379,-0.05,0.0031,0.0231,0.0163,-0.1301,0.0169,-0.113,-0.1068,-0.0006,-0.1035,0.0149,-0.155,-0.13,0.0118,0.0151,0.0272,0.0061,-0.0163,0.0031,0.0117,-0.0712,0.0108,-0.063,-0.0712,-0.0075,-0.08,0.0089,-0.093,-0.0813,-0.0014,0.0087,-0.009,-0.0007,-0.0007,-0.0253,0.0178,True,True
DTC_L_93,LanSi,1,CW_01,B,2026-03-24 14:59:58+08:00,ONLINE,False,,CW_1_01,PASS,,,51.6659473,_2026032414595839302,T20260324145958,DESKTOP-P2DUL42,Loma,1,CW_1_01,2,paul di,2024.0718.155524,V20260126.2,CW_DTCL_DTCR_STC,T20260324150050,51.6659473,True,True,True,True,True,True,True,4S2RND2HBL06DS,v1.0.1,2025_12_22,315.3165,321.4532,475.7464,300.529,296.4774,149.7484,150,341.5,334.7464,487.971,-5.0427,0.7403,-0.0001,0.0,-0.2292,1.561,-0.2202,1.5541,0.6664,155.3516,151.0371,149.5488,154.8574,152.6987,0.8254,0.8136,0.8491,0.7993,0.7993,0.7842,0.7537,0.795,0.7453,0.7453,0.8172,0.8083,0.7965,0.7573,0.7297,0.7378,0.741,0.6922,0.6922,0.8226,0.7393,0.7955,0.7457,0.7393,0.8533,0.7233,0.701,0.8323,0.8189,0.7783,0.778,0.7762,0.701,0,0,0,0,0,v1.0.1,2025_12_22,315.2676,321.5704,476.7357,300.35,296.1908,148.8684,148.88,341.6333,334.9143,489.0214,-5.1023,0.7887,-0.0001,0.0,-0.2302,1.5603,-0.2195,1.5535,0.666,160.7393,156.4141,162.3008,161.6895,160.2859,0.6857,0.677,0.6928,0.7004,0.677,0.6597,0.6394,0.6592,0.6437,0.6394,0.653,0.6619,0.6528,0.633,0.6124,0.6194,0.6376,0.621,0.6124,0.6873,0.6264,0.6894,0.6453,0.6264,0.6567,0.6017,0.5804,0.6722,0.6701,0.6654,0.6697,0.6261,0.5804,0,0,0,0,0,v1.0.1,2025_12_22,313.8318,313.8037,438.885,299.115,300.2397,182.2562,185.6417,328.5667,327.8319,444.469,-6.214,-5.8579,-0.0001,-0.0001,-0.2164,1.5673,-0.2141,1.5635,0.6751,175.3613,173.8936,172.292,174.8594,174.1016,0.7922,0.6875,0.7926,0.7038,0.6875,0.727,0.6434,0.7547,0.6493,0.6434,0.7633,0.7637,0.7546,0.6924,0.6924,0.7167,0,0.7102,0.5829,0.5829,0,0,0,0,0,v1.0.1,2025_12_22,313.8208,313.6792,439.7156,298.9541,300.0513,181.735,184.7417,328.55,327.913,445.2783,-6.2515,-5.8607,-0.0001,-0.0001,-0.2159,1.5663,-0.2142,1.5636,0.6749,147.6895,142.5996,141.7822,145.1816,144.3132,0.6539,0.5928,0.66,0.6099,0.5928,0.6296,0.5606,0.6196,0.5798,0.5606,0.6218,0.6305,0.6443,0.6081,0.6081,0.5922,0.5052,0.5702,0.4893,0.4893,0,0,0,0,0,0.001,-0.0519,0.0081,-0.0223,-0.0223,-0.0007,-0.0726,-0.009,-0.0229,-0.0229,0.0079,-0.002,-0.0113,-0.0099,-0.0948,-0.0598,-0.0432,-0.0653,0.012,-0.0175,0.0046,-0.0362,-0.0016,-0.015,-0.0041,-0.0099,-0.0446,0.0017,-0.023,-0.0181,0.0044,0.001,-0.0128,-0.0088,-0.0588,-0.0423,-0.0191,-0.01,0.0067,0.0121,0.0131,-0.1226,-0.0029,-0.0897,-0.0916,-0.0073,-0.1334,0.0053,-0.0946,-0.0909,0.0022,0.0035,0.011,0.0061,-0.0095,-0.0071,-0.0011,-0.0845,-0.005,-0.0654,-0.0622,-0.0066,-0.087,-0.0027,-0.0788,-0.0617,-0.0094,-0.0006,0.0085,0.0032,0.0032,0.017,0.0039,True,True
DTC_R_94,LanSi,1,CW_01,C,2026-03-24 15:01:33+08:00,ONLINE,False,,CW_1_01,PASS,,,51.7136079,_2026032415013314901,T20260324150133,DESKTOP-P2DUL42,Loma,1,CW_1_01,1,paul di,2024.0718.155524,V20260126.2,CW_DTCL_DTCR_STC,T20260324150224,51.7136079,True,True,True,True,True,True,True,4S2RND2HBL0DP6,v1.0.1,2025_12_22,315.1087,316.8261,475.2647,297.1103,295.4726,148.2945,149.137,336.9726,335.7034,484.3379,-5.3627,-2.7917,-0.0001,-0.0,-0.222,1.5543,-0.2203,1.5479,0.665,155.4844,151.9336,151.5908,154.9238,153.4832,0.8689,0.7968,0.8792,0.7708,0.7708,0.8161,0.7561,0.819,0.7493,0.7493,0.8255,0.8104,0.8009,0.8151,0.7278,0.7292,0.7701,0.7332,0.7278,0.8304,0.7907,0.7922,0.98,0.7907,0.8548,0.7765,0.7504,0.8335,0.7966,0.7215,0.8257,0.8489,0.7215,0,0,0,0,0,v1.0.1,2025_12_22,315.0429,316.8929,476.3235,297.0368,295.2313,147.1837,148,337,335.8367,485.2585,-5.4131,-2.8256,-0.0001,-0.0,-0.222,1.5541,-0.2193,1.5474,0.6651,162.0498,155.8613,164.3838,164.4082,161.6758,0.7086,0.6734,0.7035,0.6638,0.6638,0.68,0.649,0.6622,0.6365,0.6365,0.6569,0.6442,0.6594,0.6595,0.6308,0.6412,0.6212,0.6251,0.6212,0.6764,0.656,0.66,0.2499,0.2499,0.6439,0.642,0.6548,0.6923,0.6454,0.6121,0.6318,0.6711,0.6121,0,0,0,0,0,v1.0.1,2025_12_22,317.0374,328.3551,441.6549,313.2389,302.4803,196.0472,188.4098,342.4672,331.7043,455.8522,-3.2427,7.6921,-0.0,0.0001,-0.2202,1.5607,-0.2088,1.5557,0.6719,176.2236,174.8857,174.9658,177.0977,175.7932,0.801,0.6433,0.8296,0.6228,0.6228,0.7671,0.631,0.777,0.6203,0.6203,0.7685,0.7796,0.769,0.7433,0.7433,0.7557,0.6679,0.7406,0,0.6679,0,0,0,0,0,v1.0.1,2025_12_22,316.9626,328.3551,442.5575,313.2035,302.3902,195.187,187.479,342.5462,331.6667,456.5702,-3.2888,7.6724,-0.0,0.0001,-0.2195,1.5613,-0.2086,1.5561,0.6723,147.6562,141.6074,143.5039,145.4414,144.5522,0.6712,0.5598,0.6721,0.5559,0.5559,0.6369,0.5668,0.6421,0.5513,0.5513,0.6203,0.6399,0.6501,0.6427,0.6203,0.599,0.5439,0.5842,0.4466,0.4466,0,0,0,0,0,0.0053,-0.0775,0.0131,-0.0988,-0.0928,-0.0118,-0.0545,-0.0055,-0.0713,-0.0613,0.0084,0.0004,-0.0077,0.0078,-0.0797,-0.0825,-0.0263,-0.0889,-0.0091,-0.0094,-0.0008,-0.0381,-0.0062,-0.0655,-0.0456,0.0069,-0.0322,-0.002,-0.0375,-0.0277,-0.0017,-0.0139,0.0008,-0.0095,-0.0263,-0.0216,-0.0095,-0.0169,-0.0014,0.0077,0.0146,-0.1664,0.0294,-0.1884,-0.1636,0.0003,-0.1227,0.0161,-0.1584,-0.1334,0.0177,0.0251,0.0348,0.0155,0.0042,0.0064,0.0191,-0.0885,0.0051,-0.1164,-0.0924,-0.0041,-0.0752,0.0116,-0.0909,-0.0792,-0.0094,0.0056,0.0146,0.028,0.0056,-0.0074,0.0007,True,True
DTC_L_94,LanSi,1,CW_01,C,2026-03-24 15:01:33+08:00,ONLINE,False,,CW_1_01,PASS,,,51.6238485,_2026032415013325502,T20260324150133,DESKTOP-P2DUL42,Loma,1,CW_1_01,2,paul di,2024.0718.155524,V20260126.2,CW_DTCL_DTCR_STC,T20260324150224,51.6238485,True,True,True,True,True,True,True,4S2RND2HBL06DS,v1.0.1,2025_12_22,313.8088,322.9044,473.9854,302.2044,294.414,151.0573,147.7039,342.7039,333,490.2324,-6.9176,2.3205,-0.0001,0.0,-0.228,1.5579,-0.2181,1.5561,0.667,154.0898,149.9639,147.998,152.6787,151.1826,0.8305,0.7955,0.8501,0.7841,0.7841,0.7795,0.7448,0.7906,0.7338,0.7338,0.8132,0.8133,0.8202,0.7705,0.7512,0.7236,0.7553,0.7153,0.7153,0.8245,0.7112,0.8267,0.8182,0.7112,0.8533,0.7542,0.7384,0.8337,0.8401,0.8287,0.7886,0.7627,0.7384,0,0,0,0,0,v1.0.1,2025_12_22,313.8723,323,475.0362,302.1159,294.2792,150.1364,146.6667,342.9267,333.15,491.3357,-6.8991,2.4029,-0.0001,0.0,-0.2283,1.5574,-0.2181,1.5563,0.6668,161.25,156.9072,162.7764,161.793,160.6816,0.6945,0.6805,0.6974,0.6898,0.6805,0.6576,0.6246,0.6569,0.6411,0.6246,0.6356,0.6605,0.6467,0.6367,0.6281,0.618,0.6265,0.6167,0.6167,0.6847,0.5941,0.6667,0.6728,0.5941,0.6379,0.6334,0.6181,0.6878,0.6812,0.683,0.6823,0.6417,0.6181,0,0,0,0,0,v1.0.1,2025_12_22,312.1121,315.2804,437.3393,300.8304,298.2975,183.7025,183.5854,329.8537,326.2773,446.3529,-7.9777,-4.296,-0.0001,-0.0,-0.2144,1.5657,-0.2124,1.5626,0.6754,175.6104,174.6709,172.292,174.0928,174.1665,0.7944,0.6859,0.8082,0.6618,0.6618,0.7457,0.6339,0.7509,0.6598,0.6339,0.7624,0.7726,0.7543,0.7063,0.7063,0.7346,0,0.7351,0.7234,0.7234,0,0,0,0,0,v1.0.1,2025_12_22,312.0865,315.2212,438.1696,300.6607,298.2083,182.925,182.6612,329.9504,326.3554,447.1901,-8.0038,-4.3105,-0.0001,-0.0,-0.2145,1.5658,-0.2128,1.5626,0.6753,148.1279,142.9727,142.3174,145.2549,144.6682,0.6598,0.5901,0.6797,0.604,0.5901,0.6212,0.5495,0.6197,0.5786,0.5495,0.6311,0.6507,0.6336,0.6113,0.6113,0.588,0.5052,0.5918,0.5611,0.5052,0,0,0,0,0,0.0061,-0.07,0.0091,-0.0375,-0.0375,-0.0054,-0.0815,-0.0134,-0.0344,-0.0344,0.0039,0.003,0.0124,0.0033,-0.0733,-0.074,-0.0289,-0.0422,0.0139,0.0137,0.0134,-0.0327,0.003,-0.0256,-0.0006,-0.012,-0.0594,-0.0006,-0.0256,-0.0329,-0.013,-0.0004,-0.0189,-0.0051,-0.0431,-0.0437,-0.0302,-0.0143,0.0041,-0.0106,0.0153,-0.1242,0.0127,-0.1317,-0.1173,0.0114,-0.1429,0.0015,-0.0841,-0.1004,0.0013,0.0124,0.0107,0.02,0.0084,0.0178,0.0048,-0.0872,0.0147,-0.0713,-0.0649,-0.015,-0.0981,-0.0026,-0.08,-0.0728,-0.0001,0.0196,-0.0022,0.0064,0.0064,0.0128,0.0255,True,True
DTC_L_95,LanSi,1,CW_01,A,2026-03-24 15:03:06+08:00,ONLINE,False,,CW_1_01,FAIL,SFR_VIS_25cm_Ny4_06F_ROI16;SFR_VIS_25cm_Ny4_06F_Min,sfr_25Algo,51.5905746,_2026032415030631302,T20260324150306,DESKTOP-P2DUL42,Loma,1,CW_1_01,2,paul di,2024.0718.155524,V20260126.2,CW_DTCL_DTCR_STC,T20260324150357,51.5905746,True,True,True,True,True,True,True,4S2RND2HBL06DS,v1.0.1,2025_12_22,315.1022,322.5474,475.4662,302.0376,296.1533,151.9533,149.7067,342.5,334.5188,488.1203,-5.3106,1.9317,-0.0001,0.0,-0.2267,1.5597,-0.2195,1.5535,0.6667,155.751,151.1201,148.793,153.2676,152.2329,0.8238,0.7774,0.8443,0.7898,0.7774,0.777,0.754,0.8073,0.7325,0.7325,0.8113,0.8082,0.7897,0.7622,0.7323,0.7118,0.6653,0.6584,0.6584,0.7993,0.7757,0.808,0.7702,0.7702,0.8411,0.7212,0.7325,0.8321,0.7554,0.724,0.7547,0.781,0.7212,0,0,0,0,0,v1.0.1,2025_12_22,315.1143,322.7286,476.6119,301.9104,296.0878,150.9527,148.5,342.5867,334.7007,489.146,-5.297,1.9649,-0.0001,0.0,-0.2277,1.56,-0.2181,1.5531,0.6668,161.4678,156.9512,162.6484,161.1543,160.5554,0.6877,0.6719,0.7103,0.6969,0.6719,0.6533,0.6292,0.6582,0.6488,0.6292,0.6375,0.6491,0.6371,0.6351,0.6153,0.6256,0.5784,0.6024,0.5784,0.6975,0.6213,0.6784,0.6714,0.6213,0.6593,0.62,0.6138,0.6709,0.6304,0.6263,0.6628,0.637,0.6138,0,0,0,0,0,v1.0.1,2025_12_22,313.6634,315,438.547,300.6154,300.0756,184.1765,185.5462,329.521,327.7778,444.9915,-6.378,-4.6391,-0.0001,-0.0,-0.2142,1.5668,-0.2123,1.5621,0.6756,175.8789,174.6768,172.3018,173.5371,174.0986,0.7884,0.6716,0.805,0.6793,0.6716,0.7295,0.6463,0.7626,0.6512,0.6463,0.7471,0.7634,0.7075,0.7031,0.7031,0.716,0,0.7143,0.649,0.649,0,0,0,0,0,v1.0.1,2025_12_22,313.5577,314.9327,439.3826,300.5478,300.0172,183.5776,184.5847,329.6525,327.7949,445.8205,-6.4326,-4.5938,-0.0001,-0.0,-0.2133,1.5676,-0.2131,1.5619,0.6758,148.4873,143.2539,142.3672,144.8857,144.7485,0.6529,0.5808,0.6766,0.611,0.5808,0.6194,0.5574,0.6241,0.574,0.5574,0.6077,0.6301,0.6183,0.6032,0.6032,0.587,0.4785,0.598,0.5454,0.4785,0,0,0,0,0,-0.0006,-0.0881,0.0033,-0.0318,-0.0442,-0.0079,-0.0723,0.0033,-0.0357,-0.0357,0.002,-0.0021,-0.0181,-0.005,-0.0922,-0.0858,-0.1189,-0.0991,-0.0113,-0.005,0.0066,-0.0413,0.0159,-0.0185,-0.0092,-0.0163,-0.0548,0.0007,-0.0179,-0.0283,-0.0111,-0.0118,-0.0285,-0.0067,-0.0559,-0.0361,-0.0783,-0.0286,0.0169,0.0011,0.0093,-0.1385,0.0095,-0.1142,-0.1075,-0.0048,-0.1305,0.0132,-0.0927,-0.088,-0.014,0.0032,-0.0361,0.0168,-0.0102,-0.003,-0.0021,-0.0965,0.0116,-0.0643,-0.0742,-0.0168,-0.0902,0.0018,-0.0846,-0.0649,-0.0235,-0.001,-0.0175,-0.0017,-0.0017,0.0118,0.0317,True,True
DTC_R_95,LanSi,1,CW_01,A,2026-03-24 15:03:06+08:00,ONLINE,False,,CW_1_01,PASS,,,51.4509467,_2026032415030643201,T20260324150306,DESKTOP-P2DUL42,Loma,1,CW_1_01,1,paul di,2024.0718.155524,V20260126.2,CW_DTCL_DTCR_STC,T20260324150357,51.4509467,True,True,True,True,True,True,True,4S2RND2HBL0DP6,v1.0.1,2025_12_22,314.9562,317.5182,474.9403,297.6642,295.2153,147.7361,149.3775,338.1987,335.2238,485.5455,-5.5574,-2.1675,-0.0001,-0.0,-0.223,1.5545,-0.2237,1.5502,0.6645,153.8262,151.1865,150.5254,152.0303,151.8921,0.8541,0.8063,0.8631,0.8199,0.8063,0.7842,0.7697,0.8272,0.7809,0.7697,0.8131,0.8177,0.8018,0.8193,0.7106,0.7489,0.7361,0.7492,0.7106,0.8337,0.8102,0.8059,0.7065,0.7065,0.6738,0.7333,0.7805,0.8151,0.7852,0.7684,0.7689,0.8593,0.6738,0,0,0,0,0,v1.0.1,2025_12_22,314.9568,317.6115,476.0882,297.5,295.137,146.7808,148.1419,338.2365,335.3194,486.5,-5.5713,-2.1742,-0.0001,-0.0,-0.2237,1.5548,-0.2225,1.5503,0.6647,160.9072,156.6074,164.502,163.5312,161.387,0.7105,0.6656,0.723,0.6955,0.6656,0.6517,0.6606,0.6729,0.655,0.6517,0.6459,0.646,0.6549,0.6661,0.606,0.6436,0.6057,0.631,0.6057,0.6838,0.66,0.6814,0.1735,0.1735,0.5029,0.6274,0.6658,0.6704,0.6435,0.6079,0.6367,0.6842,0.5029,0,0,0,0,0,v1.0.1,2025_12_22,316.9528,329.0283,441.5536,313.6786,302.4803,196.0472,188.5,343.5,331.4513,457.6106,-3.3124,8.4729,-0.0,0.0001,-0.2221,1.5619,-0.2117,1.558,0.6715,175.9844,175.5225,174.8701,175.5205,175.4744,0.796,0.6897,0.8128,0.7036,0.6897,0.747,0.6603,0.775,0.6639,0.6603,0.7597,0.7679,0.7527,0.728,0.728,0.7504,0.6788,0.73,0,0.6788,0,0,0,0,0,v1.0.1,2025_12_22,316.8774,329.0472,442.3964,313.7117,302.304,195.184,187.5,343.5,331.5217,458.4522,-3.3801,8.479,-0.0,0.0001,-0.2211,1.5618,-0.2107,1.5576,0.6719,146.7598,142.5264,143.4814,144.6348,144.3506,0.6627,0.5948,0.6876,0.6142,0.5948,0.6142,0.5747,0.633,0.5584,0.5584,0.6238,0.6316,0.6332,0.6222,0.6222,0.5935,0.5687,0.5679,0.3656,0.3656,0,0,0,0,0,-0.0095,-0.068,-0.003,-0.0497,-0.0573,-0.0437,-0.0409,0.0027,-0.0397,-0.0409,-0.004,0.0077,-0.0068,0.012,-0.0969,-0.0628,-0.0603,-0.0729,-0.0058,0.0043,0.0011,-0.0459,0.0133,-0.0338,-0.0438,-0.0214,-0.0206,0.0087,-0.019,-0.0125,-0.0127,-0.0121,-0.0037,-0.0029,-0.0511,-0.0192,-0.025,-0.011,0.006,0.0291,0.0096,-0.12,0.0126,-0.1076,-0.0967,-0.0198,-0.0934,0.0141,-0.1148,-0.0934,0.0089,0.0134,0.0185,0.0002,-0.0011,-0.0042,0.0106,-0.0535,0.0206,-0.0581,-0.0535,-0.0268,-0.0673,0.0025,-0.0838,-0.0721,-0.0059,-0.0027,-0.0023,0.0075,0.0075,-0.0129,-0.0156,True,True
DTC_R_96,LanSi,1,CW_01,B,2026-03-24 15:04:37+08:00,ONLINE,False,,CW_1_01,PASS,,,51.2745812,_2026032415043787101,T20260324150437,DESKTOP-P2DUL42,Loma,1,CW_1_01,1,paul di,2024.0718.155524,V20260126.2,CW_DTCL_DTCR_STC,T20260324150529,51.2745812,True,True,True,True,True,True,True,4S2RND2HBL0DP6,v1.0.1,2025_12_22,314.927,316.4015,474.781,296.3212,295.1164,147.0342,149.3072,336.6601,335.259,484.1583,-5.6219,-3.3849,-0.0001,-0.0,-0.2244,1.5538,-0.2212,1.5497,0.6645,154.3369,151.9482,151.543,154.2461,153.0186,0.8675,0.8266,0.868,0.832,0.8266,0.8201,0.761,0.813,0.7627,0.761,0.8153,0.8062,0.8172,0.789,0.7594,0.741,0.7309,0.7062,0.7062,0.8486,0.8078,0.8069,0.98,0.8069,0.8531,0.7859,0.7779,0.8213,0.8168,0.8285,0.7371,0.8647,0.7371,0,0,0,0,0,v1.0.1,2025_12_22,314.8936,316.3191,475.9574,296.156,295.1172,146.0828,148.1216,336.723,335.2929,485.1929,-5.6234,-3.4052,-0.0001,-0.0,-0.224,1.5546,-0.2212,1.5501,0.6649,161.4209,154.9268,163.1475,163.8076,160.8257,0.7061,0.6974,0.7079,0.6998,0.6974,0.6857,0.6283,0.6676,0.654,0.6283,0.6645,0.6533,0.6502,0.6679,0.6333,0.6238,0.5947,0.6096,0.5947,0.685,0.6585,0.6687,0.3353,0.3353,0.6518,0.6385,0.6459,0.6668,0.6789,0.6627,0.6308,0.6771,0.6308,0,0,0,0,0,v1.0.1,2025_12_22,316.8667,327.8095,441.4298,312.5702,302.2857,195.1349,188.1382,342.2358,331.3097,456.292,-3.494,7.3085,-0.0,0.0001,-0.2212,1.5608,-0.2111,1.5583,0.6717,176.249,176.1123,175.9199,177.1016,176.3457,0.8058,0.7057,0.8184,0.7004,0.7004,0.7633,0.6427,0.7739,0.6414,0.6414,0.7644,0.7437,0.7621,0.735,0.735,0.7355,0.679,0.7346,0,0.679,0,0,0,0,0,v1.0.1,2025_12_22,316.8476,328,442.2035,312.5575,302.1429,194.4206,187.275,342.3417,331.3661,457.1518,-3.533,7.3943,-0.0,0.0001,-0.2221,1.5606,-0.2097,1.5583,0.6718,146.9043,140.6934,142.2725,144.6641,143.6335,0.6595,0.6065,0.6729,0.6,0.6,0.635,0.5668,0.6431,0.5552,0.5552,0.6296,0.6359,0.6298,0.624,0.624,0.5948,0.547,0.5719,0.473,0.473,0,0,0,0,0,0.0039,-0.0477,0.0019,-0.0376,-0.037,-0.0078,-0.0496,-0.0115,-0.0579,-0.0496,-0.0018,-0.0038,0.0086,-0.0183,-0.0481,-0.0707,-0.0655,-0.1159,0.0091,0.0053,-0.0033,-0.0141,-0.0018,-0.0295,-0.012,0.0126,-0.0529,0.0034,-0.02,-0.0359,0.0059,-0.0048,-0.0084,-0.0011,-0.0238,-0.039,-0.036,-0.0324,0.0072,0.0164,0.0194,-0.104,0.0182,-0.1108,-0.086,-0.0035,-0.111,0.013,-0.1373,-0.1123,0.0136,-0.0108,0.0279,0.0072,-0.016,0.0004,0.0074,-0.0418,0.0059,-0.0723,-0.0483,-0.006,-0.0752,0.0126,-0.087,-0.0753,-0.0001,0.0016,-0.0057,0.0093,0.0093,-0.0116,-0.0116,True,True
DTC_L_96,LanSi,1,CW_01,B,2026-03-24 15:04:37+08:00,ONLINE,False,,CW_1_01,PASS,,,51.4271737,_2026032415043771902,T20260324150437,DESKTOP-P2DUL42,Loma,1,CW_1_01,2,paul di,2024.0718.155524,V20260126.2,CW_DTCL_DTCR_STC,T20260324150529,51.4271737,True,True,True,True,True,True,True,4S2RND2HBL06DS,v1.0.1,2025_12_22,314.0882,323.5,474.3704,303.0444,294.6159,152.5364,148.2105,343.4211,333.4118,489.625,-6.5606,2.9254,-0.0001,0.0,-0.2264,1.5569,-0.219,1.5545,0.6665,154.8164,150.6309,148.7119,154.0986,152.0645,0.8203,0.7953,0.8304,0.8032,0.7953,0.7841,0.7457,0.8047,0.7476,0.7457,0.8142,0.8045,0.8225,0.7669,0.7595,0.7194,0.7321,0.7073,0.7073,0.8182,0.98,0.8237,0.8451,0.8182,0.8445,0.7398,0.7438,0.8469,0.8274,0.8259,0.7846,0.7854,0.7398,0,0,0,0,0,v1.0.1,2025_12_22,314.1241,323.4672,475.5333,302.963,294.4706,151.4641,147.0855,343.5263,333.6312,490.5248,-6.5311,2.8891,-0.0001,0.0,-0.2258,1.5565,-0.219,1.554,0.6664,161.4209,156.833,162.6816,162.2891,160.8062,0.6777,0.687,0.6927,0.7006,0.6777,0.6574,0.622,0.6571,0.6472,0.622,0.6453,0.6513,0.6568,0.6388,0.6377,0.6271,0.6197,0.6271,0.6197,0.6605,0.5239,0.6672,0.6897,0.5239,0.6479,0.6404,0.6215,0.6668,0.6669,0.695,0.6671,0.6272,0.6215,0,0,0,0,0,v1.0.1,2025_12_22,312.486,315.8318,437.5965,301.5,298.561,184.9024,184.187,330.5285,326.6552,446.3793,-7.6029,-3.6716,-0.0001,-0.0,-0.2135,1.5643,-0.2135,1.5622,0.6749,174.7041,173.6104,171.5273,174.1631,173.5012,0.787,0.6895,0.8099,0.6855,0.6855,0.7462,0.6448,0.7552,0.68,0.6448,0.7759,0.7601,0.7644,0.6985,0.6985,0.7107,0,0.7132,0.7214,0.7107,0,0,0,0,0,v1.0.1,2025_12_22,312.3396,315.6792,438.4052,301.4052,298.3967,184.1901,183.2339,330.5081,326.6975,447.042,-7.6854,-3.7351,-0.0001,-0.0,-0.2122,1.5646,-0.2138,1.5614,0.675,148.2217,143.1846,142.3818,146.0723,144.9651,0.658,0.5882,0.6796,0.6105,0.5882,0.6256,0.5457,0.6199,0.5861,0.5457,0.6382,0.6271,0.6464,0.6161,0.6161,0.5741,0.5104,0.5594,0.5851,0.5104,0,0,0,0,0,-0.0041,-0.0702,-0.0106,-0.0184,-0.0263,-0.0008,-0.0806,0.0007,-0.0206,-0.0225,0.0049,-0.0058,0.0147,-0.0003,-0.065,-0.0782,-0.0521,-0.0502,0.0076,0.0107,-0.0034,-0.0262,-0.0017,-0.0148,-0.0034,-0.0122,-0.062,-0.0004,-0.0195,-0.0355,-0.0033,-0.0096,-0.0088,-0.003,-0.0335,-0.0346,-0.037,-0.0039,-0.0201,-0.0101,0.0079,-0.1206,0.0144,-0.108,-0.0936,0.0119,-0.132,0.0058,-0.0639,-0.0895,0.0148,-0.0001,0.0208,0.0122,-0.0155,-0.0041,0.003,-0.0891,0.0146,-0.0648,-0.0668,-0.0106,-0.1019,-0.0024,-0.0725,-0.0766,0.007,-0.004,0.0106,0.0112,0.0112,-0.0011,-0.0069,True,True
DTC_R_97,LanSi,1,CW_01,C,2026-03-24 15:06:10+08:00,ONLINE,False,,CW_1_01,PASS,,,51.590426,_2026032415061090501,T20260324150610,DESKTOP-P2DUL42,Loma,1,CW_1_01,1,paul di,2024.0718.155524,V20260126.2,CW_DTCL_DTCR_STC,T20260324150702,51.590426,True,True,True,True,True,True,True,4S2RND2HBL0DP6,v1.0.1,2025_12_22,315.0294,316.8162,474.8309,296.7647,295.2313,147.2109,149.3289,337.0268,335.4085,484.5,-5.5342,-3.0363,-0.0001,-0.0,-0.2243,1.5541,-0.2209,1.5493,0.6646,155.9922,153.0957,152.5107,155.5029,154.2754,0.8689,0.8358,0.8831,0.8156,0.8156,0.8258,0.7516,0.8189,0.7742,0.7516,0.821,0.8037,0.818,0.8134,0.7492,0.7432,0.7275,0.7363,0.7275,0.8287,0.8155,0.7914,0.1586,0.1586,0.8491,0.7651,0.7864,0.829,0.8258,0.8132,0.7775,0.8573,0.7651,0,0,0,0,0,v1.0.1,2025_12_22,315.0426,316.844,475.8345,296.6187,295.1544,146.2617,148.1224,337.102,335.5625,485.4583,-5.5567,-3.043,-0.0001,-0.0,-0.2246,1.5542,-0.2203,1.5492,0.6646,161.8027,156.835,165.1689,164.207,162.0034,0.6999,0.7041,0.7135,0.6879,0.6879,0.6794,0.6373,0.6764,0.6449,0.6373,0.6504,0.6624,0.6556,0.6647,0.625,0.6364,0.5969,0.613,0.5969,0.6812,0.6643,0.6591,0.4432,0.4432,0.6621,0.6552,0.6516,0.6722,0.6366,0.6784,0.6725,0.6814,0.6366,0,0,0,0,0,v1.0.1,2025_12_22,316.9434,328.2358,441.4643,312.9911,302.352,195.264,188.3145,342.4355,331.5,456.5,-3.3852,7.5853,-0.0,0.0001,-0.2213,1.561,-0.2094,1.5573,0.6719,177.124,176.2686,176.2549,177.709,176.8391,0.8028,0.7187,0.8156,0.6777,0.6777,0.7475,0.6556,0.7806,0.6618,0.6556,0.7581,0.7684,0.7459,0.7358,0.7358,0.7523,0.6873,0.7279,0,0.6873,0,0,0,0,0,v1.0.1,2025_12_22,316.9626,328.3551,442.2844,313.0459,302.248,194.616,187.4628,342.5372,331.5217,457.4522,-3.4041,7.7013,-0.0,0.0001,-0.221,1.5607,-0.2086,1.558,0.6723,147.3232,142.707,144.1611,145.2305,144.8555,0.6588,0.612,0.6763,0.5874,0.5874,0.6406,0.5658,0.6423,0.572,0.5658,0.6253,0.6394,0.6366,0.6274,0.6253,0.609,0.5634,0.5682,0.5147,0.5147,0,0,0,0,0,0.0053,-0.0385,0.017,-0.054,-0.048,-0.0021,-0.059,-0.0056,-0.0464,-0.059,0.0039,-0.0063,0.0094,0.0061,-0.0583,-0.0685,-0.0689,-0.0858,-0.0108,-0.0102,-0.0095,-0.0074,0.0038,-0.0414,-0.0215,0.0063,-0.0439,0.0122,-0.0291,-0.0269,-0.0082,0.0043,-0.003,-0.0043,-0.0321,-0.0264,-0.0338,-0.029,0.0034,0.0068,0.0164,-0.091,0.0154,-0.1335,-0.1087,-0.0193,-0.0981,0.0197,-0.1169,-0.0981,0.0073,0.0139,0.0117,0.008,0.0008,-0.0063,0.0067,-0.0363,0.0093,-0.0849,-0.0609,-0.0004,-0.0762,0.0118,-0.0702,-0.0647,-0.0044,0.0051,0.0011,0.0127,0.0106,0.0026,-0.0153,True,True
DTC_L_97,LanSi,1,CW_01,C,2026-03-24 15:06:11+08:00,ONLINE,False,,CW_1_01,PASS,,,51.4847088,_2026032415061101102,T20260324150611,DESKTOP-P2DUL42,Loma,1,CW_1_01,2,paul di,2024.0718.155524,V20260126.2,CW_DTCL_DTCR_STC,T20260324150702,51.4847088,True,True,True,True,True,True,True,4S2RND2HBL06DS,v1.0.1,2025_12_22,314.1912,322.9926,474.3852,302.4889,294.8067,151.7133,148.3377,342.7219,333.5362,489.3986,-6.4486,2.3631,-0.0001,0.0,-0.2268,1.5576,-0.2179,1.5545,0.6669,154.2197,149.9551,147.751,153.0225,151.2371,0.8217,0.8064,0.8535,0.7912,0.7912,0.794,0.7636,0.7836,0.7506,0.7506,0.8099,0.8134,0.8087,0.7772,0.7575,0.7174,0.7486,0.6946,0.6946,0.8107,0.98,0.8275,0.8269,0.8107,0.8392,0.7839,0.7565,0.8493,0.8176,0.8125,0.8017,0.8017,0.7565,0,0,0,0,0,v1.0.1,2025_12_22,314.1277,323,475.5857,302.5214,294.719,150.7582,147.1689,342.8919,333.6923,490.4196,-6.4413,2.4182,-0.0001,0.0,-0.2256,1.5581,-0.2181,1.5539,0.6671,161.6602,157.2432,162.8857,162.4268,161.054,0.6831,0.6859,0.697,0.7077,0.6831,0.6637,0.631,0.6408,0.6568,0.631,0.6431,0.655,0.6654,0.6256,0.6213,0.6303,0.6337,0.5966,0.5966,0.6674,0.4509,0.6688,0.6892,0.4509,0.6612,0.6555,0.6425,0.6834,0.6872,0.688,0.6816,0.6338,0.6338,0,0,0,0,0,v1.0.1,2025_12_22,312.5769,315.1731,437.6818,301.1091,298.6639,184.2295,184.168,329.736,326.7203,445.8644,-7.5378,-4.2776,-0.0001,-0.0,-0.2114,1.5644,-0.2124,1.5625,0.6758,175.3242,173.959,171.6055,174.2275,173.7791,0.7825,0.7008,0.8019,0.677,0.677,0.7467,0.6584,0.7496,0.6545,0.6545,0.7646,0.7717,0.7539,0.7022,0.7022,0.732,0,0.7198,0.7153,0.7153,0,0,0,0,0,v1.0.1,2025_12_22,312.5524,315.1238,438.4595,300.8559,298.547,183.5214,183.371,329.9113,326.7797,446.6864,-7.5581,-4.2802,-0.0001,-0.0,-0.2123,1.5643,-0.2135,1.5626,0.6753,148.5723,143.416,142.4609,146.168,145.1543,0.6568,0.5995,0.672,0.6074,0.5995,0.628,0.5514,0.6311,0.5782,0.5514,0.6309,0.6375,0.6462,0.6098,0.6098,0.5912,0.5283,0.5797,0.5837,0.5283,0,0,0,0,0,-0.0027,-0.0591,0.0125,-0.0304,-0.0304,0.0091,-0.0627,-0.0204,-0.0176,-0.0176,0.0006,0.0031,0.0009,0.01,-0.067,-0.0802,-0.0356,-0.0629,0.0001,0.0145,0.002,-0.0273,0.0026,-0.0077,0.002,-0.0059,-0.053,-0.0167,-0.0099,-0.0265,-0.0055,-0.0059,-0.0002,-0.0162,-0.0499,-0.0314,-0.023,-0.0344,-0.0132,-0.0085,0.0034,-0.1093,0.0064,-0.1165,-0.1021,0.0124,-0.1184,0.0002,-0.0894,-0.0798,0.0035,0.0115,0.0103,0.0159,0.0058,0.0025,0.0018,-0.0778,0.007,-0.0679,-0.0555,-0.0082,-0.0962,0.0088,-0.0804,-0.0709,-0.0003,0.0064,0.0104,0.0049,0.0049,0.016,0.0134,True,True
DTC_L_98,LanSi,1,CW_01,A,2026-03-24 15:08:21+08:00,ONLINE,False,,CW_1_01,PASS,,,51.9470293,_2026032415082197502,T20260324150821,DESKTOP-P2DUL42,Loma,1,CW_1_01,2,paul di,2024.0718.155524,V20260126.2,CW_DTCL_DTCR_STC,T20260324150913,51.9470293,True,True,True,True,True,True,True,4S2RND2HBL06DS,v1.0.1,2025_12_22,315.292,322,475.7153,300.9343,296.2885,150.0705,150,342,334.7626,488.3094,-5.0883,1.1628,-0.0001,0.0,-0.23,1.5602,-0.2199,1.5537,0.666,154.2451,149.915,148.0918,153.1621,151.3535,0.829,0.8194,0.844,0.7975,0.7975,0.7874,0.7555,0.7797,0.7415,0.7415,0.8133,0.8081,0.8027,0.7619,0.7214,0.7341,0.7433,0.69,0.69,0.8096,0.98,0.8098,0.7759,0.7759,0.8289,0.7465,0.7293,0.8338,0.8161,0.7544,0.773,0.7793,0.7293,0,0,0,0,0,v1.0.1,2025_12_22,315.2536,322.029,476.8143,300.9143,296.1533,149.2133,148.9586,342.069,334.8043,489.413,-5.1032,1.2277,-0.0001,0.0,-0.2294,1.5602,-0.2194,1.554,0.6663,160.9619,156.8789,162.6553,161.6758,160.543,0.6827,0.6784,0.6909,0.6934,0.6784,0.6636,0.6373,0.6241,0.6514,0.6241,0.651,0.647,0.6476,0.6481,0.6057,0.6397,0.6365,0.6101,0.6057,0.6828,0.4891,0.6854,0.6615,0.4891,0.6457,0.624,0.5978,0.697,0.6696,0.6494,0.6534,0.6284,0.5978,0,0,0,0,0,v1.0.1,2025_12_22,313.8667,314.3524,438.9273,299.7636,300.0672,182.7395,185.6667,329.122,327.8783,445,-6.2188,-5.3045,-0.0001,-0.0001,-0.2156,1.5658,-0.2142,1.5634,0.6749,176.2314,174.6084,172.7383,174.9375,174.6289,0.7947,0.7047,0.8069,0.692,0.692,0.7375,0.6629,0.7466,0.6407,0.6407,0.7738,0.7396,0.7523,0.6794,0.6794,0.7251,0,0.7287,0.6484,0.6484,0,0,0,0,0,v1.0.1,2025_12_22,313.713,314.3241,439.6154,299.547,300.0169,181.9492,184.6583,329.275,327.8729,445.8305,-6.3247,-5.3149,-0.0001,-0.0001,-0.2163,1.5672,-0.2148,1.563,0.6748,148.126,143.1934,142.2227,145.0986,144.6602,0.6662,0.5982,0.6763,0.6091,0.5982,0.6249,0.5561,0.6064,0.5776,0.5561,0.6215,0.6187,0.6344,0.5854,0.5854,0.5918,0.5233,0.5775,0.5505,0.5233,0,0,0,0,0,0.0046,-0.0461,0.003,-0.0241,-0.0241,0.0025,-0.0708,-0.0243,-0.0267,-0.0267,0.004,-0.0022,-0.0051,-0.0053,-0.1031,-0.0635,-0.0409,-0.0675,-0.001,-0.0032,0.0016,-0.0348,-0.0035,-0.022,-0.0027,-0.006,-0.0467,-0.0334,-0.0153,-0.0334,0.0024,-0.0139,-0.018,0.0063,-0.0655,-0.022,-0.0202,-0.0209,0.0022,0.0081,0.0156,-0.1054,0.0114,-0.1015,-0.0871,0.0032,-0.1139,-0.0028,-0.1032,-0.0936,0.0127,-0.0206,0.0087,-0.0069,-0.0011,0.0114,0.0112,-0.0791,0.0113,-0.0662,-0.0568,-0.0113,-0.0915,-0.0159,-0.081,-0.0662,-0.0097,-0.0124,-0.0014,-0.0195,-0.0195,0.0166,0.0112,True,True
DTC_R_98,LanSi,1,CW_01,A,2026-03-24 15:08:21+08:00,ONLINE,False,,CW_1_01,PASS,,,52.070701,_2026032415082185901,T20260324150821,DESKTOP-P2DUL42,Loma,1,CW_1_01,1,paul di,2024.0718.155524,V20260126.2,CW_DTCL_DTCR_STC,T20260324150913,52.070701,True,True,True,True,True,True,True,4S2RND2HBL0DP6,v1.0.1,2025_12_22,314.9706,317.1838,474.9118,297.5,295.2828,147.6138,149.3506,337.6494,335.2378,485.3916,-5.5493,-2.4323,-0.0001,-0.0,-0.2219,1.5547,-0.2224,1.5504,0.6652,155.5586,152.7207,152.2715,154.9756,153.8816,0.8602,0.8186,0.8694,0.8176,0.8176,0.8284,0.7732,0.8166,0.7632,0.7632,0.8205,0.8149,0.8175,0.8172,0.7441,0.7716,0.744,0.7432,0.7432,0.8536,0.8176,0.7829,0.4789,0.4789,0.8441,0.7857,0.7765,0.8249,0.8119,0.8249,0.795,0.8374,0.7765,0,0,0,0,0,v1.0.1,2025_12_22,314.9209,317.1367,475.9214,297.1857,295.1689,146.6486,148.1959,337.8041,335.3611,486.3472,-5.5863,-2.4755,-0.0001,-0.0,-0.2228,1.5549,-0.2228,1.5501,0.6649,161.8535,156.4463,164.8711,164.1367,161.8269,0.6994,0.688,0.7142,0.7025,0.688,0.6714,0.6511,0.6641,0.6346,0.6346,0.6574,0.6553,0.6611,0.6544,0.6346,0.6468,0.6102,0.623,0.6102,0.6873,0.662,0.6673,0.3937,0.3937,0.6407,0.6483,0.6502,0.6694,0.6662,0.6906,0.6638,0.6773,0.6407,0,0,0,0,0,v1.0.1,2025_12_22,316.9626,328.6449,441.4298,313.5702,302.5197,195.9528,188.4113,343.0968,331.4513,457.3894,-3.3451,8.2308,-0.0,0.0001,-0.22,1.5619,-0.2114,1.5582,0.6722,176.5449,176.0176,175.8594,177.0723,176.3735,0.801,0.6762,0.8219,0.6778,0.6762,0.7755,0.6566,0.7631,0.6487,0.6487,0.7548,0.763,0.7505,0.7351,0.7351,0.7346,0.6741,0.7049,0,0.6741,0,0,0,0,0,v1.0.1,2025_12_22,316.9528,328.6981,442.4298,313.5702,302.3468,195.2097,187.5,343.3333,331.5877,458.2456,-3.3366,8.3114,-0.0,0.0001,-0.2195,1.5613,-0.2121,1.5578,0.6719,147.6055,142.5068,143.8379,145.0537,144.751,0.6609,0.5889,0.6742,0.5995,0.5889,0.6521,0.5691,0.6472,0.5523,0.5523,0.6378,0.6289,0.6162,0.6235,0.6162,0.5979,0.5603,0.5655,0.5007,0.5007,0,0,0,0,0,-0.0034,-0.0557,0.0033,-0.052,-0.046,0.0005,-0.0374,-0.0079,-0.0574,-0.0474,0.0034,0.0049,0.0089,0.0099,-0.0634,-0.0401,-0.0524,-0.0789,0.0141,-0.0187,-0.01,-0.0235,0.0045,-0.0268,-0.0214,-0.0017,-0.0301,-0.0001,-0.0394,-0.0296,-0.0012,-0.0028,0.0025,-0.0146,-0.0225,-0.016,-0.0205,-0.019,0.0095,0.015,0.0146,-0.1335,0.0217,-0.1334,-0.1102,0.0087,-0.0971,0.0022,-0.13,-0.105,0.004,0.0085,0.0163,0.0073,-0.0169,-0.0293,0.0088,-0.0594,0.0072,-0.0728,-0.0594,0.0111,-0.0729,0.0167,-0.0899,-0.0782,0.0081,-0.0054,-0.0193,0.0088,0.0015,-0.0085,-0.018,True,True
DTC_R_99,LanSi,1,CW_01,B,2026-03-24 15:10:23+08:00,ONLINE,False,,CW_1_01,PASS,,,51.7434274,_2026032415102302601,T20260324151023,DESKTOP-P2DUL42,Loma,1,CW_1_01,1,paul di,2024.0718.155524,V20260126.2,CW_DTCL_DTCR_STC,T20260324151114,51.7434274,True,True,True,True,True,True,True,4S2RND2HBL0DP6,v1.0.1,2025_12_22,314.8467,315.8102,474.7059,295.6838,295.1757,146.3041,149.1233,336.0137,335.2394,483.5,-5.6818,-4.0376,-0.0001,-0.0,-0.2247,1.5547,-0.2208,1.5493,0.6646,155.8447,153.7783,152.7607,155.6982,154.5205,0.8595,0.8304,0.8717,0.863,0.8304,0.7997,0.7485,0.8224,0.7884,0.7485,0.8217,0.8186,0.8218,0.8193,0.7576,0.7356,0.7267,0.711,0.711,0.8257,0.8117,0.8189,0.2454,0.2454,0.8403,0.7659,0.7664,0.824,0.7983,0.789,0.8063,0.8351,0.7659,0,0,0,0,0,v1.0.1,2025_12_22,314.9571,315.8929,475.773,295.5461,295.0272,145.3061,148.0068,336.0952,335.3034,484.5448,-5.6865,-4.023,-0.0001,-0.0,-0.2253,1.554,-0.2199,1.5502,0.6647,161.6143,155.7168,163.9639,164.2236,161.3796,0.7112,0.6926,0.7204,0.712,0.6926,0.679,0.6486,0.6683,0.6561,0.6486,0.6619,0.6519,0.6443,0.6544,0.6405,0.6404,0.6,0.6022,0.6,0.6685,0.6569,0.6475,0.367,0.367,0.6532,0.6488,0.6482,0.6753,0.6501,0.6605,0.6638,0.6874,0.6482,0,0,0,0,0,v1.0.1,2025_12_22,317,327.3962,441.3784,312.1712,302.4219,194.5859,188.3361,341.582,331.5263,455.5614,-3.3675,6.7593,-0.0,0.0001,-0.2213,1.561,-0.2093,1.5574,0.6719,176.585,176.6133,176.3652,177.4268,176.7476,0.7975,0.7106,0.8293,0.735,0.7106,0.7555,0.6424,0.7789,0.6756,0.6424,0.7592,0.7678,0.7573,0.7445,0.7445,0.7142,0.6735,0.7169,0,0.6735,0,0,0,0,0,v1.0.1,2025_12_22,317,327.5,442.2342,312.1261,302.3089,193.8943,187.4622,341.6303,331.4783,456.4522,-3.4033,6.8206,-0.0,0.0001,-0.2216,1.5608,-0.2081,1.5585,0.6724,147.3477,141.5205,143.1172,145.2939,144.3198,0.6685,0.5929,0.681,0.6327,0.5929,0.6336,0.5639,0.643,0.5812,0.5639,0.6195,0.6166,0.6328,0.6269,0.6166,0.5606,0.5354,0.5698,0.4891,0.4891,0,0,0,0,0,-0.0041,-0.0439,0.0056,-0.0066,-0.0332,-0.0282,-0.0621,-0.0021,-0.0322,-0.0621,0.0046,0.0086,0.0132,0.012,-0.0499,-0.0761,-0.0697,-0.1111,-0.0138,0.0173,0.0018,-0.0189,0.0107,-0.0173,-0.0168,0.0059,-0.0326,0.0041,-0.0179,-0.0156,0.0033,-0.0062,-0.0143,-0.0146,-0.0166,-0.0224,-0.0307,-0.0398,-0.0093,-0.0048,0.0111,-0.0991,0.0291,-0.0762,-0.0758,-0.0113,-0.1113,0.018,-0.1031,-0.1113,0.0084,0.0133,0.0231,0.0167,-0.0373,-0.0173,0.0164,-0.0554,0.014,-0.0396,-0.0554,-0.0074,-0.0781,0.0125,-0.061,-0.0666,-0.0102,-0.0177,-0.0027,0.0122,0.0019,-0.0458,-0.0137,True,True
DTC_L_99,LanSi,1,CW_01,B,2026-03-24 15:10:23+08:00,ONLINE,False,,CW_1_01,PASS,,,51.7623768,_2026032415102303002,T20260324151023,DESKTOP-P2DUL42,Loma,1,CW_1_01,2,paul di,2024.0718.155524,V20260126.2,CW_DTCL_DTCR_STC,T20260324151114,51.7623768,True,True,True,True,True,True,True,4S2RND2HBL06DS,v1.0.1,2025_12_22,314.2868,323.5882,474.4167,303.1288,294.8792,153.0134,148.1074,343.3758,333.6014,489.2754,-6.4417,2.9763,-0.0001,0.0,-0.2266,1.557,-0.218,1.5542,0.6667,154.1045,149.0928,147.3037,152.9297,150.8577,0.8301,0.7895,0.8478,0.7869,0.7869,0.7765,0.7601,0.7934,0.7251,0.7251,0.8154,0.8124,0.8033,0.7832,0.756,0.7178,0.7432,0.7093,0.7093,0.8121,0.98,0.8165,0.8409,0.8121,0.8433,0.7305,0.7651,0.8378,0.8315,0.8207,0.7867,0.7732,0.7305,0,0,0,0,0,v1.0.1,2025_12_22,314.2766,323.617,475.5149,303.0373,294.7143,152.0195,146.9733,343.4333,333.7914,490.3669,-6.4459,2.9948,-0.0001,0.0,-0.2264,1.5568,-0.2174,1.5538,0.6667,161.1318,156.0137,162.2578,161.9404,160.3359,0.6949,0.6812,0.6981,0.6966,0.6812,0.6541,0.6267,0.6487,0.6332,0.6267,0.6617,0.6551,0.6512,0.6439,0.6361,0.6368,0.6313,0.6064,0.6064,0.6664,0.4698,0.6666,0.6861,0.4698,0.6484,0.6308,0.6374,0.6908,0.6813,0.6874,0.67,0.6374,0.6308,0,0,0,0,0,v1.0.1,2025_12_22,312.9126,315.835,437.7345,301.6283,298.9138,185.5,184.4167,330.4417,326.9569,445.8707,-7.3131,-3.6449,-0.0001,-0.0,-0.2128,1.5633,-0.2127,1.5627,0.6751,175.1201,173.126,171.4424,174.2266,173.4788,0.7868,0.6741,0.8045,0.6677,0.6677,0.7457,0.6436,0.7606,0.6596,0.6436,0.7581,0.7641,0.7661,0.7063,0.7063,0.7285,0,0.7118,0.7113,0.7113,0,0,0,0,0,v1.0.1,2025_12_22,312.9135,315.7788,438.6174,301.4522,298.6667,184.7398,183.4628,330.5372,327,446.7345,-7.3679,-3.6515,-0.0001,-0.0,-0.213,1.562,-0.213,1.5631,0.6748,148.0986,142.4375,141.8486,145.6836,144.5171,0.6629,0.5847,0.6769,0.5972,0.5847,0.6338,0.5578,0.6355,0.5809,0.5578,0.6266,0.632,0.6412,0.6117,0.6117,0.5829,0.5084,0.5727,0.5736,0.5084,0,0,0,0,0,0.0057,-0.076,0.0068,-0.0347,-0.0347,-0.0084,-0.0662,-0.0106,-0.0431,-0.0431,0.0061,0.0021,-0.0045,0.016,-0.0685,-0.0798,-0.041,-0.0482,0.0015,0.0035,0.0138,-0.032,0.0037,-0.0188,0.0001,-0.0155,-0.0573,-0.0088,-0.0335,-0.0308,0.0131,-0.0058,-0.0144,0.0021,-0.0351,-0.0249,-0.0254,-0.0246,-0.0142,-0.0107,0.0077,-0.136,0.009,-0.1258,-0.1114,0.0114,-0.1332,0.0112,-0.0843,-0.0907,-0.003,0.0039,0.0225,0.02,0.0023,-0.0055,0.0079,-0.0926,0.0119,-0.0781,-0.0703,-0.0024,-0.0898,0.0132,-0.0777,-0.0645,-0.0046,0.0009,0.0054,0.0068,0.0068,0.0077,0.0064,True,True
DTC_L_100,LanSi,1,CW_01,C,2026-03-24 15:12:09+08:00,ONLINE,False,,CW_1_01,PASS,,,51.5890478,_2026032415120948802,T20260324151209,DESKTOP-P2DUL42,Loma,1,CW_1_01,2,paul di,2024.0718.155524,V20260126.2,CW_DTCL_DTCR_STC,T20260324151301,51.5890478,True,True,True,True,True,True,True,4S2RND2HBL06DS,v1.0.1,2025_12_22,315.146,322.3723,475.4848,301.7652,296.1267,151.5667,149.8,342.3933,334.6103,488.2868,-5.2664,1.7768,-0.0001,0.0,-0.2273,1.5594,-0.22,1.5535,0.6664,154.5254,149.707,148.5459,153.5586,151.5842,0.8295,0.8058,0.8434,0.7877,0.7877,0.7824,0.7506,0.8037,0.7561,0.7506,0.812,0.8101,0.8097,0.7694,0.7274,0.7159,0.7382,0.6828,0.6828,0.8094,0.8112,0.8196,0.7609,0.7609,0.8412,0.7594,0.736,0.8294,0.8098,0.7568,0.7736,0.773,0.736,0,0,0,0,0,v1.0.1,2025_12_22,315.1727,322.4532,476.6429,301.5714,296.0592,150.5658,148.596,342.5894,334.7914,489.3669,-5.2476,1.8094,-0.0001,0.0,-0.2281,1.5595,-0.2198,1.5533,0.6662,162.2344,157.084,163.79,162.8613,161.4924,0.6936,0.6726,0.6907,0.6952,0.6726,0.6493,0.6285,0.6588,0.6537,0.6285,0.6516,0.65,0.6621,0.6343,0.6206,0.623,0.6387,0.6145,0.6145,0.695,0.6213,0.6854,0.6411,0.6213,0.6547,0.6537,0.6117,0.6773,0.661,0.6588,0.667,0.6266,0.6117,0,0,0,0,0,v1.0.1,2025_12_22,313.6509,314.7453,438.6325,300.3675,300.0169,183.9492,185.5,329.5,327.7931,444.9397,-6.3813,-4.7997,-0.0001,-0.0,-0.214,1.5664,-0.2141,1.5621,0.6751,175.8262,174.2236,172.9287,174.8418,174.4551,0.7867,0.7046,0.8036,0.6804,0.6804,0.7294,0.6484,0.7624,0.6597,0.6484,0.7596,0.7589,0.7553,0.6993,0.6993,0.7296,0,0.7348,0.6401,0.6401,0,0,0,0,0,v1.0.1,2025_12_22,313.5421,314.8505,439.5614,300.3333,299.9231,183.1709,184.521,329.5462,327.8235,445.8235,-6.4258,-4.7551,-0.0001,-0.0,-0.2142,1.5672,-0.2129,1.5617,0.6755,148.9434,143.5469,143.2666,146.5137,145.5676,0.666,0.5946,0.6675,0.6071,0.5946,0.6288,0.5529,0.6253,0.5669,0.5529,0.6205,0.6322,0.643,0.5869,0.5869,0.5798,0.5263,0.5877,0.5302,0.5263,0,0,0,0,0,0.0051,-0.0597,0.0024,-0.0339,-0.0339,-0.0025,-0.0757,-0.0003,-0.0121,-0.0176,0.0027,-0.0002,0.0019,0.0022,-0.0971,-0.0817,-0.046,-0.0747,-0.0012,0.0066,0.0125,-0.0406,-0.0037,-0.0202,-0.0085,-0.0203,-0.0555,0.0013,-0.013,-0.029,0.003,-0.0109,-0.0035,-0.0075,-0.0506,-0.0387,-0.018,-0.0165,0.0144,0.0081,0.0076,-0.1055,0.0081,-0.1131,-0.0987,-0.0049,-0.1284,0.013,-0.0842,-0.0859,-0.0015,-0.0013,0.0117,0.013,0.0034,0.0175,0.011,-0.0827,0.0025,-0.0682,-0.0604,-0.0074,-0.0947,0.003,-0.0917,-0.0694,-0.0107,0.0011,0.0072,-0.018,-0.018,0.0046,0.0214,True,True
DTC_R_100,LanSi,1,CW_01,C,2026-03-24 15:12:09+08:00,ONLINE,False,,CW_1_01,PASS,,,51.7575978,_2026032415120932701,T20260324151209,DESKTOP-P2DUL42,Loma,1,CW_1_01,1,paul di,2024.0718.155524,V20260126.2,CW_DTCL_DTCR_STC,T20260324151301,51.7575978,True,True,True,True,True,True,True,4S2RND2HBL0DP6,v1.0.1,2025_12_22,315.0657,316.8467,474.7852,296.7778,295.3467,147.3467,149.3467,337.2333,335.3077,484.5804,-5.5296,-2.943,-0.0001,-0.0,-0.2245,1.5545,-0.2219,1.5502,0.6646,155.0938,152.1973,151.5557,154.9414,153.447,0.8667,0.8332,0.8748,0.8171,0.8171,0.8212,0.7543,0.8255,0.772,0.7543,0.8146,0.8206,0.8183,0.8223,0.7729,0.7465,0.7212,0.7173,0.7173,0.8355,0.805,0.7974,0.861,0.7974,0.8511,0.7656,0.7884,0.8214,0.8154,0.8121,0.7528,0.8573,0.7528,0,0,0,0,0,v1.0.1,2025_12_22,315.0426,316.844,475.8478,296.7609,295.1933,146.2867,148.2133,337.28,335.4722,485.5417,-5.5461,-2.9574,-0.0001,-0.0,-0.2237,1.5544,-0.2214,1.5498,0.6648,160.9424,156.2139,164.2861,163.4844,161.2317,0.7004,0.6936,0.7024,0.6946,0.6936,0.6799,0.6397,0.6668,0.6572,0.6397,0.6625,0.6524,0.6647,0.6608,0.6389,0.6316,0.5863,0.6109,0.5863,0.6858,0.6497,0.6684,0.397,0.397,0.6571,0.6526,0.6444,0.6703,0.6553,0.6474,0.6219,0.6783,0.6219,0,0,0,0,0,v1.0.1,2025_12_22,317,328.3962,441.4159,313.2389,302.4453,195.4688,188.5,342.5738,331.5,456.5965,-3.3278,7.7548,-0.0,0.0001,-0.2207,1.5612,-0.2094,1.5577,0.6722,176.0498,175.4873,175.1875,176.8008,175.8813,0.7994,0.7002,0.8051,0.6967,0.6967,0.7583,0.6468,0.7819,0.6705,0.6468,0.7708,0.7711,0.7574,0.7352,0.7352,0.7524,0.6844,0.7329,0,0.6844,0,0,0,0,0,v1.0.1,2025_12_22,317,328.3962,442.2294,313.0917,302.4127,194.8968,187.5246,342.7623,331.5439,457.5,-3.3579,7.8294,-0.0,0.0001,-0.2211,1.5614,-0.21,1.5581,0.6721,146.5723,142.041,143.4834,144.5654,144.1655,0.6692,0.5978,0.6749,0.6099,0.5978,0.6342,0.5677,0.6411,0.5632,0.5632,0.6316,0.6359,0.6331,0.6258,0.6258,0.591,0.5568,0.5759,0.495,0.495,0,0,0,0,0,0.0031,-0.0411,0.0087,-0.0525,-0.0465,-0.0067,-0.0563,0.001,-0.0486,-0.0563,-0.0025,0.0106,0.0097,0.015,-0.0346,-0.0652,-0.0752,-0.1048,-0.004,-0.0042,-0.009,-0.0179,-0.0073,-0.0347,-0.0158,0.0068,-0.0415,0.0026,-0.0168,-0.0245,0.0039,-0.0057,0.0061,-0.0082,-0.0182,-0.0312,-0.0444,-0.0311,0.008,0.0161,0.013,-0.1095,0.0049,-0.1145,-0.0897,-0.0085,-0.1069,0.021,-0.1082,-0.1069,0.02,0.0166,0.0232,0.0074,0.0009,-0.0013,0.0171,-0.0505,0.0079,-0.0624,-0.0505,-0.0068,-0.0743,0.0106,-0.079,-0.0673,0.0019,0.0016,-0.0024,0.0111,0.0111,-0.0154,-0.0076,True,True
DTC_R_101,LanSi,1,CW_01,A,2026-03-24 15:14:09+08:00,ONLINE,False,,CW_1_01,PASS,,,51.9148911,_2026032415140988201,T20260324151409,DESKTOP-P2DUL42,Loma,1,CW_1_01,1,paul di,2024.0718.155524,V20260126.2,CW_DTCL_DTCR_STC,T20260324151501,51.9148911,True,True,True,True,True,True,True,4S2RND2HBL0DP6,v1.0.1,2025_12_22,315,317.4632,474.8456,297.6691,295.2483,147.7724,149.3775,337.8013,335.2394,485.5,-5.5578,-2.2588,-0.0001,-0.0,-0.2227,1.5544,-0.2217,1.5504,0.6651,155.0352,153.3057,152.6943,154.8428,153.9695,0.8671,0.8197,0.8645,0.8289,0.8197,0.8226,0.7687,0.8267,0.762,0.762,0.8231,0.8129,0.8212,0.8075,0.7607,0.7616,0.73,0.7536,0.73,0.837,0.8062,0.8124,0.1913,0.1913,0.841,0.7893,0.7822,0.8354,0.8072,0.852,0.7924,0.8401,0.7822,0,0,0,0,0,v1.0.1,2025_12_22,314.9856,317.4532,475.9118,297.5,295.1034,146.8138,148.2449,337.9932,335.4384,486.5548,-5.5632,-2.237,-0.0001,-0.0,-0.2228,1.5543,-0.2221,1.5499,0.6648,162.3926,156.7695,165.4219,164.9512,162.3838,0.708,0.6989,0.7111,0.6905,0.6905,0.6768,0.6521,0.6778,0.6579,0.6521,0.654,0.656,0.6518,0.6577,0.6388,0.656,0.5879,0.6178,0.5879,0.6861,0.6579,0.6864,0.5021,0.5021,0.6355,0.661,0.6618,0.6712,0.6779,0.6809,0.664,0.687,0.6355,0,0,0,0,0,v1.0.1,2025_12_22,316.981,328.9238,441.4261,313.7043,302.371,196.1371,188.521,343.4538,331.4783,457.5478,-3.3445,8.4534,-0.0,0.0001,-0.2212,1.5607,-0.2121,1.558,0.6714,175.9863,176.4912,176.1562,176.7314,176.3413,0.8042,0.694,0.8206,0.6932,0.6932,0.7632,0.6517,0.7588,0.6629,0.6517,0.7748,0.7569,0.7435,0.7383,0.7383,0.7466,0.6941,0.7405,0,0.6941,0,0,0,0,0,v1.0.1,2025_12_22,316.9048,328.9048,442.3274,313.6726,302.3306,195.3145,187.5,343.5,331.5,458.4035,-3.3874,8.4591,-0.0,0.0001,-0.2203,1.5616,-0.2118,1.558,0.6719,147.7539,142.6777,144.2207,145.6211,145.0684,0.6615,0.5875,0.6773,0.6043,0.5875,0.6488,0.5815,0.646,0.5706,0.5706,0.6313,0.6411,0.6325,0.6145,0.6145,0.5821,0.5478,0.5734,0.4977,0.4977,0,0,0,0,0,0.0035,-0.0546,-0.0016,-0.0407,-0.0439,-0.0053,-0.0419,0.0022,-0.0586,-0.0486,0.006,0.0029,0.0126,0.0002,-0.0468,-0.0501,-0.0664,-0.0685,-0.0025,0.0108,-0.0014,-0.0126,0.0014,-0.0388,-0.0189,0.0037,-0.0291,0.0136,-0.0161,-0.0121,-0.0046,-0.0021,-0.0068,-0.0113,-0.0183,-0.0068,-0.0428,-0.0242,0.0083,0.0341,0.0178,-0.1157,0.0204,-0.118,-0.0932,-0.0036,-0.102,-0.0021,-0.1158,-0.102,0.024,0.0024,0.0093,0.0105,-0.0049,0.0063,0.0094,-0.0608,0.0103,-0.068,-0.0608,0.0078,-0.0605,0.0155,-0.0716,-0.0599,0.0016,0.0068,-0.003,-0.0002,-0.0002,-0.0243,-0.0101,True,True
DTC_L_101,LanSi,1,CW_01,A,2026-03-24 15:14:09+08:00,ONLINE,False,,CW_1_01,PASS,,,51.9158885,_2026032415140988102,T20260324151409,DESKTOP-P2DUL42,Loma,1,CW_1_01,2,paul di,2024.0718.155524,V20260126.2,CW_DTCL_DTCR_STC,T20260324151501,51.9158885,True,True,True,True,True,True,True,4S2RND2HBL06DS,v1.0.1,2025_12_22,314.1739,323.3333,474.3835,302.9624,294.96,152.02,148.245,343.3907,333.4085,490.5,-6.4658,2.9413,-0.0001,0.0,-0.226,1.5586,-0.2198,1.5557,0.6671,153.8496,149.7002,147.626,152.9482,151.031,0.826,0.798,0.8407,0.7941,0.7941,0.7796,0.7504,0.8004,0.7508,0.7504,0.8019,0.8021,0.8042,0.7754,0.7515,0.7053,0.7669,0.7062,0.7053,0.7997,0.7803,0.8194,0.8205,0.7803,0.8463,0.7544,0.7457,0.8359,0.8323,0.8362,0.8002,0.7853,0.7457,0,0,0,0,0,v1.0.1,2025_12_22,314.1739,323.3333,475.4741,302.8519,294.84,151.14,147.0789,343.5,333.6806,491.5,-6.4505,2.965,-0.0001,0.0,-0.2258,1.5585,-0.2196,1.5548,0.667,161.0518,156.6963,162.4854,161.4785,160.428,0.6743,0.677,0.6921,0.6962,0.6743,0.6551,0.6334,0.6587,0.6498,0.6334,0.6343,0.6521,0.6575,0.6419,0.6249,0.625,0.6373,0.6102,0.6102,0.6616,0.641,0.6684,0.6899,0.641,0.6621,0.6576,0.6148,0.6819,0.679,0.6869,0.661,0.623,0.6148,0,0,0,0,0,v1.0.1,2025_12_22,312.6916,315.6262,437.5948,301.4052,298.75,184.6917,184.1301,330.3577,326.5948,446.5086,-7.5477,-3.7821,-0.0001,-0.0,-0.2129,1.5642,-0.2136,1.5645,0.6756,175.2627,174.2129,172.0225,174.5234,174.0054,0.7899,0.6795,0.8095,0.6855,0.6795,0.7479,0.6392,0.7461,0.6643,0.6392,0.766,0.767,0.7725,0.716,0.716,0.7269,0,0.7296,0.7309,0.7269,0,0,0,0,0,v1.0.1,2025_12_22,312.6422,315.5321,438.487,301.313,298.65,183.825,183.3583,330.4333,326.75,447.3083,-7.5225,-3.8176,-0.0001,-0.0,-0.212,1.5644,-0.2142,1.5636,0.6755,147.793,142.6631,142.0107,145.0137,144.3701,0.6665,0.5882,0.6756,0.6037,0.5882,0.6356,0.5508,0.6333,0.5843,0.5508,0.6271,0.6365,0.6435,0.6067,0.6067,0.5954,0.5186,0.5859,0.5737,0.5186,0,0,0,0,0,0.0016,-0.0675,-0.0003,-0.0275,-0.0275,-0.0053,-0.0759,-0.0036,-0.0174,-0.0178,-0.0074,-0.0082,-0.0036,0.0082,-0.073,-0.0923,-0.0173,-0.0513,-0.0109,0.0064,-0.0068,-0.0362,-0.0023,-0.0192,-0.0068,-0.0145,-0.0506,0.0012,-0.0169,-0.0241,-0.0143,-0.0088,-0.0081,0.0001,-0.0463,-0.0367,-0.0194,-0.0208,-0.019,-0.0089,0.0108,-0.1306,0.014,-0.108,-0.0996,0.0136,-0.1376,-0.0033,-0.0796,-0.0951,0.0049,0.0068,0.0289,0.0297,0.0007,0.0123,0.0115,-0.0891,0.0106,-0.0716,-0.0668,-0.0006,-0.0968,0.011,-0.0743,-0.0715,-0.0041,0.0054,0.0077,0.0018,0.0018,0.0202,0.0196,True,True
DTC_R_102,LanSi,1,CW_01,B,2026-03-24 15:15:48+08:00,ONLINE,False,,CW_1_01,PASS,,,51.3911148,_2026032415154833101,T20260324151548,DESKTOP-P2DUL42,Loma,1,CW_1_01,1,paul di,2024.0718.155524,V20260126.2,CW_DTCL_DTCR_STC,T20260324151639,51.3911148,True,True,True,True,True,True,True,4S2RND2HBL0DP6,v1.0.1,2025_12_22,315.25,317.2574,475.6493,297.9104,295.7397,148.6918,149.4832,337.4564,336,485.8151,-5.0756,-2.0738,-0.0001,-0.0,-0.2195,1.555,-0.2207,1.5478,0.6656,153.5049,150.6621,150.4844,152.5371,151.7971,0.8704,0.7723,0.8621,0.7826,0.7723,0.8134,0.7419,0.8217,0.7794,0.7419,0.8301,0.8066,0.8061,0.8178,0.7203,0.7216,0.7825,0.7652,0.7203,0.8426,0.751,0.8094,0.98,0.751,0.8331,0.6727,0.7458,0.8173,0.782,0.7365,0.8389,0.8381,0.6727,0,0,0,0,0,v1.0.1,2025_12_22,315.1533,317.1898,476.75,297.6571,295.5302,147.6443,148.3709,337.5762,336.0822,486.8562,-5.1227,-2.1153,-0.0001,-0.0,-0.2198,1.5551,-0.2211,1.5475,0.6654,162.3945,156.5488,165.2061,164.5889,162.1846,0.7016,0.6636,0.6984,0.6744,0.6636,0.6778,0.6432,0.6686,0.6453,0.6432,0.6645,0.6587,0.659,0.6551,0.626,0.6374,0.6261,0.6398,0.626,0.6763,0.6169,0.6544,0.3255,0.3255,0.6393,0.5721,0.6413,0.656,0.6354,0.642,0.6524,0.6803,0.5721,0,0,0,0,0,v1.0.1,2025_12_22,317.1028,328.6168,441.9541,313.7156,302.6098,196.813,188.5,342.6667,331.9569,457.1293,-3.0753,8.2883,-0.0,0.0001,-0.2183,1.5608,-0.2083,1.5552,0.6723,175.5605,174.9883,175.2305,175.8418,175.4053,0.8049,0.6284,0.801,0.6436,0.6284,0.7654,0.6181,0.7777,0.6501,0.6181,0.7791,0.7684,0.7585,0.7457,0.7457,0.7433,0.589,0.7392,0,0.589,0,0,0,0,0,v1.0.1,2025_12_22,317.0849,328.6698,442.8364,313.7273,302.5,196,187.5323,342.9274,332,458,-3.1093,8.3649,-0.0,0.0001,-0.2178,1.5608,-0.2091,1.5555,0.6723,147.9268,142.1748,144.0469,145.3779,144.8816,0.665,0.5703,0.6661,0.5705,0.5703,0.6381,0.5494,0.6366,0.5649,0.5494,0.6328,0.641,0.631,0.6396,0.631,0.5857,0.5141,0.5727,0.4718,0.4718,0,0,0,0,0,0.0068,-0.102,-0.004,-0.087,-0.0913,-0.0145,-0.0687,-0.0028,-0.0412,-0.0687,0.013,-0.0034,-0.0025,0.0105,-0.0872,-0.0901,-0.0139,-0.0569,0.0031,0.0078,-0.0078,-0.0479,-0.0113,-0.0549,-0.0458,0.0047,-0.038,0.0044,-0.0287,-0.021,0.0059,0.0006,0.0004,-0.0139,-0.0311,-0.0254,-0.0046,-0.0022,-0.0015,0.0021,0.0185,-0.1813,0.0008,-0.1676,-0.158,-0.0014,-0.1356,0.0168,-0.1286,-0.1356,0.0283,0.0139,0.0243,0.0179,-0.0082,0.005,0.0129,-0.078,-0.0009,-0.1018,-0.078,-0.0029,-0.0926,0.0061,-0.0773,-0.0811,0.0031,0.0067,-0.0045,0.0249,0.0163,-0.0207,-0.0108,True,True
DTC_L_102,LanSi,1,CW_01,B,2026-03-24 15:15:48+08:00,ONLINE,False,,CW_1_01,PASS,,,51.7750882,_2026032415154818902,T20260324151548,DESKTOP-P2DUL42,Loma,1,CW_1_01,2,paul di,2024.0718.155524,V20260126.2,CW_DTCL_DTCR_STC,T20260324151639,51.7750882,True,True,True,True,True,True,True,4S2RND2HBL06DS,v1.0.1,2025_12_22,314.2132,322.2721,474.3358,301.9552,294.8431,151.6078,148.42,342.12,333.4179,489.0373,-6.454,1.8985,-0.0001,0.0,-0.2257,1.5573,-0.2186,1.5556,0.6671,155.1309,150.5352,148.9102,154.3096,152.2214,0.8177,0.7767,0.8357,0.7896,0.7767,0.7726,0.7389,0.7755,0.7539,0.7389,0.7986,0.802,0.8181,0.7503,0.7423,0.7158,0.7734,0.7205,0.7158,0.7827,0.98,0.816,0.8302,0.7827,0.865,0.7273,0.7177,0.8451,0.8296,0.8116,0.8211,0.79,0.7177,0,0,0,0,0,v1.0.1,2025_12_22,314.2101,322.3188,475.4662,301.9173,294.7368,150.5855,147.3922,342.3333,333.6739,490.0362,-6.4042,1.9382,-0.0001,0.0,-0.2253,1.5574,-0.2189,1.5547,0.667,160.8398,156.1484,162.3301,161.7783,160.2742,0.671,0.6588,0.6959,0.6902,0.6588,0.664,0.6123,0.6464,0.6511,0.6123,0.6343,0.6404,0.6491,0.6296,0.6072,0.6207,0.65,0.6218,0.6072,0.6379,0.4361,0.6652,0.7002,0.4361,0.6683,0.63,0.6217,0.6712,0.6889,0.6987,0.6785,0.6381,0.6217,0,0,0,0,0,v1.0.1,2025_12_22,312.8208,314.6792,437.5517,300.5,298.7355,184.1983,184.5,329.3333,326.8235,445.1765,-7.4137,-4.7225,-0.0001,-0.0,-0.2127,1.5627,-0.2132,1.5634,0.6751,174.9492,173.7383,172.0977,174.6709,173.864,0.7726,0.6634,0.799,0.6851,0.6634,0.7295,0.6304,0.7484,0.6648,0.6304,0.7607,0.7622,0.7568,0.6992,0.6992,0.7215,0,0.7208,0.7362,0.7208,0,0,0,0,0,v1.0.1,2025_12_22,312.8095,314.7333,438.5,300.3621,298.547,183.5214,183.5378,329.3697,326.822,446.0339,-7.4567,-4.6959,-0.0001,-0.0,-0.2133,1.562,-0.2122,1.564,0.6751,147.5996,142.3193,141.7764,145.0459,144.1853,0.6458,0.5621,0.6652,0.5978,0.5621,0.6202,0.5549,0.6257,0.5897,0.5549,0.6143,0.6359,0.6395,0.6199,0.6143,0.5522,0.5204,0.5963,0.5901,0.5204,0,0,0,0,0,-0.0067,-0.0888,-0.0053,-0.032,-0.0449,-0.0123,-0.0874,-0.0285,-0.0143,-0.0293,-0.0107,-0.0083,0.0103,-0.0169,-0.0822,-0.0818,-0.0108,-0.037,-0.0279,0.003,-0.0101,-0.0544,0.0015,-0.0252,-0.0223,-0.0056,-0.0717,-0.0111,-0.0156,-0.0452,-0.0143,-0.0205,-0.0165,-0.0122,-0.064,-0.041,-0.0067,-0.0092,-0.0427,-0.0121,-0.0065,-0.1467,0.0035,-0.1084,-0.1157,-0.0048,-0.1464,-0.001,-0.0791,-0.1039,-0.0004,0.002,0.0132,0.0129,-0.0047,0.0035,-0.0092,-0.1152,0.0002,-0.0775,-0.0929,-0.016,-0.0927,0.0034,-0.0689,-0.0674,-0.0169,0.0048,0.0037,0.015,0.0094,-0.023,0.03,True,True
DTC_R_103,LanSi,1,CW_01,C,2026-03-24 15:17:16+08:00,ONLINE,False,,CW_1_01,PASS,,,51.4860195,_2026032415171655601,T20260324151716,DESKTOP-P2DUL42,Loma,1,CW_1_01,1,paul di,2024.0718.155524,V20260126.2,CW_DTCL_DTCR_STC,T20260324151808,51.4860195,True,True,True,True,True,True,True,4S2RND2HBL0DP6,v1.0.1,2025_12_22,315.0362,317.8841,475,298,295.2708,147.8542,149.5,338.4133,335.3214,485.8,-5.4743,-1.9097,-0.0001,-0.0,-0.2232,1.5546,-0.2229,1.5501,0.6646,154.5254,151.8701,151.5234,154.2383,153.0393,0.8606,0.8337,0.8741,0.8267,0.8267,0.8109,0.7807,0.8268,0.7964,0.7807,0.8125,0.8224,0.8032,0.8016,0.7588,0.763,0.7305,0.7387,0.7305,0.8571,0.8041,0.8203,0.7902,0.7902,0.8496,0.7825,0.7764,0.8069,0.799,0.7934,0.8168,0.8543,0.7764,0,0,0,0,0,v1.0.1,2025_12_22,315,317.8643,476,297.9137,295.137,146.8493,148.28,338.42,335.5704,486.7254,-5.5025,-1.9455,-0.0001,-0.0,-0.2228,1.5547,-0.2222,1.5491,0.6647,161.7256,155.8955,164.2012,164.1475,161.4924,0.7034,0.6999,0.7067,0.6904,0.6904,0.6787,0.6665,0.6772,0.6553,0.6553,0.6553,0.6478,0.6586,0.6585,0.6382,0.6516,0.6053,0.6205,0.6053,0.6678,0.656,0.6657,0.3544,0.3544,0.6357,0.6546,0.6593,0.6464,0.6569,0.6775,0.6574,0.6917,0.6357,0,0,0,0,0,v1.0.1,2025_12_22,316.9524,329.181,441.5455,314.0727,302.4365,196.0635,188.5,343.5,331.4211,457.7632,-3.3289,8.6161,-0.0,0.0001,-0.2202,1.5617,-0.2105,1.5582,0.6723,176.5713,176.4746,176.2734,177.5059,176.7063,0.8009,0.705,0.8154,0.7026,0.7026,0.7627,0.6693,0.765,0.6654,0.6654,0.777,0.7664,0.752,0.7323,0.7323,0.7517,0.694,0.7297,0,0.694,0,0,0,0,0,v1.0.1,2025_12_22,316.9626,329.3551,442.3761,314.0642,302.2698,195.3968,187.5378,343.6303,331.5217,458.5478,-3.3664,8.6989,-0.0,0.0001,-0.2208,1.561,-0.2093,1.5581,0.6722,146.9697,141.5791,143.0068,144.8008,144.0891,0.672,0.5893,0.682,0.6054,0.5893,0.6407,0.5802,0.6435,0.5703,0.5703,0.619,0.6487,0.6359,0.6227,0.619,0.6001,0.573,0.5763,0.4636,0.4636,0,0,0,0,0,-0.003,-0.0406,0.008,-0.0429,-0.0369,-0.017,-0.0299,0.0023,-0.0242,-0.0299,-0.0046,0.0124,-0.0054,-0.0057,-0.0487,-0.0487,-0.0659,-0.0834,0.0176,0.0187,-0.006,-0.0116,-0.003,-0.0389,-0.019,0.0056,-0.0147,0.013,-0.0187,-0.0089,-0.0033,-0.0103,0,-0.0105,-0.0189,-0.0112,-0.0254,-0.0215,-0.01,0.0134,0.0145,-0.1047,0.0152,-0.1086,-0.0838,-0.0041,-0.0844,0.0041,-0.1133,-0.0883,0.0262,0.0119,0.0178,0.0045,0.0002,-0.0045,0.0199,-0.059,0.015,-0.0669,-0.059,-0.0003,-0.0618,0.013,-0.0719,-0.0602,-0.0107,0.0144,0.0004,0.008,0.0043,-0.0063,-0.0072,True,True
DTC_L_103,LanSi,1,CW_01,C,2026-03-24 15:17:16+08:00,ONLINE,False,,CW_1_01,PASS,,,51.6435983,_2026032415171639802,T20260324151716,DESKTOP-P2DUL42,Loma,1,CW_1_01,2,paul di,2024.0718.155524,V20260126.2,CW_DTCL_DTCR_STC,T20260324151808,51.6435983,True,True,True,True,True,True,True,4S2RND2HBL06DS,v1.0.1,2025_12_22,314.1655,323.3813,474.4662,302.9173,294.9085,151.549,148.1688,343.5,333.3617,490.5674,-6.4859,2.883,-0.0001,0.0,-0.2265,1.5587,-0.2201,1.556,0.667,155.7852,151.2607,149.332,154.6221,152.75,0.8228,0.8055,0.8465,0.7952,0.7952,0.7869,0.7614,0.802,0.7549,0.7549,0.8103,0.8157,0.8122,0.7674,0.7375,0.75,0.75,0.7186,0.7186,0.8155,0.1822,0.818,0.821,0.1822,0.8473,0.7466,0.7394,0.8418,0.8402,0.7929,0.7981,0.7692,0.7394,0,0,0,0,0,v1.0.1,2025_12_22,314.1655,323.3813,475.6423,302.8029,294.7815,150.5828,147.1046,343.5686,333.6429,491.5714,-6.4327,2.8814,-0.0001,0.0,-0.2262,1.5586,-0.2197,1.555,0.6669,160.8213,156.4268,162.4746,161.5352,160.3145,0.6817,0.6721,0.7036,0.6944,0.6721,0.6679,0.6393,0.6609,0.6517,0.6393,0.6499,0.6561,0.6532,0.625,0.6266,0.6333,0.6208,0.6207,0.6207,0.6692,0.5027,0.6763,0.6853,0.5027,0.6561,0.6391,0.608,0.6871,0.6868,0.6719,0.6786,0.6258,0.608,0,0,0,0,0,v1.0.1,2025_12_22,312.713,315.6759,437.6667,301.4386,298.8571,184.1176,184.2295,330.5,326.8235,446.8235,-7.442,-3.7889,-0.0001,-0.0,-0.2129,1.5653,-0.2144,1.5631,0.6753,175.9033,174.625,172.1699,174.9297,174.407,0.7867,0.685,0.8117,0.6904,0.685,0.7517,0.6539,0.7594,0.6743,0.6539,0.7741,0.7772,0.7605,0.7054,0.7054,0.7309,0,0.728,0.7098,0.7098,0,0,0,0,0,v1.0.1,2025_12_22,312.6216,315.5495,438.5478,301.3826,298.6281,183.4298,183.4628,330.5372,326.6897,447.5,-7.51,-3.8202,-0.0001,-0.0,-0.2115,1.5648,-0.215,1.5641,0.6756,147.6426,142.8906,142.0918,145.0615,144.4216,0.657,0.5974,0.6789,0.6102,0.5974,0.6357,0.5686,0.6161,0.5834,0.5686,0.6476,0.6338,0.6296,0.6034,0.6034,0.5886,0.5013,0.5912,0.5579,0.5013,0,0,0,0,0,-0.0016,-0.06,0.0055,-0.0264,-0.0264,0.002,-0.0649,-0.002,-0.0133,-0.0133,0.001,0.0054,0.0044,0.0002,-0.087,-0.0476,-0.0342,-0.0389,0.0049,0.005,0.0006,-0.0411,0.0092,-0.021,-0.009,-0.0017,-0.0447,0.0034,-0.015,-0.0182,0.0013,-0.0048,-0.0124,-0.0168,-0.0446,-0.0284,-0.0359,-0.0103,-0.0114,-0.001,0.0076,-0.1251,0.0162,-0.1031,-0.0941,0.0174,-0.1229,0.01,-0.0696,-0.0804,0.013,0.017,0.0169,0.0191,0.0047,0.0107,0.002,-0.0799,0.0139,-0.0651,-0.0576,-0.0005,-0.079,-0.0062,-0.0752,-0.0537,0.0164,0.0027,-0.0062,-0.0015,-0.0015,0.0134,0.0249,True,True
DTC_R_104,LanSi,1,CW_01,A,2026-03-24 15:18:45+08:00,ONLINE,False,,CW_1_01,PASS,,,51.4236046,_2026032415184537901,T20260324151845,DESKTOP-P2DUL42,Loma,1,CW_1_01,1,paul di,2024.0718.155524,V20260126.2,CW_DTCL_DTCR_STC,T20260324151936,51.4236046,True,True,True,True,True,True,True,4S2RND2HBL0DP6,v1.0.1,2025_12_22,315.1926,316.8074,475.2148,297.2222,295.4257,148.3649,149.2703,336.9392,335.8014,484.4178,-5.3191,-2.7497,-0.0001,-0.0,-0.2213,1.5535,-0.2202,1.5479,0.665,156.0791,154.1855,153.9512,155.875,155.0227,0.861,0.7913,0.8745,0.7778,0.7778,0.8169,0.7523,0.8245,0.7664,0.7523,0.8197,0.8221,0.8223,0.8143,0.7614,0.7287,0.772,0.7428,0.7287,0.8386,0.8014,0.8072,0.98,0.8014,0.8425,0.7773,0.7469,0.8186,0.7946,0.7252,0.818,0.8504,0.7252,0,0,0,0,0,v1.0.1,2025_12_22,315.0791,316.8633,476.2647,297.1103,295.1712,147.2123,148,337,335.9801,485.457,-5.401,-2.7714,-0.0001,-0.0,-0.2214,1.5535,-0.2194,1.5469,0.6649,160.4932,153.752,162.085,163.2422,159.8931,0.7011,0.6657,0.7137,0.6686,0.6657,0.6695,0.6317,0.663,0.631,0.631,0.6624,0.6557,0.6591,0.6596,0.6427,0.6338,0.633,0.6307,0.6307,0.6735,0.6553,0.65,0.2438,0.2438,0.6412,0.6337,0.6475,0.6627,0.6471,0.5829,0.6348,0.6616,0.5829,0,0,0,0,0,v1.0.1,2025_12_22,317.1121,328.2804,441.8,313.3826,302.5159,196.1587,188.5,342.5,331.9115,456,-3.1321,7.7643,-0.0,0.0001,-0.2184,1.5603,-0.2096,1.5549,0.6718,177.1221,177.7441,177.5859,178.3535,177.7014,0.8143,0.6256,0.8231,0.6227,0.6227,0.7642,0.6354,0.7761,0.6356,0.6354,0.779,0.7639,0.7632,0.75,0.75,0.7595,0.6565,0.7329,0,0.6565,0,0,0,0,0,v1.0.1,2025_12_22,317.0849,328.3302,442.5487,313.2832,302.4839,195.6694,187.5,342.5,331.9138,456.7759,-3.1938,7.8117,-0.0,0.0001,-0.2188,1.5607,-0.2084,1.5553,0.6722,146.1113,139.6758,141.1768,144.2158,142.7949,0.658,0.5526,0.6773,0.5619,0.5526,0.6379,0.5578,0.6589,0.5467,0.5467,0.6302,0.6429,0.6459,0.623,0.623,0.5771,0.5479,0.5882,0.4248,0.4248,0,0,0,0,0,-0.0026,-0.083,0.0084,-0.0918,-0.0858,-0.011,-0.0583,0,-0.0542,-0.0583,0.0026,0.0121,0.0137,0.007,-0.0461,-0.083,-0.0244,-0.0793,-0.0009,0.0056,-0.0083,-0.0458,0.004,-0.0607,-0.0437,-0.0036,-0.0495,-0.0012,-0.043,-0.0332,0.0038,-0.0024,0.0005,-0.0094,-0.0144,-0.029,0.0023,-0.0113,-0.0043,-0.0023,0.0279,-0.1841,0.0229,-0.1885,-0.1637,-0.0026,-0.1183,0.0152,-0.1431,-0.1183,0.0282,0.0094,0.029,0.0222,0.008,-0.0013,0.0059,-0.0957,0.0103,-0.1104,-0.0957,-0.0031,-0.0842,0.0284,-0.0955,-0.0838,0.0005,0.0086,0.0104,0.0083,0.0083,-0.0293,0.0047,True,True
DTC_L_104,LanSi,1,CW_01,A,2026-03-24 15:18:45+08:00,ONLINE,False,,CW_1_01,PASS,,,51.2730075,_2026032415184553102,T20260324151845,DESKTOP-P2DUL42,Loma,1,CW_1_01,2,paul di,2024.0718.155524,V20260126.2,CW_DTCL_DTCR_STC,T20260324151936,51.2730075,True,True,True,True,True,True,True,4S2RND2HBL06DS,v1.0.1,2025_12_22,314.1407,323.2741,474.4809,302.9542,294.96,152.02,148.2733,343.4267,333.3688,490.4752,-6.4552,2.93,-0.0001,0.0,-0.2255,1.5587,-0.2204,1.5558,0.6671,154.4668,150.3828,148.417,153.1523,151.6047,0.8006,0.8006,0.8432,0.7827,0.7827,0.7747,0.7515,0.796,0.7464,0.7464,0.8101,0.8168,0.8231,0.7728,0.7582,0.7219,0.766,0.703,0.703,0.8016,0.797,0.817,0.8358,0.797,0.8442,0.7526,0.7263,0.8286,0.8306,0.8312,0.8026,0.778,0.7263,0,0,0,0,0,v1.0.1,2025_12_22,314.1679,323.2847,475.6765,302.8382,294.8792,151.0134,147.0805,343.604,333.5455,491.5035,-6.4301,2.9488,-0.0001,0.0,-0.2254,1.5588,-0.2205,1.5556,0.6671,161.1191,156.8594,162.7988,162.0918,160.7173,0.6655,0.6717,0.6966,0.6997,0.6655,0.6453,0.6249,0.6536,0.643,0.6249,0.6519,0.6493,0.6423,0.6394,0.6353,0.6401,0.6329,0.6096,0.6096,0.6525,0.652,0.6721,0.6848,0.652,0.6525,0.6526,0.6073,0.681,0.6787,0.6846,0.679,0.6209,0.6073,0,0,0,0,0,v1.0.1,2025_12_22,312.6481,315.6389,437.6754,301.3509,298.7603,184.7438,184.2149,330.4876,326.6435,446.4783,-7.5115,-3.7601,-0.0001,-0.0,-0.2133,1.5646,-0.2146,1.5637,0.6751,175.4541,174.8857,172.6426,174.7236,174.4265,0.7769,0.6736,0.8073,0.682,0.6736,0.75,0.6471,0.7484,0.6633,0.6471,0.7666,0.784,0.7661,0.7097,0.7097,0.7176,0,0.7324,0.737,0.7176,0,0,0,0,0,v1.0.1,2025_12_22,312.5926,315.5185,438.6283,301.2124,298.6917,183.825,183.4628,330.5372,326.7119,447.339,-7.4825,-3.8136,-0.0001,-0.0,-0.2125,1.5651,-0.2153,1.5636,0.6752,148.0908,142.8154,142.4971,145.5566,144.74,0.6614,0.5812,0.6822,0.6001,0.5812,0.6286,0.5659,0.6127,0.5707,0.5659,0.6197,0.6405,0.6388,0.601,0.601,0.5749,0.4945,0.5858,0.5842,0.4945,0,0,0,0,0,-0.0238,-0.0649,0.0022,-0.0389,-0.0389,-0.0102,-0.0748,-0.008,-0.0218,-0.0218,0.0008,0.0065,0.0153,0.0056,-0.0663,-0.0757,-0.0182,-0.0545,-0.009,0.004,-0.0156,-0.0415,0.0022,-0.0157,-0.0156,-0.0243,-0.0591,-0.0039,-0.0237,-0.0326,0.0033,-0.0116,-0.0233,-0.0024,-0.0359,-0.0216,-0.0238,-0.0214,-0.0281,-0.0052,-0.0022,-0.1365,0.0118,-0.1115,-0.1055,0.0157,-0.1297,-0.001,-0.0806,-0.0872,0.0055,0.0238,0.0225,0.0234,-0.0086,0.0151,0.0064,-0.0961,0.0172,-0.0752,-0.0738,-0.0076,-0.0817,-0.0096,-0.0879,-0.0564,-0.0115,0.0094,0.003,-0.0039,-0.0039,-0.0003,0.0195,True,True
DTC_R_105,LanSi,1,CW_01,B,2026-03-24 15:20:18+08:00,ONLINE,False,,CW_1_01,PASS,,,51.7561306,_2026032415201868401,T20260324152018,DESKTOP-P2DUL42,Loma,1,CW_1_01,1,paul di,2024.0718.155524,V20260126.2,CW_DTCL_DTCR_STC,T20260324152110,51.7561306,True,True,True,True,True,True,True,4S2RND2HBL0DP6,v1.0.1,2025_12_22,315,316,475.1533,296.1898,295.2671,147.5685,149.0625,335.8889,335.6939,484.5442,-5.4646,-3.4617,-0.0001,-0.0,-0.2226,1.5537,-0.2188,1.5481,0.6651,154.9453,152.1953,151.9795,154.7578,153.4695,0.8592,0.7824,0.868,0.7837,0.7824,0.8208,0.7465,0.8271,0.773,0.7465,0.8101,0.8157,0.8015,0.8037,0.7021,0.7079,0.8138,0.784,0.7021,0.829,0.7923,0.7809,0.1802,0.1802,0.8466,0.7621,0.7408,0.8278,0.7981,0.7068,0.8029,0.8475,0.7068,0,0,0,0,0,v1.0.1,2025_12_22,314.9783,315.9565,476.2847,296.0657,295.1824,146.5676,148,336,335.8243,485.6959,-5.4461,-3.4429,-0.0001,-0.0,-0.2222,1.5539,-0.2189,1.5481,0.6652,162.1611,156.4912,164.9141,164.79,162.0891,0.7083,0.6565,0.7143,0.6722,0.6565,0.6787,0.637,0.6747,0.6497,0.637,0.6493,0.6617,0.6437,0.6417,0.6096,0.6261,0.6289,0.6458,0.6096,0.6712,0.6458,0.6455,0.0283,0.0283,0.6436,0.6198,0.6382,0.6816,0.6608,0.6014,0.614,0.6633,0.6014,0,0,0,0,0,v1.0.1,2025_12_22,316.9626,327.3551,441.5862,312.3448,302.378,195.4646,188.2459,341.4098,331.7288,456,-3.3197,7.0149,-0.0,0.0001,-0.2194,1.5601,-0.2082,1.556,0.6721,175.8105,175.208,175.3447,176.7246,175.772,0.8055,0.6342,0.8186,0.6547,0.6342,0.7725,0.6152,0.7654,0.6753,0.6152,0.7717,0.7648,0.7623,0.7324,0.7324,0.7403,0.6583,0.7249,0,0.6583,0,0,0,0,0,v1.0.1,2025_12_22,317,327.3962,442.5268,312.3393,302.3071,194.7953,187.395,341.605,331.7607,456.8974,-3.3021,7.1067,-0.0,0.0001,-0.2189,1.5599,-0.2087,1.5568,0.6723,147.4424,141.9336,143.9434,145.6396,144.7397,0.6713,0.5564,0.686,0.5743,0.5564,0.6433,0.5421,0.6411,0.5766,0.5421,0.6276,0.6325,0.6319,0.623,0.623,0.5838,0.5397,0.5821,0.3386,0.3386,0,0,0,0,0,-0.0044,-0.0919,0.0019,-0.0859,-0.0812,-0.0071,-0.0641,0.0026,-0.0476,-0.0641,-0.007,0.0057,-0.0071,-0.0036,-0.1054,-0.1038,0.0174,-0.0381,-0.0105,-0.0207,-0.0011,-0.055,0.0046,-0.0571,-0.0529,0.0056,-0.0442,0.0105,-0.0243,-0.0272,-0.0093,0.0036,-0.0149,-0.0273,-0.0475,-0.0367,-0.0018,0.0038,-0.0066,-0.0068,0.0191,-0.1755,0.0184,-0.1565,-0.1522,0.0057,-0.1385,0.0045,-0.1034,-0.1385,0.0209,0.0103,0.0281,0.0046,-0.0112,-0.0093,0.0192,-0.0919,0.019,-0.098,-0.0919,0.0023,-0.0999,0.0106,-0.0656,-0.0884,-0.0021,-0.0018,-0.0036,0.0083,0.0083,-0.0226,-0.0014,True,True
DTC_L_105,LanSi,1,CW_01,B,2026-03-24 15:20:18+08:00,ONLINE,False,,CW_1_01,FAIL,SFR_VIS_25cm_Ny4_06F_ROI14;SFR_VIS_25cm_Ny4_06F_Min;IR_SFR_VIS_25cm_Ny4_06F_ROI14;IR_SFR_VIS_25cm_Ny4_06F_Min;SFR_VIS_25cm_Ny4_06F_ROI14_Dev,sfr_25Algo,51.6583915,_2026032415201880102,T20260324152018,DESKTOP-P2DUL42,Loma,1,CW_1_01,2,paul di,2024.0718.155524,V20260126.2,CW_DTCL_DTCR_STC,T20260324152110,51.6583915,True,True,True,True,True,True,True,4S2RND2HBL06DS,v1.0.1,2025_12_22,315.1533,321.1898,475.6567,300.1493,296.1307,149.7582,150.9648,342.1197,334.7163,487.4894,-4.9756,0.6413,-0.0,0.0,-0.2298,1.5598,-0.2263,1.5532,0.6642,154.5244,150.083,148.1338,153.4492,151.5476,0.8334,0.8057,0.8582,0.7944,0.7944,0.7981,0.7598,0.7919,0.748,0.748,0.8403,0.8071,0.8307,0.7649,0.73,0.6126,0.7426,0.7085,0.6126,0.819,0.8769,0.7907,0.7759,0.7759,0.8358,0.7709,0.7097,0.8446,0.8204,0.7508,0.7701,0.7718,0.7097,0,0,0,0,0,v1.0.1,2025_12_22,315.1655,321.3813,476.7737,300.1314,296.047,148.9329,149.7047,342.3289,334.8,488.5857,-5.0018,0.772,-0.0001,0.0,-0.2302,1.5599,-0.2254,1.5534,0.6644,161.6172,157.4307,163.1943,162.0889,161.0828,0.6811,0.666,0.699,0.697,0.666,0.6666,0.6305,0.6628,0.6535,0.6305,0.6544,0.649,0.6567,0.6431,0.6118,0.5568,0.6312,0.6139,0.5568,0.6895,0.5295,0.6611,0.6634,0.5295,0.6448,0.6418,0.6085,0.6722,0.671,0.6541,0.6546,0.6524,0.6085,0,0,0,0,0,v1.0.1,2025_12_22,313.5981,313.7757,438.8929,299.0625,299.9746,182.3136,186.075,328.6583,327.906,444.1282,-6.2107,-5.9123,-0.0001,-0.0001,-0.2164,1.567,-0.2157,1.561,0.674,176.04,174.5889,172.4961,174.6816,174.4517,0.8106,0.6919,0.8057,0.6881,0.6881,0.7585,0.646,0.743,0.6504,0.646,0.7667,0.762,0.7726,0.7084,0.7084,0.7323,0,0.652,0.6394,0.6394,0,0,0,0,0,v1.0.1,2025_12_22,313.5046,313.6606,439.5766,298.8649,299.7833,181.7917,185.2941,328.7059,327.8276,445,-6.3028,-5.8954,-0.0001,-0.0001,-0.2163,1.5666,-0.2163,1.5617,0.6739,148.3594,143.5234,142.2793,145.4561,144.9045,0.659,0.6038,0.6727,0.603,0.603,0.6196,0.5464,0.612,0.5791,0.5464,0.6263,0.6224,0.6307,0.5978,0.5978,0.5803,0.5142,0.5484,0.5372,0.5142,0,0,0,0,0,0.009,-0.0598,0.0172,-0.0272,-0.0272,0.0132,-0.0665,-0.0121,-0.0202,-0.0202,0.031,-0.0032,0.0229,-0.0023,-0.0945,-0.185,-0.0416,-0.049,0.0084,-0.0223,0,-0.0472,0.0046,-0.0184,-0.0151,-0.003,-0.0535,0.0053,-0.0132,-0.027,0.0058,-0.0119,-0.0089,0.0013,-0.0594,-0.1049,-0.0255,-0.0171,0.0089,-0.0162,0.0315,-0.1182,0.0102,-0.1054,-0.091,0.0242,-0.1308,-0.0064,-0.0935,-0.0883,0.0056,0.0018,0.029,0.0221,0.0061,-0.0653,0.004,-0.0735,0.0077,-0.0723,-0.052,-0.0166,-0.1012,-0.0103,-0.0795,-0.0759,-0.0049,-0.0087,-0.0051,-0.0071,-0.0071,0.0051,-0.0179,True,True
DTC_R_106,LanSi,1,CW_01,C,2026-03-24 15:22:10+08:00,ONLINE,False,,CW_1_01,FAIL,SFR_VIS_25cm_Ny4_06F_ROI14;SFR_VIS_25cm_Ny4_06F_Min;IR_SFR_VIS_25cm_Ny4_06F_ROI14;IR_SFR_VIS_25cm_Ny4_06F_Min;SFR_VIS_25cm_Ny4_06F_ROI14_Dev,sfr_25Algo,51.6837629,_2026032415221067001,T20260324152210,DESKTOP-P2DUL42,Loma,1,CW_1_01,1,paul di,2024.0718.155524,V20260126.2,CW_DTCL_DTCR_STC,T20260324152302,51.6837629,True,True,True,True,True,True,True,4S2RND2HBL0DP6,v1.0.1,2025_12_22,315.2296,317.0667,475.5441,297.6691,295.7552,149.3007,149.3907,337.245,335.9195,486,-5.1322,-2.0437,-0.0001,-0.0,-0.2199,1.5547,-0.2206,1.5484,0.6657,155.6016,153.2617,152.8652,155.4004,154.2822,0.867,0.7583,0.8723,0.7898,0.7583,0.8133,0.7639,0.8264,0.7879,0.7639,0.8222,0.8063,0.8138,0.8128,0.6854,0.5721,0.7932,0.7874,0.5721,0.8537,0.8041,0.8081,0.98,0.8041,0.8504,0.7337,0.7623,0.8164,0.7812,0.7587,0.8411,0.8439,0.7337,0,0,0,0,0,v1.0.1,2025_12_22,315.1277,317,476.7234,297.383,295.5833,148.2847,148.2067,337.3667,336.0933,487.0467,-5.1531,-2.0838,-0.0001,-0.0,-0.2203,1.555,-0.2209,1.5476,0.6653,162.3203,157.0244,165.5986,165.3604,162.5759,0.7045,0.6618,0.7129,0.6849,0.6618,0.6839,0.6425,0.6775,0.6669,0.6425,0.6548,0.6498,0.6623,0.662,0.6037,0.5439,0.6267,0.6329,0.5439,0.6829,0.6472,0.6652,0.1265,0.1265,0.6424,0.6176,0.6578,0.6676,0.6579,0.6173,0.6397,0.6851,0.6173,0,0,0,0,0,v1.0.1,2025_12_22,317.1028,328.3832,442.045,313.4685,302.6048,196.7581,188.5372,342.5372,332,457.1026,-3.042,8.1499,-0.0,0.0001,-0.2183,1.5606,-0.2091,1.5551,0.6721,176.2041,176.2031,176.1143,177.1953,176.4292,0.8074,0.609,0.8254,0.6514,0.609,0.7731,0.6277,0.7884,0.671,0.6277,0.7749,0.7748,0.7541,0.7464,0.7464,0.7446,0.6652,0.738,0,0.6652,0,0,0,0,0,v1.0.1,2025_12_22,317.0377,328.5,442.8108,313.4865,302.4766,195.9297,187.5833,342.6583,332,458,-3.1183,8.2149,-0.0,0.0001,-0.2183,1.5609,-0.2084,1.5553,0.6724,147.9424,142.6562,144.4736,145.9727,145.2612,0.6648,0.5479,0.684,0.587,0.5479,0.6452,0.5518,0.6608,0.5787,0.5518,0.6297,0.6363,0.6457,0.6318,0.6297,0.588,0.5548,0.5755,0.3749,0.3749,0,0,0,0,0,0.0034,-0.116,0.0062,-0.0798,-0.1053,-0.0146,-0.0467,0.0019,-0.0327,-0.0467,0.0051,-0.0037,0.0052,0.0055,-0.1221,-0.2396,-0.0032,-0.0347,0.0142,0.0065,-0.0049,-0.0497,0.0032,-0.0444,-0.0476,0.0108,-0.0387,0.0133,-0.0071,-0.0217,-0.0038,-0.0083,0.0037,-0.007,-0.0534,-0.1189,-0.004,-0.0091,0.0051,0.0129,0.021,-0.2007,0.0252,-0.1598,-0.1774,0.0063,-0.126,0.0275,-0.1077,-0.126,0.0241,0.0203,0.0199,0.0186,-0.0069,0.0038,0.0127,-0.1004,0.017,-0.0853,-0.1004,0.0042,-0.0902,0.0303,-0.0635,-0.0787,0,0.002,0.0102,0.0171,0.015,-0.0184,-0.008,True,True
DTC_L_106,LanSi,1,CW_01,C,2026-03-24 15:22:10+08:00,ONLINE,False,,CW_1_01,PASS,,,51.8612906,_2026032415221049902,T20260324152210,DESKTOP-P2DUL42,Loma,1,CW_1_01,2,paul di,2024.0718.155524,V20260126.2,CW_DTCL_DTCR_STC,T20260324152302,51.8612906,True,True,True,True,True,True,True,4S2RND2HBL06DS,v1.0.1,2025_12_22,315.2612,322.1045,475.4737,301.6165,296.2381,151.6054,149.6486,342.0135,334.6691,487.6115,-5.2419,1.4903,-0.0001,0.0,-0.2267,1.5592,-0.2191,1.5536,0.6667,154.6104,149.8838,147.8389,153.6182,151.4878,0.8209,0.7905,0.836,0.7802,0.7802,0.7848,0.7549,0.8075,0.7476,0.7476,0.8064,0.8148,0.8196,0.7665,0.749,0.7197,0.7609,0.6903,0.6903,0.8059,0.98,0.8116,0.7746,0.7746,0.8515,0.7496,0.7196,0.8399,0.803,0.7747,0.7651,0.7632,0.7196,0,0,0,0,0,v1.0.1,2025_12_22,315.1533,322.1898,476.6429,301.5714,296.0993,150.6755,148.457,342.2384,334.75,488.6571,-5.2795,1.5665,-0.0001,0.0,-0.2265,1.5596,-0.2192,1.5531,0.6668,161.2539,156.6621,162.2832,162.2832,160.6206,0.6848,0.6791,0.7124,0.7003,0.6791,0.6541,0.6296,0.6614,0.6559,0.6296,0.6583,0.6574,0.6641,0.634,0.6274,0.607,0.6217,0.6147,0.607,0.6666,0.3648,0.6832,0.6689,0.3648,0.652,0.6337,0.6057,0.6793,0.6681,0.677,0.6564,0.6233,0.6057,0,0,0,0,0,v1.0.1,2025_12_22,313.7736,314.5472,438.5478,300.3826,300,184.1026,185.5378,329.3697,327.7913,444.3826,-6.3699,-4.9431,-0.0001,-0.0,-0.2125,1.5651,-0.2146,1.5627,0.6752,175.3975,174.0107,171.6426,174.6543,173.9263,0.7856,0.6886,0.8068,0.6807,0.6807,0.741,0.6465,0.768,0.6592,0.6465,0.7636,0.7796,0.7658,0.701,0.701,0.7176,0,0.7247,0.6567,0.6567,0,0,0,0,0,v1.0.1,2025_12_22,313.5505,314.5138,439.4234,300.1351,299.9569,183.319,184.5378,329.3697,327.8522,445.1565,-6.4358,-5.0012,-0.0001,-0.0001,-0.2132,1.567,-0.2141,1.5612,0.6752,148.0889,142.8457,141.5049,145.6094,144.5122,0.6547,0.5838,0.6702,0.6059,0.5838,0.6297,0.5533,0.6175,0.5743,0.5533,0.6368,0.6462,0.6422,0.6086,0.6086,0.5791,0.476,0.5888,0.5384,0.476,0,0,0,0,0,-0.0035,-0.075,-0.005,-0.0414,-0.0414,-0.0001,-0.0714,0.0035,-0.0206,-0.0206,-0.0029,0.0045,0.0118,-0.0007,-0.0755,-0.0779,-0.0233,-0.0672,-0.0047,-0.0014,0.0037,-0.0341,0.018,-0.0151,-0.002,-0.0155,-0.0544,0.0039,-0.0108,-0.0279,0.0097,-0.0035,-0.0015,-0.0078,-0.0438,-0.0547,-0.035,-0.0163,-0.014,0.0059,0.0065,-0.1215,0.0113,-0.1128,-0.0984,0.0067,-0.1303,0.0186,-0.0847,-0.0878,0.0025,0.0194,0.0222,0.0147,-0.0086,0.0074,-0.0003,-0.0935,0.0052,-0.0694,-0.0712,-0.0065,-0.0943,-0.0048,-0.0843,-0.069,0.0056,0.0151,0.0064,0.0037,0.0037,0.0039,0.0225,True,True
DTC_L_107,LanSi,1,CW_01,A,2026-03-24 15:23:39+08:00,ONLINE,False,,CW_1_01,PASS,,,51.5193379,_2026032415233968602,T20260324152339,DESKTOP-P2DUL42,Loma,1,CW_1_01,2,paul di,2024.0718.155524,V20260126.2,CW_DTCL_DTCR_STC,T20260324152431,51.5193379,True,True,True,True,True,True,True,4S2RND2HBL06DS,v1.0.1,2025_12_22,314.25,323.0221,474.4091,302.8106,294.8581,152.0541,148.3467,342.7667,333.4143,489.4714,-6.4444,2.525,-0.0001,0.0,-0.225,1.5573,-0.2179,1.5556,0.6675,155.8105,151.1016,149.0439,154.7646,152.6802,0.8313,0.7982,0.8292,0.8024,0.7982,0.7792,0.7649,0.805,0.753,0.753,0.8216,0.827,0.8121,0.7782,0.7496,0.7389,0.7656,0.6932,0.6932,0.8203,0.98,0.8223,0.8175,0.8175,0.8405,0.836,0.7649,0.8484,0.8384,0.8104,0.7929,0.7636,0.7636,0,0,0,0,0,v1.0.1,2025_12_22,314.1714,323.0143,475.4173,302.5468,294.7815,151.1325,147.0479,343,333.7518,490.4539,-6.466,2.5295,-0.0001,0.0,-0.2257,1.5579,-0.2185,1.5539,0.6669,161.4102,157.0566,162.8555,162.1533,160.8689,0.6788,0.6819,0.6999,0.688,0.6788,0.6578,0.6363,0.654,0.6513,0.6363,0.6337,0.6502,0.6556,0.6411,0.6274,0.6311,0.6393,0.6221,0.6221,0.6859,0.3306,0.6735,0.6695,0.3306,0.6656,0.6487,0.6389,0.6827,0.6769,0.6785,0.674,0.6386,0.6386,0,0,0,0,0,v1.0.1,2025_12_22,312.8208,315.3208,437.7257,301.2212,298.7627,184.5,184.3821,329.8618,326.931,445.7759,-7.3755,-4.1641,-0.0001,-0.0,-0.2119,1.5632,-0.2122,1.5625,0.6754,175.8291,174.2783,172.0361,175.0518,174.2988,0.7847,0.6842,0.8045,0.6793,0.6793,0.7468,0.6496,0.7636,0.665,0.6496,0.7736,0.7605,0.749,0.7031,0.7031,0.731,0,0.7364,0.7129,0.7129,0,0,0,0,0,v1.0.1,2025_12_22,312.8095,315.2667,438.6306,301.1261,298.6694,183.7769,183.4098,330,326.931,446.5776,-7.4099,-4.1506,-0.0001,-0.0,-0.2114,1.5632,-0.2129,1.5631,0.6755,148.1328,143.1719,142.5244,145.5674,144.8491,0.6636,0.5925,0.6775,0.6028,0.5925,0.6276,0.5711,0.6398,0.5867,0.5711,0.6365,0.6312,0.6414,0.6189,0.6189,0.5815,0.419,0.5674,0.5776,0.419,0,0,0,0,0,0.0069,-0.0673,-0.0118,-0.0192,-0.0234,-0.0057,-0.0614,0.001,-0.0152,-0.0152,0.0123,0.0167,0.0043,0.011,-0.0749,-0.0587,-0.0186,-0.0643,0.0097,0.0093,-0.0023,-0.0313,0.0055,-0.0274,-0.0023,-0.0118,-0.0477,-0.0035,-0.0154,-0.0212,-0.0149,-0.0107,-0.01,-0.0007,-0.0438,-0.0306,-0.0174,-0.0089,0.0053,-0.0038,0.0056,-0.1259,0.009,-0.1142,-0.0998,0.0125,-0.1272,0.0142,-0.0789,-0.0847,0.0125,0.0003,0.0054,0.0168,0.0048,0.0191,0.0086,-0.0848,0.0125,-0.0725,-0.0625,-0.0086,-0.0765,0.0175,-0.0719,-0.0512,0.0053,0.0001,0.0056,0.014,0.014,0.0063,0.0011,True,True
DTC_R_107,LanSi,1,CW_01,A,2026-03-24 15:23:39+08:00,ONLINE,False,,CW_1_01,PASS,,,51.4116258,_2026032415233979301,T20260324152339,DESKTOP-P2DUL42,Loma,1,CW_1_01,1,paul di,2024.0718.155524,V20260126.2,CW_DTCL_DTCR_STC,T20260324152431,51.4116258,True,True,True,True,True,True,True,4S2RND2HBL0DP6,v1.0.1,2025_12_22,315.2222,317.1333,475.5441,297.6691,295.7801,149.0496,149.42,337.28,335.9732,485.6846,-5.1121,-2.1367,-0.0001,-0.0,-0.2203,1.5551,-0.2204,1.5478,0.6656,154.5957,151.3447,151.6533,154.5908,153.0461,0.8632,0.7836,0.8507,0.7874,0.7836,0.8107,0.7414,0.8203,0.768,0.7414,0.8173,0.8162,0.8087,0.8234,0.7146,0.698,0.7774,0.7774,0.698,0.8438,0.7914,0.8025,0.98,0.7914,0.8458,0.7603,0.7531,0.8237,0.7912,0.7437,0.8348,0.8392,0.7437,0,0,0,0,0,v1.0.1,2025_12_22,315.1884,317.087,476.6268,297.4437,295.4276,147.9931,148.245,337.3907,336,486.66,-5.2024,-2.1851,-0.0001,-0.0,-0.2206,1.5539,-0.2205,1.5482,0.6653,162.7002,157.1992,166.1699,165.2227,162.823,0.7032,0.654,0.7047,0.6786,0.654,0.6806,0.6286,0.6651,0.6557,0.6286,0.6542,0.6533,0.6561,0.6607,0.6242,0.6276,0.6225,0.6288,0.6225,0.6902,0.6649,0.6709,0.1702,0.1702,0.666,0.6473,0.6417,0.6657,0.6549,0.6059,0.6352,0.686,0.6059,0,0,0,0,0,v1.0.1,2025_12_22,317.1869,328.4486,442.0982,313.4643,302.672,196.84,188.5583,342.5833,332,457,-2.9969,8.1672,-0.0,0.0001,-0.2189,1.5604,-0.2089,1.5556,0.672,176.6279,175.4277,175.9033,177.5928,176.3879,0.8144,0.6184,0.8064,0.6481,0.6184,0.7687,0.6158,0.7776,0.6651,0.6158,0.7758,0.7743,0.7516,0.7616,0.7516,0.7453,0.6629,0.7205,0,0.6629,0,0,0,0,0,v1.0.1,2025_12_22,317.1143,328.4476,442.8919,313.4054,302.608,196.056,187.5833,342.6583,332.0439,457.7632,-3.0517,8.1661,-0.0,0.0001,-0.2185,1.5611,-0.2088,1.5553,0.6723,148.1787,142.8418,144.9668,146.1777,145.5413,0.6732,0.5524,0.6587,0.5757,0.5524,0.6455,0.56,0.6516,0.5696,0.56,0.6388,0.64,0.6418,0.6338,0.6338,0.6042,0.5505,0.5871,0.4279,0.4279,0,0,0,0,0,-0.0004,-0.0907,-0.0154,-0.0822,-0.08,-0.0172,-0.0692,-0.0042,-0.0526,-0.0692,0.0002,0.0062,0.0001,0.0161,-0.0929,-0.1137,-0.019,-0.0447,0.0043,0.0009,-0.0062,-0.0575,-0.005,-0.0507,-0.0554,0.0075,-0.0526,0.0009,-0.0183,-0.0356,-0.0044,-0.0048,-0.0025,-0.0083,-0.0329,-0.0352,-0.0082,-0.0132,0.0124,0.0186,0.028,-0.1913,0.0062,-0.1631,-0.168,0.0019,-0.1379,0.0167,-0.1136,-0.1379,0.025,0.0198,0.0174,0.0338,-0.0062,-0.0137,0.0211,-0.0959,-0.0083,-0.0966,-0.0959,0.0045,-0.082,0.0211,-0.0726,-0.0705,0.0091,0.0057,0.0063,0.0191,0.0191,-0.0022,0.0036,True,True
DTC_R_108,LanSi,1,CW_01,B,2026-03-24 15:25:16+08:00,ONLINE,False,,CW_1_01,PASS,,,51.4302896,_2026032415251611101,T20260324152516,DESKTOP-P2DUL42,Loma,1,CW_1_01,1,paul di,2024.0718.155524,V20260126.2,CW_DTCL_DTCR_STC,T20260324152607,51.4302896,True,True,True,True,True,True,True,4S2RND2HBL0DP6,v1.0.1,2025_12_22,315,316.4632,474.8261,296.3333,295.1034,146.8138,149.2632,336.6513,335.3404,484.383,-5.5934,-3.3711,-0.0001,-0.0,-0.2248,1.5535,-0.2207,1.5497,0.6645,154.373,152.2734,151.4668,153.9902,153.0259,0.8652,0.8342,0.8663,0.8239,0.8239,0.8159,0.744,0.8166,0.7607,0.744,0.819,0.8117,0.8177,0.8146,0.757,0.7294,0.7479,0.6961,0.6961,0.8513,0.801,0.8054,0.5525,0.5525,0.8568,0.7789,0.781,0.8331,0.8074,0.7882,0.7259,0.8454,0.7259,0,0,0,0,0,v1.0.1,2025_12_22,314.95,316.4214,475.9214,296.1857,295.0408,145.8367,148.0952,336.7619,335.5,485.411,-5.5985,-3.3767,-0.0001,-0.0,-0.2245,1.5541,-0.2208,1.5493,0.6645,162.1689,156.0273,164.5723,164.5361,161.8262,0.7147,0.6969,0.7207,0.6933,0.6933,0.6795,0.6373,0.6713,0.6476,0.6373,0.6557,0.6553,0.6539,0.6569,0.6386,0.6302,0.6097,0.6195,0.6097,0.6892,0.6559,0.6653,0.322,0.322,0.6547,0.6473,0.665,0.6915,0.6682,0.6683,0.6408,0.6679,0.6408,0,0,0,0,0,v1.0.1,2025_12_22,316.8396,327.8585,441.4298,312.5702,302.2698,195.0794,188.192,342.168,331.4783,456.4522,-3.4581,7.3256,-0.0,0.0001,-0.2216,1.561,-0.2103,1.5569,0.6715,176.1523,176.6318,176.2236,177.0205,176.5071,0.8128,0.7038,0.8261,0.6947,0.6947,0.7641,0.6506,0.7705,0.6502,0.6502,0.7652,0.7573,0.7613,0.7298,0.7298,0.7638,0.6628,0.7315,0,0.6628,0,0,0,0,0,v1.0.1,2025_12_22,316.8491,327.9434,442.3333,312.5351,302.1626,194.2683,187.3443,342.3852,331.5,457.4035,-3.4621,7.4071,-0.0,0.0001,-0.2217,1.5609,-0.2105,1.5576,0.6716,147.8154,141.9141,143.3711,145.5293,144.6575,0.6643,0.6076,0.6896,0.6108,0.6076,0.6356,0.5767,0.6544,0.5644,0.5644,0.6389,0.635,0.6337,0.622,0.622,0.5893,0.5496,0.5825,0.4783,0.4783,0,0,0,0,0,0.0016,-0.0401,0.0002,-0.0457,-0.0397,-0.012,-0.0666,-0.0079,-0.0599,-0.0666,0.0019,0.0017,0.0091,0.0073,-0.0505,-0.0823,-0.0485,-0.126,0.0118,0.0038,0.0053,-0.0146,0.011,-0.036,-0.0161,0.0064,-0.0439,0.0071,-0.0264,-0.0269,-0.0029,-0.0028,-0.0047,-0.0121,-0.0185,-0.0326,-0.021,-0.0225,0.0114,0.013,0.0264,-0.1059,0.0259,-0.1165,-0.0917,-0.0027,-0.1031,0.0096,-0.1285,-0.1035,0.0144,0.0028,0.0271,0.002,0.0123,-0.0027,0.0122,-0.0407,0.0226,-0.0615,-0.0407,-0.0054,-0.0653,0.0239,-0.0778,-0.0661,0.0092,0.0007,-0.0018,0.0073,0.0073,-0.0171,-0.001,True,True
DTC_L_108,LanSi,1,CW_01,B,2026-03-24 15:25:16+08:00,ONLINE,False,,CW_1_01,PASS,,,51.4342789,_2026032415251611102,T20260324152516,DESKTOP-P2DUL42,Loma,1,CW_1_01,2,paul di,2024.0718.155524,V20260126.2,CW_DTCL_DTCR_STC,T20260324152607,51.4342789,True,True,True,True,True,True,True,4S2RND2HBL06DS,v1.0.1,2025_12_22,315.2899,321.413,475.7007,300.4453,296.2857,149.619,150,341.5,334.6296,487.9556,-5.1188,0.6866,-0.0001,0.0,-0.2295,1.5601,-0.2204,1.5547,0.6662,155.4336,151.2656,149.6064,154.8369,152.7856,0.8299,0.8004,0.8413,0.7989,0.7989,0.7877,0.7542,0.7942,0.7515,0.7515,0.8172,0.8119,0.828,0.7768,0.7422,0.7324,0.733,0.7167,0.7167,0.8313,0.7036,0.8245,0.7904,0.7036,0.8553,0.7085,0.7049,0.8394,0.8288,0.7866,0.7725,0.7701,0.7049,0,0,0,0,0,v1.0.1,2025_12_22,315.2,321.5857,476.7801,300.3617,296.12,148.6333,148.8851,341.6351,334.7914,488.9568,-5.1447,0.7345,-0.0001,0.0,-0.2301,1.5604,-0.2195,1.5538,0.6662,161.0586,157.125,162.9395,162.1787,160.8254,0.6802,0.679,0.6983,0.7043,0.679,0.6723,0.6437,0.6609,0.6586,0.6437,0.6436,0.6544,0.655,0.6358,0.6178,0.627,0.629,0.6177,0.6177,0.6788,0.614,0.6798,0.6664,0.614,0.6435,0.5821,0.5914,0.6947,0.6773,0.6888,0.6739,0.6435,0.5821,0,0,0,0,0,v1.0.1,2025_12_22,313.7524,313.8286,438.7768,299.2321,300.1083,182.2917,185.6198,328.5207,327.8142,444.4513,-6.2857,-5.8351,-0.0001,-0.0001,-0.2157,1.5669,-0.2136,1.563,0.6752,175.9297,174.8418,172.7754,175.1621,174.6772,0.789,0.6905,0.8026,0.6801,0.6801,0.7387,0.6467,0.7542,0.6668,0.6467,0.7771,0.7538,0.758,0.6912,0.6912,0.7239,0,0.7256,0.6736,0.6736,0,0,0,0,0,v1.0.1,2025_12_22,313.6355,313.8131,439.5391,299.1391,299.9746,181.661,184.7025,328.6281,327.8783,445.3652,-6.354,-5.7787,-0.0001,-0.0001,-0.2155,1.5673,-0.2139,1.5624,0.6751,147.7451,143.2783,142.3057,145.5254,144.7136,0.6606,0.5797,0.6715,0.6042,0.5797,0.6193,0.5515,0.6253,0.576,0.5515,0.6269,0.6319,0.639,0.6088,0.6088,0.5882,0.4804,0.5994,0.5472,0.4804,0,0,0,0,0,0.0055,-0.0651,0.0003,-0.0227,-0.0227,0.0028,-0.0721,-0.0098,-0.0167,-0.0167,0.0079,0.0016,0.0202,0.0096,-0.0823,-0.0652,-0.0512,-0.0408,0.0207,0.0115,-0.0009,-0.0342,0.0039,-0.0111,-0.0021,0.0027,-0.0403,0.0034,-0.0081,-0.0138,-0.005,-0.0065,-0.0106,-0.006,-0.0534,-0.0347,-0.0277,-0.0133,-0.0018,0.0025,0.0099,-0.1196,0.0071,-0.1134,-0.099,0.0044,-0.1301,0.0048,-0.0771,-0.0876,0.016,-0.0064,0.0144,0.0049,-0.0023,0.0083,0.0056,-0.0976,0.0065,-0.0711,-0.0753,-0.0169,-0.0961,0.003,-0.0826,-0.0708,-0.0043,0.0008,0.0032,0.0039,0.0039,0.013,0.0331,True,True
DTC_L_109,LanSi,1,CW_01,C,2026-03-24 15:26:49+08:00,ONLINE,False,,CW_1_01,PASS,,,51.3537511,_2026032415264944202,T20260324152649,DESKTOP-P2DUL42,Loma,1,CW_1_01,2,paul di,2024.0718.155524,V20260126.2,CW_DTCL_DTCR_STC,T20260324152740,51.3537511,True,True,True,True,True,True,True,4S2RND2HBL06DS,v1.0.1,2025_12_22,313.8467,323.1898,473.8971,302.9118,294.4702,151.5894,147.7483,343.3046,333.0775,490.2817,-6.892,2.7555,-0.0001,0.0,-0.2255,1.5578,-0.22,1.5557,0.667,155.4141,151.4287,149.3828,154.3379,152.6409,0.8338,0.8013,0.8358,0.7907,0.7907,0.774,0.7606,0.8017,0.7653,0.7606,0.8193,0.827,0.8094,0.7701,0.7405,0.7517,0.7532,0.7052,0.7052,0.7824,0.98,0.8378,0.8384,0.7824,0.8432,0.7664,0.7622,0.839,0.8217,0.8149,0.8073,0.7592,0.7592,0,0,0,0,0,v1.0.1,2025_12_22,313.8913,323.1739,475,302.8643,294.3667,150.58,146.6013,343.4575,333.1915,491.3121,-6.8898,2.7776,-0.0001,0.0,-0.2249,1.5576,-0.2201,1.556,0.6672,160.7725,157.0615,163.1104,161.6367,160.6453,0.6804,0.674,0.6954,0.6982,0.674,0.6656,0.6288,0.663,0.65,0.6288,0.6513,0.6417,0.6547,0.6327,0.6214,0.6425,0.612,0.6184,0.612,0.6622,0.5032,0.6786,0.6846,0.5032,0.6512,0.6595,0.6272,0.6747,0.6681,0.6622,0.6622,0.6156,0.6156,0,0,0,0,0,v1.0.1,2025_12_22,312.0187,315.5514,437.2212,301.469,298.3223,184.124,183.6311,330.3443,326.2222,446.4017,-8.0169,-3.9219,-0.0001,-0.0,-0.2115,1.5664,-0.2142,1.5622,0.6757,175.29,174.8115,172.5303,174.6006,174.3081,0.7891,0.6965,0.8041,0.6676,0.6676,0.7408,0.6589,0.7632,0.6738,0.6589,0.7923,0.7563,0.7607,0.7009,0.7009,0.7253,0,0.7354,0.7265,0.7253,0,0,0,0,0,v1.0.1,2025_12_22,312.019,315.4476,438.0804,301.2054,298.1966,183.4188,182.6975,330.3866,326.3083,447.175,-8.0396,-3.9733,-0.0001,-0.0,-0.212,1.566,-0.2145,1.5622,0.6754,147.8535,143.4033,142.6016,145.5146,144.8433,0.6748,0.6029,0.6681,0.5992,0.5992,0.6234,0.5504,0.6295,0.5761,0.5504,0.6334,0.6126,0.6439,0.6126,0.6126,0.5719,0.537,0.5956,0.5845,0.537,0,0,0,0,0,0.0094,-0.0642,-0.0052,-0.0309,-0.0309,-0.0109,-0.0657,-0.0023,-0.0029,-0.0076,0.01,0.0167,0.0016,0.0029,-0.084,-0.0459,-0.031,-0.0523,-0.0282,0.0248,-0.0007,-0.0392,0.001,-0.0172,-0.0071,-0.004,-0.0552,0.0055,-0.0167,-0.0287,0.0027,-0.0192,-0.0109,-0.0091,-0.0498,-0.0192,-0.0447,-0.0126,-0.0184,0.0013,0.01,-0.1136,0.0086,-0.1259,-0.1115,0.0065,-0.1179,0.0138,-0.0701,-0.0754,0.0312,-0.0039,0.0171,0.0146,-0.0009,0.0181,0.0198,-0.0744,0.0031,-0.0761,-0.0558,-0.0128,-0.0972,0.0072,-0.0825,-0.0719,0.0022,-0.0185,0.0081,0.0077,0.0077,-0.0033,0.0293,True,True
DTC_R_109,LanSi,1,CW_01,C,2026-03-24 15:26:49+08:00,ONLINE,False,,CW_1_01,PASS,,,51.3387915,_2026032415264945701,T20260324152649,DESKTOP-P2DUL42,Loma,1,CW_1_01,1,paul di,2024.0718.155524,V20260126.2,CW_DTCL_DTCR_STC,T20260324152740,51.3387915,True,True,True,True,True,True,True,4S2RND2HBL0DP6,v1.0.1,2025_12_22,315.029,316.1232,475.2319,296.4493,295.3241,147.7379,149.14,336.24,335.7823,484.6803,-5.3985,-3.2539,-0.0001,-0.0,-0.2217,1.5538,-0.2202,1.5478,0.6649,154.2598,151.2617,151.4961,154.1748,152.7981,0.8638,0.7753,0.8588,0.7865,0.7753,0.8081,0.7287,0.8169,0.781,0.7287,0.8069,0.803,0.8038,0.8226,0.7356,0.7123,0.795,0.7668,0.7123,0.835,0.8186,0.7911,0.9227,0.7911,0.8156,0.8176,0.6607,0.8082,0.7947,0.7432,0.8113,0.8554,0.6607,0,0,0,0,0,v1.0.1,2025_12_22,315.0429,316.1071,476.3382,296.2426,295.1701,146.8163,148.0541,336.3581,335.8581,485.7838,-5.4073,-3.2384,-0.0001,-0.0,-0.222,1.5534,-0.2202,1.5482,0.6649,162.833,156.8682,165.7158,164.915,162.583,0.6974,0.6531,0.6891,0.6726,0.6531,0.6833,0.6232,0.6733,0.6607,0.6232,0.6359,0.6443,0.6517,0.6607,0.6219,0.6359,0.6291,0.6363,0.6219,0.676,0.6689,0.657,0.1914,0.1914,0.6144,0.649,0.5561,0.6668,0.6604,0.5866,0.6149,0.681,0.5561,0,0,0,0,0,v1.0.1,2025_12_22,317,327.5,441.6667,312.4649,302.4127,195.8968,188.1694,341.6855,331.5948,456.2586,-3.3313,7.2612,-0.0,0.0001,-0.2195,1.5599,-0.2092,1.5574,0.6722,176.2607,175.4482,175.6484,177.4932,176.2126,0.813,0.6162,0.8054,0.6573,0.6162,0.7637,0.5968,0.7706,0.6874,0.5968,0.7683,0.7741,0.7591,0.7431,0.7431,0.7623,0.6157,0.732,0,0.6157,0,0,0,0,0,v1.0.1,2025_12_22,316.8972,327.6168,442.5702,312.4298,302.2857,195.1349,187.2377,341.7213,331.7436,456.9487,-3.3531,7.2703,-0.0,0.0001,-0.2197,1.5604,-0.2078,1.556,0.6722,148.1934,142.3604,144.5381,145.8828,145.2437,0.6679,0.5518,0.6637,0.5688,0.5518,0.6315,0.5344,0.6468,0.5921,0.5344,0.6407,0.6391,0.6514,0.6234,0.6234,0.5948,0.5346,0.5776,0.4059,0.4059,0,0,0,0,0,0.0002,-0.099,-0.0073,-0.0831,-0.0883,-0.0198,-0.0819,-0.0076,-0.0396,-0.0819,-0.0102,-0.007,-0.0048,0.0153,-0.0719,-0.0994,-0.0014,-0.0553,-0.0045,-0.0105,-0.012,-0.0584,-0.0206,-0.0567,-0.0563,0.0102,-0.058,0.0091,-0.0133,-0.041,-0.0227,-0.0138,-0.0069,-0.0083,-0.0352,-0.0269,-0.0016,-0.0057,-0.0018,0.0047,0.0266,-0.1935,0.0052,-0.1539,-0.1702,-0.0031,-0.1569,0.0097,-0.0913,-0.1569,0.0175,0.0196,0.0249,0.0153,0.0108,-0.0022,0.0158,-0.0965,-0.0033,-0.1035,-0.0965,-0.0095,-0.1076,0.0163,-0.0501,-0.0961,0.011,0.0048,0.0159,0.0087,0.0087,-0.0116,-0.0059,True,True
DTC_R_110,LanSi,1,CW_01,A,2026-03-24 15:28:22+08:00,ONLINE,False,,CW_1_01,PASS,,,51.4834722,_2026032415282213301,T20260324152822,DESKTOP-P2DUL42,Loma,1,CW_1_01,1,paul di,2024.0718.155524,V20260126.2,CW_DTCL_DTCR_STC,T20260324152913,51.4834722,True,True,True,True,True,True,True,4S2RND2HBL0DP6,v1.0.1,2025_12_22,315.0438,316.4818,474.741,296.4892,295.1224,147.0816,149.3791,336.7124,335.2797,484.4755,-5.5868,-3.2519,-0.0001,-0.0,-0.224,1.5532,-0.221,1.5504,0.6646,154.916,152.4062,150.4961,150.4561,152.0686,0.8564,0.8277,0.8811,0.8281,0.8277,0.7949,0.7474,0.8174,0.781,0.7474,0.8241,0.8139,0.8151,0.8085,0.7812,0.7622,0.7354,0.711,0.711,0.8401,0.793,0.7961,0.98,0.793,0.8338,0.7775,0.7752,0.8238,0.7987,0.8491,0.7373,0.8507,0.7373,0,0,0,0,0,v1.0.1,2025_12_22,314.9562,316.5182,475.8,296.4143,295.1156,146.1769,148.1224,336.898,335.4545,485.4965,-5.6102,-3.1992,-0.0001,-0.0,-0.2238,1.5543,-0.221,1.5496,0.6648,162.8125,157.6152,165.0059,162.6602,162.0234,0.6946,0.6904,0.7207,0.6929,0.6904,0.6734,0.6361,0.6763,0.6476,0.6361,0.6441,0.6525,0.6502,0.6634,0.6327,0.6454,0.6069,0.6101,0.6069,0.691,0.6529,0.6761,0.3354,0.3354,0.6421,0.6428,0.6594,0.6649,0.6654,0.6452,0.6283,0.6827,0.6283,0,0,0,0,0,v1.0.1,2025_12_22,316.8476,328,441.3772,312.6579,302.2857,195.1349,188.2459,342.3689,331.3571,456.5,-3.4773,7.4323,-0.0,0.0001,-0.2221,1.5611,-0.2108,1.5578,0.6715,177.0596,176.8965,174.7354,173.4785,175.5425,0.798,0.7213,0.8202,0.7183,0.7183,0.7401,0.6359,0.7711,0.6459,0.6359,0.7643,0.7627,0.7562,0.7239,0.7239,0.7428,0.6751,0.7313,0,0.6751,0,0,0,0,0,v1.0.1,2025_12_22,316.8476,328,442.2035,312.5575,302.208,194.44,187.4417,342.4167,331.5,457.4035,-3.4598,7.4635,-0.0,0.0001,-0.2221,1.5611,-0.2104,1.5575,0.6715,148.5195,143.4717,143.79,143.6885,144.8674,0.6623,0.6022,0.6761,0.6227,0.6022,0.6288,0.5675,0.6537,0.5693,0.5675,0.64,0.6414,0.6291,0.6265,0.6265,0.5954,0.563,0.5666,0.4531,0.4531,0,0,0,0,0,-0.0072,-0.0466,0.015,-0.0415,-0.0359,-0.033,-0.0632,-0.0071,-0.0396,-0.0632,0.007,0.0039,0.0065,0.0012,-0.0263,-0.0495,-0.061,-0.1111,0.0006,-0.0055,-0.0148,-0.0211,0.011,-0.0364,-0.019,0.0003,-0.0451,0.0121,-0.0264,-0.0281,-0.0145,-0.0056,-0.0084,-0.0056,-0.0244,-0.0174,-0.0238,-0.0319,0.0132,0.0238,0.0116,-0.0884,0.02,-0.0929,-0.0681,-0.0267,-0.1178,0.0102,-0.1328,-0.1178,0.0135,0.0082,0.022,-0.0039,-0.0087,-0.0029,0.0102,-0.0461,0.0091,-0.0496,-0.0461,-0.0122,-0.0745,0.0232,-0.0729,-0.063,0.0103,0.0071,-0.0064,0.0118,0.0118,-0.011,-0.0169,True,True
DTC_L_110,LanSi,1,CW_01,A,2026-03-24 15:28:22+08:00,ONLINE,False,,CW_1_01,PASS,,,51.4924487,_2026032415282213302,T20260324152822,DESKTOP-P2DUL42,Loma,1,CW_1_01,2,paul di,2024.0718.155524,V20260126.2,CW_DTCL_DTCR_STC,T20260324152913,51.4924487,True,True,True,True,True,True,True,4S2RND2HBL06DS,v1.0.1,2025_12_22,314.3556,323,474.3731,302.5373,294.8456,151.7383,148.3775,342.8013,333.4662,489.0376,-6.4164,2.3229,-0.0001,0.0,-0.2267,1.5569,-0.2182,1.5557,0.6669,155.0791,151.0664,149.6572,154.6396,152.6106,0.8274,0.7807,0.825,0.7835,0.7807,0.765,0.7547,0.811,0.7399,0.7399,0.8154,0.8147,0.7981,0.7673,0.7473,0.7258,0.756,0.6918,0.6918,0.822,0.7617,0.8271,0.8278,0.7617,0.8571,0.7521,0.7364,0.8481,0.8244,0.8257,0.7964,0.7835,0.7364,0,0,0,0,0,v1.0.1,2025_12_22,314.2536,323.029,475.4599,302.3796,294.8079,150.7616,147.2162,343.0135,333.7357,490.1071,-6.4053,2.3582,-0.0001,0.0,-0.2269,1.5579,-0.2186,1.5542,0.6667,161.4824,156.6826,163.1543,162.4824,160.9504,0.6816,0.6794,0.6792,0.6846,0.6792,0.6496,0.6324,0.6628,0.6448,0.6324,0.6526,0.6623,0.6566,0.6253,0.6247,0.6307,0.6236,0.6131,0.6131,0.663,0.6064,0.6613,0.7018,0.6064,0.6703,0.6085,0.6272,0.6663,0.6741,0.6831,0.6741,0.6257,0.6085,0,0,0,0,0,v1.0.1,2025_12_22,312.8462,315.4038,437.6486,301.1532,298.7227,184.4286,184.4113,330,326.6923,445.4444,-7.4358,-4.214,-0.0001,-0.0,-0.2132,1.5629,-0.2126,1.5642,0.6753,175.3252,174.2393,172.5908,174.5547,174.1775,0.7829,0.6854,0.7843,0.6677,0.6677,0.742,0.6523,0.7599,0.6285,0.6285,0.7746,0.7656,0.7621,0.6928,0.6928,0.7191,0,0.7277,0.729,0.7191,0,0,0,0,0,v1.0.1,2025_12_22,312.7664,315.3178,438.4587,300.9633,298.5833,183.6667,183.4553,330.122,326.75,446.4138,-7.4973,-4.2033,-0.0001,-0.0,-0.2132,1.563,-0.2135,1.564,0.6751,148.1914,142.5879,142.7109,145.8535,144.8359,0.6513,0.5743,0.6667,0.5903,0.5743,0.631,0.5702,0.6226,0.5572,0.5572,0.633,0.6277,0.643,0.6031,0.6031,0.5889,0.5134,0.5754,0.5865,0.5134,0,0,0,0,0,0.003,-0.0848,-0.016,-0.0381,-0.0409,-0.0199,-0.0716,0.007,-0.0283,-0.0283,0.0061,0.0044,-0.0097,0.0001,-0.0772,-0.0718,-0.0282,-0.0657,0.0114,0.0141,0.0005,-0.0338,-0.0152,-0.0308,-0.0019,-0.02,-0.0516,0.0053,-0.0219,-0.0251,0.004,0.0014,-0.009,-0.0165,-0.0465,-0.031,-0.0331,-0.0179,-0.0176,-0.016,0.0038,-0.1247,-0.0112,-0.1258,-0.1114,0.0077,-0.1245,0.0105,-0.1154,-0.1058,0.0135,0.0054,0.0185,0.0065,-0.0071,0.0104,-0.0037,-0.103,0.0017,-0.085,-0.0807,-0.0052,-0.0774,0.0003,-0.1014,-0.0651,0.0018,-0.0034,0.0072,-0.0018,-0.0018,0.0137,0.0091,True,True
DTC_L_111,LanSi,1,CW_01,B,2026-03-24 15:29:59+08:00,ONLINE,False,,CW_1_01,PASS,,,51.5768153,_2026032415295996702,T20260324152959,DESKTOP-P2DUL42,Loma,1,CW_1_01,2,paul di,2024.0718.155524,V20260126.2,CW_DTCL_DTCR_STC,T20260324153051,51.5768153,True,True,True,True,True,True,True,4S2RND2HBL06DS,v1.0.1,2025_12_22,314.0362,322.8841,474.2319,302.471,294.817,152.0065,148.3072,342.6601,333.3688,489.4752,-6.5478,2.3994,-0.0001,0.0,-0.2262,1.5583,-0.2182,1.5547,0.6671,154.5088,149.5674,147.7598,153.5869,151.3557,0.8357,0.784,0.8433,0.7935,0.784,0.7824,0.7599,0.8013,0.7713,0.7599,0.8146,0.8056,0.8029,0.7659,0.7551,0.7001,0.7735,0.717,0.7001,0.8193,0.3238,0.8354,0.8166,0.3238,0.8424,0.7498,0.7405,0.841,0.8518,0.7998,0.8111,0.7741,0.7405,0,0,0,0,0,v1.0.1,2025_12_22,314.0429,322.8929,475.3358,302.292,294.5414,151.1019,147.1419,342.7635,333.5915,490.5,-6.5693,2.4101,-0.0001,0.0,-0.2265,1.5572,-0.218,1.5542,0.6667,160.7451,156.3594,162.4375,161.5791,160.2803,0.6773,0.6658,0.6958,0.692,0.6658,0.6666,0.6255,0.6607,0.658,0.6255,0.647,0.654,0.6628,0.6404,0.63,0.6216,0.6404,0.6045,0.6045,0.6834,0.4783,0.6867,0.6882,0.4783,0.6557,0.6317,0.6338,0.6708,0.6917,0.6684,0.6657,0.6329,0.6317,0,0,0,0,0,v1.0.1,2025_12_22,312.5048,315.0571,437.5455,300.9091,298.5462,184.6303,184.2231,329.6612,326.6639,445.7815,-7.6033,-4.2922,-0.0001,-0.0,-0.2122,1.5637,-0.2128,1.5624,0.6753,175.6768,173.8408,171.9219,174.9502,174.0974,0.7941,0.6673,0.8106,0.6776,0.6673,0.7476,0.6367,0.7574,0.6823,0.6367,0.7782,0.7677,0.7563,0.7007,0.7007,0.7316,0,0.7373,0.7292,0.7292,0,0,0,0,0,v1.0.1,2025_12_22,312.4952,315.0571,438.4196,300.7589,298.6033,183.8099,183.3866,329.6975,326.5882,446.5546,-7.6014,-4.3244,-0.0001,-0.0,-0.2125,1.5648,-0.2124,1.5635,0.6758,147.6035,142.6279,141.8877,145.0986,144.3044,0.6555,0.583,0.6671,0.5992,0.583,0.6264,0.5582,0.6263,0.5962,0.5582,0.6348,0.6308,0.6444,0.6095,0.6095,0.5821,0.5164,0.5733,0.5831,0.5164,0,0,0,0,0,0.0113,-0.0815,0.0023,-0.0281,-0.0376,-0.0025,-0.0664,-0.0027,0.0031,-0.0083,0.0053,-0.0047,-0.0049,-0.0013,-0.0694,-0.0975,-0.0107,-0.0405,0.0087,0.0224,-0.0038,-0.0474,0.0014,-0.0234,-0.0153,-0.003,-0.0585,0.0032,-0.0087,-0.032,-0.0016,-0.0069,-0.0028,-0.0014,-0.0412,-0.0401,-0.0163,-0.0265,0.0028,0.0094,0.015,-0.1428,0.0151,-0.1159,-0.1118,0.0133,-0.1401,0.008,-0.0616,-0.0976,0.0171,0.0075,0.0127,0.0144,0.0054,0.02,0.0005,-0.0943,0.0021,-0.0761,-0.072,-0.0098,-0.0894,0.004,-0.0624,-0.0641,0.0036,-0.0003,0.0086,0.0046,0.0046,0.0069,0.007,True,True
DTC_R_111,LanSi,1,CW_01,B,2026-03-24 15:30:00+08:00,ONLINE,False,,CW_1_01,FAIL,SFR_VIS_25cm_Ny4_03F_ROI8_Dev,Dev,51.5359253,_2026032415300003101,T20260324153000,DESKTOP-P2DUL42,Loma,1,CW_1_01,1,paul di,2024.0718.155524,V20260126.2,CW_DTCL_DTCR_STC,T20260324153051,51.5359253,True,True,True,True,True,True,True,4S2RND2HBL0DP6,v1.0.1,2025_12_22,315.2612,317.1045,475.6716,297.6343,295.7007,148.6667,149.3893,337.1544,336.0405,486.0203,-5.0873,-2.184,-0.0001,-0.0,-0.2203,1.5547,-0.2198,1.5479,0.6656,154.7842,149.3994,149.9219,155.0498,152.2888,0.8619,0.7758,0.8635,0.7508,0.7508,0.8151,0.7277,0.8133,0.7003,0.7003,0.7995,0.7912,0.7469,0.749,0.7243,0.7198,0.7413,0.7432,0.7198,0.8372,0.7797,0.7057,0.7545,0.7057,0.8056,0.7187,0.7528,0.8197,0.7638,0.7019,0.8218,0.8548,0.7019,0,0,0,0,0,v1.0.1,2025_12_22,315.2086,317.0432,476.7643,297.4071,295.4459,147.6419,148.2333,337.3467,336.0805,487,-5.1535,-2.2122,-0.0001,-0.0,-0.2204,1.5541,-0.2205,1.5481,0.6653,161.4834,157.2178,164.9971,164.749,162.1118,0.7003,0.6685,0.7055,0.6716,0.6685,0.6824,0.6348,0.6707,0.6252,0.6252,0.6448,0.6465,0.6138,0.639,0.6285,0.6203,0.5983,0.6232,0.5983,0.6697,0.6569,0.6276,0.1617,0.1617,0.6159,0.6443,0.6347,0.6785,0.6394,0.595,0.64,0.6804,0.595,0,0,0,0,0,v1.0.1,2025_12_22,317.0833,328.4352,442.0909,313.4545,302.6098,196.813,188.5372,342.5372,331.9569,457.1293,-3.0444,8.1738,-0.0,0.0001,-0.2188,1.5608,-0.2088,1.5552,0.6721,175.6406,172.0957,173.0332,177.0518,174.4553,0.8105,0.617,0.7994,0.6056,0.6056,0.7608,0.6037,0.7777,0.6136,0.6037,0.7654,0.7668,0.6943,0.6973,0.6943,0.7407,0.6661,0.5984,0,0.5984,0,0,0,0,0,v1.0.1,2025_12_22,317.0857,328.4762,442.8393,313.4107,302.48,195.952,187.5833,342.6583,332,458,-3.1023,8.1994,-0.0,0.0001,-0.2187,1.5605,-0.2086,1.5556,0.6722,147.3867,143.0908,143.9248,145.4277,144.9575,0.6675,0.5453,0.661,0.5617,0.5453,0.6491,0.5418,0.6422,0.5715,0.5418,0.6411,0.6395,0.6043,0.6086,0.6043,0.5923,0.5415,0.5236,0.4132,0.4132,0,0,0,0,0,-0.0017,-0.0985,-0.0026,-0.1188,-0.1128,-0.0128,-0.0829,-0.0112,-0.1203,-0.1103,-0.0176,-0.0188,-0.0617,-0.0583,-0.0832,-0.0919,-0.0551,-0.0789,-0.0023,-0.0959,-0.0091,-0.043,-0.0042,-0.0577,-0.0409,0.0093,-0.0464,0.0065,-0.0488,-0.039,-0.0138,-0.0116,-0.0448,-0.03,-0.0286,-0.0425,-0.0324,-0.0188,-0.0081,-0.0247,0.0241,-0.1927,-0.0008,-0.2056,-0.1808,-0.006,-0.15,0.0168,-0.1651,-0.15,0.0146,0.0123,-0.0399,-0.0305,-0.0108,-0.1358,0.0154,-0.103,-0.006,-0.1106,-0.103,0.0081,-0.1002,0.0117,-0.0707,-0.0887,0.0114,0.0052,-0.0312,-0.0061,-0.0104,-0.0141,-0.0599,True,True
DTC_L_112,LanSi,1,CW_01,C,2026-03-24 15:32:01+08:00,ONLINE,False,,CW_1_01,PASS,,,51.5457899,_2026032415320166202,T20260324153201,DESKTOP-P2DUL42,Loma,1,CW_1_01,2,paul di,2024.0718.155524,V20260126.2,CW_DTCL_DTCR_STC,T20260324153253,51.5457899,True,True,True,True,True,True,True,4S2RND2HBL06DS,v1.0.1,2025_12_22,313.8235,323.1471,473.8478,302.5725,294.5063,151.038,147.75,343.2171,333.007,490.5986,-6.9131,2.6146,-0.0001,0.0,-0.2274,1.5585,-0.2198,1.5562,0.6669,153.8115,149.5439,147.3564,152.6914,150.8508,0.8242,0.7995,0.8288,0.8012,0.7995,0.7832,0.756,0.7945,0.7673,0.756,0.8125,0.8146,0.8118,0.7601,0.7899,0.7262,0.7599,0.7206,0.7206,0.8195,0.767,0.8408,0.8255,0.767,0.8421,0.7626,0.7245,0.8407,0.8411,0.8078,0.7819,0.7714,0.7245,0,0,0,0,0,v1.0.1,2025_12_22,313.9571,323.1071,474.993,302.2817,294.3161,150.1613,146.5882,343.2549,333.2238,491.5455,-6.8844,2.5701,-0.0001,0.0,-0.2281,1.5572,-0.2193,1.5564,0.6666,160.9414,156.1562,162.1357,161.5498,160.1958,0.6802,0.6811,0.7065,0.6944,0.6802,0.6519,0.634,0.6512,0.6582,0.634,0.6538,0.6397,0.6511,0.6401,0.6319,0.6295,0.6417,0.6255,0.6255,0.6815,0.6377,0.6794,0.6793,0.6377,0.6602,0.638,0.6116,0.6733,0.6537,0.6689,0.6535,0.6167,0.6116,0,0,0,0,0,v1.0.1,2025_12_22,312.1509,315.4057,437.2456,301.1053,298.4098,183.8361,183.7073,330.1707,326.3077,446.5556,-7.9357,-4.0853,-0.0001,-0.0,-0.2133,1.5662,-0.2139,1.5628,0.6754,175.2021,174.0801,171.6982,174.5068,173.8718,0.7953,0.6905,0.8048,0.6778,0.6778,0.7468,0.6534,0.7672,0.672,0.6534,0.7748,0.7694,0.7724,0.6994,0.6994,0.7311,0,0.7329,0.7228,0.7228,0,0,0,0,0,v1.0.1,2025_12_22,312.1333,315.3524,438.0531,300.8407,298.374,183.0244,182.8934,330.2869,326.4538,447.3697,-7.9185,-4.1252,-0.0001,-0.0,-0.2142,1.5667,-0.2145,1.5622,0.675,147.6123,142.542,141.6719,145.1562,144.2456,0.6632,0.5976,0.6778,0.6029,0.5976,0.6291,0.5575,0.6242,0.5804,0.5575,0.6335,0.6361,0.6304,0.6145,0.6145,0.5804,0.5205,0.5737,0.5718,0.5205,0,0,0,0,0,-0.0002,-0.066,-0.0122,-0.0204,-0.0221,-0.0017,-0.0703,-0.0095,-0.0009,-0.0122,0.0032,0.0043,0.004,-0.0071,-0.0346,-0.0714,-0.0243,-0.0369,0.0089,0.0278,-0.0009,-0.0321,0.0121,-0.021,-0.0009,-0.0177,-0.05,-0.0063,-0.0085,-0.0235,0.0052,-0.0212,-0.0145,-0.0017,-0.0393,-0.0322,-0.015,-0.0055,0.0009,0.0021,0.0162,-0.1196,0.0093,-0.1157,-0.1013,0.0125,-0.1234,0.0178,-0.0719,-0.0809,0.0137,0.0092,0.0288,0.0131,0.0049,0.0156,0.0082,-0.0797,0.0128,-0.0724,-0.0574,-0.0071,-0.0901,0.0019,-0.0782,-0.0648,0.0023,0.005,-0.0054,0.0096,0.0096,0.0052,0.0074,True,True
DTC_R_112,LanSi,1,CW_01,C,2026-03-24 15:32:01+08:00,ONLINE,False,,CW_1_01,PASS,,,51.9203198,_2026032415320151801,T20260324153201,DESKTOP-P2DUL42,Loma,1,CW_1_01,1,paul di,2024.0718.155524,V20260126.2,CW_DTCL_DTCR_STC,T20260324153253,51.9203198,True,True,True,True,True,True,True,4S2RND2HBL0DP6,v1.0.1,2025_12_22,315.2148,317.2222,475.7185,297.8444,295.7586,149.3034,149.5,337.4133,336,486,-5.0616,-1.9433,-0.0001,-0.0,-0.2196,1.5549,-0.2207,1.5477,0.6656,155.2373,152.0781,151.6797,153.8096,153.2012,0.8565,0.7756,0.8765,0.7835,0.7756,0.8115,0.7324,0.8302,0.7827,0.7324,0.8073,0.8171,0.8121,0.8093,0.6921,0.6988,0.7789,0.7683,0.6921,0.8424,0.7555,0.8113,0.98,0.7555,0.85,0.7531,0.7713,0.8294,0.7838,0.7258,0.8258,0.8495,0.7258,0,0,0,0,0,v1.0.1,2025_12_22,315.1533,317.1898,476.7482,297.705,295.551,148.2517,148.3243,337.5,336.0878,487.0473,-5.1271,-1.9612,-0.0001,-0.0,-0.2195,1.5548,-0.2206,1.5477,0.6656,161.0342,155.0576,163.3379,163.251,160.6702,0.7018,0.6624,0.7181,0.6736,0.6624,0.6654,0.615,0.6694,0.6513,0.615,0.6486,0.6582,0.6424,0.6492,0.6153,0.6286,0.6137,0.638,0.6137,0.67,0.6341,0.6732,0.1221,0.1221,0.634,0.6389,0.6521,0.6651,0.6556,0.6299,0.6327,0.6791,0.6299,0,0,0,0,0,v1.0.1,2025_12_22,317.1963,328.6262,442.1875,313.6696,302.688,196.944,188.6116,342.7025,332,457.2655,-2.9633,8.3416,-0.0,0.0001,-0.2186,1.5605,-0.2085,1.5557,0.6723,176.21,175.3779,175.0811,176.3574,175.7566,0.7975,0.6334,0.8204,0.6593,0.6334,0.7627,0.6117,0.7784,0.6746,0.6117,0.7895,0.7663,0.7521,0.7399,0.7399,0.7482,0.6594,0.7403,0,0.6594,0,0,0,0,0,v1.0.1,2025_12_22,317.0849,328.6698,442.8624,313.6789,302.5433,196.1181,187.661,342.822,332,458.1026,-3.0697,8.3783,-0.0,0.0001,-0.2181,1.561,-0.2084,1.5556,0.6725,146.7617,140.9053,142.583,144.3057,143.6389,0.6624,0.5472,0.6719,0.5755,0.5472,0.6342,0.5422,0.6459,0.5785,0.5422,0.6255,0.6267,0.6439,0.6395,0.6255,0.5981,0.5361,0.5677,0.3942,0.3942,0,0,0,0,0,-0.0071,-0.0987,0.0104,-0.0861,-0.088,-0.0164,-0.0782,0.0057,-0.0379,-0.0782,-0.0098,0.0071,0.0035,0.002,-0.1154,-0.1129,-0.0175,-0.0538,0.0029,0.0097,-0.0076,-0.0491,0.0084,-0.0557,-0.047,-0.0077,-0.0662,0.0052,-0.0227,-0.0492,-0.01,0.0001,-0.0162,-0.0198,-0.0418,-0.0342,-0.017,-0.004,-0.0078,0.0209,0.0111,-0.1763,0.0202,-0.1519,-0.153,-0.0041,-0.142,0.0175,-0.1041,-0.142,0.0387,0.0118,0.0179,0.0121,-0.0033,0.0061,0.0103,-0.1011,0.0049,-0.0968,-0.1011,-0.0068,-0.0998,0.0154,-0.0637,-0.0883,-0.0042,-0.0076,0.0084,0.0248,0.0108,-0.0083,-0.0158,True,True
DTC_L_113,LanSi,1,CW_01,A,2026-03-24 15:33:35+08:00,ONLINE,False,,CW_1_01,PASS,,,52.0780592,_2026032415333587902,T20260324153335,DESKTOP-P2DUL42,Loma,1,CW_1_01,2,paul di,2024.0718.155524,V20260126.2,CW_DTCL_DTCR_STC,T20260324153427,52.0780592,True,True,True,True,True,True,True,4S2RND2HBL06DS,v1.0.1,2025_12_22,314.2815,324.0148,474.3556,303.837,294.973,153.2095,148.3377,343.7219,333.5109,489.7883,-6.4083,3.4143,-0.0001,0.0,-0.2249,1.5577,-0.2177,1.5548,0.6675,154.4365,150.1064,148.1182,153.2871,151.4871,0.8201,0.801,0.8396,0.778,0.778,0.7789,0.7648,0.7942,0.7563,0.7563,0.8118,0.8207,0.8029,0.7738,0.7576,0.7221,0.7692,0.7065,0.7065,0.8083,0.8111,0.8333,0.8365,0.8083,0.8521,0.7569,0.7489,0.8433,0.8219,0.8475,0.8072,0.7858,0.7489,0,0,0,0,0,v1.0.1,2025_12_22,314.2464,324.0145,475.3669,303.5683,294.7919,152.2685,147.1586,343.931,333.8058,490.7842,-6.4261,3.4133,-0.0001,0.0,-0.2257,1.5575,-0.2181,1.5535,0.6668,162.0205,157.665,163.2119,162.8652,161.4407,0.6857,0.6719,0.6927,0.692,0.6719,0.645,0.645,0.6621,0.6492,0.645,0.6512,0.6526,0.6305,0.6178,0.6274,0.6194,0.6449,0.6042,0.6042,0.6756,0.6336,0.6754,0.6919,0.6336,0.6465,0.6193,0.634,0.6746,0.6623,0.696,0.6735,0.6308,0.6193,0,0,0,0,0,v1.0.1,2025_12_22,312.7664,316.3178,437.5487,302.2832,298.75,185.6917,184.3443,330.8279,326.7456,446.3596,-7.469,-3.204,-0.0001,-0.0,-0.2115,1.5634,-0.212,1.5632,0.6758,175.9707,174.6123,172.2002,175.0791,174.4656,0.7875,0.6745,0.8134,0.6679,0.6679,0.7446,0.665,0.7593,0.6531,0.6531,0.7777,0.7745,0.7423,0.7075,0.7075,0.7399,0,0.7281,0.741,0.7281,0,0,0,0,0,v1.0.1,2025_12_22,312.7238,316.219,438.4182,302,298.623,184.7623,183.4706,330.958,326.906,447.1282,-7.4717,-3.2865,-0.0001,-0.0,-0.2121,1.5634,-0.213,1.5624,0.6752,148.9502,143.6299,142.7666,146.3057,145.4131,0.656,0.5759,0.6757,0.5874,0.5759,0.6252,0.5631,0.6283,0.5616,0.5616,0.6379,0.6284,0.6124,0.6102,0.6102,0.5908,0.5198,0.5889,0.5727,0.5198,0,0,0,0,0,-0.0043,-0.0645,-0.0014,-0.0436,-0.0436,-0.006,-0.0615,-0.0098,-0.0119,-0.0119,0.0025,0.0104,-0.0049,0.0066,-0.0669,-0.0755,-0.015,-0.051,-0.0023,0.0203,0.0046,-0.0413,-0.0017,-0.0234,-0.0092,-0.0246,-0.039,0.0046,-0.0175,-0.0125,0.0026,-0.0083,-0.0351,-0.024,-0.0438,-0.0423,-0.0118,-0.0268,-0.005,-0.0019,0.0084,-0.1356,0.0179,-0.1256,-0.1112,0.0103,-0.1118,0.0099,-0.0908,-0.0812,0.0166,0.0143,-0.0013,0.0212,0.0137,0.0108,0.001,-0.1014,0.0107,-0.0879,-0.0791,-0.011,-0.0845,0.006,-0.097,-0.0607,0.0067,-0.0027,-0.0234,0.0053,0.0053,0.0156,0.0226,True,True
DTC_R_113,LanSi,1,CW_01,A,2026-03-24 15:33:35+08:00,ONLINE,False,,CW_1_01,PASS,,,52.10399,_2026032415333587701,T20260324153335,DESKTOP-P2DUL42,Loma,1,CW_1_01,1,paul di,2024.0718.155524,V20260126.2,CW_DTCL_DTCR_STC,T20260324153427,52.10399,True,True,True,True,True,True,True,4S2RND2HBL0DP6,v1.0.1,2025_12_22,315.1739,317.6667,475.3835,298.0526,295.5278,149.2917,149.4698,337.7114,335.8639,484.6735,-5.2162,-2.0208,-0.0001,-0.0,-0.2213,1.5541,-0.2199,1.547,0.665,155.165,152.918,152.3359,154.8564,153.8188,0.8681,0.7948,0.8693,0.7717,0.7717,0.8172,0.7515,0.8185,0.7413,0.7413,0.8106,0.8211,0.8115,0.822,0.7297,0.7213,0.7769,0.7356,0.7213,0.8367,0.8188,0.8162,0.3097,0.3097,0.8362,0.7701,0.7459,0.8181,0.7927,0.7069,0.8346,0.854,0.7069,0,0,0,0,0,v1.0.1,2025_12_22,315.2086,317.6331,476.5,298,295.302,148.2416,148.2345,337.9172,336,485.8151,-5.251,-1.9786,-0.0001,-0.0,-0.2206,1.5533,-0.2204,1.5473,0.6649,161.4609,155.8604,164.3818,164.4443,161.5369,0.7041,0.679,0.7104,0.6655,0.6655,0.6799,0.6364,0.6574,0.6289,0.6289,0.639,0.6498,0.6587,0.654,0.6215,0.6413,0.6132,0.6212,0.6132,0.6719,0.665,0.6568,0.0435,0.0435,0.6497,0.6437,0.6481,0.6769,0.6611,0.5688,0.6307,0.666,0.5688,0,0,0,0,0,v1.0.1,2025_12_22,317.1981,328.8491,442,314,302.4803,197.0472,188.5,343.3333,331.8761,456.3363,-3.0891,8.4132,-0.0,0.0001,-0.2179,1.5591,-0.2116,1.5557,0.6713,176.1279,175.9639,175.8525,177.3154,176.3149,0.8032,0.6433,0.8179,0.6106,0.6106,0.7652,0.625,0.7606,0.5989,0.5989,0.768,0.7689,0.7698,0.7366,0.7366,0.7512,0.6583,0.7278,0,0.6583,0,0,0,0,0,v1.0.1,2025_12_22,317.1524,329,442.7636,313.9273,302.4355,196.1694,187.5207,343.3802,331.9478,457.1826,-3.136,8.4319,-0.0,0.0001,-0.2189,1.5599,-0.21,1.5554,0.6716,147.0869,141.6104,143.1475,145.3252,144.2925,0.6667,0.5653,0.6787,0.5517,0.5517,0.6458,0.5549,0.6342,0.5399,0.5399,0.6385,0.6412,0.6318,0.6248,0.6248,0.5895,0.5297,0.5743,0.3255,0.3255,0,0,0,0,0,0.0045,-0.0795,0.0032,-0.0979,-0.0919,-0.0107,-0.0591,-0.006,-0.0793,-0.0693,-0.0065,0.0111,0.0029,0.0147,-0.0778,-0.0904,-0.0195,-0.0865,-0.0028,0.0146,-0.0053,-0.0325,0.0007,-0.0638,-0.0439,0.0068,-0.0448,-0.0068,-0.0451,-0.0353,-0.0196,-0.0083,0.0001,-0.015,-0.0356,-0.0215,-0.0175,-0.0208,-0.0059,0.0045,0.0168,-0.1664,0.0177,-0.2006,-0.1758,-0.0016,-0.1287,-0.0003,-0.1798,-0.1548,0.0172,0.0144,0.0356,0.0088,-0.0003,-0.0064,0.0146,-0.083,0.0117,-0.1206,-0.0966,0.0048,-0.0871,0.0037,-0.1023,-0.0906,0.0088,0.0069,-0.0037,0.0101,0.0101,-0.0169,-0.0092,True,True
DTC_R_114,LanSi,1,CW_01,B,2026-03-24 15:35:01+08:00,ONLINE,False,,CW_1_01,PASS,,,51.2270888,_2026032415350144101,T20260324153501,DESKTOP-P2DUL42,Loma,1,CW_1_01,1,paul di,2024.0718.155524,V20260126.2,CW_DTCL_DTCR_STC,T20260324153552,51.2270888,True,True,True,True,True,True,True,4S2RND2HBL0DP6,v1.0.1,2025_12_22,315.1926,317.1926,475.5489,297.8346,295.7305,149.0851,149.5,337.4133,335.9184,484.9048,-5.1219,-2.2139,-0.0001,-0.0,-0.2196,1.555,-0.2209,1.5473,0.6655,156.4033,153.3428,153.1123,155.9131,154.6929,0.8648,0.7819,0.8686,0.7499,0.7499,0.8157,0.7486,0.8223,0.7601,0.7486,0.8238,0.8119,0.81,0.8147,0.72,0.7471,0.7814,0.7645,0.72,0.8332,0.8063,0.8034,0.98,0.8034,0.8476,0.7562,0.7587,0.8268,0.7868,0.6994,0.8207,0.8468,0.6994,0,0,0,0,0,v1.0.1,2025_12_22,315.1533,317.1898,476.6594,297.6594,295.411,147.9932,148.3243,337.5,335.9524,485.932,-5.1999,-2.2451,-0.0001,-0.0,-0.2198,1.5541,-0.2206,1.5476,0.6653,161.5098,156.3721,164.6758,163.6084,161.5415,0.7087,0.6664,0.7096,0.6509,0.6509,0.6804,0.6395,0.6683,0.6312,0.6312,0.6318,0.656,0.6607,0.6451,0.6247,0.6457,0.6218,0.6272,0.6218,0.6573,0.6488,0.666,0.0565,0.0565,0.6503,0.665,0.6497,0.6722,0.6481,0.5956,0.6342,0.6691,0.5956,0,0,0,0,0,v1.0.1,2025_12_22,317.1589,328.5234,441.9358,313.6239,302.6429,196.9286,188.5378,342.6303,331.8938,456.3805,-3.0662,8.1173,-0.0,0.0001,-0.2183,1.5604,-0.2087,1.5555,0.6722,177.4189,176.7266,176.666,177.9082,177.1799,0.8066,0.628,0.8014,0.606,0.606,0.7759,0.6082,0.7734,0.6375,0.6082,0.7789,0.7662,0.7565,0.7541,0.7541,0.7354,0.6597,0.7296,0,0.6597,0,0,0,0,0,v1.0.1,2025_12_22,317.0849,328.6698,442.8036,313.6696,302.5635,196.0714,187.6529,342.7769,331.9558,457.292,-3.0879,8.196,-0.0,0.0001,-0.2182,1.5612,-0.208,1.5552,0.6725,147.1162,141.9834,143.8311,144.6807,144.4028,0.6733,0.5548,0.6725,0.5404,0.5404,0.6381,0.5483,0.6522,0.5544,0.5483,0.6397,0.6165,0.6346,0.6297,0.6165,0.5834,0.5459,0.5592,0.3693,0.3693,0,0,0,0,0,0.0012,-0.0924,0.0025,-0.1197,-0.1137,-0.0122,-0.062,-0.0022,-0.0605,-0.062,0.0067,0.0019,0.0014,0.0074,-0.0875,-0.0646,-0.015,-0.0576,-0.0063,0.0018,-0.0007,-0.0451,-0.0001,-0.0784,-0.0585,0.0073,-0.0417,0.0041,-0.0428,-0.033,-0.0268,-0.0021,0.0021,-0.0239,-0.0324,-0.0171,-0.0089,-0.0148,-0.0205,0.0137,0.0202,-0.1817,0.0012,-0.2052,-0.1804,0.0091,-0.1455,0.0125,-0.1412,-0.1455,0.0281,0.0117,0.0223,0.0263,-0.0161,-0.0046,0.0212,-0.0935,0.0055,-0.1319,-0.1079,-0.0029,-0.0937,0.0217,-0.0878,-0.0822,0.01,-0.0178,-0.0009,0.015,0.0018,-0.023,-0.0243,True,True
DTC_L_114,LanSi,1,CW_01,B,2026-03-24 15:35:01+08:00,ONLINE,False,,CW_1_01,PASS,,,51.4634572,_2026032415350120802,T20260324153501,DESKTOP-P2DUL42,Loma,1,CW_1_01,2,paul di,2024.0718.155524,V20260126.2,CW_DTCL_DTCR_STC,T20260324153552,51.4634572,True,True,True,True,True,True,True,4S2RND2HBL06DS,v1.0.1,2025_12_22,315.2388,322.1791,475.5,301.5,296.2838,151.6081,149.8973,342.1918,334.7101,487.587,-5.174,1.5132,-0.0001,0.0,-0.2278,1.5596,-0.2199,1.5531,0.6662,154.3418,149.6133,147.8281,153.5059,151.3223,0.8214,0.8109,0.8417,0.7936,0.7936,0.7788,0.7627,0.8049,0.7458,0.7458,0.7985,0.8092,0.8023,0.7665,0.7257,0.7382,0.7524,0.7031,0.7031,0.809,0.3902,0.8057,0.7621,0.3902,0.8439,0.7134,0.7243,0.849,0.8082,0.7669,0.7612,0.7849,0.7134,0,0,0,0,0,v1.0.1,2025_12_22,315.1533,322.1898,476.6331,301.4317,296.1333,150.6133,148.6291,342.404,334.8321,488.7153,-5.2238,1.5708,-0.0001,0.0,-0.2273,1.5599,-0.2203,1.5527,0.6662,160.2021,156.166,161.6797,161.4727,159.8801,0.6829,0.6878,0.7023,0.6961,0.6829,0.6586,0.6355,0.646,0.6409,0.6355,0.6445,0.6481,0.6372,0.6377,0.6132,0.6279,0.6331,0.5979,0.5979,0.6829,0.4664,0.6686,0.6434,0.4664,0.6529,0.6302,0.6046,0.6883,0.6658,0.6543,0.6648,0.637,0.6046,0,0,0,0,0,v1.0.1,2025_12_22,313.8286,314.5429,438.7411,300.1071,300.0169,183.9492,185.5378,329.3697,327.9558,444.292,-6.284,-5.0478,-0.0001,-0.0001,-0.2145,1.5649,-0.2145,1.5618,0.6744,175.6836,174.085,172.0654,174.9609,174.1987,0.7824,0.6827,0.8042,0.6784,0.6784,0.7482,0.6482,0.7665,0.6409,0.6409,0.7502,0.766,0.7571,0.6935,0.6935,0.7301,0,0.7324,0.636,0.636,0,0,0,0,0,v1.0.1,2025_12_22,313.7009,314.5514,439.5926,300.0556,300.0256,183.1966,184.5833,329.4417,327.9569,445.1293,-6.3281,-5.0251,-0.0001,-0.0001,-0.2141,1.5665,-0.2143,1.5615,0.6749,147.29,142.1455,141.043,145.0186,143.8743,0.6584,0.5923,0.6736,0.5993,0.5923,0.6284,0.5572,0.6252,0.5711,0.5572,0.6119,0.6332,0.6356,0.5968,0.5968,0.5807,0.5013,0.5819,0.5398,0.5013,0,0,0,0,0,-0.003,-0.0546,0.0007,-0.028,-0.028,-0.0061,-0.0636,0.0009,-0.0224,-0.0224,-0.0108,-0.0011,-0.0055,-0.0007,-0.0988,-0.0594,-0.0318,-0.0544,-0.0016,-0.0073,0.0018,-0.0254,0.0079,-0.0193,0.0018,-0.011,-0.0485,-0.0115,-0.0258,-0.022,-0.0041,-0.0128,-0.0284,-0.0041,-0.058,-0.0338,-0.0236,-0.0331,0.0023,-0.0087,0.0033,-0.1274,0.0087,-0.1151,-0.1007,0.0139,-0.1286,0.0171,-0.103,-0.0934,-0.0109,0.0058,0.0135,0.0072,0.0039,0.0151,0.0034,-0.085,0.0086,-0.076,-0.0627,-0.0078,-0.0904,0.0029,-0.0875,-0.0651,-0.0193,0.0021,-0.0002,-0.0081,-0.0081,0.0055,0.0156,True,True
DTC_R_115,LanSi,1,CW_01,C,2026-03-24 15:36:32+08:00,ONLINE,False,,CW_1_01,PASS,,,51.2267634,_2026032415363289401,T20260324153632,DESKTOP-P2DUL42,Loma,1,CW_1_01,1,paul di,2024.0718.155524,V20260126.2,CW_DTCL_DTCR_STC,T20260324153724,51.2267634,True,True,True,True,True,True,True,4S2RND2HBL0DP6,v1.0.1,2025_12_22,315.0217,317.0435,475.1971,297.4161,295.2568,148.3446,149.3467,337.2333,335.869,483.9655,-5.3618,-2.6994,-0.0001,-0.0,-0.2214,1.5537,-0.2207,1.546,0.6644,154.5156,152.3613,151.5059,154.2461,153.1572,0.8713,0.8075,0.8806,0.7763,0.7763,0.8135,0.7503,0.8241,0.7285,0.7285,0.8072,0.8124,0.8105,0.8161,0.723,0.7266,0.7431,0.7126,0.7126,0.8418,0.7883,0.7976,0.98,0.7883,0.833,0.7586,0.7694,0.8194,0.8035,0.6891,0.8267,0.8591,0.6891,0,0,0,0,0,v1.0.1,2025_12_22,315,317.0863,476.2101,297.2609,295.1419,147.2162,148.1419,337.3446,335.911,485.0479,-5.419,-2.7088,-0.0001,-0.0,-0.2218,1.5539,-0.2203,1.5464,0.6645,162.5781,156.9492,165.2051,165.4619,162.5486,0.695,0.6728,0.7138,0.6736,0.6728,0.6808,0.647,0.6719,0.6188,0.6188,0.662,0.6506,0.6443,0.6583,0.6178,0.6315,0.6008,0.603,0.6008,0.6789,0.6627,0.6565,0.2221,0.2221,0.638,0.6359,0.6428,0.6602,0.6566,0.5872,0.6328,0.6667,0.5872,0,0,0,0,0,v1.0.1,2025_12_22,317.0187,328.4486,441.6667,313.4649,302.4,196.096,188.4628,342.5372,331.7544,455.8421,-3.2395,7.7778,-0.0,0.0001,-0.2191,1.5603,-0.2086,1.5551,0.6719,176.5508,176.6201,176.1045,177.3506,176.6565,0.8046,0.6472,0.8186,0.6276,0.6276,0.768,0.6455,0.7841,0.5962,0.5962,0.7702,0.7676,0.7703,0.7545,0.7545,0.7502,0.6597,0.7408,0,0.6597,0,0,0,0,0,v1.0.1,2025_12_22,317.0187,328.4486,442.5702,313.4298,302.3333,195.2602,187.5,342.6667,331.708,456.6018,-3.274,7.7814,-0.0,0.0001,-0.2185,1.5605,-0.2088,1.5562,0.6723,147.9688,142.1738,143.7949,145.9668,144.9761,0.6589,0.5734,0.6865,0.559,0.559,0.6492,0.5694,0.6402,0.5296,0.5296,0.6372,0.6356,0.6368,0.6348,0.6348,0.6008,0.5404,0.5875,0.4543,0.4543,0,0,0,0,0,0.0077,-0.0668,0.0145,-0.0933,-0.0873,-0.0144,-0.0603,-0.0004,-0.0921,-0.0821,-0.0099,0.0024,0.0019,0.0088,-0.0845,-0.0851,-0.0533,-0.1095,0.0023,-0.004,-0.0144,-0.0387,0.0041,-0.0557,-0.0366,0.0077,-0.0342,0.0077,-0.0552,-0.0454,0.0034,-0.0075,-0.0143,-0.0107,-0.0393,-0.0313,-0.0299,-0.039,0.0011,0.0042,0.0182,-0.1625,0.0184,-0.1836,-0.1588,0.0012,-0.1082,0.0232,-0.1825,-0.1575,0.0194,0.0131,0.0361,0.0267,-0.0013,0.0066,0.0068,-0.0749,0.0195,-0.1133,-0.0893,0.0082,-0.0726,0.0097,-0.1126,-0.1009,0.0075,0.0013,0.0013,0.0201,0.0201,-0.0056,0.004,True,True
DTC_L_115,LanSi,1,CW_01,C,2026-03-24 15:36:32+08:00,ONLINE,False,,CW_1_01,PASS,,,51.6671272,_2026032415363270002,T20260324153632,DESKTOP-P2DUL42,Loma,1,CW_1_01,2,paul di,2024.0718.155524,V20260126.2,CW_DTCL_DTCR_STC,T20260324153724,51.6671272,True,True,True,True,True,True,True,4S2RND2HBL06DS,v1.0.1,2025_12_22,314.1691,323.2353,474.4318,302.9545,294.9533,152.58,148.3,343.1533,333.3869,489.7737,-6.4518,2.8394,-0.0001,0.0,-0.2254,1.5582,-0.219,1.5554,0.6673,155.4785,151.0059,148.7734,154.6748,152.4832,0.8381,0.8001,0.847,0.797,0.797,0.786,0.7508,0.8072,0.7602,0.7508,0.8155,0.8145,0.8269,0.7588,0.7364,0.7196,0.771,0.7049,0.7049,0.8174,0.6604,0.8236,0.8204,0.6604,0.8507,0.7395,0.7084,0.8477,0.8113,0.8157,0.7881,0.7805,0.7084,0,0,0,0,0,v1.0.1,2025_12_22,314.1533,323.1898,475.6493,302.7985,294.7815,151.5828,147.2067,343.3,333.6619,490.7986,-6.4095,2.8339,-0.0001,0.0,-0.2251,1.5579,-0.2194,1.5544,0.667,161.3037,157.0029,162.6924,162.0156,160.7537,0.6826,0.6738,0.6992,0.6932,0.6738,0.6665,0.6337,0.6608,0.6493,0.6337,0.6484,0.6577,0.6689,0.6149,0.628,0.6235,0.6333,0.6128,0.6128,0.6712,0.465,0.6739,0.6835,0.465,0.6507,0.6368,0.5976,0.6839,0.6848,0.6751,0.6577,0.6293,0.5976,0,0,0,0,0,v1.0.1,2025_12_22,312.6422,315.5321,437.6174,301.4522,298.7167,184.9083,184.2459,330.3689,326.6975,446.042,-7.5161,-3.8393,-0.0001,-0.0,-0.2117,1.5641,-0.2145,1.563,0.6752,175.4971,173.875,171.5303,174.751,173.9133,0.7884,0.6842,0.8032,0.6606,0.6606,0.7475,0.6472,0.756,0.6759,0.6472,0.7781,0.7699,0.7547,0.6946,0.6946,0.7222,0,0.7313,0.711,0.711,0,0,0,0,0,v1.0.1,2025_12_22,312.6,315.5,438.5614,301.3333,298.6777,184.124,183.395,330.395,326.775,446.8333,-7.4982,-3.8629,-0.0001,-0.0,-0.2115,1.5647,-0.2143,1.5628,0.6754,147.8867,143.1846,141.8936,145.4941,144.6147,0.6637,0.5824,0.6704,0.6,0.5824,0.6205,0.5528,0.6295,0.5857,0.5528,0.6262,0.6255,0.6474,0.6039,0.6039,0.5676,0.515,0.5859,0.5666,0.515,0,0,0,0,0,0.0137,-0.0654,0.006,-0.0246,-0.0246,0.0011,-0.0755,0.0032,-0.008,-0.0174,0.0062,0.0042,0.0191,-0.0084,-0.0881,-0.078,-0.0132,-0.0526,0.0068,0.0106,0.0015,-0.0394,0.0048,-0.0222,-0.0073,-0.0031,-0.0503,0.0033,-0.0174,-0.0238,-0.0002,-0.0032,0.0033,-0.0269,-0.0432,-0.0382,-0.0234,-0.0182,-0.0094,-0.0034,0.0093,-0.1259,0.0077,-0.1329,-0.1185,0.0132,-0.1296,0.0066,-0.068,-0.0871,0.017,0.0097,0.0111,0.0083,-0.004,0.014,0.0087,-0.0949,0.0054,-0.0753,-0.0726,-0.0157,-0.0948,0.0072,-0.0729,-0.0695,-0.005,-0.0056,0.0116,-0.001,-0.001,-0.0076,0.0196,True,True
DTC_L_116,LanSi,1,CW_01,A,2026-03-24 15:38:00+08:00,ONLINE,False,,CW_1_01,PASS,,,51.8442031,_2026032415380080202,T20260324153800,DESKTOP-P2DUL42,Loma,1,CW_1_01,2,paul di,2024.0718.155524,V20260126.2,CW_DTCL_DTCR_STC,T20260324153852,51.8442031,True,True,True,True,True,True,True,4S2RND2HBL06DS,v1.0.1,2025_12_22,314.2222,322.8667,474.4222,302.3852,294.8487,151.8816,148.3333,342.6078,333.5,489.0735,-6.4347,2.263,-0.0001,0.0,-0.2266,1.5575,-0.2179,1.5548,0.6669,155.3223,151.042,149.2041,154.6631,152.5579,0.8219,0.7818,0.8478,0.7803,0.7803,0.7609,0.7386,0.8,0.7521,0.7386,0.8293,0.8145,0.81,0.7712,0.7454,0.7201,0.7677,0.6986,0.6986,0.8063,0.7874,0.8468,0.8293,0.7874,0.8503,0.7606,0.7516,0.8308,0.8332,0.7738,0.7908,0.7634,0.7516,0,0,0,0,0,v1.0.1,2025_12_22,314.219,322.8759,475.5693,302.3139,294.7355,150.8903,147.1879,342.7584,333.7319,490.1087,-6.4113,2.2894,-0.0001,0.0,-0.2262,1.5575,-0.218,1.5541,0.6669,161.1328,156.8672,162.4756,162.0137,160.6223,0.6848,0.6756,0.7015,0.6978,0.6756,0.6575,0.6187,0.6498,0.6507,0.6187,0.6478,0.6484,0.6507,0.6354,0.6299,0.6312,0.6413,0.5994,0.5994,0.6662,0.6331,0.6783,0.6927,0.6331,0.6646,0.6385,0.6192,0.6646,0.6811,0.6163,0.6724,0.6359,0.6163,0,0,0,0,0,v1.0.1,2025_12_22,312.6058,315.1154,437.7156,300.9541,298.75,184.3833,184.2417,329.7083,326.6897,445.5,-7.4995,-4.3678,-0.0001,-0.0,-0.2122,1.5647,-0.2127,1.5627,0.6756,175.6709,174.2734,172.4424,174.8125,174.2998,0.7829,0.6619,0.8127,0.6597,0.6597,0.7371,0.6311,0.7538,0.6566,0.6311,0.7721,0.7515,0.7675,0.6969,0.6969,0.737,0,0.7369,0.736,0.736,0,0,0,0,0,v1.0.1,2025_12_22,312.6078,315,438.5714,300.8125,298.6557,183.6885,183.3417,329.725,326.8729,446.1695,-7.4901,-4.4209,-0.0001,-0.0,-0.2116,1.5644,-0.2129,1.562,0.6755,147.8311,142.8057,141.9092,145.1514,144.4243,0.665,0.5684,0.6673,0.5837,0.5684,0.6232,0.538,0.6324,0.5763,0.538,0.6322,0.628,0.6407,0.5995,0.5995,0.5747,0.4961,0.5816,0.5887,0.4961,0,0,0,0,0,-0.0025,-0.0837,0.0068,-0.0413,-0.0413,-0.024,-0.0877,-0.004,-0.0161,-0.0296,0.02,0.0042,0.0022,0.004,-0.0791,-0.0775,-0.0165,-0.0589,-0.0043,0.0338,0.0037,-0.0376,0.0071,-0.0176,-0.0055,-0.0121,-0.0653,-0.0077,-0.016,-0.0388,-0.0008,-0.0125,-0.0149,-0.0064,-0.0413,-0.0305,-0.0154,-0.0316,-0.0144,0.001,0.0038,-0.1482,0.0172,-0.1338,-0.1194,0.0028,-0.1457,0.0044,-0.0873,-0.1032,0.011,-0.0087,0.0239,0.0106,0.0108,0.0196,0.01,-0.1089,0.0023,-0.0916,-0.0866,-0.013,-0.1096,0.0101,-0.0823,-0.0843,0.001,-0.0031,0.0049,-0.0054,-0.0054,-0.0005,0.0153,True,True
DTC_R_116,LanSi,1,CW_01,A,2026-03-24 15:38:00+08:00,ONLINE,False,,CW_1_01,PASS,,,51.7434734,_2026032415380091301,T20260324153800,DESKTOP-P2DUL42,Loma,1,CW_1_01,1,paul di,2024.0718.155524,V20260126.2,CW_DTCL_DTCR_STC,T20260324153852,51.7434734,True,True,True,True,True,True,True,4S2RND2HBL0DP6,v1.0.1,2025_12_22,315,316.9137,474.8467,296.8102,295.2381,147.0612,149.3922,337.3333,335.4539,486.2624,-5.5138,-2.6238,-0.0001,-0.0,-0.2246,1.5545,-0.2222,1.5501,0.6644,153.2891,150.4668,150.2686,153.0234,151.762,0.8605,0.8273,0.8731,0.8383,0.8273,0.8199,0.7625,0.813,0.7961,0.7625,0.8142,0.8021,0.8077,0.8045,0.7618,0.7483,0.7384,0.7476,0.7384,0.8503,0.8186,0.8115,0.681,0.681,0.8402,0.7672,0.7878,0.8224,0.8069,0.7556,0.7147,0.8408,0.7147,0,0,0,0,0,v1.0.1,2025_12_22,315,316.9137,475.8921,296.777,295.1293,146.0816,148.1242,337.4967,335.6761,487.2817,-5.5357,-2.5899,-0.0001,-0.0,-0.224,1.5545,-0.2222,1.5495,0.6644,162.4629,157.4004,165.5996,164.4648,162.4819,0.7112,0.6995,0.7146,0.7054,0.6995,0.6798,0.643,0.6645,0.6626,0.643,0.6505,0.6641,0.662,0.6622,0.632,0.6399,0.6026,0.6282,0.6026,0.6905,0.658,0.6573,0.3878,0.3878,0.6499,0.6579,0.6629,0.6774,0.6541,0.617,0.6134,0.6846,0.6134,0,0,0,0,0,v1.0.1,2025_12_22,316.9813,328.4486,441.4159,313.2389,302.3902,195.187,188.4113,342.9032,331.6957,457.8609,-3.3211,8.0277,-0.0,0.0001,-0.2211,1.5612,-0.2114,1.5571,0.6714,175.6484,174.9727,174.8369,176.3135,175.4429,0.8072,0.7251,0.823,0.7339,0.7251,0.764,0.6516,0.7715,0.699,0.6516,0.7651,0.7595,0.7531,0.7177,0.7177,0.7411,0.6698,0.7252,0,0.6698,0,0,0,0,0,v1.0.1,2025_12_22,317,328.5,442.2679,313.2679,302.2823,194.6048,187.4444,343.0714,331.6372,458.6637,-3.3737,8.1216,-0.0,0.0001,-0.2205,1.5608,-0.2115,1.5583,0.6718,147.7891,142.8545,144.4443,145.1592,145.0618,0.6631,0.6023,0.6855,0.6303,0.6023,0.6325,0.5797,0.6505,0.5781,0.5781,0.6311,0.6438,0.6326,0.6245,0.6245,0.6043,0.5323,0.5652,0.4582,0.4582,0,0,0,0,0,-0.0031,-0.047,0.007,-0.0313,-0.0363,-0.008,-0.0481,-0.0115,-0.0245,-0.0481,-0.0029,-0.0079,-0.0009,-0.0028,-0.0457,-0.0634,-0.058,-0.0745,0.0108,0.0099,0.0018,-0.012,0.0049,-0.0239,-0.0099,0.0067,-0.0382,0.0003,-0.0114,-0.0212,-0.0081,0.006,0.0034,-0.0068,-0.0251,-0.0229,-0.0281,-0.0138,0.0127,0.005,0.0208,-0.0846,0.0228,-0.0773,-0.0613,-0.0028,-0.1021,0.0106,-0.0797,-0.1021,0.0143,0.005,0.0189,-0.0101,-0.0104,-0.009,0.011,-0.046,0.0185,-0.042,-0.046,-0.0085,-0.0623,0.02,-0.0641,-0.0524,0.0014,0.0095,-0.0029,0.0098,0.0098,-0.0021,-0.0183,True,True
DTC_R_117,LanSi,1,CW_01,B,2026-03-24 15:39:32+08:00,ONLINE,False,,CW_1_01,PASS,,,51.2373075,_2026032415393285501,T20260324153932,DESKTOP-P2DUL42,Loma,1,CW_1_01,1,paul di,2024.0718.155524,V20260126.2,CW_DTCL_DTCR_STC,T20260324154024,51.2373075,True,True,True,True,True,True,True,4S2RND2HBL0DP6,v1.0.1,2025_12_22,315.029,316.4348,474.8478,296.2391,295.1034,146.8138,149.2484,336.6078,335.3404,484.383,-5.5862,-3.4043,-0.0001,-0.0,-0.2252,1.5533,-0.2206,1.5499,0.6644,155.2949,151.5225,152.1221,155.1475,153.5217,0.8655,0.8276,0.8776,0.8178,0.8178,0.8241,0.7568,0.8187,0.7638,0.7568,0.8253,0.8032,0.8268,0.8027,0.7642,0.7338,0.7518,0.701,0.701,0.8508,0.8047,0.8095,0.98,0.8047,0.8571,0.7667,0.7757,0.8267,0.7946,0.8021,0.7415,0.8516,0.7415,0,0,0,0,0,v1.0.1,2025_12_22,315,316.4071,475.9209,296.1367,295.0408,145.8367,148.1216,336.723,335.5793,485.3517,-5.5675,-3.4089,-0.0001,-0.0,-0.2248,1.5538,-0.2206,1.5491,0.6644,162.6777,156.5156,166.1621,165.1592,162.6287,0.7013,0.6933,0.7116,0.6949,0.6933,0.6809,0.6532,0.6709,0.6432,0.6432,0.6501,0.6547,0.6558,0.6611,0.6418,0.6322,0.6087,0.6137,0.6087,0.6875,0.6765,0.6675,0.4567,0.4567,0.6628,0.6567,0.6668,0.6718,0.6665,0.6669,0.6488,0.6812,0.6488,0,0,0,0,0,v1.0.1,2025_12_22,317,327.9434,441.4522,312.6174,302.3937,195.0394,188.3361,342.2951,331.5,456.5,-3.3636,7.379,-0.0,0.0001,-0.222,1.5608,-0.2106,1.558,0.6715,175.793,174.4785,175.2988,176.6895,175.5649,0.8071,0.6816,0.8294,0.6994,0.6816,0.7714,0.6483,0.7723,0.6365,0.6365,0.761,0.7587,0.7654,0.7258,0.7258,0.743,0.6722,0.7237,0,0.6722,0,0,0,0,0,v1.0.1,2025_12_22,316.9714,328.1048,442.3913,312.6087,302.2439,194.2439,187.4628,342.4628,331.7207,457.3063,-3.342,7.4453,-0.0,0.0001,-0.2224,1.5607,-0.2099,1.5566,0.6713,148.2363,142.0234,144.708,145.8711,145.2097,0.6566,0.5854,0.6896,0.6033,0.5854,0.6379,0.5846,0.6487,0.5521,0.5521,0.629,0.6204,0.639,0.628,0.6204,0.5877,0.5302,0.582,0.5207,0.5207,0,0,0,0,0,0.0019,-0.0467,0.0115,-0.0518,-0.0458,-0.0038,-0.0538,-0.0058,-0.0568,-0.0538,0.0082,-0.0068,0.0182,-0.0046,-0.0433,-0.0779,-0.0446,-0.1211,0.0113,0.0079,-0.0081,-0.0182,0.0019,-0.0344,-0.0161,0.0078,-0.028,0.0067,-0.0308,-0.021,-0.0085,-0.0034,-0.0028,-0.0079,-0.0153,-0.0306,-0.022,-0.0283,0.0097,0.0152,0.0207,-0.1281,0.0292,-0.1118,-0.1048,0.0046,-0.1054,0.0114,-0.1422,-0.1172,0.0102,0.0042,0.0312,-0.002,-0.0085,-0.0105,0.0045,-0.0629,0.0226,-0.069,-0.0629,-0.0031,-0.0574,0.0182,-0.0901,-0.0784,-0.0007,-0.0139,0.0035,0.0133,0.0057,-0.0187,-0.0015,True,True
DTC_L_117,LanSi,1,CW_01,B,2026-03-24 15:39:32+08:00,ONLINE,False,,CW_1_01,PASS,,,51.1096479,_2026032415393297302,T20260324153932,DESKTOP-P2DUL42,Loma,1,CW_1_01,2,paul di,2024.0718.155524,V20260126.2,CW_DTCL_DTCR_STC,T20260324154024,51.1096479,True,True,True,True,True,True,True,4S2RND2HBL06DS,v1.0.1,2025_12_22,315.0882,322.5,475.3704,301.8074,296.1391,151.457,149.6846,342.3691,334.4179,488.0373,-5.36,1.7342,-0.0001,0.0,-0.2279,1.5599,-0.219,1.554,0.6668,153.9658,149.4355,147.6846,152.8301,150.979,0.8314,0.8109,0.8409,0.787,0.787,0.7772,0.7529,0.8022,0.7494,0.7494,0.8279,0.8003,0.8131,0.7767,0.7399,0.7327,0.726,0.6874,0.6874,0.7933,0.98,0.8236,0.7846,0.7846,0.8512,0.7353,0.7263,0.8439,0.8193,0.7772,0.7634,0.7756,0.7263,0,0,0,0,0,v1.0.1,2025_12_22,315.1241,322.5328,476.493,301.5282,296.0199,150.543,148.56,342.56,334.5672,489.1194,-5.3472,1.7567,-0.0001,0.0,-0.2289,1.5597,-0.2191,1.5541,0.6664,161.3252,157.0586,163.1572,162.2656,160.9517,0.6795,0.6867,0.6943,0.6948,0.6795,0.6436,0.631,0.6534,0.6495,0.631,0.6522,0.6471,0.6542,0.6311,0.613,0.636,0.6128,0.6176,0.6128,0.6738,0.4504,0.6863,0.6585,0.4504,0.6596,0.6256,0.6098,0.6622,0.6736,0.6618,0.6578,0.6398,0.6098,0,0,0,0,0,v1.0.1,2025_12_22,313.5,314.8868,438.5478,300.3826,300,183.8974,185.5,329.5,327.7119,444.9068,-6.4481,-4.7853,-0.0001,-0.0,-0.215,1.5676,-0.2132,1.5614,0.6752,175.5098,173.7812,171.9326,174.5146,173.9346,0.7826,0.7074,0.8026,0.6856,0.6856,0.7393,0.6515,0.7505,0.6513,0.6513,0.7633,0.7821,0.7558,0.705,0.705,0.7216,0,0.7219,0.6542,0.6542,0,0,0,0,0,v1.0.1,2025_12_22,313.4762,314.8381,439.3684,300.2632,299.8403,183.084,184.5678,329.5678,327.6864,445.7203,-6.5122,-4.8053,-0.0001,-0.0,-0.2147,1.5672,-0.2133,1.5621,0.6753,148.084,143.1631,142.0488,145.5146,144.7026,0.6549,0.6026,0.6691,0.6078,0.6026,0.6167,0.5558,0.6393,0.574,0.5558,0.63,0.6301,0.629,0.6191,0.6191,0.5669,0.4946,0.5952,0.5425,0.4946,0,0,0,0,0,0.007,-0.0546,-0.0001,-0.0346,-0.0346,-0.0077,-0.0734,-0.0018,-0.0188,-0.0188,0.0186,-0.01,0.0053,0.0095,-0.0846,-0.0649,-0.0582,-0.0701,-0.0173,0.0106,-0.0016,-0.0265,-0.0001,-0.0206,-0.0016,-0.026,-0.053,-0.0041,-0.0172,-0.0265,0.0036,-0.0138,-0.0114,-0.0107,-0.0582,-0.0257,-0.0439,-0.0134,-0.0068,0.009,0.0035,-0.1027,0.0071,-0.1079,-0.0935,0.005,-0.1253,0.0011,-0.0926,-0.083,0.0022,0.0219,0.0122,0.0187,-0.0046,0.0046,-0.0001,-0.0747,0.0041,-0.0675,-0.0524,-0.0195,-0.0918,0.017,-0.0846,-0.0665,-0.0012,-0.001,-0.0068,0.0142,0.0142,-0.0083,0.0289,True,True
DTC_L_118,LanSi,1,CW_01,C,2026-03-24 15:41:06+08:00,ONLINE,False,,CW_1_01,PASS,,,51.6966901,_2026032415410698302,T20260324154106,DESKTOP-P2DUL42,Loma,1,CW_1_01,2,paul di,2024.0718.155524,V20260126.2,CW_DTCL_DTCR_STC,T20260324154158,51.6966901,True,True,True,True,True,True,True,4S2RND2HBL06DS,v1.0.1,2025_12_22,314.1103,323.8309,474.2132,303.2721,294.7815,152.5828,148.1419,343.6554,333.3043,490.1667,-6.5898,3.2016,-0.0001,0.0,-0.2272,1.5579,-0.2184,1.5554,0.6669,154.0732,149.6055,147.624,152.6475,150.9875,0.8229,0.8013,0.8475,0.7859,0.7859,0.7872,0.7521,0.7995,0.7465,0.7465,0.8254,0.7941,0.8084,0.7681,0.7686,0.713,0.7417,0.6998,0.6998,0.8235,0.838,0.8464,0.8254,0.8235,0.849,0.8051,0.7752,0.8357,0.8148,0.8039,0.7623,0.7667,0.7623,0,0,0,0,0,v1.0.1,2025_12_22,314.0786,323.8143,475.2609,303.1087,294.6078,151.5752,147.0541,343.7838,333.6159,491.1739,-6.5765,3.1912,-0.0001,0.0,-0.2272,1.5577,-0.2185,1.5541,0.6665,159.9258,155.5293,161.3164,160.6758,159.3618,0.6808,0.6738,0.7054,0.6998,0.6738,0.6518,0.6432,0.6564,0.6441,0.6432,0.6486,0.645,0.6525,0.6444,0.6428,0.6091,0.6084,0.6078,0.6078,0.6766,0.6622,0.6774,0.6851,0.6622,0.6645,0.6658,0.6493,0.6835,0.6627,0.6732,0.6552,0.6222,0.6222,0,0,0,0,0,v1.0.1,2025_12_22,312.5,316,437.513,301.687,298.5,185,184.0887,330.629,326.5043,446.5556,-7.6788,-3.5257,-0.0001,-0.0,-0.2135,1.5638,-0.2129,1.5634,0.6752,175.3994,174.1133,171.8467,174.4883,173.9619,0.7874,0.6853,0.811,0.6801,0.6801,0.7517,0.6495,0.7605,0.6663,0.6495,0.7744,0.7465,0.774,0.7084,0.7084,0.7275,0,0.7323,0.7134,0.7134,0,0,0,0,0,v1.0.1,2025_12_22,312.4952,315.9429,438.4298,301.5702,298.4322,184.339,183.1901,330.7025,326.641,447.4872,-7.6623,-3.4917,-0.0001,-0.0,-0.2131,1.5638,-0.2131,1.5632,0.6752,147.041,141.6963,141.0488,144.3877,143.5435,0.6517,0.5935,0.6778,0.6081,0.5935,0.6204,0.5594,0.6326,0.5999,0.5594,0.6302,0.6263,0.6292,0.616,0.616,0.5956,0.5452,0.5776,0.5727,0.5452,0,0,0,0,0,-0.0015,-0.0642,0.0065,-0.0357,-0.0357,0.0023,-0.0742,-0.0045,-0.0217,-0.0217,0.0161,-0.0162,0.0006,0.0009,-0.0559,-0.0846,-0.0425,-0.0577,0.0129,0.0334,-0.0003,-0.0394,0.011,-0.0156,-0.0073,-0.0178,-0.0408,-0.0011,-0.0226,-0.0143,0,-0.0159,-0.0131,0.0026,-0.0284,-0.0526,-0.0483,-0.0232,-0.004,0.0001,0.0083,-0.1248,0.0155,-0.1134,-0.099,0.0174,-0.1273,0.0111,-0.0776,-0.0848,0.0133,-0.0137,0.0304,0.0221,0.0013,0.015,-0.0033,-0.0838,0.0128,-0.0672,-0.0615,-0.0158,-0.0882,0.0103,-0.0587,-0.0629,-0.001,-0.0048,-0.0066,0.0111,0.0111,0.0204,0.0113,True,True
DTC_R_118,LanSi,1,CW_01,C,2026-03-24 15:41:07+08:00,ONLINE,False,,CW_1_01,PASS,,,51.392502,_2026032415410729301,T20260324154107,DESKTOP-P2DUL42,Loma,1,CW_1_01,1,paul di,2024.0718.155524,V20260126.2,CW_DTCL_DTCR_STC,T20260324154158,51.392502,True,True,True,True,True,True,True,4S2RND2HBL0DP6,v1.0.1,2025_12_22,314.8978,317.4526,474.854,297.6277,295.25,147.8429,149.3356,337.8725,335.1972,485.4155,-5.5931,-2.2578,-0.0001,-0.0,-0.2228,1.555,-0.2222,1.55,0.665,156.749,154.5967,154.335,156.1143,155.4487,0.8638,0.8212,0.8746,0.8166,0.8166,0.8204,0.786,0.8162,0.775,0.775,0.8193,0.8229,0.8143,0.8097,0.7731,0.8099,0.7299,0.7577,0.7299,0.8474,0.8272,0.8084,0.0402,0.0402,0.846,0.7608,0.7806,0.8136,0.8008,0.7945,0.7952,0.8442,0.7608,0,0,0,0,0,v1.0.1,2025_12_22,314.9645,317.3759,475.9562,297.4818,295.1049,146.9091,148.0479,338,335.3147,486.3287,-5.6223,-2.2809,-0.0001,-0.0,-0.2224,1.5543,-0.2224,1.5504,0.665,161.1885,154.4707,162.876,164.0439,160.6448,0.704,0.6962,0.7246,0.6995,0.6962,0.684,0.6628,0.6629,0.6534,0.6534,0.6474,0.641,0.6638,0.6655,0.6359,0.6638,0.5958,0.6308,0.5958,0.6881,0.6566,0.6845,0.1671,0.1671,0.6568,0.6563,0.656,0.6627,0.6603,0.6588,0.65,0.6722,0.65,0,0,0,0,0,v1.0.1,2025_12_22,316.8774,328.7736,441.4522,313.6174,302.4141,195.9922,188.3636,343.3388,331.4035,457.5,-3.3979,8.3444,-0.0,0.0001,-0.2206,1.5618,-0.2123,1.5579,0.6717,177.4668,178.0127,177.8779,178.1973,177.8887,0.8022,0.6898,0.8123,0.6945,0.6898,0.7793,0.668,0.7767,0.6507,0.6507,0.7811,0.7628,0.7522,0.7376,0.7376,0.7524,0.6878,0.7298,0,0.6878,0,0,0,0,0,v1.0.1,2025_12_22,316.9245,328.8679,442.2832,313.5487,302.2857,195.1349,187.5,343.5,331.4211,458.3421,-3.4171,8.3787,-0.0,0.0001,-0.2211,1.5613,-0.2121,1.5588,0.6717,146.8965,140.5615,141.8955,144.791,143.5361,0.6671,0.5959,0.6779,0.6037,0.5959,0.635,0.5847,0.6439,0.5653,0.5653,0.6253,0.6309,0.6354,0.6167,0.6167,0.6114,0.5595,0.5759,0.4,0.4,0,0,0,0,0,0.0002,-0.0531,0.0085,-0.053,-0.047,-0.0075,-0.0246,-0.0083,-0.0456,-0.0356,0.0022,0.0129,0.0057,0.0024,-0.0344,-0.0018,-0.0665,-0.0644,0.0079,0.0068,-0.0054,-0.0153,0.0149,-0.0298,-0.0132,0.0109,-0.0184,-0.0013,-0.0206,-0.0108,-0.0112,-0.0171,0.0052,-0.0035,-0.0212,0.001,-0.0349,-0.0112,0.0103,0.0322,0.0158,-0.1199,0.0121,-0.1167,-0.0966,0.0125,-0.0857,0.0158,-0.128,-0.103,0.0303,0.0083,0.018,0.0098,0.0009,-0.0044,0.015,-0.0524,0.0109,-0.0686,-0.0524,-0.006,-0.0573,0.0134,-0.0769,-0.0652,-0.0044,-0.0034,-0.0001,0.002,0.002,0.005,-0.0076,True,True
DTC_L_119,LanSi,1,CW_01,A,2026-03-24 15:42:39+08:00,ONLINE,False,,CW_1_01,PASS,,,51.9888803,_2026032415423958102,T20260324154239,DESKTOP-P2DUL42,Loma,1,CW_1_01,2,paul di,2024.0718.155524,V20260126.2,CW_DTCL_DTCR_STC,T20260324154331,51.9888803,True,True,True,True,True,True,True,4S2RND2HBL06DS,v1.0.1,2025_12_22,314.1029,322.9118,474.4058,302.5,294.8079,151.7616,148.4564,342.4832,333.3897,488.8235,-6.4674,2.196,-0.0001,0.0,-0.2261,1.558,-0.2171,1.5546,0.6673,153.8555,149.6436,147.7344,153.1543,151.0969,0.8215,0.7938,0.8418,0.7884,0.7884,0.7823,0.7603,0.7859,0.7358,0.7358,0.8152,0.7963,0.8143,0.7781,0.7555,0.7025,0.7487,0.6753,0.6753,0.8217,0.98,0.8242,0.8438,0.8217,0.8362,0.7871,0.7517,0.8193,0.829,0.8079,0.777,0.7757,0.7517,0,0,0,0,0,v1.0.1,2025_12_22,314.1277,323,475.5072,302.3768,294.7171,150.7105,147.3072,342.6601,333.6957,489.8333,-6.429,2.2162,-0.0001,0.0,-0.2266,1.5581,-0.2168,1.5535,0.6671,160.9531,156.3994,162.333,162.0889,160.4436,0.674,0.6828,0.7009,0.6998,0.674,0.6567,0.6455,0.6454,0.6425,0.6425,0.6435,0.6477,0.6583,0.6254,0.6315,0.6189,0.6313,0.6033,0.6033,0.6764,0.5124,0.685,0.6872,0.5124,0.6604,0.6558,0.6386,0.6728,0.6892,0.6853,0.6671,0.642,0.6386,0,0,0,0,0,v1.0.1,2025_12_22,312.5524,315.1238,437.7207,300.955,298.7213,184.1475,184.395,329.605,326.6207,445.3621,-7.498,-4.4613,-0.0001,-0.0,-0.2122,1.5651,-0.212,1.5627,0.6759,175.2949,174.083,172.0117,174.4941,173.9709,0.778,0.6881,0.8,0.6677,0.6677,0.7457,0.6586,0.7483,0.6537,0.6537,0.7738,0.7587,0.7492,0.7064,0.7064,0.7319,0,0.7123,0.7186,0.7123,0,0,0,0,0,v1.0.1,2025_12_22,312.5048,315.0571,438.531,300.7788,298.5932,183.5,183.4333,329.675,326.7797,446.1525,-7.5316,-4.4673,-0.0001,-0.0,-0.2123,1.5649,-0.2123,1.5618,0.6755,148.0605,142.5107,141.7686,145.3291,144.4172,0.6575,0.5872,0.6808,0.5942,0.5872,0.6379,0.5647,0.6259,0.5708,0.5647,0.6299,0.629,0.6367,0.6141,0.6141,0.5909,0.5271,0.5803,0.5783,0.5271,0,0,0,0,0,-0.0029,-0.0717,0.0008,-0.0332,-0.0332,-0.0026,-0.066,-0.0181,-0.0324,-0.0324,0.0059,-0.014,0.0065,0.0109,-0.069,-0.0951,-0.0355,-0.0822,0.0111,0.0112,-0.0071,-0.0304,0.0065,-0.0156,-0.0071,-0.0129,-0.0385,-0.0121,-0.0242,-0.015,-0.0051,-0.0132,-0.0073,-0.0164,-0.0397,-0.0428,-0.0254,-0.0277,-0.0042,0.0077,-0.0011,-0.122,0.0045,-0.1258,-0.1114,0.0114,-0.1182,-0.0011,-0.0902,-0.0806,0.0127,-0.0015,0.0056,0.0201,0.0057,-0.005,0.0025,-0.0901,0.0158,-0.0811,-0.0678,0.0017,-0.0829,0.0036,-0.0878,-0.0576,-0.0013,-0.0021,0.0009,0.0092,0.0092,0.0157,0.014,True,True
DTC_R_119,LanSi,1,CW_01,A,2026-03-24 15:42:39+08:00,ONLINE,False,,CW_1_01,PASS,,,51.7834295,_2026032415423978301,T20260324154239,DESKTOP-P2DUL42,Loma,1,CW_1_01,1,paul di,2024.0718.155524,V20260126.2,CW_DTCL_DTCR_STC,T20260324154331,51.7834295,True,True,True,True,True,True,True,4S2RND2HBL0DP6,v1.0.1,2025_12_22,315,317.2721,474.9118,297.5,295.2828,147.6138,149.3072,337.6601,335.1915,485.3121,-5.5614,-2.4284,-0.0001,-0.0,-0.2225,1.5546,-0.2219,1.5507,0.6652,156.1377,153.2197,152.6143,155.7725,154.436,0.8687,0.8225,0.8665,0.8307,0.8225,0.8261,0.7724,0.8116,0.7687,0.7687,0.8108,0.8236,0.814,0.8111,0.7429,0.7583,0.7224,0.7518,0.7224,0.834,0.7973,0.814,0.98,0.7973,0.8335,0.769,0.7898,0.8249,0.8062,0.8261,0.8083,0.8464,0.769,0,0,0,0,0,v1.0.1,2025_12_22,314.9214,317.1857,476,297.1357,295.2109,146.6667,148.1419,337.7635,335.3357,486.2867,-5.578,-2.4923,-0.0001,-0.0,-0.2233,1.5552,-0.2222,1.5501,0.6649,163.1885,157.8291,166.5449,165.5391,163.2754,0.7045,0.6932,0.708,0.6944,0.6932,0.6812,0.6615,0.6653,0.656,0.656,0.6477,0.6583,0.6515,0.6706,0.6286,0.6522,0.5916,0.6299,0.5916,0.6877,0.656,0.6601,0.3766,0.3766,0.6343,0.6461,0.6655,0.6726,0.6555,0.6937,0.6469,0.6834,0.6343,0,0,0,0,0,v1.0.1,2025_12_22,316.9151,328.6698,441.4779,313.5487,302.4567,195.8819,188.377,343.1885,331.4298,457.4386,-3.3687,8.2455,-0.0,0.0001,-0.2203,1.5618,-0.212,1.558,0.6719,177.1885,176.7041,176.5059,178.0498,177.1121,0.8066,0.6929,0.8224,0.7051,0.6929,0.7745,0.6668,0.7625,0.646,0.646,0.7667,0.7739,0.7528,0.733,0.733,0.7508,0.6852,0.7415,0,0.6852,0,0,0,0,0,v1.0.1,2025_12_22,316.9151,328.6698,442.4052,313.5,302.315,195.0945,187.4622,343.3697,331.4513,458.3894,-3.3903,8.3047,-0.0,0.0001,-0.2198,1.5614,-0.2126,1.5587,0.6719,148.4277,143.5029,145.1133,146.0439,145.772,0.6674,0.592,0.6784,0.615,0.592,0.6312,0.584,0.6449,0.5649,0.5649,0.617,0.6401,0.6209,0.6294,0.617,0.581,0.5527,0.5642,0.4559,0.4559,0,0,0,0,0,0.0051,-0.0518,0.0004,-0.0389,-0.0411,-0.0018,-0.0382,-0.0129,-0.0519,-0.0419,-0.0063,0.0136,0.0054,0.0038,-0.0646,-0.0534,-0.074,-0.0703,-0.0055,0.0124,-0.0049,-0.0183,-0.0017,-0.0349,-0.0162,0.0081,-0.0197,0.0011,-0.018,-0.0082,-0.0109,0.0002,-0.0071,0.0016,-0.0285,-0.0106,-0.0391,-0.0121,0.0099,0.0078,0.0202,-0.1168,0.0222,-0.1061,-0.0935,0.0077,-0.0869,0.0016,-0.1327,-0.1077,0.0159,0.0194,0.0186,0.0052,-0.0007,0.0073,0.0153,-0.0563,0.0114,-0.0573,-0.0563,-0.0098,-0.058,0.0144,-0.0773,-0.0656,-0.0127,0.0058,-0.0146,0.0147,0.0023,-0.0254,-0.0193,True,True
DTC_R_120,LanSi,1,CW_01,B,2026-03-24 15:44:11+08:00,ONLINE,False,,CW_1_01,PASS,,,52.0271471,_2026032415441118201,T20260324154411,DESKTOP-P2DUL42,Loma,1,CW_1_01,1,paul di,2024.0718.155524,V20260126.2,CW_DTCL_DTCR_STC,T20260324154503,52.0271471,True,True,True,True,True,True,True,4S2RND2HBL0DP6,v1.0.1,2025_12_22,315.3037,317.0815,475.6397,297.4559,295.7397,148.6918,149.4211,337.2105,336.0405,486.0203,-5.0711,-2.208,-0.0001,-0.0,-0.2213,1.5546,-0.2202,1.5481,0.6653,154.7227,151.9629,151.9287,153.9111,153.1313,0.8634,0.7722,0.8331,0.7875,0.7722,0.8085,0.7325,0.8291,0.7742,0.7325,0.8045,0.8233,0.8146,0.8056,0.7161,0.7122,0.7899,0.7782,0.7122,0.8463,0.8083,0.7972,0.1591,0.1591,0.8405,0.7706,0.7445,0.831,0.786,0.714,0.8472,0.839,0.714,0,0,0,0,0,v1.0.1,2025_12_22,315.2086,317.0432,476.7464,297.3551,295.4392,147.7027,148.2333,337.3467,336.1589,487.1656,-5.1427,-2.1774,-0.0001,-0.0,-0.2208,1.5541,-0.2205,1.5477,0.6651,163.1104,156.9863,165.582,165.3389,162.7544,0.7126,0.6596,0.6691,0.6729,0.6596,0.6919,0.6291,0.6723,0.6579,0.6291,0.644,0.6518,0.6394,0.6576,0.6183,0.6181,0.6302,0.6383,0.6181,0.6767,0.6582,0.65,0.1344,0.1344,0.6523,0.6457,0.6414,0.6786,0.6491,0.5764,0.6303,0.6698,0.5764,0,0,0,0,0,v1.0.1,2025_12_22,317.0476,328.3714,442.0818,313.4273,302.6098,196.813,188.5,342.5,331.9569,457.1293,-3.0608,8.1482,-0.0,0.0001,-0.2184,1.561,-0.209,1.555,0.6721,176.8633,176.7744,176.7861,177.4521,176.969,0.798,0.6288,0.7869,0.6577,0.6288,0.7728,0.5986,0.7748,0.6763,0.5986,0.7803,0.7637,0.7376,0.7444,0.7376,0.7559,0.6573,0.7314,0,0.6573,0,0,0,0,0,v1.0.1,2025_12_22,317.0377,328.5,442.8393,313.4107,302.48,195.952,187.5378,342.6303,332.0172,458.0517,-3.1176,8.2089,-0.0,0.0001,-0.2189,1.5609,-0.2082,1.5552,0.6723,148.3057,142.4326,144.1152,145.9639,145.2043,0.6671,0.5586,0.6315,0.5771,0.5586,0.6396,0.5392,0.6427,0.5882,0.5392,0.6461,0.6382,0.6328,0.6425,0.6328,0.5969,0.5397,0.5833,0.2872,0.2872,0,0,0,0,0,-0.0002,-0.1021,-0.033,-0.0821,-0.0914,-0.0194,-0.0781,0.0046,-0.0464,-0.0781,-0.0126,0.0133,0.006,-0.0017,-0.0914,-0.0995,-0.0065,-0.0439,0.0068,-0.0044,0.0032,-0.0519,-0.0406,-0.0564,-0.0498,0.0188,-0.0521,0.0081,-0.0161,-0.0351,-0.0146,-0.0063,-0.0192,-0.0114,-0.0388,-0.0447,-0.0005,-0.0037,-0.0011,-0.0023,0.0116,-0.1809,-0.0133,-0.1535,-0.1576,0.006,-0.1551,0.0139,-0.1024,-0.1551,0.0295,0.0092,0.0034,0.0166,0.0044,-0.0028,0.015,-0.0897,-0.0355,-0.0952,-0.0897,-0.0014,-0.1028,0.0122,-0.054,-0.0913,0.0164,0.0039,-0.0027,0.0278,0.0181,-0.0095,-0.0002,True,True
DTC_L_120,LanSi,1,CW_01,B,2026-03-24 15:44:11+08:00,ONLINE,False,,CW_1_01,PASS,,,52.0281418,_2026032415441118102,T20260324154411,DESKTOP-P2DUL42,Loma,1,CW_1_01,2,paul di,2024.0718.155524,V20260126.2,CW_DTCL_DTCR_STC,T20260324154503,52.0281418,True,True,True,True,True,True,True,4S2RND2HBL06DS,v1.0.1,2025_12_22,314.403,322.9925,474.306,302.2836,294.8456,151.7383,148.3907,342.755,333.4511,489,-6.4207,2.2539,-0.0001,0.0,-0.2283,1.5566,-0.218,1.556,0.6666,154.96,150.8389,149.3936,154.2041,152.3491,0.8239,0.7898,0.8234,0.7749,0.7749,0.7754,0.7489,0.8091,0.7327,0.7327,0.8229,0.8097,0.7923,0.7649,0.7376,0.727,0.7614,0.6984,0.6984,0.8102,0.7641,0.8291,0.8267,0.7641,0.8481,0.7439,0.7362,0.8428,0.8478,0.8272,0.7841,0.7848,0.7362,0,0,0,0,0,v1.0.1,2025_12_22,314.3235,323.0368,475.529,302.3406,294.8067,150.7133,147.2483,342.9799,333.6739,490.0362,-6.3837,2.3214,-0.0001,0.0,-0.2272,1.5575,-0.2183,1.5549,0.6667,161.5459,156.6045,163.3369,162.6553,161.0356,0.6746,0.665,0.6908,0.6795,0.665,0.6587,0.641,0.665,0.6367,0.6367,0.6577,0.6534,0.6483,0.6314,0.6319,0.6109,0.6375,0.6107,0.6107,0.6847,0.59,0.6744,0.6962,0.59,0.647,0.6082,0.6194,0.6842,0.671,0.6858,0.6621,0.6286,0.6082,0,0,0,0,0,v1.0.1,2025_12_22,312.9151,315.3302,437.7207,300.955,298.9576,184.2119,184.4597,329.8306,326.819,445.3362,-7.3256,-4.3672,-0.0001,-0.0,-0.2142,1.5642,-0.2119,1.5637,0.6755,175.3828,173.8789,172.6904,174.6221,174.1436,0.7841,0.6717,0.7976,0.6646,0.6646,0.7403,0.6516,0.7556,0.6219,0.6219,0.7824,0.7729,0.757,0.6777,0.6777,0.7281,0,0.7249,0.7246,0.7246,0,0,0,0,0,v1.0.1,2025_12_22,312.8095,315.2667,438.5,300.7368,298.7627,183.5,183.5887,329.9032,326.8729,446.1695,-7.3932,-4.3848,-0.0001,-0.0,-0.2146,1.5641,-0.2123,1.5633,0.6751,148.2305,142.875,142.6504,145.8467,144.9006,0.6482,0.5806,0.6716,0.5964,0.5806,0.6397,0.5687,0.618,0.5599,0.5599,0.6194,0.6286,0.6399,0.6109,0.6109,0.5877,0.517,0.574,0.5662,0.517,0,0,0,0,0,-0.0005,-0.0757,-0.0176,-0.0467,-0.0467,-0.0095,-0.0774,0.0051,-0.0355,-0.0355,0.0136,-0.0006,-0.0155,-0.0023,-0.0869,-0.0706,-0.0228,-0.0591,-0.0004,0.0161,-0.0065,-0.0482,-0.0036,-0.0359,-0.0161,-0.0109,-0.043,0.0075,-0.03,-0.0208,0.0091,-0.0075,-0.0173,-0.0104,-0.0393,-0.0508,-0.0192,-0.0203,0.0041,-0.0029,0.005,-0.1384,0.0021,-0.1289,-0.1145,0.006,-0.1252,0.0062,-0.122,-0.1124,0.0213,0.0127,0.0134,-0.0086,0.0019,0.0076,-0.0068,-0.0967,0.0066,-0.0789,-0.0744,0.0035,-0.0789,-0.0043,-0.0987,-0.0624,-0.0118,-0.0025,0.0041,0.006,0.006,0.0125,0.0077,True,True
