SerialNumber,CM,Line_ID,TesterName,Appraiser,Time,Test_Mode,Audit_Mode,CONFIG_VER,TestStation,TestResult,TestFailItem,ErrorCode,TestTotalTime,TSRID,Test_StartTime,PCName,Product_Name,LineID,Tester_Name,SlotID,Author,Version,Version_SW,Version_Api,Test_EndTime,TestTotalSeconds,CheckMES,CloseDoor,OpenDTC,Move_SFR,Captrue_SFR,Move_SubSFR,Captrue_SubSFR,CameraSN,sfr_25sfr_version,sfr_25modify_date,SFR_VIS_25cm_P0x,SFR_VIS_25cm_P0y,SFR_VIS_25cm_P1x,SFR_VIS_25cm_P1y,SFR_VIS_25cm_P2x,SFR_VIS_25cm_P2y,SFR_VIS_25cm_P3x,SFR_VIS_25cm_P3y,SFR_VIS_25cm_P4x,SFR_VIS_25cm_P4y,SFR_VIS_25cm_Pointing_OC_X,SFR_VIS_25cm_Pointing_OC_Y,SFR_VIS_25cm_Pan,SFR_VIS_25cm_Tilt,SFR_VIS_25cm_Rotation_P1,SFR_VIS_25cm_Rotation_P2,SFR_VIS_25cm_Rotation_P3,SFR_VIS_25cm_Rotation_P4,SFR_VIS_25cm_Rotation_Mean,SFR_VIS_25cm_Brightness_A,SFR_VIS_25cm_Brightness_B,SFR_VIS_25cm_Brightness_C,SFR_VIS_25cm_Brightness_D,SFR_VIS_25cm_Brightness_Mean,SFR_VIS_25cm_Ny4_01F_ROI1,SFR_VIS_25cm_Ny4_01F_ROI2,SFR_VIS_25cm_Ny4_01F_ROI3,SFR_VIS_25cm_Ny4_01F_ROI4,SFR_VIS_25cm_Ny4_01F_Min,SFR_VIS_25cm_Ny4_03F_ROI5,SFR_VIS_25cm_Ny4_03F_ROI6,SFR_VIS_25cm_Ny4_03F_ROI7,SFR_VIS_25cm_Ny4_03F_ROI8,SFR_VIS_25cm_Ny4_03F_Min,SFR_VIS_25cm_Ny4_06F_ROI9,SFR_VIS_25cm_Ny4_06F_ROI10,SFR_VIS_25cm_Ny4_06F_ROI11,SFR_VIS_25cm_Ny4_06F_ROI12,SFR_VIS_25cm_Ny4_06F_ROI13,SFR_VIS_25cm_Ny4_06F_ROI14,SFR_VIS_25cm_Ny4_06F_ROI15,SFR_VIS_25cm_Ny4_06F_ROI16,SFR_VIS_25cm_Ny4_06F_Min,SFR_VIS_25cm_Ny4_08F_ROI17,SFR_VIS_25cm_Ny4_08F_ROI18,SFR_VIS_25cm_Ny4_08F_ROI19,SFR_VIS_25cm_Ny4_08F_ROI20,SFR_VIS_25cm_Ny4_08FTANF_Min,SFR_VIS_25cm_Ny4_08F_ROI21,SFR_VIS_25cm_Ny4_08F_ROI22,SFR_VIS_25cm_Ny4_08F_ROI23,SFR_VIS_25cm_Ny4_08F_ROI24,SFR_VIS_25cm_Ny4_08F_ROI25,SFR_VIS_25cm_Ny4_08F_ROI26,SFR_VIS_25cm_Ny4_08F_ROI27,SFR_VIS_25cm_Ny4_08F_ROI28,SFR_VIS_25cm_Ny4_08F_Min,SFR_VIS_25cm_Ny4_010F_ROI29,SFR_VIS_25cm_Ny4_010F_ROI30,SFR_VIS_25cm_Ny4_010F_ROI31,SFR_VIS_25cm_Ny4_010F_ROI32,SFR_VIS_25cm_Ny4_010F_Min,IR_sfr_25sfr_version,IR_sfr_25modify_date,IR_SFR_VIS_25cm_P0x,IR_SFR_VIS_25cm_P0y,IR_SFR_VIS_25cm_P1x,IR_SFR_VIS_25cm_P1y,IR_SFR_VIS_25cm_P2x,IR_SFR_VIS_25cm_P2y,IR_SFR_VIS_25cm_P3x,IR_SFR_VIS_25cm_P3y,IR_SFR_VIS_25cm_P4x,IR_SFR_VIS_25cm_P4y,IR_SFR_VIS_25cm_Pointing_OC_X,IR_SFR_VIS_25cm_Pointing_OC_Y,IR_SFR_VIS_25cm_Pan,IR_SFR_VIS_25cm_Tilt,IR_SFR_VIS_25cm_Rotation_P1,IR_SFR_VIS_25cm_Rotation_P2,IR_SFR_VIS_25cm_Rotation_P3,IR_SFR_VIS_25cm_Rotation_P4,IR_SFR_VIS_25cm_Rotation_Mean,IR_SFR_VIS_25cm_Brightness_A,IR_SFR_VIS_25cm_Brightness_B,IR_SFR_VIS_25cm_Brightness_C,IR_SFR_VIS_25cm_Brightness_D,IR_SFR_VIS_25cm_Brightness_Mean,IR_SFR_VIS_25cm_Ny4_01F_ROI1,IR_SFR_VIS_25cm_Ny4_01F_ROI2,IR_SFR_VIS_25cm_Ny4_01F_ROI3,IR_SFR_VIS_25cm_Ny4_01F_ROI4,IR_SFR_VIS_25cm_Ny4_01F_Min,IR_SFR_VIS_25cm_Ny4_03F_ROI5,IR_SFR_VIS_25cm_Ny4_03F_ROI6,IR_SFR_VIS_25cm_Ny4_03F_ROI7,IR_SFR_VIS_25cm_Ny4_03F_ROI8,IR_SFR_VIS_25cm_Ny4_03F_Min,IR_SFR_VIS_25cm_Ny4_06F_ROI9,IR_SFR_VIS_25cm_Ny4_06F_ROI10,IR_SFR_VIS_25cm_Ny4_06F_ROI11,IR_SFR_VIS_25cm_Ny4_06F_ROI12,IR_SFR_VIS_25cm_Ny4_06F_ROI13,IR_SFR_VIS_25cm_Ny4_06F_ROI14,IR_SFR_VIS_25cm_Ny4_06F_ROI15,IR_SFR_VIS_25cm_Ny4_06F_ROI16,IR_SFR_VIS_25cm_Ny4_06F_Min,IR_SFR_VIS_25cm_Ny4_08F_ROI17,IR_SFR_VIS_25cm_Ny4_08F_ROI18,IR_SFR_VIS_25cm_Ny4_08F_ROI19,IR_SFR_VIS_25cm_Ny4_08F_ROI20,IR_SFR_VIS_25cm_Ny4_08FTANF_Min,IR_SFR_VIS_25cm_Ny4_08F_ROI21,IR_SFR_VIS_25cm_Ny4_08F_ROI22,IR_SFR_VIS_25cm_Ny4_08F_ROI23,IR_SFR_VIS_25cm_Ny4_08F_ROI24,IR_SFR_VIS_25cm_Ny4_08F_ROI25,IR_SFR_VIS_25cm_Ny4_08F_ROI26,IR_SFR_VIS_25cm_Ny4_08F_ROI27,IR_SFR_VIS_25cm_Ny4_08F_ROI28,IR_SFR_VIS_25cm_Ny4_08F_Min,IR_SFR_VIS_25cm_Ny4_010F_ROI29,IR_SFR_VIS_25cm_Ny4_010F_ROI30,IR_SFR_VIS_25cm_Ny4_010F_ROI31,IR_SFR_VIS_25cm_Ny4_010F_ROI32,IR_SFR_VIS_25cm_Ny4_010F_Min,sfr_4sfr_version,sfr_4modify_date,SFR_VIS_4cm_P0x,SFR_VIS_4cm_P0y,SFR_VIS_4cm_P1x,SFR_VIS_4cm_P1y,SFR_VIS_4cm_P2x,SFR_VIS_4cm_P2y,SFR_VIS_4cm_P3x,SFR_VIS_4cm_P3y,SFR_VIS_4cm_P4x,SFR_VIS_4cm_P4y,SFR_VIS_4cm_Pointing_OC_X,SFR_VIS_4cm_Pointing_OC_Y,SFR_VIS_4cm_Pan,SFR_VIS_4cm_Tilt,SFR_VIS_4cm_Rotation_P1,SFR_VIS_4cm_Rotation_P2,SFR_VIS_4cm_Rotation_P3,SFR_VIS_4cm_Rotation_P4,SFR_VIS_4cm_Rotation_Mean,SFR_VIS_4cm_Brightness_A,SFR_VIS_4cm_Brightness_B,SFR_VIS_4cm_Brightness_C,SFR_VIS_4cm_Brightness_D,SFR_VIS_4cm_Brightness_Mean,SFR_VIS_4cm_Ny4_01F_ROI1,SFR_VIS_4cm_Ny4_01F_ROI2,SFR_VIS_4cm_Ny4_01F_ROI3,SFR_VIS_4cm_Ny4_01F_ROI4,SFR_VIS_4cm_Ny4_01F_Min,SFR_VIS_4cm_Ny4_03F_ROI5,SFR_VIS_4cm_Ny4_03F_ROI6,SFR_VIS_4cm_Ny4_03F_ROI7,SFR_VIS_4cm_Ny4_03F_ROI8,SFR_VIS_4cm_Ny4_03F_Min,SFR_VIS_4cm_Ny4_06F_ROI9,SFR_VIS_4cm_Ny4_06F_ROI10,SFR_VIS_4cm_Ny4_06F_ROI11,SFR_VIS_4cm_Ny4_06F_ROI12,SFR_VIS_4cm_Ny4_06F_Min,SFR_VIS_4cm_Ny4_08F_ROI13,SFR_VIS_4cm_Ny4_08F_ROI14,SFR_VIS_4cm_Ny4_08F_ROI15,SFR_VIS_4cm_Ny4_08F_ROI16,SFR_VIS_4cm_Ny4_08F_Min,SFR_VIS_4cm_Ny4_010F_ROI17,SFR_VIS_4cm_Ny4_010F_ROI18,SFR_VIS_4cm_Ny4_010F_ROI19,SFR_VIS_4cm_Ny4_010F_ROI20,SFR_VIS_4cm_Ny4_010F_Min,IR_sfr_4sfr_version,IR_sfr_4modify_date,IR_SFR_VIS_4cm_P0x,IR_SFR_VIS_4cm_P0y,IR_SFR_VIS_4cm_P1x,IR_SFR_VIS_4cm_P1y,IR_SFR_VIS_4cm_P2x,IR_SFR_VIS_4cm_P2y,IR_SFR_VIS_4cm_P3x,IR_SFR_VIS_4cm_P3y,IR_SFR_VIS_4cm_P4x,IR_SFR_VIS_4cm_P4y,IR_SFR_VIS_4cm_Pointing_OC_X,IR_SFR_VIS_4cm_Pointing_OC_Y,IR_SFR_VIS_4cm_Pan,IR_SFR_VIS_4cm_Tilt,IR_SFR_VIS_4cm_Rotation_P1,IR_SFR_VIS_4cm_Rotation_P2,IR_SFR_VIS_4cm_Rotation_P3,IR_SFR_VIS_4cm_Rotation_P4,IR_SFR_VIS_4cm_Rotation_Mean,IR_SFR_VIS_4cm_Brightness_A,IR_SFR_VIS_4cm_Brightness_B,IR_SFR_VIS_4cm_Brightness_C,IR_SFR_VIS_4cm_Brightness_D,IR_SFR_VIS_4cm_Brightness_Mean,IR_SFR_VIS_4cm_Ny4_01F_ROI1,IR_SFR_VIS_4cm_Ny4_01F_ROI2,IR_SFR_VIS_4cm_Ny4_01F_ROI3,IR_SFR_VIS_4cm_Ny4_01F_ROI4,IR_SFR_VIS_4cm_Ny4_01F_Min,IR_SFR_VIS_4cm_Ny4_03F_ROI5,IR_SFR_VIS_4cm_Ny4_03F_ROI6,IR_SFR_VIS_4cm_Ny4_03F_ROI7,IR_SFR_VIS_4cm_Ny4_03F_ROI8,IR_SFR_VIS_4cm_Ny4_03F_Min,IR_SFR_VIS_4cm_Ny4_06F_ROI9,IR_SFR_VIS_4cm_Ny4_06F_ROI10,IR_SFR_VIS_4cm_Ny4_06F_ROI11,IR_SFR_VIS_4cm_Ny4_06F_ROI12,IR_SFR_VIS_4cm_Ny4_06F_Min,IR_SFR_VIS_4cm_Ny4_08F_ROI13,IR_SFR_VIS_4cm_Ny4_08F_ROI14,IR_SFR_VIS_4cm_Ny4_08F_ROI15,IR_SFR_VIS_4cm_Ny4_08F_ROI16,IR_SFR_VIS_4cm_Ny4_08F_Min,IR_SFR_VIS_4cm_Ny4_010F_ROI17,IR_SFR_VIS_4cm_Ny4_010F_ROI18,IR_SFR_VIS_4cm_Ny4_010F_ROI19,IR_SFR_VIS_4cm_Ny4_010F_ROI20,IR_SFR_VIS_4cm_Ny4_010F_Min,SFR_VIS_25cm_Ny4_01F_ROI1_Dev,SFR_VIS_25cm_Ny4_01F_ROI2_Dev,SFR_VIS_25cm_Ny4_01F_ROI3_Dev,SFR_VIS_25cm_Ny4_01F_ROI4_Dev,SFR_VIS_25cm_Ny4_01F_Min_Dev,SFR_VIS_25cm_Ny4_03F_ROI5_Dev,SFR_VIS_25cm_Ny4_03F_ROI6_Dev,SFR_VIS_25cm_Ny4_03F_ROI7_Dev,SFR_VIS_25cm_Ny4_03F_ROI8_Dev,SFR_VIS_25cm_Ny4_03F_Min_Dev,SFR_VIS_25cm_Ny4_06F_ROI9_Dev,SFR_VIS_25cm_Ny4_06F_ROI10_Dev,SFR_VIS_25cm_Ny4_06F_ROI11_Dev,SFR_VIS_25cm_Ny4_06F_ROI12_Dev,SFR_VIS_25cm_Ny4_06F_ROI13_Dev,SFR_VIS_25cm_Ny4_06F_ROI14_Dev,SFR_VIS_25cm_Ny4_06F_ROI15_Dev,SFR_VIS_25cm_Ny4_06F_ROI16_Dev,SFR_VIS_25cm_Ny4_08F_ROI17_Dev,SFR_VIS_25cm_Ny4_08F_ROI19_Dev,IR_SFR_VIS_25cm_Ny4_01F_ROI1_Dev,IR_SFR_VIS_25cm_Ny4_01F_ROI2_Dev,IR_SFR_VIS_25cm_Ny4_01F_ROI3_Dev,IR_SFR_VIS_25cm_Ny4_01F_ROI4_Dev,IR_SFR_VIS_25cm_Ny4_01F_Min_Dev,IR_SFR_VIS_25cm_Ny4_03F_ROI5_Dev,IR_SFR_VIS_25cm_Ny4_03F_ROI6_Dev,IR_SFR_VIS_25cm_Ny4_03F_ROI7_Dev,IR_SFR_VIS_25cm_Ny4_03F_ROI8_Dev,IR_SFR_VIS_25cm_Ny4_03F_Min_Dev,IR_SFR_VIS_25cm_Ny4_06F_ROI9_Dev,IR_SFR_VIS_25cm_Ny4_06F_ROI10_Dev,IR_SFR_VIS_25cm_Ny4_06F_ROI11_Dev,IR_SFR_VIS_25cm_Ny4_06F_ROI12_Dev,IR_SFR_VIS_25cm_Ny4_06F_ROI13_Dev,IR_SFR_VIS_25cm_Ny4_06F_ROI14_Dev,IR_SFR_VIS_25cm_Ny4_06F_ROI15_Dev,IR_SFR_VIS_25cm_Ny4_06F_ROI16_Dev,IR_SFR_VIS_25cm_Ny4_08F_ROI17_Dev,IR_SFR_VIS_25cm_Ny4_08F_ROI19_Dev,SFR_VIS_4cm_Ny4_01F_ROI1_Dev,SFR_VIS_4cm_Ny4_01F_ROI2_Dev,SFR_VIS_4cm_Ny4_01F_ROI3_Dev,SFR_VIS_4cm_Ny4_01F_ROI4_Dev,SFR_VIS_4cm_Ny4_01F_Min_Dev,SFR_VIS_4cm_Ny4_03F_ROI5_Dev,SFR_VIS_4cm_Ny4_03F_ROI6_Dev,SFR_VIS_4cm_Ny4_03F_ROI7_Dev,SFR_VIS_4cm_Ny4_03F_ROI8_Dev,SFR_VIS_4cm_Ny4_03F_Min_Dev,SFR_VIS_4cm_Ny4_06F_ROI9_Dev,SFR_VIS_4cm_Ny4_06F_ROI10_Dev,SFR_VIS_4cm_Ny4_06F_ROI11_Dev,SFR_VIS_4cm_Ny4_06F_ROI12_Dev,SFR_VIS_4cm_Ny4_08F_ROI13_Dev,SFR_VIS_4cm_Ny4_08F_ROI15_Dev,IR_SFR_VIS_4cm_Ny4_01F_ROI1_Dev,IR_SFR_VIS_4cm_Ny4_01F_ROI2_Dev,IR_SFR_VIS_4cm_Ny4_01F_ROI3_Dev,IR_SFR_VIS_4cm_Ny4_01F_ROI4_Dev,IR_SFR_VIS_4cm_Ny4_01F_Min_Dev,IR_SFR_VIS_4cm_Ny4_03F_ROI5_Dev,IR_SFR_VIS_4cm_Ny4_03F_ROI6_Dev,IR_SFR_VIS_4cm_Ny4_03F_ROI7_Dev,IR_SFR_VIS_4cm_Ny4_03F_ROI8_Dev,IR_SFR_VIS_4cm_Ny4_03F_Min_Dev,IR_SFR_VIS_4cm_Ny4_06F_ROI9_Dev,IR_SFR_VIS_4cm_Ny4_06F_ROI10_Dev,IR_SFR_VIS_4cm_Ny4_06F_ROI11_Dev,IR_SFR_VIS_4cm_Ny4_06F_ROI12_Dev,IR_SFR_VIS_4cm_Ny4_06F_Min_Dev,IR_SFR_VIS_4cm_Ny4_08F_ROI13_Dev,IR_SFR_VIS_4cm_Ny4_08F_ROI15_Dev,FixtureHome,OpenDoor
Lower Limit ----->,,,,,,,,,,,,,,,,,,,,,,,,,,,TRUE,TRUE,TRUE,TRUE,TRUE,TRUE,TRUE,,,,,,,,,,,,,,,,,,,,,,,,,,,,0.68,0.68,0.68,0.68,0.68,0.67,0.67,0.67,0.67,0.67,0.66,0.66,0.66,0.66,0.66,0.66,0.66,0.66,0.66,0.66,,0.66,,,,,,,,,,,,,,,,,,,,,,,,,,,,,,,,,,,,,,,,,,,0.59,0.59,0.59,0.59,0.59,0.57,0.57,0.57,0.57,0.57,0.56,0.56,0.56,0.56,0.56,0.56,0.56,0.56,0.56,0.55,,0.55,,,,,,,,,,,,,,,,,,,,,,,,,,,,,,,,,,,,,,,,,,,,,,,,,,,,,,,,,,,,,,,,,,,,,,,,,,,,,,,,,,,,,,,,,,,,,,,,,,,,,,,,,,,,,,,,,,,,,,,-0.12,-0.12,-0.12,-0.12,-0.12,-0.12,-0.12,-0.12,-0.12,-0.12,-0.12,-0.12,-0.12,-0.12,-0.18,-0.18,-0.18,-0.18,-0.18,-0.18,-0.12,-0.12,-0.12,-0.12,-0.12,-0.12,-0.12,-0.12,-0.12,-0.12,-0.12,-0.12,-0.12,-0.12,-0.18,-0.18,-0.18,-0.18,-0.18,-0.18,,,,,,,,,,,,,,,,,,,,,,,,,,,,,,,,,,TRUE,TRUE
Upper Limit ----->,,,,,,,,,,,,,,,,,,,,,,,,,,,,,,,,,,,,,,,,,,,,,,,,,,,,,,,,,,,,,0.9,0.9,0.9,0.9,0.9,0.9,0.9,0.9,0.9,0.9,0.9,0.9,0.9,0.9,0.9,0.9,0.9,0.9,0.9,0.9,,0.9,,,,,,,,,,,,,,,,,,,,,,,,,,,,,,,,,,,,,,,,,,,0.9,0.9,0.9,0.9,0.9,0.9,0.9,0.9,0.9,0.9,0.9,0.9,0.9,0.9,0.9,0.9,0.9,0.9,0.9,0.9,,0.9,,,,,,,,,,,,,,,,,,,,,,,,,,,,,,,,,,,,,,,,,,,,,,,,,,,,,,,,,,,,,,,,,,,,,,,,,,,,,,,,,,,,,,,,,,,,,,,,,,,,,,,,,,,,,,,,,,,,,,,0.1,0.1,0.1,0.1,0.1,0.1,0.1,0.1,0.1,0.1,0.1,0.1,0.1,0.1,0.1,0.1,0.1,0.1,0.1,0.1,0.1,0.1,0.1,0.1,0.1,0.1,0.1,0.1,0.1,0.1,0.1,0.1,0.1,0.1,0.1,0.1,0.1,0.1,0.1,0.1,,,,,,,,,,,,,,,,,,,,,,,,,,,,,,,,,,,
Unit,,,,,,,,,,,,,,,,,,,,,,,,,,,,,,,,,,,,,,,,,,,,,,,,,,,,,,,,,,,,,,,,,,,,,,,,,,,,,,,,,,,,,,,,,,,,,,,,,,,,,,,,,,,,,,,,,,,,,,,,,,,,,,,,,,,,,,,,,,,,,,,,,,,,,,,,,,,,,,,,,,,,,,,,,,,,,,,,,,,,,,,,,,,,,,,,,,,,,,,,,,,,,,,,,,,,,,,,,,,,,,,,,,,,,,,,,,,,,,,,,,,,,,,,,,,,,,,,,,,,,,,,,,,,,,,,,,,,,,,,,,,,,,,,,,,,,,,,,,,,,,,,,,,,,,,,,,,,,,,,,,,,,,,,,,,,,,,,,,,
DTC_R_1,LanSi,1,CW_01,B,2026-04-03 11:49:45+08:00,ONLINE,FALSE,,CW_1_01,PASS,,,51.5994898,_2026040311494557801,T20260403114945,DESKTOP-P2DUL42,Loma,1,CW_1_01,1,paul di,2024.0718.155524,V20260126.2,CW_DTCL_DTCR_STC,T20260403115037,51.5994898,TRUE,TRUE,TRUE,TRUE,TRUE,TRUE,TRUE,4S2RND2HBL0DP6,v1.0.1,2025_12_22,315.1926,316.8074,475.1691,297.2353,295.7172,148.4759,149.4211,336.7895,335.7034,483.6621,-5.2593,-2.906,-0.0001,0,-0.2212,1.5551,-0.2194,1.548,0.6656,157.7285,153.4385,154.8936,157.5049,155.8914,0.8652,0.8057,0.8788,0.7932,0.7932,0.8164,0.7556,0.8203,0.7483,0.7483,0.8151,0.8164,0.7966,0.8225,0.7271,0.7176,0.7765,0.7469,0.7176,0.8252,0.8086,0.8046,0.98,0.8046,0.837,0.7788,0.7904,0.8181,0.7743,0.6691,0.813,0.8605,0.6691,0,0,0,0,0,v1.0.1,2025_12_22,315.1533,316.8102,476.1533,297.1898,295.5436,147.4899,148.1233,336.9452,335.8411,484.8344,-5.3371,-2.8461,-0.0001,0,-0.2208,1.555,-0.2195,1.5478,0.6656,165.4902,157.6719,167.9766,167.8936,164.7581,0.6949,0.668,0.7094,0.6785,0.668,0.6869,0.6399,0.6708,0.6337,0.6337,0.6495,0.6413,0.6568,0.6566,0.6244,0.636,0.6282,0.6309,0.6244,0.6841,0.6528,0.6441,0.0429,0.0429,0.6452,0.6449,0.656,0.6703,0.6516,0.6121,0.6184,0.6604,0.6121,0,0,0,0,0,v1.0.1,2025_12_22,317.6881,328.2752,442.1875,313.4286,303.1613,196.3226,188.7377,342.4098,332,455.5818,-2.7451,7.7036,0,0.0001,-0.2182,1.5606,-0.2087,1.5583,0.673,177.5215,175.8564,177.6182,178.6533,177.4124,0.815,0.6591,0.8233,0.6412,0.6412,0.7775,0.6506,0.7874,0.6445,0.6445,0.7685,0.7728,0.7736,0.7606,0.7606,0.7586,0.6829,0.7243,0,0.6829,0,0,0,0,0,v1.0.1,2025_12_22,317.6789,328.367,442.9817,313.367,303.0081,195.6911,187.9098,342.541,332.0727,456.5,-2.7698,7.7932,0,0.0001,-0.2186,1.5602,-0.2083,1.5584,0.6729,148.9766,141.415,144.9863,146.7637,145.5354,0.6682,0.5765,0.6828,0.5672,0.5672,0.6394,0.5731,0.6431,0.5633,0.5633,0.6392,0.6514,0.6413,0.6263,0.6263,0.5965,0.5576,0.5835,0.3743,0.3743,0,0,0,0,0,-0.0057,-0.0768,0.0042,-0.079,-0.0777,-0.0136,-0.0586,0.0045,-0.093,-0.0659,-0.0115,0.0032,-0.015,0.005,-0.091,-0.0994,-0.0236,-0.093,-0.0173,0.0064,-0.0184,-0.0469,0.001,-0.0355,-0.0404,0.0008,-0.0375,-0.0023,-0.0536,-0.0394,0.0062,-0.0029,-0.0005,-0.0119,-0.0247,-0.0244,-0.0094,-0.0104,-0.0065,-0.0105,0.0006,-0.176,0.0131,-0.189,-0.169,-0.0043,-0.1322,0.0131,-0.1318,-0.1298,-0.0034,-0.0037,0.0122,0.0128,0.0123,-0.0056,-0.0048,-0.0924,0.0101,-0.1168,-0.1017,-0.0102,-0.0816,-0.007,-0.0846,-0.0846,0.0045,0.0085,-0.0083,-0.0068,-0.0068,-0.0024,0.011,TRUE,TRUE
DTC_L_1,LanSi,1,CW_01,B,2026-04-03 11:49:45+08:00,ONLINE,FALSE,,CW_1_01,PASS,,,51.3900501,_2026040311494578902,T20260403114945,DESKTOP-P2DUL42,Loma,1,CW_1_01,2,paul di,2024.0718.155524,V20260126.2,CW_DTCL_DTCR_STC,T20260403115037,51.3900501,TRUE,TRUE,TRUE,TRUE,TRUE,TRUE,TRUE,4S2RND2HBL06DS,v1.0.1,2025_12_22,314.1522,323.7609,474.1679,303.2847,294.8543,151.8344,148.3377,343.7219,333.6691,490.6115,-6.4638,3.1427,-0.0001,0,-0.2268,1.5585,-0.2193,1.5538,0.6666,156.5205,152.0361,150.5225,156.0293,153.7771,0.8213,0.797,0.8254,0.7951,0.7951,0.7768,0.7515,0.7898,0.7336,0.7336,0.8223,0.8045,0.8274,0.7683,0.7513,0.757,0.7791,0.6956,0.6956,0.8091,0.7096,0.829,0.8467,0.7096,0.8505,0.7714,0.7347,0.8265,0.8164,0.8223,0.8065,0.7903,0.7347,0,0,0,0,0,v1.0.1,2025_12_22,314.1533,323.8102,475.2774,303.1533,294.8591,150.8322,147.2933,343.9067,333.7361,491.5694,-6.4362,3.1544,-0.0001,0,-0.227,1.5592,-0.2193,1.5541,0.6667,164.7324,159.7432,166.5615,165.7217,164.1897,0.6803,0.6734,0.6947,0.7018,0.6734,0.6692,0.628,0.6325,0.6441,0.628,0.6426,0.655,0.6397,0.6312,0.6287,0.6393,0.6444,0.6208,0.6208,0.6663,0.5578,0.6633,0.6754,0.5578,0.6448,0.6438,0.6144,0.6604,0.6783,0.6808,0.6776,0.6156,0.6144,0,0,0,0,0,v1.0.1,2025_12_22,313.0294,315.951,438.0182,301.7636,299.1167,184.7417,184.6333,330.65,327.1368,446.7778,-7.1131,-3.5232,-0.0001,0,-0.2125,1.5646,-0.2135,1.5629,0.6754,175.6436,174.2363,173.2129,175.7803,174.7183,0.7903,0.7006,0.8027,0.715,0.7006,0.7579,0.644,0.7509,0.6546,0.644,0.7787,0.7738,0.7744,0.7047,0.7047,0.7171,0,0.7392,0.7234,0.7171,0,0,0,0,0,v1.0.1,2025_12_22,313,315.8462,438.687,301.513,298.9661,183.8559,183.7623,330.7213,327.2821,447.453,-7.1605,-3.6221,-0.0001,0,-0.213,1.5644,-0.2141,1.5622,0.6749,149.1377,143.9229,143.874,147.1006,146.0088,0.6619,0.6021,0.6765,0.6366,0.6021,0.6314,0.5522,0.6213,0.5714,0.5522,0.6427,0.641,0.6393,0.6049,0.6049,0.5769,0.532,0.5821,0.5707,0.532,0,0,0,0,0,-0.0091,-0.0565,-0.0157,-0.0258,-0.0258,-0.0037,-0.0697,-0.0078,-0.0495,-0.0469,0.0029,-0.0101,0.0192,-0.0006,-0.0793,-0.0715,-0.013,-0.0602,0.0173,0.0117,-0.0124,-0.0372,0.0022,-0.0057,-0.0191,0.0024,-0.0513,-0.0102,-0.0282,-0.0147,-0.0083,0.0096,-0.0168,-0.0097,-0.0346,-0.034,-0.0142,-0.0089,0.0007,-0.0227,0.001,-0.1162,0.0004,-0.0734,-0.0878,0.0115,-0.1323,-0.0058,-0.095,-0.1024,0.0084,0.0118,0.0166,0.0044,-0.0069,0.0041,0.0067,-0.0709,0.0045,-0.0434,-0.0531,-0.0079,-0.1021,-0.0058,-0.062,-0.0749,0.0042,0.0043,-0.0039,0.0082,0.0082,-0.0022,0.0034,TRUE,TRUE
DTC_R_2,LanSi,1,CW_01,C,2026-04-03 13:50:05+08:00,ONLINE,FALSE,,CW_1_01,PASS,,,52.3284591,_2026040313500595101,T20260403135005,DESKTOP-P2DUL42,Loma,1,CW_1_01,1,paul di,2024.0718.155524,V20260126.2,CW_DTCL_DTCR_STC,T20260403135058,52.3284591,TRUE,TRUE,TRUE,TRUE,TRUE,TRUE,TRUE,4S2RND2HBL0DP6,v1.0.1,2025_12_22,315.1533,316.8102,474.854,297.0219,295.6395,147.3469,149.5894,336.9868,335.3688,484.4752,-5.379,-2.9718,-0.0001,0,-0.2228,1.5556,-0.2208,1.5503,0.6656,157.2812,154.04,152.1309,156.9668,155.1047,0.875,0.8336,0.8801,0.8317,0.8317,0.8187,0.7648,0.8337,0.737,0.737,0.8255,0.8224,0.8073,0.8258,0.7783,0.7671,0.7651,0.6804,0.6804,0.8381,0.8277,0.7743,0.98,0.7743,0.8461,0.7988,0.7894,0.8217,0.7921,0.8545,0.7624,0.8469,0.7624,0,0,0,0,0,v1.0.1,2025_12_22,315.0791,316.8633,475.9209,296.8633,295.3467,146.3467,148.3775,337.1987,335.6084,485.4545,-5.4335,-2.9547,-0.0001,0,-0.2232,1.5551,-0.2209,1.5491,0.665,165.7607,159.584,167.7695,168.3135,165.3569,0.7007,0.696,0.7229,0.6886,0.6886,0.6815,0.6536,0.6653,0.6304,0.6304,0.6637,0.6479,0.6476,0.659,0.6406,0.6484,0.6253,0.5817,0.5817,0.6908,0.6785,0.654,0.1708,0.1708,0.6537,0.6704,0.6614,0.667,0.6637,0.5687,0.6671,0.6738,0.5687,0,0,0,0,0,v1.0.1,2025_12_22,317.6126,328.4054,441.8596,313.2895,302.9593,195.6341,188.952,342.6,332,456.5,-2.8233,7.7858,0,0.0001,-0.2205,1.5604,-0.2094,1.5584,0.6722,177.2812,176.2432,174.8779,178.5342,176.7341,0.8116,0.7324,0.8174,0.7163,0.7163,0.7595,0.6589,0.7842,0.6062,0.6062,0.7678,0.7687,0.7678,0.7542,0.7542,0.7439,0.6865,0.7299,0,0.6865,0,0,0,0,0,v1.0.1,2025_12_22,317.5495,328.4865,442.5351,313.3333,302.877,194.918,187.9431,342.6667,332,457.4182,-2.919,7.8645,0,0.0001,-0.2201,1.5609,-0.2085,1.5587,0.6727,149.1289,143.4912,144.6396,147.0547,146.0786,0.6715,0.6146,0.682,0.6132,0.6132,0.6493,0.5781,0.6441,0.5391,0.5391,0.63,0.6428,0.636,0.626,0.626,0.59,0.5676,0.5701,0.3899,0.3899,0,0,0,0,0,0.0041,-0.0489,0.0055,-0.0405,-0.0392,-0.0113,-0.0494,0.0179,-0.1043,-0.0772,-0.0011,0.0092,-0.0043,0.0083,-0.0398,-0.0499,-0.035,-0.1595,-0.0044,-0.0239,-0.0126,-0.0189,0.0145,-0.0254,-0.0198,-0.0046,-0.0238,-0.0078,-0.0569,-0.0427,0.0204,0.0037,-0.0097,-0.0095,-0.0085,-0.012,-0.0123,-0.0596,0.0002,-0.0006,-0.0028,-0.1027,0.0072,-0.1139,-0.0939,-0.0223,-0.1239,0.0099,-0.1701,-0.1681,-0.0041,-0.0078,0.0064,0.0064,-0.0024,0,-0.0015,-0.0543,0.0093,-0.0708,-0.0557,-0.0003,-0.0766,-0.006,-0.1088,-0.1088,-0.0047,-0.0001,-0.0136,-0.0071,-0.0071,-0.0089,-0.0024,TRUE,TRUE
DTC_L_2,LanSi,1,CW_01,C,2026-04-03 13:50:05+08:00,ONLINE,FALSE,,CW_1_01,PASS,,,52.3394306,_2026040313500595002,T20260403135005,DESKTOP-P2DUL42,Loma,1,CW_1_01,2,paul di,2024.0718.155524,V20260126.2,CW_DTCL_DTCR_STC,T20260403135058,52.3394306,TRUE,TRUE,TRUE,TRUE,TRUE,TRUE,TRUE,4S2RND2HBL06DS,v1.0.1,2025_12_22,315.2388,322.8209,475.3985,301.9925,296.1333,151.94,149.9384,342.6575,334.75,488.0221,-5.2082,1.9866,-0.0001,0,-0.2288,1.5589,-0.2189,1.5527,0.666,156.4873,152.0693,150.0908,155.2598,153.4768,0.8219,0.8058,0.8394,0.7881,0.7881,0.7802,0.7649,0.7884,0.7402,0.7402,0.8174,0.81,0.8001,0.7748,0.7396,0.743,0.7268,0.7003,0.7003,0.7975,0.7797,0.8127,0.774,0.774,0.8422,0.7832,0.7572,0.8355,0.8207,0.7791,0.7938,0.7706,0.7572,0,0,0,0,0,v1.0.1,2025_12_22,315.1533,322.8102,476.4662,301.9173,296.1133,151.0333,148.8503,342.8095,334.9353,489.0647,-5.1963,2.027,-0.0001,0,-0.2283,1.5599,-0.2192,1.5519,0.6661,163.7969,159.2471,165.1357,163.8975,163.0193,0.6881,0.6822,0.6845,0.6906,0.6822,0.659,0.6439,0.639,0.6463,0.639,0.6338,0.6512,0.6526,0.6381,0.6243,0.6317,0.6121,0.6109,0.6109,0.6739,0.5919,0.6823,0.6667,0.5919,0.6604,0.6578,0.6378,0.6807,0.6651,0.6696,0.6708,0.6268,0.6268,0,0,0,0,0,v1.0.1,2025_12_22,314.1923,315.0385,439.2212,300.531,300.5455,184.2645,186.2417,329.7083,328.2564,445.0513,-5.8086,-4.5813,-0.0001,0,-0.215,1.5663,-0.2136,1.5625,0.675,175.9258,174.7939,172.877,174.8018,174.5996,0.7884,0.6996,0.7943,0.6893,0.6893,0.7366,0.6641,0.7553,0.6693,0.6641,0.7753,0.7525,0.7634,0.7155,0.7155,0.7292,0,0.7223,0.6614,0.6614,0,0,0,0,0,v1.0.1,2025_12_22,314.1524,315,440,300.5,300.453,183.4786,185.2893,329.7273,328.3675,445.7778,-5.8476,-4.6033,-0.0001,0,-0.2142,1.5665,-0.2133,1.562,0.6753,148.7734,144.001,142.8135,145.917,145.3762,0.6691,0.6032,0.6683,0.6115,0.6032,0.6303,0.5782,0.6212,0.5811,0.5782,0.6367,0.6128,0.6346,0.6016,0.6016,0.5849,0.5449,0.5888,0.5447,0.5447,0,0,0,0,0,-0.0085,-0.0477,-0.0017,-0.0328,-0.0328,-0.0003,-0.0563,-0.0092,-0.0429,-0.0403,-0.002,-0.0046,-0.0081,0.0059,-0.091,-0.0855,-0.0653,-0.0555,0.0057,-0.0046,-0.0046,-0.0284,-0.008,-0.0169,-0.0103,-0.0078,-0.0354,-0.0037,-0.026,-0.0037,-0.0171,0.0058,-0.0039,-0.0028,-0.039,-0.0416,-0.0465,-0.0188,0.0083,-0.0037,-0.0009,-0.1172,-0.008,-0.0991,-0.0991,-0.0098,-0.1122,-0.0014,-0.0803,-0.0823,0.005,-0.0095,0.0056,0.0152,0.0052,-0.0128,0.0139,-0.0698,-0.0037,-0.0685,-0.052,-0.009,-0.0761,-0.0059,-0.0523,-0.0489,-0.0018,-0.0239,-0.0086,0.0049,0.0049,0.0058,0.0101,TRUE,TRUE
DTC_R_3,LanSi,1,CW_01,A,2026-04-03 13:52:05+08:00,ONLINE,FALSE,,CW_1_01,PASS,,,52.334073,_2026040313520517301,T20260403135205,DESKTOP-P2DUL42,Loma,1,CW_1_01,1,paul di,2024.0718.155524,V20260126.2,CW_DTCL_DTCR_STC,T20260403135257,52.334073,TRUE,TRUE,TRUE,TRUE,TRUE,TRUE,TRUE,4S2RND2HBL0DP6,v1.0.1,2025_12_22,315.4511,317.1654,475.5,297.9077,295.958,148.9301,149.6711,337.2752,335.8993,485.3289,-5.0041,-2.1786,-0.0001,0,-0.2192,1.5549,-0.2202,1.5493,0.6662,156.9102,155.085,154.2881,157.041,155.8311,0.8666,0.7955,0.8861,0.7816,0.7816,0.8129,0.7626,0.8338,0.7742,0.7626,0.8114,0.8178,0.8095,0.8238,0.7261,0.7423,0.7931,0.7915,0.7261,0.8354,0.7928,0.7822,0.0955,0.0955,0.8242,0.7747,0.7625,0.8047,0.7476,0.6169,0.8316,0.826,0.6169,0,0,0,0,0,v1.0.1,2025_12_22,315.3556,317.163,476.6618,297.7574,295.8767,147.8699,148.5,337.5,336,486.4145,-5.0212,-2.1591,-0.0001,0,-0.2192,1.5557,-0.2208,1.5489,0.6662,165.5479,159.2979,168.2695,168.3311,165.3616,0.7042,0.6752,0.7164,0.6668,0.6668,0.6819,0.6362,0.6716,0.6488,0.6362,0.6571,0.6501,0.6496,0.6532,0.6335,0.6306,0.6389,0.6422,0.6306,0.6706,0.6548,0.6541,0.0869,0.0869,0.6558,0.6459,0.6438,0.6789,0.6338,0.5898,0.626,0.6683,0.5898,0,0,0,0,0,v1.0.1,2025_12_22,317.8972,328.6168,442.4513,313.7168,303.3468,196.9274,189.1721,342.6557,332.3103,456.5,-2.4644,8.1834,0,0.0001,-0.2185,1.5602,-0.2081,1.558,0.6729,176.96,177.541,177.4951,178.3584,177.5886,0.8047,0.6593,0.8139,0.6468,0.6468,0.7699,0.6386,0.7892,0.6846,0.6386,0.7676,0.7693,0.7837,0.7623,0.7623,0.7414,0.6878,0.7213,0,0.6878,0,0,0,0,0,v1.0.1,2025_12_22,317.8208,328.6792,443.1532,313.7117,303.2258,196.1694,188.2437,342.8824,332.3826,457.4174,-2.5348,8.272,0,0.0001,-0.2183,1.5606,-0.2087,1.5576,0.6728,149.123,143.252,145.085,147.082,146.1355,0.6733,0.577,0.6794,0.5685,0.5685,0.6483,0.573,0.6478,0.5865,0.573,0.6424,0.6515,0.63,0.6363,0.63,0.5823,0.5568,0.5719,0.2582,0.2582,0,0,0,0,0,-0.0043,-0.087,0.0115,-0.0906,-0.0893,-0.0171,-0.0516,0.018,-0.0671,-0.0516,-0.0152,0.0046,-0.0021,0.0063,-0.092,-0.0747,-0.007,-0.0484,-0.0071,-0.016,-0.0091,-0.0397,0.008,-0.0472,-0.0416,-0.0042,-0.0412,-0.0015,-0.0385,-0.0369,0.0138,0.0059,-0.0077,-0.0153,-0.0156,-0.0298,0.0013,0.0009,-0.02,-0.0005,-0.0097,-0.1758,0.0037,-0.1834,-0.1634,-0.0119,-0.1442,0.0149,-0.0917,-0.1357,-0.0043,-0.0072,0.0223,0.0145,-0.0049,-0.0086,0.0003,-0.0919,0.0067,-0.1155,-0.1004,-0.0013,-0.0817,-0.0023,-0.0614,-0.0749,0.0077,0.0086,-0.0196,0.0032,-0.0031,-0.0166,-0.0006,TRUE,TRUE
DTC_L_3,LanSi,1,CW_01,A,2026-04-03 13:52:05+08:00,ONLINE,FALSE,,CW_1_01,PASS,,,52.1525583,_2026040313520536502,T20260403135205,DESKTOP-P2DUL42,Loma,1,CW_1_01,2,paul di,2024.0718.155524,V20260126.2,CW_DTCL_DTCR_STC,T20260403135257,52.1525583,TRUE,TRUE,TRUE,TRUE,TRUE,TRUE,TRUE,4S2RND2HBL06DS,v1.0.1,2025_12_22,314.3456,323.3603,474.3309,303.0735,295.0199,152.543,148.5,343.4133,333.7664,489.073,-6.3074,2.7926,-0.0001,0,-0.2256,1.5576,-0.2198,1.5536,0.6665,156.332,151.8662,150.0576,155.7969,153.5132,0.8149,0.7877,0.8322,0.7344,0.7344,0.7676,0.7693,0.7851,0.7421,0.7421,0.8286,0.8287,0.8008,0.7622,0.7469,0.7222,0.7394,0.7069,0.7069,0.8071,0.6277,0.824,0.851,0.6277,0.8493,0.7901,0.7434,0.8405,0.8388,0.8209,0.7907,0.7759,0.7434,0,0,0,0,0,v1.0.1,2025_12_22,314.3571,323.4286,475.4044,303.0074,294.8431,151.6078,147.4564,343.4832,333.8235,490.1471,-6.3231,2.8348,-0.0001,0,-0.2256,1.5572,-0.2191,1.554,0.6666,163.999,159.458,165.5146,164.9434,163.4788,0.6803,0.6746,0.6914,0.6453,0.6453,0.6551,0.644,0.6477,0.6433,0.6433,0.6455,0.6527,0.6326,0.6212,0.629,0.6356,0.6312,0.6025,0.6025,0.6611,0.563,0.6793,0.6927,0.563,0.6553,0.6555,0.6305,0.6837,0.6734,0.6805,0.6649,0.6225,0.6225,0,0,0,0,0,v1.0.1,2025_12_22,313.1333,315.6476,438.1441,301.4595,299.2787,184.8525,184.8017,330.3884,327.2783,445.8,-6.9728,-3.8704,-0.0001,0,-0.2125,1.5647,-0.2138,1.562,0.6751,175.1738,174.4639,172.7031,175.2217,174.3906,0.7736,0.6913,0.8018,0.6651,0.6651,0.7546,0.6632,0.7528,0.6543,0.6543,0.7922,0.7745,0.7465,0.6923,0.6923,0.725,0,0.713,0.731,0.713,0,0,0,0,0,v1.0.1,2025_12_22,313.1333,315.6476,438.8304,301.3393,299.1736,184.1818,184.024,330.456,327.453,446.5214,-6.9772,-3.8708,-0.0001,0,-0.2128,1.5645,-0.2137,1.5613,0.6748,148.791,143.8545,143.1855,146.7588,145.6475,0.6568,0.5964,0.6643,0.5804,0.5804,0.6289,0.5876,0.6122,0.5826,0.5826,0.6277,0.6357,0.6345,0.6285,0.6277,0.578,0.5467,0.5902,0.5901,0.5467,0,0,0,0,0,-0.0155,-0.0658,-0.0089,-0.0865,-0.0865,-0.0129,-0.0519,-0.0125,-0.041,-0.0384,0.0092,0.0141,-0.0074,-0.0067,-0.0837,-0.1063,-0.0527,-0.0489,0.0153,0.0067,-0.0124,-0.036,-0.0011,-0.0622,-0.0472,-0.0117,-0.0353,0.005,-0.029,0.0006,-0.0054,0.0073,-0.0239,-0.0197,-0.0343,-0.0377,-0.0274,-0.0272,-0.0045,-0.0067,-0.0157,-0.1255,-0.0005,-0.1233,-0.1233,0.0082,-0.1131,-0.0039,-0.0953,-0.0921,0.0219,0.0125,-0.0113,-0.008,0.001,-0.0221,0.0016,-0.0766,-0.0077,-0.0996,-0.0748,-0.0104,-0.0667,-0.0149,-0.0508,-0.0445,-0.0108,-0.001,-0.0087,0.0318,0.031,-0.0011,0.0115,TRUE,TRUE
DTC_R_4,LanSi,1,CW_01,B,2026-04-03 13:54:56+08:00,ONLINE,FALSE,,CW_1_01,PASS,,,52.4145922,_2026040313545666701,T20260403135456,DESKTOP-P2DUL42,Loma,1,CW_1_01,1,paul di,2024.0718.155524,V20260126.2,CW_DTCL_DTCR_STC,T20260403135549,52.4145922,TRUE,TRUE,TRUE,TRUE,TRUE,TRUE,TRUE,4S2RND2HBL0DP6,v1.0.1,2025_12_22,315.3358,317.4526,475.5,298,295.9586,148.9724,149.72,337.58,335.9801,485.457,-5.0011,-2.0076,-0.0001,0,-0.2203,1.5558,-0.2204,1.548,0.6658,156.9873,154.0293,153.7881,156.6182,155.3557,0.8638,0.7907,0.868,0.7895,0.7895,0.811,0.7576,0.8275,0.7778,0.7576,0.8315,0.8077,0.8192,0.8142,0.7481,0.7439,0.7774,0.7873,0.7439,0.8249,0.8002,0.7758,0.98,0.7758,0.841,0.7679,0.7509,0.8122,0.7848,0.7171,0.8081,0.8421,0.7171,0,0,0,0,0,v1.0.1,2025_12_22,315.3571,317.4786,476.6444,298,295.8503,147.8299,148.5436,337.6913,336,486.5855,-5.0209,-1.9829,-0.0001,0,-0.2197,1.5558,-0.2201,1.5488,0.6662,165.792,160.2461,169.3896,167.9297,165.8394,0.7123,0.6669,0.7201,0.6703,0.6669,0.6681,0.6468,0.6679,0.6462,0.6462,0.6458,0.6553,0.6485,0.6592,0.6364,0.6422,0.6309,0.6421,0.6309,0.674,0.6413,0.6636,0.0463,0.0463,0.64,0.6502,0.6382,0.6669,0.6354,0.587,0.6246,0.6664,0.587,0,0,0,0,0,v1.0.1,2025_12_22,317.6571,328.8667,442.2883,314.045,303.2362,196.9449,189,343,332.0609,456.9217,-2.6515,8.4557,0,0.0001,-0.2179,1.5614,-0.2089,1.5583,0.6732,176.8711,176.335,176.5723,177.665,176.8608,0.8092,0.6457,0.8234,0.6485,0.6457,0.7651,0.639,0.7809,0.6709,0.639,0.7822,0.767,0.7593,0.7424,0.7424,0.7518,0.67,0.7256,0,0.67,0,0,0,0,0,v1.0.1,2025_12_22,317.7143,328.9429,443.1009,314.0275,303.1557,196.1311,188.1393,343.2869,332.287,457.5478,-2.6206,8.4872,0,0.0001,-0.2179,1.5611,-0.2097,1.5574,0.6727,149.0391,144.0439,145.96,146.7441,146.4468,0.675,0.5753,0.6801,0.5786,0.5753,0.6422,0.5743,0.6451,0.5684,0.5684,0.6498,0.649,0.6332,0.639,0.6332,0.5748,0.5524,0.5659,0.3086,0.3086,0,0,0,0,0,-0.0071,-0.0918,-0.0066,-0.0827,-0.0814,-0.019,-0.0566,0.0117,-0.0635,-0.0566,0.0049,-0.0055,0.0076,-0.0033,-0.07,-0.0731,-0.0227,-0.0526,-0.0176,-0.0224,-0.001,-0.048,0.0117,-0.0437,-0.0415,-0.018,-0.0306,-0.0052,-0.0411,-0.0269,0.0025,0.0111,-0.0088,-0.0093,-0.0127,-0.0182,-0.0067,0.0008,-0.0166,0.009,-0.0052,-0.1894,0.0132,-0.1817,-0.1645,-0.0167,-0.1438,0.0066,-0.1054,-0.1353,0.0103,-0.0095,-0.0021,-0.0054,0.0055,-0.0043,0.002,-0.0936,0.0074,-0.1054,-0.0936,-0.0074,-0.0804,-0.005,-0.0795,-0.0795,0.0151,0.0061,-0.0164,0.0059,0.0001,-0.0241,-0.0066,TRUE,TRUE
DTC_L_4,LanSi,1,CW_01,B,2026-04-03 13:54:56+08:00,ONLINE,FALSE,,CW_1_01,PASS,,,52.4744326,_2026040313545661502,T20260403135456,DESKTOP-P2DUL42,Loma,1,CW_1_01,2,paul di,2024.0718.155524,V20260126.2,CW_DTCL_DTCR_STC,T20260403135549,52.4744326,TRUE,TRUE,TRUE,TRUE,TRUE,TRUE,TRUE,4S2RND2HBL06DS,v1.0.1,2025_12_22,315.5,322,475.6296,300.9556,296.4276,150.4737,150.1644,341.9178,334.8777,488.2014,-4.9801,1.2097,0,0,-0.2302,1.5595,-0.2194,1.5542,0.6661,156.8447,152.4102,150.835,155.9551,154.0112,0.8211,0.8018,0.8249,0.7888,0.7888,0.7662,0.7577,0.7848,0.7479,0.7479,0.8233,0.8094,0.8177,0.7738,0.7365,0.7199,0.7361,0.6939,0.6939,0.8081,0.8078,0.8221,0.8083,0.8078,0.8456,0.7912,0.7404,0.8356,0.8008,0.79,0.7796,0.7694,0.7404,0,0,0,0,0,v1.0.1,2025_12_22,315.3556,322,476.7391,300.8913,296.28,149.4933,149.0342,342.0342,334.9507,489.2042,-5.0281,1.2246,-0.0001,0,-0.2295,1.5601,-0.2194,1.5536,0.6662,163.9951,160.0605,165.8818,164.6133,163.6377,0.6801,0.6801,0.6867,0.6809,0.6801,0.6495,0.6414,0.6521,0.6408,0.6408,0.6479,0.6637,0.6533,0.6332,0.6154,0.6379,0.6119,0.6101,0.6101,0.6603,0.5947,0.6744,0.683,0.5947,0.654,0.6524,0.6261,0.6647,0.6571,0.6648,0.6675,0.6149,0.6149,0,0,0,0,0,v1.0.1,2025_12_22,314.0849,314.3302,439.2883,299.6036,300.6098,182.813,186.3577,328.9593,328.453,444.6239,-5.7413,-5.434,-0.0001,-0.0001,-0.2166,1.5682,-0.2135,1.5604,0.6746,176.1201,175.0537,173.5098,175.6641,175.0869,0.7907,0.7053,0.7992,0.6785,0.6785,0.7216,0.6649,0.7474,0.6505,0.6505,0.7726,0.7758,0.765,0.6942,0.6942,0.728,0,0.7338,0.6631,0.6631,0,0,0,0,0,v1.0.1,2025_12_22,314.1415,314.2453,440.0727,299.6273,300.4839,182.0806,185.4098,329.1803,328.5,445.5,-5.7784,-5.3733,-0.0001,-0.0001,-0.215,1.5673,-0.215,1.5613,0.6746,148.8232,144.5293,143.5107,146.0781,145.7354,0.6587,0.5889,0.6556,0.5994,0.5889,0.6177,0.5705,0.6038,0.5763,0.5705,0.6377,0.6335,0.6435,0.6111,0.6111,0.5794,0.5251,0.5999,0.5515,0.5251,0,0,0,0,0,-0.0093,-0.0517,-0.0162,-0.0321,-0.0321,-0.0143,-0.0635,-0.0128,-0.0352,-0.0326,0.0039,-0.0052,0.0095,0.0049,-0.0941,-0.1086,-0.056,-0.0619,0.0163,0.0048,-0.0126,-0.0305,-0.0058,-0.0266,-0.0124,-0.0173,-0.0379,0.0094,-0.0315,-0.0019,-0.003,0.0183,-0.0032,-0.0077,-0.0479,-0.0354,-0.0467,-0.0196,-0.0053,-0.0116,0.0014,-0.1115,-0.0031,-0.1099,-0.1099,-0.0248,-0.1114,-0.0093,-0.0991,-0.0959,0.0023,0.0138,0.0072,-0.0061,0.004,-0.0013,0.0035,-0.0841,-0.0164,-0.0806,-0.0663,-0.0216,-0.0838,-0.0233,-0.0571,-0.0566,-0.0008,-0.0032,0.0003,0.0144,0.0144,0.0003,0.0212,TRUE,TRUE
DTC_R_6,LanSi,1,CW_01,C,2026-04-03 13:57:04+08:00,ONLINE,FALSE,,CW_1_01,PASS,,,52.1290335,_2026040313570418501,T20260403135704,DESKTOP-P2DUL42,Loma,1,CW_1_01,1,paul di,2024.0718.155524,V20260126.2,CW_DTCL_DTCR_STC,T20260403135756,52.1290335,TRUE,TRUE,TRUE,TRUE,TRUE,TRUE,TRUE,4S2RND2HBL0DP6,v1.0.1,2025_12_22,315.1691,316.2353,475.2612,296.8955,295.7172,148.3862,149.4333,335.9467,335.7619,484.6054,-5.2314,-3.0862,-0.0001,0,-0.2197,1.5549,-0.2179,1.5486,0.6665,156.7998,154.2676,153.6152,156.584,155.3167,0.8674,0.7914,0.872,0.8044,0.7914,0.8119,0.7343,0.8203,0.7892,0.7343,0.8222,0.8234,0.8219,0.8184,0.7309,0.7299,0.8174,0.7929,0.7299,0.8257,0.8084,0.7836,0.3466,0.3466,0.8384,0.7799,0.7563,0.8194,0.7871,0.7309,0.823,0.8494,0.7309,0,0,0,0,0,v1.0.1,2025_12_22,315.1241,316.219,476.292,296.7664,295.4558,147.4014,148.2345,336.0828,335.8467,485.7867,-5.3094,-3.0488,-0.0001,0,-0.2196,1.5543,-0.2179,1.5487,0.6664,165.2256,159.6543,168.208,167.6758,165.1909,0.6926,0.6484,0.7221,0.6802,0.6484,0.6803,0.6425,0.6683,0.6638,0.6425,0.6511,0.6478,0.6688,0.6514,0.6201,0.6373,0.639,0.6452,0.6201,0.6631,0.6612,0.664,0.1907,0.1907,0.6367,0.6578,0.6327,0.6674,0.6401,0.5864,0.6263,0.673,0.5864,0,0,0,0,0,v1.0.1,2025_12_22,317.5926,327.5463,442.2,312.7364,303.0984,196.123,188.9512,341.5122,332.0439,455.9737,-2.7228,7.2783,0,0.0001,-0.2178,1.5604,-0.2076,1.5582,0.6733,176.9434,176.8398,176.7793,178.0596,177.1555,0.8154,0.6351,0.8312,0.6668,0.6351,0.777,0.6291,0.7812,0.6878,0.6291,0.7985,0.7713,0.7744,0.7513,0.7513,0.7482,0.6826,0.7215,0,0.6826,0,0,0,0,0,v1.0.1,2025_12_22,317.5238,327.8381,442.9541,312.7156,302.9508,195.3361,187.9194,341.6371,332.1121,456.9224,-2.808,7.3899,0,0.0001,-0.2195,1.5607,-0.2056,1.5577,0.6734,148.3955,143,145.0078,146.6279,145.7578,0.6729,0.5713,0.6796,0.5838,0.5713,0.6433,0.5506,0.6511,0.5848,0.5506,0.6439,0.6412,0.6381,0.634,0.634,0.5782,0.5399,0.5745,0.4068,0.4068,0,0,0,0,0,-0.0035,-0.0911,-0.0026,-0.0678,-0.0795,-0.0181,-0.0799,0.0045,-0.0521,-0.0799,-0.0044,0.0102,0.0103,0.0009,-0.0872,-0.0871,0.0173,-0.047,-0.0168,-0.0146,-0.0207,-0.0665,0.0137,-0.0338,-0.06,-0.0058,-0.0349,-0.0048,-0.0235,-0.0306,0.0078,0.0036,0.0115,-0.0171,-0.029,-0.0231,0.0014,0.0039,-0.0275,0.0094,0.001,-0.2,0.021,-0.1634,-0.1751,-0.0048,-0.1537,0.0069,-0.0885,-0.1452,0.0266,-0.0052,0.013,0.0035,0.0019,-0.0084,-0.0001,-0.0976,0.0069,-0.1002,-0.0976,-0.0063,-0.1041,0.001,-0.0631,-0.0973,0.0092,-0.0017,-0.0115,0.0009,0.0009,-0.0207,0.002,TRUE,TRUE
DTC_L_5,LanSi,1,CW_01,C,2026-04-03 13:57:04+08:00,ONLINE,FALSE,,CW_1_01,PASS,,,52.142996,_2026040313570418402,T20260403135704,DESKTOP-P2DUL42,Loma,1,CW_1_01,2,paul di,2024.0718.155524,V20260126.2,CW_DTCL_DTCR_STC,T20260403135756,52.142996,TRUE,TRUE,TRUE,TRUE,TRUE,TRUE,TRUE,4S2RND2HBL06DS,v1.0.1,2025_12_22,314.2593,323.4519,474.0362,303.1159,294.9392,152.5676,148.3791,343.3856,333.6312,489.5248,-6.451,2.9092,-0.0001,0,-0.2261,1.5577,-0.2191,1.5542,0.6667,156.0068,151.6357,149.4111,155.0488,153.0256,0.8196,0.7978,0.8326,0.7776,0.7776,0.777,0.7562,0.7934,0.7538,0.7538,0.8161,0.8181,0.8234,0.7707,0.7622,0.7181,0.7493,0.707,0.707,0.8118,0.5381,0.8189,0.8283,0.5381,0.848,0.7684,0.7584,0.8418,0.8317,0.824,0.8023,0.7898,0.7584,0,0,0,0,0,v1.0.1,2025_12_22,314.3139,323.4526,475.0657,302.9708,294.8026,151.625,147.3026,343.4803,333.7606,490.5,-6.4509,2.9057,-0.0001,0,-0.2262,1.5572,-0.2188,1.5544,0.6666,164.4775,159.2744,165.1484,165.0205,163.4802,0.6709,0.6869,0.6878,0.6881,0.6709,0.663,0.643,0.6449,0.662,0.643,0.6504,0.6455,0.6595,0.6306,0.6362,0.6257,0.6271,0.6131,0.6131,0.6591,0.5551,0.6728,0.6762,0.5551,0.6547,0.6554,0.6256,0.6869,0.6828,0.6941,0.6606,0.6228,0.6228,0,0,0,0,0,v1.0.1,2025_12_22,313.1942,315.8544,437.7589,301.5804,299.3223,185.124,184.5833,330.4833,327.2222,445.9915,-7.0838,-3.6933,-0.0001,0,-0.2136,1.5646,-0.2127,1.5629,0.6753,175.4199,174.0176,172.3916,175.0215,174.2126,0.7786,0.6857,0.8041,0.6903,0.6857,0.7386,0.6578,0.7501,0.6716,0.6578,0.7794,0.7793,0.7622,0.694,0.694,0.7207,0,0.7389,0.7247,0.7207,0,0,0,0,0,v1.0.1,2025_12_22,313.1604,315.8585,438.6174,301.4522,299.2397,184.2562,183.8548,330.5,327.2881,446.9068,-7.0679,-3.7053,-0.0001,0,-0.2138,1.5649,-0.2122,1.5629,0.6754,149.3447,143.8271,143.165,147.0742,145.8528,0.6537,0.6093,0.6665,0.6108,0.6093,0.6327,0.5788,0.6159,0.5772,0.5772,0.6375,0.6328,0.644,0.6145,0.6145,0.5712,0.5471,0.5907,0.5781,0.5471,0,0,0,0,0,-0.0108,-0.0557,-0.0085,-0.0433,-0.0433,-0.0035,-0.065,-0.0042,-0.0293,-0.0267,-0.0033,0.0035,0.0152,0.0018,-0.0684,-0.1104,-0.0428,-0.0488,0.02,0.0016,-0.0218,-0.0237,-0.0047,-0.0194,-0.0216,-0.0038,-0.0363,0.0022,-0.0103,0.0003,-0.0005,0.0001,0.003,-0.0103,-0.0271,-0.0476,-0.0315,-0.0166,-0.0065,-0.0132,-0.0107,-0.1311,0.0018,-0.0981,-0.1027,-0.0078,-0.1185,-0.0066,-0.078,-0.0886,0.0091,0.0173,0.0044,-0.0063,-0.0033,0.0038,-0.0015,-0.0637,-0.0055,-0.0692,-0.0459,-0.0066,-0.0755,-0.0112,-0.0562,-0.0499,-0.001,-0.0039,0.0008,0.0178,0.0178,-0.0079,0.012,TRUE,TRUE
DTC_L_6,LanSi,1,CW_01,A,2026-04-03 14:00:32+08:00,ONLINE,False,,CW_1_01,FAIL,SFR_VIS_25cm_Ny4_06F_ROI14;SFR_VIS_25cm_Ny4_06F_Min;SFR_VIS_25cm_Ny4_03F_ROI6_Dev;SFR_VIS_25cm_Ny4_06F_ROI14_Dev,sfr_25Algo,51.991366,_2026040314003275402,T20260403140032,DESKTOP-P2DUL42,Loma,1,CW_1_01,2,paul di,2024.0718.155524,V20260126.2,CW_DTCL_DTCR_STC,T20260403140124,51.991366,True,True,True,True,True,True,True,4S2RND2HBL06DS,v1.0.1,2025_12_22,314.1691,323.7647,474.4737,303.2105,294.9869,153.3072,148.8571,343.4014,333.7353,489.1103,-6.2556,3.0588,-0.0001,0.0,-0.227,1.5582,-0.2177,1.5525,0.6665,153.4912,151.876,149.7373,153.1396,152.061,0.8114,0.7659,0.8306,0.778,0.7659,0.7773,0.7006,0.7928,0.7499,0.7006,0.809,0.7801,0.818,0.7557,0.7602,0.6366,0.7551,0.7008,0.6366,0.8058,0.6755,0.7372,0.8164,0.6755,0.8448,0.7721,0.7722,0.7934,0.8405,0.8178,0.801,0.783,0.7721,0,0,0,0,0,v1.0.1,2025_12_22,314.1691,323.7647,475.6618,303.1176,294.9396,152.2416,147.604,343.5705,333.9209,490.1367,-6.2409,3.0662,-0.0001,0.0,-0.2266,1.5586,-0.2178,1.5521,0.6666,164.7666,160.0117,165.8994,165.1797,163.9644,0.6803,0.6489,0.692,0.6837,0.6489,0.6548,0.6015,0.6455,0.6535,0.6015,0.6586,0.6524,0.6465,0.6344,0.638,0.5956,0.621,0.5896,0.5896,0.6701,0.5888,0.6214,0.6749,0.5888,0.6627,0.6477,0.6388,0.6589,0.6719,0.7015,0.6789,0.6298,0.6298,0,0,0,0,0,v1.0.1,2025_12_22,313.1524,316,438.2523,301.7477,299.359,185.5128,185.175,330.5667,327.3846,445.6923,-6.8354,-3.5961,-0.0001,-0.0,-0.2129,1.565,-0.2128,1.561,0.6751,172.9268,174.7217,172.6162,172.5742,173.2097,0.786,0.6294,0.7973,0.6505,0.6294,0.7406,0.6253,0.7383,0.6618,0.6253,0.7848,0.7119,0.7547,0.6985,0.6985,0.721,0,0.6428,0.7287,0.6428,0,0,0,0,0,v1.0.1,2025_12_22,313.1154,315.8846,439.0545,301.5909,299.2069,184.6724,184.2689,330.6639,327.5,446.5,-6.8709,-3.6376,-0.0001,-0.0,-0.2125,1.5647,-0.2137,1.5606,0.6748,149.5879,144.3916,143.5889,146.9951,146.1409,0.6649,0.5623,0.6703,0.5971,0.5623,0.6327,0.5638,0.6161,0.5879,0.5638,0.6288,0.6103,0.6202,0.6103,0.6103,0.5784,0.5035,0.5411,0.5844,0.5035,0,0,0,0,0,-0.019,-0.0876,-0.0105,-0.0429,-0.055,-0.0032,-0.1206,-0.0048,-0.0332,-0.0799,-0.0104,-0.0345,0.0098,-0.0132,-0.0704,-0.1919,-0.037,-0.055,0.014,-0.0801,-0.0124,-0.0617,-0.0005,-0.0238,-0.0436,-0.012,-0.0778,0.0028,-0.0188,-0.0412,0.0077,0.007,-0.01,-0.0065,-0.0253,-0.0777,-0.0376,-0.0401,0.0045,-0.0646,-0.0033,-0.1874,-0.005,-0.1379,-0.159,-0.0058,-0.151,-0.0184,-0.0878,-0.1211,0.0145,-0.0501,-0.0031,-0.0018,-0.003,-0.0923,0.0097,-0.1107,-0.0017,-0.0829,-0.0929,-0.0066,-0.0905,-0.011,-0.0455,-0.0633,-0.0097,-0.0264,-0.023,0.0136,0.0136,-0.0007,-0.0376,True,True
DTC_R_5,LanSi,1,CW_01,A,2026-04-03 14:00:32+08:00,ONLINE,False,,CW_1_01,FAIL,SFR_VIS_25cm_Ny4_06F_ROI14;SFR_VIS_25cm_Ny4_06F_Min;SFR_VIS_25cm_Ny4_01F_ROI2_Dev,sfr_25Algo,51.98239,_2026040314003275401,T20260403140032,DESKTOP-P2DUL42,Loma,1,CW_1_01,1,paul di,2024.0718.155524,V20260126.2,CW_DTCL_DTCR_STC,T20260403140124,51.98239,True,True,True,True,True,True,True,4S2RND2HBL0DP6,v1.0.1,2025_12_22,315.1691,316.2353,475.2222,296.8667,295.7292,148.3403,149.5302,336.0805,335.8041,485.277,-5.209,-2.94,-0.0001,-0.0,-0.2199,1.555,-0.2187,1.5488,0.6663,154.3574,153.4697,154.1729,156.6426,154.6606,0.8664,0.7553,0.873,0.813,0.7553,0.8201,0.7315,0.8151,0.7899,0.7315,0.8168,0.7901,0.8121,0.8185,0.7106,0.6551,0.7931,0.7888,0.6551,0.8232,0.8,0.7785,0.3366,0.3366,0.8193,0.7546,0.7593,0.8169,0.8108,0.7182,0.8217,0.8506,0.7182,0,0,0,0,0,v1.0.1,2025_12_22,315.1691,316.2353,476.2899,296.7174,295.5878,147.3986,148.3377,336.2781,335.86,486.3067,-5.2511,-2.9128,-0.0001,-0.0,-0.22,1.5548,-0.219,1.5492,0.6662,163.4775,157.7676,167.4492,167.6934,164.0969,0.7026,0.6516,0.7115,0.6819,0.6516,0.6748,0.6344,0.6702,0.6687,0.6344,0.6554,0.6544,0.6598,0.671,0.6276,0.5808,0.6314,0.6442,0.5808,0.6586,0.654,0.6651,0.1129,0.1129,0.6211,0.6374,0.6565,0.6655,0.6638,0.5657,0.6286,0.6788,0.5657,0,0,0,0,0,v1.0.1,2025_12_22,317.713,327.6759,442.2143,312.75,303.1129,196.0806,188.878,341.6667,332.036,456.4595,-2.7092,7.4265,-0.0,0.0001,-0.2188,1.5598,-0.2077,1.5595,0.6732,174.4131,175.8359,177.375,178.2305,176.4636,0.8154,0.6457,0.8301,0.6764,0.6457,0.7823,0.6226,0.7772,0.6981,0.6226,0.7951,0.7642,0.7647,0.756,0.756,0.7531,0.6796,0.7341,0,0.6796,0,0,0,0,0,v1.0.1,2025_12_22,317.5514,327.8692,443.0531,312.708,303.0661,195.2645,187.9496,341.8319,332.1795,457.2821,-2.7401,7.4911,-0.0,0.0001,-0.2197,1.5615,-0.2068,1.5577,0.6732,147.2656,141.9473,144.8115,146.6865,145.1777,0.6689,0.5604,0.6778,0.5945,0.5604,0.6481,0.5479,0.6423,0.5959,0.5479,0.6551,0.649,0.639,0.6336,0.6336,0.5995,0.5584,0.5764,0.2434,0.2434,0,0,0,0,0,-0.0045,-0.1272,-0.0016,-0.0592,-0.1156,-0.0099,-0.0827,-0.0007,-0.0514,-0.0827,-0.0098,-0.0231,0.0005,0.001,-0.1075,-0.1619,-0.007,-0.0511,-0.0193,-0.0197,-0.0107,-0.0633,0.0031,-0.0321,-0.0568,-0.0113,-0.043,-0.0029,-0.0186,-0.0387,0.0121,0.0102,0.0025,0.0025,-0.0215,-0.0796,-0.0062,0.0029,-0.032,0.0105,0.001,-0.1894,0.0199,-0.1538,-0.1645,0.0005,-0.1602,0.0029,-0.0782,-0.1517,0.0232,-0.0123,0.0033,0.0082,0.0068,0.0042,-0.0041,-0.1085,0.0051,-0.0895,-0.1085,-0.0015,-0.1068,-0.0078,-0.052,-0.1,0.0204,0.0061,-0.0106,0.0005,0.0005,0.0006,0.0039,True,True
DTC_L_7,LanSi,1,CW_01,B,2026-04-03 14:02:29+08:00,ONLINE,False,,CW_1_01,PASS,,,51.9195647,_2026040314022951902,T20260403140229,DESKTOP-P2DUL42,Loma,1,CW_1_01,2,paul di,2024.0718.155524,V20260126.2,CW_DTCL_DTCR_STC,T20260403140321,51.9195647,True,True,True,True,True,True,True,4S2RND2HBL06DS,v1.0.1,2025_12_22,313.8467,323.1898,473.8309,302.7647,294.5197,151.6645,148,343.2067,333.1079,490.223,-6.839,2.7097,-0.0001,0.0,-0.2265,1.5581,-0.2196,1.5555,0.6669,156.7129,152.4814,150.6953,155.7861,153.9189,0.8196,0.7812,0.8289,0.7809,0.7809,0.7765,0.7539,0.7946,0.7548,0.7539,0.8012,0.8198,0.8086,0.7788,0.758,0.717,0.7644,0.7103,0.7103,0.8051,0.4931,0.8137,0.8285,0.4931,0.8476,0.792,0.769,0.8479,0.8318,0.8302,0.8018,0.7944,0.769,0,0,0,0,0,v1.0.1,2025_12_22,313.9286,323.1929,474.8786,302.6,294.5195,150.7857,146.9333,343.44,333.259,491.1583,-6.7962,2.7354,-0.0001,0.0,-0.2267,1.5582,-0.2201,1.5557,0.6667,163.9463,159.6641,165.9297,164.3135,163.4634,0.671,0.6726,0.6892,0.6906,0.671,0.6528,0.6409,0.6485,0.6588,0.6409,0.6524,0.6637,0.6426,0.6304,0.631,0.6378,0.6357,0.6034,0.6034,0.6658,0.5477,0.6617,0.6829,0.5477,0.6596,0.6603,0.6311,0.6942,0.6582,0.6824,0.6726,0.6351,0.6311,0,0,0,0,0,v1.0.1,2025_12_22,312.8491,315.5943,437.5478,301.3826,298.8235,184.1765,184.395,330.395,326.8632,446.2308,-7.4043,-3.9442,-0.0001,-0.0,-0.213,1.564,-0.2142,1.5634,0.6751,176.0127,175.082,173.2656,175.6396,175,0.7863,0.6897,0.806,0.6774,0.6774,0.7444,0.6536,0.758,0.6827,0.6536,0.7812,0.7805,0.7667,0.7028,0.7028,0.723,0,0.7037,0.7306,0.7037,0,0,0,0,0,v1.0.1,2025_12_22,312.8654,315.5,438.5,301.2632,298.678,183.5254,183.479,330.4538,326.9569,447.1293,-7.4042,-3.9257,-0.0001,-0.0,-0.2123,1.5632,-0.2145,1.5636,0.675,148.6133,144.0186,143.4639,146.1035,145.5498,0.6529,0.5972,0.6697,0.5997,0.5972,0.6337,0.5623,0.6166,0.5955,0.5623,0.6387,0.6316,0.6464,0.6202,0.6202,0.5817,0.5466,0.5649,0.5842,0.5466,0,0,0,0,0,-0.0108,-0.0723,-0.0122,-0.04,-0.04,-0.004,-0.0673,-0.003,-0.0283,-0.0266,-0.0182,0.0052,0.0004,0.0099,-0.0726,-0.1115,-0.0277,-0.0455,0.0133,-0.0036,-0.0217,-0.038,-0.0033,-0.0169,-0.0215,-0.014,-0.0384,0.0058,-0.0135,-0.0018,0.0015,0.0183,-0.0139,-0.0105,-0.0323,-0.0355,-0.0229,-0.0263,0.0002,-0.0243,-0.003,-0.1271,0.0037,-0.111,-0.111,-0.002,-0.1227,0.0013,-0.0669,-0.0928,0.0109,0.0185,0.0089,0.0025,-0.001,-0.0314,-0.0023,-0.0758,-0.0023,-0.0803,-0.058,-0.0056,-0.092,-0.0105,-0.0379,-0.0648,0.0002,-0.0051,0.0032,0.0235,0.0235,0.0026,-0.0138,True,True
DTC_R_7,LanSi,1,CW_01,B,2026-04-03 14:02:29+08:00,ONLINE,False,,CW_1_01,PASS,,,51.7121188,_2026040314022971601,T20260403140229,DESKTOP-P2DUL42,Loma,1,CW_1_01,1,paul di,2024.0718.155524,V20260126.2,CW_DTCL_DTCR_STC,T20260403140321,51.7121188,True,True,True,True,True,True,True,4S2RND2HBL0DP6,v1.0.1,2025_12_22,315.1324,316.3162,474.7007,296.365,295.6301,147.2671,149.5168,336.4564,335.1479,483.8944,-5.4744,-3.4402,-0.0001,-0.0,-0.2239,1.5554,-0.2205,1.5514,0.6656,157.04,154.3936,153.7432,157.0039,155.5452,0.8708,0.8326,0.87,0.8379,0.8326,0.8204,0.7673,0.8264,0.7677,0.7673,0.8194,0.7983,0.8241,0.8308,0.7711,0.7566,0.7623,0.7092,0.7092,0.827,0.8185,0.777,0.98,0.777,0.847,0.7872,0.7668,0.8196,0.8128,0.8385,0.7344,0.8475,0.7344,0,0,0,0,0,v1.0.1,2025_12_22,315.1214,316.3643,475.8417,296.2878,295.3826,146.3758,148.5,336.5867,335.2695,484.844,-5.477,-3.4083,-0.0001,-0.0,-0.2238,1.5547,-0.2203,1.5513,0.6655,164.9727,159.5088,168.0576,167.0225,164.8904,0.7162,0.6926,0.7179,0.7126,0.6926,0.6847,0.6416,0.6707,0.6457,0.6416,0.6514,0.6421,0.6628,0.6707,0.6521,0.6247,0.6051,0.6044,0.6044,0.6688,0.656,0.6582,0.1634,0.1634,0.6437,0.6611,0.6663,0.6857,0.6707,0.6488,0.6255,0.675,0.6255,0,0,0,0,0,v1.0.1,2025_12_22,317.5,328,441.7321,312.7321,302.9919,195.3629,188.7623,342.2787,331.7982,456.0614,-2.9431,7.387,-0.0,0.0001,-0.2218,1.5613,-0.2099,1.5591,0.6722,176.9697,176.665,176.9053,178.126,177.1665,0.8025,0.7232,0.8262,0.7134,0.7134,0.7685,0.6778,0.7915,0.6423,0.6423,0.786,0.7749,0.7773,0.7531,0.7531,0.7503,0.6942,0.7141,0,0.6942,0,0,0,0,0,v1.0.1,2025_12_22,317.5,328,442.6364,312.7364,302.8033,194.7705,187.9528,342.3937,331.9091,456.8364,-2.9397,7.4474,-0.0,0.0001,-0.2209,1.5604,-0.2101,1.5589,0.6721,148.4092,143.334,144.9717,146.3516,145.7666,0.665,0.6147,0.6859,0.6091,0.6091,0.6403,0.5825,0.6512,0.5676,0.5676,0.6229,0.6357,0.6296,0.6263,0.6229,0.5932,0.555,0.584,0.3821,0.3821,0,0,0,0,0,-0.0001,-0.0499,-0.0046,-0.0343,-0.0383,-0.0096,-0.0469,0.0106,-0.0736,-0.0469,-0.0072,-0.0149,0.0125,0.0133,-0.047,-0.0604,-0.0378,-0.1307,-0.0155,-0.0212,0.0029,-0.0223,0.0095,-0.0014,-0.0158,-0.0014,-0.0358,-0.0024,-0.0416,-0.0315,0.0081,-0.0021,0.0055,0.0022,0.003,-0.0357,-0.0325,-0.0369,-0.0218,0.0036,-0.0119,-0.1119,0.016,-0.1168,-0.0968,-0.0133,-0.105,0.0172,-0.134,-0.132,0.0141,-0.0016,0.0159,0.0053,0.004,-0.0158,-0.008,-0.0542,0.0132,-0.0749,-0.0598,-0.0093,-0.0722,0.0011,-0.0803,-0.0803,-0.0118,-0.0072,-0.02,-0.0068,-0.0102,-0.0057,0.0115,True,True
DTC_L_8,LanSi,1,CW_01,C,2026-04-03 14:20:44+08:00,ONLINE,False,,CW_1_01,PASS,,,52.2830867,_2026040314204408002,T20260403142044,DESKTOP-P2DUL42,Loma,1,CW_1_01,2,paul di,2024.0718.155524,V20260126.2,CW_DTCL_DTCR_STC,T20260403142136,52.2830867,True,True,True,True,True,True,True,4S2RND2HBL06DS,v1.0.1,2025_12_22,315.3407,321.3111,475.5573,300.1527,296.2452,149.8645,150.1918,341.1712,334.7626,487.3094,-5.0805,0.4618,-0.0001,0.0,-0.2308,1.5594,-0.2192,1.5538,0.6658,156.2832,152.4873,150.7217,156.1318,153.906,0.8141,0.8126,0.8206,0.786,0.786,0.7848,0.7693,0.7916,0.7568,0.7568,0.8151,0.8129,0.8139,0.7599,0.7399,0.7286,0.7507,0.6977,0.6977,0.8147,0.7019,0.8083,0.8016,0.7019,0.8449,0.8188,0.7486,0.8537,0.8232,0.764,0.7817,0.7771,0.7486,0,0,0,0,0,v1.0.1,2025_12_22,315.3261,321.4058,476.6618,300.1176,296.1538,148.891,149.0405,341.4189,334.971,488.4348,-5.0693,0.5536,-0.0001,0.0,-0.2307,1.5596,-0.2193,1.5532,0.6657,162.8291,159.5527,165.3135,164.0674,162.9407,0.6838,0.6859,0.6823,0.6913,0.6823,0.6657,0.6363,0.6459,0.6608,0.6363,0.6432,0.6552,0.6497,0.632,0.6089,0.6307,0.643,0.6133,0.6089,0.6812,0.5511,0.6719,0.6641,0.5511,0.6565,0.6875,0.6358,0.6696,0.6802,0.6788,0.671,0.6268,0.6268,0,0,0,0,0,v1.0.1,2025_12_22,314.0849,313.6698,439.2054,299.0804,300.5,182.5,186.2149,328.4298,328.2712,444,-5.8447,-5.964,-0.0001,-0.0001,-0.2156,1.5671,-0.2144,1.5619,0.6747,175.625,174.9648,173.2031,175.752,174.8862,0.7925,0.6951,0.7931,0.6811,0.6811,0.7391,0.6556,0.7568,0.6557,0.6556,0.782,0.7712,0.7648,0.6912,0.6912,0.7257,0,0.7339,0.6554,0.6554,0,0,0,0,0,v1.0.1,2025_12_22,314.0849,313.6698,440.009,298.8919,300.3223,181.7355,185.3109,328.4538,328.339,444.822,-5.8868,-5.9854,-0.0001,-0.0001,-0.2163,1.5663,-0.2138,1.562,0.6746,147.8232,144.1133,142.7461,145.7637,145.1116,0.6532,0.5953,0.6571,0.5983,0.5953,0.6289,0.5568,0.6199,0.5836,0.5568,0.6387,0.6222,0.6426,0.6061,0.6061,0.5941,0.5269,0.588,0.5568,0.5269,0,0,0,0,0,-0.0163,-0.0409,-0.0205,-0.0349,-0.0349,0.0043,-0.0519,-0.006,-0.0263,-0.0237,-0.0043,-0.0017,0.0057,-0.009,-0.0907,-0.0999,-0.0414,-0.0581,0.0229,-0.009,-0.0089,-0.0247,-0.0102,-0.0162,-0.0102,-0.0011,-0.043,0.0032,-0.0115,-0.0064,-0.0077,0.0098,-0.0068,-0.0089,-0.0544,-0.0426,-0.0156,-0.0164,0.0156,-0.0141,0.0032,-0.1217,-0.0092,-0.1073,-0.1073,-0.0073,-0.1207,0.0001,-0.0939,-0.0908,0.0117,0.0092,0.007,-0.0091,0.0017,-0.0012,-0.002,-0.0777,-0.0149,-0.0817,-0.0599,-0.0104,-0.0975,-0.0072,-0.0498,-0.0703,0.0002,-0.0145,-0.0006,0.0094,0.0094,0.015,0.0093,True,True
DTC_R_8,LanSi,1,CW_01,C,2026-04-03 14:20:43+08:00,ONLINE,False,,CW_1_01,PASS,,,52.4945218,_2026040314204387801,T20260403142043,DESKTOP-P2DUL42,Loma,1,CW_1_01,1,paul di,2024.0718.155524,V20260126.2,CW_DTCL_DTCR_STC,T20260403142136,52.4945218,True,True,True,True,True,True,True,4S2RND2HBL0DP6,v1.0.1,2025_12_22,315.1533,316.8102,474.6296,296.9556,295.5168,147.4564,149.543,336.9073,335.3077,484.4196,-5.4699,-2.9902,-0.0001,-0.0,-0.2233,1.5548,-0.2202,1.5506,0.6655,156.9912,154.832,154.1318,156.7217,155.6692,0.8728,0.8399,0.883,0.8346,0.8346,0.83,0.7902,0.81,0.7772,0.7772,0.8042,0.8085,0.8147,0.8107,0.7846,0.7751,0.732,0.7363,0.732,0.828,0.8124,0.7801,0.8561,0.7801,0.8356,0.7805,0.7909,0.8202,0.8183,0.7454,0.7735,0.8474,0.7454,0,0,0,0,0,v1.0.1,2025_12_22,315.0791,316.8633,475.8043,296.8333,295.3673,146.415,148.38,337.1533,335.4552,485.4069,-5.4828,-2.9656,-0.0001,-0.0,-0.2235,1.5551,-0.2206,1.55,0.6653,165.4785,159.1621,167.8057,167.8672,165.0784,0.7098,0.6941,0.7125,0.702,0.6941,0.6823,0.6582,0.6705,0.6522,0.6522,0.6499,0.6548,0.6578,0.6661,0.6391,0.6531,0.5931,0.6171,0.5931,0.6822,0.6758,0.6458,0.5185,0.5185,0.6501,0.6566,0.6628,0.6673,0.6555,0.6477,0.6552,0.6861,0.6477,0,0,0,0,0,v1.0.1,2025_12_22,317.4505,328.4865,441.5478,313.3826,302.9593,195.6341,188.8618,342.6179,331.8919,456.6216,-2.9577,7.8485,-0.0,0.0001,-0.2206,1.5616,-0.2089,1.558,0.6725,177.043,177.3857,177.2998,178.4062,177.5337,0.8113,0.7281,0.8203,0.7145,0.7145,0.7675,0.6684,0.7799,0.68,0.6684,0.77,0.7655,0.7742,0.7515,0.7515,0.7506,0.6837,0.7238,0,0.6837,0,0,0,0,0,v1.0.1,2025_12_22,317.4091,328.4545,442.4643,313.2589,302.76,194.88,187.878,342.6667,331.9273,457.5,-3.0123,7.852,-0.0,0.0001,-0.2204,1.561,-0.2088,1.5582,0.6725,148.9502,143.1182,144.8496,146.9707,145.9722,0.6622,0.6172,0.676,0.6071,0.6071,0.6424,0.5771,0.6385,0.579,0.5771,0.63,0.6395,0.6285,0.6354,0.6285,0.5946,0.5612,0.5743,0.5468,0.5468,0,0,0,0,0,0.0019,-0.0426,0.0084,-0.0376,-0.0363,0,-0.024,-0.0058,-0.0641,-0.037,-0.0224,-0.0047,0.0031,-0.0068,-0.0335,-0.0419,-0.0681,-0.1036,-0.0145,-0.0181,-0.0035,-0.0208,0.0041,-0.012,-0.0143,-0.0038,-0.0192,-0.0026,-0.0351,-0.0209,0.0066,0.0106,0.0005,-0.0024,-0.01,-0.0073,-0.0445,-0.0242,-0.0084,-0.0088,-0.0031,-0.107,0.0101,-0.1157,-0.0957,-0.0143,-0.1144,0.0056,-0.0963,-0.1059,-0.0019,-0.011,0.0128,0.0037,0.0043,-0.0061,-0.0108,-0.0517,0.0033,-0.0769,-0.0618,-0.0072,-0.0776,-0.0116,-0.0689,-0.0708,-0.0047,-0.0034,-0.0211,0.0023,-0.0046,-0.0043,0.0018,True,True
DTC_R_9,LanSi,1,CW_01,A,2026-04-03 14:22:41+08:00,ONLINE,False,,CW_1_01,PASS,,,53.2807315,_2026040314224106901,T20260403142241,DESKTOP-P2DUL42,Loma,1,CW_1_01,1,paul di,2024.0718.155524,V20260126.2,CW_DTCL_DTCR_STC,T20260403142334,53.2807315,True,True,True,True,True,True,True,4S2RND2HBL0DP6,v1.0.1,2025_12_22,315.4167,317.8712,475.5,298.3529,295.8836,149.6301,149.7415,337.8299,335.9195,485,-5.0078,-1.7632,-0.0001,-0.0,-0.2208,1.5547,-0.2194,1.5482,0.6657,156.626,154.1572,153.7168,156.501,155.2502,0.8642,0.7945,0.8786,0.7709,0.7709,0.8226,0.7622,0.8165,0.7867,0.7622,0.8123,0.8205,0.8146,0.8243,0.7399,0.7486,0.7782,0.7225,0.7225,0.8308,0.804,0.7902,0.5112,0.5112,0.8492,0.7727,0.7788,0.8065,0.7831,0.98,0.8246,0.8351,0.7727,0,0,0,0,0,v1.0.1,2025_12_22,315.3162,317.8088,476.597,298.1716,295.8151,148.5685,148.5436,337.9866,335.9932,486.0479,-5.047,-1.7833,-0.0001,-0.0,-0.2206,1.5556,-0.2199,1.548,0.6658,164.6768,159.7637,168.2627,167.3311,165.0085,0.7041,0.6756,0.7224,0.6721,0.6721,0.6871,0.6559,0.6638,0.6568,0.6559,0.6513,0.6542,0.6584,0.6444,0.6298,0.6315,0.6166,0.6118,0.6118,0.67,0.6575,0.6475,0.0224,0.0224,0.6493,0.6526,0.65,0.6535,0.6585,0.523,0.6403,0.6781,0.523,0,0,0,0,0,v1.0.1,2025_12_22,317.8381,329.0857,442.5175,314.3421,303.3333,197.2602,189.122,343.3333,332.287,456.5478,-2.4804,8.6138,-0.0,0.0001,-0.2172,1.5607,-0.2097,1.5574,0.6728,176.6611,176.5303,176.4756,177.7188,176.8464,0.814,0.6512,0.8203,0.6049,0.6049,0.7793,0.6524,0.7798,0.6571,0.6524,0.7645,0.7827,0.7756,0.7642,0.7642,0.7463,0.6661,0.7155,0,0.6661,0,0,0,0,0,v1.0.1,2025_12_22,317.8667,329.1905,443.2679,314.2679,303.25,196.5726,188.1721,343.3443,332.431,457.431,-2.5025,8.6612,-0.0,0.0001,-0.2179,1.5605,-0.2082,1.5572,0.6729,148.2812,143.2236,145.085,146.2822,145.718,0.6625,0.5769,0.6918,0.5534,0.5534,0.6351,0.5656,0.6516,0.5787,0.5656,0.64,0.6347,0.6424,0.642,0.6347,0.5705,0.5497,0.5876,0.2769,0.2769,0,0,0,0,0,-0.0067,-0.088,0.004,-0.1013,-0.1,-0.0074,-0.052,0.0007,-0.0546,-0.052,-0.0143,0.0073,0.003,0.0068,-0.0782,-0.0684,-0.0219,-0.1174,-0.0117,-0.008,-0.0092,-0.0393,0.014,-0.0419,-0.0363,0.001,-0.0215,-0.0093,-0.0305,-0.0172,0.008,0.01,0.0011,-0.0241,-0.0193,-0.0289,-0.021,-0.0295,-0.0206,-0.0071,-0.0004,-0.1839,0.0101,-0.2253,-0.2053,-0.0025,-0.1304,0.0055,-0.1192,-0.1219,-0.0074,0.0062,0.0142,0.0164,0,-0.0144,-0.0105,-0.092,0.0191,-0.1306,-0.1155,-0.0145,-0.0891,0.0015,-0.0692,-0.0823,0.0053,-0.0082,-0.0072,0.0089,0.0016,-0.0284,0.0151,True,True
DTC_L_9,LanSi,1,CW_01,A,2026-04-03 14:22:41+08:00,ONLINE,False,,CW_1_01,PASS,,,53.3016762,_2026040314224106902,T20260403142241,DESKTOP-P2DUL42,Loma,1,CW_1_01,2,paul di,2024.0718.155524,V20260126.2,CW_DTCL_DTCR_STC,T20260403142334,53.3016762,True,True,True,True,True,True,True,4S2RND2HBL06DS,v1.0.1,2025_12_22,314.2222,322.8667,474.2148,302.2222,294.973,152.2095,148.5,342.5867,333.4662,489.0376,-6.4248,2.2845,-0.0001,0.0,-0.2278,1.558,-0.2179,1.555,0.6668,156.752,152.7363,150.8271,155.6533,153.9922,0.8258,0.7943,0.84,0.793,0.793,0.7847,0.7758,0.7917,0.7547,0.7547,0.8217,0.8165,0.8254,0.767,0.7829,0.6867,0.7744,0.6947,0.6867,0.8143,0.7354,0.8357,0.805,0.7354,0.8445,0.809,0.7835,0.8354,0.8332,0.7965,0.8001,0.7831,0.7831,0,0,0,0,0,v1.0.1,2025_12_22,314.1957,322.8333,475.3066,302.1168,294.8993,151.2349,147.3826,342.7383,333.7357,490.1071,-6.396,2.3061,-0.0001,0.0,-0.2274,1.5583,-0.2182,1.554,0.6667,163.207,159.3271,165.2803,163.5586,162.8433,0.6833,0.6687,0.6935,0.6875,0.6687,0.6649,0.6349,0.6442,0.66,0.6349,0.6443,0.6452,0.6653,0.6236,0.6353,0.607,0.6484,0.6052,0.6052,0.6739,0.5795,0.6786,0.6835,0.5795,0.6487,0.6706,0.6539,0.6902,0.6783,0.6536,0.669,0.6215,0.6215,0,0,0,0,0,v1.0.1,2025_12_22,313,315.1538,438,300.6852,299.2358,184.0244,184.65,329.6333,327.1466,445.4138,-7.0935,-4.5179,-0.0001,-0.0,-0.2147,1.5657,-0.2118,1.5621,0.6753,175.9111,174.9424,173.1777,175.2861,174.8293,0.7954,0.6919,0.8022,0.6783,0.6783,0.7469,0.6654,0.7519,0.6732,0.6654,0.7798,0.7719,0.7809,0.7095,0.7095,0.745,0,0.7279,0.7141,0.7141,0,0,0,0,0,v1.0.1,2025_12_22,313.1215,315.1028,438.8053,300.708,299.0924,183.2773,183.8417,329.7417,327.3475,446.2712,-7.0583,-4.4798,-0.0001,-0.0,-0.2135,1.5643,-0.2122,1.5622,0.6752,148.2959,143.8828,142.8252,145.5605,145.1411,0.6575,0.5792,0.6714,0.6059,0.5792,0.6336,0.5619,0.6214,0.5845,0.5619,0.6331,0.624,0.6454,0.623,0.623,0.5855,0.518,0.5919,0.5744,0.518,0,0,0,0,0,-0.0046,-0.0592,-0.0011,-0.0279,-0.0279,0.0042,-0.0454,-0.0059,-0.0284,-0.0258,0.0023,0.0019,0.0172,-0.0019,-0.0477,-0.1418,-0.0177,-0.0611,0.0225,0.0184,-0.0094,-0.0419,0.001,-0.02,-0.0238,-0.0019,-0.0444,0.0015,-0.0123,-0.0078,-0.0066,-0.0002,0.0088,-0.0173,-0.028,-0.0663,-0.0102,-0.0245,0.0083,-0.0074,0.0061,-0.1249,-0.0001,-0.1101,-0.1101,0.0005,-0.1109,-0.0048,-0.0764,-0.081,0.0095,0.0099,0.0231,0.0092,0.021,-0.0072,0.0023,-0.0938,-0.0006,-0.0741,-0.076,-0.0057,-0.0924,-0.0057,-0.0489,-0.0652,-0.0054,-0.0127,0.0022,0.0263,0.0263,0.0064,0.0132,True,True
DTC_L_10,LanSi,1,CW_01,B,2026-04-03 14:24:38+08:00,ONLINE,False,,CW_1_01,PASS,,,51.956697,_2026040314243884602,T20260403142438,DESKTOP-P2DUL42,Loma,1,CW_1_01,2,paul di,2024.0718.155524,V20260126.2,CW_DTCL_DTCR_STC,T20260403142530,51.956697,True,True,True,True,True,True,True,4S2RND2HBL06DS,v1.0.1,2025_12_22,315.2593,322.2815,475.5,301.5,296.5302,151.6443,150.0068,342.0952,334.781,487.6788,-5.0845,1.54,-0.0001,0.0,-0.2285,1.561,-0.2188,1.5528,0.6666,156.168,152.1455,150.0654,155.3643,153.4358,0.8196,0.7721,0.8339,0.7994,0.7721,0.7863,0.7499,0.7814,0.7335,0.7335,0.8113,0.8199,0.8123,0.7719,0.7463,0.7252,0.7531,0.6992,0.6992,0.8075,0.5492,0.8207,0.8034,0.5492,0.84,0.7291,0.7379,0.8312,0.8313,0.7913,0.7704,0.7735,0.7291,0,0,0,0,0,v1.0.1,2025_12_22,315.2086,322.3669,476.6286,301.4429,296.3333,150.6933,148.9324,342.3514,334.8478,488.7609,-5.1098,1.6231,-0.0001,0.0,-0.2284,1.5608,-0.2191,1.5528,0.6665,164.4414,159.8916,165.373,165.1641,163.7175,0.6673,0.6696,0.6893,0.6955,0.6673,0.6573,0.634,0.638,0.6449,0.634,0.6535,0.6601,0.6474,0.6154,0.6297,0.6338,0.6316,0.593,0.593,0.6568,0.5271,0.6959,0.684,0.5271,0.654,0.6304,0.6112,0.6909,0.6844,0.6602,0.6677,0.6298,0.6112,0,0,0,0,0,v1.0.1,2025_12_22,314.0849,314.6698,439.2018,300.1842,300.7295,184.0738,186.395,329.395,328.3565,444.4783,-5.7465,-4.9398,-0.0001,-0.0,-0.2147,1.5684,-0.2143,1.5608,0.675,175.3145,174.5947,172.4287,174.8389,174.2942,0.7793,0.669,0.7941,0.675,0.669,0.7459,0.6603,0.7569,0.6514,0.6514,0.7754,0.8031,0.7703,0.6899,0.6899,0.7126,0,0.7139,0.6727,0.6727,0,0,0,0,0,v1.0.1,2025_12_22,314.0849,314.6698,439.9455,300,300.5,183.5,185.4322,329.4322,328.3697,445.3193,-5.8335,-4.9157,-0.0001,-0.0,-0.2155,1.5671,-0.2137,1.5614,0.6748,149.3291,144.3594,143.0186,147.0234,145.9326,0.6466,0.5737,0.6593,0.6144,0.5737,0.6318,0.566,0.6256,0.5803,0.566,0.6356,0.6339,0.6396,0.5942,0.5942,0.566,0.4908,0.5871,0.5624,0.4908,0,0,0,0,0,-0.0108,-0.0814,-0.0072,-0.0215,-0.0488,0.0058,-0.0713,-0.0162,-0.0496,-0.047,-0.0081,0.0053,0.0041,0.003,-0.0843,-0.1033,-0.039,-0.0566,0.0157,0.0034,-0.0254,-0.041,-0.0032,-0.012,-0.0252,-0.0095,-0.0453,-0.0047,-0.0274,-0.0087,0.0026,0.0147,-0.0091,-0.0255,-0.0336,-0.0395,-0.027,-0.0367,-0.0088,0.0099,-0.01,-0.1478,-0.0082,-0.1134,-0.1194,-0.0005,-0.116,0.0002,-0.0982,-0.095,0.0051,0.0411,0.0125,-0.0104,-0.0114,-0.0212,-0.0086,-0.0993,-0.0127,-0.0656,-0.0815,-0.0075,-0.0883,-0.0015,-0.0531,-0.0611,-0.0029,-0.0028,-0.0036,-0.0025,-0.0025,-0.0131,0.0084,True,True
DTC_R_10,LanSi,1,CW_01,B,2026-04-03 14:24:38+08:00,ONLINE,False,,CW_1_01,PASS,,,51.9447278,_2026040314243884501,T20260403142438,DESKTOP-P2DUL42,Loma,1,CW_1_01,1,paul di,2024.0718.155524,V20260126.2,CW_DTCL_DTCR_STC,T20260403142530,51.9447278,True,True,True,True,True,True,True,4S2RND2HBL0DP6,v1.0.1,2025_12_22,315.0882,316.5,474.7007,296.635,295.5034,147.2721,149.56,336.56,335.2676,483.7958,-5.476,-3.3474,-0.0001,-0.0,-0.2233,1.5551,-0.2201,1.5502,0.6655,157.0322,154.7354,154.0361,156.915,155.6797,0.8727,0.8412,0.871,0.8281,0.8281,0.8196,0.7516,0.818,0.7881,0.7516,0.8391,0.8108,0.817,0.8166,0.7718,0.7566,0.7638,0.7516,0.7516,0.839,0.8141,0.7843,0.98,0.7843,0.8358,0.782,0.7897,0.8122,0.8201,0.8427,0.7706,0.8484,0.7706,0,0,0,0,0,v1.0.1,2025_12_22,315.0882,316.5,475.8,296.4143,295.2829,146.2895,148.5,336.5867,335.3873,484.7324,-5.4883,-3.3954,-0.0001,-0.0,-0.2238,1.5544,-0.2195,1.5502,0.6653,164.9443,159.2236,168.1699,167.4541,164.948,0.7026,0.7014,0.7153,0.699,0.699,0.677,0.6428,0.6777,0.6612,0.6428,0.6444,0.6511,0.6585,0.6599,0.646,0.6417,0.6092,0.6221,0.6092,0.6799,0.6681,0.6637,0.3345,0.3345,0.6625,0.6477,0.6448,0.6612,0.6524,0.6444,0.671,0.6928,0.6444,0,0,0,0,0,v1.0.1,2025_12_22,317.5,328,441.7321,312.7321,302.8943,195.3089,188.8254,342.2143,331.9018,455.9464,-2.9293,7.3404,-0.0,0.0001,-0.2218,1.5606,-0.2095,1.5582,0.6719,176.9521,177.0264,176.8223,178.0752,177.219,0.8134,0.7166,0.8286,0.6814,0.6814,0.7687,0.6599,0.7901,0.678,0.6599,0.7764,0.7668,0.7572,0.7527,0.7527,0.7423,0.6895,0.7081,0,0.6895,0,0,0,0,0,v1.0.1,2025_12_22,317.5,328,442.5841,312.7611,302.8033,194.7705,188,342.4127,331.9375,456.7589,-2.935,7.4406,-0.0,0.0001,-0.2207,1.5604,-0.2103,1.5586,0.672,148.4746,143.0537,144.9375,146.2646,145.6826,0.6612,0.6146,0.6783,0.5863,0.5863,0.6437,0.5777,0.647,0.595,0.5777,0.6292,0.6257,0.6466,0.6307,0.6257,0.6032,0.5623,0.5666,0.46,0.46,0,0,0,0,0,0.0018,-0.0413,-0.0036,-0.0441,-0.0428,-0.0104,-0.0626,0.0022,-0.0532,-0.0626,0.0125,-0.0024,0.0054,-0.0009,-0.0463,-0.0604,-0.0363,-0.0883,-0.0035,-0.0139,-0.0107,-0.0135,0.0069,-0.015,-0.0094,-0.0091,-0.0346,0.0046,-0.0261,-0.0303,0.0011,0.0069,0.0012,-0.0086,-0.0031,-0.0187,-0.0284,-0.0192,-0.0107,0.0091,-0.001,-0.1185,0.0184,-0.1488,-0.1288,-0.0131,-0.1229,0.0158,-0.0983,-0.1144,0.0045,-0.0097,-0.0042,0.0049,-0.004,-0.0218,-0.0118,-0.0543,0.0056,-0.0977,-0.0826,-0.0059,-0.077,-0.0031,-0.0529,-0.0702,-0.0055,-0.0172,-0.003,-0.0024,-0.0074,0.0043,-0.0059,True,True
DTC_R_11,LanSi,1,CW_01,C,2026-04-03 14:26:27+08:00,ONLINE,False,,CW_1_01,FAIL,SFR_VIS_25cm_Ny4_06F_ROI14;SFR_VIS_25cm_Ny4_06F_Min,sfr_25Algo,52.5360593,_2026040314262757601,T20260403142627,DESKTOP-P2DUL42,Loma,1,CW_1_01,1,paul di,2024.0718.155524,V20260126.2,CW_DTCL_DTCR_STC,T20260403142720,52.5360593,True,True,True,True,True,True,True,4S2RND2HBL0DP6,v1.0.1,2025_12_22,315.1295,316.3165,474.7407,296.4519,295.604,147.4564,149.5,336.4133,335.2979,483.7589,-5.4456,-3.4206,-0.0001,-0.0,-0.2233,1.5552,-0.2202,1.5504,0.6655,156.8975,154.0361,153.8408,156.7773,155.3879,0.8709,0.8201,0.8697,0.8403,0.8201,0.8244,0.7507,0.821,0.7835,0.7507,0.8345,0.816,0.8194,0.8243,0.6941,0.6381,0.7428,0.7259,0.6381,0.8352,0.8199,0.7941,0.98,0.7941,0.8396,0.8026,0.7899,0.8147,0.8139,0.8632,0.7904,0.8523,0.7899,0,0,0,0,0,v1.0.1,2025_12_22,315.1079,316.223,475.8321,296.2847,295.3826,146.4631,148.4832,336.4564,335.3706,484.7133,-5.4647,-3.4719,-0.0001,-0.0,-0.2229,1.5546,-0.2203,1.5506,0.6655,165.1484,159.5352,168.1279,167.3477,165.0398,0.7042,0.6865,0.7103,0.7006,0.6865,0.6869,0.6347,0.6692,0.6576,0.6347,0.6469,0.6456,0.6708,0.665,0.5957,0.5713,0.62,0.6201,0.5713,0.6762,0.6514,0.648,0.2985,0.2985,0.6485,0.6595,0.6612,0.6606,0.6646,0.6555,0.6602,0.6816,0.6485,0,0,0,0,0,v1.0.1,2025_12_22,317.3458,327.8785,441.7321,312.7321,302.8197,195.1475,188.7236,342.0081,331.9115,456,-2.9935,7.2533,-0.0,0.0001,-0.2207,1.5613,-0.2089,1.5571,0.6722,176.7432,176.5273,176.5371,178.0293,176.9592,0.8134,0.7059,0.8256,0.7251,0.7059,0.7751,0.7391,0.7873,0.6716,0.6716,0.7804,0.7687,0.7825,0.754,0.754,0.7583,0.6964,0.7087,0,0.6964,0,0,0,0,0,v1.0.1,2025_12_22,317.2885,328,442.4298,312.5702,302.7355,194.4793,187.7642,342.2276,331.8636,456.7364,-3.0837,7.3027,-0.0,0.0001,-0.2222,1.5617,-0.2089,1.5575,0.6721,148.3164,143.0928,145.0439,146.2461,145.6748,0.6669,0.5941,0.6848,0.6168,0.5941,0.6437,0.6199,0.6556,0.5874,0.5874,0.6308,0.6269,0.6399,0.6311,0.6269,0.5859,0.5709,0.5846,0.4306,0.4306,0,0,0,0,0,0,-0.0624,-0.0049,-0.0319,-0.0508,-0.0056,-0.0635,0.0052,-0.0578,-0.0635,0.0079,0.0028,0.0078,0.0068,-0.124,-0.1789,-0.0573,-0.114,-0.0073,-0.0041,-0.0091,-0.0284,0.0019,-0.0134,-0.0219,0.0008,-0.0427,-0.0039,-0.0297,-0.0384,0.0036,0.0014,0.0135,-0.0035,-0.0534,-0.0891,-0.0176,-0.0212,-0.0144,-0.0066,-0.001,-0.1292,0.0154,-0.1051,-0.1043,-0.0067,-0.0437,0.013,-0.1047,-0.1027,0.0085,-0.0078,0.0211,0.0062,0.012,-0.0212,-0.0061,-0.0748,0.0121,-0.0672,-0.0748,-0.0059,-0.0348,0.0055,-0.0605,-0.0605,-0.0039,-0.016,-0.0097,-0.002,-0.0062,-0.013,0.0121,True,True
DTC_L_11,LanSi,1,CW_01,C,2026-04-03 14:26:27+08:00,ONLINE,False,,CW_1_01,PASS,,,52.6677071,_2026040314262746302,T20260403142627,DESKTOP-P2DUL42,Loma,1,CW_1_01,2,paul di,2024.0718.155524,V20260126.2,CW_DTCL_DTCR_STC,T20260403142720,52.6677071,True,True,True,True,True,True,True,4S2RND2HBL06DS,v1.0.1,2025_12_22,314.0963,322.5481,474.4091,301.8106,294.94,151.6533,148.4702,342.3775,333.4662,489.0376,-6.4236,1.9854,-0.0001,0.0,-0.2281,1.5587,-0.2186,1.5545,0.6666,156.5156,152.2256,150.293,155.8477,153.7205,0.8252,0.8149,0.8351,0.8008,0.8008,0.7724,0.7489,0.7906,0.7476,0.7476,0.8063,0.816,0.8032,0.7703,0.7425,0.7187,0.7888,0.6904,0.6904,0.8123,0.98,0.8185,0.854,0.8123,0.8424,0.7744,0.7372,0.8526,0.8355,0.8208,0.8118,0.7859,0.7372,0,0,0,0,0,v1.0.1,2025_12_22,314.1606,322.6204,475.4928,301.6232,294.8618,150.6513,147.44,342.44,333.7101,490.0507,-6.3669,1.9771,-0.0001,0.0,-0.2289,1.5585,-0.2178,1.554,0.6665,164.8672,159.7666,165.8086,165.3252,163.9419,0.6751,0.6778,0.6798,0.7013,0.6751,0.6463,0.6256,0.6408,0.6592,0.6256,0.6338,0.6504,0.6427,0.6486,0.6225,0.6154,0.6506,0.6002,0.6002,0.6637,0.487,0.6834,0.6979,0.487,0.6557,0.6368,0.6177,0.6823,0.6619,0.6844,0.6751,0.6181,0.6177,0,0,0,0,0,v1.0.1,2025_12_22,312.9231,314.8654,438.0459,300.2844,299.125,184.0167,184.6525,329.4153,327.0862,445.2241,-7.1335,-4.7388,-0.0001,-0.0,-0.2155,1.5652,-0.2124,1.5621,0.6748,175.7207,174.8408,172.832,175.249,174.6606,0.7981,0.7157,0.7812,0.6896,0.6896,0.7455,0.6417,0.7492,0.6721,0.6417,0.7921,0.7727,0.7736,0.6924,0.6924,0.7204,0,0.7413,0.7353,0.7204,0,0,0,0,0,v1.0.1,2025_12_22,313,314.9029,438.8829,300.2072,299.0339,183.1441,183.9016,329.5,327.2833,446.0917,-7.0796,-4.7308,-0.0001,-0.0,-0.2157,1.5647,-0.2121,1.5618,0.6747,149.4082,144.3848,143.5,147.0693,146.0906,0.6597,0.6119,0.667,0.6063,0.6063,0.6212,0.5592,0.6178,0.5781,0.5592,0.633,0.6444,0.6371,0.6104,0.6104,0.5809,0.5198,0.5976,0.582,0.5198,0,0,0,0,0,-0.0052,-0.0386,-0.006,-0.0201,-0.0201,-0.0081,-0.0723,-0.007,-0.0355,-0.0329,-0.0131,0.0014,-0.005,0.0014,-0.0881,-0.1098,-0.0033,-0.0654,0.0205,0.0012,-0.0176,-0.0328,-0.0127,-0.0062,-0.0174,-0.0205,-0.0537,-0.0019,-0.0131,-0.0171,-0.0171,0.005,-0.0138,0.0077,-0.0408,-0.0579,-0.008,-0.0295,-0.0019,-0.0026,0.0088,-0.1011,-0.0211,-0.0988,-0.0988,-0.0009,-0.1346,-0.0075,-0.0775,-0.1047,0.0218,0.0107,0.0158,-0.0079,-0.0036,0.0062,0.0045,-0.0611,-0.005,-0.0737,-0.0489,-0.0181,-0.0951,-0.0093,-0.0553,-0.0679,-0.0055,0.0077,-0.0061,0.0137,0.0137,0.0018,0.0189,True,True
DTC_L_12,LanSi,1,CW_01,A,2026-04-03 14:36:23+08:00,ONLINE,False,,CW_1_01,PASS,,,52.8172647,_2026040314362368302,T20260403143623,DESKTOP-P2DUL42,Loma,1,CW_1_01,2,paul di,2024.0718.155524,V20260126.2,CW_DTCL_DTCR_STC,T20260403143716,52.8172647,True,True,True,True,True,True,True,4S2RND2HBL06DS,v1.0.1,2025_12_22,314.292,323,474.2868,302.5074,294.9145,151.9408,148.6184,342.7105,333.7214,489.2857,-6.3334,2.3889,-0.0001,0.0,-0.2269,1.5575,-0.2179,1.554,0.6667,156.0332,152.1045,150.1191,155.4775,153.4336,0.8193,0.7928,0.8311,0.7739,0.7739,0.7698,0.7629,0.7821,0.7531,0.7531,0.8179,0.8174,0.809,0.7665,0.7624,0.7256,0.7592,0.7079,0.7079,0.7973,0.7966,0.8304,0.8467,0.7966,0.8413,0.798,0.7974,0.8432,0.823,0.8245,0.7997,0.7703,0.7703,0,0,0,0,0,v1.0.1,2025_12_22,314.292,323,475.3309,302.3885,294.8609,150.9272,147.3514,342.9865,333.8156,490.3688,-6.3698,2.4342,-0.0001,0.0,-0.2268,1.5578,-0.2186,1.5542,0.6666,164.7812,160.7979,167.2588,166.2402,164.7695,0.6723,0.6875,0.6896,0.6922,0.6723,0.6582,0.6254,0.6354,0.6649,0.6254,0.6432,0.6545,0.6444,0.6474,0.6263,0.6355,0.6422,0.612,0.612,0.6646,0.5275,0.6854,0.6996,0.5275,0.6462,0.667,0.6456,0.6792,0.6854,0.6817,0.682,0.6334,0.6334,0,0,0,0,0,v1.0.1,2025_12_22,313,315.3962,437.991,301.1081,299.1102,184.3983,184.6721,330,327.0769,445.6325,-7.13,-4.193,-0.0001,-0.0,-0.2133,1.5646,-0.2128,1.5626,0.6753,175.7803,175.0205,172.9658,175.4072,174.7935,0.7916,0.6893,0.8029,0.6644,0.6644,0.7433,0.6643,0.7537,0.6692,0.6643,0.7769,0.7707,0.7653,0.7123,0.7123,0.7239,0,0.7322,0.728,0.7239,0,0,0,0,0,v1.0.1,2025_12_22,313,315.2642,438.7946,300.9196,299.0085,183.7627,183.813,330.0244,327.3103,446.5,-7.1147,-4.2058,-0.0001,-0.0,-0.213,1.5643,-0.2132,1.5617,0.6749,149.6934,145.1797,144.7725,147.8145,146.865,0.6702,0.6048,0.6718,0.5983,0.5983,0.6308,0.5661,0.6106,0.5882,0.5661,0.6348,0.6407,0.6487,0.6288,0.6288,0.5818,0.552,0.5889,0.574,0.552,0,0,0,0,0,-0.0111,-0.0607,-0.01,-0.047,-0.047,-0.0107,-0.0583,-0.0155,-0.03,-0.0274,-0.0015,0.0028,0.0008,-0.0024,-0.0682,-0.1029,-0.0329,-0.0479,0.0055,0.0131,-0.0204,-0.0231,-0.0029,-0.0153,-0.0202,-0.0086,-0.0539,-0.0073,-0.0074,-0.0173,-0.0077,0.0091,-0.0121,0.0065,-0.037,-0.0378,-0.0164,-0.0177,-0.001,-0.0006,0.0023,-0.1275,0.0006,-0.124,-0.124,-0.0031,-0.112,-0.003,-0.0804,-0.0821,0.0066,0.0087,0.0075,0.012,-0.0001,-0.0029,0.015,-0.0682,-0.0002,-0.0817,-0.0569,-0.0085,-0.0882,-0.0165,-0.0452,-0.061,-0.0037,0.004,0.0055,0.0321,0.0321,0.0027,0.0102,True,True
DTC_R_12,LanSi,1,CW_01,A,2026-04-03 14:36:23+08:00,ONLINE,False,,CW_1_01,PASS,,,52.8282358,_2026040314362368301,T20260403143623,DESKTOP-P2DUL42,Loma,1,CW_1_01,1,paul di,2024.0718.155524,V20260126.2,CW_DTCL_DTCR_STC,T20260403143716,52.8282358,True,True,True,True,True,True,True,4S2RND2HBL0DP6,v1.0.1,2025_12_22,315.3406,317.6594,475.5672,298.1194,295.9167,149.0486,149.7483,337.6954,335.9122,484.9527,-5.003,-2.0049,-0.0001,-0.0,-0.2208,1.5556,-0.2199,1.5479,0.6657,157.4111,155.2539,154.8623,157.2715,156.1997,0.8643,0.805,0.8752,0.7689,0.7689,0.8293,0.7618,0.8235,0.7401,0.7401,0.8301,0.8167,0.8279,0.8218,0.7293,0.7328,0.7667,0.7556,0.7293,0.8363,0.801,0.7748,0.691,0.691,0.8288,0.7822,0.7531,0.8064,0.7991,0.7224,0.8108,0.8419,0.7224,0,0,0,0,0,v1.0.1,2025_12_22,315.295,317.6691,476.6765,298.0368,295.8951,148.0909,148.6133,337.8,335.96,485.98,-5.012,-1.9847,-0.0001,-0.0,-0.2205,1.5564,-0.2197,1.5481,0.6661,163.4668,157.3604,165.8838,165.9824,163.1733,0.698,0.6872,0.7111,0.6652,0.6652,0.6791,0.6456,0.6663,0.633,0.633,0.6553,0.6549,0.6429,0.6663,0.6375,0.64,0.6269,0.6132,0.6132,0.6783,0.6414,0.6642,0.0778,0.0778,0.6496,0.6471,0.6471,0.6589,0.6582,0.5236,0.6295,0.6736,0.5236,0,0,0,0,0,v1.0.1,2025_12_22,317.7692,329.0577,442.3153,314.2432,303.248,197.032,189.0726,343.3468,332.1429,456.4196,-2.5904,8.5199,-0.0,0.0001,-0.2179,1.5607,-0.2101,1.5579,0.6727,177.4502,177.9912,177.9238,178.6123,177.9944,0.8201,0.6719,0.8361,0.626,0.626,0.7747,0.6513,0.7912,0.6335,0.6335,0.7733,0.7785,0.7706,0.7608,0.7608,0.7444,0.6666,0.7232,0,0.6666,0,0,0,0,0,v1.0.1,2025_12_22,317.5943,329.0566,443.2727,314.1636,303.1452,196.2177,188.065,343.4146,332.177,457.3274,-2.6491,8.536,-0.0,0.0001,-0.2174,1.5619,-0.2099,1.5571,0.6729,147.5752,141.4238,143.1826,145.2354,144.3542,0.6677,0.5829,0.6809,0.5524,0.5524,0.6453,0.5826,0.6356,0.5526,0.5526,0.6512,0.6528,0.6307,0.6307,0.6307,0.5869,0.5531,0.5906,0.2341,0.2341,0,0,0,0,0,-0.0066,-0.0775,0.0006,-0.1033,-0.102,-0.0007,-0.0524,0.0077,-0.1012,-0.0741,0.0035,0.0035,0.0163,0.0043,-0.0888,-0.0842,-0.0334,-0.0843,-0.0062,-0.0234,-0.0153,-0.0277,0.0027,-0.0488,-0.0432,-0.007,-0.0318,-0.0068,-0.0543,-0.0401,0.012,0.0107,-0.0144,-0.0022,-0.0116,-0.0204,-0.0107,-0.0281,-0.0123,0.0096,0.0057,-0.1632,0.0259,-0.2042,-0.1842,-0.0071,-0.1315,0.0169,-0.1428,-0.1408,0.0014,0.002,0.0092,0.013,-0.0019,-0.0067,-0.0053,-0.086,0.0082,-0.1316,-0.1165,-0.0043,-0.0721,-0.0145,-0.0953,-0.0953,0.0165,0.0099,-0.0189,-0.0024,-0.0024,-0.012,0.0181,True,True
DTC_L_13,LanSi,1,CW_01,B,2026-04-03 14:38:53+08:00,ONLINE,False,,CW_1_01,PASS,,,52.6786005,_2026040314385304602,T20260403143853,DESKTOP-P2DUL42,Loma,1,CW_1_01,2,paul di,2024.0718.155524,V20260126.2,CW_DTCL_DTCR_STC,T20260403143945,52.6786005,True,True,True,True,True,True,True,4S2RND2HBL06DS,v1.0.1,2025_12_22,315.2993,322.365,475.4328,301.7164,296.1854,151.8212,150.0405,342.4189,334.6765,487.9632,-5.1731,1.7569,-0.0001,0.0,-0.2277,1.5587,-0.2202,1.5538,0.6661,156.6445,152.667,150.8291,155.9287,154.0173,0.8259,0.8039,0.8444,0.7894,0.7894,0.7871,0.7664,0.7892,0.7624,0.7624,0.8144,0.8118,0.8144,0.7728,0.7531,0.7349,0.7597,0.7151,0.7151,0.8036,0.8865,0.8176,0.7869,0.7869,0.8519,0.8,0.7644,0.8582,0.8191,0.7666,0.7684,0.7702,0.7644,0,0,0,0,0,v1.0.1,2025_12_22,315.2143,322.5,476.5401,301.6204,296.1156,150.8231,148.894,342.5364,334.9143,489.0214,-5.1643,1.8003,-0.0001,0.0,-0.2282,1.5595,-0.2194,1.5525,0.6661,163.998,160.0059,165.8105,165.252,163.7666,0.6832,0.6809,0.6712,0.6937,0.6712,0.6601,0.6382,0.6484,0.6541,0.6382,0.6591,0.6667,0.6535,0.6371,0.6382,0.6414,0.6293,0.6111,0.6111,0.6652,0.5173,0.6798,0.674,0.5173,0.6501,0.6632,0.6395,0.681,0.662,0.6657,0.6705,0.6314,0.6314,0,0,0,0,0,v1.0.1,2025_12_22,314.0476,314.6286,439.0459,300.2844,300.3554,184.1901,186,329.5,328.1638,444.7328,-5.9775,-4.8328,-0.0001,-0.0,-0.2137,1.5657,-0.2151,1.5622,0.6748,175.9443,175.5244,173.7949,175.7383,175.2505,0.7915,0.7014,0.8081,0.6763,0.6763,0.7506,0.6715,0.754,0.6673,0.6673,0.7705,0.7622,0.7749,0.6909,0.6909,0.7318,0,0.7283,0.6541,0.6541,0,0,0,0,0,v1.0.1,2025_12_22,314.0374,314.6449,439.8496,300.1947,300.322,183.4492,185.175,329.5667,328.2609,445.5043,-5.971,-4.8281,-0.0001,-0.0,-0.2138,1.5661,-0.2148,1.562,0.6749,149.291,144.5703,143.418,147.1777,146.1143,0.6645,0.5879,0.662,0.608,0.5879,0.6286,0.5785,0.6216,0.5769,0.5769,0.6303,0.6338,0.6378,0.6085,0.6085,0.591,0.55,0.5907,0.5638,0.55,0,0,0,0,0,-0.0045,-0.0496,0.0033,-0.0315,-0.0315,0.0066,-0.0548,-0.0084,-0.0207,-0.0181,-0.005,-0.0028,0.0062,0.0039,-0.0775,-0.0936,-0.0324,-0.0407,0.0118,0.0003,-0.0095,-0.0297,-0.0213,-0.0138,-0.0213,-0.0067,-0.0411,0.0057,-0.0182,-0.0045,0.0082,0.0213,-0.003,-0.0038,-0.0251,-0.0319,-0.0293,-0.0186,-0.0004,-0.0062,0.0022,-0.1154,0.0058,-0.1121,-0.1121,0.0042,-0.1048,-0.0027,-0.0823,-0.0791,0.0002,0.0002,0.0171,-0.0094,0.0078,-0.0068,0.0093,-0.0851,-0.01,-0.072,-0.0673,-0.0107,-0.0758,-0.0055,-0.0565,-0.0502,-0.0082,-0.0029,-0.0054,0.0118,0.0118,0.0119,0.012,True,True
DTC_R_13,LanSi,1,CW_01,B,2026-04-03 14:38:53+08:00,ONLINE,False,,CW_1_01,PASS,,,52.4970871,_2026040314385324001,T20260403143853,DESKTOP-P2DUL42,Loma,1,CW_1_01,1,paul di,2024.0718.155524,V20260126.2,CW_DTCL_DTCR_STC,T20260403143945,52.4970871,True,True,True,True,True,True,True,4S2RND2HBL0DP6,v1.0.1,2025_12_22,315.3358,316.9552,475.5407,297.4741,295.8836,148.6301,149.7192,336.9247,335.9605,485.5,-5.012,-2.4032,-0.0001,-0.0,-0.2205,1.5552,-0.2195,1.5485,0.6659,157.5381,155.6768,154.7832,157.6133,156.4028,0.868,0.7797,0.8696,0.7608,0.7608,0.8089,0.7558,0.8245,0.7915,0.7558,0.8253,0.8157,0.8196,0.8167,0.7395,0.7462,0.8013,0.7961,0.7395,0.8352,0.7852,0.7713,0.3591,0.3591,0.8414,0.7757,0.7576,0.8218,0.7718,0.4652,0.8322,0.8401,0.4652,0,0,0,0,0,v1.0.1,2025_12_22,315.3235,316.9632,476.6642,297.292,295.7852,147.6711,148.5811,337.0135,335.9605,486.5,-5.0371,-2.412,-0.0001,-0.0,-0.2208,1.5554,-0.2192,1.5492,0.6661,163.4941,157.6201,166.9385,166.2686,163.5803,0.7016,0.6737,0.7024,0.6656,0.6656,0.6805,0.6305,0.6688,0.6565,0.6305,0.6524,0.653,0.6611,0.6596,0.6334,0.6294,0.6194,0.6384,0.6194,0.677,0.6487,0.6534,0.1007,0.1007,0.6424,0.6403,0.6428,0.6757,0.642,0.5882,0.6389,0.6814,0.5882,0,0,0,0,0,v1.0.1,2025_12_22,317.7264,328.283,442.292,313.5044,303.1508,196.627,188.9032,342.4113,332.0625,456.4107,-2.673,7.9473,-0.0,0.0001,-0.2176,1.56,-0.2087,1.5589,0.6731,177.7041,178.2539,177.833,179.0283,178.2048,0.8187,0.6612,0.8233,0.6394,0.6394,0.7732,0.6375,0.7917,0.7028,0.6375,0.7809,0.7761,0.7841,0.7604,0.7604,0.7451,0.675,0.7204,0,0.675,0,0,0,0,0,v1.0.1,2025_12_22,317.4537,328.3611,443.0833,313.3241,302.9256,195.9256,188.0488,342.4878,332.2069,457.3276,-2.7563,7.9852,-0.0,0.0001,-0.2186,1.561,-0.2082,1.5564,0.6726,147.5303,141.6475,144.1172,145.498,144.6982,0.6718,0.5675,0.6766,0.5779,0.5675,0.6524,0.5612,0.6446,0.5987,0.5612,0.6389,0.6436,0.6512,0.6248,0.6248,0.5778,0.5628,0.567,0.3659,0.3659,0,0,0,0,0,-0.0029,-0.1028,-0.005,-0.1114,-0.1101,-0.0211,-0.0584,0.0087,-0.0498,-0.0584,-0.0013,0.0025,0.008,-0.0008,-0.0786,-0.0708,0.0012,-0.0438,-0.0073,-0.0269,-0.0117,-0.0412,-0.006,-0.0484,-0.0428,-0.0056,-0.0469,-0.0043,-0.0308,-0.0426,0.0091,0.0088,0.0038,-0.0089,-0.0157,-0.031,-0.0182,-0.0029,-0.0136,-0.0012,0.0043,-0.1739,0.0131,-0.1908,-0.1708,-0.0086,-0.1453,0.0174,-0.0735,-0.1368,0.009,-0.0004,0.0227,0.0126,-0.0012,-0.0095,-0.0012,-0.1014,0.0039,-0.1061,-0.1014,0.0028,-0.0935,-0.0055,-0.0492,-0.0867,0.0042,0.0007,0.0016,-0.0083,-0.0083,-0.0211,-0.0055,True,True
DTC_R_14,LanSi,1,CW_01,C,2026-04-03 14:41:21+08:00,ONLINE,False,,CW_1_01,PASS,,,52.0759663,_2026040314412123801,T20260403144121,DESKTOP-P2DUL42,Loma,1,CW_1_01,1,paul di,2024.0718.155524,V20260126.2,CW_DTCL_DTCR_STC,T20260403144213,52.0759663,True,True,True,True,True,True,True,4S2RND2HBL0DP6,v1.0.1,2025_12_22,315.3507,316.9104,475.4741,297.3111,295.8966,148.6759,149.6159,336.649,336,486.4145,-5.0325,-2.3078,-0.0001,-0.0,-0.2213,1.5552,-0.218,1.5491,0.6662,157.2607,154.7236,154.1631,157.1748,155.8306,0.8678,0.8089,0.8728,0.8142,0.8089,0.8247,0.8124,0.8183,0.8103,0.8103,0.8225,0.8098,0.8221,0.8245,0.763,0.7348,0.8004,0.7997,0.7348,0.8309,0.8127,0.776,0.4518,0.4518,0.8458,0.7762,0.7462,0.8134,0.7995,0.0772,0.8178,0.8543,0.0772,0,0,0,0,0,v1.0.1,2025_12_22,315.2815,316.8444,476.597,297.1716,295.8041,147.6284,148.5,336.7467,336,487.4145,-5.0635,-2.3389,-0.0001,-0.0,-0.2208,1.5557,-0.2183,1.5494,0.6665,164.7666,159.6787,168.4541,167.3652,165.0662,0.6997,0.6656,0.7124,0.6905,0.6656,0.6878,0.6733,0.6693,0.6667,0.6667,0.6529,0.6509,0.6421,0.6513,0.6432,0.6276,0.6231,0.6408,0.6231,0.6757,0.6732,0.6577,0.2018,0.2018,0.6414,0.6527,0.6381,0.6643,0.6565,0.4639,0.6425,0.6758,0.4639,0,0,0,0,0,v1.0.1,2025_12_22,317.8208,328.3208,442.4522,313.5217,303.24,196.72,189.04,342.384,332.3793,457.3621,-2.5136,8.1617,-0.0,0.0001,-0.2177,1.5599,-0.2083,1.5579,0.673,177.1133,176.7666,177.0605,178.2617,177.3005,0.8216,0.6894,0.8319,0.6919,0.6894,0.7731,0.5361,0.7833,0.7219,0.5361,0.7829,0.7749,0.7725,0.7647,0.7647,0.7441,0.6646,0.7191,0,0.6646,0,0,0,0,0,v1.0.1,2025_12_22,317.8208,328.3208,443.2636,313.3636,303.0492,196,188.0902,342.459,332.339,458.178,-2.5875,8.1643,-0.0,0.0001,-0.2182,1.5591,-0.208,1.5589,0.673,148.4492,143.4316,145.1943,146.2148,145.8225,0.672,0.5882,0.6815,0.591,0.5882,0.6486,0.4958,0.6442,0.6019,0.4958,0.6441,0.6352,0.6382,0.6506,0.6352,0.5907,0.5442,0.5711,0.1153,0.1153,0,0,0,0,0,-0.0031,-0.0736,-0.0018,-0.058,-0.062,-0.0053,-0.0018,0.0025,-0.031,-0.0039,-0.0041,-0.0034,0.0105,0.007,-0.0551,-0.0822,0.0003,-0.0402,-0.0116,-0.0222,-0.0136,-0.0493,0.004,-0.0235,-0.0428,0.0017,-0.0041,-0.0038,-0.0206,-0.0064,0.0096,0.0067,-0.0152,-0.0172,-0.0059,-0.0328,-0.0145,-0.0005,-0.0149,0.0031,0.0072,-0.1457,0.0217,-0.1383,-0.1208,-0.0087,-0.2467,0.009,-0.0544,-0.2382,0.011,-0.0016,0.0111,0.0169,-0.0022,-0.0108,-0.001,-0.0807,0.0088,-0.093,-0.0807,-0.001,-0.1589,-0.0059,-0.046,-0.1521,0.0094,-0.0077,-0.0114,0.0175,0.0021,-0.0082,-0.0014,True,True
DTC_L_14,LanSi,1,CW_01,C,2026-04-03 14:41:21+08:00,ONLINE,False,,CW_1_01,PASS,,,52.1747022,_2026040314412112702,T20260403144121,DESKTOP-P2DUL42,Loma,1,CW_1_01,2,paul di,2024.0718.155524,V20260126.2,CW_DTCL_DTCR_STC,T20260403144213,52.1747022,True,True,True,True,True,True,True,4S2RND2HBL06DS,v1.0.1,2025_12_22,314.2667,323.2815,474.3507,303.0896,294.9408,152.4342,148.5,343.4133,334,490,-6.2884,2.9437,-0.0001,0.0,-0.225,1.5576,-0.2203,1.5525,0.6662,156.4385,152.1387,150.6807,155.8076,153.7664,0.8075,0.7867,0.8322,0.7864,0.7864,0.767,0.757,0.8035,0.7479,0.7479,0.805,0.8074,0.8125,0.7606,0.7592,0.7118,0.7762,0.7234,0.7118,0.8104,0.3782,0.7958,0.8399,0.3782,0.8552,0.7537,0.7512,0.845,0.8183,0.8379,0.7974,0.7757,0.7512,0,0,0,0,0,v1.0.1,2025_12_22,314.2806,323.4173,475.437,302.9556,294.9608,151.3922,147.3709,343.596,334,491,-6.2901,2.9722,-0.0001,0.0,-0.2258,1.5584,-0.2198,1.5531,0.6665,165.7695,162.0391,167.123,166.1973,165.2822,0.6731,0.6728,0.6866,0.6879,0.6728,0.6501,0.6338,0.6441,0.661,0.6338,0.645,0.6457,0.6497,0.6341,0.637,0.6321,0.6426,0.6149,0.6149,0.6604,0.5157,0.6797,0.698,0.5157,0.6495,0.6407,0.6262,0.677,0.6706,0.6659,0.6692,0.6325,0.6262,0,0,0,0,0,v1.0.1,2025_12_22,313.066,315.5755,438,301.5,299.2787,184.8525,184.7769,330.3388,327.3417,446.075,-7.0073,-3.8316,-0.0001,-0.0,-0.2117,1.5652,-0.2141,1.5613,0.6752,175.8037,174.8105,173.5381,175.5791,174.9329,0.782,0.6733,0.808,0.6859,0.6733,0.7491,0.6566,0.7482,0.6735,0.6566,0.7751,0.7702,0.7574,0.707,0.707,0.7262,0,0.7191,0.7319,0.7191,0,0,0,0,0,v1.0.1,2025_12_22,313.0476,315.6286,438.8304,301.3393,299.2149,184.0413,183.9274,330.5323,327.4553,447.0163,-7.0049,-3.7885,-0.0001,-0.0,-0.2126,1.5655,-0.2144,1.5611,0.6749,150.333,146.0283,144.4062,147.8223,147.1475,0.651,0.5948,0.6732,0.6104,0.5948,0.6363,0.5713,0.6285,0.596,0.5713,0.6387,0.6313,0.6437,0.6009,0.6009,0.5817,0.5133,0.5808,0.5756,0.5133,0,0,0,0,0,-0.0229,-0.0668,-0.0089,-0.0345,-0.0345,-0.0135,-0.0642,0.0059,-0.0352,-0.0326,-0.0144,-0.0072,0.0043,-0.0083,-0.0714,-0.1167,-0.0159,-0.0324,0.0186,-0.0215,-0.0196,-0.0378,-0.0059,-0.0196,-0.0197,-0.0167,-0.0455,0.0014,-0.0113,-0.0089,-0.0059,0.0003,-0.0068,-0.0068,-0.0263,-0.0412,-0.016,-0.0148,-0.0052,-0.0063,-0.0073,-0.1435,0.0057,-0.1025,-0.1151,0.0027,-0.1197,-0.0085,-0.0761,-0.0898,0.0048,0.0082,-0.0004,0.0067,0.0022,-0.016,-0.0042,-0.0782,0.0012,-0.0696,-0.0604,-0.003,-0.083,0.0014,-0.0374,-0.0558,0.0002,-0.0054,0.0005,0.0042,0.0042,0.0026,0.0021,True,True
DTC_L_15,LanSi,1,CW_01,A,2026-04-03 14:43:22+08:00,ONLINE,False,,CW_1_01,PASS,,,52.2439941,_2026040314432254602,T20260403144322,DESKTOP-P2DUL42,Loma,1,CW_1_01,2,paul di,2024.0718.155524,V20260126.2,CW_DTCL_DTCR_STC,T20260403144414,52.2439941,True,True,True,True,True,True,True,4S2RND2HBL06DS,v1.0.1,2025_12_22,314.2148,323.2222,474.3358,302.9552,294.898,152.585,148.5066,343.2105,333.6714,489.5,-6.3747,2.7946,-0.0001,0.0,-0.2254,1.5576,-0.2195,1.5538,0.6666,156.7656,152.9541,151.0674,156.1348,154.2305,0.8247,0.7809,0.8376,0.7743,0.7743,0.7748,0.7724,0.7917,0.7631,0.7631,0.8142,0.8243,0.8237,0.7657,0.7131,0.7334,0.7637,0.6974,0.6974,0.8029,0.2923,0.8285,0.8357,0.2923,0.8554,0.8023,0.7819,0.8299,0.8094,0.8377,0.8054,0.7674,0.7674,0,0,0,0,0,v1.0.1,2025_12_22,314.2044,323.2701,475.4179,302.9104,294.7582,151.6275,147.4211,343.3684,333.7606,490.5,-6.3876,2.8353,-0.0001,0.0,-0.2251,1.5575,-0.2194,1.5539,0.6667,164.3311,160.0498,166.2256,165.5791,164.0464,0.6829,0.6721,0.6899,0.69,0.6721,0.6571,0.6324,0.6444,0.6487,0.6324,0.643,0.652,0.6499,0.6353,0.6013,0.6302,0.6288,0.6139,0.6013,0.6655,0.3862,0.6763,0.7054,0.3862,0.661,0.6654,0.638,0.6711,0.6838,0.7004,0.6633,0.6139,0.6139,0,0,0,0,0,v1.0.1,2025_12_22,313.0377,315.5,438.0909,301.4545,299.1597,184.9328,184.8279,330.3443,327.2203,445.8475,-7.0327,-3.8842,-0.0001,-0.0,-0.2113,1.5644,-0.2148,1.5619,0.6751,175.9346,175.2842,173.6621,175.5322,175.1033,0.7886,0.6779,0.8061,0.6832,0.6779,0.7564,0.6638,0.7595,0.6702,0.6638,0.7868,0.7789,0.7628,0.7011,0.7011,0.7242,0,0.736,0.7253,0.7242,0,0,0,0,0,v1.0.1,2025_12_22,313.0377,315.5,438.8673,301.2124,299.084,184.1429,183.9098,330.2951,327.431,446.569,-7.034,-3.9561,-0.0001,-0.0,-0.2125,1.5644,-0.2136,1.5609,0.6748,149.207,144.4258,143.8418,147.2275,146.1755,0.659,0.582,0.6683,0.6041,0.582,0.6343,0.5743,0.6109,0.5845,0.5743,0.6353,0.6428,0.64,0.6107,0.6107,0.578,0.5329,0.5732,0.5782,0.5329,0,0,0,0,0,-0.0057,-0.0726,-0.0035,-0.0466,-0.0466,-0.0057,-0.0488,-0.0059,-0.02,-0.0174,-0.0052,0.0097,0.0155,-0.0032,-0.1175,-0.0951,-0.0284,-0.0584,0.0111,0.0112,-0.0098,-0.0385,-0.0026,-0.0175,-0.0204,-0.0097,-0.0469,0.0017,-0.0236,-0.0103,-0.0079,0.0066,-0.0066,-0.0056,-0.062,-0.0431,-0.0298,-0.0158,-0.0001,-0.0097,-0.0007,-0.1389,0.0038,-0.1052,-0.1105,0.01,-0.1125,0.0028,-0.0794,-0.0826,0.0165,0.0169,0.005,0.0008,0.0002,0.0009,0.0038,-0.091,-0.0037,-0.0759,-0.0732,-0.005,-0.08,-0.0162,-0.0489,-0.0528,-0.0032,0.0061,-0.0032,0.014,0.014,-0.0011,-0.0055,True,True
DTC_R_15,LanSi,1,CW_01,A,2026-04-03 14:43:22+08:00,ONLINE,False,,CW_1_01,PASS,,,52.2290337,_2026040314432254601,T20260403144322,DESKTOP-P2DUL42,Loma,1,CW_1_01,1,paul di,2024.0718.155524,V20260126.2,CW_DTCL_DTCR_STC,T20260403144414,52.2290337,True,True,True,True,True,True,True,4S2RND2HBL0DP6,v1.0.1,2025_12_22,315.1765,316.8529,475.3684,297.1353,295.7292,148.3403,149.4503,336.755,335.6644,484.363,-5.2222,-2.8107,-0.0001,-0.0,-0.222,1.5554,-0.219,1.5486,0.6658,157.0098,154.3965,153.5928,157.0674,155.5166,0.876,0.8046,0.8785,0.7768,0.7768,0.8225,0.7632,0.8163,0.7655,0.7632,0.8288,0.8302,0.8232,0.8045,0.7463,0.7281,0.778,0.7764,0.7281,0.7128,0.799,0.7887,0.98,0.7128,0.8371,0.7761,0.7543,0.8085,0.7901,0.6853,0.8238,0.8504,0.6853,0,0,0,0,0,v1.0.1,2025_12_22,315.1533,316.8102,476.3037,297.0815,295.5133,147.3667,148.2027,336.973,335.7973,485.3649,-5.3059,-2.7808,-0.0001,-0.0,-0.2213,1.5549,-0.2197,1.5484,0.6656,165.4736,159.9521,168.4873,168.0693,165.4956,0.7019,0.6717,0.7185,0.6739,0.6717,0.6792,0.6475,0.6736,0.6482,0.6475,0.6494,0.6554,0.6577,0.6506,0.636,0.6328,0.6198,0.6381,0.6198,0.6091,0.6554,0.6579,0.166,0.166,0.6478,0.6579,0.6552,0.6635,0.6568,0.583,0.6205,0.6812,0.583,0,0,0,0,0,v1.0.1,2025_12_22,317.5048,328.0571,442.2679,313.2679,303.0246,196.1311,188.7377,342.4098,332.0179,455.7857,-2.7894,7.6303,-0.0,0.0001,-0.2175,1.561,-0.2105,1.5571,0.6725,176.7285,176.5264,176.2725,177.9922,176.8799,0.8137,0.6645,0.8265,0.638,0.638,0.7746,0.6459,0.7881,0.6639,0.6459,0.7835,0.7762,0.7678,0.7455,0.7455,0.6583,0.6664,0.722,0,0.6583,0,0,0,0,0,v1.0.1,2025_12_22,317.5429,328.2476,443.0459,313.2844,302.9508,195.582,188,342.5,332.0714,456.6607,-2.7778,7.7549,-0.0,0.0001,-0.2181,1.5607,-0.2091,1.5576,0.6728,148.8955,143.5869,145.3105,146.6436,146.1091,0.6693,0.5733,0.6785,0.5646,0.5646,0.6531,0.5741,0.6575,0.5608,0.5608,0.6401,0.6439,0.6555,0.6215,0.6215,0.5494,0.5488,0.5722,0.4347,0.4347,0,0,0,0,0,0.0051,-0.0779,0.0039,-0.0954,-0.0941,-0.0075,-0.051,0.0005,-0.0758,-0.051,0.0022,0.017,0.0116,-0.013,-0.0718,-0.0889,-0.0221,-0.0635,-0.1297,-0.0095,-0.0114,-0.0432,0.0101,-0.0401,-0.0367,-0.0069,-0.0299,0.0005,-0.0391,-0.0256,0.0061,0.0112,0.0004,-0.0179,-0.0131,-0.0276,-0.0178,-0.0032,-0.0815,0.0033,-0.0007,-0.1706,0.0163,-0.1922,-0.1722,-0.0072,-0.1369,0.0138,-0.1124,-0.1284,0.0116,-0.0003,0.0064,-0.0023,-0.088,-0.0079,-0.0037,-0.0956,0.0058,-0.1194,-0.1043,0.0035,-0.0806,0.0074,-0.0871,-0.0871,0.0054,0.001,0.0059,-0.0116,-0.0116,-0.0495,-0.0003,True,True
DTC_L_16,LanSi,1,CW_01,B,2026-04-03 14:45:17+08:00,ONLINE,False,,CW_1_01,PASS,,,52.4459525,_2026040314451770802,T20260403144517,DESKTOP-P2DUL42,Loma,1,CW_1_01,2,paul di,2024.0718.155524,V20260126.2,CW_DTCL_DTCR_STC,T20260403144610,52.4459525,True,True,True,True,True,True,True,4S2RND2HBL06DS,v1.0.1,2025_12_22,315.5522,321.4254,475.7037,300.1407,296.5584,149.8442,150.2303,341.4342,334.8467,487.8102,-4.9217,0.6309,-0.0,0.0,-0.2316,1.56,-0.2199,1.5548,0.6658,156.9707,152.5518,150.7539,156.5605,154.2092,0.8244,0.8057,0.832,0.7938,0.7938,0.7828,0.7634,0.7905,0.7574,0.7574,0.8168,0.8053,0.8152,0.7728,0.7351,0.744,0.7524,0.7102,0.7102,0.7854,0.98,0.8122,0.8016,0.7854,0.8405,0.7271,0.736,0.8378,0.8166,0.7832,0.7877,0.7627,0.7271,0,0,0,0,0,v1.0.1,2025_12_22,315.6028,321.5461,476.7941,300.1103,296.3856,149.1438,149.1149,341.6351,335,488.9137,-4.9205,0.7698,-0.0,0.0,-0.2317,1.5593,-0.2196,1.5549,0.6657,165.1631,160.6016,166.3896,166.2305,164.5962,0.6782,0.692,0.6838,0.6907,0.6782,0.657,0.6413,0.6429,0.6614,0.6413,0.6483,0.654,0.6486,0.6402,0.6217,0.6404,0.6257,0.6125,0.6125,0.6447,0.4543,0.6815,0.6927,0.4543,0.6619,0.6297,0.5873,0.6856,0.6752,0.6631,0.6774,0.6316,0.5873,0,0,0,0,0,v1.0.1,2025_12_22,314.2212,313.7788,439.3364,299.0273,300.6923,182.4444,186.4538,328.521,328.4068,444.3559,-5.6779,-5.8745,-0.0001,-0.0001,-0.2168,1.5676,-0.2144,1.5621,0.6746,176.1455,175.0479,173.2266,175.8965,175.0791,0.7918,0.6977,0.7944,0.6977,0.6977,0.7524,0.6541,0.7617,0.668,0.6541,0.7663,0.7535,0.7719,0.6953,0.6953,0.7216,0,0.7265,0.6586,0.6586,0,0,0,0,0,v1.0.1,2025_12_22,314.1905,313.7333,440.1545,299.0182,300.6167,181.6583,185.4622,328.6303,328.453,445.2735,-5.7246,-5.8373,-0.0001,-0.0001,-0.2158,1.5679,-0.2147,1.5623,0.6749,149.6934,144.9414,143.6904,147.6045,146.4824,0.6707,0.6045,0.6733,0.6108,0.6045,0.6324,0.5629,0.6246,0.5979,0.5629,0.6441,0.6225,0.6339,0.6103,0.6103,0.5651,0.5094,0.5939,0.5523,0.5094,0,0,0,0,0,-0.006,-0.0478,-0.0091,-0.0271,-0.0271,0.0023,-0.0578,-0.0071,-0.0257,-0.0231,-0.0026,-0.0093,0.007,0.0039,-0.0955,-0.0845,-0.0397,-0.0456,-0.0064,-0.0051,-0.0145,-0.0186,-0.0087,-0.0168,-0.0143,-0.0098,-0.038,0.0002,-0.0109,-0.0014,-0.0026,0.0086,-0.0079,-0.0007,-0.0416,-0.0329,-0.0329,-0.0172,-0.0209,-0.0045,0.0025,-0.1191,-0.0079,-0.0907,-0.0907,0.006,-0.1222,0.005,-0.0816,-0.0923,-0.004,-0.0085,0.0141,-0.005,-0.0024,-0.0086,0.0155,-0.0685,0.0013,-0.0692,-0.0507,-0.0069,-0.0914,-0.0025,-0.0355,-0.0642,0.0056,-0.0142,-0.0093,0.0136,0.0136,-0.014,0.0152,True,True
DTC_R_16,LanSi,1,CW_01,B,2026-04-03 14:45:17+08:00,ONLINE,False,,CW_1_01,PASS,,,52.4599154,_2026040314451770801,T20260403144517,DESKTOP-P2DUL42,Loma,1,CW_1_01,1,paul di,2024.0718.155524,V20260126.2,CW_DTCL_DTCR_STC,T20260403144610,52.4599154,True,True,True,True,True,True,True,4S2RND2HBL0DP6,v1.0.1,2025_12_22,315.1522,316.2391,474.8222,296.4074,295.5646,146.9456,149.5168,336.4564,335.2681,483.9565,-5.4352,-3.499,-0.0001,-0.0,-0.2231,1.5551,-0.2209,1.5509,0.6655,157.6562,155.4961,154.9902,157.9004,156.5107,0.8728,0.8512,0.8772,0.8403,0.8403,0.774,0.7703,0.8301,0.7502,0.7502,0.8162,0.8082,0.8299,0.8337,0.7668,0.738,0.7491,0.7142,0.7142,0.8399,0.8184,0.7687,0.4227,0.4227,0.8364,0.7918,0.7877,0.8213,0.8085,0.8238,0.7534,0.8534,0.7534,0,0,0,0,0,v1.0.1,2025_12_22,315.1079,316.223,475.8417,296.2878,295.4324,146.1419,148.5,336.5867,335.3723,484.9562,-5.4491,-3.4609,-0.0001,-0.0,-0.2229,1.5551,-0.2211,1.5508,0.6655,163.6875,157.9229,166.5938,166.457,163.6653,0.7001,0.6967,0.7221,0.7106,0.6967,0.6547,0.6498,0.6705,0.6372,0.6372,0.6439,0.6543,0.6568,0.6615,0.6379,0.6401,0.6141,0.6044,0.6044,0.6674,0.6732,0.6542,0.4214,0.4214,0.6481,0.6583,0.6682,0.663,0.6664,0.6831,0.6312,0.689,0.6312,0,0,0,0,0,v1.0.1,2025_12_22,317.5,327.8868,441.7321,312.7321,303.0083,195.1818,188.9106,342.0976,331.885,456.1062,-2.8928,7.3009,-0.0,0.0001,-0.2209,1.5615,-0.2095,1.5586,0.6724,177.7539,177.7285,177.7441,179.1289,178.0889,0.8193,0.7142,0.836,0.7211,0.7142,0.7405,0.6719,0.7843,0.6171,0.6171,0.7657,0.7716,0.7708,0.7473,0.7473,0.7353,0.6988,0.7047,0,0.6988,0,0,0,0,0,v1.0.1,2025_12_22,317.4476,328.019,442.5,312.5965,302.7623,194.6885,187.9512,342.3415,331.9018,456.9464,-2.9874,7.4184,-0.0,0.0001,-0.2222,1.5606,-0.2096,1.5586,0.6718,147.2275,141.8213,143.5967,145.2852,144.4827,0.6664,0.6152,0.6752,0.6182,0.6152,0.6057,0.5899,0.6512,0.5551,0.5551,0.6286,0.6464,0.6443,0.6349,0.6286,0.6049,0.5611,0.5585,0.5298,0.5298,0,0,0,0,0,0.0019,-0.0313,0.0026,-0.0319,-0.0306,-0.056,-0.0439,0.0143,-0.0911,-0.064,-0.0104,-0.005,0.0183,0.0162,-0.0513,-0.079,-0.051,-0.1257,-0.0026,-0.0295,-0.0132,-0.0182,0.0137,-0.0034,-0.0117,-0.0314,-0.0276,-0.0026,-0.0501,-0.0359,0.0006,0.0101,-0.0005,-0.007,-0.0112,-0.0203,-0.0235,-0.0369,-0.0232,-0.0004,0.0049,-0.1209,0.0258,-0.1091,-0.096,-0.0413,-0.1109,0.01,-0.1592,-0.1572,-0.0062,-0.0049,0.0094,-0.0005,-0.011,-0.0252,-0.0066,-0.0537,0.0025,-0.0658,-0.0537,-0.0439,-0.0648,0.0011,-0.0928,-0.0928,-0.0061,0.0035,-0.0053,0.0018,-0.0045,0.006,-0.014,True,True
DTC_R_17,LanSi,1,CW_01,C,2026-04-03 14:58:51+08:00,ONLINE,False,,CW_1_01,PASS,,,52.8878449,_2026040314585177701,T20260403145851,DESKTOP-P2DUL42,Loma,1,CW_1_01,1,paul di,2024.0718.155524,V20260126.2,CW_DTCL_DTCR_STC,T20260403145944,52.8878449,True,True,True,True,True,True,True,4S2RND2HBL0DP6,v1.0.1,2025_12_22,315.1533,316.8102,474.8467,296.8102,295.6871,147.4286,149.6078,336.6667,335.3147,484.3287,-5.3781,-3.0911,-0.0001,-0.0,-0.2241,1.5559,-0.2189,1.5505,0.6659,157.6973,155.6992,154.9492,157.4727,156.4546,0.8541,0.8431,0.8762,0.8402,0.8402,0.8098,0.7476,0.8161,0.7622,0.7476,0.8244,0.8251,0.8196,0.82,0.7747,0.7365,0.761,0.7129,0.7129,0.8287,0.8288,0.7896,0.98,0.7896,0.8322,0.7971,0.7834,0.8111,0.7807,0.853,0.7557,0.8575,0.7557,0,0,0,0,0,v1.0.1,2025_12_22,315.1223,316.7986,475.8921,296.777,295.5,146.4122,148.42,336.88,335.4,485.3517,-5.4331,-3.0561,-0.0001,-0.0,-0.2234,1.5556,-0.2194,1.5506,0.6659,163.8369,157.4395,166.1172,166.4932,163.4717,0.6996,0.6987,0.7204,0.6998,0.6987,0.6801,0.6409,0.675,0.6505,0.6409,0.6451,0.6473,0.6577,0.652,0.646,0.6373,0.6129,0.6132,0.6129,0.6899,0.6676,0.6444,0.3438,0.3438,0.6534,0.6636,0.6556,0.6701,0.6447,0.6427,0.6434,0.6954,0.6427,0,0,0,0,0,v1.0.1,2025_12_22,317.4579,328.1495,441.7411,313.1071,302.9516,195.5806,188.9113,342.371,331.8919,456.3784,-2.9092,7.6173,-0.0,0.0001,-0.2199,1.5613,-0.2097,1.5582,0.6725,177.5762,178.1953,178.2607,178.8799,178.228,0.8141,0.7509,0.8242,0.7259,0.7259,0.763,0.6679,0.7891,0.6582,0.6582,0.782,0.7613,0.7733,0.7427,0.7427,0.7523,0.7025,0.7126,0,0.7025,0,0,0,0,0,v1.0.1,2025_12_22,317.422,328.4037,442.5877,313.2456,302.8065,194.871,188,342.5,331.9558,457.292,-2.9456,7.7625,-0.0,0.0001,-0.22,1.5613,-0.208,1.558,0.6728,147.251,141.3926,143.1777,145.3379,144.2898,0.6674,0.6345,0.6841,0.6168,0.6168,0.6493,0.5789,0.6403,0.5582,0.5582,0.6314,0.6441,0.6533,0.6305,0.6305,0.5983,0.5706,0.5691,0.4382,0.4382,0,0,0,0,0,-0.0168,-0.0394,0.0016,-0.032,-0.0307,-0.0202,-0.0666,0.0003,-0.0791,-0.0666,-0.0022,0.0119,0.008,0.0025,-0.0434,-0.0805,-0.0391,-0.127,-0.0138,-0.0086,-0.0137,-0.0162,0.012,-0.0142,-0.0097,-0.006,-0.0365,0.0019,-0.0368,-0.0322,0.0018,0.0031,0.0004,-0.0165,-0.0031,-0.0231,-0.0247,-0.0281,-0.0007,-0.0102,-0.0003,-0.0842,0.014,-0.1043,-0.0843,-0.0188,-0.1149,0.0148,-0.1181,-0.1161,0.0101,-0.0152,0.0119,-0.0051,0.006,-0.0173,-0.0056,-0.0344,0.0114,-0.0672,-0.0521,-0.0003,-0.0758,-0.0098,-0.0897,-0.0897,-0.0033,0.0012,0.0037,-0.0026,-0.0026,-0.0006,-0.0034,True,True
DTC_L_17,LanSi,1,CW_01,C,2026-04-03 14:58:51+08:00,ONLINE,False,,CW_1_01,PASS,,,53.0952886,_2026040314585157802,T20260403145851,DESKTOP-P2DUL42,Loma,1,CW_1_01,2,paul di,2024.0718.155524,V20260126.2,CW_DTCL_DTCR_STC,T20260403145944,53.0952886,True,True,True,True,True,True,True,4S2RND2HBL06DS,v1.0.1,2025_12_22,314.1533,323.8102,474.0882,303.5,294.8467,152.7867,148.3487,343.6776,333.553,489.9167,-6.502,3.2382,-0.0001,0.0,-0.2258,1.5579,-0.2187,1.554,0.6668,156.6895,152.8086,151.3223,156.0703,154.2227,0.8176,0.7862,0.8126,0.7771,0.7771,0.7755,0.7483,0.7958,0.7255,0.7255,0.8209,0.8222,0.8106,0.7545,0.763,0.7178,0.7424,0.6962,0.6962,0.8037,0.6094,0.8193,0.8412,0.6094,0.8511,0.8064,0.7835,0.8353,0.8278,0.8388,0.8071,0.7843,0.7835,0,0,0,0,0,v1.0.1,2025_12_22,314.0791,323.8633,475.2117,303.2117,294.7171,151.7105,147.3108,343.9122,333.7153,490.9343,-6.4932,3.2264,-0.0001,0.0,-0.227,1.5583,-0.2191,1.5533,0.6664,164.2695,159.2383,165.918,164.9814,163.6018,0.678,0.6648,0.6771,0.687,0.6648,0.6512,0.6311,0.6449,0.6302,0.6302,0.6532,0.6571,0.6606,0.6379,0.6397,0.6391,0.6236,0.5982,0.5982,0.6591,0.492,0.6786,0.6913,0.492,0.6501,0.6546,0.6389,0.6877,0.6695,0.6778,0.6536,0.6302,0.6302,0,0,0,0,0,v1.0.1,2025_12_22,313.0583,316,437.9273,301.7636,299.125,185.175,184.6777,330.6777,327.1282,446.2564,-7.1167,-3.5255,-0.0001,-0.0,-0.213,1.5642,-0.2133,1.5627,0.6751,175.834,174.8711,173.5156,175.3232,174.886,0.7854,0.6747,0.7799,0.6742,0.6742,0.7537,0.665,0.756,0.6186,0.6186,0.7846,0.7719,0.7606,0.7019,0.7019,0.7237,0,0.7271,0.7309,0.7237,0,0,0,0,0,v1.0.1,2025_12_22,313.0288,315.9519,438.6261,301.6348,299.0957,184.5304,183.878,330.6667,327.2353,447.1008,-7.1272,-3.5231,-0.0001,-0.0,-0.213,1.5647,-0.2129,1.5624,0.6753,148.7988,143.6367,143.3203,146.54,145.574,0.6581,0.5839,0.6677,0.6011,0.5839,0.6363,0.5695,0.6183,0.5669,0.5669,0.6249,0.6398,0.6411,0.6157,0.6157,0.5594,0.5481,0.5806,0.5848,0.5481,0,0,0,0,0,-0.0128,-0.0673,-0.0285,-0.0438,-0.0438,-0.005,-0.0729,-0.0018,-0.0576,-0.055,0.0015,0.0076,0.0024,-0.0144,-0.0676,-0.1107,-0.0497,-0.0596,0.0119,0.002,-0.0147,-0.0458,-0.0154,-0.0205,-0.0277,-0.0156,-0.0482,0.0022,-0.0421,-0.0125,0.0023,0.0117,0.0041,-0.003,-0.0236,-0.0342,-0.035,-0.0315,-0.0065,-0.0074,-0.0039,-0.1421,-0.0224,-0.1142,-0.1142,0.0073,-0.1113,-0.0007,-0.131,-0.1278,0.0143,0.0099,0.0028,0.0016,-0.0003,-0.008,0.0029,-0.0891,-0.0043,-0.0789,-0.0713,-0.003,-0.0848,-0.0088,-0.0665,-0.0602,-0.0136,0.0031,-0.0021,0.019,0.019,-0.0197,0.0019,True,True
DTC_L_18,LanSi,1,CW_01,A,2026-04-03 15:00:55+08:00,ONLINE,False,,CW_1_01,PASS,,,52.2589584,_2026040315005577902,T20260403150055,DESKTOP-P2DUL42,Loma,1,CW_1_01,2,paul di,2024.0718.155524,V20260126.2,CW_DTCL_DTCR_STC,T20260403150148,52.2589584,True,True,True,True,True,True,True,4S2RND2HBL06DS,v1.0.1,2025_12_22,315.3985,321.0827,475.5489,300,296.4408,149.7829,150.0839,341,334.8088,487.0956,-5.0438,0.2922,-0.0001,0.0,-0.2304,1.5601,-0.2194,1.5539,0.666,156.7617,153.1533,151.1826,156.4131,154.3777,0.8231,0.8055,0.8281,0.7816,0.7816,0.7794,0.7562,0.7886,0.7449,0.7449,0.8085,0.8155,0.8064,0.7599,0.7392,0.7345,0.7459,0.7009,0.7009,0.7901,0.6174,0.815,0.787,0.6174,0.8438,0.7706,0.7402,0.8284,0.8164,0.7787,0.787,0.7564,0.7402,0,0,0,0,0,v1.0.1,2025_12_22,315.2993,321.146,476.7153,299.9343,296.1788,148.9139,149.0816,341.1497,334.9571,488.1071,-5.0536,0.3502,-0.0001,0.0,-0.2301,1.5597,-0.2193,1.5531,0.6658,165.0527,160.9688,166.6973,165.9844,164.6758,0.6789,0.6794,0.6941,0.6994,0.6789,0.6574,0.6333,0.6417,0.641,0.6333,0.653,0.6607,0.6396,0.6373,0.6152,0.6351,0.625,0.6171,0.6152,0.661,0.5318,0.669,0.6799,0.5318,0.6627,0.635,0.62,0.6804,0.6775,0.6565,0.6705,0.6372,0.62,0,0,0,0,0,v1.0.1,2025_12_22,314.1346,313.5,439.3596,298.7368,300.725,182.2583,186.4262,328.1639,328.5,443.7069,-5.6709,-6.2268,-0.0001,-0.0001,-0.2168,1.5685,-0.2138,1.5604,0.6746,176.1553,175.7686,173.9375,176.082,175.4858,0.7886,0.7071,0.7956,0.6776,0.6776,0.7524,0.6382,0.758,0.6494,0.6382,0.7731,0.7693,0.7747,0.6965,0.6965,0.7248,0,0.7261,0.67,0.67,0,0,0,0,0,v1.0.1,2025_12_22,314.2075,313.5,440.1947,298.708,300.5847,181.5593,185.4153,328.3475,328.5,444.5,-5.7196,-6.1771,-0.0001,-0.0001,-0.2164,1.5674,-0.2143,1.5616,0.6746,149.8906,145.3525,143.9443,147.457,146.6611,0.6631,0.5969,0.6563,0.6039,0.5969,0.6207,0.5501,0.6209,0.5767,0.5501,0.6325,0.6379,0.6343,0.5932,0.5932,0.5753,0.5322,0.5895,0.5491,0.5322,0,0,0,0,0,-0.0073,-0.048,-0.013,-0.0393,-0.0393,-0.0011,-0.065,-0.009,-0.0382,-0.0356,-0.0109,0.0009,-0.0018,-0.009,-0.0914,-0.094,-0.0462,-0.0549,-0.0017,-0.0023,-0.0138,-0.0312,0.0016,-0.0081,-0.0136,-0.0094,-0.046,-0.001,-0.0313,-0.0094,0.0021,0.0153,-0.0169,-0.0036,-0.0481,-0.0382,-0.0336,-0.0126,-0.0046,-0.017,-0.0007,-0.1097,-0.0067,-0.1108,-0.1108,0.006,-0.1381,0.0013,-0.1002,-0.1082,0.0028,0.0073,0.0169,-0.0038,0.0008,-0.009,0.0079,-0.0761,-0.0157,-0.0761,-0.0583,-0.0186,-0.1042,-0.0062,-0.0567,-0.077,-0.006,0.0012,-0.0089,-0.0035,-0.0035,-0.0038,0.0108,True,True
DTC_R_18,LanSi,1,CW_01,A,2026-04-03 15:00:55+08:00,ONLINE,False,,CW_1_01,PASS,,,52.1492515,_2026040315005589701,T20260403150055,DESKTOP-P2DUL42,Loma,1,CW_1_01,1,paul di,2024.0718.155524,V20260126.2,CW_DTCL_DTCR_STC,T20260403150148,52.1492515,True,True,True,True,True,True,True,4S2RND2HBL0DP6,v1.0.1,2025_12_22,315.1739,317.6667,474.8897,297.8309,295.8138,147.9724,149.6733,337.9267,335.2394,485.5,-5.342,-2.1207,-0.0001,-0.0,-0.223,1.5567,-0.2213,1.5513,0.6659,158.4229,156.1162,155.6436,158.2881,157.1177,0.8678,0.8205,0.8687,0.8212,0.8205,0.8182,0.7826,0.8283,0.7814,0.7814,0.8386,0.8082,0.818,0.8262,0.766,0.7672,0.7478,0.7647,0.7478,0.8219,0.8128,0.7953,0.98,0.7953,0.8425,0.7912,0.7952,0.8308,0.8133,0.838,0.8043,0.8472,0.7912,0,0,0,0,0,v1.0.1,2025_12_22,315.1079,317.5899,475.9343,297.8467,295.4966,146.9524,148.4768,337.9603,335.3636,486.5105,-5.4241,-2.128,-0.0001,-0.0,-0.2216,1.5559,-0.2211,1.5509,0.666,164.374,158.7139,167.5645,167.4082,164.5151,0.7069,0.6984,0.7015,0.7019,0.6984,0.6822,0.6613,0.6647,0.6585,0.6585,0.6588,0.642,0.6627,0.6641,0.6371,0.6598,0.6129,0.6368,0.6129,0.6771,0.6708,0.6527,0.2487,0.2487,0.6517,0.6604,0.6549,0.6712,0.6544,0.6253,0.6658,0.6745,0.6253,0,0,0,0,0,v1.0.1,2025_12_22,317.5,329,441.8704,313.9259,303.1452,196.2177,189.024,343.456,331.8829,457.5315,-2.8155,8.5262,-0.0,0.0001,-0.2201,1.5626,-0.2115,1.5588,0.6725,178.3975,178.4668,178.7021,179.6758,178.8105,0.8092,0.7124,0.8189,0.7236,0.7124,0.7733,0.6861,0.774,0.6793,0.6793,0.7746,0.7621,0.7658,0.744,0.744,0.742,0.6862,0.7194,0,0.6862,0,0,0,0,0,v1.0.1,2025_12_22,317.5,329,442.7207,313.7838,302.9426,195.4426,188.0984,343.5,331.9633,458.4587,-2.855,8.537,-0.0,0.0001,-0.2204,1.5617,-0.2111,1.559,0.6723,147.8457,142.7803,144.5479,146.0166,145.2976,0.6557,0.6174,0.6808,0.6178,0.6174,0.6449,0.596,0.6387,0.5701,0.5701,0.6466,0.6349,0.6457,0.6208,0.6208,0.5868,0.5603,0.5685,0.4268,0.4268,0,0,0,0,0,-0.0031,-0.062,-0.0059,-0.051,-0.0504,-0.0118,-0.0316,0.0125,-0.0599,-0.0328,0.012,-0.005,0.0064,0.0087,-0.0521,-0.0498,-0.0523,-0.0752,-0.0206,-0.0029,-0.0064,-0.0165,-0.0069,-0.0121,-0.01,-0.0039,-0.0161,-0.0084,-0.0288,-0.0146,0.0155,-0.0022,0.0054,-0.0044,-0.012,-0.0006,-0.0247,-0.0045,-0.0135,-0.0019,-0.0052,-0.1227,0.0087,-0.1066,-0.0978,-0.0085,-0.0967,-0.0003,-0.097,-0.095,0.0027,-0.0144,0.0044,-0.0038,-0.0043,-0.0105,-0.0173,-0.0515,0.0081,-0.0662,-0.0515,-0.0047,-0.0587,-0.0114,-0.0778,-0.0778,0.0119,-0.008,-0.0039,-0.0123,-0.0123,-0.0121,-0.004,True,True
DTC_R_19,LanSi,1,CW_01,B,2026-04-03 15:02:58+08:00,ONLINE,False,,CW_1_01,PASS,,,52.7007018,_2026040315025840801,T20260403150258,DESKTOP-P2DUL42,Loma,1,CW_1_01,1,paul di,2024.0718.155524,V20260126.2,CW_DTCL_DTCR_STC,T20260403150351,52.7007018,True,True,True,True,True,True,True,4S2RND2HBL0DP6,v1.0.1,2025_12_22,315.1103,316.5956,474.7868,296.7279,295.6327,147.5918,149.6078,336.6667,335.1857,484.0857,-5.4353,-3.1665,-0.0001,-0.0,-0.2233,1.5555,-0.2202,1.551,0.6658,156.9814,154.6348,153.7822,156.9062,155.5762,0.8699,0.8172,0.8557,0.8355,0.8172,0.8155,0.7585,0.8336,0.7714,0.7585,0.8134,0.8091,0.8202,0.7948,0.7687,0.7506,0.7659,0.7183,0.7183,0.8395,0.8093,0.7887,0.98,0.7887,0.8437,0.7861,0.7823,0.8255,0.811,0.8709,0.7184,0.8326,0.7184,0,0,0,0,0,v1.0.1,2025_12_22,315.1214,316.6357,475.8129,296.5396,295.44,146.5533,148.3816,336.7105,335.2609,485.1087,-5.4966,-3.1904,-0.0001,-0.0,-0.2239,1.5551,-0.2193,1.5513,0.6658,163.9854,157.6641,165.9551,166.4502,163.5137,0.6977,0.6918,0.6811,0.709,0.6811,0.6866,0.6491,0.6705,0.6566,0.6491,0.6376,0.6464,0.6685,0.653,0.639,0.6272,0.6181,0.5963,0.5963,0.6712,0.6696,0.6499,0.2104,0.2104,0.6574,0.667,0.6597,0.6792,0.6675,0.6073,0.6256,0.6721,0.6073,0,0,0,0,0,v1.0.1,2025_12_22,317.5,328.1132,441.7658,312.8739,302.9754,195.8689,189,342.4127,331.8571,456.4196,-2.8803,7.6377,-0.0,0.0001,-0.2215,1.5609,-0.2103,1.5588,0.672,177.1641,177.0859,176.5928,178.3447,177.2969,0.8101,0.7144,0.7976,0.7196,0.7144,0.7757,0.6536,0.7756,0.6595,0.6536,0.7668,0.772,0.7707,0.7194,0.7194,0.7432,0.6872,0.7221,0,0.6872,0,0,0,0,0,v1.0.1,2025_12_22,317.4074,328.1667,442.6759,312.9167,303,195,188.0726,342.4435,332,457.1062,-2.8688,7.6266,-0.0,0.0001,-0.2206,1.5625,-0.2094,1.5576,0.6725,147.0439,141.374,142.875,145.1592,144.113,0.6667,0.6086,0.6449,0.6121,0.6086,0.6415,0.5794,0.633,0.5794,0.5794,0.6445,0.6421,0.6609,0.6121,0.6121,0.5957,0.5573,0.5834,0.4071,0.4071,0,0,0,0,0,-0.001,-0.0653,-0.0189,-0.0367,-0.0537,-0.0145,-0.0557,0.0178,-0.0699,-0.0557,-0.0132,-0.0041,0.0086,-0.0227,-0.0494,-0.0664,-0.0342,-0.1216,-0.003,-0.0095,-0.0156,-0.0231,-0.0273,-0.005,-0.0273,0.0005,-0.0283,-0.0026,-0.0307,-0.024,-0.0057,0.0022,0.0112,-0.0155,-0.0101,-0.0332,-0.0195,-0.045,-0.0194,-0.0047,-0.0043,-0.1207,-0.0126,-0.1106,-0.0958,-0.0061,-0.1292,0.0013,-0.1168,-0.1207,-0.0051,-0.0045,0.0093,-0.0284,-0.0031,-0.0078,-0.0063,-0.0603,-0.0278,-0.0719,-0.0603,-0.0081,-0.0753,-0.0171,-0.0685,-0.0685,0.0098,-0.0008,0.0113,-0.021,-0.021,-0.0032,0.0109,True,True
DTC_L_19,LanSi,1,CW_01,B,2026-04-03 15:02:58+08:00,ONLINE,False,,CW_1_01,PASS,,,52.5939878,_2026040315025852502,T20260403150258,DESKTOP-P2DUL42,Loma,1,CW_1_01,2,paul di,2024.0718.155524,V20260126.2,CW_DTCL_DTCR_STC,T20260403150351,52.5939878,True,True,True,True,True,True,True,4S2RND2HBL06DS,v1.0.1,2025_12_22,314.4511,323,474.2388,302.6493,294.9934,152.2384,148.6078,342.6667,333.7842,488.8777,-6.2849,2.3864,-0.0001,0.0,-0.2262,1.5568,-0.2175,1.5543,0.6668,156.6494,152.3418,150.6289,155.7246,153.8362,0.8215,0.7872,0.8295,0.7753,0.7753,0.7774,0.7678,0.7848,0.7568,0.7568,0.8225,0.8084,0.8216,0.763,0.7553,0.7244,0.7666,0.6825,0.6825,0.8101,0.98,0.8087,0.847,0.8087,0.8567,0.7624,0.7528,0.8408,0.8249,0.8312,0.7866,0.7688,0.7528,0,0,0,0,0,v1.0.1,2025_12_22,314.3235,322.9632,475.3121,302.4397,294.9267,151.2867,147.5,342.8312,333.9,489.9071,-6.3075,2.3856,-0.0001,0.0,-0.2263,1.5578,-0.218,1.5535,0.6668,164.8438,160.1436,166.3242,165.8115,164.2808,0.6732,0.6798,0.6911,0.6903,0.6732,0.6629,0.6459,0.638,0.6389,0.638,0.6506,0.6461,0.6429,0.6237,0.6441,0.6309,0.6383,0.6092,0.6092,0.6653,0.4575,0.6635,0.6993,0.4575,0.6514,0.6432,0.6183,0.6684,0.6741,0.6979,0.6814,0.6314,0.6183,0,0,0,0,0,v1.0.1,2025_12_22,313.1333,315.3524,437.973,301.2072,299.325,184.6583,185.05,329.8833,327.4957,445.4444,-6.9046,-4.1909,-0.0001,-0.0,-0.2123,1.565,-0.2124,1.5603,0.6751,175.7539,174.7119,172.9854,175.3545,174.7014,0.7918,0.6787,0.8019,0.6736,0.6736,0.7419,0.6633,0.7476,0.6616,0.6616,0.7872,0.7633,0.7758,0.7089,0.7089,0.7228,0,0.7173,0.7375,0.7173,0,0,0,0,0,v1.0.1,2025_12_22,313.1333,315.1905,438.8393,301,299.2397,183.8843,184.05,329.8833,327.5083,446.1333,-6.9459,-4.2817,-0.0001,-0.0,-0.2119,1.5649,-0.2128,1.5609,0.6753,149.5225,144.4619,143.7979,147.2969,146.2698,0.6544,0.5943,0.6744,0.6045,0.5943,0.6293,0.5713,0.6096,0.5921,0.5713,0.6422,0.6296,0.6584,0.6151,0.6151,0.5846,0.5338,0.5896,0.5748,0.5338,0,0,0,0,0,-0.0089,-0.0663,-0.0116,-0.0456,-0.0456,-0.0031,-0.0534,-0.0128,-0.0263,-0.0237,0.0031,-0.0062,0.0134,-0.0059,-0.0753,-0.1041,-0.0255,-0.0733,0.0183,-0.0086,-0.0195,-0.0308,-0.0014,-0.0172,-0.0193,-0.0039,-0.0334,-0.0047,-0.0334,-0.0047,-0.0003,0.0007,-0.0136,-0.0172,-0.0192,-0.0424,-0.0203,-0.0205,-0.0003,-0.0225,0.0025,-0.1381,-0.0004,-0.1148,-0.1148,-0.0045,-0.113,-0.0091,-0.088,-0.0848,0.0169,0.0013,0.018,0.0086,-0.0012,-0.0178,-0.0008,-0.0787,0.0024,-0.0755,-0.0609,-0.01,-0.083,-0.0175,-0.0413,-0.0558,0.0037,-0.0071,0.0152,0.0184,0.0184,0.0055,0.0109,True,True
DTC_L_20,LanSi,1,CW_01,C,2026-04-03 15:04:30+08:00,ONLINE,False,,CW_1_01,PASS,,,52.0566688,_2026040315043096702,T20260403150430,DESKTOP-P2DUL42,Loma,1,CW_1_01,2,paul di,2024.0718.155524,V20260126.2,CW_DTCL_DTCR_STC,T20260403150523,52.0566688,True,True,True,True,True,True,True,4S2RND2HBL06DS,v1.0.1,2025_12_22,314.2239,323.2761,474.2409,303.1533,294.9408,152.4342,148.5,343,333.6312,489.5248,-6.3926,2.7777,-0.0001,0.0,-0.2246,1.5579,-0.2179,1.5541,0.6674,156.7705,152.8779,150.7285,156.2324,154.1523,0.7984,0.7938,0.8242,0.8043,0.7938,0.7898,0.7731,0.7852,0.7559,0.7559,0.8206,0.8189,0.8074,0.7651,0.7771,0.7518,0.7693,0.699,0.699,0.8063,0.98,0.8263,0.845,0.8063,0.8441,0.8646,0.7918,0.8409,0.8327,0.8286,0.7968,0.7826,0.7826,0,0,0,0,0,v1.0.1,2025_12_22,314.1912,323.3162,475.3235,303.0368,294.8667,151.48,147.4211,343.2105,333.8,490.5857,-6.3795,2.8258,-0.0001,0.0,-0.2247,1.5583,-0.2182,1.5536,0.6672,166.1543,161.2109,167.4102,166.9043,165.4199,0.6727,0.6835,0.683,0.7031,0.6727,0.656,0.6389,0.6441,0.6536,0.6389,0.649,0.654,0.6523,0.6383,0.6335,0.6379,0.626,0.6149,0.6149,0.6777,0.2719,0.6702,0.6876,0.2719,0.6646,0.6837,0.6498,0.6967,0.6675,0.6757,0.6855,0.6308,0.6308,0,0,0,0,0,v1.0.1,2025_12_22,313.0952,315.7238,438.1071,301.5804,299.225,184.8333,184.8655,329.8655,327.3025,445.958,-6.9809,-3.9078,-0.0001,-0.0,-0.2121,1.5647,-0.2093,1.5616,0.6762,176.1367,175.3887,173.3057,175.7246,175.1389,0.7642,0.6918,0.7999,0.6761,0.6761,0.7465,0.6722,0.7568,0.6583,0.6583,0.7797,0.7758,0.7694,0.6964,0.6964,0.7228,0,0.7231,0.7357,0.7228,0,0,0,0,0,v1.0.1,2025_12_22,313.0577,315.6827,438.7368,301.5,299.1333,184.15,184.0413,329.9339,327.4274,446.6239,-7.0207,-3.9219,-0.0001,-0.0,-0.2119,1.5648,-0.2095,1.561,0.6761,150.8887,145.4346,144.6182,148.2295,147.2927,0.6568,0.5958,0.6678,0.6055,0.5958,0.6337,0.5723,0.6184,0.5968,0.5723,0.6342,0.6344,0.6534,0.5979,0.5979,0.5765,0.4224,0.5925,0.586,0.4224,0,0,0,0,0,-0.032,-0.0597,-0.0169,-0.0166,-0.0271,0.0093,-0.0481,-0.0124,-0.0272,-0.0246,0.0012,0.0043,-0.0008,-0.0038,-0.0535,-0.0767,-0.0228,-0.0568,0.0145,0.009,-0.02,-0.0271,-0.0095,-0.0044,-0.0198,-0.0108,-0.0404,0.0014,-0.0187,-0.0038,-0.0019,0.0086,-0.0042,-0.0026,-0.0298,-0.0354,-0.0326,-0.0148,0.0121,-0.0158,-0.0251,-0.125,-0.0024,-0.1123,-0.1123,0.0001,-0.1041,0.0001,-0.0913,-0.0881,0.0094,0.0138,0.0116,-0.0039,-0.0012,-0.012,0.0016,-0.0772,-0.0042,-0.0745,-0.0594,-0.0056,-0.082,-0.0087,-0.0366,-0.0548,-0.0043,-0.0023,0.0102,0.0012,0.0012,-0.0026,0.0138,True,True
DTC_R_20,LanSi,1,CW_01,C,2026-04-03 15:04:30+08:00,ONLINE,False,,CW_1_01,PASS,,,52.1828936,_2026040315043085101,T20260403150430,DESKTOP-P2DUL42,Loma,1,CW_1_01,1,paul di,2024.0718.155524,V20260126.2,CW_DTCL_DTCR_STC,T20260403150523,52.1828936,True,True,True,True,True,True,True,4S2RND2HBL0DP6,v1.0.1,2025_12_22,315.1407,317.7259,474.8519,298.0148,295.5168,148.4564,149.5828,337.8344,335.2199,485.2199,-5.4376,-2.0497,-0.0001,-0.0,-0.2223,1.5549,-0.2204,1.551,0.6658,156.9668,154.8047,154.501,157.0303,155.8257,0.8629,0.8306,0.8684,0.8516,0.8306,0.8269,0.7955,0.8227,0.7464,0.7464,0.812,0.812,0.8169,0.8226,0.7551,0.7773,0.7532,0.7672,0.7532,0.8397,0.8119,0.7916,0.6564,0.6564,0.8511,0.8011,0.7898,0.8174,0.8154,0.98,0.8138,0.841,0.7898,0,0,0,0,0,v1.0.1,2025_12_22,315.1064,317.6809,475.9571,297.8929,295.3378,147.3784,148.4122,338,335.1901,486.1831,-5.4993,-2.073,-0.0001,-0.0,-0.2219,1.5547,-0.2208,1.5516,0.6659,165.4414,159.7344,168.5625,168.3877,165.5315,0.6926,0.6934,0.7079,0.7101,0.6926,0.6803,0.6666,0.6823,0.6453,0.6453,0.6673,0.6582,0.666,0.6682,0.64,0.6436,0.6022,0.6416,0.6022,0.6899,0.669,0.6624,0.1366,0.1366,0.6599,0.6497,0.649,0.6694,0.6563,0.5095,0.6574,0.6768,0.5095,0,0,0,0,0,v1.0.1,2025_12_22,317.4466,329.0097,441.8108,314.045,302.96,196.528,188.952,343.424,331.7589,457.3929,-2.9143,8.5799,-0.0,0.0001,-0.2192,1.5614,-0.2112,1.5593,0.6725,177.1133,177.1553,177.0957,178.3936,177.4395,0.8156,0.7169,0.8269,0.7413,0.7169,0.7746,0.6905,0.7836,0.64,0.64,0.7847,0.768,0.77,0.7488,0.7488,0.7418,0.7149,0.7193,0,0.7149,0,0,0,0,0,v1.0.1,2025_12_22,317.4486,329.1308,442.5893,314.1607,302.76,195.88,188.0488,343.4878,331.9009,458.1081,-2.9505,8.6535,-0.0,0.0001,-0.2185,1.5605,-0.21,1.5587,0.6727,149.1152,143.5264,145.3467,147.1709,146.2898,0.6647,0.6005,0.678,0.6403,0.6005,0.65,0.5892,0.6565,0.5559,0.5559,0.6299,0.6326,0.6354,0.6308,0.6299,0.588,0.5678,0.5708,0.1986,0.1986,0,0,0,0,0,-0.008,-0.0519,-0.0062,-0.0206,-0.0403,-0.0031,-0.0187,0.0069,-0.0949,-0.0678,-0.0146,-0.0012,0.0053,0.0051,-0.063,-0.0397,-0.0469,-0.0727,-0.0028,-0.0066,-0.0207,-0.0215,-0.0005,-0.0039,-0.0158,-0.0058,-0.0108,0.0092,-0.042,-0.0278,0.024,0.014,0.0087,-0.0003,-0.0091,-0.0168,-0.0354,0.0003,-0.0007,0.0078,0.0012,-0.1182,0.0167,-0.0889,-0.0933,-0.0072,-0.0923,0.0093,-0.1363,-0.1343,0.0128,-0.0085,0.0086,0.001,-0.0045,-0.0106,-0.0083,-0.0684,0.0053,-0.0437,-0.0684,0.0004,-0.0655,0.0064,-0.092,-0.092,-0.0048,-0.0103,-0.0142,-0.0023,-0.0032,-0.0109,-0.0017,True,True
DTC_R_21,LanSi,1,CW_01,A,2026-04-03 15:06:13+08:00,ONLINE,False,,CW_1_01,PASS,,,52.388883,_2026040315061354001,T20260403150613,DESKTOP-P2DUL42,Loma,1,CW_1_01,1,paul di,2024.0718.155524,V20260126.2,CW_DTCL_DTCR_STC,T20260403150705,52.388883,True,True,True,True,True,True,True,4S2RND2HBL0DP6,v1.0.1,2025_12_22,315.1241,316.781,474.6296,296.9556,295.604,147.4564,149.4605,337.3026,335.3239,484.7183,-5.4716,-2.8572,-0.0001,-0.0,-0.2231,1.5555,-0.2227,1.5506,0.6651,157.3896,155.376,154.7705,157.5068,156.2607,0.8645,0.8459,0.8691,0.8511,0.8459,0.8236,0.7522,0.8218,0.7695,0.7522,0.8312,0.8111,0.8065,0.805,0.7606,0.7449,0.7637,0.7079,0.7079,0.8348,0.8107,0.7815,0.98,0.7815,0.8379,0.7855,0.7822,0.8184,0.817,0.8114,0.6982,0.8596,0.6982,0,0,0,0,0,v1.0.1,2025_12_22,315.0426,316.844,475.8478,296.7609,295.4564,146.5101,148.3467,337.2333,335.5,485.589,-5.4613,-2.9125,-0.0001,-0.0,-0.2237,1.5558,-0.2212,1.5496,0.6651,165.8438,159.6201,168.3887,168.3926,165.5613,0.6998,0.6946,0.7135,0.7037,0.6946,0.6801,0.6541,0.6675,0.6437,0.6437,0.6583,0.6487,0.6488,0.6643,0.6479,0.6274,0.6163,0.5922,0.5922,0.6818,0.6667,0.6479,0.0576,0.0576,0.6413,0.6614,0.6711,0.657,0.6597,0.5831,0.6289,0.6704,0.5831,0,0,0,0,0,v1.0.1,2025_12_22,317.3394,328.2752,441.6637,313.2478,302.9758,195.6855,188.6992,342.5447,331.9381,456.8142,-2.9768,7.8135,-0.0,0.0001,-0.2198,1.5624,-0.21,1.5572,0.6725,177.4131,177.7256,177.9072,178.6387,177.9211,0.815,0.6656,0.8359,0.7238,0.6656,0.7803,0.6681,0.7839,0.6392,0.6392,0.7767,0.7653,0.777,0.7541,0.7541,0.7528,0.6858,0.7323,0,0.6858,0,0,0,0,0,v1.0.1,2025_12_22,317.3364,328.4182,442.4775,313.2072,302.8065,194.871,187.813,342.7317,332,457.5818,-3.0133,7.862,-0.0,0.0001,-0.2204,1.5619,-0.2095,1.5572,0.6723,149.1592,143.4805,145.1523,147.0654,146.2144,0.6659,0.5672,0.6866,0.6255,0.5672,0.637,0.5835,0.6629,0.5567,0.5567,0.644,0.648,0.6363,0.6393,0.6363,0.5805,0.5625,0.5739,0.3256,0.3256,0,0,0,0,0,-0.0064,-0.0366,-0.0055,-0.0211,-0.025,-0.0064,-0.062,0.006,-0.0718,-0.062,0.0046,-0.0021,-0.0051,-0.0125,-0.0575,-0.0721,-0.0364,-0.132,-0.0077,-0.0167,-0.0135,-0.0203,0.0051,-0.0103,-0.0138,-0.006,-0.0233,-0.0056,-0.0436,-0.0294,0.015,0.0045,-0.0085,-0.0042,-0.0012,-0.033,-0.0213,-0.0491,-0.0088,-0.0067,0.0006,-0.1695,0.0257,-0.1064,-0.1446,-0.0015,-0.1147,0.0096,-0.1371,-0.1351,0.0048,-0.0112,0.0156,0.0063,0.0065,0.0024,-0.0071,-0.1017,0.0139,-0.0585,-0.1017,-0.0126,-0.0712,0.0128,-0.0912,-0.0912,0.0093,0.0051,-0.0133,0.0062,0.0032,-0.0184,0.0014,True,True
DTC_L_21,LanSi,1,CW_01,A,2026-04-03 15:06:13+08:00,ONLINE,False,,CW_1_01,PASS,,,52.3011176,_2026040315061365602,T20260403150613,DESKTOP-P2DUL42,Loma,1,CW_1_01,2,paul di,2024.0718.155524,V20260126.2,CW_DTCL_DTCR_STC,T20260403150705,52.3011176,True,True,True,True,True,True,True,4S2RND2HBL06DS,v1.0.1,2025_12_22,314.2388,322.8209,474.2148,302.2222,294.8487,151.8816,148.4832,342.4564,333.6296,488.9556,-6.417,2.1673,-0.0001,0.0,-0.2275,1.5573,-0.2174,1.5541,0.6666,156.4209,152.374,150.4824,155.8906,153.792,0.8185,0.7857,0.8349,0.7801,0.7801,0.7872,0.7505,0.7922,0.7502,0.7502,0.8205,0.8227,0.8199,0.7712,0.7551,0.7265,0.7758,0.7045,0.7045,0.8162,0.8376,0.8354,0.8475,0.8162,0.8435,0.7968,0.7694,0.8395,0.8254,0.821,0.8143,0.7585,0.7585,0,0,0,0,0,v1.0.1,2025_12_22,314.2409,322.8467,475.3066,302.1168,294.8487,150.8816,147.5,342.5867,333.8143,489.9143,-6.3579,2.1692,-0.0001,0.0,-0.2275,1.558,-0.2173,1.5537,0.6667,165.3027,161.1201,166.9492,166.1758,164.887,0.6699,0.6699,0.6908,0.6821,0.6699,0.6547,0.6407,0.6385,0.6508,0.6385,0.6494,0.6614,0.6472,0.63,0.6385,0.6347,0.6389,0.6021,0.6021,0.6489,0.5744,0.6743,0.701,0.5744,0.6609,0.6577,0.6461,0.6942,0.6688,0.668,0.686,0.6402,0.6402,0,0,0,0,0,v1.0.1,2025_12_22,313.1604,315.1415,438.0092,300.7982,299.2333,184.3083,184.878,329.5447,327.2881,445.339,-6.9862,-4.4737,-0.0001,-0.0,-0.2139,1.5642,-0.2113,1.5622,0.6753,175.96,175.1035,173.1797,175.6416,174.9712,0.779,0.6833,0.8119,0.6756,0.6756,0.7576,0.6494,0.7483,0.6593,0.6494,0.7861,0.7789,0.7674,0.6943,0.6943,0.7178,0,0.7344,0.7267,0.7178,0,0,0,0,0,v1.0.1,2025_12_22,313.0874,315.165,438.7838,300.7207,299.1795,183.6325,184.0325,329.6829,327.3193,446.2269,-7.0195,-4.4144,-0.0001,-0.0,-0.2139,1.5649,-0.2115,1.5621,0.6754,149.7314,145.4756,144.2861,147.7646,146.8145,0.6566,0.5936,0.6582,0.597,0.5936,0.6162,0.5636,0.621,0.5779,0.5636,0.628,0.6373,0.6545,0.6213,0.6213,0.5872,0.5461,0.591,0.5954,0.5461,0,0,0,0,0,-0.0119,-0.0678,-0.0062,-0.0408,-0.0408,0.0067,-0.0707,-0.0054,-0.0329,-0.0303,0.0011,0.0081,0.0117,0.0023,-0.0755,-0.102,-0.0163,-0.0513,0.0244,0.0181,-0.0228,-0.0407,-0.0017,-0.0254,-0.0226,-0.0121,-0.0386,-0.0042,-0.0215,-0.0042,-0.0015,0.016,-0.0093,-0.0109,-0.0248,-0.0386,-0.0197,-0.0276,-0.0167,-0.0117,-0.0103,-0.1335,0.0096,-0.1128,-0.1128,0.0112,-0.1269,-0.0084,-0.0903,-0.097,0.0158,0.0169,0.0096,-0.006,-0.0062,-0.0007,0.0014,-0.0794,-0.0138,-0.083,-0.0616,-0.0231,-0.0907,-0.0061,-0.0555,-0.0635,-0.0105,0.0006,0.0113,0.0246,0.0246,0.0081,0.0123,True,True
DTC_L_22,LanSi,1,CW_01,B,2026-04-03 15:07:51+08:00,ONLINE,False,,CW_1_01,PASS,,,52.1821154,_2026040315075163602,T20260403150751,DESKTOP-P2DUL42,Loma,1,CW_1_01,2,paul di,2024.0718.155524,V20260126.2,CW_DTCL_DTCR_STC,T20260403150843,52.1821154,True,True,True,True,True,True,True,4S2RND2HBL06DS,v1.0.1,2025_12_22,314.3507,322.9104,474.3066,302.3066,294.96,152.02,148.596,342.5894,333.6963,489.0815,-6.3181,2.2816,-0.0001,0.0,-0.2276,1.5573,-0.2177,1.5544,0.6666,156.5381,152.6006,150.957,156.2295,154.0813,0.8159,0.7739,0.785,0.7488,0.7488,0.7805,0.7619,0.7682,0.7393,0.7393,0.8196,0.818,0.7821,0.7617,0.7463,0.7178,0.7696,0.688,0.688,0.8122,0.98,0.8326,0.844,0.8122,0.8414,0.784,0.762,0.8377,0.8157,0.8348,0.8054,0.7771,0.762,0,0,0,0,0,v1.0.1,2025_12_22,314.2647,322.8897,475.4925,302.1642,294.9122,151.0473,147.5066,342.7895,333.8511,490.0567,-6.2946,2.2895,-0.0001,0.0,-0.2273,1.5581,-0.2183,1.5536,0.6665,163.5078,159.3936,165.5479,164.5234,163.2432,0.6793,0.65,0.6573,0.6678,0.65,0.6534,0.6315,0.6219,0.6444,0.6219,0.6464,0.661,0.6398,0.6243,0.6244,0.6145,0.6379,0.6064,0.6064,0.6524,0.3647,0.6785,0.7041,0.3647,0.6676,0.6499,0.6226,0.6768,0.683,0.6831,0.6752,0.6326,0.6226,0,0,0,0,0,v1.0.1,2025_12_22,313.0865,315.2212,438.0545,301,299.2941,184.4286,184.7642,329.6423,327.2609,445.4957,-7.0079,-4.3425,-0.0001,-0.0,-0.2128,1.5652,-0.2114,1.5619,0.6757,175.8633,174.8496,173.3271,175.7773,174.9543,0.7876,0.6703,0.7626,0.6435,0.6435,0.7444,0.6485,0.7397,0.6822,0.6485,0.7913,0.7681,0.7106,0.6991,0.6991,0.7148,0,0.7394,0.7298,0.7148,0,0,0,0,0,v1.0.1,2025_12_22,313.0762,315.0762,438.8673,300.7876,299.181,183.6638,184,329.8475,327.3162,446.3846,-7.0119,-4.3481,-0.0001,-0.0,-0.2126,1.5649,-0.2134,1.5623,0.6753,148.4268,143.7129,143.0947,146.1162,145.3376,0.6665,0.5836,0.6413,0.5772,0.5772,0.6387,0.5684,0.6126,0.5952,0.5684,0.6404,0.6294,0.6118,0.6143,0.6118,0.5828,0.5217,0.5974,0.5928,0.5217,0,0,0,0,0,-0.0145,-0.0796,-0.0561,-0.0721,-0.0721,0,-0.0593,-0.0294,-0.0438,-0.0412,0.0002,0.0034,-0.0261,-0.0072,-0.0843,-0.1107,-0.0225,-0.0678,0.0204,0.0153,-0.0134,-0.0606,-0.0352,-0.0397,-0.0425,-0.0134,-0.0478,-0.0208,-0.0279,-0.0208,-0.0045,0.0156,-0.0167,-0.0166,-0.0389,-0.0588,-0.0207,-0.0233,-0.0132,-0.0075,-0.0017,-0.1465,-0.0397,-0.1449,-0.1449,-0.002,-0.1278,-0.017,-0.0674,-0.0979,0.021,0.0061,-0.0472,-0.0012,-0.0092,0.0043,0.0113,-0.0894,-0.0307,-0.1028,-0.078,-0.0006,-0.0859,-0.0145,-0.0382,-0.0587,0.0019,-0.0073,-0.0314,0.0176,0.0151,0.0037,0.0187,True,True
DTC_R_22,LanSi,1,CW_01,B,2026-04-03 15:07:51+08:00,ONLINE,False,,CW_1_01,PASS,,,52.3017931,_2026040315075152301,T20260403150751,DESKTOP-P2DUL42,Loma,1,CW_1_01,1,paul di,2024.0718.155524,V20260126.2,CW_DTCL_DTCR_STC,T20260403150843,52.3017931,True,True,True,True,True,True,True,4S2RND2HBL0DP6,v1.0.1,2025_12_22,315.0368,317.8088,474.6765,297.9632,295.7413,148.2517,149.3922,338.3333,335.1277,486,-5.5051,-1.8286,-0.0001,-0.0,-0.2232,1.557,-0.2228,1.5514,0.6656,158.0234,155.4189,155.1699,156.917,156.3823,0.8537,0.8317,0.871,0.8385,0.8317,0.8202,0.777,0.8182,0.792,0.777,0.8214,0.822,0.822,0.8183,0.7643,0.7874,0.748,0.7826,0.748,0.8396,0.8106,0.7899,0.7038,0.7038,0.8442,0.791,0.7686,0.7964,0.8214,0.8104,0.7716,0.8363,0.7686,0,0,0,0,0,v1.0.1,2025_12_22,315.0426,317.844,475.8467,297.8102,295.4094,147.1946,148.245,338.3907,335.2878,486.9353,-5.5337,-1.865,-0.0001,-0.0,-0.2234,1.5557,-0.2221,1.5511,0.6653,164.3594,158.4062,167.248,166.5947,164.1521,0.6969,0.6926,0.7159,0.7045,0.6926,0.6795,0.6616,0.6753,0.656,0.656,0.6517,0.67,0.6552,0.6725,0.6383,0.671,0.6196,0.6266,0.6196,0.6729,0.6734,0.661,0.3579,0.3579,0.6541,0.6743,0.6405,0.6674,0.6844,0.6722,0.6509,0.6923,0.6405,0,0,0,0,0,v1.0.1,2025_12_22,317.3273,329.3273,441.6549,314.2389,303,196.5,188.7805,343.6748,331.885,458.1062,-2.9705,8.8694,-0.0,0.0001,-0.2203,1.5628,-0.2106,1.5577,0.6724,177.6016,177.6484,177.7002,178.2188,177.7922,0.8118,0.7241,0.8212,0.7268,0.7241,0.785,0.6874,0.7761,0.6777,0.6777,0.7794,0.78,0.7766,0.7451,0.7451,0.7275,0.6621,0.7239,0,0.6621,0,0,0,0,0,v1.0.1,2025_12_22,317.25,329.3704,442.5044,314.2212,302.8033,195.7705,187.8145,343.7823,331.8496,458.9469,-3.0556,8.9183,-0.0,0.0001,-0.2198,1.5626,-0.2104,1.5581,0.6726,147.959,142.5518,144.1045,145.2988,144.9785,0.66,0.605,0.6773,0.6199,0.605,0.6466,0.5929,0.659,0.5797,0.5797,0.6291,0.6459,0.6371,0.6227,0.6227,0.5882,0.5565,0.5707,0.4827,0.4827,0,0,0,0,0,-0.0172,-0.0508,-0.0036,-0.0337,-0.0392,-0.0098,-0.0372,0.0024,-0.0493,-0.0372,-0.0052,0.0088,0.0104,0.0008,-0.0538,-0.0296,-0.0521,-0.0573,-0.0029,-0.0083,-0.0164,-0.0223,0.0075,-0.0095,-0.0158,-0.0066,-0.0158,0.0022,-0.0313,-0.0171,0.0084,0.0258,-0.0021,0.004,-0.0108,0.0106,-0.018,-0.0147,-0.0177,0.0064,-0.0026,-0.111,0.011,-0.1034,-0.0861,0.0032,-0.0954,0.0018,-0.0986,-0.0966,0.0075,0.0035,0.0152,-0.0027,-0.0188,-0.006,-0.013,-0.0639,0.0046,-0.0641,-0.0639,-0.003,-0.0618,0.0089,-0.0682,-0.0682,-0.0056,0.003,-0.0125,-0.0104,-0.0104,-0.0107,-0.0018,True,True
DTC_R_23,LanSi,1,CW_01,C,2026-04-03 15:09:28+08:00,ONLINE,False,,CW_1_01,PASS,,,52.7424133,_2026040315092858601,T20260403150928,DESKTOP-P2DUL42,Loma,1,CW_1_01,1,paul di,2024.0718.155524,V20260126.2,CW_DTCL_DTCR_STC,T20260403151021,52.7424133,True,True,True,True,True,True,True,4S2RND2HBL0DP6,v1.0.1,2025_12_22,315.3507,316.9104,475.4706,297.4265,295.9448,149.1586,149.6093,336.755,335.9067,486.0467,-5.0436,-2.2406,-0.0001,-0.0,-0.2206,1.5551,-0.2186,1.5493,0.6663,157.1709,155.1992,154.7305,157.3545,156.1138,0.8678,0.7788,0.8747,0.8033,0.7788,0.8161,0.7485,0.8253,0.801,0.7485,0.8329,0.8057,0.8135,0.8277,0.7245,0.7289,0.7926,0.8192,0.7245,0.8307,0.7765,0.7713,0.1604,0.1604,0.8269,0.7655,0.7628,0.8168,0.8019,0.98,0.8225,0.8513,0.7628,0,0,0,0,0,v1.0.1,2025_12_22,315.2647,316.8897,476.6222,297.2148,295.8951,148.0909,148.4333,336.9467,336.0338,487.1149,-5.0502,-2.2486,-0.0001,-0.0,-0.2208,1.556,-0.2191,1.5489,0.6662,164.376,158.0654,166.7764,167.0889,164.0767,0.6983,0.6663,0.7069,0.6859,0.6663,0.6719,0.6395,0.6689,0.6678,0.6395,0.6495,0.649,0.6737,0.6593,0.6241,0.6331,0.6219,0.6483,0.6219,0.6666,0.6372,0.6643,0.2721,0.2721,0.6344,0.6539,0.6476,0.6607,0.6553,0.5193,0.6249,0.674,0.5193,0,0,0,0,0,v1.0.1,2025_12_22,317.8208,328.3208,442.2719,313.4561,303.248,197.032,189,342.4127,332.2203,457.1525,-2.5878,8.1748,-0.0,0.0001,-0.2184,1.5597,-0.2084,1.559,0.673,177.0078,177.0176,177.4688,178.3535,177.4619,0.822,0.6414,0.8237,0.6841,0.6414,0.7833,0.6191,0.787,0.7167,0.6191,0.7843,0.7563,0.7594,0.7594,0.7563,0.734,0.6778,0.7263,0,0.6778,0,0,0,0,0,v1.0.1,2025_12_22,317.7358,328.4057,443.1909,313.3273,303.1967,196.2295,188.0726,342.5565,332.2712,458,-2.6066,8.2038,-0.0,0.0001,-0.2191,1.5607,-0.2082,1.5586,0.673,148.041,141.7158,143.8564,146.2588,144.968,0.6686,0.5628,0.6793,0.6054,0.5628,0.6443,0.5583,0.645,0.5903,0.5583,0.6306,0.6251,0.64,0.6381,0.6251,0.5797,0.5372,0.5793,0.2055,0.2055,0,0,0,0,0,-0.0031,-0.1037,0.0001,-0.0689,-0.0921,-0.0139,-0.0657,0.0095,-0.0403,-0.0657,0.0063,-0.0075,0.0019,0.0102,-0.0936,-0.0881,-0.0075,-0.0207,-0.0118,-0.0269,-0.015,-0.0486,-0.0015,-0.0281,-0.0421,-0.0142,-0.0379,-0.0042,-0.0195,-0.0336,0.0062,0.0048,0.0164,-0.0092,-0.025,-0.0273,-0.0157,0.007,-0.024,0.0097,0.0076,-0.1937,0.0135,-0.1461,-0.1688,0.0015,-0.1637,0.0127,-0.0596,-0.1552,0.0124,-0.0202,-0.002,0.0116,-0.0123,-0.0036,-0.0044,-0.1061,0.0066,-0.0786,-0.1061,-0.0053,-0.0964,-0.0051,-0.0576,-0.0896,-0.0041,-0.0178,-0.0096,0.005,-0.008,-0.0192,0.0068,True,True
DTC_L_23,LanSi,1,CW_01,C,2026-04-03 15:09:28+08:00,ONLINE,False,,CW_1_01,PASS,,,52.5509253,_2026040315092879202,T20260403150928,DESKTOP-P2DUL42,Loma,1,CW_1_01,2,paul di,2024.0718.155524,V20260126.2,CW_DTCL_DTCR_STC,T20260403151021,52.5509253,True,True,True,True,True,True,True,4S2RND2HBL06DS,v1.0.1,2025_12_22,314.2148,322.7778,474.3037,302.2074,294.8456,151.7383,148.5,342.4133,333.7153,488.9343,-6.3841,2.1142,-0.0001,0.0,-0.2273,1.5575,-0.2174,1.5535,0.6666,156.248,152.7305,150.8574,155.6777,153.8784,0.8205,0.7859,0.83,0.7742,0.7742,0.7765,0.7643,0.7897,0.7576,0.7576,0.8164,0.8145,0.8094,0.7762,0.7396,0.7175,0.7858,0.7006,0.7006,0.8016,0.5692,0.8141,0.8365,0.5692,0.8602,0.7868,0.7755,0.8262,0.8362,0.8297,0.8095,0.7726,0.7726,0,0,0,0,0,v1.0.1,2025_12_22,314.2628,322.7518,475.4179,302.0373,294.8467,150.7867,147.5,342.5867,333.8143,489.9143,-6.3317,2.1154,-0.0001,0.0,-0.2273,1.5578,-0.2179,1.5538,0.6666,165.2715,160.8418,166.9062,165.8809,164.7251,0.6767,0.6786,0.6783,0.6842,0.6767,0.6483,0.6325,0.6477,0.6537,0.6325,0.6357,0.6578,0.6503,0.6389,0.6093,0.6331,0.6348,0.6061,0.6061,0.6618,0.5494,0.6696,0.6881,0.5494,0.6719,0.6547,0.6433,0.6734,0.6689,0.6944,0.6773,0.6361,0.6361,0,0,0,0,0,v1.0.1,2025_12_22,313.0762,315.0762,438.0721,300.7658,299.2397,184.2562,184.6891,329.5462,327.2773,445.3529,-7.0291,-4.5005,-0.0001,-0.0,-0.2135,1.5649,-0.2117,1.5617,0.6754,175.4873,175.2764,173.3809,175.3809,174.8813,0.7884,0.6902,0.8004,0.678,0.678,0.744,0.6556,0.7456,0.6647,0.6556,0.7706,0.7619,0.7566,0.7105,0.7105,0.7138,0,0.7225,0.717,0.7138,0,0,0,0,0,v1.0.1,2025_12_22,313.0583,315,438.8288,300.6216,299.069,183.4828,183.9675,329.5854,327.3083,446.175,-7.0536,-4.5271,-0.0001,-0.0,-0.2133,1.5643,-0.212,1.5621,0.6753,149.5059,144.7275,144.0654,147.1865,146.3713,0.653,0.5824,0.656,0.6076,0.5824,0.632,0.5709,0.6168,0.5801,0.5709,0.6282,0.6261,0.6303,0.6187,0.6187,0.5789,0.5443,0.5825,0.5748,0.5443,0,0,0,0,0,-0.0099,-0.0676,-0.0111,-0.0467,-0.0467,-0.004,-0.0569,-0.0079,-0.0255,-0.0229,-0.003,-0.0001,0.0012,0.0073,-0.091,-0.111,-0.0063,-0.0552,0.0098,-0.0032,-0.016,-0.032,-0.0142,-0.0233,-0.0158,-0.0185,-0.0468,0.005,-0.0186,-0.0102,-0.0152,0.0124,-0.0062,-0.002,-0.054,-0.0402,-0.0238,-0.0236,-0.0038,-0.0164,-0.0009,-0.1266,-0.0019,-0.1104,-0.1104,-0.0024,-0.1207,-0.0111,-0.0849,-0.0908,0.0003,-0.0001,-0.0012,0.0102,-0.0102,-0.0126,-0.0022,-0.0906,-0.016,-0.0724,-0.0728,-0.0073,-0.0834,-0.0103,-0.0533,-0.0562,-0.0103,-0.0106,-0.0129,0.022,0.022,-0.0002,0.0038,True,True
DTC_R_24,LanSi,1,CW_01,A,2026-04-03 15:11:19+08:00,ONLINE,False,,CW_1_01,PASS,,,52.7826312,_2026040315111952501,T20260403151119,DESKTOP-P2DUL42,Loma,1,CW_1_01,1,paul di,2024.0718.155524,V20260126.2,CW_DTCL_DTCR_STC,T20260403151212,52.7826312,True,True,True,True,True,True,True,4S2RND2HBL0DP6,v1.0.1,2025_12_22,315.1324,316.5809,474.8148,296.6889,295.6486,147.4527,149.5724,336.6382,335.2899,483.9493,-5.4084,-3.238,-0.0001,-0.0,-0.2234,1.5556,-0.22,1.5504,0.6656,156.9199,154.4238,153.9141,157.2441,155.6255,0.8674,0.8364,0.8688,0.8023,0.8023,0.8131,0.7579,0.8021,0.7507,0.7507,0.8155,0.8187,0.8246,0.8222,0.7463,0.7678,0.7697,0.7031,0.7031,0.8312,0.8263,0.7876,0.98,0.7876,0.8396,0.7874,0.7559,0.8109,0.8014,0.8441,0.7539,0.8529,0.7539,0,0,0,0,0,v1.0.1,2025_12_22,315.1655,316.6187,475.8759,296.5328,295.5436,146.4027,148.4267,336.7267,335.4155,485.0352,-5.4146,-3.2368,-0.0001,-0.0,-0.2238,1.5555,-0.2195,1.5506,0.6657,165.6533,160.3193,169.1221,168.2871,165.8455,0.7071,0.7001,0.7116,0.6747,0.6747,0.6859,0.6448,0.6606,0.6478,0.6448,0.6555,0.6549,0.6521,0.6654,0.6538,0.6401,0.6283,0.6033,0.6033,0.6703,0.6708,0.6491,0.0828,0.0828,0.6579,0.6616,0.6548,0.6591,0.6459,0.6017,0.6453,0.6802,0.6017,0,0,0,0,0,v1.0.1,2025_12_22,317.5,328.1132,441.8704,312.9259,303.0488,195.6098,188.952,342.4,331.9554,456.1339,-2.8347,7.5366,-0.0,0.0001,-0.221,1.5616,-0.2102,1.5578,0.6721,177.1963,176.7539,176.9697,178.2686,177.2971,0.7991,0.721,0.8147,0.678,0.678,0.7478,0.6591,0.7401,0.6223,0.6223,0.7813,0.7675,0.7509,0.7468,0.7468,0.7389,0.695,0.7089,0,0.695,0,0,0,0,0,v1.0.1,2025_12_22,317.5048,328.0571,442.6759,312.9167,302.9256,194.9256,188.0407,342.4715,331.9912,456.9474,-2.8724,7.5637,-0.0,0.0001,-0.2199,1.5612,-0.2104,1.5584,0.6723,148.999,143.9268,145.8252,147.0693,146.4551,0.6576,0.6108,0.6649,0.587,0.587,0.6449,0.5832,0.6251,0.5478,0.5478,0.6361,0.6494,0.6557,0.6349,0.6349,0.5898,0.5721,0.5655,0.3565,0.3565,0,0,0,0,0,-0.0035,-0.0461,-0.0058,-0.0699,-0.0686,-0.0169,-0.0563,-0.0137,-0.0906,-0.0635,-0.0111,0.0055,0.013,0.0047,-0.0718,-0.0492,-0.0304,-0.1368,-0.0113,-0.0106,-0.0062,-0.0148,0.0032,-0.0393,-0.0337,-0.0002,-0.0326,-0.0125,-0.0395,-0.0283,0.0122,0.0107,-0.0052,-0.0031,0.0047,-0.0203,-0.0093,-0.038,-0.0203,-0.0055,-0.0153,-0.1141,0.0045,-0.1522,-0.1322,-0.034,-0.1237,-0.0342,-0.154,-0.152,0.0094,-0.009,-0.0105,-0.001,-0.0074,-0.021,-0.0154,-0.0581,-0.0078,-0.097,-0.0819,-0.0047,-0.0715,-0.025,-0.1001,-0.1001,0.0014,0.0065,0.0061,0.0018,0.0018,-0.0091,-0.007,True,True
DTC_L_24,LanSi,1,CW_01,A,2026-04-03 15:11:19+08:00,ONLINE,False,,CW_1_01,FAIL,SFR_VIS_25cm_Ny4_01F_ROI2;SFR_VIS_25cm_Ny4_01F_Min;IR_SFR_VIS_25cm_Ny4_01F_ROI2;IR_SFR_VIS_25cm_Ny4_01F_Min;SFR_VIS_25cm_Ny4_01F_ROI2_Dev;SFR_VIS_25cm_Ny4_01F_Min_Dev;IR_SFR_VIS_25cm_Ny4_01F_ROI2_Dev,sfr_25Algo,52.6769149,_2026040315111964302,T20260403151119,DESKTOP-P2DUL42,Loma,1,CW_1_01,2,paul di,2024.0718.155524,V20260126.2,CW_DTCL_DTCR_STC,T20260403151212,52.6769149,True,True,True,True,True,True,True,4S2RND2HBL06DS,v1.0.1,2025_12_22,314.292,324,474.3178,303.7907,294.8487,152.8816,148.3791,344.3856,333.7357,490.7929,-6.3853,3.6702,-0.0001,0.0,-0.2251,1.5571,-0.2217,1.5542,0.6661,156.9307,153.1113,151.0137,156.2686,154.3311,0.825,0.6647,0.8308,0.7751,0.6647,0.7827,0.7751,0.7843,0.7363,0.7363,0.822,0.8192,0.8157,0.7719,0.7679,0.776,0.752,0.6987,0.6987,0.7955,0.6438,0.8192,0.8386,0.6438,0.8546,0.7898,0.7921,0.8511,0.8191,0.8156,0.791,0.7753,0.7753,0,0,0,0,0,v1.0.1,2025_12_22,314.2536,323.971,475.3485,303.7576,294.8487,151.8816,147.3974,344.457,333.8085,491.6879,-6.3687,3.651,-0.0001,0.0,-0.2243,1.558,-0.2216,1.5542,0.6666,166.252,161.3994,167.4639,167.166,165.5703,0.68,0.5882,0.6841,0.6906,0.5882,0.6535,0.6344,0.6461,0.6486,0.6344,0.6509,0.6485,0.6494,0.6317,0.6422,0.6542,0.6281,0.6214,0.6214,0.67,0.5464,0.667,0.6963,0.5464,0.6614,0.6629,0.6473,0.6846,0.6847,0.6925,0.6631,0.6277,0.6277,0,0,0,0,0,v1.0.1,2025_12_22,313.1121,316.2804,437.9615,302.1923,299.2417,185.4167,184.6777,331.3223,327.275,447.1333,-7.0464,-3.031,-0.0001,-0.0,-0.2118,1.5647,-0.2161,1.5625,0.6748,176.3037,175.4297,173.4844,175.6152,175.2083,0.7907,0.5529,0.8053,0.6647,0.5529,0.7425,0.6594,0.7641,0.6664,0.6594,0.7876,0.7716,0.7772,0.6949,0.6949,0.7216,0,0.7325,0.7356,0.7216,0,0,0,0,0,v1.0.1,2025_12_22,313.1296,316.1574,438.8962,301.9717,299.1017,184.7373,183.878,331.3333,327.3417,447.925,-7.0305,-3.0751,-0.0001,-0.0,-0.2118,1.5639,-0.2164,1.5628,0.6747,150.8047,145.4639,144.9658,148.4912,147.4314,0.6684,0.4881,0.6662,0.5997,0.4881,0.6366,0.5772,0.6166,0.5821,0.5772,0.6387,0.6512,0.6328,0.6124,0.6124,0.5822,0.5442,0.5863,0.5725,0.5442,0,0,0,0,0,-0.0054,-0.1888,-0.0103,-0.0458,-0.1562,0.0022,-0.0461,-0.0133,-0.0468,-0.0442,0.0026,0.0046,0.0075,0.003,-0.0627,-0.0525,-0.0401,-0.0571,0.0037,0.0019,-0.0127,-0.1224,-0.0084,-0.0169,-0.1043,-0.0133,-0.0449,0.0034,-0.0237,-0.0083,0,0.0031,-0.0071,-0.0092,-0.0211,-0.0191,-0.0305,-0.0083,0.0044,-0.019,0.0014,-0.2639,0.003,-0.1237,-0.2355,-0.0039,-0.1169,0.0074,-0.0832,-0.087,0.0173,0.0096,0.0194,-0.0054,-0.0024,-0.0026,0.0132,-0.1849,-0.0058,-0.0803,-0.1671,-0.0027,-0.0771,-0.0105,-0.0513,-0.0499,0.0002,0.0145,-0.0104,0.0157,0.0157,0.0031,0.0076,True,True
DTC_R_25,LanSi,1,CW_01,B,2026-04-03 15:27:08+08:00,ONLINE,False,,CW_1_01,PASS,,,52.4189118,_2026040315270892701,T20260403152708,DESKTOP-P2DUL42,Loma,1,CW_1_01,1,paul di,2024.0718.155524,V20260126.2,CW_DTCL_DTCR_STC,T20260403152801,52.4189118,True,True,True,True,True,True,True,4S2RND2HBL0DP6,v1.0.1,2025_12_22,315.1533,316.1898,475.2148,296.7778,295.8521,148.1056,149.3667,336,335.7466,484.6507,-5.2333,-3.1552,-0.0001,-0.0,-0.2202,1.556,-0.2184,1.5486,0.6665,156.248,153.749,153.2217,156.1943,154.8533,0.8714,0.7821,0.8737,0.7951,0.7821,0.8304,0.7429,0.8162,0.799,0.7429,0.8054,0.8144,0.8192,0.8077,0.7645,0.7294,0.7992,0.7849,0.7294,0.8361,0.7958,0.7856,0.567,0.567,0.8515,0.7897,0.7339,0.8142,0.7846,0.3712,0.831,0.8438,0.3712,0,0,0,0,0,v1.0.1,2025_12_22,315.1533,316.1898,476.1957,296.587,295.5241,147.0414,148.2752,336.1678,335.8553,485.7895,-5.2993,-3.1449,-0.0001,-0.0,-0.2206,1.5547,-0.2186,1.5488,0.6661,165.0312,159.8838,168.877,167.5879,165.345,0.7029,0.6689,0.7142,0.6759,0.6689,0.6748,0.6363,0.6677,0.6691,0.6363,0.6448,0.6523,0.6541,0.6589,0.6502,0.6252,0.6428,0.6492,0.6252,0.6831,0.6527,0.6509,0.0764,0.0764,0.6502,0.6483,0.6222,0.6731,0.6697,0.5099,0.6258,0.6647,0.5099,0,0,0,0,0,v1.0.1,2025_12_22,317.5,327.5273,442.1455,312.5455,303.0579,196.0909,188.8115,341.5492,332,456,-2.797,7.2426,-0.0,0.0001,-0.2191,1.5608,-0.208,1.5579,0.6729,176.4111,176.1553,176.1396,177.6348,176.5852,0.8195,0.6346,0.8231,0.6776,0.6346,0.7715,0.6233,0.7814,0.6895,0.6233,0.7787,0.7606,0.7674,0.755,0.755,0.7376,0.6895,0.7195,0,0.6895,0,0,0,0,0,v1.0.1,2025_12_22,317.4762,327.8381,442.9167,312.6759,302.935,195.374,187.8926,341.7521,332.0522,456.8174,-2.8455,7.3915,-0.0,0.0001,-0.2198,1.5609,-0.2064,1.5577,0.6731,148.9102,143.7744,145.6846,146.4619,146.2078,0.6663,0.5578,0.6897,0.5825,0.5578,0.6491,0.5529,0.6552,0.5915,0.5529,0.6277,0.6457,0.645,0.6287,0.6277,0.6057,0.5553,0.5929,0.1888,0.1888,0,0,0,0,0,0.0005,-0.1004,-0.0009,-0.0771,-0.0888,0.0004,-0.0713,0.0004,-0.0423,-0.0713,-0.0212,0.0012,0.0076,-0.0098,-0.0536,-0.0876,-0.0009,-0.055,-0.0064,-0.0126,-0.0104,-0.046,0.0058,-0.0381,-0.0395,-0.0113,-0.0411,-0.0054,-0.0182,-0.0368,0.0015,0.0081,-0.0032,-0.0096,0.0011,-0.0352,0.0052,0.0079,-0.0075,-0.0037,0.0051,-0.2005,0.0129,-0.1526,-0.1756,-0.0103,-0.1595,0.0071,-0.0868,-0.151,0.0068,-0.0159,0.006,0.0072,-0.0087,-0.0104,-0.0067,-0.1111,0.017,-0.1015,-0.1111,-0.0005,-0.1018,0.0051,-0.0564,-0.095,-0.007,0.0028,-0.0046,-0.0044,-0.0054,0.0068,0.0204,True,True
DTC_L_25,LanSi,1,CW_01,B,2026-04-03 15:27:08+08:00,ONLINE,False,,CW_1_01,PASS,,,52.5395891,_2026040315270879602,T20260403152708,DESKTOP-P2DUL42,Loma,1,CW_1_01,2,paul di,2024.0718.155524,V20260126.2,CW_DTCL_DTCR_STC,T20260403152801,52.5395891,True,True,True,True,True,True,True,4S2RND2HBL06DS,v1.0.1,2025_12_22,315.3235,321.9632,475.4809,300.9542,296.3514,150.723,150.0408,341.8367,334.7554,487.5755,-5.1096,1.1105,-0.0001,0.0,-0.2299,1.5599,-0.2191,1.5535,0.6661,156.9492,152.8477,151.084,156.499,154.345,0.8211,0.8105,0.8403,0.7939,0.7939,0.7797,0.765,0.785,0.747,0.747,0.8192,0.8152,0.8045,0.7729,0.737,0.748,0.7449,0.6959,0.6959,0.8048,0.98,0.8163,0.8014,0.8014,0.8592,0.7366,0.726,0.8434,0.8284,0.7754,0.786,0.7664,0.726,0,0,0,0,0,v1.0.1,2025_12_22,315.292,322,476.6934,300.8832,296.1533,149.9533,149,342,334.8345,488.6187,-5.1053,1.1911,-0.0001,0.0,-0.2296,1.5595,-0.2192,1.5535,0.6661,163.0908,159.7598,165.293,164.1221,163.0664,0.6768,0.691,0.6926,0.7035,0.6768,0.6629,0.6422,0.6374,0.653,0.6374,0.6429,0.6587,0.644,0.6385,0.6219,0.6387,0.6208,0.6062,0.6062,0.6638,0.403,0.6709,0.6715,0.403,0.6517,0.6159,0.6042,0.6732,0.6766,0.6638,0.6733,0.6223,0.6042,0,0,0,0,0,v1.0.1,2025_12_22,314.1121,314.2804,439.1982,299.5495,300.6777,183.124,186.1382,328.7642,328.2991,444.2821,-5.8149,-5.5,-0.0001,-0.0001,-0.2167,1.5682,-0.2122,1.5616,0.6752,176.209,175.249,174.0029,175.9473,175.3521,0.7921,0.7084,0.8002,0.6897,0.6897,0.7384,0.6706,0.7578,0.6524,0.6524,0.7851,0.7706,0.7743,0.6908,0.6908,0.7256,0,0.7276,0.6882,0.6882,0,0,0,0,0,v1.0.1,2025_12_22,314.1154,314.1154,439.9633,299.5413,300.5,182.5,185.3306,328.876,328.3277,445.1261,-5.8526,-5.4682,-0.0001,-0.0001,-0.2148,1.5672,-0.2136,1.5622,0.6753,148.1748,144.1152,142.6914,145.6826,145.166,0.6693,0.6111,0.6691,0.6169,0.6111,0.6258,0.5732,0.6188,0.5891,0.5732,0.6195,0.6315,0.6485,0.6084,0.6084,0.5824,0.4828,0.598,0.5514,0.4828,0,0,0,0,0,-0.0093,-0.043,-0.0008,-0.027,-0.027,-0.0008,-0.0562,-0.0126,-0.0361,-0.0335,-0.0002,0.0006,-0.0037,0.004,-0.0936,-0.0805,-0.0472,-0.0599,0.013,-0.001,-0.0159,-0.0196,0.0001,-0.004,-0.0157,-0.0039,-0.0371,-0.0053,-0.0193,-0.0053,-0.008,0.0133,-0.0125,-0.0024,-0.0414,-0.0346,-0.0378,-0.0235,-0.0018,-0.0151,0.0028,-0.1084,-0.0021,-0.0987,-0.0987,-0.008,-0.1057,0.0011,-0.0972,-0.094,0.0148,0.0086,0.0165,-0.0095,0.0016,-0.0075,0.0141,-0.0619,-0.0029,-0.0631,-0.0441,-0.0135,-0.0811,-0.0083,-0.0443,-0.0539,-0.019,-0.0052,0.0053,0.0117,0.0117,0.0033,0.0193,True,True
DTC_L_26,LanSi,1,CW_01,C,2026-04-03 15:28:42+08:00,ONLINE,False,,CW_1_01,PASS,,,52.8617748,_2026040315284239502,T20260403152842,DESKTOP-P2DUL42,Loma,1,CW_1_01,2,paul di,2024.0718.155524,V20260126.2,CW_DTCL_DTCR_STC,T20260403152935,52.8617748,True,True,True,True,True,True,True,4S2RND2HBL06DS,v1.0.1,2025_12_22,315.4179,322.0373,475.6591,301.0606,296.457,150.6689,150.0743,342.1959,334.8029,488.2263,-5.0178,1.3378,-0.0001,0.0,-0.2297,1.5601,-0.2208,1.5542,0.6659,157.083,152.9561,151.1758,156.4111,154.4065,0.8165,0.7355,0.8412,0.7804,0.7355,0.7861,0.7622,0.7885,0.7399,0.7399,0.8176,0.801,0.8226,0.767,0.7285,0.7455,0.7412,0.7079,0.7079,0.8171,0.6449,0.8155,0.7889,0.6449,0.8451,0.777,0.7497,0.842,0.8256,0.7815,0.7786,0.769,0.7497,0,0,0,0,0,v1.0.1,2025_12_22,315.295,322.1439,476.7153,300.9343,296.1867,149.7733,149.0136,342.381,334.9929,489.2411,-5.0593,1.3947,-0.0001,0.0,-0.2301,1.5599,-0.2206,1.5529,0.6655,165.3271,160.8193,167.2432,166.4336,164.9558,0.6887,0.6437,0.6882,0.688,0.6437,0.6579,0.6408,0.639,0.6535,0.639,0.6532,0.6635,0.6591,0.6347,0.6128,0.6369,0.6404,0.6154,0.6128,0.6703,0.5061,0.682,0.6697,0.5061,0.6529,0.654,0.6221,0.6704,0.6824,0.6629,0.6593,0.6341,0.6221,0,0,0,0,0,v1.0.1,2025_12_22,314.1776,314.3551,439.4159,299.6195,300.7049,183.1557,186.3697,329.3193,328.3932,444.7949,-5.6877,-5.2511,-0.0001,-0.0001,-0.2166,1.568,-0.216,1.5617,0.6743,176.1777,175.3184,173.5908,176.1357,175.3057,0.7896,0.6094,0.7953,0.6848,0.6094,0.7483,0.6707,0.752,0.6604,0.6604,0.772,0.7715,0.7689,0.7007,0.7007,0.7089,0,0.7139,0.6755,0.6755,0,0,0,0,0,v1.0.1,2025_12_22,314.1308,314.2991,440.1636,299.5909,300.4576,182.4237,185.395,329.395,328.5,445.5,-5.7706,-5.2583,-0.0001,-0.0001,-0.2157,1.567,-0.2162,1.5612,0.6741,150.5,145.2617,144.3789,148.0166,147.0393,0.6652,0.5283,0.6693,0.6076,0.5283,0.6331,0.5735,0.6169,0.5693,0.5693,0.6295,0.6354,0.6455,0.5972,0.5972,0.5754,0.5317,0.5865,0.5649,0.5317,0,0,0,0,0,-0.0139,-0.118,0.0001,-0.0405,-0.0854,0.0056,-0.059,-0.0091,-0.0432,-0.0406,-0.0018,-0.0136,0.0144,-0.0019,-0.1021,-0.083,-0.0509,-0.0479,0.0253,-0.0018,-0.004,-0.0669,-0.0043,-0.0195,-0.0488,-0.0089,-0.0385,-0.0037,-0.0188,-0.0037,0.0023,0.0181,0.0026,-0.0062,-0.0505,-0.0364,-0.0182,-0.0143,0.0047,-0.004,0.0003,-0.2074,-0.007,-0.1036,-0.179,0.0019,-0.1056,-0.0047,-0.0892,-0.086,0.0017,0.0095,0.0111,0.0004,-0.0151,-0.0212,0.01,-0.1447,-0.0027,-0.0724,-0.1269,-0.0062,-0.0808,-0.0102,-0.0641,-0.0578,-0.009,-0.0013,0.0023,0.0005,0.0005,-0.0037,0.0078,True,True
DTC_R_26,LanSi,1,CW_01,C,2026-04-03 15:28:42+08:00,ONLINE,False,,CW_1_01,PASS,,,52.7580516,_2026040315284251101,T20260403152842,DESKTOP-P2DUL42,Loma,1,CW_1_01,1,paul di,2024.0718.155524,V20260126.2,CW_DTCL_DTCR_STC,T20260403152935,52.7580516,True,True,True,True,True,True,True,4S2RND2HBL0DP6,v1.0.1,2025_12_22,315.2857,317.188,475.4656,297.8702,295.9384,149.2055,149.5,337.5,335.8467,485.7867,-5.0927,-1.9899,-0.0001,-0.0,-0.2195,1.5556,-0.2214,1.5489,0.6659,158.0283,155.6279,155.002,157.9805,156.6597,0.8718,0.7927,0.8704,0.8089,0.7927,0.8291,0.7518,0.8271,0.7818,0.7518,0.8184,0.815,0.8116,0.8224,0.743,0.739,0.7836,0.7737,0.739,0.8398,0.8074,0.7931,0.98,0.7931,0.8319,0.7692,0.764,0.8183,0.7955,0.7375,0.8359,0.8577,0.7375,0,0,0,0,0,v1.0.1,2025_12_22,315.1691,317.2353,476.5662,297.7647,295.863,148.2192,148.44,337.56,335.8725,486.8255,-5.1178,-1.9791,-0.0001,-0.0,-0.2195,1.5565,-0.2208,1.5488,0.6663,164.8232,159.6885,168.3232,167.501,165.084,0.711,0.6645,0.705,0.6802,0.6645,0.6744,0.6419,0.6705,0.6664,0.6419,0.6568,0.6468,0.6564,0.6634,0.6243,0.6381,0.6233,0.6299,0.6233,0.6705,0.6516,0.6443,0.0879,0.0879,0.6427,0.6421,0.6608,0.6684,0.6559,0.5804,0.6446,0.6791,0.5804,0,0,0,0,0,v1.0.1,2025_12_22,317.7664,328.6822,442.3894,313.708,303.315,197.0945,188.9496,342.8319,332.0609,457.0783,-2.6038,8.379,-0.0,0.0001,-0.2191,1.5609,-0.2089,1.5594,0.6731,177.7754,177.7607,177.3428,179.1582,178.0093,0.8226,0.6471,0.8229,0.6619,0.6471,0.7837,0.6381,0.7917,0.6927,0.6381,0.79,0.7611,0.7661,0.7518,0.7518,0.7637,0.6678,0.7207,0,0.6678,0,0,0,0,0,v1.0.1,2025_12_22,317.713,328.6759,443.1875,313.6696,303.224,196.208,188.1066,342.9508,332.2069,457.9397,-2.6124,8.3888,-0.0,0.0001,-0.2185,1.5613,-0.2092,1.5586,0.6731,148.5361,143.2676,145.0361,146.4893,145.8323,0.6778,0.5601,0.6791,0.5962,0.5601,0.6441,0.5581,0.654,0.5862,0.5581,0.6429,0.6492,0.6526,0.6337,0.6337,0.5868,0.5468,0.5619,0.3873,0.3873,0,0,0,0,0,0.0009,-0.0898,-0.0042,-0.0633,-0.0782,-0.0009,-0.0624,0.0113,-0.0595,-0.0624,-0.0082,0.0018,0,0.0049,-0.0751,-0.078,-0.0165,-0.0662,-0.0027,-0.0051,-0.0023,-0.0504,-0.0034,-0.0338,-0.0439,-0.0117,-0.0355,-0.0026,-0.0209,-0.0312,0.0135,0.0026,-0.0009,-0.0051,-0.0248,-0.0223,-0.0143,-0.0114,-0.0201,-0.0103,0.0082,-0.188,0.0127,-0.1683,-0.1631,0.0019,-0.1447,0.0174,-0.0836,-0.1362,0.0181,-0.0154,0.0047,0.004,0.0174,-0.0092,0.0048,-0.1088,0.0064,-0.0878,-0.1088,-0.0055,-0.0966,0.0039,-0.0617,-0.0898,0.0082,0.0063,0.003,0.0006,0.0006,-0.0121,-0.0106,True,True
DTC_L_27,LanSi,1,CW_01,A,2026-04-03 15:30:18+08:00,ONLINE,False,,CW_1_01,PASS,,,52.3218599,_2026040315301866102,T20260403153018,DESKTOP-P2DUL42,Loma,1,CW_1_01,2,paul di,2024.0718.155524,V20260126.2,CW_DTCL_DTCR_STC,T20260403153110,52.3218599,True,True,True,True,True,True,True,4S2RND2HBL06DS,v1.0.1,2025_12_22,314.2148,323.2222,474.2296,302.9333,294.9139,152.3974,148.3907,343.245,333.5597,489.9179,-6.4382,2.8432,-0.0001,0.0,-0.2256,1.5578,-0.2196,1.5547,0.6668,156.917,153.0938,151.1152,156.208,154.3335,0.822,0.7988,0.8399,0.7804,0.7804,0.7812,0.7579,0.7889,0.7629,0.7579,0.8189,0.8086,0.8249,0.7688,0.7604,0.7251,0.7574,0.7218,0.7218,0.8147,0.98,0.8124,0.8397,0.8124,0.8422,0.787,0.7979,0.8367,0.8232,0.8117,0.7962,0.7925,0.787,0,0,0,0,0,v1.0.1,2025_12_22,314.1679,323.2847,475.2574,302.8309,294.7933,151.4733,147.3333,343.3922,333.7857,490.8286,-6.4325,2.8619,-0.0001,0.0,-0.2258,1.558,-0.2194,1.5537,0.6666,164.2783,160.5303,166.0654,164.9873,163.9653,0.6808,0.6821,0.692,0.6972,0.6808,0.654,0.6309,0.6397,0.6664,0.6309,0.6508,0.6456,0.6445,0.6308,0.621,0.6407,0.6312,0.6156,0.6156,0.6645,0.467,0.6605,0.6784,0.467,0.6653,0.665,0.6505,0.6691,0.6699,0.6771,0.6806,0.6338,0.6338,0,0,0,0,0,v1.0.1,2025_12_22,313.0187,315.5514,437.9817,301.367,299.1429,184.8824,184.6583,330.275,327.1207,446.1466,-7.1156,-3.8555,-0.0001,-0.0,-0.2125,1.5645,-0.2137,1.5627,0.6753,176.0439,175.4141,173.6807,175.7354,175.2185,0.7916,0.6928,0.8052,0.6725,0.6725,0.75,0.6554,0.7615,0.6859,0.6554,0.7861,0.7639,0.7721,0.709,0.709,0.7238,0,0.7265,0.7267,0.7238,0,0,0,0,0,v1.0.1,2025_12_22,313.0187,315.4486,438.7876,301.1327,299.0169,183.9492,183.8279,330.3443,327.2712,447,-7.1155,-3.925,-0.0001,-0.0,-0.2128,1.5642,-0.2143,1.5624,0.6749,149.0176,144.3984,143.5723,146.873,145.9653,0.6638,0.5897,0.6747,0.6019,0.5897,0.6301,0.5638,0.63,0.5896,0.5638,0.6406,0.6312,0.6493,0.6158,0.6158,0.5758,0.5384,0.5914,0.5839,0.5384,0,0,0,0,0,-0.0084,-0.0547,-0.0012,-0.0405,-0.0405,0.0007,-0.0633,-0.0087,-0.0202,-0.0226,-0.0005,-0.006,0.0167,-0.0001,-0.0702,-0.1034,-0.0347,-0.034,0.0229,-0.0049,-0.0119,-0.0285,-0.0005,-0.0103,-0.0117,-0.0128,-0.0484,-0.003,-0.0059,-0.0118,-0.0001,0.0002,-0.012,-0.0101,-0.0423,-0.0326,-0.0274,-0.0141,-0.0011,-0.0255,0.0023,-0.124,0.0029,-0.1159,-0.1159,0.0036,-0.1209,0.0048,-0.0637,-0.091,0.0158,0.0019,0.0143,0.0087,-0.0002,-0.0086,0.0086,-0.0833,0.0027,-0.0781,-0.0655,-0.0092,-0.0905,0.0029,-0.0438,-0.0633,0.0021,-0.0055,0.0061,0.0191,0.0191,-0.0033,0.0127,True,True
DTC_R_27,LanSi,1,CW_01,A,2026-04-03 15:30:18+08:00,ONLINE,False,,CW_1_01,PASS,,,52.3358229,_2026040315301866101,T20260403153018,DESKTOP-P2DUL42,Loma,1,CW_1_01,1,paul di,2024.0718.155524,V20260126.2,CW_DTCL_DTCR_STC,T20260403153110,52.3358229,True,True,True,True,True,True,True,4S2RND2HBL0DP6,v1.0.1,2025_12_22,315.2388,316.8209,475.5,297.1667,295.9448,148.7586,149.5894,336.596,335.86,485.3067,-5.0734,-2.5702,-0.0001,-0.0,-0.2215,1.556,-0.2183,1.5485,0.6662,156.7168,154.2861,154.082,156.6475,155.4331,0.8678,0.7914,0.8735,0.7989,0.7914,0.8239,0.751,0.8173,0.8029,0.751,0.8315,0.8087,0.8137,0.8302,0.7245,0.7499,0.7784,0.7929,0.7245,0.8358,0.7834,0.7734,0.5703,0.5703,0.842,0.7576,0.753,0.8187,0.7919,0.6088,0.8199,0.8537,0.6088,0,0,0,0,0,v1.0.1,2025_12_22,315.2409,316.8467,476.6838,297.1912,295.8243,147.6959,148.5442,336.7823,336,486.3533,-5.0414,-2.5261,-0.0001,-0.0,-0.2206,1.556,-0.2185,1.5484,0.6663,164.5371,159.0518,167.6553,167.3008,164.6362,0.7008,0.6662,0.7133,0.6736,0.6662,0.6734,0.6453,0.6623,0.662,0.6453,0.6497,0.6488,0.6557,0.6601,0.6087,0.6353,0.6335,0.6237,0.6087,0.6686,0.6531,0.6495,0.0981,0.0981,0.6429,0.6559,0.6326,0.6645,0.6584,0.5363,0.6273,0.6802,0.5363,0,0,0,0,0,v1.0.1,2025_12_22,317.6635,328.0769,442.2679,313.2679,303.2302,196.5635,188.9431,342.2358,332.1429,456.4196,-2.6505,7.8127,-0.0,0.0001,-0.2178,1.561,-0.209,1.5579,0.673,176.4424,176.292,176.4072,177.6738,176.7039,0.8113,0.6419,0.8235,0.6665,0.6419,0.7743,0.6229,0.7785,0.6926,0.6229,0.7768,0.7691,0.7592,0.7626,0.7592,0.7584,0.6592,0.7328,0,0.6592,0,0,0,0,0,v1.0.1,2025_12_22,317.6762,328.1714,443.2162,313.2793,303.1463,195.9187,188.122,342.3333,332.25,457.4138,-2.6179,7.9233,-0.0,0.0001,-0.2176,1.5609,-0.2084,1.558,0.6732,148.1387,142.7373,144.4824,145.9873,145.3364,0.6689,0.5619,0.6859,0.5798,0.5619,0.6426,0.5647,0.6475,0.5928,0.5647,0.6359,0.6345,0.6477,0.6223,0.6223,0.5849,0.5594,0.5631,0.2336,0.2336,0,0,0,0,0,-0.0031,-0.0911,-0.0011,-0.0733,-0.0795,-0.0061,-0.0632,0.0015,-0.0384,-0.0632,0.0049,-0.0045,0.0021,0.0127,-0.0936,-0.0671,-0.0217,-0.047,-0.0067,-0.0248,-0.0125,-0.0487,0.0049,-0.0404,-0.0422,-0.0127,-0.0321,-0.0108,-0.0253,-0.0278,0.0064,0.0046,-0.0016,-0.0084,-0.0404,-0.0251,-0.0041,-0.0176,-0.022,-0.0051,-0.0031,-0.1932,0.0133,-0.1637,-0.1683,-0.0075,-0.1599,0.0042,-0.0837,-0.1514,0.0049,-0.0074,-0.0022,0.0148,0.0121,0.0029,-0.0041,-0.107,0.0132,-0.1042,-0.107,-0.007,-0.09,-0.0026,-0.0551,-0.0832,0.0012,-0.0084,-0.0019,-0.0108,-0.0108,-0.014,-0.0094,True,True
DTC_R_28,LanSi,1,CW_01,B,2026-04-03 15:31:44+08:00,ONLINE,False,,CW_1_01,PASS,,,52.2960173,_2026040315314448201,T20260403153144,DESKTOP-P2DUL42,Loma,1,CW_1_01,1,paul di,2024.0718.155524,V20260126.2,CW_DTCL_DTCR_STC,T20260403153236,52.2960173,True,True,True,True,True,True,True,4S2RND2HBL0DP6,v1.0.1,2025_12_22,315.3037,316.9185,475.6316,297.1353,295.9792,148.7917,149.6711,336.9732,335.8627,487.8366,-5.0103,-1.9689,-0.0001,-0.0,-0.2223,1.5558,-0.22,1.5506,0.666,157.1152,154.4922,154.0645,157.1367,155.7021,0.8711,0.773,0.8771,0.8209,0.773,0.8265,0.7584,0.8339,0.8134,0.7584,0.8285,0.8184,0.8125,0.8253,0.7309,0.7372,0.7914,0.8223,0.7309,0.8287,0.7936,0.7775,0.1886,0.1886,0.8572,0.7728,0.7584,0.8187,0.8055,0.0652,0.8518,0.8572,0.0652,0,0,0,0,0,v1.0.1,2025_12_22,315.1884,316.913,476.7353,297.1103,295.8243,147.6959,148.4211,337.2105,335.8627,488.8366,-5.0936,-1.9467,-0.0001,-0.0,-0.2215,1.5563,-0.2206,1.5506,0.6662,166.0146,160.627,169.6094,168.4717,166.1807,0.7082,0.6589,0.7147,0.6952,0.6589,0.6862,0.6501,0.6771,0.6781,0.6501,0.6663,0.6506,0.6492,0.6598,0.6222,0.635,0.6293,0.6507,0.6222,0.67,0.6498,0.6449,0.0749,0.0749,0.6464,0.6531,0.6651,0.6698,0.6622,0.5023,0.6381,0.6753,0.5023,0,0,0,0,0,v1.0.1,2025_12_22,317.713,328.3241,442.3596,313.3158,303.224,196.616,189.024,342.544,332.0783,458.2783,-2.6202,8.3156,-0.0,0.0001,-0.2193,1.5607,-0.2095,1.5602,0.673,176.834,176.8115,176.5762,178.1943,177.104,0.8219,0.6488,0.8327,0.7047,0.6488,0.7763,0.6105,0.7833,0.7387,0.6105,0.7927,0.7775,0.7743,0.7534,0.7534,0.7485,0.6734,0.7224,0,0.6734,0,0,0,0,0,v1.0.1,2025_12_22,317.6759,328.4259,443.2679,313.2679,303.1935,195.9113,187.96,342.616,332.1271,459.1695,-2.6551,8.3781,-0.0,0.0001,-0.2196,1.5614,-0.2084,1.5602,0.6734,149.3223,144.3809,146.3125,147.1396,146.7888,0.6824,0.5613,0.6773,0.6091,0.5613,0.6471,0.5582,0.65,0.6225,0.5582,0.6219,0.6415,0.6484,0.6494,0.6219,0.5918,0.5594,0.5643,0.2056,0.2056,0,0,0,0,0,0.0002,-0.1095,0.0025,-0.0513,-0.0979,-0.0035,-0.0558,0.0181,-0.0279,-0.0558,0.0019,0.0052,0.0009,0.0078,-0.0872,-0.0798,-0.0087,-0.0176,-0.0138,-0.0207,-0.0051,-0.056,0.0063,-0.0188,-0.0495,0.0001,-0.0273,0.004,-0.0092,-0.023,0.023,0.0064,-0.0081,-0.0087,-0.0269,-0.0254,-0.0083,0.0094,-0.0206,-0.0097,0.0075,-0.1863,0.0225,-0.1255,-0.1614,-0.0055,-0.1723,0.009,-0.0376,-0.1638,0.0208,0.001,0.0129,0.0056,0.0022,-0.0075,0.0094,-0.1076,0.0046,-0.0749,-0.1076,-0.0025,-0.0965,-0.0001,-0.0254,-0.0897,-0.0128,-0.0014,-0.0012,0.0163,-0.0112,-0.0071,-0.0082,True,True
DTC_L_28,LanSi,1,CW_01,B,2026-04-03 15:31:44+08:00,ONLINE,False,,CW_1_01,PASS,,,52.4226793,_2026040315314436402,T20260403153144,DESKTOP-P2DUL42,Loma,1,CW_1_01,2,paul di,2024.0718.155524,V20260126.2,CW_DTCL_DTCR_STC,T20260403153236,52.4226793,True,True,True,True,True,True,True,4S2RND2HBL06DS,v1.0.1,2025_12_22,314,323.2721,473.9343,302.8467,294.5894,151.7152,147.9867,343.3733,333.1295,489.9928,-6.772,2.74,-0.0001,0.0,-0.2265,1.5576,-0.22,1.556,0.6668,156.6162,153.0088,151.0059,155.8525,154.1208,0.826,0.8107,0.8306,0.7697,0.7697,0.7869,0.7387,0.7936,0.758,0.7387,0.8169,0.8186,0.8106,0.7494,0.7367,0.7307,0.7553,0.7205,0.7205,0.7985,0.1972,0.8203,0.8606,0.1972,0.845,0.7701,0.7863,0.8472,0.8321,0.8398,0.8188,0.7789,0.7701,0,0,0,0,0,v1.0.1,2025_12_22,314.0432,323.2302,475.0714,302.8071,294.4467,150.7667,146.9603,343.4768,333.2536,491.029,-6.745,2.762,-0.0001,0.0,-0.2256,1.5571,-0.2201,1.5563,0.6669,165.3184,160.7871,166.7227,165.4746,164.5757,0.6838,0.6712,0.6795,0.6842,0.6712,0.6635,0.6217,0.6437,0.6521,0.6217,0.6473,0.6571,0.6481,0.647,0.6294,0.6222,0.6191,0.6183,0.6183,0.6703,0.527,0.6633,0.6894,0.527,0.6519,0.6395,0.627,0.6746,0.6676,0.6732,0.6721,0.6248,0.6248,0,0,0,0,0,v1.0.1,2025_12_22,312.9038,315.6058,437.708,301.4071,298.9402,184.0769,184.395,330.395,326.9231,446.1709,-7.326,-3.9689,-0.0001,-0.0,-0.2128,1.5645,-0.2141,1.5633,0.6753,175.7314,175.3945,173.3945,175.2217,174.9355,0.7908,0.688,0.8039,0.6635,0.6635,0.7493,0.6203,0.7561,0.6636,0.6203,0.8006,0.7698,0.7766,0.7081,0.7081,0.7219,0,0.7361,0.7495,0.7219,0,0,0,0,0,v1.0.1,2025_12_22,312.981,315.5524,438.6216,301.2072,298.906,183.3248,183.5,330.5,327.0169,447.0508,-7.2949,-3.973,-0.0001,-0.0,-0.2132,1.5642,-0.2144,1.5639,0.6751,150.1152,145.0537,144.3496,147.3262,146.7112,0.66,0.5908,0.6571,0.5971,0.5908,0.619,0.5584,0.6285,0.5923,0.5584,0.6383,0.6292,0.6487,0.6205,0.6205,0.5813,0.5393,0.5837,0.5928,0.5393,0,0,0,0,0,-0.0044,-0.0428,-0.0105,-0.0512,-0.0512,0.0064,-0.0825,-0.004,-0.0251,-0.0418,-0.0025,0.004,0.0024,-0.0195,-0.0939,-0.0978,-0.0368,-0.0353,0.0067,0.003,-0.0089,-0.0394,-0.013,-0.0233,-0.0213,-0.0033,-0.0576,0.001,-0.0202,-0.021,-0.0036,0.0117,-0.0084,0.0061,-0.0339,-0.0511,-0.0395,-0.0114,0.0047,-0.0227,0.0015,-0.1288,0.0016,-0.1249,-0.1249,0.0029,-0.156,-0.0006,-0.086,-0.1261,0.0303,0.0078,0.0188,0.0078,-0.0021,0.001,0.0048,-0.0822,-0.0149,-0.0829,-0.0644,-0.0203,-0.0959,0.0014,-0.0411,-0.0687,-0.0002,-0.0075,0.0055,0.0238,0.0238,0.0022,0.005,True,True
DTC_L_29,LanSi,1,CW_01,C,2026-04-03 15:33:19+08:00,ONLINE,False,,CW_1_01,PASS,,,52.3961242,_2026040315331993702,T20260403153319,DESKTOP-P2DUL42,Loma,1,CW_1_01,2,paul di,2024.0718.155524,V20260126.2,CW_DTCL_DTCR_STC,T20260403153412,52.3961242,True,True,True,True,True,True,True,4S2RND2HBL06DS,v1.0.1,2025_12_22,313.9783,323.0435,473.8696,302.3913,294.5316,151.057,148,343,333.1206,490.227,-6.8,2.4437,-0.0001,0.0,-0.2279,1.5577,-0.2191,1.5563,0.6667,156.8018,153.0098,150.8105,156.1592,154.1953,0.819,0.7998,0.8333,0.7748,0.7748,0.7677,0.7684,0.7986,0.7474,0.7474,0.814,0.818,0.8129,0.7658,0.7696,0.7299,0.7692,0.7088,0.7088,0.8119,0.657,0.8297,0.8319,0.657,0.8414,0.747,0.7494,0.8363,0.826,0.8364,0.8035,0.7702,0.747,0,0,0,0,0,v1.0.1,2025_12_22,314,323.0863,474.9574,302.156,294.4645,150.1161,146.8581,343.2365,333.2143,491.1714,-6.8011,2.4533,-0.0001,0.0,-0.2288,1.5578,-0.2195,1.5565,0.6665,165.7793,161.3096,167.2012,166.5088,165.1997,0.6807,0.6761,0.6933,0.6891,0.6761,0.6557,0.6353,0.655,0.6524,0.6353,0.6403,0.6567,0.6579,0.6282,0.6238,0.6336,0.6343,0.6163,0.6163,0.666,0.4889,0.6724,0.6843,0.4889,0.6627,0.6352,0.6174,0.6936,0.6738,0.6793,0.6797,0.6305,0.6174,0,0,0,0,0,v1.0.1,2025_12_22,312.9151,315.3302,437.7117,300.8468,298.9244,183.8235,184.4508,330.1721,326.913,446.2783,-7.317,-4.2098,-0.0001,-0.0,-0.215,1.5643,-0.2145,1.5638,0.6746,176.0186,175.4707,173.3447,175.5527,175.0967,0.7925,0.7054,0.8114,0.6644,0.6644,0.751,0.6714,0.7591,0.6731,0.6714,0.7823,0.7762,0.7708,0.7007,0.7007,0.722,0,0.7304,0.7348,0.722,0,0,0,0,0,v1.0.1,2025_12_22,312.9151,315.3302,438.5,300.7368,298.9,183.0083,183.5289,330.2893,326.9661,447.1441,-7.338,-4.1983,-0.0001,-0.0,-0.2152,1.5648,-0.2146,1.5641,0.6748,150.3955,145.166,144.6055,147.8105,146.9944,0.6641,0.5964,0.6704,0.602,0.5964,0.6246,0.5686,0.6197,0.575,0.5686,0.6305,0.6367,0.6455,0.6246,0.6246,0.5998,0.5128,0.5919,0.5701,0.5128,0,0,0,0,0,-0.0114,-0.0537,-0.0078,-0.0461,-0.0461,-0.0128,-0.0528,0.001,-0.0357,-0.0331,-0.0054,0.0034,0.0047,-0.0031,-0.061,-0.0986,-0.0229,-0.047,0.0201,0.0124,-0.012,-0.0345,0.0008,-0.0184,-0.0164,-0.0111,-0.044,0.0123,-0.0199,-0.0074,-0.0106,0.0113,0.0014,-0.0127,-0.0395,-0.0397,-0.0243,-0.0134,0.0004,-0.0136,0.0032,-0.1114,0.0091,-0.124,-0.124,0.0046,-0.1049,0.0024,-0.0765,-0.075,0.012,0.0142,0.013,0.0004,-0.002,-0.0047,0.0089,-0.0766,-0.0016,-0.078,-0.0588,-0.0147,-0.0857,-0.0074,-0.0584,-0.0585,-0.008,0,0.0023,0.0279,0.0279,0.0207,0.0132,True,True
DTC_R_29,LanSi,1,CW_01,C,2026-04-03 15:33:19+08:00,ONLINE,False,,CW_1_01,PASS,,,52.502833,_2026040315331982101,T20260403153319,DESKTOP-P2DUL42,Loma,1,CW_1_01,1,paul di,2024.0718.155524,V20260126.2,CW_DTCL_DTCR_STC,T20260403153412,52.502833,True,True,True,True,True,True,True,4S2RND2HBL0DP6,v1.0.1,2025_12_22,315.0657,316.1533,474.7737,296.3942,295.4392,146.9324,149.457,336.3974,335.1633,485.6122,-5.5202,-3.2021,-0.0001,-0.0,-0.2226,1.5548,-0.2211,1.5522,0.6658,156.833,153.2598,152.96,156.9199,154.9932,0.858,0.8338,0.8747,0.8302,0.8302,0.8227,0.7539,0.8245,0.7505,0.7505,0.8172,0.8083,0.7544,0.7849,0.7564,0.7452,0.7524,0.6666,0.6666,0.793,0.8443,0.794,0.98,0.793,0.8415,0.7523,0.7654,0.8165,0.7579,0.8502,0.7497,0.8577,0.7497,0,0,0,0,0,v1.0.1,2025_12_22,315.0429,316.1071,475.8478,296.2391,295.1959,146,148.245,336.6093,335.2449,486.6463,-5.5847,-3.1796,-0.0001,-0.0,-0.2224,1.5541,-0.2218,1.5524,0.6656,165.5352,159.7051,169.0947,168.1113,165.6116,0.6997,0.7022,0.7068,0.7043,0.6997,0.678,0.649,0.6639,0.6261,0.6261,0.6517,0.6428,0.638,0.6548,0.6451,0.6284,0.6329,0.5845,0.5845,0.6624,0.6633,0.6427,0.4005,0.4005,0.6439,0.6406,0.6576,0.6692,0.6603,0.604,0.6435,0.6896,0.604,0,0,0,0,0,v1.0.1,2025_12_22,317.5,327.8868,441.7838,312.7207,302.976,195.192,188.68,342.088,331.9478,456.8174,-2.9225,7.441,-0.0,0.0001,-0.2209,1.5613,-0.2093,1.5587,0.6724,176.4756,175.4824,175.5918,177.6465,176.2991,0.8011,0.7205,0.8349,0.7059,0.7059,0.7658,0.6602,0.7805,0.6441,0.6441,0.7735,0.7573,0.725,0.7108,0.7108,0.6449,0.6511,0.7263,0,0.6449,0,0,0,0,0,v1.0.1,2025_12_22,317.5,328,442.6847,312.7568,302.76,194.488,187.8306,342.3145,331.8938,457.6195,-2.9662,7.5357,-0.0,0.0001,-0.2207,1.5603,-0.2094,1.5597,0.6725,148.959,143.5781,145.8086,147.1592,146.3762,0.6672,0.6107,0.6781,0.6089,0.6089,0.635,0.5749,0.6479,0.5689,0.5689,0.6285,0.6346,0.6293,0.6242,0.6242,0.5219,0.5435,0.571,0.3474,0.3474,0,0,0,0,0,-0.0129,-0.0487,0.0001,-0.042,-0.0407,-0.0073,-0.0603,0.0087,-0.0908,-0.0637,-0.0094,-0.0049,-0.0572,-0.0326,-0.0617,-0.0718,-0.0477,-0.1733,-0.0495,-0.0042,-0.0136,-0.0127,-0.0016,-0.0097,-0.0087,-0.0081,-0.0284,-0.0092,-0.0612,-0.047,0.0084,-0.0014,-0.0193,-0.0137,-0.004,-0.032,-0.0047,-0.0568,-0.0282,-0.0119,-0.0133,-0.1146,0.0247,-0.1243,-0.1043,-0.016,-0.1226,0.0062,-0.1322,-0.1302,0.0016,-0.0192,-0.0364,-0.037,-0.1014,-0.0036,-0.0058,-0.0582,0.0054,-0.0751,-0.06,-0.0146,-0.0798,-0.0022,-0.079,-0.079,-0.0062,-0.0083,-0.0203,-0.0089,-0.0089,-0.077,-0.0015,True,True
DTC_L_30,LanSi,1,CW_01,A,2026-04-03 15:34:52+08:00,ONLINE,False,,CW_1_01,PASS,,,52.1446958,_2026040315345293602,T20260403153452,DESKTOP-P2DUL42,Loma,1,CW_1_01,2,paul di,2024.0718.155524,V20260126.2,CW_DTCL_DTCR_STC,T20260403153545,52.1446958,True,True,True,True,True,True,True,4S2RND2HBL06DS,v1.0.1,2025_12_22,314.4511,324,474.2782,303.8496,295.0199,153.543,148.4768,343.9603,333.7101,489.587,-6.3128,3.488,-0.0001,0.0,-0.2249,1.5568,-0.2192,1.5545,0.6668,156.9023,152.4277,150.8887,155.9521,154.0427,0.822,0.7981,0.8389,0.7715,0.7715,0.776,0.7745,0.8001,0.7546,0.7546,0.8158,0.8,0.8154,0.7637,0.7582,0.7271,0.7536,0.6938,0.6938,0.7961,0.98,0.826,0.8365,0.7961,0.8419,0.7744,0.7675,0.8197,0.8338,0.8178,0.7808,0.7885,0.7675,0,0,0,0,0,v1.0.1,2025_12_22,314.3235,324.0368,475.471,303.5217,294.9408,152.4342,147.3514,344.0676,333.8345,490.6187,-6.3158,3.4358,-0.0001,0.0,-0.2261,1.5578,-0.2189,1.5537,0.6666,164.3379,159.8037,165.8486,165.248,163.8096,0.6786,0.6785,0.6839,0.6821,0.6785,0.6566,0.6314,0.6407,0.641,0.6314,0.65,0.6502,0.6521,0.6332,0.6536,0.6407,0.6214,0.6038,0.6038,0.6617,0.5067,0.6714,0.6972,0.5067,0.6558,0.6445,0.6448,0.6824,0.6884,0.6985,0.6534,0.6231,0.6231,0,0,0,0,0,v1.0.1,2025_12_22,313.1333,316.3524,438.1081,302.1351,299.2787,185.8525,184.8629,331.0323,327.339,446.178,-6.9556,-3.19,-0.0001,-0.0,-0.2128,1.5645,-0.2134,1.5613,0.6749,175.9678,174.7939,173.1064,175.7686,174.9092,0.7901,0.6961,0.8084,0.6534,0.6534,0.7555,0.6793,0.765,0.6631,0.6631,0.7847,0.769,0.7721,0.694,0.694,0.7264,0,0.7163,0.7361,0.7163,0,0,0,0,0,v1.0.1,2025_12_22,313.1333,316.1905,439,301.9455,299.2479,184.9587,184,331.1008,327.4553,446.9837,-6.9327,-3.2642,-0.0001,-0.0,-0.2122,1.5649,-0.2144,1.5612,0.6749,149.1172,144.0342,143.3262,146.6816,145.7898,0.6607,0.5965,0.6686,0.5877,0.5877,0.6271,0.5732,0.6282,0.586,0.5732,0.6289,0.6303,0.6583,0.6026,0.6026,0.5738,0.5537,0.6085,0.5853,0.5537,0,0,0,0,0,-0.0084,-0.0554,-0.0022,-0.0494,-0.0494,-0.0045,-0.0467,0.0025,-0.0285,-0.0259,-0.0036,-0.0146,0.0072,-0.0052,-0.0724,-0.1014,-0.0385,-0.062,0.0043,0.0087,-0.0141,-0.0321,-0.0086,-0.0254,-0.014,-0.0102,-0.0479,-0.002,-0.0313,-0.0113,-0.0009,0.0048,-0.0044,-0.0077,-0.0097,-0.0326,-0.0372,-0.0259,-0.0039,-0.0146,0.0008,-0.1207,0.0061,-0.135,-0.135,0.0091,-0.097,0.0083,-0.0865,-0.0833,0.0144,0.007,0.0143,-0.0063,0.0024,-0.0188,0.0055,-0.0765,-0.0034,-0.0923,-0.0675,-0.0122,-0.0811,0.0011,-0.0474,-0.0539,-0.0096,-0.0064,0.0151,0.0059,0.0059,-0.0053,0.0298,True,True
DTC_R_30,LanSi,1,CW_01,A,2026-04-03 15:34:52+08:00,ONLINE,False,,CW_1_01,PASS,,,52.3431656,_2026040315345274801,T20260403153452,DESKTOP-P2DUL42,Loma,1,CW_1_01,1,paul di,2024.0718.155524,V20260126.2,CW_DTCL_DTCR_STC,T20260403153545,52.3431656,True,True,True,True,True,True,True,4S2RND2HBL0DP6,v1.0.1,2025_12_22,315.5,317.8333,475.6861,298.5474,295.9034,149.2345,149.7733,337.7333,336.06,485.6533,-4.9154,-1.6996,-0.0,-0.0,-0.2193,1.5546,-0.219,1.5484,0.6662,157.4727,155.0391,154.7295,157.7451,156.2466,0.8747,0.7974,0.8753,0.7854,0.7854,0.8193,0.7558,0.8309,0.7772,0.7558,0.8315,0.8208,0.8169,0.8058,0.7477,0.7487,0.7772,0.7564,0.7477,0.8344,0.7775,0.7898,0.3435,0.3435,0.8408,0.7904,0.77,0.8205,0.791,0.5275,0.8447,0.8387,0.5275,0,0,0,0,0,v1.0.1,2025_12_22,315.4104,317.806,476.705,298.3309,295.7847,148.2639,148.604,337.9463,336.1391,486.7417,-4.9713,-1.6822,-0.0,-0.0,-0.2196,1.555,-0.2196,1.5482,0.666,164.6211,159.708,168.2891,167.3252,164.9858,0.7033,0.6804,0.7154,0.6804,0.6804,0.6706,0.636,0.6738,0.6494,0.636,0.653,0.6523,0.6556,0.6666,0.6295,0.6369,0.6206,0.6234,0.6206,0.6856,0.6717,0.6427,0.0953,0.0953,0.6322,0.6584,0.6476,0.6557,0.652,0.561,0.6491,0.6686,0.561,0,0,0,0,0,v1.0.1,2025_12_22,317.9151,329.3302,442.4779,314.5487,303.344,197.264,189.122,343.3333,332.4522,457.2783,-2.4378,8.8509,-0.0,0.0001,-0.2176,1.5604,-0.2078,1.5571,0.673,177.1729,176.9521,177.3057,178.7334,177.541,0.8144,0.667,0.8272,0.6402,0.6402,0.7823,0.6412,0.7799,0.6551,0.6412,0.765,0.7795,0.7699,0.7583,0.7583,0.7399,0.6734,0.7097,0,0.6734,0,0,0,0,0,v1.0.1,2025_12_22,317.8692,329.2991,443.2389,314.4159,303.24,196.512,188.3417,343.4417,332.5667,457.8583,-2.4487,8.8054,-0.0,0.0001,-0.2176,1.5606,-0.2082,1.5564,0.6728,148.2939,143.3984,145.1631,146.2891,145.7861,0.6762,0.581,0.686,0.5612,0.5612,0.6506,0.5553,0.6569,0.5716,0.5553,0.6357,0.6374,0.651,0.6509,0.6357,0.6062,0.557,0.5601,0.2363,0.2363,0,0,0,0,0,0.0038,-0.0851,0.0007,-0.0868,-0.0855,-0.0107,-0.0584,0.0151,-0.0641,-0.0584,0.0049,0.0076,0.0053,-0.0117,-0.0704,-0.0683,-0.0229,-0.0835,-0.0081,-0.0084,-0.01,-0.0345,0.007,-0.0336,-0.028,-0.0155,-0.0414,0.0007,-0.0379,-0.0371,0.0097,0.0081,-0.0017,-0.0019,-0.0196,-0.0235,-0.017,-0.0179,-0.005,-0.0119,0,-0.1681,0.017,-0.19,-0.17,0.0005,-0.1416,0.0056,-0.1212,-0.1331,-0.0069,0.003,0.0085,0.0105,-0.0064,-0.0202,0.0032,-0.0879,0.0133,-0.1228,-0.1077,0.001,-0.0994,0.0068,-0.0763,-0.0926,0.001,-0.0055,0.0014,0.0178,0.0026,0.0073,-0.0124,True,True
DTC_R_31,LanSi,1,CW_01,B,2026-04-03 15:36:20+08:00,ONLINE,False,,CW_1_01,PASS,,,52.4168629,_2026040315362028701,T20260403153620,DESKTOP-P2DUL42,Loma,1,CW_1_01,1,paul di,2024.0718.155524,V20260126.2,CW_DTCL_DTCR_STC,T20260403153712,52.4168629,True,True,True,True,True,True,True,4S2RND2HBL0DP6,v1.0.1,2025_12_22,315.3556,318,475.7185,298.8444,295.8767,149.8699,149.7415,337.966,335.8993,484.906,-4.9817,-1.5827,-0.0,-0.0,-0.2184,1.5549,-0.2195,1.5478,0.6662,157.1982,154.6934,154.3984,157.0527,155.8357,0.8756,0.7981,0.8651,0.7806,0.7806,0.805,0.7572,0.8179,0.7455,0.7455,0.8248,0.8073,0.8116,0.8151,0.7367,0.7337,0.7701,0.7338,0.7337,0.8328,0.799,0.7898,0.1382,0.1382,0.8423,0.7888,0.7686,0.8219,0.7868,0.4652,0.8158,0.8439,0.4652,0,0,0,0,0,v1.0.1,2025_12_22,315.3235,317.9632,476.7591,298.5766,295.8288,148.9178,148.6486,338.0676,336,485.9597,-4.988,-1.603,-0.0,-0.0,-0.219,1.5555,-0.2195,1.5478,0.6662,165.0498,159.8506,168.8203,167.7568,165.3694,0.6992,0.6718,0.7087,0.6646,0.6646,0.6669,0.6511,0.6647,0.6312,0.6312,0.6562,0.6604,0.6594,0.6604,0.6294,0.6494,0.6256,0.622,0.622,0.6747,0.673,0.6601,0.1746,0.1746,0.6351,0.668,0.6594,0.6643,0.6486,0.376,0.6419,0.6713,0.376,0,0,0,0,0,v1.0.1,2025_12_22,317.75,329.3704,442.4298,314.5702,303.2,197.696,189.1639,343.4262,332.1947,456.4159,-2.5523,8.7957,-0.0,0.0001,-0.2176,1.5602,-0.2084,1.5571,0.6728,176.7744,176.4189,177.0166,178,177.0525,0.8159,0.6595,0.8219,0.6341,0.6341,0.7644,0.6425,0.776,0.6208,0.6208,0.7824,0.7598,0.7662,0.7563,0.7563,0.7364,0.6856,0.7208,0,0.6856,0,0,0,0,0,v1.0.1,2025_12_22,317.8,329.3714,443.3826,314.5478,302.9667,196.9583,188.3025,343.521,332.3246,457.2982,-2.5447,8.8394,-0.0,0.0001,-0.217,1.5587,-0.2083,1.5572,0.6727,148.5918,143.4795,145.3984,146.5381,146.002,0.6757,0.5724,0.682,0.5567,0.5567,0.6288,0.5724,0.6463,0.542,0.542,0.6408,0.6436,0.6395,0.6375,0.6375,0.5942,0.5612,0.5779,0.0729,0.0729,0,0,0,0,0,0.0047,-0.0844,-0.0095,-0.0916,-0.0903,-0.025,-0.057,0.0021,-0.0958,-0.0687,-0.0018,-0.0059,0,-0.0024,-0.0814,-0.0833,-0.03,-0.1061,-0.0097,-0.0084,-0.0141,-0.0431,0.0003,-0.0494,-0.0438,-0.0192,-0.0263,-0.0084,-0.0561,-0.0419,0.0129,0.0162,0.0021,-0.0081,-0.0197,-0.011,-0.012,-0.0193,-0.0159,0.0055,0.0015,-0.1756,0.0117,-0.1961,-0.1761,-0.0174,-0.1403,0.0017,-0.1555,-0.1535,0.0105,-0.0167,0.0048,0.0085,-0.0099,-0.0091,0.0027,-0.0965,0.0093,-0.1273,-0.1122,-0.0208,-0.0823,-0.0038,-0.1059,-0.1059,0.0061,0.0007,-0.0101,0.0044,0.0044,-0.0047,0.0054,True,True
DTC_L_31,LanSi,1,CW_01,B,2026-04-03 15:36:20+08:00,ONLINE,False,,CW_1_01,PASS,,,52.4278339,_2026040315362028702,T20260403153620,DESKTOP-P2DUL42,Loma,1,CW_1_01,2,paul di,2024.0718.155524,V20260126.2,CW_DTCL_DTCR_STC,T20260403153712,52.4278339,True,True,True,True,True,True,True,4S2RND2HBL06DS,v1.0.1,2025_12_22,315.2857,322.812,475.5,302,296.1533,152.2133,150.1513,342.4671,334.6963,487.7926,-5.1427,1.957,-0.0001,0.0,-0.2287,1.5586,-0.218,1.5532,0.6663,156.8311,153.2158,151.1816,156.4141,154.4106,0.8286,0.7963,0.8242,0.7771,0.7771,0.7825,0.7524,0.7922,0.7513,0.7513,0.8183,0.8065,0.8162,0.7744,0.7568,0.731,0.7617,0.6761,0.6761,0.8051,0.98,0.8237,0.7809,0.7809,0.8342,0.7184,0.7456,0.8496,0.812,0.7716,0.7917,0.7759,0.7184,0,0,0,0,0,v1.0.1,2025_12_22,315.2148,322.7778,476.6222,301.9333,296.1544,151.2617,148.966,342.7415,334.7353,488.8897,-5.1615,2.0208,-0.0001,0.0,-0.2279,1.5596,-0.219,1.5533,0.6665,164.3027,160.4717,166.417,165.417,164.1521,0.6839,0.6733,0.6991,0.6881,0.6733,0.6522,0.636,0.6421,0.6548,0.636,0.6332,0.656,0.6395,0.6435,0.6356,0.6324,0.625,0.5927,0.5927,0.663,0.472,0.698,0.6741,0.472,0.6513,0.6514,0.6232,0.6659,0.6792,0.676,0.6752,0.6448,0.6232,0,0,0,0,0,v1.0.1,2025_12_22,314.0583,315,438.9633,300.5413,300.4538,184.3697,186.4622,329.6303,328.0789,444.6667,-5.8967,-4.6584,-0.0001,-0.0,-0.2147,1.5665,-0.2136,1.5626,0.6752,175.8379,175.4287,173.5625,175.6279,175.1143,0.7884,0.713,0.7877,0.6693,0.6693,0.7482,0.672,0.757,0.6532,0.6532,0.7825,0.7693,0.7643,0.7086,0.7086,0.7293,0,0.7196,0.6677,0.6677,0,0,0,0,0,v1.0.1,2025_12_22,314.0472,314.9717,439.7168,300.4513,300.3193,183.605,185.4622,329.6303,328.3103,445.5,-5.9288,-4.6683,-0.0001,-0.0,-0.2145,1.5662,-0.213,1.5614,0.675,149.5107,144.9639,143.8174,147.0586,146.3376,0.6565,0.6125,0.6627,0.6139,0.6125,0.6291,0.5805,0.6139,0.5624,0.5624,0.6303,0.6348,0.6363,0.6124,0.6124,0.5784,0.5286,0.5722,0.5566,0.5286,0,0,0,0,0,-0.0018,-0.0572,-0.0169,-0.0438,-0.0438,0.002,-0.0688,-0.0054,-0.0318,-0.0292,-0.0011,-0.0081,0.008,0.0055,-0.0738,-0.0975,-0.0304,-0.0797,0.0133,0.0064,-0.0088,-0.0373,0.0066,-0.0194,-0.0192,-0.0146,-0.0433,-0.0006,-0.0175,-0.0067,-0.0177,0.0106,-0.017,0.0026,-0.0277,-0.0409,-0.0336,-0.037,-0.0026,0.012,-0.0009,-0.1038,-0.0146,-0.1191,-0.1191,0.0018,-0.1043,0.0003,-0.0964,-0.0932,0.0122,0.0073,0.0065,0.0083,0.0053,-0.0155,0.0013,-0.0605,-0.0093,-0.0661,-0.0427,-0.0102,-0.0738,-0.0132,-0.071,-0.0647,-0.0082,-0.0019,-0.0069,0.0157,0.0157,-0.0007,-0.0065,True,True
DTC_L_32,LanSi,1,CW_01,C,2026-04-03 15:37:48+08:00,ONLINE,False,,CW_1_01,PASS,,,52.5387101,_2026040315374830102,T20260403153748,DESKTOP-P2DUL42,Loma,1,CW_1_01,2,paul di,2024.0718.155524,V20260126.2,CW_DTCL_DTCR_STC,T20260403153840,52.5387101,True,True,True,True,True,True,True,4S2RND2HBL06DS,v1.0.1,2025_12_22,314.2222,323.8667,474.1971,303.438,294.9868,153.3553,148.543,343.6026,333.7153,489.9343,-6.3671,3.3394,-0.0001,0.0,-0.2265,1.5579,-0.218,1.5534,0.6667,157.0342,153.0957,150.8516,156.3594,154.3352,0.8168,0.7989,0.8435,0.7732,0.7732,0.7804,0.7702,0.797,0.7509,0.7509,0.8244,0.8196,0.8176,0.7691,0.7489,0.7364,0.7532,0.6986,0.6986,0.8086,0.98,0.8166,0.8372,0.8086,0.8507,0.7655,0.7861,0.8313,0.8252,0.8192,0.8125,0.7695,0.7655,0,0,0,0,0,v1.0.1,2025_12_22,314.1957,323.8333,475.3406,303.3406,294.9073,152.404,147.3667,343.7933,333.8143,490.9143,-6.3751,3.3571,-0.0001,0.0,-0.226,1.5582,-0.2186,1.5534,0.6668,164.9375,160.6709,166.1621,165.8252,164.3989,0.6816,0.6741,0.6892,0.6981,0.6741,0.6515,0.6358,0.6434,0.6573,0.6358,0.6475,0.6487,0.649,0.6274,0.6417,0.6348,0.6412,0.6024,0.6024,0.655,0.463,0.6685,0.7096,0.463,0.667,0.6765,0.6517,0.6984,0.6756,0.6888,0.6749,0.6272,0.6272,0,0,0,0,0,v1.0.1,2025_12_22,313.233,316,438,301.8393,299.3193,185.5294,184.8115,330.623,327.2689,446.1429,-6.9735,-3.4731,-0.0001,-0.0,-0.2125,1.564,-0.2129,1.5628,0.6754,176.1934,175.6221,173.334,175.9961,175.2864,0.7898,0.6781,0.801,0.6745,0.6745,0.752,0.6625,0.7477,0.6733,0.6625,0.7732,0.7727,0.7765,0.703,0.703,0.7087,0,0.7262,0.7379,0.7087,0,0,0,0,0,v1.0.1,2025_12_22,313.1524,316,438.7699,301.7699,299.1695,184.7712,183.9504,330.7107,327.3719,447.0331,-7.0172,-3.443,-0.0001,-0.0,-0.2123,1.5641,-0.2129,1.5622,0.6753,149.7441,144.7031,143.7422,147.3076,146.3743,0.6612,0.5832,0.6692,0.6051,0.5832,0.6355,0.5702,0.6228,0.595,0.5702,0.6416,0.6375,0.648,0.6075,0.6075,0.5832,0.5436,0.5836,0.5823,0.5436,0,0,0,0,0,-0.0136,-0.0546,0.0024,-0.0477,-0.0477,-0.0001,-0.051,-0.0006,-0.0322,-0.0296,0.005,0.005,0.0094,0.0002,-0.0817,-0.0921,-0.0389,-0.0572,0.0168,-0.0007,-0.0111,-0.0365,-0.0033,-0.0094,-0.0184,-0.0153,-0.0435,0.0007,-0.015,-0.0069,-0.0034,0.0033,-0.0075,-0.0135,-0.0216,-0.0385,-0.0174,-0.0273,-0.0106,-0.0175,0.0005,-0.1387,-0.0013,-0.1139,-0.1139,0.0056,-0.1138,-0.009,-0.0763,-0.0839,0.0029,0.0107,0.0187,0.0027,-0.0153,-0.0089,0.006,-0.0898,-0.0028,-0.0749,-0.072,-0.0038,-0.0841,-0.0043,-0.0384,-0.0569,0.0031,0.0008,0.0048,0.0108,0.0108,0.0041,0.0049,True,True
DTC_R_32,LanSi,1,CW_01,C,2026-04-03 15:37:48+08:00,ONLINE,False,,CW_1_01,PASS,,,52.6364482,_2026040315374819001,T20260403153748,DESKTOP-P2DUL42,Loma,1,CW_1_01,1,paul di,2024.0718.155524,V20260126.2,CW_DTCL_DTCR_STC,T20260403153840,52.6364482,True,True,True,True,True,True,True,4S2RND2HBL0DP6,v1.0.1,2025_12_22,315.1314,316.8686,475.1691,297.2353,295.6667,148.4966,149.4324,336.8311,335.6667,483.9116,-5.2867,-2.8314,-0.0001,-0.0,-0.2216,1.5552,-0.2194,1.548,0.6656,155.5205,154.2256,153.7256,155.9189,154.8477,0.8775,0.7996,0.8655,0.7962,0.7962,0.8112,0.7585,0.8247,0.7718,0.7585,0.8202,0.8173,0.8306,0.8069,0.7378,0.7499,0.7808,0.7749,0.7378,0.8135,0.8105,0.7909,0.6841,0.6841,0.8525,0.7802,0.7601,0.8135,0.779,0.98,0.8101,0.8505,0.7601,0,0,0,0,0,v1.0.1,2025_12_22,315.1014,316.9058,476.2647,297.1103,295.3946,147.4558,148.2905,337,335.8378,485.0946,-5.3222,-2.7867,-0.0001,-0.0,-0.2217,1.5545,-0.2194,1.5476,0.6653,163.7256,158.7988,167.3291,166.8535,164.1768,0.7074,0.6755,0.7116,0.6815,0.6755,0.6719,0.6477,0.6717,0.6476,0.6476,0.6563,0.6613,0.6613,0.6512,0.6339,0.63,0.626,0.6298,0.626,0.652,0.6744,0.6614,0.1488,0.1488,0.6335,0.6545,0.6382,0.6535,0.6499,0.5025,0.648,0.658,0.5025,0,0,0,0,0,v1.0.1,2025_12_22,317.3426,328.2315,442.0273,313.3364,302.9106,196.3089,188.605,342.395,331.9286,455.6607,-2.9372,7.6865,-0.0,0.0001,-0.2184,1.5613,-0.2091,1.5563,0.6725,175.3721,176.5537,176.4297,177.1484,176.376,0.8226,0.6587,0.8264,0.6506,0.6506,0.7761,0.6531,0.7898,0.6437,0.6437,0.7878,0.7753,0.776,0.7458,0.7458,0.7183,0.6789,0.722,0,0.6789,0,0,0,0,0,v1.0.1,2025_12_22,317.2667,328.3143,442.8468,313.2883,302.6992,195.7154,187.8595,342.5289,331.9273,456.5,-2.9801,7.7694,-0.0,0.0001,-0.2186,1.5609,-0.2089,1.5564,0.6725,147.249,142.3408,144.2227,145.8115,144.906,0.6656,0.5805,0.6974,0.5747,0.5747,0.6477,0.5737,0.6607,0.5544,0.5544,0.6315,0.6424,0.6467,0.6153,0.6153,0.5569,0.5571,0.5678,0.3165,0.3165,0,0,0,0,0,0.0066,-0.0829,-0.0091,-0.076,-0.0747,-0.0188,-0.0557,0.0089,-0.0695,-0.0557,-0.0064,0.0041,0.019,-0.0106,-0.0803,-0.0671,-0.0193,-0.065,-0.029,-0.0073,-0.0059,-0.0394,0.0032,-0.0325,-0.0329,-0.0142,-0.0297,-0.0014,-0.0397,-0.0255,0.013,0.0171,0.004,-0.0173,-0.0152,-0.0304,-0.0116,-0.0115,-0.0386,0.0068,0.0082,-0.1764,0.0162,-0.1796,-0.1596,-0.0057,-0.1297,0.0155,-0.1326,-0.1306,0.0159,-0.0012,0.0146,-0.002,-0.028,-0.0079,-0.0074,-0.0884,0.0247,-0.1093,-0.0942,-0.0019,-0.081,0.0106,-0.0935,-0.0935,-0.0032,-0.0005,-0.0029,-0.0178,-0.0178,-0.042,-0.0047,True,True
DTC_R_33,LanSi,1,CW_01,A,2026-04-03 15:39:28+08:00,ONLINE,False,,CW_1_01,PASS,,,52.5838157,_2026040315392820701,T20260403153928,DESKTOP-P2DUL42,Loma,1,CW_1_01,1,paul di,2024.0718.155524,V20260126.2,CW_DTCL_DTCR_STC,T20260403154020,52.5838157,True,True,True,True,True,True,True,4S2RND2HBL0DP6,v1.0.1,2025_12_22,315.4167,316.8712,475.6741,297.3852,295.9793,149.2276,149.7368,336.6513,336,486.3046,-4.9386,-2.212,-0.0,-0.0,-0.2205,1.5549,-0.2183,1.5494,0.6664,157.0059,154.1377,153.7949,156.6719,155.4026,0.865,0.7813,0.8739,0.8087,0.7813,0.8108,0.7332,0.8188,0.8063,0.7332,0.8209,0.8245,0.8152,0.8186,0.7279,0.7164,0.8051,0.7838,0.7164,0.8354,0.7963,0.7752,0.4749,0.4749,0.8174,0.7632,0.7633,0.8168,0.7847,0.98,0.8494,0.8492,0.7632,0,0,0,0,0,v1.0.1,2025_12_22,315.3209,316.8731,476.7037,297.1704,295.8966,148.1862,148.6093,336.755,336.0065,487.3182,-4.9926,-2.2394,-0.0,-0.0,-0.221,1.5556,-0.2182,1.5495,0.6665,165.6152,160.0801,168.709,168.0898,165.6235,0.7024,0.6752,0.6944,0.6873,0.6752,0.6719,0.629,0.6614,0.6783,0.629,0.6495,0.654,0.6583,0.6644,0.6325,0.6279,0.6203,0.6308,0.6203,0.6634,0.6499,0.6552,0.1291,0.1291,0.629,0.6543,0.6373,0.6665,0.6636,0.4846,0.6567,0.6881,0.4846,0,0,0,0,0,v1.0.1,2025_12_22,317.8095,328.2667,442.3509,313.4123,303.312,197.056,189.122,342.3333,332.2797,457.1949,-2.5252,8.1526,-0.0,0.0001,-0.2182,1.5602,-0.2084,1.5585,0.673,177.1113,176.6387,176.5938,178.1621,177.1265,0.8119,0.6397,0.8269,0.6944,0.6397,0.7765,0.6058,0.7826,0.722,0.6058,0.7872,0.7749,0.7739,0.7601,0.7601,0.7427,0.6679,0.7153,0,0.6679,0,0,0,0,0,v1.0.1,2025_12_22,317.8208,328.3208,443.2432,313.3153,303.1967,196.2295,188.1405,342.4711,332.3417,458.075,-2.5514,8.1823,-0.0,0.0001,-0.2186,1.56,-0.2082,1.5588,0.673,149.0654,143.9121,145.7305,147.0088,146.4292,0.6786,0.5654,0.6781,0.6015,0.5654,0.6337,0.5414,0.6462,0.6111,0.5414,0.6497,0.6423,0.6515,0.6438,0.6423,0.5861,0.5576,0.5614,0.2101,0.2101,0,0,0,0,0,-0.0059,-0.1012,-0.0007,-0.0635,-0.0896,-0.0192,-0.081,0.003,-0.035,-0.081,-0.0057,0.0113,0.0036,0.0011,-0.0902,-0.1006,0.005,-0.0561,-0.0071,-0.023,-0.0109,-0.0397,-0.014,-0.0267,-0.0332,-0.0142,-0.0484,-0.0117,-0.009,-0.0441,0.0062,0.0098,0.001,-0.0041,-0.0166,-0.0325,-0.0173,-0.0105,-0.0272,0.0006,-0.0025,-0.1954,0.0167,-0.1358,-0.1705,-0.0053,-0.177,0.0083,-0.0543,-0.1685,0.0153,-0.0016,0.0125,0.0123,-0.0036,-0.0146,0.0056,-0.1035,0.0054,-0.0825,-0.1035,-0.0159,-0.1133,-0.0039,-0.0368,-0.1065,0.015,-0.0006,0.0019,0.0107,0.0092,-0.0128,-0.0111,True,True
DTC_L_33,LanSi,1,CW_01,A,2026-04-03 15:39:28+08:00,ONLINE,False,,CW_1_01,PASS,,,52.3833514,_2026040315392842302,T20260403153928,DESKTOP-P2DUL42,Loma,1,CW_1_01,2,paul di,2024.0718.155524,V20260126.2,CW_DTCL_DTCR_STC,T20260403154020,52.3833514,True,True,True,True,True,True,True,4S2RND2HBL06DS,v1.0.1,2025_12_22,315.4167,321.1288,475.6716,300.1045,296.1765,149.8235,150.2585,340.966,334.8768,486.8478,-5.02,0.2741,-0.0001,0.0,-0.2299,1.5584,-0.219,1.5534,0.6657,157.1221,153,151.1475,156.6152,154.4712,0.8331,0.811,0.8395,0.7889,0.7889,0.7911,0.7565,0.7977,0.7638,0.7565,0.8138,0.8115,0.8206,0.7604,0.7831,0.7491,0.7473,0.7006,0.7006,0.81,0.98,0.8055,0.79,0.79,0.8459,0.7513,0.7919,0.8456,0.8132,0.7796,0.7637,0.7769,0.7513,0,0,0,0,0,v1.0.1,2025_12_22,315.3358,321.292,476.8088,300.0368,296.0728,148.947,149.0816,341.1497,335,487.9137,-5.0402,0.3678,-0.0001,0.0,-0.2304,1.559,-0.2184,1.5528,0.6658,164.3799,160.5244,166.0352,165.0244,163.991,0.6828,0.6836,0.6925,0.6933,0.6828,0.6619,0.6431,0.6435,0.6551,0.6431,0.6501,0.6542,0.66,0.631,0.6362,0.6349,0.6285,0.5965,0.5965,0.6651,0.5092,0.6727,0.6759,0.5092,0.6463,0.6163,0.6274,0.6693,0.6718,0.6697,0.6639,0.6185,0.6163,0,0,0,0,0,v1.0.1,2025_12_22,314.1143,313.5524,439.3097,298.8761,300.405,182.281,186.4098,328.1803,328.4492,443.5763,-5.7624,-6.2068,-0.0001,-0.0001,-0.2162,1.5662,-0.2135,1.5605,0.6742,176.4902,175.3252,173.8057,175.9365,175.3894,0.8015,0.7072,0.8015,0.6766,0.6766,0.7621,0.6596,0.7593,0.6448,0.6448,0.7904,0.7543,0.7647,0.6844,0.6844,0.7266,0,0.7162,0.6639,0.6639,0,0,0,0,0,v1.0.1,2025_12_22,314.1346,313.5,440.115,298.885,300.3613,181.6218,185.4153,328.3475,328.5,444.5,-5.7947,-6.1291,-0.0001,-0.0001,-0.215,1.5662,-0.2143,1.5611,0.6745,149.2939,144.8896,143.4814,146.667,146.083,0.662,0.5957,0.67,0.6005,0.5957,0.6344,0.5668,0.6317,0.5705,0.5668,0.6287,0.6125,0.6484,0.5965,0.5965,0.564,0.5084,0.5884,0.5517,0.5084,0,0,0,0,0,0.0027,-0.0425,-0.0016,-0.032,-0.032,0.0106,-0.0647,0.0001,-0.0193,-0.024,-0.0056,-0.0031,0.0124,-0.0085,-0.0475,-0.0794,-0.0448,-0.0552,0.0182,-0.0118,-0.0099,-0.027,0,-0.0142,-0.0097,-0.0049,-0.0362,0.0008,-0.0172,0.0004,-0.0008,0.0088,0.0035,-0.0099,-0.0271,-0.0384,-0.0301,-0.0332,-0.0005,-0.0133,0.0122,-0.1096,-0.0008,-0.1118,-0.1118,0.0157,-0.1167,0.0026,-0.1048,-0.1016,0.0201,-0.0077,0.0069,-0.0159,0.0026,-0.0189,0.0068,-0.0773,-0.002,-0.0795,-0.0595,-0.0049,-0.0875,0.0046,-0.0629,-0.0603,-0.0098,-0.0242,0.0052,-0.0002,-0.0002,-0.0151,0.0097,True,True
DTC_R_34,LanSi,1,CW_01,B,2026-04-03 15:40:54+08:00,ONLINE,False,,CW_1_01,PASS,,,53.0655157,_2026040315405441801,T20260403154054,DESKTOP-P2DUL42,Loma,1,CW_1_01,1,paul di,2024.0718.155524,V20260126.2,CW_DTCL_DTCR_STC,T20260403154147,53.0655157,True,True,True,True,True,True,True,4S2RND2HBL0DP6,v1.0.1,2025_12_22,315.0963,317.4519,474.8667,297.8741,295.8182,148.2308,149.7067,337.7133,335.2143,485.1714,-5.3596,-2.2117,-0.0001,-0.0,-0.2214,1.5568,-0.2214,1.5509,0.6662,157.7217,155.3633,155.1055,157.8662,156.5142,0.869,0.8385,0.8753,0.8327,0.8327,0.8233,0.8022,0.8244,0.7777,0.7777,0.8242,0.8244,0.8192,0.8251,0.7843,0.7787,0.7459,0.7753,0.7459,0.831,0.8209,0.7945,0.98,0.7945,0.8425,0.7984,0.8016,0.8126,0.8089,0.8201,0.8084,0.833,0.7984,0,0,0,0,0,v1.0.1,2025_12_22,315.1241,317.4672,475.8921,297.777,295.5,147.1757,148.5436,337.8523,335.2676,486.2042,-5.4345,-2.2047,-0.0001,-0.0,-0.2214,1.5555,-0.2213,1.5515,0.6661,164.7725,160.1338,168.9482,167.4619,165.3291,0.7039,0.6949,0.7133,0.7028,0.6949,0.6749,0.6738,0.6745,0.6637,0.6637,0.6461,0.6524,0.6582,0.6687,0.6434,0.6568,0.6117,0.6377,0.6117,0.6977,0.6651,0.6599,0.2823,0.2823,0.6475,0.6603,0.6646,0.6644,0.6538,0.6448,0.6694,0.6895,0.6448,0,0,0,0,0,v1.0.1,2025_12_22,317.4952,328.9429,441.8333,313.8333,303.0244,196.2602,189.0403,343.2581,331.7589,457.3929,-2.8696,8.4375,-0.0,0.0001,-0.2204,1.5616,-0.2105,1.5597,0.6726,177.6328,177.5166,177.7705,178.877,177.9492,0.8044,0.6906,0.8237,0.7208,0.6906,0.7747,0.6801,0.7836,0.6729,0.6729,0.7799,0.7781,0.7622,0.7579,0.7579,0.7451,0.7011,0.7295,0,0.7011,0,0,0,0,0,v1.0.1,2025_12_22,317.3922,329,442.6216,313.8288,302.8387,195.5726,188.048,343.4,331.9298,458.1316,-2.9339,8.4866,-0.0,0.0001,-0.22,1.5616,-0.2104,1.5582,0.6724,148.4336,143.792,145.7412,146.3516,146.0796,0.6582,0.5889,0.6794,0.6165,0.5889,0.6508,0.5952,0.6452,0.5776,0.5776,0.6522,0.6393,0.6332,0.625,0.625,0.5802,0.5652,0.5829,0.4171,0.4171,0,0,0,0,0,-0.0019,-0.044,0.0007,-0.0395,-0.0382,-0.0067,-0.012,0.0086,-0.0636,-0.0365,-0.0024,0.0112,0.0076,0.0076,-0.0338,-0.0383,-0.0542,-0.0646,-0.0115,-0.0037,-0.0094,-0.02,0.0049,-0.0112,-0.0135,-0.0112,-0.0036,0.0014,-0.0236,-0.0094,0.0028,0.0082,0.0009,0.0002,-0.0057,-0.0036,-0.0259,-0.0036,0.0071,0.0053,-0.01,-0.1445,0.0135,-0.1094,-0.1196,-0.0071,-0.1027,0.0093,-0.1034,-0.1014,0.008,0.0016,0.0008,0.0101,-0.0012,-0.0004,-0.0148,-0.08,0.0067,-0.0675,-0.08,0.0012,-0.0595,-0.0049,-0.0703,-0.0703,0.0175,-0.0036,-0.0164,-0.0081,-0.0081,-0.0187,0.0104,True,True
DTC_L_34,LanSi,1,CW_01,B,2026-04-03 15:40:54+08:00,ONLINE,False,,CW_1_01,PASS,,,52.8714896,_2026040315405462302,T20260403154054,DESKTOP-P2DUL42,Loma,1,CW_1_01,2,paul di,2024.0718.155524,V20260126.2,CW_DTCL_DTCR_STC,T20260403154147,52.8714896,True,True,True,True,True,True,True,4S2RND2HBL06DS,v1.0.1,2025_12_22,315.3258,322.8409,475.2847,302.0657,296.2,152.3733,149.9262,342.6577,334.6963,488.0815,-5.2134,2.1038,-0.0001,0.0,-0.2286,1.5586,-0.2187,1.5536,0.6662,157.127,153.2275,151.6191,156.5986,154.6431,0.8127,0.8053,0.8382,0.7829,0.7829,0.7897,0.7646,0.7897,0.7433,0.7433,0.8197,0.8146,0.8121,0.7703,0.7402,0.7353,0.757,0.673,0.673,0.7968,0.98,0.816,0.8073,0.7968,0.8384,0.8512,0.7832,0.8371,0.8086,0.7702,0.7686,0.774,0.7686,0,0,0,0,0,v1.0.1,2025_12_22,315.1533,322.8102,476.3235,302.0368,296.12,151.3667,148.8776,342.898,334.8043,489.1667,-5.2443,2.1557,-0.0001,0.0,-0.2277,1.5597,-0.2197,1.5527,0.6663,165.3662,161.1484,167.2402,166.7256,165.1201,0.673,0.6788,0.6873,0.6917,0.673,0.6518,0.6371,0.6529,0.6561,0.6371,0.6376,0.6554,0.6634,0.6443,0.6276,0.6246,0.6361,0.6079,0.6079,0.6695,0.2592,0.6818,0.6714,0.2592,0.6589,0.6724,0.641,0.6608,0.6734,0.6607,0.6762,0.6254,0.6254,0,0,0,0,0,v1.0.1,2025_12_22,314.0288,315.0481,438.8649,300.5766,300.5,184.5,186.1901,329.7025,328.1217,444.8348,-5.9589,-4.5676,-0.0001,-0.0,-0.2149,1.567,-0.2136,1.5621,0.6752,176.251,175.54,174.1934,176.0283,175.5032,0.7749,0.7016,0.805,0.6787,0.6787,0.757,0.6622,0.7593,0.6524,0.6524,0.7629,0.7786,0.7648,0.7193,0.7193,0.716,0,0.7183,0.6691,0.6691,0,0,0,0,0,v1.0.1,2025_12_22,314.0762,314.981,439.6174,300.4522,300.3193,183.7731,185.2893,329.7273,328.3333,445.5702,-5.9729,-4.5993,-0.0001,-0.0,-0.2147,1.5658,-0.2135,1.5615,0.6748,150.708,145.6631,144.582,148.0352,147.2471,0.6442,0.6201,0.6746,0.6023,0.6023,0.6356,0.5581,0.6227,0.5855,0.5581,0.6379,0.6391,0.6465,0.6025,0.6025,0.5667,0.461,0.5916,0.5639,0.461,0,0,0,0,0,-0.0177,-0.0482,-0.0029,-0.038,-0.038,0.0092,-0.0566,-0.0079,-0.0398,-0.0372,0.0003,0,0.0039,0.0014,-0.0904,-0.0932,-0.0351,-0.0828,0.005,-0.0013,-0.0197,-0.0318,-0.0052,-0.0158,-0.0195,-0.015,-0.0422,0.0102,-0.0162,-0.0056,-0.0133,0.01,0.0069,0.0034,-0.0357,-0.0487,-0.0225,-0.0218,0.0039,-0.0042,-0.0144,-0.1152,0.0027,-0.1097,-0.1097,0.0106,-0.1141,0.0026,-0.0972,-0.094,-0.0074,0.0166,0.007,0.019,-0.008,-0.0168,-0.011,-0.0529,0.0026,-0.0777,-0.0529,-0.0037,-0.0962,-0.0044,-0.0479,-0.069,-0.0006,0.0024,0.0033,0.0058,0.0058,-0.0124,0.0129,True,True
DTC_L_35,LanSi,1,CW_01,C,2026-04-03 15:43:08+08:00,ONLINE,False,,CW_1_01,PASS,,,51.5865408,_2026040315430864102,T20260403154308,DESKTOP-P2DUL42,Loma,1,CW_1_01,2,paul di,2024.0718.155524,V20260126.2,CW_DTCL_DTCR_STC,T20260403154400,51.5865408,True,True,True,True,True,True,True,4S2RND2HBL06DS,v1.0.1,2025_12_22,314.4656,322.1298,474.4091,301.8106,294.94,151.6533,148.3514,341.9865,333.6214,488.4286,-6.3425,1.7018,-0.0001,0.0,-0.2258,1.5562,-0.2185,1.5556,0.6669,156.2988,152.4668,150.6885,155.6455,153.7749,0.8241,0.788,0.8428,0.7794,0.7794,0.7879,0.7653,0.786,0.7673,0.7653,0.8156,0.8152,0.8159,0.7598,0.7572,0.7358,0.7658,0.6961,0.6961,0.8021,0.8982,0.8124,0.8424,0.8021,0.8441,0.7328,0.7591,0.8405,0.8158,0.8519,0.8089,0.7771,0.7328,0,0,0,0,0,v1.0.1,2025_12_22,314.3431,322.292,475.4526,301.5985,294.8456,150.7383,147.3467,342.2333,333.7606,489.5,-6.3503,1.7724,-0.0001,0.0,-0.2272,1.5571,-0.2183,1.5547,0.6666,164.3984,160.5811,166.2715,164.7305,163.9954,0.6812,0.6687,0.6957,0.6874,0.6687,0.6637,0.6261,0.6422,0.6588,0.6261,0.6518,0.6375,0.6524,0.619,0.622,0.6201,0.6373,0.6165,0.6165,0.6577,0.5331,0.68,0.6904,0.5331,0.6654,0.6258,0.6123,0.6715,0.6713,0.6753,0.683,0.6238,0.6123,0,0,0,0,0,v1.0.1,2025_12_22,313.1333,314.6476,438.2432,300.3153,299.3719,184.0331,184.6723,329.2269,327.2991,444.7179,-6.956,-4.9118,-0.0001,-0.0,-0.2135,1.5653,-0.2125,1.5618,0.6753,175.9648,175.4346,173.4277,175.7207,175.137,0.7967,0.6782,0.8029,0.6681,0.6681,0.7456,0.6426,0.7516,0.6694,0.6426,0.7862,0.7712,0.7632,0.6907,0.6907,0.726,0,0.7177,0.7394,0.7177,0,0,0,0,0,v1.0.1,2025_12_22,313.2264,314.5472,439,300.1607,299.2437,183.3613,183.8607,329.2869,327.4068,445.5,-6.9525,-4.9288,-0.0001,-0.0,-0.2134,1.5641,-0.2129,1.5624,0.6751,148.9365,144.7295,143.5928,146.3184,145.8943,0.6618,0.5837,0.6726,0.6038,0.5837,0.6389,0.5741,0.6174,0.5865,0.5741,0.6444,0.6335,0.6604,0.6164,0.6164,0.558,0.5133,0.5827,0.5758,0.5133,0,0,0,0,0,-0.0063,-0.0655,0.0017,-0.0415,-0.0415,0.0074,-0.0559,-0.0116,-0.0158,-0.0152,-0.0038,0.0006,0.0077,-0.0091,-0.0734,-0.0927,-0.0263,-0.0597,0.0103,-0.0049,-0.0115,-0.0419,0.0032,-0.0201,-0.0238,-0.0031,-0.0532,-0.0005,-0.0135,-0.0166,0.0009,-0.0079,-0.0041,-0.0219,-0.0413,-0.0532,-0.0213,-0.0132,-0.0079,-0.006,0.0074,-0.1386,0.0006,-0.1203,-0.1203,-0.0008,-0.1337,-0.0051,-0.0802,-0.1038,0.0159,0.0092,0.0054,-0.0096,0.002,-0.0174,0.0066,-0.0893,0.0006,-0.0762,-0.0715,-0.0004,-0.0802,-0.0097,-0.0469,-0.053,0.0059,-0.0032,0.0172,0.0197,0.0197,-0.0211,0.004,True,True
DTC_R_35,LanSi,1,CW_01,C,2026-04-03 15:43:08+08:00,ONLINE,False,,CW_1_01,PASS,,,51.6254365,_2026040315430861601,T20260403154308,DESKTOP-P2DUL42,Loma,1,CW_1_01,1,paul di,2024.0718.155524,V20260126.2,CW_DTCL_DTCR_STC,T20260403154400,51.6254365,True,True,True,True,True,True,True,4S2RND2HBL0DP6,v1.0.1,2025_12_22,315.2222,316.8667,475.2148,297.2222,295.7172,148.3862,149.4899,336.6309,335.7329,484.4315,-5.2246,-2.7925,-0.0001,-0.0,-0.2217,1.555,-0.2182,1.5485,0.6659,156.0293,154.5371,154.0459,156.0117,155.156,0.8727,0.8033,0.8699,0.7938,0.7938,0.8169,0.7551,0.8294,0.7586,0.7551,0.8133,0.8137,0.8095,0.8215,0.7426,0.7407,0.7934,0.804,0.7407,0.8366,0.8113,0.7718,0.2601,0.2601,0.8325,0.7628,0.7681,0.788,0.7997,0.4997,0.8207,0.8492,0.4997,0,0,0,0,0,v1.0.1,2025_12_22,315.2647,316.8897,476.3037,297.0815,295.5436,147.4027,148.3197,336.898,335.7143,485.4762,-5.2708,-2.7504,-0.0001,-0.0,-0.2219,1.5544,-0.2188,1.5496,0.6658,164.7676,157.6641,166.4834,167.4795,164.0986,0.7121,0.6715,0.7095,0.6807,0.6715,0.6779,0.6552,0.668,0.6419,0.6419,0.6571,0.6587,0.6572,0.6561,0.6466,0.6287,0.6318,0.6379,0.6287,0.666,0.6632,0.6458,0.1659,0.1659,0.6511,0.6538,0.6287,0.662,0.6652,0.5424,0.6279,0.6661,0.5424,0,0,0,0,0,v1.0.1,2025_12_22,317.5833,328.1759,442.1261,313.2342,303.1452,196.2177,188.8952,342.3145,332,456,-2.75,7.6885,-0.0,0.0001,-0.2189,1.5613,-0.2089,1.558,0.6729,177.332,178.3906,178.4932,178.7803,178.249,0.8203,0.6623,0.8279,0.6593,0.6593,0.7617,0.6541,0.782,0.651,0.651,0.7872,0.7734,0.7688,0.7598,0.7598,0.7411,0.6763,0.7247,0,0.6763,0,0,0,0,0,v1.0.1,2025_12_22,317.5888,328.2336,443.0459,313.2844,302.9669,195.6364,187.976,342.456,332.0526,456.8684,-2.774,7.7958,-0.0,0.0001,-0.2181,1.5605,-0.2088,1.5583,0.673,148.0654,141.4004,143.2539,145.9814,144.6753,0.6688,0.5752,0.6823,0.5827,0.5752,0.638,0.5668,0.6579,0.5639,0.5639,0.6461,0.6401,0.6438,0.6298,0.6298,0.5866,0.562,0.5792,0.2282,0.2282,0,0,0,0,0,0.0018,-0.0792,-0.0047,-0.0784,-0.0771,-0.0131,-0.0591,0.0136,-0.0827,-0.0591,-0.0133,0.0005,-0.0021,0.004,-0.0755,-0.0763,-0.0067,-0.0359,-0.0059,-0.0264,-0.0012,-0.0434,0.0011,-0.0333,-0.0369,-0.0082,-0.0222,-0.0051,-0.0454,-0.0312,0.0138,0.0145,-0.0001,-0.0124,-0.0025,-0.0317,-0.0058,-0.0034,-0.0246,-0.0088,0.0059,-0.1728,0.0177,-0.1709,-0.1509,-0.0201,-0.1287,0.0077,-0.1253,-0.1233,0.0153,-0.0031,0.0074,0.012,-0.0052,-0.0052,-0.0042,-0.0937,0.0096,-0.1013,-0.0937,-0.0116,-0.0879,0.0078,-0.084,-0.084,0.0114,-0.0028,-0.0058,-0.0033,-0.0033,-0.0123,0.0067,True,True
DTC_L_36,LanSi,1,CW_01,A,2026-04-03 15:44:33+08:00,ONLINE,False,,CW_1_01,PASS,,,51.2948514,_2026040315443350602,T20260403154433,DESKTOP-P2DUL42,Loma,1,CW_1_01,2,paul di,2024.0718.155524,V20260126.2,CW_DTCL_DTCR_STC,T20260403154524,51.2948514,True,True,True,True,True,True,True,4S2RND2HBL06DS,v1.0.1,2025_12_22,315.403,322.0075,475.5338,301.0827,296.34,151.4667,150.1862,341.8759,334.7388,487.1045,-5.0596,1.2074,-0.0001,0.0,-0.2294,1.559,-0.2192,1.5537,0.666,155.9678,152.0547,150.4092,155.9492,153.5952,0.8257,0.7969,0.8271,0.7552,0.7552,0.7837,0.7701,0.781,0.7393,0.7393,0.8059,0.8256,0.818,0.7648,0.7627,0.7103,0.7422,0.6881,0.6881,0.8126,0.98,0.8126,0.7931,0.7931,0.8496,0.7383,0.7213,0.8311,0.8161,0.7729,0.7811,0.7663,0.7213,0,0,0,0,0,v1.0.1,2025_12_22,315.2647,322.1103,476.6296,301.0815,296.0733,150.4933,149,342,334.8768,488.1522,-5.1311,1.2675,-0.0001,0.0,-0.2291,1.5589,-0.2185,1.5527,0.666,163.6289,159.2139,165.0957,164.9561,163.2236,0.6864,0.6715,0.6865,0.6829,0.6715,0.6553,0.6309,0.646,0.6479,0.6309,0.6392,0.651,0.6464,0.6411,0.6224,0.6401,0.6234,0.6133,0.6133,0.6697,0.3931,0.677,0.668,0.3931,0.6526,0.635,0.6046,0.6695,0.6738,0.6818,0.6707,0.6216,0.6046,0,0,0,0,0,v1.0.1,2025_12_22,314.0476,314.3714,439.1532,299.7117,300.5902,183.8607,186.3,329.0167,328.1053,443.9474,-5.8608,-5.3184,-0.0001,-0.0001,-0.2161,1.5675,-0.2136,1.5622,0.675,174.8789,174.208,172.501,175.2705,174.2146,0.8012,0.6907,0.7875,0.6677,0.6677,0.7488,0.6774,0.7579,0.6521,0.6521,0.7895,0.7723,0.7688,0.7071,0.7071,0.7255,0,0.7265,0.6755,0.6755,0,0,0,0,0,v1.0.1,2025_12_22,314.0476,314.3714,439.9,299.7182,300.3884,183.0909,185.3802,329.2397,328.2203,444.8475,-5.9127,-5.2465,-0.0001,-0.0001,-0.2154,1.5666,-0.2145,1.5621,0.6747,148.8516,143.6777,142.7783,146.6865,145.4985,0.6641,0.5923,0.6578,0.5922,0.5922,0.6341,0.5804,0.6131,0.5708,0.5708,0.6253,0.6366,0.6432,0.6087,0.6087,0.5842,0.4792,0.5738,0.5591,0.4792,0,0,0,0,0,-0.0047,-0.0566,-0.014,-0.0657,-0.0657,0.0032,-0.0511,-0.0166,-0.0438,-0.0412,-0.0135,0.011,0.0098,-0.0041,-0.0679,-0.1182,-0.0499,-0.0677,0.0208,-0.0047,-0.0063,-0.0391,-0.006,-0.0246,-0.021,-0.0115,-0.0484,0.0033,-0.0244,-0.0118,-0.0117,0.0056,-0.0101,0.0002,-0.0409,-0.0332,-0.0352,-0.0164,0.0041,-0.009,0.0119,-0.1261,-0.0148,-0.1207,-0.1207,0.0024,-0.0989,0.0012,-0.0975,-0.0943,0.0192,0.0103,0.011,0.0068,0.0015,-0.0086,0.0089,-0.0807,-0.0142,-0.0878,-0.063,-0.0052,-0.0739,-0.014,-0.0626,-0.0563,-0.0132,-0.0001,0,0.012,0.012,0.0051,-0.0049,True,True
DTC_R_36,LanSi,1,CW_01,A,2026-04-03 15:44:33+08:00,ONLINE,False,,CW_1_01,PASS,,,51.4250589,_2026040315443339101,T20260403154433,DESKTOP-P2DUL42,Loma,1,CW_1_01,1,paul di,2024.0718.155524,V20260126.2,CW_DTCL_DTCR_STC,T20260403154524,51.4250589,True,True,True,True,True,True,True,4S2RND2HBL0DP6,v1.0.1,2025_12_22,315,317.9137,474.8015,298.1765,295.5822,148.3973,149.6533,338.2333,335.1844,485.6312,-5.4557,-1.8296,-0.0001,-0.0,-0.2224,1.5562,-0.2218,1.5505,0.6657,157.1719,154.418,153.9141,157.1172,155.6553,0.866,0.8346,0.8817,0.8388,0.8346,0.8209,0.792,0.8246,0.785,0.785,0.8233,0.8146,0.8219,0.8194,0.7525,0.788,0.743,0.7593,0.743,0.8372,0.768,0.7914,0.9489,0.768,0.8407,0.7233,0.7938,0.8047,0.8192,0.8259,0.7876,0.8347,0.7233,0,0,0,0,0,v1.0.1,2025_12_22,315,317.9137,475.9353,298.0647,295.4257,147.3649,148.457,338.3974,335.3636,486.5105,-5.4637,-1.8498,-0.0001,-0.0,-0.2222,1.556,-0.2219,1.5501,0.6655,165.2578,159.9053,168.707,167.8857,165.439,0.7045,0.6988,0.7156,0.7035,0.6988,0.6809,0.6725,0.6766,0.659,0.659,0.6556,0.6517,0.6593,0.6523,0.6387,0.6527,0.6089,0.6364,0.6089,0.6802,0.6327,0.6615,0.3255,0.3255,0.6348,0.6233,0.6714,0.6735,0.6452,0.6063,0.6446,0.668,0.6063,0,0,0,0,0,v1.0.1,2025_12_22,317.3028,329.3761,441.5702,314.4298,302.879,196.629,188.878,343.6667,331.7232,457.75,-3.0294,8.8703,-0.0,0.0001,-0.2192,1.562,-0.2103,1.5584,0.6727,176.5869,176.6426,176.5996,178.0039,176.9583,0.8147,0.7174,0.8171,0.7285,0.7174,0.7709,0.6899,0.7821,0.6654,0.6654,0.7799,0.7657,0.7657,0.7492,0.7492,0.736,0.6767,0.7169,0,0.6767,0,0,0,0,0,v1.0.1,2025_12_22,317.3578,329.4679,442.5478,314.3826,302.8065,195.871,187.9496,343.8319,331.8919,458.6216,-2.9893,8.935,-0.0,0.0001,-0.2194,1.5618,-0.21,1.5582,0.6726,148.7363,143.9531,145.5273,146.8281,146.2612,0.6679,0.6036,0.6729,0.6253,0.6036,0.6422,0.5974,0.6498,0.5832,0.5832,0.6358,0.6357,0.6397,0.6321,0.6321,0.6011,0.5502,0.5706,0.4609,0.4609,0,0,0,0,0,-0.0049,-0.0479,0.0071,-0.0334,-0.0363,-0.0091,-0.0222,0.0088,-0.0563,-0.0292,-0.0033,0.0014,0.0103,0.0019,-0.0656,-0.029,-0.0571,-0.0806,-0.0053,-0.0068,-0.0088,-0.0161,0.0072,-0.0105,-0.0096,-0.0052,-0.0049,0.0035,-0.0283,-0.0141,0.0123,0.0075,0.002,-0.0162,-0.0104,-0.0077,-0.0287,-0.0049,-0.0104,0.0069,0.0003,-0.1177,0.0069,-0.1017,-0.0928,-0.0109,-0.0929,0.0078,-0.1109,-0.1089,0.008,-0.0108,0.0043,0.0014,-0.0103,-0.013,-0.0051,-0.0653,0.0002,-0.0587,-0.0653,-0.0074,-0.0573,-0.0003,-0.0647,-0.0647,0.0011,-0.0072,-0.0099,-0.001,-0.001,0.0022,-0.0019,True,True
DTC_R_37,LanSi,1,CW_01,B,2026-04-03 15:45:57+08:00,ONLINE,False,,CW_1_01,PASS,,,51.6579526,_2026040315455702501,T20260403154557,DESKTOP-P2DUL42,Loma,1,CW_1_01,1,paul di,2024.0718.155524,V20260126.2,CW_DTCL_DTCR_STC,T20260403154648,51.6579526,True,True,True,True,True,True,True,4S2RND2HBL0DP6,v1.0.1,2025_12_22,315.3261,317.4058,475.5489,298,295.8966,149.1862,149.755,337.6093,336,486.4145,-4.9947,-1.7769,-0.0,-0.0,-0.22,1.5553,-0.2209,1.5486,0.6657,157.5088,155.4121,154.5029,157.4629,156.2217,0.8583,0.7859,0.8726,0.7597,0.7597,0.8257,0.7502,0.8207,0.7911,0.7502,0.8276,0.819,0.8208,0.8177,0.74,0.7387,0.7936,0.7906,0.7387,0.8192,0.8005,0.7923,0.6557,0.6557,0.8413,0.7751,0.7568,0.8101,0.7764,0.4307,0.8523,0.848,0.4307,0,0,0,0,0,v1.0.1,2025_12_22,315.3617,317.3972,476.6765,297.9632,295.8889,148.1389,148.6078,337.6667,336,487.4145,-4.993,-1.7839,-0.0,-0.0,-0.2194,1.5557,-0.2204,1.5495,0.6663,165.9277,160.1855,168.8994,168.3086,165.8303,0.6912,0.6662,0.7139,0.6582,0.6582,0.6834,0.6339,0.6608,0.6669,0.6339,0.6567,0.6556,0.6553,0.6587,0.6211,0.6349,0.6212,0.635,0.6211,0.6696,0.6641,0.653,0.1876,0.1876,0.6514,0.6545,0.6543,0.6646,0.6588,0.6091,0.6446,0.6685,0.6091,0,0,0,0,0,v1.0.1,2025_12_22,317.7981,329.0481,442.3784,314.1712,303.24,197.12,189.122,343.3333,332.2609,457.5043,-2.5401,8.7354,-0.0,0.0001,-0.2183,1.5604,-0.21,1.5582,0.6725,177.2832,177.5312,177.0576,178.7168,177.6472,0.808,0.6434,0.8304,0.643,0.643,0.7815,0.63,0.7794,0.6933,0.63,0.7829,0.775,0.7748,0.7667,0.7667,0.736,0.6631,0.7193,0,0.6631,0,0,0,0,0,v1.0.1,2025_12_22,317.7115,329,443.2364,314.0727,303.1789,196.1789,188.2131,343.3115,332.4017,458.4103,-2.5517,8.6947,-0.0,0.0001,-0.2178,1.5613,-0.2096,1.5572,0.6728,149.4561,144.1357,145.6172,147.3584,146.6418,0.6699,0.5627,0.67,0.5624,0.5624,0.6337,0.5554,0.6526,0.5899,0.5554,0.6289,0.6464,0.6327,0.6432,0.6289,0.5955,0.57,0.5825,0.382,0.382,0,0,0,0,0,-0.0126,-0.0966,-0.002,-0.1125,-0.1112,-0.0043,-0.064,0.0049,-0.0502,-0.064,0.001,0.0058,0.0092,0.0002,-0.0781,-0.0783,-0.0065,-0.0493,-0.0233,-0.0059,-0.0221,-0.0487,0.0055,-0.0558,-0.0502,-0.0027,-0.0435,-0.0123,-0.0204,-0.0392,0.0134,0.0114,-0.002,-0.0098,-0.028,-0.0255,-0.0164,-0.0063,-0.021,-0.0016,-0.0064,-0.1917,0.0202,-0.1872,-0.1672,-0.0003,-0.1528,0.0051,-0.083,-0.1443,0.011,-0.0015,0.0134,0.0189,-0.0103,-0.0106,-0.0031,-0.1062,-0.0027,-0.1216,-0.1065,-0.0159,-0.0993,0.0025,-0.058,-0.0925,-0.0058,0.0035,-0.0169,0.0101,-0.0042,-0.0034,0.01,True,True
DTC_L_37,LanSi,1,CW_01,B,2026-04-03 15:45:57+08:00,ONLINE,False,,CW_1_01,PASS,,,51.5392703,_2026040315455714502,T20260403154557,DESKTOP-P2DUL42,Loma,1,CW_1_01,2,paul di,2024.0718.155524,V20260126.2,CW_DTCL_DTCR_STC,T20260403154648,51.5392703,True,True,True,True,True,True,True,4S2RND2HBL06DS,v1.0.1,2025_12_22,314.3556,323,474.2409,302.5985,294.9597,152.255,148.5789,342.7895,333.6259,489.4964,-6.3478,2.5279,-0.0001,0.0,-0.2264,1.5572,-0.2183,1.5551,0.6669,156.2969,152.4355,150.1416,155.9258,153.7,0.8224,0.7796,0.8293,0.7937,0.7796,0.7805,0.7648,0.8029,0.753,0.753,0.8158,0.8278,0.8203,0.7697,0.7528,0.741,0.7751,0.7015,0.7015,0.8018,0.98,0.8162,0.8318,0.8018,0.8563,0.8136,0.7808,0.8542,0.8242,0.8335,0.7876,0.7549,0.7549,0,0,0,0,0,v1.0.1,2025_12_22,314.292,323,475.3571,302.4286,294.88,151.3667,147.457,343.0132,333.7606,490.5,-6.3507,2.5617,-0.0001,0.0,-0.2265,1.5577,-0.2189,1.5546,0.6667,165.2705,160.5938,166.5186,165.9814,164.5911,0.6765,0.672,0.6998,0.6882,0.672,0.6492,0.6447,0.6455,0.6551,0.6447,0.6593,0.6556,0.6565,0.623,0.6263,0.6397,0.6402,0.6185,0.6185,0.6663,0.4111,0.684,0.6958,0.4111,0.6602,0.6629,0.6371,0.6853,0.6809,0.684,0.6676,0.6224,0.6224,0,0,0,0,0,v1.0.1,2025_12_22,313.0476,315.3714,437.991,301.1081,299.1864,184.5593,184.7917,329.95,327.0862,445.7759,-7.0794,-4.1471,-0.0001,-0.0,-0.2131,1.5647,-0.2127,1.563,0.6755,175.334,174.8389,172.7715,175.375,174.5798,0.8034,0.6844,0.8007,0.6844,0.6844,0.7474,0.6604,0.7607,0.6641,0.6604,0.7905,0.7822,0.7802,0.6884,0.6884,0.7094,0,0.7378,0.7526,0.7094,0,0,0,0,0,v1.0.1,2025_12_22,313.0865,315.2212,438.7658,300.8739,299,183.8974,183.8934,329.9508,327.3103,446.5,-7.0888,-4.2113,-0.0001,-0.0,-0.2131,1.5634,-0.213,1.5624,0.6749,149.8057,144.7676,143.9521,147.5928,146.5295,0.6598,0.5813,0.6694,0.6052,0.5813,0.6368,0.575,0.624,0.5775,0.575,0.6281,0.6341,0.6494,0.6125,0.6125,0.5666,0.5495,0.5843,0.5736,0.5495,0,0,0,0,0,-0.008,-0.0739,-0.0118,-0.0272,-0.0413,0,-0.0564,0.0053,-0.0301,-0.0275,-0.0036,0.0132,0.0121,0.0008,-0.0778,-0.0875,-0.017,-0.0543,0.01,-0.0011,-0.0162,-0.0386,0.0073,-0.0193,-0.0205,-0.0176,-0.0346,0.0028,-0.0172,0.002,0.0084,0.0102,0,-0.0179,-0.037,-0.0336,-0.0184,-0.0112,0.0007,-0.002,0.0141,-0.1324,-0.0016,-0.104,-0.104,0.001,-0.1159,0.004,-0.0855,-0.086,0.0202,0.0202,0.0224,-0.0119,-0.0146,0.0027,0.0046,-0.0917,-0.0026,-0.0748,-0.0739,-0.0025,-0.0793,-0.0031,-0.0559,-0.0521,-0.0104,-0.0026,0.0062,0.0158,0.0158,-0.0125,0.0056,True,True
DTC_R_38,LanSi,1,CW_01,C,2026-04-03 15:47:26+08:00,ONLINE,False,,CW_1_01,PASS,,,51.7807885,_2026040315472605601,T20260403154726,DESKTOP-P2DUL42,Loma,1,CW_1_01,1,paul di,2024.0718.155524,V20260126.2,CW_DTCL_DTCR_STC,T20260403154817,51.7807885,True,True,True,True,True,True,True,4S2RND2HBL0DP6,v1.0.1,2025_12_22,315.6439,318.7348,475.8456,299.6691,295.9103,151.669,149.7267,338.4867,336.1892,487.5,-4.8369,-0.2881,-0.0,-0.0,-0.2179,1.5527,-0.218,1.5491,0.6665,156.917,154.0107,154.0127,157.1377,155.5195,0.872,0.7938,0.87,0.7837,0.7837,0.8153,0.7501,0.8178,0.7715,0.7501,0.7773,0.8041,0.8028,0.8213,0.6829,0.7733,0.7976,0.7722,0.6829,0.8494,0.8164,0.7852,0.1529,0.1529,0.8488,0.7921,0.8055,0.8137,0.5134,0.0864,0.98,0.8281,0.0864,0,0,0,0,0,v1.0.1,2025_12_22,315.5929,318.5929,476.8321,299.4526,295.8836,150.6301,148.5705,338.604,336.1765,488.5425,-4.8889,-0.3356,-0.0,-0.0,-0.2176,1.5535,-0.2187,1.5498,0.6667,165.7344,160.4248,169.4287,168.9238,166.1279,0.7085,0.6645,0.6946,0.6763,0.6645,0.6809,0.6479,0.6666,0.6557,0.6479,0.6396,0.6519,0.6441,0.6497,0.5891,0.6599,0.6244,0.6235,0.5891,0.6742,0.6701,0.6664,0.3104,0.3104,0.6604,0.6668,0.6566,0.6598,0.5439,0.1769,0.6545,0.6972,0.1769,0,0,0,0,0,v1.0.1,2025_12_22,317.9057,329.8491,442.5478,315.3826,303.3089,198.8943,189.1855,343.9516,332.4711,458.1074,-2.4162,9.737,-0.0,0.0001,-0.215,1.5593,-0.2086,1.5572,0.6732,176.4336,176.0947,176.7578,178.1016,176.8469,0.8267,0.6449,0.8203,0.6427,0.6427,0.7769,0.6792,0.7825,0.6841,0.6792,0.7814,0.7797,0.7691,0.743,0.743,0.7506,0.7014,0.7253,0,0.7014,0,0,0,0,0,v1.0.1,2025_12_22,317.8077,329.9615,443.4144,315.2793,303.2787,198,188.2542,344.1356,332.582,458.9508,-2.4326,9.7654,-0.0,0.0001,-0.2158,1.5606,-0.2085,1.5562,0.6731,149.3789,144.0312,145.7119,147.5059,146.657,0.6757,0.5562,0.6711,0.572,0.5562,0.6417,0.5949,0.6517,0.5763,0.5763,0.6292,0.6522,0.6399,0.6493,0.6292,0.5962,0.5765,0.5741,0,0.5741,0,0,0,0,0,0.0011,-0.0887,-0.0046,-0.0885,-0.0872,-0.0147,-0.0641,0.002,-0.0698,-0.0641,-0.0493,-0.0091,-0.0088,0.0038,-0.1352,-0.0437,-0.0025,-0.0677,0.0069,-0.013,-0.0048,-0.0504,-0.0138,-0.0377,-0.0439,-0.0052,-0.0295,-0.0065,-0.0316,-0.0252,-0.0037,0.0077,-0.0132,-0.0188,-0.06,-0.0005,-0.0132,-0.0178,-0.0164,0.0118,0.0123,-0.1902,0.0101,-0.1875,-0.1675,-0.0049,-0.1036,0.0082,-0.0922,-0.0951,0.0095,0.0032,0.0077,-0.0048,0.0043,-0.0046,0.0027,-0.1127,-0.0016,-0.112,-0.1127,-0.0079,-0.0598,0.0016,-0.0716,-0.0716,-0.0055,0.0093,-0.0097,0.0162,-0.0039,-0.0027,0.0016,True,True
DTC_L_38,LanSi,1,CW_01,C,2026-04-03 15:47:26+08:00,ONLINE,False,,CW_1_01,PASS,,,51.7698179,_2026040315472605602,T20260403154726,DESKTOP-P2DUL42,Loma,1,CW_1_01,2,paul di,2024.0718.155524,V20260126.2,CW_DTCL_DTCR_STC,T20260403154817,51.7698179,True,True,True,True,True,True,True,4S2RND2HBL06DS,v1.0.1,2025_12_22,314.2148,322.7778,474.2222,302.0889,294.8487,151.8816,148.543,342.6026,333.4143,489.4714,-6.4514,2.2645,-0.0001,0.0,-0.2281,1.5574,-0.2186,1.5556,0.6666,156.2637,152.1738,150.2725,155.7598,153.6174,0.8187,0.7902,0.8331,0.7868,0.7868,0.7725,0.7587,0.7952,0.7599,0.7587,0.8261,0.8182,0.8076,0.7685,0.7414,0.7409,0.7747,0.7144,0.7144,0.8055,0.98,0.8229,0.8499,0.8055,0.8437,0.7952,0.7504,0.8391,0.8243,0.8133,0.8134,0.773,0.7504,0,0,0,0,0,v1.0.1,2025_12_22,314.2148,322.7778,475.292,302,294.7338,150.8961,147.3841,342.649,333.7203,490.4755,-6.431,2.2597,-0.0001,0.0,-0.2278,1.5574,-0.218,1.5545,0.6665,163.8477,159.2773,165.1924,164.7227,163.26,0.6845,0.675,0.6828,0.6852,0.675,0.6706,0.632,0.6482,0.6621,0.632,0.6456,0.6484,0.6537,0.6325,0.6263,0.6281,0.6396,0.6128,0.6128,0.6623,0.3851,0.683,0.6952,0.3851,0.6518,0.6547,0.6288,0.6893,0.681,0.6791,0.6745,0.631,0.6288,0,0,0,0,0,v1.0.1,2025_12_22,313.1923,314.9615,438.0909,300.6455,299.25,184.3083,184.8145,329.6371,327.2288,445.6525,-6.9847,-4.459,-0.0001,-0.0,-0.2136,1.564,-0.2133,1.5633,0.6751,174.9492,174.3418,172.1309,174.7266,174.0371,0.8011,0.6815,0.8087,0.6856,0.6815,0.7526,0.6456,0.7597,0.6965,0.6456,0.7818,0.7726,0.775,0.6975,0.6975,0.7187,0,0.7099,0.7175,0.7099,0,0,0,0,0,v1.0.1,2025_12_22,313.1154,314.8846,438.7788,300.469,299.0684,183.4274,183.952,329.6,327.359,446.4872,-7.0453,-4.5264,-0.0001,-0.0,-0.2137,1.5638,-0.2129,1.5625,0.6749,148.6055,143.7471,142.8994,146.3711,145.4058,0.6631,0.5819,0.6731,0.6017,0.5819,0.6348,0.5589,0.6158,0.6033,0.5589,0.6376,0.6401,0.641,0.6164,0.6164,0.5653,0.5075,0.5924,0.5728,0.5075,0,0,0,0,0,-0.0117,-0.0633,-0.008,-0.0341,-0.0341,-0.008,-0.0625,-0.0024,-0.0232,-0.0218,0.0067,0.0036,-0.0006,-0.0004,-0.0892,-0.0876,-0.0174,-0.0414,0.0137,0.0056,-0.0082,-0.0356,-0.0097,-0.0223,-0.0175,0.0038,-0.0473,0.0055,-0.0102,-0.0107,-0.0053,0.003,-0.0028,-0.0084,-0.037,-0.0452,-0.019,-0.0169,-0.0033,-0.003,0.0118,-0.1353,0.0064,-0.1028,-0.1069,0.0062,-0.1307,0.003,-0.0531,-0.1008,0.0115,0.0106,0.0172,-0.0028,-0.0053,-0.0252,0.0079,-0.0911,0.0011,-0.0783,-0.0733,-0.0045,-0.0954,-0.0113,-0.0301,-0.0682,-0.0009,0.0034,-0.0022,0.0197,0.0197,-0.0138,0.0137,True,True
DTC_R_39,LanSi,1,CW_01,A,2026-04-03 15:49:01+08:00,ONLINE,False,,CW_1_01,PASS,,,51.6040393,_2026040315490119401,T20260403154901,DESKTOP-P2DUL42,Loma,1,CW_1_01,1,paul di,2024.0718.155524,V20260126.2,CW_DTCL_DTCR_STC,T20260403154952,51.6040393,True,True,True,True,True,True,True,4S2RND2HBL0DP6,v1.0.1,2025_12_22,315.4504,316.9084,475.5111,297.4,295.9577,148.9789,149.6533,336.7667,335.8456,485.2617,-5.0164,-2.4369,-0.0001,-0.0,-0.2208,1.5547,-0.2187,1.5497,0.6662,157.3428,155.2539,154.5029,157.2734,156.0933,0.865,0.7872,0.8719,0.7811,0.7811,0.8154,0.7564,0.8177,0.7602,0.7564,0.8187,0.8059,0.8066,0.7926,0.7276,0.7501,0.8051,0.7864,0.7276,0.8316,0.7957,0.7684,0.3384,0.3384,0.8452,0.7423,0.7658,0.8078,0.7903,0.6945,0.8127,0.8583,0.6945,0,0,0,0,0,v1.0.1,2025_12_22,315.3037,316.9185,476.6838,297.1912,295.8828,147.9172,148.604,336.9195,336,486.4145,-5.0051,-2.4278,-0.0001,-0.0,-0.2211,1.5559,-0.2189,1.5488,0.6662,163.2168,157.0166,165.6113,166.1318,162.9941,0.6973,0.6676,0.7111,0.6645,0.6645,0.6858,0.645,0.665,0.6374,0.6374,0.66,0.6534,0.6585,0.6532,0.6135,0.6267,0.6166,0.6327,0.6135,0.6781,0.629,0.6348,0.0914,0.0914,0.6423,0.6485,0.6501,0.658,0.6581,0.5251,0.626,0.66,0.5251,0,0,0,0,0,v1.0.1,2025_12_22,317.6602,328.0194,442.2679,313.2679,303.296,196.808,189.0574,342.3115,332.1062,456.3805,-2.6225,7.8575,-0.0,0.0001,-0.2173,1.5612,-0.2102,1.5582,0.673,177.0469,177.4082,177.1172,178.5371,177.5273,0.8131,0.6352,0.8278,0.6569,0.6352,0.7725,0.6225,0.7884,0.6705,0.6225,0.7851,0.7727,0.7578,0.7457,0.7457,0.7447,0.6475,0.725,0,0.6475,0,0,0,0,0,v1.0.1,2025_12_22,317.7238,328.219,443.1636,313.2727,303.0826,196.0413,188.0407,342.4715,332.1293,457.2759,-2.672,7.9561,-0.0,0.0001,-0.2181,1.56,-0.2089,1.5591,0.673,147.1318,141.0205,142.748,145.1562,144.0142,0.6713,0.5614,0.6814,0.5855,0.5614,0.637,0.5417,0.6559,0.5614,0.5417,0.6489,0.6468,0.6495,0.6316,0.6316,0.5935,0.5489,0.5736,0.2887,0.2887,0,0,0,0,0,-0.0059,-0.0953,-0.0027,-0.0911,-0.0898,-0.0146,-0.0578,0.0019,-0.0811,-0.0578,-0.0079,-0.0073,-0.005,-0.0249,-0.0905,-0.0669,0.005,-0.0535,-0.0109,-0.0298,-0.016,-0.0473,0.0027,-0.0495,-0.0439,-0.0003,-0.0324,-0.0081,-0.0499,-0.0357,0.0167,0.0092,0.0012,-0.0153,-0.0356,-0.0337,-0.021,-0.0086,-0.0125,-0.0198,-0.0013,-0.1999,0.0176,-0.1733,-0.175,-0.0093,-0.1603,0.0141,-0.1058,-0.1518,0.0132,-0.0038,-0.0036,-0.0021,-0.0016,-0.0049,-0.0017,-0.1075,0.0087,-0.0985,-0.1075,-0.0126,-0.113,0.0058,-0.0865,-0.1062,0.0142,0.0039,-0.0001,-0.0015,-0.0015,-0.0054,0.0011,True,True
DTC_L_39,LanSi,1,CW_01,A,2026-04-03 15:49:01+08:00,ONLINE,False,,CW_1_01,PASS,,,51.600049,_2026040315490119302,T20260403154901,DESKTOP-P2DUL42,Loma,1,CW_1_01,2,paul di,2024.0718.155524,V20260126.2,CW_DTCL_DTCR_STC,T20260403154952,51.600049,True,True,True,True,True,True,True,4S2RND2HBL06DS,v1.0.1,2025_12_22,314.4511,322,474.3037,301.2074,294.9801,151.457,148.596,341.5894,333.6312,488.4752,-6.3076,1.4458,-0.0001,0.0,-0.2288,1.5566,-0.2171,1.5556,0.6666,156.4971,152.3975,150.8164,155.7588,153.8674,0.8217,0.7872,0.8362,0.7809,0.7809,0.7796,0.7362,0.7841,0.7537,0.7362,0.8289,0.8102,0.829,0.766,0.727,0.7177,0.7829,0.7143,0.7143,0.7942,0.98,0.8141,0.8517,0.7942,0.86,0.7614,0.7429,0.8333,0.8301,0.8146,0.8101,0.7867,0.7429,0,0,0,0,0,v1.0.1,2025_12_22,314.3704,321.9704,475.4848,301.0833,294.9408,150.4342,147.6093,341.755,333.7606,489.5,-6.2668,1.4486,-0.0001,0.0,-0.2284,1.5575,-0.2176,1.5551,0.6666,163.208,159.293,165.1562,164.0654,162.9307,0.6733,0.6618,0.6916,0.6928,0.6618,0.6509,0.6157,0.6459,0.6543,0.6157,0.6386,0.6345,0.653,0.6487,0.6133,0.6188,0.6318,0.5944,0.5944,0.6583,0.4843,0.6765,0.6859,0.4843,0.6559,0.6414,0.6131,0.6698,0.6925,0.6733,0.6751,0.6356,0.6131,0,0,0,0,0,v1.0.1,2025_12_22,313.1714,314.2476,438.0901,299.8919,299.3223,183.876,184.95,328.7333,327.3103,444.5,-6.9312,-5.2502,-0.0001,-0.0001,-0.2139,1.5644,-0.212,1.5622,0.6752,175.6348,174.8047,173.3467,175.5205,174.8267,0.7809,0.6646,0.7991,0.6696,0.6646,0.7403,0.6359,0.7544,0.6657,0.6359,0.7808,0.7848,0.7746,0.7149,0.7149,0.7226,0,0.7287,0.7284,0.7226,0,0,0,0,0,v1.0.1,2025_12_22,313.0865,314.2212,438.8739,299.7658,299.1917,182.975,184,328.8992,327.4068,445.5,-6.9882,-5.2278,-0.0001,-0.0001,-0.2139,1.5648,-0.2127,1.5616,0.675,148.0605,143.7783,142.9043,145.8447,145.147,0.6585,0.5723,0.6648,0.5976,0.5723,0.6313,0.5307,0.6156,0.5951,0.5307,0.6324,0.6427,0.6423,0.6185,0.6185,0.5873,0.5182,0.5906,0.5965,0.5182,0,0,0,0,0,-0.0087,-0.0663,-0.0049,-0.04,-0.04,-0.0009,-0.085,-0.0135,-0.0294,-0.0443,0.0095,-0.0044,0.0208,-0.0029,-0.1036,-0.1108,-0.0092,-0.0415,0.0024,-0.0032,-0.0194,-0.0488,-0.0009,-0.0147,-0.0307,-0.0159,-0.0636,0.0032,-0.018,-0.027,-0.0123,-0.0109,-0.0035,0.0078,-0.05,-0.0545,-0.0268,-0.0353,-0.0073,-0.0095,-0.0084,-0.1522,-0.0032,-0.1188,-0.1238,-0.0061,-0.1404,-0.0023,-0.0839,-0.1105,0.0105,0.0228,0.0168,0.0146,-0.0014,-0.0064,0.0033,-0.1007,-0.0072,-0.0824,-0.0829,-0.008,-0.1236,-0.0115,-0.0383,-0.0964,-0.0061,0.006,-0.0009,0.0218,0.0218,0.0082,0.0119,True,True
DTC_L_40,LanSi,1,CW_01,B,2026-04-03 15:50:27+08:00,ONLINE,False,,CW_1_01,PASS,,,51.4615407,_2026040315502735302,T20260403155027,DESKTOP-P2DUL42,Loma,1,CW_1_01,2,paul di,2024.0718.155524,V20260126.2,CW_DTCL_DTCR_STC,T20260403155118,51.4615407,True,True,True,True,True,True,True,4S2RND2HBL06DS,v1.0.1,2025_12_22,314.2222,323.8667,474.1739,303.3333,294.94,152.6533,148.4145,343.8289,333.6241,490.617,-6.4251,3.3599,-0.0001,0.0,-0.2272,1.5581,-0.2193,1.5544,0.6665,156.8027,152.626,150.6689,155.6504,153.937,0.8174,0.791,0.8276,0.7958,0.791,0.7586,0.7584,0.7901,0.7536,0.7536,0.8136,0.8118,0.8179,0.7703,0.7536,0.7361,0.7658,0.7073,0.7073,0.8078,0.98,0.8213,0.85,0.8078,0.8467,0.7984,0.777,0.8442,0.8364,0.8178,0.7984,0.7651,0.7651,0,0,0,0,0,v1.0.1,2025_12_22,314.2117,323.7883,475.3235,303.1618,294.8618,151.6513,147.3667,344,333.7817,491.6479,-6.3909,3.3499,-0.0001,0.0,-0.2268,1.5583,-0.22,1.5542,0.6664,164.6816,160.5107,166.7148,165.4697,164.3442,0.6851,0.6782,0.6837,0.6925,0.6782,0.6561,0.6367,0.6494,0.6526,0.6367,0.6521,0.6593,0.6659,0.6312,0.6435,0.6197,0.6394,0.624,0.6197,0.6587,0.5167,0.6739,0.687,0.5167,0.6443,0.6649,0.6402,0.6765,0.6823,0.6872,0.677,0.612,0.612,0,0,0,0,0,v1.0.1,2025_12_22,313.0288,316.0481,438,301.7455,299.0826,185.0413,184.6777,330.6777,327.1271,446.8305,-7.1167,-3.4314,-0.0001,-0.0,-0.2134,1.5642,-0.213,1.5629,0.6752,175.9766,174.8359,173.1318,175.1494,174.7734,0.7885,0.6945,0.8109,0.6728,0.6728,0.7453,0.6582,0.7482,0.6712,0.6582,0.7837,0.7877,0.7615,0.7044,0.7044,0.7209,0,0.7279,0.7204,0.7204,0,0,0,0,0,v1.0.1,2025_12_22,313.0762,315.9238,438.7411,301.6339,299.0756,184.1765,183.8033,330.9098,327.325,447.6583,-7.0958,-3.4395,-0.0001,-0.0,-0.2127,1.5644,-0.2149,1.5625,0.6748,149.7002,144.7891,144.0439,147.4229,146.489,0.6601,0.5888,0.6725,0.6108,0.5888,0.6216,0.5563,0.6154,0.5921,0.5563,0.6322,0.6283,0.6538,0.6032,0.6032,0.5659,0.5456,0.5829,0.5788,0.5456,0,0,0,0,0,-0.013,-0.0625,-0.0135,-0.0251,-0.0299,-0.0219,-0.0628,-0.0075,-0.0295,-0.0269,-0.0058,-0.0028,0.0097,0.0014,-0.077,-0.0924,-0.0263,-0.0485,0.016,0.004,-0.0076,-0.0324,-0.0088,-0.015,-0.0143,-0.0107,-0.0426,0.0067,-0.0197,-0.006,0.0012,0.0139,0.0094,-0.0097,-0.0198,-0.0536,-0.0192,-0.0057,-0.0069,-0.0121,-0.0008,-0.1223,0.0086,-0.1156,-0.1156,-0.0011,-0.1181,-0.0085,-0.0784,-0.0882,0.0134,0.0257,0.0037,0.0041,-0.0031,-0.0072,0.0049,-0.0842,0.0005,-0.0692,-0.0664,-0.0177,-0.098,-0.0117,-0.0413,-0.0708,-0.0063,-0.0084,0.0106,0.0065,0.0065,-0.0132,0.0042,True,True
DTC_R_40,LanSi,1,CW_01,B,2026-04-03 15:50:27+08:00,ONLINE,False,,CW_1_01,PASS,,,51.6799575,_2026040315502712601,T20260403155027,DESKTOP-P2DUL42,Loma,1,CW_1_01,1,paul di,2024.0718.155524,V20260126.2,CW_DTCL_DTCR_STC,T20260403155118,51.6799575,True,True,True,True,True,True,True,4S2RND2HBL0DP6,v1.0.1,2025_12_22,315.1037,316.3556,474.8406,296.5,295.5503,147.3423,149.5,336.4133,335.292,484,-5.4427,-3.3778,-0.0001,-0.0,-0.2232,1.5551,-0.22,1.5504,0.6656,157.2012,154.6357,153.9805,157.4023,155.8049,0.8748,0.8309,0.8795,0.8419,0.8309,0.8278,0.7612,0.8179,0.7651,0.7612,0.8091,0.8219,0.8182,0.821,0.7244,0.692,0.7578,0.7019,0.692,0.8343,0.8009,0.7836,0.2833,0.2833,0.8345,0.7793,0.7906,0.8001,0.8116,0.857,0.7807,0.845,0.7793,0,0,0,0,0,v1.0.1,2025_12_22,315.1214,316.3643,475.8417,296.2878,295.3467,146.3467,148.4564,336.5168,335.35,485.0071,-5.4768,-3.3955,-0.0001,-0.0,-0.2238,1.5545,-0.2198,1.5509,0.6655,165.8281,160.9053,169.8691,168.6943,166.3242,0.6921,0.6897,0.7154,0.6922,0.6897,0.6859,0.6461,0.6727,0.6478,0.6461,0.6534,0.6505,0.6459,0.6675,0.6157,0.6155,0.6135,0.602,0.602,0.6687,0.6715,0.6513,0.3866,0.3866,0.6435,0.6547,0.6645,0.6743,0.6775,0.6642,0.6611,0.6829,0.6435,0,0,0,0,0,v1.0.1,2025_12_22,317.3396,327.934,441.7168,312.6814,302.7769,195.0661,188.6935,341.9597,331.9115,456,-3.0123,7.2282,-0.0,0.0001,-0.2215,1.5611,-0.2081,1.557,0.6721,177.0518,177.1484,177.1367,178.6328,177.4924,0.8127,0.7214,0.8273,0.7093,0.7093,0.7716,0.7173,0.7799,0.656,0.656,0.76,0.768,0.7633,0.745,0.745,0.755,0.6884,0.6993,0,0.6884,0,0,0,0,0,v1.0.1,2025_12_22,317.2885,328,442.4522,312.6174,302.7107,194.5702,187.8306,342.3387,331.9469,456.9204,-3.0542,7.3893,-0.0,0.0001,-0.2218,1.5615,-0.2098,1.5571,0.6717,149.5654,144.3711,146.3174,147.4297,146.9209,0.6698,0.6108,0.6824,0.6047,0.6047,0.6503,0.6126,0.6496,0.5579,0.5579,0.6304,0.6398,0.647,0.6276,0.6276,0.5972,0.5641,0.5666,0.481,0.481,0,0,0,0,0,0.0039,-0.0516,0.0049,-0.0303,-0.04,-0.0022,-0.053,0.0021,-0.0762,-0.053,-0.0175,0.0087,0.0066,0.0035,-0.0937,-0.125,-0.0423,-0.138,-0.0082,-0.0146,-0.0212,-0.0252,0.007,-0.0218,-0.0187,-0.0002,-0.0313,-0.0004,-0.0395,-0.027,0.0101,0.0063,-0.0114,-0.001,-0.0334,-0.0449,-0.0241,-0.0393,-0.0219,-0.0033,-0.0017,-0.1137,0.0171,-0.1209,-0.1009,-0.0102,-0.0655,0.0056,-0.1203,-0.1183,-0.0119,-0.0085,0.0019,-0.0028,0.0087,-0.0306,-0.0032,-0.0581,0.0097,-0.0793,-0.0642,0.0007,-0.0421,-0.0005,-0.09,-0.09,-0.0043,-0.0031,-0.0026,-0.0055,-0.0055,-0.0017,-0.0059,True,True
DTC_R_41,LanSi,1,CW_01,C,2026-04-03 15:51:58+08:00,ONLINE,False,,CW_1_01,PASS,,,51.6542658,_2026040315515882701,T20260403155158,DESKTOP-P2DUL42,Loma,1,CW_1_01,1,paul di,2024.0718.155524,V20260126.2,CW_DTCL_DTCR_STC,T20260403155250,51.6542658,True,True,True,True,True,True,True,4S2RND2HBL0DP6,v1.0.1,2025_12_22,315.1087,316.1739,474.7464,296.3551,295.5235,147.3221,149.5168,336.4564,335.1286,483.75,-5.4952,-3.4885,-0.0001,-0.0,-0.223,1.5548,-0.2214,1.5514,0.6655,157.0586,154.8369,154.3506,157.2373,155.8708,0.8712,0.839,0.8599,0.8388,0.8388,0.8226,0.7468,0.821,0.7592,0.7468,0.8205,0.8114,0.8191,0.8198,0.7705,0.7417,0.7552,0.7107,0.7107,0.8328,0.8116,0.7849,0.98,0.7849,0.8395,0.7814,0.7717,0.8032,0.7978,0.8574,0.7367,0.8586,0.7367,0,0,0,0,0,v1.0.1,2025_12_22,315.0429,316.1071,475.8029,296.2263,295.2953,146.3624,148.5,336.5867,335.2238,484.7832,-5.527,-3.4869,-0.0001,-0.0,-0.2225,1.5545,-0.2218,1.5512,0.6653,165.9346,160.1377,169.0693,168.5352,165.9192,0.7113,0.6976,0.7071,0.705,0.6976,0.6712,0.639,0.6718,0.6504,0.639,0.6468,0.6517,0.6651,0.661,0.6386,0.6354,0.6248,0.6037,0.6037,0.6741,0.6636,0.6637,0.1607,0.1607,0.6333,0.6491,0.6635,0.6545,0.6745,0.5951,0.6336,0.6843,0.5951,0,0,0,0,0,v1.0.1,2025_12_22,317.3636,327.7364,441.7411,312.5357,303.025,195.2333,188.9024,342,331.8333,455.8947,-2.9269,7.18,-0.0,0.0001,-0.2211,1.5625,-0.2101,1.5579,0.6723,177.1143,177.2637,177.168,178.4971,177.5107,0.8099,0.7341,0.8236,0.7225,0.7225,0.7725,0.6655,0.7729,0.6454,0.6454,0.7847,0.7711,0.7801,0.7469,0.7469,0.7524,0.6922,0.7159,0,0.6922,0,0,0,0,0,v1.0.1,2025_12_22,317.5,327.8868,442.4779,312.5487,302.8279,194.6803,188.0726,342.3468,331.8727,456.6727,-2.9498,7.3271,-0.0,0.0001,-0.2216,1.5606,-0.2107,1.5591,0.6718,149.1895,143.7314,145.374,146.8701,146.2913,0.6637,0.6175,0.6725,0.6213,0.6175,0.6508,0.5906,0.6405,0.5511,0.5511,0.627,0.6397,0.6463,0.6289,0.627,0.5942,0.5763,0.5825,0.3895,0.3895,0,0,0,0,0,0.0003,-0.0435,-0.0147,-0.0334,-0.0321,-0.0074,-0.0674,0.0052,-0.0821,-0.0674,-0.0061,-0.0018,0.0075,0.0023,-0.0476,-0.0753,-0.0449,-0.1292,-0.0097,-0.0133,-0.002,-0.0173,-0.0013,-0.009,-0.0108,-0.0149,-0.0384,-0.0013,-0.0369,-0.0341,0.0035,0.0075,0.0078,-0.0075,-0.0105,-0.025,-0.0128,-0.0376,-0.0165,0.0091,-0.0045,-0.101,0.0134,-0.1077,-0.0877,-0.0093,-0.1173,-0.0014,-0.1309,-0.1289,0.0128,-0.0054,0.0187,-0.0009,0.0061,-0.014,-0.0093,-0.0514,-0.0002,-0.0627,-0.0514,0.0012,-0.0641,-0.0096,-0.0968,-0.0968,-0.0077,-0.0032,-0.0033,-0.0042,-0.0061,-0.0047,0.01,True,True
DTC_L_41,LanSi,1,CW_01,C,2026-04-03 15:51:58+08:00,ONLINE,False,,CW_1_01,PASS,,,51.7769384,_2026040315515870802,T20260403155158,DESKTOP-P2DUL42,Loma,1,CW_1_01,2,paul di,2024.0718.155524,V20260126.2,CW_DTCL_DTCR_STC,T20260403155250,51.7769384,True,True,True,True,True,True,True,4S2RND2HBL06DS,v1.0.1,2025_12_22,315.5,321.6471,475.6889,300.3778,296.6429,149.9156,150.3087,341.5436,334.8686,487.8759,-4.8982,0.772,-0.0,0.0,-0.2315,1.5609,-0.2194,1.5543,0.6661,156.8809,152.6289,149.1035,156.5459,153.7898,0.8216,0.8044,0.8379,0.7789,0.7789,0.7563,0.76,0.7886,0.7436,0.7436,0.8252,0.8011,0.811,0.7613,0.7403,0.7534,0.7175,0.7084,0.7084,0.8218,0.5125,0.8297,0.8015,0.5125,0.8431,0.7383,0.7183,0.8396,0.8232,0.786,0.8008,0.7702,0.7183,0,0,0,0,0,v1.0.1,2025_12_22,315.5,321.6471,476.7391,300.2681,296.4,149.1419,149.0952,341.7619,335.0217,488.9565,-4.9488,0.8551,-0.0,0.0,-0.2313,1.56,-0.2198,1.5541,0.6658,162.8096,159.2383,163.9043,163.8135,162.4414,0.6923,0.6859,0.6953,0.6937,0.6859,0.6479,0.6288,0.6468,0.6454,0.6288,0.655,0.661,0.6457,0.6304,0.6211,0.6407,0.63,0.604,0.604,0.6789,0.4908,0.6899,0.6726,0.4908,0.6437,0.637,0.5975,0.6863,0.6749,0.6742,0.6689,0.6237,0.5975,0,0,0,0,0,v1.0.1,2025_12_22,314.3942,313.8846,439.3211,299.1376,300.8607,182.4426,186.437,328.605,328.5,444.5,-5.5974,-5.786,-0.0001,-0.0001,-0.217,1.5677,-0.214,1.5627,0.6748,175.8154,174.8984,171.3496,176.043,174.5266,0.7826,0.7116,0.8073,0.6794,0.6794,0.7351,0.6502,0.7464,0.6446,0.6446,0.768,0.7544,0.7624,0.6931,0.6931,0.7177,0,0.7284,0.662,0.662,0,0,0,0,0,v1.0.1,2025_12_22,314.3905,313.9143,440.1858,299.0442,300.6694,181.7769,185.3866,328.6975,328.4786,445.3419,-5.6778,-5.745,-0.0001,-0.0001,-0.2171,1.5668,-0.2136,1.5635,0.6749,147.5684,143.9131,141.5254,145.4854,144.623,0.6675,0.5979,0.6828,0.61,0.5979,0.6295,0.5503,0.6218,0.5676,0.5503,0.6287,0.624,0.6379,0.6023,0.6023,0.5781,0.5008,0.5773,0.5665,0.5008,0,0,0,0,0,-0.0088,-0.0491,-0.0032,-0.042,-0.042,-0.0242,-0.0612,-0.009,-0.0395,-0.0369,0.0058,-0.0135,0.0028,-0.0076,-0.0903,-0.0751,-0.0746,-0.0474,0.03,0.0124,-0.0004,-0.0247,0.0028,-0.0138,-0.0066,-0.0189,-0.0505,0.0041,-0.0269,-0.0139,0.0041,0.0156,-0.0108,-0.0105,-0.0422,-0.0326,-0.0286,-0.0257,0.0133,0.0039,-0.0067,-0.1052,0.005,-0.109,-0.109,-0.0113,-0.1261,-0.0103,-0.105,-0.1018,-0.0023,-0.0076,0.0046,-0.0072,-0.0063,-0.0067,0.0123,-0.0751,0.0108,-0.07,-0.0573,-0.0098,-0.104,-0.0053,-0.0658,-0.0768,-0.0098,-0.0127,-0.0053,0.0056,0.0056,-0.001,-0.0014,True,True
DTC_R_42,LanSi,1,CW_01,A,2026-04-03 15:53:34+08:00,ONLINE,False,,CW_1_01,PASS,,,51.444316,_2026040315533444301,T20260403155334,DESKTOP-P2DUL42,Loma,1,CW_1_01,1,paul di,2024.0718.155524,V20260126.2,CW_DTCL_DTCR_STC,T20260403155425,51.444316,True,True,True,True,True,True,True,4S2RND2HBL0DP6,v1.0.1,2025_12_22,315.3235,316.9632,475.2593,297.4519,295.7123,148.5,149.4967,336.8758,335.7619,484.3946,-5.1892,-2.6629,-0.0001,-0.0,-0.2209,1.5544,-0.219,1.5488,0.6658,157.3457,154.4941,154.4434,157.3145,155.8994,0.8723,0.8159,0.8696,0.7933,0.7933,0.827,0.7711,0.8012,0.7642,0.7642,0.823,0.8022,0.8179,0.8289,0.7298,0.7522,0.7728,0.7781,0.7298,0.8421,0.8128,0.7833,0.98,0.7833,0.8417,0.7769,0.7692,0.8174,0.7837,0.7154,0.8031,0.8636,0.7154,0,0,0,0,0,v1.0.1,2025_12_22,315.1277,317,476.3696,297.3333,295.5,147.5,148.3356,337,335.7905,485.4324,-5.2753,-2.6468,-0.0001,-0.0,-0.2209,1.555,-0.2188,1.5482,0.6659,164.8955,159.1953,168.2363,167.3223,164.9124,0.7006,0.6824,0.7129,0.6727,0.6727,0.6722,0.6529,0.6814,0.6485,0.6485,0.6576,0.651,0.6554,0.662,0.632,0.645,0.6326,0.6306,0.6306,0.6622,0.6644,0.6567,0.0666,0.0666,0.6411,0.6471,0.6498,0.6652,0.6681,0.5749,0.6365,0.6764,0.5749,0,0,0,0,0,v1.0.1,2025_12_22,317.5495,328.4865,442.292,313.5044,303.0081,196.4472,188.9274,342.4677,332,456,-2.7446,7.8812,-0.0,0.0001,-0.219,1.5606,-0.2078,1.5574,0.6728,176.8975,176.5186,176.5146,178.0674,176.9995,0.8151,0.6666,0.8163,0.6539,0.6539,0.7871,0.6375,0.7699,0.6428,0.6375,0.7706,0.7726,0.7699,0.7543,0.7543,0.7405,0.6674,0.7281,0,0.6674,0,0,0,0,0,v1.0.1,2025_12_22,317.5,328.5,443.0183,313.5505,302.8374,195.7317,188,342.5873,332.0702,456.8684,-2.8148,7.9476,-0.0,0.0001,-0.218,1.5603,-0.2078,1.5573,0.6729,148.2451,143.0713,145.083,146.2314,145.6577,0.6727,0.5765,0.6836,0.5742,0.5742,0.6449,0.5642,0.6439,0.5567,0.5567,0.6242,0.6386,0.6344,0.6373,0.6242,0.5908,0.5509,0.577,0.3481,0.3481,0,0,0,0,0,0.0014,-0.0666,-0.005,-0.0789,-0.0776,-0.003,-0.0431,-0.0146,-0.0771,-0.05,-0.0036,-0.011,0.0063,0.0114,-0.0883,-0.0648,-0.0273,-0.0618,-0.0004,-0.0149,-0.0127,-0.0325,0.0045,-0.0413,-0.0357,-0.0139,-0.0245,0.0083,-0.0388,-0.0246,0.0143,0.0068,-0.0019,-0.0065,-0.0171,-0.0154,-0.005,-0.0107,-0.0284,0.0021,0.0007,-0.1685,0.0061,-0.1763,-0.1563,0.0053,-0.1453,-0.0044,-0.1335,-0.1368,-0.0013,-0.0039,0.0085,0.0065,-0.0058,-0.0018,-0.0003,-0.0924,0.0109,-0.1098,-0.0947,-0.0047,-0.0905,-0.0062,-0.0912,-0.0912,-0.0105,-0.0043,-0.0152,0.0042,-0.0089,-0.0081,0.0045,True,True
DTC_L_42,LanSi,1,CW_01,A,2026-04-03 15:53:34+08:00,ONLINE,False,,CW_1_01,PASS,,,51.3336122,_2026040315533454902,T20260403155334,DESKTOP-P2DUL42,Loma,1,CW_1_01,2,paul di,2024.0718.155524,V20260126.2,CW_DTCL_DTCR_STC,T20260403155425,51.3336122,True,True,True,True,True,True,True,4S2RND2HBL06DS,v1.0.1,2025_12_22,314.3684,323.1353,474.3893,302.9313,294.9801,152.457,148.6333,343,333.8156,489.3688,-6.2626,2.6785,-0.0001,0.0,-0.2251,1.5572,-0.2188,1.5538,0.6668,155.7373,151.8506,149.7988,154.8447,153.0579,0.8222,0.7819,0.8329,0.7831,0.7819,0.7805,0.7607,0.8042,0.7502,0.7502,0.8153,0.8117,0.8049,0.7747,0.76,0.7283,0.7619,0.6818,0.6818,0.7949,0.98,0.8293,0.8394,0.7949,0.832,0.8225,0.7815,0.8332,0.8301,0.8313,0.7913,0.7792,0.7792,0,0,0,0,0,v1.0.1,2025_12_22,314.2993,323.146,475.4963,302.7481,294.9408,151.4342,147.4211,343.2105,333.8592,490.3521,-6.2967,2.6782,-0.0001,0.0,-0.2254,1.558,-0.2191,1.5538,0.6668,163.1338,158.542,164.46,164.0947,162.5576,0.689,0.6687,0.6924,0.6873,0.6687,0.6597,0.6293,0.6487,0.6518,0.6293,0.6567,0.6462,0.6377,0.6303,0.6219,0.6447,0.6441,0.6099,0.6099,0.6625,0.3584,0.6737,0.6887,0.3584,0.6595,0.691,0.6468,0.6886,0.674,0.6993,0.6716,0.6239,0.6239,0,0,0,0,0,v1.0.1,2025_12_22,313.066,315.4245,438.1,301.2818,299.2397,184.8843,184.8264,330.1983,327.3362,445.681,-6.9863,-4.006,-0.0001,-0.0,-0.2121,1.5648,-0.2142,1.5612,0.6749,174.7939,174.0264,172.0459,174.3945,173.8152,0.797,0.6892,0.8006,0.6743,0.6743,0.7485,0.661,0.7606,0.6688,0.661,0.7832,0.7711,0.761,0.7034,0.7034,0.7123,0,0.7381,0.7245,0.7123,0,0,0,0,0,v1.0.1,2025_12_22,313.0476,315.3714,438.9469,301.1593,299.0508,183.8983,183.876,330.2397,327.453,446.5214,-7.0251,-4.062,-0.0001,-0.0,-0.2119,1.5642,-0.2141,1.5609,0.6748,148.4307,143.4824,142.5508,146.1182,145.1455,0.6632,0.5862,0.6702,0.6026,0.5862,0.6393,0.5708,0.6235,0.588,0.5708,0.6412,0.6364,0.6301,0.6171,0.6171,0.5751,0.5254,0.5788,0.5735,0.5254,0,0,0,0,0,-0.0082,-0.0716,-0.0082,-0.0378,-0.039,0,-0.0605,0.0066,-0.0329,-0.0303,-0.0041,-0.0029,-0.0033,0.0058,-0.0706,-0.1002,-0.0302,-0.074,0.0031,0.012,-0.0037,-0.0419,-0.0001,-0.0202,-0.0238,-0.0071,-0.05,0.006,-0.0205,-0.0134,0.0058,0.0008,-0.0188,-0.0106,-0.0414,-0.0286,-0.0145,-0.0198,-0.0031,-0.0123,0.0077,-0.1276,-0.0017,-0.1141,-0.1141,0.0021,-0.1153,0.0039,-0.0808,-0.0854,0.0129,0.0091,0.0032,0.0031,-0.0117,0.003,0.008,-0.0868,-0.0018,-0.0774,-0.069,0,-0.0835,-0.0036,-0.0454,-0.0563,0.0027,-0.0003,-0.0131,0.0204,0.0204,-0.004,0.0001,True,True
DTC_L_43,LanSi,1,CW_01,B,2026-04-03 15:55:08+08:00,ONLINE,False,,CW_1_01,PASS,,,51.2423489,_2026040315550870402,T20260403155508,DESKTOP-P2DUL42,Loma,1,CW_1_01,2,paul di,2024.0718.155524,V20260126.2,CW_DTCL_DTCR_STC,T20260403155559,51.2423489,True,True,True,True,True,True,True,4S2RND2HBL06DS,v1.0.1,2025_12_22,314.4656,322.8702,474.2612,302.2313,294.8467,151.7867,148.6291,342.404,333.65,488.3357,-6.3295,2.0256,-0.0001,0.0,-0.2279,1.5561,-0.2167,1.5549,0.6666,156.4473,152.2861,150.5801,155.9668,153.8201,0.8235,0.7893,0.8339,0.7766,0.7766,0.7739,0.7558,0.8002,0.7436,0.7436,0.8132,0.8139,0.8215,0.7621,0.7537,0.7082,0.7548,0.6881,0.6881,0.8058,0.708,0.8186,0.8382,0.708,0.8484,0.7632,0.7447,0.8489,0.828,0.8321,0.8042,0.7793,0.7447,0,0,0,0,0,v1.0.1,2025_12_22,314.403,322.8284,475.3481,302.1185,294.8467,150.7867,147.5168,342.5436,333.7606,489.5,-6.325,2.0554,-0.0001,0.0,-0.2275,1.5571,-0.2171,1.5547,0.6668,163.2227,159.0479,164.7002,164.0127,162.7458,0.682,0.6659,0.6873,0.6805,0.6659,0.6651,0.6372,0.6446,0.6497,0.6372,0.6412,0.6524,0.6562,0.6317,0.6287,0.6443,0.637,0.6001,0.6001,0.6805,0.5435,0.6849,0.7102,0.5435,0.6496,0.6545,0.6198,0.6693,0.6691,0.6903,0.6835,0.6291,0.6198,0,0,0,0,0,v1.0.1,2025_12_22,313.233,315,438.0721,300.7658,299.2869,184.2459,184.9274,329.5323,327.2051,444.9573,-6.9551,-4.5998,-0.0001,-0.0,-0.213,1.564,-0.2123,1.5632,0.6755,175.6807,174.5762,172.6885,175.3613,174.5767,0.7914,0.6908,0.7935,0.6565,0.6565,0.7411,0.6641,0.7546,0.6478,0.6478,0.788,0.7753,0.7671,0.6839,0.6839,0.7428,0,0.7307,0.7475,0.7307,0,0,0,0,0,v1.0.1,2025_12_22,313.1923,314.9615,438.8455,300.6273,299.1966,183.4188,184.1138,329.5854,327.4483,445.6724,-6.9407,-4.6469,-0.0001,-0.0,-0.2131,1.5643,-0.2123,1.5616,0.6751,147.9629,143.418,142.2871,145.6172,144.8213,0.6627,0.5905,0.6667,0.6032,0.5905,0.6386,0.5611,0.6123,0.5693,0.5611,0.6349,0.6476,0.6516,0.6001,0.6001,0.5888,0.4987,0.5837,0.597,0.4987,0,0,0,0,0,-0.0069,-0.0642,-0.0072,-0.0443,-0.0443,-0.0066,-0.0654,0.0026,-0.0395,-0.0369,-0.0062,-0.0007,0.0133,-0.0068,-0.0769,-0.1203,-0.0373,-0.0677,0.014,0.0013,-0.0107,-0.0447,-0.0052,-0.027,-0.0266,-0.0017,-0.0421,0.0019,-0.0226,-0.0055,-0.0097,0.007,-0.0003,-0.0092,-0.0346,-0.029,-0.0216,-0.0296,0.0149,-0.0011,0.0021,-0.126,-0.0088,-0.1319,-0.1319,-0.0053,-0.1122,-0.0021,-0.1018,-0.0986,0.0177,0.0133,0.0093,-0.0164,0.0188,-0.0044,0.0075,-0.0825,-0.0053,-0.0768,-0.0647,-0.0007,-0.0932,-0.0148,-0.0641,-0.066,-0.0036,0.0109,0.0084,0.0034,0.0034,0.0097,0.005,True,True
DTC_R_43,LanSi,1,CW_01,B,2026-04-03 15:55:08+08:00,ONLINE,False,,CW_1_01,PASS,,,51.3789842,_2026040315550857001,T20260403155508,DESKTOP-P2DUL42,Loma,1,CW_1_01,1,paul di,2024.0718.155524,V20260126.2,CW_DTCL_DTCR_STC,T20260403155559,51.3789842,True,True,True,True,True,True,True,4S2RND2HBL0DP6,v1.0.1,2025_12_22,315.363,317.8,475.7426,298.1691,295.9592,149.1633,149.7483,337.6954,335.86,485.3067,-4.9654,-1.8731,-0.0,-0.0,-0.2213,1.5557,-0.219,1.5485,0.666,157.5459,155.4805,154.9688,157.7598,156.4387,0.8694,0.8069,0.8775,0.7934,0.7934,0.8167,0.7572,0.8193,0.7427,0.7427,0.8178,0.8065,0.8247,0.826,0.7418,0.7402,0.7783,0.7576,0.7402,0.8339,0.8016,0.7912,0.98,0.7912,0.8379,0.7824,0.7604,0.8129,0.7873,0.6814,0.8339,0.8517,0.6814,0,0,0,0,0,v1.0.1,2025_12_22,315.3406,317.6594,476.8116,298.087,295.9103,148.0966,148.6376,337.8389,335.94,486.3467,-4.972,-1.8943,-0.0,-0.0,-0.2201,1.5562,-0.2199,1.5488,0.6662,165.6768,159.8672,168.7773,168.3311,165.6631,0.7098,0.6772,0.717,0.6739,0.6739,0.6789,0.6451,0.6716,0.6446,0.6446,0.6616,0.6445,0.6518,0.6658,0.6335,0.6338,0.6286,0.6251,0.6251,0.6864,0.6651,0.6472,0.0818,0.0818,0.6358,0.6556,0.6522,0.6655,0.6466,0.5593,0.6464,0.6777,0.5593,0,0,0,0,0,v1.0.1,2025_12_22,317.8426,329.25,442.5478,314.3826,303.2903,197.0081,189.122,343.3333,332.3125,456.6518,-2.477,8.6252,-0.0,0.0001,-0.2181,1.5607,-0.2085,1.5572,0.6728,177.8818,177.9678,178.3027,179.2637,178.354,0.8281,0.6832,0.8309,0.6413,0.6413,0.7781,0.6495,0.7894,0.6351,0.6351,0.792,0.7571,0.7548,0.7525,0.7525,0.7572,0.6864,0.7224,0,0.6864,0,0,0,0,0,v1.0.1,2025_12_22,317.8396,329.1415,443.3661,314.2232,303.2581,196.1935,188.1983,343.3884,332.3103,457.5,-2.5055,8.5893,-0.0,0.0001,-0.2178,1.561,-0.2089,1.558,0.6731,149.0557,143.6338,145.5586,147.0566,146.3262,0.6727,0.5839,0.6855,0.572,0.572,0.6394,0.5683,0.6554,0.5546,0.5546,0.6476,0.6389,0.6354,0.6401,0.6354,0.5835,0.5507,0.5707,0.335,0.335,0,0,0,0,0,-0.0015,-0.0756,0.0029,-0.0788,-0.0775,-0.0133,-0.057,0.0035,-0.0986,-0.0715,-0.0088,-0.0067,0.0131,0.0085,-0.0763,-0.0768,-0.0218,-0.0823,-0.0086,-0.007,-0.0035,-0.0377,0.0086,-0.0401,-0.0345,-0.0072,-0.0323,-0.0015,-0.0427,-0.0285,0.0183,0.0003,-0.0055,-0.0027,-0.0156,-0.0266,-0.009,-0.0162,-0.0042,-0.0074,0.0137,-0.1519,0.0207,-0.1889,-0.1689,-0.0037,-0.1333,0.0151,-0.1412,-0.1392,0.0201,-0.0194,-0.0066,0.0047,0.0109,-0.0075,-0.0003,-0.085,0.0128,-0.112,-0.0969,-0.0102,-0.0864,0.0053,-0.0933,-0.0933,0.0129,-0.004,-0.0142,0.007,0.0023,-0.0154,-0.0018,True,True
DTC_R_44,LanSi,1,CW_01,C,2026-04-03 15:56:41+08:00,ONLINE,False,,CW_1_01,PASS,,,51.019568,_2026040315564186901,T20260403155641,DESKTOP-P2DUL42,Loma,1,CW_1_01,1,paul di,2024.0718.155524,V20260126.2,CW_DTCL_DTCR_STC,T20260403155732,51.019568,True,True,True,True,True,True,True,4S2RND2HBL0DP6,v1.0.1,2025_12_22,315,316.0863,474.7778,296.1333,295.4932,146.8425,149.4771,336.3333,335.2238,483.5455,-5.5056,-3.7118,-0.0001,-0.0,-0.2237,1.5555,-0.2212,1.5501,0.6652,156.6982,154.999,154.0664,157.083,155.7117,0.8702,0.8346,0.8791,0.8359,0.8346,0.8226,0.7453,0.8141,0.7681,0.7453,0.8111,0.8204,0.8179,0.8096,0.7721,0.7345,0.7265,0.7143,0.7143,0.8418,0.7978,0.7695,0.98,0.7695,0.8345,0.788,0.7721,0.8082,0.7995,0.8369,0.7483,0.86,0.7483,0,0,0,0,0,v1.0.1,2025_12_22,315.0429,316.1071,475.9137,296.1223,295.1233,145.9384,148.3775,336.3576,335.3077,484.5804,-5.547,-3.6788,-0.0001,-0.0,-0.2231,1.5538,-0.2204,1.5506,0.6652,165.2734,159.0771,167.5303,167.9141,164.9487,0.7012,0.6939,0.7154,0.7017,0.6939,0.675,0.6379,0.6786,0.6456,0.6379,0.6497,0.6535,0.6624,0.6725,0.6419,0.6286,0.5824,0.6074,0.5824,0.6802,0.6497,0.6355,0.1591,0.1591,0.6482,0.6705,0.656,0.6705,0.6618,0.618,0.6512,0.6715,0.618,0,0,0,0,0,v1.0.1,2025_12_22,317.3636,327.7364,441.7168,312.5841,302.7951,195.1557,188.7073,341.8293,331.8407,455.8407,-3.0153,7.1292,-0.0,0.0001,-0.2207,1.5608,-0.2086,1.5577,0.6723,176.4199,177.2188,176.8936,177.9922,177.1311,0.8123,0.7287,0.8286,0.7249,0.7249,0.7745,0.6661,0.7866,0.6648,0.6648,0.7637,0.7485,0.76,0.7499,0.7485,0.735,0.6772,0.6952,0,0.6772,0,0,0,0,0,v1.0.1,2025_12_22,317.3551,327.8224,442.5478,312.4783,302.72,194.448,187.8629,342.0323,331.8919,456.6216,-3.0244,7.1805,-0.0,0.0001,-0.2214,1.561,-0.2088,1.5579,0.6722,148.5576,142.958,144.5059,146.8105,145.708,0.67,0.609,0.6844,0.6257,0.609,0.6479,0.5844,0.656,0.566,0.566,0.6384,0.6378,0.6483,0.6305,0.6305,0.6023,0.5493,0.5676,0.3941,0.3941,0,0,0,0,0,-0.0007,-0.0479,0.0045,-0.0363,-0.0363,-0.0074,-0.0689,-0.0017,-0.0732,-0.0689,-0.0155,0.0072,0.0063,-0.0079,-0.046,-0.0825,-0.0736,-0.1256,-0.0007,-0.0287,-0.0121,-0.021,0.007,-0.0123,-0.0145,-0.0111,-0.0395,0.0055,-0.0417,-0.0352,0.0064,0.0093,0.0051,0.004,-0.0072,-0.0318,-0.0552,-0.0339,-0.0104,-0.0191,-0.0021,-0.1064,0.0184,-0.1053,-0.0853,-0.0073,-0.1167,0.0123,-0.1115,-0.1095,-0.0082,-0.028,-0.0014,0.0021,-0.0113,-0.0347,-0.003,-0.0599,0.0117,-0.0583,-0.0599,-0.0017,-0.0703,0.0059,-0.0819,-0.0819,0.0037,-0.0051,-0.0013,-0.0026,-0.0026,0.0034,-0.0049,True,True
DTC_L_44,LanSi,1,CW_01,C,2026-04-03 15:56:41+08:00,ONLINE,False,,CW_1_01,PASS,,,51.1581973,_2026040315564173802,T20260403155641,DESKTOP-P2DUL42,Loma,1,CW_1_01,2,paul di,2024.0718.155524,V20260126.2,CW_DTCL_DTCR_STC,T20260403155732,51.1581973,True,True,True,True,True,True,True,4S2RND2HBL06DS,v1.0.1,2025_12_22,314.3037,322.9185,474.2239,302.5149,294.953,152.0671,148.3816,342.7105,333.7591,488.8467,-6.3757,2.3116,-0.0001,0.0,-0.2264,1.5575,-0.2182,1.5536,0.6666,157.1094,152.623,150.8184,156.3242,154.2188,0.8217,0.8043,0.8403,0.7824,0.7824,0.7825,0.7717,0.7778,0.7455,0.7455,0.8163,0.8143,0.8099,0.7761,0.7475,0.7462,0.758,0.6938,0.6938,0.792,0.7277,0.8338,0.841,0.7277,0.8387,0.7727,0.7869,0.8464,0.8163,0.8076,0.7899,0.7717,0.7717,0,0,0,0,0,v1.0.1,2025_12_22,314.3235,322.9632,475.3309,302.3885,294.8993,151.2349,147.3129,342.9592,333.8582,489.9291,-6.355,2.395,-0.0001,0.0,-0.2266,1.5576,-0.2186,1.5538,0.6666,163.8506,159.5908,165.293,164.6309,163.3413,0.6699,0.6771,0.6821,0.6857,0.6699,0.6601,0.6347,0.655,0.646,0.6347,0.6501,0.6583,0.6544,0.634,0.6321,0.6426,0.6351,0.6226,0.6226,0.6759,0.5129,0.6637,0.7179,0.5129,0.6637,0.6582,0.6323,0.6778,0.6754,0.6577,0.6818,0.6337,0.6323,0,0,0,0,0,v1.0.1,2025_12_22,313.0865,315.2212,438.0541,301.0541,299.3193,184.5294,184.6639,329.8487,327.5,445.5,-6.9752,-4.2693,-0.0001,-0.0,-0.2124,1.5653,-0.2129,1.5601,0.675,175.958,174.8613,173.0693,175.6299,174.8796,0.7943,0.6775,0.802,0.6795,0.6775,0.7435,0.6523,0.7527,0.6613,0.6523,0.7873,0.7738,0.7745,0.69,0.69,0.7182,0,0.7188,0.7358,0.7182,0,0,0,0,0,v1.0.1,2025_12_22,313.0865,315.2212,438.7982,300.8158,299.0862,183.7759,183.7966,329.8475,327.4237,446.2288,-7.0617,-4.3222,-0.0001,-0.0,-0.2136,1.5642,-0.2121,1.5613,0.6749,148.5186,143.9072,142.8018,145.9131,145.2852,0.6669,0.5898,0.6868,0.6005,0.5898,0.6336,0.5667,0.6261,0.583,0.5667,0.636,0.644,0.6464,0.6113,0.6113,0.5823,0.5473,0.5942,0.5995,0.5473,0,0,0,0,0,-0.0087,-0.0492,-0.0008,-0.0385,-0.0385,0.002,-0.0495,-0.0198,-0.0376,-0.035,-0.0031,-0.0003,0.0017,0.0072,-0.0831,-0.0823,-0.0341,-0.062,0.0002,0.0165,-0.0228,-0.0335,-0.0104,-0.0218,-0.0226,-0.0067,-0.0446,0.0123,-0.0263,-0.008,-0.0008,0.0129,-0.0021,-0.0069,-0.0312,-0.0307,-0.0235,-0.0071,0.0103,-0.0223,0.005,-0.1393,-0.0003,-0.1089,-0.1109,-0.0029,-0.124,-0.004,-0.0883,-0.0941,0.017,0.0118,0.0167,-0.0103,-0.0058,-0.0163,0.0117,-0.0832,0.0148,-0.0795,-0.0654,-0.0057,-0.0876,-0.001,-0.0504,-0.0604,-0.0025,0.0073,0.0032,0.0146,0.0146,0.0032,0.0155,True,True
DTC_L_45,LanSi,1,CW_01,A,2026-04-03 15:58:20+08:00,ONLINE,False,,CW_1_01,PASS,,,51.64991,_2026040315582096802,T20260403155820,DESKTOP-P2DUL42,Loma,1,CW_1_01,2,paul di,2024.0718.155524,V20260126.2,CW_DTCL_DTCR_STC,T20260403155912,51.64991,True,True,True,True,True,True,True,4S2RND2HBL06DS,v1.0.1,2025_12_22,315.2612,322.7687,475.3507,302,296.3133,152.18,149.9595,342.5811,334.6165,488.0376,-5.1997,2.0135,-0.0001,0.0,-0.2285,1.5597,-0.2188,1.5537,0.6665,156.4365,151.043,150.6738,155.7988,153.488,0.8149,0.7999,0.8323,0.7851,0.7851,0.7849,0.7728,0.7896,0.7521,0.7521,0.8129,0.8201,0.8106,0.7642,0.7466,0.7347,0.7385,0.6903,0.6903,0.8043,0.98,0.8138,0.7875,0.7875,0.8533,0.7709,0.7554,0.8386,0.8158,0.778,0.7748,0.7772,0.7554,0,0,0,0,0,v1.0.1,2025_12_22,315.2117,322.7883,476.3382,301.8824,296.1533,151.2133,148.8649,342.7365,334.7353,489.1103,-5.2393,2.0462,-0.0001,0.0,-0.2285,1.5597,-0.2188,1.5534,0.6664,164.2334,159.3174,165.5166,165.2158,163.5708,0.6813,0.6798,0.6998,0.6851,0.6798,0.6577,0.6426,0.6487,0.6431,0.6426,0.6586,0.6425,0.648,0.6333,0.6277,0.6378,0.6343,0.6011,0.6011,0.6683,0.4474,0.6775,0.6639,0.4474,0.6652,0.6486,0.6184,0.6775,0.6651,0.6745,0.659,0.6248,0.6184,0,0,0,0,0,v1.0.1,2025_12_22,314.1176,314.8824,438.9633,300.5413,300.5462,184.4118,186.2231,329.6612,328.1897,444.9052,-5.892,-4.6197,-0.0001,-0.0,-0.2139,1.5666,-0.2145,1.5625,0.6752,175.4199,173.2588,172.7461,175.1211,174.1365,0.7777,0.6933,0.7939,0.6752,0.6752,0.7454,0.6571,0.763,0.6564,0.6564,0.763,0.7728,0.7595,0.691,0.691,0.7012,0,0.7172,0.6643,0.6643,0,0,0,0,0,v1.0.1,2025_12_22,314.1456,314.932,439.7168,300.4513,300.5,183.5,185.3417,329.725,328.2203,445.6864,-5.9151,-4.641,-0.0001,-0.0,-0.2143,1.5668,-0.2138,1.5631,0.6754,149.457,144.0352,143.3857,147.1455,146.0059,0.6563,0.5927,0.6721,0.5984,0.5927,0.6269,0.566,0.622,0.5817,0.566,0.6176,0.6384,0.6382,0.6182,0.6176,0.5644,0.5324,0.5931,0.5497,0.5324,0,0,0,0,0,-0.0155,-0.0536,-0.0088,-0.0358,-0.0358,0.0044,-0.0484,-0.008,-0.031,-0.0284,-0.0065,0.0055,0.0024,-0.0047,-0.084,-0.0938,-0.0536,-0.0655,0.0125,-0.0035,-0.0114,-0.0308,0.0073,-0.0224,-0.0127,-0.0091,-0.0367,0.006,-0.0292,-0.0001,0.0077,-0.0029,-0.0085,-0.0076,-0.0356,-0.0355,-0.0243,-0.0286,0.0027,-0.0085,-0.0116,-0.1235,-0.0084,-0.1132,-0.1132,-0.001,-0.1192,0.0063,-0.0932,-0.09,-0.0073,0.0108,0.0017,-0.0093,-0.0228,-0.0179,0.0011,-0.0803,0.0001,-0.0816,-0.0625,-0.0124,-0.0883,-0.0051,-0.0517,-0.0611,-0.0209,0.0017,-0.005,0.0215,0.0209,-0.0147,0.0144,True,True
DTC_R_45,LanSi,1,CW_01,A,2026-04-03 15:58:20+08:00,ONLINE,False,,CW_1_01,PASS,,,51.644919,_2026040315582096701,T20260403155820,DESKTOP-P2DUL42,Loma,1,CW_1_01,1,paul di,2024.0718.155524,V20260126.2,CW_DTCL_DTCR_STC,T20260403155912,51.644919,True,True,True,True,True,True,True,4S2RND2HBL0DP6,v1.0.1,2025_12_22,315.0963,317.4519,474.8309,297.7647,295.7055,148.226,149.755,337.6093,335.2536,485.029,-5.3718,-2.2838,-0.0001,-0.0,-0.2221,1.5562,-0.2208,1.5506,0.666,157.0674,155.0215,154.6729,157.5645,156.0815,0.8703,0.8342,0.8811,0.823,0.823,0.8117,0.7549,0.8111,0.7756,0.7549,0.8322,0.8121,0.8168,0.8184,0.779,0.7829,0.7585,0.7489,0.7489,0.8437,0.8089,0.7891,0.98,0.7891,0.851,0.7919,0.7832,0.8015,0.8138,0.835,0.8081,0.839,0.7832,0,0,0,0,0,v1.0.1,2025_12_22,315.1655,317.3813,475.8345,297.6187,295.4122,147.223,148.5,337.7467,335.3525,486.0647,-5.4471,-2.2931,-0.0001,-0.0,-0.2219,1.5547,-0.2211,1.5512,0.6657,165.1533,160.1797,169.0303,167.999,165.5906,0.7031,0.695,0.7079,0.692,0.692,0.6787,0.6536,0.6666,0.6632,0.6536,0.6566,0.6394,0.6681,0.6586,0.6464,0.6726,0.6139,0.6325,0.6139,0.6833,0.6708,0.6567,0.2556,0.2556,0.6389,0.6664,0.6456,0.6825,0.6489,0.6535,0.6678,0.6855,0.6389,0,0,0,0,0,v1.0.1,2025_12_22,317.4476,328.8762,441.7699,313.7699,303.0661,196.2645,189.0984,343.2049,331.8333,457.1053,-2.8569,8.3441,-0.0,0.0001,-0.2204,1.5623,-0.2107,1.5586,0.6724,176.9609,177.3809,177.3467,178.6846,177.5933,0.8139,0.6977,0.8236,0.7175,0.6977,0.7795,0.6952,0.7691,0.662,0.662,0.7613,0.7677,0.7652,0.7464,0.7464,0.7494,0.686,0.7124,0,0.686,0,0,0,0,0,v1.0.1,2025_12_22,317.4466,328.9903,442.6216,313.7928,302.8487,195.6723,188.122,343.3333,331.9115,458,-2.9099,8.4577,-0.0,0.0001,-0.2203,1.5612,-0.2099,1.5586,0.6724,148.665,143.6816,145.7314,146.4961,146.1436,0.6787,0.6039,0.673,0.6062,0.6039,0.6527,0.6015,0.6424,0.5758,0.5758,0.6348,0.6391,0.6388,0.6263,0.6263,0.5989,0.572,0.5697,0.4388,0.4388,0,0,0,0,0,-0.0006,-0.0483,0.0065,-0.0492,-0.0479,-0.0183,-0.0593,-0.0047,-0.0657,-0.0593,0.0056,-0.0011,0.0052,0.0009,-0.0391,-0.0341,-0.0416,-0.091,0.0012,-0.0091,-0.0102,-0.0199,-0.0005,-0.022,-0.0164,-0.0074,-0.0238,-0.0065,-0.0241,-0.0195,0.0133,-0.0048,0.0108,-0.0099,-0.0027,0.0122,-0.0237,-0.0088,-0.0073,0.0021,-0.0005,-0.1374,0.0134,-0.1127,-0.1125,-0.0023,-0.0876,-0.0052,-0.1143,-0.1123,-0.0106,-0.0088,0.0038,-0.0014,0.0031,-0.0175,0.0057,-0.065,0.0003,-0.0778,-0.065,0.0031,-0.0532,-0.0077,-0.0721,-0.0721,0.0001,-0.0038,-0.0108,-0.0068,-0.0068,0,-0.0028,True,True
DTC_L_46,LanSi,1,CW_01,B,2026-04-03 15:59:46+08:00,ONLINE,False,,CW_1_01,PASS,,,51.6691287,_2026040315594642102,T20260403155946,DESKTOP-P2DUL42,Loma,1,CW_1_01,2,paul di,2024.0718.155524,V20260126.2,CW_DTCL_DTCR_STC,T20260403160038,51.6691287,True,True,True,True,True,True,True,4S2RND2HBL06DS,v1.0.1,2025_12_22,315.4191,321.4044,475.5149,300.3358,296.3571,150.1494,150.2,341.3867,334.8849,487.3669,-5.0248,0.6286,-0.0001,0.0,-0.2303,1.5594,-0.2198,1.5535,0.6657,157.0557,152.7109,150.7627,156.3779,154.2268,0.8267,0.8004,0.8325,0.7733,0.7733,0.7817,0.7659,0.791,0.7483,0.7483,0.8255,0.8186,0.7803,0.7525,0.7312,0.7429,0.7309,0.6831,0.6831,0.8047,0.6593,0.8089,0.7889,0.6593,0.8531,0.781,0.765,0.8566,0.8112,0.7654,0.7757,0.7761,0.765,0,0,0,0,0,v1.0.1,2025_12_22,315.3688,321.4752,476.5693,300.3139,296.1933,149.2867,149.0397,341.5232,334.9562,488.4818,-5.0745,0.7161,-0.0001,0.0,-0.23,1.5594,-0.2194,1.5535,0.6659,163.2529,159.6592,165.2773,164.0137,163.0508,0.6809,0.6872,0.6927,0.6891,0.6809,0.6613,0.6252,0.6486,0.6473,0.6252,0.6614,0.6629,0.6474,0.626,0.6148,0.6342,0.6113,0.6049,0.6049,0.6741,0.4574,0.6888,0.6759,0.4574,0.6607,0.6438,0.596,0.6836,0.6641,0.6632,0.6771,0.6218,0.596,0,0,0,0,0,v1.0.1,2025_12_22,314.2136,313.835,439.2301,299.2301,300.6281,182.6446,186.3802,328.4793,328.3417,444.075,-5.7413,-5.8472,-0.0001,-0.0001,-0.2158,1.5671,-0.2135,1.5622,0.675,176.1885,175.1748,173.1689,175.7803,175.0781,0.8016,0.7126,0.8038,0.6845,0.6845,0.7492,0.6574,0.7525,0.656,0.656,0.7774,0.7701,0.7603,0.6947,0.6947,0.7287,0,0.7205,0.642,0.642,0,0,0,0,0,v1.0.1,2025_12_22,314.1333,313.6476,440.1,299.0818,300.6116,181.9091,185.4628,328.5372,328.5366,444.9675,-5.7311,-5.8714,-0.0001,-0.0001,-0.2146,1.568,-0.2147,1.561,0.6749,148.3877,144.166,142.6514,145.6475,145.2131,0.6542,0.5989,0.6737,0.6011,0.5989,0.6237,0.5521,0.6245,0.5756,0.5521,0.6262,0.6309,0.6341,0.6002,0.6002,0.5937,0.5272,0.5864,0.5337,0.5272,0,0,0,0,0,-0.0037,-0.0531,-0.0086,-0.0476,-0.0476,0.0012,-0.0553,-0.0066,-0.0348,-0.0322,0.0061,0.004,-0.0279,-0.0164,-0.0994,-0.0856,-0.0612,-0.0727,0.0129,-0.0084,-0.0118,-0.0234,0.0002,-0.0184,-0.0116,-0.0055,-0.0541,0.0059,-0.025,-0.0175,0.0105,0.0175,-0.0091,-0.0149,-0.0485,-0.0391,-0.0473,-0.0248,0.0085,0.0028,0.0123,-0.1042,0.0015,-0.1039,-0.1039,0.0028,-0.1189,-0.0042,-0.0936,-0.0904,0.0071,0.0081,0.0025,-0.0056,0.0047,-0.0146,-0.001,-0.0741,0.0017,-0.0789,-0.0563,-0.0156,-0.1022,-0.0026,-0.0578,-0.075,-0.0123,-0.0058,-0.0091,0.0035,0.0035,0.0146,0.0077,True,True
DTC_R_46,LanSi,1,CW_01,B,2026-04-03 15:59:46+08:00,ONLINE,False,,CW_1_01,PASS,,,51.7858169,_2026040315594630501,T20260403155946,DESKTOP-P2DUL42,Loma,1,CW_1_01,1,paul di,2024.0718.155524,V20260126.2,CW_DTCL_DTCR_STC,T20260403160038,51.7858169,True,True,True,True,True,True,True,4S2RND2HBL0DP6,v1.0.1,2025_12_22,315.0882,317.5,474.8467,297.8102,295.7847,148.1944,149.6184,337.7105,335.1857,485.0857,-5.3952,-2.2398,-0.0001,-0.0,-0.2221,1.5568,-0.221,1.5509,0.6661,156.9736,155.3047,154.873,157.2744,156.1064,0.8707,0.83,0.8677,0.8213,0.8213,0.8161,0.7743,0.8206,0.7929,0.7743,0.8237,0.8067,0.8247,0.8226,0.7568,0.7663,0.7347,0.756,0.7347,0.8302,0.8111,0.7883,0.1173,0.1173,0.8273,0.7852,0.7842,0.8134,0.7984,0.8302,0.7829,0.8553,0.7829,0,0,0,0,0,v1.0.1,2025_12_22,315.0511,317.3869,475.8786,297.6357,295.4459,147.223,148.3758,337.8926,335.2643,486.1071,-5.4969,-2.2509,-0.0001,-0.0,-0.2217,1.5556,-0.2219,1.551,0.6658,165.3213,159.1729,168.1123,167.8691,165.1189,0.7099,0.6965,0.7104,0.6888,0.6888,0.6811,0.6515,0.6732,0.6622,0.6515,0.6446,0.6379,0.6578,0.6524,0.6521,0.6594,0.5799,0.6295,0.5799,0.6876,0.6767,0.6548,0.4157,0.4157,0.6603,0.6518,0.6702,0.6643,0.6674,0.6874,0.6544,0.6829,0.6518,0,0,0,0,0,v1.0.1,2025_12_22,317.5,329,441.9259,313.8704,303.144,196.272,189,343.4127,331.9009,457.4505,-2.8058,8.5011,-0.0,0.0001,-0.2205,1.5625,-0.2112,1.5586,0.6724,177.0205,177.6553,177.5273,178.4033,177.6516,0.8163,0.7119,0.8177,0.7173,0.7119,0.7764,0.6783,0.7777,0.6778,0.6778,0.7769,0.7665,0.7629,0.7434,0.7434,0.743,0.6818,0.723,0,0.6818,0,0,0,0,0,v1.0.1,2025_12_22,317.5,329,442.7207,313.7838,302.9512,195.6341,188.0645,343.4274,331.982,458.2703,-2.8563,8.5231,-0.0,0.0001,-0.2204,1.5616,-0.2105,1.5587,0.6724,148.75,143.3613,144.96,146.8311,145.9756,0.6761,0.6054,0.6697,0.6162,0.6054,0.6504,0.5912,0.6457,0.5754,0.5754,0.6403,0.6336,0.6433,0.6284,0.6284,0.5878,0.5533,0.5695,0.4886,0.4886,0,0,0,0,0,-0.0002,-0.0525,-0.0069,-0.0509,-0.0496,-0.0139,-0.0399,0.0048,-0.0484,-0.0399,-0.0029,-0.0065,0.0131,0.0051,-0.0613,-0.0507,-0.0654,-0.0839,-0.0123,-0.0099,-0.0034,-0.0184,0.002,-0.0252,-0.0196,-0.005,-0.0259,0.0001,-0.0251,-0.0216,0.0013,-0.0063,0.0005,-0.0161,0.003,-0.001,-0.0577,-0.0118,-0.003,0.0002,0.0019,-0.1232,0.0075,-0.1129,-0.0983,-0.0054,-0.1045,0.0034,-0.0985,-0.0965,0.005,-0.01,0.0015,-0.0044,-0.0033,-0.0069,0.0031,-0.0635,-0.003,-0.0678,-0.0635,0.0008,-0.0635,-0.0044,-0.0725,-0.0725,0.0056,-0.0093,-0.0063,-0.0047,-0.0047,-0.0111,-0.003,True,True
DTC_R_47,LanSi,1,CW_01,C,2026-04-03 16:01:18+08:00,ONLINE,False,,CW_1_01,PASS,,,51.2260902,_2026040316011868801,T20260403160118,DESKTOP-P2DUL42,Loma,1,CW_1_01,1,paul di,2024.0718.155524,V20260126.2,CW_DTCL_DTCR_STC,T20260403160209,51.2260902,True,True,True,True,True,True,True,4S2RND2HBL0DP6,v1.0.1,2025_12_22,315.0882,316.5,474.6739,296.4058,295.517,147.2857,149.5,336.5867,335.1901,483.8169,-5.5061,-3.381,-0.0001,-0.0,-0.2247,1.5551,-0.2202,1.5507,0.6652,157.0625,154.3115,154.1484,156.9521,155.6187,0.8742,0.848,0.8766,0.832,0.832,0.8104,0.7567,0.815,0.7768,0.7567,0.826,0.7837,0.8194,0.8207,0.778,0.76,0.7514,0.726,0.726,0.8273,0.8297,0.7904,0.98,0.7904,0.8438,0.7275,0.7779,0.8288,0.8129,0.8514,0.7531,0.8426,0.7275,0,0,0,0,0,v1.0.1,2025_12_22,315.1022,316.4526,475.8129,296.2734,295.3108,146.3041,148.4027,336.6577,335.2695,484.844,-5.5204,-3.3937,-0.0001,-0.0,-0.2244,1.5545,-0.2201,1.5511,0.6653,164.084,159.1133,168.126,166.5176,164.4602,0.6943,0.692,0.7027,0.708,0.692,0.6774,0.6498,0.6773,0.6526,0.6498,0.656,0.6393,0.6716,0.6651,0.6455,0.6397,0.6203,0.6118,0.6118,0.6703,0.6976,0.6456,0.0752,0.0752,0.6534,0.6241,0.6612,0.6714,0.6518,0.5779,0.6506,0.6882,0.5779,0,0,0,0,0,v1.0.1,2025_12_22,317.5,327.8868,441.7168,312.6814,303.0407,195.3659,188.848,342.08,331.8596,456,-2.907,7.3028,-0.0,0.0001,-0.2213,1.5616,-0.2094,1.5587,0.6724,176.8066,176.6875,176.8584,177.8252,177.0444,0.8131,0.7083,0.8182,0.7188,0.7083,0.7709,0.6469,0.7777,0.6595,0.6469,0.7751,0.7658,0.7636,0.7485,0.7485,0.7469,0.6898,0.7055,0,0.6898,0,0,0,0,0,v1.0.1,2025_12_22,317.5,328,442.5,312.5965,302.8374,194.7317,188,342.4127,331.955,456.8108,-2.9415,7.4103,-0.0,0.0001,-0.2221,1.5607,-0.2103,1.5585,0.6717,147.8525,143.0938,145.1143,145.9648,145.5063,0.6761,0.6051,0.6806,0.6105,0.6051,0.6391,0.5745,0.648,0.5731,0.5731,0.6379,0.6177,0.6409,0.6334,0.6177,0.5876,0.5497,0.5801,0.3618,0.3618,0,0,0,0,0,0.0033,-0.0345,0.002,-0.0402,-0.0389,-0.0196,-0.0575,-0.0008,-0.0645,-0.0575,-0.0006,-0.0295,0.0078,0.0032,-0.0401,-0.057,-0.0487,-0.1139,-0.0152,-0.0078,-0.019,-0.0229,-0.0057,-0.006,-0.0164,-0.0087,-0.0276,0.0042,-0.0347,-0.0233,0.0127,-0.0049,0.0143,-0.0034,-0.0036,-0.0207,-0.0173,-0.0295,-0.0203,-0.009,-0.0013,-0.1268,0.008,-0.1114,-0.1019,-0.0109,-0.1359,0.0034,-0.1168,-0.1274,0.0032,-0.0107,0.0022,0.0007,0.0006,-0.0244,0.0031,-0.0638,0.0079,-0.0735,-0.0638,-0.0105,-0.0802,-0.0021,-0.0748,-0.0748,0.0032,-0.0252,-0.0087,0.0003,-0.0154,-0.0113,0.0076,True,True
DTC_L_47,LanSi,1,CW_01,C,2026-04-03 16:01:18+08:00,ONLINE,False,,CW_1_01,PASS,,,51.4504902,_2026040316011847302,T20260403160118,DESKTOP-P2DUL42,Loma,1,CW_1_01,2,paul di,2024.0718.155524,V20260126.2,CW_DTCL_DTCR_STC,T20260403160209,51.4504902,True,True,True,True,True,True,True,4S2RND2HBL06DS,v1.0.1,2025_12_22,314.2721,323.4044,474.4179,303.0373,294.9801,152.457,148.5,343.4133,333.6296,489.9556,-6.3401,2.9535,-0.0001,0.0,-0.226,1.5579,-0.2196,1.5546,0.6667,155.8828,151.8311,150.0732,155.2334,153.2551,0.8185,0.7998,0.8416,0.7829,0.7829,0.7711,0.7614,0.7921,0.7481,0.7481,0.8219,0.8266,0.8208,0.7756,0.764,0.7459,0.7647,0.7156,0.7156,0.8103,0.98,0.8234,0.8598,0.8103,0.8528,0.7736,0.7543,0.84,0.8247,0.8198,0.7959,0.7619,0.7543,0,0,0,0,0,v1.0.1,2025_12_22,314.2714,323.4643,475.5338,302.9624,294.9408,151.4342,147.4832,343.5436,333.7842,490.8777,-6.2973,2.9564,-0.0001,0.0,-0.2259,1.5584,-0.2193,1.5542,0.6668,164.082,159.2969,165.3135,165.1553,163.4619,0.6919,0.6697,0.6877,0.6953,0.6697,0.6615,0.6456,0.6511,0.6474,0.6456,0.645,0.645,0.6528,0.6268,0.6254,0.6361,0.6385,0.6112,0.6112,0.6657,0.4249,0.6863,0.6823,0.4249,0.6588,0.6474,0.6264,0.6793,0.6753,0.6841,0.6629,0.6119,0.6119,0,0,0,0,0,v1.0.1,2025_12_22,313.1442,315.7019,438.2212,301.469,299.4355,184.9677,184.9016,330.5,327.3025,446.042,-6.899,-3.7639,-0.0001,-0.0,-0.2128,1.5658,-0.2144,1.5621,0.6752,175.2383,174.3252,172.4854,174.7979,174.2117,0.8029,0.7048,0.8044,0.6669,0.6669,0.7541,0.6763,0.7629,0.6747,0.6747,0.7823,0.7881,0.7677,0.6946,0.6946,0.7137,0,0.7336,0.7306,0.7137,0,0,0,0,0,v1.0.1,2025_12_22,313.1333,315.6476,439.0459,301.2844,299.405,184.0992,184.024,330.456,327.5,446.9344,-6.8784,-3.8157,-0.0001,-0.0,-0.2131,1.5663,-0.2137,1.5613,0.6752,149.0361,143.7803,143.0166,146.7139,145.6367,0.6673,0.5846,0.6681,0.6007,0.5846,0.6227,0.5703,0.6198,0.5938,0.5703,0.6299,0.6254,0.651,0.6311,0.6254,0.5795,0.514,0.595,0.5697,0.514,0,0,0,0,0,-0.0119,-0.0537,0.0005,-0.038,-0.038,-0.0094,-0.0598,-0.0055,-0.035,-0.0324,0.0025,0.012,0.0126,0.0067,-0.0666,-0.0826,-0.0274,-0.0402,0.0185,0.0061,-0.0008,-0.0409,-0.0048,-0.0122,-0.0228,-0.0053,-0.0337,0.0084,-0.0249,0.0029,-0.0059,-0.0004,-0.0037,-0.0141,-0.0379,-0.0372,-0.0201,-0.0185,0.0001,0.0003,0.0136,-0.112,0.0021,-0.1215,-0.1215,0.0077,-0.1,0.0062,-0.0749,-0.0717,0.012,0.0261,0.0099,-0.0057,-0.0103,-0.0015,0.0121,-0.0884,-0.0039,-0.0793,-0.0706,-0.0166,-0.084,-0.0073,-0.0396,-0.0568,-0.0086,-0.0113,0.0078,0.0344,0.0287,0.0004,0.0163,True,True
DTC_R_48,LanSi,1,CW_01,A,2026-04-03 16:03:01+08:00,ONLINE,False,,CW_1_01,PASS,,,51.4663577,_2026040316030139601,T20260403160301,DESKTOP-P2DUL42,Loma,1,CW_1_01,1,paul di,2024.0718.155524,V20260126.2,CW_DTCL_DTCR_STC,T20260403160352,51.4663577,True,True,True,True,True,True,True,4S2RND2HBL0DP6,v1.0.1,2025_12_22,315.5489,317.8346,475.7059,298.3162,296.0479,149.3493,149.8322,337.7248,336.0537,485.9329,-4.8623,-1.6684,-0.0,-0.0,-0.2208,1.5551,-0.2189,1.5489,0.6661,156.7285,155.0137,154.4912,157.0957,155.8323,0.8428,0.7917,0.8693,0.7855,0.7855,0.8227,0.7328,0.8334,0.7754,0.7328,0.8105,0.7926,0.8211,0.8352,0.7369,0.7305,0.7946,0.7804,0.7305,0.838,0.7929,0.8002,0.0695,0.0695,0.8375,0.7581,0.792,0.823,0.79,0.98,0.8433,0.8583,0.7581,0,0,0,0,0,v1.0.1,2025_12_22,315.3869,317.6642,476.7698,298.2014,295.8367,148.4762,148.6803,337.898,336.0933,486.9533,-4.9466,-1.6614,-0.0,-0.0,-0.2195,1.5552,-0.2203,1.5486,0.666,163.6904,158.7734,167.458,166.8779,164.2,0.6965,0.6637,0.7141,0.6748,0.6637,0.6812,0.6258,0.6687,0.6478,0.6258,0.6342,0.647,0.6641,0.6554,0.6123,0.6146,0.6283,0.6373,0.6123,0.6779,0.6561,0.6616,0.0759,0.0759,0.6433,0.642,0.6559,0.6725,0.6516,0.4404,0.6521,0.6718,0.4404,0,0,0,0,0,v1.0.1,2025_12_22,317.8846,329.1154,442.5478,314.3826,303.3333,197.2602,189.2195,343.3252,332.3898,457.161,-2.425,8.7489,-0.0,0.0001,-0.2171,1.5604,-0.2095,1.5575,0.6728,176.2207,176.9707,176.9785,177.998,177.042,0.8008,0.6602,0.8318,0.6458,0.6458,0.7777,0.6241,0.7757,0.6602,0.6241,0.7562,0.7671,0.766,0.7636,0.7562,0.7397,0.6337,0.7215,0,0.6337,0,0,0,0,0,v1.0.1,2025_12_22,317.9126,329.165,443.2679,314.2679,303.3333,196.6667,188.3443,343.3852,332.4237,457.7712,-2.4436,8.7512,-0.0,0.0001,-0.2178,1.5607,-0.2088,1.5579,0.673,147.3496,142.6533,144.2402,145.5137,144.9392,0.6587,0.5774,0.6767,0.5717,0.5717,0.6468,0.5444,0.6473,0.5882,0.5444,0.6112,0.6368,0.6369,0.6405,0.6112,0.5967,0.5055,0.5704,0.0501,0.0501,0,0,0,0,0,-0.0281,-0.0908,-0.0053,-0.0867,-0.0854,-0.0073,-0.0814,0.0176,-0.0659,-0.0814,-0.0161,-0.0206,0.0095,0.0177,-0.0812,-0.0865,-0.0055,-0.0595,-0.0045,0.002,-0.0168,-0.0512,0.0057,-0.0392,-0.0447,-0.0049,-0.0516,-0.0044,-0.0395,-0.0473,-0.0091,0.0028,0.0068,-0.0131,-0.0368,-0.0458,-0.0093,-0.004,-0.0127,0.007,-0.0136,-0.1749,0.0216,-0.1844,-0.1644,-0.0041,-0.1587,0.0014,-0.1161,-0.1502,-0.0157,-0.0094,0.0046,0.0158,-0.0066,-0.0084,-0.0143,-0.0915,0.004,-0.1123,-0.0972,-0.0028,-0.1103,-0.0028,-0.0597,-0.1035,-0.0235,-0.0061,-0.0127,0.0074,-0.0219,-0.0022,-0.0021,True,True
DTC_L_48,LanSi,1,CW_01,A,2026-04-03 16:03:01+08:00,ONLINE,False,,CW_1_01,PASS,,,51.342688,_2026040316030152502,T20260403160301,DESKTOP-P2DUL42,Loma,1,CW_1_01,2,paul di,2024.0718.155524,V20260126.2,CW_DTCL_DTCR_STC,T20260403160352,51.342688,True,True,True,True,True,True,True,4S2RND2HBL06DS,v1.0.1,2025_12_22,313.9118,323.5,473.8444,302.8444,294.5921,151.7632,147.9211,343.5,333.1655,490.3813,-6.813,2.8978,-0.0001,0.0,-0.2279,1.5583,-0.2194,1.5554,0.6666,156.5928,152.6914,150.6475,156.0049,153.9841,0.8193,0.7868,0.8377,0.7889,0.7868,0.7745,0.7412,0.7934,0.7596,0.7412,0.8286,0.8281,0.819,0.756,0.7616,0.7174,0.7606,0.7108,0.7108,0.8016,0.98,0.813,0.8499,0.8016,0.8511,0.7913,0.7881,0.8343,0.8334,0.8486,0.7999,0.7784,0.7784,0,0,0,0,0,v1.0.1,2025_12_22,313.964,323.4676,474.8897,302.8309,294.4231,150.9231,146.8456,343.6107,333.2535,491.4366,-6.8248,2.9538,-0.0001,0.0,-0.227,1.5575,-0.2194,1.5559,0.6667,163.8486,159.75,165.9375,164.4824,163.5046,0.683,0.6791,0.6912,0.6888,0.6791,0.6553,0.6177,0.6363,0.6551,0.6177,0.6553,0.6541,0.6533,0.6375,0.6369,0.6365,0.6358,0.6248,0.6248,0.6571,0.499,0.6742,0.6951,0.499,0.654,0.6684,0.6406,0.6766,0.6751,0.6753,0.6778,0.6262,0.6262,0,0,0,0,0,v1.0.1,2025_12_22,312.8667,315.6476,437.5478,301.3826,298.9576,184.2119,184.4167,330.4417,326.9043,446.4696,-7.3614,-3.8693,-0.0001,-0.0,-0.2134,1.5648,-0.2142,1.5634,0.6752,175.8877,175.1553,173.3584,175.6396,175.0103,0.7898,0.6886,0.7974,0.6827,0.6827,0.7453,0.6403,0.7597,0.6739,0.6403,0.779,0.7736,0.7691,0.7009,0.7009,0.7143,0,0.739,0.7445,0.7143,0,0,0,0,0,v1.0.1,2025_12_22,312.8462,315.5962,438.4159,301.2389,298.75,183.6917,183.5,330.5,327,447.3478,-7.3976,-3.8251,-0.0001,-0.0,-0.2133,1.5638,-0.2142,1.5633,0.6749,148.373,144.0781,143.1914,146.1045,145.4368,0.662,0.6064,0.6758,0.6028,0.6028,0.6238,0.5513,0.6145,0.5976,0.5513,0.638,0.6266,0.6404,0.609,0.609,0.5621,0.5326,0.5807,0.5753,0.5326,0,0,0,0,0,-0.0111,-0.0667,-0.0034,-0.032,-0.0341,-0.006,-0.08,-0.0042,-0.0235,-0.0393,0.0092,0.0135,0.0108,-0.0129,-0.069,-0.1111,-0.0315,-0.045,0.0098,-0.0043,-0.0097,-0.0315,-0.0013,-0.0187,-0.0134,-0.0115,-0.0616,-0.0064,-0.0172,-0.025,0.0044,0.0087,-0.0032,-0.0034,-0.0264,-0.0368,-0.0228,-0.0049,-0.0085,-0.0118,0.0005,-0.1282,-0.0049,-0.1057,-0.1057,-0.0011,-0.136,0.003,-0.0757,-0.1061,0.0087,0.0116,0.0113,0.0006,-0.0097,0.0039,0.0068,-0.0666,0.0038,-0.0772,-0.0524,-0.0155,-0.103,-0.0126,-0.0358,-0.0758,-0.0005,-0.0101,-0.0028,0.0123,0.0123,-0.017,0.002,True,True
DTC_L_49,LanSi,1,CW_01,B,2026-04-03 16:04:30+08:00,ONLINE,False,,CW_1_01,PASS,,,51.0157271,_2026040316043040002,T20260403160430,DESKTOP-P2DUL42,Loma,1,CW_1_01,2,paul di,2024.0718.155524,V20260126.2,CW_DTCL_DTCR_STC,T20260403160521,51.0157271,True,True,True,True,True,True,True,4S2RND2HBL06DS,v1.0.1,2025_12_22,315.4511,322,475.5489,301,296.44,150.5533,150.0408,342.1633,334.8478,488.4275,-5.0343,1.3288,-0.0001,0.0,-0.2299,1.5598,-0.2208,1.5543,0.6659,156.6357,152.4922,150.8271,156.3994,154.0886,0.8291,0.8041,0.8376,0.7901,0.7901,0.7894,0.7556,0.7862,0.7289,0.7289,0.8255,0.8112,0.8075,0.7586,0.7405,0.738,0.7533,0.7112,0.7112,0.8076,0.3674,0.8218,0.8012,0.3674,0.8551,0.7705,0.7563,0.8362,0.818,0.766,0.7763,0.7755,0.7563,0,0,0,0,0,v1.0.1,2025_12_22,315.3235,322.0368,476.7153,300.9343,296.2,149.6267,148.9932,342.2808,334.9203,489.5145,-5.0695,1.3786,-0.0001,0.0,-0.2295,1.5598,-0.2206,1.5538,0.6659,163.957,159.9707,166.1152,165.2002,163.8108,0.6825,0.6909,0.6861,0.6993,0.6825,0.6638,0.6365,0.6442,0.6448,0.6365,0.6607,0.6586,0.656,0.632,0.6294,0.6433,0.6375,0.6057,0.6057,0.6603,0.4731,0.6892,0.6777,0.4731,0.665,0.6649,0.6378,0.6743,0.6638,0.6782,0.6723,0.6201,0.6201,0,0,0,0,0,v1.0.1,2025_12_22,314.0849,314.3302,439.3448,299.5862,300.6098,183.0488,186.3388,329.0496,328.3417,444.925,-5.756,-5.312,-0.0001,-0.0001,-0.2167,1.568,-0.2142,1.5615,0.6747,176.2637,174.9512,173.5859,175.8877,175.1721,0.802,0.7105,0.8026,0.687,0.687,0.7537,0.669,0.7596,0.6576,0.6576,0.7688,0.7505,0.7563,0.6946,0.6946,0.7236,0,0.7312,0.6843,0.6843,0,0,0,0,0,v1.0.1,2025_12_22,314.0849,314.3302,440.1071,299.5804,300.4538,182.3697,185.3697,329.3193,328.4322,445.678,-5.8104,-5.2445,-0.0001,-0.0001,-0.216,1.5673,-0.2154,1.5615,0.6744,148.9033,144.3555,143.4053,146.5107,145.7937,0.666,0.5993,0.6737,0.6117,0.5993,0.6317,0.5586,0.6288,0.5909,0.5586,0.6313,0.6275,0.638,0.6022,0.6022,0.5832,0.5427,0.5819,0.5533,0.5427,0,0,0,0,0,-0.0013,-0.0494,-0.0035,-0.0308,-0.0308,0.0089,-0.0656,-0.0114,-0.0542,-0.0516,0.0061,-0.0034,-0.0007,-0.0103,-0.0901,-0.0905,-0.0388,-0.0446,0.0158,0.0045,-0.0102,-0.0197,-0.0064,-0.0082,-0.01,-0.003,-0.0428,0.0015,-0.0275,-0.0062,0.0098,0.0132,-0.0005,-0.0089,-0.0339,-0.03,-0.0211,-0.024,-0.0053,0.0032,0.0127,-0.1063,0.0003,-0.1014,-0.1014,0.0073,-0.1073,0.0029,-0.092,-0.0888,-0.0015,-0.0115,-0.0015,-0.0057,-0.0004,-0.0039,0.0108,-0.0737,0.0017,-0.0683,-0.0559,-0.0076,-0.0957,0.0017,-0.0425,-0.0685,-0.0072,-0.0092,-0.0052,0.0055,0.0055,0.0041,0.0032,True,True
DTC_R_49,LanSi,1,CW_01,B,2026-04-03 16:04:30+08:00,ONLINE,False,,CW_1_01,PASS,,,51.1433851,_2026040316043027901,T20260403160430,DESKTOP-P2DUL42,Loma,1,CW_1_01,1,paul di,2024.0718.155524,V20260126.2,CW_DTCL_DTCR_STC,T20260403160521,51.1433851,True,True,True,True,True,True,True,4S2RND2HBL0DP6,v1.0.1,2025_12_22,315.0882,316.5,474.7007,296.635,295.6667,147.4966,149.5724,336.6382,335.1489,484.0567,-5.4646,-3.2347,-0.0001,-0.0,-0.2233,1.5559,-0.2206,1.5511,0.6658,157.0029,154.4551,154.0811,157.0996,155.6597,0.8628,0.8429,0.8683,0.8389,0.8389,0.8082,0.7535,0.82,0.7637,0.7535,0.8094,0.7982,0.821,0.8218,0.7659,0.7503,0.7603,0.7193,0.7193,0.84,0.8114,0.793,0.98,0.793,0.8405,0.7761,0.7889,0.8054,0.8157,0.8339,0.7027,0.8498,0.7027,0,0,0,0,0,v1.0.1,2025_12_22,315.1168,316.5401,475.773,296.4539,295.5436,146.4899,148.3775,336.8013,335.1929,485.0429,-5.4992,-3.2344,-0.0001,-0.0,-0.2239,1.5557,-0.2204,1.5517,0.6658,165.3701,159.8516,168.6064,168.0029,165.4578,0.7032,0.6968,0.7061,0.7065,0.6968,0.664,0.6478,0.6646,0.6532,0.6478,0.6567,0.6553,0.6598,0.6632,0.6349,0.6239,0.6247,0.6156,0.6156,0.6836,0.6546,0.6568,0.1171,0.1171,0.6489,0.6522,0.6535,0.674,0.6812,0.6457,0.6246,0.6773,0.6246,0,0,0,0,0,v1.0.1,2025_12_22,317.5048,328.0571,441.6847,312.7568,303.1066,195.7459,188.9048,342.381,331.7727,456.3,-2.9053,7.5482,-0.0,0.0001,-0.2221,1.5619,-0.2104,1.5595,0.6722,177.2881,176.6523,177.1914,178.3018,177.3584,0.8121,0.7228,0.8322,0.7295,0.7228,0.7691,0.6654,0.7911,0.645,0.645,0.7642,0.7574,0.7632,0.7432,0.7432,0.7485,0.6879,0.7227,0,0.6879,0,0,0,0,0,v1.0.1,2025_12_22,317.5,328.1132,442.4821,312.8304,303,195,188,342.5,331.8571,457.1071,-2.9321,7.6101,-0.0,0.0001,-0.2212,1.5618,-0.2101,1.5594,0.6725,148.5078,143.3086,145.3057,146.6309,145.9382,0.671,0.6136,0.6797,0.6242,0.6136,0.6413,0.5818,0.6501,0.5496,0.5496,0.6363,0.6307,0.6369,0.6265,0.6265,0.5801,0.5515,0.5684,0.3867,0.3867,0,0,0,0,0,-0.0081,-0.0396,-0.0063,-0.0333,-0.032,-0.0218,-0.0607,0.0042,-0.0776,-0.0607,-0.0172,-0.015,0.0094,0.0043,-0.0522,-0.0667,-0.0398,-0.1206,-0.0025,-0.0052,-0.0101,-0.0181,-0.0023,-0.0075,-0.0116,-0.0221,-0.0296,-0.0085,-0.0341,-0.0253,0.0134,0.0111,0.0025,-0.0053,-0.0142,-0.0365,-0.0129,-0.0257,-0.007,0.0022,-0.0023,-0.1123,0.022,-0.1007,-0.0874,-0.0127,-0.1174,0.0168,-0.1313,-0.1293,-0.0077,-0.0191,0.0018,-0.0046,0.0022,-0.0072,-0.002,-0.0553,0.007,-0.0598,-0.0553,-0.0083,-0.0729,0,-0.0983,-0.0983,0.0016,-0.0122,-0.0127,-0.0066,-0.0066,-0.0188,-0.0041,True,True
DTC_L_50,LanSi,1,CW_01,C,2026-04-03 16:06:04+08:00,ONLINE,False,,CW_1_01,PASS,,,51.7431268,_2026040316060469202,T20260403160604,DESKTOP-P2DUL42,Loma,1,CW_1_01,2,paul di,2024.0718.155524,V20260126.2,CW_DTCL_DTCR_STC,T20260403160656,51.7431268,True,True,True,True,True,True,True,4S2RND2HBL06DS,v1.0.1,2025_12_22,314.25,322.5,474.7068,302.0677,294.8456,151.7383,148.5789,342.2105,333.7554,488.7482,-6.2727,1.9529,-0.0001,0.0,-0.2261,1.5571,-0.2179,1.5535,0.6666,156.4521,152.3027,150.0576,155.623,153.6089,0.8211,0.7877,0.8238,0.7767,0.7767,0.7731,0.7713,0.7914,0.7469,0.7469,0.8067,0.8246,0.8133,0.7667,0.7428,0.7148,0.7592,0.6971,0.6971,0.8094,0.98,0.8326,0.8248,0.8094,0.8397,0.7992,0.7259,0.8484,0.8151,0.8394,0.8071,0.7732,0.7259,0,0,0,0,0,v1.0.1,2025_12_22,314.2086,322.6331,475.854,302.0219,294.8533,150.88,147.5,342.4133,333.844,489.7518,-6.248,2.04,-0.0001,0.0,-0.2263,1.5581,-0.2176,1.5533,0.6669,163.7051,158.7891,164.958,164.418,162.9675,0.6739,0.6693,0.6785,0.6955,0.6693,0.6507,0.6362,0.6485,0.6468,0.6362,0.6562,0.66,0.6569,0.6313,0.6238,0.6329,0.6286,0.6137,0.6137,0.6557,0.2879,0.6736,0.7028,0.2879,0.6523,0.6604,0.6071,0.6947,0.675,0.6844,0.6765,0.6228,0.6071,0,0,0,0,0,v1.0.1,2025_12_22,313.0865,314.7788,438.4298,300.5702,299.3468,184.2097,184.8279,329.3443,327.3719,445.0331,-6.8874,-4.7128,-0.0001,-0.0,-0.2124,1.5654,-0.2126,1.561,0.6754,175.3672,174.4385,172.5537,175.1465,174.3765,0.7907,0.687,0.7932,0.6732,0.6732,0.7522,0.6564,0.7552,0.6689,0.6564,0.783,0.7719,0.7736,0.7015,0.7015,0.7137,0,0.7305,0.7346,0.7137,0,0,0,0,0,v1.0.1,2025_12_22,313.0952,314.7238,439.313,300.487,299.2458,183.4153,184.0244,329.4309,327.4711,445.8926,-6.8701,-4.7101,-0.0001,-0.0,-0.2118,1.5652,-0.2129,1.5611,0.6754,148.4531,143.5186,142.3174,145.9512,145.0601,0.6683,0.5734,0.6575,0.6039,0.5734,0.629,0.5782,0.6216,0.5839,0.5782,0.6269,0.6349,0.643,0.5994,0.5994,0.5832,0.4683,0.582,0.5856,0.4683,0,0,0,0,0,-0.0093,-0.0658,-0.0173,-0.0442,-0.0442,-0.0074,-0.0499,-0.0062,-0.0362,-0.0336,-0.0127,0.01,0.0051,-0.0022,-0.0878,-0.1137,-0.0329,-0.0587,0.0176,0.0153,-0.0188,-0.0413,-0.014,-0.012,-0.0232,-0.0161,-0.0431,0.0058,-0.0255,-0.0065,0.0053,0.0146,0.0004,-0.0096,-0.0395,-0.0404,-0.03,-0.016,-0.0099,-0.0124,0.0014,-0.1298,-0.0091,-0.1152,-0.1152,0.0058,-0.1199,-0.0015,-0.0807,-0.09,0.0127,0.0099,0.0158,0.0012,-0.0103,-0.0046,0.0131,-0.0996,-0.0145,-0.0761,-0.0818,-0.0103,-0.0761,-0.0055,-0.0495,-0.0489,-0.0116,-0.0018,-0.0002,0.0027,0.0027,0.0041,0.0033,True,True
DTC_R_50,LanSi,1,CW_01,C,2026-04-03 16:06:04+08:00,ONLINE,False,,CW_1_01,PASS,,,51.7570894,_2026040316060468801,T20260403160604,DESKTOP-P2DUL42,Loma,1,CW_1_01,1,paul di,2024.0718.155524,V20260126.2,CW_DTCL_DTCR_STC,T20260403160656,51.7570894,True,True,True,True,True,True,True,4S2RND2HBL0DP6,v1.0.1,2025_12_22,315.0882,316.5,474.7101,296.587,295.5811,147.3784,149.5168,336.5436,335.1857,483.9143,-5.4836,-3.3154,-0.0001,-0.0,-0.2236,1.5554,-0.22,1.5508,0.6657,157.4258,154.8213,154.3467,156.6621,155.814,0.8703,0.8392,0.8723,0.8383,0.8383,0.8152,0.7651,0.8203,0.7401,0.7401,0.8246,0.804,0.8234,0.8137,0.767,0.7261,0.7675,0.7114,0.7114,0.8469,0.8134,0.7923,0.98,0.7923,0.8329,0.7807,0.7741,0.833,0.8096,0.8234,0.7351,0.8444,0.7351,0,0,0,0,0,v1.0.1,2025_12_22,315,316.5,475.7914,296.3669,295.3467,146.3467,148.3421,336.6316,335.2676,484.7958,-5.5505,-3.3718,-0.0001,-0.0,-0.224,1.5553,-0.2197,1.5504,0.6655,165.4189,160.1865,168.8574,167.5977,165.5151,0.6904,0.6994,0.7129,0.7047,0.6904,0.6812,0.6308,0.6719,0.6292,0.6292,0.652,0.648,0.6591,0.6676,0.639,0.6266,0.633,0.6087,0.6087,0.6896,0.6626,0.6532,0.248,0.248,0.651,0.6602,0.6547,0.6588,0.6618,0.6451,0.6248,0.6826,0.6248,0,0,0,0,0,v1.0.1,2025_12_22,317.5,328,441.7321,312.7321,303.0661,195.2645,188.8175,342.119,331.9115,456,-2.8946,7.3231,-0.0,0.0001,-0.2218,1.562,-0.2088,1.5582,0.6724,177.3574,176.9697,176.7197,178.0479,177.2737,0.8166,0.7311,0.824,0.7143,0.7143,0.7681,0.6673,0.7801,0.6236,0.6236,0.7782,0.7735,0.7719,0.7463,0.7463,0.7444,0.6804,0.7197,0,0.6804,0,0,0,0,0,v1.0.1,2025_12_22,317.5,328,442.4956,312.708,302.8033,194.7705,188.032,342.376,331.9273,456.7636,-2.9484,7.4236,-0.0,0.0001,-0.2212,1.5604,-0.2101,1.5587,0.672,148.7588,143.5957,145.3877,146.4951,146.0593,0.6655,0.6263,0.6832,0.6196,0.6196,0.6421,0.5921,0.6632,0.5473,0.5473,0.6391,0.6403,0.6383,0.6377,0.6377,0.5878,0.5591,0.5738,0.4012,0.4012,0,0,0,0,0,-0.0006,-0.0433,-0.0023,-0.0339,-0.0326,-0.0148,-0.0491,0.0045,-0.1012,-0.0741,-0.002,-0.0092,0.0118,-0.0038,-0.0511,-0.0909,-0.0326,-0.1285,0.0044,-0.0059,-0.0229,-0.0155,0.0045,-0.0093,-0.018,-0.0049,-0.0466,-0.0012,-0.0581,-0.0439,0.0087,0.0038,0.0018,-0.0009,-0.0101,-0.0338,-0.0046,-0.0326,-0.001,-0.0014,0.0022,-0.104,0.0138,-0.1159,-0.0959,-0.0137,-0.1155,0.0058,-0.1527,-0.1507,0.0063,-0.003,0.0105,-0.0015,-0.0019,-0.0102,-0.0075,-0.0426,0.0105,-0.0644,-0.0493,-0.0075,-0.0626,0.0131,-0.1006,-0.1006,0.0044,-0.0026,-0.0113,0.0046,0.0046,-0.0111,0.0013,True,True
