SerialNumber,CM,Line_ID,TesterName,Appraiser,Time,Test_Mode,Audit_Mode,CONFIG_VER,TestStation,TestResult,TestFailItem,ErrorCode,TestTotalTime,TSRID,Test_StartTime,PCName,Product_Name,LineID,Tester_Name,SlotID,Author,Version,Version_SW,Version_Api,Test_EndTime,TestTotalSeconds,CheckMES,CloseDoor,OpenDTC,Move_SFR,Captrue_SFR,Move_SubSFR,Captrue_SubSFR,CameraSN,sfr_25sfr_version,sfr_25modify_date,SFR_VIS_25cm_P0x,SFR_VIS_25cm_P0y,SFR_VIS_25cm_P1x,SFR_VIS_25cm_P1y,SFR_VIS_25cm_P2x,SFR_VIS_25cm_P2y,SFR_VIS_25cm_P3x,SFR_VIS_25cm_P3y,SFR_VIS_25cm_P4x,SFR_VIS_25cm_P4y,SFR_VIS_25cm_Pointing_OC_X,SFR_VIS_25cm_Pointing_OC_Y,SFR_VIS_25cm_Pan,SFR_VIS_25cm_Tilt,SFR_VIS_25cm_Rotation_P1,SFR_VIS_25cm_Rotation_P2,SFR_VIS_25cm_Rotation_P3,SFR_VIS_25cm_Rotation_P4,SFR_VIS_25cm_Rotation_Mean,SFR_VIS_25cm_Brightness_A,SFR_VIS_25cm_Brightness_B,SFR_VIS_25cm_Brightness_C,SFR_VIS_25cm_Brightness_D,SFR_VIS_25cm_Brightness_Mean,SFR_VIS_25cm_Ny4_01F_ROI1,SFR_VIS_25cm_Ny4_01F_ROI2,SFR_VIS_25cm_Ny4_01F_ROI3,SFR_VIS_25cm_Ny4_01F_ROI4,SFR_VIS_25cm_Ny4_01F_Min,SFR_VIS_25cm_Ny4_03F_ROI5,SFR_VIS_25cm_Ny4_03F_ROI6,SFR_VIS_25cm_Ny4_03F_ROI7,SFR_VIS_25cm_Ny4_03F_ROI8,SFR_VIS_25cm_Ny4_03F_Min,SFR_VIS_25cm_Ny4_06F_ROI9,SFR_VIS_25cm_Ny4_06F_ROI10,SFR_VIS_25cm_Ny4_06F_ROI11,SFR_VIS_25cm_Ny4_06F_ROI12,SFR_VIS_25cm_Ny4_06F_ROI13,SFR_VIS_25cm_Ny4_06F_ROI14,SFR_VIS_25cm_Ny4_06F_ROI15,SFR_VIS_25cm_Ny4_06F_ROI16,SFR_VIS_25cm_Ny4_06F_Min,SFR_VIS_25cm_Ny4_08F_ROI17,SFR_VIS_25cm_Ny4_08F_ROI18,SFR_VIS_25cm_Ny4_08F_ROI19,SFR_VIS_25cm_Ny4_08F_ROI20,SFR_VIS_25cm_Ny4_08FTANF_Min,SFR_VIS_25cm_Ny4_08F_ROI21,SFR_VIS_25cm_Ny4_08F_ROI22,SFR_VIS_25cm_Ny4_08F_ROI23,SFR_VIS_25cm_Ny4_08F_ROI24,SFR_VIS_25cm_Ny4_08F_ROI25,SFR_VIS_25cm_Ny4_08F_ROI26,SFR_VIS_25cm_Ny4_08F_ROI27,SFR_VIS_25cm_Ny4_08F_ROI28,SFR_VIS_25cm_Ny4_08F_Min,SFR_VIS_25cm_Ny4_010F_ROI29,SFR_VIS_25cm_Ny4_010F_ROI30,SFR_VIS_25cm_Ny4_010F_ROI31,SFR_VIS_25cm_Ny4_010F_ROI32,SFR_VIS_25cm_Ny4_010F_Min,IR_sfr_25sfr_version,IR_sfr_25modify_date,IR_SFR_VIS_25cm_P0x,IR_SFR_VIS_25cm_P0y,IR_SFR_VIS_25cm_P1x,IR_SFR_VIS_25cm_P1y,IR_SFR_VIS_25cm_P2x,IR_SFR_VIS_25cm_P2y,IR_SFR_VIS_25cm_P3x,IR_SFR_VIS_25cm_P3y,IR_SFR_VIS_25cm_P4x,IR_SFR_VIS_25cm_P4y,IR_SFR_VIS_25cm_Pointing_OC_X,IR_SFR_VIS_25cm_Pointing_OC_Y,IR_SFR_VIS_25cm_Pan,IR_SFR_VIS_25cm_Tilt,IR_SFR_VIS_25cm_Rotation_P1,IR_SFR_VIS_25cm_Rotation_P2,IR_SFR_VIS_25cm_Rotation_P3,IR_SFR_VIS_25cm_Rotation_P4,IR_SFR_VIS_25cm_Rotation_Mean,IR_SFR_VIS_25cm_Brightness_A,IR_SFR_VIS_25cm_Brightness_B,IR_SFR_VIS_25cm_Brightness_C,IR_SFR_VIS_25cm_Brightness_D,IR_SFR_VIS_25cm_Brightness_Mean,IR_SFR_VIS_25cm_Ny4_01F_ROI1,IR_SFR_VIS_25cm_Ny4_01F_ROI2,IR_SFR_VIS_25cm_Ny4_01F_ROI3,IR_SFR_VIS_25cm_Ny4_01F_ROI4,IR_SFR_VIS_25cm_Ny4_01F_Min,IR_SFR_VIS_25cm_Ny4_03F_ROI5,IR_SFR_VIS_25cm_Ny4_03F_ROI6,IR_SFR_VIS_25cm_Ny4_03F_ROI7,IR_SFR_VIS_25cm_Ny4_03F_ROI8,IR_SFR_VIS_25cm_Ny4_03F_Min,IR_SFR_VIS_25cm_Ny4_06F_ROI9,IR_SFR_VIS_25cm_Ny4_06F_ROI10,IR_SFR_VIS_25cm_Ny4_06F_ROI11,IR_SFR_VIS_25cm_Ny4_06F_ROI12,IR_SFR_VIS_25cm_Ny4_06F_ROI13,IR_SFR_VIS_25cm_Ny4_06F_ROI14,IR_SFR_VIS_25cm_Ny4_06F_ROI15,IR_SFR_VIS_25cm_Ny4_06F_ROI16,IR_SFR_VIS_25cm_Ny4_06F_Min,IR_SFR_VIS_25cm_Ny4_08F_ROI17,IR_SFR_VIS_25cm_Ny4_08F_ROI18,IR_SFR_VIS_25cm_Ny4_08F_ROI19,IR_SFR_VIS_25cm_Ny4_08F_ROI20,IR_SFR_VIS_25cm_Ny4_08FTANF_Min,IR_SFR_VIS_25cm_Ny4_08F_ROI21,IR_SFR_VIS_25cm_Ny4_08F_ROI22,IR_SFR_VIS_25cm_Ny4_08F_ROI23,IR_SFR_VIS_25cm_Ny4_08F_ROI24,IR_SFR_VIS_25cm_Ny4_08F_ROI25,IR_SFR_VIS_25cm_Ny4_08F_ROI26,IR_SFR_VIS_25cm_Ny4_08F_ROI27,IR_SFR_VIS_25cm_Ny4_08F_ROI28,IR_SFR_VIS_25cm_Ny4_08F_Min,IR_SFR_VIS_25cm_Ny4_010F_ROI29,IR_SFR_VIS_25cm_Ny4_010F_ROI30,IR_SFR_VIS_25cm_Ny4_010F_ROI31,IR_SFR_VIS_25cm_Ny4_010F_ROI32,IR_SFR_VIS_25cm_Ny4_010F_Min,sfr_4sfr_version,sfr_4modify_date,SFR_VIS_4cm_P0x,SFR_VIS_4cm_P0y,SFR_VIS_4cm_P1x,SFR_VIS_4cm_P1y,SFR_VIS_4cm_P2x,SFR_VIS_4cm_P2y,SFR_VIS_4cm_P3x,SFR_VIS_4cm_P3y,SFR_VIS_4cm_P4x,SFR_VIS_4cm_P4y,SFR_VIS_4cm_Pointing_OC_X,SFR_VIS_4cm_Pointing_OC_Y,SFR_VIS_4cm_Pan,SFR_VIS_4cm_Tilt,SFR_VIS_4cm_Rotation_P1,SFR_VIS_4cm_Rotation_P2,SFR_VIS_4cm_Rotation_P3,SFR_VIS_4cm_Rotation_P4,SFR_VIS_4cm_Rotation_Mean,SFR_VIS_4cm_Brightness_A,SFR_VIS_4cm_Brightness_B,SFR_VIS_4cm_Brightness_C,SFR_VIS_4cm_Brightness_D,SFR_VIS_4cm_Brightness_Mean,SFR_VIS_4cm_Ny4_01F_ROI1,SFR_VIS_4cm_Ny4_01F_ROI2,SFR_VIS_4cm_Ny4_01F_ROI3,SFR_VIS_4cm_Ny4_01F_ROI4,SFR_VIS_4cm_Ny4_01F_Min,SFR_VIS_4cm_Ny4_03F_ROI5,SFR_VIS_4cm_Ny4_03F_ROI6,SFR_VIS_4cm_Ny4_03F_ROI7,SFR_VIS_4cm_Ny4_03F_ROI8,SFR_VIS_4cm_Ny4_03F_Min,SFR_VIS_4cm_Ny4_06F_ROI9,SFR_VIS_4cm_Ny4_06F_ROI10,SFR_VIS_4cm_Ny4_06F_ROI11,SFR_VIS_4cm_Ny4_06F_ROI12,SFR_VIS_4cm_Ny4_06F_Min,SFR_VIS_4cm_Ny4_08F_ROI13,SFR_VIS_4cm_Ny4_08F_ROI14,SFR_VIS_4cm_Ny4_08F_ROI15,SFR_VIS_4cm_Ny4_08F_ROI16,SFR_VIS_4cm_Ny4_08F_Min,SFR_VIS_4cm_Ny4_010F_ROI17,SFR_VIS_4cm_Ny4_010F_ROI18,SFR_VIS_4cm_Ny4_010F_ROI19,SFR_VIS_4cm_Ny4_010F_ROI20,SFR_VIS_4cm_Ny4_010F_Min,IR_sfr_4sfr_version,IR_sfr_4modify_date,IR_SFR_VIS_4cm_P0x,IR_SFR_VIS_4cm_P0y,IR_SFR_VIS_4cm_P1x,IR_SFR_VIS_4cm_P1y,IR_SFR_VIS_4cm_P2x,IR_SFR_VIS_4cm_P2y,IR_SFR_VIS_4cm_P3x,IR_SFR_VIS_4cm_P3y,IR_SFR_VIS_4cm_P4x,IR_SFR_VIS_4cm_P4y,IR_SFR_VIS_4cm_Pointing_OC_X,IR_SFR_VIS_4cm_Pointing_OC_Y,IR_SFR_VIS_4cm_Pan,IR_SFR_VIS_4cm_Tilt,IR_SFR_VIS_4cm_Rotation_P1,IR_SFR_VIS_4cm_Rotation_P2,IR_SFR_VIS_4cm_Rotation_P3,IR_SFR_VIS_4cm_Rotation_P4,IR_SFR_VIS_4cm_Rotation_Mean,IR_SFR_VIS_4cm_Brightness_A,IR_SFR_VIS_4cm_Brightness_B,IR_SFR_VIS_4cm_Brightness_C,IR_SFR_VIS_4cm_Brightness_D,IR_SFR_VIS_4cm_Brightness_Mean,IR_SFR_VIS_4cm_Ny4_01F_ROI1,IR_SFR_VIS_4cm_Ny4_01F_ROI2,IR_SFR_VIS_4cm_Ny4_01F_ROI3,IR_SFR_VIS_4cm_Ny4_01F_ROI4,IR_SFR_VIS_4cm_Ny4_01F_Min,IR_SFR_VIS_4cm_Ny4_03F_ROI5,IR_SFR_VIS_4cm_Ny4_03F_ROI6,IR_SFR_VIS_4cm_Ny4_03F_ROI7,IR_SFR_VIS_4cm_Ny4_03F_ROI8,IR_SFR_VIS_4cm_Ny4_03F_Min,IR_SFR_VIS_4cm_Ny4_06F_ROI9,IR_SFR_VIS_4cm_Ny4_06F_ROI10,IR_SFR_VIS_4cm_Ny4_06F_ROI11,IR_SFR_VIS_4cm_Ny4_06F_ROI12,IR_SFR_VIS_4cm_Ny4_06F_Min,IR_SFR_VIS_4cm_Ny4_08F_ROI13,IR_SFR_VIS_4cm_Ny4_08F_ROI14,IR_SFR_VIS_4cm_Ny4_08F_ROI15,IR_SFR_VIS_4cm_Ny4_08F_ROI16,IR_SFR_VIS_4cm_Ny4_08F_Min,IR_SFR_VIS_4cm_Ny4_010F_ROI17,IR_SFR_VIS_4cm_Ny4_010F_ROI18,IR_SFR_VIS_4cm_Ny4_010F_ROI19,IR_SFR_VIS_4cm_Ny4_010F_ROI20,IR_SFR_VIS_4cm_Ny4_010F_Min,SFR_VIS_25cm_Ny4_01F_ROI1_Dev,SFR_VIS_25cm_Ny4_01F_ROI2_Dev,SFR_VIS_25cm_Ny4_01F_ROI3_Dev,SFR_VIS_25cm_Ny4_01F_ROI4_Dev,SFR_VIS_25cm_Ny4_01F_Min_Dev,SFR_VIS_25cm_Ny4_03F_ROI5_Dev,SFR_VIS_25cm_Ny4_03F_ROI6_Dev,SFR_VIS_25cm_Ny4_03F_ROI7_Dev,SFR_VIS_25cm_Ny4_03F_ROI8_Dev,SFR_VIS_25cm_Ny4_03F_Min_Dev,SFR_VIS_25cm_Ny4_06F_ROI9_Dev,SFR_VIS_25cm_Ny4_06F_ROI10_Dev,SFR_VIS_25cm_Ny4_06F_ROI11_Dev,SFR_VIS_25cm_Ny4_06F_ROI12_Dev,SFR_VIS_25cm_Ny4_06F_ROI13_Dev,SFR_VIS_25cm_Ny4_06F_ROI14_Dev,SFR_VIS_25cm_Ny4_06F_ROI15_Dev,SFR_VIS_25cm_Ny4_06F_ROI16_Dev,SFR_VIS_25cm_Ny4_08F_ROI17_Dev,SFR_VIS_25cm_Ny4_08F_ROI19_Dev,IR_SFR_VIS_25cm_Ny4_01F_ROI1_Dev,IR_SFR_VIS_25cm_Ny4_01F_ROI2_Dev,IR_SFR_VIS_25cm_Ny4_01F_ROI3_Dev,IR_SFR_VIS_25cm_Ny4_01F_ROI4_Dev,IR_SFR_VIS_25cm_Ny4_01F_Min_Dev,IR_SFR_VIS_25cm_Ny4_03F_ROI5_Dev,IR_SFR_VIS_25cm_Ny4_03F_ROI6_Dev,IR_SFR_VIS_25cm_Ny4_03F_ROI7_Dev,IR_SFR_VIS_25cm_Ny4_03F_ROI8_Dev,IR_SFR_VIS_25cm_Ny4_03F_Min_Dev,IR_SFR_VIS_25cm_Ny4_06F_ROI9_Dev,IR_SFR_VIS_25cm_Ny4_06F_ROI10_Dev,IR_SFR_VIS_25cm_Ny4_06F_ROI11_Dev,IR_SFR_VIS_25cm_Ny4_06F_ROI12_Dev,IR_SFR_VIS_25cm_Ny4_06F_ROI13_Dev,IR_SFR_VIS_25cm_Ny4_06F_ROI14_Dev,IR_SFR_VIS_25cm_Ny4_06F_ROI15_Dev,IR_SFR_VIS_25cm_Ny4_06F_ROI16_Dev,IR_SFR_VIS_25cm_Ny4_08F_ROI17_Dev,IR_SFR_VIS_25cm_Ny4_08F_ROI19_Dev,SFR_VIS_4cm_Ny4_01F_ROI1_Dev,SFR_VIS_4cm_Ny4_01F_ROI2_Dev,SFR_VIS_4cm_Ny4_01F_ROI3_Dev,SFR_VIS_4cm_Ny4_01F_ROI4_Dev,SFR_VIS_4cm_Ny4_01F_Min_Dev,SFR_VIS_4cm_Ny4_03F_ROI5_Dev,SFR_VIS_4cm_Ny4_03F_ROI6_Dev,SFR_VIS_4cm_Ny4_03F_ROI7_Dev,SFR_VIS_4cm_Ny4_03F_ROI8_Dev,SFR_VIS_4cm_Ny4_03F_Min_Dev,SFR_VIS_4cm_Ny4_06F_ROI9_Dev,SFR_VIS_4cm_Ny4_06F_ROI10_Dev,SFR_VIS_4cm_Ny4_06F_ROI11_Dev,SFR_VIS_4cm_Ny4_06F_ROI12_Dev,SFR_VIS_4cm_Ny4_08F_ROI13_Dev,SFR_VIS_4cm_Ny4_08F_ROI15_Dev,IR_SFR_VIS_4cm_Ny4_01F_ROI1_Dev,IR_SFR_VIS_4cm_Ny4_01F_ROI2_Dev,IR_SFR_VIS_4cm_Ny4_01F_ROI3_Dev,IR_SFR_VIS_4cm_Ny4_01F_ROI4_Dev,IR_SFR_VIS_4cm_Ny4_01F_Min_Dev,IR_SFR_VIS_4cm_Ny4_03F_ROI5_Dev,IR_SFR_VIS_4cm_Ny4_03F_ROI6_Dev,IR_SFR_VIS_4cm_Ny4_03F_ROI7_Dev,IR_SFR_VIS_4cm_Ny4_03F_ROI8_Dev,IR_SFR_VIS_4cm_Ny4_03F_Min_Dev,IR_SFR_VIS_4cm_Ny4_06F_ROI9_Dev,IR_SFR_VIS_4cm_Ny4_06F_ROI10_Dev,IR_SFR_VIS_4cm_Ny4_06F_ROI11_Dev,IR_SFR_VIS_4cm_Ny4_06F_ROI12_Dev,IR_SFR_VIS_4cm_Ny4_06F_Min_Dev,IR_SFR_VIS_4cm_Ny4_08F_ROI13_Dev,IR_SFR_VIS_4cm_Ny4_08F_ROI15_Dev,FixtureHome,OpenDoor
Lower Limit ----->,,,,,,,,,,,,,,,,,,,,,,,,,,,TRUE,TRUE,TRUE,TRUE,TRUE,TRUE,TRUE,,,,,,,,,,,,,,,,,,,,,,,,,,,,0.68,0.68,0.68,0.68,0.68,0.67,0.67,0.67,0.67,0.67,0.66,0.66,0.66,0.66,0.66,0.66,0.66,0.66,0.66,0.66,,0.66,,,,,,,,,,,,,,,,,,,,,,,,,,,,,,,,,,,,,,,,,,,0.59,0.59,0.59,0.59,0.59,0.57,0.57,0.57,0.57,0.57,0.56,0.56,0.56,0.56,0.56,0.56,0.56,0.56,0.56,0.55,,0.55,,,,,,,,,,,,,,,,,,,,,,,,,,,,,,,,,,,,,,,,,,,,,,,,,,,,,,,,,,,,,,,,,,,,,,,,,,,,,,,,,,,,,,,,,,,,,,,,,,,,,,,,,,,,,,,,,,,,,,,-0.12,-0.12,-0.12,-0.12,-0.12,-0.12,-0.12,-0.12,-0.12,-0.12,-0.12,-0.12,-0.12,-0.12,-0.18,-0.18,-0.18,-0.18,-0.18,-0.18,-0.12,-0.12,-0.12,-0.12,-0.12,-0.12,-0.12,-0.12,-0.12,-0.12,-0.12,-0.12,-0.12,-0.12,-0.18,-0.18,-0.18,-0.18,-0.18,-0.18,,,,,,,,,,,,,,,,,,,,,,,,,,,,,,,,,,TRUE,TRUE
Upper Limit ----->,,,,,,,,,,,,,,,,,,,,,,,,,,,,,,,,,,,,,,,,,,,,,,,,,,,,,,,,,,,,,0.9,0.9,0.9,0.9,0.9,0.9,0.9,0.9,0.9,0.9,0.9,0.9,0.9,0.9,0.9,0.9,0.9,0.9,0.9,0.9,,0.9,,,,,,,,,,,,,,,,,,,,,,,,,,,,,,,,,,,,,,,,,,,0.9,0.9,0.9,0.9,0.9,0.9,0.9,0.9,0.9,0.9,0.9,0.9,0.9,0.9,0.9,0.9,0.9,0.9,0.9,0.9,,0.9,,,,,,,,,,,,,,,,,,,,,,,,,,,,,,,,,,,,,,,,,,,,,,,,,,,,,,,,,,,,,,,,,,,,,,,,,,,,,,,,,,,,,,,,,,,,,,,,,,,,,,,,,,,,,,,,,,,,,,,0.1,0.1,0.1,0.1,0.1,0.1,0.1,0.1,0.1,0.1,0.1,0.1,0.1,0.1,0.1,0.1,0.1,0.1,0.1,0.1,0.1,0.1,0.1,0.1,0.1,0.1,0.1,0.1,0.1,0.1,0.1,0.1,0.1,0.1,0.1,0.1,0.1,0.1,0.1,0.1,,,,,,,,,,,,,,,,,,,,,,,,,,,,,,,,,,,
Unit,,,,,,,,,,,,,,,,,,,,,,,,,,,,,,,,,,,,,,,,,,,,,,,,,,,,,,,,,,,,,,,,,,,,,,,,,,,,,,,,,,,,,,,,,,,,,,,,,,,,,,,,,,,,,,,,,,,,,,,,,,,,,,,,,,,,,,,,,,,,,,,,,,,,,,,,,,,,,,,,,,,,,,,,,,,,,,,,,,,,,,,,,,,,,,,,,,,,,,,,,,,,,,,,,,,,,,,,,,,,,,,,,,,,,,,,,,,,,,,,,,,,,,,,,,,,,,,,,,,,,,,,,,,,,,,,,,,,,,,,,,,,,,,,,,,,,,,,,,,,,,,,,,,,,,,,,,,,,,,,,,,,,,,,,,,,,,,,,,,
DTC_R_1,LanSi,1,CW_01,B,2026-03-27 09:00:45+08:00,ONLINE,FALSE,,CW_1_01,PASS,,,51.8586491,_2026032709004570401,T20260327090045,DESKTOP-P2DUL42,Loma,1,CW_1_01,1,paul di,2024.0718.155524,V20260126.2,CW_DTCL_DTCR_STC,T20260327090137,51.8586491,TRUE,TRUE,TRUE,TRUE,TRUE,TRUE,TRUE,4S2RND2HBL0DP6,v1.0.1,2025_12_22,315.1691,316.7647,475.0657,297.1533,295.5608,148.4662,149.3893,336.8456,335.7823,483.6803,-5.3066,-2.918,-0.0001,0,-0.2215,1.5543,-0.22,1.5474,0.665,156.5078,153.501,153.2422,156.0088,154.8149,0.8718,0.8011,0.8721,0.7779,0.7779,0.8242,0.7514,0.831,0.7484,0.7484,0.8105,0.8197,0.8218,0.8122,0.7307,0.7198,0.7678,0.7298,0.7198,0.8213,0.8208,0.8017,0.98,0.8017,0.8506,0.7804,0.7985,0.8196,0.7718,0.7063,0.8156,0.8526,0.7063,0,0,0,0,0,v1.0.1,2025_12_22,315.1533,316.8102,476.0857,297.0214,295.3826,147.3758,148.226,337,335.8844,484.8231,-5.3536,-2.8939,-0.0001,0,-0.2218,1.5541,-0.2198,1.5475,0.665,165.3389,158.5576,167.4883,167.4688,164.7134,0.6966,0.6851,0.7181,0.6731,0.6731,0.6732,0.6436,0.6725,0.6344,0.6344,0.6491,0.6589,0.6525,0.6476,0.626,0.6407,0.6268,0.6025,0.6025,0.6813,0.6683,0.6665,0.1146,0.1146,0.6451,0.6706,0.6804,0.6775,0.6359,0.602,0.6262,0.6595,0.602,0,0,0,0,0,v1.0.1,2025_12_22,317.5,328.1132,442.0182,313.1545,302.8852,196.1639,188.65,342.3667,332.0367,455.5413,-2.882,7.5679,0,0.0001,-0.219,1.56,-0.2097,1.5567,0.672,177.8643,177.1729,177.6562,178.7852,177.8696,0.8198,0.6514,0.8258,0.6399,0.6399,0.763,0.6407,0.788,0.6305,0.6305,0.7798,0.7676,0.7749,0.7611,0.7611,0.7466,0.6759,0.7369,0,0.6759,0,0,0,0,0,v1.0.1,2025_12_22,317.4528,328.0755,442.8455,312.9818,302.7258,195.5242,187.8361,342.4262,332.0804,456.4286,-2.9119,7.5873,0,0.0001,-0.2193,1.5596,-0.2098,1.5568,0.6719,149.1621,142.7373,144.752,146.8477,145.8748,0.662,0.5725,0.682,0.5627,0.5627,0.6513,0.5694,0.6462,0.5499,0.5499,0.6313,0.6363,0.6466,0.6346,0.6313,0.5847,0.5575,0.5684,0.3833,0.3833,0,0,0,0,0,-0.0016,-0.0799,-0.0067,-0.091,-0.091,0.0091,-0.0691,-0.0042,-0.0766,-0.0667,-0.0183,0.0057,0.0017,-0.0068,-0.0787,-0.1025,-0.0357,-0.0829,-0.0226,0.0047,-0.0058,-0.0242,0.0037,-0.0513,-0.0293,-0.0144,-0.0358,0.0036,-0.0528,-0.0345,-0.0037,0.0174,-0.0118,-0.0042,-0.0399,-0.0287,-0.0015,-0.0387,-0.0031,0.0099,0.0014,-0.1721,0.0168,-0.1808,-0.1691,-0.0005,-0.14,0.016,-0.1582,-0.133,0.0048,0.0038,0.0234,0.0215,0.0007,-0.0026,-0.0044,-0.105,0.0146,-0.1232,-0.1037,0.0081,-0.081,0.0076,-0.0955,-0.0887,-0.01,-0.0069,0.0126,0.014,0.0107,-0.0196,-0.0198,TRUE,TRUE
DTC_L_1,LanSi,1,CW_01,B,2026-03-27 09:00:45+08:00,ONLINE,FALSE,,CW_1_01,PASS,,,51.8606441,_2026032709004570302,T20260327090045,DESKTOP-P2DUL42,Loma,1,CW_1_01,2,paul di,2024.0718.155524,V20260126.2,CW_DTCL_DTCR_STC,T20260327090137,51.8606441,TRUE,TRUE,TRUE,TRUE,TRUE,TRUE,TRUE,4S2RND2HBL06DS,v1.0.1,2025_12_22,314.1739,323.6667,474.1533,303.1898,294.8467,151.7867,148.3506,343.6494,333.4085,490.5,-6.5134,3.0585,-0.0001,0,-0.2268,1.5583,-0.2194,1.5555,0.6669,156.4795,151.6592,150.3994,155.752,153.5725,0.8301,0.8039,0.8352,0.8102,0.8039,0.7757,0.7475,0.7928,0.733,0.733,0.8196,0.8115,0.8085,0.7593,0.7496,0.7489,0.7856,0.7065,0.7065,0.8094,0.98,0.8163,0.789,0.789,0.8436,0.7713,0.7316,0.832,0.817,0.8204,0.7893,0.7758,0.7316,0,0,0,0,0,v1.0.1,2025_12_22,314.1583,323.7122,475.2847,303.0657,294.8067,150.7133,147.28,343.8,333.6761,491.5141,-6.4589,3.0611,-0.0001,0,-0.2269,1.5589,-0.2193,1.5545,0.6668,163.9785,158.8281,165.4922,164.9102,163.3022,0.6741,0.6752,0.6949,0.6974,0.6741,0.6555,0.6132,0.6525,0.6412,0.6132,0.6447,0.6387,0.6508,0.625,0.6325,0.648,0.6405,0.6072,0.6072,0.6837,0.5183,0.675,0.6474,0.5183,0.6498,0.663,0.6303,0.6779,0.6609,0.6829,0.6746,0.6288,0.6288,0,0,0,0,0,v1.0.1,2025_12_22,313,315.8462,437.9541,301.7156,299.1935,184.5,184.605,330.605,327.0526,446.5,-7.1389,-3.6666,-0.0001,0,-0.2121,1.5655,-0.2139,1.5631,0.6757,176.0166,174.3223,172.8066,175.5088,174.6636,0.7928,0.7049,0.8004,0.7258,0.7049,0.7502,0.6395,0.7502,0.6536,0.6395,0.7809,0.7739,0.7727,0.7032,0.7032,0.7261,0,0.7323,0.7011,0.7011,0,0,0,0,0,v1.0.1,2025_12_22,312.9904,315.7788,438.6379,301.5,299,183.8151,183.605,330.605,327.1111,447.2735,-7.2311,-3.7055,-0.0001,0,-0.2126,1.5647,-0.2136,1.5633,0.6754,149.0469,143.5488,143.6152,146.8447,145.7639,0.6608,0.6013,0.6771,0.6344,0.6013,0.6298,0.5536,0.6129,0.5866,0.5536,0.6273,0.6378,0.65,0.6219,0.6219,0.5882,0.5201,0.5838,0.5411,0.5201,0,0,0,0,0,0.0025,-0.0637,-0.0123,-0.0131,-0.0194,-0.0169,-0.0834,-0.013,-0.0534,-0.0534,0.001,-0.0011,-0.0117,-0.0177,-0.0684,-0.0659,-0.0208,-0.0406,0.0051,-0.0006,-0.0117,-0.0403,0.0011,-0.0117,-0.0117,-0.0107,-0.066,-0.0079,-0.0191,-0.0471,-0.0244,-0.017,-0.0174,-0.0129,-0.0213,-0.0283,-0.0095,-0.0192,0.0086,-0.0007,0.007,-0.1201,-0.0044,-0.0631,-0.0809,0.0085,-0.1408,-0.016,-0.1044,-0.1022,0.0008,0.0075,0.0163,0.0132,-0.0131,-0.0032,0.0045,-0.0823,0.0027,-0.0529,-0.055,-0.004,-0.103,-0.015,-0.0579,-0.0743,-0.0196,-0.0008,0.0145,0.0143,0.0143,-0.0037,0.0065,TRUE,TRUE
DTC_L_2,LanSi,1,CW_01,C,2026-03-27 09:09:05+08:00,ONLINE,FALSE,,CW_1_01,PASS,,,51.3826413,_2026032709090511502,T20260327090905,DESKTOP-P2DUL42,Loma,1,CW_1_01,2,paul di,2024.0718.155524,V20260126.2,CW_DTCL_DTCR_STC,T20260327090956,51.3826413,TRUE,TRUE,TRUE,TRUE,TRUE,TRUE,TRUE,4S2RND2HBL06DS,v1.0.1,2025_12_22,315.2148,322.7778,475.3704,302.0444,296.1133,152.0333,149.9655,342.6966,334.6765,487.9632,-5.2319,2.0031,-0.0001,0,-0.2282,1.5589,-0.2194,1.553,0.6661,155.0225,150.6045,148.5693,153.3203,151.8792,0.8313,0.8127,0.8396,0.7941,0.7941,0.7829,0.7731,0.7952,0.7478,0.7478,0.8014,0.8151,0.8115,0.7706,0.7394,0.7403,0.7323,0.7061,0.7061,0.8117,0.5097,0.7848,0.7261,0.5097,0.8559,0.7774,0.7559,0.8345,0.8174,0.7816,0.7677,0.7836,0.7559,0,0,0,0,0,v1.0.1,2025_12_22,315.1957,322.8333,476.3704,301.9185,296.0743,151.0473,148.8904,342.726,334.8913,489.0797,-5.2156,2.021,-0.0001,0,-0.2285,1.5594,-0.2185,1.5524,0.6662,162.9854,158.5801,164.5869,163.0059,162.2896,0.6757,0.6913,0.6914,0.6938,0.6757,0.6494,0.6387,0.656,0.6493,0.6387,0.653,0.6566,0.663,0.6432,0.6255,0.6307,0.6129,0.6058,0.6058,0.6626,0.5386,0.6319,0.6298,0.5386,0.6451,0.6573,0.6305,0.6841,0.6745,0.6703,0.6665,0.6377,0.6305,0,0,0,0,0,v1.0.1,2025_12_22,314.0288,314.9519,439.036,300.5405,300.3884,184.2893,186.122,329.6667,328.1053,444.9474,-5.9639,-4.6208,-0.0001,0,-0.2143,1.5663,-0.214,1.5624,0.6751,175.9385,174.6572,172.6523,174.3447,174.3982,0.7937,0.7126,0.8109,0.6955,0.6955,0.751,0.6727,0.7626,0.6606,0.6606,0.7699,0.7655,0.766,0.6976,0.6976,0.7195,0,0.702,0.6397,0.6397,0,0,0,0,0,v1.0.1,2025_12_22,314.0288,314.9519,439.7788,300.531,300.3697,183.4622,185.1393,329.7131,328.1864,445.7712,-5.9994,-4.6141,-0.0001,0,-0.2137,1.5668,-0.2135,1.5625,0.6755,148.5039,143.4043,142.4072,145.3701,144.9214,0.6615,0.6069,0.6766,0.6232,0.6069,0.6341,0.5681,0.6274,0.5894,0.5681,0.6221,0.6332,0.6308,0.61,0.61,0.5767,0.551,0.5526,0.5238,0.5238,0,0,0,0,0,0.0037,-0.0549,-0.0079,-0.0292,-0.0292,-0.0097,-0.0578,-0.0106,-0.0386,-0.0386,-0.0172,0.0025,-0.0087,-0.0064,-0.0786,-0.0745,-0.0741,-0.041,0.0074,-0.0321,-0.0101,-0.0242,-0.0024,-0.0153,-0.0101,-0.0168,-0.0405,-0.0044,-0.011,-0.0216,-0.0161,0.0009,-0.0052,0.0053,-0.0283,-0.0456,-0.0371,-0.0206,-0.0125,-0.0438,0.0079,-0.1124,0.0061,-0.0934,-0.0903,0.0093,-0.1076,-0.0036,-0.0974,-0.0811,-0.0102,-0.0009,0.0096,0.0076,-0.0197,-0.0335,0.0052,-0.0767,0.0022,-0.0641,-0.0494,0.0003,-0.0885,-0.0005,-0.0551,-0.0598,-0.0248,-0.0054,-0.0047,0.0024,0.0024,-0.0152,-0.0247,TRUE,TRUE
DTC_R_2,LanSi,1,CW_01,C,2026-03-27 09:09:04+08:00,ONLINE,FALSE,,CW_1_01,PASS,,,51.5322416,_2026032709090498301,T20260327090904,DESKTOP-P2DUL42,Loma,1,CW_1_01,1,paul di,2024.0718.155524,V20260126.2,CW_DTCL_DTCR_STC,T20260327090956,51.5322416,TRUE,TRUE,TRUE,TRUE,TRUE,TRUE,TRUE,4S2RND2HBL0DP6,v1.0.1,2025_12_22,315.1533,316.8102,474.8015,296.8235,295.4257,147.3649,149.6358,337.0464,335.5,484.2609,-5.3968,-3.0388,-0.0001,0,-0.224,1.5544,-0.2211,1.5494,0.6646,156.9385,154.4443,152.0312,156.7373,155.0378,0.8756,0.849,0.866,0.8281,0.8281,0.8063,0.7673,0.8258,0.7343,0.7343,0.8186,0.8196,0.8146,0.8043,0.7632,0.771,0.767,0.6772,0.6772,0.8388,0.8335,0.7985,0.98,0.7985,0.8428,0.8106,0.789,0.8103,0.8019,0.8772,0.7745,0.8336,0.7745,0,0,0,0,0,v1.0.1,2025_12_22,315.1079,316.777,475.85,296.6643,295.1544,146.2617,148.3221,337.1946,335.6761,485.2817,-5.4779,-3.0641,-0.0001,0,-0.224,1.5538,-0.2213,1.5488,0.6643,165.2266,159.4355,166.9561,167.5439,164.7905,0.7101,0.6954,0.7209,0.6965,0.6954,0.6722,0.6383,0.6734,0.6304,0.6304,0.6579,0.6582,0.6568,0.6664,0.6535,0.6471,0.614,0.5837,0.5837,0.6826,0.678,0.6518,0.2306,0.2306,0.6533,0.6807,0.6653,0.679,0.6557,0.6093,0.647,0.6654,0.6093,0,0,0,0,0,v1.0.1,2025_12_22,317.5463,328.213,441.7589,313.0357,302.8661,195.5276,189,342.5873,332,456.5,-2.8657,7.6727,0,0.0001,-0.2211,1.5601,-0.2108,1.5581,0.6716,177.2197,177.2539,174.8467,178.6895,177.0024,0.8088,0.7266,0.8211,0.7108,0.7108,0.7599,0.6596,0.7774,0.6015,0.6015,0.7675,0.7638,0.7589,0.7343,0.7343,0.7509,0.6971,0.7343,0,0.6971,0,0,0,0,0,v1.0.1,2025_12_22,317.4273,328.3727,442.6697,312.9725,302.76,194.856,187.968,342.624,332.0727,457.2364,-2.9205,7.7123,0,0.0001,-0.2218,1.5609,-0.2091,1.5571,0.6718,148.4238,143.2539,144.0371,146.7207,145.6089,0.6602,0.6185,0.6734,0.6073,0.6073,0.6358,0.5864,0.6544,0.5369,0.5369,0.6378,0.6291,0.6291,0.624,0.624,0.6064,0.5815,0.5784,0.3972,0.3972,0,0,0,0,0,0.0022,-0.032,-0.0128,-0.0408,-0.0408,-0.0088,-0.0532,-0.0094,-0.0907,-0.0808,-0.0102,0.0056,-0.0055,-0.0147,-0.0462,-0.0513,-0.0365,-0.1355,-0.0051,0.0015,0.0077,-0.0139,0.0065,-0.0279,-0.007,-0.0154,-0.0411,0.0045,-0.0568,-0.0385,0.0051,0.0167,-0.0075,0.0146,-0.0124,-0.0223,-0.0143,-0.0575,-0.0018,-0.0048,-0.0096,-0.0969,0.0121,-0.1099,-0.0982,-0.0036,-0.1211,0.0054,-0.1872,-0.162,-0.0075,0,0.0074,-0.0053,0.005,-0.0052,-0.0062,-0.059,0.006,-0.0786,-0.0591,-0.0074,-0.064,0.0158,-0.1085,-0.1017,-0.0035,-0.0141,-0.0049,0.0034,0.0034,0.0021,-0.0098,TRUE,TRUE
DTC_R_3,LanSi,1,CW_01,A,2026-03-27 09:11:09+08:00,ONLINE,FALSE,,CW_1_01,PASS,,,51.6479162,_2026032709110923001,T20260327091109,DESKTOP-P2DUL42,Loma,1,CW_1_01,1,paul di,2024.0718.155524,V20260126.2,CW_DTCL_DTCR_STC,T20260327091200,51.6479162,TRUE,TRUE,TRUE,TRUE,TRUE,TRUE,TRUE,4S2RND2HBL0DP6,v1.0.1,2025_12_22,315.5,317.1667,475.5344,297.8702,295.8828,148.9172,149.72,337.42,336.0268,485.3154,-4.9672,-2.1621,0,0,-0.2195,1.5542,-0.2211,1.5488,0.6656,155.6914,153.5439,153.124,155.6621,154.5054,0.8641,0.7897,0.8826,0.7781,0.7781,0.8183,0.7586,0.8219,0.7686,0.7586,0.8339,0.8226,0.8183,0.8315,0.7294,0.7415,0.7873,0.7559,0.7294,0.8425,0.7965,0.8159,0.98,0.7965,0.7868,0.7698,0.7624,0.8106,0.7597,0.7318,0.8305,0.8422,0.7318,0,0,0,0,0,v1.0.1,2025_12_22,315.403,317.1716,476.5929,297.5929,295.7034,147.7586,148.5,337.5,336.06,486.3467,-5.0481,-2.226,-0.0001,0,-0.2204,1.5545,-0.2207,1.5488,0.6656,164.8799,158.9014,167.6338,167.7441,164.7898,0.7042,0.6754,0.7156,0.6619,0.6619,0.6844,0.6486,0.6621,0.6425,0.6425,0.6408,0.6511,0.646,0.6506,0.6263,0.6346,0.6275,0.6293,0.6263,0.682,0.6561,0.6583,0.1209,0.1209,0.5962,0.6606,0.6502,0.6581,0.6164,0.6178,0.6342,0.6612,0.5962,0,0,0,0,0,v1.0.1,2025_12_22,317.8491,328.5094,442.3805,313.5575,303.2283,196.7874,189.1057,342.6748,332.3103,456.5,-2.5252,8.1058,0,0.0001,-0.219,1.5597,-0.2091,1.5578,0.6724,177.1973,177.3848,177.5762,178.3516,177.6274,0.8167,0.6566,0.8191,0.6466,0.6466,0.7741,0.6414,0.7815,0.6679,0.6414,0.7744,0.7734,0.7582,0.7468,0.7468,0.7496,0.6729,0.7308,0,0.6729,0,0,0,0,0,v1.0.1,2025_12_22,317.7103,328.5888,443.1261,313.5495,303.0492,196,188.0992,342.9008,332.3826,457.4174,-2.6265,8.1913,0,0.0001,-0.2188,1.5602,-0.2095,1.5569,0.6722,149.0557,143.1211,145.0645,147.2344,146.1189,0.6606,0.5661,0.6836,0.5636,0.5636,0.6428,0.5558,0.6528,0.5798,0.5558,0.6245,0.6517,0.631,0.6517,0.6245,0.5894,0.5504,0.5883,0.388,0.388,0,0,0,0,0,-0.0093,-0.0913,0.0038,-0.0908,-0.0908,0.0032,-0.0619,-0.0133,-0.0564,-0.0565,0.0051,0.0086,-0.0018,0.0125,-0.08,-0.0808,-0.0162,-0.0568,-0.0014,0.0189,0.0018,-0.0339,0.0012,-0.0625,-0.0405,-0.0032,-0.0308,-0.0068,-0.0447,-0.0264,-0.012,0.0096,-0.0183,-0.0012,-0.0396,-0.0348,-0.0008,-0.0119,-0.0024,0.0017,-0.0017,-0.1669,0.0101,-0.1741,-0.1624,0.0106,-0.1393,0.0095,-0.1208,-0.1221,-0.0006,0.0096,0.0067,0.0072,0.0037,-0.0087,-0.0058,-0.1114,0.0162,-0.1223,-0.1028,-0.0004,-0.0946,0.0142,-0.0656,-0.0828,-0.0168,0.0085,-0.003,0.0311,0.0039,-0.0149,0.0001,TRUE,TRUE
DTC_L_3,LanSi,1,CW_01,A,2026-03-27 09:11:09+08:00,ONLINE,FALSE,,CW_1_01,PASS,,,51.6000443,_2026032709110929802,T20260327091109,DESKTOP-P2DUL42,Loma,1,CW_1_01,2,paul di,2024.0718.155524,V20260126.2,CW_DTCL_DTCR_STC,T20260327091200,51.6000443,TRUE,TRUE,TRUE,TRUE,TRUE,TRUE,TRUE,4S2RND2HBL06DS,v1.0.1,2025_12_22,314.3456,323.3603,474.3235,303.0368,295.0199,152.543,148.5,343.4133,333.6963,489.0815,-6.3229,2.787,-0.0001,0,-0.2258,1.5576,-0.2198,1.554,0.6665,156.1123,151.5391,149.5488,155.3564,153.1392,0.8189,0.8002,0.8301,0.7394,0.7394,0.7754,0.7622,0.8026,0.7524,0.7524,0.8141,0.8172,0.7918,0.7686,0.7408,0.7417,0.7581,0.6916,0.6916,0.8062,0.6726,0.7744,0.8013,0.6726,0.8426,0.7908,0.7537,0.8338,0.8339,0.8176,0.7856,0.7717,0.7537,0,0,0,0,0,v1.0.1,2025_12_22,314.4071,323.4071,475.4179,302.9254,294.9007,151.6291,147.4832,343.4564,333.8913,490.0797,-6.28,2.7995,-0.0001,0,-0.226,1.5572,-0.219,1.5539,0.6665,163.2705,158.833,164.5615,164.3164,162.7454,0.6788,0.6725,0.6984,0.6515,0.6515,0.6461,0.6369,0.6546,0.6504,0.6369,0.6435,0.6457,0.6367,0.6291,0.6269,0.6269,0.6352,0.6136,0.6136,0.6686,0.5472,0.6367,0.6574,0.5472,0.6498,0.6567,0.6245,0.6788,0.6741,0.6975,0.6657,0.6276,0.6245,0,0,0,0,0,v1.0.1,2025_12_22,313.1333,315.6476,438.0367,301.4587,299.2583,184.9333,184.8279,330.3443,327.2137,445.7265,-7.006,-3.8779,-0.0001,0,-0.2126,1.5645,-0.2135,1.5625,0.6752,175.5469,174.3496,172.1611,175.249,174.3267,0.783,0.6953,0.7995,0.6721,0.6721,0.748,0.6751,0.7571,0.647,0.647,0.7798,0.765,0.7465,0.7018,0.7018,0.7225,0,0.6864,0.6999,0.6864,0,0,0,0,0,v1.0.1,2025_12_22,313.0849,315.6698,438.8304,301.3393,299.0684,184.0513,183.935,330.4146,327.4052,446.5086,-7.0352,-3.9033,-0.0001,0,-0.213,1.5642,-0.2132,1.5613,0.6748,148.5146,143.6006,142.623,146.5234,145.3154,0.652,0.5937,0.6816,0.5852,0.5852,0.633,0.5733,0.6231,0.5708,0.5708,0.6174,0.6411,0.6329,0.6121,0.6121,0.572,0.5493,0.5287,0.554,0.5287,0,0,0,0,0,-0.0087,-0.0674,-0.0174,-0.0839,-0.0839,-0.0172,-0.0687,-0.0032,-0.034,-0.034,-0.0045,0.0046,-0.0284,-0.0084,-0.0772,-0.0731,-0.0483,-0.0555,0.0019,-0.0425,-0.007,-0.043,0.0046,-0.0576,-0.0343,-0.0201,-0.0423,-0.0058,-0.0099,-0.0234,-0.0256,-0.01,-0.0315,-0.0088,-0.0269,-0.0494,-0.0148,-0.0128,-0.0065,-0.039,-0.0028,-0.1297,-0.0053,-0.1168,-0.1137,0.0063,-0.1052,-0.0091,-0.111,-0.0947,-0.0003,-0.0014,-0.0099,0.0118,-0.0167,-0.0491,-0.0043,-0.0899,0.0072,-0.1021,-0.0711,-0.0008,-0.0833,-0.0048,-0.0737,-0.0571,-0.0295,0.0025,-0.0026,0.0045,0.0045,-0.0199,-0.0486,TRUE,TRUE
DTC_L_4,LanSi,1,CW_01,B,2026-03-27 09:13:09+08:00,ONLINE,FALSE,,CW_1_01,PASS,,,50.9482599,_2026032709130911802,T20260327091309,DESKTOP-P2DUL42,Loma,1,CW_1_01,2,paul di,2024.0718.155524,V20260126.2,CW_DTCL_DTCR_STC,T20260327091400,50.9482599,TRUE,TRUE,TRUE,TRUE,TRUE,TRUE,TRUE,4S2RND2HBL06DS,v1.0.1,2025_12_22,315.4179,321.9627,475.5338,300.9624,296.3841,150.4636,150.1918,341.8288,334.8768,488.1522,-5.0191,1.1739,-0.0001,0,-0.2299,1.5597,-0.2191,1.5537,0.6661,156.6963,152.1074,150.2861,156.0166,153.7766,0.821,0.8108,0.8341,0.8087,0.8087,0.7871,0.7703,0.7936,0.733,0.733,0.8135,0.8092,0.8215,0.7639,0.7409,0.7423,0.7323,0.7201,0.7201,0.8205,0.586,0.7516,0.7569,0.586,0.8425,0.7772,0.7462,0.8346,0.7956,0.7678,0.7651,0.7807,0.7462,0,0,0,0,0,v1.0.1,2025_12_22,315.3235,321.9632,476.6934,300.8832,296.245,149.4636,149,342,334.9571,489.1071,-5.0562,1.1834,-0.0001,0,-0.2294,1.5601,-0.2194,1.5534,0.6662,163.0527,158.9316,164.6455,163.9766,162.6516,0.6759,0.6799,0.6877,0.6986,0.6759,0.6672,0.644,0.647,0.6361,0.6361,0.6468,0.6517,0.6577,0.6368,0.6121,0.6427,0.6048,0.5987,0.5987,0.6571,0.5309,0.6183,0.6395,0.5309,0.6591,0.6524,0.6189,0.6733,0.6593,0.651,0.6606,0.6265,0.6189,0,0,0,0,0,v1.0.1,2025_12_22,314.0952,314.2762,439.3333,299.5614,300.6116,182.9091,186.3333,328.878,328.4017,444.5897,-5.745,-5.4571,-0.0001,-0.0001,-0.2164,1.568,-0.2133,1.5609,0.6748,176.5195,174.7812,172.7666,175.8857,174.9883,0.7956,0.7079,0.7994,0.6977,0.6977,0.7432,0.6656,0.742,0.653,0.653,0.7614,0.7652,0.7735,0.6935,0.6935,0.7062,0,0.6772,0.6371,0.6371,0,0,0,0,0,v1.0.1,2025_12_22,314.0952,314.2762,440.1071,299.5,300.4839,182.0806,185.3984,329.0488,328.5,445.5,-5.7831,-5.4189,-0.0001,-0.0001,-0.2162,1.5677,-0.2138,1.5609,0.6747,148.5938,143.9795,142.916,146.2227,145.428,0.6645,0.5972,0.6641,0.6215,0.5972,0.6223,0.5649,0.621,0.5803,0.5649,0.6156,0.6295,0.6402,0.6021,0.6021,0.5836,0.5513,0.528,0.5209,0.5209,0,0,0,0,0,-0.0066,-0.0568,-0.0134,-0.0146,-0.0146,-0.0055,-0.0606,-0.0122,-0.0534,-0.0534,-0.0051,-0.0034,0.0013,-0.0131,-0.0771,-0.0725,-0.0741,-0.027,0.0162,-0.0653,-0.0099,-0.0356,-0.0061,-0.0105,-0.0099,0.001,-0.0352,-0.0134,-0.0242,-0.0242,-0.0223,-0.004,-0.0105,-0.0011,-0.0417,-0.0336,-0.0452,-0.0277,-0.018,-0.0574,0.0098,-0.1171,-0.0054,-0.0912,-0.0881,0.0015,-0.1147,-0.0242,-0.105,-0.0887,-0.0187,-0.0012,0.0171,0.0035,-0.033,-0.0583,0.0082,-0.0864,-0.0103,-0.0658,-0.0591,-0.0115,-0.0917,-0.0069,-0.0642,-0.063,-0.0313,-0.0091,0.0047,-0.0055,-0.0055,-0.0083,-0.0493,TRUE,TRUE
DTC_R_4,LanSi,1,CW_01,B,2026-03-27 09:13:08+08:00,ONLINE,FALSE,,CW_1_01,PASS,,,51.218539,_2026032709130886001,T20260327091308,DESKTOP-P2DUL42,Loma,1,CW_1_01,1,paul di,2024.0718.155524,V20260126.2,CW_DTCL_DTCR_STC,T20260327091400,51.218539,TRUE,TRUE,TRUE,TRUE,TRUE,TRUE,TRUE,4S2RND2HBL0DP6,v1.0.1,2025_12_22,315.2868,317.4118,475.5,298,295.8767,148.8699,149.7248,337.6711,336,485.5,-5.0223,-2.0094,-0.0001,0,-0.2201,1.5556,-0.2212,1.5477,0.6655,155.2471,152.5742,152.2705,155.167,153.8147,0.8639,0.7844,0.8567,0.7949,0.7844,0.81,0.753,0.8226,0.7706,0.753,0.8274,0.8228,0.8025,0.8259,0.7429,0.7381,0.7785,0.7601,0.7381,0.8389,0.7998,0.7942,0.98,0.7942,0.836,0.7746,0.763,0.816,0.8088,0.7081,0.8198,0.8452,0.7081,0,0,0,0,0,v1.0.1,2025_12_22,315.259,317.3813,476.5481,297.8296,295.6014,147.7095,148.6093,337.755,336.0199,486.543,-5.0925,-2.0563,-0.0001,0,-0.2201,1.5549,-0.2211,1.5482,0.6655,164.8564,159.5059,168.499,167.1699,165.0078,0.7025,0.6671,0.709,0.677,0.6671,0.6748,0.653,0.6679,0.6455,0.6455,0.6584,0.6585,0.6524,0.6689,0.6243,0.6293,0.6215,0.6242,0.6215,0.6628,0.6579,0.6579,0.1022,0.1022,0.6349,0.6504,0.6323,0.6719,0.6417,0.5864,0.6328,0.6612,0.5864,0,0,0,0,0,v1.0.1,2025_12_22,317.6881,328.7248,442.3333,313.8649,303.0661,196.8678,189.0579,343.0661,332.2957,456.8522,-2.6118,8.3751,0,0.0001,-0.2181,1.5598,-0.2105,1.5568,0.672,176.7197,176.1406,176.5127,177.6904,176.7659,0.8194,0.6438,0.8203,0.6414,0.6414,0.7774,0.6471,0.7782,0.6564,0.6471,0.7854,0.7773,0.752,0.7481,0.7481,0.7386,0.6595,0.7303,0,0.6595,0,0,0,0,0,v1.0.1,2025_12_22,317.7238,328.781,443.1,313.7182,303.0333,196.0417,188.1393,343.2869,332.431,457.569,-2.6145,8.3793,0,0.0001,-0.2191,1.5601,-0.211,1.5566,0.6717,148.8037,143.9326,145.7979,146.4727,146.2517,0.6754,0.568,0.6812,0.5621,0.5621,0.6346,0.5497,0.6417,0.5697,0.5497,0.6447,0.6527,0.6301,0.6403,0.6301,0.583,0.5453,0.5742,0.344,0.344,0,0,0,0,0,-0.0095,-0.0966,-0.0221,-0.074,-0.0845,-0.0051,-0.0675,-0.0126,-0.0544,-0.0621,-0.0014,0.0088,-0.0176,0.0069,-0.0665,-0.0842,-0.025,-0.0526,-0.005,-0.0028,0.0001,-0.0422,-0.0054,-0.0474,-0.0353,-0.0128,-0.0264,-0.001,-0.0417,-0.0234,0.0056,0.017,-0.0119,0.0171,-0.0416,-0.0401,-0.0068,-0.017,-0.0216,0.0013,0.001,-0.1797,0.0113,-0.1793,-0.1676,0.0139,-0.1336,0.0062,-0.1323,-0.1164,0.0104,0.0135,0.0005,0.0085,-0.0073,-0.0092,0.009,-0.1095,0.0138,-0.1238,-0.1043,-0.0086,-0.1007,0.0031,-0.0757,-0.0889,0.0034,0.0095,-0.0039,0.0197,0.0095,-0.0213,-0.014,TRUE,TRUE
DTC_L_5,LanSi,1,CW_01,C,2026-03-27 09:16:07+08:00,ONLINE,FALSE,,CW_1_01,PASS,,,51.7581389,_2026032709160713602,T20260327091607,DESKTOP-P2DUL42,Loma,1,CW_1_01,2,paul di,2024.0718.155524,V20260126.2,CW_DTCL_DTCR_STC,T20260327091658,51.7581389,TRUE,TRUE,TRUE,TRUE,TRUE,TRUE,TRUE,4S2RND2HBL06DS,v1.0.1,2025_12_22,314.2239,323.4179,473.9783,303.0435,294.9195,152.6107,148.3506,343.3506,333.5915,489.5,-6.4872,2.8846,-0.0001,0,-0.2263,1.5577,-0.2191,1.5542,0.6666,154.7852,150.165,148.6445,153.9229,151.8794,0.8121,0.8006,0.8418,0.7843,0.7843,0.7723,0.7628,0.8071,0.7549,0.7549,0.8084,0.8147,0.8187,0.7767,0.746,0.7166,0.7448,0.7012,0.7012,0.8,0.7699,0.7788,0.7916,0.7699,0.8505,0.7746,0.7537,0.8395,0.8295,0.8259,0.8097,0.7895,0.7537,0,0,0,0,0,v1.0.1,2025_12_22,314.2446,323.4029,475.0857,302.9786,294.8026,151.625,147.2933,343.5,333.7606,490.5,-6.4626,2.9013,-0.0001,0,-0.2258,1.5576,-0.2193,1.554,0.6666,164.2129,159.124,165.4365,165.0381,163.4529,0.6768,0.6902,0.6908,0.6752,0.6752,0.6558,0.6383,0.6506,0.6551,0.6383,0.6375,0.6527,0.6493,0.6215,0.6348,0.6234,0.6219,0.613,0.613,0.6635,0.5219,0.6353,0.6602,0.5219,0.6473,0.657,0.6218,0.6882,0.6865,0.6687,0.6826,0.6381,0.6218,0,0,0,0,0,v1.0.1,2025_12_22,313.0481,315.875,437.6435,301.6087,299.1707,185.0813,184.5372,330.4628,327.0431,446.1293,-7.2115,-3.6686,-0.0001,0,-0.2135,1.5646,-0.2125,1.5632,0.6755,175.2715,173.9277,172.2461,174.4971,173.9856,0.7791,0.6922,0.8103,0.7104,0.6922,0.7391,0.6705,0.7613,0.6691,0.6691,0.7776,0.7746,0.783,0.6994,0.6994,0.7324,0,0.6938,0.7058,0.6938,0,0,0,0,0,v1.0.1,2025_12_22,313.0849,315.6698,438.5478,301.3826,299.0339,184.1441,183.6774,330.5,327.2174,446.887,-7.1877,-3.7833,-0.0001,0,-0.2129,1.5639,-0.2136,1.563,0.6751,149.1748,143.7881,143.3896,146.8066,145.7898,0.6418,0.5915,0.679,0.6168,0.5915,0.616,0.5699,0.6303,0.5809,0.5699,0.6383,0.6429,0.6265,0.6238,0.6238,0.581,0.5341,0.5389,0.5416,0.5341,0,0,0,0,0,-0.0155,-0.067,-0.0057,-0.039,-0.039,-0.0203,-0.0681,0.0013,-0.0315,-0.0315,-0.0102,0.0021,-0.0015,-0.0003,-0.072,-0.0982,-0.0616,-0.0459,-0.0043,-0.0381,-0.009,-0.0253,-0.003,-0.0339,-0.0106,-0.0104,-0.0409,-0.0098,-0.0052,-0.022,-0.0316,-0.003,-0.0189,-0.0164,-0.019,-0.0529,-0.0281,-0.0134,-0.0116,-0.0404,-0.0067,-0.1328,0.0055,-0.0785,-0.0936,-0.0026,-0.1098,-0.0049,-0.0889,-0.0726,-0.0025,0.0082,0.0266,0.0094,-0.0068,-0.0417,-0.0145,-0.0921,0.0046,-0.0705,-0.0648,-0.0178,-0.0867,0.0024,-0.0636,-0.058,-0.0086,0.0043,-0.009,0.0162,0.0162,-0.0109,-0.0384,TRUE,TRUE
DTC_R_5,LanSi,1,CW_01,A,2026-03-27 18:06:56+08:00,ONLINE,FALSE,,CW_1_01,FAIL,SFR_VIS_25cm_Ny4_01F_ROI2_Dev;SFR_VIS_25cm_Ny4_01F_Min_Dev,Dev,42.1518623,_2026032718065630801,T20260327180656,DESKTOP-P2DUL42,Loma,1,CW_1_01,1,paul di,2024.0718.155524,V20260126.2,CW_DTCL_DTCR_STC,T20260327180738,42.1518623,TRUE,TRUE,TRUE,TRUE,TRUE,TRUE,TRUE,4S2RND2HBL0DP6,v1.0.1,2025_12_22,315.1691,316.2353,475.2148,296.7778,295.7552,148.3007,149.4267,336.2733,335.8243,485.3041,-5.222,-2.9218,-0.0001,0,-0.2205,1.5552,-0.2198,1.5487,0.6659,152.6504,151.9707,152.7725,155.1104,153.126,0.8636,0.7357,0.8814,0.8006,0.7357,0.8185,0.7269,0.8095,0.7763,0.7269,0.8123,0.8104,0.7927,0.8153,0.7167,0.6634,0.8007,0.7923,0.6634,0.8349,0.8021,0.7993,0.2685,0.2685,0.8395,0.7716,0.7576,0.8128,0.7992,0.6879,0.8333,0.8413,0.6879,0,0,0,0,0,v1.0.1,2025_12_22,315.1691,316.2353,476.3214,296.6286,295.4257,147.3649,148.2867,336.3733,335.94,486.3467,-5.2714,-2.9103,-0.0001,0,-0.2206,1.5539,-0.2196,1.5488,0.6656,163.1631,158.2236,167.6807,168.0557,164.2808,0.7068,0.6357,0.7099,0.69,0.6357,0.6824,0.6254,0.6687,0.6622,0.6254,0.6511,0.6529,0.6579,0.6665,0.6109,0.5782,0.6346,0.6148,0.5782,0.6794,0.6588,0.6516,0.0791,0.0791,0.6262,0.6524,0.6422,0.6575,0.6445,0.5945,0.6311,0.6769,0.5945,0,0,0,0,0,v1.0.1,2025_12_22,317.5,327.8868,442.1712,312.7838,303,196,188.8279,341.7787,332.0625,456.5893,-2.7877,7.5077,0,0.0001,-0.22,1.5608,-0.207,1.5576,0.6728,174.6562,175.959,177.5527,178.3223,176.6226,0.8109,0.6183,0.8227,0.6687,0.6183,0.7637,0.6064,0.7691,0.681,0.6064,0.7741,0.7709,0.7583,0.7488,0.7488,0.7534,0.6653,0.7373,0,0.6653,0,0,0,0,0,v1.0.1,2025_12_22,317.4952,327.9429,442.9273,312.7636,302.7742,195.3306,187.8917,342.05,332.2368,457.4561,-2.835,7.6087,0,0.0001,-0.2199,1.5597,-0.2079,1.5569,0.6722,147.542,142.4453,144.9688,147.0811,145.5093,0.6626,0.5398,0.6678,0.5846,0.5398,0.6489,0.5368,0.6456,0.5828,0.5368,0.6398,0.6408,0.6356,0.6276,0.6276,0.5992,0.5589,0.605,0.3064,0.3064,0,0,0,0,0,-0.0098,-0.1453,0.0026,-0.0683,-0.1332,0.0034,-0.0936,-0.0257,-0.0487,-0.0882,-0.0165,-0.0036,-0.0274,-0.0037,-0.0927,-0.1589,-0.0028,-0.0204,-0.009,0.0023,0.0044,-0.0736,-0.0045,-0.0344,-0.0667,-0.0052,-0.054,-0.0002,-0.025,-0.0435,-0.0017,0.0114,-0.0064,0.0147,-0.055,-0.0912,0.0063,-0.0264,-0.005,-0.005,-0.0075,-0.2052,0.0137,-0.152,-0.1907,0.0002,-0.1743,-0.0029,-0.1077,-0.1571,-0.0009,0.0071,0.0068,0.0092,0.0075,-0.0022,-0.0038,-0.1377,0.0004,-0.1013,-0.1266,0.0057,-0.1136,0.007,-0.0626,-0.1018,-0.0015,-0.0024,0.0016,0.007,0.007,-0.0051,0.0168,TRUE,TRUE
DTC_R_6,LanSi,1,CW_01,A,2026-03-27 09:35:32+08:00,ONLINE,FALSE,,CW_1_01,PASS,,,51.4102036,_2026032709353211501,T20260327093532,DESKTOP-P2DUL42,Loma,1,CW_1_01,1,paul di,2024.0718.155524,V20260126.2,CW_DTCL_DTCR_STC,T20260327093623,51.4102036,TRUE,TRUE,TRUE,TRUE,TRUE,TRUE,TRUE,4S2RND2HBL0DP6,v1.0.1,2025_12_22,315.1765,316.1471,475.1898,296.635,295.4726,148.2945,149.4189,336.0405,335.8784,484.6284,-5.2728,-3.1509,-0.0001,0,-0.2208,1.5534,-0.2189,1.548,0.6654,155.415,152.7998,152.6562,155.2871,154.0396,0.8698,0.7703,0.8881,0.7818,0.7703,0.8166,0.7249,0.8287,0.7753,0.7249,0.8187,0.8184,0.8101,0.808,0.7283,0.7382,0.8087,0.7692,0.7283,0.8378,0.7933,0.8042,0.98,0.7933,0.8388,0.7593,0.7535,0.8117,0.7792,0.7179,0.8111,0.8465,0.7179,0,0,0,0,0,v1.0.1,2025_12_22,315.0429,316.1071,476.2143,296.5,295.2297,147.2027,148.2789,336.1224,335.94,485.6533,-5.3588,-3.1829,-0.0001,0,-0.2205,1.5535,-0.2189,1.5476,0.6654,164.5469,158.6787,167.4775,166.9795,164.4207,0.7067,0.661,0.713,0.6712,0.661,0.6764,0.6308,0.6658,0.6585,0.6308,0.6515,0.6498,0.6539,0.6501,0.6199,0.6352,0.6326,0.6345,0.6199,0.687,0.6502,0.6618,0.3026,0.3026,0.6524,0.6456,0.6496,0.66,0.6605,0.623,0.6259,0.658,0.623,0,0,0,0,0,v1.0.1,2025_12_22,317.4,327.5,442.2411,312.5179,302.8065,195.871,188.7886,341.5528,332.0609,455.9217,-2.8406,7.1727,0,0.0001,-0.2189,1.5599,-0.2083,1.5566,0.6723,176.6289,176.4414,176.5195,178,176.8975,0.8051,0.6292,0.8212,0.6594,0.6292,0.7753,0.6203,0.7772,0.6823,0.6203,0.7744,0.7655,0.7703,0.7588,0.7588,0.7449,0.6693,0.7266,0,0.6693,0,0,0,0,0,v1.0.1,2025_12_22,317.3241,327.5741,442.9182,312.5727,302.6911,195.0407,187.878,341.6667,332.2389,456.6637,-2.8899,7.2036,0,0.0001,-0.2184,1.5603,-0.2079,1.5553,0.6723,148.3906,142.9062,144.7441,146.3584,145.5999,0.6718,0.5459,0.6813,0.5838,0.5459,0.6484,0.5566,0.648,0.5796,0.5566,0.6389,0.6378,0.6412,0.6213,0.6213,0.5801,0.5563,0.5791,0.4671,0.4671,0,0,0,0,0,-0.0036,-0.1107,0.0093,-0.0871,-0.0986,0.0015,-0.0956,-0.0065,-0.0497,-0.0902,-0.0101,0.0044,-0.01,-0.011,-0.0811,-0.0841,0.0052,-0.0435,-0.0061,0.0072,0.0043,-0.0483,-0.0014,-0.0532,-0.0414,-0.0112,-0.0486,-0.0031,-0.0287,-0.0381,-0.0013,0.0083,-0.0104,-0.0017,-0.046,-0.0342,0.0043,-0.0067,0.0026,0.0052,-0.0133,-0.1943,0.0122,-0.1613,-0.1798,0.0118,-0.1604,0.0052,-0.1064,-0.1432,-0.0006,0.0017,0.0188,0.0192,-0.001,-0.0129,0.0054,-0.1316,0.0139,-0.1021,-0.1205,0.0052,-0.0938,0.0094,-0.0658,-0.082,-0.0024,-0.0054,0.0072,0.0007,0.0007,-0.0242,-0.0091,TRUE,TRUE
DTC_L_6,LanSi,1,CW_01,A,2026-03-27 09:35:32+08:00,ONLINE,FALSE,,CW_1_01,FAIL,SFR_VIS_25cm_Ny4_03F_ROI6;SFR_VIS_25cm_Ny4_03F_Min;SFR_VIS_25cm_Ny4_06F_ROI14;SFR_VIS_25cm_Ny4_06F_Min;IR_SFR_VIS_25cm_Ny4_06F_ROI14;IR_SFR_VIS_25cm_Ny4_06F_Min;SFR_VIS_25cm_Ny4_01F_ROI2_Dev;SFR_VIS_25cm_Ny4_03F_ROI6_Dev;SFR_VIS_25cm_Ny4_03F_Min_Dev;SFR_VIS_25cm_Ny4_06F_ROI14_Dev,sfr_25Algo,51.4042195,_2026032709353232802,T20260327093532,DESKTOP-P2DUL42,Loma,1,CW_1_01,2,paul di,2024.0718.155524,V20260126.2,CW_DTCL_DTCR_STC,T20260327093623,51.4042195,TRUE,TRUE,TRUE,TRUE,TRUE,TRUE,TRUE,4S2RND2HBL06DS,v1.0.1,2025_12_22,314.1679,323.7153,474.4737,303.2105,294.9603,153.3311,148.863,343.3493,333.6963,489.0815,-6.2678,3.0376,-0.0001,0,-0.2267,1.558,-0.2177,1.5527,0.6666,146.3271,151.9307,149.666,152.8525,150.1941,0.8174,0.7212,0.8129,0.7754,0.7212,0.7773,0.6054,0.79,0.7592,0.6054,0.8262,0.7903,0.8167,0.7625,0.7503,0.4916,0.7611,0.6968,0.4916,0.8027,0.6957,0.6655,0.7643,0.6655,0.8532,0.7587,0.7532,0.7702,0.8339,0.8316,0.8048,0.7779,0.7532,0,0,0,0,0,v1.0.1,2025_12_22,314.1739,323.6667,475.5672,303.1194,294.9073,152.404,147.6939,343.5578,333.8345,490.1295,-6.2646,3.0755,-0.0001,0,-0.2261,1.5583,-0.2184,1.5527,0.6666,158.7119,159.3408,165.0859,164.0938,161.8081,0.6841,0.6578,0.6814,0.6903,0.6578,0.6577,0.5801,0.6414,0.6468,0.5801,0.64,0.652,0.6538,0.6333,0.6252,0.5104,0.6355,0.5927,0.5104,0.6803,0.5307,0.5716,0.6439,0.5307,0.6608,0.6281,0.6314,0.663,0.6864,0.7023,0.6633,0.6424,0.6281,0,0,0,0,0,v1.0.1,2025_12_22,313,315.9029,438.1532,301.7117,299.2833,185.8333,184.9339,330.4132,327.113,445.7304,-7.0033,-3.5817,-0.0001,0,-0.2124,1.5652,-0.2123,1.562,0.6756,164.8555,174.3857,172.0186,172.2705,170.8826,0.7899,0.6064,0.7788,0.672,0.6064,0.7559,0.5427,0.7202,0.6655,0.5427,0.7722,0.7478,0.7626,0.6872,0.6872,0.7177,0,0.5658,0.7004,0.5658,0,0,0,0,0,v1.0.1,2025_12_22,313,315.9029,438.8649,301.5766,299.0435,184.7304,184.1639,330.5738,327.359,446.5128,-7.0137,-3.6407,-0.0001,0,-0.2128,1.5643,-0.2129,1.5608,0.6748,144.5107,144.2422,143.2705,146.2861,144.5774,0.6593,0.5531,0.6501,0.6002,0.5531,0.6317,0.5453,0.5869,0.5922,0.5453,0.6289,0.6278,0.6286,0.6173,0.6173,0.5906,0.5226,0.4834,0.5454,0.4834,0,0,0,0,0,-0.0102,-0.1464,-0.0346,-0.0479,-0.1021,-0.0153,-0.2255,-0.0158,-0.0272,-0.181,0.0076,-0.0223,-0.0035,-0.0145,-0.0677,-0.3232,-0.0453,-0.0503,-0.0016,-0.1514,-0.0017,-0.0577,-0.0124,-0.0188,-0.028,-0.0085,-0.0991,-0.019,-0.0135,-0.0802,-0.0291,-0.0037,-0.0144,-0.0046,-0.0286,-0.1659,-0.0145,-0.0337,0.0052,-0.1041,0.0041,-0.2186,-0.026,-0.1169,-0.1794,0.0142,-0.2376,-0.046,-0.0925,-0.199,-0.0079,-0.0186,0.0062,-0.0028,-0.0215,-0.1697,0.003,-0.1305,-0.0243,-0.0871,-0.1032,-0.0021,-0.1113,-0.041,-0.0523,-0.0826,-0.018,-0.0108,-0.0069,0.0097,0.0097,-0.0013,-0.0939,TRUE,TRUE
DTC_L_7,LanSi,1,CW_01,B,2026-03-27 09:37:25+08:00,ONLINE,FALSE,,CW_1_01,PASS,,,51.5467578,_2026032709372576202,T20260327093725,DESKTOP-P2DUL42,Loma,1,CW_1_01,2,paul di,2024.0718.155524,V20260126.2,CW_DTCL_DTCR_STC,T20260327093817,51.5467578,TRUE,TRUE,TRUE,TRUE,TRUE,TRUE,TRUE,4S2RND2HBL06DS,v1.0.1,2025_12_22,313.8467,323.1898,473.8467,302.8102,294.4935,151.7922,148,343.2067,333.0638,490.0638,-6.8498,2.7125,-0.0001,0,-0.2262,1.5578,-0.2196,1.5556,0.6669,156.4844,152.373,150.292,155.7178,153.7168,0.8282,0.7995,0.8389,0.7877,0.7877,0.7771,0.7667,0.8096,0.7619,0.7619,0.8221,0.8076,0.812,0.7694,0.7415,0.7273,0.7898,0.7113,0.7113,0.8095,0.6308,0.7813,0.7941,0.6308,0.8614,0.8076,0.7782,0.8471,0.8401,0.8255,0.81,0.7747,0.7747,0,0,0,0,0,v1.0.1,2025_12_22,313.9281,323.1439,474.8478,302.7609,294.457,150.6689,146.9467,343.4333,333.2143,491.1714,-6.8212,2.7357,-0.0001,0,-0.2255,1.5579,-0.2204,1.556,0.667,163.1064,159.2363,165.082,163.7441,162.7922,0.6697,0.6718,0.6961,0.6885,0.6697,0.6645,0.6316,0.6509,0.652,0.6316,0.652,0.6337,0.6558,0.6377,0.624,0.6285,0.6516,0.6182,0.6182,0.6594,0.488,0.6067,0.6506,0.488,0.6688,0.6641,0.6359,0.6789,0.6673,0.6774,0.6886,0.6346,0.6346,0,0,0,0,0,v1.0.1,2025_12_22,312.7925,315.5,437.5478,301.3826,298.8235,184.1765,184.314,330.405,326.7458,446.3051,-7.4553,-3.9462,-0.0001,0,-0.2122,1.5643,-0.215,1.564,0.6753,176.2393,175.1328,172.7168,175.5723,174.9153,0.7752,0.6966,0.8153,0.6733,0.6733,0.764,0.6554,0.7532,0.675,0.6554,0.7803,0.7787,0.7749,0.7061,0.7061,0.7205,0,0.6846,0.7006,0.6846,0,0,0,0,0,v1.0.1,2025_12_22,312.6852,315.5,438.4286,301.1875,298.6303,183.5378,183.4417,330.4167,326.8571,447.1176,-7.4914,-3.9481,-0.0001,0,-0.2128,1.5642,-0.2144,1.563,0.675,148.4746,144.1377,143.1855,146.0459,145.4609,0.6444,0.5899,0.6732,0.6089,0.5899,0.624,0.5657,0.6283,0.5808,0.5657,0.6426,0.6241,0.6456,0.6096,0.6096,0.5838,0.5454,0.5135,0.5585,0.5135,0,0,0,0,0,0.0006,-0.0681,-0.0086,-0.0356,-0.0356,-0.0155,-0.0642,0.0038,-0.0245,-0.0245,0.0035,-0.005,-0.0082,-0.0076,-0.0765,-0.0875,-0.0166,-0.0358,0.0052,-0.0356,-0.0161,-0.0437,0.0023,-0.0206,-0.0161,-0.0017,-0.0476,-0.0095,-0.0083,-0.0287,-0.0171,-0.022,-0.0124,-0.0002,-0.0298,-0.0478,0.0016,-0.0082,-0.0157,-0.069,-0.0106,-0.1284,0.0105,-0.1156,-0.1125,0.0223,-0.1249,-0.013,-0.083,-0.0863,0.0002,0.0123,0.0185,0.0161,-0.0187,-0.0509,-0.0119,-0.0937,-0.0012,-0.0784,-0.0664,-0.0098,-0.0909,0.0004,-0.0637,-0.0622,-0.0043,-0.0145,0.0101,0.002,0.002,-0.0081,-0.0638,TRUE,TRUE
DTC_R_7,LanSi,1,CW_01,B,2026-03-27 09:37:25+08:00,ONLINE,FALSE,,CW_1_01,PASS,,,51.4021443,_2026032709372590601,T20260327093725,DESKTOP-P2DUL42,Loma,1,CW_1_01,1,paul di,2024.0718.155524,V20260126.2,CW_DTCL_DTCR_STC,T20260327093817,51.4021443,TRUE,TRUE,TRUE,TRUE,TRUE,TRUE,TRUE,4S2RND2HBL0DP6,v1.0.1,2025_12_22,315.146,317.1095,474.7388,297.2313,295.1918,148.4247,149.6871,337.0408,335.2847,484.0657,-5.4903,-2.7256,-0.0001,0,-0.2234,1.5525,-0.2194,1.5502,0.665,155.9326,152.7324,152.3262,155.7354,154.1816,0.8702,0.8434,0.8745,0.8308,0.8308,0.8173,0.7822,0.8232,0.7423,0.7423,0.8201,0.8197,0.8082,0.8271,0.7663,0.7661,0.7685,0.6906,0.6906,0.8552,0.8388,0.8092,0.948,0.8092,0.8419,0.8186,0.7902,0.8274,0.69,0.98,0.718,0.8425,0.69,0,0,0,0,0,v1.0.1,2025_12_22,315.0857,317.0214,475.8043,297.1667,295.0608,147.4324,148.3816,337.2895,335.4526,485.0803,-5.543,-2.7019,-0.0001,0,-0.2224,1.5527,-0.2205,1.5497,0.6649,164.459,159.2637,167.7559,166.9961,164.6187,0.7056,0.6977,0.7172,0.7056,0.6977,0.6871,0.6594,0.6695,0.6474,0.6474,0.6662,0.6607,0.6575,0.6647,0.6403,0.6462,0.618,0.592,0.592,0.6912,0.6739,0.6681,0.3893,0.3893,0.6577,0.6778,0.6558,0.6744,0.5788,0.0597,0.6396,0.6748,0.0597,0,0,0,0,0,v1.0.1,2025_12_22,317.3578,328.5321,441.5702,313.4298,302.6585,196.5285,188.7295,342.6803,331.8304,456.3125,-3.0707,7.9966,0,0.0001,-0.2205,1.5594,-0.209,1.5575,0.6718,177.4434,176.4238,176.3691,178.415,177.1628,0.7976,0.7114,0.8248,0.7229,0.7114,0.7727,0.6582,0.7873,0.6327,0.6327,0.7757,0.7716,0.7653,0.7483,0.7483,0.7501,0.692,0.7283,0,0.692,0,0,0,0,0,v1.0.1,2025_12_22,317.3578,328.5321,442.4513,313.5221,302.6098,195.813,187.8443,342.7705,331.9196,457.0536,-3.0634,8.0383,0,0.0001,-0.2189,1.5596,-0.209,1.5575,0.6723,148.3779,143.2061,144.9072,146.1133,145.6511,0.6586,0.6016,0.6849,0.603,0.6016,0.643,0.5798,0.6547,0.5462,0.5462,0.631,0.6374,0.6439,0.627,0.627,0.5925,0.583,0.5505,0.1968,0.1968,0,0,0,0,0,-0.0032,-0.0376,-0.0043,-0.0381,-0.0381,0.0022,-0.0383,-0.012,-0.0827,-0.0728,-0.0087,0.0057,-0.0119,0.0081,-0.0431,-0.0562,-0.035,-0.1221,0.0113,0.0122,0.0032,-0.0116,0.0028,-0.0188,-0.0047,-0.0005,-0.02,0.0006,-0.0398,-0.0215,0.0134,0.0192,-0.0068,0.0129,-0.0256,-0.0232,-0.0103,-0.0492,0.0068,0.0115,-0.0208,-0.1121,0.0158,-0.0978,-0.0976,0.0092,-0.1225,0.0153,-0.156,-0.1308,0.0007,0.0078,0.0138,0.0087,0.0042,-0.0112,-0.0078,-0.0759,0.0175,-0.0829,-0.0648,-0.0002,-0.0706,0.0161,-0.0992,-0.0924,-0.0103,-0.0058,0.0099,0.0064,0.0064,-0.0118,-0.0377,TRUE,TRUE
DTC_R_8,LanSi,1,CW_01,C,2026-03-27 09:39:16+08:00,ONLINE,FALSE,,CW_1_01,PASS,,,51.7865005,_2026032709391624501,T20260327093916,DESKTOP-P2DUL42,Loma,1,CW_1_01,1,paul di,2024.0718.155524,V20260126.2,CW_DTCL_DTCR_STC,T20260327094008,51.7865005,TRUE,TRUE,TRUE,TRUE,TRUE,TRUE,TRUE,4S2RND2HBL0DP6,v1.0.1,2025_12_22,315.1533,316.8102,474.6316,296.8647,295.3378,147.3784,149.5,337.0789,335.4167,484.3819,-5.4921,-2.9972,-0.0001,0,-0.2239,1.5539,-0.2212,1.5499,0.6647,155.9834,153.6279,153.1436,155.6475,154.6006,0.8678,0.8329,0.8832,0.8357,0.8329,0.805,0.7791,0.8286,0.784,0.7791,0.8204,0.8159,0.8253,0.8139,0.7573,0.7858,0.7055,0.7235,0.7055,0.856,0.8122,0.8099,0.2701,0.2701,0.8413,0.7807,0.7891,0.829,0.8198,0.7391,0.7806,0.8274,0.7391,0,0,0,0,0,v1.0.1,2025_12_22,315.1079,316.777,475.766,296.7021,295.1565,146.3469,148.4211,337.2105,335.7042,485.3732,-5.4689,-3.018,-0.0001,0,-0.2238,1.5537,-0.2215,1.5487,0.6643,165.043,158.7412,167.6943,167.8574,164.834,0.7148,0.6955,0.7129,0.703,0.6955,0.6691,0.6572,0.6687,0.6541,0.6541,0.645,0.6496,0.6549,0.6568,0.6446,0.6606,0.5862,0.5973,0.5862,0.6967,0.645,0.6769,0.5155,0.5155,0.6564,0.6581,0.6459,0.6634,0.668,0.6488,0.6452,0.6743,0.6452,0,0,0,0,0,v1.0.1,2025_12_22,317.514,328.1682,441.6697,312.9725,302.808,195.344,188.9286,342.5556,331.9633,456.5413,-2.9233,7.6163,0,0.0001,-0.2213,1.56,-0.2109,1.5582,0.6715,177.2266,177.2959,177.5205,178.1758,177.5547,0.8155,0.7278,0.8348,0.7179,0.7179,0.7638,0.6577,0.7808,0.6764,0.6577,0.7702,0.7684,0.7733,0.7299,0.7299,0.744,0.676,0.7343,0,0.676,0,0,0,0,0,v1.0.1,2025_12_22,317.3874,328.4054,442.4685,313.045,302.6667,194.7398,187.9274,342.6532,332,457.4182,-3.01,7.7523,0,0.0001,-0.2217,1.5606,-0.2091,1.5575,0.6718,148.8799,143.0059,144.7705,146.9141,145.8926,0.6609,0.6157,0.6917,0.6153,0.6153,0.6345,0.5803,0.6542,0.5803,0.5803,0.6318,0.6434,0.6497,0.6158,0.6158,0.6006,0.5429,0.5717,0.5283,0.5283,0,0,0,0,0,-0.0056,-0.0481,0.0044,-0.0332,-0.036,-0.0101,-0.0414,-0.0066,-0.041,-0.036,-0.0084,0.0019,0.0052,-0.0051,-0.0521,-0.0365,-0.098,-0.0892,0.0121,0.0129,0.0124,-0.0138,-0.0015,-0.0214,-0.0069,-0.0185,-0.0222,-0.0002,-0.0331,-0.0148,-0.0078,0.0081,-0.0094,0.005,-0.0213,-0.0088,-0.0421,-0.0439,0.0123,0.0203,-0.0029,-0.0957,0.0258,-0.1028,-0.0911,0.0003,-0.123,0.0088,-0.1123,-0.1058,-0.0048,0.0046,0.0218,-0.0097,-0.0019,-0.0052,-0.0055,-0.0618,0.0243,-0.0706,-0.0511,-0.0087,-0.0701,0.0156,-0.0651,-0.0583,-0.0095,0.0002,0.0157,-0.0048,-0.0048,-0.0037,-0.0165,TRUE,TRUE
DTC_L_8,LanSi,1,CW_01,C,2026-03-27 09:39:16+08:00,ONLINE,FALSE,,CW_1_01,PASS,,,51.7904906,_2026032709391623102,T20260327093916,DESKTOP-P2DUL42,Loma,1,CW_1_01,2,paul di,2024.0718.155524,V20260126.2,CW_DTCL_DTCR_STC,T20260327094008,51.7904906,TRUE,TRUE,TRUE,TRUE,TRUE,TRUE,TRUE,4S2RND2HBL06DS,v1.0.1,2025_12_22,315.2993,321.365,475.4737,300.2105,296.2739,149.8854,150.1448,341.1724,334.8029,487.2263,-5.1011,0.4719,-0.0001,0,-0.2308,1.5598,-0.2188,1.5532,0.6658,155.8105,152.0371,150.1416,155.7568,153.4365,0.8229,0.822,0.8448,0.7931,0.7931,0.7733,0.7559,0.7934,0.7473,0.7473,0.8108,0.8042,0.8329,0.754,0.731,0.736,0.7497,0.705,0.705,0.8124,0.98,0.7793,0.7269,0.7269,0.8341,0.8023,0.7518,0.8264,0.7977,0.769,0.7815,0.781,0.7518,0,0,0,0,0,v1.0.1,2025_12_22,315.2714,321.4643,476.6296,300.1926,296.1538,148.891,149.0748,341.3878,334.8417,488.2878,-5.1057,0.5447,-0.0001,0,-0.2306,1.56,-0.2188,1.5535,0.666,161.9209,158.748,164.8125,163.4219,162.2258,0.6889,0.6826,0.6908,0.6912,0.6826,0.6486,0.6383,0.6615,0.6571,0.6383,0.634,0.6527,0.6506,0.6295,0.6068,0.627,0.6302,0.6121,0.6068,0.6768,0.5225,0.6393,0.6366,0.5225,0.6473,0.6826,0.6433,0.6755,0.6673,0.658,0.673,0.6245,0.6245,0,0,0,0,0,v1.0.1,2025_12_22,314.0849,313.6698,439.2232,299.1786,300.547,182.5214,186.1983,328.3884,328.2712,444,-5.8351,-5.9484,-0.0001,-0.0001,-0.2148,1.5674,-0.2141,1.5619,0.6751,175.8057,175.2744,172.9619,175.9258,174.9919,0.7869,0.703,0.8063,0.6843,0.6843,0.7337,0.6501,0.7638,0.6564,0.6501,0.7743,0.7555,0.7741,0.698,0.698,0.7311,0,0.6867,0.6476,0.6476,0,0,0,0,0,v1.0.1,2025_12_22,314.0849,313.6698,440,298.9464,300.4634,181.8618,185.3802,328.4793,328.2881,444.9068,-5.8567,-5.9272,-0.0001,-0.0001,-0.2159,1.5673,-0.214,1.5625,0.675,147.6387,143.8301,142.5391,145.6377,144.9114,0.6583,0.5979,0.6761,0.6079,0.5979,0.6304,0.5533,0.6341,0.5771,0.5533,0.6315,0.6381,0.6539,0.5929,0.5929,0.588,0.543,0.5421,0.5152,0.5152,0,0,0,0,0,-0.0047,-0.0456,-0.0027,-0.0302,-0.0302,-0.0193,-0.075,-0.0124,-0.0391,-0.0391,-0.0078,-0.0084,0.0127,-0.023,-0.087,-0.0788,-0.0567,-0.0421,0.0081,-0.0376,0.0031,-0.0329,-0.003,-0.0179,-0.0032,-0.0176,-0.0409,0.0011,-0.0032,-0.022,-0.0351,-0.003,-0.0176,-0.0084,-0.047,-0.0493,-0.0198,-0.0143,0.0017,-0.0364,0.0011,-0.122,0.0015,-0.1046,-0.1015,-0.008,-0.1302,-0.0024,-0.1016,-0.0916,-0.0058,-0.0109,0.0177,0.008,-0.0081,-0.0488,0.002,-0.0857,0.0017,-0.0794,-0.0584,-0.0034,-0.1033,0.0062,-0.0674,-0.0746,-0.0154,-0.0005,0.0184,-0.0147,-0.0147,-0.0039,-0.0352,TRUE,TRUE
DTC_R_9,LanSi,1,CW_01,A,2026-03-27 09:41:09+08:00,ONLINE,FALSE,,CW_1_01,PASS,,,52.0137944,_2026032709410947901,T20260327094109,DESKTOP-P2DUL42,Loma,1,CW_1_01,1,paul di,2024.0718.155524,V20260126.2,CW_DTCL_DTCR_STC,T20260327094201,52.0137944,TRUE,TRUE,TRUE,TRUE,TRUE,TRUE,TRUE,4S2RND2HBL0DP6,v1.0.1,2025_12_22,315.3684,317.8647,475.4815,298.2889,295.8483,149.6,149.7415,338.034,336.0274,485.2123,-5.0066,-1.7,-0.0001,0,-0.2211,1.5548,-0.2207,1.5475,0.6651,156.4102,153.6182,153.5205,156.2031,154.938,0.8681,0.7908,0.8746,0.7815,0.7815,0.816,0.7641,0.8116,0.7807,0.7641,0.8243,0.8084,0.8098,0.8179,0.7187,0.7454,0.7609,0.7305,0.7187,0.8399,0.7959,0.7901,0.5027,0.5027,0.8521,0.7739,0.7547,0.8188,0.7884,0.98,0.8209,0.8337,0.7547,0,0,0,0,0,v1.0.1,2025_12_22,315.2574,317.8015,476.6148,298.1259,295.5878,148.5,148.5733,338.1267,336.1544,486.2617,-5.0625,-1.7368,-0.0001,0,-0.2208,1.5546,-0.2208,1.5469,0.665,164.0352,158.9941,167.457,166.5439,164.2576,0.706,0.6758,0.7108,0.6604,0.6604,0.6768,0.6354,0.6683,0.655,0.6354,0.6486,0.6458,0.6444,0.6504,0.6131,0.6437,0.6227,0.6082,0.6082,0.669,0.6657,0.662,0.0379,0.0379,0.64,0.6613,0.6541,0.6655,0.6496,0.5392,0.6431,0.659,0.5392,0,0,0,0,0,v1.0.1,2025_12_22,317.8585,329.2453,442.4224,314.3448,303.2903,197.379,189.1057,343.4065,332.3596,456.7193,-2.4927,8.719,0,0.0001,-0.2185,1.5602,-0.209,1.557,0.6724,176.8496,176.2041,176.5898,178.0459,176.9224,0.8185,0.6574,0.8242,0.6154,0.6154,0.7799,0.6481,0.78,0.6604,0.6481,0.7731,0.7721,0.7562,0.7492,0.7492,0.7389,0.6782,0.7234,0,0.6782,0,0,0,0,0,v1.0.1,2025_12_22,317.8173,329.2115,443.2793,314.2162,303.0081,196.6911,188.122,343.5447,332.5,457.5,-2.5547,8.7327,0,0.0001,-0.2184,1.559,-0.2096,1.5563,0.6718,148.4678,143.2793,145.042,146.1436,145.7332,0.674,0.5727,0.6791,0.5317,0.5317,0.6388,0.5725,0.6649,0.5599,0.5599,0.6307,0.6352,0.6262,0.6361,0.6262,0.6056,0.5629,0.5998,0.3057,0.3057,0,0,0,0,0,-0.0053,-0.0902,-0.0042,-0.0874,-0.0874,0.0009,-0.0564,-0.0236,-0.0443,-0.051,-0.0045,-0.0056,-0.0103,-0.0011,-0.0907,-0.0769,-0.0426,-0.0822,-0.004,-0.0069,0.0036,-0.0335,-0.0036,-0.064,-0.042,-0.0108,-0.044,-0.0006,-0.0322,-0.0335,-0.0042,0.0043,-0.0199,-0.0014,-0.0528,-0.0257,-0.0056,-0.033,-0.0154,0.0054,0.0001,-0.1661,0.0152,-0.2053,-0.1936,0.0164,-0.1326,0.008,-0.1283,-0.1154,-0.0019,0.0083,0.0047,0.0096,-0.007,-0.0161,0.0076,-0.1048,0.0117,-0.1542,-0.1347,-0.0044,-0.0779,0.0263,-0.0855,-0.0787,-0.0106,-0.008,-0.0078,0.0155,0.0056,0.0013,0.0116,TRUE,TRUE
DTC_L_9,LanSi,1,CW_01,A,2026-03-27 09:41:09+08:00,ONLINE,FALSE,,CW_1_01,FAIL,SFR_VIS_25cm_Ny4_06F_ROI14;SFR_VIS_25cm_Ny4_06F_Min,sfr_25Algo,51.9569464,_2026032709410953702,T20260327094109,DESKTOP-P2DUL42,Loma,1,CW_1_01,2,paul di,2024.0718.155524,V20260126.2,CW_DTCL_DTCR_STC,T20260327094201,51.9569464,TRUE,TRUE,TRUE,TRUE,TRUE,TRUE,TRUE,4S2RND2HBL06DS,v1.0.1,2025_12_22,314.2222,322.8667,474.1544,302.3309,294.9408,152.4342,148.4276,342.6382,333.4179,489.0373,-6.4674,2.3614,-0.0001,0,-0.2272,1.5576,-0.2182,1.5553,0.6669,155.1768,150.8643,149.0605,154.4033,152.3762,0.8288,0.7907,0.8433,0.7948,0.7907,0.7815,0.7725,0.7926,0.7635,0.7635,0.8219,0.8097,0.8158,0.7598,0.7969,0.6431,0.7551,0.6981,0.6431,0.828,0.98,0.7905,0.7886,0.7886,0.8488,0.7905,0.7799,0.8376,0.834,0.8173,0.7816,0.7809,0.7799,0,0,0,0,0,v1.0.1,2025_12_22,314.1884,322.913,475.2574,302.1985,294.7651,151.4362,147.3,342.7933,333.6739,490.0362,-6.463,2.3755,-0.0001,0,-0.2274,1.5575,-0.218,1.5542,0.6666,162.834,158.5967,164.7246,163.4668,162.4055,0.6816,0.6849,0.6885,0.6858,0.6816,0.6669,0.6376,0.6502,0.6463,0.6376,0.6622,0.6536,0.6608,0.6284,0.6528,0.5983,0.6475,0.6014,0.5983,0.6779,0.5079,0.6367,0.6449,0.5079,0.6488,0.6446,0.6403,0.68,0.6796,0.6693,0.6671,0.6307,0.6307,0,0,0,0,0,v1.0.1,2025_12_22,312.9524,315.181,438,300.9455,299.0339,184.1441,184.6364,329.7025,327.1379,445.5,-7.1479,-4.4054,-0.0001,0,-0.2128,1.5645,-0.2122,1.5619,0.6753,176.001,174.7871,173.126,175.4951,174.8523,0.7847,0.6895,0.8117,0.6889,0.6889,0.7597,0.6657,0.7597,0.6719,0.6657,0.7785,0.7722,0.7793,0.6945,0.6945,0.7326,0,0.6929,0.6585,0.6585,0,0,0,0,0,v1.0.1,2025_12_22,313,315.1538,438.7699,300.7699,299.0435,183.5304,183.8099,329.8595,327.1864,446.2288,-7.1381,-4.3915,-0.0001,0,-0.2134,1.5646,-0.2128,1.5625,0.6752,148.0215,143.6934,142.8828,145.6787,145.0691,0.6488,0.5942,0.6732,0.61,0.5942,0.6292,0.5746,0.6287,0.5876,0.5746,0.624,0.6379,0.6518,0.6173,0.6173,0.6042,0.549,0.5387,0.5366,0.5366,0,0,0,0,0,0.0012,-0.0769,-0.0042,-0.0285,-0.0326,-0.0111,-0.0584,-0.0132,-0.0229,-0.0229,0.0033,-0.0029,-0.0044,-0.0172,-0.0211,-0.1717,-0.0513,-0.049,0.0237,-0.0264,-0.0042,-0.0306,-0.0053,-0.0233,-0.0042,0.0007,-0.0416,-0.0102,-0.014,-0.0227,-0.0069,-0.0021,-0.0074,-0.0095,-0.001,-0.078,-0.0025,-0.025,0.0028,-0.039,-0.0011,-0.1355,0.0069,-0.1,-0.0969,0.018,-0.1146,-0.0065,-0.0861,-0.076,-0.0016,0.0058,0.0229,0.0045,-0.0066,-0.0426,-0.0075,-0.0894,-0.0012,-0.0773,-0.0621,-0.0046,-0.082,0.0008,-0.0569,-0.0533,-0.0229,-0.0007,0.0163,0.0097,0.0097,0.0123,-0.0386,TRUE,TRUE
DTC_R_10,LanSi,1,CW_01,B,2026-03-27 09:43:02+08:00,ONLINE,FALSE,,CW_1_01,PASS,,,51.6611573,_2026032709430264101,T20260327094302,DESKTOP-P2DUL42,Loma,1,CW_1_01,1,paul di,2024.0718.155524,V20260126.2,CW_DTCL_DTCR_STC,T20260327094354,51.6611573,TRUE,TRUE,TRUE,TRUE,TRUE,TRUE,TRUE,4S2RND2HBL0DP6,v1.0.1,2025_12_22,315.0882,316.5,474.6835,296.4532,295.1918,147.1575,149.5724,336.6382,335.4526,483.8248,-5.5023,-3.3853,-0.0001,0,-0.2244,1.5533,-0.2206,1.5492,0.6644,155.4531,152.8154,152.3838,155.293,153.9863,0.8601,0.8246,0.8732,0.8227,0.8227,0.8205,0.7488,0.8259,0.786,0.7488,0.8305,0.8097,0.8104,0.8113,0.7643,0.7535,0.7458,0.7208,0.7208,0.8515,0.8125,0.8014,0.98,0.8014,0.8505,0.7852,0.7841,0.8298,0.7996,0.829,0.7685,0.8307,0.7685,0,0,0,0,0,v1.0.1,2025_12_22,315.0144,316.4532,475.7626,296.3094,295.1419,146.2162,148.3907,336.755,335.7376,484.844,-5.4906,-3.3845,-0.0001,0,-0.2241,1.5541,-0.2207,1.5478,0.6643,164.8418,159.126,167.8828,167.1904,164.7603,0.7061,0.6881,0.7142,0.6842,0.6842,0.6815,0.6383,0.6658,0.6575,0.6383,0.6491,0.644,0.6526,0.6624,0.644,0.6458,0.5986,0.6117,0.5986,0.683,0.6612,0.6527,0.3079,0.3079,0.641,0.6591,0.6564,0.666,0.6685,0.6392,0.6549,0.6672,0.6392,0,0,0,0,0,v1.0.1,2025_12_22,317.5,327.8868,441.7168,312.6814,302.754,195.246,188.7805,342.3252,331.9469,455.9735,-2.9604,7.3226,0,0.0001,-0.2213,1.5596,-0.2112,1.558,0.6713,177.2783,176.8799,176.7969,178.3662,177.3303,0.8028,0.7173,0.8257,0.6732,0.6732,0.769,0.6614,0.778,0.6697,0.6614,0.7808,0.7645,0.7735,0.7478,0.7478,0.7381,0.6871,0.7392,0,0.6871,0,0,0,0,0,v1.0.1,2025_12_22,317.3942,328.0288,442.4522,312.6174,302.664,194.632,187.9274,342.4677,332.0177,456.7876,-3.0089,7.4067,0,0.0001,-0.2221,1.5603,-0.2106,1.5572,0.6712,148.5156,143.3447,144.9639,146.3184,145.7856,0.6664,0.613,0.6742,0.597,0.597,0.6379,0.5793,0.6537,0.5712,0.5712,0.6439,0.6279,0.6274,0.6234,0.6234,0.5962,0.5621,0.5933,0.4492,0.4492,0,0,0,0,0,-0.0133,-0.0564,-0.0056,-0.0462,-0.0462,0.0054,-0.0717,-0.0093,-0.039,-0.0663,0.0017,-0.0043,-0.0097,-0.0077,-0.0451,-0.0688,-0.0577,-0.0919,0.0076,0.0044,0.0037,-0.0212,-0.0002,-0.0402,-0.0182,-0.0061,-0.0411,-0.0031,-0.0297,-0.0306,-0.0037,0.0025,-0.0117,0.0106,-0.0219,-0.0236,-0.0297,-0.0295,-0.0014,-0.0039,-0.0156,-0.1062,0.0167,-0.1475,-0.1358,0.0055,-0.1193,0.006,-0.119,-0.1021,0.0058,0.0007,0.022,0.0082,-0.0078,-0.0003,0,-0.0645,0.0068,-0.0889,-0.0694,-0.0053,-0.0711,0.0151,-0.0742,-0.0674,0.0026,-0.0153,-0.0066,0.0028,0.0028,-0.0081,0.0051,TRUE,TRUE
DTC_L_10,LanSi,1,CW_01,B,2026-03-27 09:43:02+08:00,ONLINE,FALSE,,CW_1_01,PASS,,,51.9733232,_2026032709430259402,T20260327094302,DESKTOP-P2DUL42,Loma,1,CW_1_01,2,paul di,2024.0718.155524,V20260126.2,CW_DTCL_DTCR_STC,T20260327094354,51.9733232,TRUE,TRUE,TRUE,TRUE,TRUE,TRUE,TRUE,4S2RND2HBL06DS,v1.0.1,2025_12_22,315.2132,322.4412,475.4779,301.6397,296.4902,151.9542,150.034,342.2585,334.6934,487.6934,-5.1182,1.6974,-0.0001,0,-0.2286,1.5609,-0.2189,1.5529,0.6666,155.7559,151.4531,149.707,155.1592,153.0188,0.83,0.7912,0.85,0.7932,0.7912,0.7736,0.7575,0.7982,0.739,0.739,0.8111,0.8179,0.8119,0.7681,0.7378,0.7419,0.7591,0.6844,0.6844,0.8233,0.98,0.7754,0.7404,0.7404,0.8385,0.7224,0.7179,0.8229,0.8219,0.784,0.7816,0.7705,0.7179,0,0,0,0,0,v1.0.1,2025_12_22,315.1594,322.5,476.5857,301.5286,296.2318,151.0397,148.8699,342.4178,334.8058,488.7842,-5.1695,1.7541,-0.0001,0,-0.2287,1.5603,-0.2187,1.5527,0.6664,163.9443,159.2617,165.1641,165.0029,163.3433,0.682,0.6659,0.6843,0.6945,0.6659,0.6592,0.6396,0.6539,0.6539,0.6396,0.6583,0.659,0.6475,0.6179,0.6287,0.6402,0.6457,0.5981,0.5981,0.6883,0.4644,0.625,0.6318,0.4644,0.6555,0.6437,0.6022,0.6755,0.661,0.6645,0.6764,0.643,0.6022,0,0,0,0,0,v1.0.1,2025_12_22,314.0849,314.6698,439,300.3148,300.5,184.3898,186.1138,329.4959,328.1681,444.469,-5.9266,-4.8321,-0.0001,0,-0.2139,1.5664,-0.2148,1.5622,0.675,175.6602,174.4141,172.5898,175.4062,174.5176,0.7938,0.6777,0.8025,0.671,0.671,0.7501,0.6637,0.7539,0.6647,0.6637,0.7759,0.793,0.771,0.6988,0.6988,0.7192,0,0.6885,0.6576,0.6576,0,0,0,0,0,v1.0.1,2025_12_22,314.0374,314.6449,439.7589,300.1786,300.4068,183.5,185.2417,329.4917,328.2087,445.3826,-5.9693,-4.8605,-0.0001,0,-0.214,1.5667,-0.2143,1.5623,0.6752,149.4121,144.0195,143.0176,147.0938,145.8857,0.6552,0.5685,0.6634,0.6093,0.5685,0.6258,0.5753,0.6412,0.5905,0.5753,0.6213,0.6454,0.6216,0.6251,0.6213,0.5666,0.4799,0.5327,0.5279,0.4799,0,0,0,0,0,0.0024,-0.0764,0.0025,-0.0301,-0.0321,-0.019,-0.0734,-0.0076,-0.0474,-0.0474,-0.0075,0.0053,-0.0083,-0.0089,-0.0802,-0.0729,-0.0473,-0.0627,0.019,-0.0415,-0.0038,-0.0496,-0.0095,-0.0146,-0.0199,-0.007,-0.0396,-0.0065,-0.0064,-0.0207,-0.0108,0.0033,-0.0207,-0.02,-0.0251,-0.0361,-0.0043,-0.0283,0.0132,-0.0507,0.008,-0.1473,-0.0023,-0.1179,-0.1148,0.0084,-0.1166,-0.0123,-0.0933,-0.078,-0.0042,0.0266,0.0146,0.0088,-0.02,-0.047,-0.0011,-0.1151,-0.011,-0.078,-0.0878,-0.008,-0.0813,0.0133,-0.054,-0.0526,-0.0256,0.0068,-0.0139,0.0175,0.0137,-0.0253,-0.0446,TRUE,TRUE
DTC_L_11,LanSi,1,CW_01,C,2026-03-27 09:44:40+08:00,ONLINE,FALSE,,CW_1_01,PASS,,,51.7712967,_2026032709444075202,T20260327094440,DESKTOP-P2DUL42,Loma,1,CW_1_01,2,paul di,2024.0718.155524,V20260126.2,CW_DTCL_DTCR_STC,T20260327094532,51.7712967,TRUE,TRUE,TRUE,TRUE,TRUE,TRUE,TRUE,4S2RND2HBL06DS,v1.0.1,2025_12_22,314.1691,322.7647,474.4318,301.9545,294.8456,151.7383,148.4564,342.4832,333.4676,489.3813,-6.4259,2.1644,-0.0001,0,-0.2286,1.5578,-0.2179,1.555,0.6666,154.7393,150.5742,148.6299,154.1396,152.0208,0.8269,0.8194,0.8392,0.8009,0.8009,0.7821,0.7548,0.7994,0.7456,0.7456,0.8095,0.8136,0.8159,0.7792,0.7407,0.7072,0.7952,0.7085,0.7072,0.8094,0.6134,0.7941,0.7905,0.6134,0.8461,0.7528,0.7274,0.8387,0.8365,0.8258,0.8142,0.7781,0.7274,0,0,0,0,0,v1.0.1,2025_12_22,314.1691,322.7647,475.5333,301.8444,294.8467,150.7867,147.3709,342.596,333.695,490.3262,-6.377,2.1636,-0.0001,0,-0.2284,1.5584,-0.2178,1.5543,0.6666,164.0791,159.6953,165.7695,165.4443,163.7471,0.685,0.6882,0.6929,0.7029,0.685,0.6574,0.6295,0.6617,0.6443,0.6295,0.6523,0.6492,0.6579,0.6349,0.6277,0.6215,0.638,0.6152,0.6152,0.6778,0.5207,0.6285,0.6448,0.5207,0.6586,0.6333,0.6314,0.6738,0.6787,0.6966,0.6725,0.6343,0.6314,0,0,0,0,0,v1.0.1,2025_12_22,313,315.0971,438.1351,300.4324,299.2167,184.2083,184.605,329.5294,327.1739,445.4609,-7.0738,-4.5544,-0.0001,0,-0.2161,1.5654,-0.2114,1.562,0.6749,175.4922,174.6816,172.7422,175.3809,174.5742,0.7916,0.7148,0.8043,0.6981,0.6981,0.7552,0.641,0.7642,0.6472,0.641,0.7869,0.781,0.7686,0.7156,0.7156,0.7388,0,0.6944,0.7033,0.6944,0,0,0,0,0,v1.0.1,2025_12_22,312.9223,314.9223,438.9817,300.367,299.0789,183.4912,183.7886,329.5935,327.2137,446.2735,-7.103,-4.5705,-0.0001,0,-0.2144,1.5653,-0.2126,1.5619,0.675,149.5049,144.29,143.4346,147.3916,146.1553,0.665,0.6126,0.6713,0.6103,0.6103,0.6303,0.5501,0.6236,0.5817,0.5501,0.6354,0.6317,0.6534,0.6117,0.6117,0.5877,0.5181,0.5368,0.5563,0.5181,0,0,0,0,0,-0.0007,-0.0482,-0.0083,-0.0224,-0.0224,-0.0105,-0.0761,-0.0064,-0.0408,-0.0408,-0.0091,0.001,-0.0043,0.0022,-0.0773,-0.1076,-0.0112,-0.0386,0.0051,-0.0228,-0.0008,-0.0273,-0.0009,-0.0062,-0.0008,-0.0088,-0.0497,0.0013,-0.016,-0.0308,-0.0168,-0.0065,-0.0103,-0.003,-0.0261,-0.0548,-0.012,-0.0112,0.0027,-0.0472,0.0058,-0.1102,-0.0005,-0.0908,-0.0877,0.0135,-0.1393,-0.002,-0.1108,-0.1007,0.0068,0.0146,0.0122,0.0256,-0.0004,-0.0411,0.0087,-0.071,-0.0031,-0.077,-0.046,-0.0035,-0.1065,-0.0043,-0.0628,-0.0778,-0.0115,-0.0069,0.0179,0.0041,0.0041,-0.0042,-0.0405,TRUE,TRUE
DTC_R_11,LanSi,1,CW_01,C,2026-03-27 18:01:34+08:00,ONLINE,FALSE,,CW_1_01,FAIL,SFR_VIS_25cm_Ny4_06F_ROI14;SFR_VIS_25cm_Ny4_06F_Min;SFR_VIS_25cm_Ny4_06F_ROI14_Dev,sfr_25Algo,42.0945034,_2026032718013454001,T20260327180134,DESKTOP-P2DUL42,Loma,1,CW_1_01,1,paul di,2024.0718.155524,V20260126.2,CW_DTCL_DTCR_STC,T20260327180216,42.0945034,TRUE,TRUE,TRUE,TRUE,TRUE,TRUE,TRUE,4S2RND2HBL0DP6,v1.0.1,2025_12_22,315.1533,316.1898,474.7868,296.2721,295.4257,147.3649,149.5,336.4133,335.292,484,-5.4685,-3.452,-0.0001,0,-0.2236,1.554,-0.221,1.5508,0.6651,156.6572,153.873,153.2598,156.7197,155.1274,0.8736,0.8171,0.8692,0.832,0.8171,0.8203,0.7482,0.8205,0.7821,0.7482,0.8365,0.8205,0.8184,0.8088,0.6769,0.6296,0.7191,0.7279,0.6296,0.8466,0.8255,0.7965,0.344,0.344,0.8512,0.791,0.7835,0.8208,0.7777,0.7721,0.811,0.8503,0.7721,0,0,0,0,0,v1.0.1,2025_12_22,315.078,316.2411,475.8467,296.1898,295.2148,146.3289,148.4133,336.6133,335.55,484.9429,-5.4794,-3.4368,-0.0001,0,-0.2236,1.5539,-0.2211,1.5495,0.6647,164.8398,159.4453,168.2178,167.4521,164.9888,0.7028,0.6758,0.7078,0.7001,0.6758,0.6784,0.6453,0.673,0.6538,0.6453,0.6425,0.6554,0.6674,0.6768,0.5834,0.5833,0.5911,0.6016,0.5833,0.683,0.6669,0.645,0.473,0.473,0.6372,0.6624,0.6607,0.6824,0.6307,0.6626,0.6689,0.6992,0.6307,0,0,0,0,0,v1.0.1,2025_12_22,317.5,327.8868,441.7168,312.6814,302.8678,195.0496,188.7724,342.1301,331.9381,456.1858,-2.941,7.2867,0,0.0001,-0.2213,1.5606,-0.2097,1.5582,0.672,176.748,176.0195,175.9824,178.0391,176.6973,0.8054,0.6944,0.831,0.7097,0.6944,0.7662,0.7279,0.7789,0.6825,0.6825,0.7739,0.7619,0.764,0.7512,0.7512,0.7467,0.6769,0.7374,0,0.6769,0,0,0,0,0,v1.0.1,2025_12_22,317.3942,327.9712,442.4298,312.5702,302.7131,194.2459,187.9113,342.371,331.9561,457.0263,-3.0191,7.3369,0,0.0001,-0.222,1.5609,-0.2102,1.5579,0.6716,148.7949,143.3857,145.5303,146.5303,146.0603,0.6533,0.5925,0.683,0.6123,0.5925,0.6331,0.6283,0.6338,0.5789,0.5789,0.6229,0.6363,0.6376,0.636,0.6229,0.592,0.5575,0.5762,0.5518,0.5518,0,0,0,0,0,0.0002,-0.0639,-0.0096,-0.0369,-0.0518,0.0052,-0.0723,-0.0147,-0.0429,-0.0669,0.0077,0.0065,-0.0017,-0.0102,-0.1325,-0.1927,-0.0844,-0.0848,0.0027,-0.0005,0.0004,-0.0335,-0.0066,-0.0243,-0.0266,-0.0092,-0.0341,0.0041,-0.0334,-0.0236,-0.0103,0.0139,0.0031,0.025,-0.0825,-0.0861,-0.0372,-0.0396,-0.0014,-0.0116,-0.013,-0.1291,0.022,-0.111,-0.1146,0.0027,-0.0528,0.0069,-0.1062,-0.081,-0.0011,-0.0019,0.0125,0.0116,0.0008,-0.0021,-0.0131,-0.085,0.0156,-0.0736,-0.0739,-0.0101,-0.0221,-0.0048,-0.0665,-0.0597,-0.0184,-0.0069,0.0036,0.0154,0.0023,-0.0123,-0.012,TRUE,TRUE
DTC_L_12,LanSi,1,CW_01,A,2026-03-27 18:21:11+08:00,ONLINE,FALSE,,CW_1_01,PASS,,,44.8455607,_2026032718211187602,T20260327182111,DESKTOP-P2DUL42,Loma,1,CW_1_01,2,paul di,2024.0718.155524,V20260126.2,CW_DTCL_DTCR_STC,T20260327182156,44.8455607,TRUE,TRUE,TRUE,TRUE,TRUE,TRUE,TRUE,4S2RND2HBL06DS,v1.0.1,2025_12_22,314.2721,322.9559,474.3261,302.5942,294.8867,151.9667,148.5,342.7763,333.6115,489.3094,-6.3807,2.4205,-0.0001,0,-0.226,1.5574,-0.2185,1.5545,0.6669,156.2393,152.1963,150.251,155.7344,153.6052,0.8225,0.7983,0.8422,0.7755,0.7755,0.7688,0.7624,0.807,0.7523,0.7523,0.8198,0.809,0.8129,0.7671,0.7454,0.7154,0.7644,0.6908,0.6908,0.8303,0.98,0.8216,0.8342,0.8216,0.8383,0.7808,0.8041,0.8305,0.8429,0.818,0.7906,0.7644,0.7644,0,0,0,0,0,v1.0.1,2025_12_22,314.1643,323.0286,475.3669,302.3813,294.8289,150.9605,147.2905,343,333.7626,490.3094,-6.4173,2.4359,-0.0001,0,-0.2269,1.5584,-0.2186,1.5537,0.6666,162.9805,159.1797,164.9316,163.9551,162.7617,0.6781,0.6788,0.6871,0.6956,0.6781,0.6467,0.6362,0.6524,0.6577,0.6362,0.6524,0.6594,0.6636,0.6338,0.6201,0.6282,0.6474,0.6128,0.6128,0.6881,0.479,0.6745,0.676,0.479,0.6611,0.6701,0.6322,0.6665,0.6615,0.6935,0.6775,0.6293,0.6293,0,0,0,0,0,v1.0.1,2025_12_22,313,315.3962,438.009,301.1081,299.1466,184.4138,184.6167,329.925,327.1053,445.6754,-7.1245,-4.1963,-0.0001,0,-0.2133,1.5649,-0.2122,1.5624,0.6755,175.4404,174.79,172.5049,175.3525,174.522,0.7997,0.6973,0.8094,0.6685,0.6685,0.7499,0.6529,0.7654,0.6586,0.6529,0.78,0.7649,0.7687,0.7014,0.7014,0.7404,0,0.7237,0.7237,0.7237,0,0,0,0,0,v1.0.1,2025_12_22,313,315.3148,438.7658,300.8739,299.0513,183.735,183.7984,329.9113,327.2735,446.4615,-7.1222,-4.2407,-0.0001,0,-0.2138,1.5647,-0.212,1.5619,0.6752,148.2305,144.1553,143.0342,146.2373,145.4143,0.6587,0.5976,0.6801,0.6074,0.5976,0.6313,0.5598,0.6342,0.5889,0.5598,0.6274,0.6413,0.6362,0.6214,0.6214,0.5806,0.5365,0.5946,0.5793,0.5365,0,0,0,0,0,-0.0051,-0.0693,-0.0053,-0.0478,-0.0478,-0.0238,-0.0685,0.0012,-0.0341,-0.0341,0.0012,-0.0036,-0.0073,-0.0099,-0.0726,-0.0994,-0.042,-0.0563,0.026,0.0047,-0.0077,-0.0367,-0.0067,-0.0135,-0.0077,-0.0195,-0.043,-0.008,-0.0026,-0.0241,-0.0167,0.0037,-0.0046,-0.0041,-0.0337,-0.0481,-0.0026,-0.0136,0.013,-0.0012,0.0139,-0.1277,0.0046,-0.1204,-0.1173,0.0082,-0.1274,-0.0008,-0.0994,-0.0888,-0.0001,-0.0015,0.0123,0.0114,0.0012,-0.0118,0.0024,-0.086,0.0057,-0.0799,-0.0587,-0.0025,-0.0968,0.0063,-0.0556,-0.0681,-0.0195,0.0027,0.0007,0.0138,0.0138,-0.0113,0.0173,TRUE,TRUE
DTC_R_12,LanSi,1,CW_01,A,2026-03-27 09:46:17+08:00,ONLINE,FALSE,,CW_1_01,PASS,,,51.4143765,_2026032709461777301,T20260327094617,DESKTOP-P2DUL42,Loma,1,CW_1_01,1,paul di,2024.0718.155524,V20260126.2,CW_DTCL_DTCR_STC,T20260327094709,51.4143765,TRUE,TRUE,TRUE,TRUE,TRUE,TRUE,TRUE,4S2RND2HBL0DP6,v1.0.1,2025_12_22,315.2868,317.4926,475.5,298,295.8767,148.8699,149.7703,337.6757,336,484.8639,-5.0133,-2.1196,-0.0001,0,-0.2206,1.5557,-0.2208,1.5471,0.6654,157.2627,155.1143,154.874,157.2109,156.1155,0.8626,0.8096,0.8831,0.7701,0.7701,0.8127,0.7534,0.8194,0.7446,0.7446,0.8081,0.8154,0.8113,0.827,0.738,0.7439,0.7739,0.7341,0.7341,0.8404,0.7949,0.8008,0.2814,0.2814,0.8563,0.7594,0.7597,0.8248,0.7906,0.6865,0.8184,0.8426,0.6865,0,0,0,0,0,v1.0.1,2025_12_22,315.3165,317.4532,476.6691,297.9265,295.6233,147.9247,148.6803,337.898,336.0805,486,-5.026,-2.0595,-0.0001,0,-0.2199,1.5546,-0.2216,1.5477,0.6652,163.3721,157,165.9043,165.998,163.0686,0.6927,0.6723,0.712,0.6591,0.6591,0.6809,0.6514,0.6639,0.6379,0.6379,0.6466,0.6511,0.6577,0.6627,0.6327,0.641,0.6169,0.613,0.613,0.6701,0.6527,0.6607,0.0696,0.0696,0.635,0.657,0.6385,0.6519,0.6402,0.5505,0.6178,0.6655,0.5505,0,0,0,0,0,v1.0.1,2025_12_22,317.7087,328.9223,442.4054,313.8919,303.232,196.944,189.0645,343.3548,332.3333,456.4298,-2.5512,8.4086,0,0.0001,-0.2194,1.561,-0.2112,1.5561,0.6716,177.7354,177.5811,177.8184,178.7188,177.9634,0.8093,0.6587,0.8225,0.6174,0.6174,0.7773,0.6361,0.7758,0.6218,0.6218,0.7792,0.7762,0.771,0.753,0.753,0.741,0.6596,0.7344,0,0.6596,0,0,0,0,0,v1.0.1,2025_12_22,317.7115,329,443.2523,313.9459,303.0333,196.0417,188.2195,343.3252,332.4035,457.3684,-2.576,8.4362,0,0.0001,-0.2188,1.5603,-0.2097,1.5563,0.672,147.3633,141.4326,143.1631,145.1865,144.2864,0.6656,0.5877,0.6709,0.5366,0.5366,0.6487,0.5693,0.6474,0.5425,0.5425,0.6419,0.6268,0.6357,0.6296,0.6268,0.5827,0.5482,0.5681,0.2839,0.2839,0,0,0,0,0,-0.0108,-0.0714,0.0043,-0.0988,-0.0988,-0.0024,-0.0671,-0.0158,-0.0804,-0.0705,-0.0207,0.0014,-0.0088,0.008,-0.0714,-0.0784,-0.0296,-0.0786,-0.0035,0.0038,-0.0097,-0.037,-0.0024,-0.0653,-0.0433,-0.0067,-0.028,-0.005,-0.0493,-0.031,-0.0062,0.0096,-0.0066,0.0109,-0.0332,-0.0284,-0.0114,-0.0282,-0.0143,0.0041,-0.0091,-0.1648,0.0135,-0.2033,-0.1916,0.0138,-0.1446,0.0038,-0.1669,-0.1417,0.0042,0.0124,0.0195,0.0134,-0.0049,-0.0051,-0.0008,-0.0898,0.0035,-0.1493,-0.1298,0.0055,-0.0811,0.0088,-0.1029,-0.0961,0.0006,-0.0164,0.0017,0.009,0.0062,-0.0216,-0.0201,TRUE,TRUE
DTC_L_13,LanSi,1,CW_01,B,2026-03-27 09:47:51+08:00,ONLINE,FALSE,,CW_1_01,PASS,,,43.9916808,_2026032709475131802,T20260327094751,DESKTOP-P2DUL42,Loma,1,CW_1_01,2,paul di,2024.0718.155524,V20260126.2,CW_DTCL_DTCR_STC,T20260327094835,43.9916808,TRUE,TRUE,TRUE,TRUE,TRUE,TRUE,TRUE,4S2RND2HBL06DS,v1.0.1,2025_12_22,315.2353,322.3529,475.458,301.8092,296.1208,151.9866,150.0272,342.3741,334.6765,487.9632,-5.1964,1.7972,-0.0001,0,-0.227,1.5586,-0.2201,1.5534,0.6662,154.9336,151.291,149.4326,154.6738,152.5828,0.8235,0.8005,0.8434,0.7913,0.7913,0.7894,0.7633,0.7989,0.7518,0.7518,0.8157,0.7992,0.8079,0.7646,0.742,0.7328,0.7531,0.7095,0.7095,0.8206,0.9096,0.7908,0.7404,0.7404,0.8374,0.7789,0.7616,0.8351,0.8075,0.757,0.7779,0.7715,0.757,0,0,0,0,0,v1.0.1,2025_12_22,315.1871,322.5396,476.6131,301.6569,296.0738,151.0134,148.8176,342.5743,334.7464,488.971,-5.2124,1.8511,-0.0001,0,-0.2281,1.5593,-0.2193,1.5533,0.6663,164.1426,160.0176,165.9551,165.54,163.9138,0.6869,0.6889,0.6867,0.6966,0.6867,0.6631,0.6359,0.6453,0.6531,0.6359,0.6427,0.6537,0.6611,0.6374,0.6347,0.6339,0.6267,0.6073,0.6073,0.6618,0.4236,0.6337,0.6257,0.4236,0.6414,0.6635,0.6285,0.6919,0.6845,0.6823,0.6643,0.6312,0.6285,0,0,0,0,0,v1.0.1,2025_12_22,314.0762,314.7238,439.1339,300.3393,300.3902,184.187,186.0984,329.5,328.1491,444.693,-5.9304,-4.8114,-0.0001,0,-0.214,1.5658,-0.2144,1.5624,0.675,176.0752,175.2773,173.4941,175.707,175.1384,0.7879,0.6978,0.7964,0.6945,0.6945,0.7439,0.6627,0.7523,0.6597,0.6597,0.7665,0.7712,0.7639,0.6978,0.6978,0.7268,0,0.6812,0.6303,0.6303,0,0,0,0,0,v1.0.1,2025_12_22,314.0472,314.6981,439.8468,300.2883,300.359,183.5128,185.096,329.512,328.359,445.5128,-5.9584,-4.7952,-0.0001,0,-0.2135,1.5663,-0.2139,1.5613,0.6751,149.7109,144.7861,144.0088,147.2725,146.4446,0.6578,0.6103,0.6699,0.6177,0.6103,0.6334,0.5717,0.6184,0.5828,0.5717,0.626,0.6383,0.6465,0.6097,0.6097,0.5949,0.526,0.5403,0.5211,0.5211,0,0,0,0,0,-0.0041,-0.0671,-0.0041,-0.032,-0.032,-0.0032,-0.0676,-0.0069,-0.0346,-0.0346,-0.0029,-0.0134,-0.0123,-0.0124,-0.076,-0.082,-0.0533,-0.0376,0.0163,-0.0261,0.0011,-0.0266,-0.0071,-0.0125,0.0009,-0.0031,-0.0433,-0.0151,-0.0072,-0.0244,-0.0264,-0.002,-0.0071,-0.0005,-0.0191,-0.0424,-0.0233,-0.0191,-0.0133,-0.042,0.0021,-0.1272,-0.0084,-0.0944,-0.0913,0.0022,-0.1176,-0.0139,-0.0983,-0.082,-0.0136,0.0048,0.0075,0.0078,-0.0124,-0.0543,0.0015,-0.0733,-0.0045,-0.0696,-0.046,-0.0004,-0.0849,-0.0095,-0.0617,-0.0562,-0.0209,-0.0003,0.011,0.0021,0.0021,0.003,-0.037,TRUE,TRUE
DTC_R_13,LanSi,1,CW_01,B,2026-03-27 18:04:18+08:00,ONLINE,FALSE,,CW_1_01,PASS,,,42.3135097,_2026032718041831801,T20260327180418,DESKTOP-P2DUL42,Loma,1,CW_1_01,1,paul di,2024.0718.155524,V20260126.2,CW_DTCL_DTCR_STC,T20260327180500,42.3135097,TRUE,TRUE,TRUE,TRUE,TRUE,TRUE,TRUE,4S2RND2HBL0DP6,v1.0.1,2025_12_22,315.3037,316.9185,475.5474,297.3504,295.726,148.5822,149.6711,336.9732,336,485.4145,-5.0503,-2.4523,-0.0001,0,-0.221,1.5545,-0.22,1.5481,0.6654,156.0068,153.8418,153.1758,155.8467,154.7178,0.871,0.7842,0.8637,0.7567,0.7567,0.8132,0.7496,0.8177,0.7883,0.7496,0.8171,0.8132,0.812,0.8151,0.7262,0.7359,0.8133,0.7821,0.7262,0.8416,0.7895,0.7992,0.468,0.468,0.8517,0.7687,0.7656,0.8221,0.7782,0.6328,0.8339,0.8506,0.6328,0,0,0,0,0,v1.0.1,2025_12_22,315.1884,316.913,476.6618,297.1176,295.6054,147.5442,148.396,337.0805,336.0196,486.4575,-5.1258,-2.4774,-0.0001,0,-0.2215,1.5552,-0.2198,1.548,0.6655,163.4824,157.3936,166.2441,166.3789,163.3748,0.7032,0.662,0.7153,0.6627,0.662,0.6833,0.6338,0.6729,0.6574,0.6338,0.6442,0.6602,0.6587,0.6609,0.6231,0.632,0.6366,0.6461,0.6231,0.6698,0.6459,0.661,0.1359,0.1359,0.6393,0.643,0.6457,0.6743,0.6391,0.5843,0.6483,0.6642,0.5843,0,0,0,0,0,v1.0.1,2025_12_22,317.7664,328.3178,442.4298,313.4737,303.1825,196.6032,189.0476,342.5,332.3103,456.5,-2.5527,7.9789,0,0.0001,-0.218,1.56,-0.2092,1.5573,0.6725,177.7607,177.874,177.5898,178.8154,178.01,0.8111,0.648,0.8113,0.6368,0.6368,0.7789,0.633,0.7809,0.7016,0.633,0.7795,0.7687,0.7596,0.7525,0.7525,0.7359,0.6738,0.7241,0,0.6738,0,0,0,0,0,v1.0.1,2025_12_22,317.713,328.3241,443.2432,313.3153,302.9667,195.9583,188,342.5,332.3333,457.4298,-2.6488,8.0055,0,0.0001,-0.2185,1.5593,-0.2083,1.5575,0.6725,147.502,141.7012,143.708,145.9678,144.7197,0.6601,0.5569,0.6745,0.5733,0.5569,0.6467,0.5484,0.6538,0.575,0.5484,0.6345,0.6323,0.646,0.6341,0.6323,0.5973,0.5658,0.5792,0.3755,0.3755,0,0,0,0,0,-0.0024,-0.0968,-0.0151,-0.1122,-0.1122,-0.0019,-0.0709,-0.0175,-0.0367,-0.0655,-0.0117,-0.0008,-0.0081,-0.0039,-0.0832,-0.0864,0.0098,-0.0306,-0.0023,0.0022,0.0008,-0.0473,0.0009,-0.0617,-0.0404,-0.0043,-0.0456,0.004,-0.0298,-0.0351,-0.0086,0.0187,-0.0056,0.0091,-0.0428,-0.0374,0.0083,0.0049,-0.0146,0.0044,-0.0073,-0.1755,0.0023,-0.1839,-0.1722,0.0154,-0.1477,0.0089,-0.0871,-0.1305,0.0045,0.0049,0.0081,0.0129,-0.01,-0.0154,-0.0063,-0.1206,0.0071,-0.1126,-0.1095,0.0035,-0.102,0.0152,-0.0704,-0.0902,-0.0068,-0.0109,0.012,0.0135,0.0117,-0.007,-0.009,TRUE,TRUE
DTC_L_14,LanSi,1,CW_01,C,2026-03-27 09:50:11+08:00,ONLINE,FALSE,,CW_1_01,PASS,,,51.4350271,_2026032709501155202,T20260327095011,DESKTOP-P2DUL42,Loma,1,CW_1_01,2,paul di,2024.0718.155524,V20260126.2,CW_DTCL_DTCR_STC,T20260327095102,51.4350271,TRUE,TRUE,TRUE,TRUE,TRUE,TRUE,TRUE,4S2RND2HBL06DS,v1.0.1,2025_12_22,314.2555,323.3796,474.3111,303.1185,294.9801,152.457,148.4238,343.4834,333.9574,490.156,-6.3144,3.0189,-0.0001,0,-0.2254,1.558,-0.2201,1.5527,0.6663,155.0557,151.2891,149.2207,154.2344,152.45,0.8158,0.7845,0.8382,0.7868,0.7845,0.7668,0.7599,0.803,0.749,0.749,0.8216,0.8255,0.8135,0.7729,0.7544,0.7266,0.7828,0.7147,0.7147,0.8295,0.6365,0.785,0.804,0.6365,0.8492,0.738,0.7465,0.842,0.8152,0.8369,0.8062,0.7791,0.738,0,0,0,0,0,v1.0.1,2025_12_22,314.227,323.4539,475.3235,303.0368,294.9408,151.4342,147.4133,343.6133,334,491.1357,-6.3191,3.0348,-0.0001,0,-0.2256,1.5586,-0.2198,1.5529,0.6666,164.3223,160.3447,166.4199,165.7119,164.1997,0.6798,0.673,0.6996,0.6981,0.673,0.6583,0.642,0.6506,0.6557,0.642,0.6431,0.6518,0.6544,0.6377,0.6426,0.638,0.6272,0.6095,0.6095,0.6789,0.493,0.6178,0.6596,0.493,0.6639,0.6389,0.6325,0.6778,0.6921,0.6914,0.6772,0.6245,0.6245,0,0,0,0,0,v1.0.1,2025_12_22,313.0849,315.6698,437.9633,301.5413,299.2397,184.9669,184.675,330.4333,327.2605,446.1849,-7.0553,-3.7408,-0.0001,0,-0.2121,1.5647,-0.214,1.5621,0.6752,175.8203,175.2012,173.0645,175.4092,174.8738,0.792,0.6663,0.8141,0.688,0.6663,0.7503,0.6547,0.7566,0.6708,0.6547,0.7844,0.7848,0.7573,0.7066,0.7066,0.7268,0,0.705,0.6934,0.6934,0,0,0,0,0,v1.0.1,2025_12_22,313.0849,315.6698,438.7589,301.4196,299.1765,184.1765,183.9274,330.5323,327.4098,447,-7.0285,-3.7404,-0.0001,0,-0.2124,1.5649,-0.2141,1.5616,0.675,149.8438,144.8242,144.084,147.5791,146.5828,0.6674,0.5893,0.6755,0.618,0.5893,0.6286,0.5622,0.6248,0.5878,0.5622,0.6235,0.6407,0.6492,0.6128,0.6128,0.5891,0.524,0.5362,0.552,0.524,0,0,0,0,0,-0.0118,-0.0831,-0.0093,-0.0365,-0.0388,-0.0258,-0.071,-0.0028,-0.0374,-0.0374,0.003,0.0129,-0.0067,-0.0041,-0.0636,-0.0882,-0.0236,-0.0324,0.0252,-0.0319,-0.006,-0.0425,0.0058,-0.011,-0.0128,-0.0079,-0.0372,-0.0098,-0.0046,-0.0183,-0.026,-0.0039,-0.0138,-0.0002,-0.0112,-0.0383,-0.0228,-0.0169,0.0038,-0.0579,0.0062,-0.1587,0.0093,-0.1009,-0.1195,0.0086,-0.1256,-0.0096,-0.0872,-0.087,0.0043,0.0184,0.0009,0.0166,-0.0124,-0.0305,0.0111,-0.0943,0.0011,-0.0693,-0.067,-0.0052,-0.0944,-0.0031,-0.0567,-0.0657,-0.0234,0.0021,0.0137,0.0052,0.0052,-0.0028,-0.0411,TRUE,TRUE
DTC_R_14,LanSi,1,CW_01,B,2026-03-27 09:50:11+08:00,ONLINE,FALSE,,CW_1_01,PASS,,,51.7751161,_2026032709501142001,T20260327095011,DESKTOP-P2DUL42,Loma,1,CW_1_01,1,paul di,2024.0718.155524,V20260126.2,CW_DTCL_DTCR_STC,T20260327095103,51.7751161,TRUE,TRUE,TRUE,TRUE,TRUE,TRUE,TRUE,4S2RND2HBL0DP6,v1.0.1,2025_12_22,315.2815,316.8444,475.4504,297.0916,295.7361,148.5208,149.6623,336.7219,336.1,486.28,-5.054,-2.4083,-0.0001,0,-0.2222,1.5547,-0.2189,1.548,0.6654,157.1748,154.3848,153.9971,156.8848,155.6104,0.8675,0.8171,0.8819,0.8112,0.8112,0.8302,0.8086,0.8155,0.8065,0.8065,0.8181,0.8111,0.8154,0.8194,0.7751,0.7216,0.8007,0.7991,0.7216,0.8421,0.8023,0.7926,0.1748,0.1748,0.8434,0.7751,0.7459,0.8267,0.7911,0.516,0.8501,0.841,0.516,0,0,0,0,0,v1.0.1,2025_12_22,315.1957,316.8333,476.5481,297.0074,295.517,147.5442,148.5329,336.8487,336.14,487.3067,-5.1133,-2.3919,-0.0001,0,-0.2217,1.5546,-0.219,1.548,0.6655,164.0713,158.9102,167.5186,166.7529,164.3132,0.7068,0.6792,0.7163,0.6873,0.6792,0.6798,0.6608,0.6672,0.6545,0.6545,0.6678,0.6494,0.6547,0.6561,0.6485,0.6418,0.6167,0.644,0.6167,0.6724,0.6524,0.6545,0.1587,0.1587,0.6434,0.6542,0.6269,0.6578,0.6492,0.5552,0.6467,0.6489,0.5552,0,0,0,0,0,v1.0.1,2025_12_22,317.7905,328.1619,442.3661,313.2589,303.2205,196.5118,189.0887,342.371,332.4957,457.4444,-2.5077,8.0496,0,0.0001,-0.2185,1.5601,-0.2094,1.557,0.6723,177.4473,177.0605,177.2979,178.3809,177.5466,0.8129,0.6747,0.825,0.68,0.6747,0.7738,0.5002,0.7806,0.718,0.5002,0.7767,0.7691,0.759,0.7517,0.7517,0.7641,0.6618,0.727,0,0.6618,0,0,0,0,0,v1.0.1,2025_12_22,317.7664,328.3178,443.2162,313.2793,302.9918,195.9098,188.1057,342.4959,332.5833,458.1333,-2.5673,8.1272,0,0.0001,-0.2188,1.5592,-0.2084,1.5566,0.6721,148.3252,143.0635,145.0449,146.2324,145.6665,0.6761,0.5848,0.6802,0.5899,0.5848,0.6381,0.464,0.6515,0.5937,0.464,0.6384,0.6432,0.6407,0.6328,0.6328,0.6039,0.5347,0.5837,0.2557,0.2557,0,0,0,0,0,-0.0059,-0.0639,0.0031,-0.0577,-0.0577,0.0151,-0.0119,-0.0197,-0.0185,-0.0086,-0.0107,-0.0029,-0.0047,0.0004,-0.0343,-0.1007,-0.0028,-0.0136,-0.0018,-0.0044,0.0044,-0.0301,0.0019,-0.0371,-0.0232,-0.0078,-0.0186,-0.0017,-0.0327,-0.0144,0.015,0.0079,-0.0096,0.0043,-0.0174,-0.0276,-0.0116,0.0028,-0.012,-0.0021,-0.0055,-0.1488,0.016,-0.1407,-0.1343,0.0103,-0.2805,0.0086,-0.0707,-0.2633,0.0017,0.0053,0.0075,0.0121,0.0182,-0.0125,0.0097,-0.0927,0.0128,-0.096,-0.0816,-0.0051,-0.1864,0.0129,-0.0517,-0.1746,-0.0029,0,0.0067,0.0122,0.0122,-0.0004,-0.0045,TRUE,TRUE
DTC_R_15,LanSi,1,CW_01,C,2026-03-27 09:54:45+08:00,ONLINE,FALSE,,CW_1_01,PASS,,,51.559374,_2026032709544567601,T20260327095445,DESKTOP-P2DUL42,Loma,1,CW_1_01,1,paul di,2024.0718.155524,V20260126.2,CW_DTCL_DTCR_STC,T20260327095537,51.559374,TRUE,TRUE,TRUE,TRUE,TRUE,TRUE,TRUE,4S2RND2HBL0DP6,v1.0.1,2025_12_22,315.1533,316.8102,475.3037,297.0815,295.4354,148.3197,149.3514,336.9324,335.7823,484.3197,-5.2948,-2.8073,-0.0001,0,-0.2221,1.5538,-0.2203,1.5477,0.6648,156.6172,153.5225,153.2646,156.6016,155.0015,0.8758,0.798,0.8757,0.7707,0.7707,0.8162,0.7618,0.8364,0.7633,0.7618,0.81,0.8117,0.8179,0.811,0.7445,0.7408,0.7792,0.7654,0.7408,0.709,0.7937,0.7919,0.0624,0.0624,0.8482,0.7752,0.7688,0.8167,0.7887,0.7031,0.8194,0.8347,0.7031,0,0,0,0,0,v1.0.1,2025_12_22,315.1533,316.8102,476.292,297,295.1892,147.1959,148.2585,337.034,335.8456,485.2617,-5.3523,-2.8396,-0.0001,0,-0.2218,1.5531,-0.2201,1.5481,0.6648,165.0557,159.4824,168.1982,167.7334,165.1174,0.705,0.6628,0.7219,0.6592,0.6592,0.6797,0.6441,0.685,0.6469,0.6441,0.6481,0.6537,0.6497,0.6448,0.6334,0.6391,0.6241,0.6199,0.6199,0.6019,0.6595,0.6687,0.3634,0.3634,0.6465,0.6544,0.6393,0.6637,0.641,0.6008,0.6184,0.6557,0.6008,0,0,0,0,0,v1.0.1,2025_12_22,317.5,328.1132,442.2301,313.2301,302.9919,196.0894,188.8361,342.4262,332.0526,455.8684,-2.7779,7.6455,0,0.0001,-0.2182,1.5608,-0.2103,1.5569,0.6723,177.3652,176.3604,176.3574,178.1455,177.0571,0.8129,0.6558,0.8221,0.6328,0.6328,0.7772,0.6428,0.7775,0.6589,0.6428,0.7754,0.7798,0.7706,0.7498,0.7498,0.6677,0.6579,0.7363,0,0.6579,0,0,0,0,0,v1.0.1,2025_12_22,317.5048,328.0571,442.991,313.1081,302.748,195.2846,187.9113,342.629,332.1062,456.6195,-2.8478,7.6397,0,0.0001,-0.2181,1.5596,-0.2115,1.5572,0.6718,148.9502,143.7568,145.5596,146.8789,146.2864,0.6741,0.5731,0.6829,0.5603,0.5603,0.6481,0.5649,0.6456,0.5657,0.5649,0.6309,0.6252,0.6584,0.6117,0.6117,0.5531,0.5488,0.5857,0.4469,0.4469,0,0,0,0,0,0.0024,-0.083,-0.0031,-0.0982,-0.0982,0.0011,-0.0587,0.0012,-0.0617,-0.0533,-0.0188,-0.0023,-0.0022,-0.008,-0.0649,-0.0815,-0.0243,-0.0473,-0.1349,-0.0051,0.0026,-0.0465,0.0075,-0.0652,-0.0432,-0.0079,-0.0353,0.0161,-0.0403,-0.0248,-0.0047,0.0122,-0.0146,-0.007,-0.0325,-0.0303,-0.0042,-0.0213,-0.0825,0.0121,-0.0055,-0.1677,0.0131,-0.1879,-0.1762,0.0137,-0.1379,0.0055,-0.1298,-0.1207,0.0004,0.016,0.0191,0.0102,-0.0782,-0.0032,0.0077,-0.1044,0.0155,-0.1256,-0.1061,0.0049,-0.0855,0.007,-0.0797,-0.0737,-0.0104,-0.018,0.0244,-0.0089,-0.0089,-0.0512,-0.0025,TRUE,TRUE
DTC_L_15,LanSi,1,CW_01,A,2026-03-27 09:54:45+08:00,ONLINE,FALSE,,CW_1_01,PASS,,,51.3888305,_2026032709544585302,T20260327095445,DESKTOP-P2DUL42,Loma,1,CW_1_01,2,paul di,2024.0718.155524,V20260126.2,CW_DTCL_DTCR_STC,T20260327095537,51.3888305,TRUE,TRUE,TRUE,TRUE,TRUE,TRUE,TRUE,4S2RND2HBL06DS,v1.0.1,2025_12_22,314.2148,323.2222,474.2932,302.9323,294.8581,152.5608,148.5067,343.12,333.5468,489.446,-6.4161,2.7563,-0.0001,0,-0.2256,1.5573,-0.219,1.5545,0.6668,155.0811,151.376,149.3047,154.4893,152.5627,0.8167,0.7914,0.8495,0.7876,0.7876,0.7791,0.7675,0.8046,0.7548,0.7548,0.815,0.815,0.8249,0.7737,0.7014,0.7274,0.7739,0.7043,0.7014,0.8218,0.98,0.7859,0.8039,0.7859,0.8589,0.8106,0.8015,0.8204,0.8084,0.8314,0.788,0.7671,0.7671,0,0,0,0,0,v1.0.1,2025_12_22,314.1679,323.2847,475.3852,302.8889,294.8,151.6267,147.4667,343.3533,333.7762,490.4545,-6.3808,2.8216,-0.0001,0,-0.2253,1.5579,-0.2193,1.5535,0.6667,163.8389,159.5605,165.5576,165.0264,163.4958,0.6774,0.6659,0.6962,0.6988,0.6659,0.6541,0.6437,0.6561,0.6546,0.6437,0.651,0.656,0.6632,0.6382,0.6087,0.6295,0.6435,0.6013,0.6013,0.6623,0.3818,0.618,0.6501,0.3818,0.6608,0.6658,0.6296,0.6804,0.6679,0.6967,0.6651,0.6247,0.6247,0,0,0,0,0,v1.0.1,2025_12_22,313.0476,315.581,438.0541,301.4144,299.2397,184.9669,184.7107,330.2727,327.1765,445.8235,-7.0543,-3.8883,-0.0001,0,-0.2123,1.565,-0.2135,1.5622,0.6753,175.8857,175.4736,173.2383,175.4717,175.0173,0.8007,0.6817,0.8107,0.6881,0.6817,0.7558,0.6646,0.7636,0.6799,0.6646,0.7647,0.7769,0.7631,0.687,0.687,0.7443,0,0.6904,0.7026,0.6904,0,0,0,0,0,v1.0.1,2025_12_22,313,315.6038,438.8929,301.2589,299.1017,184.1017,183.878,330.3333,327.3193,446.605,-7.0616,-3.9194,-0.0001,0,-0.2129,1.565,-0.2131,1.5614,0.6751,149.2021,144.3311,143.5264,147.1484,146.052,0.6584,0.5796,0.6728,0.6048,0.5796,0.6392,0.5687,0.628,0.5939,0.5687,0.6279,0.6353,0.6433,0.6185,0.6185,0.6027,0.5349,0.5501,0.5594,0.5349,0,0,0,0,0,-0.0109,-0.0762,0.002,-0.0357,-0.0357,-0.0135,-0.0634,-0.0012,-0.0316,-0.0316,-0.0036,0.0024,0.0047,-0.0033,-0.1166,-0.0874,-0.0325,-0.0428,0.0175,-0.031,-0.0084,-0.0496,0.0024,-0.0103,-0.0199,-0.0121,-0.0355,-0.0043,-0.0057,-0.0166,-0.0181,0.0003,-0.005,0.0003,-0.0451,-0.0468,-0.0065,-0.0251,-0.0128,-0.0577,0.0149,-0.1433,0.0059,-0.1008,-0.1041,0.0141,-0.1157,-0.0026,-0.0781,-0.0771,-0.0154,0.0105,0.0067,-0.003,0.0051,-0.0451,0.0021,-0.104,-0.0016,-0.0825,-0.0767,0.0054,-0.0879,0.0001,-0.0506,-0.0592,-0.019,-0.0033,0.0078,0.0109,0.0109,0.0108,-0.0272,TRUE,TRUE
DTC_L_16,LanSi,1,CW_01,B,2026-03-27 09:57:00+08:00,ONLINE,FALSE,,CW_1_01,PASS,,,51.9273385,_2026032709570085602,T20260327095700,DESKTOP-P2DUL42,Loma,1,CW_1_01,2,paul di,2024.0718.155524,V20260126.2,CW_DTCL_DTCR_STC,T20260327095752,51.9273385,TRUE,TRUE,TRUE,TRUE,TRUE,TRUE,TRUE,4S2RND2HBL06DS,v1.0.1,2025_12_22,315.4593,321.3778,475.5188,300.2857,296.5098,150.0458,150.245,341.3907,334.8058,487.7842,-4.9923,0.6768,0,0,-0.2305,1.5601,-0.22,1.5545,0.666,156.7227,152.3301,150.8594,156.1885,154.0251,0.8255,0.816,0.8418,0.7979,0.7979,0.7832,0.7608,0.7976,0.7534,0.7534,0.8085,0.815,0.8034,0.7695,0.735,0.7436,0.754,0.7023,0.7023,0.7998,0.98,0.7715,0.754,0.754,0.8459,0.7489,0.7204,0.8292,0.8144,0.7811,0.7784,0.7716,0.7204,0,0,0,0,0,v1.0.1,2025_12_22,315.4085,321.5,476.6884,300.1304,296.281,149.2418,149.1149,341.6351,334.8921,488.777,-5.023,0.7569,-0.0001,0,-0.2312,1.5597,-0.22,1.5543,0.6657,164.5342,160.2012,166.3135,165.6494,164.1746,0.6826,0.6854,0.6982,0.6989,0.6826,0.6603,0.6259,0.6656,0.6573,0.6259,0.6416,0.6411,0.6372,0.6475,0.6139,0.6316,0.6403,0.6081,0.6081,0.6612,0.434,0.64,0.6306,0.434,0.6526,0.6293,0.5933,0.6789,0.6734,0.6658,0.6743,0.6429,0.5933,0,0,0,0,0,v1.0.1,2025_12_22,314.2056,313.729,439.2818,299.1,300.5932,182.5,186.3719,328.5455,328.4052,444.4655,-5.7285,-5.832,-0.0001,-0.0001,-0.2159,1.5669,-0.2149,1.5621,0.6746,176.293,175.1729,173.5625,175.7852,175.2034,0.7889,0.7148,0.8086,0.694,0.694,0.7454,0.6576,0.7686,0.6659,0.6576,0.7748,0.7639,0.762,0.7035,0.7035,0.7058,0,0.6956,0.6328,0.6328,0,0,0,0,0,v1.0.1,2025_12_22,314.1121,313.7196,440.1161,298.9375,300.547,181.7265,185.395,328.605,328.375,445.1417,-5.791,-5.8739,-0.0001,-0.0001,-0.2163,1.5679,-0.2146,1.5622,0.6748,149.8242,144.8857,144.0566,147.4395,146.5515,0.6608,0.5971,0.6616,0.6148,0.5971,0.6283,0.5634,0.6159,0.5783,0.5634,0.6309,0.6346,0.6445,0.5943,0.5943,0.5773,0.5049,0.5381,0.5186,0.5049,0,0,0,0,0,-0.0021,-0.0516,-0.0057,-0.0254,-0.0254,-0.0094,-0.0701,-0.0082,-0.033,-0.033,-0.0101,0.0024,-0.0168,-0.0075,-0.083,-0.0712,-0.0524,-0.0448,-0.0045,-0.0454,-0.0032,-0.0301,0.0044,-0.0102,-0.0032,-0.0059,-0.0533,0.0052,-0.003,-0.0344,-0.0275,-0.0146,-0.031,0.0096,-0.0399,-0.0447,-0.0097,-0.0183,-0.0139,-0.0357,0.0031,-0.1102,0.0038,-0.0949,-0.0918,0.0037,-0.1227,0.0024,-0.0921,-0.0841,-0.0053,-0.0025,0.0056,0.0135,-0.0334,-0.0399,0.0045,-0.0865,-0.0128,-0.0725,-0.0592,-0.0055,-0.0932,-0.012,-0.0662,-0.0645,-0.016,-0.004,0.009,-0.0133,-0.0133,-0.0146,-0.0392,TRUE,TRUE
DTC_R_16,LanSi,1,CW_01,A,2026-03-27 09:57:01+08:00,ONLINE,FALSE,,CW_1_01,PASS,,,51.7408366,_2026032709570102601,T20260327095701,DESKTOP-P2DUL42,Loma,1,CW_1_01,1,paul di,2024.0718.155524,V20260126.2,CW_DTCL_DTCR_STC,T20260327095752,51.7408366,TRUE,TRUE,TRUE,TRUE,TRUE,TRUE,TRUE,4S2RND2HBL0DP6,v1.0.1,2025_12_22,315.1533,316.1898,474.7612,296.1791,295.2483,146.7724,149.5,336.5867,335.4191,483.9632,-5.4836,-3.5618,-0.0001,0,-0.2242,1.5533,-0.222,1.5501,0.6643,156.4062,153.8145,153.6455,156.2822,155.0371,0.8627,0.8378,0.8724,0.8371,0.8371,0.7891,0.769,0.8235,0.7593,0.7593,0.8107,0.812,0.8197,0.8133,0.76,0.7514,0.7443,0.6893,0.6893,0.8349,0.7676,0.8047,0.98,0.7676,0.8582,0.7902,0.7919,0.8205,0.8061,0.8071,0.7593,0.8325,0.7593,0,0,0,0,0,v1.0.1,2025_12_22,315.0714,316.1929,475.8768,296.1522,295.1156,145.8912,148.3841,336.649,335.708,485,-5.4688,-3.523,-0.0001,0,-0.2235,1.5536,-0.2216,1.5486,0.6643,163.4678,157.6191,166.083,165.8291,163.2498,0.7002,0.689,0.7148,0.7082,0.689,0.6589,0.6586,0.677,0.6409,0.6409,0.6362,0.6461,0.6523,0.6564,0.6411,0.6393,0.602,0.5956,0.5956,0.6835,0.6066,0.6656,0.4746,0.4746,0.6445,0.6611,0.6795,0.6647,0.6759,0.669,0.6366,0.6682,0.6366,0,0,0,0,0,v1.0.1,2025_12_22,317.3645,327.8131,441.6991,312.5044,302.7258,195.0806,188.7724,342.1301,331.9469,456.0796,-2.9983,7.2216,0,0.0001,-0.222,1.5604,-0.2104,1.5571,0.6713,178.0928,177.7979,177.8271,179.1455,178.2158,0.8098,0.7108,0.8196,0.72,0.7108,0.7396,0.6729,0.7824,0.6266,0.6266,0.7708,0.7654,0.7535,0.7381,0.7381,0.7474,0.6806,0.7215,0,0.6806,0,0,0,0,0,v1.0.1,2025_12_22,317.2885,328,442.5,312.5,302.6179,194.374,188,342.4127,331.9646,456.9204,-3.0258,7.3414,0,0.0001,-0.2226,1.5609,-0.2105,1.5569,0.6712,147.4736,141.9434,143.5225,145.3623,144.5754,0.6689,0.6051,0.6778,0.6208,0.6051,0.6173,0.5874,0.6454,0.5583,0.5583,0.6321,0.6277,0.6518,0.6308,0.6277,0.6087,0.5509,0.5667,0.5304,0.5304,0,0,0,0,0,-0.0107,-0.0432,-0.0064,-0.0318,-0.0318,-0.026,-0.0515,-0.0117,-0.0657,-0.0558,-0.0181,-0.002,-0.0004,-0.0057,-0.0494,-0.0709,-0.0592,-0.1234,-0.009,0.0077,-0.0022,-0.0203,0.0004,-0.0162,-0.0134,-0.0287,-0.0208,0.0081,-0.0463,-0.028,-0.0166,0.0046,-0.012,0.0046,-0.0248,-0.0301,-0.0263,-0.0456,-0.0009,0.009,-0.0086,-0.1127,0.0106,-0.1007,-0.0982,-0.0239,-0.1078,0.0104,-0.1621,-0.1369,-0.0042,0.0016,0.002,-0.0015,0.0015,-0.018,0.0025,-0.0724,0.0104,-0.0651,-0.0613,-0.0259,-0.063,0.0068,-0.0871,-0.0803,-0.0092,-0.0155,0.0178,0.0102,0.0071,0.0044,-0.0215,TRUE,TRUE
DTC_L_17,LanSi,1,CW_01,C,2026-03-27 10:03:08+08:00,ONLINE,FALSE,,CW_1_01,PASS,,,51.4730633,_2026032710030898502,T20260327100308,DESKTOP-P2DUL42,Loma,1,CW_1_01,2,paul di,2024.0718.155524,V20260126.2,CW_DTCL_DTCR_STC,T20260327100400,51.4730633,TRUE,TRUE,TRUE,TRUE,TRUE,TRUE,TRUE,4S2RND2HBL06DS,v1.0.1,2025_12_22,314.1103,323.8309,474.1241,303.4672,294.8079,152.7616,148.3377,343.7219,333.4338,489.7794,-6.5372,3.2122,-0.0001,0,-0.2261,1.5579,-0.2189,1.5544,0.6668,155.0801,150.9238,149.0615,154.3203,152.3464,0.8344,0.7914,0.8393,0.7936,0.7914,0.7786,0.7526,0.7917,0.7191,0.7191,0.8322,0.8143,0.8144,0.7592,0.7637,0.7283,0.7429,0.6918,0.6918,0.8242,0.98,0.7814,0.8042,0.7814,0.84,0.7907,0.7842,0.8401,0.8175,0.8325,0.7944,0.7771,0.7771,0,0,0,0,0,v1.0.1,2025_12_22,314.1533,323.8102,475.1679,303.2847,294.6753,151.7662,147.1959,343.8041,333.7609,490.7971,-6.5093,3.1925,-0.0001,0,-0.2263,1.5575,-0.2187,1.5534,0.6665,163.3643,158.4854,165.1895,164.4092,162.8621,0.6785,0.6692,0.6855,0.6984,0.6692,0.6563,0.6306,0.6625,0.6278,0.6278,0.6456,0.6579,0.6512,0.6398,0.6394,0.6384,0.6306,0.6071,0.6071,0.666,0.4714,0.6215,0.6544,0.4714,0.6592,0.6863,0.6453,0.6801,0.6807,0.6876,0.6733,0.6224,0.6224,0,0,0,0,0,v1.0.1,2025_12_22,312.9712,315.9519,437.7589,301.8214,298.9832,185.2605,184.5583,330.5833,327.0862,446.2241,-7.2284,-3.5317,-0.0001,0,-0.2122,1.5637,-0.2129,1.5624,0.6752,176.1318,174.9316,173.5586,175.3975,175.0049,0.7913,0.6964,0.8084,0.6923,0.6923,0.7509,0.6559,0.7561,0.6259,0.6259,0.7772,0.7671,0.7772,0.7096,0.7096,0.734,0,0.6867,0.702,0.6867,0,0,0,0,0,v1.0.1,2025_12_22,312.9706,316.049,438.5948,301.5948,298.9565,184.4696,183.6777,330.6777,327.094,447.1282,-7.2413,-3.5161,-0.0001,0,-0.214,1.5642,-0.2121,1.5629,0.6752,148.8623,143.4365,143.2881,146.6104,145.5493,0.6643,0.5791,0.6854,0.6135,0.5791,0.6317,0.564,0.6234,0.5714,0.564,0.6442,0.636,0.6504,0.6174,0.6174,0.5833,0.543,0.5375,0.559,0.5375,0,0,0,0,0,0.0068,-0.0762,-0.0082,-0.0297,-0.0319,-0.014,-0.0783,-0.0141,-0.0673,-0.0673,0.0136,0.0017,-0.0058,-0.0178,-0.0543,-0.0865,-0.0635,-0.0553,0.0199,-0.0355,-0.0073,-0.0463,-0.0083,-0.0107,-0.0166,-0.0099,-0.0486,0.0021,-0.0325,-0.0325,-0.0235,0.0022,-0.017,0.0019,-0.0144,-0.0379,-0.0194,-0.0193,-0.0091,-0.0542,0.0055,-0.1286,0.0036,-0.0966,-0.0935,0.0092,-0.1244,-0.0101,-0.1321,-0.1158,-0.0029,0.0007,0.0208,0.0196,-0.0052,-0.0488,0.008,-0.1045,0.011,-0.0738,-0.0772,-0.0021,-0.0926,-0.0045,-0.0731,-0.0639,-0.0027,-0.0026,0.0149,0.0098,0.0098,-0.0086,-0.0398,TRUE,TRUE
DTC_R_17,LanSi,1,CW_01,B,2026-03-27 10:03:08+08:00,ONLINE,FALSE,,CW_1_01,PASS,,,51.4770529,_2026032710030898901,T20260327100308,DESKTOP-P2DUL42,Loma,1,CW_1_01,1,paul di,2024.0718.155524,V20260126.2,CW_DTCL_DTCR_STC,T20260327100400,51.4770529,TRUE,TRUE,TRUE,TRUE,TRUE,TRUE,TRUE,4S2RND2HBL0DP6,v1.0.1,2025_12_22,315.1103,316.8309,474.7591,296.8467,295.4257,147.3649,149.5882,336.7451,335.5,484.411,-5.4233,-3.0603,-0.0001,0,-0.224,1.5546,-0.2192,1.5492,0.6652,157.5605,155.1289,154.7178,157.3105,156.1794,0.8608,0.8416,0.8766,0.8198,0.8198,0.8268,0.7463,0.8165,0.7827,0.7463,0.8215,0.8187,0.8034,0.818,0.7631,0.7443,0.7584,0.6916,0.6916,0.8357,0.8177,0.7981,0.1677,0.1677,0.8452,0.7941,0.7835,0.8205,0.8051,0.8159,0.7748,0.8426,0.7748,0,0,0,0,0,v1.0.1,2025_12_22,315.1087,316.8261,475.7914,296.6331,295.2148,146.3289,148.3893,336.9597,335.6643,485.3287,-5.4663,-3.0847,-0.0001,0,-0.2245,1.5541,-0.2197,1.5489,0.6647,163.3076,156.8975,165.5791,165.9033,162.9219,0.704,0.7053,0.7132,0.6869,0.6869,0.6841,0.6403,0.6682,0.6441,0.6403,0.6539,0.6644,0.6607,0.6579,0.6495,0.6559,0.6272,0.6107,0.6107,0.6766,0.6768,0.6594,0.4254,0.4254,0.641,0.6736,0.6561,0.6747,0.669,0.6884,0.6685,0.682,0.641,0,0,0,0,0,v1.0.1,2025_12_22,317.4673,328.3645,441.7876,313.0796,302.873,195.5794,188.9032,342.4113,331.964,456.4595,-2.901,7.6788,0,0.0001,-0.2218,1.5608,-0.2083,1.5576,0.6721,178.1953,178.1162,178.501,179.0518,178.4661,0.8149,0.7457,0.8241,0.7055,0.7055,0.7711,0.6669,0.7858,0.6574,0.6574,0.7688,0.7714,0.7684,0.7314,0.7314,0.7487,0.6922,0.7268,0,0.6922,0,0,0,0,0,v1.0.1,2025_12_22,317.4259,328.3981,442.5179,313.1696,302.76,194.88,188.024,342.544,332.0442,457.292,-2.9456,7.7568,0,0.0001,-0.2206,1.5609,-0.2084,1.5573,0.6723,147.5234,141.5303,143.125,145.4062,144.3962,0.6629,0.6315,0.682,0.6152,0.6152,0.636,0.5845,0.645,0.555,0.555,0.6381,0.6383,0.6425,0.6163,0.6163,0.6107,0.5593,0.5776,0.467,0.467,0,0,0,0,0,-0.0126,-0.0394,-0.0022,-0.0491,-0.0491,0.0117,-0.0742,-0.0187,-0.0423,-0.0688,-0.0073,0.0047,-0.0167,-0.001,-0.0463,-0.078,-0.0451,-0.1211,-0.0082,0.0011,0.0016,-0.004,-0.0012,-0.0375,-0.0155,-0.0035,-0.0391,-0.0007,-0.0431,-0.0286,0.0011,0.0229,-0.0036,0.0061,-0.0164,-0.0135,-0.0011,-0.0305,-0.0078,0.0028,-0.0035,-0.0778,0.0151,-0.1152,-0.1035,0.0076,-0.1138,0.0138,-0.1313,-0.1061,-0.0062,0.0076,0.0169,-0.0082,0.0028,-0.0127,-0.0035,-0.046,0.0146,-0.0707,-0.0512,-0.0072,-0.0659,0.0064,-0.0904,-0.0836,-0.0032,-0.0049,0.0085,-0.0043,-0.0043,0.0064,-0.0106,TRUE,TRUE
DTC_L_18,LanSi,1,CW_01,A,2026-03-27 10:06:48+08:00,ONLINE,FALSE,,CW_1_01,PASS,,,51.975082,_2026032710064812502,T20260327100648,DESKTOP-P2DUL42,Loma,1,CW_1_01,2,paul di,2024.0718.155524,V20260126.2,CW_DTCL_DTCR_STC,T20260327100740,51.975082,TRUE,TRUE,TRUE,TRUE,TRUE,TRUE,TRUE,4S2RND2HBL06DS,v1.0.1,2025_12_22,315.3507,321.0896,475.4662,300.0376,296.2353,149.8693,150.0833,340.9514,334.75,487.0221,-5.1229,0.294,-0.0001,0,-0.2302,1.5591,-0.2191,1.5539,0.6659,156.3008,151.9893,150.2803,155.8066,153.5942,0.822,0.8071,0.8435,0.7921,0.7921,0.7826,0.753,0.7985,0.744,0.744,0.8127,0.8205,0.8042,0.77,0.7452,0.7331,0.7498,0.7099,0.7099,0.8253,0.2244,0.7715,0.7535,0.2244,0.8461,0.7677,0.7266,0.839,0.8218,0.7602,0.7713,0.7699,0.7266,0,0,0,0,0,v1.0.1,2025_12_22,315.2754,321.1884,476.6812,299.971,296.1711,149.0395,149,341.1419,334.9209,488.1367,-5.0903,0.3955,-0.0001,0,-0.2302,1.5598,-0.2189,1.5531,0.6659,164.6836,160.0615,166.127,165.7002,164.1431,0.6838,0.683,0.6982,0.7015,0.683,0.6576,0.6326,0.6585,0.6378,0.6326,0.6462,0.6544,0.6525,0.6505,0.6112,0.6311,0.6411,0.6034,0.6034,0.6878,0.492,0.6374,0.6429,0.492,0.6648,0.6433,0.6043,0.6821,0.687,0.6753,0.6739,0.6477,0.6043,0,0,0,0,0,v1.0.1,2025_12_22,314.1143,313.5524,439.2054,298.9196,300.5424,182.4661,186.2177,328.2742,328.2167,443.7917,-5.8407,-6.0992,-0.0001,-0.0001,-0.2159,1.5671,-0.2141,1.5624,0.6749,176.2197,175.3389,173.4043,175.8906,175.2134,0.7974,0.7015,0.8042,0.6924,0.6924,0.7357,0.6435,0.7632,0.6486,0.6435,0.7699,0.7729,0.7535,0.6997,0.6997,0.7326,0,0.6874,0.6336,0.6336,0,0,0,0,0,v1.0.1,2025_12_22,314.0187,313.5514,439.8899,298.7248,300.35,181.6917,185.2893,328.3967,328.35,444.6917,-5.9204,-6.0888,-0.0001,-0.0001,-0.2167,1.567,-0.2143,1.5614,0.6743,150.0342,145.2334,143.9971,147.5938,146.7146,0.6649,0.5938,0.6724,0.6019,0.5938,0.6303,0.5604,0.6313,0.5715,0.5604,0.6366,0.6354,0.6367,0.6015,0.6015,0.5842,0.5246,0.5238,0.5262,0.5238,0,0,0,0,0,-0.0056,-0.0605,-0.004,-0.0312,-0.0312,-0.01,-0.0779,-0.0073,-0.0424,-0.0424,-0.0059,0.0079,-0.016,-0.007,-0.0728,-0.0817,-0.0566,-0.0372,0.021,-0.0454,-0.002,-0.0325,0.0044,-0.0076,-0.0028,-0.0086,-0.0466,-0.0019,-0.0225,-0.0277,-0.0229,-0.0013,-0.0157,0.0126,-0.0426,-0.0452,-0.0089,-0.023,0.0127,-0.0383,0.0116,-0.1235,-0.0006,-0.0965,-0.0934,-0.006,-0.1368,-0.003,-0.1094,-0.0982,-0.0102,0.0065,-0.0029,0.0097,-0.0066,-0.0481,0.0086,-0.0898,-0.002,-0.0854,-0.0625,-0.0035,-0.0962,0.0034,-0.073,-0.0675,-0.0103,-0.0032,0.0012,-0.0061,-0.0061,-0.0077,-0.0535,TRUE,TRUE
DTC_R_18,LanSi,1,CW_01,C,2026-03-27 10:06:48+08:00,ONLINE,FALSE,,CW_1_01,PASS,,,52.0548696,_2026032710064811701,T20260327100648,DESKTOP-P2DUL42,Loma,1,CW_1_01,1,paul di,2024.0718.155524,V20260126.2,CW_DTCL_DTCR_STC,T20260327100740,52.0548696,TRUE,TRUE,TRUE,TRUE,TRUE,TRUE,TRUE,4S2RND2HBL0DP6,v1.0.1,2025_12_22,315.0882,317.5,474.8309,297.7647,295.3931,147.8414,149.6711,337.9732,335.4085,485.5,-5.4216,-2.1842,-0.0001,0,-0.2224,1.5547,-0.2226,1.5499,0.6649,156.9668,154.4209,153.9551,156.5762,155.4797,0.8652,0.818,0.8712,0.8237,0.818,0.8318,0.7886,0.8179,0.7725,0.7725,0.8177,0.7982,0.8044,0.8218,0.7572,0.7676,0.742,0.7495,0.742,0.835,0.803,0.8028,0.98,0.8028,0.843,0.792,0.7861,0.8226,0.8105,0.7963,0.7884,0.8289,0.7861,0,0,0,0,0,v1.0.1,2025_12_22,315.1594,317.5,475.8623,297.5797,295.1986,146.8904,148.457,338.0927,335.5915,486.5,-5.4462,-2.1874,-0.0001,0,-0.2228,1.5538,-0.2224,1.55,0.6646,164.3193,158.5303,167.2627,166.8975,164.2524,0.7023,0.6948,0.7212,0.6901,0.6901,0.6762,0.6719,0.6655,0.6656,0.6655,0.6623,0.6479,0.6539,0.6679,0.6399,0.6511,0.6024,0.6211,0.6024,0.6995,0.6567,0.6656,0.3648,0.3648,0.6551,0.6621,0.6683,0.6802,0.6641,0.6828,0.6454,0.6823,0.6454,0,0,0,0,0,v1.0.1,2025_12_22,317.4476,328.981,441.7321,313.7321,302.744,196.032,188.878,343.4553,331.9009,457.5495,-2.9595,8.45,0,0.0001,-0.2216,1.5601,-0.2116,1.5583,0.6713,178.7188,178.4404,178.5137,179.876,178.8872,0.807,0.7073,0.8112,0.7186,0.7073,0.7711,0.6907,0.7716,0.6613,0.6613,0.7655,0.7527,0.7587,0.7428,0.7428,0.7413,0.6983,0.7269,0,0.6983,0,0,0,0,0,v1.0.1,2025_12_22,317.2885,329,442.7321,313.7321,302.6587,195.2063,188,343.5,331.9633,458.4587,-2.9715,8.4794,0,0.0001,-0.2206,1.5614,-0.2112,1.5574,0.6718,148.0771,142.7588,144.2441,145.9834,145.2659,0.6639,0.6071,0.6799,0.6057,0.6057,0.6501,0.5975,0.6491,0.5693,0.5693,0.6389,0.6364,0.6341,0.6177,0.6177,0.6134,0.5523,0.5839,0.4579,0.4579,0,0,0,0,0,-0.0082,-0.063,-0.0076,-0.0452,-0.0509,0.0167,-0.0319,-0.0173,-0.0525,-0.0426,-0.0111,-0.0158,-0.0157,0.0028,-0.0522,-0.0547,-0.0615,-0.0632,-0.0089,0.0058,-0.0001,-0.0145,0.0068,-0.0343,-0.0123,-0.0114,-0.0075,-0.0034,-0.0216,-0.0034,0.0095,0.0064,-0.0104,0.0161,-0.026,-0.0183,-0.0259,-0.0201,0.0151,0.009,-0.0114,-0.1162,0.0022,-0.1021,-0.1017,0.0076,-0.09,-0.0004,-0.1274,-0.1022,-0.0095,-0.0111,0.0072,0.0032,-0.0046,-0.0126,-0.0025,-0.0704,0.0125,-0.0802,-0.0607,0.0069,-0.0529,0.0105,-0.0761,-0.0693,-0.0024,-0.0068,0.0001,-0.0029,-0.0029,0.0091,-0.0043,TRUE,TRUE
DTC_R_19,LanSi,1,CW_01,A,2026-03-27 10:08:27+08:00,ONLINE,FALSE,,CW_1_01,PASS,,,51.5510449,_2026032710082759201,T20260327100827,DESKTOP-P2DUL42,Loma,1,CW_1_01,1,paul di,2024.0718.155524,V20260126.2,CW_DTCL_DTCR_STC,T20260327100919,51.5510449,TRUE,TRUE,TRUE,TRUE,TRUE,TRUE,TRUE,4S2RND2HBL0DP6,v1.0.1,2025_12_22,315.0882,316.5,474.6861,296.4526,295.44,147.5533,149.5724,336.6382,335.3431,484.1387,-5.474,-3.2435,-0.0001,0,-0.2244,1.5545,-0.2206,1.55,0.6649,156.9854,154.3115,153.9023,156.46,155.4148,0.872,0.8275,0.878,0.8359,0.8275,0.8215,0.7548,0.8305,0.7693,0.7548,0.7901,0.8156,0.8148,0.7951,0.7641,0.737,0.7459,0.7011,0.7011,0.8412,0.8255,0.8021,0.98,0.8021,0.8391,0.7883,0.7889,0.8266,0.7944,0.8413,0.751,0.8367,0.751,0,0,0,0,0,v1.0.1,2025_12_22,315,316.5,475.7626,296.3094,295.2585,146.4626,148.4575,336.817,335.558,485.0797,-5.4927,-3.2663,-0.0001,0,-0.2244,1.5547,-0.2209,1.5489,0.6646,163.1631,156.9463,165.3779,165.5996,162.7717,0.7119,0.6834,0.7044,0.7033,0.6834,0.6859,0.641,0.6767,0.6555,0.641,0.6557,0.6514,0.6692,0.65,0.6417,0.6337,0.6112,0.5937,0.5937,0.6877,0.6633,0.6789,0.3608,0.3608,0.6475,0.6527,0.6562,0.6643,0.6575,0.6287,0.6311,0.6686,0.6287,0,0,0,0,0,v1.0.1,2025_12_22,317.3942,328.0288,441.7321,312.7321,302.8306,195.6774,188.952,342.4,331.8919,456.3784,-2.9398,7.5434,0,0.0001,-0.2219,1.5607,-0.2109,1.5578,0.6714,177.2793,177.0029,176.9346,178.3008,177.3794,0.81,0.7092,0.8153,0.7156,0.7092,0.7809,0.6571,0.7644,0.6606,0.6571,0.7609,0.77,0.7688,0.7184,0.7184,0.7575,0.6897,0.7315,0,0.6897,0,0,0,0,0,v1.0.1,2025_12_22,317.3019,328.0472,442.4649,312.6667,302.672,194.888,188,342.5,331.9554,457.1339,-3.0212,7.5472,0,0.0001,-0.2218,1.5609,-0.2108,1.5572,0.6714,147.3848,141.3252,142.8789,144.9854,144.1436,0.6642,0.6064,0.6678,0.611,0.6064,0.6376,0.5759,0.6334,0.5703,0.5703,0.6308,0.6397,0.6566,0.6101,0.6101,0.5975,0.5675,0.5781,0.4364,0.4364,0,0,0,0,0,-0.0014,-0.0535,-0.0008,-0.033,-0.0414,0.0064,-0.0657,-0.0047,-0.0557,-0.0603,-0.0387,0.0016,-0.0053,-0.0239,-0.0453,-0.0853,-0.0576,-0.1116,-0.0027,0.0051,0.0095,-0.0259,-0.01,-0.0211,-0.019,-0.0017,-0.0384,0.0078,-0.0317,-0.0279,0.0029,0.0099,0.0049,-0.0018,-0.0242,-0.0357,-0.0171,-0.0475,0.0033,0.0223,-0.0084,-0.1143,0.0063,-0.1051,-0.0998,0.0174,-0.1236,-0.0076,-0.1281,-0.1064,-0.0141,0.0062,0.0173,-0.0212,0.0116,-0.008,-0.0022,-0.0711,0.0004,-0.0749,-0.06,-0.0056,-0.0745,-0.0052,-0.0751,-0.0683,-0.0105,-0.0035,0.0226,-0.0105,-0.0105,-0.0068,-0.0101,TRUE,TRUE
DTC_L_19,LanSi,1,CW_01,B,2026-03-27 10:08:27+08:00,ONLINE,FALSE,,CW_1_01,PASS,,,51.4343569,_2026032710082771702,T20260327100827,DESKTOP-P2DUL42,Loma,1,CW_1_01,2,paul di,2024.0718.155524,V20260126.2,CW_DTCL_DTCR_STC,T20260327100919,51.4343569,TRUE,TRUE,TRUE,TRUE,TRUE,TRUE,TRUE,4S2RND2HBL06DS,v1.0.1,2025_12_22,314.403,322.9925,474.2336,302.7883,295.0199,152.3245,148.6078,342.6667,333.7609,488.7971,-6.295,2.4138,-0.0001,0,-0.2252,1.5572,-0.2176,1.5541,0.6671,154.7656,150.6504,148.8691,153.833,152.0295,0.8275,0.7903,0.8386,0.7867,0.7867,0.7711,0.7751,0.7958,0.7509,0.7509,0.8163,0.8043,0.8265,0.7756,0.7446,0.735,0.7736,0.6955,0.6955,0.8128,0.98,0.7596,0.8077,0.7596,0.8451,0.7577,0.766,0.8296,0.8389,0.8242,0.7931,0.7626,0.7577,0,0,0,0,0,v1.0.1,2025_12_22,314.292,323,475.2837,302.5106,294.9408,151.4342,147.6093,342.755,333.8261,489.8551,-6.3096,2.411,-0.0001,0,-0.2261,1.558,-0.2175,1.5537,0.667,164.293,159.7734,166.0195,165.3945,163.8701,0.6814,0.6681,0.6943,0.6951,0.6681,0.6586,0.6439,0.6491,0.6458,0.6439,0.6433,0.6454,0.647,0.6281,0.6204,0.6348,0.6433,0.6052,0.6052,0.675,0.4235,0.6176,0.6496,0.4235,0.6646,0.6467,0.6284,0.6797,0.6651,0.6983,0.6706,0.6268,0.6268,0,0,0,0,0,v1.0.1,2025_12_22,313.0476,315.3714,437.8919,301.1351,299.1271,184.8305,184.776,329.776,327.2991,445.2821,-7.0716,-4.221,-0.0001,0,-0.213,1.564,-0.2113,1.561,0.6752,175.7969,174.7861,172.7725,175.1953,174.6377,0.7836,0.6854,0.8088,0.6792,0.6792,0.7511,0.6724,0.7497,0.6599,0.6599,0.7912,0.7682,0.7652,0.6981,0.6981,0.745,0,0.6668,0.707,0.6668,0,0,0,0,0,v1.0.1,2025_12_22,313.0762,315.2762,438.7156,301.0459,299.0169,183.9492,183.9496,329.8319,327.3277,446.1261,-7.0828,-4.2542,-0.0001,0,-0.2123,1.5636,-0.2117,1.5618,0.6754,149.1699,144.3242,143.6865,147.3105,146.1228,0.6552,0.5902,0.6758,0.6078,0.5902,0.6283,0.5722,0.6152,0.5841,0.5722,0.6305,0.6147,0.6447,0.6169,0.6147,0.6011,0.5097,0.5275,0.5509,0.5097,0,0,0,0,0,-0.0001,-0.0773,-0.0089,-0.0366,-0.0366,-0.0215,-0.0558,-0.01,-0.0355,-0.0355,-0.0023,-0.0083,0.0063,-0.0014,-0.0734,-0.0798,-0.0328,-0.0516,0.0085,-0.0573,-0.0044,-0.0474,0.0005,-0.014,-0.0177,-0.0076,-0.0353,-0.0113,-0.0145,-0.0164,-0.0258,-0.0103,-0.0212,-0.0098,-0.0334,-0.0415,-0.0067,-0.0212,-0.0001,-0.0581,-0.0022,-0.1396,0.004,-0.1097,-0.1066,0.0094,-0.1079,-0.0165,-0.0981,-0.0818,0.0111,0.0018,0.0088,0.0081,0.0058,-0.0687,-0.0011,-0.0934,0.0014,-0.0795,-0.0661,-0.0055,-0.0844,-0.0127,-0.0604,-0.0557,-0.0164,-0.0239,0.0092,0.0093,0.0071,0.0092,-0.0498,TRUE,TRUE
DTC_L_20,LanSi,1,CW_01,C,2026-03-27 10:10:13+08:00,ONLINE,FALSE,,CW_1_01,PASS,,,51.4902176,_2026032710101367902,T20260327101013,DESKTOP-P2DUL42,Loma,1,CW_1_01,2,paul di,2024.0718.155524,V20260126.2,CW_DTCL_DTCR_STC,T20260327101105,51.4902176,TRUE,TRUE,TRUE,TRUE,TRUE,TRUE,TRUE,4S2RND2HBL06DS,v1.0.1,2025_12_22,314.1045,323.5,474.1259,303.2148,294.8581,152.5608,148.5,343.1688,333.6331,489.6187,-6.4557,2.9126,-0.0001,0,-0.2256,1.5582,-0.2177,1.5533,0.667,156.4932,152.4961,150.374,155.8076,153.7927,0.8083,0.7997,0.8404,0.8179,0.7997,0.7797,0.7736,0.7999,0.7574,0.7574,0.8327,0.8148,0.8193,0.7525,0.7545,0.7327,0.7796,0.6988,0.6988,0.8268,0.98,0.7947,0.8021,0.7947,0.8502,0.8147,0.8102,0.8362,0.8272,0.8259,0.7985,0.7892,0.7892,0,0,0,0,0,v1.0.1,2025_12_22,314.1957,323.587,475.2609,303.1087,294.7815,151.5828,147.4221,343.2987,333.7589,490.6099,-6.4162,2.9374,-0.0001,0,-0.2259,1.5579,-0.2171,1.5537,0.6671,165.3945,160.791,167.0449,166.6621,164.9731,0.6683,0.6805,0.6909,0.7049,0.6683,0.6527,0.6328,0.6543,0.6557,0.6328,0.6503,0.6454,0.6627,0.6369,0.6307,0.6583,0.6435,0.6007,0.6007,0.6807,0.3213,0.6294,0.663,0.3213,0.6725,0.6723,0.6509,0.673,0.6691,0.6775,0.6611,0.6242,0.6242,0,0,0,0,0,v1.0.1,2025_12_22,313.0874,315.835,437.9541,301.7156,299.1917,184.975,184.7,329.9833,327.1724,446,-7.0789,-3.7982,-0.0001,0,-0.2121,1.5645,-0.2092,1.5625,0.6764,176.332,175.3701,173.2432,175.7754,175.1802,0.7762,0.7024,0.8077,0.6905,0.6905,0.7497,0.6744,0.7585,0.6687,0.6687,0.7824,0.7633,0.7763,0.7019,0.7019,0.736,0,0.6901,0.7097,0.6901,0,0,0,0,0,v1.0.1,2025_12_22,313.0865,315.7788,438.7281,301.5439,299.0339,184.1441,183.9091,330.1488,327.2797,446.8051,-7.0925,-3.8159,-0.0001,0,-0.2123,1.5639,-0.2103,1.5624,0.6759,150.6016,145.4502,144.7822,148.2734,147.2769,0.6423,0.5972,0.6727,0.6049,0.5972,0.6291,0.5741,0.6342,0.5916,0.5741,0.6441,0.6403,0.6369,0.6181,0.6181,0.5731,0.4787,0.5511,0.5539,0.4787,0,0,0,0,0,-0.0193,-0.0679,-0.0071,-0.0054,-0.0236,-0.0129,-0.0573,-0.0059,-0.029,-0.029,0.0141,0.0022,-0.0009,-0.0245,-0.0635,-0.0821,-0.0268,-0.0483,0.0225,-0.0222,-0.0175,-0.035,-0.0029,-0.0042,-0.0175,-0.0135,-0.0464,-0.0061,-0.0046,-0.0275,-0.0188,-0.0103,-0.0055,-0.001,-0.0231,-0.018,-0.0065,-0.0257,0.0056,-0.0463,-0.0096,-0.1226,0.0029,-0.0984,-0.0953,0.008,-0.1059,-0.0077,-0.0893,-0.073,0.0023,-0.0031,0.0199,0.0119,-0.0032,-0.0454,-0.014,-0.0864,-0.0017,-0.0824,-0.0591,-0.0047,-0.0825,0.0063,-0.0529,-0.0538,-0.0028,0.0017,0.0014,0.0105,0.0105,-0.0188,-0.0262,TRUE,TRUE
DTC_R_20,LanSi,1,CW_01,B,2026-03-27 10:10:13+08:00,ONLINE,FALSE,,CW_1_01,PASS,,,51.7550558,_2026032710101367801,T20260327101013,DESKTOP-P2DUL42,Loma,1,CW_1_01,1,paul di,2024.0718.155524,V20260126.2,CW_DTCL_DTCR_STC,T20260327101105,51.7550558,TRUE,TRUE,TRUE,TRUE,TRUE,TRUE,TRUE,4S2RND2HBL0DP6,v1.0.1,2025_12_22,315.0217,318.0435,474.8759,298.5328,295.2568,149.3446,149.6928,338.3399,335.2609,485.1087,-5.4784,-1.6261,-0.0001,0,-0.2209,1.5537,-0.2216,1.5497,0.6652,155.4512,153.2441,152.9951,155.2373,154.2319,0.8706,0.8352,0.8714,0.8385,0.8352,0.8268,0.7708,0.8187,0.7736,0.7708,0.8228,0.8299,0.818,0.8298,0.7586,0.7656,0.7768,0.7535,0.7535,0.8427,0.8222,0.8047,0.98,0.8047,0.8469,0.8079,0.7841,0.8353,0.6421,0.98,0.8024,0.84,0.6421,0,0,0,0,0,v1.0.1,2025_12_22,315.0217,318.0435,475.8921,298.223,295.1544,148.2617,148.5,338.5,335.2847,486.0657,-5.5294,-1.6812,-0.0001,0,-0.2221,1.5538,-0.2217,1.5503,0.6651,165.4229,159.3477,168.3418,167.9873,165.2749,0.6971,0.6929,0.7175,0.7009,0.6929,0.6906,0.6604,0.6706,0.6562,0.6562,0.6498,0.6563,0.6615,0.6703,0.643,0.656,0.6245,0.6164,0.6164,0.6857,0.6743,0.6735,0.4561,0.4561,0.6532,0.6758,0.6593,0.6859,0.5481,0.0261,0.6714,0.6728,0.0261,0,0,0,0,0,v1.0.1,2025_12_22,317.3578,329.4679,441.7168,314.4513,302.6532,197.0726,188.878,343.6667,331.8304,457.4643,-3.0128,8.9246,0,0.0001,-0.2197,1.5597,-0.2096,1.5577,0.672,177.3008,177.2314,177.3682,177.9922,177.4731,0.8086,0.714,0.8215,0.7366,0.714,0.7806,0.6881,0.7751,0.6494,0.6494,0.7517,0.7745,0.7558,0.7442,0.7442,0.7583,0.98,0.8186,0,0.7583,0,0,0,0,0,v1.0.1,2025_12_22,317.271,329.5794,442.5702,314.4298,302.5806,196.3387,188.0085,343.9492,331.8919,458.2162,-3.0356,9.0027,0,0.0001,-0.2198,1.5605,-0.2102,1.5571,0.6719,149.3242,143.5586,145.4277,147.1318,146.3606,0.6721,0.5992,0.6813,0.616,0.5992,0.6395,0.6079,0.6451,0.5561,0.5561,0.616,0.6306,0.6334,0.6268,0.616,0.6088,0.5707,0.5866,0.1615,0.1615,0,0,0,0,0,-0.0028,-0.0458,-0.0074,-0.0304,-0.0337,0.0117,-0.0497,-0.0165,-0.0514,-0.0443,-0.006,0.0159,-0.0021,0.0108,-0.0508,-0.0567,-0.0267,-0.0592,-0.0012,0.0077,-0.0053,-0.0164,0.0031,-0.0235,-0.0095,0.003,-0.019,0.0017,-0.031,-0.0127,-0.003,0.0148,-0.0028,0.0185,-0.0229,-0.0134,-0.0038,-0.0248,0.0013,0.0169,-0.0098,-0.1095,0.0125,-0.0841,-0.095,0.0171,-0.0926,0.0031,-0.1393,-0.1141,-0.0233,0.0107,0.0043,0.0046,0.0124,0.0791,0.0057,-0.0783,0.0139,-0.0699,-0.0672,-0.0037,-0.0425,0.0065,-0.0893,-0.0825,-0.0253,-0.0126,-0.0006,0.0062,-0.0046,0.0045,-0.0016,TRUE,TRUE
DTC_R_21,LanSi,1,CW_01,C,2026-03-27 10:12:05+08:00,ONLINE,FALSE,,CW_1_01,PASS,,,51.8776949,_2026032710120529901,T20260327101205,DESKTOP-P2DUL42,Loma,1,CW_1_01,1,paul di,2024.0718.155524,V20260126.2,CW_DTCL_DTCR_STC,T20260327101257,51.8776949,TRUE,TRUE,TRUE,TRUE,TRUE,TRUE,TRUE,4S2RND2HBL0DP6,v1.0.1,2025_12_22,315.1168,316.7299,474.6912,296.7426,295.4122,147.4122,149.5,337.3421,335.6571,484.75,-5.4245,-2.9046,-0.0001,0,-0.2241,1.5544,-0.2233,1.5486,0.6639,156.0811,153.8467,153.4297,156.0635,154.8552,0.8773,0.8423,0.8707,0.8408,0.8408,0.8217,0.7604,0.8202,0.7598,0.7598,0.8234,0.8189,0.8084,0.8033,0.7642,0.7633,0.7561,0.6839,0.6839,0.856,0.8277,0.8048,0.98,0.8048,0.8465,0.7807,0.7977,0.812,0.814,0.8865,0.7191,0.8356,0.7191,0,0,0,0,0,v1.0.1,2025_12_22,315.078,316.7589,475.773,296.5461,295.2148,146.3289,148.396,337.4295,335.7431,485.6528,-5.459,-2.9568,-0.0001,0,-0.2246,1.5543,-0.2229,1.5485,0.6638,165.4434,159.6387,167.9854,168.0068,165.2686,0.7055,0.688,0.6996,0.7045,0.688,0.6766,0.6515,0.6639,0.6472,0.6472,0.6565,0.6617,0.6453,0.6611,0.6379,0.6325,0.6092,0.5804,0.5804,0.6816,0.6734,0.6706,0.2685,0.2685,0.6547,0.6685,0.6612,0.6571,0.664,0.6285,0.6238,0.6697,0.6238,0,0,0,0,0,v1.0.1,2025_12_22,317.211,328.2569,441.6239,312.9358,302.811,195.5669,188.5583,342.5833,331.9561,456.7632,-3.0679,7.7212,0,0.0001,-0.222,1.5622,-0.2104,1.556,0.6715,177.834,177.6455,177.75,178.6328,177.9656,0.8066,0.6556,0.8238,0.723,0.6556,0.7565,0.6738,0.773,0.6495,0.6495,0.7718,0.7729,0.7796,0.7301,0.7301,0.7503,0.6827,0.7366,0,0.6827,0,0,0,0,0,v1.0.1,2025_12_22,317.3119,328.2752,442.5268,312.9018,302.6098,194.813,187.7107,342.7273,331.973,457.6306,-3.0736,7.7696,0,0.0001,-0.2216,1.5606,-0.2105,1.5574,0.6714,149.2539,143.5078,145.2764,147.3379,146.344,0.6777,0.5671,0.6898,0.63,0.5671,0.6289,0.5772,0.6526,0.5765,0.5765,0.6446,0.6439,0.6544,0.6245,0.6245,0.592,0.5558,0.5748,0.4454,0.4454,0,0,0,0,0,0.0039,-0.0387,-0.0081,-0.0281,-0.0281,0.0066,-0.0601,-0.015,-0.0652,-0.0553,-0.0054,0.0049,-0.0117,-0.0157,-0.0452,-0.059,-0.0474,-0.1288,0.0121,0.0078,0.0031,-0.0213,-0.0148,-0.0199,-0.0144,-0.011,-0.0279,-0.005,-0.04,-0.0217,0.0037,0.0202,-0.019,0.0093,-0.028,-0.0369,-0.0191,-0.0608,-0.0028,0.014,-0.0118,-0.1679,0.0148,-0.0977,-0.1534,-0.007,-0.1069,0.001,-0.1392,-0.114,-0.0032,0.0091,0.0281,-0.0095,0.0044,-0.0029,0.0113,-0.1104,0.0224,-0.0559,-0.0993,-0.0143,-0.0732,0.014,-0.0689,-0.0621,0.0033,0.0007,0.0204,0.0039,0.0039,-0.0123,-0.0134,TRUE,TRUE
DTC_L_21,LanSi,1,CW_01,A,2026-03-27 10:12:05+08:00,ONLINE,FALSE,,CW_1_01,PASS,,,51.8886651,_2026032710120530002,T20260327101205,DESKTOP-P2DUL42,Loma,1,CW_1_01,2,paul di,2024.0718.155524,V20260126.2,CW_DTCL_DTCR_STC,T20260327101257,51.8886651,TRUE,TRUE,TRUE,TRUE,TRUE,TRUE,TRUE,4S2RND2HBL06DS,v1.0.1,2025_12_22,314.2388,322.8209,474.2148,302.2222,294.9272,151.9868,148.5,342.5,333.5338,488.9624,-6.4171,2.1985,-0.0001,0,-0.2275,1.5577,-0.2177,1.5547,0.6668,156.0029,152.1299,150.0859,155.4316,153.4126,0.8256,0.808,0.8449,0.7974,0.7974,0.7775,0.7628,0.7999,0.7581,0.7581,0.8257,0.8164,0.8139,0.7731,0.7514,0.7262,0.7748,0.7033,0.7033,0.814,0.5846,0.7971,0.8058,0.5846,0.8427,0.7909,0.7695,0.8307,0.8321,0.8166,0.805,0.7752,0.7695,0,0,0,0,0,v1.0.1,2025_12_22,314.2409,322.8467,475.3066,302.1168,294.8533,150.9733,147.5,342.5867,333.7609,489.9203,-6.3677,2.1888,-0.0001,0,-0.2275,1.558,-0.2173,1.554,0.6668,164.2822,159.8486,166.0137,165.5742,163.9297,0.6861,0.6871,0.6971,0.7023,0.6861,0.6564,0.6444,0.6471,0.6588,0.6444,0.6543,0.655,0.6584,0.6443,0.6309,0.6206,0.6521,0.6036,0.6036,0.6744,0.5145,0.6296,0.6682,0.5145,0.6586,0.666,0.6336,0.6845,0.6784,0.6789,0.6765,0.6366,0.6336,0,0,0,0,0,v1.0.1,2025_12_22,313,315.0971,437.9273,300.7636,299.2017,184.3025,184.6417,329.5667,327.0862,445.2241,-7.1286,-4.5092,-0.0001,0,-0.2137,1.5652,-0.2117,1.5625,0.6755,175.8926,175.0254,173.0996,175.3613,174.8447,0.7913,0.6867,0.8023,0.6694,0.6694,0.7508,0.6595,0.7618,0.6703,0.6595,0.7798,0.7658,0.772,0.687,0.687,0.7344,0,0.6885,0.6984,0.6885,0,0,0,0,0,v1.0.1,2025_12_22,313.0288,315.0481,438.7168,300.6814,299.0435,183.5304,183.8145,329.6371,327.1121,446.0776,-7.1569,-4.5051,-0.0001,0,-0.2133,1.5643,-0.2119,1.5632,0.6756,149.6689,144.79,143.8359,147.6885,146.4958,0.6626,0.5934,0.6723,0.6003,0.5934,0.6384,0.5575,0.6214,0.588,0.5575,0.6356,0.6383,0.6341,0.6218,0.6218,0.5782,0.5399,0.5324,0.5453,0.5324,0,0,0,0,0,-0.002,-0.0596,-0.0026,-0.0259,-0.0259,-0.0151,-0.0681,-0.0059,-0.0283,-0.0283,0.0071,0.0038,-0.0063,-0.0039,-0.0666,-0.0886,-0.0316,-0.0438,0.0097,-0.0198,0.0003,-0.0284,0.0033,-0.0068,0.0003,-0.0098,-0.0348,-0.0133,-0.0015,-0.0159,-0.0148,-0.0007,-0.0098,0.0064,-0.0229,-0.0557,0.0021,-0.0228,-0.0007,-0.0461,0.0055,-0.1383,-0.0025,-0.1195,-0.1164,0.0091,-0.1208,-0.0044,-0.0877,-0.0822,-0.0003,-0.0006,0.0156,-0.003,-0.0048,-0.047,0.0063,-0.0902,-0.0021,-0.087,-0.0629,0.0046,-0.0991,-0.0065,-0.0565,-0.0704,-0.0113,-0.0003,-0.0014,0.0142,0.0142,-0.0137,-0.0449,TRUE,TRUE
DTC_R_22,LanSi,1,CW_01,A,2026-03-27 10:14:11+08:00,ONLINE,FALSE,,CW_1_01,PASS,,,51.3604341,_2026032710141112201,T20260327101411,DESKTOP-P2DUL42,Loma,1,CW_1_01,1,paul di,2024.0718.155524,V20260126.2,CW_DTCL_DTCR_STC,T20260327101502,51.3604341,TRUE,TRUE,TRUE,TRUE,TRUE,TRUE,TRUE,4S2RND2HBL0DP6,v1.0.1,2025_12_22,315,317.7279,474.7778,297.8667,295.4589,148.0548,149.4211,338.3684,335.292,486,-5.5101,-1.8964,-0.0001,0,-0.2232,1.5556,-0.2235,1.5503,0.6648,157.2773,154.6514,154.1826,156.4775,155.6472,0.8652,0.8234,0.8759,0.8447,0.8234,0.8278,0.7801,0.8206,0.7866,0.7801,0.8262,0.8186,0.8201,0.8247,0.7589,0.7813,0.742,0.7699,0.742,0.8408,0.8245,0.8002,0.2865,0.2865,0.8456,0.7985,0.7463,0.8119,0.8127,0.806,0.7902,0.8387,0.7463,0,0,0,0,0,v1.0.1,2025_12_22,315.0288,317.8273,475.7971,297.6812,295.1224,147.0816,148.2105,338.4211,335.3741,486.964,-5.5934,-1.905,-0.0001,0,-0.2241,1.5542,-0.2223,1.5506,0.6646,163.8818,157.7617,166.5479,165.9551,163.5366,0.6999,0.6986,0.7132,0.7032,0.6986,0.6704,0.6641,0.6848,0.6594,0.6594,0.6552,0.658,0.6501,0.6552,0.6247,0.644,0.6098,0.6264,0.6098,0.6687,0.6712,0.6721,0.4301,0.4301,0.6509,0.6761,0.62,0.6746,0.6628,0.67,0.6471,0.6624,0.62,0,0,0,0,0,v1.0.1,2025_12_22,317.3426,329.2315,441.7091,314.0091,302.8175,196.3968,188.7107,343.719,331.9091,458.1636,-3.0022,8.804,0,0.0001,-0.2213,1.5614,-0.2116,1.5578,0.6716,177.6992,177.4434,177.5107,178.0537,177.6768,0.8032,0.7098,0.8243,0.7251,0.7098,0.7697,0.6809,0.7884,0.6771,0.6771,0.7826,0.772,0.761,0.7529,0.7529,0.7352,0.6657,0.7382,0,0.6657,0,0,0,0,0,v1.0.1,2025_12_22,317.1308,329.2991,442.5766,313.8649,302.7016,195.7016,187.8852,343.8525,331.9554,458.8661,-3.0501,8.8168,0,0.0001,-0.2219,1.5627,-0.2116,1.5564,0.6714,148.1445,142.6416,143.708,145.4951,144.9973,0.6629,0.607,0.681,0.6182,0.607,0.6347,0.5895,0.6497,0.5744,0.5744,0.6317,0.6305,0.6455,0.6246,0.6246,0.5817,0.5654,0.5594,0.5047,0.5047,0,0,0,0,0,-0.0082,-0.0576,-0.0029,-0.0242,-0.0455,0.0127,-0.0404,-0.0146,-0.0384,-0.035,-0.0026,0.0046,0,0.0057,-0.0505,-0.041,-0.0615,-0.0428,-0.0031,0.0032,-0.0025,-0.0107,-0.0012,-0.0212,-0.0038,-0.0172,-0.0153,0.0159,-0.0278,-0.0095,0.0024,0.0165,-0.0142,0.0034,-0.0412,-0.0254,-0.0185,-0.0148,-0.0157,0.0155,-0.0152,-0.1137,0.0153,-0.0956,-0.0992,0.0062,-0.0998,0.0164,-0.1116,-0.0864,0.0076,0.0082,0.0095,0.0133,-0.0107,-0.0013,-0.0035,-0.0705,0.0136,-0.0677,-0.0594,-0.0085,-0.0609,0.0111,-0.071,-0.0642,-0.0096,-0.0127,0.0115,0.004,0.004,-0.0226,-0.0288,TRUE,TRUE
DTC_L_22,LanSi,1,CW_01,B,2026-03-27 10:14:11+08:00,ONLINE,FALSE,,CW_1_01,PASS,,,51.2277886,_2026032710141125902,T20260327101411,DESKTOP-P2DUL42,Loma,1,CW_1_01,2,paul di,2024.0718.155524,V20260126.2,CW_DTCL_DTCR_STC,T20260327101502,51.2277886,TRUE,TRUE,TRUE,TRUE,TRUE,TRUE,TRUE,4S2RND2HBL06DS,v1.0.1,2025_12_22,314.3037,322.9185,474.2647,302.3309,294.9595,152.1149,148.543,342.6026,333.5481,489.0741,-6.3762,2.3082,-0.0001,0,-0.2275,1.5575,-0.2177,1.555,0.6668,155.168,151.0713,149.2549,154.915,152.6023,0.8128,0.7736,0.7922,0.7392,0.7392,0.7833,0.7716,0.7659,0.7328,0.7328,0.822,0.8248,0.7777,0.7623,0.7495,0.7345,0.7662,0.7072,0.7072,0.8143,0.98,0.805,0.7945,0.7945,0.8543,0.8313,0.7625,0.8452,0.8208,0.8294,0.8156,0.7774,0.7625,0,0,0,0,0,v1.0.1,2025_12_22,314.3037,322.9185,475.3507,302.209,294.9597,151.255,147.3826,342.7383,333.7357,490.1071,-6.3535,2.3456,-0.0001,0,-0.2274,1.5581,-0.2177,1.5546,0.6669,162.7559,158.3945,164.7227,163.7744,162.4119,0.6773,0.6667,0.6682,0.6756,0.6667,0.6628,0.6418,0.6217,0.6476,0.6217,0.6572,0.6564,0.631,0.6446,0.623,0.6293,0.6365,0.5999,0.5999,0.6677,0.3479,0.6341,0.6531,0.3479,0.6647,0.6704,0.629,0.6882,0.6877,0.6966,0.6781,0.6332,0.629,0,0,0,0,0,v1.0.1,2025_12_22,313.0388,315.1942,438,300.9455,299.2458,184.4153,184.7025,329.6364,327.1739,445.4609,-7.0678,-4.3696,-0.0001,0,-0.213,1.5652,-0.2115,1.5622,0.6757,175.7168,174.6377,172.9854,175.6895,174.7573,0.7839,0.6797,0.772,0.6582,0.6582,0.7486,0.6618,0.7543,0.6798,0.6618,0.7906,0.7789,0.7258,0.695,0.695,0.7275,0,0.7019,0.7045,0.7019,0,0,0,0,0,v1.0.1,2025_12_22,313,315.0971,438.8468,300.7117,299.1053,183.6754,183.8417,329.7417,327.1765,446.1765,-7.106,-4.4195,-0.0001,0,-0.2133,1.5649,-0.2124,1.5625,0.6755,148.1865,143.5117,142.835,145.9766,145.1274,0.6538,0.5745,0.6485,0.5847,0.5745,0.6349,0.5666,0.6146,0.5923,0.5666,0.6355,0.6274,0.6103,0.6006,0.6006,0.6027,0.4883,0.5414,0.546,0.4883,0,0,0,0,0,-0.0148,-0.094,-0.0553,-0.0841,-0.0841,-0.0093,-0.0593,-0.0399,-0.0536,-0.0536,0.0034,0.0122,-0.0425,-0.0147,-0.0685,-0.0803,-0.0402,-0.0399,0.01,-0.0119,-0.0085,-0.0488,-0.0256,-0.0335,-0.0191,-0.0034,-0.0374,-0.0387,-0.0127,-0.0386,-0.0119,0.0007,-0.0372,0.0067,-0.0308,-0.047,-0.0135,-0.0265,-0.0074,-0.0416,-0.0019,-0.1453,-0.0328,-0.1307,-0.1276,0.0069,-0.1185,-0.0119,-0.0782,-0.0799,0.0105,0.0125,-0.0306,0.005,-0.0117,-0.0336,-0.0025,-0.1091,-0.0259,-0.1026,-0.0818,0.0011,-0.09,-0.0133,-0.0522,-0.0613,-0.0114,-0.0112,-0.0252,-0.007,-0.007,0.0108,-0.0359,TRUE,TRUE
DTC_R_23,LanSi,1,CW_01,B,2026-03-27 10:16:10+08:00,ONLINE,FALSE,,CW_1_01,PASS,,,51.5410634,_2026032710161003201,T20260327101610,DESKTOP-P2DUL42,Loma,1,CW_1_01,1,paul di,2024.0718.155524,V20260126.2,CW_DTCL_DTCR_STC,T20260327101701,51.5410634,TRUE,TRUE,TRUE,TRUE,TRUE,TRUE,TRUE,4S2RND2HBL0DP6,v1.0.1,2025_12_22,315.3209,316.8731,475.4167,297.1288,295.8944,149.0423,149.6803,336.898,336.0405,486.0203,-5.0295,-2.3075,-0.0001,0,-0.2222,1.555,-0.2198,1.5484,0.6654,156.7441,154.2949,154.1494,156.7715,155.49,0.8656,0.7725,0.8698,0.8012,0.7725,0.8195,0.7448,0.8235,0.7974,0.7448,0.8296,0.8078,0.8218,0.8278,0.7335,0.7304,0.8074,0.7995,0.7304,0.8443,0.7639,0.7866,0.5921,0.5921,0.8553,0.7548,0.7584,0.8292,0.7853,0.7213,0.8293,0.8392,0.7213,0,0,0,0,0,v1.0.1,2025_12_22,315.2647,316.8897,476.4848,297.0833,295.637,147.8904,148.5232,337.0397,336.0805,487,-5.1019,-2.3194,-0.0001,0,-0.2217,1.5547,-0.2197,1.5485,0.6654,163.7412,157.167,165.9346,166.5459,163.3472,0.6992,0.6544,0.7149,0.6781,0.6544,0.6729,0.6349,0.6716,0.6703,0.6349,0.6538,0.6447,0.6527,0.6468,0.6241,0.6366,0.628,0.6521,0.6241,0.6731,0.637,0.6476,0.1519,0.1519,0.6543,0.6541,0.6598,0.6695,0.6572,0.6139,0.6247,0.6633,0.6139,0,0,0,0,0,v1.0.1,2025_12_22,317.6981,328.1698,442.2679,313.2679,303.0492,196.918,189,342.4127,332.2881,457.0932,-2.6393,8.0723,0,0.0001,-0.2185,1.5591,-0.2097,1.5576,0.6721,177.3359,177.2764,177.5762,178.3418,177.6326,0.7984,0.6272,0.8213,0.6707,0.6272,0.7747,0.6199,0.7764,0.7078,0.6199,0.7736,0.7745,0.7708,0.76,0.76,0.7475,0.6754,0.7337,0,0.6754,0,0,0,0,0,v1.0.1,2025_12_22,317.7009,328.271,443.1261,313.2342,303,196,188.0984,342.5,332.3866,457.8739,-2.6376,8.0758,0,0.0001,-0.2188,1.5596,-0.2088,1.5574,0.6724,147.8223,141.6367,143.4248,145.8643,144.687,0.6575,0.5628,0.6807,0.5916,0.5628,0.6471,0.5573,0.6408,0.597,0.5573,0.6322,0.6435,0.642,0.6258,0.6258,0.5795,0.569,0.5786,0.3224,0.3224,0,0,0,0,0,-0.0078,-0.1085,-0.009,-0.0677,-0.0964,0.0044,-0.0757,-0.0117,-0.0276,-0.0703,0.0008,-0.0062,0.0017,0.0088,-0.0759,-0.0919,0.0039,-0.0132,0.0004,-0.0104,-0.0032,-0.0549,0.0005,-0.0463,-0.048,-0.0147,-0.0445,0.0027,-0.0169,-0.034,0.001,0.0032,-0.0116,-0.005,-0.0418,-0.0328,-0.0003,0.0109,-0.0113,-0.009,-0.02,-0.1963,0.0123,-0.15,-0.1818,0.0112,-0.1608,0.0044,-0.0809,-0.1436,-0.0014,0.0107,0.0193,0.0204,0.0016,-0.0058,-0.0089,-0.1147,0.0133,-0.0943,-0.1036,0.0039,-0.0931,0.0022,-0.0484,-0.0813,-0.0091,0.0003,0.008,0.0052,0.0052,-0.0248,-0.0096,TRUE,TRUE
DTC_L_23,LanSi,1,CW_01,C,2026-03-27 10:16:09+08:00,ONLINE,FALSE,,CW_1_01,PASS,,,51.8462476,_2026032710160972802,T20260327101609,DESKTOP-P2DUL42,Loma,1,CW_1_01,2,paul di,2024.0718.155524,V20260126.2,CW_DTCL_DTCR_STC,T20260327101701,51.8462476,TRUE,TRUE,TRUE,TRUE,TRUE,TRUE,TRUE,4S2RND2HBL06DS,v1.0.1,2025_12_22,314.2148,322.7778,474.3037,302.2074,294.8889,151.902,148.543,342.3974,333.6934,488.8832,-6.3712,2.1335,-0.0001,0,-0.2273,1.5577,-0.2174,1.5535,0.6666,154.9043,151.208,149.1846,154.2959,152.3982,0.8264,0.8019,0.8417,0.7911,0.7911,0.779,0.7547,0.7952,0.7558,0.7547,0.816,0.8156,0.8247,0.7672,0.7428,0.7328,0.7708,0.6939,0.6939,0.8239,0.98,0.7726,0.8158,0.7726,0.8412,0.7753,0.7712,0.8162,0.8354,0.8328,0.7972,0.7869,0.7712,0,0,0,0,0,v1.0.1,2025_12_22,314.2132,322.7279,475.3704,302.0444,294.8591,150.8322,147.5168,342.5436,333.7842,489.8777,-6.3513,2.1052,-0.0001,0,-0.2271,1.5582,-0.2178,1.5537,0.6667,164.2529,159.9512,166.3213,165.3916,163.9792,0.6772,0.674,0.6894,0.6863,0.674,0.6634,0.6373,0.6474,0.6558,0.6373,0.6404,0.6582,0.6534,0.6359,0.6167,0.632,0.6391,0.597,0.597,0.6707,0.4957,0.6189,0.6588,0.4957,0.6522,0.661,0.6268,0.6852,0.6703,0.6823,0.6745,0.6319,0.6268,0,0,0,0,0,v1.0.1,2025_12_22,313,315,437.9273,300.7636,299.0756,184.1765,184.6417,329.5667,327.0769,445.1709,-7.1557,-4.5645,-0.0001,0,-0.213,1.5642,-0.2125,1.5626,0.6753,175.709,175.0186,173.0195,175.3047,174.7629,0.7872,0.6946,0.8082,0.682,0.682,0.7525,0.6592,0.7564,0.6676,0.6592,0.7859,0.7722,0.7724,0.7022,0.7022,0.7381,0,0.6943,0.696,0.6943,0,0,0,0,0,v1.0.1,2025_12_22,313.0481,314.9327,438.7788,300.531,299.0435,183.4348,183.8595,329.5289,327.2712,446,-7.0998,-4.6145,-0.0001,0,-0.2135,1.5642,-0.212,1.5622,0.6752,149.4062,144.2969,143.7012,147.3311,146.1838,0.6557,0.596,0.6772,0.5977,0.596,0.6362,0.565,0.6156,0.5766,0.565,0.6388,0.6388,0.6443,0.6057,0.6057,0.5968,0.5601,0.5419,0.5404,0.5404,0,0,0,0,0,-0.0012,-0.0657,-0.0058,-0.0322,-0.0322,-0.0136,-0.0762,-0.0106,-0.0306,-0.0317,-0.0026,0.003,0.0045,-0.0098,-0.0752,-0.082,-0.0356,-0.0532,0.0196,-0.0443,-0.0086,-0.0415,-0.0044,-0.0228,-0.0118,-0.0028,-0.0419,-0.013,-0.0045,-0.023,-0.0287,0.0025,-0.0148,-0.002,-0.0371,-0.0443,-0.0109,-0.0294,-0.0044,-0.0568,0.0014,-0.1304,0.0034,-0.1069,-0.1038,0.0108,-0.1211,-0.0098,-0.0904,-0.0825,0.0058,0.0058,0.016,0.0122,-0.0011,-0.0412,-0.0006,-0.0876,0.0028,-0.0896,-0.0603,0.0024,-0.0916,-0.0123,-0.0679,-0.0629,-0.0081,0.0002,0.0088,-0.0019,-0.0019,0.0049,-0.0354,TRUE,TRUE
DTC_R_24,LanSi,1,CW_01,C,2026-03-27 10:17:59+08:00,ONLINE,FALSE,,CW_1_01,PASS,,,51.4266836,_2026032710175909101,T20260327101759,DESKTOP-P2DUL42,Loma,1,CW_1_01,1,paul di,2024.0718.155524,V20260126.2,CW_DTCL_DTCR_STC,T20260327101850,51.4266836,TRUE,TRUE,TRUE,TRUE,TRUE,TRUE,TRUE,4S2RND2HBL0DP6,v1.0.1,2025_12_22,315.0882,316.5,474.8582,296.4627,295.4558,147.4898,149.6623,336.7219,335.4519,483.9185,-5.3967,-3.2814,-0.0001,0,-0.2242,1.5546,-0.2211,1.5492,0.6646,156.0762,152.9473,152.6924,155.8223,154.3845,0.8616,0.8327,0.8677,0.7936,0.7936,0.8068,0.7504,0.8088,0.7352,0.7352,0.827,0.8248,0.8174,0.8203,0.7617,0.7528,0.7669,0.6883,0.6883,0.8432,0.8142,0.8157,0.98,0.8142,0.8464,0.7926,0.7535,0.8217,0.8023,0.8356,0.7706,0.8459,0.7535,0,0,0,0,0,v1.0.1,2025_12_22,315.1871,316.5396,475.854,296.3723,295.3034,146.4552,148.5,336.7467,335.7376,484.844,-5.3836,-3.3085,-0.0001,0,-0.2244,1.5539,-0.2201,1.5488,0.6646,165.0938,159.8965,168.708,167.9639,165.4155,0.6992,0.6974,0.7093,0.6718,0.6718,0.6659,0.6449,0.6559,0.6232,0.6232,0.6724,0.6603,0.6621,0.6641,0.6409,0.6433,0.6274,0.5923,0.5923,0.6854,0.6692,0.666,0.0558,0.0558,0.6625,0.6521,0.6563,0.6608,0.6474,0.5428,0.6452,0.6883,0.5428,0,0,0,0,0,v1.0.1,2025_12_22,317.5,328,441.7679,312.6696,302.8661,195.5276,188.7805,342.3252,331.9561,455.9737,-2.9259,7.3992,0,0.0001,-0.2222,1.5603,-0.2103,1.5578,0.6714,177.2256,176.5684,176.5547,178.5098,177.2146,0.7961,0.7207,0.81,0.6729,0.6729,0.7561,0.6672,0.7446,0.6098,0.6098,0.7738,0.7619,0.7569,0.7393,0.7393,0.7432,0.6906,0.7142,0,0.6906,0,0,0,0,0,v1.0.1,2025_12_22,317.5,328,442.5789,312.6579,302.7097,194.7661,188,342.4127,331.9821,456.6607,-2.9458,7.3995,0,0.0001,-0.2215,1.5597,-0.2103,1.5582,0.6715,149.1045,144.0186,145.9365,147.0957,146.5388,0.6507,0.6153,0.6662,0.5775,0.5775,0.6294,0.5785,0.6356,0.5447,0.5447,0.6517,0.6423,0.6407,0.623,0.623,0.5992,0.5598,0.5693,0.2879,0.2879,0,0,0,0,0,-0.0118,-0.0483,-0.0111,-0.0753,-0.0753,-0.0083,-0.0701,-0.0264,-0.0898,-0.0799,-0.0018,0.0108,-0.0027,0.0013,-0.0477,-0.0695,-0.0366,-0.1244,-0.0007,0.0187,-0.0032,-0.0119,-0.0051,-0.0526,-0.0306,-0.0217,-0.0345,-0.013,-0.064,-0.0457,0.0196,0.0188,-0.0022,0.0123,-0.025,-0.0261,-0.0009,-0.0489,0.001,0.0094,-0.0223,-0.1028,0.001,-0.1478,-0.1361,-0.0074,-0.1135,-0.0274,-0.1789,-0.1537,-0.0012,-0.0019,0.0054,-0.0003,-0.0027,-0.0253,-0.0157,-0.0622,-0.0012,-0.1084,-0.0889,-0.0138,-0.0719,-0.003,-0.1007,-0.0939,0.0104,-0.0009,0.0067,0.0024,0.0024,-0.0051,-0.0189,TRUE,TRUE
DTC_L_24,LanSi,1,CW_01,A,2026-03-27 10:17:59+08:00,ONLINE,FALSE,,CW_1_01,FAIL,SFR_VIS_25cm_Ny4_01F_ROI2;SFR_VIS_25cm_Ny4_01F_Min;IR_SFR_VIS_25cm_Ny4_01F_ROI2;IR_SFR_VIS_25cm_Ny4_01F_Min;SFR_VIS_25cm_Ny4_01F_ROI2_Dev;SFR_VIS_25cm_Ny4_01F_Min_Dev;IR_SFR_VIS_25cm_Ny4_01F_ROI2_Dev,sfr_25Algo,51.6391161,_2026032710175907702,T20260327101759,DESKTOP-P2DUL42,Loma,1,CW_1_01,2,paul di,2024.0718.155524,V20260126.2,CW_DTCL_DTCR_STC,T20260327101850,51.6391161,TRUE,TRUE,TRUE,TRUE,TRUE,TRUE,TRUE,4S2RND2HBL06DS,v1.0.1,2025_12_22,314.292,324,474.2769,303.8846,294.9272,152.9868,148.4276,344.3618,333.6571,490.75,-6.3838,3.6966,-0.0001,0,-0.2246,1.5575,-0.2216,1.5547,0.6665,156.2734,152.5938,150.2246,155.6211,153.6782,0.8281,0.6683,0.8448,0.7989,0.6683,0.7712,0.77,0.8048,0.7476,0.7476,0.8226,0.8276,0.8134,0.7632,0.7608,0.7609,0.7588,0.7037,0.7037,0.8159,0.4626,0.7852,0.7918,0.4626,0.8445,0.7858,0.7795,0.8358,0.8248,0.8205,0.7846,0.7868,0.7795,0,0,0,0,0,v1.0.1,2025_12_22,314.2536,324.029,475.3485,303.7576,294.8867,151.9667,147.3974,344.457,333.8,491.7357,-6.3628,3.6892,-0.0001,0,-0.2247,1.5582,-0.2213,1.5543,0.6666,165.4365,160.7881,166.7559,166.6562,164.9092,0.6744,0.5878,0.6907,0.6958,0.5878,0.6484,0.6422,0.6494,0.6422,0.6422,0.6547,0.6481,0.6582,0.6318,0.636,0.6526,0.624,0.6205,0.6205,0.6718,0.5104,0.6232,0.6511,0.5104,0.6671,0.6467,0.6335,0.6763,0.6829,0.6862,0.6776,0.6369,0.6335,0,0,0,0,0,v1.0.1,2025_12_22,313.0755,316.1321,437.9519,302.125,299.1429,185.2521,184.6583,331.275,327.1724,447,-7.0998,-3.1432,-0.0001,0,-0.2112,1.5642,-0.2169,1.563,0.6748,176.3135,175.3945,172.9932,175.7734,175.1187,0.777,0.5554,0.8101,0.6842,0.5554,0.7406,0.6722,0.7696,0.6694,0.6694,0.7788,0.7713,0.7716,0.7063,0.7063,0.7282,0,0.7005,0.7093,0.7005,0,0,0,0,0,v1.0.1,2025_12_22,313.0755,316.0189,438.7925,302,299.0431,184.681,183.7769,331.3388,327.225,447.8333,-7.1174,-3.1256,-0.0001,0,-0.2105,1.5638,-0.2174,1.5633,0.6748,150.5957,145.1924,144.6484,148.3867,147.2058,0.661,0.4969,0.6772,0.6117,0.4969,0.6315,0.5733,0.6427,0.5874,0.5733,0.6288,0.639,0.6545,0.5982,0.5982,0.5847,0.5586,0.553,0.5465,0.5465,0,0,0,0,0,0.0005,-0.1993,-0.0027,-0.0244,-0.155,-0.0214,-0.0609,-0.001,-0.0388,-0.0388,0.004,0.015,-0.0068,-0.0138,-0.0572,-0.0539,-0.0476,-0.0434,0.0116,-0.0317,-0.0114,-0.1277,-0.0031,-0.0133,-0.098,-0.0178,-0.037,-0.011,-0.0181,-0.0181,-0.0144,-0.0076,-0.01,-0.0061,-0.0178,-0.0237,-0.026,-0.0059,-0.0033,-0.0525,-0.0088,-0.2696,0.0053,-0.1047,-0.2304,-0.0011,-0.1081,0.0034,-0.0886,-0.0723,-0.0013,0.0049,0.0152,0.0163,-0.011,-0.035,0.0047,-0.1867,0.0028,-0.0756,-0.1594,-0.0023,-0.0833,0.0148,-0.0571,-0.0546,-0.0181,0.0004,0.019,-0.0094,-0.0094,-0.0072,-0.0243,TRUE,TRUE
DTC_R_25,LanSi,1,CW_01,A,2026-03-27 10:19:37+08:00,ONLINE,FALSE,,CW_1_01,PASS,,,51.3325308,_2026032710193794101,T20260327101937,DESKTOP-P2DUL42,Loma,1,CW_1_01,1,paul di,2024.0718.155524,V20260126.2,CW_DTCL_DTCR_STC,T20260327102029,51.3325308,TRUE,TRUE,TRUE,TRUE,TRUE,TRUE,TRUE,4S2RND2HBL0DP6,v1.0.1,2025_12_22,315.1691,316.2353,475.0963,296.5481,295.5068,147.8288,149.3907,336.245,335.8014,484.5822,-5.3071,-3.2121,-0.0001,0,-0.222,1.5541,-0.2196,1.5483,0.6652,156.1221,153.1904,152.9629,155.6914,154.4917,0.8652,0.7814,0.8781,0.7922,0.7814,0.8217,0.745,0.8267,0.7924,0.745,0.811,0.8182,0.8149,0.826,0.7632,0.7252,0.7948,0.7746,0.7252,0.8468,0.7938,0.7977,0.98,0.7938,0.8415,0.7908,0.7237,0.8164,0.7821,0.6754,0.8089,0.8445,0.6754,0,0,0,0,0,v1.0.1,2025_12_22,315.1087,316.1739,476.1957,296.413,295.269,146.8966,148.2933,336.2867,335.9467,485.5733,-5.3373,-3.2313,-0.0001,0,-0.2215,1.5536,-0.2195,1.5479,0.6651,164.6523,159.5156,168.2373,167.3438,164.9373,0.7086,0.662,0.7197,0.6822,0.662,0.6768,0.6363,0.6716,0.6645,0.6363,0.6408,0.6543,0.6533,0.645,0.6429,0.6384,0.6224,0.6389,0.6224,0.6684,0.6583,0.6647,0.1155,0.1155,0.6427,0.6391,0.6065,0.6709,0.6504,0.5811,0.6182,0.6639,0.5811,0,0,0,0,0,v1.0.1,2025_12_22,317.4495,327.6514,442.1,312.5727,302.9187,196.0407,188.7295,341.6803,332.0609,455.9217,-2.8483,7.2734,0,0.0001,-0.2199,1.5603,-0.208,1.5569,0.6723,176.541,175.9053,176.2314,177.4746,176.5381,0.8117,0.6271,0.8281,0.6517,0.6271,0.7837,0.6066,0.7716,0.6786,0.6066,0.7808,0.771,0.7643,0.7621,0.7621,0.7553,0.6683,0.728,0,0.6683,0,0,0,0,0,v1.0.1,2025_12_22,317.4537,327.7222,443,312.5,302.704,195.192,187.843,341.9174,332.1239,456.6903,-2.8751,7.3044,0,0.0001,-0.2201,1.5594,-0.2086,1.557,0.6719,148.6816,143.4072,145.5596,146.5674,146.054,0.6715,0.5563,0.6677,0.5784,0.5563,0.6422,0.5477,0.6407,0.5713,0.5477,0.6347,0.64,0.632,0.6332,0.632,0.584,0.5543,0.5829,0.3716,0.3716,0,0,0,0,0,-0.0082,-0.0996,-0.0007,-0.0767,-0.0875,0.0066,-0.0755,-0.0085,-0.0326,-0.0701,-0.0178,0.0042,-0.0052,0.007,-0.0462,-0.0971,-0.0087,-0.0381,0.0029,0.0007,0.0062,-0.0473,0.0053,-0.0422,-0.0404,-0.0108,-0.0431,0.0027,-0.0227,-0.0326,-0.012,0.0128,-0.011,-0.0068,-0.023,-0.031,-0.0059,-0.0023,-0.016,0.0081,-0.0067,-0.1964,0.0191,-0.169,-0.1819,0.0202,-0.1741,-0.0004,-0.1101,-0.1569,0.0058,0.0072,0.0128,0.0225,0.0094,-0.0115,0.0051,-0.1212,0.0003,-0.1075,-0.1101,-0.001,-0.1027,0.0021,-0.0741,-0.0909,-0.0066,-0.0032,-0.002,0.0126,0.0114,-0.0203,-0.0053,TRUE,TRUE
DTC_L_25,LanSi,1,CW_01,B,2026-03-27 10:19:38+08:00,ONLINE,FALSE,,CW_1_01,PASS,,,51.2118547,_2026032710193806002,T20260327101938,DESKTOP-P2DUL42,Loma,1,CW_1_01,2,paul di,2024.0718.155524,V20260126.2,CW_DTCL_DTCR_STC,T20260327102029,51.2118547,TRUE,TRUE,TRUE,TRUE,TRUE,TRUE,TRUE,4S2RND2HBL06DS,v1.0.1,2025_12_22,315.3037,321.9185,475.4851,300.9627,296.3333,150.7867,150.0414,341.7517,334.7286,487.4429,-5.1216,1.0725,-0.0001,0,-0.2296,1.5599,-0.2189,1.5535,0.6662,155.4287,151.0146,149.2441,155.1416,152.7073,0.8224,0.8211,0.8448,0.7872,0.7872,0.7905,0.7706,0.7968,0.7468,0.7468,0.8123,0.8164,0.8239,0.7705,0.7377,0.7448,0.7449,0.6988,0.6988,0.8189,0.98,0.7708,0.7499,0.7499,0.847,0.7654,0.7221,0.8347,0.8124,0.7809,0.7772,0.7707,0.7221,0,0,0,0,0,v1.0.1,2025_12_22,315.2086,321.9568,476.5809,300.9559,296.1533,149.9533,149,342,334.8406,488.5,-5.1433,1.1732,-0.0001,0,-0.2289,1.5599,-0.2195,1.5529,0.6661,162.6885,158.9141,164.7275,163.6436,162.4934,0.6803,0.6943,0.7025,0.6935,0.6803,0.6644,0.639,0.6604,0.643,0.639,0.6465,0.6513,0.6535,0.6295,0.6124,0.6451,0.6288,0.6119,0.6119,0.6825,0.3703,0.6345,0.6384,0.3703,0.6491,0.649,0.6076,0.6809,0.6748,0.6549,0.6774,0.6404,0.6076,0,0,0,0,0,v1.0.1,2025_12_22,314.0865,314.2212,439.1071,299.5804,300.52,183.048,186.1393,328.7131,328.181,444.1983,-5.8932,-5.5478,-0.0001,-0.0001,-0.2161,1.5672,-0.2123,1.5623,0.6753,176.2021,174.9971,173.1709,175.7744,175.0361,0.7944,0.7131,0.8111,0.701,0.701,0.7492,0.6548,0.7605,0.6586,0.6548,0.761,0.7677,0.7617,0.6879,0.6879,0.7298,0,0.6927,0.6361,0.6361,0,0,0,0,0,v1.0.1,2025_12_22,313.9519,314.125,439.7368,299.5,300.3697,182.4622,185.1371,328.9677,328.1565,445.0522,-6.0296,-5.4786,-0.0001,-0.0001,-0.2152,1.5675,-0.2142,1.5622,0.6751,147.9834,143.6914,142.4434,145.5469,144.9163,0.6638,0.616,0.668,0.6162,0.616,0.6326,0.5719,0.6336,0.5949,0.5719,0.6178,0.6408,0.6396,0.608,0.608,0.5979,0.481,0.5467,0.5337,0.481,0,0,0,0,0,-0.0052,-0.0465,-0.0027,-0.0361,-0.0361,-0.0021,-0.0603,-0.009,-0.0396,-0.0396,-0.0063,0.0038,0.0037,-0.0065,-0.0803,-0.07,-0.0615,-0.0483,0.0146,-0.0461,-0.0055,-0.0212,0.0087,-0.0156,-0.0055,-0.0018,-0.0402,0,-0.0173,-0.0213,-0.0226,-0.0044,-0.0147,-0.0084,-0.0414,-0.0312,-0.0212,-0.0145,0.0074,-0.0412,0.0086,-0.1119,0.0063,-0.0879,-0.0848,0.0075,-0.1255,-0.0057,-0.0994,-0.0869,-0.0191,0.0013,0.0053,-0.0021,-0.0094,-0.0428,0.0075,-0.0676,-0.0064,-0.0711,-0.0403,-0.0012,-0.0847,0.0057,-0.0496,-0.056,-0.0291,0.0022,0.0041,0.0004,0.0004,0.006,-0.0306,TRUE,TRUE
DTC_R_26,LanSi,1,CW_01,B,2026-03-27 10:21:20+08:00,ONLINE,FALSE,,CW_1_01,PASS,,,51.1927952,_2026032710212084201,T20260327102120,DESKTOP-P2DUL42,Loma,1,CW_1_01,1,paul di,2024.0718.155524,V20260126.2,CW_DTCL_DTCR_STC,T20260327102212,51.1927952,TRUE,TRUE,TRUE,TRUE,TRUE,TRUE,TRUE,4S2RND2HBL0DP6,v1.0.1,2025_12_22,315.2148,317.2222,475.3609,297.8045,295.8182,149.2308,149.5168,337.5436,335.8725,485.8255,-5.1434,-1.9747,-0.0001,0,-0.2201,1.5553,-0.2215,1.5484,0.6655,157.5107,154.8643,154.2178,157.2939,155.9717,0.8739,0.7875,0.8769,0.8029,0.7875,0.8079,0.7522,0.8283,0.7873,0.7522,0.8137,0.8199,0.8133,0.8236,0.7332,0.7339,0.7989,0.7879,0.7332,0.8404,0.8126,0.784,0.98,0.784,0.8362,0.7771,0.7637,0.8135,0.7975,0.7171,0.831,0.8433,0.7171,0,0,0,0,0,v1.0.1,2025_12_22,315.1691,317.2353,476.3669,297.6187,295.5374,148.3673,148.3826,337.7383,336.06,486.8867,-5.1968,-1.9307,-0.0001,0,-0.2206,1.5545,-0.2218,1.5478,0.665,164.7324,159.1748,168.0107,167.0547,164.7432,0.7057,0.6607,0.7119,0.6877,0.6607,0.6828,0.6413,0.675,0.655,0.6413,0.6427,0.6482,0.6647,0.6463,0.6299,0.6486,0.6233,0.6267,0.6233,0.6702,0.6504,0.6566,0.133,0.133,0.6548,0.6459,0.6513,0.6751,0.645,0.6052,0.6313,0.6515,0.6052,0,0,0,0,0,v1.0.1,2025_12_22,317.713,328.6759,442.4159,313.6195,303.123,197.082,188.9024,343,332.2087,457.2435,-2.6274,8.4242,0,0.0001,-0.2196,1.5599,-0.2102,1.558,0.672,178.1338,177.5488,177.5371,179.082,178.0754,0.8128,0.6423,0.8196,0.6586,0.6423,0.785,0.6295,0.7795,0.6828,0.6295,0.779,0.7725,0.7643,0.7502,0.7502,0.7364,0.6674,0.7349,0,0.6674,0,0,0,0,0,v1.0.1,2025_12_22,317.713,328.6759,443.0459,313.6514,303.0164,196.2623,188,343.1525,332.2564,458.0513,-2.6937,8.4587,0,0.0001,-0.2188,1.5597,-0.2106,1.5583,0.6722,148.6123,143.5059,144.9258,146.2373,145.8203,0.6651,0.5639,0.6716,0.5851,0.5639,0.6474,0.5495,0.6524,0.5818,0.5495,0.6281,0.6428,0.6344,0.6348,0.6281,0.5785,0.5592,0.578,0.4037,0.4037,0,0,0,0,0,0.0005,-0.0935,-0.0019,-0.066,-0.0814,-0.0072,-0.0683,-0.0069,-0.0377,-0.0629,-0.0151,0.0059,-0.0068,0.0046,-0.0762,-0.0884,-0.0046,-0.0248,-0.0035,-0.013,0.0033,-0.0486,-0.0025,-0.0367,-0.0417,-0.0048,-0.0381,0.0061,-0.0322,-0.0276,-0.0101,0.0067,0.0004,-0.0055,-0.036,-0.0208,-0.005,-0.0145,-0.0142,0,-0.0056,-0.1812,0.0106,-0.1621,-0.1667,0.0215,-0.1512,0.0075,-0.1059,-0.134,0.004,0.0087,0.0128,0.0106,-0.0095,-0.0046,-0.0013,-0.1136,0.0042,-0.1008,-0.1025,0.0042,-0.1009,0.0138,-0.0636,-0.0891,-0.0132,-0.0004,0.0004,0.0142,0.0075,-0.0258,-0.0102,TRUE,TRUE
DTC_L_26,LanSi,1,CW_01,C,2026-03-27 10:21:20+08:00,ONLINE,FALSE,,CW_1_01,FAIL,SFR_VIS_25cm_Ny4_01F_ROI2_Dev,Dev,51.1150021,_2026032710212090902,T20260327102120,DESKTOP-P2DUL42,Loma,1,CW_1_01,2,paul di,2024.0718.155524,V20260126.2,CW_DTCL_DTCR_STC,T20260327102212,51.1150021,TRUE,TRUE,TRUE,TRUE,TRUE,TRUE,TRUE,4S2RND2HBL06DS,v1.0.1,2025_12_22,315.4179,322.0373,475.5,301.0923,296.4539,150.7171,150.0952,342.2381,334.8015,488.1765,-5.0463,1.3523,-0.0001,0,-0.2296,1.56,-0.2211,1.5541,0.6659,155.2324,151.1982,149.5156,154.8145,152.6902,0.8204,0.7469,0.8465,0.7956,0.7469,0.7809,0.7679,0.799,0.7452,0.7452,0.8099,0.8139,0.8281,0.774,0.7481,0.7411,0.7598,0.6991,0.6991,0.8241,0.98,0.77,0.7558,0.7558,0.8421,0.7687,0.7353,0.8217,0.8185,0.77,0.7771,0.7691,0.7353,0,0,0,0,0,v1.0.1,2025_12_22,315.2847,322.0657,476.6765,300.9632,296.1987,149.9536,149.0136,342.381,334.8921,489.223,-5.0869,1.4173,-0.0001,0,-0.2295,1.5598,-0.2211,1.5535,0.6657,164.9736,160.4766,166.7246,166.2373,164.603,0.6907,0.6405,0.6986,0.6947,0.6405,0.6665,0.6429,0.644,0.6479,0.6429,0.6529,0.6469,0.6496,0.632,0.6249,0.6322,0.6366,0.607,0.607,0.6777,0.5063,0.6305,0.6291,0.5063,0.6412,0.6624,0.6227,0.6877,0.6813,0.6534,0.6681,0.6323,0.6227,0,0,0,0,0,v1.0.1,2025_12_22,314,314.3962,439.1071,299.7411,300.377,183.2377,185.9675,329.3496,328.1368,444.906,-5.9823,-5.1739,-0.0001,-0.0001,-0.2161,1.5668,-0.2158,1.5624,0.6743,176.4854,175.2559,173.5391,176.0137,175.3235,0.8028,0.6301,0.803,0.6872,0.6301,0.7505,0.6705,0.76,0.6606,0.6606,0.7727,0.7635,0.7704,0.6994,0.6994,0.7293,0,0.6956,0.6342,0.6342,0,0,0,0,0,v1.0.1,2025_12_22,314,314.3962,439.9459,299.5856,300.4068,182.5,185.1639,329.4262,328.25,445.5862,-5.9467,-5.2012,-0.0001,-0.0001,-0.2165,1.5676,-0.2156,1.5621,0.6744,150.2773,145.2383,144.2891,148.1953,147,0.6661,0.5417,0.673,0.5996,0.5417,0.639,0.5764,0.627,0.5849,0.5764,0.6201,0.6332,0.6412,0.6109,0.6109,0.5795,0.5444,0.5572,0.5132,0.5132,0,0,0,0,0,-0.0072,-0.1207,-0.001,-0.0277,-0.0764,-0.0117,-0.063,-0.0068,-0.0412,-0.0412,-0.0087,0.0013,0.0079,-0.003,-0.0699,-0.0737,-0.0466,-0.048,0.0198,-0.0469,0.0049,-0.075,0.0048,-0.0144,-0.0453,0.0003,-0.0363,-0.0164,-0.0124,-0.0174,-0.0162,-0.0088,-0.0186,-0.0059,-0.0289,-0.0441,-0.0134,-0.0194,0.0026,-0.0452,0.017,-0.1949,-0.0018,-0.1017,-0.1557,0.0088,-0.1098,-0.0062,-0.0974,-0.0811,-0.0074,-0.0029,0.014,0.0094,-0.0099,-0.0399,0.0098,-0.1419,-0.0014,-0.0877,-0.1146,0.0052,-0.0802,-0.0009,-0.0596,-0.0515,-0.0268,-0.0054,0.0057,0.0033,0.0033,-0.0124,-0.0201,TRUE,TRUE
DTC_R_27,LanSi,1,CW_01,C,2026-03-27 10:23:12+08:00,ONLINE,FALSE,,CW_1_01,PASS,,,51.4615979,_2026032710231275701,T20260327102312,DESKTOP-P2DUL42,Loma,1,CW_1_01,1,paul di,2024.0718.155524,V20260126.2,CW_DTCL_DTCR_STC,T20260327102404,51.4615979,TRUE,TRUE,TRUE,TRUE,TRUE,TRUE,TRUE,4S2RND2HBL0DP6,v1.0.1,2025_12_22,315.2782,316.8496,475.4167,297.1288,295.8243,148.6959,149.6803,336.898,336,485.277,-5.0601,-2.5301,-0.0001,0,-0.222,1.5551,-0.22,1.5479,0.6652,155.1758,152.6562,152.127,154.9131,153.718,0.8683,0.7813,0.8702,0.7916,0.7813,0.8183,0.7489,0.8247,0.7827,0.7489,0.8196,0.8183,0.8187,0.8132,0.7326,0.7156,0.8005,0.7845,0.7156,0.8408,0.7856,0.7953,0.6521,0.6521,0.8442,0.7624,0.7416,0.8317,0.7903,0.7071,0.8185,0.8311,0.7071,0,0,0,0,0,v1.0.1,2025_12_22,315.2647,316.8897,476.5333,297.0889,295.5646,147.6803,148.5,337,336.06,486.3467,-5.1155,-2.4989,-0.0001,0,-0.2217,1.5544,-0.2195,1.5482,0.6654,163.9863,158.1445,167.2217,166.6064,163.9897,0.7095,0.6683,0.7162,0.6785,0.6683,0.6706,0.6335,0.6657,0.6546,0.6335,0.6491,0.6465,0.6587,0.6509,0.6165,0.6368,0.6314,0.6233,0.6165,0.679,0.6606,0.66,0.1188,0.1188,0.6378,0.6602,0.6384,0.6677,0.6591,0.5765,0.6198,0.6621,0.5765,0,0,0,0,0,v1.0.1,2025_12_22,317.6078,328,442.2301,313.2301,302.9516,196.5806,189.0325,342.3171,332.3103,456.5,-2.6735,7.8256,0,0.0001,-0.2175,1.5592,-0.2104,1.5564,0.6719,176.875,176.6104,176.4502,177.5654,176.8752,0.8171,0.6481,0.8139,0.6588,0.6481,0.7787,0.6306,0.7789,0.6838,0.6306,0.7823,0.7622,0.7733,0.7644,0.7622,0.7459,0.6597,0.7372,0,0.6597,0,0,0,0,0,v1.0.1,2025_12_22,317.5534,328.0097,443.0648,313.1296,302.935,195.8374,188.0645,342.4274,332.3826,457.4174,-2.6999,7.8643,0,0.0001,-0.2175,1.5601,-0.2104,1.5562,0.6721,148.0596,142.5957,144.4941,146.0244,145.2935,0.6694,0.5509,0.676,0.5836,0.5509,0.6365,0.5465,0.6504,0.6048,0.5465,0.6337,0.6342,0.632,0.6308,0.6308,0.6016,0.5467,0.5876,0.3307,0.3307,0,0,0,0,0,-0.0051,-0.0997,-0.0086,-0.0773,-0.0876,0.0032,-0.0716,-0.0105,-0.0423,-0.0662,-0.0092,0.0043,-0.0014,-0.0058,-0.0768,-0.1067,-0.003,-0.0282,-0.0031,-0.0017,0.0071,-0.041,0.0018,-0.0459,-0.0341,-0.017,-0.0459,-0.0032,-0.0326,-0.0354,-0.0037,0.005,-0.0056,-0.0009,-0.0494,-0.0326,0.0031,-0.0179,-0.0054,0.0034,-0.0013,-0.1754,0.0049,-0.1619,-0.1609,0.0152,-0.1501,0.0069,-0.1049,-0.1329,0.0073,-0.0016,0.0218,0.0248,0,-0.0023,0.003,-0.1266,0.0086,-0.1023,-0.1155,-0.0067,-0.1039,0.0118,-0.0406,-0.0921,-0.0076,-0.009,-0.002,0.0102,0.0102,-0.0027,-0.0006,TRUE,TRUE
DTC_L_27,LanSi,1,CW_01,A,2026-03-27 10:23:12+08:00,ONLINE,FALSE,,CW_1_01,PASS,,,51.3977678,_2026032710231282302,T20260327102312,DESKTOP-P2DUL42,Loma,1,CW_1_01,2,paul di,2024.0718.155524,V20260126.2,CW_DTCL_DTCR_STC,T20260327102404,51.3977678,TRUE,TRUE,TRUE,TRUE,TRUE,TRUE,TRUE,4S2RND2HBL06DS,v1.0.1,2025_12_22,314.1691,323.2353,474.2222,302.9259,294.9408,152.4342,148.4267,343.2733,333.4889,489.9111,-6.4505,2.856,-0.0001,0,-0.2257,1.5582,-0.2198,1.5549,0.6669,156.5967,152.5264,150.3145,155.7451,153.7957,0.8229,0.8051,0.8391,0.7917,0.7917,0.7785,0.7747,0.8106,0.7554,0.7554,0.8247,0.8156,0.8256,0.7823,0.7498,0.7362,0.7607,0.7192,0.7192,0.823,0.98,0.7861,0.8048,0.7861,0.8454,0.7771,0.7947,0.845,0.8254,0.8234,0.794,0.7819,0.7771,0,0,0,0,0,v1.0.1,2025_12_22,314.1691,323.2353,475.2336,302.7883,294.6779,151.4899,147.2895,343.3816,333.7071,490.8071,-6.4846,2.8405,-0.0001,0,-0.2258,1.5573,-0.2196,1.5542,0.6665,163.7744,159.6387,165.5078,164.6855,163.4016,0.679,0.6979,0.6919,0.7001,0.679,0.6656,0.6364,0.6568,0.6706,0.6364,0.6505,0.6521,0.6509,0.6219,0.6286,0.6243,0.6329,0.6229,0.6219,0.671,0.4579,0.6225,0.6445,0.4579,0.6553,0.675,0.6549,0.6721,0.6781,0.6842,0.6751,0.6229,0.6229,0,0,0,0,0,v1.0.1,2025_12_22,313.0187,315.5514,437.8482,301.375,299,184.8974,184.6777,330.3223,327,446.1026,-7.1911,-3.8503,-0.0001,0,-0.2126,1.5634,-0.2141,1.5636,0.6751,176.3418,175.4258,173.168,175.7461,175.1704,0.7967,0.6986,0.8068,0.693,0.693,0.7508,0.648,0.7663,0.6918,0.648,0.7868,0.7852,0.7806,0.6916,0.6916,0.7339,0,0.6957,0.6956,0.6956,0,0,0,0,0,v1.0.1,2025_12_22,312.9813,315.4486,438.7117,301.1532,299,184,183.7295,330.3197,327.0684,446.9487,-7.2018,-3.926,-0.0001,0,-0.2127,1.5643,-0.214,1.5636,0.6753,148.9932,144.3574,143.3652,146.832,145.887,0.6517,0.6061,0.6804,0.613,0.6061,0.6284,0.5683,0.6313,0.5939,0.5683,0.636,0.6305,0.6311,0.6227,0.6227,0.5958,0.5336,0.5388,0.5466,0.5336,0,0,0,0,0,-0.0047,-0.0625,-0.0084,-0.0316,-0.0316,-0.0141,-0.0562,0.0048,-0.031,-0.031,0.0061,0.003,0.0054,0.0053,-0.0682,-0.0786,-0.0457,-0.0279,0.0187,-0.0308,-0.0068,-0.0176,-0.0019,-0.009,-0.0068,-0.0006,-0.0428,-0.0036,0.0103,-0.0239,-0.0186,-0.0036,-0.0173,-0.016,-0.0252,-0.052,-0.0171,-0.0035,-0.0041,-0.0532,0.0109,-0.1264,0.002,-0.0959,-0.0928,0.0091,-0.1323,0.0001,-0.0662,-0.0937,0.0067,0.0188,0.0242,0.0016,-0.0053,-0.0398,-0.0046,-0.0775,0.006,-0.0743,-0.0502,-0.0054,-0.0883,0.0034,-0.0506,-0.0596,-0.0109,-0.0081,-0.0044,0.0151,0.0151,0.0039,-0.0385,TRUE,TRUE
DTC_R_28,LanSi,1,CW_01,A,2026-03-27 10:25:19+08:00,ONLINE,FALSE,,CW_1_01,PASS,,,51.3534576,_2026032710251995301,T20260327102519,DESKTOP-P2DUL42,Loma,1,CW_1_01,1,paul di,2024.0718.155524,V20260126.2,CW_DTCL_DTCR_STC,T20260327102611,51.3534576,TRUE,TRUE,TRUE,TRUE,TRUE,TRUE,TRUE,4S2RND2HBL0DP6,v1.0.1,2025_12_22,315.3037,316.9185,475.4167,297.1288,295.8435,148.6531,149.6623,337.2781,335.9267,487.6333,-5.0694,-1.9776,-0.0001,0,-0.2225,1.5551,-0.2218,1.5501,0.6652,155.5859,152.6631,152.3965,155.3145,153.99,0.8623,0.7724,0.8727,0.8247,0.7724,0.8316,0.7532,0.8185,0.8162,0.7532,0.8222,0.8244,0.8122,0.8317,0.7172,0.7326,0.8058,0.8004,0.7172,0.8362,0.8044,0.796,0.98,0.796,0.8561,0.7756,0.7679,0.8356,0.7979,0.8465,0.8398,0.8193,0.7679,0,0,0,0,0,v1.0.1,2025_12_22,315.2536,316.971,476.6296,297.0444,295.6174,147.6242,148.4276,337.3618,336,488.5855,-5.1143,-1.9826,-0.0001,0,-0.2223,1.5548,-0.2211,1.55,0.6653,165.6367,160.1582,169.083,168.29,165.792,0.6988,0.653,0.709,0.7032,0.653,0.6834,0.6475,0.6692,0.6731,0.6475,0.6531,0.6714,0.652,0.6584,0.6217,0.6283,0.6233,0.646,0.6217,0.6653,0.6556,0.6579,0.1118,0.1118,0.6518,0.6526,0.6402,0.6654,0.6563,0.5887,0.6556,0.6838,0.5887,0,0,0,0,0,v1.0.1,2025_12_22,317.713,328.3241,442.3661,313.2232,303.1339,196.4724,188.952,342.6,332.1304,458.2,-2.6409,8.2639,0,0.0001,-0.22,1.5602,-0.2099,1.5597,0.6725,177.3535,176.6592,176.8896,178.2178,177.28,0.8111,0.6394,0.8276,0.7018,0.6394,0.7802,0.6044,0.7782,0.7247,0.6044,0.7833,0.781,0.7699,0.7512,0.7512,0.751,0.6785,0.7365,0,0.6785,0,0,0,0,0,v1.0.1,2025_12_22,317.6,328.5,443.2162,313.2613,302.9583,195.8583,187.9274,342.6532,332.2689,459.1429,-2.7058,8.3831,0,0.0001,-0.2202,1.5603,-0.2082,1.5585,0.6726,149.3633,144.4395,146.2061,147.1797,146.7971,0.6714,0.5694,0.6831,0.601,0.5694,0.653,0.5513,0.6586,0.6172,0.5513,0.6436,0.6374,0.6464,0.634,0.634,0.6116,0.5478,0.5913,0.3581,0.3581,0,0,0,0,0,-0.0111,-0.1086,-0.0061,-0.0442,-0.0965,0.0165,-0.0673,-0.0167,-0.0088,-0.0619,-0.0066,0.0104,-0.0079,0.0127,-0.0922,-0.0897,0.0023,-0.0123,-0.0077,-0.001,-0.0036,-0.0563,-0.0054,-0.0212,-0.0494,-0.0042,-0.0319,0.0003,-0.0141,-0.0214,0.0003,0.0299,-0.0123,0.0066,-0.0442,-0.0411,-0.005,0.0048,-0.0191,0.0013,-0.0073,-0.1841,0.0186,-0.1189,-0.1696,0.0167,-0.1763,0.0062,-0.064,-0.1591,0.0083,0.0172,0.0184,0.0116,0.0051,-0.003,0.005,-0.1081,0.0157,-0.0849,-0.097,0.0098,-0.0991,0.02,-0.0282,-0.0873,0.0023,-0.0058,0.0124,0.0134,0.0134,0.0073,0.0031,TRUE,TRUE
DTC_L_28,LanSi,1,CW_01,B,2026-03-27 10:25:19+08:00,ONLINE,FALSE,,CW_1_01,PASS,,,51.370412,_2026032710251993802,T20260327102519,DESKTOP-P2DUL42,Loma,1,CW_1_01,2,paul di,2024.0718.155524,V20260126.2,CW_DTCL_DTCR_STC,T20260327102611,51.370412,TRUE,TRUE,TRUE,TRUE,TRUE,TRUE,TRUE,4S2RND2HBL06DS,v1.0.1,2025_12_22,313.9478,323.4328,473.9343,302.8467,294.5677,151.8903,148,343.396,333.0857,489.9786,-6.7929,2.8089,-0.0001,0,-0.2275,1.5578,-0.2192,1.5559,0.6667,156.3027,152.1436,150.3086,155.3896,153.5361,0.8228,0.8092,0.8323,0.7836,0.7836,0.7832,0.7347,0.8024,0.7569,0.7347,0.8202,0.8148,0.82,0.7703,0.7426,0.7373,0.7606,0.7164,0.7164,0.8185,0.446,0.7918,0.8024,0.446,0.8525,0.781,0.7707,0.8437,0.8366,0.8399,0.791,0.7769,0.7707,0,0,0,0,0,v1.0.1,2025_12_22,313.9353,323.4029,475.0426,302.844,294.4129,150.9677,147,343.5,333.2536,491.029,-6.7711,2.8487,-0.0001,0,-0.2264,1.5575,-0.2193,1.5555,0.6668,164.3281,160.1748,166.2939,165.7832,164.145,0.6874,0.6756,0.6944,0.6975,0.6756,0.6527,0.6233,0.6557,0.6537,0.6233,0.6582,0.6575,0.6472,0.6419,0.6242,0.6353,0.6311,0.6097,0.6097,0.6729,0.5215,0.622,0.6616,0.5215,0.6526,0.6647,0.6305,0.6726,0.6917,0.686,0.661,0.6362,0.6305,0,0,0,0,0,v1.0.1,2025_12_22,312.9151,315.6698,437.6667,301.4386,298.9412,184.1597,184.395,330.395,326.9231,446.1709,-7.3318,-3.9332,-0.0001,0,-0.2131,1.5644,-0.2136,1.5633,0.6753,176.0967,175.3916,173.4912,175.7295,175.1772,0.7912,0.6916,0.8101,0.6762,0.6762,0.7469,0.6313,0.765,0.6715,0.6313,0.7819,0.7773,0.7658,0.7113,0.7113,0.7331,0,0.7038,0.6853,0.6853,0,0,0,0,0,v1.0.1,2025_12_22,312.8972,315.6168,438.5487,301.2832,298.7542,183.4915,183.4417,330.4917,327,447.1026,-7.3716,-3.9028,-0.0001,0,-0.2131,1.5636,-0.2139,1.5634,0.675,149.6631,145.0049,144.2383,147.6074,146.6284,0.6572,0.5942,0.6857,0.6002,0.5942,0.632,0.548,0.6326,0.604,0.548,0.6346,0.6418,0.6414,0.6089,0.6089,0.5907,0.5311,0.5438,0.5417,0.5311,0,0,0,0,0,-0.0048,-0.0584,-0.0152,-0.0397,-0.0397,-0.0094,-0.0962,-0.0034,-0.0295,-0.0517,0.0016,0.0022,-0.0002,-0.0067,-0.0754,-0.0775,-0.0458,-0.0307,0.0142,-0.0251,0.0016,-0.0399,0.0006,-0.0116,-0.0102,-0.0135,-0.0559,-0.0047,-0.0066,-0.037,-0.0109,0.0018,-0.021,0.004,-0.0296,-0.041,-0.0189,-0.0167,-0.0022,-0.0537,0.0054,-0.1334,0.0053,-0.1127,-0.1096,0.0052,-0.149,-0.0012,-0.0865,-0.1104,0.0018,0.0109,0.0094,0.0213,-0.0061,-0.0317,0.0009,-0.0894,0.0113,-0.0871,-0.0621,-0.0018,-0.1086,0.0047,-0.0405,-0.0799,-0.0123,0.0032,0.0059,0.0013,0.0013,-0.0012,-0.0335,TRUE,TRUE
DTC_R_29,LanSi,1,CW_01,B,2026-03-27 10:32:37+08:00,ONLINE,FALSE,,CW_1_01,PASS,,,51.5335319,_2026032710323730501,T20260327103237,DESKTOP-P2DUL42,Loma,1,CW_1_01,1,paul di,2024.0718.155524,V20260126.2,CW_DTCL_DTCR_STC,T20260327103328,51.5335319,TRUE,TRUE,TRUE,TRUE,TRUE,TRUE,TRUE,4S2RND2HBL0DP6,v1.0.1,2025_12_22,315.0365,316.2409,474.7007,296.365,295.1497,147.1701,149.5,336.5867,335.2759,485.7241,-5.5675,-3.0827,-0.0001,0,-0.2233,1.5532,-0.2218,1.5514,0.6649,156.0078,152.9717,152.7393,155.9355,154.4136,0.8579,0.8327,0.8772,0.8296,0.8296,0.8231,0.7543,0.8161,0.7718,0.7543,0.8097,0.8213,0.8242,0.8318,0.7738,0.7545,0.7603,0.7065,0.7065,0.8273,0.8387,0.8056,0.98,0.8056,0.8441,0.7624,0.7628,0.816,0.822,0.8922,0.7508,0.8515,0.7508,0,0,0,0,0,v1.0.1,2025_12_22,315.0426,316.156,475.8467,296.1898,295.1419,146.2162,148.2517,336.6954,335.4069,486.8,-5.5621,-3.0885,-0.0001,0,-0.223,1.5537,-0.222,1.5515,0.665,164.877,159.4482,168.5439,167.4893,165.0896,0.6954,0.6953,0.7132,0.6961,0.6953,0.6797,0.6405,0.6802,0.6581,0.6405,0.6498,0.6519,0.646,0.6653,0.6461,0.633,0.608,0.6127,0.608,0.6874,0.6738,0.6702,0.4009,0.4009,0.6526,0.647,0.6704,0.6648,0.6537,0.6173,0.6351,0.6843,0.6173,0,0,0,0,0,v1.0.1,2025_12_22,317.3962,327.8585,441.7321,312.7321,302.6693,195.2126,188.7295,342.3197,331.913,456.8957,-3.012,7.5037,0,0.0001,-0.2205,1.5597,-0.2114,1.5583,0.6715,176.7881,175.7148,176.1846,177.7773,176.6162,0.8165,0.7227,0.8296,0.7166,0.7166,0.7766,0.6565,0.7856,0.6698,0.6565,0.7746,0.7721,0.7793,0.7381,0.7381,0.655,0.6546,0.737,0,0.6546,0,0,0,0,0,v1.0.1,2025_12_22,317.2885,328,442.4779,312.5487,302.664,194.632,187.878,342.4553,331.9558,457.708,-3.0472,7.5688,0,0.0001,-0.2223,1.5611,-0.2107,1.5577,0.6714,148.5273,143.6104,145.4277,146.7549,146.0801,0.668,0.6072,0.6855,0.6085,0.6072,0.6437,0.572,0.6541,0.5697,0.5697,0.6374,0.6288,0.6406,0.6299,0.6288,0.5385,0.5427,0.5996,0.3356,0.3356,0,0,0,0,0,-0.0155,-0.0483,-0.0016,-0.0393,-0.0393,0.008,-0.0662,-0.0191,-0.0532,-0.0608,-0.0191,0.0073,0.0041,0.0128,-0.0356,-0.0678,-0.0432,-0.1062,-0.0166,0.0086,-0.007,-0.014,-0.0012,-0.0283,-0.0071,-0.0079,-0.0389,0.0113,-0.0291,-0.0284,-0.003,0.0104,-0.0183,0.0135,-0.0198,-0.0364,-0.0203,-0.0285,0.003,0.0136,-0.0019,-0.1008,0.0206,-0.1041,-0.0924,0.0131,-0.1242,0.0136,-0.1189,-0.107,-0.0004,0.0083,0.0278,-0.0015,-0.0909,-0.0025,0.0016,-0.0703,0.0181,-0.0774,-0.0592,0.0005,-0.0784,0.0155,-0.0757,-0.0689,-0.0039,-0.0144,0.0066,0.0093,0.0082,-0.0658,0.0114,TRUE,TRUE
DTC_L_29,LanSi,1,CW_01,C,2026-03-27 10:32:37+08:00,ONLINE,FALSE,,CW_1_01,PASS,,,51.3978946,_2026032710323743802,T20260327103237,DESKTOP-P2DUL42,Loma,1,CW_1_01,2,paul di,2024.0718.155524,V20260126.2,CW_DTCL_DTCR_STC,T20260327103328,51.3978946,TRUE,TRUE,TRUE,TRUE,TRUE,TRUE,TRUE,4S2RND2HBL06DS,v1.0.1,2025_12_22,313.9783,323.0435,473.8759,302.5328,294.4416,151.1558,148,343.0479,333,490.0863,-6.8409,2.4733,-0.0001,0,-0.2271,1.5571,-0.2194,1.5569,0.6669,154.9961,151.248,149.0117,154.2568,152.3782,0.8243,0.8192,0.8378,0.7905,0.7905,0.7724,0.7591,0.7984,0.7441,0.7441,0.82,0.8045,0.8149,0.763,0.7578,0.7449,0.7619,0.7249,0.7249,0.813,0.98,0.7715,0.7968,0.7715,0.8468,0.7542,0.7542,0.8518,0.8427,0.8384,0.8016,0.784,0.7542,0,0,0,0,0,v1.0.1,2025_12_22,314,323.0863,474.993,302.2817,294.3961,150.2143,146.9384,343.2055,333.1714,491.1071,-6.8002,2.479,-0.0001,0,-0.228,1.5574,-0.2193,1.5567,0.6667,165.1494,160.3467,166.6738,166.0098,164.5449,0.6883,0.6802,0.6921,0.692,0.6802,0.6541,0.6404,0.6483,0.6478,0.6404,0.6456,0.6449,0.6536,0.6365,0.6261,0.6432,0.6418,0.6193,0.6193,0.6767,0.4576,0.6274,0.6476,0.4576,0.6636,0.6547,0.6251,0.6634,0.6933,0.6844,0.6627,0.6372,0.6251,0,0,0,0,0,v1.0.1,2025_12_22,312.6972,315.3761,437.5405,300.8559,298.7131,183.7541,184.36,330.096,326.5932,446.3559,-7.5192,-4.2124,-0.0001,0,-0.2153,1.5644,-0.2137,1.5646,0.675,176.2031,175.1582,173.0078,175.6582,175.0068,0.7877,0.7094,0.8092,0.6829,0.6829,0.7396,0.6698,0.7731,0.6932,0.6698,0.7735,0.7769,0.7595,0.7141,0.7141,0.7216,0,0.7119,0.716,0.7119,0,0,0,0,0,v1.0.1,2025_12_22,312.783,315.217,438.4649,300.6667,298.6975,182.958,183.4836,330.1639,326.8291,447.1453,-7.4484,-4.2698,-0.0001,0,-0.2147,1.5642,-0.2146,1.5642,0.6748,150.0264,144.7881,144.4912,147.6738,146.7449,0.6655,0.6052,0.6718,0.6031,0.6031,0.6274,0.5661,0.6305,0.582,0.5661,0.6374,0.6337,0.6543,0.6088,0.6088,0.5959,0.5258,0.5357,0.5491,0.5258,0,0,0,0,0,-0.0033,-0.0484,-0.0097,-0.0328,-0.0328,-0.0202,-0.0718,-0.0074,-0.0423,-0.0423,0.0014,-0.0081,-0.0053,-0.014,-0.0602,-0.0699,-0.0445,-0.0222,0.0087,-0.0454,0.0025,-0.0353,-0.0017,-0.0171,-0.0056,-0.0121,-0.0388,-0.0121,-0.0125,-0.0199,-0.0235,-0.0108,-0.0146,-0.0014,-0.0277,-0.0331,-0.0082,-0.0071,0.0016,-0.0483,0.0019,-0.1156,0.0044,-0.106,-0.1029,-0.0021,-0.1105,0.0069,-0.0648,-0.0719,-0.0066,0.0105,0.0031,0.0241,-0.0176,-0.0236,0.0092,-0.0784,-0.0026,-0.0842,-0.0532,-0.0064,-0.0905,0.0026,-0.0625,-0.0618,-0.0095,-0.0049,0.0188,0.0012,0.0012,0.004,-0.0416,TRUE,TRUE
DTC_L_30,LanSi,1,CW_01,A,2026-03-27 10:34:23+08:00,ONLINE,FALSE,,CW_1_01,PASS,,,51.4131792,_2026032710342386802,T20260327103423,DESKTOP-P2DUL42,Loma,1,CW_1_01,2,paul di,2024.0718.155524,V20260126.2,CW_DTCL_DTCR_STC,T20260327103515,51.4131792,TRUE,TRUE,TRUE,TRUE,TRUE,TRUE,TRUE,4S2RND2HBL06DS,v1.0.1,2025_12_22,314.403,323.9925,474.2388,303.8209,295,153.5,148.58,343.88,333.6835,489.5468,-6.319,3.448,-0.0001,0,-0.225,1.557,-0.2188,1.5543,0.6669,156.1875,151.791,150.0225,155.5625,153.3909,0.8198,0.8141,0.8412,0.7846,0.7846,0.7788,0.771,0.7987,0.7448,0.7448,0.8148,0.8113,0.8056,0.7732,0.7536,0.7345,0.7586,0.7019,0.7019,0.8206,0.6571,0.7898,0.7984,0.6571,0.8391,0.7675,0.7734,0.8364,0.8232,0.8262,0.7897,0.7786,0.7675,0,0,0,0,0,v1.0.1,2025_12_22,314.3235,324.0368,475.3261,303.5942,294.9603,152.4768,147.4564,344.0134,333.773,490.5461,-6.3321,3.4335,-0.0001,0,-0.2258,1.5579,-0.2186,1.554,0.6669,163.7061,159.1465,165.2812,164.6582,163.198,0.6819,0.6762,0.6862,0.6865,0.6762,0.6517,0.6377,0.663,0.6527,0.6377,0.6471,0.6393,0.6609,0.6301,0.6383,0.637,0.6432,0.6143,0.6143,0.6815,0.5085,0.6133,0.6522,0.5085,0.6432,0.6532,0.6418,0.6684,0.677,0.6844,0.6547,0.634,0.634,0,0,0,0,0,v1.0.1,2025_12_22,313.0849,316.3302,437.9725,302.1009,299.225,185.8333,184.7623,331.0328,327.1565,446.0522,-7.0598,-3.2301,-0.0001,0,-0.2129,1.5645,-0.2136,1.5622,0.6751,176.1855,174.8193,172.9922,175.7441,174.9353,0.7875,0.6945,0.813,0.6648,0.6648,0.7432,0.6694,0.7632,0.6687,0.6687,0.7829,0.7701,0.7665,0.7011,0.7011,0.72,0,0.6965,0.7106,0.6965,0,0,0,0,0,v1.0.1,2025_12_22,313.0865,316.2212,438.8407,301.9469,299.1102,184.9237,183.9508,331.0164,327.2564,446.9487,-7.0511,-3.2886,-0.0001,0,-0.2125,1.5642,-0.2136,1.5623,0.6751,148.8945,143.7197,142.9668,146.5049,145.5215,0.6574,0.6002,0.6756,0.5963,0.5963,0.6238,0.5707,0.631,0.5728,0.5707,0.6392,0.6351,0.6472,0.6114,0.6114,0.5881,0.5609,0.5427,0.5499,0.5427,0,0,0,0,0,-0.0078,-0.0535,-0.0063,-0.0387,-0.0387,-0.0138,-0.0599,-0.0071,-0.0416,-0.0416,-0.0038,-0.0013,-0.0146,-0.0038,-0.0644,-0.0803,-0.0478,-0.0452,0.0163,-0.0271,-0.0039,-0.0393,-0.0076,-0.0226,-0.0096,-0.0145,-0.0415,0.0026,-0.0076,-0.0226,-0.022,-0.0164,-0.0073,-0.0078,-0.0155,-0.0393,-0.0068,-0.0121,0.0064,-0.0624,0.0017,-0.1305,0.0082,-0.1241,-0.121,0.0015,-0.1109,-0.003,-0.0893,-0.073,0.0028,0.0037,0.0101,0.0111,-0.0192,-0.039,0.0011,-0.0834,0.0012,-0.091,-0.06,-0.01,-0.0859,0.0031,-0.0717,-0.0572,-0.0077,-0.0035,0.0117,0.0038,0.0038,-0.0038,-0.0346,TRUE,TRUE
DTC_R_30,LanSi,1,CW_01,C,2026-03-27 10:34:23+08:00,ONLINE,FALSE,,CW_1_01,PASS,,,51.4770108,_2026032710342383001,T20260327103423,DESKTOP-P2DUL42,Loma,1,CW_1_01,1,paul di,2024.0718.155524,V20260126.2,CW_DTCL_DTCR_STC,T20260327103515,51.4770108,TRUE,TRUE,TRUE,TRUE,TRUE,TRUE,TRUE,4S2RND2HBL0DP6,v1.0.1,2025_12_22,315.5,317.8333,475.5489,298.1654,295.8182,149.2308,149.8311,337.8919,336.1611,485.651,-4.9282,-1.7455,0,0,-0.2218,1.5541,-0.22,1.5478,0.665,155.8477,153.0088,152.8359,155.5908,154.3208,0.8747,0.801,0.8719,0.7951,0.7951,0.8188,0.7599,0.8222,0.7584,0.7584,0.8182,0.8067,0.8274,0.8136,0.7423,0.7399,0.7969,0.759,0.7399,0.8399,0.7929,0.798,0.98,0.7929,0.8431,0.765,0.7626,0.8246,0.7855,0.7571,0.8358,0.8441,0.7571,0,0,0,0,0,v1.0.1,2025_12_22,315.3358,317.708,476.7353,298.1103,295.6351,148.2703,148.7095,338,336.1812,486.6779,-4.9806,-1.7467,0,0,-0.2203,1.5545,-0.2207,1.5475,0.6653,163.7129,158.7002,167.54,166.6055,164.1396,0.7093,0.6702,0.7125,0.6734,0.6702,0.6775,0.6451,0.6744,0.6455,0.6451,0.6488,0.6467,0.6534,0.6515,0.6427,0.632,0.6123,0.628,0.6123,0.6725,0.669,0.6586,0.1003,0.1003,0.6433,0.6478,0.6493,0.6678,0.6592,0.6261,0.638,0.6725,0.6261,0,0,0,0,0,v1.0.1,2025_12_22,317.8476,329,442.3661,314.2589,303.0333,197.0417,189.122,343.3333,332.2957,457.1478,-2.5671,8.6564,0,0.0001,-0.2173,1.5585,-0.2104,1.558,0.6722,177.6162,177.0986,177.291,178.6885,177.6736,0.8141,0.6476,0.8393,0.6409,0.6409,0.7796,0.6315,0.7737,0.6506,0.6315,0.7814,0.7619,0.766,0.7588,0.7588,0.7502,0.6665,0.7341,0,0.6665,0,0,0,0,0,v1.0.1,2025_12_22,317.7981,329.0481,443.2232,314.1786,303.0661,196.2645,188.1951,343.3577,332.547,457.7265,-2.5341,8.6151,0,0.0001,-0.2175,1.5598,-0.2094,1.5562,0.6723,147.8555,142.9619,144.7061,145.707,145.3076,0.6655,0.5725,0.6716,0.5644,0.5644,0.6435,0.5619,0.6515,0.5578,0.5578,0.653,0.6356,0.6346,0.6392,0.6346,0.5827,0.5677,0.5588,0.3877,0.3877,0,0,0,0,0,0.0013,-0.08,-0.0069,-0.0738,-0.0738,0.0037,-0.0606,-0.013,-0.0666,-0.0567,-0.0106,-0.0073,0.0073,-0.0054,-0.0671,-0.0824,-0.0066,-0.0537,-0.004,0.001,0.0069,-0.0391,-0.0019,-0.051,-0.0322,-0.0101,-0.0343,0.0055,-0.0417,-0.0238,-0.004,0.0052,-0.0109,-0.0003,-0.0232,-0.0374,-0.016,-0.0132,-0.0119,0.002,-0.0043,-0.1759,0.0303,-0.1798,-0.1681,0.0161,-0.1492,0.0017,-0.1381,-0.132,0.0064,-0.0019,0.0145,0.0192,0.0043,-0.0054,-0.0009,-0.105,0.0042,-0.1215,-0.102,0.0003,-0.0885,0.0129,-0.0876,-0.0808,0.0117,-0.0076,0.0006,0.0186,0.014,-0.0216,-0.0294,TRUE,TRUE
DTC_R_31,LanSi,1,CW_01,A,2026-03-27 10:36:09+08:00,ONLINE,FALSE,,CW_1_01,PASS,,,51.5732508,_2026032710360967601,T20260327103609,DESKTOP-P2DUL42,Loma,1,CW_1_01,1,paul di,2024.0718.155524,V20260126.2,CW_DTCL_DTCR_STC,T20260327103701,51.5732508,TRUE,TRUE,TRUE,TRUE,TRUE,TRUE,TRUE,4S2RND2HBL0DP6,v1.0.1,2025_12_22,315.2148,317.7778,475.6176,298.2647,295.7361,149.5208,149.8681,338,336.0133,484.5733,-5.01,-1.8727,-0.0001,0,-0.2205,1.555,-0.2212,1.5462,0.6649,155.7666,152.9199,152.5391,155.3232,154.1372,0.8483,0.7971,0.8742,0.7778,0.7778,0.8297,0.755,0.829,0.7327,0.7327,0.8223,0.813,0.8167,0.8142,0.739,0.7358,0.7532,0.7301,0.7301,0.8481,0.8112,0.7935,0.98,0.7935,0.8471,0.7743,0.7487,0.8127,0.7825,0.7164,0.8221,0.8532,0.7164,0,0,0,0,0,v1.0.1,2025_12_22,315.2117,317.7883,476.7007,298.146,295.483,148.4558,148.7143,338.1224,336.0265,485.6225,-5.0728,-1.873,-0.0001,0,-0.2205,1.5543,-0.221,1.5469,0.6649,164.5811,159.1875,168.2012,167.207,164.7942,0.6933,0.68,0.7151,0.6715,0.6715,0.6676,0.6479,0.6696,0.6341,0.6341,0.6552,0.65,0.6513,0.6551,0.6359,0.6423,0.6154,0.6144,0.6144,0.6864,0.6662,0.6811,0.1189,0.1189,0.6532,0.6587,0.647,0.6761,0.6527,0.6267,0.6371,0.6686,0.6267,0,0,0,0,0,v1.0.1,2025_12_22,317.5577,329.0673,442.3684,314.2632,303.0492,197.2131,189.0887,343.371,332.3125,456.3482,-2.6247,8.5526,0,0.0001,-0.2175,1.5607,-0.2104,1.5549,0.6719,177.3467,176.5762,176.8066,177.8984,177.157,0.7925,0.6634,0.8171,0.6247,0.6247,0.769,0.6481,0.7825,0.6081,0.6081,0.7842,0.7788,0.7733,0.7434,0.7434,0.7454,0.6676,0.7495,0,0.6676,0,0,0,0,0,v1.0.1,2025_12_22,317.5534,329.0097,443.2273,314.2091,302.8618,196.5285,188.1885,343.4508,332.2957,457.1478,-2.6747,8.5692,0,0.0001,-0.2167,1.5598,-0.2107,1.5557,0.6721,148.6729,143.3281,145.0898,146.4033,145.8735,0.6726,0.5813,0.6683,0.5435,0.5435,0.6324,0.5642,0.6455,0.5322,0.5322,0.635,0.6444,0.6421,0.6302,0.6302,0.6084,0.5476,0.5855,0.3736,0.3736,0,0,0,0,0,-0.0251,-0.0839,-0.0046,-0.0911,-0.0911,0.0146,-0.0655,-0.0062,-0.0923,-0.0824,-0.0065,-0.001,-0.0034,-0.0048,-0.0704,-0.0865,-0.0503,-0.0826,0.0042,-0.0035,-0.0091,-0.0293,0.0007,-0.0529,-0.0309,-0.02,-0.0315,0.0007,-0.0531,-0.0348,0.0024,0.0085,-0.013,0.0033,-0.03,-0.0271,-0.0129,-0.0268,0.002,0.0245,-0.0259,-0.1601,0.0081,-0.196,-0.1843,0.0055,-0.1326,0.0105,-0.1806,-0.1554,0.0092,0.015,0.0218,0.0038,-0.0005,0.01,0.0062,-0.0962,0.0009,-0.1424,-0.1229,-0.0108,-0.0862,0.0069,-0.1132,-0.1064,-0.0063,0.0012,0.0081,0.0096,0.0096,0.0041,-0.0027,TRUE,TRUE
DTC_L_31,LanSi,1,CW_01,B,2026-03-27 10:36:09+08:00,ONLINE,FALSE,,CW_1_01,PASS,,,51.7567612,_2026032710360950302,T20260327103609,DESKTOP-P2DUL42,Loma,1,CW_1_01,2,paul di,2024.0718.155524,V20260126.2,CW_DTCL_DTCR_STC,T20260327103701,51.7567612,TRUE,TRUE,TRUE,TRUE,TRUE,TRUE,TRUE,4S2RND2HBL06DS,v1.0.1,2025_12_22,315.2148,322.7778,475.4179,302.0448,296.1544,152.2617,150.1126,342.4901,334.5344,487.8702,-5.2132,1.9889,-0.0001,0,-0.2282,1.559,-0.2183,1.5538,0.6666,156.416,152.4639,150.7012,155.6689,153.8125,0.8307,0.8053,0.8418,0.7841,0.7841,0.7842,0.7673,0.7972,0.7371,0.7371,0.8088,0.8053,0.8158,0.7757,0.76,0.7338,0.7543,0.692,0.692,0.8181,0.98,0.7768,0.7266,0.7266,0.8459,0.7298,0.7328,0.8433,0.8088,0.7903,0.7688,0.7781,0.7298,0,0,0,0,0,v1.0.1,2025_12_22,315.1533,322.8102,476.5333,301.963,296.1133,151.28,149.0135,342.6486,334.6889,488.8815,-5.1995,2.0167,-0.0001,0,-0.228,1.5597,-0.2183,1.5532,0.6667,163.8115,159.9922,165.9697,165.0752,163.7122,0.6775,0.6875,0.6851,0.6877,0.6775,0.6567,0.6407,0.6522,0.64,0.64,0.6585,0.6473,0.6525,0.6335,0.6268,0.6286,0.6368,0.5959,0.5959,0.6824,0.4226,0.634,0.6342,0.4226,0.6528,0.6442,0.6103,0.684,0.6609,0.6673,0.6606,0.6257,0.6103,0,0,0,0,0,v1.0.1,2025_12_22,314.0294,315.049,438.9444,300.5926,300.4538,184.3697,186.35,329.6333,328.1062,444.6195,-5.9232,-4.6472,-0.0001,0,-0.2147,1.5668,-0.2132,1.5621,0.6752,176.0508,175.2217,173.2305,175.4922,174.9988,0.7819,0.7071,0.7842,0.6815,0.6815,0.7573,0.6662,0.7595,0.6461,0.6461,0.7782,0.7687,0.7563,0.7115,0.7115,0.7215,0,0.6909,0.6371,0.6371,0,0,0,0,0,v1.0.1,2025_12_22,313.9417,315,439.6379,300.5,300.3333,183.6154,185.3967,329.6116,328.0991,445.4505,-6.0182,-4.6645,-0.0001,0,-0.2143,1.5671,-0.2127,1.5622,0.6756,149.0615,144.5195,143.7139,146.8896,146.0461,0.6614,0.6033,0.6578,0.603,0.603,0.6257,0.5689,0.6318,0.5694,0.5689,0.6318,0.6454,0.6454,0.6206,0.6206,0.5768,0.5079,0.5354,0.5187,0.5079,0,0,0,0,0,0.0031,-0.0623,-0.0057,-0.0392,-0.0392,-0.0084,-0.0636,-0.0086,-0.0493,-0.0493,-0.0098,-0.0073,-0.0044,-0.0013,-0.058,-0.081,-0.0521,-0.0551,0.0138,-0.0401,-0.0083,-0.028,-0.0087,-0.0214,-0.0083,-0.0095,-0.0385,-0.0082,-0.0203,-0.0203,-0.0106,-0.0084,-0.0157,-0.0044,-0.027,-0.0477,-0.0132,-0.0305,0.0073,-0.0417,-0.0039,-0.1179,-0.0206,-0.1074,-0.1043,0.0156,-0.1141,-0.0067,-0.1119,-0.0956,-0.0019,0.0023,-0.0001,0.0215,-0.0177,-0.0446,0.0051,-0.0803,-0.0166,-0.0843,-0.0533,-0.0081,-0.0877,0.0039,-0.0751,-0.059,-0.0151,0.0068,0.0099,0.013,0.013,-0.0151,-0.0419,TRUE,TRUE
DTC_L_32,LanSi,1,CW_01,C,2026-03-27 10:37:52+08:00,ONLINE,FALSE,,CW_1_01,PASS,,,52.0139611,_2026032710375255202,T20260327103752,DESKTOP-P2DUL42,Loma,1,CW_1_01,2,paul di,2024.0718.155524,V20260126.2,CW_DTCL_DTCR_STC,T20260327103844,52.0139611,TRUE,TRUE,TRUE,TRUE,TRUE,TRUE,TRUE,4S2RND2HBL06DS,v1.0.1,2025_12_22,314.2388,323.8209,474.1971,303.438,295.0199,153.3245,148.5,343.5867,333.6296,489.9556,-6.3829,3.3251,-0.0001,0,-0.2262,1.558,-0.2182,1.5541,0.6669,155.2695,151.3213,149.499,154.6709,152.6902,0.821,0.8042,0.8399,0.774,0.774,0.7798,0.7572,0.8048,0.7522,0.7522,0.8111,0.8256,0.8173,0.76,0.7607,0.7172,0.7687,0.7191,0.7172,0.8207,0.98,0.782,0.8047,0.782,0.8435,0.7795,0.7988,0.8327,0.8413,0.8166,0.7888,0.7831,0.7795,0,0,0,0,0,v1.0.1,2025_12_22,314.2409,323.8467,475.3406,303.3406,294.9073,152.404,147.3907,343.755,333.7842,490.8777,-6.3673,3.3448,-0.0001,0,-0.2261,1.558,-0.2182,1.5538,0.6669,164.4297,159.8799,165.9805,165.2227,163.8782,0.6839,0.678,0.6977,0.7017,0.678,0.6562,0.6378,0.6593,0.6548,0.6378,0.6385,0.6462,0.6537,0.609,0.6329,0.6308,0.6375,0.6185,0.609,0.6818,0.4459,0.6166,0.6585,0.4459,0.6544,0.663,0.6628,0.6727,0.6945,0.6918,0.6634,0.6324,0.6324,0,0,0,0,0,v1.0.1,2025_12_22,313.0288,316.0481,438.009,301.8919,299.161,185.5508,184.65,330.6333,327.0769,446.1709,-7.1148,-3.441,-0.0001,0,-0.2123,1.5644,-0.2126,1.5627,0.6756,176.1426,175.2021,173.0166,175.6699,175.0078,0.7889,0.6873,0.808,0.6667,0.6667,0.7465,0.6579,0.7643,0.6671,0.6579,0.789,0.772,0.7725,0.6969,0.6969,0.7372,0,0.7028,0.7036,0.7028,0,0,0,0,0,v1.0.1,2025_12_22,313,315.9029,438.7699,301.7699,299.0431,184.8707,183.7805,330.6748,327.3025,447.042,-7.1208,-3.4479,-0.0001,0,-0.2114,1.5642,-0.2133,1.5616,0.6753,149.4658,144.374,143.7227,147.2188,146.1953,0.6546,0.5972,0.6757,0.6085,0.5972,0.637,0.5723,0.6256,0.5888,0.5723,0.6461,0.6352,0.6469,0.5953,0.5953,0.5886,0.525,0.5412,0.5518,0.525,0,0,0,0,0,-0.0066,-0.0634,-0.0076,-0.0493,-0.0493,-0.0128,-0.0737,-0.001,-0.0342,-0.0342,-0.0075,0.013,-0.0029,-0.017,-0.0573,-0.0976,-0.0377,-0.028,0.0164,-0.0349,-0.0019,-0.0375,0.0039,-0.0074,-0.0078,-0.01,-0.0414,-0.0011,-0.0055,-0.0225,-0.0306,-0.0095,-0.0145,-0.0289,-0.0209,-0.0455,-0.0125,-0.0079,0.0067,-0.0591,0.0031,-0.1377,0.0032,-0.1222,-0.1191,0.0048,-0.1224,-0.0019,-0.0909,-0.0838,0.0089,0.0056,0.0161,0.0069,-0.002,-0.0327,-0.0017,-0.0864,0.0013,-0.0788,-0.0591,0.0032,-0.0843,-0.0023,-0.0557,-0.0556,-0.0008,-0.0034,0.0114,-0.0123,-0.0123,-0.0033,-0.0361,TRUE,TRUE
DTC_R_32,LanSi,1,CW_01,B,2026-03-27 10:37:52+08:00,ONLINE,FALSE,,CW_1_01,PASS,,,51.9930174,_2026032710375256501,T20260327103752,DESKTOP-P2DUL42,Loma,1,CW_1_01,1,paul di,2024.0718.155524,V20260126.2,CW_DTCL_DTCR_STC,T20260327103844,51.9930174,TRUE,TRUE,TRUE,TRUE,TRUE,TRUE,TRUE,4S2RND2HBL0DP6,v1.0.1,2025_12_22,315.1103,316.8309,475.1765,297.1471,295.4384,148.4452,149.3733,336.8467,335.7959,483.9184,-5.3211,-2.8624,-0.0001,0,-0.2218,1.554,-0.2197,1.5471,0.6649,155.3096,153.6465,153.3271,155.3525,154.4089,0.8654,0.789,0.8761,0.7783,0.7783,0.8096,0.7628,0.8141,0.7549,0.7549,0.8256,0.8146,0.8136,0.8091,0.7372,0.7358,0.7727,0.7575,0.7358,0.8283,0.8157,0.7981,0.6361,0.6361,0.8442,0.7803,0.7596,0.8288,0.7793,0.9998,0.8214,0.8363,0.7596,0,0,0,0,0,v1.0.1,2025_12_22,315.1087,316.8261,476.2536,297.029,295.3034,147.4552,148.2483,337.0414,335.9048,485,-5.3362,-2.8297,-0.0001,0,-0.2217,1.5539,-0.22,1.5472,0.6648,163.0986,158.1328,166.6914,166.2334,163.5391,0.7052,0.6833,0.7247,0.6831,0.6831,0.6772,0.6483,0.6831,0.6461,0.6461,0.654,0.6529,0.6455,0.6452,0.6259,0.6363,0.6349,0.6348,0.6259,0.6498,0.6585,0.6538,0.183,0.183,0.663,0.6615,0.6385,0.6724,0.6409,0.5467,0.6352,0.6657,0.5467,0,0,0,0,0,v1.0.1,2025_12_22,317.3962,328.1415,442.0727,313.2364,302.76,196.28,188.7377,342.4098,332,455.5818,-2.9067,7.6299,0,0.0001,-0.2185,1.5597,-0.2099,1.5562,0.6719,175.8135,176.6729,176.7412,177.0078,176.5588,0.7978,0.6551,0.8274,0.6392,0.6392,0.7737,0.6463,0.7829,0.644,0.644,0.782,0.7671,0.7804,0.7457,0.7457,0.7304,0.6662,0.7136,0,0.6662,0,0,0,0,0,v1.0.1,2025_12_22,317.3551,328.1776,442.9099,313.1532,302.704,195.648,187.9274,342.5565,332,456.5,-2.9207,7.707,0,0.0001,-0.2186,1.5602,-0.2101,1.5566,0.672,147.1055,142.2578,144.0312,145.4121,144.7017,0.6731,0.5801,0.682,0.5725,0.5725,0.6378,0.5685,0.642,0.5635,0.5635,0.6482,0.6396,0.6478,0.6219,0.6219,0.5717,0.5604,0.5934,0.3376,0.3376,0,0,0,0,0,-0.008,-0.092,-0.0027,-0.0906,-0.0906,-0.0055,-0.0577,-0.0211,-0.0701,-0.0602,-0.0032,0.0006,-0.0065,-0.0099,-0.0722,-0.0865,-0.0308,-0.0552,-0.0156,0.0011,0.0028,-0.026,0.0103,-0.0413,-0.0193,-0.0104,-0.0311,0.0142,-0.0411,-0.0228,0.0012,0.0114,-0.0188,-0.0066,-0.04,-0.0331,0.0066,-0.0064,-0.0346,-0.0028,-0.0206,-0.1684,0.0184,-0.1815,-0.1698,0.0102,-0.1344,0.0109,-0.1447,-0.1195,0.007,0.0033,0.0289,0.0061,-0.0155,-0.0259,0.0067,-0.0974,0.0146,-0.1134,-0.0939,-0.0054,-0.0819,0.0034,-0.0819,-0.0751,0.0069,-0.0036,0.0138,0.0013,0.0013,-0.0326,0.0052,TRUE,TRUE
DTC_L_33,LanSi,1,CW_01,A,2026-03-27 10:39:33+08:00,ONLINE,FALSE,,CW_1_01,PASS,,,51.6390146,_2026032710393334902,T20260327103933,DESKTOP-P2DUL42,Loma,1,CW_1_01,2,paul di,2024.0718.155524,V20260126.2,CW_DTCL_DTCR_STC,T20260327104024,51.6390146,TRUE,TRUE,TRUE,TRUE,TRUE,TRUE,TRUE,4S2RND2HBL06DS,v1.0.1,2025_12_22,315.3684,321.1353,475.6241,300.0977,296.1688,149.8701,150.2789,340.8776,334.7591,486.8467,-5.0601,0.2655,-0.0001,0,-0.23,1.5586,-0.2185,1.5538,0.666,155.6055,151.2988,149.6094,154.9355,152.8623,0.8337,0.8124,0.843,0.7875,0.7875,0.7962,0.7633,0.8049,0.7469,0.7469,0.8256,0.7997,0.8244,0.7667,0.7905,0.7354,0.7527,0.6978,0.6978,0.819,0.2433,0.8134,0.7625,0.2433,0.8419,0.7282,0.7931,0.8374,0.814,0.7669,0.7732,0.7706,0.7282,0,0,0,0,0,v1.0.1,2025_12_22,315.2754,321.1884,476.8088,300.0368,296.0728,148.947,149.0753,341.1027,334.9362,487.9362,-5.0663,0.3422,-0.0001,0,-0.2297,1.5593,-0.2187,1.5529,0.6659,163.6055,159.5488,165.374,164.7471,163.3188,0.6737,0.6907,0.6958,0.6927,0.6737,0.6612,0.6341,0.6533,0.6494,0.6341,0.6488,0.6542,0.6504,0.6282,0.6322,0.6307,0.6378,0.5973,0.5973,0.6849,0.4904,0.6823,0.6295,0.4904,0.666,0.6286,0.6436,0.6742,0.6715,0.6608,0.6549,0.6383,0.6286,0,0,0,0,0,v1.0.1,2025_12_22,314.0187,313.5514,439.2054,298.9196,300.377,182.2377,186.3226,328.129,328.3103,443.5,-5.8532,-6.2324,-0.0001,-0.0001,-0.2158,1.5668,-0.2132,1.5607,0.6746,176.4668,175.2783,173.4238,176.04,175.3022,0.7924,0.7109,0.8084,0.6868,0.6868,0.7529,0.6531,0.7649,0.6494,0.6494,0.7792,0.7619,0.7568,0.6832,0.6832,0.7498,0,0.7369,0.6526,0.6526,0,0,0,0,0,v1.0.1,2025_12_22,314.0187,313.5514,440.1053,298.8333,300.2931,181.6034,185.3697,328.3193,328.3565,444.5217,-5.8713,-6.1341,-0.0001,-0.0001,-0.2157,1.5666,-0.2138,1.5612,0.6746,148.9561,144.5762,143.2803,146.4463,145.8147,0.6631,0.6052,0.6671,0.6066,0.6052,0.6301,0.5597,0.6268,0.5752,0.5597,0.6347,0.636,0.6499,0.5904,0.5904,0.595,0.5106,0.5958,0.528,0.5106,0,0,0,0,0,0.0061,-0.0552,-0.0045,-0.0358,-0.0358,0.0036,-0.0676,-0.0009,-0.0395,-0.0395,0.007,-0.0129,0.0042,-0.0103,-0.0275,-0.0794,-0.0537,-0.0493,0.0147,-0.0035,-0.0121,-0.0248,0.002,-0.0164,-0.0121,-0.005,-0.0451,-0.0071,-0.0109,-0.0262,-0.0203,-0.0015,-0.0178,-0.0097,-0.0216,-0.0456,-0.0122,-0.0291,0.0098,0.0066,0.0066,-0.1141,0.0036,-0.1021,-0.099,0.0112,-0.1272,-0.0013,-0.1086,-0.0923,-0.0009,-0.0045,0.0004,-0.0068,0.0106,0.0014,0.0068,-0.0784,-0.0073,-0.0807,-0.0511,-0.0037,-0.0969,-0.0011,-0.0693,-0.0682,-0.0122,-0.0026,0.0144,-0.0172,-0.0172,0.0031,0.0185,TRUE,TRUE
DTC_R_33,LanSi,1,CW_01,C,2026-03-27 10:39:33+08:00,ONLINE,FALSE,,CW_1_01,PASS,,,51.4335632,_2026032710393354401,T20260327103933,DESKTOP-P2DUL42,Loma,1,CW_1_01,1,paul di,2024.0718.155524,V20260126.2,CW_DTCL_DTCR_STC,T20260327104024,51.4335632,TRUE,TRUE,TRUE,TRUE,TRUE,TRUE,TRUE,4S2RND2HBL0DP6,v1.0.1,2025_12_22,315.3684,316.8647,475.5,297.1667,295.8182,149.2308,149.7067,336.7133,336.1373,486.1634,-4.9939,-2.2722,0,0,-0.2219,1.5542,-0.2187,1.5482,0.6654,156.8896,154.041,153.623,156.7373,155.3228,0.8665,0.7786,0.8678,0.8127,0.7786,0.8191,0.7337,0.824,0.8042,0.7337,0.8245,0.8113,0.8171,0.8279,0.7164,0.7405,0.8017,0.7985,0.7164,0.8393,0.7898,0.8029,0.6481,0.6481,0.8362,0.7795,0.7636,0.8259,0.787,0.6761,0.8456,0.8502,0.6761,0,0,0,0,0,v1.0.1,2025_12_22,315.2574,316.8015,476.6765,297.0368,295.6573,148.1189,148.58,336.88,336.1447,487.2105,-5.0368,-2.2905,-0.0001,0,-0.2213,1.5546,-0.2194,1.5483,0.6656,164.6768,159.6533,168.4102,167.5889,165.0823,0.6914,0.6476,0.7047,0.6738,0.6476,0.6772,0.6307,0.6759,0.6659,0.6307,0.6487,0.6431,0.6622,0.6739,0.6172,0.627,0.6068,0.6358,0.6068,0.683,0.6668,0.6439,0.0842,0.0842,0.6504,0.663,0.6435,0.6735,0.6601,0.567,0.6545,0.6881,0.567,0,0,0,0,0,v1.0.1,2025_12_22,317.8365,328.1442,442.3153,313.2432,303.1463,196.9187,189.0806,342.3629,332.4153,457.2373,-2.5412,8.0813,0,0.0001,-0.2186,1.5588,-0.2095,1.5578,0.6721,176.9424,176.5264,176.668,178.1602,177.0742,0.7991,0.6169,0.8235,0.682,0.6169,0.7801,0.6015,0.7849,0.7111,0.6015,0.772,0.7662,0.7564,0.775,0.7564,0.7544,0.662,0.7368,0,0.662,0,0,0,0,0,v1.0.1,2025_12_22,317.729,328.215,443.2342,313.1261,302.9833,196.05,188.175,342.4333,332.4545,457.9504,-2.5848,8.055,0,0.0001,-0.2191,1.5592,-0.2088,1.5573,0.6721,148.9248,143.752,145.5996,147.0107,146.3218,0.6739,0.5549,0.6658,0.6006,0.5549,0.6551,0.5325,0.6403,0.5945,0.5325,0.6334,0.6366,0.6435,0.6567,0.6334,0.5665,0.5532,0.5703,0.2822,0.2822,0,0,0,0,0,-0.0069,-0.1024,-0.011,-0.0562,-0.0903,0.004,-0.0868,-0.0112,-0.0208,-0.0814,-0.0043,-0.0027,-0.003,0.0089,-0.093,-0.0818,-0.0018,-0.0142,-0.0046,0.0059,-0.011,-0.0617,-0.0097,-0.0506,-0.0548,-0.0104,-0.0487,0.007,-0.0213,-0.0382,-0.0041,0.0016,-0.0021,0.0221,-0.0487,-0.0424,-0.0215,-0.0054,-0.0014,-0.0127,-0.0193,-0.2066,0.0145,-0.1387,-0.1921,0.0166,-0.1792,0.0129,-0.0776,-0.162,-0.003,0.0024,0.0049,0.0354,0.0085,-0.0027,0.0075,-0.1226,-0.0016,-0.0853,-0.1115,0.0119,-0.1179,0.0017,-0.0509,-0.1061,-0.0079,-0.0066,0.0095,0.0361,0.0128,-0.0378,-0.0179,TRUE,TRUE
DTC_L_34,LanSi,1,CW_01,B,2026-03-27 10:41:26+08:00,ONLINE,FALSE,,CW_1_01,PASS,,,51.7235887,_2026032710412661002,T20260327104126,DESKTOP-P2DUL42,Loma,1,CW_1_01,2,paul di,2024.0718.155524,V20260126.2,CW_DTCL_DTCR_STC,T20260327104218,51.7235887,TRUE,TRUE,TRUE,TRUE,TRUE,TRUE,TRUE,4S2RND2HBL06DS,v1.0.1,2025_12_22,315.2388,322.8209,475.2847,302.0657,296.2,152.3733,149.898,342.6803,334.5149,488.0373,-5.2727,2.0955,-0.0001,0,-0.2284,1.559,-0.219,1.5541,0.6664,156.126,152.4941,150.8115,155.8643,153.824,0.8295,0.8043,0.844,0.7947,0.7947,0.7806,0.7533,0.8013,0.7384,0.7384,0.8155,0.8155,0.8275,0.7685,0.7288,0.7281,0.7712,0.6654,0.6654,0.8218,0.98,0.8188,0.7578,0.7578,0.84,0.8458,0.7597,0.8393,0.817,0.7776,0.7774,0.7781,0.7597,0,0,0,0,0,v1.0.1,2025_12_22,315.1533,322.8102,476.3235,302.0368,296.12,151.4133,148.8503,342.8095,334.7353,489.1103,-5.2635,2.136,-0.0001,0,-0.2277,1.5597,-0.2192,1.5531,0.6665,164.4648,160.3008,166.3428,165.8887,164.2493,0.6799,0.6972,0.6936,0.6938,0.6799,0.6612,0.646,0.6558,0.6404,0.6404,0.6517,0.6631,0.6534,0.6432,0.6245,0.6326,0.6409,0.6027,0.6027,0.6759,0.2599,0.6746,0.6371,0.2599,0.6557,0.6652,0.6326,0.6918,0.6764,0.6727,0.6691,0.6169,0.6169,0,0,0,0,0,v1.0.1,2025_12_22,314.0288,315.0481,438.7928,300.6216,300.5,184.5,186.1393,329.7131,328.0431,444.8707,-5.9992,-4.5493,-0.0001,0,-0.2146,1.567,-0.2137,1.5627,0.6754,175.8242,175.3828,173.4688,175.8613,175.1343,0.7938,0.7091,0.8043,0.6722,0.6722,0.746,0.654,0.7581,0.6638,0.654,0.7655,0.7718,0.7633,0.6964,0.6964,0.7325,0,0.7204,0.6422,0.6422,0,0,0,0,0,v1.0.1,2025_12_22,314,315,439.6379,300.5,300.2353,183.7815,185.1901,329.7025,328.2479,445.641,-6.0378,-4.575,-0.0001,0,-0.2144,1.5658,-0.2131,1.5616,0.675,149.957,145.1191,144.1748,147.8584,146.7773,0.6512,0.5895,0.6686,0.6035,0.5895,0.6326,0.5634,0.626,0.569,0.5634,0.623,0.6407,0.636,0.5918,0.5918,0.591,0.4587,0.5873,0.5233,0.4587,0,0,0,0,0,0.0019,-0.0633,-0.0035,-0.0286,-0.0286,-0.012,-0.0776,-0.0045,-0.048,-0.048,-0.0031,0.0029,0.0073,-0.0085,-0.0892,-0.0867,-0.0352,-0.0817,0.0175,0.0019,-0.0059,-0.0183,-0.0002,-0.0153,-0.0059,-0.005,-0.0332,-0.0046,-0.0199,-0.0199,-0.0174,0.0074,-0.0148,0.0053,-0.0293,-0.0437,-0.0091,-0.0237,0.0008,-0.0011,0.008,-0.1159,-0.0005,-0.1167,-0.1136,0.0043,-0.1263,-0.0081,-0.0942,-0.0877,-0.0146,0.0054,0.0069,0.0064,-0.0067,-0.0151,-0.0051,-0.0941,-0.0058,-0.0838,-0.0668,-0.0012,-0.0932,-0.0019,-0.0755,-0.0645,-0.0239,0.0021,0.0005,-0.0158,-0.0158,-0.0009,0.01,TRUE,TRUE
DTC_R_34,LanSi,1,CW_01,A,2026-03-27 10:41:26+08:00,ONLINE,FALSE,,CW_1_01,PASS,,,51.7734549,_2026032710412673801,T20260327104126,DESKTOP-P2DUL42,Loma,1,CW_1_01,1,paul di,2024.0718.155524,V20260126.2,CW_DTCL_DTCR_STC,T20260327104218,51.7734549,TRUE,TRUE,TRUE,TRUE,TRUE,TRUE,TRUE,4S2RND2HBL0DP6,v1.0.1,2025_12_22,315.0963,317.4519,474.8309,297.7647,295.517,148.2857,149.7671,337.8836,335.3309,485.1655,-5.3916,-2.1897,-0.0001,0,-0.2221,1.5551,-0.2224,1.5502,0.6652,156.2686,153.4062,153.3359,155.8887,154.7249,0.8644,0.8348,0.8689,0.8386,0.8348,0.8215,0.7942,0.8238,0.7777,0.7777,0.8321,0.8271,0.815,0.8017,0.7794,0.7743,0.7359,0.7459,0.7359,0.8492,0.8026,0.8071,0.98,0.8026,0.8556,0.7887,0.7879,0.8314,0.8092,0.8411,0.8109,0.8463,0.7879,0,0,0,0,0,v1.0.1,2025_12_22,315.0882,317.5,475.8623,297.5797,295.1959,147.1689,148.5894,338.0132,335.5468,486.1799,-5.4435,-2.2117,-0.0001,0,-0.2228,1.554,-0.2221,1.5496,0.6647,164.1689,159.0225,167.9043,166.9434,164.5098,0.7091,0.6977,0.7217,0.6958,0.6958,0.683,0.6697,0.6686,0.6539,0.6539,0.6501,0.6514,0.6633,0.6544,0.649,0.6643,0.6072,0.6393,0.6072,0.6985,0.657,0.6742,0.2448,0.2448,0.6586,0.6586,0.6656,0.6749,0.6576,0.6334,0.6618,0.6864,0.6334,0,0,0,0,0,v1.0.1,2025_12_22,317.3019,328.8302,441.7321,313.7321,302.776,196.248,188.9048,343.4048,331.8482,457.3571,-2.9874,8.4144,0,0.0001,-0.2202,1.5612,-0.2125,1.5576,0.6715,178.0361,177.4609,177.6553,178.8027,177.9888,0.8103,0.6907,0.8242,0.7125,0.6907,0.7758,0.6733,0.7673,0.6651,0.6651,0.7732,0.7732,0.7555,0.7421,0.7421,0.7367,0.6829,0.7339,0,0.6829,0,0,0,0,0,v1.0.1,2025_12_22,317.3398,328.9709,442.6339,313.7411,302.6984,195.5952,188.024,343.456,332,458,-2.9608,8.4526,0,0.0001,-0.2204,1.5609,-0.211,1.5571,0.6717,147.958,143.1514,144.9229,145.7529,145.4463,0.6612,0.592,0.6857,0.6158,0.592,0.645,0.5909,0.6492,0.5754,0.5754,0.6367,0.6407,0.634,0.6287,0.6287,0.5941,0.5606,0.59,0.4275,0.4275,0,0,0,0,0,-0.009,-0.0462,-0.0099,-0.0303,-0.0341,0.0064,-0.0263,-0.0114,-0.0473,-0.0374,0.0033,0.0131,-0.0051,-0.0173,-0.03,-0.048,-0.0676,-0.0668,0.0053,0.0101,0.0067,-0.0116,0.0073,-0.0286,-0.0066,-0.0046,-0.0097,-0.0003,-0.0333,-0.015,-0.0027,0.0099,-0.001,0.0026,-0.0169,-0.0051,-0.0211,-0.0019,0.0141,0.0176,-0.0081,-0.1328,0.0152,-0.1082,-0.1183,0.0123,-0.1074,-0.0047,-0.1236,-0.0984,-0.0018,0.0094,0.004,0.0025,-0.0092,-0.0056,-0.0052,-0.0855,0.0183,-0.0701,-0.0744,0.0018,-0.0595,0.0106,-0.07,-0.0632,-0.0046,-0.0025,0,0.0081,0.0081,-0.0102,0.0018,TRUE,TRUE
DTC_R_35,LanSi,1,CW_01,B,2026-03-27 10:43:13+08:00,ONLINE,FALSE,,CW_1_01,PASS,,,51.6080534,_2026032710431314901,T20260327104313,DESKTOP-P2DUL42,Loma,1,CW_1_01,1,paul di,2024.0718.155524,V20260126.2,CW_DTCL_DTCR_STC,T20260327104404,51.6080534,TRUE,TRUE,TRUE,TRUE,TRUE,TRUE,TRUE,4S2RND2HBL0DP6,v1.0.1,2025_12_22,315.2222,316.8667,475.2222,297.1333,295.6712,148.3836,149.5359,336.8039,335.7619,484.3946,-5.2173,-2.7836,-0.0001,0,-0.2222,1.5548,-0.2192,1.5483,0.6654,155.542,153.7734,153.4238,155.3066,154.5115,0.8553,0.7916,0.8757,0.793,0.7916,0.8169,0.7582,0.828,0.7544,0.7544,0.8206,0.8068,0.8228,0.8172,0.7335,0.733,0.7873,0.8046,0.733,0.8372,0.7957,0.7971,0.98,0.7957,0.8354,0.776,0.7568,0.8073,0.7896,0.7517,0.8141,0.8406,0.7517,0,0,0,0,0,v1.0.1,2025_12_22,315.1533,316.8102,476.292,297,295.3893,147.3356,148.2905,337,335.9801,485.457,-5.279,-2.7795,-0.0001,0,-0.2218,1.5542,-0.2199,1.5474,0.665,163.7119,156.7764,165.6025,166.5752,163.1665,0.7095,0.6791,0.7117,0.6748,0.6748,0.6706,0.6477,0.676,0.6451,0.6451,0.6561,0.6487,0.6469,0.6638,0.6317,0.6418,0.6248,0.631,0.6248,0.6884,0.6569,0.6489,0.0553,0.0553,0.6419,0.653,0.65,0.6617,0.6609,0.6129,0.6268,0.6784,0.6129,0,0,0,0,0,v1.0.1,2025_12_22,317.5,328.1132,442.0459,313.2844,302.9024,196.1138,188.8145,342.3629,332.0885,456,-2.8297,7.6749,0,0.0001,-0.218,1.5601,-0.2098,1.5567,0.6723,177.3057,177.8838,177.9492,178.3906,177.8823,0.8128,0.6502,0.8302,0.6509,0.6502,0.7699,0.6404,0.7787,0.645,0.6404,0.7892,0.7821,0.7792,0.7595,0.7595,0.7454,0.6766,0.7471,0,0.6766,0,0,0,0,0,v1.0.1,2025_12_22,317.5048,328.0571,442.9266,313.0734,302.7742,195.3306,188,342.5,332.115,456.8938,-2.8359,7.671,0,0.0001,-0.2184,1.5597,-0.2105,1.5574,0.672,147.6572,141.0293,142.9629,145.6035,144.3132,0.6739,0.5659,0.6814,0.5816,0.5659,0.6454,0.5715,0.658,0.5644,0.5644,0.6489,0.6411,0.6351,0.6196,0.6196,0.61,0.5452,0.5869,0.3684,0.3684,0,0,0,0,0,-0.0181,-0.0894,-0.0031,-0.0759,-0.0773,0.0018,-0.0623,-0.0072,-0.0706,-0.0607,-0.0082,-0.0072,0.0027,-0.0018,-0.0759,-0.0893,-0.0162,-0.0081,-0.0067,0.0001,0.0071,-0.0302,-0.0027,-0.0496,-0.0276,-0.017,-0.0317,0.0071,-0.0421,-0.0238,0.0033,0.0072,-0.0174,0.012,-0.0342,-0.0276,-0.0035,-0.0102,0.004,-0.0077,-0.0056,-0.1733,0.0212,-0.1698,-0.1588,0.0064,-0.1403,0.0067,-0.1437,-0.1231,0.0142,0.0183,0.0277,0.0199,-0.0005,0.0076,0.0075,-0.1116,0.014,-0.1043,-0.1005,0.0022,-0.0789,0.0194,-0.081,-0.0742,0.0076,-0.0021,0.0011,-0.001,-0.001,0.0057,-0.0013,TRUE,TRUE
DTC_L_35,LanSi,1,CW_01,C,2026-03-27 10:43:13+08:00,ONLINE,FALSE,,CW_1_01,PASS,,,52.0219472,_2026032710431300302,T20260327104313,DESKTOP-P2DUL42,Loma,1,CW_1_01,2,paul di,2024.0718.155524,V20260126.2,CW_DTCL_DTCR_STC,T20260327104405,52.0219472,TRUE,TRUE,TRUE,TRUE,TRUE,TRUE,TRUE,4S2RND2HBL06DS,v1.0.1,2025_12_22,314.3008,322.203,474.2782,301.8496,294.9007,151.6755,148.3129,341.9592,333.4599,488.3796,-6.4495,1.7134,-0.0001,0,-0.226,1.557,-0.2179,1.5555,0.6671,156.0586,151.9639,150.2969,155.666,153.4963,0.8234,0.7963,0.8419,0.7966,0.7963,0.7884,0.7496,0.7982,0.7564,0.7496,0.8119,0.8179,0.8243,0.7782,0.7469,0.7142,0.786,0.707,0.707,0.8336,0.266,0.837,0.8095,0.266,0.8469,0.7375,0.7403,0.8422,0.8407,0.8392,0.8103,0.7928,0.7375,0,0,0,0,0,v1.0.1,2025_12_22,314.3431,322.292,475.3676,301.6691,294.8456,150.7383,147.3467,342.2333,333.7163,489.4894,-6.3761,1.7844,-0.0001,0,-0.2269,1.5571,-0.2183,1.5549,0.6667,163.1816,158.9678,165.1582,163.9346,162.8105,0.6758,0.6747,0.6932,0.6948,0.6747,0.6558,0.6347,0.6584,0.6525,0.6347,0.645,0.654,0.6715,0.6369,0.6217,0.6262,0.6408,0.6149,0.6149,0.6735,0.4581,0.6645,0.6719,0.4581,0.654,0.6225,0.6209,0.6787,0.688,0.6829,0.6709,0.6129,0.6129,0,0,0,0,0,v1.0.1,2025_12_22,313.0849,314.6698,438.0727,300.2364,299.2541,184.0738,184.6066,329.2459,327.0862,444.7759,-7.0791,-4.8997,-0.0001,0,-0.2145,1.5648,-0.2125,1.5631,0.6752,175.9492,175.2021,173.0391,175.5781,174.9421,0.8004,0.6906,0.8175,0.6833,0.6833,0.7469,0.6454,0.7737,0.6667,0.6454,0.7837,0.76,0.7783,0.7049,0.7049,0.7409,0,0.7258,0.7326,0.7258,0,0,0,0,0,v1.0.1,2025_12_22,313.1048,314.619,438.9537,300.2315,299.0504,183.2689,183.7583,329.2917,327.2735,445.5385,-7.0719,-4.9101,-0.0001,0,-0.2133,1.5637,-0.2124,1.5625,0.6751,148.4971,143.8838,143.0381,146.0615,145.3701,0.6625,0.5886,0.6822,0.6074,0.5886,0.6185,0.5603,0.6354,0.5919,0.5603,0.6352,0.6353,0.6482,0.607,0.607,0.5893,0.5005,0.5804,0.5636,0.5005,0,0,0,0,0,-0.0042,-0.0713,-0.0056,-0.0267,-0.027,-0.0042,-0.0813,-0.0076,-0.03,-0.0368,-0.0067,0.0053,0.0041,0.0012,-0.0711,-0.1006,-0.0204,-0.0401,0.0293,0.0201,-0.01,-0.0408,-0.0006,-0.0143,-0.0111,-0.0104,-0.0445,-0.002,-0.0078,-0.0256,-0.0241,-0.0017,0.0033,-0.001,-0.0321,-0.0501,-0.0092,-0.0115,-0.0016,-0.0112,0.0146,-0.1344,0.0127,-0.1056,-0.1025,0.0052,-0.1349,0.0075,-0.0913,-0.0963,0.0036,-0.0064,0.0219,0.0149,0.0017,-0.0097,0.0062,-0.095,0.0078,-0.0799,-0.0677,-0.0153,-0.0963,0.0075,-0.0526,-0.0676,-0.0117,-0.0033,0.0127,-0.0006,-0.0006,-0.0026,0.0031,TRUE,TRUE
DTC_L_36,LanSi,1,CW_01,A,2026-03-27 10:44:59+08:00,ONLINE,FALSE,,CW_1_01,PASS,,,51.9997187,_2026032710445955602,T20260327104459,DESKTOP-P2DUL42,Loma,1,CW_1_01,2,paul di,2024.0718.155524,V20260126.2,CW_DTCL_DTCR_STC,T20260327104551,51.9997187,TRUE,TRUE,TRUE,TRUE,TRUE,TRUE,TRUE,4S2RND2HBL06DS,v1.0.1,2025_12_22,315.3037,322.0815,475.4656,301.1298,296.2953,151.4631,150.1497,341.8095,334.6963,487.0815,-5.1179,1.2131,-0.0001,0,-0.2296,1.5593,-0.2184,1.5533,0.6662,156.2363,151.5156,149.7822,155.9102,153.3611,0.8246,0.797,0.8416,0.7763,0.7763,0.7892,0.764,0.8059,0.7422,0.7422,0.8118,0.8166,0.817,0.7598,0.7602,0.7329,0.7473,0.6886,0.6886,0.8369,0.98,0.8103,0.7514,0.7514,0.8555,0.7631,0.722,0.8536,0.8184,0.7867,0.7695,0.7879,0.722,0,0,0,0,0,v1.0.1,2025_12_22,315.2647,322.1103,476.6618,301.1176,296.1503,150.4706,149,342,334.8467,488.1898,-5.1153,1.2777,-0.0001,0,-0.2288,1.5594,-0.2185,1.5529,0.6662,162.6689,158.2686,164.4531,164.2578,162.4121,0.6871,0.6869,0.6966,0.6777,0.6777,0.6623,0.6409,0.6473,0.6497,0.6409,0.6609,0.6528,0.65,0.6234,0.6255,0.641,0.637,0.6114,0.6114,0.6754,0.3802,0.6893,0.6442,0.3802,0.6504,0.6273,0.6,0.6791,0.6662,0.6828,0.6742,0.6288,0.6,0,0,0,0,0,v1.0.1,2025_12_22,314,314.3962,439.1161,299.9375,300.48,183.952,186.187,328.9756,328.0609,444.0261,-5.9312,-5.2425,-0.0001,-0.0001,-0.2145,1.567,-0.2131,1.5622,0.6754,175.792,174.1533,172.4375,175.4336,174.4541,0.7893,0.6949,0.7994,0.6712,0.6712,0.7504,0.6649,0.7621,0.6574,0.6574,0.7515,0.7735,0.7592,0.7032,0.7032,0.7361,0,0.7201,0.6371,0.6371,0,0,0,0,0,v1.0.1,2025_12_22,314,314.3962,439.8214,299.7589,300.2975,183.0496,185.3083,329.1833,328.0431,444.8707,-6.0059,-5.2482,-0.0001,-0.0001,-0.2153,1.5663,-0.2139,1.5631,0.6751,148.1758,143.3027,142.3105,146.3232,145.0281,0.661,0.5913,0.6689,0.5903,0.5903,0.6417,0.5628,0.6339,0.5706,0.5628,0.6128,0.6352,0.635,0.6168,0.6128,0.5787,0.4834,0.5886,0.5266,0.4834,0,0,0,0,0,-0.003,-0.0706,-0.0059,-0.047,-0.047,-0.0034,-0.0669,0.0001,-0.0442,-0.0442,-0.0068,0.004,-0.0032,-0.0172,-0.0578,-0.0819,-0.0591,-0.0585,0.0326,-0.0066,0.0013,-0.0286,0.0028,-0.0314,-0.0081,-0.0039,-0.0383,-0.0131,-0.0106,-0.0194,-0.0082,-0.0029,-0.0182,-0.0145,-0.0283,-0.0353,-0.013,-0.015,0.0003,0.0136,0.0035,-0.1301,-0.0054,-0.1177,-0.1146,0.0087,-0.1154,-0.0041,-0.1006,-0.0843,-0.0286,0.0071,0.0028,0.0132,-0.0031,-0.0154,0.0047,-0.0923,-0.0055,-0.097,-0.066,0.0079,-0.0938,0.006,-0.0739,-0.0651,-0.0341,-0.0034,-0.0005,0.0092,0.0052,-0.0132,0.0113,TRUE,TRUE
DTC_R_36,LanSi,1,CW_01,C,2026-03-27 10:44:59+08:00,ONLINE,FALSE,,CW_1_01,PASS,,,52.0745188,_2026032710445950301,T20260327104459,DESKTOP-P2DUL42,Loma,1,CW_1_01,1,paul di,2024.0718.155524,V20260126.2,CW_DTCL_DTCR_STC,T20260327104551,52.0745188,TRUE,TRUE,TRUE,TRUE,TRUE,TRUE,TRUE,4S2RND2HBL0DP6,v1.0.1,2025_12_22,315,317.9137,474.7388,298.1045,295.3356,148.363,149.5724,338.3618,335.3404,485.617,-5.5026,-1.828,-0.0001,0,-0.2229,1.5548,-0.2225,1.5496,0.6648,155.5352,152.5459,152.5176,155.4248,154.0059,0.8629,0.8316,0.8781,0.8188,0.8188,0.8129,0.7769,0.8263,0.7786,0.7769,0.8296,0.8129,0.8135,0.8159,0.7505,0.7778,0.7352,0.7517,0.7352,0.8353,0.7611,0.8166,0.98,0.7611,0.8246,0.7388,0.8067,0.8315,0.8105,0.7921,0.7779,0.8447,0.7388,0,0,0,0,0,v1.0.1,2025_12_22,315,317.9137,475.8286,298.0143,295.1544,147.2617,148.4832,338.4564,335.5455,486.5035,-5.4977,-1.8701,-0.0001,0,-0.2226,1.5545,-0.2222,1.549,0.6647,164.8828,159.5996,168.4756,167.7393,165.1743,0.703,0.6871,0.7084,0.6871,0.6871,0.6879,0.66,0.6686,0.657,0.657,0.6475,0.6417,0.6568,0.6569,0.6274,0.6537,0.6071,0.6287,0.6071,0.6871,0.6345,0.675,0.3592,0.3592,0.6483,0.6289,0.667,0.6689,0.6616,0.6455,0.635,0.6846,0.6289,0,0,0,0,0,v1.0.1,2025_12_22,317.1963,329.3738,441.5351,314.3333,302.664,196.528,188.8306,343.6855,331.8649,457.7928,-3.0818,8.8427,0,0.0001,-0.2199,1.5613,-0.2105,1.5565,0.6719,176.916,176.6543,176.5508,178.1045,177.0564,0.8031,0.7187,0.8146,0.7097,0.7097,0.773,0.6854,0.7859,0.656,0.656,0.7848,0.7633,0.7486,0.7303,0.7303,0.7438,0.6806,0.7415,0,0.6806,0,0,0,0,0,v1.0.1,2025_12_22,317.1714,329.4571,442.4775,314.2072,302.6098,195.813,187.877,343.8115,331.8919,458.6216,-3.0945,8.8821,0,0.0001,-0.2206,1.5617,-0.2101,1.5568,0.672,148.666,143.7227,145.3623,146.418,146.0422,0.6652,0.6102,0.6736,0.5987,0.5987,0.6525,0.5985,0.6499,0.5655,0.5655,0.643,0.6474,0.6325,0.6297,0.6297,0.5949,0.5612,0.5724,0.4421,0.4421,0,0,0,0,0,-0.0105,-0.0494,-0.0007,-0.0501,-0.0501,-0.0022,-0.0436,-0.0089,-0.0464,-0.0382,0.0008,-0.0011,-0.0066,-0.0031,-0.0589,-0.0445,-0.0683,-0.061,-0.0086,0.0196,0.0006,-0.0222,-0.006,-0.0373,-0.0153,0.0003,-0.0194,-0.0003,-0.0302,-0.0119,-0.0053,0.0002,-0.0075,0.0051,-0.0385,-0.0157,-0.0212,-0.0125,0.0027,0.0184,-0.0153,-0.1048,0.0056,-0.111,-0.0993,0.0095,-0.0953,0.0139,-0.1327,-0.1075,0.0098,-0.0005,-0.0029,-0.0093,-0.0021,0.002,-0.0012,-0.0673,0.0062,-0.0872,-0.0677,0.0093,-0.0519,0.0113,-0.0799,-0.0731,0.0017,0.0042,-0.0015,0.0091,0.0091,-0.0094,-0.0158,TRUE,TRUE
DTC_L_37,LanSi,1,CW_01,B,2026-03-27 10:47:23+08:00,ONLINE,FALSE,,CW_1_01,PASS,,,51.6237311,_2026032710472367002,T20260327104723,DESKTOP-P2DUL42,Loma,1,CW_1_01,2,paul di,2024.0718.155524,V20260126.2,CW_DTCL_DTCR_STC,T20260327104815,51.6237311,TRUE,TRUE,TRUE,TRUE,TRUE,TRUE,TRUE,4S2RND2HBL06DS,v1.0.1,2025_12_22,314.2612,322.8955,474.219,302.6788,294.9459,152.2095,148.526,342.7597,333.5461,489.4965,-6.4004,2.508,-0.0001,0,-0.2252,1.5576,-0.2188,1.555,0.6672,154.6152,150.4961,148.6436,154.0371,151.948,0.8229,0.7899,0.8372,0.7931,0.7899,0.7882,0.7653,0.806,0.7553,0.7553,0.8178,0.8121,0.819,0.7725,0.7537,0.7321,0.7824,0.7119,0.7119,0.8282,0.98,0.8431,0.8029,0.8029,0.8407,0.8043,0.7756,0.8434,0.8457,0.8345,0.7799,0.7681,0.7681,0,0,0,0,0,v1.0.1,2025_12_22,314.2158,323,475.3121,302.4397,294.9007,151.3245,147.3893,342.9597,333.7324,490.4437,-6.39,2.5335,-0.0001,0,-0.2264,1.5582,-0.2186,1.5542,0.6669,164.5889,159.9746,166.1797,165.9209,164.166,0.682,0.685,0.6927,0.6998,0.682,0.6536,0.6445,0.666,0.6413,0.6413,0.6415,0.6526,0.6547,0.6368,0.6162,0.6495,0.6452,0.6072,0.6072,0.6739,0.3819,0.6709,0.6448,0.3819,0.658,0.6536,0.6489,0.6806,0.6656,0.6828,0.6622,0.6431,0.6431,0,0,0,0,0,v1.0.1,2025_12_22,313.0952,315.2762,437.973,301.2072,299.2373,184.5,184.7143,329.8571,327.0862,445.7759,-7.0788,-4.1767,-0.0001,0,-0.2117,1.5647,-0.2126,1.5635,0.676,175.5576,174.7959,172.5752,175.0762,174.5012,0.7888,0.6912,0.7947,0.6892,0.6892,0.7464,0.6558,0.7683,0.6657,0.6558,0.7723,0.7776,0.7692,0.7043,0.7043,0.743,0,0.7424,0.7027,0.7027,0,0,0,0,0,v1.0.1,2025_12_22,313.0566,315.2358,438.8182,300.8818,299,183.8974,183.9024,330,327.322,446.5508,-7.0801,-4.1868,-0.0001,0,-0.2131,1.5637,-0.2133,1.5621,0.6748,150.0225,144.7754,144.082,148.0352,146.7288,0.6628,0.5881,0.6854,0.6128,0.5881,0.6409,0.574,0.6378,0.5889,0.574,0.6285,0.6356,0.6319,0.6243,0.6243,0.6033,0.5299,0.579,0.5429,0.5299,0,0,0,0,0,-0.0047,-0.0777,-0.0103,-0.0302,-0.0334,-0.0044,-0.0656,0.0002,-0.0311,-0.0311,-0.0008,-0.0005,-0.0012,-0.0045,-0.0643,-0.0827,-0.024,-0.0352,0.0239,0.0262,-0.0038,-0.0305,-0.0011,-0.0093,-0.0038,-0.0126,-0.0347,0.0056,-0.019,-0.019,-0.0276,-0.0031,-0.0135,-0.0011,-0.0376,-0.0268,-0.0048,-0.0192,-0.0012,-0.0048,0.003,-0.1338,-0.0101,-0.0997,-0.0966,0.0047,-0.1245,0.0021,-0.0923,-0.0859,-0.0078,0.0112,0.0128,0.0143,0.0038,0.0069,0.0065,-0.0955,0.011,-0.0745,-0.0682,0.0071,-0.0826,0.0099,-0.0556,-0.0539,-0.0184,-0.003,-0.0036,0.0167,0.0167,0.0114,0.0017,TRUE,TRUE
DTC_R_37,LanSi,1,CW_01,C,2026-03-27 18:05:39+08:00,ONLINE,FALSE,,CW_1_01,PASS,,,42.4723374,_2026032718053982601,T20260327180539,DESKTOP-P2DUL42,Loma,1,CW_1_01,1,paul di,2024.0718.155524,V20260126.2,CW_DTCL_DTCR_STC,T20260327180622,42.4723374,TRUE,TRUE,TRUE,TRUE,TRUE,TRUE,TRUE,4S2RND2HBL0DP6,v1.0.1,2025_12_22,315.3165,317.4532,475.5489,298,295.9167,149.0486,149.6494,337.6494,336.0199,486.457,-5.0097,-1.7784,-0.0001,0,-0.2203,1.5556,-0.2208,1.5484,0.6657,155.7812,153.208,153.1006,155.3213,154.3528,0.864,0.7711,0.8693,0.7522,0.7522,0.8333,0.7577,0.8271,0.7937,0.7577,0.8315,0.8263,0.8149,0.8199,0.7326,0.7298,0.7923,0.7868,0.7298,0.8394,0.7886,0.8019,0.98,0.7886,0.8498,0.766,0.761,0.8132,0.7742,0.7131,0.8488,0.8506,0.7131,0,0,0,0,0,v1.0.1,2025_12_22,315.3636,317.4895,476.7153,297.9343,295.8182,148.0699,148.5789,337.7895,336.0199,487.457,-5.0008,-1.752,-0.0001,0,-0.2201,1.5554,-0.2206,1.5493,0.666,165.7861,160.0264,169.165,168.4121,165.8474,0.7019,0.6611,0.7077,0.6377,0.6377,0.6798,0.6429,0.6702,0.6522,0.6429,0.653,0.6535,0.6511,0.6554,0.6263,0.6404,0.6292,0.6502,0.6263,0.6856,0.6688,0.6654,0.2719,0.2719,0.6478,0.6564,0.6552,0.6659,0.6449,0.6445,0.655,0.6692,0.6445,0,0,0,0,0,v1.0.1,2025_12_22,317.7778,329.1944,442.469,314.1504,303.248,197.032,189.048,343.4,332.3333,457.5702,-2.5248,8.7694,0,0.0001,-0.2196,1.5608,-0.2094,1.5574,0.6723,177.5518,177.4902,177.5537,178.709,177.8262,0.8053,0.6331,0.813,0.6158,0.6158,0.7649,0.6114,0.7773,0.679,0.6114,0.7831,0.7737,0.7584,0.7503,0.7503,0.7524,0.6584,0.7352,0,0.6584,0,0,0,0,0,v1.0.1,2025_12_22,317.8381,329.0857,443.2342,314.1261,303.0492,196.2131,188.1475,343.377,332.453,458.4786,-2.5556,8.7561,0,0.0001,-0.2182,1.5594,-0.2092,1.5578,0.6724,149.583,144.1445,146.3037,147.6631,146.9236,0.6625,0.5531,0.664,0.553,0.553,0.6514,0.5532,0.6469,0.5964,0.5532,0.641,0.6339,0.6379,0.6376,0.6339,0.5974,0.5633,0.5694,0.4349,0.4349,0,0,0,0,0,-0.0094,-0.1099,-0.0095,-0.1167,-0.1167,0.0182,-0.0628,-0.0081,-0.0313,-0.0574,0.0027,0.0123,-0.0052,0.0009,-0.0768,-0.0925,-0.0112,-0.0259,-0.0045,0.0049,-0.0005,-0.0482,-0.0067,-0.0867,-0.0647,-0.0078,-0.0365,0.0013,-0.035,-0.026,0.0002,0.012,-0.0132,0.0036,-0.0396,-0.029,0.0009,0.009,0.0012,0.0088,-0.0131,-0.1904,0.004,-0.2049,-0.1932,0.0014,-0.1693,0.0053,-0.1097,-0.1521,0.0081,0.0099,0.0069,0.0107,0.0065,-0.0043,-0.0039,-0.1244,-0.0034,-0.1329,-0.1134,0.0082,-0.0972,0.0083,-0.049,-0.0854,-0.0003,-0.0093,0.0039,0.017,0.0133,-0.0069,-0.0188,TRUE,TRUE
DTC_L_38,LanSi,1,CW_01,C,2026-03-27 10:49:46+08:00,ONLINE,FALSE,,CW_1_01,PASS,,,43.9417937,_2026032710494637102,T20260327104946,DESKTOP-P2DUL42,Loma,1,CW_1_01,2,paul di,2024.0718.155524,V20260126.2,CW_DTCL_DTCR_STC,T20260327105030,43.9417937,TRUE,TRUE,TRUE,TRUE,TRUE,TRUE,TRUE,4S2RND2HBL06DS,v1.0.1,2025_12_22,314.1739,322.6667,474.2222,302,294.8609,151.9272,148.44,342.44,333.3669,489.3813,-6.4872,2.183,-0.0001,0,-0.2279,1.5576,-0.2182,1.5557,0.6668,154.3682,150.5088,148.291,153.8115,151.7449,0.8252,0.801,0.8345,0.7915,0.7915,0.7726,0.7482,0.7995,0.7708,0.7482,0.8086,0.8156,0.8162,0.7679,0.7413,0.7169,0.7681,0.7278,0.7169,0.8249,0.98,0.8236,0.8015,0.8015,0.8437,0.8366,0.7437,0.8469,0.8342,0.8212,0.793,0.7714,0.7437,0,0,0,0,0,v1.0.1,2025_12_22,314.1739,322.6667,475.292,302,294.6795,150.859,147.3072,342.6601,333.6549,490.3521,-6.4785,2.2076,-0.0001,0,-0.2271,1.5573,-0.2187,1.5546,0.6665,163.6533,159.0898,165.1689,165.0049,163.2292,0.6787,0.6714,0.6914,0.7014,0.6714,0.6682,0.6421,0.6548,0.6549,0.6421,0.6487,0.6494,0.6525,0.6405,0.6271,0.6222,0.6317,0.6163,0.6163,0.6683,0.3206,0.6745,0.6618,0.3206,0.6557,0.6531,0.6284,0.6758,0.6757,0.6767,0.6717,0.6237,0.6237,0,0,0,0,0,v1.0.1,2025_12_22,313.0288,314.9519,438,300.6852,299.1083,184.2917,184.605,329.605,327.0783,445.7217,-7.1359,-4.4489,-0.0001,0,-0.2132,1.5641,-0.2131,1.5633,0.6753,175.2295,174.2158,172.082,174.6816,174.0522,0.7818,0.6732,0.8065,0.6905,0.6732,0.7441,0.6441,0.7653,0.6892,0.6441,0.7844,0.7699,0.7703,0.7119,0.7119,0.7216,0,0.7371,0.6851,0.6851,0,0,0,0,0,v1.0.1,2025_12_22,313.0294,314.951,438.6379,300.5,299.0087,183.7217,183.7805,329.6748,327.1638,446.4569,-7.1759,-4.4391,-0.0001,0,-0.214,1.5638,-0.2129,1.5632,0.675,148.8721,143.6436,142.9629,146.7031,145.5454,0.668,0.5826,0.6743,0.6141,0.5826,0.6256,0.5553,0.6209,0.6029,0.5553,0.641,0.6446,0.6447,0.6178,0.6178,0.5933,0.4371,0.5833,0.5412,0.4371,0,0,0,0,0,-0.0024,-0.0666,-0.013,-0.0318,-0.0318,-0.02,-0.0827,-0.0063,-0.0156,-0.0382,-0.01,0.003,-0.004,-0.0091,-0.0767,-0.0979,-0.0383,-0.0193,0.0206,0.0067,-0.0071,-0.0441,-0.0024,-0.0077,-0.0144,0.002,-0.0371,-0.0056,-0.0054,-0.0182,-0.0204,-0.0063,-0.0157,0.0026,-0.0267,-0.0541,-0.0183,-0.0101,-0.0068,-0.0012,-0.004,-0.1518,0.0017,-0.0984,-0.1126,0.0024,-0.1362,-0.0009,-0.0688,-0.0976,0.0043,0.0035,0.0139,0.0219,-0.0176,0.0016,0.0117,-0.101,-0.0001,-0.0732,-0.0737,-0.0082,-0.1013,-0.007,-0.0416,-0.0726,-0.0059,0.006,0.0092,0.0102,0.0102,0.0014,0.006,TRUE,TRUE
DTC_R_38,LanSi,1,CW_01,B,2026-03-27 17:54:03+08:00,ONLINE,FALSE,,CW_1_01,FAIL,SFR_VIS_25cm_Ny4_01F_ROI1;SFR_VIS_25cm_Ny4_01F_ROI2;SFR_VIS_25cm_Ny4_01F_ROI3;SFR_VIS_25cm_Ny4_01F_ROI4;SFR_VIS_25cm_Ny4_01F_Min;SFR_VIS_25cm_Ny4_03F_ROI5;SFR_VIS_25cm_Ny4_03F_ROI6;SFR_VIS_25cm_Ny4_03F_Min;SFR_VIS_25cm_Ny4_06F_ROI9;SFR_VIS_25cm_Ny4_06F_ROI10;SFR_VIS_25cm_Ny4_06F_ROI11;SFR_VIS_25cm_Ny4_06F_Min;SFR_VIS_25cm_Ny4_08F_ROI19;IR_SFR_VIS_25cm_Ny4_01F_ROI1;IR_SFR_VIS_25cm_Ny4_01F_ROI2;IR_SFR_VIS_25cm_Ny4_01F_ROI3;IR_SFR_VIS_25cm_Ny4_01F_ROI4;IR_SFR_VIS_25cm_Ny4_01F_Min;IR_SFR_VIS_25cm_Ny4_03F_ROI5;IR_SFR_VIS_25cm_Ny4_03F_ROI6,sfr_25Algo,42.1274485,_2026032717540320801,T20260327175403,DESKTOP-P2DUL42,Loma,1,CW_1_01,1,paul di,2024.0718.155524,V20260126.2,CW_DTCL_DTCR_STC,T20260327175445,42.1274485,TRUE,TRUE,TRUE,TRUE,TRUE,TRUE,TRUE,4S2RND2HBL0DP6,v1.0.1,2025_12_22,315.0455,316.6667,474.7554,296.5971,295.4507,147.1338,149.6757,336.8514,335.2639,484.4306,-5.4618,-3.1641,-0.0001,0,-0.2245,1.5552,-0.2209,1.5503,0.665,153.5039,151.458,148.4414,151.918,151.3303,0.6492,0.5416,0.6653,0.6004,0.5416,0.6575,0.3376,0.6796,0.6858,0.3376,0.6503,0.6563,0.6516,0.7871,0.708,0.7553,0.7145,0.6735,0.6503,0.7837,0.8003,0.5331,0.4797,0.4797,0.8379,0.7244,0.7456,0.8331,0.795,0.7255,0.7826,0.8412,0.7244,0,0,0,0,0,v1.0.1,2025_12_22,315,316.8394,475.8406,296.6667,295.1757,146.3041,148.3172,337.1034,335.4266,485.4545,-5.548,-3.0264,-0.0001,0,-0.2243,1.5546,-0.2205,1.5497,0.6649,162.8926,157.9365,164.4639,164.3008,162.3984,0.5308,0.4504,0.5534,0.4912,0.4504,0.5438,0.2559,0.5245,0.5819,0.2559,0.4974,0.4623,0.5279,0.645,0.589,0.6438,0.6019,0.5697,0.4623,0.6014,0.6607,0.3095,0.4764,0.3095,0.6427,0.604,0.6531,0.6667,0.6289,0.6512,0.646,0.6682,0.604,0,0,0,0,0,v1.0.1,2025_12_22,317.3942,328.1154,441.7143,313.0089,302.685,195.9055,188.7339,342.6532,331.8571,456.5804,-3.0231,7.7527,0,0.0001,-0.2204,1.5595,-0.212,1.5582,0.6713,173.3418,173.5449,170.4629,172.6719,172.5054,0.5995,0.4739,0.6547,0.5303,0.4739,0.6168,0.315,0.6259,0.5899,0.315,0.6072,0.7273,0.6166,0.7125,0.6072,0.6879,0.6684,0.4911,0,0.4911,0,0,0,0,0,v1.0.1,2025_12_22,317.2075,328.3208,442.5179,313.0625,302.5625,194.9766,187.878,342.6667,331.9633,457.4587,-3.0741,7.797,0,0.0001,-0.2207,1.5609,-0.21,1.5565,0.6717,147.1924,142.1963,142.2734,144.0605,143.9307,0.4877,0.3847,0.542,0.3957,0.3847,0.5137,0.2163,0.5099,0.5243,0.2163,0.5032,0.6098,0.5363,0.6088,0.5032,0.5365,0.5545,0.3041,0.5345,0.3041,0,0,0,0,0,-0.2242,-0.3394,-0.2135,-0.2685,-0.3273,-0.1576,-0.4829,-0.1556,-0.1392,-0.4775,-0.1785,-0.1577,-0.1685,-0.0319,-0.1014,-0.067,-0.089,-0.1392,-0.0602,-0.2639,-0.1716,-0.2589,-0.161,-0.2332,-0.252,-0.1438,-0.4235,-0.1444,-0.1053,-0.413,-0.1554,-0.1792,-0.1364,-0.0068,-0.0769,-0.0256,-0.0264,-0.0715,-0.083,-0.3471,-0.2189,-0.3496,-0.1543,-0.2904,-0.3351,-0.1467,-0.4657,-0.1461,-0.1988,-0.4485,-0.1678,-0.0365,-0.1349,-0.0271,-0.058,-0.2484,-0.1787,-0.2928,-0.1254,-0.2902,-0.2817,-0.1295,-0.4341,-0.1287,-0.1211,-0.4223,-0.1381,-0.0334,-0.0977,-0.0118,-0.1174,-0.0678,-0.2841,TRUE,TRUE
DTC_R_39,LanSi,1,CW_01,B,2026-03-27 10:51:50+08:00,ONLINE,FALSE,,CW_1_01,PASS,,,52.4107342,_2026032710515023601,T20260327105150,DESKTOP-P2DUL42,Loma,1,CW_1_01,1,paul di,2024.0718.155524,V20260126.2,CW_DTCL_DTCR_STC,T20260327105242,52.4107342,TRUE,TRUE,TRUE,TRUE,TRUE,TRUE,TRUE,4S2RND2HBL0DP6,v1.0.1,2025_12_22,315.3835,316.9474,475.4848,297.2576,295.9161,149,149.774,337,336.0331,485.3841,-4.9817,-2.3822,0,0,-0.2219,1.5549,-0.22,1.5483,0.6653,155.876,153.6025,153.3555,155.7236,154.6394,0.877,0.7789,0.8759,0.7824,0.7789,0.8192,0.7493,0.8244,0.7462,0.7462,0.8237,0.8218,0.8144,0.8182,0.7331,0.7429,0.8036,0.7884,0.7331,0.8459,0.7628,0.7978,0.4669,0.4669,0.847,0.7684,0.7608,0.8211,0.7897,0.7371,0.8149,0.8471,0.7371,0,0,0,0,0,v1.0.1,2025_12_22,315.3037,316.9185,476.5,297.1642,295.7692,148.021,148.6486,337.0676,336.06,486.3467,-5.0437,-2.3964,-0.0001,0,-0.2214,1.5551,-0.2198,1.5484,0.6656,162.958,156.5967,165.1221,165.627,162.5759,0.6981,0.6652,0.7092,0.673,0.6652,0.681,0.643,0.6684,0.6323,0.6323,0.6541,0.659,0.6521,0.6671,0.629,0.6346,0.6283,0.6222,0.6222,0.668,0.6395,0.6544,0.1137,0.1137,0.6614,0.667,0.6394,0.6808,0.6491,0.5506,0.6276,0.6592,0.5506,0,0,0,0,0,v1.0.1,2025_12_22,317.5577,328.0673,442.2679,313.2679,303.0328,196.959,189,342.4127,332.3103,456.5,-2.6663,7.9414,0,0.0001,-0.2176,1.5599,-0.2106,1.5559,0.6719,177.8965,177.8057,177.915,178.7021,178.0798,0.8184,0.6224,0.8201,0.6745,0.6224,0.7777,0.6174,0.7887,0.6471,0.6174,0.7822,0.7818,0.7643,0.7525,0.7525,0.7675,0.6719,0.7265,0,0.6719,0,0,0,0,0,v1.0.1,2025_12_22,317.6604,328.2358,443.0642,313.1835,303.0333,196.0417,188.122,342.5447,332.3419,457.3248,-2.6556,7.9661,0,0.0001,-0.2189,1.5601,-0.2095,1.557,0.6722,147.1221,140.8232,142.6875,144.6914,143.8311,0.6692,0.5559,0.677,0.5828,0.5559,0.6408,0.5507,0.6572,0.5604,0.5507,0.6274,0.6374,0.6482,0.6411,0.6274,0.6019,0.5401,0.5854,0.351,0.351,0,0,0,0,0,0.0036,-0.1021,-0.0029,-0.0865,-0.09,0.0041,-0.0712,-0.0108,-0.0788,-0.0689,-0.0051,0.0078,-0.0057,-0.0008,-0.0763,-0.0794,0.0001,-0.0243,0.002,0.0008,-0.0043,-0.0441,-0.0052,-0.0514,-0.0372,-0.0066,-0.0364,-0.0005,-0.0549,-0.0366,0.0013,0.0175,-0.0122,0.0153,-0.0369,-0.0348,0,-0.019,-0.0164,-0.0022,0,-0.2011,0.0111,-0.1462,-0.1866,0.0142,-0.1633,0.0167,-0.1416,-0.1461,0.0072,0.018,0.0128,0.0129,0.0216,-0.013,0.0028,-0.1216,0.0096,-0.1031,-0.1105,-0.0024,-0.0997,0.0186,-0.085,-0.0879,-0.0139,-0.0058,0.0142,0.0205,0.0068,-0.0024,-0.0028,TRUE,TRUE
DTC_L_39,LanSi,1,CW_01,A,2026-03-27 10:51:50+08:00,ONLINE,FALSE,,CW_1_01,PASS,,,52.3618645,_2026032710515028602,T20260327105150,DESKTOP-P2DUL42,Loma,1,CW_1_01,2,paul di,2024.0718.155524,V20260126.2,CW_DTCL_DTCR_STC,T20260327105242,52.3618645,TRUE,TRUE,TRUE,TRUE,TRUE,TRUE,TRUE,4S2RND2HBL06DS,v1.0.1,2025_12_22,314.3704,321.9556,474.3037,301.2074,294.9801,151.457,148.56,341.56,333.5362,488.3986,-6.3499,1.4157,-0.0001,0,-0.2285,1.557,-0.2172,1.5556,0.6668,156.1602,152.1631,150.2412,155.5518,153.5291,0.8175,0.7882,0.8395,0.7952,0.7882,0.7808,0.738,0.8063,0.7513,0.738,0.8223,0.8181,0.821,0.7723,0.7246,0.7077,0.7825,0.6988,0.6988,0.8179,0.98,0.8341,0.8132,0.8132,0.8486,0.7539,0.7368,0.8353,0.8417,0.8126,0.8128,0.7692,0.7368,0,0,0,0,0,v1.0.1,2025_12_22,314.3235,321.9632,475.4361,301.0902,294.9408,150.4342,147.5987,341.7105,333.7324,489.4437,-6.2937,1.4284,-0.0001,0,-0.2283,1.5578,-0.2174,1.5549,0.6667,162.4385,158.9072,164.917,163.6973,162.49,0.6929,0.669,0.6938,0.6947,0.669,0.649,0.6128,0.6555,0.6608,0.6128,0.649,0.6458,0.6534,0.6355,0.6077,0.6196,0.6461,0.61,0.6077,0.6819,0.4577,0.6893,0.6513,0.4577,0.665,0.6467,0.6162,0.6802,0.6848,0.6696,0.664,0.6411,0.6162,0,0,0,0,0,v1.0.1,2025_12_22,313.0849,314.3302,437.9818,299.8455,299.2645,183.8017,184.7295,328.6721,327.1429,444.5804,-7.0593,-5.254,-0.0001,-0.0001,-0.2149,1.5648,-0.2108,1.5628,0.6755,175.8164,175.3516,173.1758,175.5742,174.9795,0.7975,0.6753,0.8101,0.6699,0.6699,0.7445,0.6284,0.7579,0.6671,0.6284,0.7895,0.769,0.7568,0.7032,0.7032,0.748,0,0.7418,0.7048,0.7048,0,0,0,0,0,v1.0.1,2025_12_22,313.0762,314.2762,438.7699,299.7699,299.1345,183.0084,183.9339,328.8347,327.2735,445.4615,-7.0624,-5.2298,-0.0001,-0.0001,-0.2144,1.5645,-0.2117,1.5625,0.6752,147.9395,143.5098,142.665,145.7646,144.9697,0.6543,0.5784,0.6784,0.6011,0.5784,0.6271,0.5346,0.635,0.6001,0.5346,0.6207,0.6274,0.6421,0.6142,0.6142,0.5919,0.5276,0.5886,0.5652,0.5276,0,0,0,0,0,-0.0101,-0.0794,-0.008,-0.0281,-0.0351,-0.0118,-0.0929,0.0005,-0.0351,-0.0484,0.0037,0.0055,0.0008,-0.0047,-0.0934,-0.1071,-0.0239,-0.0483,0.0136,0.0172,0.0071,-0.0465,0,-0.0144,-0.0168,-0.0172,-0.0664,-0.0049,0.0005,-0.0475,-0.0201,-0.0099,-0.0148,-0.0024,-0.0461,-0.0567,-0.0039,-0.0164,0.0068,0.0136,0.0117,-0.1497,0.0053,-0.119,-0.1159,0.0028,-0.1519,-0.0083,-0.0909,-0.1133,0.0094,0.0026,0.0004,0.0132,0.0088,0.0063,-0.002,-0.1052,0.004,-0.0862,-0.0779,-0.0067,-0.122,0.0071,-0.0444,-0.0933,-0.0262,-0.0112,0.0066,0.0066,0.0066,0,0.0113,TRUE,TRUE
DTC_L_40,LanSi,1,CW_01,B,2026-03-27 10:56:24+08:00,ONLINE,FALSE,,CW_1_01,PASS,,,51.1910661,_2026032710562495502,T20260327105624,DESKTOP-P2DUL42,Loma,1,CW_1_01,2,paul di,2024.0718.155524,V20260126.2,CW_DTCL_DTCR_STC,T20260327105716,51.1910661,TRUE,TRUE,TRUE,TRUE,TRUE,TRUE,TRUE,4S2RND2HBL06DS,v1.0.1,2025_12_22,314.2388,323.8209,474.1739,303.3333,294.9007,152.6755,148.4211,343.7895,333.4752,490.5745,-6.4581,3.3387,-0.0001,0,-0.2269,1.5578,-0.2193,1.5554,0.6667,155.3076,151.0713,149.0889,154.5459,152.5034,0.8258,0.8083,0.8317,0.8021,0.8021,0.7756,0.7496,0.8099,0.7533,0.7496,0.817,0.8016,0.8186,0.7803,0.7553,0.718,0.7676,0.7149,0.7149,0.8241,0.98,0.8258,0.7933,0.7933,0.8456,0.7849,0.7765,0.8372,0.8355,0.8268,0.8076,0.7721,0.7721,0,0,0,0,0,v1.0.1,2025_12_22,314.1533,323.8102,475.2409,303.1533,294.8212,151.6689,147.2886,343.953,333.7143,491.6214,-6.4564,3.3414,-0.0001,0,-0.227,1.5584,-0.2196,1.5542,0.6665,164.2051,159.626,165.9473,165.3779,163.7891,0.6796,0.6725,0.6901,0.7028,0.6725,0.6478,0.6338,0.6591,0.6529,0.6338,0.6516,0.6594,0.6429,0.6262,0.6329,0.6415,0.6422,0.617,0.617,0.6752,0.4906,0.6739,0.6359,0.4906,0.6593,0.6497,0.637,0.6863,0.6691,0.6901,0.6852,0.6234,0.6234,0,0,0,0,0,v1.0.1,2025_12_22,313.0288,316.0481,437.973,301.7928,299.1885,185.1311,184.6116,330.6694,327.0769,446.8291,-7.1242,-3.4059,-0.0001,0,-0.2131,1.565,-0.2129,1.5633,0.6756,175.9668,174.9043,172.9365,175.3076,174.7788,0.7885,0.698,0.8082,0.6954,0.6954,0.7522,0.6529,0.7605,0.6699,0.6529,0.789,0.7657,0.7727,0.6999,0.6999,0.737,0,0.7402,0.7033,0.7033,0,0,0,0,0,v1.0.1,2025_12_22,313.0481,315.875,438.7368,301.6316,299.084,184.1429,183.8197,330.7049,327.3103,447.5,-7.1002,-3.5291,-0.0001,0,-0.2123,1.5647,-0.2137,1.5623,0.6752,149.3916,144.332,143.9316,147.3438,146.2498,0.6537,0.5953,0.6842,0.624,0.5953,0.6335,0.5674,0.6197,0.5919,0.5674,0.638,0.6227,0.6365,0.616,0.616,0.5814,0.5604,0.5962,0.5381,0.5381,0,0,0,0,0,-0.0018,-0.0593,-0.0158,-0.0212,-0.0212,-0.017,-0.0813,0.0041,-0.0331,-0.0368,-0.0016,-0.011,-0.0016,0.0033,-0.0627,-0.0968,-0.0388,-0.0322,0.0198,0.0089,-0.0062,-0.043,-0.0037,-0.0063,-0.0133,-0.0184,-0.0454,-0.0013,-0.0074,-0.0265,-0.0175,0.0037,-0.0253,-0.0117,-0.0209,-0.0348,-0.0078,-0.0094,0.0001,-0.0018,0.0027,-0.127,0.0034,-0.0935,-0.0904,0.0105,-0.1274,-0.0057,-0.0881,-0.0888,0.0089,-0.0007,0.0163,0.0099,-0.0022,0.0047,-0.0026,-0.0883,0.0098,-0.0633,-0.061,-0.0003,-0.0892,-0.0082,-0.0526,-0.0605,-0.0089,-0.0159,0.001,0.0084,0.0084,-0.0105,0.0189,TRUE,TRUE
DTC_R_40,LanSi,1,CW_01,C,2026-03-27 10:56:25+08:00,ONLINE,FALSE,,CW_1_01,PASS,,,50.9616798,_2026032710562518501,T20260327105625,DESKTOP-P2DUL42,Loma,1,CW_1_01,1,paul di,2024.0718.155524,V20260126.2,CW_DTCL_DTCR_STC,T20260327105716,50.9616798,TRUE,TRUE,TRUE,TRUE,TRUE,TRUE,TRUE,4S2RND2HBL0DP6,v1.0.1,2025_12_22,315.0444,316.3852,474.781,296.3212,295.3826,147.3758,149.5,336.5867,335.4191,484.0368,-5.4746,-3.3589,-0.0001,0,-0.2244,1.5545,-0.2209,1.5493,0.6646,156.7871,154.1943,153.8926,156.8311,155.4263,0.8684,0.8241,0.8745,0.833,0.8241,0.8284,0.7632,0.8143,0.7712,0.7632,0.8157,0.8158,0.8147,0.8185,0.7175,0.6964,0.7601,0.7108,0.6964,0.854,0.8106,0.7975,0.6829,0.6829,0.8218,0.7803,0.7756,0.8235,0.8108,0.8187,0.7898,0.8539,0.7756,0,0,0,0,0,v1.0.1,2025_12_22,315.0704,316.2887,475.8478,296.2391,295.1933,146.2867,148.4106,336.6755,335.6739,485.0362,-5.4608,-3.3947,-0.0001,0,-0.2235,1.5539,-0.2212,1.5488,0.6645,165.2314,160.2285,169.2373,168.0918,165.6973,0.712,0.6848,0.7133,0.7068,0.6848,0.6835,0.6434,0.6531,0.646,0.6434,0.6367,0.6515,0.6602,0.6607,0.6053,0.6022,0.6113,0.615,0.6022,0.6861,0.6743,0.6595,0.4685,0.4685,0.6452,0.6519,0.6558,0.6507,0.6815,0.6717,0.6625,0.6729,0.6452,0,0,0,0,0,v1.0.1,2025_12_22,317.4486,327.8692,441.7679,312.6696,302.8678,195.0496,188.832,342.264,331.9469,456.0796,-2.9274,7.2864,0,0.0001,-0.2211,1.5609,-0.2109,1.5577,0.6716,177.4277,176.9316,176.9795,178.4082,177.4368,0.8109,0.7095,0.8299,0.7052,0.7052,0.7734,0.7102,0.7592,0.6501,0.6501,0.7576,0.765,0.7628,0.7488,0.7488,0.7391,0.6946,0.7292,0,0.6946,0,0,0,0,0,v1.0.1,2025_12_22,317.5,328,442.5575,312.5664,302.678,194.5254,188,342.4127,332,457,-2.9529,7.4009,0,0.0001,-0.2223,1.5597,-0.2103,1.5583,0.6714,149.248,144.5254,146.4219,147.248,146.8608,0.6634,0.6091,0.6968,0.6051,0.6051,0.6499,0.6092,0.6345,0.5604,0.5604,0.6296,0.6418,0.6495,0.6446,0.6296,0.5992,0.5497,0.5798,0.5378,0.5378,0,0,0,0,0,-0.005,-0.0569,-0.0043,-0.0359,-0.0448,0.0133,-0.0573,-0.0209,-0.0538,-0.0519,-0.0131,0.0018,-0.0054,-0.0005,-0.0919,-0.1259,-0.0434,-0.1019,0.0101,0.0005,0.0096,-0.0245,-0.0011,-0.0176,-0.0176,-0.0041,-0.036,-0.0158,-0.0412,-0.0255,-0.0161,0.01,-0.0041,0.0089,-0.0606,-0.0672,-0.017,-0.0262,0.0017,0.0029,-0.0075,-0.114,0.0209,-0.1155,-0.1038,0.0099,-0.0705,-0.0128,-0.1386,-0.1134,-0.0174,0.0012,0.0113,0.0092,-0.0068,-0.0103,-0.003,-0.0684,0.0294,-0.0808,-0.0613,0.0067,-0.0412,-0.0041,-0.085,-0.0782,-0.0117,-0.0014,0.0155,0.024,0.009,-0.0051,-0.0084,TRUE,TRUE
DTC_R_41,LanSi,1,CW_01,A,2026-03-27 10:59:21+08:00,ONLINE,FALSE,,CW_1_01,PASS,,,51.6154758,_2026032710592130401,T20260327105921,DESKTOP-P2DUL42,Loma,1,CW_1_01,1,paul di,2024.0718.155524,V20260126.2,CW_DTCL_DTCR_STC,T20260327110012,51.6154758,TRUE,TRUE,TRUE,TRUE,TRUE,TRUE,TRUE,4S2RND2HBL0DP6,v1.0.1,2025_12_22,315.0368,316.1912,474.6716,296.1642,295.2568,147.3446,149.5724,336.6382,335.2676,483.7958,-5.539,-3.4732,-0.0001,0,-0.2243,1.5537,-0.2224,1.5502,0.6643,155.9648,153.3125,153.0244,155.7002,154.5005,0.8568,0.8238,0.8731,0.8303,0.8238,0.8192,0.7537,0.8236,0.758,0.7537,0.8142,0.8067,0.8183,0.8308,0.7597,0.7417,0.7505,0.7124,0.7124,0.8418,0.8089,0.8001,0.98,0.8001,0.8211,0.7846,0.7888,0.8191,0.8139,0.8062,0.7537,0.8467,0.7537,0,0,0,0,0,v1.0.1,2025_12_22,315.0719,316.1439,475.7353,296.1103,295.1757,146.3041,148.4641,336.6863,335.4085,484.7465,-5.5289,-3.5018,-0.0001,0,-0.2235,1.5537,-0.2222,1.5502,0.6646,165.2031,159.4121,168.4238,168.0225,165.2654,0.7024,0.683,0.7093,0.6956,0.683,0.6807,0.6483,0.6765,0.6482,0.6482,0.6534,0.6589,0.6534,0.6636,0.6464,0.6364,0.6259,0.6107,0.6107,0.6998,0.6618,0.6505,0.3365,0.3365,0.6332,0.6527,0.6606,0.6674,0.6657,0.6458,0.6632,0.6898,0.6332,0,0,0,0,0,v1.0.1,2025_12_22,317.3119,327.7248,441.5478,312.4783,302.7339,195.2339,188.792,342.224,331.9115,456,-3.0406,7.2322,0,0.0001,-0.2216,1.5607,-0.2118,1.557,0.6711,177.4893,177.1162,177.1201,178.3184,177.511,0.8099,0.7271,0.8232,0.7216,0.7216,0.7714,0.6619,0.7848,0.6558,0.6558,0.7735,0.7552,0.7617,0.7365,0.7365,0.7497,0.6865,0.7431,0,0.6865,0,0,0,0,0,v1.0.1,2025_12_22,317.3962,327.8585,442.4779,312.5487,302.6613,194.6855,188,342.4127,331.9554,456.8661,-3.0019,7.3743,0,0.0001,-0.2213,1.5601,-0.2115,1.5579,0.6713,148.9746,143.5146,145.3555,146.8271,146.168,0.6635,0.6066,0.6904,0.6172,0.6066,0.6465,0.5875,0.6486,0.563,0.563,0.6347,0.6452,0.6392,0.6214,0.6214,0.6013,0.5684,0.5869,0.4487,0.4487,0,0,0,0,0,-0.0166,-0.0572,-0.0057,-0.0386,-0.0451,0.0041,-0.0668,-0.0116,-0.067,-0.0614,-0.0146,-0.0073,-0.0018,0.0118,-0.0497,-0.0806,-0.053,-0.1003,-0.0021,0.0031,0,-0.0263,-0.0051,-0.0288,-0.0194,-0.0069,-0.0311,0.0076,-0.039,-0.0207,0.0006,0.0174,-0.0109,0.0118,-0.0195,-0.033,-0.0024,-0.0305,0.0154,-0.0061,-0.0085,-0.0964,0.0142,-0.0991,-0.0874,0.0079,-0.1188,0.0128,-0.1329,-0.1077,-0.0015,-0.0086,0.0102,-0.0031,0.0038,0.0036,-0.0029,-0.0709,0.023,-0.0687,-0.0598,0.0033,-0.0629,0.01,-0.0824,-0.0756,-0.0066,0.002,0.0052,0.0008,0.0008,-0.003,-0.0013,TRUE,TRUE
DTC_L_41,LanSi,1,CW_01,C,2026-03-27 10:59:21+08:00,ONLINE,FALSE,,CW_1_01,PASS,,,51.7201954,_2026032710592117802,T20260327105921,DESKTOP-P2DUL42,Loma,1,CW_1_01,2,paul di,2024.0718.155524,V20260126.2,CW_DTCL_DTCR_STC,T20260327110012,51.7201954,TRUE,TRUE,TRUE,TRUE,TRUE,TRUE,TRUE,4S2RND2HBL06DS,v1.0.1,2025_12_22,315.5,321.6471,475.6148,300.3333,296.6516,149.8968,150.2933,341.5,334.8261,487.8551,-4.9228,0.7464,0,0,-0.2318,1.561,-0.2191,1.5545,0.6661,156.6436,152.1445,148.665,156.3691,153.4556,0.8143,0.8149,0.8489,0.7931,0.7931,0.7692,0.7612,0.8071,0.7354,0.7354,0.8088,0.8069,0.8307,0.7628,0.7476,0.7426,0.7477,0.7093,0.7093,0.8318,0.2157,0.8145,0.7669,0.2157,0.8511,0.7352,0.7066,0.8389,0.8201,0.7759,0.7943,0.7807,0.7066,0,0,0,0,0,v1.0.1,2025_12_22,315.3669,321.6187,476.7357,300.35,296.4231,149.1282,149.1216,341.723,335,488.9137,-4.9705,0.8467,0,0,-0.2305,1.5609,-0.2198,1.5535,0.666,162.2012,158.5166,163.3799,163.4443,161.8855,0.6821,0.6857,0.6847,0.6956,0.6821,0.6495,0.6411,0.6515,0.6378,0.6378,0.646,0.6503,0.6522,0.6363,0.6157,0.6377,0.6253,0.6063,0.6063,0.6925,0.4774,0.6875,0.636,0.4774,0.6583,0.6375,0.6127,0.6832,0.6688,0.66,0.6704,0.6452,0.6127,0,0,0,0,0,v1.0.1,2025_12_22,314.2885,313.8654,439.3211,299.1376,300.7563,182.6387,186.3697,328.5378,328.3565,444.4783,-5.6816,-5.7685,-0.0001,-0.0001,-0.2167,1.5675,-0.2137,1.563,0.675,176.666,175.2393,171.5098,176.2256,174.9102,0.8009,0.7077,0.7992,0.6882,0.6882,0.7239,0.6596,0.7648,0.6325,0.6325,0.7638,0.7599,0.769,0.6951,0.6951,0.7263,0,0.7197,0.647,0.647,0,0,0,0,0,v1.0.1,2025_12_22,314.1333,313.8095,440.0545,298.9909,300.6116,181.7107,185.4833,328.5833,328.4153,445.2373,-5.7604,-5.8336,-0.0001,-0.0001,-0.2166,1.5683,-0.2138,1.562,0.675,147.8672,143.5342,141.3477,145.4307,144.5449,0.6537,0.5987,0.6739,0.6152,0.5987,0.6116,0.5589,0.6201,0.5711,0.5589,0.6203,0.6356,0.6549,0.6032,0.6032,0.5896,0.4999,0.5859,0.5369,0.4999,0,0,0,0,0,-0.0133,-0.0527,0.0014,-0.0302,-0.0302,-0.0234,-0.0697,0.0013,-0.051,-0.051,-0.0098,-0.0057,0.0105,-0.0142,-0.0704,-0.0722,-0.0587,-0.0378,0.0275,-0.0024,-0.0037,-0.0298,-0.0091,-0.0135,-0.0037,-0.0167,-0.0381,-0.0089,-0.0225,-0.0225,-0.0231,-0.0054,-0.016,-0.0016,-0.0381,-0.0386,-0.0247,-0.0201,0.0174,0.0118,0.0151,-0.1173,-0.0056,-0.1007,-0.0976,-0.0178,-0.1207,-0.0014,-0.1255,-0.1092,-0.0163,-0.0065,0.0126,0.0051,-0.0129,-0.0158,-0.0026,-0.0849,-0.0005,-0.0721,-0.0576,-0.0222,-0.0977,-0.0078,-0.0734,-0.069,-0.0266,-0.003,0.0194,-0.0044,-0.0044,-0.0023,0.0086,TRUE,TRUE
DTC_R_42,LanSi,1,CW_01,B,2026-03-27 11:01:32+08:00,ONLINE,FALSE,,CW_1_01,PASS,,,52.0194737,_2026032711013223501,T20260327110132,DESKTOP-P2DUL42,Loma,1,CW_1_01,1,paul di,2024.0718.155524,V20260126.2,CW_DTCL_DTCR_STC,T20260327110224,52.0194737,TRUE,TRUE,TRUE,TRUE,TRUE,TRUE,TRUE,4S2RND2HBL0DP6,v1.0.1,2025_12_22,315.1765,316.8529,475.1985,297.1765,295.4558,148.4014,149.543,336.9073,335.8425,484.1918,-5.2567,-2.794,-0.0001,0,-0.2218,1.5537,-0.22,1.5474,0.6648,156.0342,152.915,152.7422,155.4785,154.2925,0.8652,0.8095,0.8794,0.7956,0.7956,0.8175,0.7598,0.8214,0.7543,0.7543,0.8257,0.7926,0.8214,0.8246,0.7225,0.7521,0.7706,0.7654,0.7225,0.8239,0.7887,0.7983,0.98,0.7887,0.8572,0.7689,0.7625,0.8202,0.7938,0.6938,0.7785,0.8377,0.6938,0,0,0,0,0,v1.0.1,2025_12_22,315.0791,316.8633,476.2847,297.0657,295.2148,147.3289,148.3289,337.0268,335.8859,485.2685,-5.3413,-2.7894,-0.0001,0,-0.2217,1.5536,-0.2198,1.5474,0.6649,164.3906,158.8604,167.4531,166.7432,164.3618,0.6961,0.68,0.7094,0.68,0.68,0.6759,0.6541,0.6693,0.6365,0.6365,0.6528,0.643,0.6576,0.6741,0.6148,0.6402,0.6315,0.6427,0.6148,0.6646,0.6531,0.6604,0.3044,0.3044,0.6473,0.6579,0.6578,0.6707,0.653,0.6046,0.6034,0.6617,0.6034,0,0,0,0,0,v1.0.1,2025_12_22,317.5,328.1132,442.2301,313.2301,302.9016,196.0902,189,342.4127,332.0354,455.9204,-2.7666,7.6533,0,0.0001,-0.2182,1.5602,-0.2103,1.557,0.6722,177.3213,176.6211,176.8818,178.2178,177.2605,0.8146,0.6595,0.8224,0.6523,0.6523,0.7728,0.6315,0.7806,0.6258,0.6258,0.7752,0.7708,0.7696,0.7607,0.7607,0.7457,0.6665,0.7349,0,0.6665,0,0,0,0,0,v1.0.1,2025_12_22,317.5047,328.2523,443.0642,313.1835,302.7661,195.4355,188.024,342.544,332.1304,456.6696,-2.8021,7.717,0,0.0001,-0.2189,1.5598,-0.2094,1.5569,0.6721,148.3721,142.9629,144.6572,145.8652,145.4644,0.6711,0.5734,0.687,0.5736,0.5734,0.6566,0.5588,0.6438,0.5528,0.5528,0.6346,0.6382,0.6404,0.6356,0.6346,0.6073,0.5404,0.5907,0.4317,0.4317,0,0,0,0,0,-0.0082,-0.0715,0.0006,-0.0733,-0.0733,0.0024,-0.0607,-0.0138,-0.0707,-0.0608,-0.0031,-0.0214,0.0013,0.0056,-0.0869,-0.0702,-0.0329,-0.0473,-0.02,0.0013,-0.0063,-0.0293,-0.005,-0.0444,-0.0224,-0.0117,-0.0253,0.0004,-0.0507,-0.0324,0,0.0015,-0.0067,0.0223,-0.0511,-0.0292,0.0032,0.0015,-0.0198,0.0038,-0.0038,-0.164,0.0134,-0.1684,-0.1567,0.0093,-0.1492,0.0086,-0.1629,-0.1377,0.0002,0.007,0.0181,0.0211,-0.0002,-0.0046,0.0047,-0.1041,0.0196,-0.1123,-0.093,0.0134,-0.0916,0.0052,-0.0926,-0.0858,-0.0067,-0.005,0.0064,0.015,0.014,0.003,0.0025,TRUE,TRUE
DTC_L_42,LanSi,1,CW_01,A,2026-03-27 11:01:32+08:00,ONLINE,FALSE,,CW_1_01,PASS,,,52.1960017,_2026032711013205802,T20260327110132,DESKTOP-P2DUL42,Loma,1,CW_1_01,2,paul di,2024.0718.155524,V20260126.2,CW_DTCL_DTCR_STC,T20260327110224,52.1960017,TRUE,TRUE,TRUE,TRUE,TRUE,TRUE,TRUE,4S2RND2HBL06DS,v1.0.1,2025_12_22,314.2857,323.188,474.3835,302.9474,294.9801,152.457,148.6486,343.0135,333.7447,489.3972,-6.2915,2.7006,-0.0001,0,-0.2252,1.5577,-0.2186,1.5537,0.6669,155.5254,151.5029,149.1816,154.5361,152.6865,0.8266,0.8025,0.8418,0.7843,0.7843,0.7821,0.7649,0.7977,0.7501,0.7501,0.8173,0.8169,0.799,0.7688,0.7416,0.7272,0.7639,0.7073,0.7073,0.8091,0.98,0.8179,0.7989,0.7989,0.8535,0.824,0.7834,0.8222,0.8465,0.8201,0.8028,0.7739,0.7739,0,0,0,0,0,v1.0.1,2025_12_22,314.2409,323.1533,475.403,302.8433,294.902,151.4575,147.457,343.2384,333.7887,490.4085,-6.3417,2.7202,-0.0001,0,-0.2248,1.5581,-0.2193,1.5539,0.667,162.7402,158.1328,164.3008,164.1543,162.332,0.6769,0.6888,0.6896,0.6979,0.6769,0.66,0.6328,0.6451,0.6522,0.6328,0.6416,0.6451,0.6531,0.6378,0.6141,0.6337,0.6254,0.6201,0.6141,0.6604,0.3593,0.6776,0.6443,0.3593,0.6589,0.6742,0.6479,0.6862,0.6547,0.6871,0.672,0.6384,0.6384,0,0,0,0,0,v1.0.1,2025_12_22,313.0857,315.4762,438.1,301.2818,299.2397,184.8843,184.9262,330.1967,327.2991,445.7009,-6.9698,-3.992,-0.0001,0,-0.2125,1.5646,-0.2138,1.5616,0.675,175.1426,173.9473,171.6299,174.4326,173.7881,0.7853,0.684,0.8003,0.6904,0.684,0.7337,0.6568,0.7614,0.6731,0.6568,0.7839,0.7722,0.7612,0.7043,0.7043,0.7277,0,0.7441,0.6948,0.6948,0,0,0,0,0,v1.0.1,2025_12_22,313.0673,315.4231,438.8947,301.1667,299.1186,184.0424,183.95,330.1167,327.4068,446.5,-7.0125,-4.0502,-0.0001,0,-0.2123,1.5645,-0.2128,1.5613,0.6752,148.2803,143.0869,142.1104,146.1133,144.8977,0.6497,0.5791,0.6803,0.6124,0.5791,0.6382,0.5683,0.6305,0.5898,0.5683,0.6321,0.6416,0.6394,0.6153,0.6153,0.5748,0.5213,0.5952,0.5431,0.5213,0,0,0,0,0,-0.001,-0.0651,-0.0057,-0.039,-0.039,-0.0105,-0.066,-0.0081,-0.0363,-0.0363,-0.0013,0.0043,-0.0212,-0.0082,-0.0764,-0.0876,-0.0425,-0.0398,0.0048,0.001,-0.0089,-0.0267,-0.0042,-0.0112,-0.0089,-0.0062,-0.0464,-0.0153,-0.0081,-0.0275,-0.0275,-0.0106,-0.0151,-0.0001,-0.0397,-0.0426,-0.0246,-0.0063,-0.0147,0.0019,-0.0005,-0.141,-0.0045,-0.0985,-0.1018,-0.008,-0.1235,-0.0048,-0.0849,-0.0849,0.0038,0.0058,0.0048,0.0143,-0.0115,0.0086,-0.0066,-0.1045,0.0059,-0.0749,-0.0772,0.0044,-0.0883,0.0026,-0.0547,-0.0596,-0.0148,0.003,0.0039,0.0077,0.0077,-0.0171,0.0179,TRUE,TRUE
DTC_R_43,LanSi,1,CW_01,C,2026-03-27 11:03:33+08:00,ONLINE,FALSE,,CW_1_01,PASS,,,51.5508695,_2026032711033382201,T20260327110333,DESKTOP-P2DUL42,Loma,1,CW_1_01,1,paul di,2024.0718.155524,V20260126.2,CW_DTCL_DTCR_STC,T20260327110425,51.5508695,TRUE,TRUE,TRUE,TRUE,TRUE,TRUE,TRUE,4S2RND2HBL0DP6,v1.0.1,2025_12_22,315.363,317.8,475.6493,298.0746,295.9236,149.0486,149.7838,337.8649,335.9452,485.2123,-4.967,-1.8999,0,0,-0.2219,1.5556,-0.2201,1.548,0.6654,156.1699,153.6084,153.582,156.0723,154.8582,0.8752,0.8038,0.8709,0.7879,0.7879,0.8259,0.7544,0.8178,0.7497,0.7497,0.8189,0.8182,0.814,0.8182,0.7359,0.7448,0.7692,0.7365,0.7359,0.829,0.7979,0.809,0.98,0.7979,0.842,0.7733,0.7586,0.8124,0.7852,0.6369,0.8346,0.8349,0.6369,0,0,0,0,0,v1.0.1,2025_12_22,315.25,317.6571,476.7464,298.029,295.6434,148.0769,148.6486,337.9324,336.0136,486.2313,-5.0396,-1.9146,-0.0001,0,-0.2204,1.5552,-0.2206,1.5477,0.6655,165.2979,159.4346,168.4043,168.0381,165.2937,0.7015,0.6828,0.7106,0.6725,0.6725,0.6906,0.6472,0.6729,0.6404,0.6404,0.6551,0.6572,0.6671,0.6638,0.6279,0.647,0.6328,0.6278,0.6278,0.6771,0.6611,0.6585,0.1562,0.1562,0.6522,0.6566,0.6409,0.6624,0.6509,0.5986,0.6287,0.6644,0.5986,0,0,0,0,0,v1.0.1,2025_12_22,317.767,329,442.4643,314.0982,303.129,196.9677,189.122,343.3333,332.3333,456.5702,-2.5369,8.4939,0,0.0001,-0.2184,1.5599,-0.2104,1.5566,0.6719,177.7607,177.7246,177.8232,178.8711,178.0449,0.8087,0.6771,0.8164,0.6495,0.6495,0.7793,0.642,0.7843,0.621,0.621,0.7812,0.78,0.7589,0.7724,0.7589,0.7504,0.6795,0.7352,0,0.6795,0,0,0,0,0,v1.0.1,2025_12_22,317.7333,329.1048,443.3364,314.0273,303.0826,196.1736,188.1707,343.4228,332.5,457.5,-2.5354,8.5457,0,0.0001,-0.219,1.5605,-0.2095,1.5558,0.6719,149.0742,143.3271,145.2734,146.8643,146.1348,0.6603,0.5911,0.6753,0.5663,0.5663,0.6577,0.5689,0.6548,0.5383,0.5383,0.6327,0.6518,0.6293,0.6437,0.6293,0.5858,0.5548,0.5639,0.3865,0.3865,0,0,0,0,0,0.0018,-0.0772,-0.0079,-0.081,-0.081,0.0108,-0.0661,-0.0174,-0.0753,-0.0654,-0.0099,0.0042,-0.0061,-0.0008,-0.0735,-0.0775,-0.0343,-0.0762,-0.0149,0.012,-0.0009,-0.0265,-0.0038,-0.0519,-0.0299,0.003,-0.0322,0.004,-0.0468,-0.0285,0.0023,0.0157,0.0028,0.012,-0.038,-0.0224,0.0045,-0.0134,-0.0073,0.0019,-0.0097,-0.1464,0.0074,-0.1712,-0.1595,0.0158,-0.1387,0.0123,-0.1677,-0.1425,0.0062,0.0162,0.0074,0.0328,0.0045,-0.0043,-0.0061,-0.0864,0.0079,-0.1196,-0.1001,0.0145,-0.0815,0.0162,-0.1071,-0.1003,-0.0086,0.0086,-0.0047,0.0231,0.0087,-0.0185,-0.0243,TRUE,TRUE
DTC_L_43,LanSi,1,CW_01,B,2026-03-27 11:03:34+08:00,ONLINE,FALSE,,CW_1_01,PASS,,,51.6615732,_2026032711033401002,T20260327110334,DESKTOP-P2DUL42,Loma,1,CW_1_01,2,paul di,2024.0718.155524,V20260126.2,CW_DTCL_DTCR_STC,T20260327110425,51.6615732,TRUE,TRUE,TRUE,TRUE,TRUE,TRUE,TRUE,4S2RND2HBL06DS,v1.0.1,2025_12_22,314.3684,322.8647,474.2148,302.2222,294.8543,151.8344,148.6579,342.3684,333.5474,488.3504,-6.3714,2.028,-0.0001,0,-0.2279,1.5567,-0.2166,1.5549,0.6668,156.1455,151.9746,150.0059,155.5557,153.4204,0.8261,0.8025,0.8414,0.7852,0.7852,0.7764,0.761,0.8044,0.7378,0.7378,0.812,0.8172,0.8271,0.756,0.7486,0.723,0.7564,0.6945,0.6945,0.8225,0.3075,0.8279,0.8063,0.3075,0.8482,0.7544,0.7412,0.8367,0.8343,0.8212,0.795,0.7755,0.7412,0,0,0,0,0,v1.0.1,2025_12_22,314.3037,322.7926,475.3037,302.2074,294.8667,150.88,147.5168,342.5436,333.7626,489.3094,-6.3493,2.0466,-0.0001,0,-0.2267,1.5577,-0.2174,1.5539,0.6669,162.4385,158.1592,164.0469,163.1699,161.9536,0.6799,0.6729,0.6832,0.6941,0.6729,0.6587,0.6308,0.655,0.6426,0.6308,0.6379,0.6528,0.6555,0.632,0.635,0.6271,0.6371,0.5937,0.5937,0.6774,0.5345,0.684,0.6726,0.5345,0.6515,0.6537,0.6191,0.6771,0.6806,0.6917,0.6747,0.6273,0.6191,0,0,0,0,0,v1.0.1,2025_12_22,313.1923,315.0385,437.9725,300.8991,299.2397,184.2562,184.976,329.544,327.1565,444.9478,-6.9926,-4.5629,-0.0001,0,-0.2123,1.564,-0.2121,1.5632,0.6757,175.8018,174.6465,172.7285,175.5723,174.6873,0.7849,0.6836,0.8149,0.6669,0.6669,0.7512,0.6598,0.7554,0.639,0.639,0.783,0.7719,0.7714,0.7112,0.7112,0.7455,0,0.7202,0.7231,0.7202,0,0,0,0,0,v1.0.1,2025_12_22,313.1923,314.9615,438.8091,300.6727,299.0435,183.5304,184.0887,329.629,327.3475,445.7288,-7.0038,-4.5955,-0.0001,0,-0.2127,1.563,-0.2126,1.5625,0.675,147.7314,143.0166,142.2275,145.6338,144.6523,0.6577,0.5916,0.6843,0.5914,0.5914,0.6226,0.5671,0.6253,0.5707,0.5671,0.6382,0.6372,0.649,0.6189,0.6189,0.5743,0.5264,0.5795,0.555,0.5264,0,0,0,0,0,-0.0015,-0.0651,-0.0061,-0.0381,-0.0381,-0.0162,-0.0699,-0.0014,-0.0486,-0.0486,-0.0066,0.0046,0.0069,-0.021,-0.0694,-0.0918,-0.05,-0.0526,0.0182,0.011,-0.0059,-0.0426,-0.0106,-0.015,-0.0129,-0.0075,-0.0484,-0.0054,-0.0177,-0.0295,-0.0312,-0.0029,-0.0127,-0.0059,-0.0188,-0.0492,-0.0129,-0.0327,0.0023,0.0083,-0.0009,-0.1414,0.0101,-0.122,-0.1189,0.0095,-0.1205,-0.0108,-0.119,-0.1027,0.0029,0.0055,0.015,0.0212,0.0063,-0.0153,0.0014,-0.092,0.0099,-0.0959,-0.0649,-0.0112,-0.0895,-0.0026,-0.0738,-0.0608,-0.0087,-0.0014,0.0135,0.0113,0.0113,-0.0176,0.0022,TRUE,TRUE
DTC_R_44,LanSi,1,CW_01,A,2026-03-27 11:05:16+08:00,ONLINE,FALSE,,CW_1_01,PASS,,,51.8347463,_2026032711051656501,T20260327110516,DESKTOP-P2DUL42,Loma,1,CW_1_01,1,paul di,2024.0718.155524,V20260126.2,CW_DTCL_DTCR_STC,T20260327110608,51.8347463,TRUE,TRUE,TRUE,TRUE,TRUE,TRUE,TRUE,4S2RND2HBL0DP6,v1.0.1,2025_12_22,315,316.0863,474.6642,296.0448,295.1103,146.9103,149.5,336.4133,335.3521,483.5704,-5.5747,-3.695,-0.0001,0,-0.2244,1.5532,-0.2217,1.5494,0.6641,155.3916,153.4248,152.7354,155.3301,154.2205,0.862,0.8399,0.8735,0.8359,0.8359,0.8263,0.7473,0.818,0.7674,0.7473,0.8139,0.8132,0.8198,0.8129,0.7605,0.7352,0.7414,0.7061,0.7061,0.8503,0.788,0.7988,0.98,0.788,0.8527,0.7919,0.7671,0.8039,0.8116,0.8519,0.7763,0.8471,0.7671,0,0,0,0,0,v1.0.1,2025_12_22,315.0429,316.1071,475.7464,295.971,295.1088,145.9864,148.44,336.44,335.5625,484.5486,-5.5199,-3.6894,-0.0001,0,-0.2241,1.5536,-0.2209,1.5491,0.6644,164.6953,158.6592,167.249,167.2881,164.4729,0.7124,0.694,0.7152,0.7046,0.694,0.6841,0.6414,0.6802,0.6505,0.6414,0.6518,0.6569,0.655,0.6504,0.6455,0.6284,0.5916,0.5978,0.5916,0.6924,0.6403,0.642,0.2132,0.2132,0.66,0.6584,0.6436,0.668,0.6656,0.6211,0.6574,0.6815,0.6211,0,0,0,0,0,v1.0.1,2025_12_22,317.287,327.6759,441.5702,312.4298,302.6508,195.0714,188.6423,341.9593,331.8829,455.6847,-3.0934,7.0642,0,0.0001,-0.2215,1.5603,-0.2101,1.5567,0.6714,176.96,177.0264,176.8457,177.9365,177.1921,0.8085,0.7307,0.8251,0.7198,0.7198,0.7616,0.6715,0.7792,0.655,0.655,0.7702,0.753,0.785,0.74,0.74,0.7528,0.68,0.7206,0,0.68,0,0,0,0,0,v1.0.1,2025_12_22,317.2222,327.8056,442.5217,312.4522,302.5492,194.4262,187.8852,342.1475,331.9364,456.5909,-3.077,7.1845,0,0.0001,-0.2214,1.5607,-0.2099,1.5565,0.6715,148.5488,142.707,144.1865,146.7031,145.5364,0.6678,0.624,0.6824,0.6201,0.6201,0.6419,0.5772,0.6591,0.5731,0.5731,0.6293,0.6249,0.6492,0.6309,0.6249,0.5973,0.5641,0.5784,0.4063,0.4063,0,0,0,0,0,-0.0114,-0.0411,-0.0053,-0.033,-0.033,0.0112,-0.0732,-0.0172,-0.0576,-0.0678,-0.0149,-0.0008,-0.0003,-0.0061,-0.0489,-0.0871,-0.0621,-0.1066,0.0064,0.0018,0.01,-0.0153,0.0008,-0.0198,-0.0084,-0.0035,-0.038,0.0113,-0.0367,-0.0275,-0.001,0.0154,-0.0093,-0.0014,-0.0204,-0.041,-0.0367,-0.0434,0.008,-0.0146,-0.0099,-0.0928,0.0161,-0.1009,-0.0892,-0.0019,-0.1092,0.0072,-0.1337,-0.1085,-0.0048,-0.0108,0.0335,0.0004,0.0069,-0.0189,0.0014,-0.0535,0.015,-0.0658,-0.0463,-0.0013,-0.0732,0.0205,-0.0723,-0.0655,-0.012,-0.0183,0.0152,0.0103,0.0043,-0.007,-0.0098,TRUE,TRUE
DTC_L_44,LanSi,1,CW_01,C,2026-03-27 11:05:16+08:00,ONLINE,FALSE,,CW_1_01,PASS,,,51.7749068,_2026032711051663302,T20260327110516,DESKTOP-P2DUL42,Loma,1,CW_1_01,2,paul di,2024.0718.155524,V20260126.2,CW_DTCL_DTCR_STC,T20260327110608,51.7749068,TRUE,TRUE,TRUE,TRUE,TRUE,TRUE,TRUE,4S2RND2HBL06DS,v1.0.1,2025_12_22,314.2612,322.8955,474.1866,302.7388,294.8733,152.4333,148.3907,342.755,333.7153,488.7883,-6.4146,2.4222,-0.0001,0,-0.2249,1.557,-0.2186,1.5535,0.6668,156.5068,152.0195,150.0586,155.874,153.6147,0.8217,0.7962,0.8335,0.7936,0.7936,0.7902,0.7668,0.7963,0.7541,0.7541,0.8147,0.8174,0.8194,0.7771,0.7586,0.7441,0.7689,0.6899,0.6899,0.8171,0.98,0.8386,0.8135,0.8135,0.8485,0.8306,0.7843,0.837,0.8226,0.8379,0.7962,0.7761,0.7761,0,0,0,0,0,v1.0.1,2025_12_22,314.292,323,475.2446,302.518,294.6755,151.5099,147.2808,342.9932,333.8043,489.8333,-6.4406,2.4709,-0.0001,0,-0.2261,1.5564,-0.2186,1.5539,0.6664,162.7891,159.0723,164.5977,163.5781,162.5093,0.6789,0.675,0.6906,0.6985,0.675,0.6514,0.6415,0.6475,0.6598,0.6415,0.6595,0.6589,0.6548,0.6338,0.6204,0.6351,0.641,0.6129,0.6129,0.6802,0.2923,0.678,0.6447,0.2923,0.6534,0.6569,0.6458,0.6662,0.6629,0.6932,0.672,0.6497,0.6458,0,0,0,0,0,v1.0.1,2025_12_22,313.0476,315.3714,437.9,301.2818,299.0769,184.8291,184.625,330,327.1966,445.4188,-7.1308,-4.1198,-0.0001,0,-0.2119,1.5637,-0.2129,1.5619,0.6752,176.2041,175.0146,172.9326,175.6992,174.9626,0.779,0.6834,0.8118,0.699,0.6834,0.7535,0.667,0.767,0.6592,0.6592,0.7785,0.7781,0.7777,0.7009,0.7009,0.734,0,0.7424,0.7164,0.7164,0,0,0,0,0,v1.0.1,2025_12_22,313.0476,315.3714,438.7876,301.1327,299.0168,184.0924,183.6557,330.1721,327.3193,446.2269,-7.1346,-4.1009,-0.0001,0,-0.2122,1.5638,-0.2134,1.5616,0.675,148.1182,143.7803,142.3799,145.4033,144.9204,0.6605,0.5809,0.6697,0.61,0.5809,0.6304,0.5829,0.6302,0.5893,0.5829,0.6307,0.631,0.6544,0.6229,0.6229,0.5905,0.4862,0.5825,0.5621,0.4862,0,0,0,0,0,-0.0059,-0.0714,-0.014,-0.0297,-0.0297,-0.0024,-0.0641,-0.0095,-0.0323,-0.0323,-0.0039,0.0048,-0.0008,0.0001,-0.0594,-0.0707,-0.0375,-0.0572,0.0128,0.0217,-0.0069,-0.0405,-0.0032,-0.0106,-0.0108,-0.0148,-0.0377,-0.0129,-0.0005,-0.0188,-0.0096,0.0032,-0.0134,-0.0041,-0.0334,-0.0412,-0.009,-0.0135,0.0051,0.0023,-0.0068,-0.1416,0.007,-0.0899,-0.1024,0.0118,-0.1133,0.0008,-0.0988,-0.0825,-0.0016,0.0117,0.0213,0.0109,-0.0052,0.0069,0.0042,-0.1027,-0.0047,-0.0773,-0.0754,-0.0034,-0.0737,0.0023,-0.0552,-0.045,-0.0162,-0.0076,0.0189,0.0153,0.0153,-0.0014,0.0052,TRUE,TRUE
DTC_L_45,LanSi,1,CW_01,A,2026-03-27 11:06:56+08:00,ONLINE,FALSE,,CW_1_01,FAIL,SFR_VIS_25cm_Ny4_06F_ROI15;SFR_VIS_25cm_Ny4_06F_Min;IR_SFR_VIS_25cm_Ny4_06F_ROI15;IR_SFR_VIS_25cm_Ny4_06F_Min;SFR_VIS_25cm_Ny4_06F_ROI15_Dev,sfr_25Algo,51.9772596,_2026032711065655502,T20260327110656,DESKTOP-P2DUL42,Loma,1,CW_1_01,2,paul di,2024.0718.155524,V20260126.2,CW_DTCL_DTCR_STC,T20260327110748,51.9772596,TRUE,TRUE,TRUE,TRUE,TRUE,TRUE,TRUE,4S2RND2HBL06DS,v1.0.1,2025_12_22,315.2148,322.7778,475.3037,301.9926,296.268,152.0915,149.9866,342.5436,334.5682,488.0455,-5.2317,1.9902,-0.0001,0,-0.2286,1.5597,-0.2185,1.5537,0.6666,155.6113,149.5557,149.6064,154.9629,152.4341,0.8256,0.798,0.844,0.7915,0.7915,0.7786,0.7664,0.8016,0.7488,0.7488,0.8227,0.824,0.778,0.7633,0.7432,0.7359,0.6134,0.6932,0.6134,0.8164,0.98,0.8227,0.738,0.738,0.8448,0.77,0.7502,0.8292,0.8178,0.7818,0.7823,0.7778,0.7502,0,0,0,0,0,v1.0.1,2025_12_22,315.1752,322.7153,476.3577,301.927,296.1544,151.2617,148.8121,342.6577,334.7279,489.0441,-5.2546,2.0212,-0.0001,0,-0.2277,1.5598,-0.2188,1.5533,0.6666,163.4648,158.1768,165.1162,164.9023,162.915,0.6814,0.6694,0.6934,0.6967,0.6694,0.663,0.6439,0.6594,0.6535,0.6439,0.6405,0.6505,0.6527,0.645,0.6105,0.6197,0.5443,0.6024,0.5443,0.6815,0.4502,0.6821,0.6306,0.4502,0.6465,0.6542,0.6248,0.6816,0.6727,0.6662,0.6699,0.6444,0.6248,0,0,0,0,0,v1.0.1,2025_12_22,314,315,438.8304,300.5357,300.4538,184.3697,186.122,329.6667,328.0431,444.8707,-6.0102,-4.6114,-0.0001,0,-0.2148,1.567,-0.2137,1.5626,0.6752,175.6279,172.5947,172.624,175.1514,173.9995,0.7834,0.6995,0.7953,0.6849,0.6849,0.741,0.6649,0.7658,0.6691,0.6649,0.7715,0.7884,0.679,0.7131,0.679,0.7259,0,0.7219,0.6257,0.6257,0,0,0,0,0,v1.0.1,2025_12_22,313.9712,314.9519,439.6174,300.4522,300.4034,183.5546,185.1885,329.7541,328.1368,445.7778,-6.0366,-4.6019,-0.0001,0,-0.2144,1.5674,-0.2139,1.5624,0.6754,149.0654,143.1934,143.1377,147.0547,145.6128,0.6432,0.591,0.6716,0.6105,0.591,0.6274,0.5647,0.6373,0.5772,0.5647,0.6274,0.6245,0.5857,0.6144,0.5857,0.5869,0.5348,0.5801,0.5291,0.5291,0,0,0,0,0,-0.002,-0.0696,-0.0035,-0.0318,-0.0318,-0.014,-0.0645,-0.0042,-0.0376,-0.0376,0.0041,0.0114,-0.0422,-0.0137,-0.0748,-0.0789,-0.193,-0.0539,0.0121,0.0058,-0.0044,-0.0461,-0.0004,-0.0124,-0.0164,-0.0032,-0.0353,-0.001,-0.0068,-0.0164,-0.0286,-0.0052,-0.0155,0.0071,-0.0433,-0.0566,-0.1057,-0.024,0.0064,0.0064,-0.0024,-0.1255,-0.0095,-0.104,-0.1009,-0.0007,-0.1154,-0.0004,-0.0889,-0.0768,-0.0086,0.022,-0.0774,0.0231,-0.0133,-0.0136,-0.0131,-0.0926,-0.0028,-0.0768,-0.0653,-0.0064,-0.0919,0.0094,-0.0673,-0.0632,-0.0195,-0.0141,-0.0498,0.0068,-0.0219,-0.005,0.0028,TRUE,TRUE
DTC_R_45,LanSi,1,CW_01,B,2026-03-27 11:06:56+08:00,ONLINE,FALSE,,CW_1_01,PASS,,,51.8595744,_2026032711065667901,T20260327110656,DESKTOP-P2DUL42,Loma,1,CW_1_01,1,paul di,2024.0718.155524,V20260126.2,CW_DTCL_DTCR_STC,T20260327110748,51.8595744,TRUE,TRUE,TRUE,TRUE,TRUE,TRUE,TRUE,4S2RND2HBL0DP6,v1.0.1,2025_12_22,315.0444,317.4815,474.8261,297.6667,295.4797,148.2568,149.6623,337.7219,335.3796,485.1241,-5.4216,-2.2498,-0.0001,0,-0.2229,1.5552,-0.2213,1.5496,0.6652,156.3193,153.6426,153.6084,156.0869,154.9143,0.8584,0.8295,0.8806,0.8343,0.8295,0.8189,0.77,0.8175,0.7725,0.77,0.8248,0.8186,0.8141,0.8185,0.7862,0.7988,0.7515,0.7432,0.7432,0.843,0.8136,0.803,0.379,0.379,0.8463,0.8127,0.7752,0.828,0.7924,0.8281,0.8156,0.8561,0.7752,0,0,0,0,0,v1.0.1,2025_12_22,315.0786,317.3571,475.8406,297.5,295.1544,147.2617,148.5364,337.7748,335.6214,486.0857,-5.4537,-2.3041,-0.0001,0,-0.2224,1.5537,-0.2215,1.5491,0.6647,164.5391,159.6797,168.4307,167.3564,165.0015,0.7046,0.6982,0.7109,0.6956,0.6956,0.6758,0.6506,0.6676,0.6526,0.6506,0.6618,0.6581,0.6591,0.6659,0.6522,0.6653,0.6218,0.6412,0.6218,0.6779,0.6666,0.6734,0.326,0.326,0.6642,0.6724,0.6584,0.6549,0.6403,0.6776,0.6671,0.6829,0.6403,0,0,0,0,0,v1.0.1,2025_12_22,317.271,328.785,441.7321,313.7321,302.672,196.208,188.9531,343.3438,331.9286,457.3393,-2.9886,8.3816,0,0.0001,-0.2198,1.5606,-0.2125,1.5568,0.6713,177.6904,177.2393,177.3516,178.5947,177.719,0.8084,0.698,0.8262,0.705,0.698,0.7721,0.6901,0.7778,0.6586,0.6586,0.7769,0.7699,0.7559,0.7475,0.7475,0.7537,0.6949,0.7313,0,0.6949,0,0,0,0,0,v1.0.1,2025_12_22,317.1923,328.9615,442.4522,313.6174,302.6532,195.5806,188,343.4127,331.9469,458.0796,-3.0511,8.4304,0,0.0001,-0.2214,1.5617,-0.2109,1.5565,0.6715,148.6152,143.6416,145.3027,146.3252,145.9712,0.6688,0.6023,0.6737,0.6087,0.6023,0.6517,0.6001,0.6349,0.5695,0.5695,0.6435,0.6523,0.6401,0.6253,0.6253,0.5799,0.5552,0.5799,0.4736,0.4736,0,0,0,0,0,-0.015,-0.0515,0.0018,-0.0346,-0.0394,0.0038,-0.0505,-0.0177,-0.0525,-0.0451,-0.004,0.0046,-0.006,-0.0005,-0.0232,-0.0235,-0.052,-0.0695,-0.0009,0.006,0.0022,-0.0111,-0.0035,-0.0288,-0.0068,-0.0118,-0.0288,-0.0013,-0.0346,-0.0183,0.009,0.0166,-0.0052,0.0141,-0.0137,-0.0041,-0.0065,0,-0.0065,0.0168,-0.01,-0.1255,0.0172,-0.1157,-0.111,0.0086,-0.0906,0.0058,-0.1301,-0.1049,0.0019,0.0061,0.0044,0.0079,0.0078,-0.0082,0.0024,-0.0752,0.0063,-0.0772,-0.0641,0.0085,-0.0503,-0.0037,-0.0759,-0.0691,0.0022,0.0091,0.0061,0.0047,0.0047,-0.0244,-0.0083,TRUE,TRUE
DTC_L_46,LanSi,1,CW_01,B,2026-03-27 11:08:50+08:00,ONLINE,FALSE,,CW_1_01,PASS,,,51.8546135,_2026032711085013402,T20260327110850,DESKTOP-P2DUL42,Loma,1,CW_1_01,2,paul di,2024.0718.155524,V20260126.2,CW_DTCL_DTCR_STC,T20260327110941,51.8546135,TRUE,TRUE,TRUE,TRUE,TRUE,TRUE,TRUE,4S2RND2HBL06DS,v1.0.1,2025_12_22,315.2993,321.635,475.5259,300.637,296.3841,150.4636,150.1854,341.4371,334.8,487.4929,-5.0611,0.8331,-0.0001,0,-0.2298,1.5602,-0.2188,1.5532,0.6662,156.0586,151.3535,149.8135,155.3037,153.1323,0.8289,0.8227,0.8421,0.7975,0.7975,0.7867,0.7619,0.8037,0.7561,0.7561,0.8279,0.8173,0.8117,0.7753,0.7453,0.74,0.7272,0.7108,0.7108,0.826,0.98,0.801,0.7431,0.7431,0.8456,0.7744,0.756,0.8401,0.8259,0.7737,0.7758,0.778,0.756,0,0,0,0,0,v1.0.1,2025_12_22,315.3382,321.7574,476.6429,300.5714,296.2185,149.4172,149.0408,341.6871,334.8345,488.6187,-5.085,0.9104,-0.0001,0,-0.2301,1.5598,-0.2188,1.554,0.6662,162.4805,158.6357,164.8174,163.541,162.3687,0.6809,0.6873,0.6891,0.6943,0.6809,0.6595,0.6309,0.6535,0.637,0.6309,0.6613,0.6606,0.6439,0.639,0.6153,0.6286,0.6203,0.6049,0.6049,0.6697,0.4243,0.683,0.6237,0.4243,0.66,0.6546,0.6137,0.6796,0.6894,0.6627,0.6679,0.6396,0.6137,0,0,0,0,0,v1.0.1,2025_12_22,314.1058,313.9712,439.2072,299.3784,300.5447,182.878,186.1721,328.6557,328.2414,444.181,-5.8458,-5.6871,-0.0001,-0.0001,-0.2156,1.5672,-0.2138,1.5621,0.675,176.4609,174.8945,172.96,175.5732,174.9722,0.7924,0.7114,0.8015,0.6888,0.6888,0.7522,0.6613,0.763,0.6571,0.6571,0.7754,0.7678,0.7596,0.6981,0.6981,0.725,0,0.7328,0.6353,0.6353,0,0,0,0,0,v1.0.1,2025_12_22,314.125,313.9519,439.9459,299.2613,300.3902,182.187,185.2893,328.7273,328.3025,445.042,-5.8894,-5.6661,-0.0001,-0.0001,-0.2157,1.5664,-0.2137,1.5625,0.6749,148.083,143.6748,142.6953,145.4297,144.9707,0.6688,0.6035,0.678,0.6181,0.6035,0.6253,0.5545,0.6286,0.5842,0.5545,0.6264,0.6383,0.6373,0.6093,0.6093,0.5865,0.5129,0.5812,0.5244,0.5129,0,0,0,0,0,0.0013,-0.0449,-0.0054,-0.0258,-0.0258,-0.0059,-0.069,-0.0021,-0.0303,-0.0303,0.0093,0.0047,-0.0085,-0.0017,-0.0727,-0.0748,-0.0792,-0.0363,0.0217,-0.0159,-0.0049,-0.0282,-0.0047,-0.0148,-0.0049,-0.0067,-0.0483,-0.0069,-0.0233,-0.0294,-0.0078,0.0049,-0.0243,0.0011,-0.0385,-0.0477,-0.0297,-0.0215,-0.0054,0.0073,0.0066,-0.1136,-0.0033,-0.1001,-0.097,0.0105,-0.119,-0.0032,-0.1009,-0.0846,-0.0047,0.0014,0.0032,0.0081,-0.0142,-0.0027,0.0125,-0.0801,0.0036,-0.0692,-0.0528,-0.0085,-0.1021,0.0007,-0.0603,-0.0734,-0.0205,-0.0003,0.0018,0.0017,0.0017,-0.0054,0.0039,TRUE,TRUE
DTC_R_46,LanSi,1,CW_01,C,2026-03-27 11:08:50+08:00,ONLINE,FALSE,,CW_1_01,PASS,,,51.8067418,_2026032711085020301,T20260327110850,DESKTOP-P2DUL42,Loma,1,CW_1_01,1,paul di,2024.0718.155524,V20260126.2,CW_DTCL_DTCR_STC,T20260327110942,51.8067418,TRUE,TRUE,TRUE,TRUE,TRUE,TRUE,TRUE,4S2RND2HBL0DP6,v1.0.1,2025_12_22,315.0882,317.5,474.8309,297.7647,295.4726,148.2945,149.6486,337.9324,335.2979,485.2411,-5.4324,-2.1534,-0.0001,0,-0.2224,1.5549,-0.2224,1.5504,0.6651,157.4697,155.2314,154.6406,157.1035,156.1113,0.869,0.8284,0.88,0.8291,0.8284,0.8237,0.7706,0.8203,0.7792,0.7706,0.8011,0.8156,0.8137,0.8183,0.7656,0.7641,0.7238,0.7701,0.7238,0.8491,0.8067,0.7895,0.5065,0.5065,0.8301,0.8016,0.8005,0.8203,0.8032,0.8049,0.7899,0.8455,0.7899,0,0,0,0,0,v1.0.1,2025_12_22,314.9856,317.4532,475.8478,297.5072,295.1712,147.2123,148.4122,338,335.5643,486.2429,-5.5038,-2.2169,-0.0001,0,-0.2228,1.5544,-0.2222,1.549,0.6646,164.7832,158.4648,167.3154,167.4424,164.5015,0.7065,0.6916,0.7072,0.7067,0.6916,0.6777,0.6629,0.6592,0.6587,0.6587,0.6509,0.6526,0.6419,0.6465,0.6374,0.6526,0.5966,0.6223,0.5966,0.6909,0.6725,0.6713,0.4429,0.4429,0.6344,0.6607,0.6645,0.6532,0.6784,0.688,0.6486,0.6822,0.6344,0,0,0,0,0,v1.0.1,2025_12_22,317.3365,328.9231,441.7321,313.7321,302.7778,196.3016,188.9032,343.4113,331.9273,457.5,-2.9646,8.4736,0,0.0001,-0.221,1.5609,-0.2118,1.5573,0.6714,177.5254,177.6562,177.3691,178.4531,177.751,0.807,0.7091,0.8217,0.7136,0.7091,0.7765,0.6713,0.7698,0.6679,0.6679,0.7675,0.7706,0.7583,0.7481,0.7481,0.7523,0.6891,0.7393,0,0.6891,0,0,0,0,0,v1.0.1,2025_12_22,317.3398,329.0194,442.6727,313.8091,302.6694,195.6855,188,343.5,331.982,458.2703,-2.9672,8.5569,0,0.0001,-0.2203,1.5607,-0.211,1.5575,0.6717,148.7334,143.042,144.6201,146.7412,145.7842,0.6715,0.6026,0.6792,0.6117,0.6026,0.6405,0.5846,0.6353,0.5693,0.5693,0.6351,0.6465,0.6373,0.6138,0.6138,0.6074,0.5592,0.5886,0.4878,0.4878,0,0,0,0,0,-0.0044,-0.0526,0.0012,-0.0398,-0.0405,0.0086,-0.0499,-0.0149,-0.0458,-0.0445,-0.0277,0.0016,-0.0064,-0.0007,-0.0438,-0.0582,-0.0797,-0.0426,0.0052,-0.0075,0.0041,-0.0177,-0.0072,-0.0177,-0.0108,-0.0099,-0.0165,-0.0097,-0.0285,-0.0102,-0.0019,0.0111,-0.0224,-0.0053,-0.0285,-0.0168,-0.0317,-0.0189,0.0065,0.0147,-0.0114,-0.1144,0.0127,-0.1071,-0.0999,0.013,-0.1094,-0.0022,-0.1208,-0.0956,-0.0075,0.0068,0.0068,0.0085,0.0064,-0.0002,0.0051,-0.0749,0.0118,-0.0742,-0.0638,-0.0027,-0.0658,-0.0033,-0.0761,-0.0693,-0.0062,0.0033,0.0033,-0.0068,-0.0068,0.0031,0.0004,TRUE,TRUE
DTC_L_47,LanSi,1,CW_01,C,2026-03-27 11:10:26+08:00,ONLINE,FALSE,,CW_1_01,PASS,,,51.6728292,_2026032711102672502,T20260327111026,DESKTOP-P2DUL42,Loma,1,CW_1_01,2,paul di,2024.0718.155524,V20260126.2,CW_DTCL_DTCR_STC,T20260327111118,51.6728292,TRUE,TRUE,TRUE,TRUE,TRUE,TRUE,TRUE,4S2RND2HBL06DS,v1.0.1,2025_12_22,314.2774,323.4599,474.3704,303.0444,294.9801,152.457,148.5,343.4133,333.5407,489.8963,-6.3663,2.9542,-0.0001,0,-0.2263,1.5579,-0.2193,1.5551,0.6668,155.2051,151.4199,149.415,154.7373,152.6943,0.827,0.8107,0.8439,0.783,0.783,0.7765,0.7787,0.7967,0.7649,0.7649,0.827,0.8061,0.8221,0.7644,0.7598,0.7398,0.7795,0.7027,0.7027,0.8111,0.98,0.8274,0.7986,0.7986,0.8544,0.7831,0.7576,0.8409,0.8506,0.8252,0.7883,0.7694,0.7576,0,0,0,0,0,v1.0.1,2025_12_22,314.227,323.4539,475.437,302.9556,294.902,151.4575,147.44,343.4733,333.7391,490.8913,-6.351,2.9463,-0.0001,0,-0.226,1.5584,-0.2189,1.5543,0.6669,163.4639,158.5869,164.7451,164.6279,162.856,0.6697,0.6881,0.7017,0.7027,0.6697,0.6597,0.6442,0.656,0.6563,0.6442,0.654,0.6551,0.6534,0.6341,0.644,0.6339,0.6374,0.6163,0.6163,0.6795,0.382,0.6822,0.6591,0.382,0.6483,0.646,0.6392,0.6667,0.6648,0.6831,0.6675,0.6298,0.6298,0,0,0,0,0,v1.0.1,2025_12_22,313.0476,315.6286,437.9633,301.5413,299.2397,184.8843,184.7107,330.4711,327.1217,446,-7.0834,-3.795,-0.0001,0,-0.2118,1.5651,-0.2146,1.5627,0.6753,175.1055,174.1621,172.1797,174.8125,174.0649,0.7861,0.6994,0.8101,0.6814,0.6814,0.7441,0.6721,0.7663,0.6735,0.6721,0.7892,0.7596,0.7798,0.7188,0.7188,0.7417,0,0.7478,0.7044,0.7044,0,0,0,0,0,v1.0.1,2025_12_22,313.0476,315.6286,438.7928,301.3784,299.1513,184.1008,183.8361,330.5164,327.2397,446.8843,-7.0865,-3.7983,-0.0001,0,-0.2123,1.565,-0.2142,1.5626,0.6753,148.7529,143.4531,142.8711,146.4131,145.3726,0.6596,0.5989,0.6832,0.6037,0.5989,0.6291,0.5718,0.635,0.587,0.5718,0.6271,0.6493,0.6513,0.616,0.616,0.598,0.4998,0.59,0.5594,0.4998,0,0,0,0,0,-0.0006,-0.0569,-0.0036,-0.0403,-0.0403,-0.0161,-0.0522,-0.0091,-0.0215,-0.0215,0.0084,-0.0065,0.0019,-0.0126,-0.0582,-0.075,-0.0269,-0.0444,0.0068,0.0105,-0.0161,-0.0274,0.0079,-0.0064,-0.0161,-0.0065,-0.035,-0.0044,-0.004,-0.0161,-0.0151,-0.0006,-0.0148,-0.0038,-0.0098,-0.0424,-0.0126,-0.0101,0.0044,0.0065,0.0003,-0.1256,0.0053,-0.1075,-0.1044,0.0024,-0.1082,0.0001,-0.0845,-0.0696,0.0091,-0.0068,0.0234,0.0288,0.0025,0.0123,0.0033,-0.0847,0.0088,-0.0836,-0.0574,-0.0047,-0.0848,0.0071,-0.0575,-0.0561,-0.0198,0.0107,0.0158,0.0084,0.0084,0.0061,0.0127,TRUE,TRUE
DTC_R_47,LanSi,1,CW_01,A,2026-03-27 11:10:26+08:00,ONLINE,FALSE,,CW_1_01,PASS,,,51.9341297,_2026032711102665701,T20260327111026,DESKTOP-P2DUL42,Loma,1,CW_1_01,1,paul di,2024.0718.155524,V20260126.2,CW_DTCL_DTCR_STC,T20260327111118,51.9341297,TRUE,TRUE,TRUE,TRUE,TRUE,TRUE,TRUE,4S2RND2HBL0DP6,v1.0.1,2025_12_22,315.0448,316.2388,474.6015,296.0827,295.2192,147.0205,149.5168,336.5436,335.3239,483.7183,-5.5588,-3.5792,-0.0001,0,-0.2251,1.5537,-0.2215,1.5498,0.6642,155.6426,152.8232,152.6719,155.1934,154.0828,0.8659,0.846,0.8769,0.8329,0.8329,0.8091,0.746,0.8236,0.78,0.746,0.818,0.8136,0.8172,0.8096,0.7644,0.7529,0.7576,0.7117,0.7117,0.8383,0.8377,0.7972,0.98,0.7972,0.8392,0.7436,0.7749,0.8097,0.8125,0.8784,0.7721,0.8447,0.7436,0,0,0,0,0,v1.0.1,2025_12_22,315.0072,316.2609,475.7464,296.029,295.1241,146.0828,148.4276,336.6382,335.4266,484.6643,-5.5536,-3.565,-0.0001,0,-0.2247,1.554,-0.2212,1.5496,0.6644,163.7842,158.8154,168.0596,166.2969,164.239,0.7141,0.6955,0.702,0.7001,0.6955,0.6804,0.6438,0.6721,0.6571,0.6438,0.6606,0.6337,0.6518,0.6672,0.6479,0.6476,0.6074,0.6061,0.6061,0.6819,0.6754,0.6758,0.2736,0.2736,0.6576,0.6312,0.657,0.6842,0.6638,0.6531,0.6667,0.68,0.6312,0,0,0,0,0,v1.0.1,2025_12_22,317.3119,327.7248,441.5478,312.4783,302.6667,195.1587,188.6475,342.0984,331.8496,455.9469,-3.0953,7.1814,0,0.0001,-0.2216,1.5603,-0.2107,1.5574,0.6713,177.2021,176.5312,176.8359,177.7012,177.0676,0.8113,0.7098,0.8318,0.7212,0.7098,0.7667,0.6606,0.7803,0.6576,0.6576,0.775,0.7662,0.763,0.7449,0.7449,0.7507,0.6548,0.735,0,0.6548,0,0,0,0,0,v1.0.1,2025_12_22,317.2523,327.8505,442.431,312.4741,302.6667,194.4472,187.8049,342.3577,331.8727,456.6727,-3.0945,7.2604,0,0.0001,-0.2217,1.5614,-0.2111,1.5573,0.6715,147.8184,143.1611,144.9199,145.7871,145.4216,0.6701,0.6087,0.6802,0.6278,0.6087,0.639,0.5789,0.6524,0.5658,0.5658,0.6337,0.6345,0.6497,0.6345,0.6337,0.6024,0.5191,0.5674,0.4198,0.4198,0,0,0,0,0,-0.0075,-0.035,-0.0019,-0.036,-0.036,-0.006,-0.0745,-0.0116,-0.045,-0.0691,-0.0108,-0.0004,-0.0029,-0.0094,-0.045,-0.0694,-0.0459,-0.101,-0.0056,0.0002,0.0117,-0.0138,-0.0124,-0.0243,-0.0069,-0.0072,-0.0356,0.0032,-0.0301,-0.0251,0.0078,-0.0078,-0.0125,0.0154,-0.018,-0.0218,-0.0209,-0.0351,-0.0025,0.0192,-0.0071,-0.1137,0.0228,-0.0995,-0.0992,0.0032,-0.1201,0.0083,-0.1311,-0.1059,0,0.0024,0.0115,0.0053,0.0048,-0.0045,0.0037,-0.0688,0.0128,-0.0581,-0.0577,-0.0042,-0.0715,0.0138,-0.0796,-0.0728,-0.0076,-0.0087,0.0157,0.0139,0.0131,-0.0019,-0.0208,TRUE,TRUE
DTC_R_48,LanSi,1,CW_01,B,2026-03-27 11:12:02+08:00,ONLINE,FALSE,,CW_1_01,PASS,,,52.4004862,_2026032711120296301,T20260327111202,DESKTOP-P2DUL42,Loma,1,CW_1_01,1,paul di,2024.0718.155524,V20260126.2,CW_DTCL_DTCR_STC,T20260327111255,52.4004862,TRUE,TRUE,TRUE,TRUE,TRUE,TRUE,TRUE,4S2RND2HBL0DP6,v1.0.1,2025_12_22,315.5515,317.5221,475.5191,298.0458,295.8966,149.1862,149.7867,337.72,336.1007,485.6711,-4.9291,-1.871,0,0,-0.2206,1.554,-0.2207,1.5487,0.6653,156.0342,154.0098,153.7363,156.1934,154.9934,0.857,0.7968,0.87,0.7856,0.7856,0.8209,0.7379,0.8154,0.7686,0.7379,0.808,0.7992,0.7502,0.8233,0.7173,0.7142,0.7784,0.7689,0.7142,0.8383,0.7842,0.8081,0.2828,0.2828,0.8127,0.7237,0.767,0.8233,0.7911,0.6875,0.836,0.8532,0.6875,0,0,0,0,0,v1.0.1,2025_12_22,315.3857,317.5,476.6765,297.9632,295.7329,148.1507,148.6376,337.8389,336.1812,486.6779,-4.9772,-1.8739,0,0,-0.22,1.5547,-0.2209,1.548,0.6655,163.0449,157.9072,166.75,165.8955,163.3994,0.6939,0.6802,0.7147,0.6647,0.6647,0.6746,0.6196,0.6654,0.6456,0.6196,0.638,0.6311,0.6026,0.6515,0.6149,0.6115,0.629,0.622,0.6026,0.6764,0.641,0.6648,0.0744,0.0744,0.6313,0.6319,0.6302,0.6675,0.6549,0.5402,0.6376,0.6726,0.5402,0,0,0,0,0,v1.0.1,2025_12_22,317.8019,328.8491,442.3761,314.0642,303.1935,197.129,189.0738,343.1967,332.2712,457,-2.5567,8.5478,0,0.0001,-0.2176,1.5598,-0.2105,1.5578,0.6724,176.626,176.8965,176.8203,177.8311,177.0435,0.8016,0.6427,0.8244,0.6405,0.6405,0.7728,0.6129,0.7799,0.6565,0.6129,0.7546,0.7582,0.707,0.7642,0.707,0.7522,0.629,0.7441,0,0.629,0,0,0,0,0,v1.0.1,2025_12_22,317.7115,329,443.2072,314.027,303.041,196.3115,188.187,343.2683,332.453,457.7265,-2.5801,8.5667,0,0.0001,-0.2182,1.5602,-0.2092,1.5563,0.6722,147.2832,142.3574,144.0322,145.291,144.741,0.6642,0.5656,0.6774,0.5592,0.5592,0.6377,0.541,0.6615,0.5657,0.541,0.6043,0.6218,0.5806,0.6345,0.5806,0.5808,0.5176,0.5868,0.3025,0.3025,0,0,0,0,0,-0.0164,-0.0842,-0.0088,-0.0833,-0.0833,0.0058,-0.0826,-0.0198,-0.0564,-0.0772,-0.0208,-0.0148,-0.0699,0.0043,-0.0921,-0.1081,-0.0251,-0.0438,-0.0056,0.0111,-0.0085,-0.0291,0.0003,-0.0597,-0.0377,-0.013,-0.0598,-0.0035,-0.0416,-0.0493,-0.0148,-0.0104,-0.0617,-0.0003,-0.051,-0.0579,0.0007,-0.0192,-0.008,0.0082,-0.0168,-0.1808,0.0154,-0.1802,-0.1685,0.0093,-0.1678,0.0079,-0.1322,-0.1506,-0.0204,-0.0056,-0.0445,0.0246,0.0063,0.0046,-0.0022,-0.1119,0.01,-0.1267,-0.1072,-0.0055,-0.1094,0.0229,-0.0797,-0.0976,-0.037,-0.0214,-0.0534,0.0139,-0.04,-0.0235,-0.0014,TRUE,TRUE
DTC_L_48,LanSi,1,CW_01,A,2026-03-27 11:12:02+08:00,ONLINE,FALSE,,CW_1_01,PASS,,,52.4413767,_2026032711120291102,T20260327111202,DESKTOP-P2DUL42,Loma,1,CW_1_01,2,paul di,2024.0718.155524,V20260126.2,CW_DTCL_DTCR_STC,T20260327111255,52.4413767,TRUE,TRUE,TRUE,TRUE,TRUE,TRUE,TRUE,4S2RND2HBL06DS,v1.0.1,2025_12_22,313.9118,323.5,473.781,302.9124,294.5584,151.8442,147.9211,343.5,333.15,490.3357,-6.8355,2.9185,-0.0001,0,-0.2276,1.558,-0.2194,1.5555,0.6666,155.1377,151.0537,149.2393,154.2803,152.4277,0.8312,0.8052,0.8415,0.7863,0.7863,0.776,0.7435,0.8009,0.7607,0.7435,0.8142,0.8074,0.8202,0.7679,0.7577,0.714,0.7561,0.7093,0.7093,0.8108,0.98,0.8307,0.7844,0.7844,0.8452,0.7906,0.7851,0.8398,0.8288,0.8278,0.8065,0.7686,0.7686,0,0,0,0,0,v1.0.1,2025_12_22,313.8759,323.4672,474.8478,302.7609,294.4231,150.9231,146.88,343.58,333.2411,491.3901,-6.8464,2.9242,-0.0001,0,-0.2274,1.558,-0.2193,1.5555,0.6667,162.8926,158.8203,165.2305,163.918,162.7153,0.6866,0.6873,0.6955,0.6903,0.6866,0.6624,0.6203,0.6542,0.6612,0.6203,0.6497,0.6609,0.6493,0.6477,0.6358,0.6206,0.6236,0.6141,0.6141,0.6821,0.4718,0.6568,0.6652,0.4718,0.6588,0.676,0.6378,0.6903,0.6712,0.6672,0.6851,0.6307,0.6307,0,0,0,0,0,v1.0.1,2025_12_22,312.6972,315.6239,437.4522,301.3826,298.675,184.4167,184.1639,330.4836,326.641,446.4872,-7.5741,-3.8212,-0.0001,0,-0.2131,1.5638,-0.2146,1.5641,0.6751,176.0576,175.0205,172.8916,175.3691,174.8347,0.7882,0.6936,0.8142,0.6837,0.6837,0.7462,0.6439,0.7683,0.6758,0.6439,0.7851,0.7699,0.7805,0.7078,0.7078,0.7382,0,0.7402,0.6992,0.6992,0,0,0,0,0,v1.0.1,2025_12_22,312.6422,315.5321,438.3153,301.2432,298.547,183.5214,183.4167,330.5167,326.7647,447.2185,-7.5628,-3.8936,-0.0001,0,-0.2127,1.5639,-0.2149,1.5634,0.6749,148.2061,143.7725,143.0967,145.9648,145.26,0.6609,0.5986,0.6938,0.5985,0.5985,0.6377,0.5609,0.6284,0.5765,0.5609,0.6408,0.6323,0.6484,0.6054,0.6054,0.5773,0.5412,0.5905,0.5469,0.5412,0,0,0,0,0,0.0036,-0.0624,-0.006,-0.037,-0.037,-0.0166,-0.0874,-0.0049,-0.0257,-0.0429,-0.0044,-0.0052,0,-0.0091,-0.0603,-0.1008,-0.0503,-0.0378,0.0065,0.0138,0.0008,-0.0282,0.0017,-0.0188,0.0008,-0.0038,-0.0589,-0.0062,0.0009,-0.04,-0.0194,0.0052,-0.0189,0.0098,-0.018,-0.0557,-0.0264,-0.0123,0.007,-0.0189,0.0024,-0.1314,0.0094,-0.1052,-0.1021,0.0045,-0.1364,0.0021,-0.0822,-0.0978,0.005,0.0035,0.0241,0.0178,-0.001,0.0047,0.0046,-0.085,0.0194,-0.0888,-0.0578,0.0039,-0.0957,0.0005,-0.068,-0.067,-0.0061,-0.0063,0.0129,-0.0022,-0.0022,-0.0146,0.0132,TRUE,TRUE
DTC_R_49,LanSi,1,CW_01,C,2026-03-27 11:13:42+08:00,ONLINE,FALSE,,CW_1_01,PASS,,,51.4702029,_2026032711134233601,T20260327111342,DESKTOP-P2DUL42,Loma,1,CW_1_01,1,paul di,2024.0718.155524,V20260126.2,CW_DTCL_DTCR_STC,T20260327111433,51.4702029,TRUE,TRUE,TRUE,TRUE,TRUE,TRUE,TRUE,4S2RND2HBL0DP6,v1.0.1,2025_12_22,315.0882,316.5,474.6277,296.4088,295.5,147.4122,149.5789,336.7895,335.259,484.1583,-5.4892,-3.2463,-0.0001,0,-0.2248,1.5549,-0.2215,1.5505,0.6648,156.8418,153.876,153.8408,156.4883,155.2617,0.8622,0.8266,0.8803,0.8387,0.8266,0.8165,0.7655,0.8099,0.7686,0.7655,0.8242,0.8042,0.8274,0.8198,0.7663,0.7467,0.7488,0.7205,0.7205,0.8551,0.8309,0.8146,0.1298,0.1298,0.8397,0.7867,0.7886,0.8187,0.823,0.8045,0.7326,0.8564,0.7326,0,0,0,0,0,v1.0.1,2025_12_22,315.1022,316.4526,475.75,296.2574,295.3197,146.4218,148.4122,337,335.4714,485.1786,-5.4889,-3.238,-0.0001,0,-0.2245,1.5545,-0.2221,1.5501,0.6645,164.4395,158.9775,167.998,167.2959,164.6777,0.6969,0.6986,0.7124,0.6973,0.6969,0.6811,0.6443,0.6783,0.6433,0.6433,0.6437,0.6467,0.6584,0.6693,0.6467,0.6364,0.6117,0.6069,0.6069,0.6867,0.6651,0.6555,0.3698,0.3698,0.6491,0.6586,0.6689,0.6663,0.664,0.6924,0.6195,0.6762,0.6195,0,0,0,0,0,v1.0.1,2025_12_22,317.5,328,441.5789,312.6579,302.8571,195.5794,188.878,342.4553,331.9211,456.3333,-2.953,7.5052,0,0.0001,-0.2225,1.5601,-0.2114,1.5584,0.6712,177.4502,176.8008,177.124,178.1143,177.3723,0.8009,0.7176,0.8225,0.7259,0.7176,0.7689,0.6645,0.7769,0.6584,0.6584,0.7781,0.759,0.7626,0.7574,0.7574,0.7581,0.6814,0.7484,0,0.6814,0,0,0,0,0,v1.0.1,2025_12_22,317.3942,328.0288,442.4522,312.6174,302.7143,194.8651,187.952,342.6,331.9554,457.1339,-3.0064,7.549,0,0.0001,-0.2221,1.5605,-0.2116,1.558,0.6712,148.7842,143.3838,145.1641,146.5713,145.9758,0.6707,0.6127,0.6779,0.616,0.6127,0.6353,0.5877,0.6504,0.5537,0.5537,0.6322,0.6435,0.6466,0.6205,0.6205,0.5887,0.5532,0.5829,0.499,0.499,0,0,0,0,0,-0.0112,-0.0544,0.0015,-0.0302,-0.0423,0.0014,-0.055,-0.0253,-0.0564,-0.0496,-0.0046,-0.0098,0.0073,0.0008,-0.0431,-0.0756,-0.0547,-0.0922,0.0112,0.0176,-0.0055,-0.0107,-0.002,-0.0271,-0.0055,-0.0065,-0.0351,0.0094,-0.0439,-0.0256,-0.0091,0.0052,-0.0059,0.0175,-0.0192,-0.033,-0.0166,-0.0343,0.0023,-0.0011,-0.0175,-0.1059,0.0135,-0.0948,-0.0914,0.0054,-0.1162,0.0049,-0.1303,-0.1051,0.0031,-0.0048,0.0111,0.0178,0.0122,0.0089,0.0043,-0.0648,0.0105,-0.0699,-0.0537,-0.0079,-0.0627,0.0118,-0.0917,-0.0849,-0.0091,0.0003,0.0126,-0.0001,-0.0001,-0.0156,-0.0053,TRUE,TRUE
DTC_L_49,LanSi,1,CW_01,B,2026-03-27 11:13:42+08:00,ONLINE,FALSE,,CW_1_01,PASS,,,51.4522501,_2026032711134235302,T20260327111342,DESKTOP-P2DUL42,Loma,1,CW_1_01,2,paul di,2024.0718.155524,V20260126.2,CW_DTCL_DTCR_STC,T20260327111433,51.4522501,TRUE,TRUE,TRUE,TRUE,TRUE,TRUE,TRUE,4S2RND2HBL06DS,v1.0.1,2025_12_22,315.4179,322.0373,475.4848,301.0833,296.4267,150.5933,150,342.0479,334.8,488.4143,-5.0741,1.3352,-0.0001,0,-0.2297,1.56,-0.2199,1.5543,0.6662,155.4365,151.0928,149.1777,155.001,152.677,0.8219,0.8147,0.8423,0.7971,0.7971,0.7888,0.7665,0.8036,0.7595,0.7595,0.8182,0.812,0.818,0.7693,0.7352,0.728,0.7518,0.7056,0.7056,0.8215,0.98,0.823,0.7496,0.7496,0.8526,0.7868,0.7677,0.823,0.8248,0.7588,0.7913,0.7823,0.7588,0,0,0,0,0,v1.0.1,2025_12_22,315.2847,322.0657,476.6812,300.971,296.14,149.6933,149.0204,342.1837,334.8156,489.3688,-5.1116,1.3565,-0.0001,0,-0.2294,1.5597,-0.2199,1.5541,0.6661,163.0371,159.1592,165.0498,164.5557,162.9504,0.6842,0.6863,0.694,0.7005,0.6842,0.6571,0.6354,0.6624,0.6444,0.6354,0.6594,0.6543,0.6417,0.6359,0.6203,0.6431,0.6324,0.6167,0.6167,0.6764,0.4719,0.6799,0.6307,0.4719,0.6595,0.6612,0.6328,0.6739,0.6737,0.6615,0.6746,0.6251,0.6251,0,0,0,0,0,v1.0.1,2025_12_22,314.0849,314.3302,439.2212,299.6726,300.52,183.048,186.0248,329.0992,328.1217,445,-5.9055,-5.27,-0.0001,-0.0001,-0.2161,1.5673,-0.2143,1.5633,0.675,176.3115,174.8994,172.6953,175.8408,174.9368,0.7936,0.7062,0.8073,0.6994,0.6994,0.7579,0.6599,0.7572,0.6615,0.6599,0.7684,0.766,0.7528,0.6844,0.6844,0.7361,0,0.7196,0.6492,0.6492,0,0,0,0,0,v1.0.1,2025_12_22,314.0374,314.3551,439.9189,299.6667,300.3667,182.4083,185.1818,329.2562,328.2521,445.7899,-5.9486,-5.2047,-0.0001,-0.0001,-0.2156,1.567,-0.2146,1.5625,0.6748,148.6826,144.2842,142.8564,146.4531,145.5691,0.6668,0.6002,0.6719,0.6164,0.6002,0.6232,0.5668,0.6292,0.5761,0.5668,0.64,0.6348,0.6399,0.6123,0.6123,0.5816,0.5461,0.5914,0.5358,0.5358,0,0,0,0,0,-0.0057,-0.0529,-0.0052,-0.0262,-0.0262,-0.0038,-0.0644,-0.0022,-0.0269,-0.0269,-0.0004,-0.0006,-0.0022,-0.0077,-0.0828,-0.0868,-0.0546,-0.0415,0.0172,0.0061,-0.0016,-0.0292,0.0002,-0.0086,-0.0016,-0.0091,-0.0438,0.002,-0.0159,-0.0249,-0.0097,-0.0014,-0.0265,-0.002,-0.0335,-0.0332,-0.0176,-0.0097,0.0013,0.0042,0.0078,-0.1188,0.0025,-0.0895,-0.0864,0.0162,-0.1204,-0.009,-0.0965,-0.0818,-0.0117,-0.0004,-0.0036,-0.0056,-0.0031,-0.0159,0.0105,-0.0834,-0.0025,-0.0709,-0.0561,-0.0106,-0.0898,0.0013,-0.0684,-0.0611,-0.0069,-0.0038,0.0044,0.0047,0.0047,-0.0103,0.0141,TRUE,TRUE
DTC_R_50,LanSi,1,CW_01,A,2026-03-27 11:15:28+08:00,ONLINE,FALSE,,CW_1_01,PASS,,,51.6132601,_2026032711152833801,T20260327111528,DESKTOP-P2DUL42,Loma,1,CW_1_01,1,paul di,2024.0718.155524,V20260126.2,CW_DTCL_DTCR_STC,T20260327111619,51.6132601,TRUE,TRUE,TRUE,TRUE,TRUE,TRUE,TRUE,4S2RND2HBL0DP6,v1.0.1,2025_12_22,315.0882,316.5,474.6277,296.4015,295.2925,147.3741,149.5,336.5867,335.292,484,-5.5399,-3.3275,-0.0001,0,-0.2248,1.5538,-0.2202,1.5502,0.6648,155.8574,152.9893,152.5996,155.5518,154.2495,0.868,0.8406,0.8775,0.8292,0.8292,0.8246,0.7473,0.8304,0.7462,0.7462,0.8303,0.8108,0.8187,0.8136,0.7575,0.7379,0.7675,0.6985,0.6985,0.844,0.8104,0.81,0.98,0.81,0.8465,0.7904,0.7888,0.8204,0.8206,0.8647,0.7357,0.8531,0.7357,0,0,0,0,0,v1.0.1,2025_12_22,315,316.5,475.7914,296.3669,295.1757,146.3041,148.3467,336.7667,335.5,485,-5.5373,-3.3125,-0.0001,0,-0.224,1.5543,-0.2205,1.5492,0.6647,164.9609,159.6719,168.2842,167.5654,165.1206,0.7201,0.6977,0.716,0.7044,0.6977,0.6816,0.639,0.6773,0.6462,0.639,0.6556,0.6527,0.6678,0.6572,0.6428,0.6321,0.6195,0.6112,0.6112,0.677,0.6526,0.6652,0.4017,0.4017,0.661,0.6544,0.6685,0.6786,0.6635,0.7091,0.632,0.6971,0.632,0,0,0,0,0,v1.0.1,2025_12_22,317.1923,327.9615,441.5789,312.6579,302.6822,195.3566,188.6198,342.2397,331.7826,456.113,-3.1288,7.3657,0,0.0001,-0.2219,1.5613,-0.2101,1.5569,0.6716,177.4834,176.9971,177.0234,178.2256,177.4324,0.8094,0.7297,0.8271,0.7132,0.7132,0.7649,0.6622,0.7823,0.6143,0.6143,0.7736,0.7676,0.7622,0.7409,0.7409,0.742,0.6883,0.7171,0,0.6883,0,0,0,0,0,v1.0.1,2025_12_22,317.1923,328.0385,442.4298,312.5702,302.6116,194.7107,187.7459,342.4344,331.9018,456.9464,-3.1237,7.44,0,0.0001,-0.2224,1.5614,-0.2102,1.5567,0.6714,148.8994,143.5654,145.2969,146.626,146.0969,0.6628,0.6275,0.6719,0.614,0.614,0.6535,0.5885,0.6447,0.5306,0.5306,0.6338,0.6357,0.6387,0.622,0.622,0.5976,0.5579,0.5908,0.4806,0.4806,0,0,0,0,0,-0.0054,-0.0404,-0.0013,-0.0397,-0.0397,0.0095,-0.0732,-0.0048,-0.0788,-0.0689,0.0015,-0.0032,-0.0014,-0.0054,-0.0519,-0.0844,-0.036,-0.1142,0.0001,0.013,0.0177,-0.0116,0.0016,-0.02,-0.0047,-0.006,-0.0404,0.0084,-0.041,-0.0299,0.0028,0.0112,0.0035,0.0054,-0.0231,-0.0373,-0.0088,-0.03,-0.0074,0.0086,-0.009,-0.0938,0.0181,-0.1075,-0.0958,0.0014,-0.1185,0.0103,-0.1744,-0.1492,-0.0014,0.0038,0.0107,0.0013,-0.0039,-0.0224,-0.0036,-0.05,0.0045,-0.0719,-0.0524,0.0103,-0.0619,0.0061,-0.1148,-0.108,-0.0075,-0.0075,0.0047,0.0014,0.0014,-0.0067,0.0026,TRUE,TRUE
DTC_L_50,LanSi,1,CW_01,C,2026-03-27 11:15:28+08:00,ONLINE,FALSE,,CW_1_01,PASS,,,52.104946,_2026032711152812002,T20260327111528,DESKTOP-P2DUL42,Loma,1,CW_1_01,2,paul di,2024.0718.155524,V20260126.2,CW_DTCL_DTCR_STC,T20260327111620,52.104946,TRUE,TRUE,TRUE,TRUE,TRUE,TRUE,TRUE,4S2RND2HBL06DS,v1.0.1,2025_12_22,314.1691,322.5221,474.7068,302.0677,294.8467,151.7867,148.6225,342.1987,333.6763,488.705,-6.2957,1.956,-0.0001,0,-0.2262,1.5576,-0.2178,1.5534,0.6668,155.5166,151.2754,149.4268,155.0449,152.8159,0.8191,0.7846,0.8318,0.7846,0.7846,0.7882,0.7677,0.8122,0.7563,0.7563,0.8188,0.8065,0.8094,0.7711,0.7383,0.7341,0.782,0.7032,0.7032,0.8306,0.98,0.8333,0.7889,0.7889,0.847,0.7922,0.7226,0.8461,0.8442,0.8259,0.8062,0.7761,0.7226,0,0,0,0,0,v1.0.1,2025_12_22,314.2143,322.5,475.7153,301.9343,294.8487,150.8816,147.4276,342.3618,333.8058,489.7842,-6.2977,1.9924,-0.0001,0,-0.2261,1.5579,-0.218,1.5537,0.6669,162.585,158.0156,164.2344,163.5459,162.0952,0.6794,0.6773,0.6789,0.6964,0.6773,0.6562,0.6358,0.6562,0.6592,0.6358,0.6501,0.6582,0.6426,0.6361,0.6235,0.6273,0.6478,0.6088,0.6088,0.6802,0.2843,0.6788,0.6698,0.2843,0.6569,0.6597,0.6175,0.6948,0.6906,0.6926,0.6717,0.6361,0.6175,0,0,0,0,0,v1.0.1,2025_12_22,313,314.7358,438.3826,300.5478,299.125,184.1833,184.65,329.3667,327.1217,445,-7.0441,-4.7333,-0.0001,0,-0.2122,1.5644,-0.213,1.5623,0.6754,175.3057,174.2314,172.041,175.0752,174.1633,0.7981,0.6807,0.8077,0.6751,0.6751,0.7483,0.6537,0.7637,0.6765,0.6537,0.7811,0.7695,0.7662,0.6977,0.6977,0.7374,0,0.728,0.6958,0.6958,0,0,0,0,0,v1.0.1,2025_12_22,313,314.7115,439.1875,300.4286,299.0256,183.453,183.8017,329.3884,327.2689,445.8571,-7.0433,-4.7323,-0.0001,0,-0.2122,1.5642,-0.2126,1.5619,0.6753,147.9668,143.0391,142.3193,145.79,144.7788,0.6663,0.5889,0.6721,0.6011,0.5889,0.6303,0.5602,0.6182,0.5848,0.5602,0.6308,0.6389,0.6464,0.6203,0.6203,0.5828,0.4779,0.5919,0.5433,0.4779,0,0,0,0,0,-0.0085,-0.083,-0.0157,-0.0387,-0.0387,-0.0044,-0.0632,0.0064,-0.0301,-0.0301,0.0002,-0.0061,-0.0108,-0.0059,-0.0797,-0.0807,-0.0244,-0.0439,0.0263,0.0164,-0.0064,-0.0382,-0.0149,-0.0127,-0.0085,-0.01,-0.0434,-0.0042,-0.0011,-0.0245,-0.019,0.0025,-0.0256,-0.0018,-0.0303,-0.049,-0.0022,-0.0176,0.0051,0.0031,0.0123,-0.1443,0.0029,-0.1138,-0.1107,0.0066,-0.1266,-0.0025,-0.0815,-0.088,0.001,0.0031,0.0098,0.0077,-0.0018,-0.0075,0.01,-0.0947,-0.0023,-0.0862,-0.0674,-0.0035,-0.0964,-0.0097,-0.0597,-0.0677,-0.0161,0.0003,0.0109,0.0127,0.0127,-0.0091,0.0146,TRUE,TRUE
DTC_R_51,LanSi,1,CW_01,B,2026-03-27 11:17:17+08:00,ONLINE,FALSE,,CW_1_01,PASS,,,51.3018108,_2026032711171762501,T20260327111717,DESKTOP-P2DUL42,Loma,1,CW_1_01,1,paul di,2024.0718.155524,V20260126.2,CW_DTCL_DTCR_STC,T20260327111808,51.3018108,TRUE,TRUE,TRUE,TRUE,TRUE,TRUE,TRUE,4S2RND2HBL0DP6,v1.0.1,2025_12_22,315,315.9137,474.7353,295.8897,295.274,146.4178,149.5033,336.1242,335.3688,483.5248,-5.5237,-3.926,-0.0001,0,-0.2242,1.5544,-0.221,1.5493,0.6646,156.3486,152.9326,153.3174,155.1875,154.4465,0.8693,0.8401,0.8776,0.8442,0.8401,0.8118,0.7611,0.825,0.7462,0.7462,0.8361,0.8074,0.8172,0.8204,0.7569,0.7217,0.7507,0.7209,0.7209,0.8464,0.8023,0.7972,0.5006,0.5006,0.8467,0.784,0.7806,0.8349,0.8121,0.8118,0.7646,0.8478,0.7646,0,0,0,0,0,v1.0.1,2025_12_22,315,315.9137,475.8417,295.7122,295.1419,145.4392,148.3467,336.2333,335.5915,484.5,-5.5156,-3.9403,-0.0001,0,-0.2244,1.5543,-0.2208,1.5487,0.6645,165.3574,159.4619,168.752,167.1279,165.1748,0.6962,0.6985,0.7095,0.7004,0.6962,0.6835,0.6526,0.6793,0.6302,0.6302,0.6472,0.6565,0.6675,0.6711,0.6394,0.6326,0.6059,0.6212,0.6059,0.6821,0.6542,0.6538,0.454,0.454,0.6433,0.659,0.6436,0.6803,0.6701,0.6923,0.6461,0.69,0.6433,0,0,0,0,0,v1.0.1,2025_12_22,317.1143,327.4476,441.5179,312.1696,302.648,194.736,188.6033,341.6116,331.8108,455.7387,-3.1611,6.8407,0,0.0001,-0.2217,1.5617,-0.2093,1.5562,0.6717,177.5059,176.2764,177.2266,177.4541,177.1157,0.8086,0.7219,0.8236,0.7185,0.7185,0.7596,0.6787,0.778,0.6032,0.6032,0.7744,0.7741,0.771,0.7454,0.7454,0.7478,0.6693,0.7309,0,0.6693,0,0,0,0,0,v1.0.1,2025_12_22,317.1714,327.5429,442.4107,312.1875,302.5,193.9048,187.7581,341.8226,331.9182,456.5727,-3.1483,6.9061,0,0.0001,-0.2215,1.5609,-0.2094,1.5565,0.6716,149.0996,143.5391,146.0068,146.6826,146.332,0.6715,0.6141,0.6808,0.6257,0.6141,0.6404,0.5872,0.649,0.5331,0.5331,0.6316,0.6365,0.6423,0.6174,0.6174,0.5907,0.547,0.5795,0.5389,0.5389,0,0,0,0,0,-0.0041,-0.0409,-0.0012,-0.0247,-0.0288,-0.0033,-0.0594,-0.0102,-0.0788,-0.0689,0.0073,-0.0066,-0.0029,0.0014,-0.0525,-0.1006,-0.0528,-0.0918,0.0025,0.0002,-0.0062,-0.0108,-0.0049,-0.024,-0.0062,-0.0041,-0.0268,0.0104,-0.057,-0.0387,-0.0056,0.015,0.0032,0.0193,-0.0265,-0.0368,-0.0224,-0.02,-0.0023,-0.0028,-0.0098,-0.1016,0.0146,-0.1022,-0.0905,-0.0039,-0.102,0.006,-0.1855,-0.1603,-0.0006,0.0103,0.0195,0.0058,0.0019,-0.0086,0.0051,-0.0634,0.0134,-0.0602,-0.0523,-0.0028,-0.0632,0.0104,-0.1123,-0.1055,-0.0097,-0.0067,0.0083,-0.0032,-0.0032,-0.0136,-0.0087,TRUE,TRUE
DTC_L_51,LanSi,1,CW_01,A,2026-03-27 11:17:17+08:00,ONLINE,FALSE,,CW_1_01,PASS,,,51.4982862,_2026032711171763902,T20260327111717,DESKTOP-P2DUL42,Loma,1,CW_1_01,2,paul di,2024.0718.155524,V20260126.2,CW_DTCL_DTCR_STC,T20260327111809,51.4982862,TRUE,TRUE,TRUE,TRUE,TRUE,TRUE,TRUE,4S2RND2HBL06DS,v1.0.1,2025_12_22,314.1679,323.7153,474.0882,303.3529,294.8067,152.7133,148.3377,343.5099,333.5338,489.9624,-6.5131,3.1508,-0.0001,0,-0.2261,1.5575,-0.2183,1.5543,0.6669,155.4746,151.1475,149.4766,154.9736,152.7681,0.8254,0.8111,0.8441,0.7912,0.7912,0.7848,0.7605,0.7928,0.7486,0.7486,0.8205,0.8285,0.8162,0.7628,0.7622,0.7252,0.7531,0.7093,0.7093,0.8141,0.98,0.8178,0.7957,0.7957,0.8403,0.8224,0.7883,0.8319,0.8325,0.8288,0.787,0.7771,0.7771,0,0,0,0,0,v1.0.1,2025_12_22,314.1232,323.7319,475.1957,303.1667,294.6579,151.6513,147.2133,343.72,333.7391,490.8913,-6.5142,3.1322,-0.0001,0,-0.2265,1.5576,-0.2187,1.5535,0.6665,163.0176,157.9883,164.4785,164.4014,162.4714,0.6801,0.6904,0.6901,0.6935,0.6801,0.6597,0.6421,0.6564,0.6571,0.6421,0.6559,0.6481,0.6544,0.6369,0.634,0.6236,0.6208,0.604,0.604,0.6839,0.3985,0.68,0.6568,0.3985,0.6474,0.6645,0.6658,0.6611,0.6797,0.7008,0.662,0.6292,0.6292,0,0,0,0,0,v1.0.1,2025_12_22,312.8857,315.8286,437.7838,301.7207,298.9661,185.1441,184.521,330.5462,327.0783,446.2783,-7.253,-3.5964,-0.0001,0,-0.212,1.5642,-0.2136,1.5619,0.6751,174.9688,173.8389,171.792,174.4385,173.7595,0.7904,0.6966,0.8154,0.6852,0.6852,0.7413,0.6701,0.766,0.6732,0.6701,0.787,0.7768,0.7669,0.7055,0.7055,0.7352,0,0.7378,0.6934,0.6934,0,0,0,0,0,v1.0.1,2025_12_22,312.9126,315.835,438.6174,301.5478,298.8793,184.3621,183.605,330.605,327.0948,447.1207,-7.2782,-3.6059,-0.0001,0,-0.2127,1.5639,-0.2132,1.5627,0.6752,148.1592,142.6729,142.2812,146.3848,144.8745,0.6547,0.5928,0.684,0.6129,0.5928,0.6339,0.5682,0.6284,0.6037,0.5682,0.6383,0.6425,0.6363,0.6125,0.6125,0.6017,0.5257,0.5862,0.5396,0.5257,0,0,0,0,0,-0.0022,-0.0565,-0.0034,-0.0321,-0.0321,-0.0078,-0.0704,-0.013,-0.0378,-0.0378,0.0019,0.0159,-0.004,-0.0142,-0.0558,-0.0896,-0.0533,-0.0378,0.0098,0.0009,-0.0057,-0.0251,-0.0037,-0.0156,-0.0057,-0.0065,-0.0371,-0.004,-0.0032,-0.0182,-0.0132,-0.0076,-0.0138,-0.001,-0.0198,-0.0527,-0.0292,-0.0224,0.0088,0.0043,0.0046,-0.1284,0.0106,-0.1037,-0.1006,-0.0004,-0.1102,-0.0002,-0.0848,-0.0716,0.0069,0.0104,0.0105,0.0155,-0.004,0.0023,-0.0016,-0.0908,0.0096,-0.0744,-0.0635,0.0001,-0.0884,0.0005,-0.0408,-0.0597,-0.0086,0.0039,0.0008,0.0049,0.0049,0.0098,0.0089,TRUE,TRUE
DTC_R_52,LanSi,1,CW_01,C,2026-03-27 11:20:28+08:00,ONLINE,FALSE,,CW_1_01,PASS,,,52.0831562,_2026032711202843401,T20260327112028,DESKTOP-P2DUL42,Loma,1,CW_1_01,1,paul di,2024.0718.155524,V20260126.2,CW_DTCL_DTCR_STC,T20260327112120,52.0831562,TRUE,TRUE,TRUE,TRUE,TRUE,TRUE,TRUE,4S2RND2HBL0DP6,v1.0.1,2025_12_22,315.4318,317.9545,475.5,298.1667,295.8483,149.6,149.9583,338.0208,336.0548,485.2123,-4.9414,-1.7091,0,0,-0.2225,1.5545,-0.2202,1.5476,0.6649,157.4502,155.1387,154.5898,157.1035,156.0706,0.869,0.7908,0.8713,0.8007,0.7908,0.8209,0.7574,0.8055,0.7511,0.7511,0.8103,0.8035,0.8149,0.8194,0.7371,0.7474,0.7803,0.7404,0.7371,0.8453,0.796,0.8063,0.98,0.796,0.8418,0.7907,0.7638,0.809,0.7882,0.6933,0.8393,0.8511,0.6933,0,0,0,0,0,v1.0.1,2025_12_22,315.3037,317.9185,476.6889,298.1185,295.6507,148.5411,148.6533,338.2333,336.0952,486.1905,-5.0216,-1.6996,-0.0001,0,-0.2216,1.5548,-0.2208,1.5473,0.6649,164.958,158.4883,167.2979,167.8711,164.6538,0.697,0.6762,0.7124,0.6797,0.6762,0.6744,0.647,0.6643,0.6538,0.647,0.6495,0.6632,0.661,0.6542,0.624,0.6499,0.6236,0.6201,0.6201,0.6771,0.6505,0.6602,0.1111,0.1111,0.6565,0.653,0.6406,0.6685,0.6604,0.5966,0.6346,0.6586,0.5966,0,0,0,0,0,v1.0.1,2025_12_22,317.7524,329.1714,442.3273,314.1909,303.2016,197.3387,189.0726,343.4435,332.292,456.6018,-2.5708,8.6493,0,0.0001,-0.2192,1.5604,-0.2099,1.5567,0.672,177.6221,177.6191,177.4219,178.8516,177.8787,0.8183,0.6704,0.8177,0.6521,0.6521,0.7806,0.638,0.7821,0.6319,0.6319,0.7681,0.7621,0.7521,0.7575,0.7521,0.7454,0.6754,0.725,0,0.6754,0,0,0,0,0,v1.0.1,2025_12_22,317.7358,329.283,443.2727,314.1636,302.9339,196.7355,188.1983,343.6116,332.4298,457.5614,-2.5859,8.771,0,0.0001,-0.2193,1.5591,-0.2096,1.5562,0.6716,149.0098,142.9941,144.4297,147.0195,145.8633,0.6739,0.583,0.684,0.5736,0.5736,0.6451,0.5626,0.6372,0.55,0.55,0.6348,0.6442,0.6356,0.6368,0.6348,0.6052,0.5642,0.5816,0.3746,0.3746,0,0,0,0,0,-0.0044,-0.0902,-0.0075,-0.0682,-0.0781,0.0058,-0.0631,-0.0297,-0.0739,-0.064,-0.0185,-0.0105,-0.0052,0.0004,-0.0723,-0.0749,-0.0232,-0.0723,0.0014,0.0093,-0.0054,-0.0331,-0.002,-0.0447,-0.0262,-0.0132,-0.0324,-0.0046,-0.0334,-0.0219,-0.0033,0.0217,-0.0033,0.0024,-0.0419,-0.0195,-0.0047,-0.0211,-0.0073,0.0036,-0.0001,-0.1531,0.0087,-0.1686,-0.1569,0.0171,-0.1427,0.0101,-0.1568,-0.1316,-0.0069,-0.0017,0.0006,0.0179,-0.0005,-0.0145,0.0075,-0.0945,0.0166,-0.1123,-0.0928,0.0019,-0.0878,-0.0014,-0.0954,-0.0886,-0.0065,0.001,0.0016,0.0162,0.0142,0.0009,-0.0066,TRUE,TRUE
DTC_L_52,LanSi,1,CW_01,B,2026-03-27 11:20:28+08:00,ONLINE,FALSE,,CW_1_01,PASS,,,52.1679287,_2026032711202855202,T20260327112028,DESKTOP-P2DUL42,Loma,1,CW_1_01,2,paul di,2024.0718.155524,V20260126.2,CW_DTCL_DTCR_STC,T20260327112120,52.1679287,TRUE,TRUE,TRUE,TRUE,TRUE,TRUE,TRUE,4S2RND2HBL06DS,v1.0.1,2025_12_22,313.9783,322.9565,473.8777,302.2014,294.4408,151.25,147.9932,342.9048,333.0214,490.0429,-6.8377,2.3711,-0.0001,0,-0.2286,1.557,-0.2191,1.5568,0.6665,155.7266,151.3809,149.416,154.9414,152.8662,0.8228,0.8048,0.8322,0.7786,0.7786,0.7714,0.7611,0.7963,0.7598,0.7598,0.8201,0.8155,0.8082,0.766,0.7482,0.7308,0.7751,0.7079,0.7079,0.8206,0.98,0.8333,0.7975,0.7975,0.8494,0.723,0.7445,0.8445,0.8294,0.8211,0.7892,0.7709,0.723,0,0,0,0,0,v1.0.1,2025_12_22,313.9783,322.9565,474.9571,302.1071,294.3268,150.281,147,343.0479,333.1714,491.0143,-6.8133,2.3814,-0.0001,0,-0.2283,1.557,-0.2192,1.5566,0.6665,162.4795,158.4805,164.6182,163.5137,162.2729,0.6769,0.6824,0.6864,0.6903,0.6769,0.6577,0.6372,0.6502,0.6721,0.6372,0.6469,0.659,0.6563,0.6341,0.634,0.6373,0.6214,0.6217,0.6214,0.6704,0.4705,0.6714,0.6488,0.4705,0.674,0.6374,0.6147,0.6758,0.6533,0.6816,0.6761,0.6451,0.6147,0,0,0,0,0,v1.0.1,2025_12_22,312.6058,315.1154,437.513,300.687,298.6694,183.7769,184.1825,329.881,326.7034,446.1864,-7.5652,-4.3707,-0.0001,0,-0.2145,1.5646,-0.214,1.5631,0.6748,176.3916,175.2422,173.0156,175.9102,175.1399,0.7909,0.6928,0.8115,0.6786,0.6786,0.7566,0.6641,0.7594,0.6977,0.6641,0.7861,0.7752,0.7526,0.6941,0.6941,0.7389,0,0.7434,0.7079,0.7079,0,0,0,0,0,v1.0.1,2025_12_22,312.5534,315.0097,438.4298,300.5702,298.625,182.8583,183.371,329.9113,326.8559,446.8814,-7.533,-4.4538,-0.0001,0,-0.2137,1.5653,-0.2143,1.5622,0.6749,147.7383,143.1348,142.5811,145.3496,144.7009,0.6667,0.5993,0.6756,0.614,0.5993,0.6319,0.5695,0.6376,0.6056,0.5695,0.6292,0.628,0.6349,0.6055,0.6055,0.5994,0.5233,0.5843,0.5686,0.5233,0,0,0,0,0,-0.0048,-0.0628,-0.0153,-0.0447,-0.0447,-0.0212,-0.0698,-0.0095,-0.0266,-0.0266,0.0015,0.0029,-0.012,-0.011,-0.0698,-0.084,-0.0313,-0.0392,0.0163,0.0164,-0.0089,-0.0331,-0.0074,-0.0188,-0.0089,-0.0085,-0.042,-0.0102,0.0118,-0.0231,-0.0222,0.0033,-0.0119,-0.0038,-0.0198,-0.039,-0.0286,-0.0047,-0.0047,-0.0043,0.0051,-0.1322,0.0067,-0.1103,-0.1072,0.0149,-0.1162,-0.0068,-0.0603,-0.0776,0.006,0.0088,-0.0038,0.0041,-0.0003,0.0079,0.0104,-0.0843,0.0012,-0.0733,-0.057,-0.0019,-0.0871,0.0097,-0.0389,-0.0584,-0.0177,-0.0106,-0.0006,-0.0021,-0.0021,0.0075,0.007,TRUE,TRUE
DTC_L_53,LanSi,1,CW_01,C,2026-03-27 11:22:25+08:00,ONLINE,FALSE,,CW_1_01,PASS,,,51.3226788,_2026032711222500302,T20260327112225,DESKTOP-P2DUL42,Loma,1,CW_1_01,2,paul di,2024.0718.155524,V20260126.2,CW_DTCL_DTCR_STC,T20260327112316,51.3226788,TRUE,TRUE,TRUE,TRUE,TRUE,TRUE,TRUE,4S2RND2HBL06DS,v1.0.1,2025_12_22,314.1866,324.0448,474.2782,303.8496,294.9597,153.6107,148.5762,343.8344,333.5662,489.6618,-6.3866,3.5003,-0.0001,0,-0.225,1.5579,-0.2184,1.5538,0.6671,155.6641,151.5254,149.3672,155.1895,152.9365,0.8316,0.811,0.8455,0.7912,0.7912,0.7866,0.768,0.8049,0.7508,0.7508,0.8154,0.8058,0.8177,0.7793,0.753,0.7154,0.7554,0.7145,0.7145,0.8237,0.98,0.8429,0.8112,0.8112,0.8412,0.7866,0.7752,0.8317,0.8251,0.8326,0.801,0.788,0.7752,0,0,0,0,0,v1.0.1,2025_12_22,314.2086,324.0432,475.3669,303.5683,294.7815,152.5828,147.42,344.12,333.75,490.6571,-6.3946,3.4943,-0.0001,0,-0.2259,1.5575,-0.2193,1.5535,0.6665,163.6123,158.6572,165.002,164.9248,163.0491,0.6772,0.6939,0.6918,0.6973,0.6772,0.652,0.6307,0.6601,0.6561,0.6307,0.6525,0.6474,0.6509,0.6261,0.6177,0.6284,0.6248,0.5974,0.5974,0.6706,0.4022,0.6875,0.6553,0.4022,0.6622,0.6494,0.6552,0.6929,0.6651,0.6895,0.6637,0.6319,0.6319,0,0,0,0,0,v1.0.1,2025_12_22,313,316.3962,437.9636,302.1545,299.0588,185.8403,184.7107,331.0331,327.0783,446.2783,-7.1377,-3.1595,-0.0001,0,-0.213,1.5639,-0.2131,1.5623,0.675,175.375,174.2539,172.1982,174.7686,174.1489,0.791,0.6848,0.8142,0.683,0.683,0.7497,0.6688,0.76,0.6572,0.6572,0.7911,0.7726,0.7605,0.7204,0.7204,0.726,0,0.7314,0.7045,0.7045,0,0,0,0,0,v1.0.1,2025_12_22,312.9135,316.2212,438.7091,301.9,299.0172,185.0517,183.7787,331.0656,327.0684,447.0513,-7.2026,-3.2421,-0.0001,0,-0.2128,1.5647,-0.2139,1.5625,0.6751,148.876,143.334,142.8867,146.7285,145.4563,0.6596,0.6004,0.6816,0.6004,0.6004,0.6443,0.5727,0.6257,0.5917,0.5727,0.6317,0.6428,0.625,0.619,0.619,0.5924,0.5273,0.5866,0.5582,0.5273,0,0,0,0,0,0.004,-0.0566,-0.002,-0.0321,-0.0321,-0.006,-0.0629,-0.0009,-0.0356,-0.0356,-0.0032,-0.0068,-0.0025,0.0023,-0.065,-0.0994,-0.051,-0.0326,0.0194,0.026,-0.0086,-0.0216,-0.002,-0.0118,-0.0086,-0.0142,-0.0485,-0.0003,-0.0042,-0.0296,-0.0166,-0.0083,-0.0173,-0.0118,-0.0361,-0.0479,-0.0252,-0.029,-0.0045,0.0118,0.0052,-0.1402,0.0094,-0.1059,-0.1028,0.008,-0.1115,-0.0062,-0.1008,-0.0845,0.011,0.0062,0.0041,0.0304,-0.0132,-0.0041,0.0033,-0.0832,0.0072,-0.0869,-0.0559,0.0105,-0.0839,-0.0022,-0.0528,-0.0552,-0.0152,0.0042,-0.0105,0.0114,0.0114,0.0005,0.0093,TRUE,TRUE
DTC_R_53,LanSi,1,CW_01,A,2026-03-27 11:22:25+08:00,ONLINE,FALSE,,CW_1_01,PASS,,,51.2229454,_2026032711222511601,T20260327112225,DESKTOP-P2DUL42,Loma,1,CW_1_01,1,paul di,2024.0718.155524,V20260126.2,CW_DTCL_DTCR_STC,T20260327112316,51.2229454,TRUE,TRUE,TRUE,TRUE,TRUE,TRUE,TRUE,4S2RND2HBL0DP6,v1.0.1,2025_12_22,315.1407,316.2741,475.2148,296.7778,295.4257,148.3649,149.457,336.3974,335.8243,484.6959,-5.2875,-2.998,-0.0001,0,-0.2207,1.5534,-0.2203,1.5481,0.6651,155.9033,153.7539,153.2363,155.9756,154.7173,0.8653,0.7687,0.8753,0.7901,0.7687,0.8192,0.7436,0.8183,0.7935,0.7436,0.8353,0.8142,0.8133,0.8288,0.7267,0.725,0.7969,0.7731,0.725,0.844,0.8051,0.7975,0.98,0.7975,0.8498,0.7812,0.7588,0.8238,0.7981,0.7262,0.8141,0.8479,0.7262,0,0,0,0,0,v1.0.1,2025_12_22,315.1095,316.3139,476.2029,296.6812,295.2148,147.3289,148.3691,336.5101,335.8784,485.7703,-5.3451,-2.9792,-0.0001,0,-0.2208,1.5531,-0.22,1.5483,0.6652,165.9053,159.8613,168.9385,168.7422,165.8618,0.6997,0.6553,0.7112,0.6838,0.6553,0.6763,0.6322,0.6714,0.6599,0.6322,0.6571,0.6459,0.6498,0.6545,0.626,0.6269,0.6363,0.6307,0.626,0.6721,0.6559,0.6606,0.0863,0.0863,0.6534,0.6497,0.6483,0.6839,0.6607,0.5781,0.6312,0.6828,0.5781,0,0,0,0,0,v1.0.1,2025_12_22,317.3241,327.7778,441.9541,312.7156,302.768,196.12,188.6612,341.7769,331.9569,456.1293,-2.9671,7.4039,0,0.0001,-0.2198,1.5602,-0.2079,1.5568,0.6723,177.8369,177.7715,177.792,178.6299,178.0076,0.8225,0.6238,0.8267,0.6579,0.6238,0.7732,0.6145,0.7886,0.6882,0.6145,0.7874,0.7694,0.7599,0.7624,0.7599,0.7461,0.678,0.7334,0,0.678,0,0,0,0,0,v1.0.1,2025_12_22,317.4,327.9143,442.9358,312.6239,302.728,195.344,187.8934,342.0492,332.0439,456.9737,-2.8998,7.481,0,0.0001,-0.2207,1.5601,-0.2082,1.5573,0.6721,149.5459,143.7773,145.6299,147.6211,146.6436,0.6628,0.5492,0.6786,0.5827,0.5492,0.6471,0.5607,0.6559,0.5881,0.5607,0.6486,0.6386,0.6325,0.6337,0.6325,0.6036,0.554,0.5804,0.3639,0.3639,0,0,0,0,0,-0.0081,-0.1123,-0.0035,-0.0788,-0.1002,0.0041,-0.0769,-0.0169,-0.0315,-0.0715,0.0065,0.0002,-0.0068,0.0098,-0.0827,-0.0973,-0.0066,-0.0396,0.0001,0.0005,-0.0027,-0.054,-0.0032,-0.0406,-0.0471,-0.0113,-0.0472,0.0025,-0.0273,-0.0367,0.0043,0.0044,-0.0145,0.0027,-0.0399,-0.0425,0.008,-0.0105,-0.0123,0.004,0.0041,-0.1997,0.0177,-0.1628,-0.1852,0.0097,-0.1662,0.0166,-0.1005,-0.149,0.0124,0.0056,0.0084,0.0228,0.0002,-0.0061,-0.0036,-0.1283,0.0112,-0.1032,-0.1172,0.0039,-0.0897,0.0173,-0.0573,-0.0779,0.0073,-0.0046,-0.0015,0.0131,0.0119,-0.0007,-0.0078,TRUE,TRUE
DTC_L_54,LanSi,1,CW_01,A,2026-03-27 11:24:08+08:00,ONLINE,FALSE,,CW_1_01,PASS,,,51.6877189,_2026032711240816502,T20260327112408,DESKTOP-P2DUL42,Loma,1,CW_1_01,2,paul di,2024.0718.155524,V20260126.2,CW_DTCL_DTCR_STC,T20260327112459,51.6877189,TRUE,TRUE,TRUE,TRUE,TRUE,TRUE,TRUE,4S2RND2HBL06DS,v1.0.1,2025_12_22,314.2857,323.188,474.2815,303.0148,294.9735,152.404,148.5033,343.1242,333.5672,489.1194,-6.3778,2.6701,-0.0001,0,-0.2249,1.5577,-0.2192,1.5546,0.6671,154.8301,151.0537,149.3076,154.8271,152.5046,0.8188,0.8038,0.844,0.7854,0.7854,0.7778,0.7671,0.8018,0.7564,0.7564,0.8122,0.8046,0.8175,0.7758,0.7602,0.7243,0.7625,0.6902,0.6902,0.8137,0.98,0.8433,0.8132,0.8132,0.8487,0.7842,0.7594,0.8438,0.8312,0.8348,0.8057,0.7669,0.7594,0,0,0,0,0,v1.0.1,2025_12_22,314.292,323.2336,475.3507,302.9254,294.88,151.3667,147.3922,343.3333,333.8357,490.2357,-6.3499,2.7189,-0.0001,0,-0.2249,1.5578,-0.2193,1.5538,0.6668,162.834,159.0693,165.5635,164.5596,163.0066,0.6731,0.6779,0.6892,0.6979,0.6731,0.6558,0.6327,0.6554,0.6435,0.6327,0.6499,0.6548,0.6468,0.6278,0.6303,0.6438,0.6332,0.6074,0.6074,0.6711,0.4431,0.6767,0.6554,0.4431,0.6566,0.6695,0.6126,0.6678,0.6739,0.6855,0.6721,0.6339,0.6126,0,0,0,0,0,v1.0.1,2025_12_22,313.0187,315.5514,437.9633,301.4587,299.0424,184.7881,184.6583,330.275,327.0769,445.8291,-7.1481,-3.9195,-0.0001,0,-0.2118,1.5638,-0.2137,1.5628,0.6753,175.3398,174.8662,172.9102,175.2578,174.5935,0.8017,0.699,0.8013,0.6942,0.6942,0.7478,0.6775,0.7661,0.6635,0.6635,0.7819,0.7716,0.7685,0.6991,0.6991,0.7501,0,0.7401,0.6988,0.6988,0,0,0,0,0,v1.0.1,2025_12_22,313,315.5,438.6903,301.2478,299,183.8974,183.7107,330.2727,327.2222,446.6325,-7.1754,-3.9899,-0.0001,0,-0.2124,1.5643,-0.2133,1.5622,0.6752,147.9141,143.8223,143.0771,146.2695,145.2708,0.6641,0.5952,0.6765,0.6061,0.5952,0.6291,0.5706,0.631,0.5665,0.5665,0.6473,0.6392,0.6422,0.6162,0.6162,0.6006,0.5449,0.5733,0.5528,0.5449,0,0,0,0,0,-0.0088,-0.0638,-0.0035,-0.0379,-0.0379,-0.0148,-0.0638,-0.004,-0.03,-0.03,-0.0064,-0.008,-0.0027,-0.0012,-0.0578,-0.0905,-0.0439,-0.0569,0.0094,0.0264,-0.0127,-0.0376,-0.0046,-0.0112,-0.0127,-0.0104,-0.0465,-0.005,-0.0168,-0.0276,-0.0192,-0.0009,-0.0214,-0.0101,-0.0235,-0.0325,-0.0168,-0.019,-0.004,0.001,0.0159,-0.126,-0.0035,-0.0947,-0.0916,0.0061,-0.1028,-0.0001,-0.0945,-0.0782,0.0018,0.0052,0.0121,0.0091,0.0109,0.0046,0.0078,-0.0884,0.0021,-0.0812,-0.0611,-0.0047,-0.086,0.0031,-0.078,-0.0614,0.0004,0.0006,0.0067,0.0086,0.0086,0.0087,-0.004,TRUE,TRUE
DTC_R_54,LanSi,1,CW_01,B,2026-03-27 11:24:08+08:00,ONLINE,FALSE,,CW_1_01,PASS,,,51.6887163,_2026032711240816501,T20260327112408,DESKTOP-P2DUL42,Loma,1,CW_1_01,1,paul di,2024.0718.155524,V20260126.2,CW_DTCL_DTCR_STC,T20260327112459,51.6887163,TRUE,TRUE,TRUE,TRUE,TRUE,TRUE,TRUE,4S2RND2HBL0DP6,v1.0.1,2025_12_22,315.2963,317.5407,475.4511,298,295.7517,149.4759,149.6757,337.8514,335.8784,485.3716,-5.0894,-1.8521,-0.0001,0,-0.2209,1.5545,-0.2215,1.5483,0.6651,156.7686,154.4688,154.2334,156.4463,155.4792,0.8624,0.7912,0.8751,0.7799,0.7799,0.8189,0.7667,0.8315,0.7774,0.7667,0.8257,0.8103,0.8068,0.812,0.7405,0.7435,0.7809,0.7622,0.7405,0.8481,0.8208,0.7875,0.6105,0.6105,0.8341,0.7768,0.7587,0.8113,0.8028,0.4394,0.8288,0.852,0.4394,0,0,0,0,0,v1.0.1,2025_12_22,315.227,317.5461,476.4519,297.9926,295.5442,148.4218,148.5436,337.9866,336,486.4145,-5.1467,-1.8277,-0.0001,0,-0.2202,1.5544,-0.2215,1.5479,0.6652,164.8975,159.4375,168.293,167.8574,165.1213,0.7035,0.6689,0.7238,0.6681,0.6681,0.6701,0.6481,0.6719,0.6424,0.6424,0.654,0.6493,0.6532,0.6563,0.6328,0.6593,0.6297,0.6334,0.6297,0.6718,0.6501,0.6602,0.1375,0.1375,0.6491,0.6577,0.6595,0.6706,0.6515,0.3639,0.6499,0.6679,0.3639,0,0,0,0,0,v1.0.1,2025_12_22,317.5,328.8868,442.2072,314.027,303.041,197.3115,188.8306,343.3145,332.1062,456.6195,-2.763,8.5319,0,0.0001,-0.2181,1.5608,-0.2111,1.5564,0.672,176.8574,177.085,176.9004,177.9863,177.2073,0.8205,0.6464,0.8288,0.6575,0.6464,0.7699,0.6341,0.7814,0.6686,0.6341,0.7819,0.7829,0.7675,0.7578,0.7578,0.7582,0.6706,0.7437,0,0.6706,0,0,0,0,0,v1.0.1,2025_12_22,317.5,329,442.9722,313.9537,302.871,196.5806,187.976,343.456,332.287,457.4522,-2.7788,8.5885,0,0.0001,-0.2188,1.5603,-0.2106,1.5557,0.6716,149.0518,143.4619,145.1904,146.6416,146.0864,0.6709,0.5662,0.6696,0.5765,0.5662,0.6381,0.5738,0.6553,0.581,0.5738,0.6373,0.6421,0.6371,0.6341,0.6341,0.5987,0.5601,0.5743,0.1341,0.1341,0,0,0,0,0,-0.011,-0.0898,-0.0037,-0.089,-0.089,0.0038,-0.0538,-0.0037,-0.0476,-0.0484,-0.0031,-0.0037,-0.0133,-0.007,-0.0689,-0.0788,-0.0226,-0.0505,0.0042,-0.0095,0.0011,-0.0404,0.0094,-0.0563,-0.0343,-0.0175,-0.0313,0.003,-0.0448,-0.0265,0.0012,0.0078,-0.0111,0.0045,-0.0331,-0.0101,0.0014,-0.0078,-0.0126,0.0036,0.0021,-0.1771,0.0198,-0.1632,-0.1626,0.0064,-0.1466,0.0094,-0.1201,-0.1294,0.0069,0.0191,0.016,0.0182,0.0123,0.0042,0.0045,-0.1113,0.0022,-0.1094,-0.1002,-0.0051,-0.0766,0.0167,-0.0644,-0.0648,-0.004,-0.0011,0.0031,0.0135,0.0135,-0.0056,-0.0139,TRUE,TRUE
DTC_L_55,LanSi,1,CW_01,B,2026-03-27 11:25:47+08:00,ONLINE,FALSE,,CW_1_01,PASS,,,51.3577439,_2026032711254707602,T20260327112547,DESKTOP-P2DUL42,Loma,1,CW_1_01,2,paul di,2024.0718.155524,V20260126.2,CW_DTCL_DTCR_STC,T20260327112638,51.3577439,TRUE,TRUE,TRUE,TRUE,TRUE,TRUE,TRUE,4S2RND2HBL06DS,v1.0.1,2025_12_22,315.2148,322.2222,475.3731,301.5373,296.0816,151.9048,150.0541,342.2162,334.7353,487.6691,-5.2082,1.6099,-0.0001,0,-0.2279,1.5584,-0.22,1.5528,0.6658,155.4424,151.002,149.5566,155.1846,152.7964,0.8199,0.8131,0.8565,0.7971,0.7971,0.7859,0.7644,0.7952,0.7428,0.7428,0.8136,0.8202,0.8176,0.7743,0.7373,0.7344,0.7609,0.7058,0.7058,0.8325,0.98,0.8182,0.7728,0.7728,0.8462,0.8083,0.7537,0.8339,0.8091,0.7663,0.7717,0.787,0.7537,0,0,0,0,0,v1.0.1,2025_12_22,315.2086,322.3669,476.3571,301.4286,296.089,151.0479,148.9195,342.396,334.8467,488.8102,-5.2158,1.7099,-0.0001,0,-0.2287,1.5591,-0.2194,1.5528,0.666,163.2363,158.4043,165.0791,164.8223,162.8855,0.6802,0.6877,0.7071,0.7029,0.6802,0.6612,0.6424,0.6507,0.6509,0.6424,0.6453,0.656,0.65,0.6399,0.6146,0.6426,0.6289,0.5969,0.5969,0.6799,0.3141,0.6764,0.6704,0.3141,0.662,0.6556,0.6182,0.6875,0.6688,0.6736,0.6604,0.6393,0.6182,0,0,0,0,0,v1.0.1,2025_12_22,314,314.6038,439.1261,300.2342,300.3884,184.0909,186.0081,329.371,328.2609,444.5043,-5.9433,-4.9392,-0.0001,0,-0.2138,1.5664,-0.2144,1.5609,0.6748,175.1514,173.6211,172.1533,175.0869,174.0032,0.801,0.7196,0.8052,0.6992,0.6992,0.75,0.667,0.7583,0.6631,0.6631,0.7677,0.7753,0.7702,0.7016,0.7016,0.7412,0,0.723,0.6498,0.6498,0,0,0,0,0,v1.0.1,2025_12_22,314,314.6038,439.7946,300.0268,300.3193,183.4202,185.1639,329.4262,328.3051,445.339,-5.9834,-4.9368,-0.0001,0,-0.2148,1.5664,-0.214,1.5613,0.6747,148.9746,143.6279,143.0059,146.8477,145.614,0.665,0.6026,0.685,0.6066,0.6026,0.6305,0.5795,0.6247,0.592,0.5795,0.6307,0.6352,0.6428,0.6037,0.6037,0.5911,0.4882,0.5912,0.5502,0.4882,0,0,0,0,0,-0.0077,-0.0545,0.009,-0.0262,-0.0262,-0.0067,-0.0665,-0.0106,-0.0436,-0.0436,-0.005,0.0076,-0.0026,-0.0027,-0.0807,-0.0804,-0.0455,-0.0413,0.0282,0.0013,-0.0056,-0.0278,0.0133,-0.0062,-0.0056,-0.005,-0.0368,-0.0097,-0.0094,-0.0179,-0.0238,0.0003,-0.0182,0.002,-0.0392,-0.0337,-0.0211,-0.0295,0.0048,0.0007,0.0152,-0.1054,0.0004,-0.0897,-0.0866,0.0083,-0.1133,-0.0079,-0.0949,-0.0786,-0.0124,0.0089,0.0138,0.0116,0.002,-0.0125,0.0087,-0.081,0.0106,-0.0807,-0.0537,-0.0033,-0.0771,-0.0032,-0.0525,-0.0484,-0.0162,-0.0034,0.0073,-0.0039,-0.0039,-0.0008,0.0139,TRUE,TRUE
DTC_R_55,LanSi,1,CW_01,C,2026-03-27 11:25:46+08:00,ONLINE,FALSE,,CW_1_01,PASS,,,51.4973707,_2026032711254695601,T20260327112546,DESKTOP-P2DUL42,Loma,1,CW_1_01,1,paul di,2024.0718.155524,V20260126.2,CW_DTCL_DTCR_STC,T20260327112638,51.4973707,TRUE,TRUE,TRUE,TRUE,TRUE,TRUE,TRUE,4S2RND2HBL0DP6,v1.0.1,2025_12_22,315.0217,316.0435,474.6765,295.9632,295.3493,146.6986,149.543,336.3974,335.3916,483.5455,-5.5036,-3.7704,-0.0001,0,-0.2246,1.5546,-0.2219,1.5493,0.6644,155.8164,153.0195,153.0625,155.6885,154.3967,0.8691,0.8341,0.8787,0.8346,0.8341,0.8134,0.7617,0.8221,0.7693,0.7617,0.8224,0.8171,0.8166,0.8184,0.7675,0.749,0.7406,0.7111,0.7111,0.8353,0.7926,0.7933,0.1149,0.1149,0.8374,0.7829,0.794,0.8335,0.814,0.781,0.7675,0.8495,0.7675,0,0,0,0,0,v1.0.1,2025_12_22,315,316.0863,475.7153,295.9343,295.137,145.7808,148.457,336.3974,335.5625,484.5417,-5.5256,-3.7519,-0.0001,0,-0.2242,1.5542,-0.2208,1.5488,0.6645,164.2422,158.5732,167.5547,166.9082,164.3196,0.7008,0.6933,0.7195,0.6926,0.6926,0.6741,0.6447,0.6629,0.649,0.6447,0.6524,0.6486,0.6585,0.6637,0.6429,0.6287,0.5979,0.6127,0.5979,0.6809,0.6619,0.658,0.4286,0.4286,0.652,0.6707,0.6653,0.6747,0.6899,0.6532,0.6475,0.6787,0.6475,0,0,0,0,0,v1.0.1,2025_12_22,317.3578,327.5321,441.5478,312.3826,302.76,194.856,188.7317,341.7317,331.8636,455.7364,-3.0478,6.9478,0,0.0001,-0.2209,1.5607,-0.2094,1.5576,0.672,177.1221,176.6807,176.7656,177.7686,177.0842,0.806,0.7283,0.8211,0.7188,0.7188,0.7673,0.6636,0.7862,0.6594,0.6594,0.7705,0.754,0.7686,0.7492,0.7492,0.7431,0.68,0.7283,0,0.68,0,0,0,0,0,v1.0.1,2025_12_22,317.1792,327.6792,442.5351,312.3333,302.5635,194.0714,187.832,341.992,332,456.5818,-3.078,7.0316,0,0.0001,-0.2213,1.5613,-0.2097,1.5558,0.6715,148.2598,142.6572,144.5293,146.1914,145.4094,0.6658,0.6171,0.68,0.611,0.611,0.6501,0.5775,0.646,0.5626,0.5626,0.639,0.6288,0.6429,0.6284,0.6284,0.6007,0.5597,0.58,0.5157,0.5157,0,0,0,0,0,-0.0043,-0.0469,-0.0001,-0.0343,-0.0348,-0.0017,-0.0588,-0.0131,-0.0557,-0.0534,-0.0064,0.0031,-0.0035,-0.0006,-0.0419,-0.0733,-0.0629,-0.1016,-0.0086,-0.0037,-0.0016,-0.016,0.0051,-0.0318,-0.0098,-0.0135,-0.0347,-0.006,-0.0382,-0.0242,-0.0004,0.0071,-0.0058,0.0119,-0.023,-0.0407,-0.0304,-0.0285,-0.0035,0.0014,-0.0124,-0.0952,0.0121,-0.1019,-0.0902,0.0038,-0.1171,0.0142,-0.1293,-0.1041,-0.0045,-0.0098,0.0171,0.0096,-0.0028,-0.0112,-0.0006,-0.0604,0.0126,-0.0749,-0.0554,0.0069,-0.0729,0.0074,-0.0828,-0.076,-0.0023,-0.0144,0.0089,0.0078,0.0078,-0.0036,-0.0082,TRUE,TRUE
DTC_L_56,LanSi,1,CW_01,C,2026-03-27 11:49:09+08:00,ONLINE,FALSE,,CW_1_01,PASS,,,51.2597892,_2026032711490996802,T20260327114909,DESKTOP-P2DUL42,Loma,1,CW_1_01,2,paul di,2024.0718.155524,V20260126.2,CW_DTCL_DTCR_STC,T20260327115001,51.2597892,TRUE,TRUE,TRUE,TRUE,TRUE,TRUE,TRUE,4S2RND2HBL06DS,v1.0.1,2025_12_22,314.1985,323.8235,474.2132,303.5588,294.8993,152.6711,148.6067,343.8733,333.4926,490.2647,-6.4179,3.3383,-0.0001,0,-0.2255,1.558,-0.22,1.5549,0.6669,155.0068,151.4443,149.4805,154.7822,152.6785,0.8199,0.8127,0.8492,0.7901,0.7901,0.779,0.7565,0.7973,0.7535,0.7535,0.8128,0.7068,0.8067,0.7612,0.7533,0.7338,0.7728,0.7034,0.7034,0.8179,0.383,0.8338,0.8283,0.383,0.8505,0.7726,0.7643,0.8361,0.8443,0.8295,0.7854,0.7605,0.7605,0,0,0,0,0,v1.0.1,2025_12_22,314.1957,323.8333,475.2357,303.3429,294.8067,151.7133,147.5,344.0789,333.7518,491.2482,-6.402,3.3433,-0.0001,0,-0.226,1.5581,-0.2203,1.554,0.6664,163.1592,159.2959,165.6221,164.7363,163.2034,0.6742,0.6776,0.6922,0.689,0.6742,0.6521,0.6263,0.6459,0.6492,0.6263,0.6429,0.5668,0.6466,0.6337,0.6348,0.6328,0.6354,0.6158,0.5668,0.6857,0.5412,0.689,0.6923,0.5412,0.6425,0.646,0.6528,0.693,0.6694,0.6815,0.6573,0.636,0.636,0,0,0,0,0,v1.0.1,2025_12_22,313,316.0971,437.8571,301.8571,299.0504,185.0924,184.6803,330.7295,327.0625,446.5893,-7.1699,-3.4269,-0.0001,0,-0.213,1.5642,-0.213,1.5629,0.6753,175.5889,175.1592,173.1699,175.6279,174.8865,0.7907,0.6931,0.8151,0.6968,0.6931,0.7535,0.6681,0.7654,0.6665,0.6665,0.7763,0.7351,0.7579,0.7176,0.7176,0.7233,0,0.7376,0.7341,0.7233,0,0,0,0,0,v1.0.1,2025_12_22,313,315.9029,438.7321,301.7321,299.0424,184.322,183.8417,330.9083,327.25,447.4138,-7.1268,-3.4442,-0.0001,0,-0.2117,1.5646,-0.2151,1.5623,0.675,148.6406,143.9316,143.5176,146.4961,145.6465,0.6517,0.5953,0.6869,0.6093,0.5953,0.629,0.5642,0.6311,0.5842,0.5642,0.6282,0.6101,0.6466,0.613,0.6101,0.5858,0.5686,0.5872,0.5827,0.5686,0,0,0,0,0,-0.0077,-0.0549,0.0017,-0.0332,-0.0332,-0.0136,-0.0744,-0.0085,-0.0329,-0.0329,-0.0058,-0.1058,-0.0135,-0.0158,-0.0647,-0.081,-0.0336,-0.0437,0.0136,0.0169,-0.0116,-0.0379,-0.0016,-0.0201,-0.0116,-0.0141,-0.0529,-0.0145,-0.0111,-0.034,-0.0262,-0.0889,-0.0216,-0.0042,-0.019,-0.0435,-0.0146,-0.0106,0.0106,0.0133,0.0049,-0.1319,0.0103,-0.0921,-0.0927,0.0118,-0.1122,-0.0008,-0.0915,-0.0752,-0.0038,-0.0313,0.0015,0.0276,-0.0159,0.0021,-0.0046,-0.0883,0.0125,-0.078,-0.061,-0.0048,-0.0924,0.0032,-0.0603,-0.0637,-0.0187,-0.0285,0.0111,0.0054,0.0025,-0.0061,0.0099,TRUE,TRUE
DTC_R_56,LanSi,1,CW_01,A,2026-03-27 11:49:09+08:00,ONLINE,FALSE,,CW_1_01,PASS,,,51.4682319,_2026032711490976001,T20260327114909,DESKTOP-P2DUL42,Loma,1,CW_1_01,1,paul di,2024.0718.155524,V20260126.2,CW_DTCL_DTCR_STC,T20260327115001,51.4682319,TRUE,TRUE,TRUE,TRUE,TRUE,TRUE,TRUE,4S2RND2HBL0DP6,v1.0.1,2025_12_22,315.1037,317.6444,474.8667,297.8741,295.4122,148.4122,149.7,337.8467,335.3235,484.9632,-5.4188,-2.1519,-0.0001,0,-0.2226,1.5544,-0.221,1.55,0.6652,156.9121,154.4658,154.4355,156.9648,155.6946,0.8673,0.8442,0.8307,0.8075,0.8075,0.8266,0.7497,0.823,0.7852,0.7497,0.8251,0.8174,0.8137,0.8111,0.7697,0.7618,0.76,0.7698,0.76,0.8266,0.8251,0.7146,0.3885,0.3885,0.8318,0.7965,0.7827,0.817,0.7938,0.5747,0.8276,0.8466,0.5747,0,0,0,0,0,v1.0.1,2025_12_22,315.0935,317.5971,475.9209,297.8633,295.1812,147.4161,148.604,337.9463,335.5474,485.9197,-5.4306,-2.1515,-0.0001,0,-0.2216,1.5538,-0.2211,1.5494,0.6651,165.4287,160.0723,169.2656,168.5215,165.822,0.6964,0.6924,0.676,0.6873,0.676,0.6843,0.6477,0.6718,0.6569,0.6477,0.6542,0.6544,0.6599,0.6568,0.6405,0.6447,0.6153,0.6307,0.6153,0.6912,0.6781,0.5966,0.1449,0.1449,0.654,0.6573,0.6745,0.6647,0.6378,0.5369,0.6672,0.6669,0.5369,0,0,0,0,0,v1.0.1,2025_12_22,317.4486,329.1308,441.789,314.0367,302.8374,196.7317,188.976,343.456,331.9286,457.3393,-2.9041,8.6389,0,0.0001,-0.2203,1.5604,-0.2105,1.5578,0.6718,177.5234,177.2686,177.5146,178.6318,177.7346,0.8064,0.6948,0.7961,0.672,0.672,0.786,0.6603,0.778,0.6737,0.6603,0.7838,0.7558,0.7629,0.7446,0.7446,0.7425,0.7016,0.6334,0,0.6334,0,0,0,0,0,v1.0.1,2025_12_22,317.3905,329.0857,442.5727,313.9182,302.685,195.9055,188.024,343.544,331.9554,458.1339,-2.9745,8.6175,0,0.0001,-0.2201,1.5603,-0.2108,1.5579,0.6718,149.375,144.3213,145.9053,147.2129,146.7036,0.6689,0.6001,0.6588,0.5847,0.5847,0.6592,0.5734,0.6416,0.5859,0.5734,0.6347,0.6239,0.6365,0.609,0.609,0.6135,0.5767,0.504,0.2882,0.2882,0,0,0,0,0,-0.0061,-0.0368,-0.0481,-0.0614,-0.0614,0.0115,-0.0708,-0.0122,-0.0398,-0.0654,-0.0037,0.0034,-0.0064,-0.0079,-0.0397,-0.0605,-0.0435,-0.0429,-0.0173,-0.0824,-0.006,-0.0169,-0.0384,-0.0371,-0.0264,-0.0033,-0.0317,0.0029,-0.0303,-0.0212,0.0014,0.0129,-0.0044,0.005,-0.0254,-0.0247,-0.013,-0.0105,0.0068,-0.06,-0.012,-0.1287,-0.0129,-0.1487,-0.137,0.0225,-0.1204,0.006,-0.115,-0.1032,0.0088,-0.008,0.0114,0.005,-0.0034,-0.1061,0.0025,-0.0774,-0.0086,-0.1012,-0.0817,0.016,-0.077,0.003,-0.0595,-0.0652,-0.0066,-0.0193,0.0025,-0.0116,-0.0116,0.0092,-0.0842,TRUE,TRUE
DTC_L_57,LanSi,1,CW_01,A,2026-03-27 11:51:44+08:00,ONLINE,FALSE,,CW_1_01,PASS,,,51.5499732,_2026032711514427702,T20260327115144,DESKTOP-P2DUL42,Loma,1,CW_1_01,2,paul di,2024.0718.155524,V20260126.2,CW_DTCL_DTCR_STC,T20260327115235,51.5499732,TRUE,TRUE,TRUE,TRUE,TRUE,TRUE,TRUE,4S2RND2HBL06DS,v1.0.1,2025_12_22,314.3556,323,474.3333,302.7111,294.9408,152.4342,148.6623,342.7219,333.7214,489.2857,-6.2973,2.5306,-0.0001,0,-0.2256,1.5569,-0.218,1.5543,0.6669,154.9717,150.4453,148.6875,154.4004,152.1262,0.8174,0.8035,0.8476,0.7829,0.7829,0.7758,0.755,0.8026,0.7535,0.7535,0.8181,0.8118,0.8209,0.7665,0.7364,0.7272,0.779,0.7026,0.7026,0.8028,0.98,0.8219,0.8284,0.8028,0.8486,0.783,0.7607,0.8258,0.8371,0.8346,0.816,0.7646,0.7607,0,0,0,0,0,v1.0.1,2025_12_22,314.3235,323.0368,475.4892,302.4532,294.9408,151.4342,147.457,342.9338,333.8071,490.3214,-6.2965,2.5359,-0.0001,0,-0.2265,1.5578,-0.2182,1.5543,0.6669,163.6387,158.8271,165.3574,164.8369,163.165,0.6749,0.6775,0.7017,0.6981,0.6749,0.6523,0.6352,0.6555,0.6524,0.6352,0.6465,0.6531,0.6474,0.6317,0.6193,0.6212,0.6422,0.6127,0.6127,0.6795,0.4595,0.6788,0.6755,0.4595,0.6484,0.6366,0.644,0.6909,0.6806,0.6776,0.6675,0.6201,0.6201,0,0,0,0,0,v1.0.1,2025_12_22,313.0849,315.3302,438.0541,301.0541,299.1261,184.6807,184.6667,329.9,327.1565,445.6696,-7.0824,-4.1731,-0.0001,0,-0.2132,1.5638,-0.2125,1.5627,0.6752,175.2764,174.2354,172.3662,175.0664,174.2361,0.8034,0.68,0.8093,0.6752,0.6752,0.7488,0.6577,0.7609,0.6789,0.6577,0.7758,0.7738,0.7657,0.7063,0.7063,0.7246,0,0.725,0.7149,0.7149,0,0,0,0,0,v1.0.1,2025_12_22,313.0481,315.25,438.8649,300.9099,299.0431,183.8707,183.843,329.9421,327.359,446.4872,-7.0684,-4.208,-0.0001,0,-0.213,1.5641,-0.2127,1.5617,0.675,148.8604,143.6504,142.8682,146.7822,145.5403,0.673,0.594,0.6788,0.5924,0.5924,0.6328,0.5669,0.629,0.5929,0.5669,0.6295,0.6418,0.6351,0.6185,0.6185,0.5871,0.5631,0.5917,0.5577,0.5577,0,0,0,0,0,-0.0102,-0.0641,0.0001,-0.0404,-0.0404,-0.0168,-0.0759,-0.0032,-0.0329,-0.0329,-0.0005,-0.0008,0.0007,-0.0105,-0.0816,-0.0876,-0.0274,-0.0445,-0.0015,0.005,-0.0109,-0.038,0.0079,-0.011,-0.0109,-0.0139,-0.044,-0.0049,-0.0079,-0.0251,-0.0226,-0.0026,-0.0208,-0.0062,-0.0345,-0.0551,-0.0078,-0.0137,0.0044,0.0031,0.0176,-0.145,0.0045,-0.1137,-0.1106,0.0071,-0.1226,-0.0053,-0.0791,-0.084,-0.0043,0.0074,0.0093,0.0163,-0.0146,-0.0105,0.0167,-0.0896,0.0044,-0.0949,-0.0639,-0.001,-0.0897,0.0011,-0.0516,-0.061,-0.0174,0.0032,-0.0004,0.0109,0.0109,-0.0048,0.0144,TRUE,TRUE
DTC_R_57,LanSi,1,CW_01,B,2026-03-27 11:51:44+08:00,ONLINE,FALSE,,CW_1_01,PASS,,,51.7673921,_2026032711514425801,T20260327115144,DESKTOP-P2DUL42,Loma,1,CW_1_01,1,paul di,2024.0718.155524,V20260126.2,CW_DTCL_DTCR_STC,T20260327115236,51.7673921,TRUE,TRUE,TRUE,TRUE,TRUE,TRUE,TRUE,4S2RND2HBL0DP6,v1.0.1,2025_12_22,315.0882,317.5,474.8015,297.8235,295.4384,148.2055,149.7095,338,335.3404,485.383,-5.4244,-2.1176,-0.0001,0,-0.2221,1.5547,-0.2228,1.5502,0.665,157.0186,154.2744,154.1279,157.2939,155.6787,0.8678,0.8343,0.8591,0.8299,0.8299,0.8255,0.7663,0.8283,0.8029,0.7663,0.8307,0.8189,0.8147,0.815,0.7654,0.7654,0.7065,0.7456,0.7065,0.8421,0.8117,0.8127,0.4413,0.4413,0.8572,0.8016,0.7831,0.8179,0.8039,0.8059,0.8247,0.8594,0.7831,0,0,0,0,0,v1.0.1,2025_12_22,315.0438,317.5182,475.8345,297.6187,295.1497,147.1701,148.4333,338.0533,335.4965,486.3357,-5.5084,-2.1608,-0.0001,0,-0.2226,1.554,-0.2221,1.5497,0.6648,163.5234,158.8594,167.6533,166.6826,164.1797,0.7028,0.698,0.7124,0.6874,0.6874,0.6768,0.6556,0.6622,0.6712,0.6556,0.662,0.6517,0.657,0.6666,0.6495,0.6525,0.5893,0.6272,0.5893,0.6717,0.6626,0.6731,0.443,0.443,0.6529,0.653,0.663,0.668,0.676,0.699,0.6634,0.6834,0.6529,0,0,0,0,0,v1.0.1,2025_12_22,317.4466,328.9903,441.7798,313.844,302.7805,196.2439,188.952,343.424,331.9633,457.5413,-2.9156,8.5087,0,0.0001,-0.2207,1.5602,-0.2113,1.5578,0.6715,177.0605,176.8076,176.8154,178.6006,177.321,0.8072,0.7069,0.82,0.7117,0.7069,0.7789,0.6824,0.7814,0.7194,0.6824,0.7771,0.7756,0.7534,0.742,0.742,0.7497,0.6831,0.745,0,0.6831,0,0,0,0,0,v1.0.1,2025_12_22,317.3398,329.0194,442.6364,313.7364,302.6532,195.5806,188,343.5,331.9817,458.367,-2.9778,8.5407,0,0.0001,-0.2209,1.5607,-0.211,1.5576,0.6716,147.667,142.9883,144.6143,145.5537,145.2058,0.6736,0.6153,0.6779,0.6076,0.6076,0.6452,0.5831,0.6472,0.5986,0.5831,0.639,0.6224,0.629,0.6232,0.6224,0.5988,0.5498,0.5963,0.5073,0.5073,0,0,0,0,0,-0.0056,-0.0467,-0.0197,-0.039,-0.039,0.0104,-0.0542,-0.0069,-0.0221,-0.0488,0.0019,0.0049,-0.0054,-0.004,-0.044,-0.0569,-0.097,-0.0671,-0.0018,0.0157,0.0004,-0.0113,-0.002,-0.037,-0.015,-0.0108,-0.0238,-0.0067,-0.016,-0.0133,0.0092,0.0102,-0.0073,0.0148,-0.0164,-0.0169,-0.039,-0.014,-0.0127,0.0165,-0.0112,-0.1166,0.011,-0.109,-0.1021,0.0154,-0.0983,0.0094,-0.0693,-0.0811,0.0021,0.0118,0.0019,0.0024,0.0038,0.0055,0.0072,-0.0622,0.0105,-0.0783,-0.0588,0.002,-0.0673,0.0086,-0.0468,-0.0555,-0.0023,-0.0208,-0.005,0.0026,0.0018,-0.0055,0.0081,TRUE,TRUE
DTC_R_58,LanSi,1,CW_01,C,2026-03-27 13:44:12+08:00,ONLINE,FALSE,,CW_1_01,PASS,,,51.9779792,_2026032713441241001,T20260327134412,DESKTOP-P2DUL42,Loma,1,CW_1_01,1,paul di,2024.0718.155524,V20260126.2,CW_DTCL_DTCR_STC,T20260327134504,51.9779792,TRUE,TRUE,TRUE,TRUE,TRUE,TRUE,TRUE,4S2RND2HBL0DP6,v1.0.1,2025_12_22,315.2612,317.7687,475.403,298.1716,295.7517,149.4759,149.6871,337.9592,336,485.5,-5.0794,-1.7249,-0.0001,0,-0.2213,1.5549,-0.2208,1.5473,0.665,156.0146,152.3281,152.8408,155.1689,154.0881,0.867,0.7886,0.8751,0.7876,0.7876,0.8144,0.744,0.8331,0.7678,0.744,0.8396,0.8176,0.8232,0.816,0.7334,0.7368,0.7721,0.7637,0.7334,0.8394,0.7865,0.7869,0.98,0.7865,0.8526,0.7922,0.7749,0.816,0.7883,0.6723,0.8434,0.8508,0.6723,0,0,0,0,0,v1.0.1,2025_12_22,315.295,317.6691,476.5,298,295.5878,148.4122,148.5,338,336.0805,486.6107,-5.1073,-1.7616,-0.0001,0,-0.2209,1.5544,-0.2208,1.5479,0.6651,163.8359,157.9033,166.8135,166.1631,163.679,0.7009,0.6673,0.7028,0.673,0.6673,0.674,0.6444,0.6674,0.6472,0.6444,0.6532,0.6639,0.6557,0.6539,0.6279,0.6412,0.6344,0.6371,0.6279,0.6736,0.647,0.6597,0.1258,0.1258,0.6552,0.6461,0.6382,0.675,0.6488,0.6138,0.6391,0.6717,0.6138,0,0,0,0,0,v1.0.1,2025_12_22,317.6078,329,442.3091,314.1909,303.065,197.1626,189,343.4127,332.2564,457.0513,-2.6523,8.6635,0,0.0001,-0.2177,1.5604,-0.2111,1.5564,0.672,177.2832,176.0488,176.9502,177.9473,177.0574,0.8123,0.6412,0.8112,0.6511,0.6412,0.766,0.6341,0.7703,0.6581,0.6341,0.7683,0.7656,0.7642,0.7575,0.7575,0.7554,0.6704,0.7404,0,0.6704,0,0,0,0,0,v1.0.1,2025_12_22,317.6571,329.0095,443.2252,314.1261,303,196.5,188.1057,343.4065,332.3652,457.7739,-2.6293,8.6632,0,0.0001,-0.2175,1.5601,-0.2102,1.5565,0.6723,147.9648,142.2793,144.2764,145.6768,145.0493,0.6692,0.5672,0.6788,0.5671,0.5671,0.6397,0.562,0.6443,0.5605,0.5605,0.6243,0.6481,0.6436,0.6267,0.6243,0.5934,0.5694,0.5836,0.3959,0.3959,0,0,0,0,0,-0.0064,-0.0924,-0.0037,-0.0813,-0.0813,-0.0007,-0.0765,-0.0021,-0.0572,-0.0711,0.0108,0.0036,0.0031,-0.003,-0.076,-0.0855,-0.0314,-0.049,-0.0045,-0.0101,-0.0015,-0.042,-0.0116,-0.0514,-0.0351,-0.0136,-0.035,-0.0015,-0.04,-0.0245,0.0004,0.0224,-0.0086,0.0021,-0.038,-0.0282,0.0061,-0.0041,-0.0108,0.0031,-0.0061,-0.1823,0.0022,-0.1696,-0.1678,0.0025,-0.1466,-0.0017,-0.1306,-0.1294,-0.0067,0.0018,0.0127,0.0179,0.0095,0.0009,0.0028,-0.1103,0.0114,-0.1188,-0.0993,-0.0035,-0.0884,0.0057,-0.0849,-0.0781,-0.017,0.0049,0.0096,0.0061,0.0037,-0.0109,-0.0046,TRUE,TRUE
DTC_L_58,LanSi,1,CW_01,B,2026-03-27 13:44:12+08:00,ONLINE,FALSE,,CW_1_01,PASS,,,52.1046408,_2026032713441228202,T20260327134412,DESKTOP-P2DUL42,Loma,1,CW_1_01,2,paul di,2024.0718.155524,V20260126.2,CW_DTCL_DTCR_STC,T20260327134504,52.1046408,TRUE,TRUE,TRUE,TRUE,TRUE,TRUE,TRUE,4S2RND2HBL06DS,v1.0.1,2025_12_22,315.5,321.8333,475.7883,300.7883,296.4156,150.3052,150.2,341.6133,334.8467,487.8102,-4.9499,0.9701,0,0,-0.23,1.5595,-0.2186,1.5542,0.6663,156.6211,152.1807,150.4609,155.7852,153.762,0.8331,0.8012,0.8386,0.7937,0.7937,0.7862,0.7676,0.8024,0.731,0.731,0.8132,0.8081,0.825,0.7648,0.7355,0.7335,0.7527,0.7013,0.7013,0.8109,0.4542,0.827,0.796,0.4542,0.8371,0.7298,0.6914,0.8353,0.8179,0.7787,0.7623,0.7799,0.6914,0,0,0,0,0,v1.0.1,2025_12_22,315.3778,321.7852,476.8345,300.6187,296.2384,149.2914,149.0408,341.8367,334.9209,488.9065,-5.0175,0.9877,-0.0001,0,-0.2298,1.5598,-0.2195,1.5539,0.6661,164.1602,159.748,166.0898,165.043,163.7603,0.683,0.6797,0.6943,0.701,0.6797,0.6654,0.634,0.6553,0.6482,0.634,0.6379,0.6563,0.6434,0.6329,0.6173,0.6286,0.6331,0.62,0.6173,0.6891,0.5154,0.6684,0.6794,0.5154,0.6449,0.6253,0.5869,0.665,0.6607,0.6739,0.6699,0.6335,0.5869,0,0,0,0,0,v1.0.1,2025_12_22,314.1923,314.0385,439.4052,299.4052,300.623,182.7623,186.2231,328.6612,328.3565,444.4783,-5.74,-5.6309,-0.0001,-0.0001,-0.2158,1.5673,-0.2133,1.5621,0.6751,176.3916,175.1533,173.3213,175.9141,175.1951,0.7943,0.6866,0.8029,0.6821,0.6821,0.7435,0.6549,0.7611,0.65,0.65,0.7702,0.7574,0.7639,0.7113,0.7113,0.7182,0,0.7166,0.6611,0.6611,0,0,0,0,0,v1.0.1,2025_12_22,314.1923,314.0385,440.2301,299.2301,300.4634,182.0325,185.3388,328.7769,328.3667,445.2417,-5.7817,-5.6361,-0.0001,-0.0001,-0.2164,1.5667,-0.2134,1.5627,0.6749,149.4434,144.6201,143.8535,146.8975,146.2036,0.6681,0.5911,0.6768,0.6071,0.5911,0.6349,0.5544,0.6204,0.5825,0.5544,0.6215,0.6383,0.6328,0.6112,0.6112,0.5928,0.5109,0.5741,0.5694,0.5109,0,0,0,0,0,0.0055,-0.0664,-0.0089,-0.0296,-0.0296,-0.0064,-0.0633,-0.0034,-0.0554,-0.0554,-0.0054,-0.0045,0.0048,-0.0122,-0.0825,-0.0813,-0.0537,-0.0458,0.0066,0.0101,-0.0028,-0.0358,0.0005,-0.0081,-0.0061,-0.0008,-0.0452,-0.0051,-0.0121,-0.0263,-0.0312,0.0006,-0.0248,-0.005,-0.0365,-0.0477,-0.0169,-0.0064,0.014,-0.0073,0.0085,-0.1384,-0.0019,-0.1068,-0.1037,0.0018,-0.1254,-0.0051,-0.108,-0.0917,-0.0099,-0.009,0.0075,0.0213,-0.021,-0.0189,0.0118,-0.0925,0.0024,-0.0802,-0.0652,0.0011,-0.1022,-0.0075,-0.062,-0.0735,-0.0254,-0.0003,-0.0027,0.0036,0.0036,0.0009,-0.0032,TRUE,TRUE
DTC_L_59,LanSi,1,CW_01,C,2026-03-27 13:47:31+08:00,ONLINE,FALSE,,CW_1_01,PASS,,,52.1543132,_2026032713473166202,T20260327134731,DESKTOP-P2DUL42,Loma,1,CW_1_01,2,paul di,2024.0718.155524,V20260126.2,CW_DTCL_DTCR_STC,T20260327134823,52.1543132,TRUE,TRUE,TRUE,TRUE,TRUE,TRUE,TRUE,4S2RND2HBL06DS,v1.0.1,2025_12_22,314.1333,323.2667,474.0657,302.9416,294.7815,152.5828,148.2961,343.2961,333.3577,489.927,-6.5732,2.9028,-0.0001,0,-0.2259,1.5574,-0.2197,1.5554,0.6668,154.8125,150.0264,148.3408,153.1064,151.5715,0.8286,0.8136,0.8406,0.8026,0.8026,0.7798,0.7479,0.8034,0.7632,0.7479,0.8154,0.8197,0.8281,0.7757,0.7537,0.7124,0.7603,0.7108,0.7108,0.8117,0.98,0.8195,0.8339,0.8117,0.8523,0.7807,0.7943,0.8364,0.8475,0.7811,0.8069,0.7917,0.7807,0,0,0,0,0,v1.0.1,2025_12_22,314.1739,323.3333,475.1679,302.8613,294.6928,151.5817,147.2303,343.4342,333.6765,490.9632,-6.5117,2.9348,-0.0001,0,-0.226,1.5573,-0.2193,1.5545,0.6666,164.3701,159.3877,166.0488,164.9541,163.6902,0.6744,0.6816,0.6954,0.6961,0.6744,0.6537,0.6355,0.6606,0.6497,0.6355,0.655,0.6517,0.663,0.6353,0.6139,0.6266,0.6422,0.6167,0.6139,0.6682,0.4542,0.6861,0.6728,0.4542,0.6636,0.6696,0.6496,0.6751,0.6747,0.6339,0.6648,0.6446,0.6339,0,0,0,0,0,v1.0.1,2025_12_22,312.9524,315.6286,437.7928,301.3784,298.9831,185.0508,184.5372,330.4628,327.0431,446.1293,-7.2383,-3.77,-0.0001,0,-0.2131,1.5637,-0.2145,1.5627,0.6747,175.8281,174.1514,172.3525,174.3018,174.1584,0.7895,0.6942,0.8102,0.7041,0.6942,0.7522,0.6582,0.7645,0.6804,0.6582,0.7887,0.7664,0.7623,0.6971,0.6971,0.7267,0,0.734,0.7234,0.7234,0,0,0,0,0,v1.0.1,2025_12_22,313,315.6038,438.5948,301.4052,299,184.1026,183.5372,330.4628,327.0169,447.0508,-7.2702,-3.775,-0.0001,0,-0.2121,1.5642,-0.2138,1.564,0.6756,149.4922,144.0947,143.7207,147.0029,146.0776,0.6584,0.6005,0.6704,0.6194,0.6005,0.6359,0.5632,0.6269,0.5919,0.5632,0.6238,0.6233,0.6273,0.6312,0.6233,0.5884,0.5305,0.5888,0.5911,0.5305,0,0,0,0,0,0.001,-0.054,-0.0069,-0.0207,-0.0207,-0.0128,-0.083,-0.0024,-0.0232,-0.0385,-0.0032,0.0071,0.0079,-0.0013,-0.0643,-0.1024,-0.0461,-0.0363,0.0074,0.0026,-0.0114,-0.0339,0.0016,-0.013,-0.0114,-0.0125,-0.0437,0.0002,-0.0106,-0.0248,-0.0141,-0.004,-0.0052,-0.0026,-0.0399,-0.0497,-0.0078,-0.0097,-0.0069,0.0104,0.0037,-0.1308,0.0054,-0.0848,-0.0916,0.0105,-0.1221,-0.0017,-0.0776,-0.0835,0.0086,0,0.0059,0.0071,-0.0125,-0.0015,0.0021,-0.0831,-0.004,-0.0679,-0.0558,0.0021,-0.0934,-0.001,-0.0526,-0.0647,-0.0231,-0.0153,-0.0082,0.0236,0.0157,-0.0035,0.0115,TRUE,TRUE
DTC_R_59,LanSi,1,CW_01,A,2026-03-27 13:47:31+08:00,ONLINE,FALSE,,CW_1_01,PASS,,,52.3128893,_2026032713473150601,T20260327134731,DESKTOP-P2DUL42,Loma,1,CW_1_01,1,paul di,2024.0718.155524,V20260126.2,CW_DTCL_DTCR_STC,T20260327134823,52.3128893,TRUE,TRUE,TRUE,TRUE,TRUE,TRUE,TRUE,4S2RND2HBL0DP6,v1.0.1,2025_12_22,315.3284,316.8358,475.5191,297.0458,295.6966,148.5448,149.6623,336.7219,336.0395,486.5,-5.0509,-2.3703,-0.0001,0,-0.2224,1.5542,-0.2189,1.5488,0.6654,157.0615,154.2939,154.0264,156.5547,155.4841,0.8681,0.7785,0.8742,0.7968,0.7785,0.8153,0.7426,0.8168,0.8063,0.7426,0.8287,0.8138,0.8115,0.8234,0.7237,0.7277,0.809,0.7989,0.7237,0.8355,0.7708,0.8001,0.98,0.7708,0.8482,0.7804,0.7431,0.8152,0.8012,0.7106,0.8566,0.8556,0.7106,0,0,0,0,0,v1.0.1,2025_12_22,315.292,316.7664,476.6296,296.9704,295.517,147.5442,148.5762,336.8344,336.0784,487.5229,-5.0814,-2.3723,-0.0001,0,-0.2216,1.5539,-0.2193,1.5491,0.6656,164.0537,158.5381,167.4141,166.168,164.0435,0.7014,0.6612,0.7144,0.6901,0.6612,0.6791,0.638,0.6706,0.6713,0.638,0.6521,0.6623,0.6572,0.6605,0.6123,0.6347,0.6294,0.6499,0.6123,0.6876,0.6453,0.661,0.1378,0.1378,0.6479,0.6516,0.6309,0.6679,0.6461,0.5962,0.6411,0.6683,0.5962,0,0,0,0,0,v1.0.1,2025_12_22,317.8095,328.0952,442.4159,313.2389,303.1429,196.4206,189.122,342.3333,332.5,457.5,-2.5019,8.0176,0,0.0001,-0.2181,1.5594,-0.2097,1.5572,0.6722,177.6553,177.123,177.3096,178.3857,177.6184,0.8033,0.6358,0.8155,0.6725,0.6358,0.772,0.6066,0.7834,0.7271,0.6066,0.7833,0.775,0.7527,0.7437,0.7437,0.7485,0.6983,0.7315,0,0.6983,0,0,0,0,0,v1.0.1,2025_12_22,317.75,328.125,443.2232,313.1786,303.041,195.8197,188.1639,342.4262,332.5,458.2931,-2.5644,8.0685,0,0.0001,-0.218,1.5596,-0.2094,1.5574,0.6724,148.0654,142.8262,144.4414,145.625,145.2395,0.6622,0.5547,0.6817,0.5836,0.5547,0.6424,0.5537,0.6485,0.6225,0.5537,0.633,0.6331,0.6427,0.6307,0.6307,0.5998,0.5765,0.5794,0.4045,0.4045,0,0,0,0,0,-0.0053,-0.1025,-0.0046,-0.0721,-0.0904,0.0002,-0.0779,-0.0184,-0.0187,-0.0725,-0.0001,-0.0002,-0.0086,0.0044,-0.0857,-0.0946,0.0055,-0.0138,-0.0084,0.0031,-0.001,-0.0481,0,-0.0343,-0.0412,-0.0085,-0.0414,0.0017,-0.0159,-0.0309,-0.0007,0.0208,-0.0071,0.0087,-0.0536,-0.0347,0.0011,0.0087,0.0032,0.0044,-0.0151,-0.1877,0.0065,-0.1482,-0.1732,0.0085,-0.1741,0.0114,-0.0616,-0.1569,0.0083,0.0112,0.0012,0.0041,0.0026,-0.008,-0.0042,-0.1228,0.0143,-0.1023,-0.1117,-0.0008,-0.0967,0.0099,-0.0229,-0.0849,-0.0083,-0.0101,0.0087,0.0101,0.0101,-0.0045,-0.0088,TRUE,TRUE
DTC_L_60,LanSi,1,CW_01,A,2026-03-27 13:49:38+08:00,ONLINE,FALSE,,CW_1_01,PASS,,,51.832264,_2026032713493806502,T20260327134938,DESKTOP-P2DUL42,Loma,1,CW_1_01,2,paul di,2024.0718.155524,V20260126.2,CW_DTCL_DTCR_STC,T20260327135029,51.832264,TRUE,TRUE,TRUE,TRUE,TRUE,TRUE,TRUE,4S2RND2HBL06DS,v1.0.1,2025_12_22,313.9343,322.8467,473.7778,302.1333,294.5298,151.4106,148.0397,342.5232,333.1064,489.6809,-6.8224,2.2189,-0.0001,0,-0.2284,1.5576,-0.2175,1.5559,0.6669,156.2412,151.9707,150.0342,155.4805,153.4316,0.8118,0.7894,0.8415,0.7865,0.7865,0.7786,0.7625,0.7992,0.7536,0.7536,0.8142,0.822,0.83,0.7693,0.7596,0.7218,0.7786,0.712,0.712,0.8408,0.98,0.8406,0.8319,0.8319,0.8334,0.7405,0.7547,0.856,0.8307,0.811,0.8113,0.7753,0.7405,0,0,0,0,0,v1.0.1,2025_12_22,314,322.9137,474.9353,302.0647,294.3487,150.4342,146.9664,342.8255,333.1972,490.5845,-6.8105,2.2645,-0.0001,0,-0.2283,1.5568,-0.2181,1.5563,0.6667,164.3633,159.5215,165.9268,165.1904,163.7505,0.6691,0.6703,0.6921,0.6903,0.6691,0.6534,0.6385,0.6524,0.6523,0.6385,0.6473,0.6618,0.6551,0.6436,0.6302,0.6376,0.6402,0.6259,0.6259,0.6747,0.481,0.6772,0.6901,0.481,0.649,0.6425,0.6139,0.6842,0.698,0.6474,0.682,0.6383,0.6139,0,0,0,0,0,v1.0.1,2025_12_22,312.9038,315.2212,437.6814,300.7168,298.9832,183.9076,184.3852,329.7541,326.8319,445.7899,-7.3429,-4.4221,-0.0001,0,-0.2152,1.5647,-0.2121,1.564,0.6753,175.8926,174.585,172.7383,175.1611,174.5942,0.7821,0.6886,0.8155,0.6605,0.6605,0.7519,0.6585,0.7627,0.6783,0.6585,0.7701,0.7735,0.7707,0.7026,0.7026,0.7288,0,0.727,0.7274,0.727,0,0,0,0,0,v1.0.1,2025_12_22,312.8095,315.0952,438.4522,300.6174,298.7603,183.1157,183.3697,329.6807,326.9138,446.5948,-7.4389,-4.4792,-0.0001,0,-0.2142,1.5642,-0.2117,1.5634,0.6754,149.2383,144.2246,143.7529,147.1172,146.0833,0.6517,0.5853,0.6886,0.59,0.5853,0.6273,0.5667,0.6355,0.5964,0.5667,0.6289,0.6293,0.6454,0.6099,0.6099,0.5838,0.5151,0.5889,0.5745,0.5151,0,0,0,0,0,-0.0158,-0.0782,-0.006,-0.0368,-0.0368,-0.014,-0.0684,-0.0066,-0.0328,-0.0328,-0.0044,0.0094,0.0098,-0.0077,-0.0584,-0.093,-0.0278,-0.0351,0.0365,0.0237,-0.0167,-0.0452,-0.0017,-0.0188,-0.0167,-0.0128,-0.0407,-0.008,-0.008,-0.0218,-0.0218,0.0061,-0.0131,0.0057,-0.0236,-0.0387,-0.0098,-0.0005,-0.0004,0.0015,-0.0037,-0.1364,0.0107,-0.1284,-0.1253,0.0102,-0.1218,-0.0035,-0.0797,-0.0832,-0.01,0.0071,0.0143,0.0126,-0.0104,-0.0085,-0.0046,-0.0983,0.0142,-0.0973,-0.071,-0.0065,-0.0899,0.0076,-0.0481,-0.0612,-0.018,-0.0093,0.0099,0.0023,0.0023,-0.0081,0.0116,TRUE,TRUE
DTC_R_60,LanSi,1,CW_01,B,2026-03-27 13:49:38+08:00,ONLINE,FALSE,,CW_1_01,PASS,,,52.038712,_2026032713493806601,T20260327134938,DESKTOP-P2DUL42,Loma,1,CW_1_01,1,paul di,2024.0718.155524,V20260126.2,CW_DTCL_DTCR_STC,T20260327135030,52.038712,TRUE,TRUE,TRUE,TRUE,TRUE,TRUE,TRUE,4S2RND2HBL0DP6,v1.0.1,2025_12_22,315.2222,316.8667,475.2574,297.1985,295.6781,148.411,149.5232,337.0397,335.8014,484.5822,-5.2036,-2.6804,-0.0001,0,-0.2218,1.5548,-0.2206,1.5482,0.6651,155.4092,152.5908,151.8652,155.1133,153.7446,0.8674,0.8009,0.8833,0.7828,0.7828,0.8066,0.7467,0.8235,0.759,0.7467,0.8228,0.7605,0.8117,0.8119,0.7314,0.7157,0.7679,0.7634,0.7157,0.826,0.7651,0.7965,0.591,0.591,0.8392,0.7974,0.7858,0.7896,0.7911,0.6728,0.8291,0.8595,0.6728,0,0,0,0,0,v1.0.1,2025_12_22,315.219,316.8759,476.2647,297.1103,295.3826,147.3758,148.3467,337.2333,335.9195,485.6107,-5.2735,-2.6588,-0.0001,0,-0.2216,1.5538,-0.2209,1.5482,0.6649,165.3779,160.249,169.1797,167.9834,165.6975,0.698,0.6712,0.714,0.6637,0.6637,0.6758,0.6383,0.6682,0.6444,0.6383,0.6518,0.598,0.6504,0.6724,0.632,0.6152,0.6337,0.635,0.598,0.6763,0.6395,0.6665,0.0822,0.0822,0.639,0.6788,0.6572,0.645,0.644,0.5655,0.6376,0.6813,0.5655,0,0,0,0,0,v1.0.1,2025_12_22,317.5524,328.1238,442.2679,313.2679,303.0488,196.2683,188.9274,342.4677,332.1565,456.0522,-2.7094,7.736,0,0.0001,-0.218,1.5607,-0.2105,1.5566,0.6722,176.8887,176.3311,176.2041,177.7881,176.803,0.8001,0.6495,0.8302,0.6437,0.6437,0.7731,0.6384,0.7847,0.6493,0.6384,0.7859,0.7637,0.7678,0.758,0.758,0.7541,0.671,0.7302,0,0.671,0,0,0,0,0,v1.0.1,2025_12_22,317.6389,328.2593,443.0727,313.2364,302.879,195.621,187.976,342.544,332.2414,457,-2.7384,7.8321,0,0.0001,-0.2187,1.5595,-0.2092,1.5573,0.6722,149.0645,144.3906,146.0518,147.3281,146.7087,0.6653,0.5735,0.6713,0.5728,0.5728,0.6489,0.5655,0.6356,0.5695,0.5655,0.6289,0.6338,0.6439,0.6367,0.6289,0.5864,0.5643,0.5798,0.3563,0.3563,0,0,0,0,0,-0.006,-0.0801,0.0045,-0.0861,-0.0861,-0.0085,-0.0738,-0.0117,-0.066,-0.0684,-0.006,-0.0535,-0.0084,-0.0071,-0.078,-0.1066,-0.0356,-0.0493,-0.0179,-0.0005,-0.0044,-0.0381,-0.0004,-0.0607,-0.0387,-0.0118,-0.0411,-0.0007,-0.0428,-0.0306,-0.001,-0.0435,-0.0139,0.0206,-0.0339,-0.0542,0.0054,-0.0062,-0.0081,0.0099,-0.0183,-0.174,0.0212,-0.177,-0.1653,0.0096,-0.1423,0.0127,-0.1394,-0.1251,0.0109,-0.0001,0.0163,0.0184,0.0082,-0.0093,-0.0011,-0.104,0.0039,-0.1131,-0.0936,0.0057,-0.0849,-0.003,-0.0759,-0.0731,-0.0124,-0.0094,0.0099,0.0161,0.0083,-0.0179,-0.0084,TRUE,TRUE
DTC_L_61,LanSi,1,CW_01,B,2026-03-27 13:51:34+08:00,ONLINE,FALSE,,CW_1_01,PASS,,,51.6660754,_2026032713513482602,T20260327135134,DESKTOP-P2DUL42,Loma,1,CW_1_01,2,paul di,2024.0718.155524,V20260126.2,CW_DTCL_DTCR_STC,T20260327135226,51.6660754,TRUE,TRUE,TRUE,TRUE,TRUE,TRUE,TRUE,4S2RND2HBL06DS,v1.0.1,2025_12_22,314.2148,322.7778,474.2148,302.2222,294.9122,152.0473,148.543,342.4305,333.6,488.8889,-6.403,2.1733,-0.0001,0,-0.2273,1.5577,-0.2176,1.5541,0.6667,155.2646,151.1162,149.0391,154.6162,152.509,0.8248,0.8051,0.8355,0.8004,0.8004,0.7827,0.7687,0.8135,0.7472,0.7472,0.8189,0.8029,0.8241,0.7693,0.7397,0.7172,0.782,0.6979,0.6979,0.8264,0.98,0.8311,0.8353,0.8264,0.8417,0.6788,0.7613,0.8373,0.828,0.8211,0.7959,0.7734,0.6788,0,0,0,0,0,v1.0.1,2025_12_22,314.1957,322.8333,475.3704,302.1556,294.7763,151.0066,147.4145,342.5855,333.7842,489.8777,-6.3918,2.1917,-0.0001,0,-0.2271,1.5577,-0.2174,1.5535,0.6667,163.1318,158.7939,164.5723,163.9014,162.5999,0.6823,0.6886,0.6953,0.7023,0.6823,0.671,0.6369,0.6581,0.6459,0.6369,0.6489,0.6432,0.6524,0.6397,0.613,0.6042,0.6406,0.615,0.6042,0.6633,0.3067,0.6843,0.6836,0.3067,0.6653,0.6233,0.6381,0.6855,0.6642,0.683,0.6733,0.6401,0.6233,0,0,0,0,0,v1.0.1,2025_12_22,313.0481,315.125,438,300.8393,299.2458,184.4153,184.605,329.605,327.1207,445.1466,-7.0961,-4.4738,-0.0001,0,-0.2133,1.5651,-0.2117,1.5625,0.6756,176.1133,174.8584,172.7305,175.541,174.8108,0.8002,0.6846,0.8095,0.6997,0.6846,0.7449,0.662,0.771,0.6573,0.6573,0.774,0.7645,0.7641,0.7167,0.7167,0.7281,0,0.7355,0.7317,0.7281,0,0,0,0,0,v1.0.1,2025_12_22,313.1058,315.0288,438.8091,300.6727,299.0087,183.7217,183.9113,329.629,327.3025,446.042,-7.0725,-4.4811,-0.0001,0,-0.2132,1.5633,-0.212,1.5623,0.6751,148.415,143.542,142.54,145.9414,145.1096,0.6702,0.5984,0.6713,0.6165,0.5984,0.6355,0.5682,0.6257,0.5702,0.5682,0.6262,0.6268,0.6467,0.616,0.616,0.5877,0.4994,0.6011,0.5787,0.4994,0,0,0,0,0,-0.0028,-0.0625,-0.012,-0.0229,-0.0229,-0.0099,-0.0622,0.0077,-0.0392,-0.0392,0.0003,-0.0097,0.0039,-0.0077,-0.0783,-0.0976,-0.0244,-0.0492,0.0221,0.0142,-0.0035,-0.0269,0.0015,-0.0068,-0.0035,0.0048,-0.0423,-0.0023,-0.0144,-0.0234,-0.0202,-0.0125,-0.0158,0.0018,-0.0408,-0.0721,-0.0094,-0.0114,-0.0118,0.0086,0.0144,-0.1404,0.0047,-0.0892,-0.1012,0.0032,-0.1183,0.0048,-0.1007,-0.0844,-0.0061,-0.0019,0.0077,0.0267,-0.0111,0,0.0139,-0.0852,-0.0031,-0.0708,-0.0579,0.0017,-0.0884,-0.0022,-0.0743,-0.0597,-0.0207,-0.0118,0.0112,0.0084,0.0084,-0.0042,0.0238,TRUE,TRUE
DTC_R_61,LanSi,1,CW_01,C,2026-03-27 13:51:34+08:00,ONLINE,FALSE,,CW_1_01,PASS,,,51.9114197,_2026032713513478301,T20260327135134,DESKTOP-P2DUL42,Loma,1,CW_1_01,1,paul di,2024.0718.155524,V20260126.2,CW_DTCL_DTCR_STC,T20260327135226,51.9114197,TRUE,TRUE,TRUE,TRUE,TRUE,TRUE,TRUE,4S2RND2HBL0DP6,v1.0.1,2025_12_22,315.2222,316.8667,475.2574,297.1985,295.6712,148.3836,149.4967,337.1242,335.8243,484.3041,-5.2056,-2.7246,-0.0001,0,-0.2218,1.5548,-0.2211,1.5479,0.6649,155.8945,153.3242,152.8037,155.7734,154.449,0.862,0.7918,0.8753,0.7878,0.7878,0.8143,0.7539,0.8124,0.7674,0.7539,0.8156,0.8191,0.8187,0.811,0.7382,0.7514,0.7712,0.7402,0.7382,0.8444,0.7837,0.7931,0.98,0.7837,0.8454,0.7578,0.7557,0.8149,0.7955,0.7396,0.824,0.8487,0.7396,0,0,0,0,0,v1.0.1,2025_12_22,315.1071,316.9571,476.3235,297.0368,295.3946,147.4558,148.2933,337.2867,335.8784,485.3716,-5.3006,-2.6784,-0.0001,0,-0.2224,1.5545,-0.2208,1.5476,0.6647,164.1045,159.2676,167.8369,166.9004,164.5273,0.6965,0.6758,0.7159,0.6787,0.6758,0.671,0.6421,0.6762,0.6457,0.6421,0.6469,0.6574,0.6579,0.6647,0.6288,0.6441,0.6274,0.6143,0.6143,0.6953,0.6516,0.6663,0.3286,0.3286,0.6524,0.6401,0.6481,0.6707,0.6465,0.6116,0.6364,0.6757,0.6116,0,0,0,0,0,v1.0.1,2025_12_22,317.6789,328.367,442.2679,313.2679,303.0656,196.3197,188.952,342.6,332.0885,456,-2.6894,7.8109,0,0.0001,-0.2201,1.5601,-0.2096,1.5579,0.6721,175.9229,175.9893,175.7686,177.543,176.3059,0.813,0.6603,0.8314,0.6445,0.6445,0.7845,0.6419,0.7877,0.6339,0.6339,0.7883,0.7636,0.7691,0.7597,0.7597,0.7473,0.6677,0.7367,0,0.6677,0,0,0,0,0,v1.0.1,2025_12_22,317.6,328.5,443.1376,313.3211,302.9339,195.7355,187.9098,342.7049,332.2105,456.8509,-2.7416,7.9225,0,0.0001,-0.2198,1.5603,-0.2086,1.5569,0.6722,148.2021,143.6699,145.1494,146.252,145.8184,0.6782,0.5764,0.6744,0.571,0.571,0.6544,0.5603,0.6481,0.5491,0.5491,0.6348,0.6406,0.644,0.6489,0.6348,0.6032,0.5504,0.5874,0.4626,0.4626,0,0,0,0,0,-0.0114,-0.0892,-0.0035,-0.0811,-0.0811,-0.0008,-0.0666,-0.0228,-0.0576,-0.0612,-0.0132,0.0051,-0.0014,-0.008,-0.0712,-0.0709,-0.0323,-0.0725,0.0005,-0.0039,-0.0059,-0.0335,0.0015,-0.0457,-0.0266,-0.0166,-0.0373,0.0073,-0.0415,-0.0268,-0.0059,0.0159,-0.0064,0.0129,-0.0371,-0.0253,-0.0009,-0.0269,0.0109,0.0097,-0.0054,-0.1632,0.0224,-0.1762,-0.1645,0.021,-0.1388,0.0157,-0.1548,-0.1296,0.0133,-0.0002,0.0176,0.0201,0.0014,-0.0028,0.0118,-0.1011,0.007,-0.1149,-0.0954,0.0112,-0.0901,0.0095,-0.0963,-0.0895,-0.0065,-0.0026,0.01,0.0283,0.0142,-0.0011,-0.0008,TRUE,TRUE
DTC_R_62,LanSi,1,CW_01,A,2026-03-27 13:53:42+08:00,ONLINE,FALSE,,CW_1_01,PASS,,,51.6337545,_2026032713534264401,T20260327135342,DESKTOP-P2DUL42,Loma,1,CW_1_01,1,paul di,2024.0718.155524,V20260126.2,CW_DTCL_DTCR_STC,T20260327135434,51.6337545,TRUE,TRUE,TRUE,TRUE,TRUE,TRUE,TRUE,4S2RND2HBL0DP6,v1.0.1,2025_12_22,315.2222,317.1333,475.3456,297.6397,295.5442,148.4218,149.4636,337.106,335.7708,484.125,-5.2307,-2.6148,-0.0001,0,-0.2206,1.5542,-0.2194,1.5478,0.6655,156.8486,154.3926,154.1885,156.3477,155.4443,0.8567,0.8124,0.8676,0.7962,0.7962,0.8204,0.7525,0.8226,0.7428,0.7428,0.8292,0.8134,0.8118,0.8169,0.7434,0.7507,0.7442,0.746,0.7434,0.8401,0.8031,0.8049,0.98,0.8031,0.8509,0.7801,0.7694,0.8207,0.7828,0.6836,0.821,0.8416,0.6836,0,0,0,0,0,v1.0.1,2025_12_22,315.1439,317.0719,476.4071,297.4071,295.3826,147.3758,148.3467,337.2333,335.9178,485.1438,-5.2604,-2.6536,-0.0001,0,-0.2208,1.5544,-0.2198,1.5473,0.6653,164.9268,158.7041,167.3896,167.5488,164.6423,0.7075,0.6836,0.7082,0.6763,0.6763,0.6783,0.647,0.6718,0.631,0.631,0.6469,0.6487,0.6623,0.6685,0.6311,0.6346,0.6205,0.6202,0.6202,0.676,0.6675,0.665,0.2917,0.2917,0.6601,0.6403,0.6523,0.6525,0.6406,0.626,0.6105,0.6681,0.6105,0,0,0,0,0,v1.0.1,2025_12_22,317.6216,328.5495,442.4298,313.5702,303.032,196.368,188.8145,342.6371,332.0885,456,-2.7027,7.925,0,0.0001,-0.2189,1.5603,-0.2084,1.5573,0.6726,176.9873,176.8301,176.8984,177.8789,177.1487,0.8228,0.6575,0.8227,0.6468,0.6468,0.7739,0.6497,0.7835,0.616,0.616,0.7726,0.7812,0.7587,0.7678,0.7587,0.7513,0.6495,0.7396,0,0.6495,0,0,0,0,0,v1.0.1,2025_12_22,317.5495,328.5135,443.2035,313.5575,302.8049,195.7154,187.9508,342.7295,332.0901,456.8919,-2.7802,7.9816,0,0.0001,-0.218,1.5597,-0.2087,1.5575,0.6726,148.9023,142.9424,144.8047,146.7783,145.8569,0.6788,0.5773,0.6765,0.5628,0.5628,0.6574,0.5783,0.65,0.5327,0.5327,0.6349,0.6439,0.646,0.6262,0.6262,0.6159,0.5407,0.5933,0.4234,0.4234,0,0,0,0,0,-0.0167,-0.0686,-0.0112,-0.0727,-0.0727,0.0053,-0.068,-0.0126,-0.0822,-0.0723,0.0004,-0.0006,-0.0083,-0.0021,-0.066,-0.0716,-0.0593,-0.0667,-0.0038,0.0079,0.0051,-0.0257,-0.0062,-0.0481,-0.0261,-0.0093,-0.0324,0.0029,-0.0562,-0.0379,-0.0059,0.0072,-0.002,0.0167,-0.0348,-0.0348,-0.0078,-0.021,-0.0084,0.0084,0.0044,-0.166,0.0137,-0.1739,-0.1622,0.0104,-0.131,0.0115,-0.1727,-0.1475,-0.0024,0.0174,0.0072,0.0282,0.0054,0.0001,0.0124,-0.1002,0.0091,-0.1231,-0.1036,0.0142,-0.0721,0.0114,-0.1127,-0.1059,-0.0064,0.0007,0.012,0.0056,0.0056,0.0116,0.0051,TRUE,TRUE
DTC_L_62,LanSi,1,CW_01,C,2026-03-27 13:53:42+08:00,ONLINE,FALSE,,CW_1_01,PASS,,,51.6467206,_2026032713534263702,T20260327135342,DESKTOP-P2DUL42,Loma,1,CW_1_01,2,paul di,2024.0718.155524,V20260126.2,CW_DTCL_DTCR_STC,T20260327135434,51.6467206,TRUE,TRUE,TRUE,TRUE,TRUE,TRUE,TRUE,4S2RND2HBL06DS,v1.0.1,2025_12_22,315.4167,321.1288,475.5489,300,296.457,149.6689,150.1655,341.0345,334.7941,487.1103,-5.0236,0.2885,-0.0001,0,-0.2307,1.5601,-0.2194,1.5541,0.666,155.6289,151.3916,149.0918,155.1367,152.8123,0.8232,0.8164,0.8423,0.791,0.791,0.7875,0.7644,0.8092,0.7483,0.7483,0.8179,0.8036,0.813,0.7505,0.7342,0.7388,0.7444,0.7017,0.7017,0.8318,0.3897,0.8078,0.7794,0.3897,0.8515,0.7588,0.7343,0.8324,0.8105,0.761,0.7754,0.7767,0.7343,0,0,0,0,0,v1.0.1,2025_12_22,315.3162,321.1912,476.7153,299.9343,296.2368,148.8224,149,341.2067,334.9574,488.156,-5.0548,0.3621,-0.0001,0,-0.2304,1.56,-0.2193,1.5532,0.6659,162.7803,158.6885,164.5225,163.582,162.3933,0.6897,0.6948,0.6971,0.6944,0.6897,0.6579,0.6391,0.6528,0.652,0.6391,0.6478,0.6595,0.653,0.6176,0.6264,0.6451,0.639,0.5996,0.5996,0.7003,0.4982,0.6753,0.6733,0.4982,0.6566,0.6367,0.5974,0.658,0.6691,0.6352,0.6742,0.6395,0.5974,0,0,0,0,0,v1.0.1,2025_12_22,314.1143,313.5524,439.2589,298.8929,300.582,182.2295,186.2195,328.3252,328.2542,443.9661,-5.8142,-6.1068,-0.0001,-0.0001,-0.2161,1.5676,-0.2145,1.5623,0.6748,176.2861,175.2871,172.9521,176.3232,175.2122,0.7949,0.7214,0.8012,0.6997,0.6997,0.7472,0.6562,0.772,0.6433,0.6433,0.7721,0.7727,0.7768,0.6769,0.6769,0.7302,0,0.7258,0.6648,0.6648,0,0,0,0,0,v1.0.1,2025_12_22,314.066,313.5755,439.973,298.7928,300.453,181.5214,185.314,328.405,328.3475,444.7288,-5.8693,-6.0953,-0.0001,-0.0001,-0.2164,1.5676,-0.2142,1.5618,0.6747,148.0234,143.8037,142.1377,145.7881,144.9382,0.6488,0.598,0.6809,0.6073,0.598,0.6266,0.5603,0.6318,0.5677,0.5603,0.6463,0.6359,0.6447,0.592,0.592,0.5886,0.5207,0.5929,0.5429,0.5207,0,0,0,0,0,-0.0044,-0.0512,-0.0052,-0.0323,-0.0323,-0.0051,-0.0665,0.0034,-0.0381,-0.0381,-0.0007,-0.009,-0.0072,-0.0265,-0.0838,-0.076,-0.062,-0.0454,0.0275,-0.0091,0.0039,-0.0207,0.0033,-0.0147,0.0039,-0.0083,-0.0401,-0.0076,-0.0083,-0.0212,-0.0213,0.0038,-0.0152,-0.0203,-0.0274,-0.0312,-0.011,-0.0268,0.0252,-0.0004,0.0091,-0.1036,-0.0036,-0.0892,-0.0861,0.0055,-0.1241,0.0058,-0.1147,-0.0984,-0.008,0.0063,0.0204,-0.0131,-0.009,-0.0097,-0.0075,-0.0856,0.0065,-0.08,-0.0583,-0.0072,-0.0963,0.0039,-0.0768,-0.0676,-0.0006,-0.0027,0.0092,-0.0156,-0.0156,-0.0033,0.0156,TRUE,TRUE
DTC_L_63,LanSi,1,CW_01,A,2026-03-27 13:55:40+08:00,ONLINE,FALSE,,CW_1_01,PASS,,,52.1854409,_2026032713554020302,T20260327135540,DESKTOP-P2DUL42,Loma,1,CW_1_01,2,paul di,2024.0718.155524,V20260126.2,CW_DTCL_DTCR_STC,T20260327135632,52.1854409,TRUE,TRUE,TRUE,TRUE,TRUE,TRUE,TRUE,4S2RND2HBL06DS,v1.0.1,2025_12_22,315.2148,322.2222,475.3529,301.3088,296.2534,151.6507,150.0068,342.0952,334.6963,487.7926,-5.1951,1.5139,-0.0001,0,-0.2293,1.5596,-0.2192,1.5532,0.666,154.7217,150.2227,148.4482,154.2285,151.9053,0.8347,0.7995,0.8403,0.7899,0.7899,0.7917,0.7563,0.8005,0.7525,0.7525,0.8217,0.8148,0.8052,0.7669,0.7455,0.7259,0.7609,0.691,0.691,0.8031,0.98,0.8116,0.7854,0.7854,0.8536,0.7972,0.751,0.8412,0.8258,0.7802,0.7714,0.7742,0.751,0,0,0,0,0,v1.0.1,2025_12_22,315.1884,322.2246,476.3358,301.292,296.0667,150.7067,148.9247,342.2808,334.781,488.8759,-5.2407,1.576,-0.0001,0,-0.2287,1.5593,-0.2195,1.5533,0.6661,163.0811,158.5811,164.2939,164.001,162.4893,0.6811,0.6865,0.6937,0.7034,0.6811,0.6552,0.6428,0.6527,0.65,0.6428,0.6511,0.6563,0.6506,0.6352,0.6168,0.6347,0.6353,0.6164,0.6164,0.6803,0.3399,0.697,0.6689,0.3399,0.6592,0.6629,0.6102,0.694,0.6688,0.669,0.669,0.6547,0.6102,0,0,0,0,0,v1.0.1,2025_12_22,314,314.6038,439.0541,300.0541,300.4553,184.0163,185.9593,329.3577,328.2105,444.5,-5.9642,-4.9936,-0.0001,0,-0.2153,1.5669,-0.2142,1.5613,0.6747,175.5098,174.25,172.3467,175.2959,174.3506,0.7887,0.7012,0.8128,0.696,0.696,0.7477,0.6688,0.7605,0.6475,0.6475,0.7735,0.7645,0.7658,0.6932,0.6932,0.7363,0,0.7362,0.667,0.667,0,0,0,0,0,v1.0.1,2025_12_22,314,314.5,439.7928,299.973,300.3306,183.2231,185.1639,329.4262,328.25,445.4138,-5.9925,-4.9928,-0.0001,0,-0.2145,1.5665,-0.2148,1.5619,0.6748,148.2871,143.0674,142.2949,146.127,144.9441,0.6697,0.5948,0.6651,0.6151,0.5948,0.6349,0.5602,0.6344,0.5796,0.5602,0.629,0.6374,0.6338,0.6006,0.6006,0.5821,0.5133,0.5873,0.5579,0.5133,0,0,0,0,0,0.0071,-0.0681,-0.0072,-0.0334,-0.0334,-0.0009,-0.0746,-0.0053,-0.0339,-0.0339,0.0031,0.0022,-0.015,-0.0101,-0.0725,-0.0889,-0.0455,-0.0561,-0.0012,-0.0053,-0.0047,-0.029,-0.0001,-0.0057,-0.0047,-0.011,-0.0364,-0.0077,-0.0103,-0.0175,-0.018,0.0006,-0.0176,-0.0027,-0.037,-0.0416,-0.0147,-0.01,0.0052,0.0213,0.0029,-0.1238,0.008,-0.0929,-0.0898,0.006,-0.1115,-0.0057,-0.1105,-0.0942,-0.0066,-0.0019,0.0094,0.0032,-0.0029,0.0007,0.0134,-0.0888,-0.0093,-0.0722,-0.0615,0.0011,-0.0964,0.0065,-0.0649,-0.0677,-0.0179,-0.0012,-0.0017,-0.007,-0.007,-0.0098,0.01,TRUE,TRUE
DTC_R_63,LanSi,1,CW_01,B,2026-03-27 13:55:40+08:00,ONLINE,FALSE,,CW_1_01,PASS,,,52.3300544,_2026032713554031801,T20260327135540,DESKTOP-P2DUL42,Loma,1,CW_1_01,1,paul di,2024.0718.155524,V20260126.2,CW_DTCL_DTCR_STC,T20260327135632,52.3300544,TRUE,TRUE,TRUE,TRUE,TRUE,TRUE,TRUE,4S2RND2HBL0DP6,v1.0.1,2025_12_22,315.0657,317.8467,474.8593,298.0296,295.4257,148.3649,149.6225,338.1987,335.2695,485.3333,-5.4515,-1.9454,-0.0001,0,-0.2229,1.5549,-0.2219,1.5502,0.6651,156.8076,154.3945,153.7764,156.3145,155.3232,0.8656,0.8337,0.8722,0.8217,0.8217,0.8243,0.7841,0.8232,0.7977,0.7841,0.8325,0.8194,0.8152,0.8208,0.7633,0.7715,0.7392,0.7756,0.7392,0.8535,0.8134,0.8159,0.3356,0.3356,0.8454,0.7942,0.7817,0.8315,0.8095,0.7975,0.7801,0.848,0.7801,0,0,0,0,0,v1.0.1,2025_12_22,315.1143,317.7286,476,297.9137,295.2148,147.3289,148.4211,338.2105,335.5,486.411,-5.45,-1.9815,-0.0001,0,-0.222,1.554,-0.2217,1.55,0.6651,165.4805,159.3486,168.2744,168.0439,165.2869,0.7037,0.6954,0.7129,0.7011,0.6954,0.6779,0.6645,0.67,0.6616,0.6616,0.6451,0.664,0.6568,0.6688,0.6476,0.654,0.6019,0.6363,0.6019,0.6853,0.6738,0.6664,0.5001,0.5001,0.6446,0.6564,0.6615,0.6653,0.6618,0.6866,0.6465,0.6803,0.6446,0,0,0,0,0,v1.0.1,2025_12_22,317.4486,329.1308,441.7636,314.1636,302.9113,196.4194,188.9274,343.5565,331.9273,457.5,-2.9044,8.6541,0,0.0001,-0.2193,1.5612,-0.2113,1.558,0.6721,177.248,176.9531,177.1963,177.9629,177.3401,0.812,0.7121,0.8233,0.6691,0.6691,0.78,0.6746,0.7812,0.687,0.6746,0.768,0.7776,0.7683,0.7476,0.7476,0.7472,0.6806,0.7385,0,0.6806,0,0,0,0,0,v1.0.1,2025_12_22,317.3714,329.1905,442.5893,314.1607,302.696,195.816,187.96,343.616,331.9286,458.3393,-2.9909,8.7245,0,0.0001,-0.2189,1.5607,-0.2105,1.558,0.6723,149.3916,143.832,145.4258,147.1025,146.438,0.669,0.6043,0.6772,0.5877,0.5877,0.6539,0.5919,0.6411,0.5853,0.5853,0.6488,0.6271,0.6291,0.6361,0.6271,0.6074,0.5505,0.5894,0.5254,0.5254,0,0,0,0,0,-0.0078,-0.0473,-0.0066,-0.0472,-0.0472,0.0092,-0.0364,-0.012,-0.0273,-0.031,0.0037,0.0054,-0.0049,0.0018,-0.0461,-0.0508,-0.0643,-0.0371,0.0096,0.0189,0.0013,-0.0139,-0.0015,-0.0233,-0.007,-0.0097,-0.0149,0.0011,-0.0256,-0.0073,-0.0077,0.0225,-0.0075,0.017,-0.0183,-0.0154,-0.0264,-0.0049,0.0009,0.0098,-0.0064,-0.1114,0.0143,-0.1516,-0.1399,0.0165,-0.1061,0.0092,-0.1017,-0.0889,-0.007,0.0138,0.0168,0.008,0.0013,-0.001,0.0026,-0.0732,0.0098,-0.0982,-0.0787,0.0107,-0.0585,0.0025,-0.0601,-0.0533,0.0075,-0.0161,-0.0049,0.0155,0.0065,0.0031,0.0012,TRUE,TRUE
DTC_L_64,LanSi,1,CW_01,B,2026-03-27 13:58:11+08:00,ONLINE,FALSE,,CW_1_01,PASS,,,44.2788101,_2026032713581139902,T20260327135811,DESKTOP-P2DUL42,Loma,1,CW_1_01,2,paul di,2024.0718.155524,V20260126.2,CW_DTCL_DTCR_STC,T20260327135855,44.2788101,TRUE,TRUE,TRUE,TRUE,TRUE,TRUE,TRUE,4S2RND2HBL06DS,v1.0.1,2025_12_22,314.3037,322.9185,474.1852,302.6889,294.9272,151.9868,148.5,342.5867,333.6296,488.9556,-6.3909,2.3273,-0.0001,0,-0.2253,1.5574,-0.2176,1.5544,0.6672,155.3945,150.7627,149.0889,154.6631,152.4773,0.8227,0.8033,0.7694,0.766,0.766,0.7772,0.7664,0.8027,0.7521,0.7521,0.8067,0.8151,0.8136,0.7798,0.7478,0.718,0.765,0.7017,0.7017,0.8072,0.98,0.821,0.8095,0.8072,0.8366,0.7618,0.7472,0.8382,0.8286,0.8201,0.7967,0.7765,0.7472,0,0,0,0,0,v1.0.1,2025_12_22,314.292,323,475.259,302.5108,294.8792,151.0134,147.4868,342.6382,333.8357,489.9714,-6.3495,2.3268,-0.0001,0,-0.2261,1.5579,-0.2167,1.5538,0.6672,164.1611,159.4629,165.7539,165.1562,163.6335,0.6712,0.6766,0.6446,0.6831,0.6446,0.6644,0.6399,0.6554,0.6543,0.6399,0.6643,0.6482,0.664,0.6371,0.6368,0.6195,0.6516,0.6138,0.6138,0.6715,0.4669,0.6817,0.6873,0.4669,0.6537,0.6338,0.6313,0.6839,0.6785,0.6957,0.6777,0.6321,0.6313,0,0,0,0,0,v1.0.1,2025_12_22,313.0849,315.3302,438,301.0545,299.325,184.3667,184.7025,329.6364,327.4052,445.4655,-6.9965,-4.3293,-0.0001,0,-0.2133,1.5656,-0.2105,1.5607,0.6756,176.0771,174.5977,172.833,175.6455,174.7883,0.792,0.6875,0.7514,0.671,0.671,0.7523,0.6628,0.7529,0.6503,0.6503,0.7769,0.7697,0.7674,0.7108,0.7108,0.7329,0,0.7257,0.7099,0.7099,0,0,0,0,0,v1.0.1,2025_12_22,313.0865,315.2212,438.886,300.9561,299.1368,183.7778,183.9098,329.7049,327.3866,446.1933,-7.0189,-4.3293,-0.0001,0,-0.2124,1.5645,-0.2111,1.5615,0.6756,149.4082,144.0791,143.7568,147.2031,146.1118,0.6598,0.5911,0.6271,0.6061,0.5911,0.6279,0.5617,0.6365,0.5818,0.5617,0.6388,0.6329,0.6482,0.6142,0.6142,0.5758,0.5221,0.5884,0.5606,0.5221,0,0,0,0,0,-0.0049,-0.0643,-0.0781,-0.0573,-0.0573,-0.0154,-0.0645,-0.0031,-0.0343,-0.0343,-0.0119,0.0025,-0.0066,0.0028,-0.0702,-0.0968,-0.0414,-0.0454,0.0029,0.0041,-0.0146,-0.0389,-0.0492,-0.026,-0.0412,-0.0018,-0.0393,-0.005,-0.006,-0.0204,-0.0048,-0.0075,-0.0042,-0.0008,-0.017,-0.0568,0.0016,-0.0126,-0.0036,0.006,0.0062,-0.1375,-0.0534,-0.1179,-0.1148,0.0106,-0.1175,-0.0133,-0.1077,-0.0914,-0.0032,0.0033,0.011,0.0208,-0.0063,-0.0098,0.0035,-0.0925,-0.0473,-0.0812,-0.0652,-0.0059,-0.0949,0.0086,-0.0627,-0.0662,-0.0081,-0.0057,0.0127,0.0066,0.0066,-0.0161,0.0111,TRUE,TRUE
DTC_R_64,LanSi,1,CW_01,B,2026-03-27 18:08:09+08:00,ONLINE,FALSE,,CW_1_01,PASS,,,42.097248,_2026032718080943601,T20260327180809,DESKTOP-P2DUL42,Loma,1,CW_1_01,1,paul di,2024.0718.155524,V20260126.2,CW_DTCL_DTCR_STC,T20260327180851,42.097248,TRUE,TRUE,TRUE,TRUE,TRUE,TRUE,TRUE,4S2RND2HBL0DP6,v1.0.1,2025_12_22,315.3835,317.0526,475.5489,297.8271,295.8493,149.4932,149.7211,337.1224,336,485.8639,-4.9995,-2.0282,0,0,-0.2189,1.5542,-0.22,1.5488,0.666,154.7715,151.8018,151.5439,154.3105,153.1069,0.8591,0.7961,0.8777,0.7922,0.7922,0.8198,0.7013,0.8227,0.7873,0.7013,0.8266,0.8096,0.813,0.8207,0.7086,0.6953,0.8006,0.7885,0.6953,0.8554,0.7897,0.8028,0.6452,0.6452,0.8548,0.7772,0.7724,0.8103,0.789,0.74,0.8352,0.8613,0.74,0,0,0,0,0,v1.0.1,2025_12_22,315.2647,317.1103,476.6879,297.5603,295.7172,148.3862,148.4564,337.3087,336.0952,486.8095,-5.0557,-2.065,-0.0001,0,-0.22,1.5549,-0.22,1.5481,0.6658,164.6836,158.8223,167.9092,167.3848,164.7,0.6987,0.6712,0.7157,0.6896,0.6712,0.6744,0.6095,0.6728,0.6704,0.6095,0.6607,0.6627,0.6522,0.6673,0.6218,0.6246,0.6356,0.6434,0.6218,0.6905,0.656,0.663,0.2775,0.2775,0.651,0.6534,0.6289,0.6661,0.66,0.597,0.6349,0.6616,0.597,0,0,0,0,0,v1.0.1,2025_12_22,317.7925,328.5,442.4522,313.6174,303.1789,197.1789,189,342.5873,332.3675,457.2222,-2.5418,8.3212,0,0.0001,-0.2183,1.5595,-0.2084,1.5575,0.6726,176.5752,175.6553,176.4092,177.6826,176.5806,0.806,0.6436,0.814,0.6653,0.6436,0.7737,0.5726,0.7709,0.6998,0.5726,0.7792,0.7741,0.765,0.7697,0.765,0.7478,0.668,0.7235,0,0.668,0,0,0,0,0,v1.0.1,2025_12_22,317.713,328.6759,443.2456,313.5877,303.0417,196.525,188.1322,342.8099,332.2564,457.9487,-2.6222,8.4095,0,0.0001,-0.2191,1.5597,-0.2081,1.5582,0.6727,149.0322,143.0713,145.1875,146.7412,146.0081,0.659,0.5615,0.6722,0.5827,0.5615,0.6499,0.5183,0.6501,0.6018,0.5183,0.6256,0.64,0.6348,0.6392,0.6256,0.581,0.5424,0.5736,0.4575,0.4575,0,0,0,0,0,-0.0143,-0.0849,-0.0011,-0.0767,-0.0767,0.0047,-0.1192,-0.0125,-0.0377,-0.1138,-0.0022,-0.0044,-0.0071,0.0017,-0.1008,-0.127,-0.0029,-0.0242,0.0115,0.0058,-0.0037,-0.0381,0.0013,-0.0348,-0.0312,-0.0132,-0.0699,0.0039,-0.0168,-0.0594,0.0079,0.0212,-0.0121,0.0155,-0.0441,-0.0448,0.0073,0.0022,0.0061,0.0064,-0.0124,-0.1799,0.005,-0.1554,-0.1654,0.0102,-0.2081,-0.0011,-0.0889,-0.1909,0.0042,0.0103,0.0135,0.0301,0.0019,-0.016,-0.0074,-0.116,0.0048,-0.1032,-0.1049,0.0067,-0.1321,0.0115,-0.0436,-0.1203,-0.0157,-0.0032,0.0008,0.0186,0.005,-0.0233,-0.0146,TRUE,TRUE
DTC_L_65,LanSi,1,CW_01,C,2026-03-27 13:59:58+08:00,ONLINE,FALSE,,CW_1_01,FAIL,SFR_VIS_25cm_Ny4_06F_ROI16;SFR_VIS_25cm_Ny4_06F_Min,sfr_25Algo,51.7213602,_2026032713595802802,T20260327135958,DESKTOP-P2DUL42,Loma,1,CW_1_01,2,paul di,2024.0718.155524,V20260126.2,CW_DTCL_DTCR_STC,T20260327140049,51.7213602,TRUE,TRUE,TRUE,TRUE,TRUE,TRUE,TRUE,4S2RND2HBL06DS,v1.0.1,2025_12_22,314.2132,322.7279,474.3684,302.1353,294.8467,151.7867,148.5132,342.3618,333.6594,488.6594,-6.3798,2.0342,-0.0001,0,-0.2274,1.5575,-0.2174,1.5536,0.6666,154.916,150.6748,148.2832,154.2217,152.0239,0.8183,0.7908,0.8312,0.7842,0.7842,0.7821,0.7609,0.7997,0.7487,0.7487,0.8164,0.8099,0.8185,0.7597,0.7494,0.7176,0.7711,0.6561,0.6561,0.8208,0.98,0.8149,0.8452,0.8149,0.8476,0.8249,0.7787,0.8281,0.8307,0.8195,0.8026,0.7658,0.7658,0,0,0,0,0,v1.0.1,2025_12_22,314.2482,322.6934,475.4179,302.0373,294.8079,150.7616,147.44,342.44,333.7857,489.8286,-6.3601,2.0522,-0.0001,0,-0.227,1.5577,-0.2173,1.5539,0.6668,163.1973,158.5674,163.8594,163.9102,162.3835,0.6791,0.6685,0.6875,0.6977,0.6685,0.6513,0.637,0.6602,0.6486,0.637,0.6442,0.6593,0.6617,0.633,0.6407,0.617,0.6442,0.5973,0.5973,0.6913,0.2831,0.673,0.6864,0.2831,0.6376,0.6704,0.635,0.6889,0.6881,0.6786,0.6777,0.6211,0.6211,0,0,0,0,0,v1.0.1,2025_12_22,313.1058,314.9712,438,300.7455,299.2167,184.2083,184.7886,329.5366,327.2222,445.2308,-7.0333,-4.5615,-0.0001,0,-0.2129,1.5645,-0.2125,1.5623,0.6753,175.7861,174.5664,172.0693,175.4092,174.4578,0.7966,0.7028,0.8034,0.6807,0.6807,0.7487,0.6533,0.7535,0.666,0.6533,0.7794,0.7768,0.7594,0.6888,0.6888,0.7101,0,0.7338,0.733,0.7101,0,0,0,0,0,v1.0.1,2025_12_22,313.0874,314.835,438.8125,300.5714,299.0957,183.5304,183.976,329.544,327.3719,445.9669,-7.0313,-4.6104,-0.0001,0,-0.2125,1.5641,-0.2129,1.5618,0.6751,148.3613,143.1719,141.9463,145.7949,144.8186,0.6748,0.5863,0.6753,0.6023,0.5863,0.6338,0.5594,0.6422,0.5754,0.5594,0.6297,0.6368,0.638,0.609,0.609,0.565,0.4547,0.589,0.579,0.4547,0,0,0,0,0,-0.0093,-0.0768,-0.0163,-0.0391,-0.0391,-0.0105,-0.07,-0.0061,-0.0377,-0.0377,-0.0022,-0.0027,-0.0017,-0.0173,-0.0686,-0.0972,-0.0353,-0.091,0.0165,-0.002,-0.0067,-0.047,-0.0063,-0.0114,-0.0173,-0.0149,-0.0422,-0.0002,-0.0117,-0.0233,-0.0249,0.0036,-0.0065,-0.0049,-0.0131,-0.0593,-0.0058,-0.0291,0.0162,-0.0027,0.0108,-0.1222,-0.0014,-0.1082,-0.1051,0.007,-0.127,-0.0127,-0.092,-0.0884,-0.0007,0.0104,0.003,-0.0012,-0.0291,-0.0017,0.0185,-0.0973,0.0009,-0.085,-0.07,0,-0.0972,0.0143,-0.0691,-0.0685,-0.0172,-0.0018,0.0025,0.0014,0.0014,-0.0269,0.0117,TRUE,TRUE
DTC_R_65,LanSi,1,CW_01,C,2026-03-27 13:59:58+08:00,ONLINE,FALSE,,CW_1_01,PASS,,,51.7193655,_2026032713595802801,T20260327135958,DESKTOP-P2DUL42,Loma,1,CW_1_01,1,paul di,2024.0718.155524,V20260126.2,CW_DTCL_DTCR_STC,T20260327140049,51.7193655,TRUE,TRUE,TRUE,TRUE,TRUE,TRUE,TRUE,4S2RND2HBL0DP6,v1.0.1,2025_12_22,315.1544,316.6691,475.25,296.9779,295.6301,148.2671,149.4133,336.6133,335.8041,484.723,-5.2496,-2.8499,-0.0001,0,-0.2219,1.5549,-0.2192,1.548,0.6654,157.6367,154.8975,154.4658,156.9092,155.9773,0.8651,0.7989,0.8766,0.8062,0.7989,0.8224,0.7489,0.8177,0.7729,0.7489,0.8259,0.8112,0.8089,0.8338,0.746,0.7286,0.7834,0.7829,0.7286,0.8366,0.7952,0.7967,0.98,0.7952,0.8469,0.7815,0.7704,0.8252,0.8039,0.7442,0.8318,0.8384,0.7442,0,0,0,0,0,v1.0.1,2025_12_22,315.1295,316.6835,476.2647,296.8897,295.3878,147.2449,148.1497,336.8095,335.8467,485.7867,-5.3443,-2.8172,-0.0001,0,-0.2217,1.5543,-0.2194,1.5484,0.6654,164.3662,159.0215,167.5332,166.6113,164.3831,0.7058,0.6688,0.7172,0.6893,0.6688,0.6798,0.6382,0.6691,0.6527,0.6382,0.6505,0.6552,0.6675,0.655,0.6387,0.6146,0.6281,0.6394,0.6146,0.68,0.6634,0.6588,0.1613,0.1613,0.6393,0.6578,0.6612,0.6651,0.6666,0.6,0.6349,0.676,0.6,0,0,0,0,0,v1.0.1,2025_12_22,317.5048,328.0571,442.1818,313.1182,303.0248,196.1653,188.7805,342.3252,332.0708,456.2832,-2.7875,7.6898,0,0.0001,-0.2187,1.5609,-0.2099,1.5572,0.6724,177.9326,177.2988,177.4873,178.5723,177.8228,0.8138,0.6519,0.8233,0.6564,0.6519,0.7777,0.5972,0.7713,0.6642,0.5972,0.7868,0.7776,0.755,0.7654,0.755,0.7433,0.6754,0.7338,0,0.6754,0,0,0,0,0,v1.0.1,2025_12_22,317.5,328,443,313.0545,302.9024,195.5772,187.976,342.456,332.115,457.1062,-2.8013,7.7388,0,0.0001,-0.218,1.5605,-0.2106,1.5576,0.6724,148.1953,143.1641,144.8613,146.0225,145.5608,0.6759,0.5698,0.6837,0.5863,0.5698,0.645,0.5434,0.6518,0.5751,0.5434,0.6334,0.6392,0.649,0.6321,0.6321,0.5985,0.5404,0.5821,0.3831,0.3831,0,0,0,0,0,-0.0083,-0.0821,-0.0022,-0.0627,-0.07,0.0073,-0.0716,-0.0175,-0.0521,-0.0662,-0.0029,-0.0028,-0.0112,0.0148,-0.0634,-0.0937,-0.0201,-0.0298,-0.0073,-0.0003,0.0034,-0.0405,0.0028,-0.0351,-0.0336,-0.0078,-0.0412,0.0002,-0.0345,-0.0307,-0.0023,0.0137,0.0032,0.0032,-0.0272,-0.0548,-0.0002,-0.0018,-0.0044,0.0022,-0.0046,-0.1716,0.0143,-0.1643,-0.1571,0.0142,-0.1835,-0.0007,-0.1245,-0.1663,0.0118,0.0138,0.0035,0.0258,-0.0026,-0.0057,0.0095,-0.1077,0.0163,-0.0996,-0.0966,0.0018,-0.107,0.0132,-0.0703,-0.0952,-0.0079,-0.004,0.015,0.0115,0.0115,-0.0058,-0.0061,TRUE,TRUE
DTC_R_66,LanSi,1,CW_01,A,2026-03-27 14:01:39+08:00,ONLINE,FALSE,,CW_1_01,PASS,,,51.6171109,_2026032714013929601,T20260327140139,DESKTOP-P2DUL42,Loma,1,CW_1_01,1,paul di,2024.0718.155524,V20260126.2,CW_DTCL_DTCR_STC,T20260327140230,51.6171109,TRUE,TRUE,TRUE,TRUE,TRUE,TRUE,TRUE,4S2RND2HBL0DP6,v1.0.1,2025_12_22,315.146,317.6277,474.7778,297.8667,295.6966,148.1793,149.6711,338.0268,335.2837,485.5106,-5.385,-2.0578,-0.0001,0,-0.2226,1.556,-0.2221,1.5509,0.6655,157.4014,154.5713,154.1006,156.8633,155.7341,0.8646,0.8287,0.8648,0.8203,0.8203,0.8257,0.7948,0.835,0.7787,0.7787,0.812,0.8089,0.8173,0.816,0.7437,0.789,0.7433,0.7639,0.7433,0.8401,0.8101,0.8257,0.98,0.8101,0.8427,0.7917,0.7934,0.8268,0.8142,0.7968,0.7874,0.8354,0.7874,0,0,0,0,0,v1.0.1,2025_12_22,315.1214,317.6357,475.8467,297.8102,295.3649,147.2027,148.457,338.2384,335.4085,486.5,-5.4603,-2.0226,-0.0001,0,-0.2222,1.5549,-0.2225,1.5507,0.6652,164.7051,159.3711,167.9297,167.25,164.814,0.7052,0.686,0.7033,0.7024,0.686,0.68,0.6645,0.6658,0.6592,0.6592,0.664,0.6543,0.6547,0.649,0.6352,0.6563,0.6092,0.6279,0.6092,0.6821,0.6622,0.669,0.2769,0.2769,0.6491,0.6717,0.6634,0.6853,0.66,0.6694,0.6637,0.6792,0.6491,0,0,0,0,0,v1.0.1,2025_12_22,317.4486,329.1308,441.7636,314.0727,303.0244,196.2602,189,343.5,331.8636,457.7364,-2.8799,8.64,0,0.0001,-0.22,1.5621,-0.2109,1.5587,0.6725,177.6094,176.8867,176.9395,178.4805,177.479,0.8113,0.7048,0.8165,0.7129,0.7048,0.7712,0.6785,0.7852,0.6692,0.6692,0.7629,0.7611,0.7551,0.7413,0.7413,0.7392,0.689,0.7249,0,0.689,0,0,0,0,0,v1.0.1,2025_12_22,317.4486,329.1308,442.6239,313.9358,302.8571,195.5794,188,343.5873,331.9182,458.5727,-2.9304,8.6612,0,0.0001,-0.2203,1.5615,-0.2107,1.559,0.6724,148.7705,143.7178,145.5391,146.6787,146.1765,0.6647,0.6046,0.6723,0.6153,0.6046,0.6468,0.5897,0.6407,0.5695,0.5695,0.6425,0.6397,0.6332,0.6398,0.6332,0.5961,0.551,0.5834,0.4134,0.4134,0,0,0,0,0,-0.0088,-0.0523,-0.014,-0.0486,-0.0486,0.0106,-0.0257,-0.0002,-0.0463,-0.0364,-0.0168,-0.0051,-0.0028,-0.003,-0.0657,-0.0333,-0.0602,-0.0488,-0.0038,0.0287,0.0028,-0.0233,-0.0111,-0.022,-0.0164,-0.0076,-0.0149,-0.0031,-0.028,-0.0097,0.0112,0.0128,-0.0096,-0.0028,-0.0307,-0.0131,-0.0191,-0.0133,-0.0023,0.0124,-0.0071,-0.1187,0.0075,-0.1078,-0.1042,0.0077,-0.1022,0.0132,-0.1195,-0.0943,-0.0121,-0.0027,0.0036,0.0017,-0.0067,-0.0146,-0.0017,-0.0729,0.0049,-0.0706,-0.0618,0.0036,-0.0607,0.0021,-0.0759,-0.0691,0.0012,-0.0035,-0.0008,0.0192,0.0126,-0.0082,-0.0048,TRUE,TRUE
DTC_L_66,LanSi,1,CW_01,A,2026-03-27 14:01:39+08:00,ONLINE,FALSE,,CW_1_01,PASS,,,51.6290809,_2026032714013929602,T20260327140139,DESKTOP-P2DUL42,Loma,1,CW_1_01,2,paul di,2024.0718.155524,V20260126.2,CW_DTCL_DTCR_STC,T20260327140230,51.6290809,TRUE,TRUE,TRUE,TRUE,TRUE,TRUE,TRUE,4S2RND2HBL06DS,v1.0.1,2025_12_22,315.2932,322.9323,475.2574,302.1985,296.2148,152.3289,150,343,334.5882,488.2941,-5.2293,2.2508,-0.0001,0,-0.2284,1.5589,-0.2203,1.5541,0.6661,155.4658,151.0137,149.3223,154.8252,152.6567,0.8261,0.814,0.8337,0.7978,0.7978,0.7798,0.7672,0.8113,0.7523,0.7523,0.8123,0.8161,0.825,0.7785,0.7444,0.7296,0.746,0.6845,0.6845,0.8001,0.7628,0.8222,0.7826,0.7628,0.8436,0.7703,0.7772,0.8369,0.8328,0.7735,0.7627,0.7655,0.7627,0,0,0,0,0,v1.0.1,2025_12_22,315.2536,323.029,476.2158,302.1223,296.12,151.4133,148.7655,343.069,334.7914,489.3669,-5.2707,2.3001,-0.0001,0,-0.2286,1.5592,-0.2193,1.5534,0.6662,163.0576,158.835,164.6992,163.9268,162.6296,0.6737,0.68,0.698,0.6962,0.6737,0.6596,0.645,0.6471,0.6434,0.6434,0.6402,0.6467,0.6615,0.6326,0.6197,0.6279,0.6253,0.6035,0.6035,0.6773,0.4746,0.6988,0.6463,0.4746,0.6511,0.6432,0.628,0.6855,0.6729,0.6688,0.6663,0.6192,0.6192,0,0,0,0,0,v1.0.1,2025_12_22,314,315.3462,438.7699,300.7699,300.4538,184.6303,186,330,328.0609,445.0783,-6.0431,-4.3351,-0.0001,0,-0.2158,1.567,-0.2135,1.5623,0.675,176.3193,175.0283,173.0459,175.9854,175.0947,0.7894,0.7121,0.8036,0.6921,0.6921,0.7449,0.6655,0.7628,0.6374,0.6374,0.7694,0.7851,0.7747,0.707,0.707,0.7231,0,0.7337,0.6407,0.6407,0,0,0,0,0,v1.0.1,2025_12_22,313.9515,315.2621,439.5948,300.5948,300.2833,183.9083,185.0083,330.05,328.1053,445.9474,-6.1114,-4.3475,-0.0001,0,-0.2157,1.5666,-0.2137,1.5624,0.6749,148.416,143.7988,142.8584,145.9717,145.2612,0.6448,0.6093,0.6693,0.6109,0.6093,0.6169,0.5657,0.6359,0.5797,0.5657,0.6225,0.6231,0.6309,0.6137,0.6137,0.5726,0.5246,0.5967,0.5563,0.5246,0,0,0,0,0,-0.0015,-0.0536,-0.0138,-0.0255,-0.0255,-0.0128,-0.0637,0.0055,-0.0341,-0.0341,-0.0063,0.0035,0.0048,0.0015,-0.0736,-0.0852,-0.0604,-0.0626,-0.0042,0.0053,-0.0121,-0.0355,0.0042,-0.0129,-0.0121,-0.0066,-0.0342,-0.0133,-0.0169,-0.0169,-0.0289,-0.009,-0.0067,-0.0053,-0.0341,-0.0484,-0.0247,-0.0229,0.0022,0.0231,0.0036,-0.1129,-0.0012,-0.0968,-0.0937,0.0032,-0.1148,-0.0034,-0.1206,-0.1043,-0.0107,0.0187,0.0183,0.017,-0.0161,-0.0018,-0.0115,-0.0743,-0.0051,-0.0764,-0.047,-0.0169,-0.0909,0.008,-0.0648,-0.0622,-0.0244,-0.0155,-0.0046,0.0061,0.0061,-0.0193,0.0194,TRUE,TRUE
DTC_L_67,LanSi,1,CW_01,B,2026-03-27 14:03:30+08:00,ONLINE,FALSE,,CW_1_01,PASS,,,51.9249975,_2026032714033017402,T20260327140330,DESKTOP-P2DUL42,Loma,1,CW_1_01,2,paul di,2024.0718.155524,V20260126.2,CW_DTCL_DTCR_STC,T20260327140422,51.9249975,TRUE,TRUE,TRUE,TRUE,TRUE,TRUE,TRUE,4S2RND2HBL06DS,v1.0.1,2025_12_22,314.1691,322.5441,474.218,301.9925,294.9073,151.404,148.5,342.4133,333.4662,489.0376,-6.4479,1.9783,-0.0001,0,-0.2272,1.5582,-0.2188,1.5549,0.6668,154.9053,150.2793,148.3574,154.1885,151.9326,0.8209,0.7996,0.8438,0.7913,0.7913,0.7867,0.7707,0.7932,0.7686,0.7686,0.8186,0.8162,0.8167,0.7747,0.75,0.7393,0.7928,0.7003,0.7003,0.8216,0.4569,0.8362,0.8457,0.4569,0.8497,0.7644,0.7548,0.8217,0.8394,0.8353,0.7915,0.7752,0.7548,0,0,0,0,0,v1.0.1,2025_12_22,314.2,322.5857,475.292,302,294.8411,150.3907,147.4564,342.4832,333.7464,490.029,-6.3928,1.9977,-0.0001,0,-0.2266,1.5583,-0.2183,1.5541,0.6669,164.5195,159.2871,165.4961,165.3604,163.6658,0.6768,0.6767,0.6967,0.6992,0.6767,0.6606,0.6367,0.6454,0.672,0.6367,0.6443,0.6599,0.6494,0.6352,0.6323,0.6343,0.6407,0.6081,0.6081,0.6729,0.4728,0.671,0.6929,0.4728,0.6545,0.6419,0.6238,0.6786,0.6846,0.6891,0.6599,0.638,0.6238,0,0,0,0,0,v1.0.1,2025_12_22,313.0566,314.7642,437.8455,300.6182,299.1429,183.8824,184.7107,329.4711,327.0783,445.2783,-7.1332,-4.6972,-0.0001,0,-0.2124,1.5644,-0.2136,1.5633,0.6754,175.6953,174.0811,172.2305,175.043,174.2625,0.7908,0.6907,0.8161,0.6886,0.6886,0.7381,0.6667,0.7694,0.6741,0.6667,0.7883,0.7798,0.7721,0.7079,0.7079,0.741,0,0.7352,0.748,0.7352,0,0,0,0,0,v1.0.1,2025_12_22,313.0472,314.6981,438.6667,300.4386,299.0169,182.9492,183.878,329.5447,327.2203,446.1525,-7.1342,-4.7434,-0.0001,0,-0.2125,1.5642,-0.2139,1.5629,0.6752,149.3701,144.0498,143.415,147.1152,145.9875,0.6685,0.5976,0.6748,0.6198,0.5976,0.6403,0.5647,0.6299,0.5767,0.5647,0.6252,0.6292,0.6445,0.6204,0.6204,0.5941,0.5349,0.5751,0.5892,0.5349,0,0,0,0,0,-0.0067,-0.068,-0.0037,-0.032,-0.032,-0.0059,-0.0602,-0.0126,-0.0178,-0.0178,0,0.0036,-0.0035,-0.0023,-0.068,-0.0755,-0.0136,-0.0468,0.0173,0.0193,-0.009,-0.0388,0.0029,-0.0099,-0.0091,-0.0056,-0.0425,-0.015,0.0117,-0.0236,-0.0248,0.0042,-0.0188,-0.0027,-0.0215,-0.042,-0.0093,-0.0183,-0.0022,-0.0047,0.005,-0.1343,0.0113,-0.1003,-0.0972,-0.0036,-0.1136,0.0032,-0.0839,-0.075,0.0082,0.0134,0.0157,0.0179,0.0018,-0.0003,0.0122,-0.086,0.0004,-0.0675,-0.0587,0.0065,-0.0919,0.002,-0.0678,-0.0632,-0.0217,-0.0094,0.009,0.0128,0.0128,0.0022,-0.0022,TRUE,TRUE
DTC_R_67,LanSi,1,CW_01,B,2026-03-27 14:03:30+08:00,ONLINE,FALSE,,CW_1_01,PASS,,,51.936966,_2026032714033016201,T20260327140330,DESKTOP-P2DUL42,Loma,1,CW_1_01,1,paul di,2024.0718.155524,V20260126.2,CW_DTCL_DTCR_STC,T20260327140422,51.936966,TRUE,TRUE,TRUE,TRUE,TRUE,TRUE,TRUE,4S2RND2HBL0DP6,v1.0.1,2025_12_22,315.2815,316.8444,475.5,297.1667,295.8639,148.8231,149.6623,336.7219,336.0331,486.3841,-5.0318,-2.312,-0.0001,0,-0.2217,1.5552,-0.2189,1.5485,0.6658,157.3203,155.3047,154.6582,156.9395,156.0557,0.8646,0.7776,0.8625,0.7991,0.7776,0.824,0.7407,0.8235,0.7987,0.7407,0.8278,0.8173,0.7984,0.8257,0.7142,0.718,0.8058,0.8028,0.7142,0.837,0.7883,0.7994,0.0227,0.0227,0.8552,0.7523,0.7632,0.8194,0.7893,0.7487,0.8442,0.8431,0.7487,0,0,0,0,0,v1.0.1,2025_12_22,315.2574,316.8015,476.6765,297.0368,295.7852,147.6711,148.52,336.9467,336.1126,487.3444,-5.0297,-2.3399,-0.0001,0,-0.2213,1.5557,-0.2197,1.5486,0.6658,163.4395,156.4717,165.1064,166.0557,162.7683,0.7098,0.6678,0.7081,0.692,0.6678,0.6834,0.6237,0.6734,0.6753,0.6237,0.6534,0.642,0.6519,0.6545,0.6229,0.6274,0.6263,0.6399,0.6229,0.6925,0.6486,0.6494,0.2229,0.2229,0.6431,0.6498,0.6693,0.6818,0.6639,0.6458,0.6485,0.6769,0.6431,0,0,0,0,0,v1.0.1,2025_12_22,317.7429,328.181,442.4159,313.2389,303.224,196.616,189,342.4127,332.3475,457.2712,-2.554,8.044,0,0.0001,-0.2188,1.5604,-0.2096,1.5576,0.6724,177.8154,178.0859,177.9824,178.8232,178.1768,0.8073,0.6381,0.8262,0.6682,0.6381,0.7743,0.6054,0.7777,0.7135,0.6054,0.7861,0.7747,0.758,0.7499,0.7499,0.7438,0.6765,0.7438,0,0.6765,0,0,0,0,0,v1.0.1,2025_12_22,317.7547,328.2642,443.2679,313.2679,303.0492,196.0082,188.0488,342.4878,332.3583,458.0833,-2.6042,8.1223,0,0.0001,-0.2184,1.5595,-0.2087,1.5583,0.6727,147.6104,140.7998,142.54,145.5068,144.1143,0.6661,0.5489,0.688,0.5768,0.5489,0.6295,0.5351,0.6461,0.597,0.5351,0.6327,0.6444,0.6393,0.6359,0.6327,0.5861,0.5518,0.581,0.4263,0.4263,0,0,0,0,0,-0.0088,-0.1034,-0.0163,-0.0698,-0.0913,0.0089,-0.0798,-0.0117,-0.0263,-0.0744,-0.001,0.0033,-0.0217,0.0067,-0.0952,-0.1043,0.0023,-0.0099,-0.0069,0.0024,0.0074,-0.0415,-0.0063,-0.0324,-0.0346,-0.0042,-0.0557,0.0045,-0.0119,-0.0452,0.0006,0.0005,-0.0124,0.0027,-0.043,-0.042,-0.002,-0.0013,0.0081,-0.0072,-0.0111,-0.1854,0.0172,-0.1525,-0.1709,0.0108,-0.1753,0.0057,-0.0752,-0.1581,0.0111,0.0109,0.0065,0.0103,-0.0021,0.0043,-0.0003,-0.1286,0.0206,-0.1091,-0.1175,-0.0137,-0.1153,0.0075,-0.0484,-0.1035,-0.0086,0.0012,0.0053,0.0153,0.0121,-0.0182,-0.0072,TRUE,TRUE
DTC_L_68,LanSi,1,CW_01,C,2026-03-27 14:05:18+08:00,ONLINE,FALSE,,CW_1_01,PASS,,,51.7482963,_2026032714051836202,T20260327140518,DESKTOP-P2DUL42,Loma,1,CW_1_01,2,paul di,2024.0718.155524,V20260126.2,CW_DTCL_DTCR_STC,T20260327140610,51.7482963,TRUE,TRUE,TRUE,TRUE,TRUE,TRUE,TRUE,4S2RND2HBL06DS,v1.0.1,2025_12_22,314.1397,323.3235,474.2612,302.9701,295.0199,152.543,148.543,343.3974,333.3381,490.2014,-6.4396,2.9871,-0.0001,0,-0.2259,1.5588,-0.2201,1.5557,0.6671,156.9131,152.2812,150.4902,156.0674,153.938,0.8209,0.7964,0.8406,0.7894,0.7894,0.7849,0.7594,0.797,0.7659,0.7594,0.827,0.8138,0.822,0.7703,0.7581,0.724,0.7711,0.7057,0.7057,0.8146,0.4555,0.8185,0.8294,0.4555,0.8369,0.7438,0.7472,0.8397,0.8166,0.8563,0.8042,0.7895,0.7438,0,0,0,0,0,v1.0.1,2025_12_22,314.1679,323.2847,475.3852,302.8889,294.9085,151.549,147.5,343.5,333.635,491.1095,-6.3807,2.9664,-0.0001,0,-0.2253,1.5586,-0.2202,1.5548,0.667,163.1406,159.0352,165.1426,164.1631,162.8704,0.6805,0.6755,0.6937,0.6953,0.6755,0.6616,0.636,0.6641,0.6531,0.636,0.6478,0.6518,0.6583,0.6315,0.6317,0.6218,0.6343,0.6171,0.6171,0.6782,0.5163,0.6715,0.6996,0.5163,0.6592,0.6448,0.6374,0.6996,0.6686,0.6788,0.6751,0.6197,0.6197,0,0,0,0,0,v1.0.1,2025_12_22,313.0374,315.6449,438.0909,301.4545,299.2397,184.9669,184.75,330.3917,327.0783,446.2783,-7.0608,-3.7527,-0.0001,0,-0.2125,1.5651,-0.2139,1.5632,0.6755,176.1846,175.0576,173.3037,176.0156,175.1404,0.7956,0.6785,0.7967,0.6841,0.6785,0.7515,0.6512,0.757,0.6756,0.6512,0.786,0.7826,0.7673,0.7062,0.7062,0.7367,0,0.7496,0.7308,0.7308,0,0,0,0,0,v1.0.1,2025_12_22,313,315.6038,438.8091,301.3273,299.1333,184.15,183.9274,330.5323,327.1271,447.1695,-7.1006,-3.7434,-0.0001,0,-0.2125,1.5652,-0.2146,1.5633,0.6753,148.3252,143.6924,143.0771,146.0381,145.2832,0.658,0.5837,0.6714,0.6172,0.5837,0.6349,0.5613,0.6303,0.5858,0.5613,0.6343,0.6411,0.6429,0.5993,0.5993,0.5885,0.5335,0.5976,0.5835,0.5335,0,0,0,0,0,-0.0067,-0.0712,-0.0069,-0.0339,-0.0339,-0.0077,-0.0715,-0.0088,-0.0205,-0.027,0.0084,0.0012,0.0018,-0.0067,-0.0599,-0.0908,-0.0353,-0.0414,0.0103,0.0016,-0.0053,-0.04,-0.0001,-0.0138,-0.0103,-0.0046,-0.0432,0.0037,-0.0072,-0.0243,-0.0213,-0.0039,-0.0099,-0.0064,-0.0221,-0.0545,-0.0157,-0.0093,0.0031,-0.0042,0.0098,-0.1465,-0.0081,-0.1048,-0.1073,0.0098,-0.1291,-0.0092,-0.0824,-0.0905,0.0059,0.0162,0.0109,0.0162,-0.0025,0.0141,0.0017,-0.0999,-0.003,-0.0701,-0.0726,0.0011,-0.0953,0.0024,-0.0587,-0.0666,-0.0126,0.0025,0.0074,-0.0083,-0.0083,-0.0034,0.0203,TRUE,TRUE
DTC_R_68,LanSi,1,CW_01,C,2026-03-27 14:05:18+08:00,ONLINE,FALSE,,CW_1_01,PASS,,,51.9477601,_2026032714051836901,T20260327140518,DESKTOP-P2DUL42,Loma,1,CW_1_01,1,paul di,2024.0718.155524,V20260126.2,CW_DTCL_DTCR_STC,T20260327140610,51.9477601,TRUE,TRUE,TRUE,TRUE,TRUE,TRUE,TRUE,4S2RND2HBL0DP6,v1.0.1,2025_12_22,315.1377,317.5797,474.8467,297.8102,295.6507,148.3014,149.6711,338.0268,335.3521,485.5704,-5.3683,-2.0423,-0.0001,0,-0.2226,1.5557,-0.2224,1.5505,0.6653,155.8887,152.8887,152.6934,155.7949,154.3164,0.8546,0.8232,0.8683,0.8233,0.8232,0.8131,0.7743,0.8248,0.7708,0.7708,0.8153,0.8201,0.8093,0.819,0.7505,0.7841,0.7363,0.7522,0.7363,0.8374,0.7936,0.7975,0.5037,0.5037,0.8399,0.7621,0.8074,0.8102,0.8159,0.8018,0.7855,0.8658,0.7621,0,0,0,0,0,v1.0.1,2025_12_22,315.0857,317.6643,475.8777,297.7986,295.3986,147.2905,148.4211,338.2105,335.4545,486.4965,-5.4525,-2.0079,-0.0001,0,-0.2224,1.5552,-0.2221,1.5502,0.6652,164.9346,159.5352,168.3643,167.0957,164.9824,0.7076,0.6828,0.7204,0.6866,0.6828,0.6841,0.6593,0.6774,0.6521,0.6521,0.649,0.6523,0.6574,0.6726,0.6371,0.6516,0.5959,0.6275,0.5959,0.6787,0.6446,0.6785,0.4248,0.4248,0.6671,0.654,0.658,0.679,0.6711,0.6881,0.6482,0.6885,0.6482,0,0,0,0,0,v1.0.1,2025_12_22,317.4434,329.0755,441.8704,313.9259,302.9837,196.3415,188.9274,343.4677,331.8727,457.6727,-2.8805,8.5967,0,0.0001,-0.2206,1.5618,-0.211,1.5585,0.6722,177.2568,176.4414,176.3779,178.1445,177.0552,0.8059,0.6961,0.8232,0.7111,0.6961,0.7725,0.6713,0.7812,0.6673,0.6673,0.7846,0.7677,0.7551,0.7421,0.7421,0.7357,0.6414,0.7301,0,0.6414,0,0,0,0,0,v1.0.1,2025_12_22,317.3962,329.1415,442.6727,313.8091,302.832,195.624,188,343.5873,331.9273,458.5,-2.9344,8.6324,0,0.0001,-0.2213,1.5616,-0.2107,1.5584,0.672,148.5947,143.6699,145.4766,146.2129,145.9885,0.6589,0.6001,0.6807,0.6139,0.6001,0.6482,0.59,0.6346,0.564,0.564,0.6412,0.6427,0.6288,0.6271,0.6271,0.5912,0.5459,0.5649,0.4975,0.4975,0,0,0,0,0,-0.0188,-0.0578,-0.0105,-0.0456,-0.0457,-0.002,-0.0462,-0.0104,-0.0542,-0.0443,-0.0135,0.0061,-0.0108,0,-0.0589,-0.0382,-0.0672,-0.0605,-0.0065,0.0005,0.0052,-0.0265,0.006,-0.0378,-0.0196,-0.0035,-0.0201,0.0085,-0.0351,-0.0168,-0.0038,0.0108,-0.0069,0.0208,-0.0288,-0.0178,-0.0324,-0.0137,-0.0057,0.0219,-0.0125,-0.1274,0.0142,-0.1096,-0.1129,0.009,-0.1094,0.0092,-0.1214,-0.0962,0.0096,0.0039,0.0036,0.0025,-0.0102,-0.0094,-0.0075,-0.0774,0.0133,-0.072,-0.0663,0.005,-0.0604,-0.004,-0.0814,-0.0746,-0.0001,-0.0005,-0.0052,0.0065,0.0065,-0.0131,-0.0233,TRUE,TRUE
DTC_L_69,LanSi,1,CW_01,A,2026-03-27 14:14:22+08:00,ONLINE,FALSE,,CW_1_01,PASS,,,52.0748015,_2026032714142248702,T20260327141422,DESKTOP-P2DUL42,Loma,1,CW_1_01,2,paul di,2024.0718.155524,V20260126.2,CW_DTCL_DTCR_STC,T20260327141514,52.0748015,TRUE,TRUE,TRUE,TRUE,TRUE,TRUE,TRUE,4S2RND2HBL06DS,v1.0.1,2025_12_22,315.447,320.9167,475.781,299.562,296.4221,149.0325,150.2143,340.5779,334.8043,487.0435,-4.9663,-0.0735,0,0,-0.2319,1.56,-0.2179,1.5543,0.6661,155.4619,151.6348,149.5732,155.2285,152.9746,0.8257,0.8055,0.8467,0.8088,0.8055,0.7865,0.7593,0.8075,0.757,0.757,0.8183,0.8215,0.8142,0.7691,0.7354,0.7378,0.7367,0.721,0.721,0.8174,0.898,0.8061,0.7764,0.7764,0.8397,0.6919,0.7043,0.8376,0.8104,0.775,0.7836,0.7722,0.6919,0,0,0,0,0,v1.0.1,2025_12_22,315.3235,320.9632,476.8156,299.4468,296.1533,148.2133,149,340.8581,334.9571,488.1071,-5.0501,0.0177,-0.0001,0,-0.2319,1.5598,-0.2185,1.5534,0.6657,163.9346,159.4688,165.458,165.0703,163.4829,0.6769,0.6947,0.6954,0.7025,0.6769,0.6581,0.6229,0.6528,0.6603,0.6229,0.6509,0.6522,0.6505,0.6349,0.6188,0.6346,0.6291,0.6304,0.6188,0.6827,0.5272,0.6592,0.6677,0.5272,0.642,0.6003,0.5929,0.6794,0.6763,0.6776,0.6724,0.6192,0.5929,0,0,0,0,0,v1.0.1,2025_12_22,314.1682,313.1963,439.3652,298.3739,300.5546,181.521,186.2417,327.7083,328.3333,443.6154,-5.7674,-6.617,-0.0001,-0.0001,-0.2173,1.5673,-0.2124,1.5621,0.6749,175.2227,174.2656,172.2393,174.918,174.1614,0.8046,0.7237,0.8119,0.7064,0.7064,0.7535,0.6564,0.76,0.6641,0.6564,0.7775,0.7615,0.751,0.6802,0.6802,0.7322,0,0.7269,0.6479,0.6479,0,0,0,0,0,v1.0.1,2025_12_22,314.1143,313.1714,440.2301,298.2301,300.4919,180.9032,185.3306,327.876,328.359,444.5128,-5.7948,-6.5613,-0.0001,-0.0001,-0.2174,1.5677,-0.2132,1.5622,0.6748,149.1953,144.3105,143.2803,147.1377,145.981,0.6671,0.6029,0.6677,0.6225,0.6029,0.6324,0.5528,0.6362,0.5918,0.5528,0.6211,0.6346,0.6356,0.6058,0.6058,0.5865,0.4772,0.576,0.5348,0.4772,0,0,0,0,0,-0.0019,-0.0621,-0.0008,-0.0145,-0.0178,-0.0061,-0.0716,0.0017,-0.0294,-0.0294,-0.0003,0.0089,-0.006,-0.0079,-0.0826,-0.077,-0.0697,-0.0261,0.0131,-0.0108,-0.0089,-0.0208,0.0016,-0.0066,-0.0089,-0.0081,-0.0563,-0.0076,0,-0.0374,-0.0182,-0.0035,-0.0177,-0.003,-0.035,-0.0417,-0.0209,0.004,0.0076,-0.0165,0.0188,-0.1013,0.0071,-0.0825,-0.0794,0.0118,-0.1239,-0.0062,-0.0939,-0.0853,-0.0026,-0.0049,-0.0054,-0.0098,-0.007,-0.0086,0.0108,-0.0807,-0.0067,-0.0648,-0.0534,-0.0014,-0.1038,0.0083,-0.0527,-0.0751,-0.0258,-0.004,0.0001,-0.0018,-0.0018,-0.0054,-0.0013,TRUE,TRUE
DTC_R_69,LanSi,1,CW_01,A,2026-03-27 14:14:22+08:00,ONLINE,FALSE,,CW_1_01,PASS,,,52.0588438,_2026032714142252701,T20260327141422,DESKTOP-P2DUL42,Loma,1,CW_1_01,1,paul di,2024.0718.155524,V20260126.2,CW_DTCL_DTCR_STC,T20260327141514,52.0588438,TRUE,TRUE,TRUE,TRUE,TRUE,TRUE,TRUE,4S2RND2HBL0DP6,v1.0.1,2025_12_22,315.125,316.7721,474.7426,296.8015,295.5168,147.4564,149.5789,336.7895,335.2357,484.1214,-5.4602,-3.1118,-0.0001,0,-0.224,1.555,-0.2198,1.5507,0.6655,155.2617,153.3154,153.0029,156.2314,154.4529,0.8595,0.832,0.855,0.8383,0.832,0.8035,0.7634,0.831,0.7646,0.7634,0.8122,0.8112,0.8333,0.8202,0.746,0.7653,0.7417,0.698,0.698,0.8307,0.826,0.7973,0.98,0.7973,0.8346,0.7965,0.7672,0.8276,0.8072,0.8197,0.7653,0.8292,0.7653,0,0,0,0,0,v1.0.1,2025_12_22,315.1087,316.8261,475.8321,296.7153,295.3333,146.5034,148.3893,336.9597,335.35,485.0786,-5.4973,-3.0834,-0.0001,0,-0.224,1.5547,-0.2197,1.5506,0.6654,163.873,159.6611,168.3975,167.1191,164.7627,0.7024,0.6827,0.7069,0.7039,0.6827,0.6788,0.647,0.6716,0.6463,0.6463,0.6552,0.6532,0.6542,0.6658,0.6417,0.6401,0.619,0.6059,0.6059,0.6881,0.6624,0.6689,0.1445,0.1445,0.656,0.6556,0.6509,0.6639,0.669,0.6273,0.6469,0.6649,0.6273,0,0,0,0,0,v1.0.1,2025_12_22,317.3365,328.0769,441.6789,312.8624,302.904,195.576,188.7886,342.4065,331.8257,456.3028,-2.9933,7.5449,0,0.0001,-0.2212,1.5618,-0.2105,1.5578,0.672,176.2031,176.5781,177.0215,178.4141,177.0542,0.8095,0.6991,0.8127,0.7375,0.6991,0.7576,0.6734,0.7814,0.6522,0.6522,0.7749,0.7669,0.7622,0.7448,0.7448,0.7413,0.6854,0.7263,0,0.6854,0,0,0,0,0,v1.0.1,2025_12_22,317.3019,328.1698,442.5524,312.981,302.696,194.816,187.9512,342.5122,331.9018,457.0536,-3.0193,7.6065,0,0.0001,-0.2202,1.5612,-0.2099,1.5575,0.6721,147.709,143.6504,145.3213,146.3359,145.7542,0.6599,0.604,0.6761,0.6197,0.604,0.6367,0.5942,0.6479,0.5666,0.5666,0.6382,0.6272,0.635,0.6328,0.6272,0.5877,0.5705,0.5825,0.3772,0.3772,0,0,0,0,0,-0.0139,-0.049,-0.0238,-0.0306,-0.0369,-0.0116,-0.0571,-0.0042,-0.0604,-0.0517,-0.0166,-0.0028,0.0132,0.0012,-0.0634,-0.057,-0.0618,-0.1147,-0.0132,0.0003,0,-0.0266,-0.0075,-0.0205,-0.0197,-0.0088,-0.0324,0.0027,-0.0409,-0.0226,0.0024,0.0117,-0.0101,0.014,-0.0242,-0.0293,-0.0093,-0.0353,0.0037,0.0123,-0.0089,-0.1244,0.0037,-0.0832,-0.1099,-0.0059,-0.1073,0.0094,-0.1365,-0.1113,-0.0001,0.0031,0.0107,0.0052,-0.0046,-0.0132,-0.0065,-0.0735,0.0087,-0.0662,-0.0624,-0.0065,-0.0562,0.0093,-0.0788,-0.072,-0.0031,-0.016,0.001,0.0122,0.0066,-0.0166,-0.0057,TRUE,TRUE
DTC_R_70,LanSi,1,CW_01,B,2026-03-27 14:09:35+08:00,ONLINE,FALSE,,CW_1_01,PASS,,,53.0691526,_2026032714093554601,T20260327140935,DESKTOP-P2DUL42,Loma,1,CW_1_01,1,paul di,2024.0718.155524,V20260126.2,CW_DTCL_DTCR_STC,T20260327141028,53.0691526,TRUE,TRUE,TRUE,TRUE,TRUE,TRUE,TRUE,4S2RND2HBL0DP6,v1.0.1,2025_12_22,315.4511,317,475.5926,297.5481,295.8844,148.8231,149.8681,337,336.1,486.28,-4.9208,-2.1697,0,0,-0.2204,1.5545,-0.2197,1.5489,0.6658,156.5088,153.7988,153.4053,156.0791,154.948,0.866,0.7719,0.8759,0.7812,0.7719,0.8341,0.7568,0.8188,0.8063,0.7568,0.8099,0.8257,0.8053,0.8277,0.7128,0.7344,0.8065,0.7981,0.7128,0.8432,0.7972,0.8006,0.98,0.7972,0.8295,0.7765,0.7605,0.827,0.7939,0.7244,0.8461,0.8599,0.7244,0,0,0,0,0,v1.0.1,2025_12_22,315.2847,316.9343,476.705,297.3309,295.8288,147.7877,148.6486,337.0676,336.14,487.3067,-4.9786,-2.2146,0,0,-0.2203,1.5558,-0.2197,1.5485,0.666,163.2178,156.9736,166.1992,166.1621,163.1382,0.7015,0.6692,0.7144,0.6769,0.6692,0.6736,0.6369,0.6633,0.6626,0.6369,0.6548,0.6431,0.6544,0.6626,0.6216,0.6241,0.6252,0.6424,0.6216,0.6751,0.6738,0.6615,0.2805,0.2805,0.6417,0.6478,0.6356,0.6758,0.6379,0.6598,0.6446,0.6765,0.6356,0,0,0,0,0,v1.0.1,2025_12_22,317.8491,328.4057,442.4298,313.5702,303.315,196.8898,189.122,342.4553,332.431,457.431,-2.4706,8.2504,0,0.0001,-0.218,1.5602,-0.2082,1.5577,0.6729,176.7363,176.5361,176.5889,177.8301,176.9229,0.805,0.6578,0.8219,0.6554,0.6554,0.776,0.5722,0.7774,0.6914,0.5722,0.7831,0.7771,0.7601,0.7392,0.7392,0.7476,0.667,0.7244,0,0.667,0,0,0,0,0,v1.0.1,2025_12_22,317.7925,328.5,443.3333,313.5351,303.2177,196.0726,188.2541,342.5984,332.4874,458.2017,-2.483,8.2815,0,0.0001,-0.2181,1.5607,-0.2079,1.5575,0.673,147.2676,141.5605,143.5352,145.4463,144.4524,0.6702,0.5643,0.6817,0.5748,0.5643,0.6453,0.5228,0.6452,0.5879,0.5228,0.6451,0.6383,0.621,0.6338,0.621,0.5947,0.5579,0.5828,0.4281,0.4281,0,0,0,0,0,-0.0074,-0.1091,-0.0029,-0.0877,-0.097,0.019,-0.0637,-0.0164,-0.0187,-0.0583,-0.0189,0.0117,-0.0148,0.0087,-0.0966,-0.0879,0.003,-0.0146,-0.0007,0.0036,-0.0009,-0.0401,0,-0.0475,-0.0332,-0.014,-0.0425,-0.0056,-0.0246,-0.032,0.002,0.0016,-0.0099,0.0108,-0.0443,-0.0453,-0.0031,0.0012,-0.0093,0.0049,-0.0134,-0.1657,0.0129,-0.1653,-0.1536,0.0125,-0.2085,0.0054,-0.0973,-0.1913,0.0081,0.0133,0.0086,-0.0004,0.0017,-0.0151,0.0038,-0.1132,0.0143,-0.1111,-0.1021,0.0021,-0.1276,0.0066,-0.0575,-0.1158,0.0038,-0.0049,-0.013,0.0132,0.0004,-0.0096,-0.0054,TRUE,TRUE
DTC_L_70,LanSi,1,CW_01,B,2026-03-27 14:09:35+08:00,ONLINE,FALSE,,CW_1_01,PASS,,,53.0302575,_2026032714093559502,T20260327140935,DESKTOP-P2DUL42,Loma,1,CW_1_01,2,paul di,2024.0718.155524,V20260126.2,CW_DTCL_DTCR_STC,T20260327141028,53.0302575,TRUE,TRUE,TRUE,TRUE,TRUE,TRUE,TRUE,4S2RND2HBL06DS,v1.0.1,2025_12_22,314.218,323.9173,474.2263,303.6058,294.9408,153.4342,148.4539,343.8618,333.5333,489.963,-6.4255,3.4564,-0.0001,0,-0.2257,1.5577,-0.2192,1.5545,0.6668,155.0547,150.9307,148.1602,149.7734,150.9797,0.8169,0.7931,0.8419,0.7838,0.7838,0.7519,0.754,0.8019,0.7491,0.7491,0.8296,0.8166,0.8096,0.7573,0.7025,0.7224,0.7593,0.6977,0.6977,0.816,0.98,0.8297,0.8382,0.816,0.8354,0.7699,0.7854,0.8337,0.8255,0.8354,0.7819,0.7823,0.7699,0,0,0,0,0,v1.0.1,2025_12_22,314.2086,323.9568,475.3571,303.4286,294.8456,152.396,147.2905,344,333.7842,491,-6.4028,3.4563,-0.0001,0,-0.2262,1.5579,-0.219,1.5536,0.6666,163.1416,158.8184,164.9346,161.8232,162.1794,0.6705,0.6725,0.6974,0.6901,0.6705,0.6352,0.6332,0.6577,0.6629,0.6332,0.6533,0.6614,0.6496,0.6327,0.6069,0.6138,0.641,0.6093,0.6069,0.7025,0.4651,0.6786,0.6866,0.4651,0.6453,0.6581,0.6616,0.6749,0.686,0.702,0.6594,0.6301,0.6301,0,0,0,0,0,v1.0.1,2025_12_22,313,316.3962,438,302.0545,299.1864,185.7712,184.6721,331,327.0702,446.4211,-7.1143,-3.1714,-0.0001,0,-0.2137,1.5649,-0.2128,1.5625,0.6752,175.6016,174.4951,171.54,170.1377,172.9436,0.7923,0.6913,0.8129,0.6775,0.6775,0.722,0.665,0.7629,0.6717,0.665,0.7869,0.7699,0.7652,0.6991,0.6991,0.7255,0,0.7387,0.7356,0.7255,0,0,0,0,0,v1.0.1,2025_12_22,313.0481,316.125,438.7658,301.8739,299.0169,184.9492,183.6721,331,327.2645,447.1983,-7.1465,-3.2707,-0.0001,0,-0.2124,1.5637,-0.214,1.5622,0.6749,148.4541,143.4316,143.251,144.1162,144.8132,0.667,0.5855,0.6791,0.6081,0.5855,0.6155,0.5627,0.6356,0.5901,0.5627,0.6317,0.642,0.6482,0.6222,0.6222,0.591,0.5393,0.5925,0.5565,0.5393,0,0,0,0,0,-0.0107,-0.0745,-0.0056,-0.0395,-0.0395,-0.0407,-0.0769,-0.0039,-0.0373,-0.0373,0.011,0.004,-0.0106,-0.0197,-0.1155,-0.0924,-0.0471,-0.0494,0.0117,0.0128,-0.0153,-0.043,0.0036,-0.019,-0.0153,-0.031,-0.046,-0.0027,0.0026,-0.0271,-0.0158,0.0057,-0.0186,-0.0052,-0.0469,-0.0625,-0.009,-0.0171,0.0274,0.0029,0.0065,-0.1337,0.0081,-0.1114,-0.1083,-0.0197,-0.1153,-0.0033,-0.0863,-0.0767,0.0068,0.0035,0.0088,0.0091,-0.0137,0.0032,0.0107,-0.0981,0.0047,-0.0792,-0.0708,-0.0183,-0.0939,0.0077,-0.0544,-0.0652,-0.0152,0.0034,0.0127,0.0146,0.0146,-0.0009,0.0152,TRUE,TRUE
DTC_L_71,LanSi,1,CW_01,B,2026-03-27 14:15:57+08:00,ONLINE,FALSE,,CW_1_01,PASS,,,44.7328635,_2026032714155725202,T20260327141557,DESKTOP-P2DUL42,Loma,1,CW_1_01,2,paul di,2024.0718.155524,V20260126.2,CW_DTCL_DTCR_STC,T20260327141641,44.7328635,TRUE,TRUE,TRUE,TRUE,TRUE,TRUE,TRUE,4S2RND2HBL06DS,v1.0.1,2025_12_22,315.2612,322.7687,475.5338,301.9624,296.1409,152.1678,149.9211,342.5,334.708,488,-5.187,1.9798,-0.0001,0,-0.2286,1.5587,-0.2183,1.5531,0.6662,155.1689,150.9229,148.8389,154.5283,152.3647,0.8292,0.8101,0.8361,0.7906,0.7906,0.7772,0.7662,0.7995,0.7434,0.7434,0.8071,0.814,0.8143,0.7665,0.7447,0.7229,0.7439,0.6963,0.6963,0.8003,0.7461,0.8216,0.78,0.7461,0.8474,0.7245,0.7379,0.8245,0.8226,0.7716,0.766,0.7812,0.7245,0,0,0,0,0,v1.0.1,2025_12_22,315.1739,322.6667,476.6934,301.8832,296.1533,151.2133,148.7067,342.7133,334.8467,489.0657,-5.1852,2.0084,-0.0001,0,-0.2275,1.5598,-0.2193,1.5526,0.6664,164.0928,159.4971,165.2695,165.1748,163.5085,0.6788,0.6936,0.7081,0.6858,0.6788,0.654,0.6443,0.657,0.6513,0.6443,0.6505,0.6699,0.6548,0.6425,0.6295,0.6202,0.6374,0.6217,0.6202,0.6663,0.5809,0.6812,0.6769,0.5809,0.6412,0.6275,0.6107,0.6877,0.6749,0.6678,0.6741,0.6185,0.6107,0,0,0,0,0,v1.0.1,2025_12_22,314.0755,314.8679,438.9633,300.5413,300.425,184.325,186.122,329.6667,328.087,444.8957,-5.9655,-4.6407,-0.0001,0,-0.2137,1.5661,-0.2146,1.5629,0.6752,175.4297,174.3691,172.334,175.0527,174.2964,0.7774,0.6979,0.799,0.6828,0.6828,0.7431,0.6546,0.76,0.6563,0.6546,0.768,0.7722,0.7721,0.7122,0.7122,0.7238,0,0.7201,0.6647,0.6647,0,0,0,0,0,v1.0.1,2025_12_22,314.1154,314.8846,439.687,300.513,300.4068,183.5,185.1721,329.6557,328.287,445.5652,-5.9664,-4.6763,-0.0001,0,-0.2134,1.5663,-0.2135,1.5623,0.6754,149.4072,144.3164,143.4541,147.1328,146.0776,0.6677,0.5993,0.6773,0.6093,0.5993,0.6456,0.5634,0.6308,0.5821,0.5634,0.6276,0.6364,0.6458,0.6213,0.6213,0.5807,0.515,0.5966,0.5603,0.515,0,0,0,0,0,0.0016,-0.0575,-0.0114,-0.0327,-0.0327,-0.0154,-0.0647,-0.0063,-0.043,-0.043,-0.0115,0.0014,-0.0059,-0.0105,-0.0733,-0.0919,-0.0625,-0.0508,-0.004,0.0047,-0.007,-0.0219,0.0143,-0.0233,-0.007,-0.0122,-0.0349,-0.0034,-0.009,-0.016,-0.0186,0.0142,-0.0134,0.0046,-0.0243,-0.0561,-0.0126,-0.0047,-0.0088,0.0055,-0.0084,-0.1271,-0.0058,-0.1061,-0.103,0.0014,-0.1257,-0.0062,-0.1017,-0.0871,-0.0121,0.0058,0.0157,0.0222,-0.0154,-0.0154,0.0114,-0.0843,0.0029,-0.078,-0.057,0.0118,-0.0932,0.0029,-0.0624,-0.0645,-0.0193,-0.0022,0.0103,0.0137,0.0137,-0.0112,0.0193,TRUE,TRUE
DTC_R_71,LanSi,1,CW_01,C,2026-03-27 18:09:22+08:00,ONLINE,FALSE,,CW_1_01,PASS,,,42.2350892,_2026032718092241401,T20260327180922,DESKTOP-P2DUL42,Loma,1,CW_1_01,1,paul di,2024.0718.155524,V20260126.2,CW_DTCL_DTCR_STC,T20260327181004,42.2350892,TRUE,TRUE,TRUE,TRUE,TRUE,TRUE,TRUE,4S2RND2HBL0DP6,v1.0.1,2025_12_22,315.1397,316.6765,474.7872,296.539,295.4354,147.3197,149.4702,336.6225,335.3239,484.2817,-5.4687,-3.2121,-0.0001,0,-0.225,1.5545,-0.2193,1.5504,0.6652,155.7012,152.7266,152.5713,155.1914,154.0476,0.8751,0.8596,0.8696,0.8346,0.8346,0.8222,0.7131,0.8194,0.7751,0.7131,0.8238,0.812,0.8127,0.82,0.7955,0.775,0.7296,0.712,0.712,0.8255,0.8121,0.8037,0.069,0.069,0.8482,0.7971,0.7922,0.8193,0.811,0.8089,0.815,0.8464,0.7922,0,0,0,0,0,v1.0.1,2025_12_22,315.1295,316.6835,475.8156,296.3688,295.1933,146.2867,148.3087,336.7919,335.5833,485.3819,-5.4939,-3.1974,-0.0001,0,-0.2252,1.5538,-0.2194,1.5496,0.6647,164.6152,159.4414,168.0557,167.1367,164.8123,0.692,0.708,0.703,0.6915,0.6915,0.6802,0.616,0.6699,0.6462,0.616,0.6507,0.6481,0.6518,0.6739,0.6493,0.6315,0.5943,0.6099,0.5943,0.6763,0.6685,0.6668,0.3431,0.3431,0.6573,0.6817,0.6659,0.6796,0.666,0.6674,0.6593,0.6881,0.6573,0,0,0,0,0,v1.0.1,2025_12_22,317.3429,328.1333,441.6789,312.8624,302.76,195.856,188.6417,342.4333,331.8829,456.5315,-3.0387,7.6633,0,0.0001,-0.2217,1.5605,-0.2101,1.5575,0.6715,177.0938,176.4707,176.5664,177.9473,177.0195,0.815,0.783,0.8188,0.705,0.705,0.7718,0.4854,0.783,0.6719,0.4854,0.7743,0.7499,0.7597,0.7511,0.7499,0.7413,0.6855,0.7275,0,0.6855,0,0,0,0,0,v1.0.1,2025_12_22,317.3119,328.2752,442.5714,312.8125,302.627,195.0079,187.825,342.5667,332,457.4182,-3.0329,7.7161,0,0.0001,-0.2223,1.5605,-0.2094,1.557,0.6715,148.7725,143.9512,145.7803,146.8896,146.3484,0.6651,0.6471,0.6954,0.6007,0.6007,0.6383,0.4571,0.6515,0.5691,0.4571,0.6305,0.6465,0.6349,0.6145,0.6145,0.5729,0.5395,0.5773,0.4915,0.4915,0,0,0,0,0,0.0017,-0.0214,-0.0092,-0.0343,-0.0343,0.0071,-0.1074,-0.0158,-0.0499,-0.102,-0.005,-0.002,-0.0074,0.001,-0.0139,-0.0473,-0.0739,-0.1007,-0.0184,0.0067,-0.0104,-0.0013,-0.0114,-0.0329,-0.0109,-0.0074,-0.0634,0.001,-0.041,-0.0529,-0.0021,0.0066,-0.0125,0.0221,-0.0166,-0.0379,-0.034,-0.0313,-0.0081,0.0102,-0.0034,-0.0405,0.0098,-0.1157,-0.104,0.0083,-0.2953,0.011,-0.1168,-0.2781,-0.0007,-0.0139,0.0082,0.0115,-0.0046,-0.012,-0.0013,-0.0304,0.028,-0.0852,-0.0657,-0.0049,-0.1933,0.0129,-0.0763,-0.1815,-0.0108,0.0033,0.0009,-0.0061,-0.0061,-0.0314,-0.0109,TRUE,TRUE
DTC_R_72,LanSi,1,CW_01,B,2026-03-27 14:17:39+08:00,ONLINE,FALSE,,CW_1_01,PASS,,,52.0088362,_2026032714173955701,T20260327141739,DESKTOP-P2DUL42,Loma,1,CW_1_01,1,paul di,2024.0718.155524,V20260126.2,CW_DTCL_DTCR_STC,T20260327141831,52.0088362,TRUE,TRUE,TRUE,TRUE,TRUE,TRUE,TRUE,4S2RND2HBL0DP6,v1.0.1,2025_12_22,315.0803,316.8686,474.6296,296.9556,295.396,147.5436,149.5855,336.9408,335.3688,484.2908,-5.488,-2.9801,-0.0001,0,-0.2236,1.5545,-0.2202,1.5497,0.6651,156.1006,153.8301,153.292,155.7227,154.7363,0.8678,0.841,0.8696,0.8265,0.8265,0.8234,0.7499,0.8144,0.7756,0.7499,0.82,0.8083,0.826,0.8047,0.7893,0.7349,0.7347,0.7049,0.7049,0.8305,0.8128,0.8035,0.98,0.8035,0.8392,0.792,0.7765,0.8206,0.8159,0.7999,0.7352,0.848,0.7352,0,0,0,0,0,v1.0.1,2025_12_22,315.0362,316.8841,475.7426,296.8015,295.3061,146.5442,148.3775,337.1987,335.6312,485.2908,-5.4813,-2.9562,-0.0001,0,-0.2238,1.555,-0.2208,1.5486,0.6647,164.3525,158.3291,167.0459,166.9932,164.1802,0.7057,0.6983,0.7202,0.7003,0.6983,0.6743,0.6419,0.6717,0.6478,0.6419,0.6535,0.6515,0.6462,0.6506,0.6437,0.6226,0.6057,0.6125,0.6057,0.6864,0.6653,0.6786,0.3582,0.3582,0.6511,0.649,0.6453,0.6757,0.6623,0.6658,0.6373,0.6709,0.6373,0,0,0,0,0,v1.0.1,2025_12_22,317.3028,328.3761,441.5877,313.2456,302.7886,195.8211,188.6911,342.4878,331.9273,456.5,-3.0405,7.7861,0,0.0001,-0.2206,1.5612,-0.2088,1.5566,0.6721,176.999,177.3359,177.0312,178.2031,177.3923,0.8034,0.7121,0.8163,0.706,0.706,0.7679,0.6631,0.7777,0.6599,0.6599,0.7764,0.7732,0.755,0.7563,0.755,0.7329,0.6858,0.7201,0,0.6858,0,0,0,0,0,v1.0.1,2025_12_22,317.3578,328.4679,442.4775,313.2072,302.7097,194.9919,187.878,342.6667,331.9545,457.3182,-3.0245,7.8304,0,0.0001,-0.2209,1.561,-0.2087,1.5575,0.6722,148.3281,142.5078,144.1602,146.1934,145.2974,0.6651,0.6158,0.6885,0.6072,0.6072,0.6432,0.5861,0.6538,0.5745,0.5745,0.6414,0.6385,0.6303,0.6262,0.6262,0.6108,0.5522,0.5871,0.5051,0.5051,0,0,0,0,0,-0.0056,-0.04,-0.0092,-0.0424,-0.0424,0.0083,-0.0706,-0.0208,-0.0494,-0.0652,-0.0088,-0.0057,0.0059,-0.0143,-0.0201,-0.0874,-0.0688,-0.1078,-0.0134,0.0065,0.0033,-0.011,0.0058,-0.0241,-0.0041,-0.0133,-0.0375,0.0028,-0.0394,-0.027,0.0007,0.01,-0.0181,-0.0012,-0.0222,-0.0468,-0.0226,-0.0287,0.002,0.022,-0.015,-0.1114,0.0073,-0.1147,-0.103,0.0044,-0.1176,0.0057,-0.1288,-0.1036,0.0014,0.0094,0.0035,0.0167,-0.013,-0.0194,-0.0013,-0.0617,0.0211,-0.0787,-0.0592,0,-0.0643,0.0152,-0.0709,-0.0641,0.0001,-0.0047,-0.0037,0.0056,0.0056,0.0065,-0.0011,TRUE,TRUE
DTC_L_72,LanSi,1,CW_01,C,2026-03-27 14:17:39+08:00,ONLINE,FALSE,,CW_1_01,PASS,,,52.353915,_2026032714173941402,T20260327141739,DESKTOP-P2DUL42,Loma,1,CW_1_01,2,paul di,2024.0718.155524,V20260126.2,CW_DTCL_DTCR_STC,T20260327141831,52.353915,TRUE,TRUE,TRUE,TRUE,TRUE,TRUE,TRUE,4S2RND2HBL06DS,v1.0.1,2025_12_22,314.2148,323.2222,474.2612,302.9701,294.9073,152.4636,148.4671,343.2829,333.5071,489.4714,-6.4285,2.7821,-0.0001,0,-0.2254,1.5577,-0.2199,1.5548,0.6668,156.334,152.5586,150.6348,155.7715,153.8247,0.8289,0.7932,0.8155,0.7864,0.7864,0.7772,0.7731,0.7982,0.7556,0.7556,0.8257,0.804,0.8219,0.7709,0.7465,0.7326,0.7684,0.7128,0.7128,0.8196,0.98,0.8225,0.8216,0.8196,0.8609,0.8331,0.7978,0.8397,0.841,0.8185,0.7905,0.7618,0.7618,0,0,0,0,0,v1.0.1,2025_12_22,314.1739,323.3333,475.2296,302.9333,294.8278,151.5033,147.3922,343.3333,333.7887,490.4085,-6.4176,2.8024,-0.0001,0,-0.2255,1.5582,-0.2188,1.5534,0.6668,163.5654,159.2969,165.6621,164.5879,163.2781,0.6836,0.6766,0.6757,0.6946,0.6757,0.6545,0.6388,0.6536,0.6415,0.6388,0.6429,0.6535,0.6547,0.6281,0.6339,0.643,0.634,0.6204,0.6204,0.6754,0.3601,0.6801,0.7015,0.3601,0.6541,0.6753,0.6389,0.6638,0.6838,0.6922,0.6673,0.6313,0.6313,0,0,0,0,0,v1.0.1,2025_12_22,313,315.6038,437.8739,301.4955,299.1102,184.9237,184.6333,330.35,327.0598,445.9231,-7.1646,-3.8408,-0.0001,0,-0.212,1.5644,-0.2139,1.5628,0.6753,175.8125,175.2725,173.2285,175.4277,174.9353,0.7935,0.6964,0.7749,0.6848,0.6848,0.7513,0.6625,0.7665,0.6572,0.6572,0.7746,0.7684,0.7631,0.7014,0.7014,0.7355,0,0.7317,0.7281,0.7281,0,0,0,0,0,v1.0.1,2025_12_22,313,315.6038,438.6754,301.3509,299.0339,184.1441,183.8361,330.4262,327.2479,446.641,-7.1413,-3.8668,-0.0001,0,-0.2124,1.5644,-0.2137,1.562,0.6751,149.041,144.2549,143.7881,146.8594,145.9858,0.6623,0.5883,0.6482,0.6116,0.5883,0.6346,0.5626,0.628,0.5696,0.5626,0.6464,0.6444,0.6457,0.614,0.614,0.5698,0.4842,0.5692,0.5954,0.4842,0,0,0,0,0,0.0013,-0.0744,-0.032,-0.0369,-0.0369,-0.0154,-0.0578,-0.0076,-0.0308,-0.0308,0.0071,-0.0086,0.0017,-0.0061,-0.0715,-0.0822,-0.038,-0.0343,0.0153,0.0056,-0.0022,-0.0389,-0.0181,-0.0145,-0.0101,-0.0117,-0.0404,-0.0068,-0.0188,-0.0215,-0.0262,-0.0022,-0.0135,-0.0098,-0.0199,-0.0333,-0.016,-0.006,0.0003,0.0044,0.0077,-0.1286,-0.0299,-0.1041,-0.101,0.0096,-0.1178,0.0003,-0.1008,-0.0845,-0.0055,0.002,0.0067,0.0114,-0.0037,-0.0038,0.006,-0.0953,-0.0262,-0.0757,-0.068,0.0008,-0.094,0.0001,-0.0749,-0.0653,-0.0005,0.0058,0.0102,0.0064,0.0064,-0.0221,-0.0081,TRUE,TRUE
DTC_L_73,LanSi,1,CW_01,A,2026-03-27 14:20:00+08:00,ONLINE,FALSE,,CW_1_01,PASS,,,44.0287376,_2026032714200061202,T20260327142000,DESKTOP-P2DUL42,Loma,1,CW_1_01,2,paul di,2024.0718.155524,V20260126.2,CW_DTCL_DTCR_STC,T20260327142044,44.0287376,TRUE,TRUE,TRUE,TRUE,TRUE,TRUE,TRUE,4S2RND2HBL06DS,v1.0.1,2025_12_22,314.3235,322.9632,474.4887,302.7143,294.9597,152.255,148.5724,342.6382,333.7174,489.1159,-6.2877,2.4373,-0.0001,0,-0.2252,1.5573,-0.2176,1.5541,0.6671,155.0703,151.5156,149.6582,154.3115,152.6389,0.8201,0.7876,0.8296,0.7913,0.7876,0.778,0.7609,0.7977,0.7518,0.7518,0.8087,0.8164,0.8027,0.7657,0.7446,0.7159,0.7875,0.704,0.704,0.8282,0.98,0.8271,0.8382,0.8271,0.8383,0.8385,0.7744,0.8449,0.8306,0.8118,0.7845,0.7733,0.7733,0,0,0,0,0,v1.0.1,2025_12_22,314.3235,322.9632,475.5929,302.5,294.8389,151.349,147.4211,342.7895,333.9571,490.1071,-6.2733,2.4418,-0.0001,0,-0.2257,1.5572,-0.2177,1.5534,0.6668,164.3906,160.3281,166.6211,165.1523,164.123,0.6795,0.6758,0.696,0.6944,0.6758,0.6506,0.6307,0.6611,0.6564,0.6307,0.6343,0.6609,0.6427,0.6329,0.6185,0.6274,0.6276,0.6275,0.6185,0.6701,0.2903,0.6786,0.6844,0.2903,0.6569,0.6723,0.6345,0.6958,0.6718,0.6827,0.6858,0.634,0.634,0,0,0,0,0,v1.0.1,2025_12_22,313.0849,315.3302,438.0541,301.0541,299.2149,184.6529,184.7541,329.7705,327.3103,445.5,-7.0163,-4.2385,-0.0001,0,-0.2132,1.5645,-0.2115,1.5614,0.6753,175.9404,175.5537,173.4355,175.2588,175.0471,0.788,0.679,0.8046,0.6901,0.679,0.7477,0.6469,0.7566,0.6712,0.6469,0.7791,0.7773,0.7703,0.7084,0.7084,0.7355,0,0.7258,0.7193,0.7193,0,0,0,0,0,v1.0.1,2025_12_22,313.0865,315.2212,438.8649,300.9099,299.1034,183.8103,183.9008,329.9008,327.4118,446.4454,-7.0265,-4.2425,-0.0001,0,-0.2128,1.5643,-0.2126,1.5615,0.6751,149.6377,144.9668,144.4072,147.2197,146.5579,0.6481,0.5746,0.6745,0.5968,0.5746,0.6345,0.5671,0.6379,0.5842,0.5671,0.6342,0.6347,0.635,0.6249,0.6249,0.5845,0.4893,0.591,0.5758,0.4893,0,0,0,0,0,-0.0075,-0.08,-0.0179,-0.032,-0.0357,-0.0146,-0.07,-0.0081,-0.0346,-0.0346,-0.0099,0.0038,-0.0175,-0.0113,-0.0734,-0.0989,-0.0189,-0.0431,0.0239,0.0102,-0.0063,-0.0397,0.0022,-0.0147,-0.01,-0.0156,-0.0485,0.0007,-0.0039,-0.0296,-0.0348,0.0052,-0.0255,-0.005,-0.0353,-0.0489,-0.0224,0.0011,-0.005,0.0029,0.0022,-0.146,-0.0002,-0.0988,-0.1068,0.006,-0.1334,-0.0096,-0.0868,-0.0948,-0.001,0.0109,0.0139,0.0184,-0.0037,-0.0097,-0.0082,-0.109,0.0001,-0.0905,-0.0817,0.0007,-0.0895,0.01,-0.0603,-0.0608,-0.0127,-0.0039,-0.0005,0.0173,0.0173,-0.0074,0.0137,TRUE,TRUE
DTC_R_73,LanSi,1,CW_01,A,2026-03-27 17:59:06+08:00,ONLINE,FALSE,,CW_1_01,FAIL,SFR_VIS_25cm_Ny4_06F_ROI14;SFR_VIS_25cm_Ny4_06F_Min;IR_SFR_VIS_25cm_Ny4_06F_ROI14;IR_SFR_VIS_25cm_Ny4_06F_Min;SFR_VIS_25cm_Ny4_06F_ROI14_Dev,sfr_25Algo,42.2836999,_2026032717590684101,T20260327175906,DESKTOP-P2DUL42,Loma,1,CW_1_01,1,paul di,2024.0718.155524,V20260126.2,CW_DTCL_DTCR_STC,T20260327175949,42.2836999,TRUE,TRUE,TRUE,TRUE,TRUE,TRUE,TRUE,4S2RND2HBL0DP6,v1.0.1,2025_12_22,315.2612,317.1045,475.5344,297.8702,295.863,149.5548,149.5705,337.396,335.9595,485.9797,-5.0623,-1.919,-0.0001,0,-0.2189,1.555,-0.2213,1.5483,0.6658,155.5537,151.6904,151.5791,155.1572,153.4951,0.8648,0.7631,0.8621,0.8036,0.7631,0.815,0.7617,0.8176,0.7827,0.7617,0.8124,0.7977,0.8107,0.8045,0.687,0.5662,0.7835,0.7421,0.5662,0.8512,0.7945,0.7997,0.031,0.031,0.8326,0.7526,0.7669,0.8202,0.7829,0.7762,0.8383,0.8377,0.7526,0,0,0,0,0,v1.0.1,2025_12_22,315.2647,317.1103,476.7101,297.7174,295.7203,148.4755,148.457,337.3974,336.0805,487,-5.0535,-1.9599,-0.0001,0,-0.219,1.5549,-0.2205,1.5484,0.6659,165.7666,160.1611,168.8916,168.4736,165.8232,0.7081,0.6509,0.6979,0.6779,0.6509,0.6713,0.6381,0.673,0.6585,0.6381,0.6424,0.6579,0.6528,0.6499,0.6054,0.5441,0.612,0.6234,0.5441,0.669,0.6452,0.6609,0.095,0.095,0.6498,0.6279,0.6503,0.6608,0.6399,0.609,0.6416,0.6783,0.609,0,0,0,0,0,v1.0.1,2025_12_22,317.75,328.6296,442.3913,313.6087,303.176,196.96,188.9667,342.7833,332.3793,457.3621,-2.5673,8.3687,0,0.0001,-0.2194,1.56,-0.2089,1.5571,0.6722,177.041,175.3945,175.915,178.1758,176.6316,0.8205,0.6352,0.812,0.6668,0.6352,0.7639,0.6306,0.7818,0.6915,0.6306,0.7647,0.7647,0.7489,0.7329,0.7329,0.734,0.6712,0.7349,0,0.6712,0,0,0,0,0,v1.0.1,2025_12_22,317.713,328.6759,443.2212,313.6726,303.0579,196.0909,188.0579,342.9339,332.2881,458.0932,-2.6324,8.3933,0,0.0001,-0.2185,1.5602,-0.209,1.5581,0.6727,149.7578,144.4121,145.8438,147.918,146.9829,0.6742,0.5556,0.6675,0.5807,0.5556,0.6372,0.5606,0.6528,0.5865,0.5606,0.6219,0.6449,0.6474,0.6278,0.6219,0.6072,0.5433,0.5895,0.3834,0.3834,0,0,0,0,0,-0.0086,-0.1179,-0.0167,-0.0653,-0.1058,-0.0001,-0.0588,-0.0176,-0.0423,-0.0534,-0.0164,-0.0163,-0.0094,-0.0145,-0.1224,-0.2561,-0.02,-0.0706,0.0073,0.0027,0.0057,-0.0584,-0.0165,-0.0465,-0.0515,-0.0163,-0.0413,0.0041,-0.0287,-0.0308,-0.0104,0.0164,-0.0115,-0.0019,-0.0605,-0.1253,-0.0163,-0.0178,-0.0154,0.0043,0.0021,-0.1883,0.003,-0.1539,-0.1738,0.0004,-0.1501,0.0098,-0.0972,-0.1329,-0.0103,0.0009,-0.0026,-0.0067,-0.0119,-0.0046,0.0078,-0.1219,0.0001,-0.1052,-0.1108,-0.006,-0.0898,0.0142,-0.0589,-0.078,-0.0194,0.0017,0.0134,0.0072,0.0013,0.0029,0.0013,TRUE,TRUE
DTC_L_74,LanSi,1,CW_01,B,2026-03-27 14:21:36+08:00,ONLINE,FALSE,,CW_1_01,PASS,,,51.6474441,_2026032714213676202,T20260327142136,DESKTOP-P2DUL42,Loma,1,CW_1_01,2,paul di,2024.0718.155524,V20260126.2,CW_DTCL_DTCR_STC,T20260327142228,51.6474441,TRUE,TRUE,TRUE,TRUE,TRUE,TRUE,TRUE,4S2RND2HBL06DS,v1.0.1,2025_12_22,313.9783,322.9565,473.8623,302.5797,294.78,151.6533,148.1208,342.8054,333.1786,489.4286,-6.716,2.3847,-0.0001,0,-0.2262,1.5587,-0.2186,1.5555,0.6673,156.3369,152.1533,150.2207,155.4443,153.5388,0.8135,0.7646,0.842,0.7804,0.7646,0.7799,0.7519,0.8069,0.7565,0.7519,0.8108,0.8149,0.8195,0.7645,0.7692,0.7274,0.7731,0.7061,0.7061,0.8123,0.3604,0.7515,0.8425,0.3604,0.855,0.7541,0.7394,0.839,0.8489,0.8415,0.8053,0.779,0.7394,0,0,0,0,0,v1.0.1,2025_12_22,314,322.9137,474.9275,302.4203,294.6093,150.6424,147,343,333.2394,490.5,-6.7448,2.3953,-0.0001,0,-0.2261,1.5582,-0.2192,1.556,0.6672,164.0537,159.5781,165.6455,165.2217,163.6248,0.673,0.6609,0.697,0.691,0.6609,0.6489,0.6349,0.662,0.6549,0.6349,0.6511,0.6512,0.6452,0.6365,0.6415,0.6232,0.6278,0.6091,0.6091,0.681,0.4782,0.6138,0.6783,0.4782,0.6574,0.6357,0.6338,0.672,0.6921,0.6864,0.6804,0.6289,0.6289,0,0,0,0,0,v1.0.1,2025_12_22,312.7692,315.0577,437.4955,300.982,299,184.1026,184.4274,329.8387,326.8051,445.7542,-7.4006,-4.353,-0.0001,0,-0.2119,1.5655,-0.2141,1.5633,0.6757,175.8955,174.9082,172.8633,175.2129,174.72,0.7652,0.6638,0.816,0.6628,0.6628,0.7474,0.6423,0.7603,0.6789,0.6423,0.7814,0.7839,0.774,0.7128,0.7128,0.7314,0,0.708,0.7511,0.708,0,0,0,0,0,v1.0.1,2025_12_22,312.8077,315.0385,438.3274,300.7788,298.7647,183.4454,183.5833,329.9167,326.8889,446.547,-7.4256,-4.3547,-0.0001,0,-0.2126,1.564,-0.2141,1.5636,0.6752,149.2266,144.2373,143.5781,146.8574,145.9749,0.6357,0.5716,0.6763,0.5934,0.5716,0.6278,0.5556,0.6218,0.5828,0.5556,0.6375,0.633,0.6471,0.6123,0.6123,0.5875,0.5,0.5719,0.5811,0.5,0,0,0,0,0,-0.0141,-0.103,-0.0055,-0.0429,-0.0587,-0.0127,-0.079,0.0011,-0.0299,-0.0345,-0.0078,0.0023,-0.0007,-0.0125,-0.0488,-0.0874,-0.0333,-0.041,0.008,-0.0654,-0.0128,-0.0546,0.0032,-0.0181,-0.0249,-0.0173,-0.0443,0.0016,-0.0054,-0.0254,-0.018,-0.0045,-0.023,-0.0014,-0.0123,-0.0531,-0.0222,-0.0173,0.0059,-0.0619,-0.0206,-0.1612,0.0112,-0.1261,-0.123,0.0057,-0.138,-0.0059,-0.0791,-0.0994,0.0013,0.0175,0.0176,0.0228,-0.0078,-0.0275,-0.0206,-0.112,0.0019,-0.0939,-0.0847,-0.006,-0.101,-0.0061,-0.0617,-0.0723,-0.0094,-0.0056,0.0116,0.0047,0.0047,-0.0044,-0.0054,TRUE,TRUE
DTC_R_74,LanSi,1,CW_01,C,2026-03-27 14:21:36+08:00,ONLINE,FALSE,,CW_1_01,PASS,,,51.9017654,_2026032714213670801,T20260327142136,DESKTOP-P2DUL42,Loma,1,CW_1_01,1,paul di,2024.0718.155524,V20260126.2,CW_DTCL_DTCR_STC,T20260327142228,51.9017654,TRUE,TRUE,TRUE,TRUE,TRUE,TRUE,TRUE,4S2RND2HBL0DP6,v1.0.1,2025_12_22,315.2388,317.8209,475.5,298.1667,295.7172,149.3862,149.7027,338.0608,335.9128,485.4564,-5.0857,-1.7218,-0.0001,0,-0.2215,1.5549,-0.2211,1.5476,0.665,156.04,153.4521,153.0605,155.9033,154.614,0.8639,0.791,0.8695,0.7896,0.7896,0.8315,0.7495,0.8324,0.7634,0.7495,0.8172,0.8205,0.8205,0.8244,0.7383,0.7363,0.7527,0.7596,0.7363,0.8414,0.7993,0.809,0.98,0.7993,0.8531,0.7754,0.7585,0.8125,0.786,0.7351,0.8478,0.8512,0.7351,0,0,0,0,0,v1.0.1,2025_12_22,315.2409,317.8467,476.5778,298.1259,295.6712,148.3836,148.42,338.28,336,486.5,-5.118,-1.6728,-0.0001,0,-0.2211,1.5553,-0.2214,1.5478,0.6652,165.5938,160.3086,169.4463,168.4023,165.9377,0.7088,0.6724,0.7178,0.6763,0.6724,0.6747,0.649,0.664,0.6463,0.6463,0.6565,0.6573,0.6549,0.658,0.6171,0.6527,0.6138,0.6262,0.6138,0.6788,0.6544,0.6532,0.1907,0.1907,0.6435,0.6624,0.6357,0.6672,0.6463,0.617,0.633,0.6721,0.617,0,0,0,0,0,v1.0.1,2025_12_22,317.5,329.1132,442.2679,314.2679,303.0492,197.2131,188.9032,343.4113,332.0885,457,-2.7382,8.7011,0,0.0001,-0.2179,1.5612,-0.2102,1.5567,0.6724,177.6914,177.0205,177.1992,178.6562,177.6418,0.8118,0.6517,0.8191,0.6394,0.6394,0.7752,0.646,0.7792,0.6466,0.646,0.7767,0.7732,0.7515,0.7631,0.7515,0.7663,0.667,0.7381,0,0.667,0,0,0,0,0,v1.0.1,2025_12_22,317.5048,329.0571,443.1261,314.2342,302.9593,196.4228,188,343.5,332.2389,457.7876,-2.7342,8.7004,0,0.0001,-0.2169,1.5611,-0.2105,1.5563,0.6725,149.3916,144.543,146.165,147.3037,146.8508,0.6706,0.5678,0.6791,0.5721,0.5678,0.6421,0.5623,0.6528,0.5594,0.5594,0.6534,0.6445,0.6507,0.6366,0.6366,0.5917,0.559,0.5726,0.4434,0.4434,0,0,0,0,0,-0.0095,-0.09,-0.0093,-0.0793,-0.0793,0.0164,-0.071,-0.0028,-0.0616,-0.0656,-0.0116,0.0065,0.0004,0.0054,-0.0711,-0.086,-0.0508,-0.0531,-0.0025,0.012,0.0064,-0.0369,0.0034,-0.0481,-0.03,-0.0129,-0.0304,-0.0049,-0.0409,-0.0226,0.0037,0.0158,-0.0094,0.0062,-0.0488,-0.0167,-0.0145,-0.015,-0.0056,-0.0034,-0.0066,-0.1718,0.0101,-0.1813,-0.1696,0.0117,-0.1347,0.0072,-0.1421,-0.1175,0.0017,0.0094,0,0.0235,0.0204,-0.0014,0.0042,-0.1097,0.0117,-0.1138,-0.0986,-0.0011,-0.0881,0.0142,-0.086,-0.0792,0.0121,0.0013,0.0167,0.016,0.016,-0.0126,-0.0156,TRUE,TRUE
DTC_R_75,LanSi,1,CW_01,A,2026-03-27 14:23:36+08:00,ONLINE,FALSE,,CW_1_01,PASS,,,51.5884431,_2026032714233608001,T20260327142336,DESKTOP-P2DUL42,Loma,1,CW_1_01,1,paul di,2024.0718.155524,V20260126.2,CW_DTCL_DTCR_STC,T20260327142427,51.5884431,TRUE,TRUE,TRUE,TRUE,TRUE,TRUE,TRUE,4S2RND2HBL0DP6,v1.0.1,2025_12_22,315.1556,316.2815,475.1533,296.8102,295.6233,148.1849,149.4267,336.2733,335.7329,484.5685,-5.2817,-3.0763,-0.0001,0,-0.2206,1.5546,-0.2195,1.5486,0.6658,156.8018,153.9209,153.4131,156.3447,155.1201,0.8613,0.7668,0.8772,0.7981,0.7668,0.8165,0.7578,0.821,0.7855,0.7578,0.8225,0.8227,0.8107,0.8192,0.7364,0.7231,0.7881,0.7761,0.7231,0.8414,0.7949,0.7915,0.98,0.7915,0.8475,0.784,0.7575,0.8247,0.7899,0.7078,0.8084,0.8502,0.7078,0,0,0,0,0,v1.0.1,2025_12_22,315.1232,316.2681,476.2086,296.6331,295.3154,147.1275,148.32,336.32,335.8784,485.6284,-5.3309,-3.1046,-0.0001,0,-0.2208,1.5537,-0.2191,1.5483,0.6655,164.6816,159.1455,167.9736,167.459,164.8149,0.7087,0.658,0.7104,0.6716,0.658,0.6804,0.64,0.6615,0.6514,0.64,0.6537,0.6412,0.6463,0.6743,0.631,0.6279,0.633,0.6421,0.6279,0.692,0.6675,0.6599,0.1922,0.1922,0.6508,0.6495,0.6546,0.6629,0.6515,0.6302,0.6225,0.6786,0.6225,0,0,0,0,0,v1.0.1,2025_12_22,317.4057,327.8396,442.0268,312.7946,303,196,188.7623,341.7377,332.0172,456.0517,-2.8576,7.3847,0,0.0001,-0.2196,1.5614,-0.2071,1.5568,0.6729,177.0361,176.5488,176.335,177.6953,176.9038,0.8148,0.6145,0.8159,0.6527,0.6145,0.7802,0.6585,0.7795,0.6742,0.6585,0.7663,0.7713,0.7613,0.7578,0.7578,0.737,0.6795,0.7271,0,0.6795,0,0,0,0,0,v1.0.1,2025_12_22,317.4476,327.8762,442.8364,312.7273,302.748,195.2846,187.8537,341.9187,332.0609,456.9217,-2.9107,7.4457,0,0.0001,-0.2197,1.5599,-0.2074,1.5575,0.6726,148.5947,143.2197,145.21,146.4697,145.8735,0.6653,0.5428,0.6783,0.58,0.5428,0.6452,0.5752,0.6402,0.5758,0.5752,0.6396,0.6453,0.6364,0.6269,0.6269,0.5985,0.5569,0.5855,0.4212,0.4212,0,0,0,0,0,-0.0121,-0.1142,-0.0016,-0.0708,-0.1021,0.0014,-0.0627,-0.0142,-0.0395,-0.0573,-0.0063,0.0087,-0.0094,0.0002,-0.073,-0.0992,-0.0154,-0.0366,-0.0025,-0.0055,0.0063,-0.0513,-0.004,-0.0528,-0.0444,-0.0072,-0.0394,-0.0074,-0.0358,-0.0289,0.0009,-0.0003,-0.018,0.0225,-0.0349,-0.0415,0.0047,0.0009,0.0076,0.0033,-0.0036,-0.209,0.0069,-0.168,-0.1945,0.0167,-0.1222,0.0075,-0.1145,-0.105,-0.0087,0.0075,0.0098,0.0182,-0.0089,-0.0124,-0.0011,-0.1347,0.0109,-0.1059,-0.1236,0.002,-0.0752,0.0016,-0.0696,-0.0634,-0.0017,0.0021,0.0024,0.0063,0.0063,-0.0058,-0.0027,TRUE,TRUE
DTC_L_75,LanSi,1,CW_01,C,2026-03-27 14:23:36+08:00,ONLINE,FALSE,,CW_1_01,PASS,,,51.425877,_2026032714233624102,T20260327142336,DESKTOP-P2DUL42,Loma,1,CW_1_01,2,paul di,2024.0718.155524,V20260126.2,CW_DTCL_DTCR_STC,T20260327142427,51.425877,TRUE,TRUE,TRUE,TRUE,TRUE,TRUE,TRUE,4S2RND2HBL06DS,v1.0.1,2025_12_22,314.125,323.4118,474.0803,303.0438,294.7467,152.5533,148.3506,343.3506,333.4519,489.9259,-6.5491,2.9571,-0.0001,0,-0.2261,1.5573,-0.2192,1.5547,0.6667,155.4307,151.0264,149.4551,154.6348,152.6367,0.8261,0.799,0.8421,0.7902,0.7902,0.7806,0.7483,0.7815,0.7377,0.7377,0.8219,0.8127,0.818,0.7758,0.766,0.7045,0.7844,0.7019,0.7019,0.8262,0.98,0.8321,0.8214,0.8214,0.8482,0.7869,0.7882,0.8405,0.8209,0.7964,0.7947,0.7715,0.7715,0,0,0,0,0,v1.0.1,2025_12_22,314.2,323.4143,475.2336,302.9854,294.6159,151.5364,147.245,343.3907,333.7464,490.971,-6.4918,2.9596,-0.0001,0,-0.2257,1.5568,-0.2186,1.5541,0.6667,164.1387,160.1484,166.1895,164.8164,163.8232,0.6793,0.6752,0.7064,0.6978,0.6752,0.6503,0.6343,0.6519,0.6598,0.6343,0.6565,0.6567,0.6528,0.635,0.6205,0.6285,0.6435,0.6165,0.6165,0.6783,0.4515,0.676,0.6786,0.4515,0.6598,0.6607,0.6545,0.6963,0.6826,0.6741,0.6723,0.6194,0.6194,0,0,0,0,0,v1.0.1,2025_12_22,312.9524,315.6286,437.7368,301.5,298.9667,184.9583,184.5372,330.4628,327,446.1026,-7.2614,-3.7695,-0.0001,0,-0.2122,1.5637,-0.2145,1.563,0.675,176.085,174.9219,173.2197,175.4775,174.926,0.789,0.6795,0.8043,0.6789,0.6789,0.7412,0.651,0.7504,0.6843,0.651,0.779,0.7743,0.7674,0.7117,0.7117,0.7384,0,0.7312,0.7131,0.7131,0,0,0,0,0,v1.0.1,2025_12_22,313,315.6038,438.6195,301.3097,298.9831,184.0508,183.605,330.395,327.0172,446.9483,-7.255,-3.8385,-0.0001,0,-0.2128,1.5641,-0.2133,1.564,0.6755,149.2471,144.667,143.9219,146.7021,146.1345,0.6629,0.5853,0.6653,0.5975,0.5853,0.6216,0.5794,0.6236,0.593,0.5794,0.6299,0.6362,0.648,0.6222,0.6222,0.5807,0.5344,0.601,0.569,0.5344,0,0,0,0,0,-0.0015,-0.0686,-0.0054,-0.0331,-0.0331,-0.012,-0.0826,-0.0243,-0.0487,-0.0487,0.0033,0.0001,-0.0022,-0.0012,-0.052,-0.1103,-0.022,-0.0452,0.0219,0.0152,-0.0065,-0.0403,0.0126,-0.0113,-0.0106,-0.0159,-0.0449,-0.0085,-0.0005,-0.026,-0.0126,0.001,-0.0154,-0.0029,-0.0333,-0.0478,-0.0065,-0.0099,0.0032,0.0003,0.0032,-0.1455,-0.0005,-0.11,-0.1069,-0.0005,-0.1293,-0.0158,-0.0737,-0.0907,-0.0011,0.0079,0.011,0.0217,-0.0008,-0.0043,0.0066,-0.0983,-0.0091,-0.0898,-0.071,-0.0122,-0.0772,-0.0043,-0.0515,-0.0485,-0.017,-0.0024,0.0125,0.0146,0.0146,-0.0112,0.0237,TRUE,TRUE
DTC_L_76,LanSi,1,CW_01,A,2026-03-27 14:25:15+08:00,ONLINE,FALSE,,CW_1_01,PASS,,,51.8467581,_2026032714251539402,T20260327142515,DESKTOP-P2DUL42,Loma,1,CW_1_01,2,paul di,2024.0718.155524,V20260126.2,CW_DTCL_DTCR_STC,T20260327142607,51.8467581,TRUE,TRUE,TRUE,TRUE,TRUE,TRUE,TRUE,4S2RND2HBL06DS,v1.0.1,2025_12_22,315.4511,322,475.6296,300.9704,296.457,150.5099,150.2617,341.8725,334.8261,487.8551,-4.9749,1.1416,0,0,-0.23,1.56,-0.2192,1.554,0.6662,155.5332,142.8213,149.7109,154.7168,150.6956,0.8214,0.8145,0.8566,0.7874,0.7874,0.7867,0.7554,0.7961,0.7375,0.7375,0.8163,0.8092,0.8227,0.7518,0.7227,0.7351,0.7497,0.6881,0.6881,0.8319,0.3548,0.7995,0.7897,0.3548,0.8526,0.7333,0.7224,0.8362,0.8199,0.7741,0.772,0.766,0.7224,0,0,0,0,0,v1.0.1,2025_12_22,315.3235,321.9632,476.7153,300.9343,296.3113,149.5033,149.0342,342.0342,335,488.9137,-5.0231,1.1698,-0.0001,0,-0.2291,1.5605,-0.2196,1.553,0.6662,163.8809,152.8555,165.8984,165.1201,161.9387,0.6822,0.6843,0.7014,0.6945,0.6822,0.6633,0.6304,0.6514,0.6465,0.6304,0.6499,0.6547,0.6656,0.6229,0.6141,0.6461,0.6275,0.5719,0.5719,0.6829,0.5554,0.6658,0.6692,0.5554,0.651,0.6321,0.6074,0.6761,0.6675,0.6614,0.6717,0.6216,0.6074,0,0,0,0,0,v1.0.1,2025_12_22,314.0762,314.2762,439.3043,299.6174,300.5,183,186.2683,328.9268,328.2105,444.5,-5.8281,-5.4359,-0.0001,-0.0001,-0.216,1.5672,-0.2136,1.5622,0.6749,176.2939,165.8086,173.5479,175.5098,172.79,0.7864,0.7095,0.8081,0.69,0.69,0.7468,0.6637,0.7576,0.6446,0.6446,0.7769,0.7549,0.7732,0.6287,0.6287,0.7384,0,0.7228,0.6637,0.6637,0,0,0,0,0,v1.0.1,2025_12_22,314.0865,314.2212,440.0182,299.5455,300.3443,182.1721,185.3388,329.0496,328.4103,445.4103,-5.8604,-5.4203,-0.0001,-0.0001,-0.2155,1.5666,-0.2142,1.5615,0.6746,148.916,138.2871,143.2705,146.6006,144.2686,0.6764,0.5909,0.6692,0.6139,0.5909,0.6292,0.5661,0.6162,0.5675,0.5661,0.6181,0.637,0.6513,0.5602,0.5602,0.5998,0.5154,0.5803,0.5489,0.5154,0,0,0,0,0,-0.0062,-0.0531,0.0091,-0.0359,-0.0359,-0.0059,-0.0755,-0.0097,-0.0489,-0.0489,-0.0023,-0.0034,0.0025,-0.0252,-0.0953,-0.0797,-0.0567,-0.059,0.0276,-0.0174,-0.0036,-0.0312,0.0076,-0.0146,-0.0036,-0.0029,-0.0488,-0.009,-0.0138,-0.0299,-0.0192,-0.001,-0.0026,-0.015,-0.0397,-0.0302,-0.0225,-0.0545,0.0078,-0.0099,0.0006,-0.1155,0.0033,-0.0989,-0.0958,0.0051,-0.1166,-0.0086,-0.1134,-0.0971,-0.0032,-0.0115,0.0168,-0.0613,-0.0008,-0.0127,0.0201,-0.0927,-0.0052,-0.0734,-0.0654,-0.0046,-0.0905,-0.0117,-0.077,-0.0618,-0.0288,-0.0016,0.0158,-0.0474,-0.0474,0.0079,0.003,TRUE,TRUE
DTC_R_76,LanSi,1,CW_01,B,2026-03-27 14:25:15+08:00,ONLINE,FALSE,,CW_1_01,PASS,,,51.8437658,_2026032714251539901,T20260327142515,DESKTOP-P2DUL42,Loma,1,CW_1_01,1,paul di,2024.0718.155524,V20260126.2,CW_DTCL_DTCR_STC,T20260327142607,51.8437658,TRUE,TRUE,TRUE,TRUE,TRUE,TRUE,TRUE,4S2RND2HBL0DP6,v1.0.1,2025_12_22,315.029,316.1232,474.6917,296.1128,295.4122,146.5878,149.543,336.3974,335.2676,483.7958,-5.5113,-3.6966,-0.0001,0,-0.2242,1.5551,-0.2214,1.5502,0.6649,156.9443,154.9316,154.5186,156.9893,155.8459,0.8653,0.8281,0.8744,0.8195,0.8195,0.8179,0.7749,0.8262,0.7345,0.7345,0.8087,0.8061,0.8176,0.8158,0.7607,0.7477,0.7592,0.6953,0.6953,0.8399,0.8228,0.7928,0.98,0.7928,0.8402,0.797,0.8049,0.8236,0.812,0.8532,0.7859,0.8379,0.7859,0,0,0,0,0,v1.0.1,2025_12_22,315.0429,316.1071,475.7842,296,295.2671,145.5685,148.457,336.3974,335.4931,484.7153,-5.4912,-3.7423,-0.0001,0,-0.2239,1.5548,-0.2207,1.5496,0.665,164.4229,157.9014,166.7607,166.9463,164.0078,0.6996,0.692,0.7108,0.6835,0.6835,0.6795,0.6516,0.6616,0.6273,0.6273,0.648,0.646,0.6566,0.6671,0.6385,0.6445,0.6177,0.5993,0.5993,0.6858,0.681,0.6572,0.3136,0.3136,0.658,0.6776,0.6599,0.6695,0.6596,0.6787,0.6737,0.6802,0.658,0,0,0,0,0,v1.0.1,2025_12_22,317.287,327.6759,441.6174,312.4522,302.76,194.88,188.7317,341.9268,331.8596,456,-3.0488,7.087,0,0.0001,-0.2213,1.5613,-0.2099,1.5572,0.6718,177.7646,177.8535,177.5234,178.4941,177.9089,0.8059,0.7169,0.8219,0.6902,0.6902,0.7723,0.6773,0.7885,0.6068,0.6068,0.7645,0.7614,0.7556,0.7348,0.7348,0.7694,0.6822,0.7344,0,0.6822,0,0,0,0,0,v1.0.1,2025_12_22,317.3611,327.9074,442.5,312.5,302.5873,194.1349,187.8455,342.1789,331.955,456.8108,-3.0502,7.2064,0,0.0001,-0.222,1.5603,-0.2092,1.5575,0.6717,148.25,142.3232,144.21,146.21,145.2483,0.6551,0.6062,0.6787,0.5879,0.5879,0.6403,0.5917,0.6412,0.5473,0.5473,0.6273,0.6364,0.6307,0.618,0.618,0.6002,0.5622,0.568,0.4539,0.4539,0,0,0,0,0,-0.0081,-0.0529,-0.0044,-0.0494,-0.0494,0.0028,-0.0456,-0.009,-0.0905,-0.0806,-0.0201,-0.0079,-0.0025,-0.0032,-0.0487,-0.0746,-0.0443,-0.1174,-0.004,-0.0042,-0.0028,-0.0173,-0.0036,-0.0409,-0.0189,-0.0081,-0.0278,-0.0073,-0.0599,-0.0416,-0.0048,0.0045,-0.0077,0.0153,-0.0274,-0.0249,-0.0106,-0.0419,0.0014,0.0006,-0.0125,-0.1066,0.0129,-0.1305,-0.1188,0.0088,-0.1034,0.0165,-0.1819,-0.1567,-0.0105,-0.0024,0.0041,-0.0048,0.0235,-0.0051,-0.0113,-0.0713,0.0113,-0.098,-0.0785,-0.0029,-0.0587,0.0026,-0.0981,-0.0913,-0.014,-0.0068,-0.0033,-0.0026,-0.0026,-0.0041,-0.0202,TRUE,TRUE
DTC_L_77,LanSi,1,CW_01,B,2026-03-27 14:39:52+08:00,ONLINE,FALSE,,CW_1_01,PASS,,,51.7125553,_2026032714395213602,T20260327143952,DESKTOP-P2DUL42,Loma,1,CW_1_01,2,paul di,2024.0718.155524,V20260126.2,CW_DTCL_DTCR_STC,T20260327144043,51.7125553,TRUE,TRUE,TRUE,TRUE,TRUE,TRUE,TRUE,4S2RND2HBL06DS,v1.0.1,2025_12_22,314.2148,322.2222,474.2612,301.8955,294.9267,151.2867,148.604,342,333.5735,488.875,-6.384,1.7559,-0.0001,0,-0.2258,1.5579,-0.2183,1.5546,0.6671,156.416,152.123,150.3428,155.6211,153.6257,0.8229,0.8144,0.8448,0.7958,0.7958,0.7737,0.7753,0.7925,0.7584,0.7584,0.8184,0.8133,0.8121,0.7727,0.7415,0.7405,0.7761,0.7078,0.7078,0.8042,0.98,0.8274,0.8315,0.8042,0.8437,0.7505,0.7562,0.8266,0.8183,0.8347,0.805,0.7721,0.7505,0,0,0,0,0,v1.0.1,2025_12_22,314.2044,322.2701,475.3382,301.8824,294.8344,150.3642,147.4211,342.2105,333.741,489.8417,-6.3922,1.8138,-0.0001,0,-0.2253,1.5581,-0.2185,1.5542,0.6671,164.2334,159.8223,165.7188,165.3369,163.7778,0.6728,0.6739,0.6965,0.6889,0.6728,0.655,0.6375,0.6504,0.6495,0.6375,0.6535,0.6543,0.6492,0.6211,0.622,0.6354,0.6479,0.6211,0.6211,0.6649,0.4586,0.6788,0.6833,0.4586,0.6543,0.6542,0.6339,0.6943,0.6821,0.7004,0.6794,0.6397,0.6339,0,0,0,0,0,v1.0.1,2025_12_22,313,314.6038,437.7965,300.3805,298.975,183.7667,184.6612,329.2231,327,445.1026,-7.2135,-4.8847,-0.0001,0,-0.213,1.5635,-0.2129,1.5634,0.6753,175.9727,175.3848,173.2344,175.5977,175.0474,0.7845,0.7078,0.8064,0.6966,0.6966,0.7425,0.6526,0.7608,0.6714,0.6526,0.7883,0.7763,0.7618,0.7,0.7,0.7285,0,0.7275,0.7377,0.7275,0,0,0,0,0,v1.0.1,2025_12_22,312.9623,314.5,438.5614,300.3333,299,182.8974,183.7623,329.2787,327.0609,445.9217,-7.2306,-4.9138,-0.0001,0,-0.2118,1.5646,-0.2134,1.5634,0.6757,149.5439,144.4229,143.7305,147.1406,146.2095,0.6692,0.5994,0.6745,0.6085,0.5994,0.6341,0.5587,0.6184,0.594,0.5587,0.6352,0.6442,0.6394,0.6072,0.6072,0.597,0.528,0.598,0.5931,0.528,0,0,0,0,0,-0.0047,-0.0532,-0.0027,-0.0275,-0.0275,-0.0189,-0.0556,-0.0133,-0.028,-0.028,-0.0002,0.0007,-0.0081,-0.0043,-0.0765,-0.0743,-0.0303,-0.0393,-0.0001,0.0105,-0.013,-0.0416,0.0027,-0.0202,-0.013,-0.0112,-0.0417,-0.01,-0.0108,-0.0228,-0.0156,-0.0014,-0.019,-0.0168,-0.0318,-0.0409,-0.0021,-0.0053,-0.0102,0.0031,-0.0013,-0.1172,0.0016,-0.0923,-0.0892,0.0008,-0.1277,-0.0054,-0.0866,-0.0891,0.0082,0.0099,0.0054,0.01,-0.0107,-0.008,0.0129,-0.0842,0.0001,-0.0788,-0.0569,0.0003,-0.0979,-0.0095,-0.0505,-0.0692,-0.0117,0.0056,0.0039,-0.0004,-0.0004,0.0051,0.0207,TRUE,TRUE
DTC_R_77,LanSi,1,CW_01,C,2026-03-27 14:39:52+08:00,ONLINE,FALSE,,CW_1_01,PASS,,,51.7349498,_2026032714395214301,T20260327143952,DESKTOP-P2DUL42,Loma,1,CW_1_01,1,paul di,2024.0718.155524,V20260126.2,CW_DTCL_DTCR_STC,T20260327144043,51.7349498,TRUE,TRUE,TRUE,TRUE,TRUE,TRUE,TRUE,4S2RND2HBL0DP6,v1.0.1,2025_12_22,315.2388,317.1791,475.5,297.8333,295.9247,148.8014,149.7483,337.3046,335.9664,485.5302,-5.0243,-2.1703,-0.0001,0,-0.2196,1.5561,-0.2205,1.5478,0.6659,156.3398,153.6152,153.4414,155.9785,154.8438,0.8596,0.8007,0.8745,0.7676,0.7676,0.8219,0.7571,0.8147,0.7619,0.7571,0.8275,0.8144,0.814,0.8188,0.7205,0.7425,0.7953,0.7738,0.7205,0.8385,0.8045,0.7961,0.98,0.7961,0.8546,0.7733,0.7618,0.8247,0.7801,0.6891,0.8035,0.8425,0.6891,0,0,0,0,0,v1.0.1,2025_12_22,315.2409,317.1533,476.6429,297.5714,295.8288,147.7877,148.5,337.5,336.0199,486.543,-5.0535,-2.1889,-0.0001,0,-0.2202,1.5562,-0.2209,1.5482,0.6658,165.6553,160.6016,169.1836,168.0615,165.8755,0.7,0.6605,0.7172,0.6694,0.6605,0.6801,0.6421,0.6629,0.6624,0.6421,0.6521,0.6514,0.6619,0.6535,0.6215,0.6405,0.6171,0.6214,0.6171,0.6751,0.6606,0.6664,0.1306,0.1306,0.6391,0.6597,0.6496,0.6782,0.6515,0.5852,0.6242,0.6624,0.5852,0,0,0,0,0,v1.0.1,2025_12_22,317.5,328.5273,442.3333,313.5351,303.0163,196.7154,188.9524,342.6508,332.0783,456.7217,-2.724,8.1301,0,0.0001,-0.219,1.5608,-0.2089,1.557,0.6725,177.9004,177.54,177.7129,178.7061,177.9648,0.8185,0.6387,0.8271,0.6273,0.6273,0.7786,0.6272,0.7875,0.661,0.6272,0.7805,0.7729,0.7603,0.7541,0.7541,0.7504,0.66,0.7294,0,0.66,0,0,0,0,0,v1.0.1,2025_12_22,317.5,328.5273,443.1171,313.5135,302.9667,195.9583,188,342.8475,332.1858,457.5487,-2.7461,8.179,0,0.0001,-0.2184,1.5611,-0.2096,1.5569,0.6725,149.6377,144.251,146.2285,147.2227,146.835,0.667,0.5615,0.6743,0.5577,0.5577,0.6514,0.5505,0.6432,0.5716,0.5505,0.6453,0.6433,0.6365,0.6571,0.6365,0.5843,0.5668,0.5682,0.3759,0.3759,0,0,0,0,0,-0.0138,-0.0803,-0.0043,-0.1013,-0.1013,0.0068,-0.0634,-0.0205,-0.0631,-0.058,-0.0013,0.0004,-0.0061,-0.0002,-0.0889,-0.0798,-0.0082,-0.0389,-0.0054,-0.0009,-0.0024,-0.0488,0.0028,-0.055,-0.0419,-0.0075,-0.0373,-0.006,-0.0248,-0.0268,-0.0007,0.0099,-0.0024,0.0017,-0.0444,-0.0289,-0.0112,-0.0198,-0.0093,0.0098,0.0001,-0.1848,0.0181,-0.1934,-0.1817,0.0151,-0.1535,0.0155,-0.1277,-0.1363,0.0055,0.0091,0.0088,0.0145,0.0045,-0.0101,0.0006,-0.116,0.0069,-0.1282,-0.1087,0.0082,-0.0999,0.0046,-0.0738,-0.0881,0.004,0.0001,0.0025,0.0365,0.0159,-0.02,-0.02,TRUE,TRUE
DTC_L_78,LanSi,1,CW_01,C,2026-03-27 14:41:45+08:00,ONLINE,FALSE,,CW_1_01,PASS,,,51.7905999,_2026032714414580402,T20260327144145,DESKTOP-P2DUL42,Loma,1,CW_1_01,2,paul di,2024.0718.155524,V20260126.2,CW_DTCL_DTCR_STC,T20260327144237,51.7905999,TRUE,TRUE,TRUE,TRUE,TRUE,TRUE,TRUE,4S2RND2HBL06DS,v1.0.1,2025_12_22,315.403,320.9925,475.6765,299.8382,296.3311,149.6892,150.1611,340.6376,334.8015,486.8235,-5.0254,0.0962,-0.0001,0,-0.2307,1.5594,-0.2178,1.5538,0.6662,154.2314,149.1885,146.9248,152.6699,150.7537,0.8262,0.8177,0.8389,0.7937,0.7937,0.7896,0.7651,0.8049,0.7632,0.7632,0.8275,0.8075,0.8185,0.7533,0.724,0.7448,0.7403,0.7142,0.7142,0.815,0.98,0.8148,0.7992,0.7992,0.8441,0.7603,0.7051,0.8433,0.8062,0.7676,0.7817,0.7927,0.7051,0,0,0,0,0,v1.0.1,2025_12_22,315.292,321,476.7842,299.6906,296.1477,148.906,149,340.9521,334.8417,487.8633,-5.0869,0.1824,-0.0001,0,-0.2307,1.5595,-0.2189,1.5537,0.6659,163.7188,159.0889,164.9443,164.8867,163.1597,0.6792,0.693,0.6923,0.7003,0.6792,0.6569,0.6392,0.6503,0.6517,0.6392,0.6553,0.6549,0.6405,0.6406,0.6163,0.6404,0.6462,0.6214,0.6163,0.6751,0.3917,0.6928,0.6728,0.3917,0.6493,0.6349,0.5879,0.6767,0.6841,0.6494,0.6704,0.63,0.5879,0,0,0,0,0,v1.0.1,2025_12_22,314.0476,313.3714,439.3621,298.5,300.3902,182.187,186.2066,327.843,328.307,443.4825,-5.8373,-6.4232,-0.0001,-0.0001,-0.2176,1.5665,-0.2122,1.5611,0.6745,174.7471,172.8955,170.5332,173.5225,172.9246,0.8,0.6983,0.7978,0.6823,0.6823,0.7578,0.6457,0.7612,0.6671,0.6457,0.7781,0.7666,0.7613,0.6914,0.6914,0.7174,0,0.7162,0.6672,0.6672,0,0,0,0,0,v1.0.1,2025_12_22,314.0476,313.3714,440.1875,298.4286,300.4068,181.5,185.2833,327.9167,328.2966,444.2966,-5.8556,-6.3973,-0.0001,-0.0001,-0.2174,1.5672,-0.212,1.5619,0.6749,149.2578,144.3555,143.0703,146.7402,145.856,0.6572,0.5878,0.6757,0.6054,0.5878,0.6321,0.5603,0.6318,0.5779,0.5603,0.6266,0.638,0.6292,0.6052,0.6052,0.5821,0.4919,0.5952,0.534,0.4919,0,0,0,0,0,-0.0014,-0.0499,-0.0086,-0.0296,-0.0296,-0.003,-0.0658,-0.0009,-0.0232,-0.0232,0.0089,-0.0051,-0.0017,-0.0237,-0.094,-0.07,-0.0661,-0.0329,0.0107,-0.0021,-0.0066,-0.0225,-0.0015,-0.0088,-0.0066,-0.0093,-0.04,-0.0101,-0.0086,-0.0211,-0.0138,-0.0008,-0.0277,0.0027,-0.0375,-0.0359,-0.0038,-0.005,0,0.0171,0.0142,-0.1267,-0.007,-0.1066,-0.1035,0.0161,-0.1346,-0.005,-0.0909,-0.096,-0.002,0.0002,0.0049,0.0014,-0.0218,-0.0193,0.0009,-0.0958,0.0013,-0.0819,-0.0685,-0.0017,-0.0963,0.0039,-0.0666,-0.0676,-0.0203,-0.0006,-0.0063,-0.0024,-0.0024,-0.0098,0.0179,TRUE,TRUE
DTC_R_78,LanSi,1,CW_01,A,2026-03-27 14:41:45+08:00,ONLINE,FALSE,,CW_1_01,PASS,,,52.1326854,_2026032714414567101,T20260327144145,DESKTOP-P2DUL42,Loma,1,CW_1_01,1,paul di,2024.0718.155524,V20260126.2,CW_DTCL_DTCR_STC,T20260327144237,52.1326854,TRUE,TRUE,TRUE,TRUE,TRUE,TRUE,TRUE,4S2RND2HBL0DP6,v1.0.1,2025_12_22,315.0584,316.0146,475.2612,296.2313,295.5379,147.7517,149.4211,335.7895,335.8609,485.2583,-5.2721,-3.2909,-0.0001,0,-0.2224,1.5548,-0.2183,1.548,0.6655,157.4199,155.585,154.9854,157.0361,156.2566,0.8735,0.7835,0.8783,0.8151,0.7835,0.8174,0.7342,0.8257,0.7866,0.7342,0.8248,0.797,0.809,0.8203,0.7273,0.7262,0.7988,0.7919,0.7262,0.8445,0.8038,0.7964,0.98,0.7964,0.8351,0.7545,0.7611,0.8027,0.7942,0.7056,0.8303,0.8437,0.7056,0,0,0,0,0,v1.0.1,2025_12_22,315.0857,316.0214,476.1985,296.1765,295.3649,146.7432,148.2585,335.966,335.9669,486.3841,-5.3251,-3.2418,-0.0001,0,-0.222,1.5543,-0.2185,1.5483,0.6655,164.0674,156.7197,165.5664,166.8477,163.3003,0.694,0.6581,0.7173,0.6931,0.6581,0.6731,0.6266,0.6677,0.6547,0.6266,0.6633,0.6269,0.6471,0.6477,0.627,0.6435,0.6264,0.6357,0.6264,0.6843,0.6505,0.6584,0.1008,0.1008,0.6589,0.6686,0.6586,0.6489,0.6554,0.6271,0.6331,0.6673,0.6271,0,0,0,0,0,v1.0.1,2025_12_22,317.4273,327.4364,442.1351,312.4234,302.9016,195.877,188.8306,341.4355,332.0625,456.4107,-2.8286,7.2166,0,0.0001,-0.2193,1.5603,-0.2079,1.5573,0.6726,177.8232,178.1602,178.4668,178.6562,178.2766,0.8148,0.636,0.8286,0.6875,0.636,0.7899,0.6179,0.7807,0.6879,0.6179,0.7591,0.766,0.7702,0.7457,0.7457,0.755,0.6765,0.7315,0,0.6765,0,0,0,0,0,v1.0.1,2025_12_22,317.5,327.5,442.9633,312.3578,302.7742,194.9919,187.878,341.6667,332.1304,457.3304,-2.8508,7.2694,0,0.0001,-0.2196,1.5596,-0.2083,1.5581,0.6724,148.1709,141.0674,142.9941,146.2197,144.613,0.6655,0.5647,0.6944,0.6037,0.5647,0.6522,0.5524,0.6488,0.592,0.5524,0.6397,0.6369,0.6342,0.6277,0.6277,0.5858,0.5579,0.5813,0.3577,0.3577,0,0,0,0,0,0.0001,-0.0975,-0.0005,-0.0538,-0.0854,0.0023,-0.0863,-0.0095,-0.0384,-0.0809,-0.004,-0.017,-0.0111,0.0013,-0.0821,-0.0961,-0.0047,-0.0208,0.0006,-0.0006,-0.0084,-0.0512,0.0029,-0.0313,-0.0443,-0.0145,-0.0528,-0.0012,-0.0325,-0.0423,0.0105,-0.0146,-0.0172,-0.0041,-0.0389,-0.0259,-0.0019,-0.0055,-0.0001,0.0018,-0.0036,-0.1875,0.0196,-0.1332,-0.173,0.0264,-0.1628,0.0087,-0.1008,-0.1456,-0.0159,0.0022,0.0187,0.0061,0.0091,-0.008,-0.0009,-0.1128,0.027,-0.0822,-0.1017,0.009,-0.098,0.0102,-0.0534,-0.0862,-0.0016,-0.0063,0.0002,0.0071,0.0071,-0.0185,-0.0069,TRUE,TRUE
DTC_L_79,LanSi,1,CW_01,A,2026-03-27 14:43:31+08:00,ONLINE,FALSE,,CW_1_01,PASS,,,52.6987931,_2026032714433165702,T20260327144331,DESKTOP-P2DUL42,Loma,1,CW_1_01,2,paul di,2024.0718.155524,V20260126.2,CW_DTCL_DTCR_STC,T20260327144424,52.6987931,TRUE,TRUE,TRUE,TRUE,TRUE,TRUE,TRUE,4S2RND2HBL06DS,v1.0.1,2025_12_22,315.2857,322.188,475.3768,301.3913,296.2671,151.5685,150,342.1419,334.7391,487.7029,-5.1662,1.4985,-0.0001,0,-0.2287,1.5593,-0.2196,1.5533,0.6661,155.6201,151.7275,149.9902,155.2812,153.1548,0.8285,0.8108,0.8403,0.8022,0.8022,0.7896,0.7685,0.8027,0.7451,0.7451,0.8071,0.8252,0.8017,0.7601,0.7335,0.7324,0.752,0.6983,0.6983,0.8166,0.98,0.8033,0.7713,0.7713,0.8502,0.7893,0.7546,0.8416,0.818,0.7796,0.7779,0.7634,0.7546,0,0,0,0,0,v1.0.1,2025_12_22,315.2029,322.3188,476.413,301.3841,296.0861,150.6026,148.9324,342.3514,334.8467,488.8102,-5.2038,1.5934,-0.0001,0,-0.2286,1.5594,-0.2194,1.5528,0.6661,164.1377,160.125,166.0557,165.4346,163.9382,0.6844,0.69,0.6969,0.7048,0.6844,0.6688,0.6346,0.6502,0.6467,0.6346,0.6496,0.6538,0.6578,0.6351,0.6166,0.636,0.6272,0.6038,0.6038,0.6931,0.3489,0.6854,0.6757,0.3489,0.6581,0.6567,0.6213,0.6841,0.6647,0.6823,0.6681,0.6388,0.6213,0,0,0,0,0,v1.0.1,2025_12_22,314.0476,314.6286,439,300.1607,300.5,184,185.968,329.376,328.2105,444.5,-5.9548,-4.9669,-0.0001,0,-0.2148,1.5669,-0.2141,1.5617,0.6749,176.5791,175.5928,173.7002,176.1631,175.5088,0.8025,0.7004,0.8068,0.7006,0.7004,0.7364,0.6715,0.7566,0.6625,0.6625,0.7645,0.7704,0.7717,0.7036,0.7036,0.7291,0,0.7316,0.6785,0.6785,0,0,0,0,0,v1.0.1,2025_12_22,314,314.6038,439.7928,299.973,300.3277,183.1261,185.1639,329.4262,328.25,445.4138,-5.9931,-4.9914,-0.0001,0,-0.2153,1.5667,-0.214,1.5618,0.6748,149.4521,144.583,143.6279,147.1719,146.2087,0.6592,0.5975,0.6805,0.6325,0.5975,0.6336,0.5781,0.6229,0.5883,0.5781,0.624,0.633,0.6529,0.6014,0.6014,0.5753,0.5062,0.5808,0.5706,0.5062,0,0,0,0,0,0.0009,-0.0568,-0.0072,-0.0211,-0.0211,-0.003,-0.0624,-0.0031,-0.0413,-0.0413,-0.0115,0.0126,-0.0185,-0.0169,-0.0845,-0.0824,-0.0544,-0.0488,0.0123,-0.0136,-0.0014,-0.0255,0.0031,-0.0043,-0.0014,0.0026,-0.0446,-0.0102,-0.0136,-0.0257,-0.0195,-0.0019,-0.0104,-0.0028,-0.0372,-0.0403,-0.0228,-0.0226,0.018,0.0097,0.0167,-0.1246,0.002,-0.0883,-0.0854,-0.0053,-0.1088,-0.0096,-0.0955,-0.0792,-0.0156,0.004,0.0153,0.0136,-0.0101,-0.0039,0.0029,-0.0861,0.0061,-0.0548,-0.0588,-0.0002,-0.0785,-0.005,-0.0562,-0.0498,-0.0229,-0.0056,0.0174,-0.0062,-0.0062,-0.0166,0.0035,TRUE,TRUE
DTC_R_79,LanSi,1,CW_01,B,2026-03-27 14:43:31+08:00,ONLINE,FALSE,,CW_1_01,PASS,,,52.659897,_2026032714433170901,T20260327144331,DESKTOP-P2DUL42,Loma,1,CW_1_01,1,paul di,2024.0718.155524,V20260126.2,CW_DTCL_DTCR_STC,T20260327144424,52.659897,TRUE,TRUE,TRUE,TRUE,TRUE,TRUE,TRUE,4S2RND2HBL0DP6,v1.0.1,2025_12_22,315.1791,316.2388,475.197,296.7348,295.6528,148.1667,149.531,336.1172,335.7973,485.3649,-5.2286,-2.9755,-0.0001,0,-0.2208,1.5546,-0.2189,1.549,0.666,157.0059,154.1719,154.1826,156.4961,155.4641,0.8747,0.8263,0.8692,0.8174,0.8174,0.8203,0.7465,0.8199,0.7976,0.7465,0.806,0.8129,0.8075,0.8081,0.7173,0.7142,0.8043,0.8003,0.7142,0.8309,0.8377,0.7882,0.4767,0.4767,0.8347,0.7994,0.7755,0.8076,0.8077,0.6619,0.8253,0.8514,0.6619,0,0,0,0,0,v1.0.1,2025_12_22,315.1691,316.2353,476.218,296.609,295.3605,147.1565,148.3041,336.2365,335.9467,486.4267,-5.3003,-2.9672,-0.0001,0,-0.2208,1.5537,-0.2188,1.5488,0.6657,164.5723,158.083,167.1309,167.3887,164.2937,0.701,0.6871,0.7109,0.6945,0.6871,0.6813,0.6354,0.6662,0.67,0.6354,0.6418,0.6576,0.6498,0.6597,0.6221,0.6139,0.6288,0.6465,0.6139,0.6752,0.6805,0.6624,0.111,0.111,0.6521,0.6567,0.6553,0.6637,0.657,0.5547,0.6305,0.6831,0.5547,0,0,0,0,0,v1.0.1,2025_12_22,317.4,327.5,442.0642,312.3761,302.9508,196,188.8361,341.5738,332.125,456.5,-2.8248,7.29,0,0.0001,-0.2202,1.5608,-0.2085,1.5566,0.6722,177.7266,177.2676,177.8896,178.6797,177.8909,0.8206,0.6567,0.8196,0.7012,0.6567,0.7662,0.6175,0.7827,0.7111,0.6175,0.7761,0.7673,0.7555,0.752,0.752,0.748,0.6646,0.7345,0,0.6646,0,0,0,0,0,v1.0.1,2025_12_22,317.5926,327.6296,442.9815,312.5926,302.871,195.2016,187.877,341.6393,332.2456,457.4211,-2.7865,7.3968,0,0.0001,-0.2188,1.5596,-0.2071,1.5579,0.6729,148.7334,142.4033,144.7295,146.7354,145.6504,0.6618,0.5655,0.6767,0.6094,0.5655,0.6365,0.5444,0.6537,0.6026,0.5444,0.6398,0.6459,0.6351,0.6234,0.6234,0.5985,0.5544,0.5817,0.2658,0.2658,0,0,0,0,0,0.0013,-0.0547,-0.0096,-0.0515,-0.0515,0.0052,-0.074,-0.0153,-0.0274,-0.0686,-0.0228,-0.0011,-0.0126,-0.0109,-0.0921,-0.1081,0.0008,-0.0124,-0.013,-0.0088,-0.0014,-0.0222,-0.0035,-0.0299,-0.0153,-0.0063,-0.044,-0.0027,-0.0172,-0.0335,-0.011,0.0161,-0.0145,0.0079,-0.0438,-0.0555,0.0005,0.0053,-0.0092,0.0058,0.0022,-0.1668,0.0106,-0.1195,-0.1523,0.0027,-0.1632,0.0107,-0.0776,-0.146,0.0011,0.0035,0.004,0.0124,0.0021,-0.005,-0.0046,-0.112,0.0093,-0.0765,-0.1009,-0.0067,-0.106,0.0151,-0.0428,-0.0942,-0.0015,0.0027,0.0011,0.0028,0.0028,-0.0058,-0.0065,TRUE,TRUE
DTC_R_80,LanSi,1,CW_01,C,2026-03-27 14:45:19+08:00,ONLINE,FALSE,,CW_1_01,PASS,,,51.6441348,_2026032714451962401,T20260327144519,DESKTOP-P2DUL42,Loma,1,CW_1_01,1,paul di,2024.0718.155524,V20260126.2,CW_DTCL_DTCR_STC,T20260327144611,51.6441348,TRUE,TRUE,TRUE,TRUE,TRUE,TRUE,TRUE,4S2RND2HBL0DP6,v1.0.1,2025_12_22,315.0362,316.8841,474.7574,296.9118,295.5168,147.4564,149.6667,337.0733,335.3688,484.4752,-5.4308,-2.9399,-0.0001,0,-0.2239,1.5556,-0.221,1.5495,0.6651,156.8916,153.7275,153.5615,156.6816,155.2156,0.8714,0.8328,0.8762,0.845,0.8328,0.8234,0.7582,0.8247,0.7878,0.7582,0.8122,0.8112,0.8202,0.8189,0.7769,0.745,0.7311,0.7191,0.7191,0.8407,0.7954,0.7955,0.98,0.7954,0.8523,0.7839,0.7813,0.816,0.8118,0.78,0.7342,0.8506,0.7342,0,0,0,0,0,v1.0.1,2025_12_22,315.0429,316.8929,475.8467,296.8102,295.3197,146.4218,148.5,337.2533,335.5,485.5,-5.4581,-2.9244,-0.0001,0,-0.2237,1.5551,-0.2211,1.5495,0.6649,165.2705,159.5586,168.9189,167.9238,165.418,0.7043,0.6913,0.7123,0.6949,0.6913,0.6733,0.6431,0.668,0.6636,0.6431,0.6585,0.6538,0.6516,0.6697,0.6429,0.6318,0.5945,0.6197,0.5945,0.6828,0.6556,0.6616,0.3163,0.3163,0.6417,0.6684,0.6626,0.6664,0.6698,0.6345,0.6337,0.6915,0.6337,0,0,0,0,0,v1.0.1,2025_12_22,317.3578,328.4679,441.7232,313.2054,302.9113,195.629,188.9113,342.629,331.9286,456.6607,-2.9336,7.8184,0,0.0001,-0.2216,1.562,-0.2093,1.5571,0.672,177.1582,176.2861,176.6768,178.0127,177.0334,0.8109,0.7281,0.8215,0.7124,0.7124,0.7732,0.6632,0.7851,0.6665,0.6632,0.7764,0.7744,0.7562,0.7511,0.7511,0.7572,0.6815,0.7246,0,0.6815,0,0,0,0,0,v1.0.1,2025_12_22,317.3578,328.5321,442.4775,313.2072,302.7143,194.8651,187.959,342.8361,331.9273,457.5,-3.0128,7.8881,0,0.0001,-0.2214,1.5612,-0.2096,1.5578,0.672,149.3232,143.9561,146.2549,147.2383,146.6931,0.6657,0.6136,0.6817,0.6205,0.6136,0.6435,0.5903,0.6395,0.5719,0.5719,0.6366,0.645,0.6475,0.6255,0.6255,0.5946,0.5524,0.5915,0.4521,0.4521,0,0,0,0,0,-0.002,-0.0482,-0.0026,-0.0239,-0.0361,0.0083,-0.0623,-0.0105,-0.0372,-0.0569,-0.0166,-0.0028,0.0001,-0.0001,-0.0325,-0.0773,-0.0724,-0.0936,-0.0032,-0.0015,0.0019,-0.018,-0.0021,-0.0295,-0.0111,-0.0143,-0.0363,-0.0009,-0.0236,-0.0258,0.0057,0.0123,-0.0127,0.0179,-0.023,-0.0376,-0.0338,-0.0215,-0.0016,0.005,-0.0075,-0.0954,0.0125,-0.1083,-0.0966,0.0097,-0.1175,0.0131,-0.1222,-0.1003,0.0014,0.0106,0.0047,0.0115,0.0113,-0.0149,-0.0007,-0.0639,0.0143,-0.0654,-0.0528,0.0003,-0.0601,0.0009,-0.0735,-0.0667,-0.0047,0.0018,0.0135,0.0049,0.0049,-0.0097,0.0033,TRUE,TRUE
DTC_L_80,LanSi,1,CW_01,B,2026-03-27 14:45:19+08:00,ONLINE,FALSE,,CW_1_01,PASS,,,51.3399479,_2026032714451992802,T20260327144519,DESKTOP-P2DUL42,Loma,1,CW_1_01,2,paul di,2024.0718.155524,V20260126.2,CW_DTCL_DTCR_STC,T20260327144611,51.3399479,TRUE,TRUE,TRUE,TRUE,TRUE,TRUE,TRUE,4S2RND2HBL06DS,v1.0.1,2025_12_22,315.2612,322.8955,475.2574,302.1985,296.2381,152.4422,149.9664,342.8255,334.6619,488.4532,-5.223,2.263,-0.0001,0,-0.2281,1.5591,-0.2195,1.5536,0.6663,155.1846,151.3359,149.5889,154.7217,152.7078,0.8237,0.8057,0.8424,0.7945,0.7945,0.7755,0.7559,0.8051,0.7208,0.7208,0.8176,0.8246,0.8247,0.7705,0.7334,0.7268,0.7586,0.6936,0.6936,0.8246,0.98,0.8165,0.7622,0.7622,0.8608,0.7952,0.7847,0.8353,0.8226,0.78,0.7556,0.7693,0.7556,0,0,0,0,0,v1.0.1,2025_12_22,315.0647,322.9353,476.2847,302.0657,296.1126,151.4702,148.8345,342.9655,334.7606,489.5,-5.2886,2.2873,-0.0001,0,-0.2282,1.5602,-0.2194,1.5526,0.6663,163.4248,159.7031,165.5859,164.958,163.418,0.6884,0.6797,0.6995,0.7003,0.6797,0.6576,0.6335,0.6469,0.6392,0.6335,0.6591,0.6414,0.6537,0.63,0.6219,0.6249,0.6385,0.594,0.594,0.6697,0.3992,0.6771,0.6603,0.3992,0.6716,0.6584,0.642,0.6772,0.6694,0.665,0.6571,0.6245,0.6245,0,0,0,0,0,v1.0.1,2025_12_22,314,315.2762,438.7838,300.7207,300.453,184.6239,185.9917,329.95,328.0431,445.1293,-6.0457,-4.36,-0.0001,0,-0.2156,1.567,-0.2136,1.5626,0.6751,175.9316,175.3984,173.4248,175.7656,175.1301,0.7954,0.7137,0.8007,0.6997,0.6997,0.746,0.6527,0.7507,0.6504,0.6504,0.768,0.7734,0.7517,0.7127,0.7127,0.7371,0,0.7181,0.662,0.662,0,0,0,0,0,v1.0.1,2025_12_22,314.0392,315.1373,439.5948,300.5948,300.225,183.8333,185.05,329.8833,328.0885,446,-6.1005,-4.4103,-0.0001,0,-0.2148,1.5655,-0.2133,1.5633,0.6752,148.8486,144.5244,143.3818,146.7197,145.8687,0.6482,0.5956,0.6765,0.6255,0.5956,0.6286,0.569,0.6302,0.5685,0.5685,0.6294,0.6359,0.6422,0.6158,0.6158,0.5718,0.514,0.5857,0.5594,0.514,0,0,0,0,0,-0.0039,-0.0619,-0.0051,-0.0288,-0.0288,-0.0171,-0.075,-0.0007,-0.0656,-0.0656,-0.001,0.012,0.0045,-0.0065,-0.0846,-0.088,-0.0478,-0.0535,0.0203,-0.0004,0.0026,-0.0358,0.0057,-0.0088,-0.0061,-0.0086,-0.0457,-0.0135,-0.0211,-0.0268,-0.01,-0.0143,-0.0145,-0.0079,-0.0319,-0.0514,-0.0115,-0.0324,-0.0054,0.0014,0.0096,-0.1113,-0.0041,-0.0892,-0.0861,0.0043,-0.1276,-0.0155,-0.1076,-0.0913,-0.0121,0.007,-0.0047,0.0227,-0.0021,-0.0174,-0.0081,-0.088,0.0021,-0.0618,-0.0607,-0.0052,-0.0876,0.0023,-0.076,-0.0594,-0.0175,-0.0027,0.0067,0.0082,0.0082,-0.0201,0.0084,TRUE,TRUE
DTC_R_81,LanSi,1,CW_01,A,2026-03-27 14:48:31+08:00,ONLINE,FALSE,,CW_1_01,PASS,,,51.6173543,_2026032714483131401,T20260327144831,DESKTOP-P2DUL42,Loma,1,CW_1_01,1,paul di,2024.0718.155524,V20260126.2,CW_DTCL_DTCR_STC,T20260327144922,51.6173543,TRUE,TRUE,TRUE,TRUE,TRUE,TRUE,TRUE,4S2RND2HBL0DP6,v1.0.1,2025_12_22,315.0803,316.1314,474.5489,296,295.4422,146.8844,149.4276,336.3618,335.3121,483.5461,-5.5378,-3.7153,-0.0001,0,-0.2251,1.5548,-0.221,1.55,0.6647,155.8398,153.2227,152.9434,155.5859,154.3979,0.8719,0.8349,0.8734,0.8244,0.8244,0.8226,0.7448,0.8202,0.7867,0.7448,0.8081,0.8057,0.8312,0.8141,0.763,0.7445,0.7275,0.7088,0.7088,0.8479,0.7975,0.7997,0.3075,0.3075,0.8455,0.7698,0.7744,0.8344,0.814,0.8127,0.7792,0.847,0.7698,0,0,0,0,0,v1.0.1,2025_12_22,315.0429,316.1071,475.6765,295.9632,295.1655,146.0345,148.4133,336.3867,335.5,484.589,-5.5404,-3.6839,-0.0001,0,-0.2242,1.5539,-0.2206,1.5495,0.6646,164.0039,158.0088,166.9189,166.5527,163.8711,0.7034,0.6881,0.7197,0.7083,0.6881,0.6855,0.6399,0.6704,0.6523,0.6399,0.6628,0.6569,0.6601,0.6538,0.6491,0.6433,0.5929,0.6068,0.5929,0.6826,0.6692,0.6513,0.4057,0.4057,0.6499,0.6508,0.6566,0.6568,0.6684,0.6591,0.65,0.6728,0.6499,0,0,0,0,0,v1.0.1,2025_12_22,317.3273,327.6727,441.5702,312.4298,302.7857,195.0079,188.7131,341.7787,331.8636,455.7364,-3.048,7.0251,0,0.0001,-0.2216,1.5611,-0.2087,1.5573,0.672,177.3818,177.1973,177.1602,178.1914,177.4827,0.8081,0.7209,0.8296,0.717,0.717,0.7641,0.6581,0.798,0.6681,0.6581,0.7762,0.7881,0.7738,0.7537,0.7537,0.7418,0.6925,0.74,0,0.6925,0,0,0,0,0,v1.0.1,2025_12_22,317.3241,327.7778,442.469,312.3628,302.6935,194.4919,187.8917,342.05,331.9286,456.6607,-3.0386,7.1687,0,0.0001,-0.222,1.5609,-0.2093,1.5574,0.6718,147.8398,142.1592,144.1211,145.7715,144.9729,0.6692,0.609,0.6985,0.6048,0.6048,0.6366,0.5866,0.6506,0.575,0.575,0.6264,0.6335,0.6249,0.6236,0.6236,0.5854,0.54,0.5768,0.5342,0.5342,0,0,0,0,0,-0.0015,-0.0461,-0.0054,-0.0445,-0.0445,0.0075,-0.0757,-0.015,-0.0383,-0.0703,-0.0207,-0.0083,0.0111,-0.0049,-0.0464,-0.0778,-0.076,-0.1039,0.004,0.0027,0.001,-0.0212,0.0053,-0.0161,-0.0143,-0.0021,-0.0395,0.0015,-0.0349,-0.029,0.01,0.0154,-0.0042,0.002,-0.0168,-0.0261,-0.0354,-0.0344,-0.0018,-0.0053,-0.0103,-0.1026,0.0206,-0.1037,-0.092,0.0006,-0.1226,0.026,-0.1206,-0.1054,0.0012,0.0243,0.0223,0.0141,-0.0041,0.0005,0.0028,-0.0685,0.0311,-0.0811,-0.0616,-0.0066,-0.0638,0.012,-0.0704,-0.0636,-0.0149,-0.0097,-0.0091,0.003,0.003,-0.0189,-0.0114,TRUE,TRUE
DTC_L_81,LanSi,1,CW_01,C,2026-03-27 14:48:31+08:00,ONLINE,FALSE,,CW_1_01,PASS,,,51.9554503,_2026032714483117802,T20260327144831,DESKTOP-P2DUL42,Loma,1,CW_1_01,2,paul di,2024.0718.155524,V20260126.2,CW_DTCL_DTCR_STC,T20260327144923,51.9554503,TRUE,TRUE,TRUE,TRUE,TRUE,TRUE,TRUE,4S2RND2HBL06DS,v1.0.1,2025_12_22,314.2148,322.7778,474.3037,302.2074,294.8487,151.8816,148.4832,342.4564,333.6296,488.9556,-6.404,2.1557,-0.0001,0,-0.2273,1.5574,-0.2177,1.554,0.6666,156.4951,152.2012,150.3418,155.2354,153.5684,0.8141,0.7977,0.8446,0.7852,0.7852,0.777,0.7724,0.8013,0.7426,0.7426,0.8105,0.8127,0.808,0.763,0.7452,0.7166,0.7757,0.7064,0.7064,0.8233,0.7064,0.8343,0.8218,0.7064,0.8417,0.793,0.7857,0.843,0.8399,0.8395,0.7903,0.7754,0.7754,0,0,0,0,0,v1.0.1,2025_12_22,314.2101,322.7391,475.3309,302.0735,294.8487,150.8816,147.5168,342.5436,333.8511,490.0567,-6.3485,2.1589,-0.0001,0,-0.227,1.5581,-0.2177,1.5534,0.6667,165.0166,160.4307,166.5938,165.4854,164.3816,0.6775,0.6907,0.7,0.7064,0.6775,0.6644,0.6366,0.6501,0.6512,0.6366,0.6424,0.6645,0.6522,0.6204,0.6246,0.6289,0.6357,0.6236,0.6204,0.6731,0.6396,0.6847,0.6883,0.6396,0.6443,0.6636,0.6498,0.6938,0.672,0.6916,0.666,0.6256,0.6256,0,0,0,0,0,v1.0.1,2025_12_22,313.0288,315.0481,438,300.6852,299.1736,184.1818,184.6417,329.5667,327.1966,445.4188,-7.0919,-4.5199,-0.0001,0,-0.2139,1.5648,-0.2121,1.562,0.6752,175.9316,174.9941,173.2295,175.2246,174.845,0.7649,0.6809,0.8059,0.6885,0.6809,0.7442,0.6579,0.758,0.6667,0.6579,0.7706,0.7718,0.7594,0.6874,0.6874,0.73,0,0.7243,0.7347,0.7243,0,0,0,0,0,v1.0.1,2025_12_22,313.0481,314.875,438.7788,300.531,299.069,183.4828,183.8361,329.5738,327.3083,446.175,-7.092,-4.5725,-0.0001,0,-0.2131,1.5643,-0.2128,1.5621,0.6751,149.9678,144.9902,144.1631,147.5225,146.6609,0.6396,0.5905,0.6762,0.6171,0.5905,0.6174,0.5653,0.6391,0.5918,0.5653,0.6282,0.6365,0.6479,0.6109,0.6109,0.5987,0.528,0.5938,0.5755,0.528,0,0,0,0,0,-0.0135,-0.0699,-0.0029,-0.0381,-0.0381,-0.0156,-0.0585,-0.0045,-0.0438,-0.0438,-0.0081,0.0001,-0.0122,-0.014,-0.0728,-0.0982,-0.0307,-0.0407,0.019,0.0174,-0.0083,-0.0248,0.0062,-0.0027,-0.0083,-0.0018,-0.0426,-0.0103,-0.0091,-0.0237,-0.0267,0.0088,-0.016,-0.0175,-0.0292,-0.0474,-0.0143,-0.0028,-0.002,0.009,-0.0209,-0.1441,0.0011,-0.1004,-0.1049,0.0025,-0.1224,-0.0082,-0.0913,-0.0838,-0.0095,0.0054,0.003,-0.0026,-0.0092,-0.0112,-0.0167,-0.0931,0.0018,-0.0702,-0.0658,-0.0164,-0.0913,0.0112,-0.0527,-0.0626,-0.0187,-0.0021,0.0124,0.0033,0.0033,0.0068,0.0165,TRUE,TRUE
DTC_R_82,LanSi,1,CW_01,B,2026-03-27 14:50:14+08:00,ONLINE,FALSE,,CW_1_01,PASS,,,51.7778361,_2026032714501425401,T20260327145014,DESKTOP-P2DUL42,Loma,1,CW_1_01,1,paul di,2024.0718.155524,V20260126.2,CW_DTCL_DTCR_STC,T20260327145106,51.7778361,TRUE,TRUE,TRUE,TRUE,TRUE,TRUE,TRUE,4S2RND2HBL0DP6,v1.0.1,2025_12_22,315.3684,317.1353,475.6316,297.8647,295.8182,149.2308,149.8041,337.1959,336,486,-4.9756,-2.0147,0,0,-0.2192,1.5544,-0.2201,1.5487,0.666,154.4111,151.9521,152.123,155.1826,153.4172,0.8705,0.7848,0.8731,0.8115,0.7848,0.8126,0.7163,0.8069,0.7997,0.7163,0.8174,0.8155,0.7991,0.8138,0.7056,0.7283,0.7948,0.7911,0.7056,0.8509,0.7987,0.8029,0.98,0.7987,0.8491,0.7752,0.769,0.8232,0.7819,0.7394,0.8259,0.8478,0.7394,0,0,0,0,0,v1.0.1,2025_12_22,315.3037,317.0815,476.7101,297.7174,295.7586,148.3034,148.5533,337.4267,336.0805,487,-5.0187,-1.9942,-0.0001,0,-0.2189,1.555,-0.2209,1.5486,0.666,165.3564,159.9111,167.6885,167.0674,165.0059,0.7036,0.6677,0.7168,0.6838,0.6677,0.6717,0.6263,0.6716,0.6591,0.6263,0.6565,0.6472,0.6532,0.6564,0.6164,0.6301,0.6285,0.6442,0.6164,0.6765,0.6606,0.6573,0.2672,0.2672,0.6437,0.6579,0.6404,0.6539,0.6419,0.6318,0.6376,0.6725,0.6318,0,0,0,0,0,v1.0.1,2025_12_22,317.7925,328.5,442.4522,313.6174,303.24,197.12,189.024,342.544,332.3304,457.3739,-2.5322,8.3311,0,0.0001,-0.2183,1.56,-0.2081,1.5579,0.6729,175.8643,175.6045,176.3936,177.6191,176.3704,0.8173,0.6423,0.8184,0.682,0.6423,0.7724,0.6162,0.776,0.6857,0.6162,0.78,0.7751,0.7652,0.7617,0.7617,0.7443,0.6661,0.7294,0,0.6661,0,0,0,0,0,v1.0.1,2025_12_22,317.6759,328.5741,443.2456,313.5877,303.1967,196.2295,188.1721,342.7787,332.3884,458.0909,-2.5642,8.3522,0,0.0001,-0.2183,1.5613,-0.2087,1.5572,0.6729,149.3076,143.9863,144.96,146.2861,146.135,0.6709,0.5633,0.6795,0.5895,0.5633,0.6457,0.5487,0.6557,0.5857,0.5487,0.6448,0.6478,0.6512,0.6374,0.6374,0.5967,0.543,0.5799,0.4332,0.4332,0,0,0,0,0,-0.0029,-0.0962,-0.0057,-0.0574,-0.0841,-0.0025,-0.1042,-0.0283,-0.0253,-0.0988,-0.0114,0.0015,-0.021,-0.0052,-0.1038,-0.094,-0.0087,-0.0216,0.007,0.0059,0.0012,-0.0416,0.0024,-0.0406,-0.0347,-0.0159,-0.0531,0.0027,-0.0281,-0.0426,0.0037,0.0057,-0.0111,0.0046,-0.0495,-0.0393,0.0002,0.003,-0.0079,0.0007,-0.0011,-0.1812,0.0094,-0.1387,-0.1667,0.0089,-0.1645,0.004,-0.103,-0.1473,0.005,0.0113,0.0137,0.0221,-0.0016,-0.0101,0.0045,-0.1142,0.0121,-0.0964,-0.1031,0.0025,-0.1017,0.0171,-0.0597,-0.0899,0.0035,0.0046,0.0172,0.0168,0.0168,-0.0076,-0.0083,TRUE,TRUE
DTC_L_82,LanSi,1,CW_01,A,2026-03-27 14:50:14+08:00,ONLINE,FALSE,,CW_1_01,PASS,,,51.5309393,_2026032714501450102,T20260327145014,DESKTOP-P2DUL42,Loma,1,CW_1_01,2,paul di,2024.0718.155524,V20260126.2,CW_DTCL_DTCR_STC,T20260327145106,51.5309393,TRUE,TRUE,TRUE,TRUE,TRUE,TRUE,TRUE,4S2RND2HBL06DS,v1.0.1,2025_12_22,314.2059,322.6324,474.2847,302.0657,294.8467,151.7867,148.5,342.4133,333.5809,488.9559,-6.4164,2.0708,-0.0001,0,-0.2273,1.5574,-0.2183,1.5543,0.6666,156.4102,152.4551,150.6328,155.9033,153.8503,0.8232,0.8099,0.8341,0.8007,0.8007,0.7735,0.7598,0.7975,0.7528,0.7528,0.8235,0.8077,0.8188,0.769,0.7457,0.7235,0.7704,0.7046,0.7046,0.8115,0.8021,0.8393,0.8376,0.8021,0.8426,0.7899,0.7559,0.8263,0.8213,0.8357,0.812,0.7775,0.7559,0,0,0,0,0,v1.0.1,2025_12_22,314.2086,322.6331,475.3704,302.0444,294.8067,150.7133,147.44,342.56,333.7464,489.971,-6.3856,2.0844,-0.0001,0,-0.2265,1.5579,-0.2184,1.5541,0.6667,164.4141,159.7979,166.3789,165.6934,164.071,0.6691,0.6789,0.6901,0.7018,0.6691,0.6508,0.623,0.6529,0.6548,0.623,0.6503,0.65,0.6528,0.6341,0.6161,0.6241,0.6437,0.6245,0.6161,0.6789,0.6382,0.6729,0.688,0.6382,0.6645,0.6667,0.6264,0.6824,0.6808,0.6786,0.6659,0.6337,0.6264,0,0,0,0,0,v1.0.1,2025_12_22,313.0286,314.8952,437.9815,300.5926,299.1429,184.1176,184.6303,329.4622,327.0862,445.2241,-7.1261,-4.6416,-0.0001,0,-0.2135,1.5645,-0.2125,1.5628,0.6754,176.2051,175.3682,173.3984,175.7812,175.1882,0.7855,0.6849,0.806,0.6833,0.6833,0.7371,0.6571,0.7426,0.6689,0.6571,0.7828,0.7591,0.7747,0.7057,0.7057,0.731,0,0.7336,0.7231,0.7231,0,0,0,0,0,v1.0.1,2025_12_22,313.0476,314.819,438.7788,300.531,299.1111,183.453,183.8361,329.5738,327.2542,446.0508,-7.0944,-4.6145,-0.0001,0,-0.2126,1.5646,-0.2132,1.5624,0.6753,149.582,144.8525,143.9609,147.5137,146.4773,0.6515,0.5821,0.6677,0.6077,0.5821,0.6315,0.5566,0.6107,0.5833,0.5566,0.6287,0.6146,0.6567,0.6246,0.6146,0.5901,0.5224,0.5717,0.5784,0.5224,0,0,0,0,0,-0.0044,-0.0577,-0.0134,-0.0226,-0.0226,-0.0191,-0.0711,-0.0083,-0.0336,-0.0336,0.0049,-0.0049,-0.0014,-0.008,-0.0723,-0.0913,-0.036,-0.0425,0.0072,0.0224,-0.0167,-0.0366,-0.0037,-0.0073,-0.0167,-0.0154,-0.0562,-0.0075,-0.0055,-0.0373,-0.0188,-0.0057,-0.0154,-0.0038,-0.0377,-0.0522,-0.0063,-0.0019,0.0038,-0.0028,-0.0003,-0.1401,0.0012,-0.1056,-0.1025,-0.0046,-0.1232,-0.0236,-0.0891,-0.0846,0.0027,-0.0073,0.0183,0.0157,-0.0082,-0.0019,-0.0048,-0.1015,-0.0067,-0.0796,-0.0742,-0.0023,-0.1,-0.0172,-0.0612,-0.0713,-0.0182,-0.024,0.0212,0.017,0.007,-0.0018,-0.0056,TRUE,TRUE
DTC_L_83,LanSi,1,CW_01,B,2026-03-27 14:53:31+08:00,ONLINE,FALSE,,CW_1_01,PASS,,,51.5336676,_2026032714533198102,T20260327145331,DESKTOP-P2DUL42,Loma,1,CW_1_01,2,paul di,2024.0718.155524,V20260126.2,CW_DTCL_DTCR_STC,T20260327145423,51.5336676,TRUE,TRUE,TRUE,TRUE,TRUE,TRUE,TRUE,4S2RND2HBL06D0,v1.0.1,2025_12_22,314.2612,322.8955,474.2059,302.3897,294.94,152.1133,148.5,342.5867,333.5821,488.9627,-6.4022,2.2896,-0.0001,0,-0.227,1.5576,-0.2177,1.5545,0.6668,156.5361,151.9023,150.5225,155.8896,153.7126,0.8207,0.7998,0.8519,0.7962,0.7962,0.7728,0.7663,0.7885,0.7509,0.7509,0.8235,0.8107,0.83,0.7804,0.7392,0.7215,0.7647,0.6928,0.6928,0.8187,0.4264,0.814,0.8404,0.4264,0.847,0.7895,0.7542,0.8412,0.8342,0.8268,0.7941,0.7702,0.7542,0,0,0,0,0,v1.0.1,2025_12_22,314.2647,322.8897,475.2857,302.4,294.8514,151.1419,147.3775,342.8013,333.7914,489.9856,-6.3859,2.3437,-0.0001,0,-0.2261,1.5577,-0.2182,1.5539,0.6668,164.252,159.4082,166.0576,165.3887,163.7766,0.6771,0.6741,0.6881,0.6981,0.6741,0.6528,0.6331,0.658,0.6601,0.6331,0.6519,0.6489,0.664,0.6333,0.6204,0.6364,0.6459,0.6237,0.6204,0.6664,0.4964,0.6774,0.6956,0.4964,0.6746,0.6599,0.619,0.6743,0.688,0.6911,0.6718,0.6135,0.6135,0,0,0,0,0,v1.0.1,2025_12_22,313,315.1538,437.9455,301,299.1917,184.2583,184.605,329.605,327.0783,445.2783,-7.1359,-4.4409,-0.0001,0,-0.2123,1.5652,-0.2116,1.5625,0.676,175.7959,174.4219,173.2188,175.501,174.7344,0.7856,0.6794,0.8146,0.6922,0.6794,0.7503,0.6629,0.7619,0.6701,0.6629,0.7748,0.7678,0.7728,0.7018,0.7018,0.7224,0,0.7273,0.7189,0.7189,0,0,0,0,0,v1.0.1,2025_12_22,313,315.0971,438.6814,300.7168,298.9826,183.6174,183.7355,329.6777,327.1949,446.2458,-7.1811,-4.4291,-0.0001,0,-0.2134,1.5641,-0.2118,1.5625,0.6753,149.4355,144.0762,143.6689,147.1445,146.0813,0.6636,0.5877,0.6834,0.6107,0.5877,0.6384,0.5614,0.6241,0.5839,0.5614,0.6342,0.6392,0.6429,0.618,0.618,0.587,0.5466,0.5867,0.5794,0.5466,0,0,0,0,0,-0.0069,-0.0678,0.0044,-0.0271,-0.0271,-0.0198,-0.0646,-0.0173,-0.0355,-0.0355,0.0049,-0.0019,0.0098,0.0034,-0.0788,-0.0933,-0.0417,-0.0543,0.0144,-0.0029,-0.0087,-0.0414,-0.0057,-0.011,-0.0117,-0.0134,-0.0461,-0.0024,-0.0002,-0.0272,-0.0172,-0.0068,-0.0042,-0.0046,-0.0334,-0.0399,-0.0041,-0.0027,-0.0087,0.0017,-0.0002,-0.1456,0.0098,-0.0967,-0.1064,0.0086,-0.1174,-0.0043,-0.0879,-0.0788,-0.0053,0.0014,0.0164,0.0118,-0.0168,-0.0082,0.0073,-0.0959,0.009,-0.0766,-0.0686,0.0046,-0.0952,-0.0038,-0.0606,-0.0665,-0.0127,0.0006,0.0074,0.0104,0.0104,-0.0049,0.0094,TRUE,TRUE
DTC_R_83,LanSi,1,CW_01,C,2026-03-27 14:53:32+08:00,ONLINE,FALSE,,CW_1_01,PASS,,,51.5715661,_2026032714533214701,T20260327145332,DESKTOP-P2DUL42,Loma,1,CW_1_01,1,paul di,2024.0718.155524,V20260126.2,CW_DTCL_DTCR_STC,T20260327145423,51.5715661,TRUE,TRUE,TRUE,TRUE,TRUE,TRUE,TRUE,4S2RND2HBL0DP6,v1.0.1,2025_12_22,315.3684,316.8647,475.4737,297.2105,295.8243,148.6959,149.651,336.8859,336.1,486.28,-5.0165,-2.3126,-0.0001,0,-0.2216,1.5546,-0.2197,1.5485,0.6654,156.6279,153.5762,153.3818,156.2471,154.9583,0.8628,0.7832,0.8736,0.797,0.7832,0.8208,0.7359,0.8268,0.7889,0.7359,0.8257,0.8004,0.8004,0.8174,0.7175,0.7319,0.8108,0.7938,0.7175,0.8404,0.8098,0.7988,0.98,0.7988,0.8455,0.7703,0.7637,0.832,0.7792,0.7677,0.8356,0.8457,0.7637,0,0,0,0,0,v1.0.1,2025_12_22,315.2847,316.9343,476.5746,297.209,295.6892,147.7297,148.4333,336.9733,336.1391,487.2583,-5.0758,-2.2791,-0.0001,0,-0.2212,1.555,-0.219,1.5484,0.6658,164.7246,159.4297,168.2734,167.3369,164.9412,0.7071,0.6603,0.7063,0.6784,0.6603,0.6681,0.6432,0.6663,0.6583,0.6432,0.6541,0.644,0.6491,0.6593,0.6227,0.6262,0.6194,0.6441,0.6194,0.6673,0.6631,0.6631,0.1642,0.1642,0.6455,0.6448,0.6553,0.6547,0.6526,0.6492,0.6472,0.666,0.6448,0,0,0,0,0,v1.0.1,2025_12_22,317.514,328.1682,442.2679,313.2679,302.984,196.632,188.9032,342.4113,332.2203,457.1525,-2.7221,8.0264,0,0.0001,-0.2184,1.5603,-0.2098,1.5568,0.6722,177.9375,177.2227,177.2559,178.9307,177.8367,0.8123,0.6429,0.8188,0.6627,0.6429,0.7776,0.6074,0.7848,0.7039,0.6074,0.7838,0.7689,0.7611,0.7561,0.7561,0.7502,0.6647,0.722,0,0.6647,0,0,0,0,0,v1.0.1,2025_12_22,317.6476,328.2762,443.2432,313.3153,302.9256,195.9256,188,342.5,332.2712,458,-2.6825,8.1034,0,0.0001,-0.218,1.5595,-0.2088,1.558,0.6727,148.8887,143.6426,145.3691,146.4658,146.0916,0.6703,0.5519,0.6794,0.5846,0.5519,0.652,0.5513,0.6586,0.5911,0.5513,0.6283,0.6435,0.6443,0.6406,0.6283,0.5758,0.552,0.5799,0.394,0.394,0,0,0,0,0,-0.0106,-0.0978,-0.0052,-0.0719,-0.0857,0.0057,-0.0846,-0.0084,-0.0361,-0.0792,-0.0031,-0.0136,-0.0197,-0.0016,-0.0919,-0.0904,0.0073,-0.0189,-0.0035,0.0018,0.0047,-0.049,-0.0081,-0.046,-0.0421,-0.0195,-0.0362,-0.0026,-0.0289,-0.0257,0.0013,0.0025,-0.0152,0.0075,-0.0432,-0.0432,-0.0089,0.0029,-0.0171,0.0065,-0.0061,-0.1806,0.0098,-0.158,-0.1661,0.0141,-0.1733,0.0128,-0.0848,-0.1561,0.0088,0.0051,0.0096,0.0165,0.0043,-0.0175,0.0039,-0.1256,0.012,-0.1013,-0.1145,0.0088,-0.0991,0.02,-0.0543,-0.0873,-0.013,0.0003,0.0103,0.02,0.0077,-0.0285,-0.0083,TRUE,TRUE
DTC_L_84,LanSi,1,CW_01,C,2026-03-27 14:55:16+08:00,ONLINE,FALSE,,CW_1_01,PASS,,,51.6389291,_2026032714551646202,T20260327145516,DESKTOP-P2DUL42,Loma,1,CW_1_01,2,paul di,2024.0718.155524,V20260126.2,CW_DTCL_DTCR_STC,T20260327145608,51.6389291,TRUE,TRUE,TRUE,TRUE,TRUE,TRUE,TRUE,4S2RND2HBL06DS,v1.0.1,2025_12_22,314.2148,322.7778,474.2574,302.1985,294.8609,151.9272,148.6623,342.2781,333.6148,488.1259,-6.378,1.9615,-0.0001,0,-0.2274,1.5575,-0.2167,1.5535,0.6667,156.2412,151.9863,150.2168,155.6729,153.5293,0.8234,0.8011,0.8497,0.7935,0.7935,0.7749,0.7671,0.7948,0.7447,0.7447,0.8168,0.813,0.8327,0.7694,0.7408,0.7228,0.7771,0.7002,0.7002,0.8216,0.98,0.8185,0.8311,0.8185,0.8364,0.7749,0.7594,0.8293,0.8454,0.8431,0.8002,0.7674,0.7594,0,0,0,0,0,v1.0.1,2025_12_22,314.1957,322.8333,475.3704,302.0444,294.7059,150.8497,147.5,342.4133,333.8129,489.2734,-6.383,1.9828,-0.0001,0,-0.2278,1.5574,-0.2164,1.553,0.6666,164.6123,160.0693,166.04,165.875,164.1492,0.6775,0.6932,0.6924,0.6922,0.6775,0.6658,0.6312,0.6563,0.6453,0.6312,0.6595,0.6539,0.661,0.627,0.6268,0.6338,0.6514,0.6057,0.6057,0.667,0.4607,0.6743,0.6854,0.4607,0.6554,0.6588,0.6324,0.688,0.654,0.6871,0.6749,0.6239,0.6239,0,0,0,0,0,v1.0.1,2025_12_22,313.0288,315.0481,438.1786,300.7589,299.0339,184.1441,184.8279,329.3443,327.1709,444.8547,-7.052,-4.67,-0.0001,0,-0.2132,1.5638,-0.2105,1.5618,0.6755,175.832,174.792,172.877,175.5674,174.7671,0.7917,0.6855,0.802,0.6772,0.6772,0.7494,0.6658,0.7584,0.6381,0.6381,0.7828,0.758,0.7571,0.697,0.697,0.7385,0,0.7299,0.7364,0.7299,0,0,0,0,0,v1.0.1,2025_12_22,313.0762,314.9238,438.8649,300.5766,299,183.4052,184,329.5,327.3448,445.6207,-7.0428,-4.6948,-0.0001,0,-0.2131,1.5637,-0.2119,1.5615,0.6751,149.7764,144.6895,143.8457,147.3828,146.4236,0.6664,0.5936,0.6698,0.5965,0.5936,0.6377,0.5628,0.622,0.5886,0.5628,0.64,0.6319,0.6488,0.6098,0.6098,0.5815,0.5287,0.6028,0.5936,0.5287,0,0,0,0,0,-0.0042,-0.0665,0.0022,-0.0298,-0.0298,-0.0177,-0.0638,-0.011,-0.0417,-0.0417,-0.0018,0.0004,0.0125,-0.0076,-0.0772,-0.092,-0.0293,-0.0469,0.0173,0.0016,-0.0083,-0.0223,-0.0014,-0.0169,-0.0083,-0.0004,-0.048,-0.0041,-0.015,-0.0291,-0.0096,-0.0018,-0.0072,-0.0109,-0.027,-0.0425,0.0014,-0.0207,-0.0081,-0.0014,0.0059,-0.1395,-0.0028,-0.1117,-0.1086,0.0077,-0.1145,-0.0078,-0.1199,-0.1036,0.0027,-0.0084,0.0007,0.007,-0.0007,-0.0056,0.0101,-0.09,-0.0046,-0.0908,-0.0627,0.0039,-0.0938,-0.0059,-0.0559,-0.0651,-0.0069,-0.0067,0.0133,0.0022,0.0022,-0.0104,0.0255,TRUE,TRUE
DTC_R_84,LanSi,1,CW_01,A,2026-03-27 14:55:16+08:00,ONLINE,FALSE,,CW_1_01,PASS,,,51.5222413,_2026032714551658001,T20260327145516,DESKTOP-P2DUL42,Loma,1,CW_1_01,1,paul di,2024.0718.155524,V20260126.2,CW_DTCL_DTCR_STC,T20260327145608,51.5222413,TRUE,TRUE,TRUE,TRUE,TRUE,TRUE,TRUE,4S2RND2HBL0DP6,v1.0.1,2025_12_22,315.0074,316.4148,474.7007,296.365,295.2552,147.0966,149.543,336.6026,335.1929,483.9571,-5.5602,-3.4128,-0.0001,0,-0.2244,1.5541,-0.2209,1.5504,0.6648,155.1162,152.9053,152.5234,155.3262,153.9678,0.8861,0.8354,0.8765,0.8447,0.8354,0.8176,0.7653,0.8409,0.7773,0.7653,0.8168,0.8138,0.8169,0.8148,0.7774,0.7688,0.7503,0.7173,0.7173,0.849,0.8299,0.7949,0.98,0.7949,0.8434,0.7962,0.7876,0.8309,0.8139,0.8533,0.7528,0.8373,0.7528,0,0,0,0,0,v1.0.1,2025_12_22,315,316.4071,475.7591,296.1533,295.1233,146.1301,148.3791,336.7124,335.3261,484.9638,-5.5825,-3.4266,-0.0001,0,-0.2248,1.5541,-0.2208,1.5503,0.6647,164.3613,158.8252,167.4824,167.5791,164.562,0.699,0.6961,0.7216,0.7041,0.6961,0.6739,0.65,0.6591,0.6565,0.65,0.6672,0.6525,0.6621,0.6828,0.6504,0.6336,0.6118,0.6094,0.6094,0.6836,0.6736,0.66,0.2772,0.2772,0.6595,0.6705,0.657,0.675,0.637,0.6074,0.6582,0.7061,0.6074,0,0,0,0,0,v1.0.1,2025_12_22,317.2,327.8952,441.5789,312.614,302.632,195.12,188.6529,342.2231,331.8,456.1478,-3.1272,7.3,0,0.0001,-0.2217,1.561,-0.2105,1.5569,0.6714,176.3506,176.582,176.5576,177.9238,176.8535,0.8077,0.7277,0.8236,0.7207,0.7207,0.7702,0.6555,0.7934,0.6639,0.6555,0.7744,0.7647,0.7656,0.7429,0.7429,0.7496,0.6998,0.7386,0,0.6998,0,0,0,0,0,v1.0.1,2025_12_22,317.1923,328.0385,442.4298,312.5702,302.6984,194.5952,187.8306,342.4355,331.8496,457.0531,-3.0999,7.4385,0,0.0001,-0.2224,1.5621,-0.2103,1.5572,0.6716,148.3574,142.8486,144.6172,146.5703,145.5984,0.6747,0.6267,0.6853,0.6147,0.6147,0.6465,0.5783,0.646,0.5608,0.5608,0.6412,0.6501,0.6351,0.6323,0.6323,0.6037,0.5682,0.5756,0.4255,0.4255,0,0,0,0,0,0.0127,-0.0456,-0.0023,-0.0242,-0.0335,0.0025,-0.0552,0.0057,-0.0477,-0.0498,-0.012,-0.0002,-0.0032,-0.0042,-0.032,-0.0535,-0.0532,-0.0954,0.0051,-0.0021,-0.0034,-0.0132,0.0072,-0.0203,-0.0063,-0.0137,-0.0294,-0.0098,-0.0307,-0.0189,0.0144,0.011,-0.0022,0.031,-0.0155,-0.0358,-0.0165,-0.0318,-0.0008,0.0034,-0.0107,-0.0958,0.0146,-0.1,-0.0883,0.0067,-0.1252,0.0214,-0.1248,-0.108,-0.0006,0.0009,0.0141,0.0033,0.0037,-0.0009,0.0083,-0.0508,0.0179,-0.0712,-0.0517,0.0033,-0.0721,0.0074,-0.0846,-0.0778,-0.0001,0.0069,0.0011,0.0117,0.0117,-0.0006,-0.0126,TRUE,TRUE
DTC_R_85,LanSi,1,CW_01,B,2026-03-27 14:57:00+08:00,ONLINE,FALSE,,CW_1_01,PASS,,,51.6403346,_2026032714570015401,T20260327145700,DESKTOP-P2DUL42,Loma,1,CW_1_01,1,paul di,2024.0718.155524,V20260126.2,CW_DTCL_DTCR_STC,T20260327145751,51.6403346,TRUE,TRUE,TRUE,TRUE,TRUE,TRUE,TRUE,4S2RND2HBL0DP6,v1.0.1,2025_12_22,315.1103,316.5956,474.7007,296.635,295.3986,147.2905,149.6093,336.755,335.3214,484.2,-5.4719,-3.2048,-0.0001,0,-0.2239,1.5544,-0.2207,1.5503,0.665,156.7539,154.001,153.6748,156.4277,155.2144,0.8646,0.8243,0.8845,0.8323,0.8243,0.8289,0.749,0.8117,0.768,0.749,0.8188,0.8114,0.8199,0.8056,0.8118,0.738,0.7278,0.707,0.707,0.8344,0.8177,0.7979,0.14,0.14,0.8494,0.7939,0.7608,0.8183,0.8179,0.8629,0.7759,0.8498,0.7608,0,0,0,0,0,v1.0.1,2025_12_22,315.1064,316.6809,475.7857,296.5,295.2349,146.2752,148.2905,337,335.4296,485.2183,-5.5306,-3.1651,-0.0001,0,-0.2244,1.5542,-0.2207,1.5503,0.6648,164.7051,158.7656,167.374,167.1709,164.5039,0.7175,0.6862,0.7138,0.706,0.6862,0.6864,0.6484,0.6705,0.6575,0.6484,0.6432,0.6615,0.6484,0.6616,0.6598,0.6299,0.598,0.616,0.598,0.6899,0.6648,0.6646,0.4213,0.4213,0.6449,0.6617,0.6442,0.642,0.6836,0.6398,0.6403,0.6707,0.6398,0,0,0,0,0,v1.0.1,2025_12_22,317.3962,328.1415,441.7207,312.7838,302.8661,195.5276,188.7805,342.439,331.8482,456.3571,-2.9776,7.5498,0,0.0001,-0.2224,1.5611,-0.2102,1.558,0.6717,176.9141,176.6377,176.416,177.9229,176.9727,0.8182,0.7199,0.8285,0.7084,0.7084,0.7769,0.6623,0.7757,0.6576,0.6576,0.7759,0.7695,0.7566,0.7417,0.7417,0.7632,0.687,0.7444,0,0.687,0,0,0,0,0,v1.0.1,2025_12_22,317.3519,328.2593,442.5856,312.9189,302.7143,194.8651,187.9113,342.629,331.9375,457.2411,-2.9999,7.6827,0,0.0001,-0.2214,1.561,-0.21,1.5577,0.6718,148.3975,142.8516,144.1826,146.1758,145.4019,0.6689,0.6128,0.678,0.6228,0.6128,0.6452,0.5744,0.648,0.5574,0.5574,0.6374,0.6357,0.6418,0.6188,0.6188,0.6096,0.5604,0.6002,0.4769,0.4769,0,0,0,0,0,-0.0088,-0.0567,0.0057,-0.0366,-0.0446,0.0138,-0.0715,-0.0235,-0.057,-0.0661,-0.01,-0.0026,-0.0002,-0.0134,0.0024,-0.0843,-0.0757,-0.1057,-0.0095,0.0009,0.0151,-0.0231,-0.0006,-0.0184,-0.0162,-0.0012,-0.031,0.0016,-0.0297,-0.0205,-0.0096,0.02,-0.0159,0.0098,-0.0061,-0.0395,-0.0303,-0.0252,0.0055,0.008,-0.0002,-0.1036,0.0195,-0.1123,-0.1006,0.0134,-0.1184,0.0037,-0.1311,-0.1059,0.0009,0.0057,0.0051,0.0021,0.0173,0.0049,0.0025,-0.0647,0.0106,-0.0631,-0.0536,0.002,-0.076,0.0094,-0.088,-0.0812,-0.0039,-0.0075,0.0078,-0.0018,-0.0018,0.0053,0.012,TRUE,TRUE
DTC_L_85,LanSi,1,CW_01,A,2026-03-27 14:57:00+08:00,ONLINE,FALSE,,CW_1_01,PASS,,,51.5066919,_2026032714570028802,T20260327145700,DESKTOP-P2DUL42,Loma,1,CW_1_01,2,paul di,2024.0718.155524,V20260126.2,CW_DTCL_DTCR_STC,T20260327145751,51.5066919,TRUE,TRUE,TRUE,TRUE,TRUE,TRUE,TRUE,4S2RND2HBL06DS,v1.0.1,2025_12_22,314.2612,323.8955,474.2132,303.5588,294.9408,153.4342,148.4671,343.8487,333.4511,490,-6.4333,3.4474,-0.0001,0,-0.2259,1.5574,-0.2193,1.5553,0.6669,155.4424,151.4453,149.7705,154.6318,152.8225,0.8248,0.7953,0.8412,0.7966,0.7953,0.769,0.7585,0.8036,0.704,0.704,0.8183,0.8154,0.8109,0.7565,0.7441,0.7277,0.7576,0.6809,0.6809,0.8126,0.98,0.8378,0.8351,0.8126,0.7149,0.6636,0.8064,0.8288,0.828,0.8096,0.7972,0.759,0.6636,0,0,0,0,0,v1.0.1,2025_12_22,314.1884,323.913,475.3309,303.3885,294.8684,152.4276,147.3514,343.9324,333.708,491,-6.4106,3.4323,-0.0001,0,-0.2262,1.5581,-0.2189,1.554,0.6667,163.7588,159.7715,165.9941,164.6738,163.5496,0.6733,0.6767,0.6846,0.6886,0.6733,0.6569,0.6393,0.6608,0.6168,0.6168,0.6508,0.6672,0.6507,0.6203,0.6263,0.6291,0.6406,0.6083,0.6083,0.6752,0.4156,0.6947,0.6885,0.4156,0.5418,0.551,0.6623,0.6867,0.6944,0.6863,0.6735,0.6115,0.5418,0,0,0,0,0,v1.0.1,2025_12_22,313,316.1538,438,302,299.1441,185.678,184.5702,330.7851,327.0769,446.1709,-7.1418,-3.3424,-0.0001,0,-0.2122,1.5645,-0.2129,1.5624,0.6754,176.1523,175.4082,173.4014,175.7051,175.1667,0.8003,0.6839,0.8047,0.678,0.678,0.7483,0.6647,0.7666,0.6799,0.6647,0.7739,0.7787,0.7672,0.7029,0.7029,0.7289,0,0.7401,0.7135,0.7135,0,0,0,0,0,v1.0.1,2025_12_22,313.0288,316.0481,438.8214,301.7589,299,184.8974,183.7917,330.95,327.178,447.0339,-7.136,-3.3623,-0.0001,0,-0.2126,1.5637,-0.2143,1.5627,0.6749,149.0146,144.2363,143.917,146.6934,145.9653,0.6584,0.5912,0.6834,0.5984,0.5912,0.6267,0.5733,0.6305,0.5978,0.5733,0.6285,0.6326,0.6523,0.6077,0.6077,0.5807,0.5189,0.5958,0.5762,0.5189,0,0,0,0,0,-0.0028,-0.0723,-0.0063,-0.0267,-0.028,-0.0236,-0.0724,-0.0022,-0.0824,-0.0824,-0.0003,0.0028,-0.0093,-0.0205,-0.0739,-0.0871,-0.0488,-0.0662,0.0083,0.0209,-0.0125,-0.0388,-0.0092,-0.0205,-0.0125,-0.0093,-0.0399,0.0004,-0.0435,-0.0435,-0.0183,0.0115,-0.0175,-0.0176,-0.0275,-0.0472,-0.0094,-0.0181,0.0001,0.019,0.0145,-0.1411,-0.0001,-0.1109,-0.1078,0.0066,-0.1156,0.0004,-0.0781,-0.077,-0.0062,0.0123,0.0108,0.0129,-0.0103,0.0046,0.0021,-0.0924,0.009,-0.0889,-0.0651,-0.0071,-0.0833,0.0026,-0.0467,-0.0546,-0.0184,-0.006,0.0168,0.0001,0.0001,-0.0112,0.0185,TRUE,TRUE
DTC_R_86,LanSi,1,CW_01,C,2026-03-27 14:59:15+08:00,ONLINE,FALSE,,CW_1_01,PASS,,,51.0704058,_2026032714591599401,T20260327145915,DESKTOP-P2DUL42,Loma,1,CW_1_01,1,paul di,2024.0718.155524,V20260126.2,CW_DTCL_DTCR_STC,T20260327150007,51.0704058,TRUE,TRUE,TRUE,TRUE,TRUE,TRUE,TRUE,4S2RND2HBL0DP6,v1.0.1,2025_12_22,315.3985,316.9173,475.5909,297.1894,295.9167,149.0486,149.6533,336.7667,336.0199,486.543,-4.9841,-2.207,0,0,-0.222,1.5547,-0.2187,1.5493,0.6658,157.376,154.2939,154.3389,157.2031,155.803,0.8639,0.7713,0.8755,0.8109,0.7713,0.8245,0.7464,0.8217,0.8074,0.7464,0.8177,0.8194,0.8225,0.8263,0.7128,0.7132,0.7901,0.7959,0.7128,0.8452,0.8032,0.798,0.98,0.798,0.8555,0.787,0.7593,0.81,0.7914,0.6836,0.8001,0.8534,0.6836,0,0,0,0,0,v1.0.1,2025_12_22,315.2847,316.9343,476.7353,297.1103,295.8601,148.007,148.5811,336.9595,336.0927,487.596,-4.9892,-2.1786,0,0,-0.2217,1.5558,-0.219,1.549,0.666,164.2207,159.0615,168.1348,166.8789,164.574,0.699,0.661,0.714,0.6902,0.661,0.6744,0.6361,0.6623,0.6579,0.6361,0.6487,0.6637,0.6564,0.6587,0.6234,0.6381,0.6125,0.6421,0.6125,0.6602,0.6655,0.6677,0.2132,0.2132,0.6305,0.6458,0.6419,0.6841,0.6561,0.6084,0.6025,0.6772,0.6025,0,0,0,0,0,v1.0.1,2025_12_22,317.7407,328.2685,442.4052,313.4052,303.0984,196.9098,189,342.4127,332.453,457.4786,-2.5605,8.195,0,0.0001,-0.2182,1.5593,-0.2089,1.5569,0.6723,177.5674,176.8877,177.0117,178.5811,177.512,0.8067,0.6296,0.8223,0.6889,0.6296,0.7764,0.5952,0.7856,0.7079,0.5952,0.7769,0.7758,0.7586,0.7489,0.7489,0.7381,0.6809,0.7152,0,0.6809,0,0,0,0,0,v1.0.1,2025_12_22,317.713,328.3241,443.1909,313.3273,303.0168,196.0924,188.024,342.544,332.4492,458.4237,-2.6212,8.2423,0,0.0001,-0.2184,1.5596,-0.2087,1.5575,0.6725,148.3828,143.5498,145.1963,146.1299,145.8147,0.6728,0.5519,0.6783,0.5852,0.5519,0.6504,0.5396,0.6491,0.5925,0.5396,0.6335,0.6406,0.6335,0.6389,0.6335,0.5942,0.5501,0.5851,0.3929,0.3929,0,0,0,0,0,-0.0095,-0.1097,-0.0033,-0.058,-0.0976,0.0094,-0.0741,-0.0135,-0.0176,-0.0687,-0.0111,0.0054,0.0024,0.0073,-0.0966,-0.1091,-0.0134,-0.0168,0.0013,0.001,-0.0034,-0.0483,-0.0004,-0.0342,-0.0414,-0.0132,-0.0433,-0.0066,-0.0293,-0.0328,-0.0041,0.0222,-0.0079,0.0069,-0.0425,-0.0313,-0.0158,0.0009,-0.0242,0.0111,-0.0117,-0.1939,0.0133,-0.1318,-0.1794,0.0129,-0.1855,0.0136,-0.0808,-0.1683,0.0019,0.012,0.0071,0.0093,-0.0078,-0.0243,0.0064,-0.1256,0.0109,-0.1007,-0.1145,0.0072,-0.1108,0.0105,-0.0529,-0.099,-0.0078,-0.0026,-0.0005,0.0183,0.0129,-0.0101,-0.0031,TRUE,TRUE
DTC_L_86,LanSi,1,CW_01,B,2026-03-27 14:59:16+08:00,ONLINE,FALSE,,CW_1_01,PASS,,,50.9297813,_2026032714591611902,T20260327145916,DESKTOP-P2DUL42,Loma,1,CW_1_01,2,paul di,2024.0718.155524,V20260126.2,CW_DTCL_DTCR_STC,T20260327150007,50.9297813,TRUE,TRUE,TRUE,TRUE,TRUE,TRUE,TRUE,4S2RND2HBL06DS,v1.0.1,2025_12_22,315.2612,322.7687,475.3358,301.9552,296.5132,151.9145,149.9324,342.6486,334.6493,488.0896,-5.1616,1.9753,-0.0001,0,-0.2288,1.561,-0.2192,1.5535,0.6666,155.5684,151.2988,149.4512,155.0625,152.8452,0.8274,0.8197,0.8307,0.7996,0.7996,0.7825,0.7556,0.7952,0.7355,0.7355,0.8067,0.8183,0.8238,0.7717,0.7487,0.7404,0.7547,0.6986,0.6986,0.8049,0.98,0.8115,0.7827,0.7827,0.8416,0.7855,0.7366,0.8356,0.8267,0.7936,0.7611,0.7701,0.7366,0,0,0,0,0,v1.0.1,2025_12_22,315.1522,322.7609,476.3382,301.8824,296.1867,151.04,148.9048,342.7619,334.8467,489.0657,-5.2143,2.0022,-0.0001,0,-0.2283,1.5603,-0.2192,1.5524,0.6663,163.001,159.1006,165.165,164.291,162.8894,0.6722,0.6812,0.6943,0.6917,0.6722,0.6539,0.6378,0.6612,0.6351,0.6351,0.644,0.6511,0.6543,0.6414,0.6257,0.6407,0.6375,0.5973,0.5973,0.6879,0.3886,0.6741,0.6613,0.3886,0.6527,0.6376,0.6125,0.6919,0.6863,0.6511,0.6759,0.6283,0.6125,0,0,0,0,0,v1.0.1,2025_12_22,314,315.0971,438.7788,300.531,300.4132,184.2727,186.0738,329.6803,328.0431,444.8707,-6.0382,-4.6096,-0.0001,0,-0.2157,1.5668,-0.213,1.5625,0.6751,176.3779,174.9922,173.1846,175.8799,175.1086,0.7938,0.7215,0.8108,0.6901,0.6901,0.7471,0.674,0.7725,0.655,0.655,0.7736,0.7764,0.7648,0.708,0.708,0.7224,0,0.721,0.6724,0.6724,0,0,0,0,0,v1.0.1,2025_12_22,314,314.9029,439.6174,300.4522,300.4068,183.5,185.1393,329.7131,328.0783,445.7217,-6.0516,-4.642,-0.0001,0,-0.214,1.5672,-0.2139,1.5631,0.6756,148.4473,144.0732,142.7529,146.377,145.4126,0.6577,0.5972,0.6844,0.611,0.5972,0.6203,0.5908,0.6298,0.5904,0.5904,0.6362,0.6412,0.6504,0.6156,0.6156,0.5775,0.5032,0.5884,0.5604,0.5032,0,0,0,0,0,-0.0002,-0.0479,-0.0168,-0.0237,-0.0237,-0.0101,-0.0753,-0.0106,-0.0509,-0.0509,-0.0119,0.0057,0.0036,-0.0053,-0.0693,-0.0744,-0.0517,-0.0485,0.0006,-0.0054,-0.0136,-0.0343,0.0005,-0.0174,-0.0136,-0.0123,-0.0414,0.0008,-0.0252,-0.0252,-0.0251,-0.0046,-0.0139,0.0035,-0.0281,-0.0356,-0.0125,-0.0291,0.0128,-0.0016,0.008,-0.1035,0.006,-0.0988,-0.0957,0.0054,-0.1063,0.0063,-0.103,-0.0867,-0.0065,0.01,0.0084,0.018,-0.0168,-0.0145,0.0014,-0.0864,0.01,-0.0763,-0.0591,-0.0135,-0.0658,0.0019,-0.0541,-0.0375,-0.0107,0.0026,0.0149,0.008,0.008,-0.0144,0.0111,TRUE,TRUE
DTC_R_87,LanSi,1,CW_01,A,2026-03-27 15:01:03+08:00,ONLINE,FALSE,,CW_1_01,PASS,,,51.5797784,_2026032715010358501,T20260327150103,DESKTOP-P2DUL42,Loma,1,CW_1_01,1,paul di,2024.0718.155524,V20260126.2,CW_DTCL_DTCR_STC,T20260327150155,51.5797784,TRUE,TRUE,TRUE,TRUE,TRUE,TRUE,TRUE,4S2RND2HBL0DP6,v1.0.1,2025_12_22,315.0896,317.403,474.8467,297.8102,295.4558,147.5986,149.6184,337.7105,335.3688,485.4752,-5.4241,-2.3005,-0.0001,0,-0.2215,1.5552,-0.2216,1.5502,0.6656,157.4238,155.373,154.8564,157.5088,156.2905,0.8649,0.8375,0.8656,0.81,0.81,0.8123,0.783,0.8134,0.7717,0.7717,0.8167,0.8193,0.8302,0.8266,0.7739,0.775,0.7519,0.7536,0.7519,0.851,0.8201,0.8184,0.7684,0.7684,0.839,0.8151,0.7907,0.8203,0.8034,0.8694,0.8222,0.8451,0.7907,0,0,0,0,0,v1.0.1,2025_12_22,315.0432,317.3885,475.85,297.6643,295.3061,146.5442,148.4641,337.8039,335.5,486.411,-5.4673,-2.3376,-0.0001,0,-0.2215,1.5553,-0.2214,1.5498,0.6655,165.5361,159.9688,169.1289,168.5645,165.7996,0.6955,0.6942,0.7144,0.6937,0.6937,0.6792,0.6611,0.6692,0.6578,0.6578,0.6435,0.6436,0.6512,0.6567,0.6452,0.6529,0.613,0.6451,0.613,0.6814,0.6688,0.6762,0.3276,0.3276,0.6514,0.6711,0.6558,0.6845,0.6522,0.6785,0.6725,0.6942,0.6514,0,0,0,0,0,v1.0.1,2025_12_22,317.3942,328.9712,441.8182,313.8818,302.816,195.968,188.9048,343.381,331.8829,457.5315,-2.9368,8.4467,0,0.0001,-0.2202,1.5611,-0.2112,1.5581,0.672,177.6025,177.8418,178.0459,178.9697,178.115,0.8027,0.7028,0.8225,0.7034,0.7028,0.7713,0.6781,0.7742,0.6689,0.6689,0.7669,0.7678,0.7649,0.7482,0.7482,0.7501,0.6896,0.7219,0,0.6896,0,0,0,0,0,v1.0.1,2025_12_22,317.2885,329,442.6847,313.7568,302.6667,195.1587,188,343.4127,332,458.4182,-2.972,8.4493,0,0.0001,-0.2205,1.5615,-0.2105,1.5571,0.6719,149.4902,144.3887,146.0967,147.4912,146.8667,0.6683,0.6109,0.6833,0.6068,0.6068,0.6344,0.5994,0.6428,0.5708,0.5708,0.6365,0.6422,0.6283,0.6377,0.6283,0.5887,0.5644,0.5724,0.4557,0.4557,0,0,0,0,0,-0.0085,-0.0435,-0.0132,-0.0589,-0.0589,-0.0028,-0.0375,-0.0218,-0.0533,-0.0434,-0.0121,0.0053,0.0101,0.0076,-0.0355,-0.0473,-0.0516,-0.0591,0.0071,0.0214,-0.0069,-0.0151,0,-0.0307,-0.0087,-0.0084,-0.0183,0.0003,-0.0294,-0.0111,-0.0093,0.0021,-0.0131,0.0049,-0.0207,-0.0165,-0.0153,0.0039,-0.003,0.0196,-0.0157,-0.1207,0.0135,-0.1173,-0.1062,0.0078,-0.1026,0.0022,-0.1198,-0.0946,-0.0081,0.004,0.0134,0.0086,0.0042,-0.0176,0.0019,-0.0666,0.0159,-0.0791,-0.0596,-0.0088,-0.051,0.0042,-0.0746,-0.0678,-0.0048,-0.001,-0.0057,0.0171,0.0077,-0.0156,-0.0158,TRUE,TRUE
DTC_L_87,LanSi,1,CW_01,C,2026-03-27 15:01:03+08:00,ONLINE,FALSE,,CW_1_01,PASS,,,52.0046423,_2026032715010336302,T20260327150103,DESKTOP-P2DUL42,Loma,1,CW_1_01,2,paul di,2024.0718.155524,V20260126.2,CW_DTCL_DTCR_STC,T20260327150155,52.0046423,TRUE,TRUE,TRUE,TRUE,TRUE,TRUE,TRUE,4S2RND2HBL06DS,v1.0.1,2025_12_22,315.2148,322.7778,475.4179,301.9254,296.1208,151.9866,150.0268,342.604,334.6963,488.0815,-5.2047,1.975,-0.0001,0,-0.2289,1.5589,-0.2189,1.553,0.666,154.9434,150.5762,148.7959,154.3906,152.1765,0.8226,0.7981,0.8343,0.7932,0.7932,0.7714,0.7652,0.8007,0.7483,0.7483,0.8154,0.8093,0.8048,0.7686,0.6935,0.7413,0.7478,0.678,0.678,0.8093,0.7793,0.8096,0.7634,0.7634,0.8492,0.7695,0.7352,0.8214,0.8317,0.778,0.7825,0.7761,0.7352,0,0,0,0,0,v1.0.1,2025_12_22,315.1533,322.8102,476.5221,301.8456,296.04,150.98,148.9048,342.7619,334.7388,489.1045,-5.2282,2.0004,-0.0001,0,-0.2287,1.5595,-0.2189,1.553,0.6662,164.3438,159.4277,165.8115,165.418,163.7502,0.6728,0.6764,0.6914,0.6921,0.6728,0.6559,0.6375,0.6584,0.6382,0.6375,0.6468,0.6547,0.6493,0.6314,0.5838,0.65,0.6328,0.6021,0.5838,0.6701,0.5195,0.6741,0.6519,0.5195,0.6497,0.654,0.6251,0.6763,0.6774,0.6645,0.6726,0.6296,0.6251,0,0,0,0,0,v1.0.1,2025_12_22,314,315.0971,439,300.4182,300.3306,184.2479,186.0738,329.6557,328.0439,444.9737,-6.0104,-4.6215,-0.0001,0,-0.2164,1.5662,-0.2128,1.5626,0.6749,175.6475,174.3867,172.3379,175.3574,174.4324,0.7891,0.7001,0.8079,0.6988,0.6988,0.7488,0.6691,0.7632,0.6624,0.6624,0.7703,0.7605,0.7694,0.7025,0.7025,0.7232,0,0.7368,0.6509,0.6509,0,0,0,0,0,v1.0.1,2025_12_22,313.9223,314.9223,439.6174,300.4522,300.2735,183.4615,185.1393,329.7131,328.0431,445.8707,-6.1009,-4.616,-0.0001,0,-0.2141,1.5668,-0.2138,1.5629,0.6754,149.2979,144.4033,143.4258,147.1104,146.0593,0.6585,0.6033,0.6821,0.6081,0.6033,0.6229,0.5767,0.6272,0.5724,0.5724,0.6401,0.6348,0.643,0.6058,0.6058,0.573,0.5289,0.5991,0.5491,0.5289,0,0,0,0,0,-0.005,-0.0695,-0.0132,-0.0301,-0.0301,-0.0212,-0.0657,-0.0051,-0.0381,-0.0381,-0.0032,-0.0033,-0.0154,-0.0084,-0.1245,-0.0735,-0.0586,-0.0691,0.005,-0.0073,-0.013,-0.0391,-0.0024,-0.017,-0.013,-0.0103,-0.0417,-0.002,-0.0221,-0.0228,-0.0223,-0.001,-0.0189,-0.0065,-0.07,-0.0263,-0.0172,-0.0243,-0.005,-0.0016,0.0033,-0.1249,0.0031,-0.0901,-0.087,0.0071,-0.1112,-0.003,-0.0956,-0.0793,-0.0098,-0.0059,0.013,0.0125,-0.016,0.0013,0.0022,-0.0803,0.0077,-0.0792,-0.053,-0.0109,-0.0799,-0.0007,-0.0721,-0.0555,-0.0068,-0.0038,0.0075,-0.0018,-0.0018,-0.0189,0.0218,TRUE,TRUE
DTC_L_88,LanSi,1,CW_01,A,2026-03-27 15:02:42+08:00,ONLINE,FALSE,,CW_1_01,PASS,,,51.6404523,_2026032715024299402,T20260327150242,DESKTOP-P2DUL42,Loma,1,CW_1_01,2,paul di,2024.0718.155524,V20260126.2,CW_DTCL_DTCR_STC,T20260327150334,51.6404523,TRUE,TRUE,TRUE,TRUE,TRUE,TRUE,TRUE,4S2RND2HBL06DS,v1.0.1,2025_12_22,314.2222,322.1333,474.2409,301.5182,294.9408,151.4342,148.5789,341.7895,333.5,488.5,-6.4034,1.5751,-0.0001,0,-0.2276,1.5578,-0.2176,1.5549,0.6669,155.418,152.2539,150.5996,155.6191,153.4727,0.8375,0.7993,0.8445,0.7874,0.7874,0.7807,0.7625,0.7988,0.7736,0.7625,0.8039,0.8075,0.814,0.7765,0.748,0.7232,0.781,0.7234,0.7232,0.8082,0.6518,0.8262,0.8328,0.6518,0.847,0.7519,0.7501,0.8354,0.8203,0.8432,0.8184,0.7764,0.7501,0,0,0,0,0,v1.0.1,2025_12_22,314.1533,322.1898,475.3571,301.4286,294.902,150.4575,147.4768,341.9603,333.6429,489.5714,-6.3936,1.6215,-0.0001,0,-0.2276,1.5586,-0.2175,1.5544,0.667,162.8662,159.3184,165.3418,165.1934,163.1799,0.6744,0.6838,0.6931,0.7023,0.6744,0.6502,0.6335,0.6493,0.6544,0.6335,0.6451,0.652,0.6462,0.632,0.6237,0.6244,0.6526,0.6103,0.6103,0.6686,0.4915,0.6765,0.7039,0.4915,0.6492,0.6291,0.6364,0.6822,0.6737,0.6791,0.6783,0.6341,0.6291,0,0,0,0,0,v1.0.1,2025_12_22,313.0187,314.5514,438.027,300.2072,299.1429,183.8739,184.7177,329.121,327.0776,444.9741,-7.1032,-4.9545,-0.0001,0,-0.2137,1.5645,-0.2126,1.5629,0.6753,174.9287,175.168,173.3955,175.6328,174.7812,0.7956,0.6913,0.8049,0.6753,0.6753,0.7572,0.6444,0.763,0.6859,0.6444,0.7825,0.7777,0.7646,0.7025,0.7025,0.725,0,0.7317,0.7224,0.7224,0,0,0,0,0,v1.0.1,2025_12_22,313.0187,314.4486,438.8407,300.0531,299,183.1026,183.9008,329.2562,327.2167,445.8083,-7.1046,-4.9662,-0.0001,0,-0.2134,1.564,-0.2137,1.5626,0.6749,148.2324,144.0947,143.708,147.083,145.7795,0.6599,0.5985,0.6758,0.6055,0.5985,0.638,0.5657,0.6156,0.5936,0.5657,0.6249,0.6369,0.6521,0.6214,0.6214,0.5988,0.5259,0.5765,0.5948,0.5259,0,0,0,0,0,0.0099,-0.0683,-0.003,-0.0359,-0.0359,-0.0119,-0.0684,-0.007,-0.0128,-0.0239,-0.0147,-0.0051,-0.0062,-0.0005,-0.07,-0.0916,-0.0254,-0.0237,0.0039,0.0093,-0.0114,-0.0317,-0.0007,-0.0068,-0.0114,-0.016,-0.0457,-0.0111,-0.0059,-0.0268,-0.024,-0.0037,-0.022,-0.0059,-0.0301,-0.0519,0.0026,-0.0161,-0.0065,0.0008,0.0098,-0.1337,0.0001,-0.1136,-0.1105,0.0155,-0.1359,-0.0032,-0.0721,-0.0973,0.0024,0.0113,0.0082,0.0125,-0.0142,-0.0038,0.0036,-0.0851,0.0014,-0.0818,-0.0578,0.0042,-0.0909,-0.0123,-0.0509,-0.0622,-0.022,-0.0017,0.0166,0.0138,0.0138,0.0069,-0.0008,TRUE,TRUE
DTC_R_88,LanSi,1,CW_01,B,2026-03-27 15:02:43+08:00,ONLINE,FALSE,,CW_1_01,PASS,,,51.4988308,_2026032715024313701,T20260327150243,DESKTOP-P2DUL42,Loma,1,CW_1_01,1,paul di,2024.0718.155524,V20260126.2,CW_DTCL_DTCR_STC,T20260327150334,51.4988308,TRUE,TRUE,TRUE,TRUE,TRUE,TRUE,TRUE,4S2RND2HBL0DP6,v1.0.1,2025_12_22,315.2868,317.5882,475.3235,298.0368,295.9097,148.9514,149.7483,337.6954,335.8784,485.3716,-5.0707,-1.9713,-0.0001,0,-0.221,1.5559,-0.2204,1.5482,0.6657,155.8838,152.9805,152.6738,155.5127,154.2627,0.8664,0.7978,0.8845,0.7847,0.7847,0.816,0.7463,0.8242,0.7589,0.7463,0.8187,0.8166,0.8045,0.8225,0.7332,0.7512,0.7787,0.7598,0.7332,0.8402,0.7998,0.7959,0.98,0.7959,0.8434,0.7683,0.7653,0.8344,0.794,0.7162,0.8268,0.8329,0.7162,0,0,0,0,0,v1.0.1,2025_12_22,315.2319,317.471,476.3235,297.9632,295.8503,147.8299,148.62,337.8467,336,486.5,-5.0948,-1.9778,-0.0001,0,-0.22,1.5565,-0.2212,1.548,0.6658,164.3457,158.8643,167.7891,166.8779,164.4692,0.7032,0.6585,0.7137,0.6666,0.6585,0.684,0.6399,0.6688,0.6409,0.6399,0.6508,0.6621,0.6547,0.6538,0.6335,0.6544,0.6309,0.624,0.624,0.6841,0.6617,0.6607,0.0578,0.0578,0.6457,0.6726,0.6528,0.6737,0.6488,0.6038,0.6354,0.6681,0.6038,0,0,0,0,0,v1.0.1,2025_12_22,317.6952,328.8667,442.2342,314.018,303.2581,196.8387,189.0826,343.157,332.1053,456.9474,-2.6249,8.4656,0,0.0001,-0.2182,1.5614,-0.2101,1.5582,0.6728,177.3008,176.5547,176.7656,178.2002,177.2053,0.8096,0.651,0.826,0.6419,0.6419,0.7765,0.635,0.7746,0.6505,0.635,0.781,0.7977,0.7569,0.7544,0.7544,0.7523,0.6666,0.7305,0,0.6666,0,0,0,0,0,v1.0.1,2025_12_22,317.5566,328.9245,443,313.9455,303.1311,196.0492,188.122,343.3333,332.3125,457.6518,-2.6756,8.4809,0,0.0001,-0.2183,1.5621,-0.2103,1.5561,0.6724,148.3066,142.9805,144.793,146.0303,145.5276,0.6613,0.575,0.6804,0.5662,0.5662,0.6424,0.5696,0.6309,0.5687,0.5687,0.6275,0.642,0.638,0.6448,0.6275,0.5917,0.5614,0.5745,0.3853,0.3853,0,0,0,0,0,-0.007,-0.0832,0.0057,-0.0842,-0.0842,0.0009,-0.0742,-0.011,-0.0661,-0.0688,-0.0101,0.0026,-0.0156,0.0035,-0.0762,-0.0711,-0.0248,-0.0529,-0.0037,-0.0011,0.0008,-0.0508,-0.0007,-0.0578,-0.0439,-0.0036,-0.0395,-0.0001,-0.0463,-0.029,-0.002,0.0206,-0.0096,0.002,-0.0324,-0.015,0.0026,-0.0172,-0.0003,0.0041,-0.0088,-0.1725,0.017,-0.1788,-0.1671,0.013,-0.1457,0.0026,-0.1382,-0.1285,0.006,0.0339,0.0054,0.0148,0.0064,-0.009,-0.0051,-0.1025,0.013,-0.1197,-0.1002,-0.0008,-0.0808,-0.0077,-0.0767,-0.0699,-0.0138,-0.0012,0.004,0.0242,0.0069,-0.0126,-0.0137,TRUE,TRUE
DTC_L_89,LanSi,1,CW_01,B,2026-03-27 15:04:46+08:00,ONLINE,FALSE,,CW_1_01,PASS,,,51.5910054,_2026032715044664002,T20260327150446,DESKTOP-P2DUL42,Loma,1,CW_1_01,2,paul di,2024.0718.155524,V20260126.2,CW_DTCL_DTCR_STC,T20260327150538,51.5910054,TRUE,TRUE,TRUE,TRUE,TRUE,TRUE,TRUE,4S2RND2HBL06DS,v1.0.1,2025_12_22,314.3235,323.9632,474.2963,303.8593,294.8889,152.902,148.5,344.1688,333.4029,490.4245,-6.4177,3.5635,-0.0001,0,-0.2245,1.5572,-0.2207,1.5562,0.667,155.6377,151.2939,149.6367,155.1094,152.9194,0.8236,0.8077,0.8471,0.7827,0.7827,0.772,0.7658,0.7999,0.751,0.751,0.8241,0.8147,0.8079,0.7679,0.7453,0.7299,0.7584,0.6867,0.6867,0.8119,0.6065,0.8222,0.8227,0.6065,0.8496,0.7872,0.7811,0.8483,0.8326,0.8289,0.7795,0.7725,0.7725,0,0,0,0,0,v1.0.1,2025_12_22,314.2536,324.029,475.3885,303.6403,294.8026,151.8092,147.3907,344.245,333.6835,491.4532,-6.3962,3.5354,-0.0001,0,-0.2253,1.5578,-0.22,1.5547,0.6668,163.4014,159.0459,165.5,164.6699,163.1543,0.6759,0.6928,0.701,0.7029,0.6759,0.6508,0.6355,0.6468,0.6417,0.6355,0.6472,0.6495,0.6547,0.6277,0.6457,0.6356,0.641,0.6076,0.6076,0.6708,0.5456,0.6764,0.6845,0.5456,0.6657,0.6661,0.6516,0.6895,0.6785,0.6726,0.66,0.6237,0.6237,0,0,0,0,0,v1.0.1,2025_12_22,313.0849,316.3302,438.1,302.2818,299.1429,184.9664,184.6803,331.0738,327.1043,446.7391,-7.0775,-3.2217,-0.0001,0,-0.2114,1.5645,-0.2138,1.5632,0.6756,174.8711,173.9434,172.0029,174.5029,173.8301,0.7916,0.6958,0.8089,0.6883,0.6883,0.7382,0.6737,0.7457,0.6619,0.6619,0.7768,0.7669,0.777,0.7024,0.7024,0.7263,0,0.7428,0.7281,0.7263,0,0,0,0,0,v1.0.1,2025_12_22,313.0476,316.181,438.8649,302.1892,299.0339,184.1441,183.8226,331.121,327.3103,447.5,-7.0841,-3.273,-0.0001,0,-0.2102,1.5645,-0.2146,1.5621,0.6755,148.667,143.8535,143.25,146.5371,145.5769,0.6633,0.5991,0.6783,0.607,0.5991,0.6134,0.5753,0.6352,0.5836,0.5753,0.628,0.6239,0.6366,0.6135,0.6135,0.5939,0.538,0.5825,0.5756,0.538,0,0,0,0,0,-0.004,-0.0599,-0.0004,-0.0406,-0.0406,-0.0206,-0.0651,-0.0059,-0.0354,-0.0354,0.0055,0.0021,-0.0123,-0.0091,-0.0727,-0.0849,-0.048,-0.0604,0.0076,0.0053,-0.0099,-0.0227,0.0072,-0.0062,-0.0099,-0.0154,-0.0437,-0.0136,-0.0186,-0.0248,-0.0219,-0.0062,-0.0135,-0.0102,-0.0081,-0.0407,-0.009,-0.0188,-0.0043,0.0007,0.0058,-0.1292,0.0041,-0.1006,-0.0975,-0.0035,-0.1066,-0.0205,-0.0961,-0.0798,-0.0033,0.0005,0.0206,0.0124,-0.0129,0.0073,0.007,-0.0845,0.0039,-0.0803,-0.0572,-0.0204,-0.0813,0.0073,-0.0609,-0.0526,-0.0189,-0.0147,0.0011,0.0059,0.0059,0.002,0.0052,TRUE,TRUE
DTC_R_89,LanSi,1,CW_01,C,2026-03-27 15:04:46+08:00,ONLINE,FALSE,,CW_1_01,PASS,,,51.6697951,_2026032715044657301,T20260327150446,DESKTOP-P2DUL42,Loma,1,CW_1_01,1,paul di,2024.0718.155524,V20260126.2,CW_DTCL_DTCR_STC,T20260327150538,51.6697951,TRUE,TRUE,TRUE,TRUE,TRUE,TRUE,TRUE,4S2RND2HBL0DP6,v1.0.1,2025_12_22,315.146,317.6277,474.8015,297.8235,295.5906,147.8255,149.6093,338.245,335.2302,486.0719,-5.4245,-1.9813,-0.0001,0,-0.2229,1.5556,-0.2234,1.5516,0.6652,156.6416,154.6416,154.2812,156.1279,155.4231,0.8695,0.8363,0.8731,0.8311,0.8311,0.8167,0.7798,0.8186,0.7891,0.7798,0.829,0.8254,0.8114,0.8004,0.7628,0.7783,0.7511,0.7776,0.7511,0.8366,0.8059,0.8043,0.98,0.8043,0.8332,0.7854,0.7943,0.8266,0.8026,0.7958,0.7992,0.8376,0.7854,0,0,0,0,0,v1.0.1,2025_12_22,315.1064,317.6809,475.8417,297.7122,295.3034,146.8207,148.4276,338.3618,335.292,487,-5.5058,-1.9849,-0.0001,0,-0.2231,1.5549,-0.2229,1.5516,0.6651,163.4102,156.416,165.2422,166.0596,162.782,0.6983,0.6946,0.7116,0.7044,0.6946,0.6811,0.6586,0.668,0.6558,0.6558,0.6565,0.6589,0.6605,0.6576,0.6397,0.6646,0.6124,0.6373,0.6124,0.6923,0.6646,0.6814,0.4827,0.4827,0.6421,0.666,0.671,0.6736,0.6562,0.683,0.6605,0.6722,0.6421,0,0,0,0,0,v1.0.1,2025_12_22,317.4,329.0857,441.7182,313.9,302.9508,196,188.878,343.5447,331.8947,458.0526,-2.9316,8.6166,0,0.0001,-0.221,1.5621,-0.2115,1.5584,0.672,177.9307,178.0732,178.3066,178.7314,178.2605,0.8107,0.7195,0.8166,0.7225,0.7195,0.7749,0.6818,0.7734,0.6778,0.6778,0.7761,0.7735,0.7458,0.7388,0.7388,0.741,0.6877,0.7352,0,0.6877,0,0,0,0,0,v1.0.1,2025_12_22,317.3396,329.066,442.6216,313.8288,302.7619,195.3333,188,343.5873,331.8947,458.9211,-2.9764,8.6473,0,0.0001,-0.2205,1.5617,-0.2113,1.5587,0.6721,147.7158,141.1162,142.6611,145.2637,144.1892,0.671,0.6102,0.6804,0.6244,0.6102,0.6438,0.597,0.6467,0.5832,0.5832,0.645,0.6303,0.6388,0.6046,0.6046,0.597,0.5686,0.5841,0.529,0.529,0,0,0,0,0,-0.0039,-0.0447,-0.0057,-0.0378,-0.0378,0.0016,-0.0407,-0.0166,-0.0359,-0.0353,0.0002,0.0114,-0.0087,-0.0186,-0.0466,-0.044,-0.0524,-0.0351,-0.0073,0.0073,-0.0041,-0.0147,-0.0028,-0.02,-0.0078,-0.0065,-0.0208,-0.0009,-0.0314,-0.0131,0.0037,0.0174,-0.0038,0.0058,-0.0262,-0.0048,-0.0159,-0.0039,0.0079,0.0248,-0.0077,-0.104,0.0076,-0.0982,-0.0895,0.0114,-0.0989,0.0014,-0.1109,-0.0857,0.0011,0.0097,-0.0057,-0.0008,-0.0049,-0.0043,0.0046,-0.0673,0.013,-0.0615,-0.0562,0.0006,-0.0534,0.0081,-0.0622,-0.0554,0.0037,-0.0129,0.0048,-0.016,-0.016,-0.0073,-0.0041,TRUE,TRUE
DTC_L_90,LanSi,1,CW_01,C,2026-03-27 15:06:46+08:00,ONLINE,FALSE,,CW_1_01,PASS,,,51.3802312,_2026032715064655802,T20260327150646,DESKTOP-P2DUL42,Loma,1,CW_1_01,2,paul di,2024.0718.155524,V20260126.2,CW_DTCL_DTCR_STC,T20260327150737,51.3802312,TRUE,TRUE,TRUE,TRUE,TRUE,TRUE,TRUE,4S2RND2HBL06DS,v1.0.1,2025_12_22,315.3985,321.0827,475.5682,300.0455,296.3974,149.6159,150.0417,340.9792,334.8015,487.1765,-5.0586,0.2799,-0.0001,0,-0.2301,1.5599,-0.2192,1.554,0.6661,156.2988,152.5107,150.7764,155.9434,153.8823,0.8202,0.7975,0.8374,0.7907,0.7907,0.7692,0.7671,0.801,0.753,0.753,0.8143,0.8191,0.8225,0.7748,0.7371,0.7512,0.7578,0.6951,0.6951,0.8124,0.7851,0.822,0.788,0.7851,0.8408,0.7433,0.7203,0.8508,0.8037,0.7721,0.7716,0.7723,0.7203,0,0,0,0,0,v1.0.1,2025_12_22,315.292,321.2336,476.7464,299.971,296.1722,148.7285,149.0135,341.2162,334.8913,488.1739,-5.0769,0.3646,-0.0001,0,-0.2304,1.5599,-0.2191,1.5534,0.6659,163.5693,159.5615,165.668,164.625,163.356,0.6836,0.6883,0.6937,0.7006,0.6836,0.6548,0.6349,0.6458,0.6502,0.6349,0.6569,0.6623,0.6599,0.6381,0.6097,0.6301,0.6333,0.6115,0.6097,0.6829,0.6339,0.691,0.679,0.6339,0.6467,0.6185,0.5979,0.6782,0.651,0.667,0.6744,0.6247,0.5979,0,0,0,0,0,v1.0.1,2025_12_22,314.1143,313.5524,439.2589,298.8929,300.6777,182.124,186.3333,328.187,328.3932,443.7949,-5.7445,-6.1898,-0.0001,-0.0001,-0.2161,1.5684,-0.2135,1.5611,0.675,175.6592,175.3447,173.3643,175.5332,174.9753,0.8011,0.704,0.8003,0.6831,0.6831,0.7378,0.6384,0.7505,0.6694,0.6384,0.7725,0.7651,0.7542,0.6969,0.6969,0.7283,0,0.7351,0.6633,0.6633,0,0,0,0,0,v1.0.1,2025_12_22,314.1346,313.5,440.0631,298.7117,300.5,181.5,185.35,328.3667,328.4359,444.6239,-5.8033,-6.1595,-0.0001,-0.0001,-0.2164,1.5674,-0.2144,1.5616,0.6745,148.8105,144.3809,143.3115,146.625,145.782,0.6655,0.6015,0.6708,0.6069,0.6015,0.6231,0.551,0.6242,0.5858,0.551,0.6243,0.6351,0.6477,0.6225,0.6225,0.591,0.5012,0.5768,0.5416,0.5012,0,0,0,0,0,-0.0074,-0.0701,-0.0101,-0.0326,-0.0326,-0.0234,-0.0638,-0.0048,-0.0334,-0.0334,-0.0043,0.0065,0.0023,-0.0022,-0.0809,-0.0636,-0.0486,-0.052,0.0081,0.0051,-0.0022,-0.0272,-0.0001,-0.0085,-0.0022,-0.0114,-0.0443,-0.0146,-0.0101,-0.0254,-0.0122,0.0066,-0.0083,0.0002,-0.0441,-0.0462,-0.0167,-0.0149,0.0078,0.0153,0.0153,-0.121,-0.0045,-0.1058,-0.1027,-0.0039,-0.1419,-0.0157,-0.0886,-0.1033,-0.0076,-0.0013,-0.0022,0.0069,-0.0109,-0.0004,0.0092,-0.0821,-0.0036,-0.0804,-0.0548,-0.0107,-0.1056,-0.0037,-0.0587,-0.0769,-0.0226,-0.0035,0.0122,0.0149,0.0149,-0.0009,-0.0005,TRUE,TRUE
DTC_R_90,LanSi,1,CW_01,A,2026-03-27 15:06:46+08:00,ONLINE,FALSE,,CW_1_01,PASS,,,51.5617463,_2026032715064636801,T20260327150646,DESKTOP-P2DUL42,Loma,1,CW_1_01,1,paul di,2024.0718.155524,V20260126.2,CW_DTCL_DTCR_STC,T20260327150737,51.5617463,TRUE,TRUE,TRUE,TRUE,TRUE,TRUE,TRUE,4S2RND2HBL0DP6,v1.0.1,2025_12_22,315.1691,316.2353,475.2148,296.7778,295.6944,148.25,149.4118,336.2549,335.9122,484.9527,-5.2195,-3.0059,-0.0001,0,-0.2205,1.5549,-0.2197,1.5479,0.6657,155.6035,153.1309,153.1152,155.7334,154.3958,0.8613,0.7799,0.8677,0.7903,0.7799,0.8155,0.7447,0.8215,0.7899,0.7447,0.8181,0.8224,0.8052,0.8206,0.7259,0.7266,0.7926,0.782,0.7259,0.8398,0.8114,0.803,0.98,0.803,0.8526,0.7829,0.783,0.8376,0.8088,0.7369,0.8198,0.8624,0.7369,0,0,0,0,0,v1.0.1,2025_12_22,315.1691,316.2353,476.2357,296.5929,295.4797,147.3108,148.3179,336.4371,335.9195,486,-5.2756,-2.9848,-0.0001,0,-0.2208,1.5542,-0.22,1.5487,0.6655,164.2119,158.6543,167.3105,166.665,164.2104,0.6966,0.6528,0.7127,0.6727,0.6528,0.6742,0.6307,0.6641,0.6604,0.6307,0.6658,0.6558,0.6445,0.6693,0.6269,0.6368,0.6351,0.6316,0.6269,0.668,0.6665,0.6673,0.2934,0.2934,0.645,0.6614,0.6563,0.6735,0.6388,0.6283,0.6477,0.6672,0.6283,0,0,0,0,0,v1.0.1,2025_12_22,317.6273,327.6818,442.1875,312.6696,303.0579,196.0909,188.878,341.6667,332.1062,456.3805,-2.7286,7.3979,0,0.0001,-0.2194,1.56,-0.2077,1.5582,0.6728,177.0234,176.5488,177.1016,178.3662,177.26,0.7998,0.6177,0.8241,0.6553,0.6177,0.7683,0.6265,0.7863,0.6907,0.6265,0.785,0.7679,0.7673,0.7585,0.7585,0.7556,0.6697,0.7341,0,0.6697,0,0,0,0,0,v1.0.1,2025_12_22,317.5524,327.8762,442.9167,312.6759,302.9174,195.2066,187.9667,341.9833,332.1864,457.2288,-2.7921,7.4942,0,0.0001,-0.2201,1.5604,-0.2079,1.5576,0.6725,148.1855,142.6006,144.5859,146.0586,145.3577,0.6637,0.5553,0.6793,0.5745,0.5553,0.6377,0.5593,0.6464,0.5893,0.5593,0.6296,0.6451,0.6472,0.6401,0.6296,0.6053,0.5575,0.5844,0.4442,0.4442,0,0,0,0,0,-0.0121,-0.1011,-0.0111,-0.0786,-0.089,0.0004,-0.0758,-0.0137,-0.0351,-0.0704,-0.0107,0.0084,-0.0149,0.0016,-0.0835,-0.0957,-0.0109,-0.0307,-0.0041,0.006,-0.0058,-0.0565,-0.0017,-0.0517,-0.0496,-0.0134,-0.0487,-0.0048,-0.0268,-0.0382,0.013,0.0143,-0.0198,0.0175,-0.039,-0.0326,0.0068,-0.0096,-0.0164,0.0107,-0.0186,-0.2058,0.0151,-0.1654,-0.1913,0.0048,-0.1542,0.0143,-0.098,-0.137,0.01,0.0041,0.0158,0.0189,0.0097,-0.0054,-0.0027,-0.1222,0.0119,-0.1114,-0.1111,-0.0055,-0.0911,0.0078,-0.0561,-0.0793,-0.0117,0.0019,0.0132,0.0195,0.009,0.001,-0.0038,TRUE,TRUE
DTC_L_91,LanSi,1,CW_01,A,2026-03-27 15:47:02+08:00,ONLINE,FALSE,,CW_1_01,PASS,,,49.9152333,_2026032715470254702,T20260327154702,DESKTOP-P2DUL42,Loma,1,CW_1_01,2,paul di,2024.0718.155524,V20260126.2,CW_DTCL_DTCR_STC,T20260327154752,49.9152333,TRUE,TRUE,TRUE,TRUE,TRUE,TRUE,TRUE,4S2RND2HBL06DS,v1.0.1,2025_12_22,314.2132,323.2721,474.3235,303.0368,294.88,152.5867,148.7095,343,333.6765,488.9632,-6.3395,2.6717,-0.0001,0,-0.2252,1.5575,-0.2181,1.5533,0.6669,154.5801,150.3877,148.3486,154.0234,151.835,0.8301,0.793,0.8301,0.789,0.789,0.7785,0.7691,0.8083,0.7098,0.7098,0.8015,0.8149,0.8278,0.7722,0.761,0.7272,0.7254,0.6851,0.6851,0.8066,0.1954,0.8285,0.8284,0.1954,0.8334,0.7609,0.7674,0.8399,0.8173,0.8174,0.7867,0.7649,0.7609,0,0,0,0,0,v1.0.1,2025_12_22,314.2086,323.3669,475.4851,302.9627,294.8,151.6267,147.5789,343.2105,333.7842,490,-6.3286,2.7334,-0.0001,0,-0.2253,1.5577,-0.218,1.5533,0.6669,164.4043,159.5869,165.8574,165.4072,163.814,0.6772,0.6801,0.6873,0.6875,0.6772,0.6524,0.6425,0.6497,0.6358,0.6358,0.6392,0.6634,0.6464,0.6256,0.6247,0.6209,0.6255,0.6191,0.6191,0.6761,0.4938,0.6718,0.689,0.4938,0.6509,0.6581,0.6203,0.6777,0.6689,0.6881,0.6645,0.6367,0.6203,0,0,0,0,0,v1.0.1,2025_12_22,313,315.6038,437.7589,301.4821,299.0169,184.9492,184.8699,330.1382,327.1739,445.6435,-7.1361,-3.9366,-0.0001,0,-0.2122,1.5637,-0.2124,1.5617,0.6752,175.4775,174.0986,172.1025,174.8877,174.1416,0.7856,0.6857,0.7925,0.6821,0.6821,0.7511,0.6572,0.7506,0.629,0.629,0.788,0.7742,0.7684,0.7074,0.7074,0.7348,0,0.7242,0.7201,0.7201,0,0,0,0,0,v1.0.1,2025_12_22,313,315.6038,438.6325,301.3675,299.0339,184.1441,184.0656,330.2951,327.3103,446.5,-7.0915,-3.9179,-0.0001,0,-0.2123,1.5644,-0.2129,1.5614,0.6751,149.4209,144.3145,143.3535,147.3604,146.1123,0.653,0.5842,0.6535,0.6018,0.5842,0.6238,0.5619,0.6371,0.5535,0.5535,0.6466,0.6361,0.6453,0.6221,0.6221,0.6008,0.5383,0.5899,0.5874,0.5383,0,0,0,0,0,0.0025,-0.0746,-0.0174,-0.0343,-0.0343,-0.0141,-0.0618,0.0025,-0.0766,-0.0766,-0.0171,0.0023,0.0076,-0.0048,-0.057,-0.0876,-0.081,-0.062,0.0023,0.0116,-0.0086,-0.0354,-0.0065,-0.0216,-0.0086,-0.0138,-0.0367,-0.0107,-0.0245,-0.0245,-0.0299,0.0077,-0.0218,-0.0123,-0.0291,-0.0554,-0.0245,-0.0073,0.001,-0.0039,-0.0002,-0.1393,-0.0123,-0.1068,-0.1037,0.0094,-0.1231,-0.0156,-0.129,-0.1127,0.0079,0.0078,0.012,0.0174,-0.0044,-0.0113,-0.0033,-0.0994,-0.0209,-0.0855,-0.0721,-0.01,-0.0947,0.0092,-0.091,-0.0744,-0.0003,-0.0025,0.0098,0.0145,0.0145,0.0089,0.0126,TRUE,TRUE
DTC_R_91,LanSi,1,CW_01,B,2026-03-27 18:00:18+08:00,ONLINE,FALSE,,CW_1_01,FAIL,SFR_VIS_25cm_Ny4_01F_ROI2_Dev;SFR_VIS_25cm_Ny4_01F_Min_Dev,Dev,42.1233717,_2026032718001863201,T20260327180018,DESKTOP-P2DUL42,Loma,1,CW_1_01,1,paul di,2024.0718.155524,V20260126.2,CW_DTCL_DTCR_STC,T20260327180100,42.1233717,TRUE,TRUE,TRUE,TRUE,TRUE,TRUE,TRUE,4S2RND2HBL0DP6,v1.0.1,2025_12_22,315.1765,316.1471,475.1269,296.6119,295.6966,148.0828,149.3741,336.0272,335.7329,484.4315,-5.2786,-3.2399,-0.0001,0,-0.221,1.5549,-0.2188,1.5487,0.6659,154.623,152.6045,152.21,154.4854,153.4807,0.8663,0.7482,0.8558,0.7905,0.7482,0.8038,0.7618,0.823,0.7798,0.7618,0.8362,0.8214,0.7987,0.8191,0.7291,0.7397,0.7896,0.782,0.7291,0.8225,0.8071,0.7973,0.0458,0.0458,0.8328,0.7726,0.76,0.8316,0.7895,0.7463,0.8126,0.8462,0.7463,0,0,0,0,0,v1.0.1,2025_12_22,315.0429,316.1071,476.2536,296.3551,295.4218,147.0816,148.3221,336.1946,335.9195,485.6107,-5.308,-3.2302,-0.0001,0,-0.2214,1.5547,-0.2194,1.5477,0.6654,163.1592,157.0117,165.668,166.0684,162.9768,0.7013,0.6377,0.6971,0.6755,0.6377,0.6736,0.6386,0.671,0.6497,0.6386,0.6548,0.6567,0.647,0.6503,0.6262,0.63,0.6237,0.6363,0.6237,0.6769,0.6575,0.6583,0.1509,0.1509,0.6498,0.6489,0.6457,0.6707,0.6441,0.6411,0.6244,0.6852,0.6244,0,0,0,0,0,v1.0.1,2025_12_22,317.5413,327.5596,442.1261,312.5495,303,196,188.8279,341.6557,332.0172,455.9483,-2.7975,7.2426,0,0.0001,-0.2194,1.5602,-0.2086,1.558,0.6726,176.2334,176.6299,176.7754,177.3574,176.749,0.8158,0.5971,0.8141,0.654,0.5971,0.7536,0.64,0.7802,0.6825,0.64,0.7749,0.7732,0.7661,0.7505,0.7505,0.7455,0.672,0.7281,0,0.672,0,0,0,0,0,v1.0.1,2025_12_22,317.3551,327.6355,442.8818,312.6273,302.808,195.344,187.876,341.7603,332.0439,456.7632,-2.907,7.3261,0,0.0001,-0.2185,1.5608,-0.2081,1.557,0.6728,147.4678,141.1348,143.3076,145.4424,144.3381,0.6689,0.5276,0.6731,0.5815,0.5276,0.6326,0.558,0.6477,0.5822,0.558,0.6447,0.6545,0.6216,0.6297,0.6216,0.5872,0.5609,0.5925,0.4287,0.4287,0,0,0,0,0,-0.0071,-0.1328,-0.023,-0.0784,-0.1207,-0.0113,-0.0587,-0.0122,-0.0452,-0.0533,0.0074,0.0074,-0.0214,0.0001,-0.0803,-0.0826,-0.0139,-0.0307,-0.0214,0.0003,-0.0011,-0.0716,-0.0173,-0.0489,-0.0647,-0.014,-0.0408,0.0021,-0.0375,-0.0303,0.002,0.0152,-0.0173,-0.0015,-0.0397,-0.0394,-0.0046,-0.0049,-0.0075,0.0017,-0.0026,-0.2264,0.0051,-0.1667,-0.2119,-0.0099,-0.1407,0.0082,-0.1062,-0.1235,-0.0001,0.0094,0.0146,0.0109,-0.0004,-0.0114,0.0025,-0.1499,0.0057,-0.1044,-0.1388,-0.0106,-0.0924,0.0091,-0.0632,-0.0806,0.0034,0.0113,-0.0124,0.0091,0.001,-0.0171,0.0043,TRUE,TRUE
DTC_R_92,LanSi,1,CW_01,B,2026-03-27 15:52:13+08:00,ONLINE,FALSE,,CW_1_01,PASS,,,51.5554409,_2026032715521335601,T20260327155213,DESKTOP-P2DUL42,Loma,1,CW_1_01,1,paul di,2024.0718.155524,V20260126.2,CW_DTCL_DTCR_STC,T20260327155304,51.5554409,TRUE,TRUE,TRUE,TRUE,TRUE,TRUE,TRUE,4S2RND2HBL0DP6,v1.0.1,2025_12_22,315.0882,317.5,474.7852,297.7778,295.4558,147.4014,149.6078,337.6667,335.2553,485.2553,-5.4615,-2.3798,-0.0001,0,-0.2224,1.5554,-0.2208,1.5506,0.6657,156.2197,152.6816,153.9512,156.0967,154.7373,0.8712,0.8399,0.8644,0.7947,0.7947,0.8236,0.7976,0.8232,0.7954,0.7954,0.8249,0.8244,0.8198,0.8214,0.7765,0.7847,0.7458,0.7666,0.7458,0.8529,0.8153,0.8056,0.1868,0.1868,0.8424,0.7969,0.8001,0.8237,0.8071,0.8502,0.824,0.8524,0.7969,0,0,0,0,0,v1.0.1,2025_12_22,315.0634,317.338,475.8,297.5857,295.2568,146.3446,148.5359,337.8039,335.3239,486.2817,-5.504,-2.4292,-0.0001,0,-0.2218,1.555,-0.2218,1.5509,0.6656,163.6318,155.5273,165.3418,166.502,162.7507,0.7206,0.6935,0.7169,0.6815,0.6815,0.6732,0.6662,0.6717,0.6555,0.6555,0.6505,0.6471,0.6493,0.6748,0.6532,0.6572,0.6166,0.6382,0.6166,0.6683,0.6759,0.6701,0.4382,0.4382,0.6431,0.6741,0.6588,0.6537,0.6598,0.6972,0.6629,0.6798,0.6431,0,0,0,0,0,v1.0.1,2025_12_22,317.2925,328.8868,441.6727,313.8091,302.7419,195.8306,188.9032,343.4113,331.7456,457.3596,-3.0288,8.3595,0,0.0001,-0.2201,1.5614,-0.2121,1.5583,0.6718,177.792,176.4688,178.0986,178.4619,177.7053,0.8171,0.7257,0.8221,0.6718,0.6718,0.7685,0.6946,0.7796,0.6857,0.6857,0.7762,0.7644,0.7667,0.7462,0.7462,0.7421,0.6947,0.7122,0,0.6947,0,0,0,0,0,v1.0.1,2025_12_22,317.233,329,442.5357,313.7411,302.6429,194.9286,188,343.4127,331.9018,458.0536,-3.0373,8.3272,0,0.0001,-0.2207,1.5619,-0.2105,1.5571,0.6719,147.3779,139.876,142.5332,145.3906,143.7944,0.6677,0.6164,0.6736,0.5936,0.5936,0.6461,0.6009,0.6463,0.5855,0.5855,0.6288,0.6436,0.6463,0.6217,0.6217,0.5915,0.5654,0.5631,0.5068,0.5068,0,0,0,0,0,-0.0022,-0.0411,-0.0144,-0.0742,-0.0742,0.0085,-0.0229,-0.012,-0.0296,-0.0197,-0.0039,0.0104,-0.0003,0.0024,-0.0329,-0.0376,-0.0577,-0.0461,0.009,0.0086,0.0182,-0.0158,0.0025,-0.0429,-0.0209,-0.0144,-0.0132,0.0028,-0.0317,-0.0134,-0.0023,0.0056,-0.015,0.023,-0.0127,-0.0122,-0.0117,-0.003,-0.0161,0.0135,-0.0013,-0.0978,0.0131,-0.1489,-0.1372,0.005,-0.0861,0.0076,-0.103,-0.0778,0.0012,0.0006,0.0152,0.0066,-0.0038,-0.0273,0.0013,-0.0611,0.0062,-0.0923,-0.0728,0.0029,-0.0495,0.0077,-0.0599,-0.0531,-0.0125,0.0004,0.0123,0.0011,0.0011,-0.0128,-0.0251,TRUE,TRUE
DTC_L_92,LanSi,1,CW_01,B,2026-03-27 15:52:13+08:00,ONLINE,FALSE,,CW_1_01,PASS,,,51.5504547,_2026032715521334902,T20260327155213,DESKTOP-P2DUL42,Loma,1,CW_1_01,2,paul di,2024.0718.155524,V20260126.2,CW_DTCL_DTCR_STC,T20260327155304,51.5504547,TRUE,TRUE,TRUE,TRUE,TRUE,TRUE,TRUE,4S2RND2HBL06DS,v1.0.1,2025_12_22,314.3985,322.9173,474.1739,302.3333,295.0199,152.3245,148.56,342.56,333.5662,488.6618,-6.3563,2.2594,-0.0001,0,-0.2276,1.5572,-0.2174,1.5551,0.6668,156.2471,151.918,150.0264,155.6035,153.4487,0.8188,0.79,0.8358,0.7937,0.79,0.7765,0.782,0.7976,0.7467,0.7467,0.8313,0.8099,0.8242,0.7762,0.7439,0.7324,0.7692,0.6948,0.6948,0.8105,0.5909,0.8425,0.8415,0.5909,0.8461,0.783,0.7638,0.8385,0.8461,0.8257,0.7973,0.7693,0.7638,0,0,0,0,0,v1.0.1,2025_12_22,314.3235,322.9632,475.2574,302.1985,294.9408,151.4342,147.5629,342.6821,333.7554,489.7482,-6.332,2.3053,-0.0001,0,-0.2278,1.5578,-0.2172,1.5543,0.6668,164.7861,159.8311,166.2275,165.9062,164.1877,0.6755,0.6882,0.6902,0.6845,0.6755,0.67,0.6357,0.6643,0.6521,0.6357,0.651,0.657,0.6549,0.6494,0.6254,0.6236,0.6364,0.6112,0.6112,0.6763,0.5624,0.6848,0.7002,0.5624,0.6521,0.6549,0.6245,0.6459,0.6682,0.6866,0.6788,0.6289,0.6245,0,0,0,0,0,v1.0.1,2025_12_22,313.0849,315.3302,437.9259,300.8704,299.3025,184.7059,184.864,329.648,327.113,445.2696,-7.0419,-4.3352,-0.0001,0,-0.2148,1.5652,-0.2107,1.5627,0.6756,175.6953,174.585,172.5869,175.4502,174.5793,0.7821,0.685,0.8114,0.6828,0.6828,0.7459,0.6642,0.7617,0.6688,0.6642,0.7823,0.7878,0.7808,0.7045,0.7045,0.7374,0,0.7407,0.7441,0.7374,0,0,0,0,0,v1.0.1,2025_12_22,313.0476,315.181,438.7207,300.7838,299.0431,183.8707,184,329.7213,327.1217,446.1304,-7.1134,-4.3626,-0.0001,0,-0.2135,1.564,-0.2117,1.5632,0.6755,149.792,144.5078,143.7324,147.4316,146.366,0.6684,0.5835,0.6739,0.6079,0.5835,0.6315,0.5711,0.6195,0.5905,0.5711,0.6268,0.6449,0.6388,0.6173,0.6173,0.5816,0.5343,0.6065,0.5934,0.5343,0,0,0,0,0,-0.0088,-0.0776,-0.0117,-0.0296,-0.0333,-0.0161,-0.0489,-0.0082,-0.0397,-0.0397,0.0127,-0.0027,0.004,-0.0008,-0.0741,-0.0824,-0.0372,-0.0523,0.0062,0.0256,-0.0103,-0.0273,-0.0036,-0.0246,-0.0103,0.0038,-0.0435,0.0039,-0.0082,-0.0246,-0.0181,0.0013,-0.0133,0.0115,-0.0284,-0.0527,-0.0136,-0.0152,0.0012,0.0091,-0.0037,-0.14,0.0066,-0.1061,-0.103,0.0042,-0.1161,-0.0045,-0.0892,-0.0775,0.0022,0.0214,0.0244,0.0145,-0.0018,0.0052,0.0121,-0.1001,-0.0005,-0.0794,-0.0728,-0.0023,-0.0855,-0.0084,-0.054,-0.0568,-0.0201,0.0063,0.0033,0.0097,0.0097,-0.0103,0.0292,TRUE,TRUE
DTC_R_93,LanSi,1,CW_01,C,2026-03-27 15:54:21+08:00,ONLINE,FALSE,,CW_1_01,PASS,,,51.6102884,_2026032715542186801,T20260327155421,DESKTOP-P2DUL42,Loma,1,CW_1_01,1,paul di,2024.0718.155524,V20260126.2,CW_DTCL_DTCR_STC,T20260327155513,51.6102884,TRUE,TRUE,TRUE,TRUE,TRUE,TRUE,TRUE,4S2RND2HBL0DP6,v1.0.1,2025_12_22,315.0896,316.597,474.6619,296.4532,295.4558,147.4014,149.5878,337,335.2302,484.0719,-5.4949,-3.1953,-0.0001,0,-0.2251,1.5548,-0.2221,1.5506,0.6645,157.7207,155.1982,154.8652,157.4385,156.3057,0.8684,0.8595,0.8783,0.8468,0.8468,0.8163,0.7575,0.8338,0.7749,0.7575,0.8258,0.8123,0.8313,0.8185,0.7555,0.7562,0.738,0.7068,0.7068,0.8474,0.8194,0.8042,0.3034,0.3034,0.8513,0.7831,0.7909,0.816,0.8118,0.8003,0.7737,0.841,0.7737,0,0,0,0,0,v1.0.1,2025_12_22,315.0876,316.5985,475.7643,296.4071,295.2568,146.3446,148.2808,337.0753,335.3357,485.0643,-5.555,-3.202,-0.0001,0,-0.2245,1.5543,-0.2216,1.5507,0.6647,165.7637,160.1465,169.1748,168.4326,165.8794,0.7017,0.7096,0.7134,0.7056,0.7017,0.6822,0.644,0.6844,0.647,0.644,0.6568,0.6566,0.6575,0.6598,0.635,0.6458,0.6029,0.6106,0.6029,0.6881,0.6682,0.6748,0.4968,0.4968,0.6462,0.6537,0.6674,0.6695,0.6654,0.6812,0.6551,0.6986,0.6462,0,0,0,0,0,v1.0.1,2025_12_22,317.4476,328.019,441.7321,312.7321,302.904,195.576,188.8618,342.3821,331.8571,456.4196,-2.9395,7.5258,0,0.0001,-0.2219,1.5609,-0.2107,1.5585,0.6717,178.2939,178.249,178.1924,179.1602,178.4739,0.8092,0.6958,0.8327,0.711,0.6958,0.771,0.6705,0.7859,0.645,0.645,0.7689,0.7621,0.7567,0.7498,0.7498,0.7561,0.6981,0.7327,0,0.6981,0,0,0,0,0,v1.0.1,2025_12_22,317.3491,328.1226,442.5439,312.7281,302.76,194.88,187.9098,342.541,331.9554,457.1339,-2.9964,7.5811,0,0.0001,-0.2218,1.5612,-0.2104,1.5575,0.6716,149.4268,144.1436,145.752,147.1895,146.6279,0.6662,0.5965,0.6814,0.6105,0.5965,0.6422,0.5831,0.6507,0.5562,0.5562,0.633,0.6514,0.6489,0.6139,0.6139,0.6018,0.5659,0.5747,0.5244,0.5244,0,0,0,0,0,-0.005,-0.0215,-0.0005,-0.0221,-0.0221,0.0012,-0.063,-0.0014,-0.0501,-0.0576,-0.003,-0.0017,0.0112,-0.0005,-0.0539,-0.0661,-0.0655,-0.1059,0.0035,0.0072,-0.0007,0.0003,-0.001,-0.0188,-0.0007,-0.0054,-0.0354,0.0155,-0.0402,-0.0249,0.004,0.0151,-0.0068,0.008,-0.0309,-0.0236,-0.0254,-0.0306,0.0037,0.0182,-0.0092,-0.1277,0.0237,-0.1097,-0.1132,0.0075,-0.1102,0.0139,-0.1437,-0.1185,-0.0061,-0.0017,0.0052,0.0102,0.0102,-0.0068,-0.0002,-0.081,0.014,-0.0754,-0.0699,-0.001,-0.0673,0.0121,-0.0892,-0.0824,-0.0083,0.0082,0.0149,-0.0067,-0.0067,-0.0025,-0.0135,TRUE,TRUE
DTC_L_93,LanSi,1,CW_01,C,2026-03-27 15:54:21+08:00,ONLINE,FALSE,,CW_1_01,PASS,,,51.743931,_2026032715542174002,T20260327155421,DESKTOP-P2DUL42,Loma,1,CW_1_01,2,paul di,2024.0718.155524,V20260126.2,CW_DTCL_DTCR_STC,T20260327155513,51.743931,TRUE,TRUE,TRUE,TRUE,TRUE,TRUE,TRUE,4S2RND2HBL06DS,v1.0.1,2025_12_22,315.4191,321.5956,475.5,300.5,296.4416,150.1558,150.2933,341.5,334.8261,487.8551,-5.004,0.8213,-0.0001,0,-0.2305,1.56,-0.2194,1.5541,0.666,155.1484,150.5801,149.2539,154.8467,152.4573,0.8342,0.8055,0.843,0.7845,0.7845,0.7871,0.765,0.7958,0.7521,0.7521,0.8128,0.807,0.8049,0.769,0.7421,0.7469,0.7548,0.7002,0.7002,0.8301,0.7517,0.8134,0.7885,0.7517,0.8423,0.7418,0.7114,0.8329,0.8161,0.7745,0.7673,0.772,0.7114,0,0,0,0,0,v1.0.1,2025_12_22,315.2993,321.635,476.6835,300.4532,296.2829,149.2895,149.1342,341.6779,334.9786,488.9571,-5.0243,0.9025,-0.0001,0,-0.23,1.5604,-0.2195,1.5532,0.666,163.04,158.916,165.1523,164.2627,162.8428,0.6758,0.6745,0.6846,0.7052,0.6745,0.6644,0.6377,0.6508,0.6568,0.6377,0.6535,0.646,0.6486,0.6389,0.6118,0.6423,0.6257,0.6079,0.6079,0.6948,0.6294,0.6781,0.6662,0.6294,0.6484,0.6227,0.6017,0.6603,0.6827,0.6692,0.6724,0.6409,0.6017,0,0,0,0,0,v1.0.1,2025_12_22,314.2308,313.9423,439.2679,299.2679,300.6116,182.7107,186.3697,328.5378,328.3565,444.4783,-5.7327,-5.7126,-0.0001,-0.0001,-0.2163,1.5669,-0.2131,1.5625,0.675,175.8389,174.5684,172.7178,175.4678,174.6482,0.7974,0.7034,0.8091,0.7043,0.7034,0.7443,0.6581,0.7614,0.6586,0.6581,0.7661,0.7543,0.7632,0.6949,0.6949,0.7376,0,0.7211,0.6105,0.6105,0,0,0,0,0,v1.0.1,2025_12_22,314.1923,313.9615,439.991,299.1081,300.5902,181.8607,185.3967,328.6116,328.4492,445.4237,-5.7761,-5.7069,-0.0001,-0.0001,-0.217,1.5677,-0.2127,1.5623,0.675,148.3184,143.584,142.6865,146.0547,145.1609,0.6695,0.5996,0.6718,0.622,0.5996,0.6322,0.5654,0.6335,0.5812,0.5654,0.6309,0.6299,0.639,0.605,0.605,0.5686,0.4941,0.5827,0.5222,0.4941,0,0,0,0,0,0.0066,-0.0621,-0.0045,-0.0388,-0.0388,-0.0055,-0.0659,-0.01,-0.0343,-0.0343,-0.0058,-0.0056,-0.0153,-0.008,-0.0759,-0.0679,-0.0516,-0.0469,0.0258,-0.0035,-0.01,-0.041,-0.0092,-0.0039,-0.0113,-0.0018,-0.0415,-0.0096,-0.0035,-0.0226,-0.0156,-0.0097,-0.0196,0.001,-0.042,-0.034,-0.0243,-0.0185,0.0197,0.0024,0.0116,-0.1216,0.0043,-0.0846,-0.0824,0.0026,-0.1222,-0.0048,-0.0994,-0.0836,-0.014,-0.0121,0.0068,0.0049,-0.0016,-0.0144,0.0132,-0.084,-0.0026,-0.0653,-0.0567,-0.0016,-0.0912,0.0056,-0.0633,-0.0625,-0.016,-0.0087,0.0035,-0.0026,-0.0026,-0.0233,0.0054,TRUE,TRUE
DTC_R_94,LanSi,1,CW_01,A,2026-03-27 15:56:12+08:00,ONLINE,FALSE,,CW_1_01,PASS,,,51.4841887,_2026032715561216801,T20260327155612,DESKTOP-P2DUL42,Loma,1,CW_1_01,1,paul di,2024.0718.155524,V20260126.2,CW_DTCL_DTCR_STC,T20260327155703,51.4841887,TRUE,TRUE,TRUE,TRUE,TRUE,TRUE,TRUE,4S2RND2HBL0DP6,v1.0.1,2025_12_22,315.2222,316.8667,475.1691,297.2353,295.7172,148.3862,149.5232,336.9603,335.7877,484.0342,-5.2161,-2.8035,-0.0001,0,-0.2216,1.555,-0.2202,1.5479,0.6653,156.4932,154.2119,153.5801,156.4883,155.1934,0.8526,0.8002,0.8716,0.7869,0.7869,0.8146,0.7681,0.8171,0.7612,0.7612,0.824,0.8124,0.8166,0.8219,0.73,0.7383,0.7678,0.7669,0.73,0.8384,0.7905,0.8084,0.98,0.7905,0.8546,0.7793,0.7597,0.8232,0.7931,0.7423,0.8104,0.8391,0.7423,0,0,0,0,0,v1.0.1,2025_12_22,315.1739,316.8913,476.2847,297.0657,295.5,147.4122,148.3176,337.1486,335.9178,485.1438,-5.2612,-2.7677,-0.0001,0,-0.2219,1.5547,-0.2203,1.5476,0.665,164.9365,158.7529,167.7764,167.6377,164.7759,0.7133,0.671,0.7127,0.6671,0.6671,0.6758,0.6456,0.6696,0.648,0.6456,0.6508,0.6534,0.6566,0.6561,0.6333,0.632,0.6281,0.6236,0.6236,0.6809,0.6585,0.6639,0.2669,0.2669,0.6503,0.6484,0.6478,0.6546,0.6493,0.5878,0.6393,0.6781,0.5878,0,0,0,0,0,v1.0.1,2025_12_22,317.4907,328.3056,442.1182,313.3727,303.0492,196.2131,188.9274,342.4677,332.0702,455.8684,-2.7689,7.7455,0,0.0001,-0.2187,1.5614,-0.2092,1.5565,0.6725,177.082,176.7705,176.7812,178.0869,177.1802,0.8188,0.6655,0.8292,0.6427,0.6427,0.7658,0.646,0.7822,0.6338,0.6338,0.7763,0.783,0.7621,0.7555,0.7555,0.7459,0.664,0.7361,0,0.664,0,0,0,0,0,v1.0.1,2025_12_22,317.5405,328.4685,443.0642,313.3761,302.832,195.624,188,342.5873,332.2087,456.6174,-2.7709,7.8347,0,0.0001,-0.2191,1.56,-0.208,1.5563,0.6723,148.7783,142.9971,144.7568,146.5479,145.77,0.6631,0.5729,0.6654,0.5539,0.5539,0.6467,0.576,0.6518,0.5545,0.5545,0.6429,0.6391,0.6538,0.6341,0.6341,0.5953,0.5497,0.5819,0.4294,0.4294,0,0,0,0,0,-0.0208,-0.0808,-0.0072,-0.082,-0.082,-0.0005,-0.0524,-0.0181,-0.0638,-0.0539,-0.0048,-0.0016,-0.0035,0.0029,-0.0794,-0.084,-0.0357,-0.0458,-0.0055,0.0114,0.0109,-0.0383,-0.0017,-0.0573,-0.0353,-0.0118,-0.0338,0.0007,-0.0392,-0.0233,-0.002,0.0119,-0.0077,0.0043,-0.0326,-0.0374,-0.0002,-0.0176,-0.0035,0.0073,0.0004,-0.158,0.0202,-0.178,-0.1663,0.0023,-0.1347,0.0102,-0.1549,-0.1297,0.0013,0.0192,0.0106,0.0159,0,-0.0034,-0.0033,-0.1046,-0.002,-0.132,-0.1125,0.0035,-0.0744,0.0132,-0.0909,-0.0841,0.0016,-0.0041,0.0198,0.0135,0.0135,-0.009,-0.0063,TRUE,TRUE
DTC_L_94,LanSi,1,CW_01,A,2026-03-27 15:56:12+08:00,ONLINE,FALSE,,CW_1_01,PASS,,,51.4961565,_2026032715561217802,T20260327155612,DESKTOP-P2DUL42,Loma,1,CW_1_01,2,paul di,2024.0718.155524,V20260126.2,CW_DTCL_DTCR_STC,T20260327155703,51.4961565,TRUE,TRUE,TRUE,TRUE,TRUE,TRUE,TRUE,4S2RND2HBL06DS,v1.0.1,2025_12_22,314,323,473.9051,302.3577,294.5298,151.4106,148,342.8581,333.0426,490.156,-6.8045,2.4565,-0.0001,0,-0.2279,1.5573,-0.2185,1.5568,0.6669,155.1768,151.6094,149.3975,154.6357,152.7048,0.8295,0.7955,0.84,0.7869,0.7869,0.7741,0.7567,0.8058,0.749,0.749,0.8111,0.8207,0.8186,0.7785,0.7649,0.7282,0.7718,0.732,0.7282,0.8146,0.7424,0.8281,0.8161,0.7424,0.8422,0.7796,0.7633,0.8452,0.8315,0.8211,0.7901,0.7589,0.7589,0,0,0,0,0,v1.0.1,2025_12_22,313.9568,323,474.9574,302.156,294.3487,150.4342,147,343,333.2158,491.1223,-6.8042,2.4425,-0.0001,0,-0.2282,1.5571,-0.2187,1.5562,0.6666,163.9961,159.4023,165.8691,165.0332,163.5752,0.6739,0.6843,0.6881,0.6913,0.6739,0.6645,0.6281,0.6471,0.6483,0.6281,0.639,0.6538,0.6543,0.6385,0.6383,0.6359,0.6403,0.6088,0.6088,0.687,0.6189,0.6783,0.6925,0.6189,0.6441,0.6343,0.6367,0.6861,0.6825,0.6844,0.6738,0.6153,0.6153,0,0,0,0,0,v1.0.1,2025_12_22,312.8208,315.3208,437.6216,300.7928,298.8083,183.925,184.2823,329.879,326.7603,446.2562,-7.4413,-4.2652,-0.0001,0,-0.2154,1.564,-0.2123,1.5642,0.6752,175.8203,175.1221,172.9941,175.4004,174.8342,0.7915,0.6935,0.8087,0.6783,0.6783,0.7492,0.6629,0.761,0.6661,0.6629,0.7748,0.7685,0.7709,0.6981,0.6981,0.7283,0,0.7422,0.7404,0.7283,0,0,0,0,0,v1.0.1,2025_12_22,312.729,315.215,438.4649,300.6667,298.7603,183.1157,183.3984,330.0488,326.9231,447.1709,-7.4449,-4.2566,-0.0001,0,-0.2147,1.5649,-0.2137,1.5631,0.6749,148.5449,143.7285,143.3232,146.4346,145.5078,0.6593,0.5896,0.6734,0.6045,0.5896,0.6336,0.5629,0.6184,0.5818,0.5629,0.6249,0.6385,0.6523,0.6091,0.6091,0.5935,0.4979,0.5735,0.5754,0.4979,0,0,0,0,0,0.0019,-0.0721,-0.0075,-0.0364,-0.0364,-0.0185,-0.0742,0,-0.0374,-0.0374,-0.0075,0.0081,-0.0016,0.0015,-0.0531,-0.0866,-0.0346,-0.0151,0.0103,0.0112,-0.0119,-0.0312,-0.0057,-0.0178,-0.0119,-0.0017,-0.0511,-0.0133,-0.012,-0.0322,-0.0301,-0.0019,-0.0139,0.0006,-0.0155,-0.0404,-0.0097,-0.0176,0.0119,0.0026,0.0057,-0.1315,0.0039,-0.1106,-0.1075,0.0075,-0.1174,-0.0052,-0.0919,-0.0788,-0.0053,0.0021,0.0145,0.0081,-0.0109,0.0067,0.003,-0.094,-0.001,-0.0828,-0.0667,-0.0002,-0.0937,-0.0095,-0.0627,-0.065,-0.022,-0.0001,0.0168,0.0015,0.0015,0.0016,-0.0038,TRUE,TRUE
DTC_L_95,LanSi,1,CW_01,B,2026-03-27 15:59:29+08:00,ONLINE,FALSE,,CW_1_01,PASS,,,51.4996457,_2026032715592994702,T20260327155929,DESKTOP-P2DUL42,Loma,1,CW_1_01,2,paul di,2024.0718.155524,V20260126.2,CW_DTCL_DTCR_STC,T20260327160021,51.4996457,TRUE,TRUE,TRUE,TRUE,TRUE,TRUE,TRUE,4S2RND2HBL06DS,v1.0.1,2025_12_22,315.2132,322.7279,475.3235,302.0368,296.28,152.3,150.0134,342.4564,334.6765,488.0368,-5.1987,2.0116,-0.0001,0,-0.228,1.5596,-0.2183,1.5531,0.6666,152.873,151.2773,149.2109,154.4521,151.9534,0.8196,0.7634,0.8075,0.7867,0.7634,0.7748,0.7594,0.7687,0.7453,0.7453,0.8165,0.827,0.77,0.7748,0.7287,0.729,0.666,0.6738,0.666,0.8202,0.8023,0.7949,0.7736,0.7736,0.8437,0.7283,0.7449,0.8273,0.7752,0.7376,0.7637,0.773,0.7283,0,0,0,0,0,v1.0.1,2025_12_22,315.1533,322.8102,476.3577,302,296.1544,151.2617,148.755,342.6093,334.8088,489.0956,-5.2542,2.0554,-0.0001,0,-0.2279,1.56,-0.2179,1.5526,0.6667,162.5137,159.7207,165.7383,164.9404,163.2283,0.6697,0.6522,0.6862,0.7025,0.6522,0.6491,0.6277,0.6463,0.6358,0.6277,0.6449,0.6505,0.6522,0.6209,0.6301,0.6305,0.5807,0.5941,0.5807,0.6768,0.6335,0.6737,0.662,0.6335,0.6541,0.6264,0.6338,0.6726,0.6407,0.648,0.6573,0.6336,0.6264,0,0,0,0,0,v1.0.1,2025_12_22,314,315,438.7411,300.6339,300.5,184.5,186.2167,329.6583,328.0609,444.9217,-5.9963,-4.5572,-0.0001,0,-0.2141,1.5672,-0.2137,1.5625,0.6755,173.46,175.127,173.0098,175.1445,174.1853,0.787,0.6683,0.7602,0.6816,0.6683,0.7382,0.6568,0.7518,0.6471,0.6471,0.7659,0.7714,0.7324,0.701,0.701,0.7233,0,0.7068,0.6573,0.6573,0,0,0,0,0,v1.0.1,2025_12_22,314,314.9029,439.5965,300.5,300.4274,183.6239,185.1901,329.7025,328.1293,445.7241,-6.0314,-4.6093,-0.0001,0,-0.2137,1.5673,-0.2139,1.5627,0.6756,147.8887,144.2949,143.2666,146.5332,145.4958,0.6539,0.5809,0.6612,0.6137,0.5809,0.625,0.5613,0.6352,0.5915,0.5613,0.636,0.6313,0.6352,0.597,0.597,0.5733,0.5138,0.578,0.5616,0.5138,0,0,0,0,0,-0.008,-0.1042,-0.04,-0.0366,-0.0599,-0.0178,-0.0715,-0.0371,-0.0411,-0.0411,-0.0021,0.0144,-0.0502,-0.0022,-0.0893,-0.0858,-0.1404,-0.0733,0.0159,-0.022,-0.0161,-0.0633,-0.0076,-0.0066,-0.0336,-0.0171,-0.0515,-0.0141,-0.0245,-0.0326,-0.0242,-0.0052,-0.016,-0.017,-0.0237,-0.0458,-0.0693,-0.0323,0.0017,-0.002,0.0012,-0.1567,-0.0446,-0.1073,-0.1175,-0.0035,-0.1235,-0.0144,-0.1109,-0.0946,-0.0142,0.005,-0.024,0.011,-0.0159,-0.0287,-0.0024,-0.1027,-0.0132,-0.0736,-0.0754,-0.0088,-0.0953,0.0073,-0.053,-0.0666,-0.0109,-0.0073,-0.0003,-0.0106,-0.0106,-0.0186,0.0007,TRUE,TRUE
DTC_R_95,LanSi,1,CW_01,B,2026-03-27 15:59:29+08:00,ONLINE,FALSE,,CW_1_01,PASS,,,51.627305,_2026032715592981801,T20260327155929,DESKTOP-P2DUL42,Loma,1,CW_1_01,1,paul di,2024.0718.155524,V20260126.2,CW_DTCL_DTCR_STC,T20260327160021,51.627305,TRUE,TRUE,TRUE,TRUE,TRUE,TRUE,TRUE,4S2RND2HBL0DP6,v1.0.1,2025_12_22,315.0519,317.763,474.8444,297.8444,295.4861,148.2083,149.6225,338.1987,335.2238,485.5455,-5.4543,-1.988,-0.0001,0,-0.2235,1.5554,-0.2224,1.5506,0.665,156.8418,153.6104,153.0518,155.6719,154.7939,0.8498,0.8282,0.8775,0.8168,0.8168,0.801,0.7868,0.8205,0.7859,0.7859,0.821,0.8098,0.8293,0.833,0.716,0.7717,0.7429,0.7627,0.716,0.8158,0.7989,0.8061,0.98,0.7989,0.6833,0.7834,0.7777,0.8119,0.7975,0.8141,0.7893,0.8499,0.6833,0,0,0,0,0,v1.0.1,2025_12_22,315.1143,317.7286,475.8913,297.8261,295.1497,147.1701,148.4539,338.2697,335.2797,486.4755,-5.5222,-2.006,-0.0001,0,-0.2226,1.5538,-0.2221,1.5513,0.6651,164.3994,159.2686,167.8555,166.8926,164.604,0.693,0.6916,0.7075,0.6913,0.6913,0.6727,0.6532,0.6589,0.6559,0.6532,0.6444,0.6357,0.6585,0.6609,0.6011,0.667,0.6101,0.6445,0.6011,0.6789,0.6645,0.6909,0.1925,0.1925,0.5173,0.6649,0.6641,0.6647,0.6588,0.6704,0.6563,0.6844,0.5173,0,0,0,0,0,v1.0.1,2025_12_22,317.5,329.1132,441.9259,313.9815,303.0656,196.3197,189,343.5873,331.9099,457.7117,-2.8197,8.6427,0,0.0001,-0.2205,1.562,-0.2116,1.5587,0.6721,177.0469,176.2031,175.9023,177.2432,176.5989,0.8044,0.6909,0.8114,0.7109,0.6909,0.7552,0.6871,0.7747,0.6677,0.6677,0.7821,0.7637,0.7608,0.743,0.743,0.7451,0.6979,0.7358,0,0.6979,0,0,0,0,0,v1.0.1,2025_12_22,317.3962,329.1415,442.7156,313.9541,302.7857,195.6111,188.048,343.6,331.9273,458.5,-2.9254,8.6613,0,0.0001,-0.2201,1.5613,-0.2108,1.5584,0.6722,148.2627,143.4463,144.7334,145.7256,145.542,0.6622,0.5922,0.6746,0.6141,0.5922,0.6313,0.5889,0.6459,0.5743,0.5743,0.6395,0.6499,0.6454,0.6307,0.6307,0.6159,0.5748,0.5939,0.369,0.369,0,0,0,0,0,-0.0236,-0.0528,-0.0013,-0.0521,-0.0521,-0.0141,-0.0337,-0.0147,-0.0391,-0.0292,-0.0078,-0.0042,0.0092,0.014,-0.0934,-0.0506,-0.0606,-0.05,-0.0281,0.0091,-0.0094,-0.0177,-0.0069,-0.0331,-0.0111,-0.0149,-0.0262,-0.01,-0.0313,-0.0157,-0.0084,-0.0058,-0.0058,0.0091,-0.0648,-0.0024,-0.0182,0.0033,-0.0055,0.0343,-0.014,-0.1326,0.0024,-0.1098,-0.1181,-0.0083,-0.0936,0.0027,-0.121,-0.0958,0.0071,-0.0001,0.0093,0.0034,-0.0008,-0.0037,-0.0042,-0.0853,0.0072,-0.0718,-0.0742,-0.0119,-0.0615,0.0073,-0.0711,-0.0643,-0.0018,0.0067,0.0114,0.0101,0.0101,0.0116,0.0057,TRUE,TRUE
DTC_R_96,LanSi,1,CW_01,C,2026-03-27 16:01:11+08:00,ONLINE,FALSE,,CW_1_01,PASS,,,51.8791574,_2026032716011183201,T20260327160111,DESKTOP-P2DUL42,Loma,1,CW_1_01,1,paul di,2024.0718.155524,V20260126.2,CW_DTCL_DTCR_STC,T20260327160203,51.8791574,TRUE,TRUE,TRUE,TRUE,TRUE,TRUE,TRUE,4S2RND2HBL0DP6,v1.0.1,2025_12_22,315.0882,316.5,474.6835,296.4532,295.3826,147.3758,149.5298,336.6225,335.292,484,-5.5048,-3.3097,-0.0001,0,-0.2244,1.5543,-0.2204,1.5502,0.6649,155.4541,153.2568,152.8271,155.3193,154.2144,0.872,0.8362,0.8721,0.8395,0.8362,0.8189,0.7548,0.8135,0.7779,0.7548,0.8194,0.8116,0.8118,0.748,0.7576,0.7519,0.7391,0.7147,0.7147,0.8492,0.8268,0.807,0.1075,0.1075,0.8452,0.7879,0.7794,0.8212,0.807,0.8093,0.7883,0.7422,0.7422,0,0,0,0,0,v1.0.1,2025_12_22,315,316.5,475.7914,296.3669,295.2148,146.3289,148.3684,336.7566,335.292,485,-5.5667,-3.3095,-0.0001,0,-0.224,1.5545,-0.2205,1.5504,0.6651,164.1025,157.5547,166.3652,166.7764,163.6997,0.7052,0.6859,0.7082,0.6982,0.6859,0.691,0.6392,0.6675,0.6505,0.6392,0.6588,0.6555,0.6596,0.6425,0.6376,0.6327,0.611,0.6048,0.6048,0.6901,0.6652,0.6701,0.3808,0.3808,0.6462,0.6413,0.657,0.6737,0.6624,0.6694,0.6555,0.6541,0.6413,0,0,0,0,0,v1.0.1,2025_12_22,317.5,328,441.7321,312.7321,302.904,195.472,188.7805,342.3252,331.9167,456.4352,-2.9333,7.4929,0,0.0001,-0.2218,1.5606,-0.2103,1.5585,0.6718,177.3838,177.0713,177.0791,178.0479,177.3955,0.8131,0.727,0.816,0.715,0.715,0.7746,0.6462,0.7791,0.661,0.6462,0.7644,0.7638,0.7611,0.7277,0.7277,0.7519,0.6846,0.7216,0,0.6846,0,0,0,0,0,v1.0.1,2025_12_22,317.5,328,442.5398,312.6283,302.7131,194.7295,187.976,342.456,331.8919,457,-2.9758,7.4628,0,0.0001,-0.2218,1.5598,-0.2106,1.5592,0.6716,147.832,141.7119,143.5947,145.6816,144.7051,0.6713,0.6126,0.6792,0.6073,0.6073,0.6459,0.5716,0.6447,0.573,0.5716,0.6237,0.6292,0.6423,0.6275,0.6237,0.5878,0.5548,0.5738,0.4791,0.4791,0,0,0,0,0,-0.0014,-0.0448,-0.0067,-0.0294,-0.0327,0.0038,-0.0657,-0.0217,-0.0471,-0.0603,-0.0094,-0.0024,-0.0083,-0.071,-0.0518,-0.0704,-0.0644,-0.098,0.0053,0.01,0.0028,-0.0234,-0.0062,-0.0262,-0.0165,0.0034,-0.0402,-0.0014,-0.0367,-0.0297,0.006,0.014,-0.0047,-0.0093,-0.0283,-0.0367,-0.0173,-0.0364,0.0057,0.0135,-0.0053,-0.0965,0.007,-0.1057,-0.094,0.0111,-0.1345,0.0071,-0.1277,-0.1173,-0.0106,0,0.0096,-0.0119,0.006,-0.0179,0.0049,-0.0649,0.0118,-0.0786,-0.0591,0.0027,-0.0788,0.0061,-0.0724,-0.067,-0.0176,-0.014,0.0083,0.0069,0.0031,-0.0165,-0.0144,TRUE,TRUE
DTC_L_96,LanSi,1,CW_01,C,2026-03-27 16:01:11+08:00,ONLINE,FALSE,,CW_1_01,PASS,,,51.8711765,_2026032716011183902,T20260327160111,DESKTOP-P2DUL42,Loma,1,CW_1_01,2,paul di,2024.0718.155524,V20260126.2,CW_DTCL_DTCR_STC,T20260327160203,51.8711765,TRUE,TRUE,TRUE,TRUE,TRUE,TRUE,TRUE,4S2RND2HBL06DS,v1.0.1,2025_12_22,314.1241,323.4672,474.2612,302.9701,294.6928,152.5817,148.44,343.44,333.5,489.3529,-6.4964,2.8624,-0.0001,0,-0.2268,1.5571,-0.2195,1.554,0.6662,155.0352,151.5244,149.5654,155.0068,152.783,0.8214,0.8108,0.8297,0.7955,0.7955,0.7824,0.7504,0.7992,0.7481,0.7481,0.8301,0.8202,0.8312,0.7793,0.7611,0.7187,0.7445,0.7073,0.7073,0.808,0.1865,0.818,0.8086,0.1865,0.8471,0.7521,0.7582,0.8481,0.7938,0.817,0.7832,0.7753,0.7521,0,0,0,0,0,v1.0.1,2025_12_22,314.1871,323.4604,475.3577,302.927,294.549,151.6078,147.4145,343.5855,333.7174,490.3478,-6.4549,2.8857,-0.0001,0,-0.2262,1.5565,-0.2196,1.5538,0.6661,163.4814,159.1562,165.2305,164.7754,163.1609,0.6761,0.6834,0.6898,0.696,0.6761,0.657,0.6455,0.6434,0.6593,0.6434,0.6467,0.6429,0.6603,0.6364,0.6409,0.6281,0.6214,0.6053,0.6053,0.6782,0.5249,0.6782,0.6685,0.5249,0.6545,0.6456,0.6333,0.6878,0.642,0.697,0.6595,0.6215,0.6215,0,0,0,0,0,v1.0.1,2025_12_22,313.0476,315.6286,438.0367,301.4587,299.1167,184.9583,184.7623,330.4672,327.1552,446.0431,-7.0763,-3.7888,-0.0001,0,-0.2124,1.5641,-0.2146,1.5625,0.6749,174.459,174.3174,172.2217,174.7217,173.9299,0.7921,0.6919,0.8134,0.6943,0.6919,0.7469,0.6411,0.7557,0.6752,0.6411,0.7872,0.7795,0.7652,0.7139,0.7139,0.7155,0,0.7001,0.6903,0.6903,0,0,0,0,0,v1.0.1,2025_12_22,313.0476,315.6286,438.7544,301.2807,299.0339,184.1441,183.9274,330.5323,327.2881,446.9068,-7.0897,-3.8015,-0.0001,0,-0.2131,1.5641,-0.2144,1.5622,0.6747,148.498,143.8887,143.1162,146.7959,145.5747,0.6619,0.5994,0.669,0.5973,0.5973,0.6418,0.5657,0.637,0.591,0.5657,0.6416,0.6469,0.643,0.6131,0.6131,0.5903,0.523,0.5643,0.5526,0.523,0,0,0,0,0,-0.0062,-0.0568,-0.0178,-0.0278,-0.0278,-0.0102,-0.0805,-0.0066,-0.0383,-0.0383,0.0115,0.0076,0.011,0.0023,-0.0569,-0.0961,-0.0619,-0.0398,0.0037,0.0011,-0.0097,-0.0321,-0.004,-0.0131,-0.0097,-0.0092,-0.0337,-0.017,-0.001,-0.0169,-0.0224,-0.0128,-0.0079,-0.0015,-0.0129,-0.0482,-0.0286,-0.0211,0.0031,0.0025,0.0063,-0.1331,0.0086,-0.0946,-0.0939,0.0052,-0.1392,-0.0105,-0.0828,-0.1006,0.0071,0.0131,0.0088,0.0239,-0.0237,-0.0354,0.0056,-0.0842,-0.0054,-0.09,-0.059,0.008,-0.0909,0.0091,-0.0535,-0.0622,-0.0053,0.0083,0.0075,0.0055,0.0055,-0.0016,-0.013,TRUE,TRUE
DTC_R_97,LanSi,1,CW_01,A,2026-03-27 16:02:55+08:00,ONLINE,FALSE,,CW_1_01,PASS,,,51.8884522,_2026032716025517201,T20260327160255,DESKTOP-P2DUL42,Loma,1,CW_1_01,1,paul di,2024.0718.155524,V20260126.2,CW_DTCL_DTCR_STC,T20260327160347,51.8884522,TRUE,TRUE,TRUE,TRUE,TRUE,TRUE,TRUE,4S2RND2HBL0DP6,v1.0.1,2025_12_22,315.1533,316.8102,474.7353,296.8897,295.5442,147.4218,149.6711,336.9732,335.4085,484.5,-5.3975,-2.981,-0.0001,0,-0.2237,1.555,-0.2207,1.5501,0.6652,156.3271,153.3242,153.4102,156.1074,154.7922,0.8747,0.8433,0.8812,0.823,0.823,0.8224,0.7604,0.8225,0.7797,0.7604,0.8274,0.8075,0.8199,0.8173,0.7579,0.74,0.7425,0.7459,0.74,0.8411,0.821,0.8095,0.4285,0.4285,0.8351,0.7997,0.7825,0.8057,0.8148,0.7996,0.7804,0.8451,0.7804,0,0,0,0,0,v1.0.1,2025_12_22,315.0791,316.8633,475.8478,296.7609,295.3219,146.411,148.3775,337.1987,335.5448,485.4138,-5.4658,-2.9705,-0.0001,0,-0.2239,1.5549,-0.2209,1.5494,0.6649,164.8115,159.9033,168.4707,167.2119,165.0994,0.6969,0.7049,0.7196,0.691,0.691,0.6742,0.6475,0.6662,0.6648,0.6475,0.659,0.6583,0.6566,0.6584,0.6324,0.64,0.6052,0.6168,0.6052,0.6776,0.6668,0.6612,0.4539,0.4539,0.6465,0.6655,0.6606,0.6714,0.6674,0.6616,0.6622,0.698,0.6465,0,0,0,0,0,v1.0.1,2025_12_22,317.4167,328.1759,441.7117,313.0631,302.872,195.496,188.8306,342.4355,331.9273,456.5,-2.9483,7.6341,0,0.0001,-0.2205,1.5611,-0.2099,1.5577,0.6721,177.7393,177.1426,177.3428,178.5781,177.7007,0.809,0.7277,0.8269,0.702,0.702,0.7714,0.6684,0.7722,0.6781,0.6684,0.7697,0.7696,0.7663,0.7463,0.7463,0.7419,0.6852,0.7207,0,0.6852,0,0,0,0,0,v1.0.1,2025_12_22,317.287,328.3241,442.5455,313.0727,302.8065,194.871,187.968,342.624,332,457.4182,-2.9786,7.762,0,0.0001,-0.2206,1.5622,-0.2096,1.5568,0.6722,148.5762,143.7012,145.1738,146.2822,145.9333,0.6781,0.622,0.6833,0.5997,0.5997,0.6458,0.5927,0.652,0.5783,0.5783,0.6346,0.6385,0.6344,0.6178,0.6178,0.5906,0.581,0.5748,0.5028,0.5028,0,0,0,0,0,0.0013,-0.0377,0.0024,-0.0459,-0.0459,0.0073,-0.0601,-0.0127,-0.0453,-0.0547,-0.0014,-0.0065,-0.0002,-0.0017,-0.0515,-0.0823,-0.061,-0.0668,-0.0028,0.0125,-0.0055,-0.0044,0.0052,-0.0334,-0.0114,-0.0134,-0.0319,-0.0027,-0.0224,-0.0214,0.0062,0.0168,-0.0077,0.0066,-0.0335,-0.0294,-0.0231,-0.0244,-0.0068,0.0046,-0.0094,-0.0958,0.0179,-0.1187,-0.107,0.0079,-0.1123,0.0002,-0.1106,-0.0951,-0.0053,0.0058,0.0148,0.0067,-0.004,-0.0188,0.0117,-0.0555,0.0159,-0.0862,-0.0667,0.0026,-0.0577,0.0134,-0.0671,-0.0603,-0.0067,-0.0047,0.0004,-0.0028,-0.0028,-0.0137,-0.0134,TRUE,TRUE
DTC_L_97,LanSi,1,CW_01,A,2026-03-27 16:02:55+08:00,ONLINE,FALSE,,CW_1_01,PASS,,,51.8974287,_2026032716025517202,T20260327160255,DESKTOP-P2DUL42,Loma,1,CW_1_01,2,paul di,2024.0718.155524,V20260126.2,CW_DTCL_DTCR_STC,T20260327160347,51.8974287,TRUE,TRUE,TRUE,TRUE,TRUE,TRUE,TRUE,4S2RND2HBL06DS,v1.0.1,2025_12_22,314.292,323,474.1679,302.5474,294.8867,151.9667,148.6078,342.6667,333.6449,489.1232,-6.3801,2.3608,-0.0001,0,-0.2267,1.5573,-0.2176,1.5543,0.6668,155.8145,151.7783,149.2852,155.2549,153.0332,0.8273,0.801,0.8448,0.7973,0.7973,0.7659,0.7675,0.7815,0.7632,0.7632,0.8209,0.816,0.8146,0.7617,0.7425,0.7367,0.7793,0.7026,0.7026,0.8136,0.98,0.8301,0.8223,0.8136,0.8426,0.7955,0.7909,0.8239,0.8375,0.8278,0.8114,0.7781,0.7781,0,0,0,0,0,v1.0.1,2025_12_22,314.292,323,475.3669,302.3813,294.8344,151,147.3733,342.8467,333.9209,490.1367,-6.3425,2.3729,-0.0001,0,-0.2268,1.5576,-0.2178,1.5534,0.6666,164.2002,159.6553,165.5254,165.2998,163.6702,0.6732,0.6783,0.6896,0.7015,0.6732,0.6554,0.6344,0.6348,0.6587,0.6344,0.6581,0.6528,0.6545,0.6455,0.6202,0.6244,0.6359,0.609,0.609,0.6556,0.484,0.6921,0.6829,0.484,0.6709,0.6608,0.6376,0.689,0.6632,0.6819,0.6635,0.6292,0.6292,0,0,0,0,0,v1.0.1,2025_12_22,313.0849,315.3302,438,301.0545,299.2397,184.2562,184.7833,329.85,327.2241,445.6466,-7.0336,-4.2725,-0.0001,0,-0.2133,1.565,-0.2122,1.5622,0.6754,175.6592,174.6592,171.8506,175.0186,174.2969,0.8008,0.6969,0.8041,0.688,0.688,0.7488,0.6721,0.7453,0.668,0.668,0.7817,0.7724,0.7729,0.7121,0.7121,0.7357,0,0.7411,0.7171,0.7171,0,0,0,0,0,v1.0.1,2025_12_22,313.0849,315.3302,438.8288,300.8108,299.0702,183.5789,184,329.8992,327.4068,446.5,-7.0219,-4.2762,-0.0001,0,-0.2144,1.5643,-0.2119,1.5615,0.6749,149.4766,144.0742,142.9824,147.0273,145.8901,0.6627,0.6022,0.6853,0.611,0.6022,0.6345,0.5772,0.6237,0.576,0.576,0.6363,0.6353,0.6388,0.6169,0.6169,0.5913,0.5514,0.5902,0.5846,0.5514,0,0,0,0,0,-0.0003,-0.0666,-0.0027,-0.026,-0.026,-0.0267,-0.0634,-0.0243,-0.0232,-0.0232,0.0023,0.0034,-0.0056,-0.0153,-0.0755,-0.0781,-0.0271,-0.0445,0.0093,0.0132,-0.0126,-0.0372,-0.0042,-0.0076,-0.0126,-0.0108,-0.0448,-0.0256,-0.0016,-0.0259,-0.011,-0.0029,-0.0137,0.0076,-0.0336,-0.0519,-0.0141,-0.0174,-0.0195,0.0164,0.015,-0.1281,-0.0007,-0.1009,-0.0978,0.0071,-0.1082,-0.0209,-0.09,-0.0737,0.0016,0.006,0.0165,0.0221,-0.0035,0.0056,0.0064,-0.0814,0.0109,-0.0763,-0.0541,0.0007,-0.0794,-0.0042,-0.0685,-0.0519,-0.0106,-0.0033,0.0033,0.0093,0.0093,-0.0006,0.0129,TRUE,TRUE
DTC_R_98,LanSi,1,CW_01,B,2026-03-27 16:04:30+08:00,ONLINE,FALSE,,CW_1_01,PASS,,,51.8573253,_2026032716043044101,T20260327160430,DESKTOP-P2DUL42,Loma,1,CW_1_01,1,paul di,2024.0718.155524,V20260126.2,CW_DTCL_DTCR_STC,T20260327160522,51.8573253,TRUE,TRUE,TRUE,TRUE,TRUE,TRUE,TRUE,4S2RND2HBL0DP6,v1.0.1,2025_12_22,315.0438,317.292,474.8345,297.6187,295.5436,147.9933,149.6513,337.6776,335.2676,485.2042,-5.4318,-2.3428,-0.0001,0,-0.222,1.5556,-0.2221,1.5504,0.6655,157.0723,154.4766,153.875,156.9463,155.5925,0.8626,0.8352,0.8753,0.8372,0.8352,0.8235,0.7846,0.8184,0.7838,0.7838,0.8255,0.8126,0.8186,0.8221,0.7508,0.7792,0.7429,0.7499,0.7429,0.8281,0.8164,0.7964,0.4735,0.4735,0.8449,0.7996,0.7895,0.8121,0.821,0.8251,0.805,0.8491,0.7895,0,0,0,0,0,v1.0.1,2025_12_22,315.0797,317.2609,475.8478,297.4275,295.3129,146.8571,148.4901,337.702,335.3706,486.2797,-5.4798,-2.3945,-0.0001,0,-0.2222,1.5548,-0.2216,1.5508,0.6654,165.0518,159.4795,168.0781,167.4863,165.0239,0.7056,0.6878,0.72,0.6959,0.6878,0.6859,0.6534,0.6663,0.6543,0.6534,0.661,0.6576,0.6527,0.665,0.638,0.6592,0.6076,0.6298,0.6076,0.6769,0.6698,0.66,0.3903,0.3903,0.6426,0.662,0.6644,0.6718,0.6491,0.6999,0.6486,0.6867,0.6426,0,0,0,0,0,v1.0.1,2025_12_22,317.3019,328.8679,441.7168,313.6814,302.9016,196.0902,188.8651,343.3016,331.8053,457.4159,-2.9819,8.3714,0,0.0001,-0.2209,1.5622,-0.2114,1.5579,0.672,177.5986,177.0439,176.8496,178.5469,177.5098,0.8103,0.7037,0.8277,0.7161,0.7037,0.7678,0.6693,0.7742,0.6688,0.6688,0.7758,0.7793,0.7528,0.7489,0.7489,0.7515,0.6971,0.7202,0,0.6971,0,0,0,0,0,v1.0.1,2025_12_22,317.2453,328.9057,442.5652,313.6,302.704,195.44,188,343.4127,331.9018,458.0536,-3.0167,8.3824,0,0.0001,-0.221,1.5618,-0.2113,1.5573,0.6717,148.5518,143.2686,145.0469,146.5176,145.8462,0.6771,0.5986,0.6805,0.6098,0.5986,0.6352,0.5841,0.6468,0.5713,0.5713,0.6337,0.6295,0.6348,0.6188,0.6188,0.6066,0.558,0.5658,0.5102,0.5102,0,0,0,0,0,-0.0108,-0.0458,-0.0035,-0.0317,-0.0337,0.0084,-0.0359,-0.0168,-0.0412,-0.0313,-0.0033,-0.0014,-0.0015,0.0031,-0.0586,-0.0431,-0.0606,-0.0628,-0.0158,-0.0006,0.0032,-0.0215,0.0056,-0.0285,-0.0146,-0.0017,-0.026,-0.0026,-0.0329,-0.0155,0.0082,0.0161,-0.0116,0.0132,-0.0279,-0.0102,-0.0207,-0.0114,-0.0075,0.0034,-0.0081,-0.1198,0.0187,-0.1046,-0.1053,0.0043,-0.1114,0.0022,-0.1199,-0.0947,0.0008,0.0155,0.0013,0.0093,0.0056,-0.0193,0.0107,-0.0789,0.0131,-0.0761,-0.0678,-0.008,-0.0663,0.0082,-0.0741,-0.0673,-0.0076,-0.0137,0.0008,-0.0018,-0.0018,0.0023,-0.0224,TRUE,TRUE
DTC_L_98,LanSi,1,CW_01,B,2026-03-27 16:04:30+08:00,ONLINE,FALSE,,CW_1_01,PASS,,,51.7934958,_2026032716043048702,T20260327160430,DESKTOP-P2DUL42,Loma,1,CW_1_01,2,paul di,2024.0718.155524,V20260126.2,CW_DTCL_DTCR_STC,T20260327160522,51.7934958,TRUE,TRUE,TRUE,TRUE,TRUE,TRUE,TRUE,4S2RND2HBL06DS,v1.0.1,2025_12_22,315.4511,322,475.6296,300.9556,296.3856,150.3399,150.1986,342,334.7778,488.1333,-5.0114,1.1858,-0.0001,0,-0.2301,1.5597,-0.2199,1.5545,0.666,155.709,151.3623,149.5781,154.5801,152.8074,0.8177,0.815,0.838,0.7944,0.7944,0.7437,0.7559,0.7872,0.7424,0.7424,0.8102,0.8144,0.7991,0.7643,0.7261,0.7365,0.7514,0.7076,0.7076,0.834,0.98,0.8206,0.7899,0.7899,0.824,0.7543,0.7208,0.8384,0.8279,0.7812,0.7713,0.7728,0.7208,0,0,0,0,0,v1.0.1,2025_12_22,315.3235,322.0368,476.7391,300.8913,296.1788,149.3311,149.0405,342.1284,334.9571,489.1071,-5.0522,1.1989,-0.0001,0,-0.2297,1.5599,-0.2197,1.5533,0.6659,163.2598,159.4678,165.6885,164.0352,163.1128,0.6819,0.6808,0.6988,0.704,0.6808,0.623,0.6378,0.6317,0.6461,0.623,0.6476,0.6591,0.6475,0.6382,0.6116,0.6332,0.6452,0.6054,0.6054,0.6739,0.4854,0.6838,0.6741,0.4854,0.6414,0.6272,0.5996,0.6799,0.6765,0.6672,0.6776,0.6373,0.5996,0,0,0,0,0,v1.0.1,2025_12_22,314.0849,314.3302,439.1416,299.708,300.536,182.872,186.065,329.065,328.1271,444.8305,-5.9091,-5.3389,-0.0001,-0.0001,-0.2159,1.5676,-0.2141,1.5631,0.6752,176.1943,174.8701,173.21,175.21,174.8711,0.7994,0.7179,0.803,0.6984,0.6984,0.7144,0.6626,0.7448,0.6439,0.6439,0.7578,0.7516,0.759,0.6988,0.6988,0.7277,0,0.7276,0.654,0.654,0,0,0,0,0,v1.0.1,2025_12_22,314.0374,314.3551,439.9633,299.5413,300.4553,181.9837,185.275,329.1,328.2735,445.5385,-5.8991,-5.3963,-0.0001,-0.0001,-0.2166,1.568,-0.2135,1.5622,0.675,148.4375,143.9639,143.1484,145.5859,145.2839,0.6671,0.6057,0.6758,0.6146,0.6057,0.5898,0.5636,0.62,0.5745,0.5636,0.6219,0.639,0.6361,0.6108,0.6108,0.5789,0.5269,0.6029,0.5482,0.5269,0,0,0,0,0,-0.0099,-0.0526,-0.0095,-0.0289,-0.0289,-0.0489,-0.075,-0.0186,-0.044,-0.044,-0.0084,0.0018,-0.0211,-0.0127,-0.0919,-0.0783,-0.055,-0.0395,0.0297,0.0037,-0.0039,-0.0347,0.005,-0.0051,-0.005,-0.0432,-0.0414,-0.0287,-0.0142,-0.0373,-0.0215,0.0034,-0.0207,0.0003,-0.0422,-0.0431,-0.0048,-0.021,-0.0012,0.0081,0.0136,-0.1071,-0.0018,-0.0905,-0.0874,-0.0273,-0.1177,-0.0214,-0.1141,-0.0978,-0.0223,-0.0148,0.0026,0.0088,-0.0115,-0.0079,0.0108,-0.0779,0.0014,-0.0727,-0.0506,-0.044,-0.093,-0.0079,-0.07,-0.0643,-0.025,0.0004,0.0006,0.0032,0.0032,-0.013,0.0256,TRUE,TRUE
DTC_L_99,LanSi,1,CW_01,C,2026-03-27 16:06:28+08:00,ONLINE,FALSE,,CW_1_01,PASS,,,51.6533083,_2026032716062885302,T20260327160628,DESKTOP-P2DUL42,Loma,1,CW_1_01,2,paul di,2024.0718.155524,V20260126.2,CW_DTCL_DTCR_STC,T20260327160720,51.6533083,TRUE,TRUE,TRUE,TRUE,TRUE,TRUE,TRUE,4S2RND2HBL06DS,v1.0.1,2025_12_22,314.4179,323.5,474.2647,303.1103,294.9267,153.2867,148.3907,343.245,333.6765,489.0368,-6.3647,2.9358,-0.0001,0,-0.2264,1.5563,-0.2179,1.5545,0.6666,154.6963,150.7041,148.5869,154.3115,152.0747,0.8185,0.777,0.8495,0.7877,0.777,0.772,0.7628,0.8005,0.7332,0.7332,0.8241,0.815,0.8102,0.7719,0.7654,0.7253,0.7379,0.704,0.704,0.8236,0.98,0.824,0.8275,0.8236,0.8469,0.7633,0.7576,0.837,0.8292,0.8255,0.7969,0.7819,0.7576,0,0,0,0,0,v1.0.1,2025_12_22,314.3972,323.4539,475.3704,303.0444,294.8067,152.3133,147.3087,343.4564,333.8561,490.0144,-6.3522,2.9565,-0.0001,0,-0.2256,1.5563,-0.2186,1.554,0.6665,163.3623,158.9277,165.1562,164.7129,163.0398,0.677,0.6839,0.7028,0.6886,0.677,0.6614,0.6303,0.6586,0.635,0.6303,0.6445,0.6519,0.6568,0.6352,0.6338,0.6322,0.6312,0.6188,0.6188,0.6774,0.4555,0.6678,0.6896,0.4555,0.6596,0.6369,0.6317,0.6825,0.6736,0.6896,0.6678,0.6271,0.6271,0,0,0,0,0,v1.0.1,2025_12_22,313.0849,315.6698,437.9633,301.4587,299.2066,185.4545,184.6311,330.3443,327.1638,445.7328,-7.09,-3.768,-0.0001,0,-0.2128,1.5641,-0.2132,1.5625,0.6751,175.2324,174.0908,172.1943,175.0615,174.1448,0.7833,0.6802,0.803,0.6798,0.6798,0.7437,0.6528,0.77,0.6513,0.6513,0.7735,0.7753,0.7637,0.6977,0.6977,0.7201,0,0.7354,0.7162,0.7162,0,0,0,0,0,v1.0.1,2025_12_22,313.1333,315.8095,438.7411,301.3929,299.0172,184.7759,183.7203,330.4322,327.4068,446.5,-7.0962,-3.7179,-0.0001,0,-0.2138,1.563,-0.212,1.5615,0.6747,148.5781,143.5371,142.9688,146.6465,145.4326,0.658,0.5889,0.6742,0.609,0.5889,0.6321,0.5645,0.6319,0.5733,0.5645,0.6335,0.6301,0.6391,0.6152,0.6152,0.5857,0.5382,0.5789,0.5612,0.5382,0,0,0,0,0,-0.0091,-0.0906,0.002,-0.0356,-0.0463,-0.0206,-0.0681,-0.0053,-0.0532,-0.0532,0.0055,0.0024,-0.01,-0.0051,-0.0526,-0.0895,-0.0685,-0.0431,0.0193,0.0071,-0.0088,-0.0316,0.009,-0.0205,-0.0088,-0.0048,-0.0489,-0.0018,-0.0253,-0.03,-0.0246,-0.0038,-0.0114,-0.0027,-0.02,-0.0441,-0.0188,-0.0076,0.0023,-0.0079,-0.0025,-0.1448,-0.0018,-0.1091,-0.106,0.002,-0.1275,0.0038,-0.1067,-0.0904,-0.0066,0.0089,0.0073,0.0077,-0.0191,-0.0001,0.0017,-0.0947,-0.0002,-0.0783,-0.0674,-0.0017,-0.0921,0.004,-0.0712,-0.0634,-0.0134,-0.0085,0.0036,0.0076,0.0076,-0.0062,0.0016,TRUE,TRUE
DTC_R_99,LanSi,1,CW_01,C,2026-03-27 16:06:29+08:00,ONLINE,FALSE,,CW_1_01,PASS,,,51.4428705,_2026032716062905201,T20260327160629,DESKTOP-P2DUL42,Loma,1,CW_1_01,1,paul di,2024.0718.155524,V20260126.2,CW_DTCL_DTCR_STC,T20260327160720,51.4428705,TRUE,TRUE,TRUE,TRUE,TRUE,TRUE,TRUE,4S2RND2HBL0DP6,v1.0.1,2025_12_22,315,315.9137,474.5,295.8333,295.3034,146.4552,149.4768,335.9603,335.2378,483.3916,-5.5964,-3.9892,-0.0001,0,-0.2247,1.5546,-0.22,1.55,0.665,157.6465,155.2891,154.9404,157.1484,156.2561,0.8726,0.8467,0.8765,0.8673,0.8467,0.8056,0.7584,0.8182,0.7898,0.7584,0.8214,0.8052,0.8112,0.8214,0.7525,0.7578,0.7384,0.7107,0.7107,0.826,0.8193,0.8112,0.3162,0.3162,0.8434,0.7871,0.7611,0.8248,0.8024,0.7894,0.8274,0.8451,0.7611,0,0,0,0,0,v1.0.1,2025_12_22,315,315.9137,475.6594,295.6594,295.1419,145.4392,148.2617,336.1275,335.2828,484.3862,-5.6308,-3.9948,-0.0001,0,-0.2249,1.5543,-0.2201,1.5505,0.6649,164.415,158.0723,167.2227,167.209,164.2297,0.7058,0.6936,0.7114,0.7137,0.6936,0.6624,0.6535,0.6698,0.6535,0.6535,0.6505,0.6493,0.663,0.6663,0.6433,0.6421,0.6013,0.6171,0.6013,0.6778,0.6564,0.6474,0.3824,0.3824,0.6397,0.6522,0.6495,0.6645,0.666,0.6606,0.6654,0.6765,0.6397,0,0,0,0,0,v1.0.1,2025_12_22,317.2407,327.4444,441.5439,312.2544,302.76,194.856,188.6033,341.6116,331.8108,455.6036,-3.1083,6.854,0,0.0001,-0.2211,1.5615,-0.2092,1.5571,0.6721,177.7031,177.3965,177.7061,178.3711,177.7942,0.8119,0.7216,0.8229,0.7512,0.7216,0.7661,0.6577,0.7856,0.6764,0.6577,0.7801,0.7709,0.7666,0.753,0.753,0.7167,0.685,0.7133,0,0.685,0,0,0,0,0,v1.0.1,2025_12_22,317.1226,327.566,442.3661,312.2232,302.5625,193.9766,187.7623,341.7213,331.9273,456.5,-3.1518,6.8974,0,0.0001,-0.2214,1.5617,-0.2085,1.556,0.672,148.3447,142.5156,144.2422,146.4668,145.3923,0.6611,0.6219,0.6723,0.6323,0.6219,0.6264,0.5654,0.6532,0.5879,0.5654,0.6328,0.6493,0.6424,0.6314,0.6314,0.5855,0.5541,0.5608,0.4797,0.4797,0,0,0,0,0,-0.0008,-0.0343,-0.0023,-0.0016,-0.0222,-0.0095,-0.0621,-0.017,-0.0352,-0.0567,-0.0074,-0.0088,-0.0089,0.0024,-0.0569,-0.0645,-0.0651,-0.102,-0.0179,0.0142,0.0034,-0.0157,-0.003,-0.0107,-0.0088,-0.0252,-0.0259,0.0009,-0.0337,-0.0154,-0.0023,0.0078,-0.0013,0.0145,-0.0226,-0.0273,-0.027,-0.0241,-0.0066,-0.0092,-0.0065,-0.1019,0.0139,-0.0695,-0.0874,0.0026,-0.123,0.0136,-0.1123,-0.1058,0.0051,0.0071,0.0151,0.0134,-0.0292,-0.0262,-0.0053,-0.0556,0.0049,-0.0536,-0.0445,-0.0168,-0.085,0.0146,-0.0575,-0.0732,-0.0085,0.0061,0.0084,0.0108,0.0108,-0.0188,-0.0274,TRUE,TRUE
DTC_R_100,LanSi,1,CW_01,A,2026-03-27 16:08:11+08:00,ONLINE,FALSE,,CW_1_01,PASS,,,51.8987547,_2026032716081190801,T20260327160811,DESKTOP-P2DUL42,Loma,1,CW_1_01,1,paul di,2024.0718.155524,V20260126.2,CW_DTCL_DTCR_STC,T20260327160903,51.8987547,TRUE,TRUE,TRUE,TRUE,TRUE,TRUE,TRUE,4S2RND2HBL0DP6,v1.0.1,2025_12_22,315.1333,316.8741,474.6296,296.9556,295.5608,147.4662,149.6225,337.1987,335.3521,484.4296,-5.4403,-2.9152,-0.0001,0,-0.2237,1.5553,-0.2217,1.5502,0.665,155.3564,152.8271,152.4258,155.4482,154.0144,0.8668,0.8349,0.8697,0.8365,0.8349,0.831,0.7736,0.8228,0.7798,0.7736,0.8164,0.8154,0.809,0.8198,0.7713,0.7408,0.7284,0.7194,0.7194,0.8378,0.8124,0.7975,0.0955,0.0955,0.8486,0.7981,0.7786,0.8073,0.8032,0.8228,0.774,0.8443,0.774,0,0,0,0,0,v1.0.1,2025_12_22,315.0429,316.8929,475.8043,296.8333,295.396,146.5436,148.4575,337.3268,335.5,485.5,-5.4599,-2.8807,-0.0001,0,-0.2236,1.5555,-0.2215,1.5495,0.665,163.7578,158.9033,167.7539,166.5332,164.2371,0.7029,0.7003,0.7122,0.6965,0.6965,0.6829,0.6468,0.6688,0.6521,0.6468,0.6457,0.6599,0.6606,0.6558,0.6367,0.6446,0.5959,0.6133,0.5959,0.6912,0.6573,0.6623,0.3891,0.3891,0.6534,0.6685,0.6587,0.6607,0.6503,0.6489,0.6545,0.6897,0.6489,0,0,0,0,0,v1.0.1,2025_12_22,317.3028,328.3761,441.5841,313.2212,302.9032,195.7258,188.8279,342.6557,331.8571,456.5804,-3.005,7.8119,0,0.0001,-0.2208,1.5622,-0.2102,1.5572,0.6721,176.9424,176.6074,176.334,177.9648,176.9622,0.8075,0.7175,0.8281,0.7069,0.7069,0.7662,0.6659,0.7857,0.6818,0.6659,0.7759,0.7675,0.7656,0.7544,0.7544,0.7586,0.688,0.724,0,0.688,0,0,0,0,0,v1.0.1,2025_12_22,317.3578,328.4679,442.4286,313.1875,302.7177,194.9032,187.8607,342.7131,331.9273,457.5,-3.0416,7.8543,0,0.0001,-0.2211,1.5611,-0.209,1.5578,0.6722,147.8018,143.0869,144.5332,145.8965,145.3296,0.6662,0.6048,0.6827,0.6066,0.6048,0.6393,0.572,0.6481,0.5872,0.572,0.6309,0.6379,0.6421,0.6303,0.6303,0.6053,0.5618,0.5848,0.4479,0.4479,0,0,0,0,0,-0.0066,-0.0461,-0.0091,-0.0324,-0.034,0.0159,-0.0469,-0.0124,-0.0452,-0.0415,-0.0124,0.0014,-0.0111,0.0008,-0.0381,-0.0815,-0.0751,-0.0933,-0.0061,0.0005,0.0005,-0.009,-0.0022,-0.0279,-0.0059,-0.0047,-0.0326,-0.0001,-0.0351,-0.0221,-0.0071,0.0184,-0.0037,0.004,-0.0292,-0.0248,-0.0324,-0.0279,0.0068,0.0057,-0.0109,-0.106,0.0191,-0.1138,-0.1021,0.0027,-0.1148,0.0137,-0.1069,-0.0976,0.0009,0.0037,0.0141,0.0148,0.0127,-0.0155,-0.0002,-0.0727,0.0153,-0.0793,-0.0616,-0.0039,-0.0784,0.0095,-0.0582,-0.0666,-0.0104,-0.0053,0.0081,0.0097,0.0097,0.001,-0.0034,TRUE,TRUE
DTC_L_100,LanSi,1,CW_01,A,2026-03-27 16:08:12+08:00,ONLINE,FALSE,,CW_1_01,PASS,,,51.697294,_2026032716081211402,T20260327160812,DESKTOP-P2DUL42,Loma,1,CW_1_01,2,paul di,2024.0718.155524,V20260126.2,CW_DTCL_DTCR_STC,T20260327160903,51.697294,TRUE,TRUE,TRUE,TRUE,TRUE,TRUE,TRUE,4S2RND2HBL06DS,v1.0.1,2025_12_22,315.2132,322.4412,475.3609,301.8195,296.1333,151.8733,150.0268,342.4631,334.6963,488.0815,-5.2139,1.8357,-0.0001,0,-0.2275,1.5589,-0.2201,1.5532,0.6661,156.5469,152.584,150.5723,155.917,153.905,0.8193,0.798,0.8431,0.7873,0.7873,0.7866,0.777,0.8079,0.7548,0.7548,0.821,0.811,0.8171,0.765,0.7383,0.7372,0.7507,0.7125,0.7125,0.8225,0.788,0.8175,0.7707,0.7707,0.8476,0.788,0.7572,0.833,0.8192,0.7632,0.783,0.7681,0.7572,0,0,0,0,0,v1.0.1,2025_12_22,315.227,322.5461,476.4071,301.5929,296.047,150.9329,148.8993,342.5906,334.8613,489.1168,-5.2117,1.8558,-0.0001,0,-0.2288,1.559,-0.2194,1.5529,0.6659,164.4424,160.1494,166.2432,165.5752,164.1025,0.6864,0.683,0.6936,0.6882,0.683,0.6625,0.6313,0.6664,0.6516,0.6313,0.6479,0.656,0.6614,0.6439,0.6208,0.6296,0.6443,0.6155,0.6155,0.6782,0.6613,0.686,0.6567,0.6567,0.6548,0.6487,0.6144,0.6701,0.6667,0.6583,0.6691,0.6154,0.6144,0,0,0,0,0,v1.0.1,2025_12_22,314.0481,314.75,438.9817,300.367,300.3884,184.0909,186.0902,329.541,328.0776,444.9741,-5.9828,-4.7554,-0.0001,0,-0.2141,1.5661,-0.2146,1.563,0.6751,176.1758,175.1445,173.4297,175.6543,175.1011,0.794,0.7004,0.8058,0.6973,0.6973,0.7417,0.6661,0.7616,0.6663,0.6661,0.763,0.7695,0.7678,0.6941,0.6941,0.7354,0,0.7356,0.6492,0.6492,0,0,0,0,0,v1.0.1,2025_12_22,314.0566,314.7642,439.7699,300.2301,300.2917,183.35,185.1382,329.6179,328.1864,445.7712,-6.0114,-4.7533,-0.0001,0,-0.2146,1.5659,-0.2142,1.5628,0.675,149.6064,144.9775,144.0967,147.3203,146.5002,0.6601,0.5936,0.6643,0.6166,0.5936,0.6248,0.5743,0.6284,0.5719,0.5719,0.6454,0.6399,0.64,0.6083,0.6083,0.5929,0.5119,0.5893,0.5349,0.5119,0,0,0,0,0,-0.0083,-0.0696,-0.0044,-0.036,-0.036,-0.006,-0.0539,0.0021,-0.0316,-0.0316,0.0024,-0.0016,-0.0031,-0.012,-0.0797,-0.0776,-0.0557,-0.0346,0.0182,0.0006,0.0006,-0.0325,-0.0002,-0.0209,-0.0028,-0.0037,-0.0479,0.006,-0.0087,-0.029,-0.0212,0.0003,-0.0068,0.006,-0.033,-0.0467,-0.0057,-0.0109,0.0031,0.0103,0.0082,-0.1246,0.001,-0.0916,-0.0885,0,-0.1142,-0.0046,-0.0917,-0.0756,-0.0171,0.0031,0.0114,0.0041,-0.0038,0.0001,0.0038,-0.09,-0.0101,-0.0707,-0.0627,-0.009,-0.0823,0.0005,-0.0726,-0.056,-0.0015,0.0013,0.0045,0.0007,0.0007,0.001,0.012,TRUE,TRUE
DTC_R_101,LanSi,1,CW_01,B,2026-03-27 16:10:19+08:00,ONLINE,FALSE,,CW_1_01,PASS,,,51.5948588,_2026032716101979801,T20260327161019,DESKTOP-P2DUL42,Loma,1,CW_1_01,1,paul di,2024.0718.155524,V20260126.2,CW_DTCL_DTCR_STC,T20260327161111,51.5948588,TRUE,TRUE,TRUE,TRUE,TRUE,TRUE,TRUE,4S2RND2HBL0DP6,v1.0.1,2025_12_22,315.0963,317.5481,474.8467,297.8102,295.5068,148.2397,149.7432,337.9189,335.3239,485.5352,-5.3966,-2.0896,-0.0001,0,-0.2224,1.5551,-0.2221,1.5504,0.6653,156.4189,154.9473,154.2891,156.4912,155.5366,0.8655,0.8293,0.8628,0.8245,0.8245,0.8217,0.7602,0.8175,0.7772,0.7602,0.8301,0.8036,0.8203,0.8095,0.7579,0.771,0.7475,0.7457,0.7457,0.8337,0.8223,0.8092,0.4204,0.4204,0.8507,0.7944,0.7889,0.8266,0.8081,0.8088,0.813,0.8369,0.7889,0,0,0,0,0,v1.0.1,2025_12_22,315.1079,317.554,475.8478,297.7609,295.277,147.1824,148.5,338.1688,335.5,486.5,-5.4534,-2.0668,-0.0001,0,-0.222,1.5544,-0.2226,1.5502,0.665,165.0234,159.5469,168.4414,168.0879,165.2749,0.7052,0.6975,0.7015,0.6887,0.6887,0.6809,0.6355,0.6756,0.6578,0.6355,0.6593,0.6637,0.6505,0.6528,0.6436,0.6486,0.5969,0.6357,0.5969,0.6839,0.6729,0.6737,0.5317,0.5317,0.654,0.6685,0.6597,0.6715,0.6482,0.6817,0.6724,0.6795,0.6482,0,0,0,0,0,v1.0.1,2025_12_22,317.2952,329.0571,441.8165,313.9358,302.8833,196.375,188.976,343.456,331.8571,457.5804,-2.9344,8.5809,0,0.0001,-0.2203,1.5621,-0.2112,1.5575,0.672,176.9199,177.6777,177.4766,178.1025,177.5442,0.8161,0.7009,0.8218,0.7009,0.7009,0.7798,0.6542,0.7715,0.6634,0.6542,0.7827,0.7679,0.7604,0.7428,0.7428,0.7477,0.6896,0.7317,0,0.6896,0,0,0,0,0,v1.0.1,2025_12_22,317.2885,329,442.6422,313.8532,302.6667,195.7886,188,343.5,331.9273,458.5,-2.9951,8.6284,0,0.0001,-0.2197,1.561,-0.2112,1.5577,0.6719,149.0879,143.748,145.1934,147.123,146.2881,0.6722,0.5978,0.6913,0.6173,0.5978,0.6532,0.573,0.6531,0.5641,0.5641,0.635,0.6368,0.6434,0.6339,0.6339,0.5887,0.5633,0.5838,0.5012,0.5012,0,0,0,0,0,-0.0079,-0.0517,-0.016,-0.0444,-0.0444,0.0066,-0.0603,-0.0177,-0.0478,-0.0549,0.0013,-0.0104,0.0002,-0.0095,-0.0515,-0.0513,-0.056,-0.067,-0.0102,0.0122,0.0028,-0.0118,-0.0129,-0.0357,-0.0137,-0.0067,-0.0439,0.0067,-0.0294,-0.0334,0.0065,0.0222,-0.0138,0.001,-0.0223,-0.0208,-0.0314,-0.0055,-0.0005,0.0171,-0.0023,-0.1226,0.0128,-0.1198,-0.1081,0.0163,-0.1265,-0.0005,-0.1253,-0.1093,0.0077,0.0041,0.0089,0.0032,0.0018,-0.0078,0.0058,-0.0797,0.0239,-0.0686,-0.0686,0.01,-0.0774,0.0145,-0.0813,-0.0745,-0.0063,-0.0064,0.0094,0.0133,0.0133,-0.0156,-0.0044,TRUE,TRUE
DTC_L_101,LanSi,1,CW_01,B,2026-03-27 16:10:19+08:00,ONLINE,FALSE,,CW_1_01,PASS,,,51.6377442,_2026032716101975402,T20260327161019,DESKTOP-P2DUL42,Loma,1,CW_1_01,2,paul di,2024.0718.155524,V20260126.2,CW_DTCL_DTCR_STC,T20260327161111,51.6377442,TRUE,TRUE,TRUE,TRUE,TRUE,TRUE,TRUE,4S2RND2HBL06DS,v1.0.1,2025_12_22,314.1871,323.4604,474.3235,303.0368,295,152.4145,148.5,343.4133,333.5929,490.4071,-6.3793,3.0464,-0.0001,0,-0.2263,1.5586,-0.2193,1.5546,0.6669,155.1709,150.9219,149.2148,154.2979,152.4014,0.8227,0.7948,0.842,0.7979,0.7948,0.7699,0.7533,0.7993,0.7569,0.7533,0.8033,0.8021,0.8247,0.7718,0.7569,0.7181,0.7785,0.7011,0.7011,0.818,0.7695,0.8063,0.8321,0.7695,0.8529,0.7719,0.7503,0.8371,0.832,0.8388,0.7984,0.7603,0.7503,0,0,0,0,0,v1.0.1,2025_12_22,314.227,323.4539,475.3897,302.9632,294.9408,151.4342,147.4733,343.56,333.7042,491.3732,-6.353,3.0569,-0.0001,0,-0.2259,1.5586,-0.2195,1.5548,0.667,163.1943,158.9053,165.3721,164.2646,162.9341,0.6745,0.6826,0.6874,0.7022,0.6745,0.6577,0.6429,0.6508,0.6535,0.6429,0.6404,0.6525,0.6454,0.6247,0.6318,0.6439,0.6438,0.6082,0.6082,0.6786,0.6704,0.6779,0.6885,0.6704,0.6607,0.6397,0.6295,0.6752,0.6918,0.7068,0.6694,0.6333,0.6295,0,0,0,0,0,v1.0.1,2025_12_22,313,315.6038,437.8739,301.4955,299.1271,184.8305,184.5,330.5,327.1034,446.3276,-7.1791,-3.7485,-0.0001,0,-0.212,1.5646,-0.2149,1.5628,0.6751,175.4863,174.6035,172.8281,175.1201,174.5095,0.7888,0.6865,0.8074,0.688,0.6865,0.7485,0.6549,0.7567,0.6745,0.6549,0.7808,0.77,0.7854,0.7201,0.7201,0.7301,0,0.7389,0.7434,0.7301,0,0,0,0,0,v1.0.1,2025_12_22,313,315.6038,438.7544,301.2807,299,184,183.65,330.5,327.0769,447.1709,-7.2037,-3.7889,-0.0001,0,-0.2129,1.5643,-0.2141,1.5637,0.6752,148.3633,143.543,142.876,146.1807,145.2407,0.665,0.5901,0.6667,0.6048,0.5901,0.6271,0.5639,0.6224,0.592,0.5639,0.619,0.6229,0.6479,0.617,0.617,0.592,0.5183,0.5833,0.5861,0.5183,0,0,0,0,0,-0.0049,-0.0728,-0.0055,-0.0254,-0.0285,-0.0227,-0.0776,-0.0065,-0.0295,-0.0331,-0.0153,-0.0105,0.0045,-0.0052,-0.0611,-0.0967,-0.0279,-0.046,0.0137,-0.0106,-0.0113,-0.0329,-0.0064,-0.0069,-0.0113,-0.0085,-0.0363,-0.0096,-0.0068,-0.0174,-0.0287,-0.0032,-0.0228,-0.0132,-0.022,-0.0324,-0.0062,-0.0182,0.0035,0.0022,0.003,-0.1385,0.0026,-0.1009,-0.0993,0.0068,-0.1254,-0.0095,-0.0835,-0.0868,0.0007,0.0036,0.029,0.0301,-0.0091,0.0034,0.0087,-0.0935,-0.0077,-0.0825,-0.0662,-0.0067,-0.0927,-0.0055,-0.0525,-0.064,-0.0279,-0.0157,0.0124,0.0094,0.0094,0.0001,0.006,TRUE,TRUE
DTC_R_102,LanSi,1,CW_01,C,2026-03-27 16:12:05+08:00,ONLINE,FALSE,,CW_1_01,PASS,,,51.8639338,_2026032716120554401,T20260327161205,DESKTOP-P2DUL42,Loma,1,CW_1_01,1,paul di,2024.0718.155524,V20260126.2,CW_DTCL_DTCR_STC,T20260327161257,51.8639338,TRUE,TRUE,TRUE,TRUE,TRUE,TRUE,TRUE,4S2RND2HBL0DP6,v1.0.1,2025_12_22,315.2993,317.365,475.5,298,295.8889,149.1389,149.72,337.42,336.0204,485.6803,-5.0143,-1.9792,-0.0001,0,-0.2198,1.5554,-0.22,1.5478,0.6658,156.5537,153.8799,153.9102,155.9277,155.0679,0.8552,0.7959,0.8662,0.7985,0.7959,0.8196,0.7597,0.825,0.7843,0.7597,0.831,0.8045,0.8073,0.825,0.729,0.7308,0.7901,0.7819,0.729,0.8315,0.7613,0.8001,0.98,0.7613,0.8395,0.6827,0.7682,0.8109,0.7718,0.728,0.842,0.8505,0.6827,0,0,0,0,0,v1.0.1,2025_12_22,315.2941,317.3162,476.5956,297.9191,295.6923,148.021,148.5,337.5,336.1351,486.6892,-5.0566,-2.0109,-0.0001,0,-0.2192,1.555,-0.2199,1.5478,0.6659,165.2529,159.4619,168.4385,167.6348,165.197,0.7011,0.6646,0.7093,0.6838,0.6646,0.6768,0.6466,0.6741,0.6522,0.6466,0.6525,0.66,0.6631,0.659,0.6307,0.6376,0.6325,0.6409,0.6307,0.6716,0.6225,0.6542,0.3532,0.3532,0.6516,0.5999,0.6396,0.6734,0.6581,0.6185,0.6403,0.6728,0.5999,0,0,0,0,0,v1.0.1,2025_12_22,317.729,328.785,442.3125,313.9286,303.0492,197,188.9504,342.9339,332.2783,457.2,-2.6361,8.4695,0,0.0001,-0.2182,1.5593,-0.2089,1.5575,0.6724,177.1025,176.7861,177.0918,177.4385,177.1047,0.8132,0.6471,0.8098,0.6531,0.6471,0.7676,0.6277,0.7912,0.6766,0.6277,0.7765,0.7683,0.7551,0.7569,0.7551,0.7673,0.6014,0.7341,0,0.6014,0,0,0,0,0,v1.0.1,2025_12_22,317.7115,329,443.1416,313.8496,303.0168,196.0924,188.0917,343.2,332.2881,458.0932,-2.6501,8.547,0,0.0001,-0.2197,1.5602,-0.2086,1.5578,0.6724,149.3135,143.7705,145.7734,146.6865,146.386,0.6692,0.571,0.6676,0.567,0.567,0.6482,0.559,0.6514,0.5725,0.559,0.6385,0.6424,0.6258,0.646,0.6258,0.5974,0.5164,0.5871,0.4493,0.4493,0,0,0,0,0,-0.0182,-0.0851,-0.0126,-0.0704,-0.073,0.0045,-0.0608,-0.0102,-0.0407,-0.0554,0.0022,-0.0095,-0.0128,0.006,-0.0804,-0.0915,-0.0134,-0.0308,-0.0124,0.0031,-0.0013,-0.0447,-0.0051,-0.0406,-0.0378,-0.0108,-0.0328,0.0052,-0.035,-0.0223,-0.0003,0.0185,-0.0012,0.0072,-0.0352,-0.0318,0.0042,-0.0003,-0.0128,-0.0024,-0.0052,-0.1764,0.0008,-0.1676,-0.1619,0.0041,-0.153,0.0192,-0.1121,-0.1358,0.0015,0.0045,0.0036,0.0173,0.0214,-0.0054,0.0028,-0.1065,0.0002,-0.1189,-0.0994,0.005,-0.0914,0.0128,-0.0729,-0.0796,-0.0028,-0.0008,-0.0082,0.0254,0.0052,-0.0069,-0.0011,TRUE,TRUE
DTC_L_102,LanSi,1,CW_01,C,2026-03-27 16:12:05+08:00,ONLINE,FALSE,,CW_1_01,PASS,,,51.7253041,_2026032716120567602,T20260327161205,DESKTOP-P2DUL42,Loma,1,CW_1_01,2,paul di,2024.0718.155524,V20260126.2,CW_DTCL_DTCR_STC,T20260327161257,51.7253041,TRUE,TRUE,TRUE,TRUE,TRUE,TRUE,TRUE,4S2RND2HBL06DS,v1.0.1,2025_12_22,314.2593,322.2815,474.2612,301.9701,294.8684,151.7895,148.7315,342.1074,333.5333,488.963,-6.3692,1.9223,-0.0001,0,-0.2258,1.557,-0.2187,1.5552,0.6669,154.875,150.9648,148.9873,154.9883,152.4539,0.8215,0.7805,0.8405,0.7882,0.7805,0.7711,0.7466,0.7897,0.752,0.7466,0.7801,0.8098,0.8266,0.7698,0.7641,0.7295,0.7791,0.7223,0.7223,0.7861,0.8711,0.8268,0.8318,0.7861,0.8485,0.733,0.7408,0.8326,0.8511,0.8372,0.8186,0.782,0.733,0,0,0,0,0,v1.0.1,2025_12_22,314.2806,322.3957,475.2222,301.8667,294.8013,150.7881,147.5533,342.3533,333.7153,489.9343,-6.3854,1.9676,-0.0001,0,-0.2264,1.5573,-0.2186,1.5548,0.6668,162.8418,158.8594,164.9385,164.333,162.7432,0.6874,0.6586,0.6863,0.6959,0.6586,0.6601,0.615,0.6451,0.6603,0.615,0.6345,0.6504,0.6739,0.6215,0.6299,0.6302,0.642,0.6172,0.6172,0.6612,0.4496,0.669,0.6897,0.4496,0.6541,0.6201,0.6045,0.6898,0.6694,0.6924,0.6733,0.6345,0.6045,0,0,0,0,0,v1.0.1,2025_12_22,313.0577,314.6827,437.8304,300.5357,299.0339,184.1441,184.8279,329.3443,327,445.1026,-7.15,-4.7381,-0.0001,0,-0.2124,1.5633,-0.2133,1.5638,0.6753,175.5635,174.8506,172.7734,175.54,174.6819,0.7801,0.6587,0.8039,0.6993,0.6587,0.7501,0.6441,0.7544,0.6786,0.6441,0.7594,0.7617,0.7554,0.7021,0.7021,0.7123,0,0.7235,0.7258,0.7123,0,0,0,0,0,v1.0.1,2025_12_22,313,314.6038,438.6667,300.4386,298.9565,183.4696,183.9758,329.4435,327.0431,445.8707,-7.1716,-4.7348,-0.0001,0,-0.2117,1.5636,-0.214,1.5637,0.6754,148.1338,143.4951,142.7832,146.1465,145.1396,0.6618,0.5669,0.6734,0.6113,0.5669,0.6211,0.5546,0.6271,0.6003,0.5546,0.6104,0.6338,0.6357,0.6137,0.6104,0.5641,0.5279,0.5783,0.5814,0.5279,0,0,0,0,0,-0.0061,-0.0871,-0.007,-0.0351,-0.0428,-0.0215,-0.0843,-0.0161,-0.0344,-0.0398,-0.0385,-0.0028,0.0064,-0.0072,-0.0539,-0.0853,-0.0273,-0.0248,-0.0182,0.0099,0.0016,-0.0569,-0.0075,-0.0132,-0.0272,-0.0061,-0.0642,-0.0153,0,-0.0453,-0.0346,-0.0053,0.0057,-0.0164,-0.0239,-0.0461,-0.008,-0.0092,-0.0139,-0.0067,-0.0057,-0.1663,-0.0009,-0.0896,-0.1271,0.0084,-0.1362,-0.0118,-0.0794,-0.0976,-0.0207,-0.0047,-0.001,0.0121,-0.0269,-0.012,0.0055,-0.1167,-0.001,-0.076,-0.0894,-0.0127,-0.102,-0.0008,-0.0442,-0.0733,-0.0365,-0.0048,0.0002,0.0061,0.0028,-0.0278,0.001,TRUE,TRUE
DTC_L_103,LanSi,1,CW_01,A,2026-03-27 16:13:54+08:00,ONLINE,FALSE,,CW_1_01,PASS,,,51.4469358,_2026032716135447202,T20260327161354,DESKTOP-P2DUL42,Loma,1,CW_1_01,2,paul di,2024.0718.155524,V20260126.2,CW_DTCL_DTCR_STC,T20260327161445,51.4469358,TRUE,TRUE,TRUE,TRUE,TRUE,TRUE,TRUE,4S2RND2HBL06DS,v1.0.1,2025_12_22,314.1377,323.4203,474.2612,302.8955,294.8993,151.6711,148.5,343.5867,333.4539,490.5035,-6.4496,2.9154,-0.0001,0,-0.227,1.5587,-0.2206,1.5552,0.6666,155.4248,151.1523,149.0244,154.6055,152.5518,0.8268,0.7966,0.8452,0.7879,0.7879,0.7817,0.7756,0.8107,0.7606,0.7606,0.8222,0.82,0.825,0.7746,0.7595,0.7369,0.7564,0.7356,0.7356,0.8178,0.0629,0.824,0.8348,0.0629,0.8423,0.7638,0.7438,0.8557,0.8482,0.8265,0.7979,0.7811,0.7438,0,0,0,0,0,v1.0.1,2025_12_22,314.2,323.4143,475.3382,302.8824,294.8067,150.7133,147.4276,343.6382,333.7203,491.5245,-6.4014,2.9345,-0.0001,0,-0.2262,1.5585,-0.2202,1.5547,0.6667,163.3145,159.0342,165.5303,164.418,163.0742,0.6816,0.6861,0.694,0.7023,0.6816,0.6588,0.6487,0.6539,0.6549,0.6487,0.648,0.6445,0.6455,0.6351,0.6291,0.6379,0.6338,0.6137,0.6137,0.687,0.5002,0.681,0.6864,0.5002,0.6555,0.6546,0.6309,0.663,0.6476,0.6791,0.6711,0.6247,0.6247,0,0,0,0,0,v1.0.1,2025_12_22,313.0476,315.6286,437.9817,301.367,299.2397,184.2562,184.6281,330.4545,327.1053,446.6754,-7.0995,-3.8237,-0.0001,0,-0.2131,1.5656,-0.2144,1.5634,0.6754,176.0488,174.8955,172.9971,175.6426,174.896,0.7947,0.7004,0.8188,0.7063,0.7004,0.7338,0.6809,0.7587,0.6768,0.6768,0.7778,0.7757,0.7713,0.7109,0.7109,0.7178,0,0.7373,0.7295,0.7178,0,0,0,0,0,v1.0.1,2025_12_22,313.0187,315.5514,438.7699,301.2301,299.0684,183.5726,183.7934,330.5455,327.2735,447.4615,-7.1152,-3.8278,-0.0001,0,-0.2129,1.565,-0.215,1.5626,0.6749,148.3789,143.6455,143.1982,146.0625,145.3213,0.6571,0.6006,0.6823,0.5972,0.5972,0.6363,0.5623,0.6317,0.5803,0.5623,0.6291,0.6288,0.6291,0.6187,0.6187,0.5879,0.5126,0.5825,0.5782,0.5126,0,0,0,0,0,-0.0008,-0.071,-0.0023,-0.0354,-0.0354,-0.0109,-0.0553,0.0049,-0.0258,-0.0258,0.0036,0.0074,0.0048,-0.0024,-0.0585,-0.0779,-0.05,-0.0115,0.0135,0.0071,-0.0042,-0.0294,0.0002,-0.0068,-0.0042,-0.0074,-0.0305,-0.0065,-0.0054,-0.0116,-0.0211,-0.0112,-0.0227,-0.0028,-0.0247,-0.0384,-0.0162,-0.0127,0.0119,0.0053,0.0089,-0.1246,0.014,-0.0826,-0.0854,-0.0079,-0.0994,-0.0075,-0.0812,-0.0649,-0.0023,0.0093,0.0149,0.0209,-0.0214,0.0018,0.0008,-0.083,0.0079,-0.0901,-0.0591,0.0025,-0.0943,0.0038,-0.0642,-0.0656,-0.0178,-0.0098,-0.0064,0.0111,0.0111,-0.004,0.0052,TRUE,TRUE
DTC_R_103,LanSi,1,CW_01,A,2026-03-27 16:13:54+08:00,ONLINE,FALSE,,CW_1_01,PASS,,,51.5726,_2026032716135434601,T20260327161354,DESKTOP-P2DUL42,Loma,1,CW_1_01,1,paul di,2024.0718.155524,V20260126.2,CW_DTCL_DTCR_STC,T20260327161445,51.5726,TRUE,TRUE,TRUE,TRUE,TRUE,TRUE,TRUE,4S2RND2HBL0DP6,v1.0.1,2025_12_22,315.1103,317.8309,474.8897,298.0441,295.5172,148.3034,149.7039,338.2961,335.35,485.6643,-5.3858,-1.8722,-0.0001,0,-0.2227,1.5552,-0.2226,1.5503,0.6651,157.3418,154.8125,154.7256,157.1465,156.0066,0.8714,0.8377,0.881,0.8293,0.8293,0.8284,0.7902,0.825,0.7927,0.7902,0.8259,0.8167,0.814,0.8242,0.7643,0.779,0.7369,0.7696,0.7369,0.8379,0.8138,0.7904,0.753,0.753,0.8439,0.8098,0.778,0.8124,0.8293,0.791,0.8181,0.8479,0.778,0,0,0,0,0,v1.0.1,2025_12_22,315.1087,317.8261,475.9786,297.9571,295.3333,147.2857,148.5,338.4133,335.5,486.589,-5.4159,-1.8857,-0.0001,0,-0.2224,1.5548,-0.2224,1.55,0.665,163.998,158.3438,167.2285,166.9141,164.1211,0.7063,0.6949,0.7006,0.6991,0.6949,0.6858,0.6613,0.6706,0.6548,0.6548,0.6572,0.6617,0.6352,0.6621,0.6307,0.6552,0.6072,0.6276,0.6072,0.6811,0.6679,0.6655,0.3666,0.3666,0.6567,0.6618,0.6578,0.6579,0.6594,0.6695,0.6668,0.6878,0.6567,0,0,0,0,0,v1.0.1,2025_12_22,317.4685,329.4054,441.9364,314.3364,302.96,196.528,188.9919,343.6532,331.9561,457.9737,-2.8374,8.8793,0,0.0001,-0.22,1.5615,-0.2099,1.5581,0.6724,177.6602,177.6377,177.4531,178.3545,177.7764,0.8103,0.7206,0.8213,0.7088,0.7088,0.7773,0.6836,0.7796,0.6828,0.6828,0.7788,0.7691,0.7642,0.7481,0.7481,0.7534,0.6959,0.7296,0,0.6959,0,0,0,0,0,v1.0.1,2025_12_22,317.4286,329.4375,442.6261,314.313,302.8033,195.7705,188.0992,343.9008,332,458.6786,-2.9086,8.9201,0,0.0001,-0.2197,1.5613,-0.2109,1.558,0.6722,148.0947,142.6689,144.4434,146.0537,145.3152,0.6712,0.6106,0.6789,0.6107,0.6106,0.6477,0.589,0.6508,0.5798,0.5798,0.6362,0.6441,0.639,0.6219,0.6219,0.5976,0.5614,0.5745,0.4568,0.4568,0,0,0,0,0,-0.002,-0.0433,0.0022,-0.0396,-0.0396,0.0133,-0.0303,-0.0102,-0.0323,-0.0249,-0.0029,0.0027,-0.0061,0.0052,-0.0451,-0.0433,-0.0666,-0.0431,-0.006,-0.0066,0.0039,-0.0144,-0.0138,-0.0253,-0.0075,-0.0018,-0.0181,0.0017,-0.0324,-0.0141,0.0044,0.0202,-0.0291,0.0103,-0.0352,-0.0142,-0.0211,-0.0136,-0.0033,0.0089,-0.0081,-0.1029,0.0123,-0.1119,-0.1002,0.0138,-0.0971,0.0076,-0.1059,-0.0807,0.0038,0.0053,0.0127,0.0085,0.0075,-0.0099,0.0048,-0.0669,0.0115,-0.0752,-0.0558,0.0045,-0.0614,0.0122,-0.0656,-0.0588,-0.0051,0.0009,0.005,0.0013,0.0013,-0.0067,-0.0137,TRUE,TRUE
DTC_R_104,LanSi,1,CW_01,B,2026-03-27 16:15:54+08:00,ONLINE,FALSE,,CW_1_01,PASS,,,51.7325342,_2026032716155450401,T20260327161554,DESKTOP-P2DUL42,Loma,1,CW_1_01,1,paul di,2024.0718.155524,V20260126.2,CW_DTCL_DTCR_STC,T20260327161646,51.7325342,TRUE,TRUE,TRUE,TRUE,TRUE,TRUE,TRUE,4S2RND2HBL0DP6,v1.0.1,2025_12_22,315.3037,316.9185,475.1324,297.4191,295.7329,148.4315,149.5232,336.9603,335.7973,484.3649,-5.2021,-2.6811,-0.0001,0,-0.2209,1.5546,-0.2198,1.5485,0.6656,156.7441,154.5439,154.2246,156.5039,155.5042,0.8773,0.7999,0.8798,0.779,0.779,0.815,0.7538,0.8196,0.7617,0.7538,0.8233,0.8217,0.8222,0.8266,0.7632,0.7453,0.7777,0.7535,0.7453,0.8386,0.803,0.7935,0.98,0.7935,0.8467,0.7708,0.7562,0.8109,0.7988,0.715,0.8139,0.8461,0.715,0,0,0,0,0,v1.0.1,2025_12_22,315.2647,316.8897,476.1691,297.2353,295.5,147.4122,148.3289,337.0268,335.906,485.4094,-5.2663,-2.7053,-0.0001,0,-0.221,1.5542,-0.2195,1.5484,0.6655,163.75,156.6875,165.5127,166.2246,163.0437,0.6953,0.6672,0.7103,0.6836,0.6672,0.6712,0.6409,0.6664,0.6554,0.6409,0.6338,0.6476,0.6494,0.6566,0.6446,0.6469,0.6219,0.6302,0.6219,0.6765,0.6567,0.6651,0.2975,0.2975,0.6597,0.6585,0.658,0.6688,0.6388,0.5879,0.6405,0.6644,0.5879,0,0,0,0,0,v1.0.1,2025_12_22,317.5327,328.1589,442.0833,313.3241,302.9677,196.4758,188.856,342.392,332.0439,455.9737,-2.8033,7.7649,0,0.0001,-0.218,1.5601,-0.2096,1.5572,0.6724,178.0361,178.5664,178.5977,178.9619,178.5405,0.8114,0.6328,0.826,0.6409,0.6328,0.7827,0.6374,0.7803,0.6379,0.6374,0.7675,0.7795,0.7638,0.7512,0.7512,0.7387,0.679,0.726,0,0.679,0,0,0,0,0,v1.0.1,2025_12_22,317.5556,328.3889,442.9817,313.367,302.8033,195.7705,187.9512,342.5122,332.0522,456.8174,-2.8312,7.8712,0,0.0001,-0.2187,1.5595,-0.208,1.5579,0.6727,147.3799,140.625,142.6816,145.0693,143.939,0.6562,0.5618,0.6811,0.5643,0.5618,0.6476,0.5634,0.6591,0.5563,0.5563,0.6342,0.6417,0.64,0.6362,0.6342,0.6159,0.5498,0.5737,0.4386,0.4386,0,0,0,0,0,0.0039,-0.0811,0.001,-0.0899,-0.0899,-0.0001,-0.0667,-0.0156,-0.0633,-0.0613,-0.0055,0.0077,0.0021,0.0076,-0.0462,-0.077,-0.0258,-0.0592,-0.0053,-0.0035,-0.0071,-0.0421,-0.0041,-0.0408,-0.0352,-0.0164,-0.0385,-0.0025,-0.0318,-0.028,-0.019,0.0061,-0.0149,0.0048,-0.0213,-0.0225,-0.0064,-0.011,-0.0079,0.0085,-0.007,-0.1907,0.017,-0.1798,-0.1762,0.0192,-0.1433,0.0083,-0.1508,-0.1261,-0.0075,0.0157,0.0123,0.0116,-0.0072,-0.0135,-0.0102,-0.1157,0.0137,-0.1216,-0.1046,0.0044,-0.087,0.0205,-0.0891,-0.0823,-0.0071,-0.0015,0.006,0.0156,0.0136,0.0116,-0.0145,TRUE,TRUE
DTC_L_104,LanSi,1,CW_01,B,2026-03-27 16:15:54+08:00,ONLINE,FALSE,,CW_1_01,PASS,,,51.6627214,_2026032716155457202,T20260327161554,DESKTOP-P2DUL42,Loma,1,CW_1_01,2,paul di,2024.0718.155524,V20260126.2,CW_DTCL_DTCR_STC,T20260327161646,51.6627214,TRUE,TRUE,TRUE,TRUE,TRUE,TRUE,TRUE,4S2RND2HBL06DS,v1.0.1,2025_12_22,314.2,323.3185,474.4318,302.9545,295.0199,152.3245,148.5,343.5,333.461,490.2837,-6.3775,2.9763,-0.0001,0,-0.2259,1.5586,-0.2207,1.5554,0.6669,156.2246,152.4561,150.667,155.8857,153.8083,0.8209,0.8038,0.8504,0.7932,0.7932,0.7658,0.7575,0.7934,0.7518,0.7518,0.8114,0.8056,0.8194,0.778,0.7568,0.7253,0.7696,0.72,0.72,0.8167,0.7538,0.8218,0.8306,0.7538,0.8452,0.7718,0.7385,0.8368,0.8353,0.858,0.8172,0.7776,0.7385,0,0,0,0,0,v1.0.1,2025_12_22,314.2086,323.3669,475.5152,302.9167,294.9608,151.3922,147.5,343.5867,333.695,491.3262,-6.3241,3.0177,-0.0001,0,-0.2256,1.5588,-0.2202,1.5548,0.667,163.4121,158.9775,165.5967,164.7715,163.1895,0.6808,0.6761,0.6979,0.6932,0.6761,0.6541,0.6196,0.6551,0.6589,0.6196,0.6444,0.6436,0.6579,0.6263,0.6289,0.6328,0.6344,0.6227,0.6227,0.6719,0.6512,0.6964,0.698,0.6512,0.665,0.63,0.6158,0.6935,0.6549,0.6846,0.6724,0.6366,0.6158,0,0,0,0,0,v1.0.1,2025_12_22,313,315.6038,438.1532,301.2883,299.2787,184.8525,184.5583,330.5083,327,446.4035,-7.102,-3.7687,-0.0001,0,-0.2134,1.5657,-0.215,1.5637,0.6752,175.374,175.0381,172.9795,175.6182,174.7524,0.7924,0.6814,0.8137,0.687,0.6814,0.7468,0.6568,0.7622,0.6747,0.6568,0.7725,0.7751,0.769,0.707,0.707,0.7239,0,0.7431,0.7401,0.7239,0,0,0,0,0,v1.0.1,2025_12_22,313,315.6038,438.8496,301.1947,299.0508,184.1017,183.8306,330.5645,327.1271,447.1695,-7.1284,-3.7732,-0.0001,0,-0.2135,1.5646,-0.2148,1.5633,0.6749,148.3311,143.6416,143.3398,146.3965,145.4272,0.6584,0.5836,0.6793,0.605,0.5836,0.633,0.5608,0.6163,0.5938,0.5608,0.6433,0.6291,0.6474,0.6121,0.6121,0.5861,0.5151,0.5836,0.5886,0.5151,0,0,0,0,0,-0.0067,-0.0638,0.0029,-0.0301,-0.0301,-0.0268,-0.0734,-0.0124,-0.0346,-0.0346,-0.0072,-0.007,-0.0008,0.001,-0.0612,-0.0895,-0.0368,-0.0271,0.0124,0.0049,-0.005,-0.0394,0.0041,-0.0159,-0.0097,-0.0121,-0.0596,-0.0053,-0.0014,-0.0407,-0.0247,-0.0121,-0.0103,-0.0116,-0.0249,-0.0435,-0.0156,-0.0037,-0.0032,0.0207,0.0066,-0.1436,0.0089,-0.1019,-0.1044,0.0051,-0.1235,-0.004,-0.0833,-0.0849,-0.0076,0.0087,0.0126,0.017,-0.0153,0.0076,0.0021,-0.1,0.0049,-0.0823,-0.0727,-0.0008,-0.0958,-0.0116,-0.0507,-0.0671,-0.0036,-0.0095,0.0119,0.0045,0.0045,-0.0058,0.0063,TRUE,TRUE
DTC_L_105,LanSi,1,CW_01,C,2026-03-27 16:18:06+08:00,ONLINE,FALSE,,CW_1_01,FAIL,SFR_VIS_25cm_Ny4_06F_ROI14;SFR_VIS_25cm_Ny4_06F_Min;SFR_VIS_25cm_Ny4_06F_ROI14_Dev,sfr_25Algo,51.4551415,_2026032716180632802,T20260327161806,DESKTOP-P2DUL42,Loma,1,CW_1_01,2,paul di,2024.0718.155524,V20260126.2,CW_DTCL_DTCR_STC,T20260327161857,51.4551415,TRUE,TRUE,TRUE,TRUE,TRUE,TRUE,TRUE,4S2RND2HBL06DS,v1.0.1,2025_12_22,315.2132,321.2721,475.5149,300.3358,296.183,150.085,151.1259,342.1748,334.8071,487.3214,-4.9312,0.7378,0,0,-0.2294,1.5596,-0.2262,1.5528,0.6642,155.4375,151.3838,149.4922,155.1436,152.8643,0.8305,0.7984,0.8415,0.7881,0.7881,0.7796,0.7608,0.7867,0.7558,0.7558,0.8204,0.8028,0.8211,0.7717,0.7297,0.6254,0.7625,0.7033,0.6254,0.8299,0.29,0.791,0.7787,0.29,0.8424,0.7718,0.7419,0.8402,0.8144,0.7578,0.7805,0.7734,0.7419,0,0,0,0,0,v1.0.1,2025_12_22,315.2086,321.3669,476.6618,300.1176,296.1544,149.2617,150,342.5,334.8129,488.4604,-4.9325,0.8413,0,0,-0.2303,1.56,-0.2267,1.5535,0.6641,163.9678,159.8057,165.7637,165.2227,163.6899,0.6858,0.6655,0.6915,0.6984,0.6655,0.6638,0.6357,0.6544,0.6533,0.6357,0.6604,0.6535,0.6559,0.6368,0.6143,0.5787,0.6409,0.6269,0.5787,0.6939,0.5248,0.6512,0.6728,0.5248,0.6488,0.6529,0.6067,0.6817,0.6704,0.6681,0.6837,0.6432,0.6067,0,0,0,0,0,v1.0.1,2025_12_22,314,313.6038,439.1532,299.0901,300.4083,182.5,186.5678,328.5678,328.1724,444,-5.8397,-5.9477,-0.0001,-0.0001,-0.2149,1.567,-0.2164,1.562,0.6744,175.959,174.9883,173.0801,175.7217,174.9373,0.7929,0.7013,0.8157,0.6936,0.6936,0.753,0.6591,0.7397,0.6639,0.6591,0.7775,0.7503,0.7637,0.7026,0.7026,0.7278,0,0.6649,0.6412,0.6412,0,0,0,0,0,v1.0.1,2025_12_22,314,313.6038,440.009,298.8919,300.3223,181.7355,185.6293,328.5948,328.2881,444.9068,-5.8502,-5.9534,-0.0001,-0.0001,-0.2157,1.5669,-0.2157,1.5619,0.6743,149.04,144.2822,143.3398,147.0703,145.9331,0.6684,0.5949,0.674,0.6023,0.5949,0.636,0.5714,0.6231,0.5897,0.5714,0.6319,0.6313,0.6449,0.6045,0.6045,0.5826,0.5313,0.5371,0.5494,0.5313,0,0,0,0,0,0.0029,-0.0692,-0.006,-0.0352,-0.0352,-0.013,-0.0701,-0.0191,-0.0306,-0.0306,0.0018,-0.0098,0.0009,-0.0053,-0.0883,-0.1894,-0.0439,-0.0438,0.0256,-0.0259,0,-0.05,-0.0023,-0.0107,-0.0203,-0.0024,-0.0435,-0.006,-0.007,-0.0246,-0.0087,-0.0022,-0.0123,-0.0011,-0.0395,-0.0976,-0.0091,0.0005,0.0188,-0.0245,0.0071,-0.1237,0.0109,-0.0953,-0.0922,0.0113,-0.1212,-0.0265,-0.0941,-0.0826,-0.0026,-0.0161,0.0073,0.0126,-0.0114,-0.0706,0.0121,-0.0887,-0.0004,-0.085,-0.0614,0.0022,-0.0852,-0.0048,-0.0548,-0.0565,-0.015,-0.0073,0.0094,-0.0031,-0.0031,-0.0093,-0.0402,TRUE,TRUE
DTC_R_105,LanSi,1,CW_01,C,2026-03-27 16:18:06+08:00,ONLINE,FALSE,,CW_1_01,PASS,,,51.4611258,_2026032716180631301,T20260327161806,DESKTOP-P2DUL42,Loma,1,CW_1_01,1,paul di,2024.0718.155524,V20260126.2,CW_DTCL_DTCR_STC,T20260327161857,51.4611258,TRUE,TRUE,TRUE,TRUE,TRUE,TRUE,TRUE,4S2RND2HBL0DP6,v1.0.1,2025_12_22,315.0217,316.0435,475.0827,296.3008,295.4932,147.7603,149.3467,335.7667,335.6939,484.5442,-5.3724,-3.4169,-0.0001,0,-0.2222,1.5548,-0.218,1.5482,0.6657,156.1797,153.5713,153.541,156.2891,154.8953,0.861,0.7806,0.8728,0.7815,0.7806,0.8228,0.7484,0.8254,0.7812,0.7484,0.8277,0.8055,0.8151,0.8041,0.7251,0.7249,0.7921,0.8004,0.7249,0.826,0.7966,0.7916,0.98,0.7916,0.8295,0.7737,0.7459,0.8044,0.7949,0.6983,0.7871,0.8329,0.6983,0,0,0,0,0,v1.0.1,2025_12_22,315.0647,315.9784,476.1533,296.1898,295.2238,146.7832,148.2123,336.0411,335.8435,485.5986,-5.4005,-3.3818,-0.0001,0,-0.2217,1.5535,-0.2192,1.5484,0.6653,164.5859,159.0488,167.9189,167.5586,164.7781,0.704,0.6733,0.707,0.6765,0.6733,0.6726,0.6456,0.6722,0.6587,0.6456,0.6524,0.6518,0.6518,0.6477,0.6066,0.6249,0.6247,0.6409,0.6066,0.6697,0.659,0.6639,0.0146,0.0146,0.6494,0.6425,0.6575,0.6671,0.6703,0.6023,0.6118,0.6594,0.6023,0,0,0,0,0,v1.0.1,2025_12_22,317.4,327.5,441.9817,312.4495,302.935,195.8374,188.8279,341.459,332,456,-2.8711,7.1492,0,0.0001,-0.2197,1.5609,-0.2076,1.5571,0.6727,176.7266,176.2656,176.3916,177.582,176.7415,0.8051,0.6386,0.829,0.6542,0.6386,0.7862,0.6244,0.7673,0.6889,0.6244,0.795,0.7779,0.7661,0.7474,0.7474,0.7494,0.6704,0.7296,0,0.6704,0,0,0,0,0,v1.0.1,2025_12_22,317.3578,327.4679,442.8108,312.4775,302.7823,194.9274,187.8387,341.6048,332.0431,456.8707,-2.9335,7.1697,0,0.0001,-0.2184,1.5607,-0.2082,1.5573,0.6729,148.6904,142.8896,145.0967,146.8047,145.8704,0.662,0.5608,0.678,0.5733,0.5608,0.6452,0.5511,0.6497,0.588,0.5511,0.6413,0.6251,0.638,0.6212,0.6212,0.5997,0.5516,0.5929,0.352,0.352,0,0,0,0,0,-0.0124,-0.1004,-0.006,-0.0874,-0.0883,0.0077,-0.0721,-0.0098,-0.0438,-0.0667,-0.0011,-0.0085,-0.005,-0.0149,-0.0843,-0.0974,-0.0114,-0.0123,-0.0179,-0.0054,0.0016,-0.036,-0.0074,-0.0479,-0.0291,-0.015,-0.0338,0.0033,-0.0285,-0.0233,-0.0004,0.0103,-0.0125,-0.0041,-0.0593,-0.0445,-0.0036,-0.0003,-0.0147,0.0073,-0.0133,-0.1849,0.02,-0.1665,-0.1704,0.0227,-0.1563,-0.0047,-0.0998,-0.1391,0.02,0.0141,0.0146,0.0078,0.0035,-0.0099,-0.0044,-0.1167,0.0106,-0.1126,-0.1056,0.002,-0.0993,0.0111,-0.0574,-0.0875,0,-0.0181,0.004,0.0006,0.0006,-0.0046,0.0047,TRUE,TRUE
DTC_L_106,LanSi,1,CW_01,A,2026-03-27 16:20:44+08:00,ONLINE,FALSE,,CW_1_01,PASS,,,44.9093291,_2026032716204474002,T20260327162044,DESKTOP-P2DUL42,Loma,1,CW_1_01,2,paul di,2024.0718.155524,V20260126.2,CW_DTCL_DTCR_STC,T20260327162129,44.9093291,TRUE,TRUE,TRUE,TRUE,TRUE,TRUE,TRUE,4S2RND2HBL06DS,v1.0.1,2025_12_22,315.3684,322.1353,475.4662,301.6917,296.3741,151.7007,150,342,334.7194,487.3957,-5.1144,1.4847,-0.0001,0,-0.2265,1.5593,-0.219,1.5537,0.6669,154.8242,150.5342,148.7822,154.4307,152.1428,0.8265,0.7972,0.8478,0.8013,0.7972,0.7877,0.7618,0.7952,0.7435,0.7435,0.8212,0.8036,0.8273,0.7585,0.7571,0.7216,0.7548,0.695,0.695,0.8082,0.98,0.822,0.7778,0.7778,0.8454,0.7427,0.7286,0.8308,0.8297,0.7788,0.7606,0.7812,0.7286,0,0,0,0,0,v1.0.1,2025_12_22,315.2993,322.146,476.482,301.482,296.1611,150.8121,148.7619,342.0952,334.8478,488.5725,-5.1896,1.5216,-0.0001,0,-0.227,1.559,-0.2187,1.5534,0.6667,163.5723,159.3037,165.6045,165.1377,163.4045,0.6724,0.679,0.6925,0.6946,0.6724,0.6469,0.6337,0.654,0.6534,0.6337,0.6516,0.656,0.6549,0.6303,0.6226,0.6075,0.6265,0.6027,0.6027,0.6588,0.3943,0.6846,0.6696,0.3943,0.6577,0.6439,0.609,0.6853,0.667,0.6676,0.6638,0.6377,0.609,0,0,0,0,0,v1.0.1,2025_12_22,314.1346,314.5,439.045,300.1892,300.5902,184,186.05,329.1167,328.1897,444.0948,-5.8981,-5.1199,-0.0001,-0.0001,-0.2136,1.5669,-0.2131,1.5622,0.6756,175.6367,174.3057,172.5146,175.2666,174.4309,0.7888,0.6843,0.7996,0.6812,0.6812,0.7406,0.6518,0.7809,0.6428,0.6428,0.7682,0.7694,0.7659,0.702,0.702,0.7191,0,0.7351,0.6605,0.6605,0,0,0,0,0,v1.0.1,2025_12_22,314.1165,314.4466,439.8349,300.0092,300.4538,183.3697,185.2459,329.3689,328.2564,445.0513,-5.9185,-5.0509,-0.0001,-0.0001,-0.2138,1.5664,-0.2148,1.5624,0.6751,148.8643,143.9805,143.0811,146.7178,145.6609,0.6497,0.5925,0.6738,0.6118,0.5925,0.6227,0.5659,0.6363,0.5836,0.5659,0.6288,0.6243,0.6408,0.6102,0.6102,0.5828,0.4797,0.5815,0.5349,0.4797,0,0,0,0,0,-0.0011,-0.0704,0.0003,-0.022,-0.0261,-0.0049,-0.0691,-0.0106,-0.0429,-0.0429,0.0026,-0.009,0.0071,-0.0185,-0.0609,-0.0932,-0.0516,-0.0521,0.0039,0.0051,-0.0134,-0.0365,-0.0013,-0.0145,-0.0134,-0.0193,-0.0455,-0.0064,-0.0069,-0.0266,-0.0175,0.0003,-0.0133,-0.0076,-0.0312,-0.0688,-0.0235,-0.0237,-0.0163,0.0089,0.003,-0.1407,-0.0052,-0.1077,-0.1046,-0.0011,-0.1285,0.0147,-0.1152,-0.0989,-0.0119,0.003,0.0095,0.012,-0.0201,-0.0004,-0.0066,-0.0911,-0.0006,-0.0755,-0.0638,-0.0111,-0.0907,0.0084,-0.0609,-0.062,-0.0181,-0.0143,0.0053,0.0026,0.0026,-0.0091,0.0042,TRUE,TRUE
DTC_R_106,LanSi,1,CW_01,A,2026-03-27 17:52:17+08:00,ONLINE,FALSE,,CW_1_01,FAIL,SFR_VIS_25cm_Ny4_06F_ROI14;SFR_VIS_25cm_Ny4_06F_Min;SFR_VIS_25cm_Ny4_03F_ROI6_Dev;SFR_VIS_25cm_Ny4_03F_Min_Dev,sfr_25Algo,48.5945897,_2026032717521764101,T20260327175217,DESKTOP-P2DUL42,Loma,1,CW_1_01,1,paul di,2024.0718.155524,V20260126.2,CW_DTCL_DTCR_STC,T20260327175306,48.5945897,TRUE,TRUE,TRUE,TRUE,TRUE,TRUE,TRUE,4S2RND2HBL0DP6,v1.0.1,2025_12_22,315.1397,316.3235,474.7852,296.2222,295.4257,147.3649,149.5168,336.5436,335.292,484,-5.4681,-3.4092,-0.0001,0,-0.2247,1.5541,-0.221,1.5507,0.6648,154.9951,151.7119,151.8506,154.791,153.3372,0.8586,0.8615,0.872,0.826,0.826,0.7994,0.6711,0.8134,0.7422,0.6711,0.8079,0.8071,0.8048,0.8071,0.7702,0.6575,0.737,0.7036,0.6575,0.8317,0.8196,0.8052,0.98,0.8052,0.8614,0.7858,0.7933,0.8207,0.7492,0.8356,0.7684,0.8549,0.7492,0,0,0,0,0,v1.0.1,2025_12_22,315.0714,316.1929,475.8467,296.1898,295.2953,146.3624,148.3856,336.6209,335.6259,485.036,-5.455,-3.4196,-0.0001,0,-0.2233,1.5544,-0.2214,1.5491,0.6647,164.9053,159.8008,168.8369,167.6895,165.3081,0.7017,0.6956,0.715,0.6952,0.6952,0.6719,0.5875,0.6654,0.6365,0.5875,0.664,0.6652,0.6494,0.6683,0.6396,0.579,0.609,0.5953,0.579,0.6769,0.6701,0.6624,0.2544,0.2544,0.6546,0.6437,0.6665,0.6696,0.5975,0.6383,0.6435,0.6918,0.5975,0,0,0,0,0,v1.0.1,2025_12_22,317.5,327.8868,441.7838,312.7207,302.904,195.576,188.808,342.168,331.8571,456.1518,-2.9294,7.4007,0,0.0001,-0.2209,1.5604,-0.21,1.5588,0.6721,176.4043,175.502,176.4023,177.7812,176.5225,0.798,0.719,0.8268,0.7131,0.7131,0.7471,0.5848,0.7724,0.6171,0.5848,0.7699,0.7539,0.7526,0.7374,0.7374,0.7415,0.6787,0.7424,0,0.6787,0,0,0,0,0,v1.0.1,2025_12_22,317.5,328,442.6696,312.7054,302.76,194.88,188,342.4127,332,457,-2.9141,7.4996,0,0.0001,-0.2211,1.56,-0.2103,1.5583,0.6717,148.9941,144.0127,145.9844,147.1641,146.5388,0.6594,0.6184,0.6805,0.6081,0.6081,0.6249,0.5325,0.6419,0.5457,0.5325,0.6459,0.6492,0.6341,0.6147,0.6147,0.5935,0.553,0.5864,0.4206,0.4206,0,0,0,0,0,-0.0148,-0.0195,-0.0068,-0.0429,-0.0429,-0.0157,-0.1494,-0.0218,-0.0828,-0.144,-0.0209,-0.0069,-0.0153,-0.0119,-0.0392,-0.1648,-0.0665,-0.1091,-0.0122,0.0082,-0.0007,-0.0137,0.0006,-0.0292,-0.0072,-0.0157,-0.0919,-0.0035,-0.0507,-0.0814,0.0112,0.0237,-0.0149,0.0165,-0.0263,-0.0904,-0.0193,-0.0459,-0.0075,0.0058,-0.0204,-0.1045,0.0178,-0.1076,-0.0959,-0.0164,-0.1959,0.0004,-0.1716,-0.1787,-0.0051,-0.0099,0.0011,-0.0022,-0.0044,0.0029,-0.007,-0.0591,0.0131,-0.0778,-0.0583,-0.0183,-0.1179,0.0033,-0.0997,-0.1061,0.0046,0.006,0.0001,-0.0059,-0.0059,-0.0108,-0.0018,TRUE,TRUE
DTC_L_107,LanSi,1,CW_01,B,2026-03-27 16:22:18+08:00,ONLINE,FALSE,,CW_1_01,PASS,,,51.2514752,_2026032716221818902,T20260327162218,DESKTOP-P2DUL42,Loma,1,CW_1_01,2,paul di,2024.0718.155524,V20260126.2,CW_DTCL_DTCR_STC,T20260327162309,51.2514752,TRUE,TRUE,TRUE,TRUE,TRUE,TRUE,TRUE,4S2RND2HBL06DS,v1.0.1,2025_12_22,314.3235,322.9632,474.2444,302.7778,294.94,152.3733,148.5789,342.7895,333.5652,489.3043,-6.3696,2.5416,-0.0001,0,-0.225,1.5571,-0.2185,1.5551,0.6672,155.416,150.833,148.7227,154.6846,152.4141,0.829,0.801,0.8389,0.795,0.795,0.7815,0.7596,0.7969,0.7544,0.7544,0.8209,0.8248,0.817,0.7645,0.7587,0.7315,0.7727,0.7075,0.7075,0.8178,0.98,0.8302,0.8186,0.8178,0.8397,0.8255,0.7634,0.8352,0.8209,0.8311,0.8029,0.7641,0.7634,0,0,0,0,0,v1.0.1,2025_12_22,314.2464,323.0145,475.3571,302.5214,294.8389,151.349,147.3893,342.9597,333.7958,490.2606,-6.3745,2.521,-0.0001,0,-0.226,1.5577,-0.2185,1.5539,0.6668,163.5352,159.4268,165.6982,164.7246,163.3462,0.6744,0.6777,0.6996,0.6953,0.6744,0.6637,0.6428,0.6601,0.6529,0.6428,0.6486,0.6528,0.6589,0.6289,0.6305,0.6301,0.6434,0.6071,0.6071,0.675,0.3232,0.6733,0.6822,0.3232,0.6613,0.664,0.6439,0.688,0.6703,0.6894,0.6666,0.6275,0.6275,0,0,0,0,0,v1.0.1,2025_12_22,313,315.3962,437.991,301.1081,299.0431,184.681,184.686,329.8678,327.1034,445.5862,-7.1353,-4.1721,-0.0001,0,-0.2133,1.5639,-0.2118,1.5624,0.6753,176.1572,174.7139,172.7803,175.625,174.8191,0.8018,0.7017,0.8116,0.6913,0.6913,0.7564,0.6631,0.7595,0.6682,0.6631,0.7925,0.756,0.761,0.7014,0.7014,0.7304,0,0.7435,0.719,0.719,0,0,0,0,0,v1.0.1,2025_12_22,313.0865,315.2212,438.8108,300.955,299.0522,183.8174,183.843,329.9421,327.359,446.4872,-7.0697,-4.2154,-0.0001,0,-0.2125,1.5639,-0.2129,1.562,0.6751,148.9404,144.1797,143.6895,146.5215,145.8328,0.6559,0.5893,0.6784,0.6076,0.5893,0.6277,0.5646,0.6323,0.5813,0.5646,0.6327,0.6368,0.6449,0.6014,0.6014,0.591,0.4232,0.588,0.5763,0.4232,0,0,0,0,0,0.0014,-0.0666,-0.0086,-0.0283,-0.0283,-0.0111,-0.0713,-0.0089,-0.032,-0.032,0.0023,0.0122,-0.0032,-0.0125,-0.0593,-0.0833,-0.0337,-0.0396,0.0135,0.0133,-0.0114,-0.0378,0.0058,-0.0138,-0.0114,-0.0025,-0.0364,-0.0003,-0.0074,-0.0175,-0.0205,-0.0029,-0.0093,-0.009,-0.0233,-0.0462,-0.0066,-0.0193,-0.0001,-0.0024,0.016,-0.1233,0.0068,-0.0976,-0.0945,0.0147,-0.1172,-0.0067,-0.0898,-0.0786,0.0124,-0.0104,0.0046,0.0114,-0.0088,0.008,-0.0004,-0.0943,0.004,-0.0797,-0.067,-0.0061,-0.092,0.0044,-0.0632,-0.0633,-0.0142,-0.0018,0.0094,-0.0062,-0.0062,-0.0009,0.0107,TRUE,TRUE
DTC_R_107,LanSi,1,CW_01,A,2026-03-27 16:22:18+08:00,ONLINE,FALSE,,CW_1_01,PASS,,,51.2225526,_2026032716221822001,T20260327162218,DESKTOP-P2DUL42,Loma,1,CW_1_01,1,paul di,2024.0718.155524,V20260126.2,CW_DTCL_DTCR_STC,T20260327162309,51.2225526,TRUE,TRUE,TRUE,TRUE,TRUE,TRUE,TRUE,4S2RND2HBL0DP6,v1.0.1,2025_12_22,315.3209,317.1269,475.4167,297.8712,295.7887,149.2676,149.6443,337.349,335.94,485.6533,-5.0779,-2.0464,-0.0001,0,-0.2192,1.5544,-0.2209,1.5485,0.6657,157.2764,154.0391,154.2354,156.8643,155.6038,0.8697,0.7883,0.8475,0.7905,0.7883,0.8251,0.7454,0.8245,0.7828,0.7454,0.8069,0.8165,0.8182,0.819,0.7393,0.7182,0.7844,0.7785,0.7182,0.8418,0.8059,0.798,0.98,0.798,0.846,0.7806,0.7736,0.8342,0.7867,0.7152,0.829,0.8564,0.7152,0,0,0,0,0,v1.0.1,2025_12_22,315.2647,317.1103,476.461,297.617,295.6327,148.4082,148.5,337.5,336,486.5855,-5.1283,-2.0558,-0.0001,0,-0.2198,1.5544,-0.2211,1.5485,0.6655,165.6582,160.0264,169.165,168.4463,165.824,0.6993,0.6656,0.6898,0.6743,0.6656,0.6857,0.6428,0.6757,0.6576,0.6428,0.6608,0.6543,0.6621,0.6511,0.626,0.6299,0.6263,0.636,0.626,0.6735,0.6627,0.672,0.2223,0.2223,0.6454,0.6608,0.6534,0.6642,0.6558,0.6155,0.6328,0.6822,0.6155,0,0,0,0,0,v1.0.1,2025_12_22,317.8037,328.6262,442.4159,313.6195,303.1707,197.0813,188.9836,342.6967,332.2564,457.0513,-2.5739,8.315,0,0.0001,-0.2193,1.5595,-0.2083,1.5582,0.6725,177.5645,176.833,177.3291,178.7549,177.6204,0.8233,0.6393,0.8081,0.6543,0.6393,0.7732,0.6225,0.7828,0.6839,0.6225,0.7765,0.7626,0.7597,0.7523,0.7523,0.7495,0.669,0.7232,0,0.669,0,0,0,0,0,v1.0.1,2025_12_22,317.713,328.6759,443.2162,313.6216,303.0661,196.2645,188.1066,342.9508,332.3276,457.8103,-2.6141,8.3646,0,0.0001,-0.2189,1.5601,-0.2092,1.5576,0.6724,149.3867,144.0645,145.8955,147.1777,146.6311,0.6714,0.5677,0.6568,0.5701,0.5677,0.6466,0.5608,0.6525,0.5835,0.5608,0.6387,0.6612,0.6492,0.6431,0.6387,0.5947,0.5472,0.5928,0.4092,0.4092,0,0,0,0,0,-0.0037,-0.0927,-0.0313,-0.0784,-0.0806,0.01,-0.0751,-0.0107,-0.0422,-0.0697,-0.0219,0.0025,-0.0019,0,-0.0701,-0.1041,-0.0191,-0.0342,-0.0021,0.001,-0.0031,-0.0437,-0.0246,-0.0501,-0.0368,-0.0019,-0.0366,0.0068,-0.0296,-0.0261,0.008,0.0128,-0.0022,-0.0007,-0.0399,-0.0395,-0.002,-0.0052,-0.0109,0.0154,0.0049,-0.1842,-0.0009,-0.1664,-0.1697,0.0097,-0.1582,0.0108,-0.1048,-0.141,0.0015,-0.0012,0.0082,0.0127,0.0036,-0.0163,0.005,-0.1098,-0.0106,-0.1158,-0.0987,0.0034,-0.0896,0.0139,-0.0619,-0.0778,-0.0026,0.018,0.0152,0.0225,0.0181,-0.0096,0.0046,TRUE,TRUE
DTC_R_108,LanSi,1,CW_01,B,2026-03-27 16:24:19+08:00,ONLINE,FALSE,,CW_1_01,PASS,,,51.6178329,_2026032716241994801,T20260327162419,DESKTOP-P2DUL42,Loma,1,CW_1_01,1,paul di,2024.0718.155524,V20260126.2,CW_DTCL_DTCR_STC,T20260327162511,51.6178329,TRUE,TRUE,TRUE,TRUE,TRUE,TRUE,TRUE,4S2RND2HBL0DP6,v1.0.1,2025_12_22,315.0882,316.5,474.8273,296.5468,295.2381,147.1565,149.5,336.5867,335.3147,484.3287,-5.5063,-3.2763,-0.0001,0,-0.2238,1.5536,-0.2202,1.5503,0.665,156.9414,154.7607,154.3691,156.9102,155.7454,0.8649,0.8382,0.876,0.8394,0.8382,0.8278,0.7491,0.8231,0.7736,0.7491,0.833,0.8128,0.8228,0.8123,0.7665,0.7601,0.7506,0.7177,0.7177,0.8447,0.8042,0.791,0.2281,0.2281,0.8499,0.7949,0.7961,0.8135,0.8148,0.8114,0.7467,0.8509,0.7467,0,0,0,0,0,v1.0.1,2025_12_22,315.0935,316.5971,475.8273,296.4532,295.1622,146.2162,148.3377,336.7219,335.4897,485.3655,-5.5179,-3.2292,-0.0001,0,-0.2242,1.5538,-0.2196,1.55,0.665,165.1807,158.877,167.8408,168.1025,165.0002,0.706,0.691,0.7194,0.6978,0.691,0.6819,0.6458,0.6717,0.6472,0.6458,0.6501,0.6509,0.6441,0.6684,0.6558,0.6314,0.6019,0.6155,0.6019,0.6835,0.6653,0.66,0.3297,0.3297,0.6531,0.6603,0.6688,0.6871,0.6698,0.6534,0.6451,0.6755,0.6451,0,0,0,0,0,v1.0.1,2025_12_22,317.4476,328.019,441.7321,312.7321,302.7302,195.2381,188.7805,342.3252,331.9273,456.5,-2.9765,7.4629,0,0.0001,-0.2219,1.5599,-0.2102,1.5581,0.6715,177.3613,177.4414,177.5225,178.2305,177.6389,0.8187,0.7232,0.823,0.7237,0.7232,0.7693,0.6742,0.7898,0.6615,0.6615,0.781,0.7651,0.7714,0.744,0.744,0.7528,0.703,0.7293,0,0.703,0,0,0,0,0,v1.0.1,2025_12_22,317.3398,328.0194,442.5856,312.7207,302.6667,194.7398,187.8361,342.4262,331.982,457.2703,-3.018,7.5353,0,0.0001,-0.221,1.5606,-0.2103,1.5575,0.6717,148.8037,143.0264,144.5098,146.7373,145.7693,0.6752,0.6222,0.688,0.6147,0.6147,0.6452,0.5799,0.6581,0.5662,0.5662,0.6459,0.6337,0.632,0.6282,0.6282,0.61,0.5614,0.5814,0.4859,0.4859,0,0,0,0,0,-0.0085,-0.0428,-0.0028,-0.0295,-0.0307,0.0127,-0.0714,-0.0121,-0.0514,-0.066,0.0042,-0.0012,0.0027,-0.0067,-0.0429,-0.0622,-0.0529,-0.095,0.0008,-0.006,0.0036,-0.0183,0.005,-0.0266,-0.0114,-0.0057,-0.0336,0.0028,-0.04,-0.0231,-0.0027,0.0094,-0.0202,0.0166,-0.0101,-0.038,-0.0264,-0.0257,-0.0009,0.0034,0.0003,-0.1003,0.014,-0.097,-0.0858,0.0058,-0.1065,0.0178,-0.1272,-0.102,0.006,0.0013,0.0199,0.0044,0.0069,-0.0102,0.0088,-0.0553,0.0206,-0.0712,-0.0517,0.002,-0.0705,0.0195,-0.0792,-0.0724,0.0046,-0.0095,-0.002,0.0076,0.0076,0.0057,-0.0068,TRUE,TRUE
DTC_L_108,LanSi,1,CW_01,C,2026-03-27 16:24:19+08:00,ONLINE,FALSE,,CW_1_01,PASS,,,51.8721521,_2026032716241996502,T20260327162419,DESKTOP-P2DUL42,Loma,1,CW_1_01,2,paul di,2024.0718.155524,V20260126.2,CW_DTCL_DTCR_STC,T20260327162511,51.8721521,TRUE,TRUE,TRUE,TRUE,TRUE,TRUE,TRUE,4S2RND2HBL06DS,v1.0.1,2025_12_22,315.4191,321.5956,475.5,300.5,296.4221,149.9416,150.2237,341.5,334.7153,487.9343,-5.044,0.7943,-0.0001,0,-0.2305,1.5601,-0.2194,1.5548,0.6662,155.1162,151.0938,149.6992,155.0674,152.7441,0.8276,0.8032,0.8358,0.7822,0.7822,0.7922,0.7644,0.8086,0.7577,0.7577,0.8042,0.7922,0.8118,0.7622,0.7346,0.7405,0.7521,0.7238,0.7238,0.8324,0.7425,0.816,0.795,0.7425,0.8599,0.7108,0.7235,0.8489,0.8275,0.7876,0.7854,0.767,0.7108,0,0,0,0,0,v1.0.1,2025_12_22,315.3214,321.6286,476.6214,300.4786,296.1908,149.1316,149.0608,341.7297,334.9362,488.9787,-5.0739,0.8894,-0.0001,0,-0.2299,1.5598,-0.2198,1.5536,0.6659,163.123,159.3242,165.3438,164.5186,163.0774,0.686,0.6744,0.7066,0.6929,0.6744,0.6571,0.6306,0.6499,0.6586,0.6306,0.6449,0.6553,0.6516,0.6374,0.6302,0.6361,0.6307,0.6093,0.6093,0.6839,0.6264,0.6762,0.6716,0.6264,0.6449,0.615,0.6026,0.6784,0.6591,0.6714,0.6802,0.6287,0.6026,0,0,0,0,0,v1.0.1,2025_12_22,314.0865,313.7788,439.1261,299.2342,300.547,182.5214,186.325,328.5667,328.2609,444.5043,-5.8309,-5.7789,-0.0001,-0.0001,-0.2153,1.5675,-0.2147,1.5623,0.6749,175.8828,175.4033,173.4961,175.7402,175.1306,0.7936,0.7,0.8038,0.692,0.692,0.7356,0.6587,0.7691,0.6599,0.6587,0.7676,0.7707,0.7702,0.693,0.693,0.7383,0,0.7283,0.6646,0.6646,0,0,0,0,0,v1.0.1,2025_12_22,314.0865,313.7788,439.8947,299.1667,300.395,181.7143,185.3223,328.6777,328.2712,445.4068,-5.9061,-5.7511,-0.0001,-0.0001,-0.2151,1.567,-0.2147,1.5629,0.675,148.6816,144.2617,143.0332,146.4814,145.6145,0.6612,0.5966,0.6739,0.6114,0.5966,0.6163,0.5559,0.623,0.5899,0.5559,0.6296,0.6223,0.6403,0.6097,0.6097,0.5817,0.5098,0.588,0.571,0.5098,0,0,0,0,0,0,-0.0644,-0.0117,-0.0411,-0.0411,-0.0004,-0.0665,0.0028,-0.0287,-0.0287,-0.0144,-0.0204,-0.0084,-0.0148,-0.0834,-0.0743,-0.0543,-0.0233,0.0281,-0.0009,0.0002,-0.0411,0.0128,-0.0162,-0.0114,-0.0091,-0.0486,-0.0105,-0.0017,-0.0297,-0.0242,-0.0004,-0.0166,-0.0005,-0.0236,-0.0402,-0.0193,-0.0171,0.0088,0.0005,0.0078,-0.125,-0.001,-0.0969,-0.0938,-0.0061,-0.1216,0.0029,-0.0981,-0.083,-0.0125,0.0043,0.0138,0.003,-0.0009,-0.0072,0.0049,-0.087,-0.0005,-0.0759,-0.0597,-0.0175,-0.1007,-0.0049,-0.0546,-0.072,-0.0173,-0.0163,0.0048,0.0021,0.0021,-0.0102,0.0107,TRUE,TRUE
DTC_R_109,LanSi,1,CW_01,C,2026-03-27 16:26:16+08:00,ONLINE,FALSE,,CW_1_01,PASS,,,51.6879446,_2026032716261616801,T20260327162616,DESKTOP-P2DUL42,Loma,1,CW_1_01,1,paul di,2024.0718.155524,V20260126.2,CW_DTCL_DTCR_STC,T20260327162707,51.6879446,TRUE,TRUE,TRUE,TRUE,TRUE,TRUE,TRUE,4S2RND2HBL0DP6,v1.0.1,2025_12_22,315.1407,316.2741,475.1269,296.6791,295.637,148.2534,149.3816,336.2895,335.7466,484.6507,-5.2935,-3.0706,-0.0001,0,-0.2214,1.5547,-0.2197,1.5485,0.6656,156.7266,153.6924,153.7129,156.7949,155.2317,0.8597,0.7721,0.8605,0.7919,0.7721,0.8153,0.7344,0.8318,0.7898,0.7344,0.7662,0.8025,0.8133,0.8198,0.7359,0.7418,0.7969,0.7859,0.7359,0.8337,0.8329,0.7944,0.98,0.7944,0.7912,0.826,0.6908,0.8292,0.8035,0.7186,0.8048,0.8567,0.6908,0,0,0,0,0,v1.0.1,2025_12_22,315.1691,316.2353,476.2143,296.5,295.3444,147.2252,148.245,336.3907,335.8243,485.6959,-5.3406,-3.0906,-0.0001,0,-0.2214,1.5535,-0.2196,1.549,0.6654,165.46,159.3193,168.6982,168.0527,165.3826,0.7038,0.6627,0.6985,0.6866,0.6627,0.6818,0.6271,0.6614,0.6667,0.6271,0.6375,0.6551,0.6586,0.6466,0.6213,0.6347,0.6326,0.6386,0.6213,0.6701,0.6792,0.668,0.2328,0.2328,0.6132,0.6608,0.583,0.6675,0.6634,0.5927,0.6164,0.6838,0.583,0,0,0,0,0,v1.0.1,2025_12_22,317.5327,327.8411,442.055,312.6881,303.0246,196.1311,188.8306,341.6855,332.0439,456.2368,-2.8026,7.4165,0,0.0001,-0.2206,1.5606,-0.2066,1.5577,0.6728,177.2549,176.2344,176.9453,178.1777,177.1531,0.8086,0.6293,0.8136,0.6651,0.6293,0.7702,0.6006,0.781,0.6997,0.6006,0.7705,0.7671,0.7533,0.7683,0.7533,0.7508,0.6383,0.7309,0,0.6383,0,0,0,0,0,v1.0.1,2025_12_22,317.4434,327.9245,442.9167,312.6759,302.864,195.424,187.9024,342,332.1121,457.0776,-2.8523,7.5204,0,0.0001,-0.2204,1.5607,-0.2077,1.5572,0.6724,149.3516,143.5557,145.5752,146.96,146.3606,0.6655,0.5564,0.6744,0.5968,0.5564,0.6452,0.5439,0.6554,0.6019,0.5439,0.6423,0.6458,0.632,0.6327,0.632,0.5954,0.5362,0.5955,0.4342,0.4342,0,0,0,0,0,-0.0137,-0.1089,-0.0183,-0.077,-0.0968,0.0002,-0.0861,-0.0034,-0.0352,-0.0807,-0.0626,-0.0115,-0.0068,0.0008,-0.0735,-0.0805,-0.0066,-0.0268,-0.0102,-0.0026,0.0014,-0.0466,-0.0159,-0.0378,-0.0397,-0.0058,-0.0523,-0.0075,-0.0205,-0.0418,-0.0153,0.0136,-0.0057,-0.0052,-0.0446,-0.0347,0.0043,-0.0026,-0.0143,0.0114,-0.0098,-0.1942,0.0046,-0.1556,-0.1797,0.0067,-0.1801,0.009,-0.089,-0.1629,-0.0045,0.0033,0.0018,0.0287,0.0049,-0.0086,-0.0009,-0.1211,0.007,-0.0891,-0.11,0.002,-0.1065,0.0168,-0.0435,-0.0947,0.001,0.0026,-0.002,0.0121,0.0114,-0.0089,0.0073,TRUE,TRUE
DTC_L_109,LanSi,1,CW_01,A,2026-03-27 16:26:16+08:00,ONLINE,FALSE,,CW_1_01,PASS,,,51.8136082,_2026032716261604502,T20260327162616,DESKTOP-P2DUL42,Loma,1,CW_1_01,2,paul di,2024.0718.155524,V20260126.2,CW_DTCL_DTCR_STC,T20260327162707,51.8136082,TRUE,TRUE,TRUE,TRUE,TRUE,TRUE,TRUE,4S2RND2HBL06DS,v1.0.1,2025_12_22,313.9343,323.1533,473.8,302.9333,294.6358,151.755,147.9664,343.1745,333.1071,490.0357,-6.8113,2.7104,-0.0001,0,-0.2253,1.5582,-0.2195,1.5559,0.6673,155.2129,151.21,148.9697,154.7158,152.5271,0.8289,0.7908,0.843,0.7852,0.7852,0.7812,0.7586,0.811,0.7501,0.7501,0.8214,0.8151,0.8235,0.7651,0.7337,0.7355,0.7577,0.7136,0.7136,0.8001,0.98,0.8146,0.8249,0.8001,0.845,0.7821,0.7756,0.8368,0.8224,0.8379,0.8042,0.757,0.757,0,0,0,0,0,v1.0.1,2025_12_22,313.9638,323.1159,474.9286,302.8071,294.4837,150.7582,146.9603,343.4768,333.2302,491.0719,-6.7867,2.746,-0.0001,0,-0.225,1.5577,-0.2208,1.5561,0.667,163.8271,159.4883,166.0225,164.9678,163.5764,0.6678,0.6773,0.6913,0.6953,0.6678,0.6611,0.6291,0.6544,0.6563,0.6291,0.6412,0.649,0.653,0.643,0.6162,0.647,0.628,0.6194,0.6162,0.6708,0.5077,0.6883,0.6743,0.5077,0.6473,0.6465,0.6493,0.6927,0.6718,0.6809,0.664,0.6125,0.6125,0,0,0,0,0,v1.0.1,2025_12_22,312.8286,315.4571,437.5478,301.3826,298.9076,184.2101,184.35,330.3667,326.9231,446.1709,-7.3886,-3.9825,-0.0001,0,-0.2119,1.5646,-0.215,1.5629,0.6752,175.9307,174.8906,172.9941,175.5322,174.8369,0.8006,0.7016,0.8172,0.6678,0.6678,0.747,0.6572,0.7585,0.6814,0.6572,0.7707,0.7421,0.7794,0.7123,0.7123,0.7189,0,0.7358,0.7356,0.7189,0,0,0,0,0,v1.0.1,2025_12_22,312.8491,315.4057,438.4286,301.1875,298.678,183.5254,183.5378,330.3697,327,447.1026,-7.4013,-3.9818,-0.0001,0,-0.2122,1.5632,-0.2147,1.5632,0.6749,148.6855,144.0566,143.3877,146.4971,145.6567,0.6568,0.6008,0.6728,0.5982,0.5982,0.623,0.5634,0.623,0.5968,0.5634,0.6306,0.6046,0.6497,0.621,0.6046,0.5873,0.5305,0.5803,0.5739,0.5305,0,0,0,0,0,0.0013,-0.0768,-0.0045,-0.0381,-0.0381,-0.0114,-0.0723,0.0052,-0.0363,-0.0363,0.0028,0.0025,0.0033,-0.0119,-0.0843,-0.0793,-0.0487,-0.0335,-0.0042,-0.0023,-0.018,-0.0382,-0.0025,-0.0138,-0.018,-0.0051,-0.0501,-0.006,-0.004,-0.0312,-0.0279,-0.0067,-0.0152,0.0051,-0.0376,-0.0293,-0.022,-0.007,-0.0043,0.0126,0.0148,-0.1234,0.0124,-0.1211,-0.118,0.0053,-0.1231,-0.0077,-0.0766,-0.0845,-0.0094,-0.0243,0.023,0.0223,-0.0203,0.0003,0.0005,-0.0828,-0.0016,-0.0891,-0.0581,-0.0108,-0.0932,-0.0049,-0.0477,-0.0645,-0.0163,-0.034,0.0142,0.0134,-0.003,-0.0046,0.003,TRUE,TRUE
DTC_R_110,LanSi,1,CW_01,A,2026-03-27 16:28:05+08:00,ONLINE,FALSE,,CW_1_01,PASS,,,51.7819903,_2026032716280557601,T20260327162805,DESKTOP-P2DUL42,Loma,1,CW_1_01,1,paul di,2024.0718.155524,V20260126.2,CW_DTCL_DTCR_STC,T20260327162857,51.7819903,TRUE,TRUE,TRUE,TRUE,TRUE,TRUE,TRUE,4S2RND2HBL0DP6,v1.0.1,2025_12_22,315.1103,316.5956,474.7059,296.6838,295.4257,147.3649,149.5789,336.7895,335.3077,484.4196,-5.4743,-3.1293,-0.0001,0,-0.2236,1.5545,-0.2209,1.5505,0.6651,156.5254,153.9219,151.876,152.0762,153.5999,0.8563,0.8291,0.8716,0.8334,0.8291,0.79,0.7531,0.8192,0.776,0.7531,0.8172,0.816,0.819,0.8066,0.7754,0.7499,0.7444,0.7094,0.7094,0.8494,0.7844,0.7991,0.98,0.7844,0.8262,0.7914,0.7843,0.8252,0.8189,0.8754,0.7317,0.8464,0.7317,0,0,0,0,0,v1.0.1,2025_12_22,315.0355,316.6241,475.7286,296.5357,295.2148,146.3289,148.4333,336.9467,335.4552,485.4069,-5.5265,-3.1315,-0.0001,0,-0.2238,1.5544,-0.2209,1.5499,0.6649,165.7988,160.5557,168.1562,165.3652,164.969,0.7032,0.6924,0.7127,0.6999,0.6924,0.6667,0.6475,0.6681,0.6507,0.6475,0.6494,0.6574,0.665,0.6684,0.6512,0.6359,0.6055,0.6108,0.6055,0.6805,0.6667,0.6669,0.3802,0.3802,0.6393,0.6587,0.6669,0.6831,0.6601,0.6525,0.6562,0.6777,0.6393,0,0,0,0,0,v1.0.1,2025_12_22,317.3396,328.066,441.6727,312.8091,302.8203,195.5156,188.7886,342.4065,331.9009,456.5495,-2.9956,7.5694,0,0.0001,-0.2216,1.5612,-0.2106,1.5574,0.6716,177.6328,177.665,175.7725,174.21,176.3201,0.8119,0.7119,0.8237,0.7233,0.7119,0.7425,0.6431,0.7732,0.6639,0.6431,0.7753,0.7648,0.7598,0.7407,0.7407,0.7387,0.6908,0.7324,0,0.6908,0,0,0,0,0,v1.0.1,2025_12_22,317.3551,328.1776,442.4425,312.7965,302.6667,194.7398,187.9274,342.5565,331.9286,457.3393,-3.0359,7.6219,0,0.0001,-0.2218,1.5606,-0.2101,1.5579,0.6717,149.5312,144.3877,144.9336,144.5518,145.8511,0.6704,0.6156,0.6786,0.6187,0.6156,0.6357,0.5668,0.6476,0.5672,0.5668,0.6484,0.6285,0.6527,0.6205,0.6205,0.6089,0.566,0.5872,0.4588,0.4588,0,0,0,0,0,-0.0171,-0.0519,-0.0072,-0.0355,-0.0398,-0.0251,-0.0674,-0.016,-0.049,-0.062,-0.0116,0.002,-0.0011,-0.0124,-0.034,-0.0724,-0.0591,-0.1033,0.0055,0.0021,0.0008,-0.0169,-0.0017,-0.0245,-0.01,-0.0209,-0.0319,-0.0008,-0.0365,-0.0214,-0.0034,0.0159,0.0007,0.0166,-0.0147,-0.0335,-0.0228,-0.0304,-0.0039,0.0103,-0.0065,-0.1116,0.0147,-0.0974,-0.0971,-0.021,-0.1376,0.0012,-0.1248,-0.1204,0.0003,0.001,0.0083,0.0011,-0.0072,-0.0071,0.004,-0.0619,0.0112,-0.0672,-0.0508,-0.0075,-0.0836,0.009,-0.0782,-0.0718,0.0071,-0.0147,0.0187,-0.0001,-0.0001,0.0046,-0.001,TRUE,TRUE
DTC_L_110,LanSi,1,CW_01,B,2026-03-27 16:28:05+08:00,ONLINE,FALSE,,CW_1_01,PASS,,,51.7620432,_2026032716280558202,T20260327162805,DESKTOP-P2DUL42,Loma,1,CW_1_01,2,paul di,2024.0718.155524,V20260126.2,CW_DTCL_DTCR_STC,T20260327162857,51.7620432,TRUE,TRUE,TRUE,TRUE,TRUE,TRUE,TRUE,4S2RND2HBL06DS,v1.0.1,2025_12_22,314.4511,323,474.2222,302.3407,294.9272,151.9868,148.6093,342.755,333.5338,488.9624,-6.3513,2.309,-0.0001,0,-0.2281,1.5566,-0.218,1.5558,0.6666,155.9727,151.5586,150.6494,155.4629,153.4109,0.8215,0.7823,0.8224,0.7768,0.7768,0.7702,0.7534,0.7932,0.7413,0.7413,0.8091,0.8075,0.8071,0.7776,0.7574,0.726,0.7707,0.6932,0.6932,0.8059,0.7798,0.8321,0.8209,0.7798,0.8476,0.755,0.7628,0.8437,0.8279,0.8401,0.8013,0.7659,0.755,0,0,0,0,0,v1.0.1,2025_12_22,314.3556,323,475.3015,302.2574,294.8609,150.9272,147.5232,343.0397,333.8143,489.9143,-6.3289,2.3277,-0.0001,0,-0.2277,1.5575,-0.219,1.5542,0.6663,163.6299,158.9375,165.9131,165.1064,163.3967,0.684,0.6776,0.6805,0.6859,0.6776,0.658,0.6401,0.6496,0.6319,0.6319,0.6501,0.643,0.6354,0.6314,0.6314,0.62,0.6377,0.6104,0.6104,0.6674,0.6253,0.6965,0.6902,0.6253,0.6562,0.6282,0.6349,0.6844,0.6754,0.6913,0.6691,0.6302,0.6282,0,0,0,0,0,v1.0.1,2025_12_22,313.0849,315.3302,438,300.9455,299.3443,184.3115,184.9587,329.9669,327.0862,445.2241,-7.0052,-4.3444,-0.0001,0,-0.2141,1.5658,-0.2132,1.5629,0.6753,175.3887,174.0361,172.9229,175.0225,174.3425,0.7847,0.6788,0.7984,0.6655,0.6655,0.7523,0.667,0.7551,0.6408,0.6408,0.7665,0.7823,0.7738,0.69,0.69,0.7258,0,0.7379,0.7434,0.7258,0,0,0,0,0,v1.0.1,2025_12_22,313.0952,315.2762,438.8214,300.7589,299.1525,183.678,184.0083,329.95,327.2069,446.0431,-7.0431,-4.3588,-0.0001,0,-0.2144,1.5647,-0.2127,1.5628,0.6751,148.8945,143.6758,143.6709,147.0537,145.8237,0.6517,0.5877,0.6665,0.6003,0.5877,0.6318,0.5667,0.624,0.5648,0.5648,0.6318,0.6324,0.6574,0.6106,0.6106,0.5783,0.5065,0.5964,0.6014,0.5065,0,0,0,0,0,-0.0061,-0.0853,-0.0251,-0.0465,-0.0465,-0.0224,-0.0775,-0.0126,-0.0451,-0.0451,-0.0095,-0.0051,-0.0131,0.0006,-0.0606,-0.0888,-0.0357,-0.0539,0.0016,0.0152,-0.0018,-0.0379,-0.0133,-0.0232,-0.0082,-0.0082,-0.0391,-0.0108,-0.0284,-0.0284,-0.019,-0.0127,-0.0328,-0.0065,-0.0224,-0.0563,-0.0123,-0.016,-0.0077,0.0208,-0.0011,-0.1462,-0.0064,-0.1234,-0.1203,0.0106,-0.1133,-0.0111,-0.1172,-0.1009,-0.0136,0.0159,0.0174,0,-0.0134,0.0024,-0.0046,-0.0959,-0.0079,-0.087,-0.0686,-0.002,-0.0899,-0.0039,-0.0797,-0.0631,-0.0151,-0.0062,0.0219,0.003,0.003,-0.0136,0.0191,TRUE,TRUE
DTC_L_111,LanSi,1,CW_01,C,2026-03-27 16:30:11+08:00,ONLINE,FALSE,,CW_1_01,PASS,,,51.6411976,_2026032716301183002,T20260327163011,DESKTOP-P2DUL42,Loma,1,CW_1_01,2,paul di,2024.0718.155524,V20260126.2,CW_DTCL_DTCR_STC,T20260327163103,51.6411976,TRUE,TRUE,TRUE,TRUE,TRUE,TRUE,TRUE,4S2RND2HBL06DS,v1.0.1,2025_12_22,314.1333,322.8741,474.1522,302.4275,294.88,152.3667,148.543,342.6026,333.3768,489.3841,-6.4829,2.431,-0.0001,0,-0.2266,1.5578,-0.2181,1.5552,0.6671,156.1387,151.7051,149.8838,155.8613,153.3972,0.8279,0.7902,0.8448,0.7893,0.7893,0.7847,0.7608,0.8067,0.7564,0.7564,0.8228,0.8112,0.8148,0.7683,0.7589,0.7164,0.7662,0.7087,0.7087,0.8218,0.723,0.8218,0.8314,0.723,0.8485,0.7433,0.7526,0.8366,0.8292,0.8247,0.7967,0.7768,0.7433,0,0,0,0,0,v1.0.1,2025_12_22,314.1367,322.9209,475.2071,302.3571,294.723,151.4189,147.4698,342.7114,333.695,490.3262,-6.4537,2.4469,-0.0001,0,-0.2265,1.5576,-0.2177,1.554,0.6668,163.1201,158.6826,165.0137,164.2002,162.7542,0.6714,0.6841,0.6969,0.7039,0.6714,0.6578,0.6447,0.6464,0.6522,0.6447,0.6538,0.6614,0.6602,0.6298,0.6377,0.6227,0.6373,0.6199,0.6199,0.6799,0.4783,0.6801,0.6967,0.4783,0.6526,0.6317,0.6309,0.6717,0.6766,0.6838,0.6809,0.6296,0.6296,0,0,0,0,0,v1.0.1,2025_12_22,312.9135,315.2212,437.7679,300.9286,299.0424,184.7881,184.605,329.605,327.0086,445.7069,-7.2325,-4.25,-0.0001,0,-0.2135,1.5643,-0.2111,1.5627,0.6756,175.9717,174.3516,172.5127,175.7256,174.6404,0.7887,0.6712,0.813,0.6763,0.6712,0.7495,0.6547,0.7603,0.6859,0.6547,0.7733,0.773,0.7677,0.6975,0.6975,0.7401,0,0.7187,0.7278,0.7187,0,0,0,0,0,v1.0.1,2025_12_22,312.9519,315.125,438.7321,300.7321,299,183.8974,183.7623,329.7213,327.1379,446.5,-7.1831,-4.3048,-0.0001,0,-0.2134,1.5644,-0.212,1.5627,0.6754,148.124,143.4395,142.5566,145.917,145.0093,0.6694,0.5789,0.6777,0.5933,0.5789,0.6225,0.5566,0.6262,0.5917,0.5566,0.6395,0.6559,0.6411,0.6042,0.6042,0.5768,0.5412,0.5889,0.5855,0.5412,0,0,0,0,0,0.0003,-0.0774,-0.0027,-0.034,-0.034,-0.0079,-0.0701,0.0009,-0.03,-0.03,0.0042,-0.0014,-0.0054,-0.0087,-0.0591,-0.0984,-0.0402,-0.0384,0.0175,0.0049,-0.0144,-0.0314,0.0031,-0.0052,-0.0144,-0.0084,-0.0345,-0.014,-0.0081,-0.0156,-0.0153,0.0057,-0.008,-0.0081,-0.0161,-0.0536,-0.0127,-0.0065,0.0048,0.0044,0.0029,-0.1538,0.0082,-0.1126,-0.1146,0.0078,-0.1256,-0.0059,-0.0721,-0.087,-0.0068,0.0066,0.0113,0.0075,0.0009,-0.0168,0.0131,-0.1047,0.0033,-0.094,-0.0774,-0.0113,-0.1,-0.0017,-0.0528,-0.0713,-0.0074,0.0173,0.0056,-0.0034,-0.0034,-0.0151,0.0116,TRUE,TRUE
DTC_R_111,LanSi,1,CW_01,B,2026-03-27 16:30:11+08:00,ONLINE,FALSE,,CW_1_01,PASS,,,51.8775671,_2026032716301180101,T20260327163011,DESKTOP-P2DUL42,Loma,1,CW_1_01,1,paul di,2024.0718.155524,V20260126.2,CW_DTCL_DTCR_STC,T20260327163103,51.8775671,TRUE,TRUE,TRUE,TRUE,TRUE,TRUE,TRUE,4S2RND2HBL0DP6,v1.0.1,2025_12_22,315.3037,317.0815,475.4511,297.8346,295.9167,149.0486,149.72,337.2133,336,486,-5.0217,-2.0644,-0.0001,0,-0.2191,1.5554,-0.2205,1.5484,0.6661,155.9014,150.2324,151.8857,152.4951,152.6287,0.8714,0.7912,0.8717,0.7749,0.7749,0.8128,0.756,0.8213,0.7456,0.7456,0.823,0.8122,0.7508,0.784,0.742,0.7273,0.7472,0.7793,0.7273,0.8391,0.7992,0.7576,0.98,0.7576,0.8407,0.7734,0.7741,0.818,0.7486,0.7088,0.8453,0.8212,0.7088,0,0,0,0,0,v1.0.1,2025_12_22,315.2647,317.1103,476.5929,297.5929,295.8169,148.0211,148.543,337.3974,336.0805,487,-5.0404,-2.0757,-0.0001,0,-0.2199,1.5558,-0.2206,1.5484,0.6659,165.1299,159.9805,168.9551,164.5039,164.6423,0.6971,0.665,0.7102,0.6744,0.665,0.6714,0.6357,0.6602,0.6578,0.6357,0.6581,0.6632,0.6342,0.6481,0.6386,0.6391,0.6118,0.6378,0.6118,0.6613,0.6604,0.6431,0.1779,0.1779,0.6391,0.6606,0.6474,0.6828,0.6368,0.6032,0.6287,0.6508,0.6032,0,0,0,0,0,v1.0.1,2025_12_22,317.6422,328.4679,442.3826,313.5478,303.0333,196.9083,189,342.5873,332.2174,457.113,-2.6449,8.2249,0,0.0001,-0.2185,1.5597,-0.2088,1.5575,0.6725,177.3809,173.5,175.6426,174.8281,175.3379,0.8085,0.6431,0.8248,0.6507,0.6431,0.7673,0.6045,0.7773,0.6642,0.6045,0.7795,0.7661,0.7076,0.7198,0.7076,0.7521,0.6739,0.6867,0,0.6739,0,0,0,0,0,v1.0.1,2025_12_22,317.6,328.5,443.2035,313.5575,302.9667,196.0917,187.9752,342.7603,332.2712,458,-2.6967,8.2819,0,0.0001,-0.2179,1.5602,-0.2091,1.5575,0.6727,148.9062,143.9131,145.8057,144.1367,145.6904,0.6555,0.5581,0.6869,0.5749,0.5581,0.6435,0.5373,0.6505,0.575,0.5373,0.6401,0.6359,0.622,0.6316,0.622,0.5994,0.5392,0.5692,0.4216,0.4216,0,0,0,0,0,-0.002,-0.0898,-0.0071,-0.094,-0.094,-0.0023,-0.0645,-0.0139,-0.0794,-0.0695,-0.0058,-0.0018,-0.0693,-0.035,-0.0674,-0.095,-0.0563,-0.0334,-0.0048,-0.0394,-0.0053,-0.0443,-0.0042,-0.05,-0.0374,-0.0162,-0.0437,-0.0087,-0.0294,-0.0332,0.0053,0.0217,-0.0301,-0.0037,-0.0273,-0.0303,-0.0165,-0.0034,-0.0231,-0.0135,-0.0099,-0.1804,0.0158,-0.17,-0.1659,0.0038,-0.1762,0.0053,-0.1245,-0.159,0.0045,0.0023,-0.0439,-0.0198,0.0062,-0.0528,-0.0109,-0.1194,0.0195,-0.111,-0.1083,0.0003,-0.1131,0.0119,-0.0704,-0.1013,-0.0012,-0.0073,-0.012,0.011,0.0014,-0.0049,-0.019,TRUE,TRUE
DTC_L_112,LanSi,1,CW_01,A,2026-03-27 16:51:08+08:00,ONLINE,FALSE,,CW_1_01,PASS,,,51.7018425,_2026032716510803702,T20260327165108,DESKTOP-P2DUL42,Loma,1,CW_1_01,2,paul di,2024.0718.155524,V20260126.2,CW_DTCL_DTCR_STC,T20260327165159,51.7018425,TRUE,TRUE,TRUE,TRUE,TRUE,TRUE,TRUE,4S2RND2HBL06DS,v1.0.1,2025_12_22,313.8897,323.1691,473.7899,302.6304,294.5,151.4286,148,343.1419,333.15,490.3357,-6.8341,2.6411,-0.0001,0,-0.2272,1.5579,-0.2193,1.5556,0.6667,155.0186,150.9795,148.9619,154.3926,152.3381,0.8216,0.8077,0.8434,0.7975,0.7975,0.7741,0.7622,0.8062,0.7594,0.7594,0.7998,0.8038,0.8119,0.7606,0.7882,0.7376,0.7654,0.7162,0.7162,0.8159,0.7159,0.8379,0.8196,0.7159,0.8455,0.7822,0.751,0.8421,0.8432,0.8292,0.8032,0.7761,0.751,0,0,0,0,0,v1.0.1,2025_12_22,313.9571,323.1071,474.8345,302.6187,294.3922,150.4248,146.8784,343.277,333.2,491.4143,-6.8476,2.6684,-0.0001,0,-0.2262,1.5575,-0.2196,1.5564,0.667,163.3662,158.6455,164.8711,164.1963,162.7698,0.6798,0.6803,0.6876,0.6945,0.6798,0.6555,0.6377,0.6529,0.6653,0.6377,0.6468,0.655,0.6505,0.6391,0.6491,0.6343,0.6415,0.6062,0.6062,0.6758,0.6051,0.6818,0.6933,0.6051,0.6691,0.6468,0.6263,0.6914,0.6695,0.6946,0.6654,0.6388,0.6263,0,0,0,0,0,v1.0.1,2025_12_22,312.8491,315.4057,437.469,301.2212,298.8729,183.9831,184.2683,330.2683,326.7265,446.4615,-7.4628,-4.032,-0.0001,0,-0.2128,1.5643,-0.2146,1.5648,0.6754,175.6416,174.7061,172.6543,175.3027,174.5762,0.8002,0.7094,0.8162,0.6785,0.6785,0.7376,0.658,0.7728,0.6877,0.658,0.7828,0.7714,0.7727,0.7117,0.7117,0.7317,0,0.7382,0.7253,0.7253,0,0,0,0,0,v1.0.1,2025_12_22,312.783,315.4245,438.375,300.9286,298.775,183.1667,183.4538,330.3109,326.8319,447.2017,-7.4563,-4.0935,-0.0001,0,-0.2144,1.5648,-0.2141,1.5641,0.6751,148.4043,143.3154,142.5566,146.0811,145.0894,0.6619,0.6009,0.6727,0.5946,0.5946,0.6284,0.5679,0.6217,0.5944,0.5679,0.6317,0.63,0.6462,0.6025,0.6025,0.5921,0.5332,0.5728,0.5839,0.5332,0,0,0,0,0,-0.006,-0.0599,-0.0041,-0.0258,-0.0258,-0.0185,-0.0687,0.0004,-0.027,-0.027,-0.0188,-0.0088,-0.0083,-0.0164,-0.0298,-0.0772,-0.041,-0.0309,0.0116,0.021,-0.006,-0.0352,-0.0062,-0.0146,-0.006,-0.0107,-0.0415,-0.0075,0.005,-0.0226,-0.0223,-0.0007,-0.0177,0.0012,-0.0047,-0.042,-0.0085,-0.0202,0.0007,0.0061,0.0144,-0.1156,0.0114,-0.1104,-0.1073,-0.0041,-0.1223,0.0066,-0.0703,-0.0837,0.0027,0.005,0.0163,0.0217,-0.0075,0.0027,0.0056,-0.0827,-0.0017,-0.0927,-0.0617,-0.0054,-0.0887,-0.0062,-0.0501,-0.06,-0.0152,-0.0086,0.0107,-0.0051,-0.0051,0.0002,-0.0045,TRUE,TRUE
DTC_R_112,LanSi,1,CW_01,C,2026-03-27 16:51:08+08:00,ONLINE,FALSE,,CW_1_01,PASS,,,51.7088241,_2026032716510803301,T20260327165108,DESKTOP-P2DUL42,Loma,1,CW_1_01,1,paul di,2024.0718.155524,V20260126.2,CW_DTCL_DTCR_STC,T20260327165159,51.7088241,TRUE,TRUE,TRUE,TRUE,TRUE,TRUE,TRUE,4S2RND2HBL0DP6,v1.0.1,2025_12_22,315.2963,317.2667,475.5,298,295.898,149.585,149.755,337.3907,336.034,485.932,-5.0034,-1.8651,-0.0001,0,-0.2192,1.5551,-0.2205,1.5479,0.6659,157.2217,154.3652,153.6807,156.5703,155.4595,0.86,0.7911,0.88,0.7799,0.7799,0.823,0.7487,0.8221,0.7909,0.7487,0.8118,0.8103,0.8073,0.8135,0.7137,0.7265,0.7699,0.7784,0.7137,0.8449,0.7557,0.7965,0.98,0.7557,0.837,0.7525,0.7747,0.8298,0.781,0.6694,0.8352,0.85,0.6694,0,0,0,0,0,v1.0.1,2025_12_22,315.3162,317.1912,476.637,297.8,295.6486,148.4527,148.5168,337.5436,336.0878,486.9527,-5.0587,-1.912,-0.0001,0,-0.2191,1.5542,-0.2209,1.5485,0.6657,164.0518,158.0654,166.6338,166.6738,163.8562,0.7023,0.6637,0.7051,0.6854,0.6637,0.6757,0.6338,0.6669,0.6579,0.6338,0.6495,0.6554,0.6594,0.6443,0.6222,0.6301,0.6057,0.6535,0.6057,0.6757,0.631,0.658,0.1389,0.1389,0.6533,0.6374,0.6526,0.6722,0.6612,0.6315,0.627,0.6698,0.627,0,0,0,0,0,v1.0.1,2025_12_22,317.8208,328.6792,442.3805,313.885,303.24,197.12,189.1,342.85,332.4298,457.4386,-2.5058,8.4946,0,0.0001,-0.2177,1.5599,-0.2091,1.5573,0.6726,177.4717,177.0176,176.5957,177.9463,177.2578,0.8094,0.6348,0.8234,0.6662,0.6348,0.7761,0.6287,0.7958,0.6856,0.6287,0.7762,0.7776,0.7698,0.7555,0.7555,0.7537,0.665,0.7431,0,0.665,0,0,0,0,0,v1.0.1,2025_12_22,317.8113,328.8113,443.2883,313.8468,303.088,196.424,188.1157,343,332.3761,458.2137,-2.5641,8.5592,0,0.0001,-0.2182,1.5595,-0.2085,1.5582,0.6728,148.2344,142.2695,143.6377,145.9033,145.0112,0.6638,0.5558,0.6813,0.5831,0.5558,0.6427,0.5595,0.6505,0.5799,0.5595,0.644,0.6434,0.6232,0.6342,0.6232,0.6089,0.5561,0.5797,0.3828,0.3828,0,0,0,0,0,-0.0134,-0.0899,0.0012,-0.089,-0.089,0.0079,-0.0718,-0.0131,-0.0341,-0.0664,-0.017,-0.0037,-0.0128,-0.0055,-0.0957,-0.0958,-0.0336,-0.0343,0.001,-0.0005,-0.0001,-0.0456,-0.0093,-0.039,-0.0387,-0.0119,-0.0456,-0.002,-0.0293,-0.0351,-0.0033,0.0139,-0.0049,-0.0075,-0.0437,-0.0393,-0.0226,0.0123,-0.0087,0.0014,-0.009,-0.1887,0.0144,-0.1545,-0.1742,0.0126,-0.152,0.0238,-0.1031,-0.1348,0.0012,0.0138,0.0183,0.0159,0.0078,0.0036,-0.0026,-0.1217,0.0139,-0.1028,-0.1106,-0.0005,-0.0909,0.0119,-0.0655,-0.0791,0.0027,0.0002,-0.0108,0.0136,0.0026,0.0046,-0.0085,TRUE,TRUE
DTC_L_113,LanSi,1,CW_01,B,2026-03-27 16:53:27+08:00,ONLINE,FALSE,,CW_1_01,PASS,,,51.3205264,_2026032716532731302,T20260327165327,DESKTOP-P2DUL42,Loma,1,CW_1_01,2,paul di,2024.0718.155524,V20260126.2,CW_DTCL_DTCR_STC,T20260327165418,51.3205264,TRUE,TRUE,TRUE,TRUE,TRUE,TRUE,TRUE,4S2RND2HBL06DS,v1.0.1,2025_12_22,314.3556,324,474.2222,303.8667,294.9801,153.457,148.6533,343.7667,333.6835,489.5468,-6.3211,3.4274,-0.0001,0,-0.2248,1.5572,-0.2182,1.5541,0.6671,156.4395,152.5029,150.3291,155.873,153.7861,0.8294,0.7933,0.8435,0.7809,0.7809,0.7778,0.7779,0.7917,0.751,0.751,0.8208,0.8181,0.8145,0.7682,0.7606,0.7179,0.7553,0.6892,0.6892,0.8103,0.8164,0.8266,0.8441,0.8103,0.8561,0.7612,0.7573,0.8433,0.8366,0.8192,0.8001,0.7511,0.7511,0,0,0,0,0,v1.0.1,2025_12_22,314.3235,324.0368,475.2536,303.6449,294.9408,152.4342,147.4768,343.9603,333.8345,490.6187,-6.3341,3.439,-0.0001,0,-0.2255,1.5578,-0.2183,1.5537,0.6669,163.9922,159.8516,165.9824,165.4473,163.8184,0.6857,0.6622,0.6866,0.6899,0.6622,0.6501,0.6426,0.6508,0.6489,0.6426,0.649,0.6542,0.6577,0.6373,0.632,0.6375,0.6294,0.5996,0.5996,0.6591,0.6437,0.6711,0.6877,0.6437,0.671,0.6378,0.6293,0.6643,0.6768,0.6909,0.6868,0.6161,0.6161,0,0,0,0,0,v1.0.1,2025_12_22,313.0476,316.3714,437.9099,302.1532,299.1765,185.8235,184.8487,330.8403,327.1271,446.1695,-7.078,-3.2284,-0.0001,0,-0.2129,1.5644,-0.2119,1.5622,0.6755,176.0127,175.2666,172.7344,175.752,174.9414,0.7882,0.6879,0.7982,0.6613,0.6613,0.7319,0.6705,0.7631,0.647,0.647,0.7775,0.7712,0.7767,0.6992,0.6992,0.7401,0,0.7391,0.7388,0.7388,0,0,0,0,0,v1.0.1,2025_12_22,313.0952,316.2762,438.7182,301.9,299.0431,184.8707,183.958,330.9664,327.3025,447.042,-7.0766,-3.2889,-0.0001,0,-0.2134,1.5637,-0.2128,1.5621,0.6749,149.1211,144.1963,143.584,147.2695,146.0427,0.6548,0.5675,0.6793,0.6085,0.5675,0.6126,0.5774,0.6322,0.5796,0.5774,0.6316,0.6393,0.643,0.6163,0.6163,0.5917,0.5408,0.5787,0.5999,0.5408,0,0,0,0,0,0.0018,-0.0743,-0.004,-0.0424,-0.0424,-0.0148,-0.053,-0.0141,-0.0354,-0.0354,0.0022,0.0055,-0.0057,-0.0088,-0.0574,-0.0969,-0.0511,-0.0579,0.006,0.0097,-0.0001,-0.0533,-0.0072,-0.0192,-0.0236,-0.0161,-0.0366,-0.0096,-0.0114,-0.0177,-0.0201,-0.0015,-0.0105,-0.0006,-0.0218,-0.0388,-0.0206,-0.0268,-0.016,-0.0046,0.0024,-0.1371,-0.0066,-0.1276,-0.1245,-0.0098,-0.1098,-0.0031,-0.111,-0.0947,-0.0026,0.0048,0.0203,0.0092,0.0009,0.0036,-0.0015,-0.1161,0.0049,-0.0788,-0.0888,-0.0212,-0.0792,0.0043,-0.0649,-0.0505,-0.0153,0.0007,0.0075,0.0087,0.0087,-0.0002,0.0014,TRUE,TRUE
DTC_R_113,LanSi,1,CW_01,A,2026-03-27 16:53:27+08:00,ONLINE,FALSE,,CW_1_01,PASS,,,51.8915382,_2026032716532700301,T20260327165327,DESKTOP-P2DUL42,Loma,1,CW_1_01,1,paul di,2024.0718.155524,V20260126.2,CW_DTCL_DTCR_STC,T20260327165418,51.8915382,TRUE,TRUE,TRUE,TRUE,TRUE,TRUE,TRUE,4S2RND2HBL0DP6,v1.0.1,2025_12_22,315.3209,317.8731,475.2647,298.3309,295.6966,149.5448,149.6803,337.898,335.8784,484.6284,-5.1318,-1.845,-0.0001,0,-0.2211,1.5542,-0.2198,1.5476,0.6652,155.8506,153.3584,152.707,155.4697,154.3464,0.8575,0.8007,0.8667,0.7717,0.7717,0.819,0.7642,0.8302,0.7349,0.7349,0.8185,0.8039,0.8254,0.8274,0.7378,0.737,0.7735,0.7361,0.7361,0.8342,0.8231,0.7987,0.6257,0.6257,0.857,0.7806,0.7681,0.8241,0.7922,0.706,0.8115,0.8409,0.706,0,0,0,0,0,v1.0.1,2025_12_22,315.2647,317.8897,476.3603,298.1691,295.5616,148.5548,148.5436,337.9866,336,485.723,-5.1539,-1.8354,-0.0001,0,-0.2213,1.5544,-0.2194,1.5474,0.6653,164.5732,158.4092,167.3496,167.2979,164.4075,0.7033,0.6775,0.7109,0.6713,0.6713,0.6824,0.6543,0.6656,0.6305,0.6305,0.6677,0.6629,0.6619,0.6642,0.6292,0.6385,0.6136,0.6157,0.6136,0.6755,0.6735,0.6629,0.0445,0.0445,0.6493,0.6624,0.6482,0.6618,0.6551,0.5728,0.6239,0.6751,0.5728,0,0,0,0,0,v1.0.1,2025_12_22,317.6635,329.0769,442.2478,314.3186,303.0492,197.2131,189.0726,343.3468,332.2087,456.3826,-2.6517,8.5676,0,0.0001,-0.2174,1.5599,-0.21,1.5565,0.6723,177.5029,177.0537,177.0391,177.9424,177.3845,0.812,0.662,0.8284,0.6301,0.6301,0.7754,0.6367,0.7905,0.6225,0.6225,0.7879,0.7686,0.7603,0.7548,0.7548,0.7559,0.6776,0.7429,0,0.6776,0,0,0,0,0,v1.0.1,2025_12_22,317.5888,329.1121,443.0727,314.2364,302.9417,196.6833,188.124,343.4215,332.2212,457.3186,-2.7103,8.6544,0,0.0001,-0.2175,1.5601,-0.2096,1.5566,0.6724,148.3438,142.6963,144.4443,146.2598,145.436,0.6724,0.582,0.6789,0.5567,0.5567,0.6408,0.5714,0.6605,0.5422,0.5422,0.6407,0.649,0.6468,0.6341,0.6341,0.5954,0.5598,0.5835,0.3119,0.3119,0,0,0,0,0,-0.0159,-0.0803,-0.0121,-0.0972,-0.0972,0.0039,-0.0563,-0.005,-0.0901,-0.0802,-0.0103,-0.0101,0.0053,0.0084,-0.0716,-0.0853,-0.03,-0.0766,-0.0097,0.0017,0.0009,-0.0318,-0.0035,-0.0531,-0.0311,-0.0052,-0.0251,-0.0033,-0.0567,-0.0384,0.0149,0.0214,-0.0024,0.0124,-0.0367,-0.0309,-0.0147,-0.0255,-0.0089,0.0063,-0.0064,-0.1615,0.0194,-0.1906,-0.1789,0.0119,-0.144,0.0185,-0.1662,-0.141,0.0129,0.0048,0.0088,0.0152,0.01,0.0034,0.006,-0.0955,0.0115,-0.1292,-0.1097,-0.0024,-0.079,0.0219,-0.1032,-0.0964,-0.0006,0.0058,0.0128,0.0135,0.0135,-0.0089,-0.0047,TRUE,TRUE
DTC_R_114,LanSi,1,CW_01,A,2026-03-27 18:02:52+08:00,ONLINE,FALSE,,CW_1_01,FAIL,SFR_VIS_25cm_Ny4_01F_ROI4_Dev;SFR_VIS_25cm_Ny4_01F_Min_Dev,Dev,42.0975766,_2026032718025248401,T20260327180252,DESKTOP-P2DUL42,Loma,1,CW_1_01,1,paul di,2024.0718.155524,V20260126.2,CW_DTCL_DTCR_STC,T20260327180334,42.0975766,TRUE,TRUE,TRUE,TRUE,TRUE,TRUE,TRUE,4S2RND2HBL0DP6,v1.0.1,2025_12_22,315.2868,317.4118,475.5,298,295.7329,149.4315,149.6757,337.5,335.9589,484.8836,-5.0692,-2.0546,-0.0001,0,-0.2201,1.5544,-0.2202,1.5475,0.6654,156.0605,151.6631,153.1348,155.4805,154.0847,0.8679,0.79,0.8736,0.7482,0.7482,0.8053,0.742,0.8191,0.7621,0.742,0.7967,0.8156,0.8071,0.826,0.7245,0.7505,0.769,0.7552,0.7245,0.8315,0.7995,0.7935,0.3988,0.3988,0.8454,0.7711,0.7424,0.8113,0.7657,0.712,0.8167,0.8432,0.712,0,0,0,0,0,v1.0.1,2025_12_22,315.2086,317.3669,476.5185,297.8815,295.6712,148.3836,148.5,337.5,336,485.9597,-5.1203,-2.0817,-0.0001,0,-0.2197,1.5552,-0.2197,1.5476,0.6658,164.4199,158.0498,168.0859,166.8066,164.3406,0.7063,0.6728,0.7079,0.6474,0.6474,0.6752,0.6493,0.6815,0.6479,0.6479,0.6373,0.656,0.6546,0.6453,0.6267,0.6396,0.6318,0.6264,0.6264,0.6657,0.6531,0.6613,0.0431,0.0431,0.6471,0.6451,0.6428,0.6619,0.6544,0.594,0.6369,0.6822,0.594,0,0,0,0,0,v1.0.1,2025_12_22,317.6759,328.7778,442.2054,313.9732,303.1311,197.1803,188.9587,342.9091,332.1947,456.4867,-2.6668,8.3654,0,0.0001,-0.2178,1.5602,-0.2088,1.5571,0.6727,177.998,175.6016,177.5752,178.6973,177.468,0.8123,0.6368,0.8043,0.6086,0.6086,0.7566,0.6292,0.7658,0.6431,0.6292,0.7843,0.7674,0.7698,0.7462,0.7462,0.7444,0.6717,0.734,0,0.6717,0,0,0,0,0,v1.0.1,2025_12_22,317.5,329,443.0625,313.8929,302.9593,196.4228,188.0917,343.2,332.3333,457.4298,-2.7106,8.4891,0,0.0001,-0.2192,1.561,-0.2088,1.5553,0.6721,148.4307,142.3682,145.2715,146.4844,145.6387,0.6704,0.5701,0.6738,0.5466,0.5466,0.6377,0.5527,0.6499,0.5627,0.5527,0.6394,0.6317,0.6438,0.6326,0.6317,0.5826,0.545,0.5734,0.3587,0.3587,0,0,0,0,0,-0.0055,-0.091,-0.0052,-0.1207,-0.1207,-0.0098,-0.0785,-0.0161,-0.0629,-0.0731,-0.0321,0.0016,-0.013,0.007,-0.0849,-0.0718,-0.0345,-0.0575,-0.0124,-0.0035,0.0039,-0.0365,-0.0065,-0.077,-0.055,-0.0124,-0.0301,0.0126,-0.0393,-0.021,-0.0155,0.0145,-0.0097,-0.0065,-0.0392,-0.0298,0.0035,-0.0148,-0.0187,0.0047,-0.0061,-0.1867,-0.0047,-0.2121,-0.2004,-0.0069,-0.1515,-0.0062,-0.1456,-0.1343,0.0093,0.0036,0.0183,0.0066,-0.0015,-0.0055,0.004,-0.1074,0.0064,-0.1393,-0.1198,-0.0055,-0.0977,0.0113,-0.0827,-0.0859,-0.0019,-0.0115,0.0098,0.012,0.0111,-0.0217,-0.0148,TRUE,TRUE
DTC_L_114,LanSi,1,CW_01,C,2026-03-27 16:55:43+08:00,ONLINE,FALSE,,CW_1_01,PASS,,,51.8774387,_2026032716554331102,T20260327165543,DESKTOP-P2DUL42,Loma,1,CW_1_01,2,paul di,2024.0718.155524,V20260126.2,CW_DTCL_DTCR_STC,T20260327165635,51.8774387,TRUE,TRUE,TRUE,TRUE,TRUE,TRUE,TRUE,4S2RND2HBL06DS,v1.0.1,2025_12_22,315.3258,322.1591,475.437,301.4148,296.4133,151.66,150,342.0479,334.7899,487.3478,-5.1068,1.4259,-0.0001,0,-0.2283,1.5598,-0.2192,1.553,0.6663,154.9307,150.4502,148.8711,154.5947,152.2117,0.8234,0.7995,0.8323,0.7804,0.7804,0.7877,0.7658,0.7935,0.746,0.746,0.7983,0.8137,0.8127,0.7549,0.7442,0.7476,0.7445,0.6863,0.6863,0.8205,0.98,0.8134,0.794,0.794,0.8299,0.725,0.7415,0.8466,0.8073,0.7689,0.7674,0.7752,0.725,0,0,0,0,0,v1.0.1,2025_12_22,315.2647,322.1103,476.4265,301.3088,296.1034,150.8138,148.9592,342.3129,334.8759,488.5328,-5.1741,1.5157,-0.0001,0,-0.2278,1.5589,-0.2204,1.553,0.6659,162.6729,158.4795,164.6143,164.1084,162.4688,0.6785,0.678,0.6878,0.6858,0.678,0.6627,0.6297,0.6515,0.6476,0.6297,0.6392,0.6538,0.6505,0.6432,0.6194,0.6453,0.6308,0.6017,0.6017,0.6711,0.4562,0.6936,0.6702,0.4562,0.6627,0.6281,0.6141,0.6729,0.674,0.657,0.6883,0.6429,0.6141,0,0,0,0,0,v1.0.1,2025_12_22,314.066,314.5755,439,300.0545,300.5,184,186.0738,329.3197,328.1368,444.2222,-5.9447,-5.0656,-0.0001,-0.0001,-0.2152,1.5668,-0.2142,1.5622,0.6749,175.7549,174.3896,172.6348,175.6748,174.6135,0.7956,0.6868,0.7977,0.6763,0.6763,0.7428,0.662,0.7744,0.66,0.66,0.7556,0.7749,0.769,0.6986,0.6986,0.7323,0,0.7259,0.6545,0.6545,0,0,0,0,0,v1.0.1,2025_12_22,314,314.5,439.7658,299.8739,300.3782,183.3109,185.1639,329.4836,328.2712,445,-5.9842,-5.0663,-0.0001,-0.0001,-0.2153,1.5668,-0.2153,1.5614,0.6744,148.2871,143.3848,142.2881,146.1699,145.0325,0.6607,0.5868,0.664,0.6005,0.5868,0.6311,0.5639,0.6236,0.5696,0.5639,0.6283,0.634,0.6395,0.6085,0.6085,0.59,0.5222,0.5774,0.5472,0.5222,0,0,0,0,0,-0.0042,-0.0681,-0.0152,-0.0429,-0.0429,-0.0049,-0.0651,-0.0123,-0.0404,-0.0404,-0.0203,0.0011,-0.0075,-0.0221,-0.0738,-0.0672,-0.0619,-0.0608,0.0162,-0.0035,-0.0073,-0.0375,-0.006,-0.0233,-0.0078,-0.0035,-0.0495,-0.0089,-0.0127,-0.0306,-0.0299,-0.0019,-0.0177,0.0053,-0.0344,-0.031,-0.0192,-0.0247,-0.004,0.0179,0.0098,-0.1382,-0.0071,-0.1126,-0.1095,0.0011,-0.1183,0.0082,-0.098,-0.0817,-0.0245,0.0085,0.0126,0.0086,-0.0069,-0.0096,0.0044,-0.0968,-0.0104,-0.0868,-0.0695,-0.0027,-0.0927,-0.0043,-0.0749,-0.064,-0.0186,-0.0046,0.004,0.0009,0.0009,-0.0019,0.0001,TRUE,TRUE
DTC_R_115,LanSi,1,CW_01,C,2026-03-27 16:57:18+08:00,ONLINE,FALSE,,CW_1_01,PASS,,,51.5068849,_2026032716571870201,T20260327165718,DESKTOP-P2DUL42,Loma,1,CW_1_01,1,paul di,2024.0718.155524,V20260126.2,CW_DTCL_DTCR_STC,T20260327165810,51.5068849,TRUE,TRUE,TRUE,TRUE,TRUE,TRUE,TRUE,4S2RND2HBL0DP6,v1.0.1,2025_12_22,315.1765,317.1471,475.1324,297.5809,295.5442,148.4218,149.6533,337.2333,335.7847,483.7361,-5.2418,-2.6762,-0.0001,0,-0.2212,1.5544,-0.2202,1.5472,0.665,156.7363,154.9053,154.0342,156.8574,155.6333,0.8725,0.8145,0.8688,0.7994,0.7994,0.8311,0.7786,0.8179,0.7363,0.7363,0.8299,0.8084,0.8199,0.8123,0.7411,0.7347,0.7496,0.7166,0.7166,0.8515,0.8048,0.8069,0.98,0.8048,0.839,0.7952,0.783,0.8116,0.7835,0.6851,0.8159,0.837,0.6851,0,0,0,0,0,v1.0.1,2025_12_22,315.0429,317.1071,476.1655,297.3813,295.3946,147.4558,148.4276,337.3618,335.9178,484.8562,-5.3103,-2.6676,-0.0001,0,-0.2213,1.555,-0.2205,1.5465,0.6649,165.0371,159.0527,167.6016,167.7646,164.864,0.7051,0.6895,0.7114,0.6864,0.6864,0.6742,0.6455,0.6716,0.6228,0.6228,0.6525,0.6564,0.6557,0.6598,0.6358,0.6392,0.6144,0.6123,0.6123,0.6685,0.6557,0.6463,0.2594,0.2594,0.6502,0.6595,0.6555,0.6653,0.6586,0.5771,0.6272,0.6668,0.5771,0,0,0,0,0,v1.0.1,2025_12_22,317.5221,328.5487,442.0545,313.5909,302.9048,196.4206,188.9048,342.619,332.0446,455.8661,-2.8138,7.9091,0,0.0001,-0.219,1.5601,-0.2084,1.5567,0.6723,177.3975,177.4629,177.2549,178.3096,177.6062,0.8103,0.6699,0.824,0.6364,0.6364,0.7797,0.6597,0.7814,0.6083,0.6083,0.7733,0.7729,0.7817,0.7426,0.7426,0.7492,0.6692,0.7399,0,0.6692,0,0,0,0,0,v1.0.1,2025_12_22,317.3364,328.6262,442.7928,313.6216,302.7561,195.7561,187.9496,342.8319,332.0714,456.6607,-2.9187,7.9993,0,0.0001,-0.2185,1.561,-0.2088,1.5557,0.6723,148.8418,143.3145,144.623,146.875,145.9136,0.6697,0.5729,0.6783,0.5734,0.5729,0.6376,0.5875,0.6383,0.5257,0.5257,0.6445,0.6293,0.6481,0.6356,0.6293,0.604,0.5451,0.5874,0.4081,0.4081,0,0,0,0,0,-0.0009,-0.0665,-0.01,-0.0695,-0.0695,0.016,-0.0419,-0.0173,-0.0887,-0.0788,0.0011,-0.0056,-0.0002,-0.0067,-0.0683,-0.0876,-0.0539,-0.0961,0.0076,0.0099,0.0027,-0.0198,-0.003,-0.038,-0.016,-0.0134,-0.0339,0.0027,-0.0644,-0.0461,-0.0003,0.0149,-0.0086,0.008,-0.0301,-0.0302,-0.0139,-0.0289,-0.0159,-0.0103,-0.0081,-0.1536,0.015,-0.1843,-0.1726,0.0162,-0.121,0.0094,-0.1804,-0.1552,-0.0017,0.0091,0.0302,0.003,0.0033,0.0004,0.0033,-0.1046,0.0109,-0.1125,-0.0935,-0.0056,-0.0629,-0.0003,-0.1197,-0.1129,0.0032,-0.0139,0.0141,0.015,0.0087,-0.0003,-0.0008,TRUE,TRUE
DTC_L_115,LanSi,1,CW_01,A,2026-03-27 16:57:18+08:00,ONLINE,FALSE,,CW_1_01,PASS,,,51.5826829,_2026032716571865002,T20260327165718,DESKTOP-P2DUL42,Loma,1,CW_1_01,2,paul di,2024.0718.155524,V20260126.2,CW_DTCL_DTCR_STC,T20260327165810,51.5826829,TRUE,TRUE,TRUE,TRUE,TRUE,TRUE,TRUE,4S2RND2HBL06DS,v1.0.1,2025_12_22,314.1691,323.2353,474.2932,302.9323,294.9262,152.698,148.5789,343.2105,333.5507,489.5725,-6.3964,2.8297,-0.0001,0,-0.2256,1.5579,-0.2195,1.5543,0.6668,155.2061,150.7939,148.8643,154.6396,152.376,0.8227,0.7985,0.8526,0.7914,0.7914,0.7847,0.7653,0.8058,0.7575,0.7575,0.8217,0.8255,0.8236,0.7871,0.7509,0.7149,0.7768,0.7227,0.7149,0.8132,0.98,0.8243,0.8245,0.8132,0.8491,0.7489,0.7263,0.8365,0.851,0.8251,0.7895,0.7702,0.7263,0,0,0,0,0,v1.0.1,2025_12_22,314.1691,323.2353,475.3852,302.8741,294.8456,151.7383,147.4371,343.3179,333.7589,490.6099,-6.3808,2.8551,-0.0001,0,-0.2251,1.5581,-0.2194,1.5538,0.6668,163.4951,159.2441,165.4766,164.4697,163.1714,0.6621,0.6761,0.6906,0.6881,0.6621,0.66,0.629,0.6617,0.6633,0.629,0.6563,0.6504,0.6579,0.6142,0.6265,0.6376,0.6402,0.6241,0.6142,0.6739,0.4827,0.6751,0.6805,0.4827,0.6554,0.641,0.5978,0.678,0.6771,0.6799,0.6523,0.6179,0.5978,0,0,0,0,0,v1.0.1,2025_12_22,313,315.6038,437.9364,301.3364,299.0598,185.0256,184.6583,330.275,327.0169,445.9492,-7.1657,-3.862,-0.0001,0,-0.2132,1.5639,-0.2133,1.5632,0.6751,176.2207,174.5479,172.4482,175.5869,174.7009,0.7995,0.7002,0.8145,0.6813,0.6813,0.7561,0.6544,0.7584,0.6728,0.6544,0.7838,0.7765,0.7646,0.7075,0.7075,0.7384,0,0.7389,0.7274,0.7274,0,0,0,0,0,v1.0.1,2025_12_22,313,315.5,438.8108,301.1892,299,184.1026,183.7769,330.3388,327.1304,446.6696,-7.1564,-3.94,-0.0001,0,-0.2127,1.5641,-0.2138,1.563,0.6751,148.8359,143.6797,143.1709,146.4014,145.522,0.6511,0.5876,0.6782,0.6063,0.5876,0.6301,0.5721,0.6234,0.6013,0.5721,0.6231,0.6491,0.6453,0.6172,0.6172,0.6091,0.5248,0.5941,0.5743,0.5248,0,0,0,0,0,-0.0049,-0.0691,0.0051,-0.0319,-0.0319,-0.0079,-0.0656,0,-0.0289,-0.0289,0.0031,0.0129,0.0034,0.0101,-0.0671,-0.0999,-0.0296,-0.0244,0.0089,0.0074,-0.0237,-0.0394,-0.0032,-0.021,-0.0237,-0.0062,-0.0502,0.0013,0.003,-0.0313,-0.0128,-0.0053,-0.0103,-0.0237,-0.0273,-0.0387,-0.0098,-0.0023,-0.0012,-0.0006,0.0137,-0.1248,0.0097,-0.1076,-0.1045,0.0144,-0.1259,-0.0078,-0.0852,-0.0873,0.0037,0.0101,0.0082,0.0175,-0.0008,0.0034,-0.0052,-0.096,0.0038,-0.081,-0.0687,-0.0037,-0.0845,-0.0045,-0.0432,-0.0558,-0.0238,0.0105,0.0098,0.0096,0.0096,0.0172,0.0168,TRUE,TRUE
DTC_L_116,LanSi,1,CW_01,B,2026-03-27 16:59:25+08:00,ONLINE,FALSE,,CW_1_01,PASS,,,51.3653153,_2026032716592572302,T20260327165925,DESKTOP-P2DUL42,Loma,1,CW_1_01,2,paul di,2024.0718.155524,V20260126.2,CW_DTCL_DTCR_STC,T20260327170017,51.3653153,TRUE,TRUE,TRUE,TRUE,TRUE,TRUE,TRUE,4S2RND2HBL06DS,v1.0.1,2025_12_22,314.2388,322.8209,474.2593,302.2815,294.96,152.02,148.56,342.56,333.6204,488.8759,-6.3723,2.2117,-0.0001,0,-0.2271,1.5579,-0.2181,1.5541,0.6667,156.2168,152.0176,150.2656,155.4336,153.4834,0.8017,0.7953,0.8437,0.7781,0.7781,0.7577,0.7526,0.7992,0.7585,0.7526,0.823,0.8139,0.7994,0.7637,0.7515,0.7295,0.7847,0.6963,0.6963,0.8233,0.7707,0.8269,0.8346,0.7707,0.836,0.759,0.7588,0.8113,0.8222,0.7943,0.7892,0.766,0.7588,0,0,0,0,0,v1.0.1,2025_12_22,314.2647,322.8897,475.363,302.1333,294.8533,150.9733,147.457,342.6026,333.7391,489.8913,-6.3646,2.1981,-0.0001,0,-0.2276,1.5578,-0.2171,1.5542,0.6668,163.1553,158.8555,164.7578,164.0312,162.7,0.6794,0.6744,0.6863,0.6997,0.6744,0.6472,0.6356,0.6557,0.6507,0.6356,0.6542,0.6514,0.6604,0.6433,0.6327,0.6391,0.6391,0.613,0.613,0.6568,0.6412,0.6864,0.6843,0.6412,0.6628,0.6537,0.6249,0.6788,0.692,0.6275,0.6723,0.6156,0.6156,0,0,0,0,0,v1.0.1,2025_12_22,313.0777,315.0777,437.973,300.7928,299.2397,184.2562,184.605,329.605,327.0769,445.1709,-7.1055,-4.5195,-0.0001,0,-0.2134,1.5649,-0.2121,1.5631,0.6756,175.8545,174.8936,172.9053,175.1367,174.6975,0.7964,0.6698,0.8044,0.6723,0.6698,0.7362,0.6443,0.7577,0.6654,0.6443,0.7731,0.7688,0.7664,0.6998,0.6998,0.7355,0,0.7307,0.7444,0.7307,0,0,0,0,0,v1.0.1,2025_12_22,313,315,438.8091,300.6727,299.0088,183.6667,183.8115,329.623,327.2222,446.0085,-7.1297,-4.5058,-0.0001,0,-0.2129,1.5641,-0.2122,1.5621,0.6753,148.3418,143.7002,142.8682,146.167,145.2693,0.6659,0.5782,0.6817,0.6068,0.5782,0.6164,0.5504,0.631,0.5842,0.5504,0.6369,0.6273,0.6364,0.6193,0.6193,0.588,0.5291,0.5764,0.5923,0.5291,0,0,0,0,0,-0.0259,-0.0723,-0.0038,-0.0452,-0.0452,-0.0349,-0.0783,-0.0066,-0.0279,-0.0338,0.0044,0.0013,-0.0208,-0.0133,-0.0665,-0.0853,-0.0217,-0.0508,0.019,0.01,-0.0064,-0.0411,-0.0075,-0.0094,-0.0114,-0.019,-0.0436,-0.0047,-0.0096,-0.0247,-0.0149,-0.0043,-0.0078,0.0054,-0.0211,-0.0372,-0.0109,-0.0134,-0.0183,0.0107,0.0106,-0.1552,-0.0004,-0.1166,-0.116,-0.0055,-0.136,-0.0085,-0.0926,-0.0974,-0.007,0.0024,0.01,0.0098,-0.0037,-0.0048,0.0096,-0.1054,0.0073,-0.0805,-0.0781,-0.0174,-0.1062,0.0031,-0.0603,-0.0775,-0.01,-0.0113,0.0009,0.0117,0.0117,-0.0039,-0.0009,TRUE,TRUE
DTC_R_116,LanSi,1,CW_01,A,2026-03-27 16:59:25+08:00,ONLINE,FALSE,,CW_1_01,PASS,,,51.2117254,_2026032716592586701,T20260327165925,DESKTOP-P2DUL42,Loma,1,CW_1_01,1,paul di,2024.0718.155524,V20260126.2,CW_DTCL_DTCR_STC,T20260327170017,51.2117254,TRUE,TRUE,TRUE,TRUE,TRUE,TRUE,TRUE,4S2RND2HBL0DP6,v1.0.1,2025_12_22,315.0217,317.0435,474.708,297,295.5442,147.4218,149.543,337.3974,335.4748,486.2158,-5.4416,-2.4843,-0.0001,0,-0.2243,1.556,-0.2219,1.55,0.6649,154.7764,152.4209,152.4434,154.5947,153.5588,0.871,0.8389,0.8759,0.8449,0.8389,0.8245,0.7703,0.8304,0.8027,0.7703,0.8216,0.8098,0.8184,0.8066,0.7703,0.7768,0.7528,0.7678,0.7528,0.846,0.8176,0.8005,0.1584,0.1584,0.8531,0.7861,0.7808,0.8352,0.8004,0.778,0.7188,0.8501,0.7188,0,0,0,0,0,v1.0.1,2025_12_22,315.0638,317.0638,475.8333,296.9348,295.3378,146.3716,148.4834,337.543,335.7746,487.1268,-5.4014,-2.492,-0.0001,0,-0.224,1.5552,-0.2218,1.5491,0.6646,164.748,159.6826,168.6299,166.918,164.9946,0.7102,0.6984,0.7219,0.7121,0.6984,0.6863,0.6437,0.6731,0.6679,0.6437,0.6603,0.6497,0.6729,0.6437,0.6524,0.658,0.6079,0.6354,0.6079,0.691,0.661,0.6634,0.3705,0.3705,0.6515,0.663,0.664,0.677,0.6628,0.6126,0.6396,0.6803,0.6126,0,0,0,0,0,v1.0.1,2025_12_22,317.3578,328.5321,441.5478,313.3826,302.8254,195.5,188.7886,342.8862,331.9115,458,-3.0138,8.1602,0,0.0001,-0.2209,1.5615,-0.2107,1.5583,0.6721,176.2324,175.9307,176.2891,177.2344,176.4216,0.8171,0.7331,0.8278,0.7428,0.7331,0.7742,0.672,0.7822,0.7053,0.672,0.7689,0.7486,0.7585,0.715,0.715,0.7294,0.6821,0.7303,0,0.6821,0,0,0,0,0,v1.0.1,2025_12_22,317.3578,328.5321,442.5478,313.3826,302.696,194.816,187.8934,343.0492,331.9558,458.708,-3.0098,8.1976,0,0.0001,-0.2199,1.5611,-0.2111,1.5586,0.6722,148.4922,143.9219,145.6602,146.2402,146.0786,0.6644,0.6176,0.6787,0.6384,0.6176,0.6367,0.5764,0.6536,0.5859,0.5764,0.6412,0.6435,0.6462,0.603,0.603,0.587,0.551,0.5844,0.4399,0.4399,0,0,0,0,0,-0.0024,-0.0421,-0.0029,-0.024,-0.03,0.0094,-0.0502,-0.0048,-0.0223,-0.0448,-0.0072,-0.0042,-0.0017,-0.0124,-0.0391,-0.0455,-0.0507,-0.0449,0.0021,0.0035,0.0078,-0.0109,0.0075,-0.0123,-0.004,-0.0013,-0.0357,0.0042,-0.0193,-0.0252,0.0075,0.0082,0.0086,-0.0081,-0.0135,-0.0114,-0.0204,-0.0058,0.0066,0.0068,-0.0013,-0.0904,0.0188,-0.0779,-0.0759,0.0107,-0.1087,0.0102,-0.0834,-0.0915,-0.0061,-0.0152,0.007,-0.0246,-0.0165,-0.0092,-0.002,-0.0599,0.0113,-0.0475,-0.0488,-0.0065,-0.074,0.015,-0.0595,-0.0622,-0.0001,0.0003,0.0122,-0.0176,-0.0176,-0.0173,-0.0038,TRUE,TRUE
DTC_L_117,LanSi,1,CW_01,C,2026-03-27 17:01:24+08:00,ONLINE,FALSE,,CW_1_01,PASS,,,51.6156677,_2026032717012452002,T20260327170124,DESKTOP-P2DUL42,Loma,1,CW_1_01,2,paul di,2024.0718.155524,V20260126.2,CW_DTCL_DTCR_STC,T20260327170216,51.6156677,TRUE,TRUE,TRUE,TRUE,TRUE,TRUE,TRUE,4S2RND2HBL06DS,v1.0.1,2025_12_22,315.1791,322.5,475.3134,301.8134,296.2381,151.6054,149.9597,342.3893,334.5821,487.9627,-5.2455,1.7542,-0.0001,0,-0.228,1.5599,-0.2193,1.5535,0.6666,156.1523,151.6475,150.0723,155.5518,153.356,0.8263,0.7944,0.8577,0.793,0.793,0.7828,0.7597,0.7987,0.7412,0.7412,0.8126,0.8113,0.8118,0.7637,0.7555,0.7454,0.745,0.6809,0.6809,0.8174,0.98,0.8082,0.7903,0.7903,0.8498,0.7286,0.7385,0.8309,0.8211,0.7872,0.7782,0.773,0.7286,0,0,0,0,0,v1.0.1,2025_12_22,315.1871,322.5396,476.3617,301.6028,296.0592,150.5658,148.8456,342.6107,334.708,489,-5.2677,1.7638,-0.0001,0,-0.2287,1.5595,-0.2196,1.5535,0.6662,163.4053,159.3652,165.4004,164.4648,163.1589,0.6787,0.6771,0.6987,0.6887,0.6771,0.6495,0.6445,0.6586,0.6516,0.6445,0.6547,0.6541,0.6521,0.6402,0.6262,0.6304,0.633,0.6074,0.6074,0.681,0.4646,0.7013,0.6698,0.4646,0.6467,0.6312,0.6274,0.6785,0.6718,0.6643,0.6618,0.6333,0.6274,0,0,0,0,0,v1.0.1,2025_12_22,313.9151,314.6698,438.7544,300.4123,300.3719,184.0331,186.0488,329.5122,328.0431,444.8707,-6.0733,-4.8004,-0.0001,0,-0.2132,1.567,-0.215,1.5622,0.6752,175.9805,174.5195,172.7959,175.2842,174.645,0.79,0.7129,0.8033,0.6929,0.6929,0.7353,0.6609,0.7666,0.6568,0.6568,0.7729,0.7721,0.7633,0.7145,0.7145,0.7319,0,0.7252,0.6592,0.6592,0,0,0,0,0,v1.0.1,2025_12_22,313.9626,314.6449,439.5487,300.2832,300.2269,183.2605,185.1721,329.6557,328.1062,445.6195,-6.0967,-4.8072,-0.0001,0,-0.2133,1.5661,-0.2155,1.5627,0.675,148.9629,144.2344,143.2305,146.3594,145.6968,0.6533,0.5924,0.6607,0.6196,0.5924,0.6118,0.5643,0.621,0.5901,0.5643,0.6307,0.6369,0.6439,0.6167,0.6167,0.5717,0.5227,0.5768,0.5553,0.5227,0,0,0,0,0,-0.0013,-0.0732,0.0102,-0.0303,-0.0303,-0.0098,-0.0712,-0.0071,-0.0452,-0.0452,-0.006,-0.0013,-0.0084,-0.0133,-0.0625,-0.0694,-0.0614,-0.0662,0.0131,-0.0087,-0.0071,-0.0384,0.0049,-0.0204,-0.0087,-0.0167,-0.0347,-0.0018,-0.0087,-0.0158,-0.0144,-0.0016,-0.0161,0.0023,-0.0276,-0.0459,-0.017,-0.019,0.0059,0.0256,0.0042,-0.1121,-0.0015,-0.096,-0.0929,-0.0064,-0.1194,0.0004,-0.1012,-0.0849,-0.0072,0.0057,0.0069,0.0245,-0.0073,-0.0103,-0.003,-0.0912,-0.0137,-0.0677,-0.0639,-0.022,-0.0923,-0.0069,-0.0544,-0.0636,-0.0162,-0.0017,0.0084,0.0091,0.0091,-0.0202,-0.0005,TRUE,TRUE
DTC_R_117,LanSi,1,CW_01,B,2026-03-27 17:01:24+08:00,ONLINE,FALSE,,CW_1_01,PASS,,,51.6874733,_2026032717012445201,T20260327170124,DESKTOP-P2DUL42,Loma,1,CW_1_01,1,paul di,2024.0718.155524,V20260126.2,CW_DTCL_DTCR_STC,T20260327170216,51.6874733,TRUE,TRUE,TRUE,TRUE,TRUE,TRUE,TRUE,4S2RND2HBL0DP6,v1.0.1,2025_12_22,315.0882,316.5,474.7826,296.442,295.4014,147.1769,149.5724,336.6382,335.4143,484.2857,-5.4482,-3.2914,-0.0001,0,-0.2244,1.5545,-0.2206,1.5497,0.6648,155.3564,151.8945,152.4434,155.2031,153.7244,0.8702,0.8248,0.8811,0.8287,0.8248,0.8177,0.7628,0.816,0.7859,0.7628,0.814,0.8178,0.8182,0.8166,0.7869,0.7565,0.7458,0.7109,0.7109,0.8505,0.8022,0.7945,0.98,0.7945,0.8414,0.7806,0.7808,0.8168,0.7912,0.7994,0.752,0.8545,0.752,0,0,0,0,0,v1.0.1,2025_12_22,315.0935,316.5971,475.85,296.3357,295.1497,146.1701,148.3922,336.6667,335.6761,485.2817,-5.4677,-3.2897,-0.0001,0,-0.2249,1.5538,-0.2193,1.5489,0.6646,165.5225,159.1904,169.0215,168.1533,165.4719,0.7016,0.703,0.7043,0.7009,0.7009,0.6758,0.6439,0.6655,0.6487,0.6439,0.6515,0.6702,0.656,0.6784,0.6383,0.6525,0.6054,0.6111,0.6054,0.6841,0.6508,0.6476,0.4573,0.4573,0.641,0.657,0.6577,0.6615,0.6585,0.6729,0.6453,0.6715,0.641,0,0,0,0,0,v1.0.1,2025_12_22,317.2925,328.1132,441.7321,312.7321,302.6667,195.1587,188.7642,342.3577,331.9273,456.5,-3.0234,7.4724,0,0.0001,-0.2225,1.5607,-0.2099,1.5568,0.6713,176.9453,175.3623,176.4004,177.9893,176.6743,0.8138,0.6915,0.8149,0.7178,0.6915,0.7755,0.6636,0.7826,0.6639,0.6636,0.7648,0.7564,0.7642,0.7361,0.7361,0.7482,0.6849,0.7285,0,0.6849,0,0,0,0,0,v1.0.1,2025_12_22,317.2222,328.1944,442.4522,312.6174,302.6129,194.6129,187.9274,342.4677,331.9541,457.1927,-3.0662,7.517,0,0.0001,-0.2232,1.5613,-0.2094,1.5566,0.6713,149.1182,143.2715,145.8076,147.0439,146.3103,0.6683,0.5973,0.678,0.6169,0.5973,0.639,0.5755,0.6405,0.5716,0.5716,0.6309,0.6397,0.6459,0.6145,0.6145,0.5956,0.5696,0.5861,0.5427,0.5427,0,0,0,0,0,-0.0032,-0.0562,0.0023,-0.0402,-0.0441,0.0026,-0.0577,-0.0192,-0.0391,-0.0523,-0.0148,0.0038,-0.0019,-0.0024,-0.0225,-0.0658,-0.0577,-0.1018,0.0066,-0.0025,-0.0008,-0.0063,-0.0101,-0.0235,-0.0015,-0.0118,-0.0355,-0.0034,-0.0385,-0.025,-0.0013,0.0287,-0.0083,0.0266,-0.0276,-0.0169,-0.0229,-0.0301,-0.0003,-0.009,-0.0046,-0.132,0.0059,-0.1029,-0.1175,0.012,-0.1171,0.0106,-0.1248,-0.0999,-0.0102,-0.0074,0.0127,-0.0035,0.0023,-0.011,0.0019,-0.0802,0.0106,-0.069,-0.0691,-0.0042,-0.0749,0.0019,-0.0738,-0.067,-0.0104,-0.0035,0.0119,-0.0061,-0.0061,-0.0087,-0.0021,TRUE,TRUE
DTC_L_118,LanSi,1,CW_01,A,2026-03-27 17:03:06+08:00,ONLINE,FALSE,,CW_1_01,PASS,,,52.1635071,_2026032717030699802,T20260327170306,DESKTOP-P2DUL42,Loma,1,CW_1_01,2,paul di,2024.0718.155524,V20260126.2,CW_DTCL_DTCR_STC,T20260327170359,52.1635071,TRUE,TRUE,TRUE,TRUE,TRUE,TRUE,TRUE,4S2RND2HBL06DS,v1.0.1,2025_12_22,314.1679,323.2847,474.2296,302.9333,294.9408,152.4342,148.457,343.3974,333.3688,489.4752,-6.4672,2.8049,-0.0001,0,-0.226,1.5582,-0.2203,1.5553,0.6668,155.0967,150.9639,148.7734,154.417,152.3127,0.8185,0.792,0.8353,0.7911,0.7911,0.7808,0.7541,0.8014,0.7481,0.7481,0.8131,0.8091,0.8051,0.7629,0.7569,0.7141,0.7528,0.705,0.705,0.8135,0.6339,0.8307,0.8251,0.6339,0.8502,0.8067,0.7853,0.8383,0.8349,0.8434,0.7914,0.7871,0.7853,0,0,0,0,0,v1.0.1,2025_12_22,314.1739,323.3333,475.2647,302.8897,294.74,151.5667,147.3974,343.457,333.6312,490.5248,-6.4586,2.8543,-0.0001,0,-0.2257,1.5576,-0.2196,1.5544,0.6667,162.3428,157.8926,163.9922,163.043,161.8176,0.6695,0.672,0.6915,0.7008,0.6695,0.6623,0.6332,0.6473,0.654,0.6332,0.6454,0.6541,0.6652,0.6236,0.6329,0.6096,0.6252,0.6128,0.6096,0.6719,0.6128,0.6635,0.6958,0.6128,0.6572,0.6653,0.6498,0.6721,0.6741,0.6895,0.6661,0.6222,0.6222,0,0,0,0,0,v1.0.1,2025_12_22,313,315.6038,437.7589,301.4196,299.0169,184.9492,184.5372,330.4628,327,446.1026,-7.2374,-3.7924,-0.0001,0,-0.2127,1.5637,-0.2146,1.5634,0.6749,175.8682,174.666,172.7314,175.1855,174.6128,0.7871,0.6861,0.8111,0.6917,0.6861,0.7546,0.6607,0.7616,0.6646,0.6607,0.7803,0.7714,0.7641,0.6995,0.6995,0.7326,0,0.7397,0.7226,0.7226,0,0,0,0,0,v1.0.1,2025_12_22,313,315.6038,438.6216,301.2072,298.9831,184.0508,183.605,330.395,327.0431,446.8707,-7.2494,-3.8745,-0.0001,0,-0.2136,1.5641,-0.2133,1.5637,0.6752,147.3994,142.3203,141.8193,145.2881,144.2068,0.6538,0.5954,0.6772,0.6081,0.5954,0.6329,0.5554,0.6172,0.5958,0.5554,0.6428,0.64,0.6363,0.61,0.61,0.5957,0.5744,0.5898,0.5767,0.5744,0,0,0,0,0,-0.0091,-0.0756,-0.0122,-0.0322,-0.0322,-0.0118,-0.0768,-0.0044,-0.0383,-0.0383,-0.0055,-0.0035,-0.0151,-0.0141,-0.0611,-0.1007,-0.0536,-0.0421,0.0092,0.0138,-0.0163,-0.0435,-0.0023,-0.0083,-0.0163,-0.0039,-0.046,-0.0131,-0.0063,-0.0271,-0.0237,-0.0016,-0.003,-0.0143,-0.0209,-0.0667,-0.0248,-0.0136,-0.0032,-0.0122,0.0013,-0.1389,0.0063,-0.0972,-0.0997,0.0129,-0.1196,-0.0046,-0.0934,-0.081,0.0002,0.005,0.0077,0.0095,-0.0066,0.0042,-0.0025,-0.0882,0.0028,-0.0792,-0.0609,-0.0009,-0.1012,-0.0107,-0.0487,-0.0725,-0.0041,0.0014,0.0008,0.0024,0.0024,0.0038,0.0125,TRUE,TRUE
DTC_R_118,LanSi,1,CW_01,C,2026-03-27 17:03:06+08:00,ONLINE,FALSE,,CW_1_01,PASS,,,52.1635073,_2026032717030699901,T20260327170306,DESKTOP-P2DUL42,Loma,1,CW_1_01,1,paul di,2024.0718.155524,V20260126.2,CW_DTCL_DTCR_STC,T20260327170359,52.1635073,TRUE,TRUE,TRUE,TRUE,TRUE,TRUE,TRUE,4S2RND2HBL0DP6,v1.0.1,2025_12_22,315.0444,317.5185,474.7852,297.7778,295.6071,148.2,149.6467,337.9333,335.2199,485.2199,-5.4393,-2.1701,-0.0001,0,-0.2224,1.556,-0.2223,1.5505,0.6655,157.9482,155.9766,155.5586,157.5225,156.7515,0.8757,0.8321,0.8687,0.8383,0.8321,0.8182,0.7888,0.8286,0.7737,0.7737,0.8215,0.8227,0.8145,0.8205,0.7701,0.8092,0.7385,0.7618,0.7385,0.8409,0.8051,0.8029,0.1028,0.1028,0.8463,0.7865,0.787,0.8112,0.8033,0.8766,0.8015,0.8539,0.7865,0,0,0,0,0,v1.0.1,2025_12_22,315,317.5,475.8345,297.6187,295.1818,147.1399,148.3893,338.0403,335.2979,486.2411,-5.5593,-2.192,-0.0001,0,-0.2225,1.5545,-0.2221,1.5506,0.6651,163.918,156.8418,165.5449,166.7393,163.261,0.7038,0.6885,0.717,0.7048,0.6885,0.6797,0.6639,0.6773,0.6622,0.6622,0.6534,0.6411,0.6586,0.6572,0.6509,0.6584,0.6095,0.6286,0.6095,0.6858,0.6691,0.681,0.2029,0.2029,0.6603,0.6692,0.6674,0.6722,0.6697,0.6397,0.6559,0.6679,0.6397,0,0,0,0,0,v1.0.1,2025_12_22,317.2885,329,441.7658,313.8739,302.704,196.192,188.878,343.4553,331.6903,457.5221,-3.0347,8.5087,0,0.0001,-0.2204,1.5609,-0.2116,1.5587,0.6719,178.2979,178.6182,178.9355,179.2793,178.7827,0.8078,0.7158,0.8253,0.7128,0.7128,0.7718,0.6774,0.7713,0.6623,0.6623,0.7702,0.7587,0.7575,0.74,0.74,0.7625,0.6862,0.7372,0,0.6862,0,0,0,0,0,v1.0.1,2025_12_22,317.2885,329,442.5714,313.8125,302.7143,195.5,188,343.5,331.8636,458.2636,-3.0124,8.5152,0,0.0001,-0.2201,1.5615,-0.2112,1.558,0.6721,148.124,141.3633,143.1162,146.0928,144.6741,0.676,0.5985,0.6821,0.608,0.5985,0.645,0.5921,0.6443,0.5657,0.5657,0.6357,0.6443,0.6205,0.6069,0.6069,0.588,0.5591,0.5692,0.4144,0.4144,0,0,0,0,0,0.0023,-0.0489,-0.0101,-0.0306,-0.0368,0.0031,-0.0317,-0.0066,-0.0513,-0.0414,-0.0073,0.0087,-0.0056,0.0015,-0.0393,-0.0131,-0.065,-0.0509,-0.003,0.0059,0.0014,-0.0208,0.0026,-0.0196,-0.0139,-0.0079,-0.0155,0.0084,-0.025,-0.0067,0.0006,-0.0004,-0.0057,0.0054,-0.015,-0.011,-0.0188,-0.0126,0.0014,0.0244,-0.0106,-0.1077,0.0163,-0.1079,-0.0962,0.0083,-0.1033,-0.0007,-0.1264,-0.1012,-0.0048,-0.0051,0.006,0.0004,0.0166,-0.0023,0.0096,-0.079,0.0147,-0.0779,-0.0679,0.0018,-0.0583,0.0057,-0.0797,-0.0729,-0.0056,0.0011,-0.0135,-0.0137,-0.0137,-0.0163,-0.019,TRUE,TRUE
DTC_R_119,LanSi,1,CW_01,A,2026-03-27 17:04:49+08:00,ONLINE,FALSE,,CW_1_01,PASS,,,51.4623125,_2026032717044938701,T20260327170449,DESKTOP-P2DUL42,Loma,1,CW_1_01,1,paul di,2024.0718.155524,V20260126.2,CW_DTCL_DTCR_STC,T20260327170540,51.4623125,TRUE,TRUE,TRUE,TRUE,TRUE,TRUE,TRUE,4S2RND2HBL0DP6,v1.0.1,2025_12_22,315.0657,317.3869,474.8345,297.6187,295.4897,147.8897,149.5724,337.6382,335.259,485.1583,-5.4558,-2.3617,-0.0001,0,-0.2226,1.5553,-0.2212,1.5505,0.6655,156.0859,153.0859,152.8447,156.0244,154.5103,0.867,0.8346,0.8682,0.8329,0.8329,0.8242,0.7774,0.8247,0.7761,0.7761,0.8238,0.8342,0.8156,0.8137,0.7479,0.7632,0.7318,0.7523,0.7318,0.8442,0.8124,0.819,0.9226,0.8124,0.8104,0.7997,0.7865,0.8368,0.8076,0.8184,0.8059,0.8445,0.7865,0,0,0,0,0,v1.0.1,2025_12_22,315.1,317.2714,475.8759,297.4672,295.1849,146.9932,148.3907,337.755,335.3451,486.2394,-5.5207,-2.3548,-0.0001,0,-0.222,1.5539,-0.2217,1.551,0.6653,165.8779,160.2344,169.6406,168.4248,166.0444,0.7016,0.701,0.7037,0.7012,0.701,0.6689,0.6559,0.6634,0.6515,0.6515,0.6565,0.6568,0.6564,0.6591,0.6351,0.6564,0.5969,0.6279,0.5969,0.6976,0.6701,0.6725,0.3864,0.3864,0.6357,0.67,0.6444,0.6923,0.6637,0.6779,0.6581,0.6644,0.6357,0,0,0,0,0,v1.0.1,2025_12_22,317.2752,328.7982,441.7321,313.7321,302.824,196.04,188.8145,343.2177,331.7838,457.4414,-3.0141,8.3459,0,0.0001,-0.22,1.5619,-0.2113,1.558,0.6722,177.5879,176.8057,177.1523,178.7969,177.5857,0.8083,0.7049,0.8103,0.7177,0.7049,0.7697,0.6714,0.7762,0.6739,0.6714,0.7676,0.7757,0.7553,0.7451,0.7451,0.7477,0.6826,0.739,0,0.6826,0,0,0,0,0,v1.0.1,2025_12_22,317.2642,328.8396,442.6261,313.6348,302.7143,195.2937,188,343.4127,331.8807,458.211,-3.0029,8.3784,0,0.0001,-0.2202,1.5618,-0.2117,1.5578,0.6719,149.5195,144.3682,146.4189,147.3242,146.9077,0.6709,0.6058,0.6849,0.6129,0.6058,0.6533,0.5924,0.6481,0.5757,0.5757,0.6247,0.6389,0.6351,0.6199,0.6199,0.6049,0.5645,0.5801,0.4668,0.4668,0,0,0,0,0,-0.0064,-0.0464,-0.0106,-0.036,-0.036,0.0091,-0.0431,-0.0105,-0.0489,-0.039,-0.005,0.0202,-0.0045,-0.0053,-0.0615,-0.0591,-0.0717,-0.0604,0.0003,0.022,-0.0008,-0.0083,-0.0107,-0.0232,-0.0014,-0.0187,-0.0235,-0.0055,-0.0357,-0.0174,0.0037,0.0153,-0.0079,0.0073,-0.0308,-0.013,-0.0314,-0.0133,0.0132,0.0159,-0.0101,-0.1186,0.0013,-0.103,-0.1041,0.0062,-0.1093,0.0042,-0.1148,-0.0921,-0.0074,0.0119,0.0038,0.0055,0.0018,-0.0005,0.0045,-0.0717,0.0175,-0.073,-0.0606,0.0101,-0.058,0.0095,-0.0697,-0.0629,-0.0166,-0.0043,0.0011,-0.0007,-0.0007,0.0006,-0.0081,TRUE,TRUE
DTC_L_119,LanSi,1,CW_01,B,2026-03-27 17:04:49+08:00,ONLINE,FALSE,,CW_1_01,PASS,,,51.6094637,_2026032717044923002,T20260327170449,DESKTOP-P2DUL42,Loma,1,CW_1_01,2,paul di,2024.0718.155524,V20260126.2,CW_DTCL_DTCR_STC,T20260327170540,51.6094637,TRUE,TRUE,TRUE,TRUE,TRUE,TRUE,TRUE,4S2RND2HBL06DS,v1.0.1,2025_12_22,314.2612,322.8955,474.2519,302.4741,294.9272,151.9868,148.6184,342.5,333.5507,488.5725,-6.3781,2.1858,-0.0001,0,-0.2264,1.5576,-0.2173,1.5544,0.6671,155.7314,151.499,149.7256,155.0947,153.0127,0.8219,0.8033,0.833,0.7868,0.7868,0.7841,0.7682,0.7882,0.7477,0.7477,0.8282,0.8239,0.8191,0.7709,0.7564,0.7055,0.7499,0.6849,0.6849,0.8208,0.2751,0.8458,0.8281,0.2751,0.8438,0.7887,0.768,0.8377,0.8221,0.8181,0.8108,0.7817,0.768,0,0,0,0,0,v1.0.1,2025_12_22,314.2536,322.971,475.3571,302.4286,294.8456,150.9262,147.5724,342.6382,333.7324,489.5704,-6.3478,2.2069,-0.0001,0,-0.2263,1.5579,-0.2169,1.5539,0.6671,162.9648,158.2275,164.4355,164.1357,162.4409,0.6813,0.6812,0.6909,0.6932,0.6812,0.661,0.6537,0.6471,0.6438,0.6438,0.6428,0.6557,0.6545,0.6236,0.6191,0.626,0.6296,0.6063,0.6063,0.691,0.5025,0.6765,0.7009,0.5025,0.6505,0.6615,0.6467,0.6878,0.6707,0.6869,0.6637,0.6151,0.6151,0,0,0,0,0,v1.0.1,2025_12_22,313.0849,315.3302,438,301,299.25,184.3083,184.8699,329.626,327.0783,445.2783,-7.0434,-4.3914,-0.0001,0,-0.2137,1.5651,-0.2105,1.563,0.676,175.6777,174.3682,172.3623,175.1738,174.3955,0.7887,0.6944,0.807,0.6825,0.6825,0.7404,0.661,0.7505,0.6563,0.6563,0.7859,0.7734,0.7593,0.7117,0.7117,0.7273,0,0.7229,0.7328,0.7229,0,0,0,0,0,v1.0.1,2025_12_22,313.0476,315.181,438.7589,300.8214,299.0948,183.6293,184.0082,329.6803,327.2069,446.0431,-7.0767,-4.429,-0.0001,0,-0.2132,1.5646,-0.2114,1.5625,0.6756,148.4551,143.4736,142.7148,146.3301,145.2434,0.6452,0.5893,0.6606,0.6076,0.5893,0.6227,0.5747,0.6191,0.5731,0.5731,0.6435,0.6276,0.6325,0.6227,0.6227,0.5945,0.5386,0.5833,0.5749,0.5386,0,0,0,0,0,-0.0057,-0.0643,-0.0145,-0.0365,-0.0365,-0.0085,-0.0627,-0.0176,-0.0387,-0.0387,0.0096,0.0113,-0.0011,-0.0061,-0.0616,-0.1093,-0.0565,-0.0622,0.0165,0.0289,-0.0045,-0.0343,-0.0029,-0.0159,-0.0046,-0.0052,-0.0255,-0.0133,-0.0165,-0.0165,-0.0263,0,-0.0137,-0.0143,-0.0347,-0.0503,-0.0204,-0.0201,0.0159,0.0008,0.0029,-0.1306,0.0022,-0.1064,-0.1033,-0.0013,-0.1193,-0.0157,-0.1017,-0.0854,0.0058,0.007,0.0029,0.0217,-0.0119,-0.0126,-0.0111,-0.0943,-0.0138,-0.0797,-0.067,-0.0111,-0.0819,-0.0088,-0.0714,-0.0548,-0.0034,-0.011,-0.003,0.0151,0.0151,0.0026,0.006,TRUE,TRUE
DTC_L_120,LanSi,1,CW_01,C,2026-03-27 17:06:53+08:00,ONLINE,FALSE,,CW_1_01,PASS,,,51.3854366,_2026032717065309002,T20260327170653,DESKTOP-P2DUL42,Loma,1,CW_1_01,2,paul di,2024.0718.155524,V20260126.2,CW_DTCL_DTCR_STC,T20260327170744,51.3854366,TRUE,TRUE,TRUE,TRUE,TRUE,TRUE,TRUE,4S2RND2HBL06DS,v1.0.1,2025_12_22,314.4511,323,474.2148,302.437,294.9272,151.9868,148.6093,342.755,333.5821,488.9627,-6.3431,2.3283,-0.0001,0,-0.2275,1.5566,-0.218,1.5555,0.6666,154.2559,150.3379,149.5352,154.2314,152.0901,0.831,0.7813,0.8381,0.7659,0.7659,0.7738,0.7584,0.8061,0.7385,0.7385,0.8211,0.8247,0.8124,0.7713,0.7528,0.7224,0.7748,0.707,0.707,0.8353,0.7452,0.8114,0.8287,0.7452,0.8511,0.7502,0.74,0.8341,0.836,0.8274,0.8028,0.7728,0.74,0,0,0,0,0,v1.0.1,2025_12_22,314.403,323.0075,475.3406,302.3406,294.8867,150.9667,147.543,343.0662,333.7464,489.971,-6.3161,2.3704,-0.0001,0,-0.2272,1.5573,-0.2191,1.5549,0.6665,163.0859,158.9531,165.9062,165.0508,163.249,0.6799,0.6768,0.692,0.6934,0.6768,0.6548,0.6416,0.664,0.6431,0.6416,0.6369,0.6547,0.6502,0.6289,0.6245,0.6337,0.6232,0.6091,0.6091,0.6727,0.6306,0.6694,0.6785,0.6306,0.6713,0.6208,0.6324,0.6721,0.6516,0.6948,0.6739,0.6228,0.6208,0,0,0,0,0,v1.0.1,2025_12_22,313.1028,315.3832,438,301.0545,299.2735,184.4615,184.9024,330,327.1034,445.3276,-7.0236,-4.2546,-0.0001,0,-0.2137,1.565,-0.213,1.563,0.6753,175.2041,174.3555,173.2041,175.3818,174.5364,0.796,0.668,0.8043,0.6763,0.668,0.7415,0.6658,0.7582,0.6421,0.6421,0.7812,0.7769,0.7686,0.683,0.683,0.7201,0,0.7237,0.7409,0.7201,0,0,0,0,0,v1.0.1,2025_12_22,313.0952,315.2762,438.8108,300.8288,299.1864,183.7712,184.0579,330.0331,327.2269,446.2605,-7.0246,-4.266,-0.0001,0,-0.2139,1.5649,-0.2134,1.5628,0.6751,148.5312,143.6016,143.6475,147.1172,145.7244,0.6479,0.5786,0.6693,0.5961,0.5786,0.6359,0.574,0.6197,0.5792,0.574,0.6246,0.6411,0.6418,0.6109,0.6109,0.5995,0.5247,0.586,0.5885,0.5247,0,0,0,0,0,0.0034,-0.0863,-0.0094,-0.0574,-0.0574,-0.0188,-0.0725,0.0003,-0.0479,-0.0479,0.0025,0.0121,-0.0078,-0.0057,-0.0652,-0.0924,-0.0316,-0.0401,0.031,-0.0055,-0.0059,-0.0387,-0.0018,-0.0157,-0.009,-0.0114,-0.0376,0.0036,-0.0172,-0.0187,-0.0322,-0.001,-0.018,-0.009,-0.0293,-0.0426,-0.0268,-0.0173,-0.0024,-0.0063,0.0102,-0.157,-0.0005,-0.1126,-0.1178,-0.0002,-0.1145,-0.008,-0.1159,-0.0996,0.0011,0.0105,0.0122,-0.007,-0.0191,-0.0118,-0.0084,-0.105,-0.0051,-0.0912,-0.0777,0.0021,-0.0826,-0.0082,-0.0653,-0.0539,-0.0223,0.0025,0.0063,0.0033,0.0033,0.0076,0.0087,TRUE,TRUE
DTC_R_120,LanSi,1,CW_01,B,2026-03-27 17:06:52+08:00,ONLINE,FALSE,,CW_1_01,PASS,,,51.8093028,_2026032717065294801,T20260327170652,DESKTOP-P2DUL42,Loma,1,CW_1_01,1,paul di,2024.0718.155524,V20260126.2,CW_DTCL_DTCR_STC,T20260327170744,51.8093028,TRUE,TRUE,TRUE,TRUE,TRUE,TRUE,TRUE,4S2RND2HBL0DP6,v1.0.1,2025_12_22,315.3358,317.0448,475.5,297.8333,295.9178,149.1438,149.6533,337.2333,336,486,-5.0186,-2.0489,-0.0001,0,-0.2189,1.5551,-0.2207,1.5486,0.666,157.2139,154.791,154.5127,156.6924,155.8025,0.8657,0.7868,0.8683,0.7991,0.7868,0.823,0.7526,0.8297,0.7911,0.7526,0.8221,0.8132,0.8063,0.8139,0.7284,0.7099,0.812,0.7875,0.7099,0.834,0.8009,0.8055,0.98,0.8009,0.8468,0.7829,0.7613,0.8095,0.7754,0.6378,0.8365,0.8512,0.6378,0,0,0,0,0,v1.0.1,2025_12_22,315.2647,317.1103,476.5957,297.5248,295.7014,148.1319,148.4371,337.3179,336.0805,487,-5.0841,-2.083,-0.0001,0,-0.2203,1.555,-0.22,1.5484,0.6658,165.5459,159.377,168.3037,168.2871,165.3784,0.7077,0.6686,0.712,0.6829,0.6686,0.6804,0.639,0.6747,0.6685,0.639,0.6469,0.6482,0.6549,0.6557,0.6322,0.6371,0.6256,0.6347,0.6256,0.6775,0.662,0.6595,0.0968,0.0968,0.6475,0.6702,0.6593,0.6758,0.6509,0.5759,0.6367,0.6637,0.5759,0,0,0,0,0,v1.0.1,2025_12_22,317.8491,328.5943,442.4298,313.5702,303.1935,197.129,188.9113,342.629,332.3652,457.2261,-2.5502,8.3297,0,0.0001,-0.2195,1.5593,-0.2079,1.5579,0.6724,177.6172,177.8828,177.6748,178.5186,177.9233,0.8167,0.6399,0.8295,0.659,0.6399,0.7827,0.6143,0.7846,0.6862,0.6143,0.7754,0.7685,0.7472,0.7514,0.7472,0.7468,0.6684,0.7242,0,0.6684,0,0,0,0,0,v1.0.1,2025_12_22,317.7664,328.6822,443.3009,313.5929,303.0661,196.2645,188.1157,342.8017,332.3697,458.1176,-2.5762,8.3918,0,0.0001,-0.2191,1.5597,-0.208,1.5579,0.6726,149.5332,143.5527,145.5625,147.2812,146.4824,0.6683,0.5665,0.6711,0.5842,0.5665,0.6529,0.5453,0.6524,0.5878,0.5453,0.6498,0.6314,0.6399,0.6448,0.6314,0.5964,0.5565,0.5883,0.2865,0.2865,0,0,0,0,0,-0.0077,-0.0942,-0.0105,-0.0698,-0.0821,0.0079,-0.0679,-0.0055,-0.0339,-0.0625,-0.0067,-0.0008,-0.0138,-0.0051,-0.081,-0.1124,0.0085,-0.0252,-0.0099,0.0085,0.0053,-0.0407,-0.0024,-0.0415,-0.0338,-0.0072,-0.0404,0.0058,-0.0187,-0.0299,-0.0059,0.0067,-0.0094,0.0039,-0.0337,-0.0323,-0.0027,-0.0065,-0.0069,0.0029,-0.0017,-0.1836,0.0205,-0.1617,-0.1691,0.0192,-0.1664,0.0126,-0.1025,-0.1492,0.0004,0.0047,-0.0043,0.0118,0.0009,-0.0153,0.0019,-0.111,0.0037,-0.1017,-0.0999,0.0097,-0.1051,0.0138,-0.0576,-0.0933,0.0085,-0.0118,0.0059,0.0242,0.0108,-0.0079,0.0001,TRUE,TRUE
