SerialNumber,CM,Line_ID,TesterName,Appraiser,Time,Test_Mode,Audit_Mode,CONFIG_VER,TestStation,TestResult,TestFailItem,ErrorCode,TestTotalTime,TSRID,Test_StartTime,PCName,Product_Name,LineID,Tester_Name,SlotID,Author,Version,Version_SW,Version_Api,Test_EndTime,TestTotalSeconds,CheckMES,CloseDoor,OpenDTC,Move_SFR,Captrue_SFR,Move_SubSFR,Captrue_SubSFR,CameraSN,sfr_25sfr_version,sfr_25modify_date,SFR_VIS_25cm_P0x,SFR_VIS_25cm_P0y,SFR_VIS_25cm_P1x,SFR_VIS_25cm_P1y,SFR_VIS_25cm_P2x,SFR_VIS_25cm_P2y,SFR_VIS_25cm_P3x,SFR_VIS_25cm_P3y,SFR_VIS_25cm_P4x,SFR_VIS_25cm_P4y,SFR_VIS_25cm_Pointing_OC_X,SFR_VIS_25cm_Pointing_OC_Y,SFR_VIS_25cm_Pan,SFR_VIS_25cm_Tilt,SFR_VIS_25cm_Rotation_P1,SFR_VIS_25cm_Rotation_P2,SFR_VIS_25cm_Rotation_P3,SFR_VIS_25cm_Rotation_P4,SFR_VIS_25cm_Rotation_Mean,SFR_VIS_25cm_Brightness_A,SFR_VIS_25cm_Brightness_B,SFR_VIS_25cm_Brightness_C,SFR_VIS_25cm_Brightness_D,SFR_VIS_25cm_Brightness_Mean,SFR_VIS_25cm_Ny4_01F_ROI1,SFR_VIS_25cm_Ny4_01F_ROI2,SFR_VIS_25cm_Ny4_01F_ROI3,SFR_VIS_25cm_Ny4_01F_ROI4,SFR_VIS_25cm_Ny4_01F_Min,SFR_VIS_25cm_Ny4_03F_ROI5,SFR_VIS_25cm_Ny4_03F_ROI6,SFR_VIS_25cm_Ny4_03F_ROI7,SFR_VIS_25cm_Ny4_03F_ROI8,SFR_VIS_25cm_Ny4_03F_Min,SFR_VIS_25cm_Ny4_06F_ROI9,SFR_VIS_25cm_Ny4_06F_ROI10,SFR_VIS_25cm_Ny4_06F_ROI11,SFR_VIS_25cm_Ny4_06F_ROI12,SFR_VIS_25cm_Ny4_06F_ROI13,SFR_VIS_25cm_Ny4_06F_ROI14,SFR_VIS_25cm_Ny4_06F_ROI15,SFR_VIS_25cm_Ny4_06F_ROI16,SFR_VIS_25cm_Ny4_06F_Min,SFR_VIS_25cm_Ny4_08F_ROI17,SFR_VIS_25cm_Ny4_08F_ROI18,SFR_VIS_25cm_Ny4_08F_ROI19,SFR_VIS_25cm_Ny4_08F_ROI20,SFR_VIS_25cm_Ny4_08FTANF_Min,SFR_VIS_25cm_Ny4_08F_ROI21,SFR_VIS_25cm_Ny4_08F_ROI22,SFR_VIS_25cm_Ny4_08F_ROI23,SFR_VIS_25cm_Ny4_08F_ROI24,SFR_VIS_25cm_Ny4_08F_ROI25,SFR_VIS_25cm_Ny4_08F_ROI26,SFR_VIS_25cm_Ny4_08F_ROI27,SFR_VIS_25cm_Ny4_08F_ROI28,SFR_VIS_25cm_Ny4_08F_Min,SFR_VIS_25cm_Ny4_010F_ROI29,SFR_VIS_25cm_Ny4_010F_ROI30,SFR_VIS_25cm_Ny4_010F_ROI31,SFR_VIS_25cm_Ny4_010F_ROI32,SFR_VIS_25cm_Ny4_010F_Min,IR_sfr_25sfr_version,IR_sfr_25modify_date,IR_SFR_VIS_25cm_P0x,IR_SFR_VIS_25cm_P0y,IR_SFR_VIS_25cm_P1x,IR_SFR_VIS_25cm_P1y,IR_SFR_VIS_25cm_P2x,IR_SFR_VIS_25cm_P2y,IR_SFR_VIS_25cm_P3x,IR_SFR_VIS_25cm_P3y,IR_SFR_VIS_25cm_P4x,IR_SFR_VIS_25cm_P4y,IR_SFR_VIS_25cm_Pointing_OC_X,IR_SFR_VIS_25cm_Pointing_OC_Y,IR_SFR_VIS_25cm_Pan,IR_SFR_VIS_25cm_Tilt,IR_SFR_VIS_25cm_Rotation_P1,IR_SFR_VIS_25cm_Rotation_P2,IR_SFR_VIS_25cm_Rotation_P3,IR_SFR_VIS_25cm_Rotation_P4,IR_SFR_VIS_25cm_Rotation_Mean,IR_SFR_VIS_25cm_Brightness_A,IR_SFR_VIS_25cm_Brightness_B,IR_SFR_VIS_25cm_Brightness_C,IR_SFR_VIS_25cm_Brightness_D,IR_SFR_VIS_25cm_Brightness_Mean,IR_SFR_VIS_25cm_Ny4_01F_ROI1,IR_SFR_VIS_25cm_Ny4_01F_ROI2,IR_SFR_VIS_25cm_Ny4_01F_ROI3,IR_SFR_VIS_25cm_Ny4_01F_ROI4,IR_SFR_VIS_25cm_Ny4_01F_Min,IR_SFR_VIS_25cm_Ny4_03F_ROI5,IR_SFR_VIS_25cm_Ny4_03F_ROI6,IR_SFR_VIS_25cm_Ny4_03F_ROI7,IR_SFR_VIS_25cm_Ny4_03F_ROI8,IR_SFR_VIS_25cm_Ny4_03F_Min,IR_SFR_VIS_25cm_Ny4_06F_ROI9,IR_SFR_VIS_25cm_Ny4_06F_ROI10,IR_SFR_VIS_25cm_Ny4_06F_ROI11,IR_SFR_VIS_25cm_Ny4_06F_ROI12,IR_SFR_VIS_25cm_Ny4_06F_ROI13,IR_SFR_VIS_25cm_Ny4_06F_ROI14,IR_SFR_VIS_25cm_Ny4_06F_ROI15,IR_SFR_VIS_25cm_Ny4_06F_ROI16,IR_SFR_VIS_25cm_Ny4_06F_Min,IR_SFR_VIS_25cm_Ny4_08F_ROI17,IR_SFR_VIS_25cm_Ny4_08F_ROI18,IR_SFR_VIS_25cm_Ny4_08F_ROI19,IR_SFR_VIS_25cm_Ny4_08F_ROI20,IR_SFR_VIS_25cm_Ny4_08FTANF_Min,IR_SFR_VIS_25cm_Ny4_08F_ROI21,IR_SFR_VIS_25cm_Ny4_08F_ROI22,IR_SFR_VIS_25cm_Ny4_08F_ROI23,IR_SFR_VIS_25cm_Ny4_08F_ROI24,IR_SFR_VIS_25cm_Ny4_08F_ROI25,IR_SFR_VIS_25cm_Ny4_08F_ROI26,IR_SFR_VIS_25cm_Ny4_08F_ROI27,IR_SFR_VIS_25cm_Ny4_08F_ROI28,IR_SFR_VIS_25cm_Ny4_08F_Min,IR_SFR_VIS_25cm_Ny4_010F_ROI29,IR_SFR_VIS_25cm_Ny4_010F_ROI30,IR_SFR_VIS_25cm_Ny4_010F_ROI31,IR_SFR_VIS_25cm_Ny4_010F_ROI32,IR_SFR_VIS_25cm_Ny4_010F_Min,sfr_4sfr_version,sfr_4modify_date,SFR_VIS_4cm_P0x,SFR_VIS_4cm_P0y,SFR_VIS_4cm_P1x,SFR_VIS_4cm_P1y,SFR_VIS_4cm_P2x,SFR_VIS_4cm_P2y,SFR_VIS_4cm_P3x,SFR_VIS_4cm_P3y,SFR_VIS_4cm_P4x,SFR_VIS_4cm_P4y,SFR_VIS_4cm_Pointing_OC_X,SFR_VIS_4cm_Pointing_OC_Y,SFR_VIS_4cm_Pan,SFR_VIS_4cm_Tilt,SFR_VIS_4cm_Rotation_P1,SFR_VIS_4cm_Rotation_P2,SFR_VIS_4cm_Rotation_P3,SFR_VIS_4cm_Rotation_P4,SFR_VIS_4cm_Rotation_Mean,SFR_VIS_4cm_Brightness_A,SFR_VIS_4cm_Brightness_B,SFR_VIS_4cm_Brightness_C,SFR_VIS_4cm_Brightness_D,SFR_VIS_4cm_Brightness_Mean,SFR_VIS_4cm_Ny4_01F_ROI1,SFR_VIS_4cm_Ny4_01F_ROI2,SFR_VIS_4cm_Ny4_01F_ROI3,SFR_VIS_4cm_Ny4_01F_ROI4,SFR_VIS_4cm_Ny4_01F_Min,SFR_VIS_4cm_Ny4_03F_ROI5,SFR_VIS_4cm_Ny4_03F_ROI6,SFR_VIS_4cm_Ny4_03F_ROI7,SFR_VIS_4cm_Ny4_03F_ROI8,SFR_VIS_4cm_Ny4_03F_Min,SFR_VIS_4cm_Ny4_06F_ROI9,SFR_VIS_4cm_Ny4_06F_ROI10,SFR_VIS_4cm_Ny4_06F_ROI11,SFR_VIS_4cm_Ny4_06F_ROI12,SFR_VIS_4cm_Ny4_06F_Min,SFR_VIS_4cm_Ny4_08F_ROI13,SFR_VIS_4cm_Ny4_08F_ROI14,SFR_VIS_4cm_Ny4_08F_ROI15,SFR_VIS_4cm_Ny4_08F_ROI16,SFR_VIS_4cm_Ny4_08F_Min,SFR_VIS_4cm_Ny4_010F_ROI17,SFR_VIS_4cm_Ny4_010F_ROI18,SFR_VIS_4cm_Ny4_010F_ROI19,SFR_VIS_4cm_Ny4_010F_ROI20,SFR_VIS_4cm_Ny4_010F_Min,IR_sfr_4sfr_version,IR_sfr_4modify_date,IR_SFR_VIS_4cm_P0x,IR_SFR_VIS_4cm_P0y,IR_SFR_VIS_4cm_P1x,IR_SFR_VIS_4cm_P1y,IR_SFR_VIS_4cm_P2x,IR_SFR_VIS_4cm_P2y,IR_SFR_VIS_4cm_P3x,IR_SFR_VIS_4cm_P3y,IR_SFR_VIS_4cm_P4x,IR_SFR_VIS_4cm_P4y,IR_SFR_VIS_4cm_Pointing_OC_X,IR_SFR_VIS_4cm_Pointing_OC_Y,IR_SFR_VIS_4cm_Pan,IR_SFR_VIS_4cm_Tilt,IR_SFR_VIS_4cm_Rotation_P1,IR_SFR_VIS_4cm_Rotation_P2,IR_SFR_VIS_4cm_Rotation_P3,IR_SFR_VIS_4cm_Rotation_P4,IR_SFR_VIS_4cm_Rotation_Mean,IR_SFR_VIS_4cm_Brightness_A,IR_SFR_VIS_4cm_Brightness_B,IR_SFR_VIS_4cm_Brightness_C,IR_SFR_VIS_4cm_Brightness_D,IR_SFR_VIS_4cm_Brightness_Mean,IR_SFR_VIS_4cm_Ny4_01F_ROI1,IR_SFR_VIS_4cm_Ny4_01F_ROI2,IR_SFR_VIS_4cm_Ny4_01F_ROI3,IR_SFR_VIS_4cm_Ny4_01F_ROI4,IR_SFR_VIS_4cm_Ny4_01F_Min,IR_SFR_VIS_4cm_Ny4_03F_ROI5,IR_SFR_VIS_4cm_Ny4_03F_ROI6,IR_SFR_VIS_4cm_Ny4_03F_ROI7,IR_SFR_VIS_4cm_Ny4_03F_ROI8,IR_SFR_VIS_4cm_Ny4_03F_Min,IR_SFR_VIS_4cm_Ny4_06F_ROI9,IR_SFR_VIS_4cm_Ny4_06F_ROI10,IR_SFR_VIS_4cm_Ny4_06F_ROI11,IR_SFR_VIS_4cm_Ny4_06F_ROI12,IR_SFR_VIS_4cm_Ny4_06F_Min,IR_SFR_VIS_4cm_Ny4_08F_ROI13,IR_SFR_VIS_4cm_Ny4_08F_ROI14,IR_SFR_VIS_4cm_Ny4_08F_ROI15,IR_SFR_VIS_4cm_Ny4_08F_ROI16,IR_SFR_VIS_4cm_Ny4_08F_Min,IR_SFR_VIS_4cm_Ny4_010F_ROI17,IR_SFR_VIS_4cm_Ny4_010F_ROI18,IR_SFR_VIS_4cm_Ny4_010F_ROI19,IR_SFR_VIS_4cm_Ny4_010F_ROI20,IR_SFR_VIS_4cm_Ny4_010F_Min,SFR_VIS_25cm_Ny4_01F_ROI1_Dev,SFR_VIS_25cm_Ny4_01F_ROI2_Dev,SFR_VIS_25cm_Ny4_01F_ROI3_Dev,SFR_VIS_25cm_Ny4_01F_ROI4_Dev,SFR_VIS_25cm_Ny4_01F_Min_Dev,SFR_VIS_25cm_Ny4_03F_ROI5_Dev,SFR_VIS_25cm_Ny4_03F_ROI6_Dev,SFR_VIS_25cm_Ny4_03F_ROI7_Dev,SFR_VIS_25cm_Ny4_03F_ROI8_Dev,SFR_VIS_25cm_Ny4_03F_Min_Dev,SFR_VIS_25cm_Ny4_06F_ROI9_Dev,SFR_VIS_25cm_Ny4_06F_ROI10_Dev,SFR_VIS_25cm_Ny4_06F_ROI11_Dev,SFR_VIS_25cm_Ny4_06F_ROI12_Dev,SFR_VIS_25cm_Ny4_06F_ROI13_Dev,SFR_VIS_25cm_Ny4_06F_ROI14_Dev,SFR_VIS_25cm_Ny4_06F_ROI15_Dev,SFR_VIS_25cm_Ny4_06F_ROI16_Dev,SFR_VIS_25cm_Ny4_08F_ROI17_Dev,SFR_VIS_25cm_Ny4_08F_ROI19_Dev,IR_SFR_VIS_25cm_Ny4_01F_ROI1_Dev,IR_SFR_VIS_25cm_Ny4_01F_ROI2_Dev,IR_SFR_VIS_25cm_Ny4_01F_ROI3_Dev,IR_SFR_VIS_25cm_Ny4_01F_ROI4_Dev,IR_SFR_VIS_25cm_Ny4_01F_Min_Dev,IR_SFR_VIS_25cm_Ny4_03F_ROI5_Dev,IR_SFR_VIS_25cm_Ny4_03F_ROI6_Dev,IR_SFR_VIS_25cm_Ny4_03F_ROI7_Dev,IR_SFR_VIS_25cm_Ny4_03F_ROI8_Dev,IR_SFR_VIS_25cm_Ny4_03F_Min_Dev,IR_SFR_VIS_25cm_Ny4_06F_ROI9_Dev,IR_SFR_VIS_25cm_Ny4_06F_ROI10_Dev,IR_SFR_VIS_25cm_Ny4_06F_ROI11_Dev,IR_SFR_VIS_25cm_Ny4_06F_ROI12_Dev,IR_SFR_VIS_25cm_Ny4_06F_ROI13_Dev,IR_SFR_VIS_25cm_Ny4_06F_ROI14_Dev,IR_SFR_VIS_25cm_Ny4_06F_ROI15_Dev,IR_SFR_VIS_25cm_Ny4_06F_ROI16_Dev,IR_SFR_VIS_25cm_Ny4_08F_ROI17_Dev,IR_SFR_VIS_25cm_Ny4_08F_ROI19_Dev,SFR_VIS_4cm_Ny4_01F_ROI1_Dev,SFR_VIS_4cm_Ny4_01F_ROI2_Dev,SFR_VIS_4cm_Ny4_01F_ROI3_Dev,SFR_VIS_4cm_Ny4_01F_ROI4_Dev,SFR_VIS_4cm_Ny4_01F_Min_Dev,SFR_VIS_4cm_Ny4_03F_ROI5_Dev,SFR_VIS_4cm_Ny4_03F_ROI6_Dev,SFR_VIS_4cm_Ny4_03F_ROI7_Dev,SFR_VIS_4cm_Ny4_03F_ROI8_Dev,SFR_VIS_4cm_Ny4_03F_Min_Dev,SFR_VIS_4cm_Ny4_06F_ROI9_Dev,SFR_VIS_4cm_Ny4_06F_ROI10_Dev,SFR_VIS_4cm_Ny4_06F_ROI11_Dev,SFR_VIS_4cm_Ny4_06F_ROI12_Dev,SFR_VIS_4cm_Ny4_08F_ROI13_Dev,SFR_VIS_4cm_Ny4_08F_ROI15_Dev,IR_SFR_VIS_4cm_Ny4_01F_ROI1_Dev,IR_SFR_VIS_4cm_Ny4_01F_ROI2_Dev,IR_SFR_VIS_4cm_Ny4_01F_ROI3_Dev,IR_SFR_VIS_4cm_Ny4_01F_ROI4_Dev,IR_SFR_VIS_4cm_Ny4_01F_Min_Dev,IR_SFR_VIS_4cm_Ny4_03F_ROI5_Dev,IR_SFR_VIS_4cm_Ny4_03F_ROI6_Dev,IR_SFR_VIS_4cm_Ny4_03F_ROI7_Dev,IR_SFR_VIS_4cm_Ny4_03F_ROI8_Dev,IR_SFR_VIS_4cm_Ny4_03F_Min_Dev,IR_SFR_VIS_4cm_Ny4_06F_ROI9_Dev,IR_SFR_VIS_4cm_Ny4_06F_ROI10_Dev,IR_SFR_VIS_4cm_Ny4_06F_ROI11_Dev,IR_SFR_VIS_4cm_Ny4_06F_ROI12_Dev,IR_SFR_VIS_4cm_Ny4_06F_Min_Dev,IR_SFR_VIS_4cm_Ny4_08F_ROI13_Dev,IR_SFR_VIS_4cm_Ny4_08F_ROI15_Dev,FixtureHome,OpenDoor
Lower Limit ----->,,,,,,,,,,,,,,,,,,,,,,,,,,,TRUE,TRUE,TRUE,TRUE,TRUE,TRUE,TRUE,,,,,,,,,,,,,,,,,,,,,,,,,,,,0.68,0.68,0.68,0.68,0.68,0.67,0.67,0.67,0.67,0.67,0.66,0.66,0.66,0.66,0.66,0.66,0.66,0.66,0.66,0.66,,0.66,,,,,,,,,,,,,,,,,,,,,,,,,,,,,,,,,,,,,,,,,,,0.59,0.59,0.59,0.59,0.59,0.57,0.57,0.57,0.57,0.57,0.56,0.56,0.56,0.56,0.56,0.56,0.56,0.56,0.56,0.55,,0.55,,,,,,,,,,,,,,,,,,,,,,,,,,,,,,,,,,,,,,,,,,,,,,,,,,,,,,,,,,,,,,,,,,,,,,,,,,,,,,,,,,,,,,,,,,,,,,,,,,,,,,,,,,,,,,,,,,,,,,,-0.12,-0.12,-0.12,-0.12,-0.12,-0.12,-0.12,-0.12,-0.12,-0.12,-0.12,-0.12,-0.12,-0.12,-0.18,-0.18,-0.18,-0.18,-0.18,-0.18,-0.12,-0.12,-0.12,-0.12,-0.12,-0.12,-0.12,-0.12,-0.12,-0.12,-0.12,-0.12,-0.12,-0.12,-0.18,-0.18,-0.18,-0.18,-0.18,-0.18,,,,,,,,,,,,,,,,,,,,,,,,,,,,,,,,,,TRUE,TRUE
Upper Limit ----->,,,,,,,,,,,,,,,,,,,,,,,,,,,,,,,,,,,,,,,,,,,,,,,,,,,,,,,,,,,,,0.9,0.9,0.9,0.9,0.9,0.9,0.9,0.9,0.9,0.9,0.9,0.9,0.9,0.9,0.9,0.9,0.9,0.9,0.9,0.9,,0.9,,,,,,,,,,,,,,,,,,,,,,,,,,,,,,,,,,,,,,,,,,,0.9,0.9,0.9,0.9,0.9,0.9,0.9,0.9,0.9,0.9,0.9,0.9,0.9,0.9,0.9,0.9,0.9,0.9,0.9,0.9,,0.9,,,,,,,,,,,,,,,,,,,,,,,,,,,,,,,,,,,,,,,,,,,,,,,,,,,,,,,,,,,,,,,,,,,,,,,,,,,,,,,,,,,,,,,,,,,,,,,,,,,,,,,,,,,,,,,,,,,,,,,0.1,0.1,0.1,0.1,0.1,0.1,0.1,0.1,0.1,0.1,0.1,0.1,0.1,0.1,0.1,0.1,0.1,0.1,0.1,0.1,0.1,0.1,0.1,0.1,0.1,0.1,0.1,0.1,0.1,0.1,0.1,0.1,0.1,0.1,0.1,0.1,0.1,0.1,0.1,0.1,,,,,,,,,,,,,,,,,,,,,,,,,,,,,,,,,,,
Unit,,,,,,,,,,,,,,,,,,,,,,,,,,,,,,,,,,,,,,,,,,,,,,,,,,,,,,,,,,,,,,,,,,,,,,,,,,,,,,,,,,,,,,,,,,,,,,,,,,,,,,,,,,,,,,,,,,,,,,,,,,,,,,,,,,,,,,,,,,,,,,,,,,,,,,,,,,,,,,,,,,,,,,,,,,,,,,,,,,,,,,,,,,,,,,,,,,,,,,,,,,,,,,,,,,,,,,,,,,,,,,,,,,,,,,,,,,,,,,,,,,,,,,,,,,,,,,,,,,,,,,,,,,,,,,,,,,,,,,,,,,,,,,,,,,,,,,,,,,,,,,,,,,,,,,,,,,,,,,,,,,,,,,,,,,,,,,,,,,,
DTC_L_1,LanSi,1,CW_01,B,2026-03-21 09:04:07+08:00,ONLINE,FALSE,,CW_1_01,PASS,,,51.4689642,_2026032109040759402,T20260321090407,DESKTOP-P2DUL42,Loma,1,CW_1_01,2,paul di,2024.0718.155524,V20260126.2,CW_DTCL_DTCR_STC,T20260321090459,51.4689642,TRUE,TRUE,TRUE,TRUE,TRUE,TRUE,TRUE,4S2RND2HBL06DS,v1.0.1,2025_12_22,314.1606,323.6204,474.3507,303.2015,294.8816,151.5855,148.2484,343.6078,333.3169,490.6268,-6.5084,3.0284,-0.0001,0,-0.2263,1.5587,-0.2194,1.5561,0.6673,154.9512,149.5684,147.9648,153.9229,151.6018,0.8175,0.8016,0.8443,0.7994,0.7994,0.7844,0.7482,0.7911,0.7299,0.7299,0.8118,0.8023,0.8281,0.7569,0.743,0.729,0.7922,0.6958,0.6958,0.8051,0.98,0.7922,0.8258,0.7922,0.8417,0.7513,0.7227,0.8205,0.827,0.8204,0.7756,0.7513,0.7227,0,0,0,0,0,v1.0.1,2025_12_22,314.1739,323.6667,475.4179,303.0373,294.8,150.6267,147.0336,343.8255,333.6294,491.6154,-6.489,3.0543,-0.0001,0,-0.2267,1.5588,-0.2195,1.555,0.6669,162.8086,157.0449,163.3418,163.2598,161.6138,0.6699,0.6772,0.6911,0.7022,0.6699,0.6577,0.6124,0.6478,0.6346,0.6124,0.6584,0.6466,0.6559,0.6229,0.6251,0.6387,0.6381,0.6068,0.6068,0.6849,0.5097,0.6577,0.6925,0.5097,0.6448,0.6279,0.6033,0.6649,0.6866,0.6686,0.6609,0.603,0.603,0,0,0,0,0,v1.0.1,2025_12_22,312.8396,315.8585,437.7679,301.6696,298.9583,184.3083,184.4628,330.5372,326.8793,446.6897,-7.3184,-3.6873,-0.0001,0,-0.2126,1.5651,-0.2133,1.5634,0.6757,175.9053,173.8281,172.4131,175.3096,174.364,0.7828,0.7083,0.8079,0.7358,0.7083,0.7457,0.635,0.7468,0.6519,0.635,0.7762,0.766,0.7676,0.6941,0.6941,0.7086,0,0.7159,0.7225,0.7086,0,0,0,0,0,v1.0.1,2025_12_22,312.8396,315.8585,438.6154,301.547,298.8033,183.7705,183.4622,330.6303,326.9739,447.4522,-7.3611,-3.6483,-0.0001,0,-0.2128,1.5644,-0.2132,1.5633,0.6754,148.8604,143.1406,142.8076,146.5137,145.3306,0.6589,0.6051,0.6776,0.6344,0.6051,0.6244,0.5445,0.614,0.5567,0.5445,0.6358,0.6437,0.6307,0.6222,0.6222,0.5832,0.5281,0.552,0.5746,0.5281,0,0,0,0,0,-0.0165,-0.0579,-0.0071,-0.0339,-0.0339,-0.0079,-0.0851,-0.0095,-0.068,-0.0624,-0.0115,-0.0166,0.0285,-0.0071,-0.084,-0.0911,-0.0167,-0.0437,-0.0128,-0.042,-0.0175,-0.0436,-0.0056,-0.0102,-0.0175,-0.0137,-0.0625,-0.0137,-0.0294,-0.0491,0.0032,-0.0137,-0.0041,-0.019,-0.0394,-0.0221,-0.0229,-0.0241,0.0015,-0.0179,-0.0092,-0.1224,0.0128,-0.0821,-0.0837,-0.0028,-0.1601,-0.0177,-0.0988,-0.1135,-0.0047,0.0017,0.0094,-0.002,-0.0245,-0.0225,0.0042,-0.0734,0.0074,-0.0464,-0.0496,-0.0145,-0.1114,-0.0167,-0.0951,-0.0862,0.0019,0.0196,-0.0068,0.0146,0.0146,-0.0121,-0.0399,TRUE,TRUE
DTC_R_1,LanSi,1,CW_01,B,2026-03-21 09:04:07+08:00,ONLINE,FALSE,,CW_1_01,PASS,,,51.4789366,_2026032109040759401,T20260321090407,DESKTOP-P2DUL42,Loma,1,CW_1_01,1,paul di,2024.0718.155524,V20260126.2,CW_DTCL_DTCR_STC,T20260321090459,51.4789366,TRUE,TRUE,TRUE,TRUE,TRUE,TRUE,TRUE,4S2RND2HBL0DP6,v1.0.1,2025_12_22,315.1259,316.6296,475.1912,296.9044,295.2759,148.1517,149.1438,336.8562,335.9178,483.8562,-5.3691,-3.0204,-0.0001,0,-0.2221,1.553,-0.2207,1.5466,0.6642,156.7734,154.0127,153.7627,156.5322,155.2703,0.8656,0.7912,0.8775,0.7761,0.7761,0.8223,0.7429,0.8212,0.7411,0.7411,0.8178,0.8056,0.8121,0.8073,0.7097,0.7306,0.7709,0.7328,0.7097,0.8329,0.8038,0.7879,0.98,0.7879,0.8469,0.7755,0.7941,0.8367,0.7787,0.7049,0.8222,0.8533,0.7049,0,0,0,0,0,v1.0.1,2025_12_22,315.1295,316.6835,476.2536,296.8406,295.1233,147.1301,148,337,335.9524,484.932,-5.4082,-2.9828,-0.0001,0,-0.222,1.5528,-0.2205,1.5471,0.6644,163.458,156.832,165.5703,165.7803,162.9102,0.6986,0.6633,0.7112,0.6663,0.6633,0.6693,0.6446,0.6624,0.6314,0.6314,0.6484,0.6524,0.6546,0.6617,0.6128,0.6369,0.6159,0.6092,0.6092,0.6708,0.6604,0.6546,0.1113,0.1113,0.6471,0.641,0.6614,0.6736,0.6311,0.6098,0.6346,0.6659,0.6098,0,0,0,0,0,v1.0.1,2025_12_22,317.2885,328,441.9259,312.8704,302.6299,196.0236,188.5583,342.4167,332.036,455.5405,-3.0123,7.4702,0,0.0001,-0.2203,1.5597,-0.211,1.5552,0.6709,177.4854,177.1758,177.958,178.8135,177.8582,0.8166,0.6384,0.8221,0.6219,0.6219,0.7734,0.6323,0.7692,0.6166,0.6166,0.7737,0.7805,0.7634,0.7489,0.7489,0.7464,0.6728,0.7422,0,0.6728,0,0,0,0,0,v1.0.1,2025_12_22,317.2885,328,442.7248,312.8899,302.5317,195.1667,187.5583,342.4917,332.0727,456.5,-3.0648,7.5096,0,0.0001,-0.2194,1.5596,-0.2107,1.5557,0.6713,148.8135,142.4375,144.5977,146.5029,145.5879,0.6506,0.5565,0.6768,0.5608,0.5565,0.6427,0.5576,0.647,0.5343,0.5343,0.6336,0.6409,0.6399,0.638,0.6336,0.5931,0.5399,0.5703,0.4042,0.4042,0,0,0,0,0,-0.0029,-0.0825,0.0008,-0.0982,-0.0924,0.0056,-0.0775,0.0032,-0.0913,-0.0756,-0.0103,-0.0054,-0.0043,-0.0098,-0.0968,-0.0823,-0.0194,-0.1013,-0.0084,-0.014,-0.0055,-0.0534,-0.0028,-0.0511,-0.0408,-0.018,-0.027,-0.0035,-0.0576,-0.0345,-0.0163,-0.0079,-0.0092,0.002,-0.0427,-0.0292,-0.0118,-0.0396,-0.0117,-0.0132,0.0114,-0.1875,0.0041,-0.1966,-0.1833,0.0001,-0.1415,-0.0045,-0.1665,-0.1567,0.0065,0.0031,0.0154,0.0104,-0.0078,0.0185,-0.0073,-0.1189,0.0031,-0.1128,-0.1014,-0.0004,-0.084,0.0023,-0.1104,-0.1073,0.0018,-0.0065,0.0083,0.0103,0.0059,-0.0097,-0.0163,TRUE,TRUE
DTC_L_2,LanSi,1,CW_01,C,2026-03-21 09:06:45+08:00,ONLINE,FALSE,,CW_1_01,PASS,,,51.4533328,_2026032109064589302,T20260321090645,DESKTOP-P2DUL42,Loma,1,CW_1_01,2,paul di,2024.0718.155524,V20260126.2,CW_DTCL_DTCR_STC,T20260321090737,51.4533328,TRUE,TRUE,TRUE,TRUE,TRUE,TRUE,TRUE,4S2RND2HBL06DS,v1.0.1,2025_12_22,315.1679,322.7153,475.5338,301.9624,296.1544,151.7383,149.8,342.6067,334.6296,488.0444,-5.2429,1.9134,-0.0001,0,-0.2282,1.5595,-0.2192,1.5531,0.6663,155.4365,151.2402,148.9775,153.959,152.4033,0.8243,0.816,0.8382,0.8018,0.8018,0.7866,0.7574,0.8012,0.7465,0.7465,0.8023,0.7635,0.7766,0.7669,0.7408,0.7148,0.7084,0.6914,0.6914,0.8081,0.8011,0.8188,0.7578,0.7578,0.8477,0.8015,0.7417,0.8288,0.8231,0.774,0.778,0.7829,0.7417,0,0,0,0,0,v1.0.1,2025_12_22,315.1079,322.777,476.6691,301.9265,296.0408,150.8367,148.6184,342.7105,334.8143,489.1857,-5.2499,1.9873,-0.0001,0,-0.2278,1.5598,-0.2186,1.5524,0.6664,161.3545,157.5312,162.9033,161.4707,160.8149,0.6755,0.6892,0.6951,0.6958,0.6755,0.6494,0.6393,0.6507,0.6463,0.6393,0.659,0.5904,0.6261,0.6402,0.6186,0.6223,0.5706,0.5962,0.5706,0.6848,0.5282,0.6772,0.643,0.5282,0.6584,0.6619,0.6327,0.6644,0.6806,0.6628,0.6492,0.6383,0.6327,0,0,0,0,0,v1.0.1,2025_12_22,313.8077,315.0385,438.9273,300.5,300.3083,184.175,185.605,329.605,328,445.1026,-6.1703,-4.6158,-0.0001,0,-0.2152,1.5675,-0.2126,1.5616,0.6753,175.4873,174.3896,172.1143,174.251,174.0605,0.7951,0.7112,0.8014,0.6872,0.6872,0.7445,0.6601,0.7573,0.6555,0.6555,0.7713,0.733,0.767,0.6958,0.6958,0.7212,0,0.7347,0.6589,0.6589,0,0,0,0,0,v1.0.1,2025_12_22,313.8077,314.9615,439.6379,300.5,300.1466,183.4138,184.8099,329.7355,328,445.8974,-6.2196,-4.5983,-0.0001,0,-0.2139,1.5668,-0.2135,1.5623,0.6754,148.1367,143.4268,142.1387,145.1611,144.7158,0.6576,0.5939,0.6837,0.6115,0.5939,0.6201,0.571,0.6296,0.5883,0.571,0.6376,0.5998,0.6344,0.5967,0.5967,0.5798,0.5358,0.5925,0.549,0.5358,0,0,0,0,0,-0.0097,-0.0435,-0.0132,-0.0315,-0.0315,-0.0057,-0.0759,0.0006,-0.0514,-0.0458,-0.021,-0.0554,-0.023,0.0029,-0.0862,-0.1053,-0.1005,-0.0481,-0.0098,-0.0154,-0.0119,-0.0316,-0.0016,-0.0166,-0.0119,-0.022,-0.0356,-0.0108,-0.0177,-0.0222,0.0038,-0.0699,-0.0339,-0.0017,-0.0459,-0.0385,-0.0904,-0.0347,0.0014,0.0016,0.0031,-0.1195,0.0063,-0.1307,-0.1048,-0.004,-0.135,-0.0072,-0.0952,-0.093,-0.0096,-0.0313,0.0088,-0.0003,-0.0119,-0.0037,0.0029,-0.0846,0.0135,-0.0693,-0.0608,-0.0188,-0.0849,-0.0011,-0.0635,-0.0597,0.0037,-0.0243,-0.0031,-0.0109,-0.0109,-0.0155,0.0006,TRUE,TRUE
DTC_R_2,LanSi,1,CW_01,C,2026-03-21 09:06:46+08:00,ONLINE,FALSE,,CW_1_01,PASS,,,51.6049276,_2026032109064603201,T20260321090646,DESKTOP-P2DUL42,Loma,1,CW_1_01,1,paul di,2024.0718.155524,V20260126.2,CW_DTCL_DTCR_STC,T20260321090737,51.6049276,TRUE,TRUE,TRUE,TRUE,TRUE,TRUE,TRUE,4S2RND2HBL0DP6,v1.0.1,2025_12_22,315.1739,316.6667,474.8623,296.5797,295.1034,146.8138,149.3576,337.1126,335.6294,484.3846,-5.4747,-3.1885,-0.0001,0,-0.2246,1.5527,-0.2222,1.5489,0.6637,155.3984,152.8076,151.6533,154.9795,153.7097,0.8693,0.8328,0.869,0.8168,0.8168,0.8023,0.75,0.8219,0.7248,0.7248,0.8112,0.8131,0.7987,0.806,0.7624,0.7552,0.7546,0.6645,0.6645,0.8482,0.8232,0.7934,0.98,0.7934,0.8484,0.7752,0.7806,0.8244,0.8067,0.8251,0.7475,0.8538,0.7475,0,0,0,0,0,v1.0.1,2025_12_22,315.1064,316.6809,476,296.4071,295.0408,145.8367,148.1667,337.2,335.8028,485.4155,-5.4767,-3.192,-0.0001,0,-0.2248,1.5534,-0.2218,1.5482,0.6637,163.5342,157.4844,165.0449,165.6865,162.9375,0.7004,0.6966,0.717,0.6852,0.6852,0.6772,0.6349,0.6774,0.6223,0.6223,0.6536,0.6614,0.6562,0.6564,0.6522,0.6445,0.6075,0.5752,0.5752,0.6848,0.671,0.6536,0.1734,0.1734,0.6629,0.6624,0.671,0.6685,0.6549,0.5758,0.6463,0.7004,0.5758,0,0,0,0,0,v1.0.1,2025_12_22,317.1682,328.1963,441.5841,312.7611,302.5433,195.1181,188.5,342.5,331.8519,456.3519,-3.1705,7.4855,0,0.0001,-0.2229,1.5608,-0.2102,1.5562,0.671,177.3057,176.8301,175.9287,178.127,177.0479,0.8067,0.7123,0.8212,0.6976,0.6976,0.7637,0.6488,0.7766,0.602,0.602,0.7614,0.7555,0.7655,0.7364,0.7364,0.7455,0.6944,0.7386,0,0.6944,0,0,0,0,0,v1.0.1,2025_12_22,317.1604,328.1415,442.4649,312.6667,302.416,194.536,187.5372,342.5372,331.8818,457.1545,-3.2079,7.5072,0,0.0001,-0.2224,1.5604,-0.2101,1.5567,0.6711,148.5098,142.8857,144.2666,146.4287,145.5227,0.6656,0.6106,0.6869,0.6079,0.6079,0.6234,0.5766,0.6521,0.5247,0.5247,0.6312,0.6213,0.6346,0.6295,0.6213,0.6062,0.5639,0.5782,0.3815,0.3815,0,0,0,0,0,0.0008,-0.0409,-0.0077,-0.0575,-0.0517,-0.0144,-0.0704,0.0039,-0.1076,-0.0919,-0.0169,0.0021,-0.0177,-0.0111,-0.0441,-0.0577,-0.0357,-0.1696,0.0069,-0.0085,-0.0037,-0.0201,0.003,-0.0322,-0.0189,-0.0101,-0.0367,0.0115,-0.0667,-0.0436,-0.0111,0.0011,-0.0076,-0.0033,-0.0033,-0.0216,-0.0202,-0.0736,0.0023,-0.0142,0.0015,-0.1136,0.0032,-0.1209,-0.1076,-0.0096,-0.125,0.0029,-0.1811,-0.1713,-0.0058,-0.0219,0.0175,-0.0021,-0.0087,0.0149,0.0077,-0.0648,0.0132,-0.0657,-0.05,-0.0197,-0.065,0.0074,-0.12,-0.1169,-0.0006,-0.0261,0.003,0.0018,-0.0064,0.0034,-0.0084,TRUE,TRUE
DTC_R_3,LanSi,1,CW_01,A,2026-03-21 09:09:00+08:00,ONLINE,FALSE,,CW_1_01,PASS,,,51.7737539,_2026032109090052101,T20260321090900,DESKTOP-P2DUL42,Loma,1,CW_1_01,1,paul di,2024.0718.155524,V20260126.2,CW_DTCL_DTCR_STC,T20260321090952,51.7737539,TRUE,TRUE,TRUE,TRUE,TRUE,TRUE,TRUE,4S2RND2HBL0DP6,v1.0.1,2025_12_22,315.3556,317,475.7132,297.4926,295.7415,148.5374,149.56,337.44,336.06,485.3467,-5.0139,-2.3367,-0.0001,0,-0.2205,1.5544,-0.2221,1.5479,0.6649,156.373,154.6309,153.9834,156.1807,155.292,0.8693,0.7886,0.867,0.7657,0.7657,0.8292,0.7467,0.8242,0.7702,0.7467,0.8214,0.8237,0.7983,0.8165,0.7266,0.7401,0.7925,0.765,0.7266,0.8453,0.803,0.7954,0.98,0.7954,0.8507,0.7613,0.7545,0.8184,0.7737,0.7149,0.8312,0.8456,0.7149,0,0,0,0,0,v1.0.1,2025_12_22,315.3235,317.0368,476.7971,297.3188,295.5442,147.5102,148.5,337.5,336.14,486.3067,-5.039,-2.3655,-0.0001,0,-0.221,1.5541,-0.2215,1.5479,0.6649,163.1855,157.5752,165.832,166.1514,163.186,0.7038,0.6684,0.7145,0.6625,0.6625,0.681,0.6378,0.6752,0.655,0.6378,0.6563,0.6475,0.6571,0.6475,0.6246,0.6458,0.6123,0.6361,0.6123,0.6735,0.652,0.6696,0.1104,0.1104,0.6504,0.6441,0.6523,0.6763,0.632,0.6129,0.6418,0.6697,0.6129,0,0,0,0,0,v1.0.1,2025_12_22,317.6972,328.3761,442.3362,313.4397,302.9516,196.5806,188.952,342.6,332.287,456.5478,-2.6552,8.0089,0,0.0001,-0.2188,1.5589,-0.2095,1.5569,0.6719,177.083,177.6455,177.583,178.1523,177.616,0.8097,0.6392,0.8132,0.632,0.632,0.7748,0.6224,0.7668,0.6666,0.6224,0.7769,0.7736,0.7457,0.7484,0.7457,0.7425,0.6619,0.7317,0,0.6619,0,0,0,0,0,v1.0.1,2025_12_22,317.6852,328.5,443.0833,313.3241,302.8537,195.8699,188,342.8167,332.3826,457.4174,-2.699,8.0856,0,0.0001,-0.2199,1.5589,-0.2094,1.5568,0.6716,148.8115,143.0928,144.7666,146.8027,145.8684,0.6692,0.5657,0.6748,0.5589,0.5589,0.6386,0.5619,0.6439,0.5699,0.5619,0.638,0.641,0.6269,0.6432,0.6269,0.5912,0.5431,0.583,0.3893,0.3893,0,0,0,0,0,0.0008,-0.0851,-0.0097,-0.1086,-0.1028,0.0125,-0.0737,0.0062,-0.0622,-0.07,-0.0067,0.0127,-0.0181,-0.0006,-0.0799,-0.0728,0.0022,-0.0691,0.004,-0.0065,-0.0003,-0.0483,0.0005,-0.0549,-0.0416,-0.0063,-0.0338,0.0093,-0.034,-0.0281,-0.0084,-0.0128,-0.0067,-0.0122,-0.0309,-0.0203,-0.0154,-0.0127,-0.009,0.0018,0.0045,-0.1867,-0.0048,-0.1865,-0.1732,0.0015,-0.1514,-0.0069,-0.1165,-0.1509,0.0097,-0.0038,-0.0023,0.0099,-0.0117,0.008,0.0113,-0.1097,0.0011,-0.1147,-0.099,-0.0045,-0.0797,-0.0008,-0.0748,-0.0797,0.0062,-0.0064,-0.0047,0.0155,-0.0008,-0.0116,-0.0036,TRUE,TRUE
DTC_L_3,LanSi,1,CW_01,A,2026-03-21 09:09:00+08:00,ONLINE,FALSE,,CW_1_01,PASS,,,51.6760152,_2026032109090064202,T20260321090900,DESKTOP-P2DUL42,Loma,1,CW_1_01,2,paul di,2024.0718.155524,V20260126.2,CW_DTCL_DTCR_STC,T20260321090952,51.6760152,TRUE,TRUE,TRUE,TRUE,TRUE,TRUE,TRUE,4S2RND2HBL06DS,v1.0.1,2025_12_22,314.2647,323.3309,474.4662,303.0376,294.9408,152.4342,148.3487,343.3224,333.6045,489.194,-6.375,2.7638,-0.0001,0,-0.2255,1.5577,-0.2194,1.5542,0.6668,154.0957,150.3145,148.0645,153.5918,151.5166,0.8172,0.7965,0.8397,0.7497,0.7497,0.786,0.7683,0.8049,0.7535,0.7535,0.8279,0.81,0.8011,0.7743,0.7432,0.7323,0.744,0.675,0.675,0.8131,0.806,0.8073,0.8351,0.806,0.843,0.7819,0.7381,0.8362,0.824,0.8233,0.7917,0.7641,0.7381,0,0,0,0,0,v1.0.1,2025_12_22,314.2806,323.3957,475.6296,302.9556,294.9408,151.4342,147.2895,343.3816,333.8071,490.3214,-6.3105,2.7977,-0.0001,0,-0.2255,1.5583,-0.2186,1.5538,0.667,161.792,157.627,163.3613,162.8242,161.4011,0.6803,0.6652,0.6952,0.6497,0.6497,0.6544,0.6292,0.64,0.6542,0.6292,0.6526,0.6411,0.6465,0.6216,0.6143,0.6224,0.6257,0.6171,0.6143,0.6678,0.5049,0.6693,0.6823,0.5049,0.6601,0.659,0.6187,0.6769,0.6808,0.6943,0.6736,0.6328,0.6187,0,0,0,0,0,v1.0.1,2025_12_22,313,315.6038,437.9182,301.5727,299.1102,184.9237,184.5372,330.4628,327.0609,445.9217,-7.1747,-3.803,-0.0001,0,-0.2113,1.5644,-0.2146,1.5628,0.6753,175.0078,174.1592,172.2705,174.8223,174.0649,0.7818,0.6853,0.8061,0.6687,0.6687,0.7498,0.6677,0.745,0.65,0.65,0.7865,0.7631,0.7395,0.7031,0.7031,0.728,0,0.7049,0.715,0.7049,0,0,0,0,0,v1.0.1,2025_12_22,313,315.6038,438.687,301.513,299.0172,184.0517,183.686,330.4463,327.178,446.7458,-7.1864,-3.8279,-0.0001,0,-0.2111,1.5644,-0.2138,1.5626,0.6755,148.2998,143.4297,142.751,145.9844,145.1162,0.6562,0.592,0.6639,0.5834,0.5834,0.628,0.5716,0.6224,0.5618,0.5618,0.6265,0.6278,0.6284,0.6172,0.6172,0.5798,0.5421,0.5819,0.5947,0.5421,0,0,0,0,0,-0.0168,-0.063,-0.0117,-0.0836,-0.0836,-0.0063,-0.065,0.0043,-0.0444,-0.0388,0.0046,-0.0089,0.0015,0.0103,-0.0838,-0.0878,-0.0649,-0.0645,-0.0048,-0.0269,-0.0071,-0.0556,-0.0015,-0.0627,-0.0377,-0.017,-0.0457,-0.0215,-0.0098,-0.0323,-0.0026,-0.0192,-0.0135,-0.0203,-0.0502,-0.0384,-0.0353,-0.0138,-0.0156,-0.0063,-0.0102,-0.1454,0.011,-0.1492,-0.1233,0.0013,-0.1274,-0.0195,-0.1007,-0.0985,0.0056,-0.0012,-0.0187,0.007,-0.0051,-0.0335,0.0015,-0.0865,-0.0063,-0.0974,-0.0713,-0.0109,-0.0843,-0.0083,-0.09,-0.0689,-0.0074,0.0037,-0.0091,0.0096,0.0096,-0.0155,-0.01,TRUE,TRUE
DTC_L_4,LanSi,1,CW_01,B,2026-03-21 09:10:47+08:00,ONLINE,FALSE,,CW_1_01,PASS,,,51.0370333,_2026032109104750502,T20260321091047,DESKTOP-P2DUL42,Loma,1,CW_1_01,2,paul di,2024.0718.155524,V20260126.2,CW_DTCL_DTCR_STC,T20260321091138,51.0370333,TRUE,TRUE,TRUE,TRUE,TRUE,TRUE,TRUE,4S2RND2HBL06DS,v1.0.1,2025_12_22,315.403,321.9925,475.7153,300.9343,296.3245,150.3046,149.9664,341.8255,334.8,488.4143,-5.0581,1.1943,-0.0001,0,-0.2301,1.5596,-0.2188,1.5543,0.6662,155.3096,150.5352,149.0391,154.1348,152.2546,0.8252,0.8148,0.8357,0.8032,0.8032,0.7887,0.7547,0.8039,0.7274,0.7274,0.7977,0.8152,0.8166,0.7601,0.7287,0.7202,0.7213,0.7098,0.7098,0.8172,0.9144,0.8269,0.7758,0.7758,0.8451,0.7833,0.7352,0.82,0.7872,0.7635,0.7684,0.7732,0.7352,0,0,0,0,0,v1.0.1,2025_12_22,315.292,322,476.8143,300.9143,296.1933,149.2867,148.9583,342.0208,334.8623,489.5797,-5.076,1.2603,-0.0001,0,-0.2293,1.5601,-0.2193,1.554,0.6664,161.9639,157.5986,163.8066,162.5498,161.4797,0.6869,0.6805,0.6888,0.6903,0.6805,0.664,0.6369,0.6556,0.6316,0.6316,0.6515,0.6498,0.6447,0.6427,0.6134,0.6326,0.6083,0.6042,0.6042,0.6777,0.5581,0.6722,0.6747,0.5581,0.6551,0.6425,0.6029,0.6706,0.6506,0.656,0.6578,0.6228,0.6029,0,0,0,0,0,v1.0.1,2025_12_22,314.0849,314.3302,439.1532,299.7117,300.5,182.9048,186.0492,328.9836,328.0769,444.8291,-5.9272,-5.3481,-0.0001,-0.0001,-0.2158,1.5673,-0.2134,1.5635,0.6754,176.6572,174.9697,173.3428,175.7793,175.1873,0.793,0.7012,0.8023,0.6929,0.6929,0.7451,0.6502,0.7498,0.6483,0.6483,0.7525,0.7585,0.7692,0.6975,0.6975,0.7318,0,0.7157,0.6574,0.6574,0,0,0,0,0,v1.0.1,2025_12_22,314.0381,314.3048,440.0183,299.633,300.377,182.2377,185.1083,329.075,328.2203,445.6864,-5.9476,-5.3126,-0.0001,-0.0001,-0.2154,1.5672,-0.2135,1.5627,0.6752,148.7021,143.8486,142.8213,145.8633,145.3088,0.6606,0.5924,0.6762,0.6154,0.5924,0.6253,0.5596,0.614,0.5662,0.5596,0.6263,0.6279,0.6363,0.6116,0.6116,0.5801,0.5349,0.5792,0.5458,0.5349,0,0,0,0,0,-0.0088,-0.0447,-0.0157,-0.0301,-0.0301,-0.0036,-0.0786,0.0033,-0.0705,-0.0649,-0.0256,-0.0037,0.017,-0.0039,-0.0983,-0.0999,-0.0876,-0.0297,-0.0007,-0.0073,-0.0005,-0.0403,-0.0079,-0.0221,-0.0069,-0.0074,-0.038,-0.0059,-0.0324,-0.0299,-0.0037,-0.0105,-0.0153,0.0008,-0.0511,-0.0282,-0.0527,-0.0267,-0.0057,-0.0034,0.001,-0.1295,0.0072,-0.125,-0.0991,-0.0034,-0.1449,-0.0147,-0.1024,-0.1002,-0.0284,-0.0058,0.011,0.0014,-0.0013,-0.0227,0.0059,-0.0861,0.006,-0.0654,-0.0623,-0.0136,-0.0963,-0.0167,-0.0856,-0.0711,-0.0076,0.0038,-0.0012,0.004,0.004,-0.0152,-0.0127,TRUE,TRUE
DTC_R_4,LanSi,1,CW_01,B,2026-03-21 09:10:47+08:00,ONLINE,FALSE,,CW_1_01,PASS,,,51.0220728,_2026032109104752001,T20260321091047,DESKTOP-P2DUL42,Loma,1,CW_1_01,1,paul di,2024.0718.155524,V20260126.2,CW_DTCL_DTCR_STC,T20260321091138,51.0220728,TRUE,TRUE,TRUE,TRUE,TRUE,TRUE,TRUE,4S2RND2HBL0DP6,v1.0.1,2025_12_22,315.2388,317.1791,475.5263,297.7895,295.6069,148.5517,149.5,337.5867,336.0199,485.543,-5.1216,-2.17,-0.0001,0,-0.2199,1.5544,-0.222,1.5475,0.665,155.9746,152.9209,152.6328,155.584,154.2781,0.864,0.7784,0.8668,0.7823,0.7784,0.8123,0.7505,0.825,0.7561,0.7505,0.8173,0.8127,0.8057,0.8221,0.7316,0.7256,0.7617,0.7597,0.7256,0.8191,0.7909,0.8145,0.7511,0.7511,0.85,0.769,0.7296,0.8221,0.7788,0.7061,0.8362,0.8492,0.7061,0,0,0,0,0,v1.0.1,2025_12_22,315.1957,317.1667,476.7194,297.6043,295.396,147.5436,148.3826,337.7383,336.2095,486.5676,-5.1194,-2.1759,-0.0001,0,-0.22,1.5541,-0.2222,1.5469,0.6647,162.9512,157.8906,166.5781,165.5635,163.2458,0.7084,0.6665,0.7106,0.6719,0.6665,0.6587,0.6427,0.6713,0.6505,0.6427,0.6443,0.65,0.6493,0.657,0.6272,0.6446,0.6262,0.6322,0.6262,0.672,0.6488,0.663,0.1254,0.1254,0.6469,0.6405,0.6293,0.6798,0.6403,0.6141,0.6337,0.6694,0.6141,0,0,0,0,0,v1.0.1,2025_12_22,317.5893,328.6429,442.3628,313.7699,302.9512,196.7317,188.9024,343,332.3652,456.7739,-2.6658,8.2837,0,0.0001,-0.2181,1.5598,-0.2106,1.5555,0.6716,176.3848,175.7451,176.124,177.8105,176.5161,0.8127,0.6304,0.8085,0.6301,0.6301,0.7604,0.6201,0.7641,0.6545,0.6201,0.7745,0.7602,0.7452,0.7471,0.7452,0.7412,0.663,0.7386,0,0.663,0,0,0,0,0,v1.0.1,2025_12_22,317.5514,328.8692,443.055,313.6789,302.76,195.88,188.0992,343.2562,332.431,457.569,-2.7207,8.3506,0,0.0001,-0.2199,1.5595,-0.2102,1.5552,0.6711,148.2627,143.4971,145.4316,146.3096,145.8752,0.6591,0.5516,0.6807,0.5658,0.5516,0.6228,0.557,0.6531,0.5768,0.557,0.6409,0.6397,0.6269,0.6253,0.6253,0.578,0.5488,0.5922,0.3594,0.3594,0,0,0,0,0,-0.0045,-0.0953,-0.0099,-0.092,-0.0901,-0.0044,-0.0699,0.007,-0.0763,-0.0662,-0.0108,0.0017,-0.0107,0.005,-0.0749,-0.0873,-0.0286,-0.0744,-0.0222,0.0126,0.0043,-0.0502,-0.0034,-0.0455,-0.0376,-0.0286,-0.0289,0.0054,-0.0385,-0.0232,-0.0204,-0.0103,-0.0145,-0.0027,-0.0283,-0.0215,-0.0015,-0.0166,-0.0105,-0.0048,0.0075,-0.1955,-0.0095,-0.1884,-0.1751,-0.0129,-0.1537,-0.0096,-0.1286,-0.1532,0.0073,-0.0172,-0.0028,0.0086,-0.013,0.0149,0.0012,-0.1238,0.007,-0.1078,-0.1063,-0.0203,-0.0846,0.0084,-0.0679,-0.0846,0.0091,-0.0077,-0.0047,-0.0024,-0.0024,-0.0248,0.0056,TRUE,TRUE
DTC_L_5,LanSi,1,CW_01,C,2026-03-21 09:12:20+08:00,ONLINE,FALSE,,CW_1_01,PASS,,,51.0671615,_2026032109122065802,T20260321091220,DESKTOP-P2DUL42,Loma,1,CW_1_01,2,paul di,2024.0718.155524,V20260126.2,CW_DTCL_DTCR_STC,T20260321091311,51.0671615,TRUE,TRUE,TRUE,TRUE,TRUE,TRUE,TRUE,4S2RND2HBL06DS,v1.0.1,2025_12_22,314.2519,323.3778,474.0657,303.1533,294.9408,152.4342,148.2333,343.3467,333.5108,489.5468,-6.4995,2.8717,-0.0001,0,-0.2254,1.5578,-0.2192,1.5549,0.667,154.5352,150.1582,148.5332,153.4531,151.6699,0.8174,0.806,0.8402,0.791,0.791,0.7868,0.7623,0.8022,0.7595,0.7595,0.8113,0.8212,0.8191,0.7774,0.7477,0.7051,0.7387,0.7004,0.7004,0.8093,0.4006,0.8365,0.8362,0.4006,0.8504,0.7619,0.7601,0.8162,0.8344,0.8306,0.7708,0.7718,0.7601,0,0,0,0,0,v1.0.1,2025_12_22,314.2357,323.4071,475.2086,303.0432,294.8684,151.4868,147.106,343.4636,333.7286,490.5571,-6.4705,2.8916,-0.0001,0,-0.2253,1.5581,-0.2189,1.5542,0.667,162.5107,157.6035,163.6924,163.1562,161.7407,0.691,0.6798,0.7009,0.6944,0.6798,0.6655,0.6388,0.6477,0.6545,0.6388,0.6412,0.6532,0.6519,0.6292,0.6147,0.6332,0.6274,0.6122,0.6122,0.6672,0.5015,0.6731,0.6808,0.5015,0.6534,0.6579,0.6428,0.6873,0.6654,0.7005,0.6553,0.6305,0.6305,0,0,0,0,0,v1.0.1,2025_12_22,313,315.8462,437.5948,301.5948,299.05,185,184.5583,330.4167,327,446,-7.2594,-3.7285,-0.0001,0,-0.2134,1.5641,-0.2124,1.5631,0.6753,175.5527,174.123,172.4365,174.7529,174.2163,0.7746,0.6997,0.8195,0.7005,0.6997,0.7372,0.653,0.7522,0.6666,0.653,0.7763,0.7774,0.7635,0.7068,0.7068,0.7267,0,0.7356,0.7253,0.7253,0,0,0,0,0,v1.0.1,2025_12_22,313.0095,315.6571,438.5487,301.4779,299.0339,184.1441,183.5583,330.5083,327.0431,446.8707,-7.2613,-3.7684,-0.0001,0,-0.212,1.5644,-0.2137,1.5637,0.6756,149.0361,143.2871,143.0654,146.2881,145.4192,0.6491,0.5947,0.6864,0.6275,0.5947,0.6371,0.5645,0.6411,0.5846,0.5645,0.6189,0.6261,0.6274,0.6133,0.6133,0.5844,0.5413,0.5926,0.5769,0.5413,0,0,0,0,0,-0.0166,-0.0535,-0.0112,-0.0423,-0.0423,-0.0055,-0.071,0.0016,-0.0384,-0.0328,-0.012,0.0023,0.0195,0.0134,-0.0793,-0.115,-0.0702,-0.0391,-0.0086,0.0023,0.0036,-0.041,0.0042,-0.018,-0.0076,-0.0059,-0.0361,-0.0138,-0.0095,-0.0227,-0.014,-0.0071,-0.0081,-0.0127,-0.0498,-0.0276,-0.0336,-0.0187,-0.0162,-0.0025,-0.0174,-0.131,0.0244,-0.1174,-0.0923,-0.0113,-0.1421,-0.0123,-0.0841,-0.0955,-0.0046,0.0131,0.0053,0.0107,-0.0064,-0.0028,-0.0056,-0.0838,0.0162,-0.0533,-0.06,-0.0018,-0.0914,0.0104,-0.0672,-0.0662,-0.015,0.002,-0.0101,0.0057,0.0057,-0.0109,0.0007,TRUE,TRUE
DTC_R_5,LanSi,1,CW_01,C,2026-03-21 09:12:20+08:00,ONLINE,FALSE,,CW_1_01,FAIL,SFR_VIS_25cm_Ny4_01F_ROI2_Dev,Dev,51.1938222,_2026032109122054401,T20260321091220,DESKTOP-P2DUL42,Loma,1,CW_1_01,1,paul di,2024.0718.155524,V20260126.2,CW_DTCL_DTCR_STC,T20260321091311,51.1938222,TRUE,TRUE,TRUE,TRUE,TRUE,TRUE,TRUE,4S2RND2HBL0DP6,v1.0.1,2025_12_22,315.1765,316.1471,475.3358,296.292,295.3472,147.8333,149.3423,336.1879,335.9592,485.2585,-5.2678,-3.1562,-0.0001,0,-0.2228,1.553,-0.2197,1.548,0.6646,156.5605,153.1709,153.7803,156.127,154.9097,0.8717,0.7496,0.8771,0.7896,0.7496,0.8193,0.7357,0.8023,0.7843,0.7357,0.8185,0.8261,0.8122,0.814,0.7001,0.7089,0.7946,0.7798,0.7001,0.8335,0.8005,0.8029,0.2386,0.2386,0.8362,0.7741,0.7589,0.8195,0.7956,0.6818,0.8358,0.8493,0.6818,0,0,0,0,0,v1.0.1,2025_12_22,315.0429,316.1071,476.4519,296.1704,295.1389,146.9444,148.102,336.3197,336.0268,486.3154,-5.3475,-3.1286,-0.0001,0,-0.2224,1.5532,-0.22,1.5476,0.6646,163.4863,156.6055,165.4189,165.7275,162.8096,0.7054,0.6526,0.7114,0.6719,0.6526,0.6778,0.6264,0.6562,0.6624,0.6264,0.6547,0.6602,0.6561,0.6486,0.6217,0.616,0.6254,0.6432,0.616,0.6855,0.6622,0.6509,0.0947,0.0947,0.6384,0.6561,0.6311,0.6648,0.6523,0.5839,0.6311,0.6851,0.5839,0,0,0,0,0,v1.0.1,2025_12_22,317.4,327.5,442.1875,312.4286,302.7302,195.9206,188.6583,341.725,332.1062,456.3805,-2.8836,7.2909,0,0.0001,-0.2197,1.5592,-0.2095,1.5567,0.6717,177.123,175.8936,177.2256,178.2754,177.1294,0.8005,0.6264,0.8203,0.6687,0.6264,0.7609,0.6008,0.7489,0.6758,0.6008,0.775,0.7725,0.7497,0.7606,0.7497,0.75,0.6717,0.7443,0,0.6717,0,0,0,0,0,v1.0.1,2025_12_22,317.3611,327.6389,443.0273,312.4182,302.6532,195.0726,187.8595,341.8182,332.1478,457.1565,-2.8902,7.3209,0,0.0001,-0.22,1.5598,-0.2085,1.5566,0.672,148.6768,141.7734,144.2842,146.625,145.3398,0.6638,0.5611,0.6867,0.5836,0.5611,0.633,0.5339,0.6365,0.5831,0.5339,0.6433,0.6286,0.6345,0.6306,0.6286,0.5924,0.5497,0.5874,0.2652,0.2652,0,0,0,0,0,0.0032,-0.1241,0.0004,-0.0847,-0.1189,0.0026,-0.0847,-0.0157,-0.0481,-0.081,-0.0096,0.0151,-0.0042,-0.0031,-0.1064,-0.104,0.0043,-0.0543,-0.0078,0.001,0.0013,-0.0641,-0.0026,-0.0455,-0.0515,-0.0095,-0.0452,-0.0097,-0.0266,-0.0395,-0.01,-0.0001,-0.0077,-0.0111,-0.0338,-0.0501,-0.0023,-0.0056,0.003,-0.0169,-0.0047,-0.1995,0.0023,-0.1498,-0.1788,-0.0124,-0.173,-0.0248,-0.1073,-0.1725,0.0078,-0.0049,0.0017,0.0221,-0.0042,0.0206,0.0059,-0.1143,0.013,-0.09,-0.0968,-0.0101,-0.1077,-0.0082,-0.0616,-0.1077,0.0115,-0.0188,0.0029,0.0029,0.0009,-0.0104,0.0008,TRUE,TRUE
DTC_R_6,LanSi,1,CW_01,A,2026-03-21 09:14:23+08:00,ONLINE,FALSE,,CW_1_01,PASS,,,51.3156091,_2026032109142300801,T20260321091423,DESKTOP-P2DUL42,Loma,1,CW_1_01,1,paul di,2024.0718.155524,V20260126.2,CW_DTCL_DTCR_STC,T20260321091514,51.3156091,TRUE,TRUE,TRUE,TRUE,TRUE,TRUE,TRUE,4S2RND2HBL0DP6,v1.0.1,2025_12_22,315.0657,316.1533,474.7778,296.1333,295.1701,146.8163,149.3709,336.596,335.292,484,-5.5647,-3.5602,-0.0001,0,-0.2242,1.5533,-0.2222,1.5504,0.6643,156.6846,153.1123,152.7207,156.0938,154.6528,0.8689,0.8229,0.874,0.8302,0.8229,0.8249,0.7503,0.8177,0.7707,0.7503,0.81,0.8049,0.8177,0.8088,0.765,0.75,0.7396,0.6937,0.6937,0.8507,0.8089,0.7611,0.0607,0.0607,0.8399,0.7756,0.7788,0.8164,0.7955,0.7801,0.7316,0.8499,0.7316,0,0,0,0,0,v1.0.1,2025_12_22,315.0714,316.1929,475.9143,296.0214,295.0408,145.8367,148.2133,336.72,335.6594,485,-5.5201,-3.5458,-0.0001,0,-0.2242,1.5532,-0.2219,1.5489,0.664,163.0088,157.5254,165.876,164.915,162.8313,0.7043,0.6905,0.7106,0.7054,0.6905,0.6848,0.6481,0.6623,0.6538,0.6481,0.6568,0.639,0.675,0.6521,0.6481,0.6386,0.6072,0.6041,0.6041,0.6885,0.6681,0.641,0.3427,0.3427,0.6543,0.6602,0.6701,0.6725,0.6717,0.6577,0.6241,0.6848,0.6241,0,0,0,0,0,v1.0.1,2025_12_22,317.1682,327.8037,441.5263,312.5263,302.5433,195.1181,188.5462,342.3109,331.8596,456,-3.1713,7.2518,0,0.0001,-0.2217,1.5605,-0.2118,1.5562,0.6708,177.5684,176.1455,176.4492,178.2041,177.0918,0.8058,0.7155,0.8262,0.6902,0.6902,0.7654,0.6618,0.7826,0.6316,0.6316,0.7799,0.7752,0.7639,0.7336,0.7336,0.7503,0.6782,0.711,0,0.6782,0,0,0,0,0,v1.0.1,2025_12_22,317.1619,327.9143,442.4298,312.5702,302.3871,194.4919,187.5583,342.4167,331.8807,456.789,-3.2164,7.3364,0,0.0001,-0.2214,1.56,-0.2109,1.5566,0.6711,148.2979,143.123,144.498,145.8398,145.4397,0.6689,0.6141,0.68,0.6207,0.6141,0.6357,0.5814,0.6616,0.5595,0.5595,0.6323,0.6218,0.6376,0.636,0.6218,0.5809,0.5578,0.5703,0.4615,0.4615,0,0,0,0,0,0.0004,-0.0508,-0.0027,-0.0441,-0.0456,0.0082,-0.0701,-0.0003,-0.0617,-0.0664,-0.0181,-0.0061,0.0013,-0.0083,-0.0415,-0.0629,-0.0507,-0.1404,0.0094,-0.0408,0.0002,-0.0262,-0.0034,-0.012,-0.0136,-0.0025,-0.0235,-0.0036,-0.0352,-0.0178,-0.0079,-0.0213,0.0112,-0.0076,-0.0074,-0.0275,-0.0205,-0.0447,0.006,-0.0268,0.0006,-0.1104,0.0082,-0.1283,-0.115,-0.0079,-0.112,0.0089,-0.1515,-0.1417,0.0127,-0.0022,0.0159,-0.0049,-0.0039,-0.0127,0.011,-0.0613,0.0063,-0.0529,-0.0438,-0.0074,-0.0602,0.0169,-0.0852,-0.0821,0.0005,-0.0256,0.006,0.0083,-0.0059,-0.0219,-0.0163,TRUE,TRUE
DTC_L_6,LanSi,1,CW_01,A,2026-03-21 09:14:23+08:00,ONLINE,FALSE,,CW_1_01,PASS,,,51.0822327,_2026032109142324102,T20260321091423,DESKTOP-P2DUL42,Loma,1,CW_1_01,2,paul di,2024.0718.155524,V20260126.2,CW_DTCL_DTCR_STC,T20260321091514,51.0822327,TRUE,TRUE,TRUE,TRUE,TRUE,TRUE,TRUE,4S2RND2HBL06DS,v1.0.1,2025_12_22,313.8467,323.1898,473.8897,302.8309,294.4868,151.5461,147.7285,343.2583,333.1064,490.3191,-6.8884,2.7288,-0.0001,0,-0.226,1.558,-0.2197,1.5555,0.6669,155.0615,150.8955,148.9492,153.9062,152.2031,0.8194,0.7846,0.8414,0.7871,0.7846,0.7774,0.7553,0.8042,0.7466,0.7466,0.802,0.8207,0.8131,0.7457,0.7449,0.7184,0.774,0.7169,0.7169,0.8207,0.7729,0.8337,0.8179,0.7729,0.8359,0.7981,0.7761,0.8437,0.8341,0.8191,0.8064,0.7724,0.7724,0,0,0,0,0,v1.0.1,2025_12_22,313.8913,323.1739,475.042,302.7483,294.3667,150.5067,146.6494,343.3506,333.2254,491.3451,-6.8651,2.7249,-0.0001,0,-0.2256,1.5577,-0.2195,1.5558,0.6671,161.9424,157.8223,163.8535,162.332,161.4875,0.6699,0.6759,0.6936,0.6979,0.6699,0.6629,0.6303,0.6559,0.6574,0.6303,0.6347,0.6509,0.6567,0.6232,0.6255,0.6229,0.6366,0.6139,0.6139,0.6811,0.5503,0.677,0.6859,0.5503,0.6496,0.6629,0.628,0.6675,0.6674,0.6685,0.6807,0.6202,0.6202,0,0,0,0,0,v1.0.1,2025_12_22,312.5,315.5273,437.5,301.4035,298.6179,184.2439,183.952,330.4,326.5,446.5,-7.686,-3.8851,-0.0001,0,-0.212,1.5649,-0.2147,1.5638,0.6755,176.1875,174.9355,172.9277,175.4248,174.8689,0.7856,0.6886,0.8024,0.6834,0.6834,0.7408,0.6555,0.7557,0.673,0.6555,0.764,0.7649,0.7673,0.6784,0.6784,0.7339,0,0.7336,0.7188,0.7188,0,0,0,0,0,v1.0.1,2025_12_22,312.5,315.5,438.3661,301.2589,298.547,183.5214,183.1613,330.3952,326.6525,447.2712,-7.6546,-3.9107,-0.0001,0,-0.2121,1.5649,-0.2141,1.5633,0.6755,148.4893,143.5938,143.0771,145.8525,145.2532,0.6605,0.5949,0.6757,0.6148,0.5949,0.6275,0.5423,0.6286,0.5731,0.5423,0.6337,0.6371,0.6343,0.5975,0.5975,0.5862,0.5309,0.5973,0.5677,0.5309,0,0,0,0,0,-0.0146,-0.0749,-0.01,-0.0462,-0.0487,-0.0149,-0.078,0.0036,-0.0513,-0.0457,-0.0213,0.0018,0.0135,-0.0183,-0.0821,-0.1017,-0.0349,-0.0226,0.0028,-0.0005,-0.0175,-0.0449,-0.0031,-0.0145,-0.0175,-0.0085,-0.0446,-0.0056,-0.0066,-0.0312,-0.0205,-0.0094,-0.0033,-0.0187,-0.039,-0.0379,-0.0244,-0.017,-0.0023,0.0014,-0.0064,-0.1421,0.0073,-0.1345,-0.1086,-0.0077,-0.1396,-0.0088,-0.0777,-0.093,-0.0169,0.0006,0.0091,-0.0177,0.0008,-0.0048,0.0058,-0.0836,0.0055,-0.066,-0.0598,-0.0114,-0.1136,-0.0021,-0.0787,-0.0884,-0.0002,0.013,-0.0032,-0.0101,-0.0101,-0.0091,0.0054,TRUE,TRUE
DTC_R_7,LanSi,1,CW_01,B,2026-03-21 09:16:05+08:00,ONLINE,FALSE,,CW_1_01,PASS,,,51.5082809,_2026032109160508001,T20260321091605,DESKTOP-P2DUL42,Loma,1,CW_1_01,1,paul di,2024.0718.155524,V20260126.2,CW_DTCL_DTCR_STC,T20260321091656,51.5082809,TRUE,TRUE,TRUE,TRUE,TRUE,TRUE,TRUE,4S2RND2HBL0DP6,v1.0.1,2025_12_22,315.0217,316.0435,475.2612,296.2313,295.2153,147.7361,149.2381,335.9048,335.8993,484.6711,-5.3729,-3.3826,-0.0001,0,-0.2225,1.5531,-0.2187,1.5471,0.6648,155.0508,152.3789,152.2305,155.1719,153.708,0.8729,0.7716,0.8725,0.7837,0.7716,0.8198,0.7295,0.8293,0.7735,0.7295,0.8186,0.8166,0.8102,0.8188,0.7098,0.729,0.807,0.7668,0.7098,0.8279,0.7935,0.8173,0.98,0.7935,0.8538,0.7645,0.7516,0.826,0.7906,0.7278,0.8153,0.8515,0.7278,0,0,0,0,0,v1.0.1,2025_12_22,315.0429,316.1071,476.363,296.2,295.1111,146.8611,148.0207,336.0897,335.9664,485.6913,-5.3992,-3.3102,-0.0001,0,-0.2223,1.5531,-0.2186,1.5475,0.6649,162.874,157.1523,165.7949,165.4111,162.8081,0.694,0.661,0.7017,0.6685,0.661,0.6816,0.6382,0.6732,0.6507,0.6382,0.6487,0.6524,0.6596,0.6622,0.6135,0.625,0.6309,0.6314,0.6135,0.6901,0.6557,0.6559,0.3397,0.3397,0.6558,0.6511,0.6492,0.677,0.6612,0.6066,0.6325,0.6636,0.6066,0,0,0,0,0,v1.0.1,2025_12_22,317.3028,327.3761,442.1376,312.3211,302.6532,195.7903,188.5372,341.4628,332.0431,455.8707,-2.9652,7.0642,0,0.0001,-0.2195,1.5594,-0.2084,1.5561,0.6719,177.0586,176.3672,176.6045,177.9746,177.0012,0.8064,0.6144,0.8193,0.6506,0.6144,0.7693,0.602,0.7761,0.67,0.602,0.779,0.7657,0.7533,0.7428,0.7428,0.7406,0.6769,0.7294,0,0.6769,0,0,0,0,0,v1.0.1,2025_12_22,317.2264,327.5377,443,312.3148,302.5433,195.0236,187.7025,341.6364,332.1293,456.7241,-2.9797,7.1473,0,0.0001,-0.2199,1.5599,-0.2079,1.5554,0.6719,148.2246,142.3955,144.5391,145.8779,145.2593,0.6604,0.5454,0.6739,0.5775,0.5454,0.6363,0.5297,0.657,0.5762,0.5297,0.6224,0.6361,0.6516,0.6393,0.6224,0.5959,0.5446,0.5741,0.4818,0.4818,0,0,0,0,0,0.0044,-0.1021,-0.0042,-0.0906,-0.0969,0.0031,-0.0909,0.0113,-0.0589,-0.0872,-0.0095,0.0056,-0.0062,0.0017,-0.0967,-0.0839,0.0167,-0.0673,-0.0134,0.0154,-0.0101,-0.0557,-0.0123,-0.0489,-0.0431,-0.0057,-0.0334,0.0073,-0.0383,-0.0277,-0.016,-0.0079,-0.0042,0.0025,-0.042,-0.0411,0.0032,-0.0174,0.0076,-0.0119,0.0012,-0.2115,0.0013,-0.1679,-0.1908,-0.004,-0.1718,0.0024,-0.1131,-0.1713,0.0118,-0.0117,0.0053,0.0043,-0.0136,0.0057,0.0025,-0.13,0.0002,-0.0961,-0.1125,-0.0068,-0.1119,0.0123,-0.0685,-0.1119,-0.0094,-0.0113,0.02,0.0116,-0.0053,-0.0069,-0.0125,TRUE,TRUE
DTC_L_7,LanSi,1,CW_01,B,2026-03-21 09:16:04+08:00,ONLINE,FALSE,,CW_1_01,PASS,,,51.6479077,_2026032109160494102,T20260321091604,DESKTOP-P2DUL42,Loma,1,CW_1_01,2,paul di,2024.0718.155524,V20260126.2,CW_DTCL_DTCR_STC,T20260321091656,51.6479077,TRUE,TRUE,TRUE,TRUE,TRUE,TRUE,TRUE,4S2RND2HBL06DS,v1.0.1,2025_12_22,314.1397,323.6765,474.5909,303.1894,294.953,153.0671,148.5,343.4133,333.587,489.3768,-6.3459,3.0446,-0.0001,0,-0.2265,1.5583,-0.2181,1.5535,0.6668,155.9082,151.6318,149.2549,154.7578,152.8882,0.8306,0.7869,0.8499,0.7785,0.7785,0.7764,0.7623,0.8015,0.7453,0.7453,0.8222,0.8134,0.8149,0.7713,0.7535,0.7018,0.7602,0.6989,0.6989,0.8271,0.5497,0.8129,0.8076,0.5497,0.8417,0.7371,0.7601,0.8431,0.8401,0.8181,0.7923,0.7714,0.7371,0,0,0,0,0,v1.0.1,2025_12_22,314.1295,323.6835,475.7007,303.146,294.92,152.0333,147.4133,343.5,333.7801,490.3617,-6.3113,3.0449,-0.0001,0,-0.2259,1.5588,-0.2178,1.5529,0.667,162.7695,157.7725,163.4492,163.2314,161.8057,0.6808,0.6754,0.7003,0.6941,0.6754,0.655,0.6301,0.6602,0.6406,0.6301,0.6422,0.6532,0.6561,0.6178,0.6321,0.6168,0.6301,0.6078,0.6078,0.6685,0.516,0.6756,0.6667,0.516,0.6612,0.6213,0.6224,0.6826,0.6656,0.6824,0.672,0.6392,0.6213,0,0,0,0,0,v1.0.1,2025_12_22,313.0288,316.0481,438.0545,302,299.2417,185.6083,184.605,330.605,327.0431,445.8707,-7.1054,-3.4736,-0.0001,0,-0.2114,1.565,-0.2124,1.5627,0.676,175.5215,174.6758,172.1992,174.8369,174.3083,0.7866,0.6498,0.8072,0.6675,0.6498,0.7439,0.6554,0.7494,0.6602,0.6554,0.7747,0.7708,0.768,0.6967,0.6967,0.717,0,0.7365,0.7215,0.717,0,0,0,0,0,v1.0.1,2025_12_22,312.8774,315.9528,438.8091,301.6727,299.0085,184.8291,183.8862,330.5854,327.1293,446.7241,-7.1579,-3.5472,-0.0001,0,-0.2124,1.5649,-0.2124,1.5617,0.6754,149.3379,143.8145,142.9307,146.9238,145.7517,0.6659,0.567,0.6824,0.5846,0.567,0.6393,0.5814,0.6227,0.5924,0.5814,0.6373,0.6423,0.6384,0.5951,0.5951,0.585,0.5194,0.5821,0.5726,0.5194,0,0,0,0,0,-0.0034,-0.0726,-0.0015,-0.0548,-0.0548,-0.0159,-0.071,0.0009,-0.0526,-0.047,-0.0011,-0.0055,0.0153,0.0073,-0.0735,-0.1183,-0.0487,-0.0406,0.0092,-0.0213,-0.0066,-0.0454,0.0036,-0.0183,-0.012,-0.0164,-0.0448,-0.0013,-0.0234,-0.0314,-0.013,-0.0071,-0.0039,-0.0241,-0.0324,-0.044,-0.0309,-0.0231,-0.0149,0,-0.0054,-0.1809,0.0121,-0.1504,-0.1422,-0.0046,-0.1397,-0.0151,-0.0905,-0.0931,-0.0062,0.0065,0.0098,0.0006,-0.0161,-0.0019,0.0112,-0.1115,0.0122,-0.0962,-0.0877,0.0004,-0.0745,-0.008,-0.0594,-0.0493,0.0034,0.0182,0.0009,-0.0125,-0.0125,-0.0103,-0.0098,TRUE,TRUE
DTC_L_8,LanSi,1,CW_01,C,2026-03-21 09:18:21+08:00,ONLINE,FALSE,,CW_1_01,PASS,,,51.9497506,_2026032109182180502,T20260321091821,DESKTOP-P2DUL42,Loma,1,CW_1_01,2,paul di,2024.0718.155524,V20260126.2,CW_DTCL_DTCR_STC,T20260321091913,51.9497506,TRUE,TRUE,TRUE,TRUE,TRUE,TRUE,TRUE,4S2RND2HBL06DS,v1.0.1,2025_12_22,315.2941,321.3162,475.6567,300.1493,296.3113,149.5033,149.9521,341.1164,334.7286,487.5571,-5.1115,0.4285,-0.0001,0,-0.2307,1.5602,-0.2187,1.5539,0.6662,154.458,150.9551,148.8984,153.7305,152.0105,0.8276,0.808,0.8437,0.8004,0.8004,0.7644,0.7498,0.7923,0.7631,0.7498,0.8214,0.8203,0.8166,0.757,0.7337,0.7208,0.7448,0.6843,0.6843,0.8345,0.6443,0.8076,0.7809,0.6443,0.8249,0.8326,0.7654,0.8307,0.8043,0.7648,0.7662,0.7803,0.7648,0,0,0,0,0,v1.0.1,2025_12_22,315.227,321.4539,476.8417,300.1871,296.0392,148.6078,148.8267,341.3467,334.8345,488.6187,-5.1462,0.5428,-0.0001,0,-0.2303,1.5597,-0.2185,1.5535,0.6661,161.041,158.0273,163.1201,161.8916,161.02,0.6721,0.6759,0.6961,0.6961,0.6721,0.6569,0.6362,0.6519,0.6427,0.6362,0.6335,0.658,0.6527,0.6336,0.6073,0.6121,0.6362,0.6134,0.6073,0.6869,0.5591,0.6749,0.6627,0.5591,0.6471,0.6843,0.6272,0.662,0.6867,0.6595,0.6756,0.6308,0.6272,0,0,0,0,0,v1.0.1,2025_12_22,314.0094,313.6698,439.0446,299.1071,300.4034,182.4454,185.8618,328.3821,328,444.1026,-6.0362,-5.9586,-0.0001,-0.0001,-0.2154,1.567,-0.2138,1.5634,0.6753,175.8125,175.293,173.1367,175.2891,174.8828,0.7907,0.698,0.808,0.6879,0.6879,0.7396,0.6391,0.7587,0.6414,0.6391,0.7764,0.7682,0.7573,0.6953,0.6953,0.7364,0,0.7277,0.6527,0.6527,0,0,0,0,0,v1.0.1,2025_12_22,313.9528,313.6981,439.9459,299.0541,300.2787,181.8525,185.024,328.456,328.0776,444.9741,-6.0442,-5.893,-0.0001,-0.0001,-0.2152,1.5669,-0.2135,1.5631,0.6753,147.7227,143.7891,142.4619,145.2695,144.8108,0.6531,0.6013,0.6753,0.5978,0.5978,0.615,0.5435,0.6276,0.5773,0.5435,0.6168,0.6444,0.633,0.5922,0.5922,0.5761,0.5125,0.5857,0.548,0.5125,0,0,0,0,0,-0.0064,-0.0515,-0.0077,-0.0329,-0.0329,-0.0279,-0.0835,-0.0083,-0.0348,-0.0425,-0.0019,0.0014,0.017,-0.007,-0.0933,-0.0993,-0.0641,-0.0552,0.0166,-0.0266,-0.0153,-0.0449,-0.0006,-0.0163,-0.0153,-0.0145,-0.0387,-0.0096,-0.0213,-0.0253,-0.0217,-0.0023,-0.0073,-0.0083,-0.0572,-0.0487,-0.0248,-0.0175,0.0035,-0.0007,-0.0013,-0.1327,0.0129,-0.13,-0.1041,-0.0089,-0.156,-0.0058,-0.1093,-0.1094,-0.0045,0.0039,-0.0009,-0.0008,0.0033,-0.0107,-0.0016,-0.0772,0.0051,-0.083,-0.0569,-0.0239,-0.1124,-0.0031,-0.0745,-0.0872,-0.0171,0.0203,-0.0045,-0.0154,-0.0154,-0.0192,-0.0062,TRUE,TRUE
DTC_R_8,LanSi,1,CW_01,C,2026-03-21 09:18:21+08:00,ONLINE,FALSE,,CW_1_01,PASS,,,51.9716943,_2026032109182180101,T20260321091821,DESKTOP-P2DUL42,Loma,1,CW_1_01,1,paul di,2024.0718.155524,V20260126.2,CW_DTCL_DTCR_STC,T20260321091913,51.9716943,TRUE,TRUE,TRUE,TRUE,TRUE,TRUE,TRUE,4S2RND2HBL0DP6,v1.0.1,2025_12_22,315.1037,316.6444,474.7554,296.5755,295.1224,146.9864,149.3289,337.0268,335.5448,484.4138,-5.529,-3.1706,-0.0001,0,-0.2245,1.553,-0.2218,1.549,0.6639,156.7539,154.3115,153.5312,156.2568,155.2134,0.8708,0.8289,0.8841,0.8251,0.8251,0.8117,0.7814,0.8183,0.784,0.7814,0.8117,0.8206,0.8245,0.8249,0.7685,0.7788,0.7027,0.7209,0.7027,0.8517,0.8095,0.8122,0.4375,0.4375,0.8512,0.7685,0.7711,0.8181,0.815,0.7295,0.7691,0.8486,0.7295,0,0,0,0,0,v1.0.1,2025_12_22,315.1064,316.6809,475.8,296.4143,295.0828,146,148.1284,337.1486,335.6923,485.4196,-5.538,-3.1673,-0.0001,0,-0.2249,1.5535,-0.2215,1.5489,0.664,163.7109,157.5244,165.6406,166.1279,163.251,0.7038,0.7002,0.7071,0.7016,0.7002,0.6701,0.6672,0.6773,0.6468,0.6468,0.6496,0.6466,0.657,0.663,0.6486,0.6494,0.5803,0.6075,0.5803,0.6929,0.6629,0.6745,0.5328,0.5328,0.6458,0.639,0.6519,0.6724,0.6743,0.6401,0.6549,0.6945,0.639,0,0,0,0,0,v1.0.1,2025_12_22,317.3019,328.1698,441.6216,312.8288,302.5873,195.1349,188.5372,342.5372,331.9273,456.5,-3.1049,7.5342,0,0.0001,-0.2223,1.5601,-0.2106,1.5568,0.671,177.4375,177.2578,177,178.3438,177.5098,0.7951,0.7162,0.8237,0.7018,0.7018,0.7592,0.6608,0.7838,0.6736,0.6608,0.7733,0.7738,0.7572,0.7388,0.7388,0.7453,0.6747,0.7277,0,0.6747,0,0,0,0,0,v1.0.1,2025_12_22,317.0952,328.2762,442.3393,312.8304,302.48,194.616,187.6829,342.6585,331.9558,457.292,-3.1894,7.6346,0,0.0001,-0.2222,1.5614,-0.2102,1.5556,0.6712,148.8477,142.9707,144.2383,146.5947,145.6628,0.6628,0.6,0.6776,0.6131,0.6,0.6503,0.5802,0.6391,0.5725,0.5725,0.6215,0.6324,0.6325,0.6273,0.6215,0.5963,0.5346,0.5787,0.5501,0.5346,0,0,0,0,0,0.0023,-0.0448,0.0074,-0.0492,-0.0434,-0.005,-0.039,0.0003,-0.0484,-0.0353,-0.0164,0.0096,0.0081,0.0078,-0.038,-0.0341,-0.0876,-0.1132,0.0104,0.0103,-0.0003,-0.0165,-0.0069,-0.0158,-0.0039,-0.0172,-0.0044,0.0114,-0.0422,-0.0191,-0.0151,-0.0137,-0.0068,0.0033,-0.0069,-0.0167,-0.0474,-0.0413,0.0104,0.0067,-0.0101,-0.1097,0.0057,-0.1167,-0.1034,-0.0141,-0.113,0.0101,-0.1095,-0.1125,0.0061,-0.0036,0.0092,0.0003,-0.0089,0.004,0.0049,-0.0754,0.0039,-0.0605,-0.0579,0.0072,-0.0614,-0.0056,-0.0722,-0.0691,-0.0103,-0.015,0.0009,-0.0004,-0.0062,-0.0065,-0.0079,TRUE,TRUE
DTC_L_9,LanSi,1,CW_01,A,2026-03-21 09:20:33+08:00,ONLINE,FALSE,,CW_1_01,FAIL,SFR_VIS_25cm_Ny4_06F_ROI14;SFR_VIS_25cm_Ny4_06F_Min,sfr_25Algo,51.4670816,_2026032109203383102,T20260321092033,DESKTOP-P2DUL42,Loma,1,CW_1_01,2,paul di,2024.0718.155524,V20260126.2,CW_DTCL_DTCR_STC,T20260321092125,51.4670816,TRUE,TRUE,TRUE,TRUE,TRUE,TRUE,TRUE,4S2RND2HBL06DS,v1.0.1,2025_12_22,314.1533,322.8102,474.3507,302.209,294.9184,151.9048,148.1242,342.5033,333.295,489.1439,-6.5317,2.2142,-0.0001,0,-0.2274,1.5582,-0.2175,1.5557,0.6672,154.7793,150.4453,148.4961,153.3721,151.7732,0.831,0.7985,0.8405,0.787,0.787,0.774,0.7619,0.8055,0.7422,0.7422,0.7997,0.8005,0.8209,0.7662,0.7884,0.6563,0.7691,0.7071,0.6563,0.8132,0.2614,0.8351,0.7978,0.2614,0.8468,0.7837,0.7788,0.8321,0.8277,0.7693,0.805,0.7787,0.7693,0,0,0,0,0,v1.0.1,2025_12_22,314.1533,322.8102,475.4179,302.0373,294.8716,150.9662,147.0872,342.6913,333.6571,490.3,-6.4626,2.261,-0.0001,0,-0.2276,1.5585,-0.2179,1.5544,0.6668,161.9189,157.6377,163.4707,161.9141,161.2354,0.6814,0.6772,0.6916,0.6915,0.6772,0.6631,0.6371,0.6625,0.6601,0.6371,0.6436,0.6427,0.6565,0.6405,0.6351,0.5952,0.6396,0.5988,0.5952,0.6748,0.5417,0.6837,0.672,0.5417,0.6675,0.6555,0.6484,0.6747,0.6719,0.6659,0.6783,0.6261,0.6261,0,0,0,0,0,v1.0.1,2025_12_22,312.8381,315.0857,437.7658,300.8739,299,184,184.4622,329.6303,326.9474,445.5,-7.2973,-4.482,-0.0001,0,-0.2128,1.5651,-0.2123,1.5625,0.6756,176.3525,175.1445,173.1064,175.2588,174.9656,0.7861,0.677,0.8182,0.686,0.677,0.7609,0.6524,0.7511,0.6672,0.6524,0.7761,0.7745,0.7577,0.6894,0.6894,0.7266,0,0.7269,0.6935,0.6935,0,0,0,0,0,v1.0.1,2025_12_22,312.8077,315.0385,438.6348,300.6261,298.8136,183.2288,183.5167,329.7333,326.9217,446.2783,-7.3611,-4.519,-0.0001,0,-0.2135,1.5645,-0.2127,1.5631,0.6754,148.0605,143.6318,142.6709,145.4727,144.959,0.6605,0.5806,0.6789,0.6124,0.5806,0.6256,0.5586,0.6192,0.573,0.5586,0.6428,0.6303,0.6355,0.6008,0.6008,0.5778,0.5632,0.5902,0.5698,0.5632,0,0,0,0,0,-0.003,-0.061,-0.0109,-0.0463,-0.0463,-0.0183,-0.0714,0.0049,-0.0557,-0.0501,-0.0236,-0.0184,0.0213,0.0022,-0.0386,-0.1638,-0.0398,-0.0324,-0.0047,0.0009,-0.006,-0.0436,-0.0051,-0.0209,-0.0102,-0.0083,-0.0378,0.001,-0.0039,-0.0244,-0.0116,-0.0176,-0.0035,-0.0014,-0.0294,-0.0656,-0.0214,-0.0321,-0.0086,0.0081,-0.0059,-0.1537,0.0231,-0.1319,-0.115,0.0124,-0.1427,-0.0134,-0.0835,-0.0961,-0.0048,0.0102,-0.0005,-0.0067,-0.0065,-0.0115,0.0058,-0.0979,0.0087,-0.0684,-0.0741,-0.0133,-0.0973,-0.0115,-0.0788,-0.0721,0.0089,0.0062,-0.002,-0.0068,-0.0068,-0.0175,-0.0017,TRUE,TRUE
DTC_R_9,LanSi,1,CW_01,A,2026-03-21 09:20:33+08:00,ONLINE,FALSE,,CW_1_01,PASS,,,51.6595667,_2026032109203363301,T20260321092033,DESKTOP-P2DUL42,Loma,1,CW_1_01,1,paul di,2024.0718.155524,V20260126.2,CW_DTCL_DTCR_STC,T20260321092125,51.6595667,TRUE,TRUE,TRUE,TRUE,TRUE,TRUE,TRUE,4S2RND2HBL0DP6,v1.0.1,2025_12_22,315.2868,317.5882,475.597,298.0075,295.6759,149.2621,149.5232,337.9603,336.0743,485.0473,-5.0686,-1.9269,-0.0001,0,-0.221,1.5543,-0.2218,1.5468,0.6646,155.9248,153.166,152.8174,155.4004,154.3271,0.8717,0.7926,0.8705,0.7649,0.7649,0.8168,0.7504,0.8242,0.7639,0.7504,0.8077,0.8195,0.803,0.8062,0.7261,0.7318,0.7536,0.7166,0.7166,0.8323,0.7974,0.8071,0.4841,0.4841,0.8462,0.7777,0.7577,0.8244,0.7649,0.4715,0.8399,0.8348,0.4715,0,0,0,0,0,v1.0.1,2025_12_22,315.2128,317.539,476.7353,297.8897,295.411,148.2055,148.3129,337.9592,336.0816,486.0952,-5.1493,-1.9623,-0.0001,0,-0.2205,1.5539,-0.2212,1.5471,0.6648,162.8867,157.6436,165.9658,164.9326,162.8572,0.7044,0.6691,0.7079,0.6608,0.6608,0.6792,0.6401,0.6704,0.6515,0.6401,0.6529,0.6551,0.6489,0.6539,0.6244,0.6361,0.6065,0.6102,0.6065,0.6684,0.6527,0.6671,0.0762,0.0762,0.6477,0.6594,0.654,0.6739,0.6396,0.5413,0.6486,0.6703,0.5413,0,0,0,0,0,v1.0.1,2025_12_22,317.5,328.8868,442.2342,314.018,302.832,197,188.7131,343.2213,332.1429,456.5804,-2.8156,8.4413,0,0.0001,-0.2181,1.5595,-0.2103,1.5561,0.6718,177.1113,176.1006,176.4072,177.6562,176.8188,0.8066,0.6487,0.8154,0.5932,0.5932,0.7627,0.6336,0.7806,0.6426,0.6336,0.7662,0.7615,0.7513,0.7411,0.7411,0.7479,0.6518,0.7384,0,0.6518,0,0,0,0,0,v1.0.1,2025_12_22,317.5,329,442.9725,313.8991,302.6748,196.3415,187.813,343.3902,332.2456,457.4211,-2.8588,8.5104,0,0.0001,-0.2193,1.559,-0.21,1.556,0.6714,148.0527,142.9688,144.7305,145.626,145.3445,0.6669,0.5683,0.6826,0.5307,0.5307,0.6453,0.5607,0.6654,0.5563,0.5563,0.6368,0.6408,0.6436,0.6263,0.6263,0.5835,0.549,0.5713,0.3092,0.3092,0,0,0,0,0,0.0032,-0.0811,-0.0062,-0.1094,-0.1036,0.0001,-0.07,0.0062,-0.0685,-0.0663,-0.0204,0.0085,-0.0134,-0.0109,-0.0804,-0.0811,-0.0367,-0.1175,-0.009,0.0052,0.0003,-0.0476,-0.0061,-0.0566,-0.0433,-0.0081,-0.0315,0.0045,-0.0375,-0.0258,-0.0118,-0.0052,-0.0149,-0.0058,-0.0311,-0.03,-0.0212,-0.0386,-0.0141,-0.0007,0.0014,-0.1772,-0.0026,-0.2253,-0.212,-0.0106,-0.1402,0.0069,-0.1405,-0.1397,-0.001,-0.0159,0.0033,0.0026,-0.0063,0.0147,0.009,-0.1071,0.0089,-0.1429,-0.1272,0.0022,-0.0809,0.0207,-0.0884,-0.0853,0.005,-0.0066,0.012,-0.0014,-0.0014,-0.0193,-0.0153,TRUE,TRUE
DTC_L_10,LanSi,1,CW_01,B,2026-03-21 09:45:04+08:00,ONLINE,FALSE,,CW_1_01,PASS,,,51.5576194,_2026032109450497802,T20260321094504,DESKTOP-P2DUL42,Loma,1,CW_1_01,2,paul di,2024.0718.155524,V20260126.2,CW_DTCL_DTCR_STC,T20260321094556,51.5576194,TRUE,TRUE,TRUE,TRUE,TRUE,TRUE,TRUE,4S2RND2HBL06DS,v1.0.1,2025_12_22,315.219,322.3212,475.7132,301.4926,296.4564,151.4899,149.8493,342.1438,334.6765,487.8382,-5.1171,1.5572,-0.0001,0,-0.2285,1.5609,-0.2188,1.5533,0.6667,154.2939,150.0088,147.8564,152.9482,151.2769,0.8206,0.7874,0.8378,0.7812,0.7812,0.7896,0.7498,0.8024,0.7338,0.7338,0.805,0.8138,0.8004,0.7597,0.7415,0.7137,0.7517,0.6794,0.6794,0.8026,0.9169,0.8175,0.7926,0.7926,0.822,0.7342,0.7218,0.814,0.8236,0.7723,0.7683,0.7734,0.7218,0,0,0,0,0,v1.0.1,2025_12_22,315.2086,322.3669,476.7194,301.3957,296.3061,150.5442,148.6184,342.2895,334.7842,488.8777,-5.1726,1.5948,-0.0001,0,-0.2286,1.5607,-0.2185,1.5533,0.6667,162.5596,157.6055,163.126,163.0342,161.5813,0.6759,0.6558,0.697,0.6885,0.6558,0.666,0.631,0.6598,0.6385,0.631,0.6541,0.648,0.6527,0.6313,0.6134,0.6273,0.6302,0.6097,0.6097,0.6656,0.4724,0.6753,0.6662,0.4724,0.6417,0.6409,0.5834,0.6701,0.6736,0.6667,0.6704,0.6293,0.5834,0,0,0,0,0,v1.0.1,2025_12_22,314,314.6038,438.8947,300.1667,300.4098,184.1393,185.8618,329.3821,328.0625,444.5089,-6.0542,-4.9398,-0.0001,0,-0.2146,1.5665,-0.2143,1.5624,0.675,175.2383,174.0898,171.7061,174.2627,173.8242,0.781,0.6629,0.7916,0.6707,0.6629,0.7443,0.6497,0.7496,0.6575,0.6497,0.757,0.7781,0.7632,0.695,0.695,0.7116,0,0.7086,0.661,0.661,0,0,0,0,0,v1.0.1,2025_12_22,313.9151,314.6698,439.7658,300.1261,300.4202,183.3866,185.0984,329.5,328.0783,445.2783,-6.0445,-4.9078,-0.0001,0,-0.2145,1.5678,-0.2141,1.5623,0.6754,149.1084,143.707,142.3643,146.2891,145.3672,0.6624,0.5632,0.6672,0.5993,0.5632,0.6264,0.5567,0.6251,0.5795,0.5567,0.6257,0.6424,0.6322,0.6042,0.6042,0.5716,0.4884,0.5862,0.5553,0.4884,0,0,0,0,0,-0.0134,-0.0721,-0.0136,-0.0521,-0.0521,-0.0027,-0.0835,0.0018,-0.0641,-0.0585,-0.0183,-0.0051,0.0008,-0.0043,-0.0855,-0.1064,-0.0572,-0.0601,-0.0153,-0.0167,-0.0115,-0.065,0.0003,-0.0239,-0.0316,-0.0054,-0.0439,-0.0017,-0.0255,-0.0305,-0.0011,-0.0123,-0.0073,-0.0106,-0.0511,-0.0335,-0.0308,-0.0212,-0.0178,-0.0003,-0.011,-0.1678,-0.0035,-0.1472,-0.1291,-0.0042,-0.1454,-0.0149,-0.0932,-0.0988,-0.0239,0.0138,0.005,-0.0011,-0.0215,-0.0298,0.0077,-0.1153,-0.003,-0.0815,-0.0915,-0.0125,-0.0992,-0.0056,-0.0723,-0.074,-0.0082,0.0183,-0.0053,-0.0034,-0.0034,-0.0237,-0.0057,TRUE,TRUE
DTC_R_10,LanSi,1,CW_01,B,2026-03-21 09:45:04+08:00,ONLINE,FALSE,,CW_1_01,PASS,,,51.8189215,_2026032109450492701,T20260321094504,DESKTOP-P2DUL42,Loma,1,CW_1_01,1,paul di,2024.0718.155524,V20260126.2,CW_DTCL_DTCR_STC,T20260321094556,51.8189215,TRUE,TRUE,TRUE,TRUE,TRUE,TRUE,TRUE,4S2RND2HBL0DP6,v1.0.1,2025_12_22,315,316.0863,474.7778,296.1333,295.1497,146.7347,149.3856,336.6209,335.6187,483.777,-5.5136,-3.6295,-0.0001,0,-0.2237,1.5536,-0.2228,1.5479,0.6637,156.3516,153.4238,152.8936,155.6494,154.5796,0.8554,0.8342,0.8727,0.8181,0.8181,0.8223,0.7521,0.8227,0.7849,0.7521,0.8178,0.8058,0.8197,0.7967,0.7654,0.74,0.7315,0.7316,0.7315,0.8353,0.8188,0.8,0.98,0.8,0.8612,0.7895,0.7648,0.8215,0.8016,0.833,0.7754,0.8559,0.7648,0,0,0,0,0,v1.0.1,2025_12_22,315,316.1761,475.9143,296.0214,295.0265,145.596,148.2185,336.6556,335.7376,484.844,-5.5206,-3.6414,-0.0001,0,-0.2241,1.5537,-0.2217,1.5479,0.664,163.0977,157.6963,165.835,165.3828,163.0029,0.687,0.7042,0.716,0.6944,0.687,0.6755,0.6359,0.6829,0.6501,0.6359,0.6433,0.64,0.6548,0.6686,0.6344,0.6171,0.6057,0.6141,0.6057,0.6804,0.6673,0.6715,0.4453,0.4453,0.6591,0.6437,0.6424,0.6822,0.6674,0.649,0.6392,0.6888,0.6392,0,0,0,0,0,v1.0.1,2025_12_22,317.1574,327.75,441.5948,312.5,302.5,195,188.623,342.1885,331.9018,455.9464,-3.1446,7.177,0,0.0001,-0.2214,1.5603,-0.2113,1.5558,0.6708,176.9141,176.667,176.4814,177.8516,176.9785,0.8008,0.701,0.8191,0.6644,0.6644,0.7731,0.6491,0.7791,0.6696,0.6491,0.7739,0.764,0.7541,0.7393,0.7393,0.7475,0.6824,0.7252,0,0.6824,0,0,0,0,0,v1.0.1,2025_12_22,317.1604,327.8585,442.5,312.5,302.4355,194.1694,187.7025,342.3636,331.982,456.7297,-3.1439,7.2242,0,0.0001,-0.2214,1.5606,-0.2111,1.5558,0.671,148.4141,143.0342,144.7236,146.0049,145.5442,0.6628,0.6076,0.6801,0.5745,0.5745,0.6404,0.5722,0.6472,0.5752,0.5722,0.6121,0.6389,0.6435,0.6233,0.6121,0.6043,0.5537,0.5728,0.5139,0.5139,0,0,0,0,0,-0.0131,-0.0395,-0.004,-0.0562,-0.0504,0.0056,-0.0683,0.0047,-0.0475,-0.0646,-0.0103,-0.0052,0.0033,-0.0204,-0.0411,-0.0729,-0.0588,-0.1025,-0.006,-0.0019,-0.0171,-0.0125,0.002,-0.023,-0.0171,-0.0118,-0.0357,0.017,-0.0389,-0.03,-0.0214,-0.0203,-0.009,0.0089,-0.0211,-0.049,-0.022,-0.0347,-0.0021,0.0037,-0.0044,-0.1249,0.0011,-0.1541,-0.1408,-0.0002,-0.1247,0.0054,-0.1135,-0.1242,0.0067,-0.0134,0.0061,0.0008,-0.0067,0.0015,0.0049,-0.0678,0.0064,-0.0991,-0.0834,-0.0027,-0.0694,0.0025,-0.0695,-0.0694,-0.0197,-0.0085,0.0119,-0.0044,-0.0156,0.0015,-0.0138,TRUE,TRUE
DTC_R_11,LanSi,1,CW_01,C,2026-03-21 09:46:41+08:00,ONLINE,FALSE,,CW_1_01,FAIL,SFR_VIS_25cm_Ny4_01F_ROI2_Dev;SFR_VIS_25cm_Ny4_01F_Min_Dev,Dev,51.902915,_2026032109464136301,T20260321094641,DESKTOP-P2DUL42,Loma,1,CW_1_01,1,paul di,2024.0718.155524,V20260126.2,CW_DTCL_DTCR_STC,T20260321094733,51.902915,TRUE,TRUE,TRUE,TRUE,TRUE,TRUE,TRUE,4S2RND2HBL0DP6,v1.0.1,2025_12_22,315.0146,315.927,475.3209,296.1269,295.2828,147.6138,149.2345,335.9862,335.8367,484.3878,-5.3621,-3.4917,-0.0001,0,-0.2224,1.5536,-0.2199,1.5473,0.6647,154.5576,152.0391,151.7236,154.0225,153.0857,0.8616,0.7432,0.8671,0.7879,0.7432,0.8277,0.7412,0.8221,0.7912,0.7412,0.8257,0.8059,0.8059,0.8083,0.7291,0.7257,0.8018,0.7696,0.7257,0.8366,0.7996,0.7977,0.98,0.7977,0.848,0.78,0.7505,0.8259,0.7958,0.7392,0.809,0.8363,0.7392,0,0,0,0,0,v1.0.1,2025_12_22,315,315.9137,476.3235,296.0368,295.2245,146.585,148.0417,336.0208,336,485.5,-5.3821,-3.4887,-0.0001,0,-0.2221,1.554,-0.2193,1.5471,0.6649,161.6416,154.9639,163.3174,164.0322,160.9888,0.7029,0.6436,0.7262,0.669,0.6436,0.6748,0.6329,0.6814,0.6541,0.6329,0.6497,0.6574,0.6488,0.6525,0.6262,0.6386,0.6285,0.6463,0.6262,0.6863,0.6553,0.6616,0.0791,0.0791,0.6492,0.6419,0.6488,0.6759,0.6539,0.6085,0.629,0.6715,0.6085,0,0,0,0,0,v1.0.1,2025_12_22,317.1028,327.3832,442.027,312.2072,302.6098,195.813,188.5,341.5,331.9561,455.7632,-3.0609,7.0333,0,0.0001,-0.2204,1.5606,-0.2088,1.5551,0.6716,176.5078,176.3711,176.5537,177.2314,176.666,0.8116,0.6013,0.8159,0.6525,0.6013,0.7762,0.6278,0.7747,0.6846,0.6278,0.7699,0.7713,0.7548,0.7427,0.7427,0.7533,0.6723,0.7381,0,0.6723,0,0,0,0,0,v1.0.1,2025_12_22,317.0476,327.3714,442.7411,312.1071,302.5197,194.9528,187.5,341.5932,331.9735,456.5487,-3.1436,7.0146,0,0.0001,-0.2203,1.561,-0.2088,1.5552,0.6718,146.9395,140.3008,142.3037,144.7666,143.5776,0.6729,0.5348,0.6702,0.583,0.5348,0.6392,0.5465,0.6494,0.5784,0.5465,0.6337,0.6384,0.6412,0.6227,0.6227,0.5929,0.5391,0.5719,0.4209,0.4209,0,0,0,0,0,-0.0069,-0.1305,-0.0096,-0.0864,-0.1253,0.011,-0.0792,0.0041,-0.0412,-0.0755,-0.0024,-0.0051,-0.0105,-0.0088,-0.0774,-0.0872,0.0115,-0.0645,-0.0047,-0.0042,-0.0012,-0.0731,0.0122,-0.0484,-0.0605,-0.0125,-0.0387,0.0155,-0.0349,-0.033,-0.015,-0.0029,-0.015,-0.0072,-0.0293,-0.0275,0.0008,-0.0025,0.0038,-0.0062,0.0064,-0.2246,-0.0021,-0.166,-0.2039,0.0029,-0.146,0.001,-0.0985,-0.1455,0.0027,-0.0061,0.0068,0.0042,-0.0009,0.0144,0.015,-0.1406,-0.0035,-0.0906,-0.1231,-0.0039,-0.0951,0.0047,-0.0663,-0.0951,0.0019,-0.009,0.0096,-0.005,-0.005,-0.0099,-0.0147,TRUE,TRUE
DTC_L_11,LanSi,1,CW_01,C,2026-03-21 09:46:41+08:00,ONLINE,FALSE,,CW_1_01,PASS,,,51.9138863,_2026032109464136302,T20260321094641,DESKTOP-P2DUL42,Loma,1,CW_1_01,2,paul di,2024.0718.155524,V20260126.2,CW_DTCL_DTCR_STC,T20260321094733,51.9138863,TRUE,TRUE,TRUE,TRUE,TRUE,TRUE,TRUE,4S2RND2HBL06DS,v1.0.1,2025_12_22,314.0882,322.5,474.4427,301.8473,294.9408,151.4342,148.2517,342.3046,333.3066,489.1168,-6.494,1.9406,-0.0001,0,-0.2276,1.5588,-0.2183,1.5554,0.6671,155.2422,151.2207,149.1299,154.3213,152.4785,0.8235,0.8218,0.8411,0.7959,0.7959,0.7812,0.7521,0.8083,0.7597,0.7521,0.8223,0.8246,0.8122,0.7721,0.73,0.6993,0.7771,0.706,0.6993,0.8137,0.7833,0.8381,0.8341,0.7833,0.8558,0.7494,0.7246,0.8345,0.8245,0.842,0.8055,0.7872,0.7246,0,0,0,0,0,v1.0.1,2025_12_22,314.1522,322.5725,475.6691,301.6115,294.8041,150.4865,147.1074,342.3758,333.6383,490.2553,-6.4258,1.9603,-0.0001,0,-0.2285,1.5583,-0.2175,1.5546,0.6667,162.7617,158.1133,164,163.416,162.0728,0.6829,0.6874,0.6965,0.7007,0.6829,0.6671,0.6255,0.6536,0.6619,0.6255,0.6534,0.6516,0.668,0.6257,0.6228,0.611,0.6443,0.6148,0.611,0.6757,0.4444,0.6688,0.6891,0.4444,0.6574,0.6399,0.6108,0.6841,0.6694,0.6894,0.6677,0.6308,0.6108,0,0,0,0,0,v1.0.1,2025_12_22,312.7573,314.9417,437.9,300.2818,299,184,184.5372,329.4628,326.9138,445.2241,-7.2783,-4.7179,-0.0001,0,-0.2161,1.5656,-0.2123,1.562,0.6748,175.3291,174.5742,172.585,174.9609,174.3623,0.7939,0.7043,0.805,0.6975,0.6975,0.7494,0.6383,0.7536,0.6478,0.6383,0.7865,0.7683,0.7655,0.6976,0.6976,0.7298,0,0.7193,0.7344,0.7193,0,0,0,0,0,v1.0.1,2025_12_22,312.7451,314.8725,438.7946,300.2768,298.906,183.1282,183.5,329.5,326.9661,446.1441,-7.3176,-4.7157,-0.0001,0,-0.2148,1.5656,-0.2122,1.5624,0.6753,149.1992,143.9707,143.1543,146.6797,145.751,0.6571,0.6105,0.6762,0.6131,0.6105,0.6394,0.5509,0.6428,0.5832,0.5509,0.6295,0.6195,0.6395,0.6171,0.6171,0.5897,0.5208,0.5878,0.5668,0.5208,0,0,0,0,0,-0.0105,-0.0377,-0.0103,-0.0374,-0.0374,-0.0111,-0.0812,0.0077,-0.0382,-0.0402,-0.001,0.0057,0.0126,0.0081,-0.097,-0.1208,-0.0318,-0.0335,-0.0042,0.0039,-0.0045,-0.0334,-0.0002,-0.0117,-0.0045,-0.0043,-0.0494,-0.0079,-0.0021,-0.036,-0.0018,-0.0087,0.008,-0.0162,-0.0417,-0.0498,-0.0167,-0.0161,-0.0077,-0.0068,0.0019,-0.1264,0.0099,-0.1204,-0.0945,0.0009,-0.1568,-0.0109,-0.1029,-0.1102,0.0056,0.004,0.0073,0.0015,-0.0033,-0.0191,0.0024,-0.068,0.006,-0.0677,-0.0442,0.0005,-0.105,0.0121,-0.0686,-0.0798,-0.0044,-0.0046,0.002,0.0095,0.0095,-0.0056,-0.0041,TRUE,TRUE
DTC_L_12,LanSi,1,CW_01,A,2026-03-21 09:48:15+08:00,ONLINE,FALSE,,CW_1_01,PASS,,,51.688094,_2026032109481549702,T20260321094815,DESKTOP-P2DUL42,Loma,1,CW_1_01,2,paul di,2024.0718.155524,V20260126.2,CW_DTCL_DTCR_STC,T20260321094907,51.688094,TRUE,TRUE,TRUE,TRUE,TRUE,TRUE,TRUE,4S2RND2HBL06DS,v1.0.1,2025_12_22,314.1912,322.9044,474.4118,302.625,294.8609,151.7417,148.2961,342.7039,333.5,489.5,-6.448,2.395,-0.0001,0,-0.2254,1.5578,-0.2183,1.5549,0.6673,155.6797,151.416,149.1992,154.5859,152.7202,0.8149,0.802,0.8318,0.7913,0.7913,0.7735,0.7527,0.8111,0.7572,0.7527,0.8182,0.8135,0.8025,0.774,0.7488,0.7208,0.7601,0.6891,0.6891,0.8158,0.397,0.8247,0.816,0.397,0.844,0.8006,0.7766,0.8207,0.8264,0.8194,0.7991,0.7646,0.7646,0,0,0,0,0,v1.0.1,2025_12_22,314.1714,323.0143,475.3571,302.4286,294.8079,150.7616,147.1233,342.9452,333.6761,490.5141,-6.4728,2.4327,-0.0001,0,-0.2265,1.5583,-0.2182,1.5544,0.667,161.5898,157.1699,163.1387,162.0752,160.9934,0.677,0.6788,0.6981,0.6913,0.677,0.6577,0.6262,0.6518,0.6478,0.6262,0.6435,0.6465,0.6639,0.6323,0.6307,0.627,0.6384,0.6051,0.6051,0.6858,0.5102,0.6713,0.6688,0.5102,0.6567,0.6609,0.6435,0.6887,0.6853,0.6835,0.6659,0.6239,0.6239,0,0,0,0,0,v1.0.1,2025_12_22,312.9151,315.3302,437.8214,301.2411,299.0252,184.4538,184.5323,329.9274,326.9661,445.8559,-7.248,-4.1383,-0.0001,0,-0.2118,1.5645,-0.2127,1.563,0.6758,175.6914,174.5615,172.6553,174.9141,174.4556,0.7779,0.7016,0.8029,0.6815,0.6815,0.7351,0.666,0.7514,0.6506,0.6506,0.7814,0.7571,0.7629,0.7028,0.7028,0.7279,0,0.7277,0.7196,0.7196,0,0,0,0,0,v1.0.1,2025_12_22,312.9151,315.3302,438.7387,301.0541,298.9744,183.8034,183.6311,330.0902,327.0702,446.5789,-7.2341,-4.1286,-0.0001,0,-0.2125,1.5647,-0.2132,1.5628,0.6755,148.0273,143.1465,142.208,145.5449,144.7317,0.6571,0.5904,0.6722,0.6055,0.5904,0.626,0.5493,0.6232,0.5914,0.5493,0.6297,0.6353,0.6286,0.6092,0.6092,0.5854,0.5435,0.5766,0.5819,0.5435,0,0,0,0,0,-0.0191,-0.0575,-0.0196,-0.042,-0.042,-0.0188,-0.0806,0.0105,-0.0407,-0.0396,-0.0051,-0.0054,0.0029,0.01,-0.0782,-0.0993,-0.0488,-0.0504,-0.0021,-0.0095,-0.0104,-0.042,0.0014,-0.0211,-0.0104,-0.0137,-0.0487,-0.0097,-0.0162,-0.0353,-0.0117,-0.0138,0.0039,-0.0096,-0.0338,-0.0338,-0.0226,-0.0258,0.0024,-0.0043,-0.0141,-0.1291,0.0078,-0.1364,-0.1105,-0.0134,-0.1291,-0.0131,-0.1001,-0.0979,0.0005,-0.0072,0.0047,0.0067,-0.0052,-0.0107,0.0024,-0.0881,0.002,-0.0753,-0.0643,-0.0129,-0.1066,-0.0075,-0.0604,-0.0814,-0.0042,0.0112,-0.0089,0.0016,0.0016,-0.0099,-0.0153,TRUE,TRUE
DTC_R_12,LanSi,1,CW_01,A,2026-03-21 09:48:15+08:00,ONLINE,FALSE,,CW_1_01,PASS,,,51.5015927,_2026032109481566701,T20260321094815,DESKTOP-P2DUL42,Loma,1,CW_1_01,1,paul di,2024.0718.155524,V20260126.2,CW_DTCL_DTCR_STC,T20260321094907,51.5015927,TRUE,TRUE,TRUE,TRUE,TRUE,TRUE,TRUE,4S2RND2HBL0DP6,v1.0.1,2025_12_22,315.2868,317.4118,475.7778,297.8667,295.619,148.6395,149.5302,337.7114,336.0743,484.9527,-5.0424,-2.1836,-0.0001,0,-0.2207,1.5543,-0.2213,1.5468,0.6648,155.0244,152.7822,152.4102,155.21,153.8567,0.8696,0.7979,0.8652,0.7601,0.7601,0.8175,0.7593,0.8142,0.7339,0.7339,0.8205,0.8214,0.8092,0.8145,0.7203,0.7231,0.7543,0.7381,0.7203,0.8343,0.7842,0.7981,0.2495,0.2495,0.8441,0.7523,0.7405,0.8396,0.7886,0.6983,0.8177,0.8297,0.6983,0,0,0,0,0,v1.0.1,2025_12_22,315.227,317.4539,476.8261,297.6667,295.3673,147.5918,148.3197,337.898,336.0805,486,-5.1359,-2.1779,-0.0001,0,-0.2213,1.5539,-0.2214,1.5472,0.6646,161.4277,155.1787,163.6182,164.0889,161.0784,0.6989,0.6746,0.71,0.6514,0.6514,0.6826,0.6462,0.663,0.6137,0.6137,0.6444,0.6567,0.6505,0.654,0.6253,0.6483,0.6233,0.606,0.606,0.672,0.6492,0.6676,0.0506,0.0506,0.6454,0.6473,0.649,0.6745,0.6516,0.5434,0.6391,0.6881,0.5434,0,0,0,0,0,v1.0.1,2025_12_22,317.5,328.8868,442.3534,313.7414,302.8387,196.6774,188.7563,343.1849,332.1081,456.3784,-2.7887,8.2738,0,0.0001,-0.2202,1.5598,-0.2101,1.5562,0.6714,176.9199,176.9688,177.2129,178.3203,177.3555,0.8084,0.6596,0.8126,0.605,0.605,0.7743,0.6361,0.7692,0.6083,0.6083,0.7792,0.7774,0.7529,0.7444,0.7444,0.7521,0.6492,0.7422,0,0.6492,0,0,0,0,0,v1.0.1,2025_12_22,317.5,328.8868,443.1532,313.7117,302.7143,195.8651,187.8618,343.2764,332.2672,457.1034,-2.8007,8.2687,0,0.0001,-0.2197,1.5596,-0.21,1.5556,0.6714,146.9043,140.7578,142.5635,144.8262,143.7629,0.6685,0.5683,0.6667,0.5302,0.5302,0.6351,0.5539,0.6338,0.5232,0.5232,0.6454,0.6388,0.6292,0.6403,0.6292,0.5936,0.5393,0.5829,0.284,0.284,0,0,0,0,0,0.0011,-0.0758,-0.0115,-0.1142,-0.1084,0.0008,-0.0611,-0.0038,-0.0985,-0.0828,-0.0076,0.0104,-0.0072,-0.0026,-0.0862,-0.0898,-0.036,-0.096,-0.007,-0.0038,-0.0052,-0.0421,-0.004,-0.066,-0.0527,-0.0047,-0.0254,-0.0029,-0.0753,-0.0522,-0.0203,-0.0036,-0.0133,-0.0057,-0.0302,-0.0178,-0.0044,-0.0428,-0.0105,-0.0002,0.0032,-0.1663,-0.0054,-0.2135,-0.2002,0.001,-0.1377,-0.0045,-0.1748,-0.165,0.012,0,0.0049,0.0059,-0.0021,0.0185,0.0106,-0.1071,-0.007,-0.1434,-0.1277,-0.008,-0.0877,-0.0109,-0.1215,-0.1184,0.0136,-0.0086,-0.0024,0.0126,0.0015,-0.0092,-0.0037,TRUE,TRUE
DTC_L_13,LanSi,1,CW_01,B,2026-03-21 10:10:08+08:00,ONLINE,FALSE,,CW_1_01,PASS,,,51.8616567,_2026032110100843902,T20260321101008,DESKTOP-P2DUL42,Loma,1,CW_1_01,2,paul di,2024.0718.155524,V20260126.2,CW_DTCL_DTCR_STC,T20260321101100,51.8616567,TRUE,TRUE,TRUE,TRUE,TRUE,TRUE,TRUE,4S2RND2HBL06DS,v1.0.1,2025_12_22,315.1606,322.3796,475.5662,301.6618,296.1678,151.5839,149.7933,342.3,334.6296,488.0444,-5.2365,1.6939,-0.0001,0,-0.2279,1.5595,-0.2194,1.5533,0.6664,155.7646,151.875,149.6875,154.8154,153.0356,0.8338,0.8088,0.8381,0.8037,0.8037,0.7823,0.7659,0.792,0.7443,0.7443,0.8176,0.8075,0.8101,0.7683,0.7335,0.719,0.7532,0.6957,0.6957,0.8107,0.98,0.83,0.7586,0.7586,0.8623,0.7706,0.7541,0.8297,0.8186,0.7657,0.7658,0.7706,0.7541,0,0,0,0,0,v1.0.1,2025_12_22,315.1871,322.4604,476.6691,301.6115,296.0331,150.6026,148.5,342.5,334.7353,489.1103,-5.2751,1.757,-0.0001,0,-0.2279,1.5593,-0.2191,1.5535,0.6664,162.626,158.4248,163.8506,163.4658,162.0918,0.6854,0.6815,0.6919,0.7026,0.6815,0.6603,0.6345,0.6346,0.6337,0.6337,0.6437,0.6438,0.6441,0.6441,0.6268,0.6312,0.6418,0.6078,0.6078,0.6661,0.4921,0.6827,0.6444,0.4921,0.6515,0.648,0.6301,0.67,0.6786,0.6624,0.6626,0.6444,0.6301,0,0,0,0,0,v1.0.1,2025_12_22,313.9151,314.6698,438.982,300.3063,300.3223,184.124,185.8361,329.4262,328.0431,444.8707,-6.0803,-4.8206,-0.0001,0,-0.2138,1.5665,-0.2142,1.5622,0.6752,176.1299,175.0088,173.123,175.707,174.9922,0.7897,0.7046,0.8082,0.6867,0.6867,0.7421,0.6656,0.7525,0.6509,0.6509,0.7694,0.764,0.7675,0.6977,0.6977,0.7239,0,0.7225,0.6569,0.6569,0,0,0,0,0,v1.0.1,2025_12_22,313.9238,314.7238,439.713,300.313,300.2222,183.3675,184.878,329.5447,328.1062,445.6195,-6.1313,-4.7863,-0.0001,0,-0.2135,1.5663,-0.2138,1.5624,0.6753,149.0479,144.207,142.9375,146.8896,145.7705,0.661,0.5881,0.6779,0.6063,0.5881,0.6309,0.5609,0.617,0.5747,0.5609,0.6367,0.6198,0.6355,0.5985,0.5985,0.5824,0.5273,0.593,0.5532,0.5273,0,0,0,0,0,-0.0002,-0.0507,-0.0133,-0.0296,-0.0296,-0.01,-0.0674,-0.0086,-0.0536,-0.048,-0.0057,-0.0114,0.0105,0.0043,-0.0935,-0.1011,-0.0557,-0.0438,-0.0072,-0.0042,-0.002,-0.0393,-0.0048,-0.0098,-0.0059,-0.0111,-0.0404,-0.0269,-0.0303,-0.0278,-0.0115,-0.0165,-0.0159,0.0022,-0.0377,-0.0296,-0.0192,-0.0231,-0.0173,0.0071,-0.0023,-0.1261,0.0131,-0.1312,-0.1053,-0.0064,-0.1295,-0.012,-0.0998,-0.0976,-0.0115,-0.0003,0.0093,0.0016,-0.0092,-0.0159,0.0063,-0.0904,0.0077,-0.0745,-0.0666,-0.008,-0.095,-0.0137,-0.0771,-0.0698,0.0028,-0.0043,-0.002,-0.0091,-0.0091,-0.0129,0.0011,TRUE,TRUE
DTC_R_13,LanSi,1,CW_01,B,2026-03-21 10:10:08+08:00,ONLINE,FALSE,,CW_1_01,FAIL,SFR_VIS_25cm_Ny4_01F_ROI4_Dev;SFR_VIS_25cm_Ny4_01F_Min_Dev,Dev,51.8646494,_2026032110100846001,T20260321101008,DESKTOP-P2DUL42,Loma,1,CW_1_01,1,paul di,2024.0718.155524,V20260126.2,CW_DTCL_DTCR_STC,T20260321101100,51.8646494,TRUE,TRUE,TRUE,TRUE,TRUE,TRUE,TRUE,4S2RND2HBL0DP6,v1.0.1,2025_12_22,315.2222,316.8667,475.6765,297.0368,295.5,148.3919,149.5,337,336,485.5855,-5.1203,-2.5238,-0.0001,0,-0.2224,1.5537,-0.2204,1.5477,0.6647,155.5176,153.8369,152.0303,155.4912,154.219,0.867,0.7713,0.8725,0.7482,0.7482,0.8169,0.7405,0.825,0.7753,0.7405,0.8198,0.8151,0.7983,0.8078,0.7235,0.7192,0.7983,0.7897,0.7192,0.8329,0.8011,0.7951,0.98,0.7951,0.84,0.7607,0.7568,0.8176,0.7573,0.6936,0.8315,0.8324,0.6936,0,0,0,0,0,v1.0.1,2025_12_22,315.1957,316.8333,476.7464,296.971,295.3826,147.3758,148.274,337.1096,336.0584,486.5649,-5.1686,-2.5291,-0.0001,0,-0.2218,1.5539,-0.2204,1.548,0.6649,161.8867,155.8389,163.6904,164.3486,161.4412,0.7033,0.6612,0.7127,0.6508,0.6508,0.6833,0.6452,0.6769,0.6567,0.6452,0.646,0.6658,0.6424,0.647,0.6278,0.6167,0.6235,0.6458,0.6167,0.6671,0.6605,0.6695,0.1822,0.1822,0.6427,0.6373,0.6525,0.6778,0.638,0.6196,0.6341,0.6789,0.6196,0,0,0,0,0,v1.0.1,2025_12_22,317.4,328.0857,442.1712,313.1712,302.7619,196.3333,188.686,342.405,332.1858,456.4513,-2.859,7.7893,0,0.0001,-0.2185,1.5596,-0.2103,1.5556,0.6716,177.5059,177.9023,176.9805,178.8721,177.8152,0.8044,0.6371,0.8151,0.6189,0.6189,0.7715,0.6098,0.7822,0.6838,0.6098,0.7824,0.77,0.7575,0.754,0.754,0.7606,0.6649,0.7274,0,0.6649,0,0,0,0,0,v1.0.1,2025_12_22,317.2788,328.1635,443.0826,313.0459,302.6613,195.6855,187.9098,342.541,332.2241,457.2586,-2.8687,7.8389,0,0.0001,-0.2191,1.5604,-0.2102,1.555,0.6715,147.0244,141.0684,142.5205,144.9414,143.8887,0.6696,0.5601,0.6731,0.5579,0.5579,0.6417,0.5391,0.655,0.5853,0.5391,0.6195,0.634,0.6317,0.6443,0.6195,0.5946,0.5518,0.5778,0.4132,0.4132,0,0,0,0,0,-0.0015,-0.1024,-0.0042,-0.1261,-0.1203,0.0002,-0.0799,0.007,-0.0571,-0.0762,-0.0083,0.0041,-0.0181,-0.0093,-0.083,-0.0937,0.008,-0.0444,-0.0084,-0.0068,-0.0008,-0.0555,-0.0013,-0.0666,-0.0533,-0.004,-0.0264,0.011,-0.0323,-0.0207,-0.0187,0.0055,-0.0214,-0.0127,-0.0277,-0.0494,-0.0042,-0.003,-0.0154,0.0017,-0.0008,-0.1888,-0.0029,-0.1996,-0.1863,-0.0018,-0.164,0.0085,-0.0993,-0.1635,0.0152,-0.0074,0.0095,0.0155,0.0064,0.0037,0.0117,-0.1153,-0.0006,-0.1157,-0.1,-0.0014,-0.1025,0.0103,-0.0594,-0.1025,-0.0123,-0.0134,0.0001,0.0166,-0.0082,-0.0082,-0.0088,TRUE,TRUE
DTC_R_14,LanSi,1,CW_01,C,2026-03-21 10:24:28+08:00,ONLINE,FALSE,,CW_1_01,PASS,,,51.4350294,_2026032110242862101,T20260321102428,DESKTOP-P2DUL42,Loma,1,CW_1_01,1,paul di,2024.0718.155524,V20260126.2,CW_DTCL_DTCR_STC,T20260321102520,51.4350294,TRUE,TRUE,TRUE,TRUE,TRUE,TRUE,TRUE,4S2RND2HBL0DP6,v1.0.1,2025_12_22,315.2132,316.7279,475.597,296.9925,295.5,148.411,149.457,336.6026,336.0733,486.3667,-5.1319,-2.4798,-0.0001,0,-0.2219,1.5537,-0.2188,1.5479,0.6652,155.292,152.4111,152.0518,154.9473,153.6755,0.8704,0.8052,0.8693,0.802,0.802,0.8289,0.799,0.8182,0.8091,0.799,0.8093,0.8132,0.8107,0.821,0.7536,0.727,0.8014,0.7946,0.727,0.8311,0.7944,0.8072,0.4786,0.4786,0.8436,0.766,0.7437,0.8295,0.7679,0.98,0.8356,0.845,0.7437,0,0,0,0,0,v1.0.1,2025_12_22,315.1739,316.6667,476.7353,296.8897,295.2568,147.3446,148.1959,336.8176,336.2318,487.4702,-5.1813,-2.4623,-0.0001,0,-0.2213,1.5532,-0.2196,1.5476,0.665,162.7686,157.4541,166.1562,165.5469,162.9814,0.6973,0.6691,0.7127,0.6835,0.6691,0.6789,0.6684,0.6678,0.6599,0.6599,0.6561,0.6461,0.638,0.6679,0.6462,0.6286,0.6166,0.6493,0.6166,0.6657,0.678,0.6783,0.1962,0.1962,0.6432,0.658,0.6256,0.6634,0.6291,0.5049,0.6477,0.6729,0.5049,0,0,0,0,0,v1.0.1,2025_12_22,317.3398,328.0194,442.2072,313.027,302.6822,196.3566,188.623,342.1885,332.1709,457.1453,-2.8954,7.8474,0,0.0001,-0.219,1.5594,-0.2091,1.5559,0.6718,177.541,176.9502,177.2988,178.6924,177.6206,0.8054,0.6548,0.8225,0.662,0.6548,0.7688,0.4863,0.7768,0.7185,0.4863,0.77,0.7702,0.763,0.7562,0.7562,0.7554,0.6564,0.7307,0,0.6564,0,0,0,0,0,v1.0.1,2025_12_22,317.2885,328,443,312.9455,302.664,195.632,187.7805,342.3252,332.2712,458,-2.8992,7.8805,0,0.0001,-0.2187,1.5602,-0.2096,1.5555,0.6719,148.25,142.8809,144.7842,146.0098,145.4812,0.6726,0.5779,0.6753,0.5922,0.5779,0.6304,0.4592,0.6544,0.5967,0.4592,0.6366,0.6335,0.6451,0.6388,0.6335,0.5757,0.536,0.5631,0.1851,0.1851,0,0,0,0,0,0.0019,-0.0685,-0.0074,-0.0723,-0.0665,0.0122,-0.0214,0.0002,-0.0233,-0.0177,-0.0188,0.0022,-0.0057,0.0039,-0.0529,-0.0859,0.0111,-0.0395,-0.0102,0.0053,-0.0068,-0.0476,-0.0013,-0.0339,-0.035,-0.0084,-0.0032,0.0019,-0.0291,-0.006,-0.0086,-0.0142,-0.0258,0.0082,-0.0093,-0.0375,-0.0111,0.0005,-0.0168,0.0105,0.0002,-0.1711,0.0045,-0.1565,-0.1504,-0.0045,-0.2875,0.0031,-0.0646,-0.287,0.0028,-0.0072,0.015,0.0177,0.0012,0.007,0.0147,-0.0975,0.0016,-0.0814,-0.08,-0.0127,-0.1824,0.0097,-0.048,-0.1824,0.0048,-0.0139,0.0135,0.0111,0.0058,-0.0271,-0.0235,TRUE,TRUE
DTC_L_14,LanSi,1,CW_01,C,2026-03-21 10:24:28+08:00,ONLINE,FALSE,,CW_1_01,PASS,,,51.4350294,_2026032110242862102,T20260321102428,DESKTOP-P2DUL42,Loma,1,CW_1_01,2,paul di,2024.0718.155524,V20260126.2,CW_DTCL_DTCR_STC,T20260321102520,51.4350294,TRUE,TRUE,TRUE,TRUE,TRUE,TRUE,TRUE,4S2RND2HBL06DS,v1.0.1,2025_12_22,314.2222,323.1333,474.5,303,294.9408,152.4342,148.2517,343.3046,333.708,490,-6.3755,2.8744,-0.0001,0,-0.2244,1.5578,-0.2204,1.554,0.6667,155.9639,152.2402,150.082,154.9326,153.3047,0.8254,0.8071,0.8351,0.7971,0.7971,0.7897,0.7605,0.7995,0.7509,0.7509,0.8222,0.8191,0.8188,0.7696,0.7638,0.7306,0.7675,0.7089,0.7089,0.8228,0.98,0.8345,0.8296,0.8228,0.8393,0.777,0.7264,0.8405,0.829,0.8291,0.7911,0.7781,0.7264,0,0,0,0,0,v1.0.1,2025_12_22,314.1957,323.1667,475.7132,302.8382,294.88,151.3667,147.12,343.42,333.8929,490.9643,-6.3397,2.8512,-0.0001,0,-0.2247,1.5583,-0.2201,1.5534,0.6667,163.2295,159.0068,165.3027,163.9619,162.8752,0.688,0.6667,0.7044,0.683,0.6667,0.6564,0.643,0.6551,0.6537,0.643,0.6524,0.6318,0.6464,0.6415,0.6278,0.6389,0.6441,0.6192,0.6192,0.6699,0.2183,0.6763,0.69,0.2183,0.6636,0.6558,0.6176,0.6748,0.6545,0.685,0.6785,0.6463,0.6176,0,0,0,0,0,v1.0.1,2025_12_22,312.934,315.5755,437.8108,301.4144,299.0169,184.9492,184.4538,330.3109,327.0169,445.9492,-7.2535,-3.8602,-0.0001,0,-0.2124,1.5641,-0.2137,1.5627,0.6752,176.1289,175.2363,173.3027,175.5742,175.0605,0.782,0.6707,0.817,0.6956,0.6707,0.7376,0.6456,0.7554,0.6739,0.6456,0.7706,0.7695,0.7516,0.7098,0.7098,0.7217,0,0.7319,0.7475,0.7217,0,0,0,0,0,v1.0.1,2025_12_22,312.934,315.4245,438.6404,301.3158,299,184.1026,183.5167,330.4167,327.1271,446.8305,-7.2564,-3.882,-0.0001,0,-0.2113,1.5646,-0.2148,1.5627,0.6753,149.7959,144.9111,144.2725,147.2773,146.5642,0.6457,0.5851,0.6765,0.6112,0.5851,0.6269,0.5599,0.6297,0.5888,0.5599,0.641,0.62,0.6275,0.6203,0.62,0.5926,0.4023,0.587,0.5898,0.4023,0,0,0,0,0,-0.0086,-0.0524,-0.0163,-0.0362,-0.0362,-0.0026,-0.0728,-0.0011,-0.047,-0.0414,-0.0011,0.0002,0.0192,0.0056,-0.0632,-0.0895,-0.0414,-0.0306,0.0049,0.0003,0.0006,-0.0541,0.0077,-0.0294,-0.0207,-0.015,-0.0319,-0.0064,-0.0103,-0.0185,-0.0028,-0.0285,-0.0136,-0.0004,-0.0367,-0.0219,-0.0169,-0.0117,-0.0135,0.0007,-0.01,-0.16,0.0219,-0.1223,-0.1213,-0.0109,-0.1495,-0.0091,-0.0768,-0.1029,-0.0103,0.0052,-0.0066,0.0137,-0.0114,-0.0065,-0.009,-0.0934,0.0063,-0.0696,-0.0696,-0.012,-0.096,-0.001,-0.063,-0.0708,0.0071,-0.0041,-0.01,0.0127,0.0124,-0.0027,-0.0049,TRUE,TRUE
DTC_L_15,LanSi,1,CW_01,A,2026-03-21 10:26:48+08:00,ONLINE,FALSE,,CW_1_01,PASS,,,50.9651202,_2026032110264897702,T20260321102648,DESKTOP-P2DUL42,Loma,1,CW_1_01,2,paul di,2024.0718.155524,V20260126.2,CW_DTCL_DTCR_STC,T20260321102739,50.9651202,TRUE,TRUE,TRUE,TRUE,TRUE,TRUE,TRUE,4S2RND2HBL06DS,v1.0.1,2025_12_22,314.1533,323.1898,474.4318,302.9545,294.9073,152.4636,148.2953,343.1074,333.5396,489.5252,-6.4345,2.7481,-0.0001,0,-0.2251,1.558,-0.219,1.5543,0.6671,154.4697,151.0352,148.4512,153.8828,151.9597,0.8315,0.7866,0.8447,0.7901,0.7866,0.7927,0.7494,0.8091,0.758,0.7494,0.8127,0.8197,0.8109,0.7764,0.7395,0.7116,0.7688,0.7047,0.7047,0.8224,0.98,0.8238,0.8235,0.8224,0.8508,0.7836,0.7758,0.8268,0.815,0.8432,0.787,0.7792,0.7758,0,0,0,0,0,v1.0.1,2025_12_22,314.1522,323.2391,475.6119,302.9254,294.6333,151.4933,147.2517,343.3046,333.6879,490.5816,-6.4326,2.8088,-0.0001,0,-0.2246,1.5571,-0.2191,1.5541,0.6669,162.6377,158.4268,164.2617,163.6543,162.2451,0.6885,0.6582,0.6969,0.6864,0.6582,0.6648,0.6349,0.6552,0.6527,0.6349,0.6473,0.653,0.6503,0.6451,0.6272,0.6286,0.6249,0.6165,0.6165,0.6846,0.3208,0.6794,0.6847,0.3208,0.6611,0.6748,0.6392,0.6795,0.6711,0.6869,0.6628,0.6274,0.6274,0,0,0,0,0,v1.0.1,2025_12_22,312.9524,315.6286,437.7788,301.531,298.9832,184.9076,184.5378,330.3697,327,445.8974,-7.2496,-3.8331,-0.0001,0,-0.2119,1.5638,-0.2138,1.5629,0.6752,175.8613,175.3887,172.998,175.4482,174.9241,0.7914,0.6771,0.8085,0.687,0.6771,0.74,0.658,0.7575,0.6614,0.658,0.7872,0.7681,0.7604,0.7058,0.7058,0.7317,0,0.7348,0.7329,0.7317,0,0,0,0,0,v1.0.1,2025_12_22,312.9143,315.5238,438.6261,301.3652,298.906,184.1282,183.5847,330.3475,327.0086,446.8448,-7.2921,-3.8581,-0.0001,0,-0.2116,1.5641,-0.2136,1.5634,0.6755,149.1455,144.2344,143.5371,147.0781,145.9988,0.6609,0.5614,0.6644,0.6022,0.5614,0.6354,0.5701,0.6162,0.5802,0.5701,0.6168,0.6394,0.6499,0.6195,0.6168,0.5847,0.5226,0.5762,0.5646,0.5226,0,0,0,0,0,-0.0025,-0.0729,-0.0067,-0.0432,-0.0467,0.0004,-0.0839,0.0085,-0.0399,-0.0429,-0.0106,0.0008,0.0113,0.0124,-0.0875,-0.1085,-0.0401,-0.0348,0.0045,-0.0104,0.0011,-0.0626,0.0002,-0.026,-0.0292,-0.0066,-0.04,-0.0063,-0.0113,-0.0266,-0.0079,-0.0073,-0.0097,0.0032,-0.0373,-0.0322,-0.0361,-0.0144,0.0012,0.0038,-0.0006,-0.1536,0.0134,-0.1309,-0.1149,-0.0085,-0.1371,-0.007,-0.0893,-0.0905,0.0063,0.0038,0.0022,0.0097,-0.0014,-0.0036,0.0062,-0.1171,-0.0058,-0.0786,-0.0933,-0.0035,-0.0858,-0.0145,-0.0716,-0.0606,-0.0171,0.0153,0.0124,0.0119,0.0092,-0.0106,-0.0157,TRUE,TRUE
DTC_R_15,LanSi,1,CW_01,A,2026-03-21 10:26:48+08:00,ONLINE,FALSE,,CW_1_01,PASS,,,51.0997612,_2026032110264884301,T20260321102648,DESKTOP-P2DUL42,Loma,1,CW_1_01,1,paul di,2024.0718.155524,V20260126.2,CW_DTCL_DTCR_STC,T20260321102739,51.0997612,TRUE,TRUE,TRUE,TRUE,TRUE,TRUE,TRUE,4S2RND2HBL0DP6,v1.0.1,2025_12_22,315.1679,316.7153,475.447,296.9167,295.1875,147.8125,149.1224,336.898,335.7823,484.3197,-5.3586,-2.9676,-0.0001,0,-0.2224,1.5525,-0.2204,1.5479,0.6644,156.3828,153.334,152.2109,155.4707,154.3496,0.8701,0.7921,0.879,0.7583,0.7583,0.8333,0.7516,0.8182,0.753,0.7516,0.8235,0.8139,0.8029,0.8065,0.7282,0.7348,0.7705,0.7595,0.7282,0.7311,0.7881,0.7873,0.98,0.7311,0.8547,0.7656,0.7635,0.8323,0.7826,0.7274,0.8162,0.852,0.7274,0,0,0,0,0,v1.0.1,2025_12_22,315.1295,316.6835,476.4565,296.7464,295.0822,146.8562,148,337,335.9669,485.3841,-5.373,-2.966,-0.0001,0,-0.2224,1.5528,-0.2205,1.5474,0.6643,163.6123,158.2783,166.3164,165.5898,163.4492,0.7038,0.6714,0.7042,0.6629,0.6629,0.6727,0.6353,0.6684,0.6372,0.6353,0.6611,0.6483,0.6649,0.6526,0.6296,0.6483,0.624,0.6234,0.6234,0.6109,0.6498,0.6594,0.3377,0.3377,0.641,0.6424,0.6582,0.664,0.662,0.6237,0.6428,0.6822,0.6237,0,0,0,0,0,v1.0.1,2025_12_22,317.1923,328.0385,442.0545,313,302.5873,196.0079,188.5207,342.3802,331.9561,455.7632,-3.0378,7.5379,0,0.0001,-0.2193,1.5601,-0.2105,1.5552,0.6714,177.0811,176.3701,175.8369,177.4092,176.6743,0.8137,0.6376,0.8261,0.6092,0.6092,0.7602,0.633,0.7837,0.639,0.633,0.7833,0.7746,0.7635,0.7392,0.7392,0.6842,0.6697,0.7404,0,0.6697,0,0,0,0,0,v1.0.1,2025_12_22,317.1698,328.1415,442.9,312.9182,302.5079,195.1508,187.5,342.5,332.027,456.6306,-3.079,7.5682,0,0.0001,-0.22,1.5605,-0.2098,1.5552,0.6715,148.7432,143.4248,144.7783,146.2891,145.8088,0.6717,0.5611,0.6829,0.5468,0.5468,0.6341,0.5676,0.653,0.5525,0.5525,0.6285,0.6312,0.6402,0.6177,0.6177,0.5772,0.5351,0.5782,0.4648,0.4648,0,0,0,0,0,0.0016,-0.0816,0.0023,-0.116,-0.1102,0.0166,-0.0688,0.0002,-0.0794,-0.0651,-0.0046,0.0029,-0.0135,-0.0106,-0.0783,-0.0781,-0.0198,-0.0746,-0.1102,-0.0146,-0.0003,-0.0453,-0.0098,-0.0545,-0.0412,-0.0146,-0.0363,0.0025,-0.0518,-0.0306,-0.0036,-0.012,0.0011,-0.0071,-0.0259,-0.0178,-0.0037,-0.0254,-0.0716,-0.0084,0.0085,-0.1883,0.0081,-0.2093,-0.196,-0.0131,-0.1408,0.01,-0.1441,-0.1403,0.0161,-0.0028,0.0155,0.0007,-0.07,0.0167,0.0138,-0.1143,0.0092,-0.1268,-0.1111,-0.009,-0.074,0.0083,-0.0922,-0.0891,-0.0033,-0.0162,0.0086,-0.01,-0.01,-0.0256,-0.0084,TRUE,TRUE
DTC_L_16,LanSi,1,CW_01,B,2026-03-21 10:30:44+08:00,ONLINE,FALSE,,CW_1_01,PASS,,,51.6451179,_2026032110304419302,T20260321103044,DESKTOP-P2DUL42,Loma,1,CW_1_01,2,paul di,2024.0718.155524,V20260126.2,CW_DTCL_DTCR_STC,T20260321103135,51.6451179,TRUE,TRUE,TRUE,TRUE,TRUE,TRUE,TRUE,4S2RND2HBL06DS,v1.0.1,2025_12_22,315.2993,321.365,475.7721,300.1838,296.5921,149.7632,150,341.5,334.7391,487.8913,-5.0195,0.6406,-0.0001,0,-0.2307,1.5617,-0.2207,1.5541,0.6661,156.4883,152.0479,150.5498,155.5811,153.6667,0.8261,0.8081,0.8491,0.805,0.805,0.7829,0.7538,0.7964,0.7543,0.7538,0.8168,0.7983,0.8245,0.7685,0.7317,0.7311,0.7566,0.7123,0.7123,0.8029,0.98,0.8088,0.7771,0.7771,0.8426,0.72,0.7028,0.8131,0.7968,0.7778,0.7813,0.776,0.7028,0,0,0,0,0,v1.0.1,2025_12_22,315.4085,321.5,476.9571,300.1071,296.3052,148.8961,148.86,341.5667,334.8944,488.9577,-5.015,0.7055,-0.0001,0,-0.2311,1.5601,-0.2194,1.5544,0.666,163.3203,159.0479,164.875,164.3115,162.8887,0.6823,0.6891,0.7016,0.7028,0.6823,0.6612,0.6429,0.648,0.6528,0.6429,0.6566,0.6447,0.6604,0.6411,0.6123,0.6128,0.6255,0.6111,0.6111,0.6513,0.4303,0.6871,0.6719,0.4303,0.6479,0.6185,0.6079,0.658,0.644,0.6664,0.6648,0.6351,0.6079,0,0,0,0,0,v1.0.1,2025_12_22,314.0849,313.6698,439.2342,299.1261,300.5917,182.3917,186.048,328.512,328.2241,444.4655,-5.8634,-5.867,-0.0001,-0.0001,-0.2152,1.5679,-0.2149,1.5626,0.6751,176.3711,175.3291,173.4307,175.834,175.2412,0.7909,0.7006,0.8045,0.6917,0.6917,0.7587,0.6487,0.7617,0.6563,0.6487,0.7772,0.7525,0.7738,0.7004,0.7004,0.712,0,0.7317,0.6605,0.6605,0,0,0,0,0,v1.0.1,2025_12_22,314.0865,313.7788,440,299,300.4876,181.7025,185.1721,328.6557,328.2155,445.2845,-5.9076,-5.8157,-0.0001,-0.0001,-0.2163,1.5677,-0.2144,1.5633,0.6751,149.9639,144.7822,143.8994,147.2461,146.4729,0.6644,0.5916,0.6826,0.6155,0.5916,0.6276,0.5494,0.6341,0.5814,0.5494,0.6409,0.6199,0.6396,0.6125,0.6125,0.5619,0.4948,0.5817,0.5604,0.4948,0,0,0,0,0,-0.0079,-0.0514,-0.0023,-0.0283,-0.0283,-0.0094,-0.0795,-0.0042,-0.0436,-0.0385,-0.0065,-0.0206,0.0249,0.0045,-0.0953,-0.089,-0.0523,-0.0272,-0.015,-0.0254,-0.0051,-0.0317,0.0049,-0.0096,-0.0051,-0.0102,-0.032,-0.0135,-0.0112,-0.0186,0.0014,-0.0156,0.0004,-0.0008,-0.0522,-0.048,-0.0355,-0.0198,-0.0321,0.0115,-0.0011,-0.1301,0.0094,-0.1262,-0.1003,0.0102,-0.1464,-0.0028,-0.0944,-0.0998,-0.0037,-0.0118,0.0156,0.0043,-0.0211,-0.0067,0.0097,-0.0869,0.0124,-0.0653,-0.0631,-0.0113,-0.1065,0.0034,-0.0704,-0.0813,0.007,-0.0042,0.0021,0.0049,0.0049,-0.0334,-0.0102,TRUE,TRUE
DTC_R_16,LanSi,1,CW_01,B,2026-03-21 10:30:44+08:00,ONLINE,FALSE,,CW_1_01,PASS,,,51.5079425,_2026032110304435001,T20260321103044,DESKTOP-P2DUL42,Loma,1,CW_1_01,1,paul di,2024.0718.155524,V20260126.2,CW_DTCL_DTCR_STC,T20260321103135,51.5079425,TRUE,TRUE,TRUE,TRUE,TRUE,TRUE,TRUE,4S2RND2HBL0DP6,v1.0.1,2025_12_22,315.0362,316.1159,474.8088,296.0956,295.1701,146.6599,149.3355,336.6065,335.5036,484.1241,-5.5291,-3.5796,-0.0001,0,-0.2241,1.5536,-0.2225,1.5491,0.664,155.9297,153.4258,153.0205,155.7227,154.5247,0.8641,0.8382,0.8694,0.8389,0.8382,0.7885,0.7664,0.8178,0.7383,0.7383,0.8138,0.804,0.8224,0.8091,0.7519,0.7299,0.7485,0.698,0.698,0.8431,0.8169,0.8081,0.98,0.8081,0.8444,0.779,0.7846,0.8204,0.8048,0.8358,0.7497,0.8458,0.7497,0,0,0,0,0,v1.0.1,2025_12_22,314.9574,316.156,475.9786,295.9571,295.034,145.7551,148.1678,336.7248,335.7357,485.1071,-5.5253,-3.56,-0.0001,0,-0.2243,1.5539,-0.2222,1.5479,0.6638,161.8809,156.083,164.2764,164.2949,161.6338,0.7044,0.6944,0.7161,0.6972,0.6944,0.6568,0.6527,0.6746,0.6324,0.6324,0.6601,0.6506,0.6634,0.6732,0.6393,0.6319,0.62,0.5952,0.5952,0.6805,0.6576,0.6579,0.4149,0.4149,0.6567,0.6706,0.6595,0.6659,0.6659,0.6829,0.6212,0.6796,0.6212,0,0,0,0,0,v1.0.1,2025_12_22,317.1308,327.7009,441.5702,312.4298,302.5197,194.9528,188.5887,342.0968,331.9115,456,-3.1558,7.1361,0,0.0001,-0.2216,1.5607,-0.211,1.5556,0.6709,178.2627,177.6113,177.8369,179.3252,178.259,0.8005,0.6974,0.8274,0.703,0.6974,0.7442,0.6678,0.7796,0.5987,0.5987,0.754,0.756,0.7629,0.7315,0.7315,0.7387,0.683,0.7311,0,0.683,0,0,0,0,0,v1.0.1,2025_12_22,317.1415,327.7547,442.5702,312.4298,302.4355,194.2097,187.719,342.3058,331.9554,456.8661,-3.1357,7.2132,0,0.0001,-0.2211,1.5606,-0.2114,1.556,0.671,147.1689,141.7227,143.2236,145.0703,144.2964,0.6639,0.5993,0.6836,0.6164,0.5993,0.6193,0.5853,0.649,0.5441,0.5441,0.615,0.6367,0.6388,0.6372,0.615,0.6002,0.5606,0.5686,0.4962,0.4962,0,0,0,0,0,-0.0044,-0.0355,-0.0073,-0.0354,-0.0303,-0.0282,-0.054,-0.0002,-0.0941,-0.0784,-0.0143,-0.007,0.006,-0.008,-0.0546,-0.083,-0.0418,-0.1361,0.0018,0.0062,0.0003,-0.0223,0.0021,-0.0202,-0.0097,-0.0305,-0.0189,0.0087,-0.0566,-0.0335,-0.0046,-0.0097,-0.0004,0.0135,-0.0162,-0.0342,-0.0077,-0.0536,-0.002,-0.0099,-0.0047,-0.1285,0.0094,-0.1155,-0.1078,-0.0291,-0.106,0.0059,-0.1844,-0.1746,-0.0132,-0.0214,0.0149,-0.007,-0.0155,0.0074,0.006,-0.0761,0.0099,-0.0572,-0.0586,-0.0238,-0.0563,0.0043,-0.1006,-0.0975,-0.0168,-0.0107,0.0072,0.0095,-0.0127,-0.0026,-0.018,TRUE,TRUE
DTC_L_17,LanSi,1,CW_01,C,2026-03-21 10:33:15+08:00,ONLINE,FALSE,,CW_1_01,PASS,,,51.7438441,_2026032110331514102,T20260321103315,DESKTOP-P2DUL42,Loma,1,CW_1_01,2,paul di,2024.0718.155524,V20260126.2,CW_DTCL_DTCR_STC,T20260321103406,51.7438441,TRUE,TRUE,TRUE,TRUE,TRUE,TRUE,TRUE,4S2RND2HBL06DS,v1.0.1,2025_12_22,314.1533,323.8102,474.1739,303.3333,294.7815,152.5828,148.1333,343.6867,333.3897,489.9632,-6.5737,3.1752,-0.0001,0,-0.2268,1.5576,-0.2186,1.555,0.6668,154.8086,151.0166,149.2314,153.9346,152.2478,0.8327,0.7937,0.8409,0.801,0.7937,0.7749,0.7582,0.7972,0.7285,0.7285,0.8247,0.8113,0.8061,0.7685,0.7604,0.704,0.7381,0.7126,0.704,0.8194,0.98,0.8105,0.8261,0.8105,0.8482,0.7883,0.786,0.8062,0.8498,0.8165,0.7894,0.773,0.773,0,0,0,0,0,v1.0.1,2025_12_22,314.0791,323.8633,475.3015,303.2574,294.6513,151.5658,146.9865,343.7838,333.7153,490.9343,-6.5533,3.1809,-0.0001,0,-0.2266,1.558,-0.2181,1.5533,0.6666,162.1836,157.4277,163.9629,162.79,161.5911,0.6856,0.6754,0.6998,0.6972,0.6754,0.6526,0.6329,0.6549,0.6304,0.6304,0.6553,0.6559,0.6498,0.624,0.6299,0.6149,0.613,0.6247,0.613,0.6733,0.4839,0.6709,0.6869,0.4839,0.6545,0.6714,0.6457,0.6702,0.6791,0.6938,0.6595,0.625,0.625,0,0,0,0,0,v1.0.1,2025_12_22,312.767,316,437.6697,301.8624,298.8571,185.1176,184.3884,330.7025,326.8938,446.3805,-7.3848,-3.4874,-0.0001,0,-0.2122,1.5644,-0.2135,1.5624,0.6753,176.1484,175.1406,173.3633,175.2129,174.9663,0.7943,0.6816,0.8172,0.6828,0.6816,0.7401,0.6563,0.7624,0.6218,0.6218,0.7806,0.7734,0.7479,0.7029,0.7029,0.7219,0,0.7261,0.7175,0.7175,0,0,0,0,0,v1.0.1,2025_12_22,312.767,316,438.5478,301.6174,298.7143,184.4874,183.5,330.6667,327,447.1849,-7.3942,-3.5087,-0.0001,0,-0.2133,1.5638,-0.2125,1.5622,0.6751,148.7695,143.4551,143.3281,146.3408,145.4734,0.66,0.5837,0.6799,0.6051,0.5837,0.629,0.5573,0.6365,0.5667,0.5573,0.6404,0.6271,0.6418,0.6055,0.6055,0.5786,0.5491,0.5926,0.5803,0.5491,0,0,0,0,0,-0.0013,-0.0658,-0.0105,-0.0323,-0.0396,-0.0174,-0.0751,-0.0034,-0.0694,-0.0638,0.0014,-0.0076,0.0065,0.0045,-0.0666,-0.1161,-0.0708,-0.0269,0.0015,-0.0237,-0.0018,-0.0454,0.0031,-0.0152,-0.012,-0.0188,-0.042,-0.0066,-0.0336,-0.0311,0.0001,-0.0044,-0.0102,-0.0179,-0.0346,-0.0459,-0.048,-0.0062,-0.0101,-0.0047,0.0023,-0.1491,0.0221,-0.1351,-0.1104,-0.0084,-0.1388,-0.0021,-0.1289,-0.1267,-0.0003,0.0091,-0.0103,0.0068,-0.0112,-0.0123,0.0053,-0.0948,0.0097,-0.0757,-0.071,-0.0099,-0.0986,0.0058,-0.0851,-0.0734,0.0065,0.003,0.0043,-0.0021,-0.0021,-0.0167,0.0007,TRUE,TRUE
DTC_R_17,LanSi,1,CW_01,C,2026-03-21 10:33:15+08:00,ONLINE,FALSE,,CW_1_01,PASS,,,51.7757587,_2026032110331510401,T20260321103315,DESKTOP-P2DUL42,Loma,1,CW_1_01,1,paul di,2024.0718.155524,V20260126.2,CW_DTCL_DTCR_STC,T20260321103406,51.7757587,TRUE,TRUE,TRUE,TRUE,TRUE,TRUE,TRUE,4S2RND2HBL0DP6,v1.0.1,2025_12_22,315.1037,316.6444,474.9118,296.5,295.1224,146.9864,149.3775,336.8013,335.6084,484.4545,-5.4752,-3.2227,-0.0001,0,-0.2249,1.553,-0.2205,1.5487,0.6641,156.8779,154.8584,154.0059,156.5039,155.5615,0.8635,0.8377,0.8689,0.8292,0.8292,0.809,0.7465,0.8129,0.7601,0.7465,0.8268,0.8203,0.8087,0.809,0.7556,0.7271,0.7505,0.7133,0.7133,0.8416,0.8088,0.7997,0.9439,0.7997,0.8374,0.7972,0.7764,0.8363,0.7941,0.8281,0.7607,0.8565,0.7607,0,0,0,0,0,v1.0.1,2025_12_22,315.1064,316.6809,475.8936,296.3191,295.0828,146,148.1655,336.9655,335.6966,485.4552,-5.511,-3.2159,-0.0001,0,-0.2255,1.5535,-0.2204,1.5489,0.6641,161.6152,155.3418,163.2656,164.0967,161.0798,0.7086,0.6951,0.7163,0.6986,0.6951,0.6846,0.6279,0.6715,0.6451,0.6279,0.6476,0.6457,0.6503,0.6635,0.6386,0.6437,0.6084,0.5956,0.5956,0.6951,0.6688,0.6648,0.4201,0.4201,0.6532,0.6749,0.6491,0.6713,0.6722,0.6789,0.6391,0.6933,0.6391,0,0,0,0,0,v1.0.1,2025_12_22,317.1682,328.1963,441.7321,312.7321,302.5469,195.1719,188.5583,342.4167,331.8938,456.3805,-3.1201,7.4795,0,0.0001,-0.223,1.5608,-0.2096,1.5559,0.671,177.8604,177.9531,177.7666,178.5625,178.0356,0.7998,0.734,0.8241,0.7156,0.7156,0.7593,0.6596,0.7731,0.6299,0.6299,0.7652,0.765,0.7486,0.7299,0.7299,0.7465,0.6771,0.7262,0,0.6771,0,0,0,0,0,v1.0.1,2025_12_22,317.1333,328.1905,442.5225,312.7928,302.4882,194.7087,187.7661,342.5484,331.9375,457.2411,-3.1305,7.5963,0,0.0001,-0.2217,1.561,-0.21,1.5561,0.6713,147.0771,141.0889,142.4092,144.833,143.8521,0.663,0.6202,0.6827,0.6127,0.6127,0.6299,0.5717,0.6396,0.5575,0.5575,0.6232,0.638,0.6415,0.6314,0.6232,0.5897,0.5591,0.579,0.4891,0.4891,0,0,0,0,0,-0.005,-0.036,-0.0078,-0.0451,-0.0393,-0.0077,-0.0739,-0.0051,-0.0723,-0.0702,-0.0013,0.0093,-0.0077,-0.0081,-0.0509,-0.0858,-0.0398,-0.1208,0.0003,-0.0022,0.0045,-0.0216,0.0023,-0.0188,-0.009,-0.0027,-0.0437,0.0056,-0.0439,-0.038,-0.0171,-0.0146,-0.0135,0.0038,-0.0169,-0.0224,-0.0193,-0.0532,0.0126,-0.003,-0.0054,-0.0919,0.0061,-0.1029,-0.0896,-0.014,-0.1142,-0.0006,-0.1532,-0.1434,-0.002,-0.0124,0.0006,-0.0086,-0.0077,0.0025,0.0051,-0.0552,0.009,-0.0609,-0.0452,-0.0132,-0.0699,-0.0051,-0.0872,-0.0841,-0.0086,-0.0094,0.0099,0.0037,-0.0045,-0.0131,-0.0076,TRUE,TRUE
DTC_L_18,LanSi,1,CW_01,A,2026-03-21 10:34:54+08:00,ONLINE,FALSE,,CW_1_01,PASS,,,51.8297461,_2026032110345460102,T20260321103454,DESKTOP-P2DUL42,Loma,1,CW_1_01,2,paul di,2024.0718.155524,V20260126.2,CW_DTCL_DTCR_STC,T20260321103546,51.8297461,TRUE,TRUE,TRUE,TRUE,TRUE,TRUE,TRUE,4S2RND2HBL06DS,v1.0.1,2025_12_22,315.3037,321.0815,475.7778,300,296.3221,149.5839,150,340.9521,334.7794,487.1838,-5.0634,0.2603,-0.0001,0,-0.2301,1.56,-0.2191,1.5536,0.6661,156.3662,152.3125,150.2324,155.2793,153.5476,0.8229,0.8114,0.8277,0.804,0.804,0.7788,0.746,0.7999,0.756,0.746,0.8165,0.8076,0.8198,0.7588,0.7245,0.709,0.7566,0.693,0.693,0.8228,0.2799,0.8081,0.7859,0.2799,0.8443,0.7503,0.7176,0.838,0.8114,0.7647,0.7809,0.7765,0.7176,0,0,0,0,0,v1.0.1,2025_12_22,315.219,321.1241,476.8143,299.9143,296.14,148.6933,148.9184,341.1497,334.8417,488.2878,-5.1133,0.3338,-0.0001,0,-0.23,1.5601,-0.2193,1.5534,0.666,163.417,159.1172,164.959,164.165,162.9146,0.6809,0.6885,0.7004,0.6908,0.6809,0.6647,0.6203,0.6605,0.6531,0.6203,0.6489,0.6579,0.6424,0.6432,0.6223,0.6282,0.6257,0.6078,0.6078,0.6721,0.492,0.6879,0.6648,0.492,0.6569,0.6361,0.6049,0.6765,0.686,0.6775,0.6833,0.6481,0.6049,0,0,0,0,0,v1.0.1,2025_12_22,313.9813,313.5514,439.0893,298.8393,300.3443,182.3115,185.9098,328.2951,328.0431,443.8707,-6.0264,-6.1264,-0.0001,-0.0001,-0.2165,1.5667,-0.2141,1.5628,0.6747,176.5439,175.4893,173.6084,176.0137,175.4138,0.791,0.7022,0.802,0.6846,0.6846,0.7311,0.6383,0.7606,0.6541,0.6383,0.7688,0.7663,0.756,0.6973,0.6973,0.7309,0,0.7263,0.6537,0.6537,0,0,0,0,0,v1.0.1,2025_12_22,314,313.6038,439.8214,298.7589,300.2308,181.6239,184.9262,328.3443,328.0439,444.7632,-6.0955,-6.0812,-0.0001,-0.0001,-0.2169,1.5663,-0.2132,1.5636,0.675,149.9443,145.1357,143.6562,147.54,146.5691,0.664,0.5903,0.6697,0.612,0.5903,0.6212,0.5506,0.6266,0.5755,0.5506,0.6375,0.6289,0.633,0.6107,0.6107,0.603,0.515,0.5874,0.5381,0.515,0,0,0,0,0,-0.0111,-0.0481,-0.0237,-0.0293,-0.0293,-0.0135,-0.0873,-0.0007,-0.0419,-0.0463,-0.0068,-0.0113,0.0202,-0.0052,-0.1025,-0.1111,-0.0523,-0.0465,0.0049,-0.0261,-0.0065,-0.0323,0.0037,-0.0216,-0.0065,-0.0067,-0.0546,-0.001,-0.0109,-0.0412,-0.0063,-0.0024,-0.0176,0.0013,-0.0422,-0.0326,-0.0353,-0.0231,-0.0113,0.0123,-0.001,-0.1285,0.0069,-0.1333,-0.1074,-0.0174,-0.1568,-0.0039,-0.0966,-0.1102,-0.0121,0.002,-0.0022,0.0012,-0.0022,-0.0121,0.0093,-0.0882,-0.0005,-0.0688,-0.0644,-0.0177,-0.1053,-0.0041,-0.0763,-0.0801,0.0036,0.0048,-0.0045,0.0031,0.0031,0.0077,-0.0045,TRUE,TRUE
DTC_R_18,LanSi,1,CW_01,A,2026-03-21 10:34:54+08:00,ONLINE,FALSE,,CW_1_01,PASS,,,51.7330044,_2026032110345471701,T20260321103454,DESKTOP-P2DUL42,Loma,1,CW_1_01,1,paul di,2024.0718.155524,V20260126.2,CW_DTCL_DTCR_STC,T20260321103546,51.7330044,TRUE,TRUE,TRUE,TRUE,TRUE,TRUE,TRUE,4S2RND2HBL0DP6,v1.0.1,2025_12_22,315.0882,317.5,474.9556,297.5185,295.2828,147.6138,149.4106,337.9868,335.5,485.5,-5.4526,-2.2762,-0.0001,0,-0.2238,1.5542,-0.2225,1.5494,0.6643,156.9111,154.2568,153.957,156.4209,155.3865,0.869,0.8273,0.8765,0.8221,0.8221,0.8246,0.7775,0.8146,0.7763,0.7763,0.8198,0.7997,0.8038,0.8086,0.758,0.7774,0.7386,0.742,0.7386,0.844,0.7928,0.8024,0.98,0.7928,0.8351,0.7875,0.787,0.8304,0.8057,0.8363,0.7834,0.8495,0.7834,0,0,0,0,0,v1.0.1,2025_12_22,315.1064,317.3191,476.0714,297.1929,295.12,146.5733,148.3176,338.1486,335.6364,486.4895,-5.4497,-2.3553,-0.0001,0,-0.2239,1.5538,-0.2237,1.5495,0.6639,162.5449,157.085,165.4717,165.2598,162.5903,0.7133,0.6883,0.7027,0.6994,0.6883,0.6819,0.6544,0.6644,0.6604,0.6544,0.6496,0.6404,0.6573,0.6663,0.632,0.6535,0.5992,0.6175,0.5992,0.687,0.6583,0.6708,0.3171,0.3171,0.6484,0.6611,0.6511,0.6683,0.6559,0.6707,0.6481,0.6765,0.6481,0,0,0,0,0,v1.0.1,2025_12_22,317.1226,328.7736,441.6348,313.6261,302.5197,195.9528,188.5583,343.4167,331.6195,457.5487,-3.209,8.3636,0,0.0001,-0.2205,1.5608,-0.2129,1.5582,0.6714,178.8516,178.666,178.7451,179.8984,179.0403,0.7999,0.7029,0.816,0.7023,0.7023,0.7764,0.6725,0.7734,0.6641,0.6641,0.7769,0.746,0.7514,0.7272,0.7272,0.7422,0.6784,0.7345,0,0.6784,0,0,0,0,0,v1.0.1,2025_12_22,317.1154,328.8846,442.4298,313.5702,302.5,195.0952,187.6774,343.5,331.8378,458.3694,-3.1879,8.3839,0,0.0001,-0.2211,1.5615,-0.2119,1.5571,0.6714,148.0449,142.542,144.0801,145.7637,145.1077,0.6632,0.5992,0.6782,0.6201,0.5992,0.6441,0.5895,0.6404,0.5692,0.5692,0.6284,0.6258,0.627,0.6085,0.6085,0.5856,0.5592,0.5892,0.4478,0.4478,0,0,0,0,0,0.0005,-0.0464,-0.0002,-0.0522,-0.0464,0.0079,-0.0429,-0.0034,-0.0561,-0.0404,-0.0083,-0.0113,-0.0126,-0.0085,-0.0485,-0.0355,-0.0517,-0.0921,0.0027,0.0005,0.0092,-0.0284,-0.0113,-0.018,-0.0158,-0.0054,-0.0172,-0.0015,-0.0286,-0.0115,-0.0151,-0.0199,-0.0065,0.0066,-0.0235,-0.0126,-0.0285,-0.0313,0.0045,0.003,-0.0053,-0.123,-0.002,-0.1162,-0.1029,0.0031,-0.1013,-0.0003,-0.119,-0.1092,0.0097,-0.0314,0.0034,-0.0113,-0.012,0.0108,0.0053,-0.0762,0.0045,-0.0535,-0.0587,0.001,-0.0521,-0.0043,-0.0755,-0.0724,-0.0034,-0.0216,-0.0046,-0.0192,-0.0192,-0.0172,0.0026,TRUE,TRUE
DTC_L_19,LanSi,1,CW_01,B,2026-03-21 10:36:42+08:00,ONLINE,FALSE,,CW_1_01,PASS,,,51.6782952,_2026032110364203602,T20260321103642,DESKTOP-P2DUL42,Loma,1,CW_1_01,2,paul di,2024.0718.155524,V20260126.2,CW_DTCL_DTCR_STC,T20260321103733,51.6782952,TRUE,TRUE,TRUE,TRUE,TRUE,TRUE,TRUE,4S2RND2HBL06DS,v1.0.1,2025_12_22,314.3037,322.9185,474.3603,302.6691,294.96,152.02,148.4276,342.6382,333.7153,488.9343,-6.3466,2.336,-0.0001,0,-0.2253,1.5576,-0.2178,1.5539,0.6671,154.7861,150.7041,148.6523,153.6982,151.9602,0.8176,0.7886,0.8395,0.7912,0.7886,0.7829,0.7689,0.7892,0.7531,0.7531,0.8254,0.8101,0.8147,0.7735,0.7334,0.7057,0.7664,0.6839,0.6839,0.8015,0.98,0.8108,0.8195,0.8015,0.8343,0.7664,0.75,0.8294,0.8307,0.823,0.799,0.7596,0.75,0,0,0,0,0,v1.0.1,2025_12_22,314.292,323,475.5915,302.5,294.8867,150.9667,147.2333,342.7667,333.8723,490,-6.3248,2.3467,-0.0001,0,-0.2259,1.558,-0.2173,1.5536,0.6671,163.1016,158.7217,164.5205,163.8076,162.5378,0.6872,0.6859,0.6892,0.6953,0.6859,0.6593,0.6417,0.6454,0.6494,0.6417,0.6546,0.651,0.6454,0.652,0.6241,0.6209,0.6303,0.6073,0.6073,0.6666,0.4754,0.6545,0.6762,0.4754,0.6554,0.6513,0.6184,0.6663,0.6519,0.6718,0.6558,0.6322,0.6184,0,0,0,0,0,v1.0.1,2025_12_22,312.9626,315.3551,437.8214,301.2411,299.0431,184.681,184.5738,329.8361,327.0354,445.3628,-7.2127,-4.2048,-0.0001,0,-0.212,1.5642,-0.2118,1.5625,0.6757,175.9443,175.1738,172.8906,175.5137,174.8806,0.7942,0.6856,0.8015,0.6767,0.6767,0.7398,0.658,0.7573,0.6512,0.6512,0.782,0.7609,0.7703,0.7017,0.7017,0.7337,0,0.7213,0.711,0.711,0,0,0,0,0,v1.0.1,2025_12_22,312.9626,315.3551,438.5926,301.0556,298.9661,183.8559,183.7,329.9167,327.1368,446.2222,-7.2284,-4.2189,-0.0001,0,-0.2128,1.5642,-0.2117,1.5624,0.6755,149.5791,144.6172,143.5596,147.168,146.231,0.657,0.5893,0.6743,0.6032,0.5893,0.613,0.5654,0.6168,0.5764,0.5654,0.6331,0.626,0.6411,0.6106,0.6106,0.5766,0.515,0.576,0.5602,0.515,0,0,0,0,0,-0.0164,-0.0709,-0.0119,-0.0421,-0.0447,-0.0094,-0.0644,-0.0114,-0.0448,-0.0392,0.0021,-0.0088,0.0151,0.0095,-0.0936,-0.1144,-0.0425,-0.0556,-0.0164,-0.0234,-0.0002,-0.0349,-0.0075,-0.0171,-0.0015,-0.0121,-0.0332,-0.0161,-0.0146,-0.0198,-0.0006,-0.0093,-0.0146,0.0101,-0.0404,-0.0399,-0.0307,-0.0236,-0.0168,-0.0211,0.0022,-0.1451,0.0064,-0.1412,-0.1153,-0.0087,-0.1371,-0.0072,-0.0995,-0.0973,0.0011,-0.0034,0.0121,0.0056,0.0006,-0.0171,0.0023,-0.0892,0.0041,-0.0776,-0.0654,-0.0259,-0.0905,-0.0139,-0.0754,-0.0653,-0.0008,0.0019,0.0036,0.003,0.003,-0.0187,-0.0159,TRUE,TRUE
DTC_R_19,LanSi,1,CW_01,B,2026-03-21 10:36:41+08:00,ONLINE,FALSE,,CW_1_01,PASS,,,51.870781,_2026032110364185701,T20260321103641,DESKTOP-P2DUL42,Loma,1,CW_1_01,1,paul di,2024.0718.155524,V20260126.2,CW_DTCL_DTCR_STC,T20260321103733,51.870781,TRUE,TRUE,TRUE,TRUE,TRUE,TRUE,TRUE,4S2RND2HBL0DP6,v1.0.1,2025_12_22,315.0074,316.4148,474.8015,296.1765,295.1757,147.3041,149.3922,336.6667,335.4275,484.2174,-5.5392,-3.3441,-0.0001,0,-0.2255,1.5535,-0.2212,1.5492,0.664,156.2363,153.792,153.3311,155.7051,154.7661,0.8641,0.823,0.8682,0.8285,0.823,0.8149,0.7483,0.8273,0.7809,0.7483,0.8081,0.8186,0.8244,0.8202,0.753,0.7282,0.7405,0.7063,0.7063,0.8523,0.8283,0.8159,0.98,0.8159,0.8509,0.7807,0.7804,0.8254,0.8076,0.7917,0.7256,0.8372,0.7256,0,0,0,0,0,v1.0.1,2025_12_22,315.0144,316.4532,475.9571,296.1071,295.1133,146.28,148.28,336.7867,335.7021,485.2411,-5.4866,-3.3264,-0.0001,0,-0.2252,1.5539,-0.2208,1.5483,0.664,161.8213,155.8232,163.8672,163.8271,161.3347,0.6914,0.6907,0.7065,0.6972,0.6907,0.6783,0.635,0.6754,0.6466,0.635,0.6435,0.6562,0.6447,0.6664,0.6388,0.6286,0.6195,0.6036,0.6036,0.688,0.6679,0.6813,0.3666,0.3666,0.6465,0.6629,0.6645,0.6799,0.6624,0.6144,0.6265,0.6903,0.6144,0,0,0,0,0,v1.0.1,2025_12_22,317.1215,327.8972,441.5263,312.5263,302.621,195.5484,188.6777,342.3223,331.7105,456.3421,-3.1686,7.4273,0,0.0001,-0.2224,1.5612,-0.2113,1.5572,0.6711,177.5527,177.0645,176.9346,177.9062,177.3645,0.8037,0.7061,0.8052,0.7092,0.7061,0.7616,0.6463,0.7652,0.6531,0.6463,0.7624,0.7598,0.7621,0.7379,0.7379,0.7512,0.6791,0.7346,0,0.6791,0,0,0,0,0,v1.0.1,2025_12_22,317.1524,328,442.4298,312.5702,302.4567,194.8819,187.7886,342.4065,331.9115,457,-3.1522,7.4717,0,0.0001,-0.222,1.5603,-0.2104,1.5564,0.6711,147.0625,141.2002,142.7061,144.626,143.8987,0.6655,0.5977,0.6672,0.6065,0.5977,0.6414,0.5725,0.6245,0.5731,0.5725,0.6365,0.6442,0.6459,0.6221,0.6221,0.5937,0.555,0.584,0.4675,0.4675,0,0,0,0,0,-0.0044,-0.0507,-0.0085,-0.0458,-0.0455,-0.0018,-0.0721,0.0093,-0.0515,-0.0684,-0.02,0.0076,0.008,0.0031,-0.0535,-0.0847,-0.0498,-0.1278,0.011,0.014,-0.0127,-0.026,-0.0075,-0.0202,-0.0134,-0.009,-0.0366,0.0095,-0.0424,-0.0309,-0.0212,-0.0041,-0.0191,0.0067,-0.0167,-0.0375,-0.0082,-0.0452,0.0055,0.0135,-0.0015,-0.1198,-0.0128,-0.1093,-0.0991,-0.0117,-0.1275,-0.0085,-0.13,-0.127,-0.0048,-0.0176,0.0141,-0.0006,-0.003,0.0109,0.0076,-0.0777,-0.0065,-0.0671,-0.0602,-0.0017,-0.0691,-0.0202,-0.0716,-0.0691,0.0047,-0.0032,0.0143,-0.0056,-0.0056,-0.0091,-0.0026,TRUE,TRUE
DTC_R_20,LanSi,1,CW_01,C,2026-03-21 10:38:20+08:00,ONLINE,FALSE,,CW_1_01,PASS,,,52.002622,_2026032110382065301,T20260321103820,DESKTOP-P2DUL42,Loma,1,CW_1_01,1,paul di,2024.0718.155524,V20260126.2,CW_DTCL_DTCR_STC,T20260321103912,52.002622,TRUE,TRUE,TRUE,TRUE,TRUE,TRUE,TRUE,4S2RND2HBL0DP6,v1.0.1,2025_12_22,314.9706,317.1838,474.8696,297.3261,295.2828,147.6138,149.3377,337.7219,335.259,485.1583,-5.5561,-2.4992,-0.0001,0,-0.223,1.5547,-0.2229,1.5501,0.6647,156.7168,154.2715,153.6328,156.1035,155.1812,0.867,0.8293,0.8759,0.8299,0.8293,0.8172,0.7755,0.8202,0.7497,0.7497,0.8369,0.8169,0.8189,0.8044,0.7545,0.7725,0.7379,0.7546,0.7379,0.8434,0.8128,0.8176,0.98,0.8128,0.8483,0.7874,0.7875,0.8262,0.8134,0.8567,0.796,0.8412,0.7874,0,0,0,0,0,v1.0.1,2025_12_22,315,317.0863,476,297.0863,295.0204,146.6735,148.2449,338.0068,335.5177,486.1702,-5.5434,-2.4954,-0.0001,0,-0.2231,1.5536,-0.2243,1.5495,0.6639,163.9209,157.8955,166.2383,166.0342,163.5222,0.7066,0.6897,0.7135,0.7026,0.6897,0.6829,0.65,0.6643,0.6386,0.6386,0.6564,0.6529,0.6525,0.6694,0.6418,0.6527,0.5959,0.6292,0.5959,0.6802,0.6601,0.665,0.2309,0.2309,0.6449,0.6621,0.6601,0.673,0.6475,0.6583,0.662,0.6759,0.6449,0,0,0,0,0,v1.0.1,2025_12_22,317.0472,328.6981,441.5263,313.5263,302.5,196,188.605,343.395,331.6316,457.2807,-3.238,8.28,0,0.0001,-0.2208,1.5611,-0.2134,1.5573,0.6711,177.5078,177.293,177.1689,178.293,177.5657,0.8087,0.6982,0.8215,0.7368,0.6982,0.7696,0.6577,0.7716,0.6232,0.6232,0.7768,0.7646,0.7454,0.7298,0.7298,0.7518,0.6906,0.7335,0,0.6906,0,0,0,0,0,v1.0.1,2025_12_22,317.0952,328.7238,442.4298,313.5702,302.3902,195.187,187.6942,343.438,331.7478,457.9478,-3.2285,8.2734,0,0.0001,-0.2198,1.5606,-0.2127,1.5574,0.6714,148.9043,143.3662,144.7266,146.6943,145.9229,0.665,0.597,0.6748,0.6239,0.597,0.6449,0.5887,0.6395,0.537,0.537,0.6296,0.6327,0.6412,0.6098,0.6098,0.5939,0.5563,0.5795,0.4289,0.4289,0,0,0,0,0,-0.0015,-0.0444,-0.0008,-0.0444,-0.0392,0.0005,-0.0449,0.0022,-0.0827,-0.067,0.0088,0.0059,0.0025,-0.0127,-0.052,-0.0404,-0.0524,-0.0795,0.0021,0.0157,0.0025,-0.027,-0.0005,-0.0148,-0.0144,-0.0044,-0.0216,-0.0016,-0.0504,-0.0273,-0.0083,-0.0074,-0.0113,0.0097,-0.0137,-0.0134,-0.0318,-0.0196,-0.0023,-0.0028,0.0035,-0.1277,0.0035,-0.0817,-0.107,-0.0037,-0.1161,-0.0021,-0.1599,-0.1501,0.0096,-0.0128,-0.0026,-0.0087,-0.0024,0.0098,0.0071,-0.0784,0.0011,-0.0497,-0.0609,0.0018,-0.0529,-0.0052,-0.1077,-0.1046,-0.0022,-0.0147,0.0096,-0.0179,-0.0179,-0.0089,-0.0071,TRUE,TRUE
DTC_L_20,LanSi,1,CW_01,C,2026-03-21 10:38:20+08:00,ONLINE,FALSE,,CW_1_01,PASS,,,51.9687118,_2026032110382069202,T20260321103820,DESKTOP-P2DUL42,Loma,1,CW_1_01,2,paul di,2024.0718.155524,V20260126.2,CW_DTCL_DTCR_STC,T20260321103912,51.9687118,TRUE,TRUE,TRUE,TRUE,TRUE,TRUE,TRUE,4S2RND2HBL06DS,v1.0.1,2025_12_22,314.0977,323.4511,474.3507,303.0896,294.906,152.3289,148.3224,343.1645,333.5481,489.9259,-6.455,2.892,-0.0001,0,-0.2259,1.5586,-0.2178,1.554,0.6672,155.1982,151.3301,149.2822,154.2646,152.5188,0.8124,0.8003,0.8294,0.8224,0.8003,0.7802,0.7608,0.7993,0.7492,0.7492,0.8285,0.8199,0.807,0.7643,0.7574,0.7216,0.7492,0.6987,0.6987,0.8151,0.98,0.8234,0.8217,0.8151,0.8452,0.8015,0.7568,0.8242,0.8389,0.8158,0.7936,0.792,0.7568,0,0,0,0,0,v1.0.1,2025_12_22,314.1324,323.4191,475.3796,303.073,294.88,151.3667,147.2418,343.3072,333.7391,490.8913,-6.4254,2.9115,-0.0001,0,-0.225,1.5588,-0.2181,1.5537,0.6674,164.2939,159.4551,165.4561,165.0459,163.5627,0.6683,0.6766,0.6931,0.7055,0.6683,0.6567,0.6417,0.6563,0.6463,0.6417,0.649,0.6602,0.6587,0.6379,0.6279,0.6219,0.6363,0.6092,0.6092,0.6711,0.3979,0.6777,0.698,0.3979,0.6603,0.6654,0.6321,0.6731,0.6757,0.6691,0.6714,0.6318,0.6318,0,0,0,0,0,v1.0.1,2025_12_22,312.8447,315.9223,437.7679,301.6696,299,184.8974,184.4677,329.9758,327,446.1026,-7.2839,-3.7864,-0.0001,0,-0.2131,1.565,-0.2085,1.562,0.6763,176.2812,175.584,173.2686,175.6768,175.2026,0.7807,0.7065,0.8111,0.6914,0.6914,0.7528,0.6584,0.7516,0.6545,0.6545,0.7761,0.7713,0.7708,0.7027,0.7027,0.7184,0,0.7336,0.7253,0.7184,0,0,0,0,0,v1.0.1,2025_12_22,312.8318,315.8037,438.6379,301.5,298.9328,184.0504,183.6612,330.2231,327,446.8974,-7.2873,-3.8051,-0.0001,0,-0.2127,1.5652,-0.2107,1.5626,0.6761,150.7695,145.2705,144.4219,148.1875,147.1624,0.6337,0.5987,0.672,0.6082,0.5987,0.6334,0.5692,0.6399,0.5853,0.5692,0.6497,0.6281,0.6436,0.6082,0.6082,0.5794,0.5219,0.5809,0.5774,0.5219,0,0,0,0,0,-0.0216,-0.0592,-0.022,-0.0109,-0.033,-0.0121,-0.0725,-0.0013,-0.0487,-0.0431,0.0052,0.001,0.0074,0.0003,-0.0696,-0.0985,-0.0597,-0.0408,-0.0028,-0.0108,-0.0191,-0.0442,-0.0036,-0.0069,-0.0191,-0.0147,-0.0332,-0.0052,-0.0177,-0.0198,-0.0062,-0.0001,-0.0013,-0.004,-0.0366,-0.0389,-0.0247,-0.0217,-0.0123,0.0021,-0.0113,-0.1242,0.016,-0.1265,-0.1006,0.0043,-0.1367,-0.0129,-0.0962,-0.094,-0.0048,0.007,0.0126,0.0066,-0.0147,-0.0048,-0.021,-0.0798,0.0018,-0.0726,-0.056,-0.0055,-0.0867,0.0092,-0.0665,-0.0615,0.0158,0.004,0.0061,0.0006,0.0006,-0.0159,-0.011,TRUE,TRUE
DTC_R_21,LanSi,1,CW_01,A,2026-03-21 10:40:03+08:00,ONLINE,FALSE,,CW_1_01,PASS,,,51.4238853,_2026032110400390901,T20260321104003,DESKTOP-P2DUL42,Loma,1,CW_1_01,1,paul di,2024.0718.155524,V20260126.2,CW_DTCL_DTCR_STC,T20260321104055,51.4238853,TRUE,TRUE,TRUE,TRUE,TRUE,TRUE,TRUE,4S2RND2HBL0DP6,v1.0.1,2025_12_22,315,316.9137,474.7153,296.9343,295.2671,147.5685,149.3816,337.5,335.708,485,-5.4856,-2.7167,-0.0001,0,-0.2239,1.5543,-0.2231,1.5477,0.6637,156.165,153.9756,153.4111,156.0674,154.9048,0.8631,0.8421,0.877,0.8358,0.8358,0.8011,0.7548,0.8259,0.7545,0.7545,0.8141,0.8058,0.8064,0.8217,0.7573,0.7611,0.7601,0.6947,0.6947,0.8547,0.7992,0.7904,0.9503,0.7904,0.8453,0.7815,0.7838,0.8324,0.8142,0.98,0.6761,0.8363,0.6761,0,0,0,0,0,v1.0.1,2025_12_22,315,316.9137,475.8768,296.8478,295,146.6333,148.106,337.5364,335.8511,485.9433,-5.5332,-2.7251,-0.0001,0,-0.2236,1.5534,-0.2224,1.5475,0.6637,163.584,157.6699,166.0586,166.1338,163.3616,0.7086,0.696,0.7169,0.7044,0.696,0.6688,0.6494,0.6727,0.6384,0.6384,0.6542,0.6595,0.6473,0.6571,0.6357,0.6438,0.6103,0.5902,0.5902,0.6934,0.6782,0.6656,0.0772,0.0772,0.6492,0.6539,0.6659,0.6809,0.6546,0.4584,0.5753,0.6905,0.4584,0,0,0,0,0,v1.0.1,2025_12_22,317.1028,328.3832,441.5175,313.3421,302.5197,195.9528,188.5,342.6667,331.9115,457,-3.1897,7.9689,0,0.0001,-0.2198,1.5606,-0.2101,1.5556,0.6716,177.0488,177.1738,176.8867,178.2549,177.3411,0.8013,0.656,0.8275,0.7079,0.656,0.7651,0.6594,0.7767,0.6303,0.6303,0.7619,0.7564,0.7606,0.738,0.738,0.7533,0.6811,0.7248,0,0.6811,0,0,0,0,0,v1.0.1,2025_12_22,317.066,328.4245,442.3153,313.2432,302.456,195.112,187.6198,342.9587,332,457.6786,-3.2086,7.9834,0,0.0001,-0.2201,1.5611,-0.2113,1.5553,0.6712,148.958,143.2061,144.6777,146.5889,145.8577,0.6661,0.5651,0.6804,0.6194,0.5651,0.6277,0.5671,0.6423,0.5479,0.5479,0.6289,0.6289,0.633,0.6325,0.6289,0.6004,0.5661,0.5757,0.108,0.108,0,0,0,0,0,-0.0054,-0.0316,0.0003,-0.0385,-0.0327,-0.0156,-0.0656,0.0079,-0.0779,-0.0622,-0.014,-0.0052,-0.01,0.0046,-0.0492,-0.0518,-0.0302,-0.1394,0.0134,-0.0115,0.0045,-0.0207,0.0029,-0.013,-0.0081,-0.0185,-0.0222,0.0068,-0.0506,-0.0275,-0.0105,-0.0008,-0.0165,-0.0026,-0.0198,-0.0223,-0.0174,-0.0586,0.0109,-0.0022,-0.0039,-0.1699,0.0095,-0.1106,-0.1492,-0.0082,-0.1144,0.003,-0.1528,-0.143,-0.0053,-0.021,0.0126,-0.0005,-0.0009,0.0011,0.0082,-0.1103,0.0067,-0.0542,-0.0928,-0.0154,-0.0745,-0.0024,-0.0968,-0.0937,-0.0029,-0.0185,0.0014,0.0048,0.0012,-0.0024,-0.0109,TRUE,TRUE
DTC_L_21,LanSi,1,CW_01,A,2026-03-21 10:40:03+08:00,ONLINE,FALSE,,CW_1_01,PASS,,,51.7021413,_2026032110400364002,T20260321104003,DESKTOP-P2DUL42,Loma,1,CW_1_01,2,paul di,2024.0718.155524,V20260126.2,CW_DTCL_DTCR_STC,T20260321104055,51.7021413,TRUE,TRUE,TRUE,TRUE,TRUE,TRUE,TRUE,4S2RND2HBL06DS,v1.0.1,2025_12_22,314.2148,322.7778,474.3088,302.2574,294.86,151.6933,148.2303,342.4342,333.3704,489.0444,-6.5031,2.1414,-0.0001,0,-0.227,1.5576,-0.2174,1.5556,0.6672,154.8838,151.1992,149.125,154.0078,152.304,0.8274,0.7881,0.8402,0.79,0.7881,0.777,0.759,0.808,0.7474,0.7474,0.8122,0.8226,0.811,0.7677,0.7427,0.7096,0.7712,0.7047,0.7047,0.8208,0.6796,0.8196,0.8386,0.6796,0.8453,0.7908,0.7701,0.8238,0.8209,0.8196,0.7993,0.7747,0.7701,0,0,0,0,0,v1.0.1,2025_12_22,314.1533,322.8102,475.4662,302.0376,294.8079,150.7616,147.1611,342.6376,333.6978,490.0791,-6.4427,2.1652,-0.0001,0,-0.2276,1.5583,-0.2177,1.554,0.6668,163.3232,158.833,164.8535,164.3477,162.8394,0.683,0.6869,0.6914,0.6901,0.683,0.6637,0.6295,0.6553,0.6576,0.6295,0.6556,0.655,0.6611,0.6381,0.6157,0.6258,0.6495,0.5924,0.5924,0.6807,0.536,0.6874,0.6746,0.536,0.6643,0.6615,0.6304,0.6604,0.6863,0.7001,0.6808,0.6385,0.6304,0,0,0,0,0,v1.0.1,2025_12_22,312.9519,315.125,437.8636,300.8182,299,184.1849,184.5,329.5,326.9569,445.319,-7.2455,-4.5106,-0.0001,0,-0.2135,1.5641,-0.2109,1.5631,0.6757,176.0059,175.4365,173.0625,175.4482,174.9883,0.7807,0.6764,0.8027,0.6706,0.6706,0.7464,0.6565,0.7617,0.6749,0.6565,0.7754,0.7733,0.7619,0.6994,0.6994,0.7423,0,0.7181,0.7084,0.7084,0,0,0,0,0,v1.0.1,2025_12_22,312.8476,315,438.7168,300.6814,298.9322,183.5763,183.5678,329.5678,327,446.1026,-7.2871,-4.5144,-0.0001,0,-0.2128,1.5648,-0.2117,1.5627,0.6758,149.791,144.7178,143.7832,147.4277,146.4299,0.6605,0.5837,0.6718,0.5979,0.5837,0.6328,0.5594,0.6158,0.5824,0.5594,0.6219,0.6314,0.6388,0.6063,0.6063,0.6067,0.5423,0.5916,0.5772,0.5423,0,0,0,0,0,-0.0066,-0.0714,-0.0112,-0.0433,-0.0452,-0.0153,-0.0743,0.0074,-0.0505,-0.0449,-0.0111,0.0037,0.0114,0.0037,-0.0843,-0.1105,-0.0377,-0.0348,0.0029,-0.0146,-0.0044,-0.0339,-0.0053,-0.0223,-0.0044,-0.0077,-0.0454,-0.0062,-0.0064,-0.032,0.0004,-0.0053,0.0011,-0.0038,-0.0488,-0.035,-0.0115,-0.0385,-0.0027,0.0118,-0.0113,-0.1543,0.0076,-0.1473,-0.1214,-0.0021,-0.1386,-0.0028,-0.0758,-0.092,-0.0055,0.009,0.0037,0.0033,0.0092,-0.0203,0.0058,-0.0948,0.0016,-0.0829,-0.071,-0.0061,-0.0965,-0.0149,-0.0694,-0.0713,-0.012,0.0073,0.0013,-0.0013,-0.0013,0.0114,-0.0003,TRUE,TRUE
DTC_R_22,LanSi,1,CW_01,B,2026-03-21 10:41:49+08:00,ONLINE,FALSE,,CW_1_01,PASS,,,51.3583063,_2026032110414954901,T20260321104149,DESKTOP-P2DUL42,Loma,1,CW_1_01,1,paul di,2024.0718.155524,V20260126.2,CW_DTCL_DTCR_STC,T20260321104240,51.3583063,TRUE,TRUE,TRUE,TRUE,TRUE,TRUE,TRUE,4S2RND2HBL0DP6,v1.0.1,2025_12_22,314.9562,317.5182,474.8406,297.6667,295.2534,147.6507,149.2632,338.3487,335.3261,486.0362,-5.5721,-2.0559,-0.0001,0,-0.223,1.5548,-0.2245,1.55,0.6643,157.3262,154.624,154.1318,156.8564,155.7346,0.8662,0.8194,0.877,0.8308,0.8194,0.8239,0.7699,0.8266,0.7846,0.7699,0.8156,0.8174,0.8097,0.8171,0.7538,0.7741,0.7271,0.7723,0.7271,0.8351,0.8186,0.8063,0.6234,0.6234,0.8373,0.8003,0.7407,0.8073,0.8077,0.8104,0.7643,0.8514,0.7407,0,0,0,0,0,v1.0.1,2025_12_22,315,317.5,475.8623,297.4203,295.0952,146.7619,148.0397,338.4768,335.6403,487,-5.5725,-2.0682,-0.0001,0,-0.2237,1.5542,-0.2245,1.5491,0.6638,162.4219,156.5107,164.8945,164.9102,162.1843,0.7056,0.6897,0.7186,0.707,0.6897,0.6684,0.6575,0.6746,0.6463,0.6463,0.6636,0.6501,0.6577,0.6615,0.6466,0.6558,0.5957,0.63,0.5957,0.6919,0.6659,0.6797,0.4007,0.4007,0.6588,0.6751,0.6254,0.6763,0.6712,0.6743,0.6393,0.6736,0.6254,0,0,0,0,0,v1.0.1,2025_12_22,317.1226,329.0472,441.5841,313.7611,302.5,196.0952,188.5372,343.5372,331.7826,458.113,-3.1947,8.6107,0,0.0001,-0.2217,1.5607,-0.2117,1.5572,0.6711,177.6426,177.3818,177.6865,178.9287,177.9099,0.7955,0.6942,0.8202,0.7222,0.6942,0.7733,0.6704,0.7792,0.6632,0.6632,0.7772,0.7594,0.7571,0.7362,0.7362,0.7308,0.6684,0.7365,0,0.6684,0,0,0,0,0,v1.0.1,2025_12_22,317.0943,329.1509,442.4336,313.708,302.379,195.2823,187.6198,343.7603,331.8036,458.7946,-3.2339,8.6392,0,0.0001,-0.2221,1.5608,-0.2118,1.5573,0.671,147.8936,142.1445,143.751,145.5381,144.8318,0.667,0.5915,0.6865,0.624,0.5915,0.6448,0.5887,0.6384,0.5695,0.5695,0.6234,0.6223,0.6304,0.6165,0.6165,0.5887,0.5422,0.5872,0.5,0.5,0,0,0,0,0,-0.0023,-0.0543,0.0003,-0.0435,-0.0491,0.0072,-0.0505,0.0086,-0.0478,-0.0468,-0.0125,0.0064,-0.0067,0,-0.0527,-0.0388,-0.0632,-0.0618,-0.0062,0.0044,0.0015,-0.027,0.0046,-0.0104,-0.0144,-0.0189,-0.0141,0.0087,-0.0427,-0.0196,-0.0011,-0.0102,-0.0061,0.0018,-0.0089,-0.0103,-0.032,-0.0188,0.0094,0.0119,-0.0097,-0.1317,0.0022,-0.0963,-0.111,0,-0.1034,0.0055,-0.1199,-0.1101,0.01,-0.018,0.0091,-0.0023,-0.0234,0.0128,0.0091,-0.0839,0.0128,-0.0496,-0.0664,0.0017,-0.0529,-0.0063,-0.0752,-0.0721,-0.0084,-0.0251,-0.0012,-0.0112,-0.0112,-0.0141,0.0006,TRUE,TRUE
DTC_L_22,LanSi,1,CW_01,B,2026-03-21 10:41:49+08:00,ONLINE,FALSE,,CW_1_01,PASS,,,51.473,_2026032110414943402,T20260321104149,DESKTOP-P2DUL42,Loma,1,CW_1_01,2,paul di,2024.0718.155524,V20260126.2,CW_DTCL_DTCR_STC,T20260321104240,51.473,TRUE,TRUE,TRUE,TRUE,TRUE,TRUE,TRUE,4S2RND2HBL06DS,v1.0.1,2025_12_22,314.2222,322.8667,474.4741,302.3111,294.9262,151.7383,148.4145,342.5855,333.4745,489.219,-6.3977,2.2441,-0.0001,0,-0.2271,1.558,-0.2179,1.5551,0.667,155.0107,151.0312,148.9385,154.4375,152.3545,0.816,0.7825,0.7934,0.7603,0.7603,0.7772,0.7564,0.7731,0.737,0.737,0.8126,0.813,0.7799,0.773,0.7334,0.7002,0.7714,0.6955,0.6955,0.8228,0.98,0.8201,0.8158,0.8158,0.8597,0.7921,0.751,0.8408,0.8419,0.836,0.8,0.7855,0.751,0,0,0,0,0,v1.0.1,2025_12_22,314.2847,322.9343,475.7007,302.146,294.8467,150.7867,147.2583,342.7285,333.695,490.3262,-6.3429,2.2843,-0.0001,0,-0.2276,1.5578,-0.2174,1.5548,0.6669,161.625,157.2607,163.2529,162.2793,161.1045,0.6796,0.6629,0.6688,0.666,0.6629,0.6565,0.6324,0.6397,0.6433,0.6324,0.6485,0.6595,0.6367,0.6209,0.637,0.6227,0.6399,0.6017,0.6017,0.6825,0.3631,0.6832,0.6949,0.3631,0.6475,0.6623,0.6141,0.67,0.6761,0.6844,0.6787,0.6364,0.6141,0,0,0,0,0,v1.0.1,2025_12_22,312.9135,315.2212,437.955,300.9459,299.1,184.225,184.5,329.6667,327,445.6522,-7.2063,-4.3578,-0.0001,0,-0.2132,1.5652,-0.2115,1.5627,0.6758,176.2744,174.9482,173.2314,175.6357,175.0225,0.7811,0.6694,0.7657,0.648,0.648,0.7437,0.6593,0.7487,0.6711,0.6593,0.7755,0.7728,0.7247,0.7054,0.7054,0.74,0,0.733,0.7257,0.7257,0,0,0,0,0,v1.0.1,2025_12_22,312.9223,315.0777,438.7699,300.7699,299.0435,183.5304,183.5847,329.6525,327.0789,446.3333,-7.2201,-4.4272,-0.0001,0,-0.2127,1.5652,-0.2117,1.5628,0.6759,148.3027,143.5781,142.5869,145.8848,145.0881,0.6571,0.5815,0.6623,0.5863,0.5815,0.6323,0.5656,0.6105,0.5901,0.5656,0.6461,0.6464,0.6108,0.6049,0.6049,0.588,0.505,0.5899,0.57,0.505,0,0,0,0,0,-0.018,-0.077,-0.058,-0.073,-0.073,-0.0151,-0.0769,-0.0275,-0.0609,-0.0553,-0.0107,-0.0059,-0.0197,0.009,-0.0936,-0.1199,-0.0375,-0.044,0.0049,-0.0141,-0.0078,-0.0579,-0.0279,-0.0464,-0.0245,-0.0149,-0.0425,-0.0218,-0.0207,-0.0291,-0.0067,-0.0008,-0.0233,-0.021,-0.0275,-0.0381,-0.0211,-0.0292,-0.0009,0.0076,-0.0109,-0.1613,-0.0294,-0.1699,-0.144,-0.0048,-0.1358,-0.0158,-0.0796,-0.0892,-0.0054,0.0085,-0.0335,0.0093,0.0069,-0.0054,0.0024,-0.097,-0.0079,-0.0945,-0.0732,-0.0066,-0.0903,-0.0202,-0.0617,-0.0651,0.0122,0.0223,-0.0267,-0.0027,-0.0027,-0.0073,-0.002,TRUE,TRUE
DTC_R_23,LanSi,1,CW_01,C,2026-03-21 11:04:21+08:00,ONLINE,FALSE,,CW_1_01,PASS,,,51.8972017,_2026032111042186401,T20260321110421,DESKTOP-P2DUL42,Loma,1,CW_1_01,1,paul di,2024.0718.155524,V20260126.2,CW_DTCL_DTCR_STC,T20260321110513,51.8972017,TRUE,TRUE,TRUE,TRUE,TRUE,TRUE,TRUE,4S2RND2HBL0DP6,v1.0.1,2025_12_22,315.2148,316.7778,475.5489,297,295.6644,148.637,149.4539,336.8618,336.0933,486.0467,-5.1049,-2.4353,-0.0001,0,-0.2222,1.5545,-0.2201,1.5476,0.665,155.5586,152.9531,152.9141,155.3438,154.1924,0.8607,0.7598,0.8619,0.8058,0.7598,0.8167,0.7292,0.8251,0.7937,0.7292,0.8224,0.8149,0.8121,0.817,0.7101,0.7232,0.8077,0.8007,0.7101,0.8337,0.7637,0.8035,0.98,0.7637,0.8498,0.759,0.764,0.8251,0.7856,0.7319,0.846,0.8454,0.7319,0,0,0,0,0,v1.0.1,2025_12_22,315.2174,316.7391,476.6765,296.9632,295.4122,147.5878,148.2585,337.034,336.1533,487.2133,-5.1564,-2.3925,-0.0001,0,-0.2214,1.5537,-0.2204,1.5481,0.665,162.3779,155.8105,164.7188,165.1035,162.0027,0.7057,0.6436,0.7136,0.6788,0.6436,0.6699,0.6324,0.6739,0.6636,0.6324,0.649,0.6493,0.6585,0.6519,0.6256,0.6316,0.6318,0.6407,0.6256,0.684,0.6216,0.6676,0.1936,0.1936,0.6393,0.637,0.6539,0.6792,0.6525,0.589,0.6446,0.6826,0.589,0,0,0,0,0,v1.0.1,2025_12_22,317.5,328,442.1545,313.0182,302.7857,196.6111,188.6583,342.275,332.1724,457,-2.8458,7.8809,0,0.0001,-0.2191,1.5588,-0.2098,1.557,0.6717,177.3242,177.0889,177.4941,178.5547,177.6155,0.8061,0.6243,0.8269,0.6667,0.6243,0.7701,0.6143,0.7791,0.7011,0.6143,0.7718,0.7705,0.749,0.7449,0.7449,0.7465,0.6641,0.7265,0,0.6641,0,0,0,0,0,v1.0.1,2025_12_22,317.4476,328.019,442.9722,312.9537,302.7143,195.8651,187.7886,342.4065,332.2881,457.9068,-2.8578,7.9302,0,0.0001,-0.2189,1.5593,-0.21,1.5565,0.6717,147.8242,141.1953,143.2002,145.7471,144.4917,0.6647,0.5439,0.6828,0.5924,0.5439,0.6517,0.5407,0.6559,0.6008,0.5407,0.648,0.629,0.623,0.6382,0.623,0.5778,0.5555,0.5677,0.332,0.332,0,0,0,0,0,-0.0078,-0.1139,-0.0148,-0.0685,-0.1087,0,-0.0912,0.0071,-0.0387,-0.0875,-0.0057,0.0039,-0.0043,-0.0001,-0.0964,-0.0897,0.0174,-0.0334,-0.0076,0.0016,0.0016,-0.0731,-0.0004,-0.0386,-0.0605,-0.0174,-0.0392,0.008,-0.0254,-0.0335,-0.0157,-0.011,-0.0053,-0.0078,-0.0299,-0.0345,0.0041,-0.0081,0.0015,-0.0002,0.0009,-0.2016,0.0089,-0.1518,-0.1809,-0.0032,-0.1595,0.0054,-0.082,-0.159,0.0046,-0.0069,0.001,0.0064,-0.0077,0.0028,0.0068,-0.1315,0.0091,-0.0812,-0.114,0.0086,-0.1009,0.0112,-0.0439,-0.1009,0.0162,-0.0184,-0.0086,0.0105,-0.0047,-0.025,-0.0189,TRUE,TRUE
DTC_L_23,LanSi,1,CW_01,C,2026-03-21 11:04:22+08:00,ONLINE,FALSE,,CW_1_01,PASS,,,51.6109662,_2026032111042215002,T20260321110422,DESKTOP-P2DUL42,Loma,1,CW_1_01,2,paul di,2024.0718.155524,V20260126.2,CW_DTCL_DTCR_STC,T20260321110513,51.6109662,TRUE,TRUE,TRUE,TRUE,TRUE,TRUE,TRUE,4S2RND2HBL06DS,v1.0.1,2025_12_22,314.1691,322.7647,474.3881,302.2239,294.9007,151.6755,148.375,342.375,333.5489,489,-6.4237,2.1078,-0.0001,0,-0.227,1.5581,-0.2172,1.5542,0.667,155.6211,152.1104,150.0293,155.0898,153.2126,0.8233,0.7893,0.8417,0.7933,0.7893,0.783,0.7662,0.7965,0.7526,0.7526,0.8143,0.8184,0.815,0.7842,0.7433,0.7051,0.7713,0.7098,0.7051,0.8235,0.4384,0.8226,0.829,0.4384,0.8389,0.7664,0.7751,0.8335,0.8181,0.8398,0.8003,0.7776,0.7664,0,0,0,0,0,v1.0.1,2025_12_22,314.1957,322.8333,475.5149,302.0373,294.8212,150.6689,147.2583,342.4702,333.7664,490.073,-6.3887,2.1165,-0.0001,0,-0.2277,1.5582,-0.2166,1.5538,0.6669,163.3311,158.9619,164.7842,164.084,162.7903,0.6783,0.675,0.6982,0.6903,0.675,0.6616,0.6285,0.6498,0.6596,0.6285,0.6387,0.6566,0.6482,0.6401,0.6204,0.6054,0.6414,0.6102,0.6054,0.6762,0.5354,0.6891,0.6848,0.5354,0.6518,0.6535,0.6319,0.6963,0.6843,0.6909,0.6734,0.6188,0.6188,0,0,0,0,0,v1.0.1,2025_12_22,313.0294,315.049,437.8739,300.7658,299,184.1849,184.521,329.5462,327.0345,445.25,-7.2082,-4.5408,-0.0001,0,-0.2134,1.5635,-0.2118,1.5631,0.6753,175.9736,175.2432,173.4619,175.1758,174.9636,0.7973,0.6864,0.8097,0.6809,0.6809,0.7433,0.656,0.7576,0.6611,0.656,0.7794,0.785,0.7718,0.7038,0.7038,0.7183,0,0.7354,0.7143,0.7143,0,0,0,0,0,v1.0.1,2025_12_22,312.8942,314.9712,438.6348,300.6261,298.9829,183.3675,183.6417,329.5667,327,446.1026,-7.2693,-4.5732,-0.0001,0,-0.2131,1.565,-0.2119,1.5631,0.6758,149.4072,144.5615,143.8477,147.1426,146.2397,0.6583,0.5784,0.6734,0.6037,0.5784,0.6275,0.5604,0.6166,0.5936,0.5604,0.63,0.6306,0.6403,0.6049,0.6049,0.5876,0.5419,0.5931,0.5774,0.5419,0,0,0,0,0,-0.0107,-0.0702,-0.0097,-0.04,-0.044,-0.0093,-0.0671,-0.0041,-0.0453,-0.0397,-0.009,-0.0005,0.0154,0.0202,-0.0837,-0.115,-0.0376,-0.0297,0.0056,-0.0116,-0.0091,-0.0458,0.0015,-0.0221,-0.0124,-0.0098,-0.0464,-0.0117,-0.0044,-0.033,-0.0165,-0.0037,-0.0118,-0.0018,-0.0441,-0.0554,-0.0196,-0.0207,-0.0072,0.0135,0.0053,-0.1443,0.0146,-0.137,-0.1111,-0.0052,-0.1391,-0.0069,-0.0896,-0.0925,-0.0015,0.0207,0.0136,0.0077,-0.0148,-0.003,0.0036,-0.1001,0.0032,-0.0771,-0.0763,-0.0114,-0.0955,-0.0141,-0.0582,-0.0703,-0.0039,0.0065,0.0028,-0.0027,-0.0027,-0.0077,0.0012,TRUE,TRUE
DTC_R_24,LanSi,1,CW_01,A,2026-03-21 11:07:20+08:00,ONLINE,FALSE,,CW_1_01,PASS,,,51.4846666,_2026032111072011001,T20260321110720,DESKTOP-P2DUL42,Loma,1,CW_1_01,1,paul di,2024.0718.155524,V20260126.2,CW_DTCL_DTCR_STC,T20260321110811,51.4846666,TRUE,TRUE,TRUE,TRUE,TRUE,TRUE,TRUE,4S2RND2HBL0DP6,v1.0.1,2025_12_22,315.0882,316.5,474.9549,296.3835,295.1918,147.1849,149.3514,336.9324,335.6571,484.25,-5.4513,-3.2498,-0.0001,0,-0.2247,1.5533,-0.2221,1.5483,0.6637,156.6416,153.6699,153.1904,156.4775,154.9949,0.8631,0.8327,0.8582,0.7779,0.7779,0.8135,0.7554,0.78,0.7259,0.7259,0.8092,0.8083,0.8172,0.8195,0.7612,0.7267,0.7603,0.6634,0.6634,0.8231,0.8116,0.8018,0.98,0.8018,0.8498,0.7738,0.7475,0.8175,0.8034,0.8124,0.7439,0.8483,0.7439,0,0,0,0,0,v1.0.1,2025_12_22,315.1151,316.518,475.9574,296.156,295.1156,146.1769,148.1538,336.958,335.7324,485.2042,-5.4851,-3.2974,-0.0001,0,-0.2254,1.5534,-0.2213,1.5487,0.6638,164.0918,158.5049,167.1475,166.4785,164.0557,0.7042,0.6861,0.7001,0.6672,0.6672,0.6668,0.6379,0.6473,0.6294,0.6294,0.647,0.659,0.6511,0.6591,0.6391,0.6324,0.6214,0.5907,0.5907,0.6904,0.6572,0.65,0.1373,0.1373,0.6553,0.6528,0.6456,0.6919,0.6453,0.6376,0.6369,0.68,0.6369,0,0,0,0,0,v1.0.1,2025_12_22,317.1923,328.0385,441.7321,312.7321,302.6328,195.4844,188.5583,342.4167,331.8929,456.1607,-3.0983,7.4665,0,0.0001,-0.2218,1.5609,-0.2108,1.556,0.6711,177.4609,176.5488,176.6943,178.4775,177.2954,0.8046,0.7067,0.8063,0.6633,0.6633,0.7348,0.6428,0.7461,0.6119,0.6119,0.7597,0.7712,0.7398,0.7505,0.7398,0.7482,0.6813,0.718,0,0.6813,0,0,0,0,0,v1.0.1,2025_12_22,317.1619,328.0857,442.4298,312.5702,302.5323,194.7581,187.686,342.5537,331.9018,456.9464,-3.1577,7.4828,0,0.0001,-0.2227,1.561,-0.2108,1.5564,0.671,149.0166,143.6621,145.5156,146.7305,146.2312,0.6453,0.5973,0.6611,0.5706,0.5706,0.6185,0.5824,0.6162,0.5375,0.5375,0.6245,0.6386,0.6401,0.6133,0.6133,0.5886,0.5627,0.5621,0.358,0.358,0,0,0,0,0,-0.0054,-0.041,-0.0185,-0.0964,-0.0906,-0.0032,-0.065,-0.038,-0.1065,-0.0908,-0.0189,-0.0027,0.0008,0.0024,-0.0453,-0.0862,-0.03,-0.1707,-0.0182,-0.0001,0.0001,-0.0306,-0.0139,-0.0502,-0.0369,-0.0205,-0.0337,-0.0186,-0.0596,-0.0365,-0.0177,-0.0013,-0.0127,-0.0006,-0.0164,-0.0337,-0.0063,-0.0581,0.0079,-0.0178,-0.0006,-0.1192,-0.0117,-0.1552,-0.1419,-0.0385,-0.131,-0.0276,-0.1712,-0.1614,-0.0075,-0.0062,-0.0082,0.012,-0.006,-0.0057,-0.0126,-0.0781,-0.0126,-0.103,-0.0873,-0.0246,-0.0592,-0.0285,-0.1072,-0.1041,-0.0073,-0.0088,0.0085,-0.0144,-0.0144,-0.0142,-0.0245,TRUE,TRUE
DTC_L_24,LanSi,1,CW_01,A,2026-03-21 11:07:20+08:00,ONLINE,FALSE,,CW_1_01,FAIL,SFR_VIS_25cm_Ny4_01F_ROI2;SFR_VIS_25cm_Ny4_01F_Min;IR_SFR_VIS_25cm_Ny4_01F_ROI2;IR_SFR_VIS_25cm_Ny4_01F_Min;SFR_VIS_25cm_Ny4_01F_ROI2_Dev;SFR_VIS_25cm_Ny4_01F_Min_Dev;IR_SFR_VIS_25cm_Ny4_01F_ROI2_Dev,sfr_25Algo,51.2183785,_2026032111072037602,T20260321110720,DESKTOP-P2DUL42,Loma,1,CW_1_01,2,paul di,2024.0718.155524,V20260126.2,CW_DTCL_DTCR_STC,T20260321110811,51.2183785,TRUE,TRUE,TRUE,TRUE,TRUE,TRUE,TRUE,4S2RND2HBL06DS,v1.0.1,2025_12_22,314.2117,323.9489,474.4453,303.8359,294.86,152.6933,148.2384,344.3113,333.5338,490.9624,-6.4422,3.6504,-0.0001,0,-0.2244,1.5578,-0.2216,1.5551,0.6667,155.374,151.4912,149.5576,154.2734,152.6741,0.8179,0.6521,0.8379,0.7871,0.6521,0.7862,0.7601,0.8078,0.7444,0.7444,0.8109,0.803,0.8176,0.7696,0.7517,0.7548,0.7552,0.6859,0.6859,0.8098,0.98,0.8233,0.8145,0.8098,0.8431,0.7968,0.7883,0.8317,0.8288,0.8194,0.7911,0.7675,0.7675,0,0,0,0,0,v1.0.1,2025_12_22,314.1277,324,475.5231,303.8231,294.7616,151.7152,147.0397,344.4768,333.7391,491.8913,-6.4618,3.6813,-0.0001,0,-0.2239,1.5583,-0.2214,1.554,0.6668,164.3613,159.6777,165.4951,165.3057,163.71,0.6907,0.5768,0.695,0.6867,0.5768,0.6544,0.6437,0.6567,0.6342,0.6342,0.6466,0.6526,0.647,0.6276,0.6316,0.6436,0.6195,0.613,0.613,0.6893,0.5313,0.6641,0.6784,0.5313,0.6621,0.6802,0.6408,0.6769,0.6815,0.6736,0.6675,0.6163,0.6163,0,0,0,0,0,v1.0.1,2025_12_22,312.8426,316.25,437.9143,302.1619,298.9829,185.3675,184.4793,331.3802,327,447.1026,-7.2562,-3.0476,-0.0001,0,-0.2117,1.5648,-0.2168,1.5625,0.6747,176.167,175.4277,173.0801,175.7217,175.0991,0.7867,0.5485,0.8103,0.6812,0.5485,0.7439,0.6486,0.7651,0.6647,0.6486,0.786,0.7756,0.7652,0.6997,0.6997,0.7203,0,0.7416,0.7325,0.7203,0,0,0,0,0,v1.0.1,2025_12_22,312.9074,316.0556,438.6449,301.9626,298.8034,184.5812,183.5378,331.3697,327.0431,447.8707,-7.3127,-3.132,-0.0001,0,-0.2111,1.5634,-0.2173,1.5634,0.6746,150.8057,145.2783,144.3701,148.2344,147.1721,0.6553,0.4883,0.6702,0.5967,0.4883,0.6167,0.5574,0.6302,0.5814,0.5574,0.62,0.6382,0.6413,0.6012,0.6012,0.588,0.5443,0.5857,0.582,0.5443,0,0,0,0,0,-0.0161,-0.2074,-0.0135,-0.0462,-0.1812,-0.0061,-0.0732,0.0072,-0.0535,-0.0479,-0.0124,-0.0159,0.018,0.0056,-0.0753,-0.0653,-0.0537,-0.0536,-0.0081,-0.0109,0.0033,-0.144,-0.0017,-0.0257,-0.1106,-0.017,-0.0312,-0.0048,-0.0298,-0.0273,-0.0086,-0.0077,-0.013,-0.0143,-0.0329,-0.0172,-0.0415,-0.0179,0.0059,-0.0115,-0.0053,-0.2822,0.0152,-0.1367,-0.2435,-0.0046,-0.1465,0.0006,-0.086,-0.0999,0.0051,0.0113,0.007,0.0036,-0.0128,0.0032,0.0006,-0.1902,0,-0.0841,-0.1664,-0.0222,-0.0985,-0.0005,-0.0704,-0.0733,-0.0139,0.0141,0.0038,-0.0064,-0.0064,-0.0073,-0.0062,TRUE,TRUE
DTC_L_25,LanSi,1,CW_01,B,2026-03-21 11:08:54+08:00,ONLINE,FALSE,,CW_1_01,PASS,,,51.6718507,_2026032111085435202,T20260321110854,DESKTOP-P2DUL42,Loma,1,CW_1_01,2,paul di,2024.0718.155524,V20260126.2,CW_DTCL_DTCR_STC,T20260321110946,51.6718507,TRUE,TRUE,TRUE,TRUE,TRUE,TRUE,TRUE,4S2RND2HBL06DS,v1.0.1,2025_12_22,315.2612,321.8955,475.5821,300.9627,296.3673,150.5918,149.9048,341.7619,334.6594,487.6594,-5.145,1.0743,-0.0001,0,-0.2293,1.5604,-0.2191,1.5538,0.6665,155.2637,151.1699,149.1387,154.4658,152.5095,0.827,0.8146,0.8427,0.7936,0.7936,0.788,0.7625,0.7941,0.7575,0.7575,0.8261,0.8159,0.8102,0.7576,0.7284,0.7324,0.7553,0.7059,0.7059,0.8236,0.98,0.8111,0.7884,0.7884,0.847,0.7638,0.7133,0.8284,0.8139,0.7748,0.7635,0.7713,0.7133,0,0,0,0,0,v1.0.1,2025_12_22,315.2536,321.971,476.7391,300.8913,296.1757,149.6959,148.7095,342,334.8478,488.7609,-5.1549,1.1638,-0.0001,0,-0.2293,1.56,-0.2192,1.5533,0.6662,161.5566,157.9834,163.4258,161.9014,161.2168,0.6842,0.6942,0.7072,0.6933,0.6842,0.6688,0.6331,0.66,0.6465,0.6331,0.6504,0.6598,0.6579,0.6326,0.5982,0.6295,0.629,0.6082,0.5982,0.694,0.386,0.6842,0.6662,0.386,0.6633,0.625,0.5915,0.6755,0.6773,0.6728,0.6783,0.6166,0.5915,0,0,0,0,0,v1.0.1,2025_12_22,313.9151,314.3302,438.9459,299.7117,300.377,183.2377,185.8525,328.9918,328.0354,444.3628,-6.0748,-5.3732,-0.0001,-0.0001,-0.2159,1.5674,-0.2135,1.5621,0.675,176.4248,175.2227,173.2266,175.9121,175.1965,0.7886,0.7109,0.8069,0.6981,0.6981,0.7551,0.6542,0.76,0.661,0.6542,0.7624,0.7675,0.7663,0.7011,0.7011,0.7395,0,0.7324,0.6689,0.6689,0,0,0,0,0,v1.0.1,2025_12_22,313.9048,314.2762,439.6379,299.5,300.2735,182.4615,184.9917,328.95,328,445.1026,-6.1384,-5.4419,-0.0001,-0.0001,-0.2165,1.5672,-0.2128,1.563,0.6752,148.0068,143.6719,142.3115,145.1924,144.7957,0.6615,0.6035,0.6772,0.6184,0.6035,0.6297,0.5674,0.6202,0.5813,0.5674,0.6181,0.6283,0.6448,0.5987,0.5987,0.589,0.479,0.5905,0.5506,0.479,0,0,0,0,0,-0.007,-0.0449,-0.0087,-0.0397,-0.0397,-0.0043,-0.0708,-0.0065,-0.0404,-0.0348,0.0028,-0.003,0.0106,-0.0064,-0.0986,-0.0877,-0.0536,-0.0336,0.0057,-0.0231,-0.0032,-0.0266,0.0105,-0.0191,-0.0032,-0.0026,-0.0418,-0.0015,-0.0175,-0.0284,-0.0048,-0.0005,-0.0021,-0.0093,-0.0663,-0.0313,-0.032,-0.0227,0.0106,0.0086,-0.0034,-0.1198,0.0118,-0.1198,-0.0939,0.0066,-0.1409,-0.0045,-0.0897,-0.0943,-0.0185,0.0032,0.0081,0.005,0.0064,-0.006,0.0068,-0.075,0.007,-0.0624,-0.0512,-0.0092,-0.0885,-0.0105,-0.0705,-0.0633,-0.0158,0.0042,0.0073,-0.0089,-0.0089,-0.0063,-0.0014,TRUE,TRUE
DTC_R_25,LanSi,1,CW_01,B,2026-03-21 11:08:54+08:00,ONLINE,FALSE,,CW_1_01,PASS,,,51.8324219,_2026032111085419101,T20260321110854,DESKTOP-P2DUL42,Loma,1,CW_1_01,1,paul di,2024.0718.155524,V20260126.2,CW_DTCL_DTCR_STC,T20260321110946,51.8324219,TRUE,TRUE,TRUE,TRUE,TRUE,TRUE,TRUE,4S2RND2HBL0DP6,v1.0.1,2025_12_22,315.0217,316.0435,475.2148,296.2222,295.2828,147.6138,149.0952,336.2381,335.8784,484.6284,-5.4014,-3.3508,-0.0001,0,-0.2226,1.5536,-0.2206,1.5472,0.6644,156.1211,153.2354,152.6963,155.7354,154.447,0.8666,0.7735,0.8633,0.7755,0.7735,0.8288,0.7277,0.822,0.7824,0.7277,0.8052,0.8032,0.809,0.8161,0.7532,0.7114,0.7784,0.7714,0.7114,0.8377,0.7905,0.8129,0.7906,0.7905,0.8379,0.7782,0.7103,0.8165,0.7955,0.7565,0.8326,0.8374,0.7103,0,0,0,0,0,v1.0.1,2025_12_22,315.0429,316.1071,476.2647,296.1103,295.2276,146.6759,148.034,336.2585,335.9735,485.6225,-5.3915,-3.3451,-0.0001,0,-0.2229,1.5539,-0.2196,1.5474,0.6647,163.2744,158.2314,166.5957,165.6992,163.4502,0.6943,0.6569,0.7132,0.6687,0.6569,0.6855,0.626,0.6726,0.6579,0.626,0.6664,0.6494,0.654,0.6524,0.6387,0.628,0.6404,0.6373,0.628,0.6863,0.6454,0.6664,0.0606,0.0606,0.6464,0.6437,0.6212,0.6674,0.6665,0.5946,0.6213,0.67,0.5946,0,0,0,0,0,v1.0.1,2025_12_22,317.1869,327.4486,441.9646,312.4602,302.6063,195.9606,188.5583,341.5833,332,455.8974,-3.0368,7.17,0,0.0001,-0.219,1.5598,-0.2089,1.5555,0.6718,176.7275,175.916,176.0518,177.5938,176.5723,0.8082,0.6264,0.8179,0.6451,0.6264,0.7771,0.6068,0.7807,0.6691,0.6068,0.7852,0.7658,0.7497,0.7496,0.7496,0.7545,0.675,0.7354,0,0.675,0,0,0,0,0,v1.0.1,2025_12_22,317.1308,327.7009,442.7965,312.3805,302.5433,195.1181,187.6583,341.725,332.0789,456.6667,-3.0584,7.2182,0,0.0001,-0.2208,1.5607,-0.2074,1.5549,0.6719,148.5391,143.2891,145.1611,146.1504,145.7849,0.6666,0.543,0.6822,0.5708,0.543,0.6388,0.5438,0.656,0.5779,0.5438,0.6337,0.6395,0.6388,0.6336,0.6336,0.612,0.5521,0.5898,0.3724,0.3724,0,0,0,0,0,-0.0019,-0.1002,-0.0134,-0.0988,-0.095,0.0121,-0.0927,0.004,-0.05,-0.089,-0.0229,-0.0078,-0.0074,-0.001,-0.0533,-0.1015,-0.0119,-0.0627,-0.0036,0.011,-0.0098,-0.0598,-0.0008,-0.0487,-0.0472,-0.0018,-0.0456,0.0067,-0.0311,-0.0399,0.0017,-0.0109,-0.0098,-0.0073,-0.0168,-0.0381,0.0127,-0.0115,0.0038,-0.0014,0.003,-0.1995,-0.0001,-0.1734,-0.1788,0.0038,-0.167,0.007,-0.114,-0.1665,0.018,-0.0116,0.0017,0.0111,0.0003,0.0117,0.0087,-0.1324,0.0085,-0.1028,-0.1149,-0.0043,-0.0978,0.0113,-0.0668,-0.0978,0.0019,-0.0079,0.0072,0.0059,0.0059,0.0092,0.0032,TRUE,TRUE
DTC_L_26,LanSi,1,CW_01,C,2026-03-21 11:44:50+08:00,ONLINE,FALSE,,CW_1_01,FAIL,SFR_VIS_25cm_Ny4_01F_ROI2_Dev,Dev,51.5415878,_2026032111445019202,T20260321114450,DESKTOP-P2DUL42,Loma,1,CW_1_01,2,paul di,2024.0718.155524,V20260126.2,CW_DTCL_DTCR_STC,T20260321114541,51.5415878,TRUE,TRUE,TRUE,TRUE,TRUE,TRUE,TRUE,4S2RND2HBL06DS,v1.0.1,2025_12_22,315.2847,322.0657,475.7388,301.1045,296.3841,150.5364,149.9384,342.2055,334.773,488.4539,-5.0762,1.3732,-0.0001,0,-0.2294,1.5605,-0.2207,1.5537,0.666,156.2891,152.5137,150.3066,155.6846,153.6985,0.8373,0.7394,0.8386,0.8008,0.7394,0.7928,0.7669,0.7915,0.7488,0.7488,0.8047,0.8111,0.8136,0.7634,0.7274,0.7282,0.7295,0.7075,0.7075,0.8123,0.98,0.8156,0.7646,0.7646,0.8348,0.7604,0.7394,0.8265,0.8197,0.7693,0.7668,0.7653,0.7394,0,0,0,0,0,v1.0.1,2025_12_22,315.2158,322.1223,476.9353,301.0647,296.2,149.6267,148.7815,342.3444,334.8623,489.4855,-5.101,1.4287,-0.0001,0,-0.229,1.5605,-0.2204,1.5534,0.6661,163.5186,159.3291,164.6875,164.5811,163.0291,0.6909,0.634,0.6927,0.6941,0.634,0.667,0.6359,0.6573,0.6461,0.6359,0.6536,0.6622,0.6499,0.6487,0.6253,0.6336,0.632,0.5993,0.5993,0.69,0.508,0.6891,0.6712,0.508,0.6499,0.6433,0.6119,0.676,0.6685,0.6686,0.6787,0.635,0.6119,0,0,0,0,0,v1.0.1,2025_12_22,313.9151,314.3302,439.1,299.7091,300.3008,183.1951,185.7273,329.2893,327.9828,444.9483,-6.0948,-5.2056,-0.0001,-0.0001,-0.2158,1.5668,-0.2157,1.563,0.6746,176.3242,175.2793,173.1533,175.9502,175.1768,0.7963,0.6186,0.8145,0.6823,0.6186,0.7452,0.6673,0.7518,0.657,0.657,0.7768,0.7559,0.7539,0.6936,0.6936,0.7249,0,0.7226,0.6509,0.6509,0,0,0,0,0,v1.0.1,2025_12_22,313.8972,314.3832,439.8304,299.6607,300.2101,182.4538,184.8,329.3917,328.0522,445.8174,-6.142,-5.1587,-0.0001,-0.0001,-0.2159,1.5669,-0.2152,1.563,0.6747,150.2393,144.9414,143.8193,147.6289,146.6572,0.6678,0.5429,0.6883,0.6019,0.5429,0.6255,0.5628,0.6215,0.5767,0.5628,0.6272,0.6117,0.6417,0.6073,0.6073,0.5837,0.5343,0.5795,0.5477,0.5343,0,0,0,0,0,0.0033,-0.1201,-0.0128,-0.0325,-0.0939,0.0005,-0.0664,-0.0091,-0.0491,-0.0435,-0.0186,-0.0078,0.014,-0.0006,-0.0996,-0.0919,-0.0794,-0.032,-0.0056,-0.0186,0.0035,-0.0868,-0.004,-0.0183,-0.0534,-0.0044,-0.039,-0.0042,-0.0179,-0.0256,-0.0016,0.0019,-0.0101,0.0068,-0.0392,-0.0272,-0.029,-0.0316,0.0066,0.0135,0.0043,-0.2121,0.0194,-0.1356,-0.1734,-0.0033,-0.1278,-0.0127,-0.0937,-0.0915,-0.0041,-0.0084,-0.0043,-0.0025,-0.0082,-0.0158,0.0131,-0.1356,0.0181,-0.0789,-0.1118,-0.0134,-0.0931,-0.0092,-0.0751,-0.0679,-0.0067,-0.0124,0.0042,-0.0003,-0.0003,-0.0116,-0.0124,TRUE,TRUE
DTC_R_26,LanSi,1,CW_01,A,2026-03-21 11:44:50+08:00,ONLINE,FALSE,,CW_1_01,PASS,,,51.4368677,_2026032111445031401,T20260321114450,DESKTOP-P2DUL42,Loma,1,CW_1_01,1,paul di,2024.0718.155524,V20260126.2,CW_DTCL_DTCR_STC,T20260321114541,51.4368677,TRUE,TRUE,TRUE,TRUE,TRUE,TRUE,TRUE,4S2RND2HBL0DP6,v1.0.1,2025_12_22,315.2222,317.1333,475.6296,297.4963,295.7034,148.7586,149.3179,337.5629,335.9456,485.8367,-5.1362,-2.1424,-0.0001,0,-0.2213,1.5549,-0.222,1.5481,0.6649,155.8193,153.0303,152.5605,155.4756,154.2214,0.8645,0.7759,0.8766,0.786,0.7759,0.8175,0.7387,0.8207,0.7714,0.7387,0.8262,0.826,0.8161,0.8174,0.7192,0.7354,0.7936,0.7695,0.7192,0.8367,0.7944,0.809,0.98,0.7944,0.8453,0.7625,0.7603,0.8209,0.8101,0.7108,0.8369,0.8507,0.7108,0,0,0,0,0,v1.0.1,2025_12_22,315.1314,317.1314,476.708,297.2336,295.4247,147.7877,148.1156,337.6939,336,486.9597,-5.2241,-2.1388,-0.0001,0,-0.222,1.5544,-0.222,1.548,0.6646,163.1045,157.8145,165.8398,165.3955,163.0386,0.6963,0.6593,0.7098,0.6746,0.6593,0.6837,0.6359,0.673,0.6494,0.6359,0.6501,0.6636,0.6494,0.6611,0.6323,0.6304,0.6244,0.6273,0.6244,0.6767,0.6495,0.6623,0.1271,0.1271,0.6462,0.6661,0.6529,0.6689,0.6497,0.5867,0.6394,0.6843,0.5867,0,0,0,0,0,v1.0.1,2025_12_22,317.1509,328.4057,442.0642,313.3761,302.696,196.816,188.5738,342.7377,332,457,-3.003,8.1671,0,0.0001,-0.2192,1.5609,-0.2105,1.5553,0.6716,178.0693,177.2002,177.3477,178.8281,177.8613,0.806,0.6255,0.8236,0.656,0.6255,0.7701,0.6152,0.7789,0.6756,0.6152,0.7778,0.7726,0.7559,0.7458,0.7458,0.7416,0.6647,0.7383,0,0.6647,0,0,0,0,0,v1.0.1,2025_12_22,317.0857,328.4762,442.8393,313.4107,302.5433,196.0236,187.6423,342.9593,332,457.8974,-3.0779,8.2535,0,0.0001,-0.2187,1.5609,-0.2109,1.5555,0.6717,148.2344,142.9795,144.5674,145.8379,145.4048,0.6653,0.5497,0.6956,0.5756,0.5497,0.6506,0.5494,0.6518,0.5788,0.5494,0.6422,0.619,0.6374,0.6337,0.619,0.5856,0.5392,0.583,0.4194,0.4194,0,0,0,0,0,-0.004,-0.0978,-0.0001,-0.0883,-0.0926,0.0008,-0.0817,0.0027,-0.061,-0.078,-0.0019,0.015,-0.0003,0.0003,-0.0873,-0.0775,0.0033,-0.0646,-0.0046,0.0071,-0.0078,-0.0574,-0.0042,-0.0428,-0.0448,-0.0036,-0.0357,0.0071,-0.0396,-0.03,-0.0146,0.0033,-0.0144,0.0014,-0.0232,-0.0357,-0.0033,-0.0215,-0.0058,-0.0055,0.0008,-0.2004,0.0056,-0.1625,-0.1797,-0.0032,-0.1586,0.0052,-0.1075,-0.1581,0.0106,-0.0048,0.0079,0.0073,-0.0126,0.0146,0.0074,-0.1257,0.0219,-0.098,-0.1082,0.0075,-0.0922,0.0071,-0.0659,-0.0922,0.0104,-0.0284,0.0058,0.006,-0.0087,-0.0172,-0.0036,TRUE,TRUE
DTC_R_27,LanSi,1,CW_01,B,2026-03-21 11:46:48+08:00,ONLINE,FALSE,,CW_1_01,PASS,,,51.723474,_2026032111464835901,T20260321114648,DESKTOP-P2DUL42,Loma,1,CW_1_01,1,paul di,2024.0718.155524,V20260126.2,CW_DTCL_DTCR_STC,T20260321114740,51.723474,TRUE,TRUE,TRUE,TRUE,TRUE,TRUE,TRUE,4S2RND2HBL0DP6,v1.0.1,2025_12_22,315.2148,316.7778,475.597,296.9925,295.6164,148.4589,149.4333,336.74,336.0268,485.3154,-5.1223,-2.6431,-0.0001,0,-0.2222,1.5544,-0.2193,1.5474,0.6651,156.0996,153.6543,153.0342,155.877,154.6663,0.8638,0.7697,0.8669,0.7852,0.7697,0.8149,0.7549,0.8191,0.785,0.7549,0.8126,0.8115,0.8249,0.8072,0.72,0.7312,0.7955,0.7827,0.72,0.8392,0.8031,0.8092,0.98,0.8031,0.8474,0.7533,0.7444,0.8088,0.7816,0.7243,0.8113,0.8438,0.7243,0,0,0,0,0,v1.0.1,2025_12_22,315.1679,316.7153,476.7353,296.8897,295.3946,147.4558,148.2808,336.9247,336.0733,486.3667,-5.1696,-2.6296,-0.0001,0,-0.2216,1.554,-0.22,1.5477,0.665,162.4521,156.918,165.2754,164.9219,162.3918,0.7058,0.6653,0.7112,0.6652,0.6652,0.679,0.6375,0.6664,0.654,0.6375,0.6479,0.6532,0.6498,0.6474,0.6049,0.6241,0.6231,0.6433,0.6049,0.6825,0.6548,0.6649,0.0833,0.0833,0.6424,0.6665,0.6306,0.6654,0.6438,0.5518,0.6295,0.6703,0.5518,0,0,0,0,0,v1.0.1,2025_12_22,317.4466,327.9903,442.1545,313.0182,302.816,196.448,188.6583,342.275,332.1062,456.3805,-2.8637,7.7224,0,0.0001,-0.219,1.5595,-0.2099,1.5566,0.6718,176.5068,176.2734,176.2695,177.7803,176.7075,0.8089,0.6151,0.8141,0.6424,0.6151,0.772,0.618,0.7602,0.6781,0.618,0.7768,0.768,0.7606,0.7608,0.7606,0.7562,0.6469,0.7299,0,0.6469,0,0,0,0,0,v1.0.1,2025_12_22,317.5,328,443,312.9455,302.6667,195.7398,187.8361,342.4262,332.3017,457.3362,-2.8391,7.7895,0,0.0001,-0.2189,1.5586,-0.2103,1.5563,0.6714,147.8887,142.3613,143.9775,145.7822,145.0024,0.6607,0.541,0.6756,0.5669,0.541,0.6329,0.5487,0.6366,0.5791,0.5487,0.6278,0.6378,0.6283,0.6296,0.6278,0.5845,0.5538,0.5646,0.2899,0.2899,0,0,0,0,0,-0.0047,-0.104,-0.0098,-0.0891,-0.0988,-0.0018,-0.0655,0.0011,-0.0474,-0.0618,-0.0155,0.0005,0.0085,-0.0099,-0.0865,-0.0817,0.0052,-0.0514,-0.0021,0.0073,0.0017,-0.0514,-0.0028,-0.0522,-0.0389,-0.0083,-0.0341,0.0005,-0.035,-0.0284,-0.0168,-0.0071,-0.014,-0.0123,-0.0506,-0.042,-0.0046,-0.0055,0,-0.0029,0.0037,-0.2108,-0.0039,-0.1761,-0.1901,-0.0013,-0.1558,-0.0135,-0.105,-0.1553,0.0096,-0.0094,0.0126,0.0223,0.002,0.0062,0.0028,-0.1344,0.0019,-0.1067,-0.1169,-0.0102,-0.0929,-0.0081,-0.0656,-0.0929,-0.004,-0.0096,-0.0033,0.0019,0.0001,-0.0183,-0.022,TRUE,TRUE
DTC_L_27,LanSi,1,CW_01,A,2026-03-21 11:46:48+08:00,ONLINE,FALSE,,CW_1_01,PASS,,,51.8511317,_2026032111464847402,T20260321114648,DESKTOP-P2DUL42,Loma,1,CW_1_01,2,paul di,2024.0718.155524,V20260126.2,CW_DTCL_DTCR_STC,T20260321114740,51.8511317,TRUE,TRUE,TRUE,TRUE,TRUE,TRUE,TRUE,4S2RND2HBL06DS,v1.0.1,2025_12_22,314.1533,323.1898,474.2612,302.9701,294.8389,152.349,148.2133,343.28,333.3235,490.0368,-6.5419,2.8651,-0.0001,0,-0.2251,1.5577,-0.22,1.5559,0.6671,155.1514,151.3965,149.001,154.1084,152.4143,0.8231,0.8065,0.8487,0.7917,0.7917,0.7747,0.7512,0.7873,0.7554,0.7512,0.8157,0.8181,0.8102,0.7755,0.7499,0.7186,0.745,0.7038,0.7038,0.8201,0.98,0.8125,0.8267,0.8125,0.8495,0.7843,0.787,0.8373,0.8222,0.8107,0.7883,0.7713,0.7713,0,0,0,0,0,v1.0.1,2025_12_22,314.1583,323.2878,475.3852,302.8741,294.6797,151.2222,147.0405,343.4189,333.6277,490.9635,-6.5217,2.8533,-0.0001,0,-0.2254,1.5576,-0.2194,1.5547,0.6669,162.7412,158.7441,164.0518,163.2266,162.1909,0.6821,0.6765,0.6971,0.692,0.6765,0.6632,0.6337,0.6619,0.6551,0.6337,0.6435,0.6539,0.6496,0.6265,0.6188,0.6057,0.6317,0.6084,0.6057,0.6725,0.4634,0.6728,0.6928,0.4634,0.6653,0.6624,0.6442,0.6685,0.6848,0.6866,0.6576,0.6468,0.6442,0,0,0,0,0,v1.0.1,2025_12_22,312.8491,315.5943,437.7168,301.4513,298.9661,184.8559,184.395,330.395,326.9569,446.1293,-7.3232,-3.8148,-0.0001,0,-0.2123,1.5645,-0.2142,1.5626,0.6752,176.2695,175.5801,173.3594,175.6328,175.2104,0.7867,0.6962,0.8039,0.6764,0.6764,0.7475,0.6558,0.7639,0.6723,0.6558,0.7714,0.7636,0.7579,0.7012,0.7012,0.7267,0,0.7397,0.7345,0.7267,0,0,0,0,0,v1.0.1,2025_12_22,312.8491,315.5943,438.5614,301.3333,298.7899,183.9748,183.479,330.4538,327,447.1026,-7.3641,-3.8082,-0.0001,0,-0.2124,1.5639,-0.2138,1.5631,0.6752,149.1562,144.2412,143.2529,146.4141,145.7661,0.6533,0.5777,0.6749,0.5891,0.5777,0.6358,0.5612,0.6266,0.5888,0.5612,0.6254,0.6432,0.6447,0.6225,0.6225,0.5938,0.5378,0.5856,0.5736,0.5378,0,0,0,0,0,-0.0109,-0.053,-0.0027,-0.0416,-0.0416,-0.0176,-0.0821,-0.0133,-0.0425,-0.0411,-0.0076,-0.0008,0.0106,0.0115,-0.0771,-0.1015,-0.0639,-0.0357,0.0022,-0.0217,-0.0053,-0.0443,0.0004,-0.0204,-0.0109,-0.0082,-0.0412,0.0004,-0.0089,-0.0278,-0.0117,-0.0064,-0.0104,-0.0154,-0.0457,-0.0551,-0.0293,-0.0225,-0.0109,-0.0028,-0.0053,-0.1345,0.0088,-0.1415,-0.1156,-0.001,-0.1393,-0.0006,-0.0784,-0.0927,-0.0095,-0.0007,-0.0003,0.0051,-0.0064,0.0013,-0.0014,-0.1008,0.0047,-0.0917,-0.077,-0.0031,-0.0947,-0.0041,-0.063,-0.0695,-0.0085,0.0191,0.0072,0.0149,0.0149,-0.0015,-0.0063,TRUE,TRUE
DTC_R_28,LanSi,1,CW_01,C,2026-03-21 11:48:41+08:00,ONLINE,FALSE,,CW_1_01,PASS,,,51.4297219,_2026032111484100201,T20260321114841,DESKTOP-P2DUL42,Loma,1,CW_1_01,1,paul di,2024.0718.155524,V20260126.2,CW_DTCL_DTCR_STC,T20260321114932,51.4297219,TRUE,TRUE,TRUE,TRUE,TRUE,TRUE,TRUE,4S2RND2HBL0DP6,v1.0.1,2025_12_22,315.1691,316.7647,475.6765,296.9632,295.6781,148.411,149.3987,337.1699,335.9404,487.702,-5.1274,-2.0978,-0.0001,0,-0.2222,1.555,-0.222,1.5494,0.665,156.5391,153.7236,153.5654,156.2412,155.0173,0.8686,0.7684,0.8736,0.8192,0.7684,0.8102,0.7501,0.819,0.8173,0.7501,0.8151,0.8107,0.7998,0.8217,0.7147,0.7254,0.7946,0.8164,0.7147,0.8501,0.795,0.8011,0.98,0.795,0.8514,0.7709,0.7585,0.831,0.7977,0.681,0.8595,0.8427,0.681,0,0,0,0,0,v1.0.1,2025_12_22,315.1511,316.8489,476.7591,296.8467,295.4558,147.4014,148.2517,337.3046,336.0385,488.75,-5.1688,-2.0697,-0.0001,0,-0.2226,1.5546,-0.2214,1.5494,0.665,163.9033,158.9922,167.2998,166.3828,164.1445,0.7119,0.6546,0.7112,0.6934,0.6546,0.6803,0.649,0.6775,0.6833,0.649,0.6508,0.6382,0.6529,0.6531,0.6195,0.6306,0.6391,0.6445,0.6195,0.6813,0.6714,0.6602,0.1016,0.1016,0.6563,0.6488,0.6453,0.6781,0.6474,0.5875,0.6588,0.6668,0.5875,0,0,0,0,0,v1.0.1,2025_12_22,317.463,328.1852,442.2342,313.1261,302.8583,196.4252,188.6098,342.6098,332.0769,458.1709,-2.8516,8.2034,0,0.0001,-0.2196,1.5599,-0.211,1.5583,0.6719,177.1475,176.6348,176.7646,178.4502,177.2493,0.8074,0.6256,0.8224,0.6997,0.6256,0.7658,0.6008,0.7797,0.7316,0.6008,0.7842,0.7759,0.7577,0.7492,0.7492,0.7415,0.6783,0.7333,0,0.6783,0,0,0,0,0,v1.0.1,2025_12_22,317.2991,328.271,443,313,302.7419,195.6613,187.813,342.7317,332.0609,459.0783,-2.917,8.2485,0,0.0001,-0.2204,1.5609,-0.2107,1.5579,0.6719,149.2432,144.1777,145.9873,147.0674,146.6189,0.6732,0.5612,0.6784,0.5939,0.5612,0.6387,0.5361,0.6476,0.6137,0.5361,0.6402,0.6425,0.6433,0.6434,0.6402,0.5888,0.5446,0.59,0.3271,0.3271,0,0,0,0,0,0.0001,-0.1053,-0.0031,-0.0551,-0.1001,-0.0065,-0.0703,0.001,-0.0151,-0.0666,-0.013,-0.0003,-0.0166,0.0046,-0.0918,-0.0875,0.0043,-0.0177,0.0088,-0.0008,0.0078,-0.0621,-0.0028,-0.024,-0.0495,-0.007,-0.0226,0.0116,-0.0057,-0.0169,-0.0139,-0.0221,-0.0109,-0.0066,-0.036,-0.0355,0.0114,-0.0043,-0.0012,-0.0076,0.0022,-0.2003,0.0044,-0.1188,-0.1796,-0.0075,-0.173,0.006,-0.0515,-0.1725,0.017,-0.0015,0.0097,0.0107,-0.0127,0.0096,0.0153,-0.1142,0.0047,-0.0797,-0.0967,-0.0044,-0.1055,0.0029,-0.031,-0.1055,0.0084,-0.0049,0.0117,0.0157,0.0125,-0.014,0.0034,TRUE,TRUE
DTC_L_28,LanSi,1,CW_01,B,2026-03-21 11:48:41+08:00,ONLINE,FALSE,,CW_1_01,PASS,,,51.5833111,_2026032111484113102,T20260321114841,DESKTOP-P2DUL42,Loma,1,CW_1_01,2,paul di,2024.0718.155524,V20260126.2,CW_DTCL_DTCR_STC,T20260321114932,51.5833111,TRUE,TRUE,TRUE,TRUE,TRUE,TRUE,TRUE,4S2RND2HBL06DS,v1.0.1,2025_12_22,313.8963,323.3556,474.0217,302.9565,294.4868,151.5461,147.7105,343.3816,333.0576,490.0719,-6.8654,2.7623,-0.0001,0,-0.2262,1.5578,-0.2194,1.5558,0.667,155.209,151.083,148.8662,154.1963,152.3386,0.8283,0.8012,0.8445,0.7874,0.7874,0.7826,0.7348,0.7998,0.7511,0.7348,0.814,0.8117,0.8191,0.7676,0.7495,0.7157,0.7409,0.6993,0.6993,0.8252,0.5235,0.8135,0.819,0.5235,0.8537,0.7636,0.7546,0.8795,0.8302,0.821,0.7806,0.7732,0.7546,0,0,0,0,0,v1.0.1,2025_12_22,313.8705,323.3165,475.0851,302.766,294.457,150.6689,146.6974,343.5197,333.2158,491.1223,-6.8348,2.7787,-0.0001,0,-0.2263,1.5583,-0.2198,1.5555,0.6669,163.6572,159.2734,164.9268,164.2061,163.0159,0.6844,0.6897,0.6984,0.6977,0.6844,0.656,0.623,0.6547,0.6574,0.623,0.6359,0.6515,0.6458,0.6446,0.6083,0.6267,0.6268,0.6167,0.6083,0.6757,0.5227,0.6629,0.6772,0.5227,0.6629,0.6527,0.6335,0.6825,0.6853,0.6802,0.6775,0.6345,0.6335,0,0,0,0,0,v1.0.1,2025_12_22,312.6636,315.5818,437.5478,301.3826,298.6532,184.0726,184,330.4127,326.5462,446.3697,-7.6178,-3.9361,-0.0001,0,-0.2127,1.5641,-0.2142,1.5645,0.6754,176.2949,175.4111,173.1426,175.5693,175.1045,0.7963,0.6879,0.8053,0.6844,0.6844,0.7447,0.6248,0.7627,0.6647,0.6248,0.7793,0.7722,0.7654,0.6984,0.6984,0.731,0,0.732,0.7152,0.7152,0,0,0,0,0,v1.0.1,2025_12_22,312.6422,315.5321,438.487,301.313,298.5462,183.4118,183.187,330.5285,326.6917,447.175,-7.5892,-3.9079,-0.0001,0,-0.212,1.564,-0.2148,1.564,0.6753,150.1172,144.6367,144.1221,147.3809,146.5642,0.6515,0.579,0.6792,0.598,0.579,0.6301,0.5467,0.6337,0.5895,0.5467,0.6481,0.626,0.6307,0.6237,0.6237,0.5909,0.5028,0.5767,0.5881,0.5028,0,0,0,0,0,-0.0057,-0.0583,-0.0069,-0.0459,-0.0459,-0.0097,-0.0985,-0.0008,-0.0468,-0.0575,-0.0093,-0.0072,0.0195,0.0036,-0.0775,-0.1044,-0.068,-0.0402,0.0073,-0.0207,-0.003,-0.0311,0.0017,-0.0147,-0.003,-0.0154,-0.0519,-0.0068,-0.0066,-0.0385,-0.0193,-0.0088,-0.0142,0.0027,-0.0562,-0.0341,-0.0342,-0.0142,-0.0077,-0.0127,0.0043,-0.1428,0.0102,-0.1335,-0.1076,-0.0038,-0.1703,-0.0018,-0.086,-0.1237,-0.0016,0.0079,0.0072,0.0023,-0.0021,-0.0064,-0.0032,-0.0995,0.009,-0.0828,-0.0757,-0.0088,-0.1092,0.003,-0.0623,-0.084,0.0142,0.0019,-0.0068,0.0161,0.0161,-0.0044,-0.0152,TRUE,TRUE
DTC_R_29,LanSi,1,CW_01,A,2026-03-21 11:51:30+08:00,ONLINE,FALSE,,CW_1_01,PASS,,,51.2820303,_2026032111513081201,T20260321115130,DESKTOP-P2DUL42,Loma,1,CW_1_01,1,paul di,2024.0718.155524,V20260126.2,CW_DTCL_DTCR_STC,T20260321115222,51.2820303,TRUE,TRUE,TRUE,TRUE,TRUE,TRUE,TRUE,4S2RND2HBL0DP6,v1.0.1,2025_12_22,315,316.0863,474.7778,296.1333,295.12,146.6333,149.2303,336.5658,335.2838,485.8378,-5.6176,-3.2487,-0.0001,0,-0.2237,1.5535,-0.2224,1.5514,0.6647,154.916,151.835,151.6963,154.6299,153.2693,0.8715,0.8282,0.8747,0.8312,0.8282,0.8252,0.7514,0.8117,0.7783,0.7514,0.8171,0.8089,0.8237,0.8153,0.7469,0.7349,0.7423,0.6936,0.6936,0.8232,0.8256,0.8001,0.98,0.8001,0.8448,0.7476,0.76,0.8134,0.7982,0.8305,0.7325,0.8465,0.7325,0,0,0,0,0,v1.0.1,2025_12_22,315,316.1277,475.9568,296,295,145.723,148.0336,336.6913,335.5068,486.8425,-5.6006,-3.2231,-0.0001,0,-0.2239,1.5534,-0.222,1.5507,0.6646,163.3262,157.8662,166.7656,165.9639,163.4805,0.7087,0.6929,0.7103,0.7049,0.6929,0.6756,0.6417,0.6662,0.647,0.6417,0.6438,0.6532,0.6556,0.6479,0.6431,0.6354,0.6194,0.5868,0.5868,0.6894,0.6577,0.6652,0.4032,0.4032,0.6594,0.649,0.6414,0.6792,0.6631,0.6346,0.6253,0.6773,0.6253,0,0,0,0,0,v1.0.1,2025_12_22,317.0374,327.6449,441.5702,312.4298,302.3937,195.0394,188.4113,342.0968,331.7414,456.75,-3.2692,7.2922,0,0.0001,-0.2211,1.5603,-0.2114,1.5569,0.6712,176.4756,175.7314,176.1797,177.6406,176.5068,0.8108,0.7185,0.8159,0.7093,0.7093,0.7624,0.6637,0.7766,0.6714,0.6637,0.7638,0.7641,0.7675,0.7494,0.7494,0.67,0.6568,0.7276,0,0.6568,0,0,0,0,0,v1.0.1,2025_12_22,317.0849,327.6698,442.5221,312.4513,302.3902,194.187,187.5,342.3333,331.8142,457.5487,-3.2377,7.338,0,0.0001,-0.2202,1.5606,-0.2122,1.5574,0.6714,148.6621,143.2861,145.252,146.4131,145.9033,0.677,0.6035,0.6784,0.6202,0.6035,0.6407,0.5749,0.6535,0.5799,0.5749,0.632,0.6303,0.6458,0.6149,0.6149,0.537,0.535,0.5901,0.3439,0.3439,0,0,0,0,0,0.003,-0.0455,-0.002,-0.0431,-0.0403,0.0085,-0.069,-0.0063,-0.0541,-0.0653,-0.011,-0.0021,0.0073,-0.0018,-0.0596,-0.078,-0.048,-0.1405,-0.0181,-0.0018,0.0046,-0.0238,-0.0037,-0.0125,-0.0112,-0.0117,-0.0299,0.0003,-0.042,-0.0242,-0.0209,-0.0071,-0.0082,-0.0118,-0.0124,-0.0307,-0.0083,-0.062,0.0069,-0.0026,0.0056,-0.1074,-0.0021,-0.1092,-0.0959,-0.0109,-0.1101,0.0029,-0.1117,-0.1096,-0.0034,-0.0133,0.0195,0.0109,-0.0842,0.0039,0.0191,-0.0719,0.0047,-0.0534,-0.0544,-0.0024,-0.0667,0.0088,-0.0648,-0.0667,0.0002,-0.0171,0.0142,-0.0128,-0.0128,-0.0658,0.0035,TRUE,TRUE
DTC_L_29,LanSi,1,CW_01,C,2026-03-21 11:51:30+08:00,ONLINE,FALSE,,CW_1_01,PASS,,,51.176313,_2026032111513092802,T20260321115130,DESKTOP-P2DUL42,Loma,1,CW_1_01,2,paul di,2024.0718.155524,V20260126.2,CW_DTCL_DTCR_STC,T20260321115222,51.176313,TRUE,TRUE,TRUE,TRUE,TRUE,TRUE,TRUE,4S2RND2HBL06DS,v1.0.1,2025_12_22,313.9343,323.0292,473.9712,302.3957,294.5621,150.7974,147.7838,343.0541,333.0643,490.3,-6.8369,2.4153,-0.0001,0,-0.2277,1.5583,-0.2194,1.5564,0.6669,156.2197,152.3779,150.2207,155.0986,153.4792,0.8182,0.8055,0.8381,0.7843,0.7843,0.7736,0.7624,0.8013,0.7655,0.7624,0.8163,0.7982,0.8178,0.7751,0.7559,0.7406,0.7469,0.716,0.716,0.817,0.3627,0.832,0.8166,0.3627,0.8488,0.7413,0.7479,0.8453,0.8382,0.8182,0.8047,0.7712,0.7413,0,0,0,0,0,v1.0.1,2025_12_22,313.9143,323.0214,474.9929,302.1857,294.3822,149.9363,146.5789,343.2105,333.15,491.3357,-6.8963,2.4379,-0.0001,0,-0.2281,1.5579,-0.2196,1.5565,0.6667,163.7734,159.1602,164.8301,164.1465,162.9775,0.676,0.6844,0.6972,0.6947,0.676,0.6593,0.6426,0.6573,0.6524,0.6426,0.6334,0.6418,0.6503,0.6455,0.6294,0.6342,0.6262,0.6168,0.6168,0.685,0.4744,0.6674,0.687,0.4744,0.6563,0.6262,0.606,0.6733,0.6766,0.672,0.6761,0.6411,0.606,0,0,0,0,0,v1.0.1,2025_12_22,312.6389,315.2593,437.531,300.8496,298.7131,183.7541,184.1129,330.0484,326.5,446.3898,-7.6008,-4.2398,-0.0001,0,-0.2144,1.5648,-0.214,1.565,0.6753,176.2119,175.2295,173.0146,175.4678,174.981,0.7874,0.6926,0.7982,0.666,0.666,0.7483,0.6544,0.7522,0.6762,0.6544,0.782,0.7678,0.7667,0.6988,0.6988,0.7334,0,0.7318,0.7251,0.7251,0,0,0,0,0,v1.0.1,2025_12_22,312.5943,315.1604,438.4,300.7043,298.5902,182.8607,183.3252,330.187,326.7311,447.1429,-7.5718,-4.289,-0.0001,0,-0.2139,1.5648,-0.2152,1.5636,0.6748,150.2402,144.9873,144.165,147.502,146.7236,0.6573,0.5931,0.6783,0.6022,0.5931,0.6337,0.57,0.6237,0.5827,0.57,0.6249,0.6385,0.6369,0.6093,0.6093,0.5869,0.5091,0.5829,0.5934,0.5091,0,0,0,0,0,-0.0158,-0.054,-0.0133,-0.049,-0.049,-0.0187,-0.0709,0.0007,-0.0324,-0.0299,-0.007,-0.0207,0.0182,0.0111,-0.0711,-0.0795,-0.062,-0.0235,-0.0009,-0.0022,-0.0114,-0.0364,0.0005,-0.0177,-0.0114,-0.0121,-0.0323,-0.0042,-0.0116,-0.0189,-0.0218,-0.0185,-0.0097,0.0036,-0.0351,-0.0266,-0.0348,-0.0141,0.0016,-0.0082,-0.0046,-0.1381,0.0031,-0.1519,-0.126,-0.0002,-0.1407,-0.0123,-0.0745,-0.0941,0.0011,0.0035,0.0085,0.0027,0.0003,-0.0066,0.0026,-0.0854,0.0081,-0.0786,-0.0616,-0.0052,-0.0859,-0.007,-0.0691,-0.0607,-0.009,0.0144,-0.0006,0.0017,0.0017,-0.0084,-0.009,TRUE,TRUE
DTC_R_30,LanSi,1,CW_01,B,2026-03-21 13:40:25+08:00,ONLINE,FALSE,,CW_1_01,PASS,,,51.5285163,_2026032113402513601,T20260321134025,DESKTOP-P2DUL42,Loma,1,CW_1_01,1,paul di,2024.0718.155524,V20260126.2,CW_DTCL_DTCR_STC,T20260321134116,51.5285163,TRUE,TRUE,TRUE,TRUE,TRUE,TRUE,TRUE,4S2RND2HBL0DP6,v1.0.1,2025_12_22,315.2993,317.635,475.6963,298.0815,295.5986,148.8231,149.5724,337.7829,336.1812,485.6779,-5.0304,-1.8999,-0.0001,0,-0.2208,1.5541,-0.2205,1.5466,0.6649,155.0938,152.2295,151.9883,155.0225,153.5835,0.8709,0.7918,0.8661,0.7769,0.7769,0.8155,0.7463,0.8245,0.7512,0.7463,0.8294,0.8085,0.8004,0.8103,0.7297,0.7292,0.7849,0.7441,0.7292,0.8447,0.8028,0.798,0.98,0.798,0.8379,0.7661,0.7561,0.8277,0.7984,0.7586,0.8457,0.8503,0.7561,0,0,0,0,0,v1.0.1,2025_12_22,315.3571,317.5714,476.8286,297.9857,295.2708,147.7847,148.3129,337.9592,336.2215,486.745,-5.1018,-1.8908,-0.0001,0,-0.2202,1.5525,-0.2209,1.5476,0.6647,162.168,157.2031,165.5605,165.0088,162.4851,0.6948,0.6646,0.7098,0.6711,0.6646,0.6726,0.6348,0.6633,0.646,0.6348,0.6525,0.6567,0.655,0.6526,0.6292,0.6467,0.6303,0.6268,0.6268,0.6735,0.6513,0.662,0.0882,0.0882,0.6431,0.6397,0.649,0.6607,0.6641,0.5833,0.6401,0.6667,0.5833,0,0,0,0,0,v1.0.1,2025_12_22,317.5524,328.8762,442.2545,314,302.8293,196.9187,188.813,343.2358,332.2564,456.9487,-2.7589,8.4959,0,0.0001,-0.2182,1.5592,-0.2106,1.556,0.6716,177.0928,176.6719,176.8594,178.4922,177.2791,0.7975,0.6426,0.8093,0.618,0.618,0.7664,0.6251,0.7712,0.6394,0.6251,0.7748,0.7727,0.7724,0.7425,0.7425,0.7535,0.6655,0.7336,0,0.6655,0,0,0,0,0,v1.0.1,2025_12_22,317.5,329,443.1545,314.0182,302.6532,196.0726,188,343.4127,332.4957,457.6522,-2.7393,8.5311,0,0.0001,-0.2182,1.5591,-0.2103,1.5542,0.6712,147.585,142.666,144.2627,145.2012,144.9287,0.6627,0.5645,0.6693,0.5555,0.5555,0.6428,0.5521,0.6461,0.5535,0.5521,0.6374,0.6357,0.637,0.6391,0.6357,0.6018,0.5498,0.5732,0.3079,0.3079,0,0,0,0,0,0.0024,-0.0819,-0.0106,-0.0974,-0.0916,-0.0012,-0.0741,0.0065,-0.0812,-0.0704,0.0013,-0.0025,-0.016,-0.0068,-0.0768,-0.0837,-0.0054,-0.09,0.0034,-0.0039,-0.0093,-0.0521,-0.0042,-0.0463,-0.0395,-0.0147,-0.0368,-0.0026,-0.043,-0.0311,-0.0122,-0.0036,-0.0088,-0.0071,-0.0263,-0.0194,0.0026,-0.022,-0.009,-0.0058,-0.0077,-0.1833,-0.0087,-0.2005,-0.1872,-0.0069,-0.1487,-0.0025,-0.1437,-0.1482,0.0076,-0.0047,0.0244,0.004,-0.0007,0.0099,0.0048,-0.1109,-0.0044,-0.1181,-0.1024,-0.0003,-0.0895,0.0014,-0.0912,-0.0895,0.0056,-0.0117,0.0054,0.0114,0.008,-0.001,-0.0134,TRUE,TRUE
DTC_L_30,LanSi,1,CW_01,A,2026-03-21 13:40:25+08:00,ONLINE,FALSE,,CW_1_01,PASS,,,51.7738602,_2026032113402513302,T20260321134025,DESKTOP-P2DUL42,Loma,1,CW_1_01,2,paul di,2024.0718.155524,V20260126.2,CW_DTCL_DTCR_STC,T20260321134116,51.7738602,TRUE,TRUE,TRUE,TRUE,TRUE,TRUE,TRUE,4S2RND2HBL06DS,v1.0.1,2025_12_22,314.3235,324.0368,474.4511,303.8346,294.9608,153.3922,148.3176,343.8514,333.6594,489.6594,-6.3575,3.4549,-0.0001,0,-0.225,1.5573,-0.2183,1.5541,0.667,156.2461,151.9785,150.1279,155.3223,153.4187,0.8326,0.8006,0.838,0.7916,0.7916,0.7768,0.7622,0.8123,0.7321,0.7321,0.8302,0.7961,0.8189,0.7616,0.7479,0.7115,0.7489,0.7091,0.7091,0.8116,0.3336,0.822,0.8359,0.3336,0.838,0.773,0.756,0.8368,0.8231,0.8202,0.7764,0.7766,0.756,0,0,0,0,0,v1.0.1,2025_12_22,314.292,324,475.5857,303.6214,294.88,152.3667,147.0897,344.0207,333.766,490.7021,-6.3773,3.4422,-0.0001,0,-0.2252,1.5577,-0.2187,1.554,0.667,162.2637,157.5908,163.8887,163.002,161.6863,0.686,0.6843,0.6993,0.6929,0.6843,0.653,0.6346,0.6548,0.6394,0.6346,0.6545,0.6352,0.6493,0.6369,0.6295,0.6334,0.6181,0.6073,0.6073,0.6705,0.4881,0.6628,0.6801,0.4881,0.6546,0.6535,0.6442,0.6828,0.6756,0.678,0.6579,0.6311,0.6311,0,0,0,0,0,v1.0.1,2025_12_22,313,316.3962,437.973,302.2072,299.1271,185.8305,184.5917,331.0167,327.0086,446.1552,-7.1599,-3.1788,-0.0001,0,-0.2125,1.5644,-0.2129,1.5627,0.6754,176.3779,175.0674,173.4238,175.5938,175.1157,0.7886,0.6938,0.8065,0.6688,0.6688,0.746,0.6594,0.7666,0.668,0.6594,0.7783,0.7484,0.7635,0.706,0.706,0.7281,0,0.7298,0.7235,0.7235,0,0,0,0,0,v1.0.1,2025_12_22,312.9626,316.3551,438.7658,302.0721,299,184.8974,183.6721,331.1721,327.0609,447.0261,-7.2077,-3.1954,-0.0001,0,-0.2125,1.5645,-0.2136,1.5628,0.6753,148.8809,143.6094,143.124,146.4375,145.5129,0.6539,0.5907,0.6777,0.5981,0.5907,0.6245,0.5626,0.6261,0.5697,0.5626,0.651,0.6054,0.6531,0.6148,0.6054,0.589,0.5339,0.5937,0.5689,0.5339,0,0,0,0,0,-0.0014,-0.0589,-0.0134,-0.0417,-0.0417,-0.0155,-0.0711,0.0117,-0.0658,-0.0602,0.0069,-0.0228,0.0193,-0.0024,-0.0791,-0.1086,-0.06,-0.0304,-0.0063,-0.0122,-0.0014,-0.0365,0.0026,-0.0195,-0.0031,-0.0184,-0.0403,-0.0067,-0.0246,-0.0269,-0.0007,-0.0251,-0.0107,-0.005,-0.035,-0.0274,-0.0429,-0.0236,-0.0129,-0.0128,-0.0034,-0.1369,0.0114,-0.1491,-0.1232,-0.0025,-0.1357,0.0021,-0.0827,-0.0891,-0.0026,-0.0159,0.0053,0.0099,-0.005,-0.0086,-0.0008,-0.0878,0.0075,-0.0827,-0.064,-0.0144,-0.0933,-0.0046,-0.0821,-0.0681,0.0171,-0.0187,0.0156,0.0072,-0.0022,-0.0063,0.0018,TRUE,TRUE
DTC_L_31,LanSi,1,CW_01,B,2026-03-21 14:02:38+08:00,ONLINE,FALSE,,CW_1_01,PASS,,,51.6411334,_2026032114023845602,T20260321140238,DESKTOP-P2DUL42,Loma,1,CW_1_01,2,paul di,2024.0718.155524,V20260126.2,CW_DTCL_DTCR_STC,T20260321140330,51.6411334,TRUE,TRUE,TRUE,TRUE,TRUE,TRUE,TRUE,4S2RND2HBL06DS,v1.0.1,2025_12_22,315.1765,322.8529,475.6963,302.0815,296.1133,152.0333,149.894,342.5364,334.4179,488.0373,-5.2404,2.0083,-0.0001,0,-0.2282,1.5591,-0.218,1.5543,0.6668,156.1162,151.8701,150.0049,154.9297,153.2302,0.8306,0.8072,0.8495,0.7881,0.7881,0.7873,0.7642,0.7982,0.7396,0.7396,0.8202,0.8103,0.8207,0.7807,0.7471,0.7206,0.7384,0.6948,0.6948,0.8056,0.98,0.8226,0.7651,0.7651,0.8479,0.7209,0.7195,0.8249,0.8235,0.7695,0.7729,0.7738,0.7195,0,0,0,0,0,v1.0.1,2025_12_22,315.0791,322.8633,476.7153,301.9343,296.04,150.98,148.7667,342.6533,334.6815,489.037,-5.2435,1.9936,-0.0001,0,-0.2282,1.56,-0.2179,1.5529,0.6667,163.0557,159.0059,164.7598,163.8887,162.6775,0.6923,0.6888,0.6968,0.6844,0.6844,0.667,0.6396,0.6641,0.6388,0.6388,0.6432,0.657,0.6491,0.6275,0.6314,0.6109,0.6286,0.5954,0.5954,0.6858,0.4815,0.6816,0.6445,0.4815,0.6547,0.6423,0.6082,0.6777,0.663,0.6599,0.6592,0.6382,0.6082,0,0,0,0,0,v1.0.1,2025_12_22,313.8544,315.068,438.8198,300.6757,300.25,184.3083,186.0325,329.6504,327.9569,444.8707,-6.1173,-4.5854,-0.0001,0,-0.2141,1.5666,-0.2131,1.5621,0.6754,175.9453,175.3252,173.5205,175.5273,175.0796,0.7837,0.708,0.7888,0.6863,0.6863,0.7422,0.66,0.7526,0.6439,0.6439,0.7659,0.7733,0.7572,0.7063,0.7063,0.718,0,0.7294,0.6549,0.6549,0,0,0,0,0,v1.0.1,2025_12_22,313.767,315,439.6174,300.5478,300.0431,183.681,185.082,329.6967,327.9646,445.6372,-6.2052,-4.5874,-0.0001,0,-0.2138,1.5662,-0.2132,1.562,0.6753,149.5889,144.7178,143.6328,146.9424,146.2205,0.648,0.6019,0.6615,0.5953,0.5953,0.6082,0.5654,0.6207,0.5604,0.5604,0.6256,0.6438,0.6369,0.6236,0.6236,0.5836,0.504,0.585,0.546,0.504,0,0,0,0,0,-0.0034,-0.0523,-0.0019,-0.0452,-0.0452,-0.005,-0.0691,-0.0024,-0.0583,-0.0527,-0.0031,-0.0086,0.0211,0.0167,-0.0799,-0.0995,-0.0705,-0.0447,-0.0123,-0.0116,0.0049,-0.032,0.0001,-0.028,-0.003,-0.0044,-0.0353,0.0026,-0.0252,-0.0227,-0.012,-0.0033,-0.0109,-0.0144,-0.0331,-0.0499,-0.0324,-0.0355,0.0024,0.006,-0.0083,-0.1227,-0.0063,-0.1316,-0.1057,-0.0063,-0.1351,-0.0119,-0.1068,-0.1046,-0.015,0.009,-0.001,0.0102,-0.0151,-0.009,-0.0067,-0.0766,-0.0087,-0.0855,-0.0594,-0.0307,-0.0905,-0.01,-0.0914,-0.0703,-0.0083,0.0197,-0.0006,0.016,0.016,-0.0117,-0.0069,TRUE,TRUE
DTC_R_31,LanSi,1,CW_01,A,2026-03-21 14:04:46+08:00,ONLINE,FALSE,,CW_1_01,PASS,,,42.3674416,_2026032114044606101,T20260321140446,DESKTOP-P2DUL42,Loma,1,CW_1_01,1,paul di,2024.0718.155524,V20260126.2,CW_DTCL_DTCR_STC,T20260321140528,42.3674416,TRUE,TRUE,TRUE,TRUE,TRUE,TRUE,TRUE,4S2RND2HBL0DP6,v1.0.1,2025_12_22,315.1679,317.7153,475.7185,298.0593,295.517,149.2857,149.5667,337.9467,336,484.723,-5.106,-1.954,-0.0001,0,-0.2213,1.5541,-0.2211,1.5462,0.6645,155.1436,152.2842,151.8438,154.3604,153.408,0.8486,0.7877,0.8674,0.77,0.77,0.8147,0.7376,0.8269,0.7277,0.7277,0.8138,0.8202,0.8118,0.8073,0.727,0.7347,0.7487,0.7171,0.7171,0.8387,0.8103,0.808,0.2361,0.2361,0.8325,0.7697,0.7571,0.8136,0.7915,0.6868,0.8355,0.8438,0.6868,0,0,0,0,0,v1.0.1,2025_12_22,315.2,317.5857,476.8723,298,295.2905,148.2973,148.3514,338.0676,336.1284,485.777,-5.1315,-1.9545,-0.0001,0,-0.22,1.5532,-0.2216,1.5465,0.6645,163.6133,158.541,166.8711,165.8818,163.7268,0.688,0.6695,0.7084,0.6663,0.6663,0.6858,0.6393,0.6792,0.6262,0.6262,0.6615,0.6449,0.6544,0.6592,0.6249,0.6336,0.6094,0.6085,0.6085,0.6833,0.6618,0.6695,0.0868,0.0868,0.6491,0.6647,0.6449,0.6692,0.6587,0.5858,0.6377,0.675,0.5858,0,0,0,0,0,v1.0.1,2025_12_22,317.5,329,442.3727,314.1182,302.748,197.0244,188.856,343.392,332.2613,456.3423,-2.7524,8.4754,0,0.0001,-0.2181,1.559,-0.2109,1.5549,0.6712,177.1494,176.6582,176.4844,177.876,177.042,0.7816,0.6327,0.8146,0.6106,0.6106,0.7621,0.6292,0.7736,0.6063,0.6063,0.78,0.7613,0.7493,0.736,0.736,0.7504,0.651,0.7372,0,0.651,0,0,0,0,0,v1.0.1,2025_12_22,317.5,329,443.1875,314.0982,302.672,196.256,188.0407,343.4715,332.2018,457.0614,-2.7796,8.4774,0,0.0001,-0.2175,1.559,-0.2108,1.556,0.6717,148.8477,143.626,145.0967,146.2432,145.9534,0.662,0.5536,0.6764,0.5485,0.5485,0.6348,0.5521,0.6416,0.5324,0.5324,0.6369,0.6362,0.6397,0.6242,0.6242,0.5973,0.5385,0.5865,0.2953,0.2953,0,0,0,0,0,-0.0199,-0.086,-0.0093,-0.1043,-0.0985,-0.002,-0.0828,0.0089,-0.1047,-0.089,-0.0143,0.0092,-0.0046,-0.0098,-0.0795,-0.0782,-0.0416,-0.117,-0.0026,0.0061,-0.0161,-0.0472,-0.0056,-0.0511,-0.0378,-0.0015,-0.0323,0.0133,-0.0628,-0.0397,-0.0032,-0.0154,-0.0094,-0.0005,-0.0306,-0.0325,-0.0183,-0.0403,0.0008,0.0017,-0.0236,-0.1932,-0.0034,-0.2079,-0.1946,-0.0112,-0.1446,-0.0001,-0.1768,-0.167,0.0128,-0.0161,0.0013,-0.0025,-0.0038,0.0135,0.0041,-0.1218,0.0027,-0.1251,-0.1094,-0.0083,-0.0895,-0.0031,-0.1123,-0.1092,0.0051,-0.0112,0.0081,-0.0035,-0.0035,-0.0055,-0.0001,TRUE,TRUE
DTC_R_32,LanSi,1,CW_01,B,2026-03-21 14:06:10+08:00,ONLINE,FALSE,,CW_1_01,PASS,,,51.5145617,_2026032114061057401,T20260321140610,DESKTOP-P2DUL42,Loma,1,CW_1_01,1,paul di,2024.0718.155524,V20260126.2,CW_DTCL_DTCR_STC,T20260321140702,51.5145617,TRUE,TRUE,TRUE,TRUE,TRUE,TRUE,TRUE,4S2RND2HBL0DP6,v1.0.1,2025_12_22,315.0827,316.6992,475.2612,296.8955,295.1233,148.1301,149.1918,336.8973,335.8792,484.0805,-5.3924,-2.9595,-0.0001,0,-0.2225,1.5524,-0.2206,1.5467,0.664,153.7275,152.0615,151.8174,153.5723,152.7947,0.8648,0.7874,0.8685,0.7711,0.7711,0.8173,0.7632,0.8211,0.7522,0.7522,0.8312,0.8113,0.8111,0.7883,0.7206,0.7356,0.7793,0.7629,0.7206,0.8157,0.7993,0.7968,0.4393,0.4393,0.8502,0.7725,0.7578,0.8254,0.7812,0.9085,0.8285,0.8557,0.7578,0,0,0,0,0,v1.0.1,2025_12_22,315.1232,316.7319,476.2993,296.854,295.0897,147.0966,148,337,335.8844,485.1769,-5.4207,-2.9281,-0.0001,0,-0.2222,1.5527,-0.2202,1.5476,0.6645,161.9375,156.8477,165.1494,164.8164,162.1877,0.7008,0.6712,0.7085,0.6685,0.6685,0.6782,0.6473,0.6725,0.6471,0.6471,0.6569,0.6486,0.6526,0.6603,0.625,0.6357,0.6245,0.6391,0.6245,0.6472,0.6726,0.6687,0.1548,0.1548,0.6565,0.6456,0.6434,0.6637,0.6403,0.5129,0.6277,0.6746,0.5129,0,0,0,0,0,v1.0.1,2025_12_22,317.1524,328,441.9182,312.8727,302.4803,196.0472,188.4545,342.3058,331.964,455.5405,-3.1061,7.4533,0,0.0001,-0.2201,1.5595,-0.2102,1.5547,0.671,175.6299,176.2539,176.5166,177.0098,176.3525,0.81,0.6456,0.8185,0.6244,0.6244,0.775,0.6386,0.7799,0.6388,0.6386,0.7577,0.7666,0.7625,0.7497,0.7497,0.7191,0.6717,0.7343,0,0.6717,0,0,0,0,0,v1.0.1,2025_12_22,317.1524,328,442.7273,312.8364,302.4516,195.2177,187.521,342.4538,331.964,456.4595,-3.1368,7.4935,0,0.0001,-0.2197,1.56,-0.2105,1.5555,0.6713,146.9385,141.8848,143.8975,145.4209,144.5354,0.6671,0.5655,0.6827,0.5552,0.5552,0.6415,0.5555,0.6498,0.5571,0.5555,0.6237,0.6454,0.6474,0.6393,0.6237,0.5696,0.5444,0.5865,0.3397,0.3397,0,0,0,0,0,-0.0037,-0.0863,-0.0082,-0.1032,-0.0974,0.0006,-0.0572,0.0031,-0.0802,-0.0645,0.0031,0.0003,-0.0053,-0.0288,-0.0859,-0.0773,-0.011,-0.0712,-0.0256,-0.0051,-0.0033,-0.0455,-0.0055,-0.0489,-0.0356,-0.0091,-0.0243,0.0066,-0.0419,-0.0188,-0.0078,-0.0117,-0.0112,0.0006,-0.0305,-0.0304,-0.0032,-0.0097,-0.0353,0.0009,0.0048,-0.1803,0.0005,-0.1941,-0.1808,0.0017,-0.1352,0.0062,-0.1443,-0.1347,-0.0095,-0.0108,0.0145,0.0112,-0.0351,0.0106,0.0092,-0.1099,0.009,-0.1184,-0.1027,-0.0016,-0.0861,0.0051,-0.0876,-0.0861,-0.0081,-0.002,0.0158,0.0116,-0.004,-0.0332,-0.0001,TRUE,TRUE
DTC_L_32,LanSi,1,CW_01,C,2026-03-21 14:06:10+08:00,ONLINE,FALSE,,CW_1_01,PASS,,,51.5245382,_2026032114061056902,T20260321140610,DESKTOP-P2DUL42,Loma,1,CW_1_01,2,paul di,2024.0718.155524,V20260126.2,CW_DTCL_DTCR_STC,T20260321140702,51.5245382,TRUE,TRUE,TRUE,TRUE,TRUE,TRUE,TRUE,4S2RND2HBL06DS,v1.0.1,2025_12_22,314.1691,323.7647,474.3723,303.5036,294.953,153.0671,148.3072,343.6601,333.5338,489.9624,-6.4329,3.2916,-0.0001,0,-0.2253,1.5582,-0.2189,1.5543,0.6671,156.0791,152.2783,149.9395,155.1328,153.3574,0.8242,0.8038,0.8475,0.7908,0.7908,0.7876,0.7573,0.8004,0.7553,0.7553,0.8076,0.8129,0.8198,0.7761,0.7631,0.721,0.7624,0.6949,0.6949,0.82,0.98,0.8097,0.822,0.8097,0.8556,0.7632,0.7794,0.8245,0.8338,0.8046,0.8047,0.7743,0.7632,0,0,0,0,0,v1.0.1,2025_12_22,314.1957,323.8333,475.4604,303.3813,294.8844,152.1088,147.0952,343.7619,333.7464,490.971,-6.4236,3.3113,-0.0001,0,-0.2256,1.5583,-0.2182,1.5538,0.6671,163.1562,158.9209,164.2891,163.8604,162.5566,0.6759,0.6804,0.6928,0.6964,0.6759,0.6532,0.6329,0.6535,0.6518,0.6329,0.6498,0.6582,0.6505,0.6336,0.6257,0.6306,0.6347,0.6333,0.6257,0.6786,0.4129,0.6748,0.6763,0.4129,0.6641,0.6582,0.647,0.6667,0.6809,0.695,0.6724,0.6414,0.6414,0,0,0,0,0,v1.0.1,2025_12_22,312.9519,316.125,437.9455,302,299.0172,185.5776,184.5667,330.6417,327.0769,446.1709,-7.1884,-3.397,-0.0001,0,-0.212,1.5639,-0.2121,1.5621,0.6755,176.2363,175.6006,173.2959,175.5605,175.1733,0.7839,0.6768,0.8081,0.6665,0.6665,0.7408,0.6437,0.7645,0.6706,0.6437,0.7796,0.764,0.7751,0.7027,0.7027,0.717,0,0.7423,0.7369,0.717,0,0,0,0,0,v1.0.1,2025_12_22,312.9712,315.9519,438.7207,301.7838,298.9573,184.8034,183.5462,330.6891,327,447.1026,-7.2609,-3.4338,-0.0001,0,-0.2117,1.5638,-0.2129,1.5637,0.6758,149.6357,144.4521,143.5957,146.9805,146.166,0.6586,0.5829,0.6756,0.5963,0.5829,0.6358,0.5723,0.6356,0.5901,0.5723,0.6334,0.6303,0.6531,0.6139,0.6139,0.584,0.5326,0.5944,0.5871,0.5326,0,0,0,0,0,-0.0098,-0.0557,-0.0039,-0.0425,-0.0425,-0.0047,-0.076,-0.0002,-0.0426,-0.037,-0.0157,-0.006,0.0202,0.0121,-0.0639,-0.0991,-0.0465,-0.0446,0.0021,-0.0245,-0.0115,-0.0404,-0.0039,-0.016,-0.0115,-0.0182,-0.042,-0.008,-0.0122,-0.0286,-0.0054,-0.0021,-0.0095,-0.0083,-0.0388,-0.0302,-0.0263,0.0024,-0.0048,-0.0008,-0.0081,-0.1539,0.013,-0.1514,-0.1255,-0.0077,-0.1514,0,-0.0801,-0.1048,-0.0013,-0.0003,0.0169,0.0066,-0.0161,0.0039,0.0039,-0.0956,0.0054,-0.0845,-0.0718,-0.0031,-0.0836,0.0049,-0.0617,-0.0584,-0.0005,0.0062,0.0156,0.0063,0.0063,-0.0113,0.0025,TRUE,TRUE
DTC_L_33,LanSi,1,CW_01,A,2026-03-21 14:08:05+08:00,ONLINE,FALSE,,CW_1_01,PASS,,,51.7390841,_2026032114080508402,T20260321140805,DESKTOP-P2DUL42,Loma,1,CW_1_01,2,paul di,2024.0718.155524,V20260126.2,CW_DTCL_DTCR_STC,T20260321140856,51.7390841,TRUE,TRUE,TRUE,TRUE,TRUE,TRUE,TRUE,4S2RND2HBL06DS,v1.0.1,2025_12_22,315.3083,321.1128,475.8088,300.0956,296.0724,149.6382,150.0414,340.931,334.6765,486.9632,-5.1185,0.2482,-0.0001,0,-0.2297,1.5586,-0.2188,1.554,0.666,155.1143,150.9053,148.9033,152.6426,151.8914,0.8185,0.8043,0.8409,0.7918,0.7918,0.8003,0.7603,0.7965,0.7399,0.7399,0.8209,0.8205,0.8267,0.7698,0.7776,0.7241,0.745,0.6875,0.6875,0.8269,0.6515,0.8029,0.781,0.6515,0.8215,0.7336,0.7889,0.8391,0.8095,0.7477,0.7722,0.7614,0.7336,0,0,0,0,0,v1.0.1,2025_12_22,315.2302,321.2014,476.9353,300.0647,296.0392,148.6078,149.0068,341.0952,334.8489,488.0288,-5.0879,0.2996,-0.0001,0,-0.2295,1.5595,-0.2186,1.5532,0.6662,162.8398,159.0762,164.1377,162.0176,162.0178,0.6784,0.684,0.7001,0.6942,0.6784,0.6618,0.6349,0.6475,0.6494,0.6349,0.6491,0.6482,0.6579,0.637,0.6274,0.62,0.6339,0.6,0.6,0.6859,0.4658,0.6778,0.6661,0.4658,0.6284,0.6239,0.6448,0.6619,0.6804,0.6702,0.6664,0.6279,0.6239,0,0,0,0,0,v1.0.1,2025_12_22,314,313.6038,439.1071,298.9375,300.2397,182.2562,185.9512,328.0894,328.0862,443.7759,-6.0232,-6.1674,-0.0001,-0.0001,-0.2162,1.5659,-0.2121,1.5625,0.675,176.5156,175.4004,173.5605,173.9277,174.8511,0.7906,0.7096,0.7995,0.6893,0.6893,0.7579,0.6448,0.7533,0.6612,0.6448,0.7781,0.7627,0.7529,0.6769,0.6769,0.739,0,0.7324,0.647,0.647,0,0,0,0,0,v1.0.1,2025_12_22,313.9626,313.6449,439.9469,298.8407,300.0431,181.681,184.9426,328.3115,328.1491,444.5877,-6.0911,-6.0868,-0.0001,-0.0001,-0.2165,1.5652,-0.2127,1.5624,0.6746,149.0527,144.6523,143.0117,145.1357,145.4631,0.6547,0.596,0.6721,0.5877,0.5877,0.627,0.5531,0.615,0.57,0.5531,0.6313,0.6286,0.6297,0.6,0.6,0.5848,0.4996,0.5808,0.5378,0.4996,0,0,0,0,0,-0.0155,-0.0552,-0.0105,-0.0415,-0.0415,0.008,-0.073,-0.0041,-0.058,-0.0524,-0.0024,0.0016,0.0271,0.0058,-0.0494,-0.096,-0.0639,-0.052,0.009,-0.0313,-0.009,-0.0368,0.0034,-0.0182,-0.009,-0.0096,-0.04,-0.014,-0.0146,-0.0266,-0.0061,-0.0121,-0.0021,-0.0049,-0.0371,-0.0408,-0.0271,-0.0309,0.0025,0.0022,-0.0014,-0.1211,0.0044,-0.1286,-0.1027,0.0094,-0.1503,-0.0112,-0.0895,-0.1037,-0.0028,-0.0016,-0.0053,-0.0192,0.0059,-0.006,0,-0.0825,0.0019,-0.0931,-0.067,-0.0119,-0.1028,-0.0157,-0.0818,-0.0776,-0.0026,0.0045,-0.0078,-0.0076,-0.0076,-0.0105,-0.0111,TRUE,TRUE
DTC_R_33,LanSi,1,CW_01,C,2026-03-21 14:08:04+08:00,ONLINE,FALSE,,CW_1_01,PASS,,,51.8797102,_2026032114080495401,T20260321140804,DESKTOP-P2DUL42,Loma,1,CW_1_01,1,paul di,2024.0718.155524,V20260126.2,CW_DTCL_DTCR_STC,T20260321140856,51.8797102,TRUE,TRUE,TRUE,TRUE,TRUE,TRUE,TRUE,4S2RND2HBL0DP6,v1.0.1,2025_12_22,315.2,316.6815,475.6444,297,295.7034,148.6621,149.5298,336.6225,336.1447,486.2105,-5.0555,-2.4647,-0.0001,0,-0.2215,1.5548,-0.2193,1.5474,0.6653,156.457,153.4678,152.8633,156.2188,154.7517,0.8637,0.7727,0.8615,0.7961,0.7727,0.8136,0.7298,0.8105,0.7966,0.7298,0.8121,0.804,0.8029,0.808,0.7109,0.6986,0.7814,0.7856,0.6986,0.8436,0.7941,0.7992,0.4875,0.4875,0.8355,0.7589,0.7525,0.8192,0.7885,0.731,0.8384,0.8481,0.731,0,0,0,0,0,v1.0.1,2025_12_22,315.2643,316.5714,476.8043,296.8333,295.363,147.6575,148.3221,336.8054,336.1776,487.2829,-5.1137,-2.4699,-0.0001,0,-0.2211,1.553,-0.2201,1.5484,0.6651,163.6611,158.5127,166.9258,166.1533,163.8132,0.6957,0.6493,0.7024,0.674,0.6493,0.6701,0.6384,0.6677,0.6657,0.6384,0.663,0.6462,0.6532,0.6507,0.6281,0.6268,0.6166,0.6432,0.6166,0.6721,0.6562,0.6714,0.0467,0.0467,0.645,0.643,0.644,0.6784,0.6401,0.5577,0.6574,0.6733,0.5577,0,0,0,0,0,v1.0.1,2025_12_22,317.4952,327.9429,442.2545,313,302.832,196.624,188.7295,342.3197,332.2712,457,-2.7835,7.8773,0,0.0001,-0.2187,1.5591,-0.2107,1.5563,0.6715,177.1221,176.4043,176.5234,178.4336,177.1208,0.8054,0.6134,0.8022,0.6651,0.6134,0.7748,0.5835,0.771,0.7073,0.5835,0.7743,0.7797,0.7625,0.7408,0.7408,0.7311,0.6657,0.7219,0,0.6657,0,0,0,0,0,v1.0.1,2025_12_22,317.5,328,442.9725,312.8991,302.7143,195.8651,187.8387,342.3952,332.2881,457.9068,-2.8373,7.9132,0,0.0001,-0.2193,1.5588,-0.2101,1.5569,0.6716,148.8115,143.6543,145.3145,146.5479,146.082,0.6566,0.542,0.6735,0.5888,0.542,0.6429,0.5364,0.6448,0.5973,0.5364,0.6406,0.6366,0.6429,0.6328,0.6328,0.5885,0.5422,0.5737,0.2941,0.2941,0,0,0,0,0,-0.0048,-0.101,-0.0152,-0.0782,-0.0958,-0.0031,-0.0906,-0.0075,-0.0358,-0.0869,-0.016,-0.007,-0.0135,-0.0091,-0.0956,-0.1143,-0.0089,-0.0485,0.0023,-0.0027,-0.0084,-0.0674,-0.0116,-0.0434,-0.0548,-0.0172,-0.0332,0.0018,-0.0233,-0.0275,-0.0017,-0.0141,-0.0106,-0.009,-0.0274,-0.0393,-0.0111,-0.0056,-0.0104,0.0036,0.0002,-0.2125,-0.0158,-0.1534,-0.1918,0.0015,-0.1903,-0.0027,-0.0758,-0.1898,0.0071,0.0023,0.0145,0.0023,-0.0231,-0.0018,-0.0013,-0.1334,-0.0002,-0.0848,-0.1159,-0.0002,-0.1052,0.0001,-0.0474,-0.1052,0.0088,-0.0108,0.0113,0.0051,0.0051,-0.0143,-0.0129,TRUE,TRUE
DTC_R_34,LanSi,1,CW_01,A,2026-03-21 14:09:44+08:00,ONLINE,FALSE,,CW_1_01,PASS,,,51.7328871,_2026032114094435401,T20260321140944,DESKTOP-P2DUL42,Loma,1,CW_1_01,1,paul di,2024.0718.155524,V20260126.2,CW_DTCL_DTCR_STC,T20260321141036,51.7328871,TRUE,TRUE,TRUE,TRUE,TRUE,TRUE,TRUE,4S2RND2HBL0DP6,v1.0.1,2025_12_22,315.0368,317.1912,474.9037,297.4519,295.3288,147.6164,149.457,337.7616,335.3813,485.223,-5.4785,-2.4512,-0.0001,0,-0.2223,1.5546,-0.2231,1.5498,0.6647,156.9531,154.2969,154.0771,156.8682,155.5488,0.8634,0.8281,0.8754,0.8187,0.8187,0.8272,0.7851,0.8187,0.7665,0.7665,0.8141,0.8141,0.7896,0.809,0.7645,0.7623,0.7397,0.7467,0.7397,0.8397,0.798,0.8062,0.98,0.798,0.8384,0.7828,0.8016,0.8216,0.807,0.8294,0.8145,0.8556,0.7828,0,0,0,0,0,v1.0.1,2025_12_22,315,317.0863,476.029,297.1232,295.1757,146.6959,148.3514,337.9324,335.7324,486.2042,-5.4423,-2.4916,-0.0001,0,-0.2228,1.5545,-0.2239,1.5483,0.664,162.5479,157.4238,166.0234,164.9561,162.7378,0.6949,0.6822,0.6971,0.6856,0.6822,0.6806,0.6546,0.6773,0.6509,0.6509,0.6399,0.6639,0.6454,0.6551,0.643,0.6532,0.6026,0.6336,0.6026,0.6975,0.6644,0.6784,0.2957,0.2957,0.6607,0.6524,0.6642,0.6788,0.646,0.6628,0.6525,0.6748,0.646,0,0,0,0,0,v1.0.1,2025_12_22,317.0849,328.6698,441.5739,313.5478,302.5873,196.0079,188.6803,343.2705,331.8125,457.2054,-3.1522,8.2403,0,0.0001,-0.2204,1.5614,-0.2127,1.5562,0.6711,178.0225,177.3584,177.4668,178.8672,177.9287,0.8012,0.6679,0.8138,0.7091,0.6679,0.7841,0.6679,0.7663,0.6499,0.6499,0.7697,0.774,0.7337,0.7416,0.7337,0.7468,0.6781,0.7299,0,0.6781,0,0,0,0,0,v1.0.1,2025_12_22,317.1121,328.7196,442.5487,313.4779,302.5433,195.1181,187.7886,343.4065,331.9115,458,-3.1191,8.2444,0,0.0001,-0.2204,1.5617,-0.2126,1.5563,0.6712,148,143.0547,144.8555,145.5498,145.365,0.6583,0.5847,0.677,0.6165,0.5847,0.6416,0.5722,0.6537,0.5722,0.5722,0.613,0.6249,0.6271,0.6223,0.613,0.5976,0.5536,0.5828,0.4394,0.4394,0,0,0,0,0,-0.0051,-0.0456,-0.0013,-0.0556,-0.0498,0.0105,-0.0353,0.0007,-0.0659,-0.0502,-0.014,0.0031,-0.0268,-0.0081,-0.042,-0.0506,-0.0506,-0.0874,-0.0016,0.0043,-0.0092,-0.0345,-0.0169,-0.0318,-0.0219,-0.0067,-0.017,0.0114,-0.0381,-0.015,-0.0248,0.0036,-0.0184,-0.0046,-0.0125,-0.0129,-0.0251,-0.0152,0.015,0.0106,-0.004,-0.158,-0.0042,-0.1094,-0.1373,0.0108,-0.1059,-0.0074,-0.1332,-0.1234,0.0025,-0.0034,-0.0143,0.0031,-0.0074,0.0062,0.0004,-0.0907,0.0033,-0.0571,-0.0732,-0.0015,-0.0694,0.009,-0.0725,-0.0694,-0.0188,-0.0225,-0.0045,-0.0054,-0.0147,-0.0052,-0.0038,TRUE,TRUE
DTC_L_34,LanSi,1,CW_01,B,2026-03-21 14:09:44+08:00,ONLINE,FALSE,,CW_1_01,PASS,,,52.0580177,_2026032114094429002,T20260321140944,DESKTOP-P2DUL42,Loma,1,CW_1_01,2,paul di,2024.0718.155524,V20260126.2,CW_DTCL_DTCR_STC,T20260321141036,52.0580177,TRUE,TRUE,TRUE,TRUE,TRUE,TRUE,TRUE,4S2RND2HBL06DS,v1.0.1,2025_12_22,315.1691,322.7647,475.3704,302.0444,296.1467,152.12,149.7368,342.6513,334.5038,488.218,-5.3146,2.0597,-0.0001,0,-0.2281,1.5593,-0.2191,1.5539,0.6665,155.1484,150.9961,149.3594,154.2617,152.4414,0.8238,0.8002,0.8446,0.7846,0.7846,0.7888,0.7559,0.8117,0.7405,0.7405,0.8214,0.8132,0.8036,0.7662,0.7423,0.7115,0.7534,0.6677,0.6677,0.8215,0.98,0.8122,0.7933,0.7933,0.8521,0.8238,0.7747,0.8333,0.8202,0.7767,0.7585,0.7658,0.7585,0,0,0,0,0,v1.0.1,2025_12_22,315.1533,322.8102,476.5474,301.9927,296.1208,151.0805,148.6093,342.755,334.695,489.3262,-5.2748,2.0929,-0.0001,0,-0.2278,1.5599,-0.2187,1.5535,0.6667,163.6279,159.4531,165.0996,164.4932,163.1685,0.6732,0.6811,0.6955,0.6831,0.6732,0.6631,0.6419,0.6594,0.6427,0.6419,0.6589,0.6504,0.6662,0.6319,0.6178,0.6144,0.6405,0.5984,0.5984,0.6655,0.3067,0.6924,0.6726,0.3067,0.6577,0.6779,0.6271,0.6815,0.6676,0.6687,0.6674,0.6189,0.6189,0,0,0,0,0,v1.0.1,2025_12_22,313.8846,315.1154,438.6667,300.6667,300.359,184.5128,185.8512,329.7438,327.9561,444.9737,-6.1565,-4.4975,-0.0001,0,-0.2148,1.5671,-0.2132,1.5623,0.6754,176.3252,175.4326,173.6924,175.9326,175.3457,0.7807,0.6988,0.8057,0.6835,0.6835,0.7427,0.6484,0.7472,0.6561,0.6484,0.7654,0.7728,0.7666,0.7059,0.7059,0.703,0,0.7231,0.6607,0.6607,0,0,0,0,0,v1.0.1,2025_12_22,313.8476,315,439.6174,300.4522,300.1293,183.7241,185.0504,329.8319,328.0086,445.8448,-6.1693,-4.5294,-0.0001,0,-0.2146,1.5662,-0.2141,1.5625,0.675,150.375,145.0596,144.1729,147.8887,146.874,0.6683,0.5903,0.6791,0.5943,0.5903,0.6262,0.5535,0.6304,0.5817,0.5535,0.63,0.6238,0.6471,0.6187,0.6187,0.5721,0.4821,0.5843,0.559,0.4821,0,0,0,0,0,-0.0102,-0.0593,-0.0068,-0.0487,-0.0487,-0.0035,-0.0774,0.0111,-0.0574,-0.0518,-0.0019,-0.0057,0.004,0.0022,-0.0847,-0.1086,-0.0555,-0.0718,0.0036,-0.022,-0.0142,-0.0397,-0.0012,-0.0293,-0.0142,-0.0083,-0.033,-0.0021,-0.0213,-0.0196,0.0037,-0.0099,0.0062,-0.01,-0.0467,-0.0464,-0.0205,-0.0325,-0.0179,0.0168,-0.0113,-0.1319,0.0106,-0.1344,-0.1085,-0.0058,-0.1467,-0.0173,-0.0946,-0.1001,-0.0155,0.0085,0.0084,0.0098,-0.0301,-0.0153,0.0136,-0.0882,0.0089,-0.0865,-0.0644,-0.0127,-0.1024,-0.0003,-0.0701,-0.0772,-0.0039,-0.0003,0.0096,0.0111,0.0111,-0.0232,-0.0076,TRUE,TRUE
DTC_L_35,LanSi,1,CW_01,C,2026-03-21 14:11:39+08:00,ONLINE,FALSE,,CW_1_01,PASS,,,51.6330262,_2026032114113908702,T20260321141139,DESKTOP-P2DUL42,Loma,1,CW_1_01,2,paul di,2024.0718.155524,V20260126.2,CW_DTCL_DTCR_STC,T20260321141230,51.6330262,TRUE,TRUE,TRUE,TRUE,TRUE,TRUE,TRUE,4S2RND2HBL06DS,v1.0.1,2025_12_22,314.3258,322.1591,474.4923,301.8462,294.9467,151.4867,148.1319,342,333.4085,488.5,-6.439,1.6984,-0.0001,0,-0.2256,1.5572,-0.2183,1.5561,0.6673,156.291,152.4102,150.2363,155.6465,153.646,0.8228,0.7926,0.8388,0.7979,0.7926,0.7824,0.7447,0.7854,0.7451,0.7447,0.8262,0.8155,0.8225,0.7772,0.7452,0.709,0.7707,0.7121,0.709,0.8173,0.5911,0.816,0.8393,0.5911,0.855,0.7148,0.7443,0.8221,0.8186,0.8383,0.8084,0.7709,0.7148,0,0,0,0,0,v1.0.1,2025_12_22,314.2681,322.2536,475.6148,301.763,294.7815,150.5828,147.034,342.0816,333.6429,489.5714,-6.4317,1.7505,-0.0001,0,-0.2258,1.5573,-0.2175,1.555,0.6672,161.9238,158.2031,163.4365,162.4268,161.4976,0.6824,0.6752,0.7004,0.6985,0.6752,0.6655,0.6249,0.6582,0.6523,0.6249,0.6576,0.6552,0.6525,0.6339,0.6261,0.6289,0.6367,0.6216,0.6216,0.6564,0.5001,0.6784,0.6993,0.5001,0.648,0.6164,0.6282,0.6715,0.6803,0.6901,0.673,0.6383,0.6164,0,0,0,0,0,v1.0.1,2025_12_22,313.0476,314.6286,438.055,300.3211,299.0826,184.0413,184.4833,329.2667,327.0431,444.8707,-7.1577,-4.8743,-0.0001,0,-0.2134,1.5637,-0.2129,1.5632,0.6752,175.9775,175.2012,173.0312,175.4932,174.9258,0.7806,0.672,0.8089,0.683,0.672,0.7449,0.6429,0.7691,0.6655,0.6429,0.7802,0.7822,0.7663,0.7023,0.7023,0.7268,0,0.7297,0.733,0.7268,0,0,0,0,0,v1.0.1,2025_12_22,313,314.6038,438.8673,300.2124,298.9828,183.2241,183.5378,329.3697,327.0783,445.7217,-7.2068,-4.8736,-0.0001,0,-0.2133,1.564,-0.213,1.5633,0.6752,148.374,143.707,142.8281,145.7334,145.1606,0.657,0.5731,0.6843,0.6054,0.5731,0.6401,0.5498,0.6363,0.5816,0.5498,0.6375,0.6416,0.6495,0.5995,0.5995,0.5786,0.5162,0.5845,0.5729,0.5162,0,0,0,0,0,-0.0112,-0.0669,-0.0126,-0.0354,-0.0407,-0.0099,-0.0886,-0.0152,-0.0528,-0.0476,0.0029,-0.0034,0.0229,0.0132,-0.0818,-0.1111,-0.0382,-0.0274,-0.0006,-0.0182,-0.005,-0.0456,0.0037,-0.0139,-0.0122,-0.0059,-0.05,-0.0033,-0.0117,-0.0366,0.0024,-0.0051,-0.0075,-0.008,-0.0384,-0.0319,-0.0243,-0.0093,-0.027,0.0028,-0.0114,-0.1587,0.0138,-0.1349,-0.12,-0.0036,-0.1522,0.0046,-0.0852,-0.1056,-0.0007,0.0179,0.0081,0.0062,-0.0063,-0.0087,0.0023,-0.1054,0.0141,-0.0754,-0.0816,0.0012,-0.1061,0.0056,-0.0702,-0.0809,0.0036,0.0175,0.012,-0.0081,-0.0081,-0.0167,-0.0074,TRUE,TRUE
DTC_R_35,LanSi,1,CW_01,B,2026-03-21 14:11:39+08:00,ONLINE,FALSE,,CW_1_01,PASS,,,51.5123489,_2026032114113920901,T20260321141139,DESKTOP-P2DUL42,Loma,1,CW_1_01,1,paul di,2024.0718.155524,V20260126.2,CW_DTCL_DTCR_STC,T20260321141230,51.5123489,TRUE,TRUE,TRUE,TRUE,TRUE,TRUE,TRUE,4S2RND2HBL0DP6,v1.0.1,2025_12_22,315.1679,316.7153,475.3037,296.9185,295.2867,147.7832,149.2349,336.7785,335.8912,484.517,-5.3231,-2.9575,-0.0001,0,-0.2225,1.5531,-0.2198,1.5474,0.6646,155.0732,153.1885,152.5645,155.0732,153.9749,0.8645,0.7961,0.8672,0.785,0.785,0.8205,0.7512,0.8157,0.7471,0.7471,0.8316,0.8274,0.8229,0.8094,0.7351,0.7292,0.7701,0.7926,0.7292,0.8392,0.787,0.7957,0.98,0.787,0.8444,0.7625,0.7594,0.8219,0.7983,0.7322,0.8409,0.8375,0.7322,0,0,0,0,0,v1.0.1,2025_12_22,315.1739,316.6667,476.3778,296.7852,295.1458,146.875,148,337,336,485.5,-5.3605,-2.9346,-0.0001,0,-0.2222,1.5529,-0.2205,1.5475,0.6644,162.2695,155.2002,163.5264,164.668,161.416,0.707,0.677,0.7174,0.6761,0.6761,0.674,0.6418,0.6672,0.6383,0.6383,0.6533,0.6514,0.6407,0.6552,0.631,0.6337,0.6157,0.6375,0.6157,0.6799,0.6528,0.6643,0.0643,0.0643,0.661,0.6516,0.6402,0.6597,0.6696,0.5856,0.6374,0.6715,0.5856,0,0,0,0,0,v1.0.1,2025_12_22,317.2857,327.9429,441.9252,312.9252,302.6429,195.9286,188.575,342.2667,332,456,-3.0142,7.5127,0,0.0001,-0.2194,1.5598,-0.2103,1.5559,0.6715,177.2021,177.6953,177.6416,178.3809,177.73,0.8177,0.6407,0.8222,0.6339,0.6339,0.7673,0.6299,0.7705,0.6291,0.6291,0.7702,0.7677,0.76,0.7456,0.7456,0.7498,0.6612,0.7321,0,0.6612,0,0,0,0,0,v1.0.1,2025_12_22,317.3942,328.0288,442.9252,312.9252,302.5433,195.1181,187.5902,342.4672,332.0522,456.8174,-2.999,7.5714,0,0.0001,-0.2192,1.559,-0.2103,1.557,0.6716,147.459,140.8027,142.4102,145.4307,144.0256,0.668,0.5545,0.6771,0.5726,0.5545,0.6376,0.5611,0.6559,0.5409,0.5409,0.6338,0.6426,0.6271,0.6411,0.6271,0.5887,0.5395,0.5781,0.3434,0.3434,0,0,0,0,0,-0.004,-0.0776,-0.0095,-0.0893,-0.0835,0.0038,-0.0692,-0.0023,-0.0853,-0.0696,0.0035,0.0164,0.0065,-0.0077,-0.0714,-0.0837,-0.0202,-0.0415,-0.0021,-0.0062,0.0029,-0.0397,0.0034,-0.0413,-0.028,-0.0133,-0.0298,0.0013,-0.0507,-0.0276,-0.0114,-0.0089,-0.0231,-0.0045,-0.0245,-0.0324,-0.012,-0.0113,-0.0026,-0.0035,0.0125,-0.1852,0.0042,-0.1846,-0.1713,-0.006,-0.1439,-0.0032,-0.154,-0.1442,0.003,-0.0097,0.012,0.0071,-0.0044,0.0084,0.0101,-0.1209,0.0034,-0.101,-0.1034,-0.0055,-0.0805,0.0112,-0.1038,-0.1007,0.002,-0.0048,-0.0045,0.0134,-0.0006,-0.0141,-0.0085,TRUE,TRUE
DTC_R_36,LanSi,1,CW_01,C,2026-03-21 14:13:16+08:00,ONLINE,FALSE,,CW_1_01,PASS,,,51.2893568,_2026032114131619401,T20260321141316,DESKTOP-P2DUL42,Loma,1,CW_1_01,1,paul di,2024.0718.155524,V20260126.2,CW_DTCL_DTCR_STC,T20260321141407,51.2893568,TRUE,TRUE,TRUE,TRUE,TRUE,TRUE,TRUE,4S2RND2HBL0DP6,v1.0.1,2025_12_22,315.0294,317.8162,474.8971,297.9118,295.0959,147.9521,149.4276,338.3618,335.3803,485.5915,-5.5339,-1.9733,-0.0001,0,-0.2234,1.5535,-0.2229,1.5496,0.6642,156.1191,153.3555,152.7891,155.7861,154.5125,0.8636,0.8267,0.8751,0.8204,0.8204,0.8249,0.7861,0.8058,0.7678,0.7678,0.8265,0.8161,0.8016,0.8112,0.7524,0.773,0.7159,0.7418,0.7159,0.8551,0.7509,0.8001,0.98,0.7509,0.8443,0.7183,0.7996,0.8281,0.8052,0.7996,0.7655,0.8521,0.7183,0,0,0,0,0,v1.0.1,2025_12_22,314.9648,317.7958,475.9574,297.844,295.0408,146.8367,148.1961,338.4641,335.6897,486.5655,-5.5302,-1.9988,-0.0001,0,-0.2228,1.5543,-0.2228,1.5481,0.6642,163.2559,158.0264,166.7617,165.6357,163.4199,0.7003,0.6858,0.7155,0.681,0.681,0.6805,0.6581,0.676,0.6398,0.6398,0.6638,0.6514,0.6602,0.6485,0.6396,0.6534,0.6112,0.6315,0.6112,0.6926,0.609,0.6545,0.3436,0.3436,0.6471,0.6106,0.6734,0.6681,0.6376,0.6274,0.6303,0.6864,0.6106,0,0,0,0,0,v1.0.1,2025_12_22,317.1682,329.1963,441.6577,314.027,302.5781,196.1562,188.6829,343.6585,331.7768,457.6964,-3.1273,8.6469,0,0.0001,-0.2207,1.561,-0.2116,1.5571,0.6715,177.0947,176.5469,176.5059,178.1914,177.0847,0.7989,0.6989,0.8148,0.6922,0.6922,0.7705,0.6768,0.7811,0.6547,0.6547,0.7718,0.7658,0.7496,0.7233,0.7233,0.7492,0.7049,0.7333,0,0.7049,0,0,0,0,0,v1.0.1,2025_12_22,317.0849,329.3302,442.5093,314.0093,302.5726,195.6855,187.813,343.7317,331.8829,458.5315,-3.1275,8.7576,0,0.0001,-0.221,1.5621,-0.2104,1.5562,0.6717,148.7002,143.6084,145.3203,146.4111,146.01,0.6598,0.5981,0.6784,0.6115,0.5981,0.6549,0.591,0.6384,0.5599,0.5599,0.6391,0.6326,0.6357,0.644,0.6326,0.5688,0.57,0.5753,0.4498,0.4498,0,0,0,0,0,-0.0049,-0.047,-0.0016,-0.0539,-0.0481,0.0082,-0.0343,-0.0122,-0.0646,-0.0489,-0.0016,0.0051,-0.0148,-0.0059,-0.0541,-0.0399,-0.0744,-0.0923,0.0138,-0.0018,-0.0038,-0.0309,0.0015,-0.0364,-0.0231,-0.0068,-0.0135,0.0101,-0.0492,-0.0261,-0.0009,-0.0089,-0.0036,-0.0112,-0.0159,-0.0127,-0.0165,-0.0173,0.0101,-0.0133,-0.0063,-0.127,-0.0032,-0.1263,-0.113,-0.0028,-0.097,0.0074,-0.1284,-0.1186,0.0046,-0.0116,0.0016,-0.0152,-0.005,0.0096,0.0019,-0.0773,0.0047,-0.0621,-0.0598,0.0118,-0.0506,-0.0063,-0.0848,-0.0817,0.0073,-0.0148,0.0041,0.0163,0.0049,-0.034,-0.0113,TRUE,TRUE
DTC_L_36,LanSi,1,CW_01,A,2026-03-21 14:13:16+08:00,ONLINE,FALSE,,CW_1_01,PASS,,,51.2150203,_2026032114131625702,T20260321141316,DESKTOP-P2DUL42,Loma,1,CW_1_01,2,paul di,2024.0718.155524,V20260126.2,CW_DTCL_DTCR_STC,T20260321141407,51.2150203,TRUE,TRUE,TRUE,TRUE,TRUE,TRUE,TRUE,4S2RND2HBL06DS,v1.0.1,2025_12_22,315.2815,322.0593,475.6866,301.1866,296.1933,151.2867,149.9932,341.9048,334.5735,487.3088,-5.1544,1.2492,-0.0001,0,-0.2289,1.559,-0.219,1.5541,0.6663,154.8721,150.2246,148.2061,154.0127,151.8289,0.8384,0.7951,0.8429,0.7877,0.7877,0.7901,0.7687,0.8004,0.7551,0.7551,0.8078,0.8044,0.8121,0.7648,0.7391,0.7237,0.7519,0.7137,0.7137,0.8158,0.98,0.8157,0.7796,0.7796,0.8459,0.7535,0.7196,0.8397,0.8187,0.7772,0.771,0.7772,0.7196,0,0,0,0,0,v1.0.1,2025_12_22,315.219,322.1241,476.8088,301.0956,296.1544,150.2617,148.9103,342.0207,334.773,488.4539,-5.1269,1.2912,-0.0001,0,-0.2289,1.5598,-0.2186,1.5533,0.6664,161.2783,156.876,163.085,162.3545,160.8984,0.6859,0.6809,0.6912,0.6833,0.6809,0.6691,0.6318,0.6579,0.6399,0.6318,0.6415,0.6541,0.6556,0.6388,0.6239,0.6232,0.6251,0.6045,0.6045,0.6802,0.3656,0.6881,0.6681,0.3656,0.6425,0.6196,0.5962,0.6704,0.663,0.6674,0.6794,0.6309,0.5962,0,0,0,0,0,v1.0.1,2025_12_22,314,314.3962,439,300,300.3525,183.918,186,329,328.0172,444.0517,-6.0261,-5.2268,-0.0001,-0.0001,-0.2141,1.5661,-0.2131,1.5626,0.6754,175.6523,174.1875,172.3955,175.3574,174.3982,0.7897,0.6968,0.7987,0.6737,0.6737,0.7534,0.6748,0.7595,0.6437,0.6437,0.7664,0.7677,0.7606,0.7121,0.7121,0.7232,0,0.7241,0.668,0.668,0,0,0,0,0,v1.0.1,2025_12_22,314.019,314.4476,439.7699,299.7699,300.2583,183.0167,185.0504,329.1681,328.0609,444.9217,-6.0683,-5.2352,-0.0001,-0.0001,-0.2157,1.566,-0.2131,1.5631,0.6751,148.2236,143.0098,142.0605,146.0322,144.8315,0.6579,0.5827,0.6741,0.6079,0.5827,0.6303,0.565,0.6248,0.5711,0.565,0.6312,0.6427,0.6277,0.5958,0.5958,0.5791,0.4732,0.5835,0.534,0.4732,0,0,0,0,0,0.0044,-0.0644,-0.0085,-0.0456,-0.0456,-0.0022,-0.0646,-0.0002,-0.0428,-0.0372,-0.0155,-0.0145,0.0125,0.0008,-0.0879,-0.0964,-0.057,-0.0258,-0.0021,-0.0185,-0.0015,-0.0399,-0.0055,-0.0291,-0.0065,-0.0023,-0.0431,-0.0036,-0.0241,-0.0297,-0.0137,-0.0062,-0.0044,-0.0031,-0.0406,-0.0376,-0.0359,-0.0264,-0.0032,0.0125,-0.0023,-0.1339,0.0036,-0.1442,-0.1183,0.0049,-0.1203,-0.005,-0.107,-0.1048,-0.0145,0.0034,0.0024,0.016,-0.0099,-0.0143,0.0032,-0.0958,0.0039,-0.0729,-0.072,-0.0086,-0.0909,-0.0059,-0.0807,-0.0657,-0.0027,0.0186,-0.0098,-0.0118,-0.0118,-0.0162,-0.0084,TRUE,TRUE
DTC_L_37,LanSi,1,CW_01,B,2026-03-21 14:15:11+08:00,ONLINE,FALSE,,CW_1_01,PASS,,,51.751117,_2026032114151149302,T20260321141511,DESKTOP-P2DUL42,Loma,1,CW_1_01,2,paul di,2024.0718.155524,V20260126.2,CW_DTCL_DTCR_STC,T20260321141603,51.751117,TRUE,TRUE,TRUE,TRUE,TRUE,TRUE,TRUE,4S2RND2HBL06DS,v1.0.1,2025_12_22,314.25,322.9779,474.3835,302.7669,294.92,152.0333,148.3087,342.7919,333.4085,489.5,-6.4459,2.514,-0.0001,0,-0.225,1.5577,-0.2183,1.5557,0.6675,155.7129,151.6924,149.5957,155.1025,153.0259,0.8191,0.794,0.8399,0.8011,0.794,0.7728,0.7625,0.7961,0.7623,0.7623,0.7989,0.8166,0.8116,0.7903,0.7453,0.7245,0.7728,0.717,0.717,0.8135,0.98,0.8171,0.8232,0.8135,0.8474,0.7994,0.7774,0.8461,0.8483,0.8244,0.796,0.7786,0.7774,0,0,0,0,0,v1.0.1,2025_12_22,314.1714,323.0143,475.4928,302.529,294.8467,151.0467,147.0897,342.9793,333.7589,490.6099,-6.4281,2.5358,-0.0001,0,-0.2258,1.5584,-0.2184,1.5539,0.667,163.2998,158.7764,164.5361,164.1641,162.6941,0.68,0.676,0.6849,0.6947,0.676,0.6619,0.6386,0.6584,0.6462,0.6386,0.6557,0.6574,0.6601,0.6265,0.6171,0.624,0.6246,0.6116,0.6116,0.6889,0.4077,0.6741,0.6794,0.4077,0.6622,0.6613,0.6315,0.6813,0.6707,0.6828,0.666,0.6394,0.6315,0,0,0,0,0,v1.0.1,2025_12_22,312.9151,315.3302,437.9196,301.2054,299.0508,184.5847,184.5691,329.9756,327.0431,445.8707,-7.2004,-4.1067,-0.0001,0,-0.212,1.5646,-0.2131,1.5625,0.6755,175.7246,175.0977,172.7021,175.1533,174.6694,0.7832,0.6803,0.798,0.69,0.6803,0.7464,0.6564,0.7563,0.6612,0.6564,0.7769,0.7679,0.767,0.7032,0.7032,0.7174,0,0.7293,0.7104,0.7104,0,0,0,0,0,v1.0.1,2025_12_22,312.9434,315.2358,438.7928,300.973,299,183.8974,183.6311,329.9918,327.0789,446.6667,-7.2107,-4.1471,-0.0001,0,-0.2123,1.5645,-0.2131,1.5631,0.6756,149.8281,144.5371,143.8779,147.4453,146.4221,0.6555,0.5756,0.6685,0.6084,0.5756,0.6303,0.5685,0.6267,0.5868,0.5685,0.6323,0.6381,0.6378,0.6248,0.6248,0.586,0.5236,0.5839,0.5681,0.5236,0,0,0,0,0,-0.0149,-0.0655,-0.0115,-0.0322,-0.0393,-0.0195,-0.0708,-0.0045,-0.0356,-0.03,-0.0244,-0.0023,0.012,0.0263,-0.0817,-0.0956,-0.0361,-0.0225,-0.0044,-0.0171,-0.0074,-0.0448,-0.0118,-0.0177,-0.0114,-0.0095,-0.0363,-0.0031,-0.0178,-0.0229,0.0005,-0.0029,0.0001,-0.0154,-0.0474,-0.0368,-0.0364,-0.0193,0.0055,-0.0015,-0.0088,-0.1504,0.0029,-0.1279,-0.1117,-0.0021,-0.1387,-0.0082,-0.0895,-0.0921,-0.004,0.0036,0.0088,0.0071,-0.0157,-0.0091,0.0008,-0.1029,-0.0017,-0.0724,-0.0791,-0.0086,-0.0874,-0.004,-0.065,-0.0622,-0.0016,0.014,0.0003,0.0172,0.0172,-0.0093,-0.008,TRUE,TRUE
DTC_R_37,LanSi,1,CW_01,A,2026-03-21 14:15:11+08:00,ONLINE,FALSE,,CW_1_01,FAIL,SFR_VIS_25cm_Ny4_01F_ROI4_Dev;SFR_VIS_25cm_Ny4_01F_Min_Dev,Dev,51.7670745,_2026032114151149301,T20260321141511,DESKTOP-P2DUL42,Loma,1,CW_1_01,1,paul di,2024.0718.155524,V20260126.2,CW_DTCL_DTCR_STC,T20260321141603,51.7670745,TRUE,TRUE,TRUE,TRUE,TRUE,TRUE,TRUE,4S2RND2HBL0DP6,v1.0.1,2025_12_22,315.25,317.2574,475.7518,297.6934,295.619,148.6395,149.6078,337.6667,336.094,486.4094,-5.0355,-1.9667,-0.0001,0,-0.2208,1.5544,-0.2221,1.5477,0.6648,155.5488,152.835,152.4336,155.0557,153.9683,0.8641,0.7576,0.8624,0.7458,0.7458,0.81,0.7412,0.823,0.7792,0.7412,0.8224,0.8101,0.8049,0.8132,0.723,0.726,0.7911,0.7953,0.723,0.8291,0.7868,0.8026,0.0591,0.0591,0.8436,0.7726,0.7708,0.8175,0.7751,0.7343,0.8558,0.8412,0.7343,0,0,0,0,0,v1.0.1,2025_12_22,315.234,317.2979,476.7606,297.5,295.4122,147.5878,148.3684,337.7566,336.1867,487.46,-5.1076,-1.9795,-0.0001,0,-0.2214,1.554,-0.2215,1.5478,0.6647,163.8135,158.126,166.8926,166.3428,163.7937,0.6964,0.65,0.7152,0.6402,0.6402,0.6767,0.6407,0.6746,0.6587,0.6407,0.6484,0.6584,0.6649,0.6616,0.617,0.6246,0.62,0.636,0.617,0.6735,0.6618,0.6763,0.2664,0.2664,0.6478,0.6481,0.642,0.6884,0.6385,0.6469,0.6644,0.6784,0.6385,0,0,0,0,0,v1.0.1,2025_12_22,317.4486,328.8692,442.4522,313.6174,302.8699,196.7805,188.7805,343.3252,332.287,457.4522,-2.7324,8.5089,0,0.0001,-0.2209,1.5604,-0.2114,1.5554,0.6709,177.21,176.7578,177.1484,178.1953,177.3279,0.8028,0.6268,0.8205,0.6095,0.6095,0.7696,0.6083,0.7743,0.6809,0.6083,0.778,0.7665,0.7559,0.7482,0.7482,0.7356,0.6685,0.7373,0,0.6685,0,0,0,0,0,v1.0.1,2025_12_22,317.4486,328.8692,443.2035,313.5575,302.685,195.9055,188,343.3548,332.2966,458.1864,-2.7732,8.4747,0,0.0001,-0.2206,1.5597,-0.2109,1.556,0.671,149.2676,143.6973,145.4551,146.9121,146.333,0.6702,0.5513,0.6784,0.546,0.546,0.6364,0.5455,0.6404,0.5776,0.5455,0.6295,0.6435,0.643,0.6343,0.6295,0.5846,0.5478,0.5911,0.4267,0.4267,0,0,0,0,0,-0.0044,-0.1161,-0.0143,-0.1285,-0.1227,-0.0067,-0.0792,0.005,-0.0532,-0.0755,-0.0057,-0.0009,-0.0115,-0.0039,-0.0835,-0.0869,0.0008,-0.0388,-0.0122,0.0007,-0.0077,-0.0667,0.0012,-0.0772,-0.0639,-0.0106,-0.0309,0.0087,-0.0303,-0.0252,-0.0163,-0.0019,0.0011,0.0019,-0.0385,-0.0415,-0.0077,-0.0128,-0.009,0.0085,-0.0024,-0.1991,0.0025,-0.209,-0.1957,-0.0037,-0.1655,0.0006,-0.1022,-0.165,0.0108,-0.0109,0.0079,0.0097,-0.0186,0.0136,0.0123,-0.1241,0.0047,-0.1276,-0.1119,-0.0067,-0.0961,-0.0043,-0.0671,-0.0961,-0.0023,-0.0039,0.0114,0.0066,0.0018,-0.0182,0.0045,TRUE,TRUE
DTC_R_38,LanSi,1,CW_01,B,2026-03-21 14:17:31+08:00,ONLINE,FALSE,,CW_1_01,FAIL,SFR_VIS_25cm_Ny4_03F_ROI6;SFR_VIS_25cm_Ny4_03F_Min;SFR_VIS_25cm_Ny4_03F_ROI6_Dev;SFR_VIS_25cm_Ny4_03F_Min_Dev,sfr_25Algo,51.5918257,_2026032114173191101,T20260321141731,DESKTOP-P2DUL42,Loma,1,CW_1_01,1,paul di,2024.0718.155524,V20260126.2,CW_DTCL_DTCR_STC,T20260321141823,51.5918257,TRUE,TRUE,TRUE,TRUE,TRUE,TRUE,TRUE,4S2RND2HBL0DP6,v1.0.1,2025_12_22,315,316.0863,474.8519,296.0148,295.1034,146.8138,149.3816,336.5,335.6087,483.9638,-5.5109,-3.6243,-0.0001,0,-0.2244,1.5533,-0.2221,1.5481,0.6637,155.6816,152.6426,152.4434,155.6553,154.1057,0.8548,0.853,0.8686,0.8101,0.8101,0.8149,0.6649,0.8305,0.7294,0.6649,0.8202,0.8135,0.8087,0.8238,0.74,0.6679,0.7522,0.6933,0.6679,0.8508,0.8019,0.8028,0.98,0.8019,0.8374,0.7767,0.792,0.8262,0.8104,0.8828,0.7588,0.8425,0.7588,0,0,0,0,0,v1.0.1,2025_12_22,315.0429,316.1071,475.9786,295.9571,295.047,145.9329,148.0667,336.56,335.8085,484.9078,-5.5113,-3.607,-0.0001,0,-0.224,1.5533,-0.2214,1.5479,0.6639,162.8506,157.8516,166.3242,165.5439,163.1426,0.7144,0.6965,0.714,0.6994,0.6965,0.677,0.5811,0.6753,0.6256,0.5811,0.6611,0.6536,0.6576,0.6716,0.6293,0.5889,0.6152,0.5898,0.5889,0.6747,0.6753,0.655,0.2601,0.2601,0.6371,0.6618,0.6646,0.678,0.6495,0.6508,0.6383,0.6914,0.6371,0,0,0,0,0,v1.0.1,2025_12_22,317.0849,327.6698,441.5702,312.4298,302.5039,195.1496,188.5873,342,331.8596,456,-3.1788,7.1498,0,0.0001,-0.2213,1.5607,-0.2105,1.5557,0.6711,176.5234,175.8955,176.0928,177.6631,176.5437,0.7978,0.7118,0.8202,0.6863,0.6863,0.7663,0.5753,0.7822,0.6141,0.5753,0.7829,0.7622,0.7603,0.7347,0.7347,0.7555,0.6753,0.7279,0,0.6753,0,0,0,0,0,v1.0.1,2025_12_22,317.1415,327.7547,442.4602,312.3717,302.3468,194.4194,187.595,342.2314,331.8919,456.6216,-3.2129,7.1798,0,0.0001,-0.2216,1.5598,-0.2108,1.5563,0.6709,148.3311,143.1973,144.8809,146.1641,145.6433,0.6626,0.61,0.6866,0.596,0.596,0.6426,0.5282,0.6435,0.5273,0.5273,0.6306,0.6303,0.631,0.6279,0.6279,0.5983,0.5511,0.5793,0.4322,0.4322,0,0,0,0,0,-0.0137,-0.0207,-0.0081,-0.0642,-0.0584,-0.0018,-0.1555,0.0125,-0.103,-0.1518,-0.0079,0.0025,-0.0077,0.0067,-0.0665,-0.145,-0.0381,-0.1408,0.0095,0.0009,0.0103,-0.0202,0,-0.018,-0.0076,-0.0103,-0.0905,0.0094,-0.0634,-0.0848,-0.0036,-0.0067,-0.0062,0.0119,-0.0262,-0.0772,-0.0125,-0.059,-0.0078,-0.0128,-0.0074,-0.1141,0.0022,-0.1322,-0.1189,-0.007,-0.1985,0.0085,-0.169,-0.198,0.0157,-0.0152,0.0123,-0.0038,0.0013,0.0042,0.0047,-0.0654,0.0129,-0.0776,-0.0619,-0.0005,-0.1134,-0.0012,-0.1174,-0.1143,-0.0012,-0.0171,-0.0006,0.0002,0.0002,-0.0045,-0.0073,TRUE,TRUE
DTC_L_38,LanSi,1,CW_01,C,2026-03-21 14:17:32+08:00,ONLINE,FALSE,,CW_1_01,PASS,,,51.4831186,_2026032114173204402,T20260321141732,DESKTOP-P2DUL42,Loma,1,CW_1_01,2,paul di,2024.0718.155524,V20260126.2,CW_DTCL_DTCR_STC,T20260321141823,51.4831186,TRUE,TRUE,TRUE,TRUE,TRUE,TRUE,TRUE,4S2RND2HBL06DS,v1.0.1,2025_12_22,314.1691,322.7647,474.2847,302.0657,294.8067,151.7133,148.2418,342.5425,333.3472,489.5556,-6.5301,2.2284,-0.0001,0,-0.228,1.5576,-0.2181,1.5558,0.6668,154.0137,150.1758,147.7734,153.0957,151.2646,0.8234,0.7863,0.8453,0.7938,0.7863,0.7811,0.7467,0.7988,0.7614,0.7467,0.8257,0.8114,0.8152,0.7729,0.7397,0.7146,0.7526,0.7161,0.7146,0.8217,0.98,0.8191,0.8163,0.8163,0.8423,0.7691,0.7204,0.8343,0.823,0.8131,0.7997,0.7892,0.7204,0,0,0,0,0,v1.0.1,2025_12_22,314.1533,322.8102,475.4519,302,294.719,150.7582,147.0608,342.7297,333.5563,490.5493,-6.5118,2.2695,-0.0001,0,-0.2278,1.5578,-0.2181,1.5551,0.6667,162.166,157.4189,163.0928,163.0391,161.4292,0.6842,0.6699,0.7044,0.7052,0.6699,0.6582,0.625,0.6504,0.6632,0.625,0.6491,0.6441,0.6444,0.6287,0.6248,0.6232,0.6333,0.6257,0.6232,0.6656,0.3964,0.6729,0.6714,0.3964,0.6583,0.6489,0.625,0.6882,0.6644,0.675,0.6693,0.6404,0.625,0,0,0,0,0,v1.0.1,2025_12_22,312.9238,315.0762,437.7838,300.7207,299,184.2906,184.5085,329.6525,327,445.8974,-7.2568,-4.3725,-0.0001,0,-0.214,1.5642,-0.2125,1.5631,0.6752,175.1787,174.3457,171.9346,174.7168,174.0439,0.7907,0.6751,0.8166,0.6812,0.6751,0.7507,0.6404,0.7526,0.6961,0.6404,0.7807,0.7666,0.7701,0.6964,0.6964,0.7303,0,0.7208,0.7032,0.7032,0,0,0,0,0,v1.0.1,2025_12_22,312.8476,315,438.6379,300.5,298.839,183.5424,183.6777,329.6777,327.0351,446.693,-7.2925,-4.4174,-0.0001,0,-0.2142,1.5641,-0.2126,1.563,0.6751,148.8477,143.1602,142.4717,146.2109,145.1726,0.6533,0.5773,0.6723,0.6119,0.5773,0.6383,0.5497,0.6335,0.6022,0.5497,0.6481,0.6422,0.6309,0.5992,0.5992,0.5768,0.4853,0.5891,0.5714,0.4853,0,0,0,0,0,-0.0106,-0.0732,-0.0061,-0.0395,-0.047,-0.0112,-0.0866,-0.0018,-0.0365,-0.0456,0.0024,-0.0075,0.0156,0.0089,-0.0873,-0.1055,-0.0563,-0.0234,0.0038,-0.0151,-0.0032,-0.0509,0.0077,-0.0072,-0.0175,-0.0132,-0.0499,-0.0111,-0.0008,-0.0365,-0.0061,-0.0162,-0.0156,-0.0132,-0.0397,-0.0376,-0.0277,-0.0052,-0.0178,-0.0027,-0.0013,-0.1556,0.0215,-0.1367,-0.1169,0.0022,-0.1547,-0.0119,-0.0546,-0.1081,-0.0002,0.0023,0.0119,0.0003,-0.0028,-0.0176,-0.0014,-0.1012,0.0021,-0.0689,-0.0774,-0.0006,-0.1062,0.0028,-0.0496,-0.081,0.0142,0.0181,-0.0066,-0.0084,-0.0084,-0.0185,-0.0028,TRUE,TRUE
DTC_R_39,LanSi,1,CW_01,C,2026-03-21 14:19:28+08:00,ONLINE,FALSE,,CW_1_01,PASS,,,51.8624126,_2026032114192863201,T20260321141928,DESKTOP-P2DUL42,Loma,1,CW_1_01,1,paul di,2024.0718.155524,V20260126.2,CW_DTCL_DTCR_STC,T20260321142020,51.8624126,TRUE,TRUE,TRUE,TRUE,TRUE,TRUE,TRUE,4S2RND2HBL0DP6,v1.0.1,2025_12_22,315.2388,316.8209,475.6015,297.0827,295.6966,148.5448,149.543,336.9073,336.0268,485.3154,-5.0786,-2.5658,-0.0001,0,-0.222,1.5547,-0.2201,1.5475,0.665,155.8418,153.6475,153.3887,155.5791,154.6143,0.8584,0.7682,0.8706,0.7945,0.7682,0.8202,0.7391,0.8185,0.7476,0.7391,0.8281,0.7997,0.8131,0.8091,0.7194,0.7252,0.8021,0.7921,0.7194,0.8361,0.7671,0.8047,0.98,0.7671,0.8524,0.7479,0.7556,0.816,0.7978,0.7329,0.8218,0.842,0.7329,0,0,0,0,0,v1.0.1,2025_12_22,315.2409,316.8467,476.6765,296.9632,295.4564,147.5973,148.2808,337.0753,336.14,486.3067,-5.1411,-2.5421,-0.0001,0,-0.222,1.5539,-0.2201,1.5476,0.6648,161.624,155.1367,163.5039,163.9043,161.0422,0.6994,0.6637,0.7161,0.6745,0.6637,0.6905,0.6398,0.6742,0.6406,0.6398,0.6439,0.6571,0.6429,0.6556,0.6088,0.6396,0.6324,0.6322,0.6088,0.6746,0.6356,0.6726,0.1082,0.1082,0.6438,0.6326,0.6509,0.6696,0.6623,0.5658,0.6301,0.6683,0.5658,0,0,0,0,0,v1.0.1,2025_12_22,317.5,328,442.2072,313.027,302.9127,196.5238,188.8145,342.3629,332.1062,456.3805,-2.7919,7.7589,0,0.0001,-0.219,1.5598,-0.2106,1.557,0.6718,177.5752,177.8018,177.7666,178.7432,177.9717,0.8098,0.6086,0.8227,0.6754,0.6086,0.7686,0.6081,0.7778,0.6352,0.6081,0.7694,0.7701,0.7584,0.7506,0.7506,0.7535,0.6564,0.7351,0,0.6564,0,0,0,0,0,v1.0.1,2025_12_22,317.5,328,443,313,302.7561,195.7805,187.9274,342.4677,332.25,457.1552,-2.8133,7.7807,0,0.0001,-0.2184,1.5592,-0.2107,1.5566,0.6717,146.668,140.6943,142.2949,144.6895,143.5867,0.6655,0.5414,0.6812,0.595,0.5414,0.642,0.5376,0.6416,0.5609,0.5376,0.6361,0.6402,0.6265,0.6312,0.6265,0.6142,0.5445,0.5843,0.3617,0.3617,0,0,0,0,0,-0.0101,-0.1055,-0.0061,-0.0798,-0.1003,0.0035,-0.0813,0.0005,-0.0848,-0.0776,0,-0.0113,-0.0033,-0.008,-0.0871,-0.0877,0.0118,-0.042,-0.0052,0.0028,-0.0047,-0.053,0.0021,-0.0429,-0.0404,0.0032,-0.0318,0.0083,-0.0484,-0.0261,-0.0208,-0.0032,-0.0209,-0.0041,-0.0467,-0.0265,0.0047,-0.0166,-0.0079,0.0048,0.0046,-0.2173,0.0047,-0.1431,-0.1966,-0.0047,-0.1657,0.0041,-0.1479,-0.1652,0.0022,-0.0073,0.0104,0.0121,-0.0007,0.0114,0.0076,-0.134,0.0075,-0.0786,-0.1165,-0.0011,-0.104,-0.0031,-0.0838,-0.104,0.0043,-0.0072,-0.0051,0.0035,-0.0012,0.0114,-0.0023,TRUE,TRUE
DTC_L_39,LanSi,1,CW_01,A,2026-03-21 14:19:28+08:00,ONLINE,FALSE,,CW_1_01,PASS,,,51.8753769,_2026032114192861902,T20260321141928,DESKTOP-P2DUL42,Loma,1,CW_1_01,2,paul di,2024.0718.155524,V20260126.2,CW_DTCL_DTCR_STC,T20260321142020,51.8753769,TRUE,TRUE,TRUE,TRUE,TRUE,TRUE,TRUE,4S2RND2HBL06DS,v1.0.1,2025_12_22,314.3037,321.9185,474.5113,301.2857,294.9934,151.3618,148.3987,341.5425,333.4539,488.4965,-6.3678,1.421,-0.0001,0,-0.2276,1.5575,-0.2172,1.5558,0.6671,155.7617,151.9785,149.8955,154.877,153.1282,0.8198,0.7858,0.8418,0.7924,0.7858,0.7933,0.7418,0.8028,0.7521,0.7418,0.8149,0.8156,0.8222,0.7707,0.709,0.7036,0.7821,0.7107,0.7036,0.8175,0.98,0.8404,0.8351,0.8175,0.8327,0.7586,0.7565,0.8397,0.8293,0.8094,0.807,0.7866,0.7565,0,0,0,0,0,v1.0.1,2025_12_22,314.292,322,475.5882,301.1691,294.9342,150.3553,147.2961,341.7039,333.6879,489.5816,-6.3403,1.462,-0.0001,0,-0.2279,1.558,-0.2169,1.5551,0.667,161.5391,157.751,163.4492,161.918,161.1643,0.677,0.6741,0.7034,0.6999,0.6741,0.6612,0.6262,0.6501,0.6529,0.6262,0.6494,0.6436,0.6537,0.6394,0.6056,0.6098,0.6605,0.6059,0.6056,0.6712,0.4193,0.6834,0.6727,0.4193,0.6564,0.652,0.6176,0.6937,0.6775,0.6739,0.6749,0.648,0.6176,0,0,0,0,0,v1.0.1,2025_12_22,313,314.3962,438,299.9455,299.1429,183.8824,184.5847,328.6525,327.0862,444.7759,-7.1372,-5.1695,-0.0001,-0.0001,-0.2146,1.5645,-0.21,1.5627,0.6756,175.9902,175.3359,173.1963,175.5352,175.0144,0.787,0.6641,0.8035,0.6728,0.6641,0.7528,0.621,0.7581,0.6671,0.621,0.7751,0.7675,0.7752,0.6925,0.6925,0.7285,0,0.7205,0.7342,0.7205,0,0,0,0,0,v1.0.1,2025_12_22,313.0485,314.2621,438.8214,299.7589,299.0169,182.9492,183.7966,328.8475,327.1466,445.5345,-7.134,-5.2296,-0.0001,-0.0001,-0.2143,1.5638,-0.2119,1.5633,0.6752,148.1094,143.6807,142.5684,145.3408,144.9248,0.6592,0.5746,0.6826,0.6002,0.5746,0.6338,0.541,0.6222,0.5877,0.541,0.641,0.6251,0.6462,0.6134,0.6134,0.5836,0.5102,0.5722,0.5945,0.5102,0,0,0,0,0,-0.0142,-0.0737,-0.0096,-0.0409,-0.0475,0.001,-0.0915,0.0022,-0.0458,-0.0505,-0.0084,-0.0033,0.0226,0.0067,-0.118,-0.1165,-0.0268,-0.0288,-0.0004,0.0062,-0.0104,-0.0467,0.0067,-0.0125,-0.0133,-0.0102,-0.0487,-0.0114,-0.0111,-0.0353,-0.0058,-0.0167,-0.0063,-0.0025,-0.0589,-0.051,-0.0005,-0.025,-0.0122,0.0078,-0.005,-0.1666,0.0084,-0.1451,-0.1279,0.0043,-0.1741,-0.0064,-0.0836,-0.1275,-0.0058,0.0032,0.017,-0.0036,-0.0046,-0.0179,0.0045,-0.1039,0.0124,-0.0806,-0.0801,-0.0051,-0.1149,-0.0085,-0.0641,-0.0897,0.0071,0.001,0.0087,0.0058,0.0058,-0.0117,-0.0197,TRUE,TRUE
DTC_L_40,LanSi,1,CW_01,B,2026-03-21 14:21:12+08:00,ONLINE,FALSE,,CW_1_01,PASS,,,51.5237348,_2026032114211283302,T20260321142112,DESKTOP-P2DUL42,Loma,1,CW_1_01,2,paul di,2024.0718.155524,V20260126.2,CW_DTCL_DTCR_STC,T20260321142204,51.5237348,TRUE,TRUE,TRUE,TRUE,TRUE,TRUE,TRUE,4S2RND2HBL06DS,v1.0.1,2025_12_22,314.1533,323.8102,474.3406,303.3406,294.9073,152.4636,148.1879,343.7584,333.4088,490.8686,-6.5004,3.3483,-0.0001,0,-0.2266,1.5584,-0.2191,1.5555,0.6671,154.7881,150.7812,148.6689,153.8848,152.0308,0.8201,0.7979,0.8402,0.8016,0.7979,0.7773,0.7519,0.8029,0.7583,0.7519,0.8174,0.8153,0.8203,0.7711,0.7557,0.7283,0.7539,0.6984,0.6984,0.8208,0.6585,0.8342,0.8254,0.6585,0.8368,0.7943,0.7736,0.8165,0.8374,0.8285,0.8051,0.7748,0.7736,0,0,0,0,0,v1.0.1,2025_12_22,314.1533,323.8102,475.4745,303.1168,294.8618,151.4737,147,344,333.7391,491.8913,-6.4543,3.3584,-0.0001,0,-0.2271,1.5588,-0.2197,1.5543,0.6666,163.3623,158.7451,164.9121,163.9385,162.7395,0.6843,0.668,0.6926,0.6993,0.668,0.6673,0.6215,0.6601,0.6493,0.6215,0.6689,0.65,0.665,0.6325,0.6174,0.6278,0.6344,0.6104,0.6104,0.6856,0.514,0.6767,0.6858,0.514,0.6582,0.6646,0.6347,0.6778,0.6546,0.6827,0.6682,0.6248,0.6248,0,0,0,0,0,v1.0.1,2025_12_22,312.8942,316.0288,437.8636,301.8182,299,185,184.459,330.7459,327,446.8974,-7.2566,-3.4019,-0.0001,0,-0.2127,1.5646,-0.2136,1.5629,0.6753,176.0303,175.1299,173.043,175.4102,174.9033,0.791,0.6847,0.8099,0.696,0.6847,0.7476,0.6336,0.7573,0.6762,0.6336,0.7836,0.7632,0.7683,0.7032,0.7032,0.7264,0,0.7155,0.7174,0.7155,0,0,0,0,0,v1.0.1,2025_12_22,312.8774,315.9528,438.7321,301.7321,299,184.1026,183.575,330.7333,327.0259,447.75,-7.2579,-3.4458,-0.0001,0,-0.212,1.5654,-0.2133,1.5633,0.6759,149.4795,144.3955,143.8506,147.0264,146.188,0.6627,0.5975,0.6749,0.6175,0.5975,0.6322,0.5539,0.6322,0.5831,0.5539,0.6313,0.6398,0.6385,0.6071,0.6071,0.5842,0.5511,0.589,0.5764,0.5511,0,0,0,0,0,-0.0139,-0.0616,-0.0112,-0.0317,-0.0354,-0.015,-0.0814,0.0023,-0.0396,-0.0404,-0.0059,-0.0036,0.0207,0.0071,-0.0713,-0.0918,-0.055,-0.0411,0.0029,0,-0.0031,-0.0528,-0.0041,-0.0131,-0.0194,-0.0041,-0.0534,-0.0014,-0.0147,-0.04,0.0137,-0.0103,0.005,-0.0094,-0.0471,-0.033,-0.0266,-0.0205,0.0022,0.0011,-0.001,-0.146,0.0148,-0.1219,-0.1073,-0.0009,-0.1615,-0.0072,-0.0745,-0.1149,0.0027,-0.0011,0.0101,0.0071,-0.0067,-0.0229,0.008,-0.081,0.0047,-0.0633,-0.0572,-0.0067,-0.102,0.0015,-0.0687,-0.0768,-0.0026,0.0157,0.001,-0.0005,-0.0005,-0.0111,-0.0029,TRUE,TRUE
DTC_R_40,LanSi,1,CW_01,A,2026-03-21 14:21:12+08:00,ONLINE,FALSE,,CW_1_01,PASS,,,51.5616334,_2026032114211281701,T20260321142112,DESKTOP-P2DUL42,Loma,1,CW_1_01,1,paul di,2024.0718.155524,V20260126.2,CW_DTCL_DTCR_STC,T20260321142204,51.5616334,TRUE,TRUE,TRUE,TRUE,TRUE,TRUE,TRUE,4S2RND2HBL0DP6,v1.0.1,2025_12_22,315,316.0863,474.9571,296.1071,295.0822,146.8562,149.3377,336.4901,335.5515,484.125,-5.5143,-3.5671,-0.0001,0,-0.2237,1.5531,-0.222,1.5486,0.664,156.1113,153.5166,153.1836,156.0059,154.7043,0.8696,0.8165,0.8731,0.8179,0.8165,0.8186,0.7654,0.8157,0.7641,0.7641,0.8026,0.8012,0.8204,0.8191,0.6987,0.6939,0.7437,0.697,0.6939,0.8508,0.8216,0.807,0.2461,0.2461,0.8343,0.7917,0.7781,0.8346,0.8116,0.8046,0.7627,0.8537,0.7627,0,0,0,0,0,v1.0.1,2025_12_22,315.0429,316.1071,475.9786,295.9571,295.0408,145.8367,148.18,336.68,335.8125,485.1875,-5.4891,-3.5463,-0.0001,0,-0.224,1.5533,-0.2222,1.5481,0.6638,163.8467,158.917,167.5361,166.7275,164.2568,0.7015,0.6752,0.7157,0.6953,0.6752,0.6704,0.6577,0.6592,0.6377,0.6377,0.6344,0.6519,0.647,0.6421,0.611,0.6138,0.615,0.6022,0.6022,0.6949,0.6594,0.6598,0.4524,0.4524,0.6465,0.6544,0.6675,0.6546,0.663,0.6798,0.6463,0.6791,0.6463,0,0,0,0,0,v1.0.1,2025_12_22,317.1574,327.75,441.5702,312.4298,302.5635,194.9365,188.5887,342.0968,331.9115,456,-3.1417,7.1426,0,0.0001,-0.222,1.5608,-0.2106,1.5557,0.671,176.9336,176.5752,176.9072,178.2178,177.1584,0.8096,0.6967,0.8227,0.6965,0.6965,0.765,0.6975,0.7788,0.6368,0.6368,0.7642,0.7512,0.7668,0.7445,0.7445,0.7332,0.6733,0.735,0,0.6733,0,0,0,0,0,v1.0.1,2025_12_22,317.1415,327.7547,442.5221,312.4513,302.464,194.128,187.6583,342.275,331.955,456.8108,-3.1518,7.184,0,0.0001,-0.2209,1.5609,-0.2112,1.556,0.6712,149.1191,144.4736,146.0352,147.0049,146.6582,0.665,0.5949,0.6811,0.603,0.5949,0.6377,0.5982,0.642,0.5541,0.5541,0.6414,0.6285,0.6421,0.6258,0.6258,0.5891,0.549,0.5946,0.5263,0.5263,0,0,0,0,0,0.0011,-0.0572,-0.0036,-0.0564,-0.052,0.0019,-0.055,-0.0023,-0.0683,-0.0526,-0.0255,-0.0098,0.004,0.002,-0.1078,-0.119,-0.0466,-0.1371,0.0095,0.0051,-0.0026,-0.0415,0.0017,-0.0221,-0.0289,-0.0169,-0.0139,-0.0067,-0.0513,-0.0282,-0.0303,-0.0084,-0.0168,-0.0176,-0.0445,-0.0523,-0.0127,-0.0466,0.0124,-0.008,0.0044,-0.1292,0.0047,-0.122,-0.1087,-0.0083,-0.0763,0.0051,-0.1463,-0.1365,-0.003,-0.0262,0.0188,0.006,-0.021,0.0113,0.0071,-0.0805,0.0074,-0.0706,-0.063,-0.0054,-0.0434,-0.0027,-0.0906,-0.0875,0.0096,-0.0189,0.0105,-0.0019,-0.0019,-0.0137,0.008,TRUE,TRUE
DTC_R_41,LanSi,1,CW_01,B,2026-03-21 14:23:21+08:00,ONLINE,FALSE,,CW_1_01,PASS,,,52.0666152,_2026032114232123401,T20260321142321,DESKTOP-P2DUL42,Loma,1,CW_1_01,1,paul di,2024.0718.155524,V20260126.2,CW_DTCL_DTCR_STC,T20260321142413,52.0666152,TRUE,TRUE,TRUE,TRUE,TRUE,TRUE,TRUE,4S2RND2HBL0DP6,v1.0.1,2025_12_22,315,316.0863,474.7704,296.0667,295.0822,146.8562,149.3816,336.5,335.4058,483.8188,-5.572,-3.6344,-0.0001,0,-0.2241,1.5531,-0.2221,1.5492,0.664,156.6592,153.8652,153.4219,156.293,155.0598,0.8651,0.8283,0.8806,0.8283,0.8283,0.8321,0.755,0.8228,0.7622,0.755,0.809,0.8096,0.8205,0.8199,0.7579,0.7339,0.7372,0.7073,0.7073,0.8438,0.8161,0.8149,0.98,0.8149,0.8435,0.7924,0.7835,0.827,0.812,0.8198,0.7397,0.8406,0.7397,0,0,0,0,0,v1.0.1,2025_12_22,315,316.0863,475.9362,295.9362,295.0479,145.8836,148.2517,336.6954,335.6389,484.8056,-5.5251,-3.6186,-0.0001,0,-0.224,1.5536,-0.2225,1.5486,0.6639,163.9521,157.8193,166.7314,166.0703,163.6433,0.7079,0.6927,0.7158,0.6938,0.6927,0.6825,0.6372,0.6717,0.6521,0.6372,0.6571,0.6541,0.6642,0.6568,0.6321,0.6147,0.612,0.6136,0.612,0.6837,0.6677,0.6691,0.3052,0.3052,0.6353,0.6579,0.6569,0.6784,0.6585,0.6293,0.629,0.6712,0.629,0,0,0,0,0,v1.0.1,2025_12_22,317.0849,327.6698,441.5478,312.3826,302.464,195.128,188.5285,342.187,331.7478,456.0522,-3.2254,7.1839,0,0.0001,-0.2217,1.5604,-0.2119,1.5566,0.6708,177.4814,176.7207,177.1035,178.3584,177.416,0.8012,0.7218,0.8203,0.7126,0.7126,0.7624,0.6435,0.78,0.6474,0.6435,0.7658,0.7659,0.7664,0.7435,0.7435,0.735,0.6759,0.7289,0,0.6759,0,0,0,0,0,v1.0.1,2025_12_22,317.0849,327.6698,442.2832,312.3186,302.3306,194.3145,187.605,342.395,331.7232,456.75,-3.2946,7.1896,0,0.0001,-0.2215,1.5601,-0.2127,1.5574,0.6708,149.0283,143.3408,145.083,146.5879,146.01,0.6626,0.6154,0.6792,0.6099,0.6099,0.6473,0.5698,0.6489,0.5541,0.5541,0.6437,0.6405,0.6514,0.6234,0.6234,0.5976,0.5527,0.5733,0.4549,0.4549,0,0,0,0,0,-0.0034,-0.0454,0.0039,-0.046,-0.0402,0.0154,-0.0654,0.0048,-0.0702,-0.0617,-0.0191,-0.0014,0.0041,0.0028,-0.0486,-0.079,-0.0531,-0.1268,0.0025,0.013,0.0038,-0.024,0.0018,-0.0236,-0.0114,-0.0048,-0.0344,0.0058,-0.0369,-0.0287,-0.0076,-0.0062,0.0004,-0.0029,-0.0234,-0.0514,-0.0157,-0.0352,0.0012,0.0013,-0.004,-0.1041,0.0023,-0.1059,-0.0926,-0.0109,-0.1303,0.0063,-0.1357,-0.1298,-0.0014,-0.0115,0.0184,0.005,-0.0192,0.0052,0.0047,-0.06,0.0055,-0.0637,-0.048,0.0042,-0.0718,0.0042,-0.0906,-0.0875,0.0119,-0.0069,0.0198,-0.0043,-0.0043,-0.0052,-0.0133,TRUE,TRUE
DTC_L_41,LanSi,1,CW_01,C,2026-03-21 14:23:21+08:00,ONLINE,FALSE,,CW_1_01,PASS,,,51.9210043,_2026032114232135602,T20260321142321,DESKTOP-P2DUL42,Loma,1,CW_1_01,2,paul di,2024.0718.155524,V20260126.2,CW_DTCL_DTCR_STC,T20260321142413,51.9210043,TRUE,TRUE,TRUE,TRUE,TRUE,TRUE,TRUE,4S2RND2HBL06DS,v1.0.1,2025_12_22,315.5401,321.6204,475.9037,300.4519,296.8067,149.7133,150.0789,341.5,334.7464,487.971,-4.8848,0.7513,0,0,-0.2307,1.5617,-0.2191,1.5553,0.6668,154.9805,150.4941,146.6934,154.2246,151.5981,0.8267,0.8065,0.8473,0.7761,0.7761,0.7608,0.7568,0.7982,0.7261,0.7261,0.8056,0.8135,0.821,0.7677,0.7281,0.7354,0.7417,0.7097,0.7097,0.8114,0.98,0.8111,0.7892,0.7892,0.839,0.7072,0.7059,0.836,0.8194,0.7797,0.7754,0.7859,0.7059,0,0,0,0,0,v1.0.1,2025_12_22,315.539,321.617,477.0213,300.3191,296.6452,148.8,148.9595,341.5811,334.9353,489.0647,-4.88,0.7764,0,0,-0.2306,1.5614,-0.2188,1.555,0.6667,161.2559,157.4424,161.7861,161.9678,160.613,0.6842,0.6847,0.6941,0.6937,0.6842,0.6451,0.6449,0.6519,0.6458,0.6449,0.6481,0.6498,0.6455,0.6351,0.6142,0.6305,0.6261,0.6198,0.6142,0.6935,0.4631,0.6716,0.6635,0.4631,0.6502,0.611,0.5962,0.6652,0.669,0.679,0.6591,0.6248,0.5962,0,0,0,0,0,v1.0.1,2025_12_22,314.0849,313.6698,439.2679,299.2679,300.5424,182.4237,186.065,328.5854,328.0526,444.5,-5.8974,-5.8106,-0.0001,-0.0001,-0.214,1.5675,-0.2155,1.5639,0.6755,176.6787,175.0488,170.998,176.082,174.7019,0.7882,0.7113,0.8007,0.6936,0.6936,0.7167,0.6535,0.7639,0.6385,0.6385,0.7606,0.7584,0.7643,0.6977,0.6977,0.7407,0,0.721,0.666,0.666,0,0,0,0,0,v1.0.1,2025_12_22,314.0481,313.875,440.0364,299.1545,300.5,181.7541,185.2231,328.6612,328.1207,445.3103,-5.9143,-5.749,-0.0001,-0.0001,-0.2158,1.5681,-0.2138,1.5636,0.6755,147.8203,143.3721,141.0557,145.3438,144.3979,0.6571,0.5846,0.6732,0.6181,0.5846,0.6224,0.5606,0.6216,0.5726,0.5606,0.6315,0.6231,0.6324,0.6069,0.6069,0.5697,0.4904,0.5837,0.5555,0.4904,0,0,0,0,0,-0.0073,-0.053,-0.0041,-0.0572,-0.0572,-0.0315,-0.0765,-0.0024,-0.0718,-0.0662,-0.0177,-0.0054,0.0214,0.0037,-0.0989,-0.0847,-0.0672,-0.0298,-0.0065,-0.0231,-0.0032,-0.0361,-0.0026,-0.0187,-0.0032,-0.0263,-0.03,-0.0096,-0.0182,-0.0166,-0.0071,-0.0105,-0.0145,-0.0068,-0.0503,-0.0303,-0.0349,-0.0111,0.0101,-0.004,-0.0038,-0.1194,0.0056,-0.1243,-0.0984,-0.0318,-0.1416,-0.0006,-0.1122,-0.11,-0.0203,-0.0059,0.0061,0.0016,0.0076,-0.0174,0.0024,-0.0939,0.003,-0.0627,-0.0701,-0.0165,-0.0953,-0.0091,-0.0792,-0.0701,-0.0024,-0.001,-0.0051,-0.0007,-0.0007,-0.0256,-0.0082,TRUE,TRUE
DTC_R_42,LanSi,1,CW_01,C,2026-03-21 14:25:35+08:00,ONLINE,FALSE,,CW_1_01,PASS,,,51.7832735,_2026032114253591301,T20260321142535,DESKTOP-P2DUL42,Loma,1,CW_1_01,1,paul di,2024.0718.155524,V20260126.2,CW_DTCL_DTCR_STC,T20260321142627,51.7832735,TRUE,TRUE,TRUE,TRUE,TRUE,TRUE,TRUE,4S2RND2HBL0DP6,v1.0.1,2025_12_22,315.1691,316.7647,475.4179,296.9627,295.1901,147.8169,149.3467,336.7667,335.8784,484.3716,-5.2996,-2.9635,-0.0001,0,-0.2224,1.5526,-0.2195,1.5473,0.6645,155.0166,152.3154,151.7988,154.7432,153.4685,0.872,0.7974,0.8716,0.7868,0.7868,0.8158,0.7526,0.8215,0.7535,0.7526,0.8112,0.8053,0.8112,0.8207,0.7346,0.7445,0.7607,0.776,0.7346,0.8278,0.7979,0.8126,0.98,0.7979,0.8503,0.7674,0.767,0.8126,0.7893,0.7248,0.802,0.8376,0.7248,0,0,0,0,0,v1.0.1,2025_12_22,315.1679,316.7153,476.5185,296.8815,295.1172,146.9862,148.0479,337,335.9801,485.457,-5.3337,-2.892,-0.0001,0,-0.2218,1.5527,-0.2203,1.5476,0.6645,162.8975,157.7422,165.9971,165.374,163.0027,0.706,0.6631,0.7159,0.6804,0.6631,0.6872,0.6338,0.6636,0.6393,0.6338,0.6429,0.6568,0.6647,0.6638,0.6317,0.6347,0.6268,0.6313,0.6268,0.6771,0.65,0.6651,0.1911,0.1911,0.637,0.6483,0.6431,0.6799,0.6472,0.6138,0.6317,0.6659,0.6138,0,0,0,0,0,v1.0.1,2025_12_22,317.1923,328.0385,442,313,302.5197,195.9528,188.5378,342.3697,331.9561,455.7632,-3.0588,7.5248,0,0.0001,-0.2194,1.5596,-0.2104,1.5552,0.6713,176.9775,176.5,176.5098,178.1709,177.0396,0.7989,0.6571,0.8197,0.6423,0.6423,0.7709,0.6142,0.778,0.6288,0.6142,0.7536,0.7698,0.7626,0.7509,0.7509,0.7624,0.6635,0.7262,0,0.6635,0,0,0,0,0,v1.0.1,2025_12_22,317.1923,328.0385,442.8716,312.8716,302.4444,195.0794,187.6639,342.418,332.027,456.6306,-3.0601,7.5076,0,0.0001,-0.2196,1.5598,-0.21,1.5554,0.6714,148.0303,143.0371,144.4736,145.7197,145.3152,0.663,0.5651,0.6639,0.565,0.565,0.6454,0.5468,0.646,0.5528,0.5468,0.6229,0.6376,0.6383,0.645,0.6229,0.5863,0.5438,0.5717,0.412,0.412,0,0,0,0,0,0.0035,-0.0763,-0.0051,-0.0875,-0.0817,-0.0009,-0.0678,0.0035,-0.0789,-0.0641,-0.0169,-0.0057,-0.0052,0.0036,-0.0719,-0.0684,-0.0296,-0.0581,-0.0135,0.0107,0.0019,-0.0536,0.0019,-0.037,-0.041,-0.0001,-0.0378,-0.0023,-0.0497,-0.0321,-0.0218,-0.0035,0.0009,0.0041,-0.0238,-0.0314,-0.0009,-0.0175,-0.0054,-0.0027,-0.0063,-0.1688,0.0017,-0.1762,-0.1629,-0.0024,-0.1596,0.0043,-0.1543,-0.1591,-0.0136,-0.0076,0.0146,0.0124,0.0082,0.0025,0.0051,-0.1103,-0.0098,-0.1086,-0.0929,0.0023,-0.0948,0.0013,-0.0919,-0.0948,-0.0089,-0.0098,0.0067,0.0173,-0.0048,-0.0165,-0.0149,TRUE,TRUE
DTC_L_42,LanSi,1,CW_01,A,2026-03-21 14:25:36+08:00,ONLINE,FALSE,,CW_1_01,PASS,,,51.6975017,_2026032114253619502,T20260321142536,DESKTOP-P2DUL42,Loma,1,CW_1_01,2,paul di,2024.0718.155524,V20260126.2,CW_DTCL_DTCR_STC,T20260321142627,51.6975017,TRUE,TRUE,TRUE,TRUE,TRUE,TRUE,TRUE,4S2RND2HBL06DS,v1.0.1,2025_12_22,314.3507,323.0896,474.5,303,294.9801,152.457,148.4967,342.8758,333.6786,489.3714,-6.2988,2.6588,-0.0001,0,-0.2243,1.5572,-0.2182,1.5546,0.6673,155.3398,151.1924,148.918,154.1357,152.3965,0.8228,0.7998,0.84,0.7903,0.7903,0.7794,0.7601,0.7987,0.7614,0.7601,0.8235,0.8022,0.822,0.7744,0.7455,0.7258,0.7825,0.6961,0.6961,0.8005,0.98,0.8208,0.8156,0.8005,0.8521,0.9033,0.7803,0.843,0.8393,0.8249,0.788,0.7732,0.7732,0,0,0,0,0,v1.0.1,2025_12_22,314.2815,323.1556,475.7391,302.8913,294.9408,151.4342,147.3576,343.1126,333.7606,490.5,-6.2841,2.7187,-0.0001,0,-0.2243,1.5581,-0.2185,1.5544,0.6674,161.8311,156.9219,162.9561,162.6309,161.085,0.6893,0.6823,0.6925,0.7112,0.6823,0.6624,0.6404,0.6625,0.6442,0.6404,0.6591,0.6465,0.659,0.6352,0.6266,0.6269,0.6339,0.6145,0.6145,0.6748,0.0542,0.6791,0.6817,0.0542,0.6639,0.6595,0.6454,0.6886,0.6864,0.6841,0.6668,0.6417,0.6417,0,0,0,0,0,v1.0.1,2025_12_22,312.981,315.5524,438.0185,301.4074,299.0169,184.9492,184.6423,330.0407,327.0769,445.8291,-7.1529,-3.9443,-0.0001,0,-0.2121,1.5638,-0.2119,1.5625,0.6756,175.2959,174.1201,171.7783,174.166,173.8401,0.7933,0.6824,0.8085,0.69,0.6824,0.7567,0.6457,0.7516,0.6689,0.6457,0.7813,0.767,0.7633,0.6992,0.6992,0.7271,0,0.7354,0.7179,0.7179,0,0,0,0,0,v1.0.1,2025_12_22,313,315.5,438.7699,301.2301,299,184.1026,183.6612,330.2231,327.1379,446.5,-7.1862,-3.9888,-0.0001,0,-0.2125,1.5641,-0.2128,1.5628,0.6754,148.5078,142.877,142.1348,145.9473,144.8667,0.6476,0.5857,0.6642,0.6072,0.5857,0.6317,0.5712,0.6243,0.5835,0.5712,0.627,0.6241,0.6348,0.6196,0.6196,0.5875,0.3627,0.5884,0.564,0.3627,0,0,0,0,0,-0.0112,-0.0597,-0.0114,-0.043,-0.043,-0.0129,-0.0732,-0.0019,-0.0365,-0.0322,0.0002,-0.0167,0.0224,0.0104,-0.0815,-0.0943,-0.0264,-0.0434,-0.0174,-0.0134,0.0019,-0.0385,-0.0042,-0.0012,-0.0051,-0.009,-0.0345,0.001,-0.0198,-0.0211,0.0039,-0.0138,-0.001,-0.0067,-0.0379,-0.0339,-0.0271,-0.0164,-0.0086,0.0035,0.0013,-0.1483,0.0134,-0.1279,-0.1096,0.0082,-0.1494,-0.0129,-0.0818,-0.1028,0.0004,0.0027,0.0051,0.0031,-0.006,-0.003,-0.0071,-0.0928,-0.006,-0.0736,-0.069,-0.0072,-0.0847,-0.0064,-0.0683,-0.0595,-0.0069,0,-0.0027,0.012,0.012,-0.0078,-0.0035,TRUE,TRUE
DTC_R_43,LanSi,1,CW_01,A,2026-03-21 14:27:17+08:00,ONLINE,FALSE,,CW_1_01,PASS,,,52.0833588,_2026032114271731601,T20260321142717,DESKTOP-P2DUL42,Loma,1,CW_1_01,1,paul di,2024.0718.155524,V20260126.2,CW_DTCL_DTCR_STC,T20260321142809,52.0833588,TRUE,TRUE,TRUE,TRUE,TRUE,TRUE,TRUE,4S2RND2HBL0DP6,v1.0.1,2025_12_22,315.2868,317.4926,475.8088,297.9044,295.619,148.6395,149.5425,337.817,336.0268,485.3154,-5.0432,-2.0662,-0.0001,0,-0.2209,1.5543,-0.2215,1.5473,0.6648,155.46,152.9023,152.5928,155.2246,154.0449,0.8666,0.7966,0.871,0.7812,0.7812,0.8322,0.7441,0.8272,0.74,0.74,0.8161,0.814,0.8111,0.8198,0.7251,0.7327,0.7723,0.7432,0.7251,0.8227,0.8058,0.8062,0.7562,0.7562,0.8484,0.7775,0.762,0.8104,0.7979,0.7165,0.8414,0.8422,0.7165,0,0,0,0,0,v1.0.1,2025_12_22,315.2143,317.5,476.8768,297.8478,295.4564,147.5973,148.3129,337.9592,336.1007,486.3289,-5.1078,-2.0534,-0.0001,0,-0.2205,1.5545,-0.2215,1.5472,0.6649,163.667,157.7793,166.4697,166.1377,163.5134,0.7097,0.6848,0.7063,0.6714,0.6714,0.6927,0.6385,0.6694,0.6266,0.6266,0.6606,0.651,0.6581,0.6524,0.6217,0.6355,0.6272,0.616,0.616,0.6773,0.645,0.6588,0.1212,0.1212,0.6586,0.6679,0.6489,0.6744,0.6551,0.59,0.6373,0.6658,0.59,0,0,0,0,0,v1.0.1,2025_12_22,317.271,328.785,442.3009,313.8584,302.623,196.7623,188.6179,343.1382,332.027,456.6306,-2.932,8.3349,0,0.0001,-0.2183,1.5598,-0.2106,1.5554,0.6716,177.6533,177.4697,177.5068,178.667,177.8242,0.8135,0.665,0.8169,0.6157,0.6157,0.78,0.628,0.7773,0.6164,0.6164,0.7772,0.7759,0.7611,0.7422,0.7422,0.7463,0.6627,0.7484,0,0.6627,0,0,0,0,0,v1.0.1,2025_12_22,317.2476,328.9619,443.0893,313.8393,302.5635,195.9365,187.7541,343.3689,332.0727,457.5,-2.9546,8.4213,0,0.0001,-0.2191,1.5603,-0.2103,1.5555,0.6716,148.998,143.5293,145.1074,146.6357,146.0676,0.676,0.5618,0.6835,0.5592,0.5592,0.6438,0.5556,0.6418,0.5343,0.5343,0.634,0.6314,0.6374,0.6317,0.6314,0.5992,0.551,0.5777,0.4043,0.4043,0,0,0,0,0,-0.0019,-0.0771,-0.0057,-0.0931,-0.0873,0.0155,-0.0763,0.0092,-0.0924,-0.0767,-0.012,0.003,-0.0053,0.0027,-0.0814,-0.0802,-0.018,-0.0909,-0.0186,0.0043,0.0056,-0.0319,-0.0077,-0.046,-0.0327,0.0054,-0.0331,0.0035,-0.0624,-0.0393,-0.0041,-0.0093,-0.0057,-0.0073,-0.0338,-0.0306,-0.0005,-0.0328,-0.0052,-0.009,0.0083,-0.1609,-0.0011,-0.2028,-0.1895,0.0067,-0.1458,0.0036,-0.1667,-0.1569,0.01,-0.0015,0.0131,0.0037,-0.0079,0.0247,0.0181,-0.1136,0.0098,-0.1144,-0.0987,0.0007,-0.086,-0.0029,-0.1104,-0.1073,0.0022,-0.016,0.0058,0.004,0.0037,-0.0036,-0.0089,TRUE,TRUE
DTC_L_43,LanSi,1,CW_01,B,2026-03-21 14:27:17+08:00,ONLINE,FALSE,,CW_1_01,PASS,,,52.0833588,_2026032114271731602,T20260321142717,DESKTOP-P2DUL42,Loma,1,CW_1_01,2,paul di,2024.0718.155524,V20260126.2,CW_DTCL_DTCR_STC,T20260321142809,52.0833588,TRUE,TRUE,TRUE,TRUE,TRUE,TRUE,TRUE,4S2RND2HBL06DS,v1.0.1,2025_12_22,314.4511,322.8346,474.5149,302.3358,294.94,151.6533,148.5,342.3421,333.5396,488.5252,-6.3109,2.0382,-0.0001,0,-0.2269,1.5568,-0.2165,1.5556,0.6673,155.9678,151.4775,149.6426,155.1299,153.0544,0.8221,0.7995,0.8397,0.7909,0.7909,0.7761,0.7636,0.7983,0.739,0.739,0.8238,0.8065,0.8213,0.7721,0.7482,0.7283,0.7587,0.6809,0.6809,0.8098,0.7214,0.8238,0.8378,0.7214,0.8388,0.76,0.7431,0.8389,0.8357,0.8303,0.8096,0.772,0.7431,0,0,0,0,0,v1.0.1,2025_12_22,314.3309,322.7941,475.635,302.219,294.8067,150.7133,147.44,342.44,333.7324,489.5704,-6.311,2.0474,-0.0001,0,-0.2264,1.5573,-0.2167,1.5545,0.6672,161.2031,157.3174,162.999,162.0439,160.8909,0.6795,0.685,0.6961,0.6932,0.6795,0.6673,0.6368,0.6489,0.6482,0.6368,0.6445,0.6562,0.6508,0.6385,0.6267,0.6278,0.6268,0.5881,0.5881,0.6689,0.5197,0.6855,0.6905,0.5197,0.6525,0.6331,0.6281,0.6739,0.6829,0.6911,0.689,0.6313,0.6281,0,0,0,0,0,v1.0.1,2025_12_22,313,315.0971,437.9541,300.9174,299.0339,184.1441,184.5583,329.4167,327,445.1026,-7.1907,-4.5644,-0.0001,0,-0.2125,1.564,-0.2105,1.563,0.676,176.1768,174.9072,172.6826,175.1924,174.7397,0.787,0.6849,0.8007,0.6749,0.6749,0.7376,0.6511,0.769,0.6429,0.6429,0.7731,0.7647,0.7545,0.7078,0.7078,0.7358,0,0.7152,0.7332,0.7152,0,0,0,0,0,v1.0.1,2025_12_22,313,315,438.7321,300.7321,298.9304,183.3652,183.7459,329.5656,327,445.8974,-7.2183,-4.5879,-0.0001,0,-0.2125,1.5638,-0.2117,1.5637,0.6758,147.8213,143.0732,141.9014,145.4141,144.5525,0.6594,0.5822,0.683,0.5968,0.5822,0.6225,0.5597,0.6265,0.5634,0.5597,0.6453,0.6348,0.6348,0.6123,0.6123,0.5887,0.5133,0.5938,0.5692,0.5133,0,0,0,0,0,-0.0119,-0.06,-0.0117,-0.0424,-0.0424,-0.0162,-0.0697,-0.0023,-0.0589,-0.0533,0.0005,-0.0124,0.0217,0.0081,-0.0788,-0.0918,-0.0502,-0.0586,-0.0081,-0.0104,-0.0079,-0.0358,-0.0006,-0.0192,-0.0079,-0.0041,-0.0381,-0.0126,-0.0158,-0.0247,-0.0107,-0.0041,-0.0092,-0.0034,-0.0378,-0.033,-0.0342,-0.0428,-0.0145,0.0099,-0.005,-0.1458,0.0056,-0.143,-0.1171,-0.0109,-0.144,0.0045,-0.1078,-0.1056,-0.0078,0.0004,-0.0037,0.0117,0.0027,-0.0232,0.0047,-0.0963,0.0128,-0.084,-0.0725,-0.0164,-0.0962,-0.0042,-0.0884,-0.071,0.0114,0.0107,-0.0027,0.0047,0.0047,-0.0066,0.0019,TRUE,TRUE
DTC_R_44,LanSi,1,CW_01,B,2026-03-21 14:29:51+08:00,ONLINE,FALSE,,CW_1_01,PASS,,,51.6768075,_2026032114295162501,T20260321142951,DESKTOP-P2DUL42,Loma,1,CW_1_01,1,paul di,2024.0718.155524,V20260126.2,CW_DTCL_DTCR_STC,T20260321143043,51.6768075,TRUE,TRUE,TRUE,TRUE,TRUE,TRUE,TRUE,4S2RND2HBL0DP6,v1.0.1,2025_12_22,314.9783,315.9565,474.8467,295.8102,295.1769,146.4694,149.3487,336.3224,335.4097,483.5903,-5.5479,-3.8702,-0.0001,0,-0.2248,1.554,-0.2218,1.549,0.6641,154.8164,152.7217,152.1631,154.71,153.6028,0.8706,0.8337,0.8916,0.8269,0.8269,0.8246,0.7341,0.8248,0.7593,0.7341,0.7973,0.8116,0.8065,0.8087,0.7595,0.7028,0.7283,0.7037,0.7028,0.843,0.7972,0.7846,0.98,0.7846,0.8302,0.782,0.7621,0.8296,0.7946,0.8451,0.7521,0.8399,0.7521,0,0,0,0,0,v1.0.1,2025_12_22,314.9568,316,475.8478,295.7609,295,145.5,148.12,336.42,335.5903,484.5903,-5.597,-3.8458,-0.0001,0,-0.2246,1.5538,-0.2213,1.5485,0.6641,163.2383,157.1699,165.54,165.8535,162.9504,0.7067,0.691,0.7115,0.6993,0.691,0.681,0.6393,0.6738,0.6413,0.6393,0.6406,0.65,0.6629,0.6586,0.6269,0.6275,0.5874,0.5978,0.5874,0.6879,0.6429,0.6607,0.3061,0.3061,0.6479,0.644,0.6419,0.6746,0.6607,0.6397,0.6435,0.6863,0.6397,0,0,0,0,0,v1.0.1,2025_12_22,317.0187,327.4486,441.5044,312.2212,302.4127,194.8968,188.5289,341.7107,331.6903,455.6549,-3.269,6.8865,0,0.0001,-0.2212,1.5605,-0.21,1.5563,0.6714,176.8672,177.0527,176.709,177.8994,177.1321,0.799,0.7204,0.8252,0.7057,0.7057,0.7708,0.6481,0.7798,0.6394,0.6394,0.7695,0.7549,0.7571,0.7458,0.7458,0.7468,0.6633,0.708,0,0.6633,0,0,0,0,0,v1.0.1,2025_12_22,317.0187,327.5514,442.3273,312.1909,302.315,194.0945,187.544,341.88,331.7368,456.5,-3.3116,6.9434,0,0.0001,-0.2215,1.5605,-0.2097,1.5566,0.6715,148.2969,142.3613,143.9668,146.4551,145.27,0.6782,0.5985,0.6771,0.6076,0.5985,0.6313,0.5799,0.6529,0.5559,0.5559,0.6231,0.6278,0.6399,0.6233,0.6231,0.5907,0.5517,0.577,0.4197,0.4197,0,0,0,0,0,0.0021,-0.04,0.0149,-0.0474,-0.0416,0.0079,-0.0863,0.0068,-0.0731,-0.0826,-0.0308,0.0006,-0.0099,-0.0084,-0.047,-0.1101,-0.062,-0.1304,0.0017,-0.0173,0.0026,-0.0257,-0.0025,-0.0181,-0.0131,-0.0063,-0.0323,0.0079,-0.0477,-0.0266,-0.0241,-0.0103,-0.0009,-0.0011,-0.0286,-0.0386,-0.0403,-0.051,0.0054,-0.0071,-0.0062,-0.1055,0.0072,-0.1128,-0.0995,-0.0025,-0.1257,0.0061,-0.1437,-0.1339,0.0023,-0.0225,0.0091,0.0073,-0.0074,-0.0157,0.0203,-0.0769,0.0034,-0.066,-0.0594,-0.0118,-0.0617,0.0082,-0.0888,-0.0857,-0.0087,-0.0196,0.0083,-0.0044,-0.0046,-0.0121,-0.0096,TRUE,TRUE
DTC_L_44,LanSi,1,CW_01,C,2026-03-21 14:29:51+08:00,ONLINE,FALSE,,CW_1_01,PASS,,,51.8164342,_2026032114295150202,T20260321142951,DESKTOP-P2DUL42,Loma,1,CW_1_01,2,paul di,2024.0718.155524,V20260126.2,CW_DTCL_DTCR_STC,T20260321143043,51.8164342,TRUE,TRUE,TRUE,TRUE,TRUE,TRUE,TRUE,4S2RND2HBL06DS,v1.0.1,2025_12_22,314.3037,322.9185,474.5259,302.637,294.9272,151.9868,148.2632,342.6513,333.6296,488.9556,-6.3701,2.3298,-0.0001,0,-0.2254,1.5574,-0.2178,1.5544,0.6672,155.9092,151.873,149.6689,155.1299,153.1453,0.8256,0.8027,0.8362,0.7975,0.7975,0.776,0.7612,0.8037,0.7508,0.7508,0.8149,0.8142,0.8135,0.7751,0.7519,0.7217,0.7517,0.6894,0.6894,0.7996,0.6334,0.8378,0.8381,0.6334,0.8474,0.7779,0.7616,0.8215,0.818,0.8289,0.7908,0.773,0.7616,0,0,0,0,0,v1.0.1,2025_12_22,314.3235,322.9632,475.6312,302.5248,294.9013,150.9474,147.0414,342.931,333.8286,489.9857,-6.3548,2.3704,-0.0001,0,-0.2255,1.5578,-0.2183,1.554,0.667,161.4082,157.3584,163.0244,161.9492,160.9351,0.6909,0.681,0.695,0.6939,0.681,0.6558,0.6307,0.6516,0.6418,0.6307,0.6503,0.6489,0.6473,0.6351,0.6192,0.6192,0.6393,0.6161,0.6161,0.6663,0.5079,0.6787,0.6815,0.5079,0.6621,0.6505,0.625,0.6876,0.6815,0.6984,0.6638,0.6503,0.625,0,0,0,0,0,v1.0.1,2025_12_22,312.9048,315.2762,437.991,301.1081,299.0435,184.5304,184.4667,329.6833,327.0526,445.5,-7.2083,-4.2804,-0.0001,0,-0.2123,1.5647,-0.2112,1.5621,0.6758,175.9512,174.998,172.7949,175.4004,174.7861,0.783,0.6824,0.8097,0.6911,0.6824,0.7411,0.6502,0.7639,0.6693,0.6502,0.7799,0.7641,0.7679,0.6936,0.6936,0.7261,0,0.7172,0.7214,0.7172,0,0,0,0,0,v1.0.1,2025_12_22,312.8857,315.1714,438.7117,300.8468,298.9655,183.75,183.575,329.7333,327.0862,446.2241,-7.2552,-4.3549,-0.0001,0,-0.2128,1.5648,-0.2116,1.5623,0.6757,147.916,143.166,142.2109,145.3037,144.6492,0.6441,0.593,0.6757,0.5994,0.593,0.6146,0.5541,0.6335,0.587,0.5541,0.6459,0.6229,0.6503,0.6197,0.6197,0.5816,0.5324,0.5685,0.5832,0.5324,0,0,0,0,0,-0.0084,-0.0568,-0.0152,-0.0358,-0.0358,-0.0163,-0.0721,0.0031,-0.0471,-0.0415,-0.0084,-0.0047,0.0139,0.0111,-0.0751,-0.0984,-0.0572,-0.0501,-0.0183,0.0036,0.0035,-0.0398,-0.0017,-0.0185,-0.0064,-0.0156,-0.0442,-0.0099,-0.0222,-0.0308,-0.0049,-0.0114,-0.0127,-0.0068,-0.0453,-0.0416,-0.0217,-0.0148,-0.0171,0.0031,-0.009,-0.1483,0.0146,-0.1268,-0.1096,-0.0074,-0.1449,-0.0006,-0.0814,-0.0983,-0.001,-0.0002,0.0097,-0.0025,-0.007,-0.0212,-0.0106,-0.0855,0.0055,-0.0814,-0.0617,-0.0243,-0.1018,0.0028,-0.0648,-0.0766,0.012,-0.0012,0.0128,0.0121,0.0121,-0.0137,-0.0234,TRUE,TRUE
DTC_L_45,LanSi,1,CW_01,A,2026-03-21 14:31:39+08:00,ONLINE,FALSE,,CW_1_01,PASS,,,51.5802628,_2026032114313954702,T20260321143139,DESKTOP-P2DUL42,Loma,1,CW_1_01,2,paul di,2024.0718.155524,V20260126.2,CW_DTCL_DTCR_STC,T20260321143231,51.5802628,TRUE,TRUE,TRUE,TRUE,TRUE,TRUE,TRUE,4S2RND2HBL06DS,v1.0.1,2025_12_22,315.2148,322.7778,475.5821,301.9627,296.42,151.6933,149.8146,342.5695,334.6148,488.1259,-5.1707,1.9259,-0.0001,0,-0.2286,1.5609,-0.2186,1.5535,0.6668,155.1377,151.3438,149.2324,154.1738,152.4719,0.822,0.7848,0.843,0.8001,0.7848,0.7791,0.7623,0.8077,0.7425,0.7425,0.8049,0.8116,0.8201,0.7724,0.7373,0.7305,0.7339,0.6885,0.6885,0.8139,0.98,0.8235,0.7663,0.7663,0.8474,0.763,0.7397,0.8315,0.8268,0.783,0.7614,0.7803,0.7397,0,0,0,0,0,v1.0.1,2025_12_22,315.2555,322.7518,476.7153,301.9343,296.2148,150.8658,148.6078,342.6667,334.7664,489.2117,-5.188,1.986,-0.0001,0,-0.2277,1.56,-0.2184,1.5536,0.6669,162.6621,158.0361,163.998,163.6191,162.0789,0.6844,0.6686,0.7021,0.6932,0.6686,0.6726,0.6397,0.6597,0.6472,0.6397,0.6525,0.6451,0.6599,0.6455,0.6237,0.629,0.6324,0.6013,0.6013,0.6793,0.3999,0.6763,0.6601,0.3999,0.6496,0.6535,0.6326,0.6689,0.6604,0.6646,0.6721,0.6497,0.6326,0,0,0,0,0,v1.0.1,2025_12_22,313.9712,315.0481,438.8649,300.5766,300.377,184.2377,185.952,329.6,328.0431,444.8707,-6.0584,-4.6334,-0.0001,0,-0.2148,1.5667,-0.2127,1.5623,0.6754,175.4434,174.6689,172.4688,174.7842,174.3413,0.7749,0.6824,0.8014,0.685,0.6824,0.75,0.6572,0.769,0.658,0.6572,0.7628,0.7762,0.7599,0.7097,0.7097,0.722,0,0.7152,0.6633,0.6633,0,0,0,0,0,v1.0.1,2025_12_22,313.9223,314.9223,439.6174,300.4522,300.4068,183.5,185.0726,329.6532,328,445.8974,-6.0962,-4.615,-0.0001,0,-0.2141,1.5678,-0.2133,1.5632,0.6759,149.3604,144.2578,143.0176,146.875,145.8777,0.6569,0.5932,0.6685,0.6014,0.5932,0.6255,0.5548,0.6255,0.5863,0.5548,0.6393,0.6321,0.6427,0.615,0.615,0.5841,0.4979,0.5826,0.5434,0.4979,0,0,0,0,0,-0.012,-0.0747,-0.0084,-0.0332,-0.0485,-0.0132,-0.071,0.0071,-0.0554,-0.0498,-0.0184,-0.0073,0.0205,0.0084,-0.0897,-0.0896,-0.075,-0.051,-0.004,-0.0107,-0.003,-0.0522,0.0054,-0.0192,-0.0188,0.0012,-0.0352,-0.0018,-0.0168,-0.0218,-0.0027,-0.0152,-0.0001,0.0036,-0.0408,-0.0318,-0.0286,-0.0296,-0.0041,0.0007,-0.0171,-0.1483,0.0063,-0.1329,-0.1096,0.0015,-0.1379,0.0045,-0.0927,-0.0913,-0.0181,0.0119,0.0017,0.0136,-0.0111,-0.0232,0.0022,-0.0853,-0.0017,-0.0794,-0.0615,-0.0134,-0.1011,-0.0052,-0.0655,-0.0759,0.0054,0.008,0.0052,0.0074,0.0074,-0.0112,-0.0093,TRUE,TRUE
DTC_R_45,LanSi,1,CW_01,C,2026-03-21 14:31:39+08:00,ONLINE,FALSE,,CW_1_01,PASS,,,51.6391044,_2026032114313969601,T20260321143139,DESKTOP-P2DUL42,Loma,1,CW_1_01,1,paul di,2024.0718.155524,V20260126.2,CW_DTCL_DTCR_STC,T20260321143231,51.6391044,TRUE,TRUE,TRUE,TRUE,TRUE,TRUE,TRUE,4S2RND2HBL0DP6,v1.0.1,2025_12_22,314.9706,317.1838,474.8676,297.4191,295.274,147.7329,149.5,337.5867,335.4286,485.2214,-5.4918,-2.4712,-0.0001,0,-0.2225,1.5546,-0.2222,1.5491,0.6648,155.5244,152.7705,152.6855,155.1455,154.0315,0.8823,0.8158,0.8646,0.824,0.8158,0.8217,0.7638,0.822,0.768,0.7638,0.8307,0.8099,0.8162,0.8139,0.7762,0.7811,0.7284,0.7356,0.7284,0.8466,0.7927,0.7953,0.98,0.7927,0.8463,0.7953,0.7862,0.8201,0.7973,0.833,0.8108,0.836,0.7862,0,0,0,0,0,v1.0.1,2025_12_22,314.9574,317.156,475.9574,297.156,295.137,146.7808,148.2838,337.8311,335.7122,486.0647,-5.4904,-2.5023,-0.0001,0,-0.2231,1.5545,-0.2229,1.548,0.6641,163.4473,158.2031,166.8408,165.791,163.5706,0.7009,0.6846,0.7105,0.6877,0.6846,0.6796,0.6472,0.6636,0.6451,0.6451,0.6388,0.6424,0.6557,0.6622,0.6421,0.6596,0.6016,0.6171,0.6016,0.6787,0.6579,0.6564,0.3011,0.3011,0.6524,0.6608,0.6642,0.6684,0.6519,0.6653,0.6484,0.6818,0.6484,0,0,0,0,0,v1.0.1,2025_12_22,317.1028,328.6168,441.6174,313.4522,302.5635,195.9365,188.6179,343.1382,331.8584,457.2655,-3.148,8.1818,0,0.0001,-0.2207,1.5611,-0.212,1.5561,0.6711,177.7051,177.1113,177.5645,178.3105,177.6729,0.8033,0.6817,0.8123,0.6924,0.6817,0.7746,0.6882,0.7697,0.6491,0.6491,0.7696,0.7711,0.7441,0.7395,0.7395,0.7425,0.6812,0.7395,0,0.6812,0,0,0,0,0,v1.0.1,2025_12_22,317.1415,328.7547,442.4779,313.5487,302.3902,195.187,187.7541,343.3689,331.9115,458,-3.165,8.2718,0,0.0001,-0.2202,1.5603,-0.212,1.5565,0.6712,148.5781,143.543,145.3184,146.0518,145.8728,0.6557,0.5861,0.6834,0.6053,0.5861,0.6403,0.6011,0.6283,0.5484,0.5484,0.6346,0.6427,0.6387,0.6215,0.6215,0.5806,0.5578,0.5761,0.4702,0.4702,0,0,0,0,0,0.0138,-0.0579,-0.0121,-0.0503,-0.0527,0.005,-0.0566,0.004,-0.0644,-0.0529,0.0026,-0.0011,-0.0002,-0.0032,-0.0303,-0.0318,-0.0619,-0.0985,0.0053,-0.0066,-0.0032,-0.0321,-0.0035,-0.0297,-0.0195,-0.0077,-0.0244,-0.0023,-0.0439,-0.0208,-0.0259,-0.0179,-0.0081,0.0025,-0.0134,-0.0065,-0.0261,-0.0317,-0.0038,-0.0114,-0.0019,-0.1442,-0.0057,-0.1261,-0.1235,0.0013,-0.0856,-0.004,-0.134,-0.1242,0.0024,-0.0063,-0.0039,0.001,-0.0117,0.0158,-0.0022,-0.0893,0.0097,-0.0683,-0.0718,-0.0028,-0.0405,-0.0164,-0.0963,-0.0932,0.0028,-0.0047,0.0071,-0.0062,-0.0062,-0.0222,-0.0105,TRUE,TRUE
DTC_L_46,LanSi,1,CW_01,B,2026-03-21 14:33:36+08:00,ONLINE,FALSE,,CW_1_01,PASS,,,51.5457054,_2026032114333605902,T20260321143336,DESKTOP-P2DUL42,Loma,1,CW_1_01,2,paul di,2024.0718.155524,V20260126.2,CW_DTCL_DTCR_STC,T20260321143427,51.5457054,TRUE,TRUE,TRUE,TRUE,TRUE,TRUE,TRUE,4S2RND2HBL06DS,v1.0.1,2025_12_22,315.4599,321.3796,475.7754,300.5217,296.5584,149.8442,150.034,341.2585,334.8,487.5857,-4.9745,0.6179,0,0,-0.2289,1.5605,-0.2191,1.5544,0.6668,156.1338,151.6758,149.9541,155.5977,153.3403,0.8395,0.8113,0.8409,0.7862,0.7862,0.7733,0.765,0.7966,0.7515,0.7515,0.816,0.8121,0.801,0.765,0.7303,0.7342,0.735,0.7008,0.7008,0.8173,0.4196,0.8143,0.7692,0.4196,0.8557,0.758,0.7468,0.8306,0.8193,0.7604,0.7804,0.77,0.7468,0,0,0,0,0,v1.0.1,2025_12_22,315.4085,321.5,476.8252,300.3776,296.268,149,148.9603,341.5232,334.85,488.6643,-5.0376,0.713,-0.0001,0,-0.2296,1.5598,-0.2192,1.5545,0.6664,161.376,157.6455,163.2119,162.209,161.1106,0.6786,0.6914,0.7012,0.6956,0.6786,0.6642,0.6449,0.6501,0.6549,0.6449,0.653,0.6592,0.6451,0.6473,0.6148,0.6169,0.6199,0.6084,0.6084,0.6784,0.4677,0.6863,0.6675,0.4677,0.6619,0.6335,0.618,0.6686,0.6943,0.6409,0.6762,0.6282,0.618,0,0,0,0,0,v1.0.1,2025_12_22,314.0467,313.7103,439.2411,299.1786,300.5,182.3898,185.9758,328.4435,328.0965,444.1579,-5.928,-5.924,-0.0001,-0.0001,-0.215,1.5675,-0.214,1.563,0.6754,176.6768,175.1494,173.417,176.1299,175.3433,0.7894,0.702,0.7955,0.6944,0.6944,0.7435,0.6449,0.7576,0.6633,0.6449,0.7634,0.771,0.7665,0.6884,0.6884,0.7287,0,0.7322,0.6495,0.6495,0,0,0,0,0,v1.0.1,2025_12_22,314.0476,313.819,440.0541,299.0541,300.2787,181.8525,185.1405,328.5289,328.1724,445,-5.9613,-5.8491,-0.0001,-0.0001,-0.2161,1.5663,-0.2131,1.563,0.675,147.9971,143.8262,142.4189,145.6191,144.9653,0.6558,0.5928,0.6749,0.6053,0.5928,0.6297,0.5486,0.6195,0.572,0.5486,0.6314,0.6189,0.6378,0.5969,0.5969,0.5855,0.5001,0.5857,0.5161,0.5001,0,0,0,0,0,0.0055,-0.0482,-0.0105,-0.0471,-0.0471,-0.019,-0.0683,-0.004,-0.0464,-0.0408,-0.0073,-0.0068,0.0014,0.001,-0.0967,-0.0859,-0.0739,-0.0387,-0.0006,-0.0199,-0.0088,-0.0294,0.0045,-0.0168,-0.0088,-0.0072,-0.03,-0.0114,-0.0091,-0.0166,-0.0022,-0.0011,-0.0149,0.0054,-0.0497,-0.0439,-0.0411,-0.0225,-0.005,0.0107,-0.0026,-0.1287,0.0004,-0.1235,-0.0976,-0.005,-0.1502,-0.0069,-0.0874,-0.1036,-0.0175,0.0067,0.0083,-0.0077,-0.0044,-0.0062,0.0011,-0.0857,0.0047,-0.0755,-0.0619,-0.0092,-0.1073,-0.0112,-0.0798,-0.0821,-0.0025,-0.0052,0.0003,-0.0107,-0.0107,-0.0098,-0.0062,TRUE,TRUE
DTC_R_46,LanSi,1,CW_01,A,2026-03-21 14:33:36+08:00,ONLINE,FALSE,,CW_1_01,PASS,,,51.435002,_2026032114333617901,T20260321143336,DESKTOP-P2DUL42,Loma,1,CW_1_01,1,paul di,2024.0718.155524,V20260126.2,CW_DTCL_DTCR_STC,T20260321143427,51.435002,TRUE,TRUE,TRUE,TRUE,TRUE,TRUE,TRUE,4S2RND2HBL0DP6,v1.0.1,2025_12_22,315,317.2721,474.9037,297.4519,295.2153,147.7361,149.349,337.8859,335.3688,485.2908,-5.5326,-2.3727,-0.0001,0,-0.2228,1.5541,-0.2233,1.5496,0.6644,155.4775,153.292,152.7393,155.0742,154.1458,0.8724,0.8208,0.8699,0.8225,0.8208,0.8236,0.7684,0.8233,0.771,0.7684,0.8164,0.8164,0.8154,0.8196,0.7428,0.7544,0.711,0.7446,0.711,0.8476,0.8097,0.8064,0.3873,0.3873,0.8496,0.793,0.7827,0.8157,0.8164,0.8094,0.7909,0.8446,0.7827,0,0,0,0,0,v1.0.1,2025_12_22,314.9648,317.2606,476.036,297.1655,295.1034,146.8138,148.1986,338,335.6761,486.2817,-5.5042,-2.3957,-0.0001,0,-0.2236,1.5543,-0.2232,1.5484,0.664,163.665,157.377,165.8076,165.9375,163.1968,0.7006,0.688,0.7123,0.6967,0.688,0.6644,0.656,0.6719,0.6468,0.6468,0.6545,0.6628,0.6507,0.653,0.6391,0.6469,0.5872,0.6281,0.5872,0.6799,0.664,0.6605,0.4753,0.4753,0.658,0.6574,0.6523,0.6676,0.656,0.6835,0.6549,0.6887,0.6523,0,0,0,0,0,v1.0.1,2025_12_22,317.0849,328.6698,441.5739,313.5478,302.5426,196.0233,188.5,343.3333,331.6579,457.386,-3.2281,8.292,0,0.0001,-0.2204,1.5611,-0.213,1.5575,0.6713,177.4746,177.4824,177.5322,178.4648,177.7385,0.8045,0.6853,0.8163,0.6919,0.6853,0.7713,0.6646,0.7659,0.6525,0.6525,0.7679,0.7772,0.7631,0.7404,0.7404,0.7434,0.6859,0.7409,0,0.6859,0,0,0,0,0,v1.0.1,2025_12_22,317.0566,328.7642,442.4779,313.5487,302.3902,195.187,187.5583,343.4167,331.8125,458.2054,-3.2409,8.3244,0,0.0001,-0.2202,1.5609,-0.2122,1.5568,0.6713,148.8936,142.9414,144.2344,146.1816,145.5627,0.6634,0.6003,0.6775,0.6036,0.6003,0.6511,0.5755,0.6481,0.5679,0.5679,0.6389,0.644,0.642,0.6297,0.6297,0.5976,0.5611,0.5869,0.514,0.514,0,0,0,0,0,0.0039,-0.0529,-0.0068,-0.0518,-0.0477,0.0069,-0.052,0.0053,-0.0614,-0.0483,-0.0117,0.0054,-0.001,0.0025,-0.0637,-0.0585,-0.0793,-0.0895,0.0063,0.0045,-0.0035,-0.0287,-0.0017,-0.0207,-0.0161,-0.0229,-0.0156,0.006,-0.0422,-0.0191,-0.0102,0.0025,-0.0131,-0.0067,-0.0164,-0.0192,-0.0405,-0.0207,-0.0026,-0.0073,-0.0007,-0.1406,-0.0017,-0.1266,-0.1199,-0.002,-0.1092,-0.0078,-0.1306,-0.1208,0.0007,-0.0002,0.0151,0.0019,-0.0108,0.0172,0.0055,-0.0751,0.0038,-0.07,-0.0576,0.008,-0.0661,0.0034,-0.0768,-0.0737,0.0071,-0.0034,0.0104,0.002,0.002,-0.0052,0.0003,TRUE,TRUE
DTC_L_47,LanSi,1,CW_01,C,2026-03-21 14:35:34+08:00,ONLINE,FALSE,,CW_1_01,PASS,,,51.9015065,_2026032114353439602,T20260321143534,DESKTOP-P2DUL42,Loma,1,CW_1_01,2,paul di,2024.0718.155524,V20260126.2,CW_DTCL_DTCR_STC,T20260321143626,51.9015065,TRUE,TRUE,TRUE,TRUE,TRUE,TRUE,TRUE,4S2RND2HBL06DS,v1.0.1,2025_12_22,314.2519,323.3778,474.5489,303,295.06,152.3467,148.3816,343.2895,333.4519,490,-6.3612,2.9028,-0.0001,0,-0.2259,1.5585,-0.219,1.5556,0.6673,155.0693,150.8623,148.9346,154.2695,152.2839,0.8304,0.8174,0.8473,0.7872,0.7872,0.7773,0.7685,0.801,0.7609,0.7609,0.7957,0.8111,0.8109,0.786,0.7544,0.7237,0.7682,0.7053,0.7053,0.8112,0.98,0.8142,0.8313,0.8112,0.8434,0.7633,0.7556,0.8396,0.8302,0.8189,0.7883,0.7709,0.7556,0,0,0,0,0,v1.0.1,2025_12_22,314.2357,323.4071,475.7153,302.9343,294.9603,151.3179,147.245,343.3907,333.708,491,-6.3271,2.91,-0.0001,0,-0.2256,1.5587,-0.2186,1.5546,0.6673,162.3564,157.5332,163.3564,163.1904,161.6091,0.6894,0.6961,0.6946,0.6964,0.6894,0.6512,0.6367,0.6516,0.6558,0.6367,0.6413,0.6503,0.6594,0.6342,0.6283,0.6298,0.6413,0.6127,0.6127,0.6724,0.3581,0.6652,0.6857,0.3581,0.6628,0.646,0.6216,0.6751,0.6646,0.6613,0.675,0.6405,0.6216,0,0,0,0,0,v1.0.1,2025_12_22,312.9151,315.6698,437.9633,301.5413,299.0431,184.8707,184.5372,330.4628,327,446.1026,-7.2083,-3.7706,-0.0001,0,-0.212,1.5646,-0.2142,1.5627,0.6753,175.2441,174.3916,172.2256,174.3184,174.0449,0.7941,0.7054,0.8081,0.6714,0.6714,0.7513,0.6633,0.7543,0.6766,0.6633,0.7691,0.7639,0.7673,0.7067,0.7067,0.7374,0,0.7347,0.7252,0.7252,0,0,0,0,0,v1.0.1,2025_12_22,312.9151,315.6698,438.6491,301.4123,299.0169,183.9492,183.5372,330.4628,326.9831,446.9492,-7.2797,-3.8114,-0.0001,0,-0.2124,1.5652,-0.2133,1.5635,0.6757,148.8477,143.2803,142.5264,146.4297,145.271,0.6563,0.5934,0.6706,0.6074,0.5934,0.6361,0.5671,0.6319,0.585,0.5671,0.6318,0.6298,0.6405,0.6302,0.6298,0.6006,0.5078,0.5862,0.5877,0.5078,0,0,0,0,0,-0.0036,-0.0421,-0.0041,-0.0461,-0.0461,-0.015,-0.0648,0.0004,-0.037,-0.0314,-0.0276,-0.0078,0.0113,0.022,-0.0726,-0.0964,-0.0407,-0.0342,-0.0067,-0.02,0.002,-0.0247,-0.0021,-0.016,0.002,-0.0202,-0.0382,-0.0099,-0.0082,-0.0248,-0.0139,-0.01,-0.0006,-0.0077,-0.0362,-0.031,-0.0197,-0.0182,-0.011,-0.0104,0.0021,-0.1253,0.013,-0.1465,-0.1206,0.0028,-0.1318,-0.0102,-0.0741,-0.0852,-0.0118,-0.0004,0.0091,0.0106,0.0043,-0.0037,0.0016,-0.0851,0.0004,-0.0734,-0.0613,-0.0028,-0.0888,0.0012,-0.0668,-0.0636,-0.0021,0.0057,0.003,0.0226,0.0222,0.0053,-0.0057,TRUE,TRUE
DTC_R_47,LanSi,1,CW_01,B,2026-03-21 14:35:34+08:00,ONLINE,FALSE,,CW_1_01,PASS,,,51.7030364,_2026032114353458101,T20260321143534,DESKTOP-P2DUL42,Loma,1,CW_1_01,1,paul di,2024.0718.155524,V20260126.2,CW_DTCL_DTCR_STC,T20260321143626,51.7030364,TRUE,TRUE,TRUE,TRUE,TRUE,TRUE,TRUE,4S2RND2HBL0DP6,v1.0.1,2025_12_22,314.9638,316.1159,474.6765,295.9632,295.2534,146.6507,149.245,336.6093,335.3597,483.8273,-5.6003,-3.6667,-0.0001,0,-0.225,1.5545,-0.2225,1.5493,0.6641,155.0791,152.2061,151.9316,154.2861,153.3757,0.8694,0.8297,0.8662,0.8266,0.8266,0.8196,0.7557,0.8054,0.7614,0.7557,0.8233,0.8002,0.8077,0.8119,0.7633,0.7395,0.7419,0.6958,0.6958,0.8302,0.8467,0.8246,0.98,0.8246,0.8559,0.7342,0.7795,0.8227,0.8015,0.8484,0.7561,0.8473,0.7342,0,0,0,0,0,v1.0.1,2025_12_22,315.0429,316.1071,475.9,295.9071,295.0738,145.6846,148.1216,336.723,335.6571,484.75,-5.5409,-3.6656,-0.0001,0,-0.2244,1.5536,-0.2224,1.5486,0.6639,162.5518,157.4434,166.2705,164.7656,162.7578,0.7084,0.701,0.7262,0.7025,0.701,0.6768,0.6372,0.6696,0.6568,0.6372,0.6366,0.627,0.6564,0.6685,0.6411,0.6335,0.6139,0.6042,0.6042,0.6756,0.6836,0.678,0.2325,0.2325,0.6568,0.628,0.665,0.6632,0.6759,0.6171,0.6537,0.675,0.6171,0,0,0,0,0,v1.0.1,2025_12_22,317,327.6038,441.4159,312.2389,302.4375,195.0234,188.4444,342.0714,331.625,455.7411,-3.3154,7.0357,0,0.0001,-0.2224,1.5609,-0.2116,1.5566,0.6709,177.2373,176.3662,176.9062,177.834,177.0859,0.7981,0.6995,0.8179,0.7181,0.6995,0.7652,0.6471,0.7634,0.6498,0.6471,0.7672,0.7702,0.756,0.7418,0.7418,0.758,0.6431,0.7372,0,0.6431,0,0,0,0,0,v1.0.1,2025_12_22,317.0374,327.6449,442.2679,312.2679,302.304,194.184,187.5,342.3333,331.6396,456.6306,-3.3502,7.1121,0,0.0001,-0.2217,1.5603,-0.2124,1.5576,0.671,147.7402,142.9824,144.7246,145.3613,145.2021,0.6584,0.587,0.6779,0.6025,0.587,0.6409,0.573,0.64,0.5585,0.5585,0.621,0.636,0.6351,0.6282,0.621,0.5958,0.5311,0.5722,0.4069,0.4069,0,0,0,0,0,0.0009,-0.044,-0.0105,-0.0477,-0.0419,0.0029,-0.0647,-0.0126,-0.071,-0.061,-0.0048,-0.0108,-0.0087,-0.0052,-0.0432,-0.0734,-0.0484,-0.1383,-0.0111,0.0227,0.0043,-0.0157,0.0122,-0.0149,-0.0031,-0.0105,-0.0344,0.0037,-0.0322,-0.0287,-0.0281,-0.0333,-0.0074,0.0088,-0.0144,-0.0326,-0.0138,-0.0446,-0.0069,0.0102,-0.0071,-0.1264,-0.0001,-0.1004,-0.1057,-0.0081,-0.1267,-0.0103,-0.1333,-0.1262,0,-0.0072,0.008,0.0033,0.0038,0.0135,0.0005,-0.0884,0.0042,-0.0711,-0.0709,-0.0022,-0.0686,-0.0047,-0.0862,-0.0831,-0.0108,-0.0114,0.0035,0.0005,-0.0067,-0.007,-0.0144,TRUE,TRUE
DTC_R_48,LanSi,1,CW_01,C,2026-03-21 14:37:48+08:00,ONLINE,FALSE,,CW_1_01,PASS,,,51.504399,_2026032114374847401,T20260321143748,DESKTOP-P2DUL42,Loma,1,CW_1_01,1,paul di,2024.0718.155524,V20260126.2,CW_DTCL_DTCR_STC,T20260321143839,51.504399,TRUE,TRUE,TRUE,TRUE,TRUE,TRUE,TRUE,4S2RND2HBL0DP6,v1.0.1,2025_12_22,315.4776,317.209,475.6963,297.9185,295.7823,148.7075,149.5724,337.6382,336.14,485.6933,-4.9663,-2.0667,0,0,-0.2193,1.5539,-0.222,1.5483,0.6652,154.3662,152.6182,152.126,154.4014,153.3779,0.8628,0.7857,0.871,0.7694,0.7694,0.8198,0.7293,0.8227,0.7569,0.7293,0.8243,0.79,0.815,0.8084,0.7028,0.7048,0.7805,0.7703,0.7028,0.8386,0.7884,0.8023,0.3184,0.3184,0.8266,0.7294,0.7646,0.8252,0.7937,0.484,0.8476,0.8569,0.484,0,0,0,0,0,v1.0.1,2025_12_22,315.3696,317.3333,476.8309,297.7647,295.5646,147.6803,148.3907,337.755,336.14,486.6933,-5.0408,-2.0547,-0.0001,0,-0.2201,1.5541,-0.2212,1.5482,0.6653,161.6377,156.7637,165.0352,164.0986,161.8838,0.6892,0.6681,0.7149,0.6665,0.6665,0.6829,0.6155,0.6637,0.6455,0.6155,0.6416,0.6242,0.6501,0.6491,0.6122,0.6154,0.6132,0.6247,0.6122,0.676,0.6237,0.6606,0.0858,0.0858,0.6555,0.6218,0.6345,0.6759,0.6577,0.5494,0.6306,0.6805,0.5494,0,0,0,0,0,v1.0.1,2025_12_22,317.6036,328.6937,442.2301,313.6372,302.8065,196.871,188.813,342.9756,332.1565,456.9478,-2.7781,8.3251,0,0.0001,-0.2197,1.5585,-0.2099,1.5573,0.6715,176.3564,177.2461,176.833,177.6455,177.0203,0.7893,0.6424,0.8138,0.6272,0.6272,0.7737,0.6072,0.7827,0.6582,0.6072,0.7635,0.7628,0.7534,0.7511,0.7511,0.7553,0.6173,0.7424,0,0.6173,0,0,0,0,0,v1.0.1,2025_12_22,317.4444,328.7963,443.0183,313.633,302.7295,196.0738,187.9,343.15,332.3333,457.5702,-2.8149,8.3447,0,0.0001,-0.2197,1.5599,-0.2098,1.5552,0.6714,147.1895,142.29,143.7402,145.0879,144.5769,0.6643,0.5605,0.6961,0.5579,0.5579,0.6378,0.535,0.6548,0.5653,0.535,0.5974,0.6268,0.6459,0.633,0.5974,0.5906,0.5166,0.5777,0.2582,0.2582,0,0,0,0,0,-0.0057,-0.088,-0.0057,-0.1049,-0.0991,0.0031,-0.0911,0.0047,-0.0755,-0.0874,-0.0038,-0.021,-0.0014,-0.0087,-0.1037,-0.1081,-0.0098,-0.0638,-0.0027,0.0004,-0.0149,-0.0486,0.0009,-0.0509,-0.0376,-0.0044,-0.0561,-0.0022,-0.0435,-0.0504,-0.0231,-0.0361,-0.0137,-0.0106,-0.0433,-0.0507,-0.0145,-0.0241,-0.0065,-0.0072,-0.0159,-0.1835,-0.0042,-0.1913,-0.178,0.0004,-0.1666,0.009,-0.1249,-0.1661,-0.0037,-0.0146,0.0054,0.0126,0.0011,0.0187,0.0064,-0.1149,0.0224,-0.1157,-0.1,-0.0053,-0.1066,0.0101,-0.0794,-0.1066,-0.0344,-0.0206,0.0143,0.0053,-0.0303,-0.0122,-0.0089,TRUE,TRUE
DTC_L_48,LanSi,1,CW_01,A,2026-03-21 14:37:48+08:00,ONLINE,FALSE,,CW_1_01,PASS,,,51.5931613,_2026032114374840902,T20260321143748,DESKTOP-P2DUL42,Loma,1,CW_1_01,2,paul di,2024.0718.155524,V20260126.2,CW_DTCL_DTCR_STC,T20260321143840,51.5931613,TRUE,TRUE,TRUE,TRUE,TRUE,TRUE,TRUE,4S2RND2HBL06DS,v1.0.1,2025_12_22,313.9197,323.3577,473.9927,302.9197,294.6513,151.5658,147.7368,343.3487,333.15,490.4286,-6.8099,2.8241,-0.0001,0,-0.2265,1.5586,-0.2192,1.5557,0.6671,155.7002,151.8584,149.5498,155.0156,153.031,0.8226,0.8022,0.8409,0.7895,0.7895,0.7747,0.7479,0.8062,0.7542,0.7479,0.8265,0.817,0.8132,0.7731,0.764,0.7112,0.7667,0.7204,0.7112,0.8155,0.98,0.8292,0.8152,0.8152,0.8483,0.7903,0.7772,0.8244,0.8172,0.8248,0.794,0.7718,0.7718,0,0,0,0,0,v1.0.1,2025_12_22,313.9353,323.4029,475.0429,302.8929,294.4934,150.6316,146.7161,343.5355,333.2394,491.5,-6.8146,2.8926,-0.0001,0,-0.2261,1.5582,-0.2193,1.5559,0.6672,161.6406,157.5576,163.4619,162.4795,161.2849,0.6759,0.6825,0.6976,0.6943,0.6759,0.6555,0.618,0.6616,0.6563,0.618,0.6466,0.655,0.6471,0.6397,0.6262,0.6153,0.6389,0.6059,0.6059,0.687,0.4518,0.6837,0.6762,0.4518,0.6554,0.6524,0.6473,0.6746,0.6544,0.6885,0.6769,0.6412,0.6412,0,0,0,0,0,v1.0.1,2025_12_22,312.5138,315.5963,437.5478,301.3826,298.6975,184.2941,184.024,330.456,326.4957,446.5556,-7.6442,-3.8431,-0.0001,0,-0.2127,1.5654,-0.2146,1.5639,0.6755,175.5918,174.8359,172.7363,175.3994,174.6409,0.7958,0.6896,0.8072,0.6817,0.6817,0.735,0.6352,0.7513,0.6651,0.6352,0.7771,0.7546,0.7638,0.695,0.695,0.7319,0,0.7429,0.7175,0.7175,0,0,0,0,0,v1.0.1,2025_12_22,312.5505,315.5138,438.3661,301.2589,298.6303,183.5378,183.1639,330.4836,326.5508,447.4237,-7.6477,-3.8564,-0.0001,0,-0.2123,1.5652,-0.2147,1.5645,0.6757,148.2588,143.623,143.0381,145.7148,145.1587,0.6605,0.5903,0.6777,0.6023,0.5903,0.628,0.5525,0.6306,0.6001,0.5525,0.6182,0.6436,0.6505,0.6177,0.6177,0.5854,0.5394,0.5879,0.5731,0.5394,0,0,0,0,0,-0.0114,-0.0573,-0.0105,-0.0438,-0.0438,-0.0176,-0.0854,0.0056,-0.0437,-0.0444,0.0032,-0.0019,0.0136,0.0091,-0.063,-0.1089,-0.0422,-0.0191,-0.0024,-0.005,-0.0115,-0.0383,0.0009,-0.0181,-0.0115,-0.0159,-0.0569,0.0001,-0.0077,-0.0435,-0.0086,-0.0053,-0.0129,-0.0022,-0.0383,-0.0455,-0.0221,-0.025,0.0036,0.0081,0.0038,-0.1411,0.0121,-0.1362,-0.1103,-0.0135,-0.1599,-0.0132,-0.0856,-0.1133,-0.0038,-0.0097,0.0056,-0.0011,-0.0012,0.0045,0.0058,-0.0882,0.0075,-0.0785,-0.0644,-0.0109,-0.1034,-0.0001,-0.0517,-0.0782,-0.0157,0.0195,0.013,0.0101,0.0101,-0.0099,-0.004,TRUE,TRUE
DTC_L_49,LanSi,1,CW_01,B,2026-03-21 14:39:23+08:00,ONLINE,FALSE,,CW_1_01,PASS,,,52.050865,_2026032114392368202,T20260321143923,DESKTOP-P2DUL42,Loma,1,CW_1_01,2,paul di,2024.0718.155524,V20260126.2,CW_DTCL_DTCR_STC,T20260321144015,52.050865,TRUE,TRUE,TRUE,TRUE,TRUE,TRUE,TRUE,4S2RND2HBL06DS,v1.0.1,2025_12_22,315.4511,322,475.8088,301.0368,296.5298,150.4106,150,342,334.8,488.5857,-4.982,1.3066,0,0,-0.2295,1.5605,-0.2198,1.5546,0.6665,156.0928,151.8164,150.0273,155.2549,153.2979,0.8176,0.8105,0.8487,0.8014,0.8014,0.7894,0.7547,0.7996,0.7549,0.7547,0.8212,0.8127,0.8083,0.7757,0.7225,0.7209,0.7542,0.7034,0.7034,0.8166,0.5844,0.8088,0.7971,0.5844,0.852,0.7913,0.7486,0.845,0.8164,0.7677,0.7861,0.7688,0.7486,0,0,0,0,0,v1.0.1,2025_12_22,315.3235,322.0368,476.9362,300.9787,296.3421,149.4474,148.9184,342.1497,334.8345,489.6187,-5.0291,1.3462,-0.0001,0,-0.2291,1.5607,-0.2198,1.5544,0.6666,162.1348,158.291,164.0127,163.0127,161.8628,0.6858,0.6827,0.6933,0.6861,0.6827,0.6613,0.6309,0.6527,0.657,0.6309,0.6657,0.6521,0.6614,0.636,0.6228,0.6242,0.6329,0.6194,0.6194,0.681,0.4781,0.6833,0.6687,0.4781,0.6477,0.652,0.6203,0.6601,0.6694,0.6519,0.6673,0.6426,0.6203,0,0,0,0,0,v1.0.1,2025_12_22,314,314.3962,439.125,299.7589,300.48,182.952,186,329,328.0342,445,-5.9722,-5.2786,-0.0001,-0.0001,-0.2159,1.5678,-0.2131,1.5632,0.6755,176.418,174.998,173.4014,175.5645,175.0955,0.7931,0.6931,0.8101,0.7027,0.6931,0.7472,0.65,0.7602,0.6508,0.65,0.7754,0.7633,0.7596,0.6951,0.6951,0.7322,0,0.7147,0.6656,0.6656,0,0,0,0,0,v1.0.1,2025_12_22,314,314.3962,439.9727,299.6636,300.3333,182.2602,184.9664,329.1933,328.0769,445.8291,-6.0301,-5.2315,-0.0001,-0.0001,-0.2159,1.5672,-0.2137,1.5636,0.6753,148.9844,144.3125,143.1504,146.1719,145.6548,0.6586,0.584,0.6807,0.6044,0.584,0.6343,0.5482,0.6311,0.5779,0.5482,0.621,0.6157,0.6361,0.6068,0.6068,0.5791,0.5353,0.5912,0.5339,0.5339,0,0,0,0,0,-0.0164,-0.049,-0.0027,-0.0319,-0.0319,-0.0029,-0.0786,-0.001,-0.043,-0.0376,-0.0021,-0.0062,0.0087,0.0117,-0.1045,-0.0992,-0.0547,-0.0361,-0.0013,-0.0254,-0.0016,-0.0381,-0.0034,-0.0263,-0.0047,-0.0101,-0.044,-0.0088,-0.007,-0.0306,0.0105,-0.0082,0.0014,-0.0059,-0.0417,-0.0366,-0.0281,-0.0115,-0.0024,0.0077,0.0011,-0.1376,0.015,-0.1152,-0.0989,-0.0013,-0.1451,-0.0043,-0.0999,-0.0985,-0.0055,-0.001,0.0014,-0.001,-0.0009,-0.0237,0.0039,-0.0945,0.0105,-0.0764,-0.0707,-0.0046,-0.1077,0.0004,-0.0739,-0.0825,-0.0129,-0.0084,-0.0014,-0.0008,-0.0008,-0.0162,-0.0007,TRUE,TRUE
DTC_R_49,LanSi,1,CW_01,A,2026-03-21 14:39:23+08:00,ONLINE,FALSE,,CW_1_01,PASS,,,52.050865,_2026032114392368201,T20260321143923,DESKTOP-P2DUL42,Loma,1,CW_1_01,1,paul di,2024.0718.155524,V20260126.2,CW_DTCL_DTCR_STC,T20260321144015,52.050865,TRUE,TRUE,TRUE,TRUE,TRUE,TRUE,TRUE,4S2RND2HBL0DP6,v1.0.1,2025_12_22,315.0896,316.403,474.7778,296.1333,295.1918,147.1575,149.3816,336.7105,335.2979,484.2411,-5.5523,-3.3709,-0.0001,0,-0.2257,1.5532,-0.2214,1.5505,0.6641,155.5664,152.6035,152.2314,155.1357,153.8843,0.8614,0.8248,0.87,0.8205,0.8205,0.815,0.7491,0.8224,0.7445,0.7445,0.8266,0.8122,0.8127,0.8118,0.7583,0.7513,0.7338,0.7099,0.7099,0.8485,0.8146,0.8147,0.98,0.8146,0.8436,0.7767,0.7892,0.8264,0.8054,0.8467,0.7063,0.8427,0.7063,0,0,0,0,0,v1.0.1,2025_12_22,315.0786,316.3571,475.8333,296.0652,295.1497,146.1701,148.1233,336.9863,335.7113,485.1972,-5.5208,-3.3448,-0.0001,0,-0.225,1.5537,-0.2224,1.5487,0.6637,163.4209,157.8135,166.2842,165.9219,163.3601,0.6973,0.6887,0.7096,0.701,0.6887,0.6726,0.642,0.6863,0.6438,0.642,0.6609,0.651,0.6601,0.6579,0.6415,0.6317,0.6058,0.5911,0.5911,0.684,0.6662,0.6655,0.3028,0.3028,0.6618,0.6534,0.6566,0.6709,0.6573,0.6827,0.6224,0.6882,0.6224,0,0,0,0,0,v1.0.1,2025_12_22,317.1682,327.8037,441.4779,312.5487,302.5781,195.1562,188.5207,342.3802,331.6724,456.1897,-3.2165,7.3157,0,0.0001,-0.2216,1.5607,-0.2123,1.5578,0.6712,177.2412,176.8213,176.9141,178.1445,177.2803,0.7998,0.7148,0.8234,0.7094,0.7094,0.7655,0.6458,0.7739,0.627,0.627,0.7628,0.7659,0.7521,0.7393,0.7393,0.7556,0.6748,0.7387,0,0.6748,0,0,0,0,0,v1.0.1,2025_12_22,317.1635,327.8558,442.2719,312.4561,302.4274,194.5806,187.5372,342.4628,331.7982,456.9561,-3.2604,7.3623,0,0.0001,-0.222,1.5602,-0.2117,1.5574,0.671,148.4785,143.0771,144.8633,145.958,145.5942,0.6627,0.599,0.6783,0.6142,0.599,0.6264,0.568,0.6573,0.5463,0.5463,0.6373,0.6322,0.6462,0.6195,0.6195,0.5931,0.5445,0.5765,0.4549,0.4549,0,0,0,0,0,-0.0071,-0.0489,-0.0067,-0.0538,-0.048,-0.0017,-0.0713,0.0044,-0.0879,-0.0722,-0.0015,0.0012,-0.0037,-0.0053,-0.0482,-0.0616,-0.0565,-0.1242,0.0072,0.0128,-0.0068,-0.028,-0.0044,-0.0164,-0.0154,-0.0147,-0.0296,0.0204,-0.0452,-0.0239,-0.0038,-0.0093,-0.0037,-0.0018,-0.014,-0.0344,-0.0219,-0.0577,0.0015,-0.0023,-0.0054,-0.1111,0.0054,-0.1091,-0.0958,-0.0078,-0.128,0.0002,-0.1561,-0.1463,-0.0044,-0.0115,0.0041,0.0008,0.0014,0.015,0.0048,-0.0764,0.0046,-0.0594,-0.0589,-0.0167,-0.0736,0.0126,-0.0984,-0.0953,0.0055,-0.0152,0.0146,-0.0082,-0.0082,-0.0097,-0.0101,TRUE,TRUE
DTC_R_50,LanSi,1,CW_01,B,2026-03-21 14:41:14+08:00,ONLINE,FALSE,,CW_1_01,PASS,,,51.9860926,_2026032114411456901,T20260321144114,DESKTOP-P2DUL42,Loma,1,CW_1_01,1,paul di,2024.0718.155524,V20260126.2,CW_DTCL_DTCR_STC,T20260321144206,51.9860926,TRUE,TRUE,TRUE,TRUE,TRUE,TRUE,TRUE,4S2RND2HBL0DP6,v1.0.1,2025_12_22,314.9485,316.2868,474.7778,296.1333,295.0822,146.8562,149.2632,336.6513,335.292,484,-5.6273,-3.5145,-0.0001,0,-0.2249,1.5536,-0.2218,1.5496,0.6641,156.2559,153.6699,153.125,156.0801,154.7827,0.8713,0.836,0.872,0.8308,0.8308,0.8255,0.7324,0.8173,0.7374,0.7324,0.8135,0.8244,0.8203,0.8054,0.7575,0.7373,0.7634,0.7095,0.7095,0.8616,0.8146,0.8141,0.98,0.8141,0.8493,0.7745,0.7883,0.829,0.7952,0.8381,0.7267,0.8581,0.7267,0,0,0,0,0,v1.0.1,2025_12_22,314.9357,316.2429,475.9143,296.0214,295.0414,145.931,148.0952,336.7619,335.6739,484.9638,-5.5679,-3.5158,-0.0001,0,-0.2244,1.554,-0.2219,1.548,0.6639,163.4609,158.2266,166.7207,165.9736,163.5955,0.7049,0.7022,0.7149,0.6941,0.6941,0.6742,0.6328,0.6677,0.6344,0.6328,0.6551,0.6479,0.6527,0.6658,0.6382,0.6213,0.6244,0.6018,0.6018,0.6863,0.6655,0.6604,0.3479,0.3479,0.6514,0.6566,0.6603,0.6705,0.6744,0.6719,0.6358,0.6799,0.6358,0,0,0,0,0,v1.0.1,2025_12_22,317.0476,327.819,441.4779,312.5487,302.4194,195.1452,188.4309,342.2114,331.7193,456.0965,-3.281,7.2642,0,0.0001,-0.2216,1.5605,-0.2109,1.5564,0.6711,177.3652,176.874,176.792,178.2969,177.332,0.8002,0.715,0.8257,0.7029,0.7029,0.7616,0.6415,0.7619,0.6076,0.6076,0.7599,0.7634,0.7559,0.7377,0.7377,0.7433,0.6763,0.7313,0,0.6763,0,0,0,0,0,v1.0.1,2025_12_22,317.0288,327.9519,442.3805,312.5575,302.3252,194.3659,187.5207,342.3802,331.8036,456.7946,-3.2882,7.31,0,0.0001,-0.2217,1.5607,-0.2104,1.5561,0.6712,148.7598,143.4736,145.3086,146.4912,146.0083,0.651,0.6159,0.6854,0.5902,0.5902,0.6451,0.5668,0.6394,0.5287,0.5287,0.6304,0.6368,0.6452,0.6148,0.6148,0.6018,0.5488,0.5838,0.4555,0.4555,0,0,0,0,0,0.0028,-0.0377,-0.0047,-0.0435,-0.0377,0.0088,-0.088,-0.0007,-0.095,-0.0843,-0.0146,0.0134,0.0039,-0.0117,-0.049,-0.0756,-0.0269,-0.1246,0.0203,0.0122,0.0008,-0.0145,0.0009,-0.0233,-0.01,-0.0131,-0.0388,0.0018,-0.0546,-0.0331,-0.0096,-0.0124,-0.0111,0.0061,-0.0173,-0.0448,-0.0033,-0.047,0.0038,-0.0074,-0.005,-0.1109,0.0077,-0.1156,-0.1023,-0.0117,-0.1323,-0.0118,-0.1755,-0.1657,-0.0073,-0.014,0.0079,-0.0008,-0.0109,0.0076,-0.0069,-0.0595,0.0117,-0.0834,-0.0677,0.002,-0.0748,-0.0053,-0.116,-0.1129,-0.0014,-0.0106,0.0136,-0.0129,-0.0129,-0.001,-0.0028,TRUE,TRUE
DTC_L_50,LanSi,1,CW_01,C,2026-03-21 14:41:14+08:00,ONLINE,FALSE,,CW_1_01,PASS,,,51.8554412,_2026032114411468702,T20260321144114,DESKTOP-P2DUL42,Loma,1,CW_1_01,2,paul di,2024.0718.155524,V20260126.2,CW_DTCL_DTCR_STC,T20260321144206,51.8554412,TRUE,TRUE,TRUE,TRUE,TRUE,TRUE,TRUE,4S2RND2HBL06DS,v1.0.1,2025_12_22,314.25,322.5,474.9783,302.0435,294.9597,151.6107,148.3907,342.245,333.6544,488.9118,-6.2534,1.9622,-0.0001,0,-0.2261,1.5579,-0.218,1.5542,0.667,154.4102,150.374,148.0684,153.5752,151.6069,0.8279,0.7866,0.84,0.7832,0.7832,0.7851,0.7531,0.7972,0.7443,0.7443,0.8172,0.8097,0.7954,0.7733,0.7267,0.7118,0.7755,0.7031,0.7031,0.809,0.98,0.8278,0.8207,0.809,0.8466,0.789,0.725,0.8394,0.8259,0.8319,0.8209,0.7751,0.725,0,0,0,0,0,v1.0.1,2025_12_22,314.2143,322.5,476,302,294.8618,150.6513,147.3046,342.3311,333.8143,489.9143,-6.261,1.9793,-0.0001,0,-0.2255,1.5581,-0.2177,1.5537,0.6672,161.5049,156.8887,162.7754,162.3213,160.8726,0.68,0.6742,0.6883,0.7054,0.6742,0.6605,0.6354,0.6565,0.6584,0.6354,0.6365,0.6622,0.6538,0.6375,0.6086,0.6217,0.6364,0.6148,0.6086,0.6613,0.2937,0.6778,0.6916,0.2937,0.6538,0.6606,0.6089,0.6786,0.6711,0.6772,0.6782,0.6305,0.6089,0,0,0,0,0,v1.0.1,2025_12_22,312.8857,314.8286,438.2389,300.6814,299.0339,184.1441,184.5372,329.4628,327,445.1026,-7.1609,-4.6561,-0.0001,0,-0.2119,1.5647,-0.213,1.5624,0.6755,175.1299,174.2617,172.2607,174.8965,174.1372,0.792,0.6685,0.7961,0.6814,0.6685,0.7626,0.6488,0.7589,0.6683,0.6488,0.7687,0.7704,0.7646,0.7095,0.7095,0.7164,0,0.717,0.7327,0.7164,0,0,0,0,0,v1.0.1,2025_12_22,312.9135,314.7788,439.0789,300.5702,298.9565,183.3739,183.5583,329.4167,327,445.8974,-7.1985,-4.6926,-0.0001,0,-0.2116,1.5645,-0.2122,1.5633,0.676,148.1006,143.083,142.0254,145.6406,144.7124,0.6628,0.562,0.6566,0.6037,0.562,0.6346,0.5504,0.633,0.5827,0.5504,0.6347,0.63,0.6469,0.6043,0.6043,0.5909,0.465,0.5971,0.5766,0.465,0,0,0,0,0,-0.0061,-0.0729,-0.0114,-0.0501,-0.0501,-0.0072,-0.0802,-0.0034,-0.0536,-0.048,-0.0061,-0.0092,-0.0042,0.0093,-0.1003,-0.1083,-0.0334,-0.0364,-0.0089,-0.0064,-0.0074,-0.0466,-0.0084,-0.007,-0.0132,-0.0109,-0.0395,-0.005,-0.0056,-0.0261,-0.0187,0.0019,-0.0062,-0.0044,-0.0559,-0.0391,-0.0246,-0.0161,-0.0221,0.0022,0,-0.1622,0.001,-0.1365,-0.1235,0.0141,-0.1463,-0.0056,-0.0824,-0.0997,-0.0122,0.0061,0.0064,0.0134,-0.0167,-0.0214,0.0081,-0.1165,-0.0136,-0.0771,-0.0927,-0.0043,-0.1055,0.0023,-0.0691,-0.0803,0.0008,0.0059,0.0094,-0.0033,-0.0033,-0.0044,0.0052,TRUE,TRUE
DTC_R_51,LanSi,1,CW_01,C,2026-03-21 15:00:58+08:00,ONLINE,FALSE,,CW_1_01,PASS,,,51.8527603,_2026032115005834401,T20260321150058,DESKTOP-P2DUL42,Loma,1,CW_1_01,1,paul di,2024.0718.155524,V20260126.2,CW_DTCL_DTCR_STC,T20260321150150,51.8527603,TRUE,TRUE,TRUE,TRUE,TRUE,TRUE,TRUE,4S2RND2HBL0DP6,v1.0.1,2025_12_22,315.029,315.8768,474.8345,295.6187,295.1419,146.2162,149.2585,336.034,335.5,483.589,-5.5472,-4.033,-0.0001,0,-0.2256,1.5536,-0.2205,1.5488,0.6641,155.8408,153.8828,153.4258,155.6123,154.6904,0.8761,0.8272,0.8799,0.8286,0.8272,0.8196,0.7578,0.8229,0.7342,0.7342,0.8175,0.8154,0.8127,0.8245,0.7535,0.7073,0.743,0.7188,0.7073,0.8329,0.8131,0.7979,0.98,0.7979,0.8447,0.7746,0.7885,0.8253,0.8092,0.8266,0.7397,0.8521,0.7397,0,0,0,0,0,v1.0.1,2025_12_22,315,315.9137,475.8759,295.4672,295.034,145.2177,148.0336,336.1745,335.7172,484.6138,-5.5679,-4.0226,-0.0001,0,-0.2259,1.5538,-0.2202,1.5481,0.6639,163.5381,158.2275,166.9639,165.4844,163.5535,0.7044,0.6746,0.7202,0.6958,0.6746,0.6811,0.6432,0.6709,0.6218,0.6218,0.6586,0.6443,0.6579,0.6676,0.6374,0.6207,0.6193,0.6133,0.6133,0.682,0.6442,0.6577,0.4314,0.4314,0.6499,0.6559,0.6508,0.679,0.6696,0.6909,0.6399,0.6785,0.6399,0,0,0,0,0,v1.0.1,2025_12_22,317.0374,327.3551,441.531,311.8496,302.381,194.3889,188.5,341.5,331.7207,455.6937,-3.266,6.6575,0,0.0001,-0.2234,1.5605,-0.2091,1.5564,0.6711,177.0049,176.7656,177.2021,177.4258,177.0996,0.8106,0.7061,0.81,0.7179,0.7061,0.768,0.6683,0.7699,0.585,0.585,0.7699,0.7597,0.765,0.7418,0.7418,0.7607,0.667,0.7308,0,0.667,0,0,0,0,0,v1.0.1,2025_12_22,317.0187,327.4486,442.4495,311.9817,302.378,193.8268,187.5667,341.675,331.8829,456.5315,-3.2409,6.7927,0,0.0001,-0.2222,1.5611,-0.2089,1.5556,0.6714,148.958,143.5645,145.543,146.3467,146.103,0.6664,0.606,0.6839,0.607,0.606,0.6377,0.5906,0.6376,0.5275,0.5275,0.6225,0.6335,0.6335,0.6191,0.6191,0.5936,0.5488,0.5794,0.5429,0.5429,0,0,0,0,0,0.0076,-0.0465,0.0032,-0.0457,-0.0413,0.0029,-0.0626,0.0049,-0.0982,-0.0825,-0.0106,0.0044,-0.0037,0.0074,-0.053,-0.1056,-0.0473,-0.1153,-0.0084,-0.004,0.0003,-0.0421,0.0062,-0.0216,-0.0295,-0.0062,-0.0284,0.005,-0.0672,-0.0441,-0.0061,-0.016,-0.0059,0.0079,-0.0181,-0.0454,-0.0084,-0.0355,-0.0005,-0.0101,0.0054,-0.1198,-0.008,-0.1006,-0.0991,-0.0053,-0.1055,-0.0038,-0.1981,-0.1883,0.0027,-0.0177,0.017,0.0033,0.0065,0.0071,0.0085,-0.0694,0.0102,-0.0666,-0.0519,-0.0054,-0.051,-0.0071,-0.1172,-0.1141,-0.0093,-0.0139,0.0019,-0.0086,-0.0086,-0.0092,-0.0072,TRUE,TRUE
DTC_L_51,LanSi,1,CW_01,B,2026-03-21 15:00:58+08:00,ONLINE,FALSE,,CW_1_01,PASS,,,52.1634712,_2026032115005831602,T20260321150058,DESKTOP-P2DUL42,Loma,1,CW_1_01,2,paul di,2024.0718.155524,V20260126.2,CW_DTCL_DTCR_STC,T20260321150150,52.1634712,TRUE,TRUE,TRUE,TRUE,TRUE,TRUE,TRUE,4S2RND2HBL06DS,v1.0.1,2025_12_22,314.1679,323.7153,474.3066,303.3066,294.9408,152.4342,148.1688,343.5,333.4519,490,-6.4928,3.0912,-0.0001,0,-0.2262,1.5585,-0.2181,1.5548,0.6672,153.9385,149.9014,147.7861,153.084,151.1775,0.8165,0.8014,0.8478,0.7948,0.7948,0.7815,0.7518,0.7958,0.7486,0.7486,0.8197,0.8162,0.8236,0.7606,0.7579,0.7136,0.7473,0.6981,0.6981,0.8195,0.98,0.8191,0.8238,0.8191,0.8535,0.7938,0.7926,0.8348,0.8348,0.8217,0.7814,0.7743,0.7743,0,0,0,0,0,v1.0.1,2025_12_22,314.1739,323.6667,475.4526,303.1898,294.72,151.4733,147,343.604,333.708,491,-6.4891,3.0868,-0.0001,0,-0.2258,1.5578,-0.2182,1.5541,0.667,161.8438,157.1289,163.04,162.5625,161.1438,0.6817,0.6841,0.7058,0.7091,0.6817,0.6558,0.6411,0.6494,0.6419,0.6411,0.6501,0.6501,0.6544,0.6337,0.6246,0.6233,0.6249,0.615,0.615,0.6749,0.4195,0.6735,0.6921,0.4195,0.6581,0.6341,0.6664,0.6698,0.6919,0.6755,0.6803,0.6186,0.6186,0,0,0,0,0,v1.0.1,2025_12_22,312.7692,315.9423,437.7321,301.7321,298.9402,185.0769,184.4628,330.5372,326.9298,446.5175,-7.3332,-3.5388,-0.0001,0,-0.2127,1.565,-0.2127,1.5623,0.6754,175.1104,174.2334,171.9648,174.3906,173.9248,0.7881,0.6812,0.8064,0.6847,0.6812,0.7468,0.6559,0.7711,0.6773,0.6559,0.7751,0.7678,0.7642,0.7054,0.7054,0.7129,0,0.7308,0.7244,0.7129,0,0,0,0,0,v1.0.1,2025_12_22,312.8654,315.8654,438.5478,301.6174,298.7355,184.1983,183.5,330.5,326.9138,447.2241,-7.3875,-3.6189,-0.0001,0,-0.2124,1.5634,-0.2121,1.5637,0.6757,148.5205,143.0527,142.5059,146.1123,145.0479,0.6572,0.5787,0.6867,0.6009,0.5787,0.6348,0.5698,0.6359,0.5902,0.5698,0.6355,0.6317,0.6421,0.6029,0.6029,0.5685,0.5299,0.5736,0.5695,0.5299,0,0,0,0,0,-0.0175,-0.0581,-0.0036,-0.0385,-0.0385,-0.0108,-0.0815,-0.0048,-0.0493,-0.0437,-0.0036,-0.0027,0.024,-0.0034,-0.0691,-0.1065,-0.0616,-0.0414,0.0016,-0.0151,-0.0057,-0.0367,0.0091,-0.0033,-0.0057,-0.0156,-0.0338,-0.0121,-0.0221,-0.0204,-0.0051,-0.0102,-0.0056,-0.0082,-0.0399,-0.0375,-0.0361,-0.0159,-0.0085,-0.0021,-0.0039,-0.1495,0.0113,-0.1332,-0.1108,-0.0017,-0.1392,0.0066,-0.0734,-0.0926,-0.0058,0.0035,0.006,0.0093,-0.0202,-0.0076,0.0025,-0.0998,0.0165,-0.0799,-0.076,-0.0041,-0.0861,0.0052,-0.0616,-0.0609,0.0016,0.0076,0.0046,-0.0047,-0.0047,-0.0268,-0.0183,TRUE,TRUE
DTC_L_52,LanSi,1,CW_01,C,2026-03-21 15:04:30+08:00,ONLINE,FALSE,,CW_1_01,PASS,,,51.7560226,_2026032115043020702,T20260321150430,DESKTOP-P2DUL42,Loma,1,CW_1_01,2,paul di,2024.0718.155524,V20260126.2,CW_DTCL_DTCR_STC,T20260321150521,51.7560226,TRUE,TRUE,TRUE,TRUE,TRUE,TRUE,TRUE,4S2RND2HBL06DS,v1.0.1,2025_12_22,314,322.9137,474.1095,302.219,294.6839,150.8387,147.7697,342.7368,332.9929,490.1844,-6.7888,2.2785,-0.0001,0,-0.228,1.5585,-0.2182,1.5572,0.6674,156.1396,151.9717,150.0801,155.3506,153.3855,0.821,0.7984,0.8421,0.7875,0.7875,0.771,0.7564,0.8003,0.7632,0.7564,0.8122,0.8254,0.8228,0.7737,0.7452,0.7174,0.7686,0.7127,0.7127,0.8272,0.98,0.8296,0.817,0.817,0.8493,0.7364,0.7292,0.8258,0.8468,0.8285,0.7943,0.7899,0.7292,0,0,0,0,0,v1.0.1,2025_12_22,314,322.9137,475.087,302.1087,294.4586,149.9873,146.7095,343,333.1479,491.2958,-6.8194,2.3611,-0.0001,0,-0.2279,1.5578,-0.219,1.557,0.667,161.2607,157.4248,163.2324,161.915,160.9583,0.6906,0.6831,0.6963,0.6921,0.6831,0.6561,0.6371,0.6529,0.6654,0.6371,0.6682,0.6564,0.6596,0.6477,0.6265,0.6268,0.626,0.6314,0.626,0.6762,0.4926,0.6795,0.673,0.4926,0.6629,0.6293,0.601,0.6841,0.681,0.6826,0.6731,0.6344,0.601,0,0,0,0,0,v1.0.1,2025_12_22,312.5,315.1132,437.6018,300.6991,298.6116,183.7107,184.0083,329.9008,326.5,446.3898,-7.6557,-4.3373,-0.0001,0,-0.2142,1.565,-0.2141,1.564,0.6752,176.2969,175.2822,173.3193,175.75,175.1621,0.7869,0.6865,0.8041,0.6751,0.6751,0.752,0.6502,0.7649,0.6764,0.6502,0.78,0.7584,0.767,0.7075,0.7075,0.72,0,0.7303,0.7165,0.7165,0,0,0,0,0,v1.0.1,2025_12_22,312.5048,315.0571,438.4522,300.6174,298.623,182.7623,183.176,329.832,326.6667,447,-7.6155,-4.4462,-0.0001,0,-0.2136,1.5657,-0.2132,1.5634,0.6756,147.9209,143.2461,142.3418,145.3008,144.7024,0.6544,0.5793,0.6761,0.6122,0.5793,0.634,0.5681,0.624,0.588,0.5681,0.6482,0.6333,0.6365,0.6035,0.6035,0.5816,0.4975,0.5796,0.5833,0.4975,0,0,0,0,0,-0.013,-0.0611,-0.0093,-0.0458,-0.0458,-0.0213,-0.0769,-0.0003,-0.0347,-0.0359,-0.0111,0.0065,0.0232,0.0097,-0.0818,-0.1027,-0.0403,-0.0268,0.0093,-0.0046,0.0032,-0.0377,-0.0004,-0.0203,-0.0043,-0.0153,-0.0378,-0.0086,0.0014,-0.0244,0.013,-0.0039,-0.0004,0.0058,-0.038,-0.034,-0.035,0.0005,-0.0072,0.0039,-0.0051,-0.1442,0.009,-0.1428,-0.1169,0.0035,-0.1449,0.0004,-0.0743,-0.0983,-0.0009,-0.0059,0.0088,0.0114,-0.0131,-0.0081,-0.0003,-0.0992,0.0059,-0.0686,-0.0754,-0.0049,-0.0878,-0.0067,-0.0638,-0.0626,0.0143,0.0092,-0.001,-0.0041,-0.0041,-0.0137,-0.0123,TRUE,TRUE
DTC_R_52,LanSi,1,CW_01,A,2026-03-21 15:04:30+08:00,ONLINE,FALSE,,CW_1_01,PASS,,,51.6014371,_2026032115043038901,T20260321150430,DESKTOP-P2DUL42,Loma,1,CW_1_01,1,paul di,2024.0718.155524,V20260126.2,CW_DTCL_DTCR_STC,T20260321150521,51.6014371,TRUE,TRUE,TRUE,TRUE,TRUE,TRUE,TRUE,4S2RND2HBL0DP6,v1.0.1,2025_12_22,315.3684,317.8647,475.6963,298.0815,295.7847,149.2639,149.7095,338,336.1007,485.3289,-4.9681,-1.7922,0,0,-0.2223,1.5546,-0.2204,1.5471,0.6648,156.0322,153.3701,153.0635,155.7627,154.5571,0.8638,0.7926,0.8797,0.7788,0.7788,0.813,0.7467,0.8189,0.7493,0.7467,0.804,0.8189,0.7996,0.8204,0.7223,0.7349,0.7742,0.7387,0.7223,0.8403,0.7937,0.8172,0.357,0.357,0.841,0.7622,0.7525,0.8121,0.7877,0.7031,0.8439,0.8441,0.7031,0,0,0,0,0,v1.0.1,2025_12_22,315.2971,317.7174,476.8116,297.913,295.5133,148.3667,148.3907,338.245,336.1611,486.349,-5.0652,-1.7818,-0.0001,0,-0.2215,1.554,-0.2219,1.5472,0.6645,163.5254,157.374,165.9141,166.415,163.3071,0.7103,0.6606,0.7176,0.6731,0.6606,0.6734,0.6399,0.6604,0.6322,0.6322,0.6391,0.6559,0.6678,0.6501,0.6185,0.6402,0.6177,0.619,0.6177,0.6797,0.6545,0.6696,0.0782,0.0782,0.6513,0.6515,0.6407,0.6631,0.6509,0.5958,0.6476,0.6822,0.5958,0,0,0,0,0,v1.0.1,2025_12_22,317.4952,328.9429,442.2589,313.8929,302.744,197.032,188.8145,343.3629,332.027,456.6306,-2.8321,8.4722,0,0.0001,-0.2195,1.5589,-0.2111,1.557,0.6713,177.6436,177.8018,177.9951,178.8418,178.0706,0.8106,0.6502,0.8193,0.6322,0.6322,0.7665,0.6119,0.7691,0.6351,0.6119,0.7718,0.7716,0.7607,0.753,0.753,0.7583,0.6672,0.7328,0,0.6672,0,0,0,0,0,v1.0.1,2025_12_22,317.5,329,443.036,313.8378,302.6148,196.3033,187.8595,343.5289,332.1696,457.4732,-2.864,8.5287,0,0.0001,-0.2197,1.5586,-0.2111,1.5566,0.6711,148.9678,142.752,144.6777,146.9082,145.8264,0.6558,0.5752,0.6822,0.5642,0.5642,0.637,0.5552,0.6445,0.5525,0.5525,0.637,0.637,0.6375,0.6176,0.6176,0.5901,0.5479,0.58,0.3482,0.3482,0,0,0,0,0,-0.0047,-0.0811,0.003,-0.0955,-0.0897,-0.0037,-0.0737,0.0009,-0.0831,-0.07,-0.0241,0.0079,-0.0168,0.0033,-0.0842,-0.078,-0.0161,-0.0954,-0.001,0.0153,0.0062,-0.0561,0.0036,-0.0443,-0.0435,-0.0139,-0.0317,-0.0055,-0.0568,-0.0337,-0.0256,-0.0044,0.004,-0.0096,-0.037,-0.0259,-0.01,-0.0298,-0.0028,0.0018,0.0054,-0.1757,0.0013,-0.1863,-0.173,-0.0068,-0.1619,-0.0046,-0.148,-0.1614,0.0046,-0.0058,0.0127,0.0145,0.0041,0.0091,-0.0021,-0.1002,0.0085,-0.1094,-0.0937,-0.0061,-0.0864,-0.0002,-0.0922,-0.0891,0.0052,-0.0104,0.0059,-0.0101,-0.0101,-0.0127,-0.0066,TRUE,TRUE
DTC_R_53,LanSi,1,CW_01,B,2026-03-21 15:06:14+08:00,ONLINE,FALSE,,CW_1_01,PASS,,,51.4200336,_2026032115061439601,T20260321150614,DESKTOP-P2DUL42,Loma,1,CW_1_01,1,paul di,2024.0718.155524,V20260126.2,CW_DTCL_DTCR_STC,T20260321150705,51.4200336,TRUE,TRUE,TRUE,TRUE,TRUE,TRUE,TRUE,4S2RND2HBL0DP6,v1.0.1,2025_12_22,315.0657,316.1533,475.3015,296.4265,295.2238,147.8531,149.2632,336.3487,335.8456,484.7383,-5.3601,-3.196,-0.0001,0,-0.222,1.5529,-0.2207,1.5476,0.6645,155.5742,152.9121,152.4443,155.3174,154.062,0.8654,0.7618,0.8731,0.7861,0.7618,0.8181,0.7324,0.8216,0.7743,0.7324,0.8159,0.8224,0.8034,0.8025,0.7395,0.726,0.7937,0.7824,0.726,0.8356,0.8009,0.7886,0.98,0.7886,0.8466,0.7726,0.7494,0.8173,0.7937,0.6942,0.8045,0.857,0.6942,0,0,0,0,0,v1.0.1,2025_12_22,315.0429,316.1071,476.3382,296.2426,295.0822,146.8562,148.0533,336.48,335.9452,485.7877,-5.4076,-3.2053,-0.0001,0,-0.222,1.5529,-0.2209,1.5477,0.6644,164.209,158.1738,166.6182,166.792,163.9482,0.7058,0.648,0.715,0.6722,0.648,0.6805,0.6342,0.6813,0.6542,0.6342,0.6675,0.6516,0.6495,0.6721,0.6255,0.6308,0.6291,0.6376,0.6255,0.6788,0.6523,0.6717,0.1031,0.1031,0.6566,0.6512,0.6496,0.6629,0.6624,0.5824,0.6445,0.6571,0.5824,0,0,0,0,0,v1.0.1,2025_12_22,317.1028,327.6168,441.8636,312.4818,302.5197,195.9528,188.5738,341.7377,331.9561,456.0263,-3.0968,7.2631,0,0.0001,-0.2202,1.56,-0.2089,1.5551,0.6715,177.8438,177.54,177.791,178.7158,177.9727,0.8125,0.6104,0.8169,0.6456,0.6104,0.7779,0.6091,0.7781,0.6757,0.6091,0.7802,0.7672,0.7588,0.7534,0.7534,0.7551,0.6592,0.7291,0,0.6592,0,0,0,0,0,v1.0.1,2025_12_22,317.0849,327.6698,442.7589,312.4821,302.464,195.128,187.6066,341.9098,332,457,-3.1171,7.338,0,0.0001,-0.2198,1.5604,-0.209,1.5555,0.6718,149.1445,143.5244,145.0488,147.21,146.2319,0.6673,0.5543,0.6837,0.5714,0.5543,0.6412,0.5362,0.6516,0.5825,0.5362,0.64,0.6394,0.6326,0.6397,0.6326,0.6029,0.5346,0.5747,0.3496,0.3496,0,0,0,0,0,-0.0031,-0.1119,-0.0036,-0.0882,-0.1067,0.0014,-0.088,0.0036,-0.0581,-0.0843,-0.0122,0.0114,-0.013,-0.0146,-0.067,-0.0869,0.0034,-0.0517,-0.0057,-0.0133,0.0017,-0.0687,0.001,-0.0452,-0.0561,-0.0068,-0.0374,0.0154,-0.0348,-0.0317,0.0028,-0.0087,-0.0143,0.0124,-0.03,-0.0353,0.0014,-0.0112,-0.0037,0.0039,0.0073,-0.2155,-0.0011,-0.1729,-0.1948,0.0046,-0.1647,0.0044,-0.1074,-0.1642,0.013,-0.0102,0.0108,0.0149,0.0009,0.0054,0.0094,-0.1211,0.01,-0.1022,-0.1036,-0.0019,-0.1054,0.0069,-0.0622,-0.1054,0.0082,-0.008,0.001,0.012,0.0049,0.0001,-0.0119,TRUE,TRUE
DTC_L_53,LanSi,1,CW_01,A,2026-03-21 15:06:14+08:00,ONLINE,FALSE,,CW_1_01,PASS,,,51.2524821,_2026032115061457102,T20260321150614,DESKTOP-P2DUL42,Loma,1,CW_1_01,2,paul di,2024.0718.155524,V20260126.2,CW_DTCL_DTCR_STC,T20260321150705,51.2524821,TRUE,TRUE,TRUE,TRUE,TRUE,TRUE,TRUE,4S2RND2HBL06DS,v1.0.1,2025_12_22,314.2074,324,474.5758,303.8409,295.0331,153.3841,148.3667,343.7933,333.4328,489.8806,-6.3768,3.4798,-0.0001,0,-0.2245,1.5584,-0.2183,1.5549,0.6676,155.3643,151.249,149.043,154.2168,152.4683,0.8255,0.8135,0.8389,0.7781,0.7781,0.7817,0.7612,0.7996,0.7388,0.7388,0.8231,0.8105,0.8255,0.7797,0.7497,0.7081,0.7414,0.6909,0.6909,0.8121,0.98,0.8388,0.8223,0.8121,0.8304,0.7745,0.7714,0.8332,0.8414,0.8236,0.7933,0.7739,0.7714,0,0,0,0,0,v1.0.1,2025_12_22,314.1714,323.9857,475.7589,303.6099,294.9408,152.4342,147.2905,344,333.7153,490.9343,-6.3246,3.4928,-0.0001,0,-0.2249,1.5586,-0.2188,1.5537,0.6672,162.1553,157.5645,163.3506,162.8271,161.4744,0.6808,0.6882,0.6923,0.7014,0.6808,0.6652,0.6329,0.6559,0.6472,0.6329,0.6389,0.6564,0.658,0.632,0.6048,0.6209,0.6219,0.6031,0.6031,0.6898,0.4007,0.6747,0.6738,0.4007,0.6527,0.6682,0.6472,0.6714,0.6866,0.6791,0.6599,0.6299,0.6299,0,0,0,0,0,v1.0.1,2025_12_22,312.9151,316.3302,437.9818,302.1545,299.0339,185.8559,184.5887,330.9032,326.9211,446.3333,-7.2119,-3.1846,-0.0001,0,-0.2123,1.5643,-0.2126,1.563,0.6756,175.46,174.2578,172.3506,174.6758,174.186,0.7874,0.6957,0.8071,0.666,0.666,0.7524,0.6573,0.7612,0.6648,0.6573,0.7711,0.7661,0.7615,0.7093,0.7093,0.7212,0,0.7261,0.7166,0.7166,0,0,0,0,0,v1.0.1,2025_12_22,312.9135,316.2212,438.7658,301.964,299,184.8974,183.6583,331.075,327,447.1026,-7.2325,-3.248,-0.0001,0,-0.2123,1.5647,-0.2139,1.5631,0.6754,149.0186,143.4395,142.6924,146.6602,145.4526,0.6438,0.5897,0.6771,0.5991,0.5897,0.6298,0.5656,0.6236,0.5753,0.5656,0.6355,0.619,0.6519,0.6124,0.6124,0.5884,0.5123,0.5853,0.5919,0.5123,0,0,0,0,0,-0.0085,-0.046,-0.0125,-0.0552,-0.0552,-0.0106,-0.0721,-0.001,-0.0591,-0.0535,-0.0002,-0.0084,0.0259,0.0157,-0.0773,-0.112,-0.0675,-0.0486,-0.0058,0.0046,-0.0066,-0.0326,-0.0044,-0.011,-0.0066,-0.0062,-0.042,-0.0056,-0.0168,-0.0286,-0.0163,-0.0039,-0.002,-0.0099,-0.0597,-0.0399,-0.0391,-0.0278,0.0064,-0.0009,-0.0046,-0.135,0.012,-0.1519,-0.126,0.0039,-0.1378,-0.0033,-0.0859,-0.0912,-0.0098,0.0018,0.0033,0.0132,-0.0119,-0.0123,-0.0109,-0.0888,0.0069,-0.0817,-0.065,-0.0091,-0.0903,-0.0071,-0.0765,-0.0651,0.0016,-0.0051,0.0144,0.0048,0.0048,-0.0069,-0.0066,TRUE,TRUE
DTC_L_54,LanSi,1,CW_01,B,2026-03-21 15:08:08+08:00,ONLINE,FALSE,,CW_1_01,PASS,,,51.617553,_2026032115080849402,T20260321150808,DESKTOP-P2DUL42,Loma,1,CW_1_01,2,paul di,2024.0718.155524,V20260126.2,CW_DTCL_DTCR_STC,T20260321150900,51.617553,TRUE,TRUE,TRUE,TRUE,TRUE,TRUE,TRUE,4S2RND2HBL06DS,v1.0.1,2025_12_22,314.3258,323.1591,474.5,303,295.0265,152.0795,148.3289,343.0268,333.5108,489.4532,-6.3616,2.6437,-0.0001,0,-0.2247,1.5579,-0.2186,1.5554,0.6675,154.6875,150.5645,148.5596,153.7031,151.8787,0.8321,0.8093,0.8443,0.797,0.797,0.7766,0.7664,0.8011,0.7603,0.7603,0.8112,0.8181,0.8257,0.7773,0.7592,0.7278,0.7606,0.6823,0.6823,0.8199,0.98,0.8336,0.8228,0.8199,0.84,0.7818,0.7434,0.8278,0.8458,0.8301,0.7951,0.7683,0.7434,0,0,0,0,0,v1.0.1,2025_12_22,314.2714,323.3357,475.6765,302.9632,294.9595,151.1149,147.3467,343.2333,333.7606,490.5,-6.2971,2.7294,-0.0001,0,-0.225,1.5586,-0.2181,1.5542,0.6674,161.9844,157.9775,163.7324,162.8535,161.637,0.6774,0.6889,0.6967,0.6886,0.6774,0.6531,0.6358,0.6613,0.6518,0.6358,0.6519,0.6595,0.6602,0.6343,0.6352,0.6301,0.632,0.6125,0.6125,0.6608,0.4218,0.6825,0.6791,0.4218,0.6671,0.6652,0.6271,0.676,0.666,0.6908,0.674,0.6219,0.6219,0,0,0,0,0,v1.0.1,2025_12_22,312.9524,315.6286,437.9182,301.5727,299.0424,184.7881,184.5328,330.2377,327,445.8974,-7.2109,-3.8751,-0.0001,0,-0.2115,1.5644,-0.2128,1.5629,0.6757,176.0234,175.0381,173.1523,175.5137,174.9319,0.7839,0.6936,0.806,0.6924,0.6924,0.7509,0.677,0.7614,0.6586,0.6586,0.786,0.7793,0.755,0.7047,0.7047,0.7359,0,0.7433,0.725,0.725,0,0,0,0,0,v1.0.1,2025_12_22,312.9524,315.6286,438.6174,301.4522,299,183.8974,183.6583,330.275,327.0783,446.7217,-7.2387,-3.905,-0.0001,0,-0.2118,1.5648,-0.2123,1.5629,0.6759,148.5127,143.7949,143.167,146.1289,145.4009,0.6578,0.5875,0.672,0.6097,0.5875,0.6298,0.5756,0.6282,0.576,0.5756,0.6088,0.6302,0.6523,0.6116,0.6088,0.5744,0.5187,0.5998,0.5742,0.5187,0,0,0,0,0,-0.0019,-0.0502,-0.0071,-0.0363,-0.0363,-0.0157,-0.0669,0.0005,-0.0376,-0.032,-0.0121,-0.0008,0.0261,0.0133,-0.0678,-0.0923,-0.0483,-0.0572,0.002,-0.0006,-0.01,-0.0319,0,-0.0238,-0.01,-0.0183,-0.0391,-0.0002,-0.0122,-0.0257,-0.0033,-0.0008,0.0002,-0.0076,-0.0293,-0.0307,-0.029,-0.0184,-0.0226,0.0069,-0.0081,-0.1371,0.0109,-0.1255,-0.0996,0.0024,-0.1181,-0.0031,-0.0921,-0.0899,0.0051,0.015,-0.0032,0.0086,0.0028,0.0049,0.0031,-0.091,0.0018,-0.0711,-0.0672,-0.0091,-0.0803,-0.0025,-0.0758,-0.0551,-0.0251,0.0061,0.0148,0.004,0.0012,-0.0209,0.0079,TRUE,TRUE
DTC_R_54,LanSi,1,CW_01,C,2026-03-21 15:08:08+08:00,ONLINE,FALSE,,CW_1_01,PASS,,,51.629521,_2026032115080849401,T20260321150808,DESKTOP-P2DUL42,Loma,1,CW_1_01,1,paul di,2024.0718.155524,V20260126.2,CW_DTCL_DTCR_STC,T20260321150900,51.629521,TRUE,TRUE,TRUE,TRUE,TRUE,TRUE,TRUE,4S2RND2HBL0DP6,v1.0.1,2025_12_22,315.2222,317.1333,475.5414,297.8045,295.6528,149.1667,149.4832,337.5436,335.9392,485.1149,-5.1322,-2.1474,-0.0001,0,-0.2195,1.5543,-0.222,1.5476,0.6651,156.3857,153.8916,153.6797,156.0684,155.0063,0.8691,0.7991,0.8709,0.7857,0.7857,0.8062,0.7428,0.8186,0.7792,0.7428,0.8207,0.8218,0.8108,0.8038,0.7379,0.7419,0.7741,0.7701,0.7379,0.827,0.8007,0.7897,0.98,0.7897,0.8505,0.7751,0.7394,0.8162,0.7417,0.1071,0.8199,0.8471,0.1071,0,0,0,0,0,v1.0.1,2025_12_22,315.1765,317.1471,476.777,297.5468,295.3147,147.958,148.2715,337.7417,336,486.2282,-5.1921,-2.1756,-0.0001,0,-0.2202,1.5534,-0.2223,1.5477,0.6647,163.6826,157.791,166.376,166.0352,163.4712,0.71,0.666,0.7125,0.6633,0.6633,0.6858,0.6367,0.6722,0.6404,0.6367,0.6722,0.6497,0.6609,0.6292,0.6236,0.6343,0.6256,0.6361,0.6236,0.6883,0.6712,0.6764,0.1576,0.1576,0.6444,0.6442,0.6287,0.6567,0.6311,0.2827,0.6466,0.6771,0.2827,0,0,0,0,0,v1.0.1,2025_12_22,317.4,328.5,442.1636,313.5091,302.688,196.944,188.6612,342.7769,332,456.3214,-2.9174,8.1103,0,0.0001,-0.2191,1.5589,-0.2099,1.5566,0.6716,177.3545,177.2275,177.1963,178.2207,177.4998,0.8089,0.6409,0.8214,0.6401,0.6401,0.7745,0.6282,0.7713,0.6588,0.6282,0.7666,0.783,0.7519,0.7346,0.7346,0.7573,0.682,0.74,0,0.682,0,0,0,0,0,v1.0.1,2025_12_22,317.2547,328.6981,442.8455,313.6273,302.5433,196.1181,187.7561,343.1545,332.0175,457.1579,-3.0166,8.2512,0,0.0001,-0.2189,1.5598,-0.2107,1.5559,0.6715,149,143.5068,145.3154,146.5801,146.1006,0.673,0.5515,0.6752,0.5657,0.5515,0.6437,0.5605,0.6604,0.5659,0.5605,0.6418,0.6408,0.6275,0.6207,0.6207,0.5929,0.5383,0.5649,0.1762,0.1762,0,0,0,0,0,0.0006,-0.0746,-0.0058,-0.0886,-0.0828,-0.0105,-0.0776,0.0006,-0.0532,-0.0739,-0.0074,0.0108,-0.0056,-0.0133,-0.0686,-0.071,-0.0162,-0.064,-0.0143,-0.0122,0.0059,-0.0507,-0.0015,-0.0541,-0.0408,-0.0015,-0.0349,0.0063,-0.0486,-0.0292,0.0075,-0.0106,-0.0029,-0.0305,-0.0319,-0.0318,-0.0021,-0.0127,0.0058,0.0086,0.0037,-0.185,0.0034,-0.1784,-0.1651,0.0012,-0.1456,-0.0024,-0.1243,-0.1451,-0.0006,0.0056,0.0039,-0.0039,0.0031,0.0163,0.0151,-0.1239,0.0015,-0.1079,-0.1064,0.0006,-0.0811,0.0157,-0.0788,-0.0811,0.01,-0.0066,-0.0041,-0.007,-0.007,-0.0099,-0.0217,TRUE,TRUE
DTC_L_55,LanSi,1,CW_01,C,2026-03-21 15:10:01+08:00,ONLINE,FALSE,,CW_1_01,PASS,,,51.2654243,_2026032115100188802,T20260321151001,DESKTOP-P2DUL42,Loma,1,CW_1_01,2,paul di,2024.0718.155524,V20260126.2,CW_DTCL_DTCR_STC,T20260321151053,51.2654243,TRUE,TRUE,TRUE,TRUE,TRUE,TRUE,TRUE,4S2RND2HBL06DS,v1.0.1,2025_12_22,315.2782,322.1504,475.7007,301.5401,296.3841,151.4636,149.9586,342.069,334.6296,487.9556,-5.1097,1.5357,-0.0001,0,-0.2273,1.56,-0.2194,1.5541,0.6669,153.9404,149.3906,147.7793,153.1973,151.0769,0.8265,0.8087,0.8498,0.7949,0.7949,0.7879,0.7615,0.788,0.7489,0.7489,0.8154,0.8113,0.8151,0.7494,0.7331,0.7233,0.7492,0.6923,0.6923,0.8184,0.6864,0.8113,0.7773,0.6864,0.8355,0.7822,0.7364,0.8419,0.8079,0.7724,0.7648,0.7741,0.7364,0,0,0,0,0,v1.0.1,2025_12_22,315.1522,322.2391,476.7071,301.4429,296.2185,150.4172,148.7067,342.2867,334.8286,488.9857,-5.1774,1.5743,-0.0001,0,-0.2275,1.5605,-0.2194,1.5528,0.6666,162.2793,157.7832,163.7471,163.3926,161.8005,0.6835,0.6865,0.7057,0.6967,0.6835,0.6594,0.6365,0.6589,0.6484,0.6365,0.6388,0.6534,0.6694,0.6296,0.6084,0.6315,0.64,0.6066,0.6066,0.6717,0.4981,0.6977,0.6665,0.4981,0.6629,0.656,0.6018,0.6699,0.6947,0.6536,0.6662,0.6299,0.6018,0,0,0,0,0,v1.0.1,2025_12_22,314,314.6038,438.991,300.1081,300.2397,183.8843,185.7583,329.2917,327.9646,444.6372,-6.1093,-4.995,-0.0001,0,-0.2149,1.5654,-0.2135,1.5633,0.6751,175.2588,173.7783,171.9629,174.8086,173.9521,0.7985,0.6981,0.7992,0.6874,0.6874,0.7566,0.6516,0.7614,0.6607,0.6516,0.7651,0.7774,0.7643,0.6859,0.6859,0.7253,0,0.7128,0.6417,0.6417,0,0,0,0,0,v1.0.1,2025_12_22,313.9524,314.581,439.7434,300.0531,300.1917,183.075,184.878,329.3333,328.0265,445.4513,-6.1416,-5.0013,-0.0001,-0.0001,-0.2145,1.566,-0.2133,1.5631,0.6754,149.2158,143.5537,142.8506,146.6826,145.5757,0.6694,0.5887,0.6753,0.6181,0.5887,0.6368,0.5699,0.6359,0.5729,0.5699,0.6401,0.6317,0.6292,0.6051,0.6051,0.5663,0.5176,0.5915,0.5459,0.5176,0,0,0,0,0,-0.0075,-0.0508,-0.0016,-0.0384,-0.0384,-0.0044,-0.0718,-0.0126,-0.049,-0.0434,-0.0079,-0.0076,0.0155,-0.0146,-0.0939,-0.0968,-0.0597,-0.0472,0.0005,-0.0229,-0.0039,-0.0343,0.009,-0.0157,-0.0039,-0.012,-0.0384,-0.0026,-0.0156,-0.025,-0.0164,-0.0069,0.0094,-0.0123,-0.0561,-0.0293,-0.021,-0.0243,-0.0117,0.0221,0.0065,-0.1326,0.0041,-0.1305,-0.1046,0.0081,-0.1435,-0.0031,-0.09,-0.0969,-0.0158,0.0131,0.0061,-0.0102,-0.0078,-0.0256,0.0147,-0.0898,0.0051,-0.0627,-0.066,-0.0021,-0.086,0.0052,-0.0789,-0.0608,0.0062,0.0076,-0.0083,-0.0025,-0.0025,-0.029,-0.0004,TRUE,TRUE
DTC_R_55,LanSi,1,CW_01,A,2026-03-21 15:10:01+08:00,ONLINE,FALSE,,CW_1_01,PASS,,,51.3990667,_2026032115100175801,T20260321151001,DESKTOP-P2DUL42,Loma,1,CW_1_01,1,paul di,2024.0718.155524,V20260126.2,CW_DTCL_DTCR_STC,T20260321151053,51.3990667,TRUE,TRUE,TRUE,TRUE,TRUE,TRUE,TRUE,4S2RND2HBL0DP6,v1.0.1,2025_12_22,314.9783,315.9565,474.8467,295.8102,295.1769,146.4694,149.3487,336.3224,335.3916,483.5455,-5.5516,-3.8792,-0.0001,0,-0.2248,1.554,-0.2218,1.5491,0.6641,156.0986,153.3994,153.0615,155.9609,154.6301,0.8627,0.8289,0.8678,0.8305,0.8289,0.8219,0.755,0.8275,0.7673,0.755,0.831,0.8035,0.8057,0.8211,0.7651,0.725,0.7317,0.6998,0.6998,0.8457,0.7926,0.8122,0.6236,0.6236,0.8498,0.7778,0.7815,0.8149,0.8001,0.7891,0.7693,0.849,0.7693,0,0,0,0,0,v1.0.1,2025_12_22,315,315.9137,475.85,295.6643,295,145.5,148.12,336.42,335.7042,484.6268,-5.5652,-3.8751,-0.0001,0,-0.2247,1.5535,-0.2218,1.5482,0.6638,162.7266,157.0312,165.6084,165.0898,162.614,0.708,0.6918,0.7034,0.702,0.6918,0.6682,0.6426,0.6644,0.6293,0.6293,0.6448,0.6477,0.6681,0.6573,0.6468,0.6191,0.5994,0.6,0.5994,0.685,0.6691,0.6735,0.4146,0.4146,0.6622,0.6502,0.6554,0.6627,0.6694,0.6633,0.6469,0.6845,0.6469,0,0,0,0,0,v1.0.1,2025_12_22,317.0377,327.5,441.5439,312.2544,302.5,194.9048,188.5041,341.8049,331.708,455.6018,-3.2413,6.9132,0,0.0001,-0.2213,1.5611,-0.2103,1.5563,0.6714,176.9756,176.4629,176.665,178.0859,177.0474,0.8058,0.7088,0.8248,0.6988,0.6988,0.7623,0.6522,0.7745,0.6337,0.6337,0.778,0.771,0.7513,0.7405,0.7405,0.7523,0.6659,0.7244,0,0.6659,0,0,0,0,0,v1.0.1,2025_12_22,317.0187,327.5514,442.3153,312.2432,302.4,194.096,187.5772,342.0488,331.7368,456.5,-3.2904,6.9879,0,0.0001,-0.2211,1.5612,-0.211,1.5566,0.6714,148.0176,142.5723,144.1396,145.9795,145.1772,0.6607,0.6114,0.6741,0.6001,0.6001,0.643,0.5744,0.6429,0.5654,0.5654,0.6308,0.6314,0.6407,0.6215,0.6215,0.6081,0.5573,0.5793,0.5332,0.5332,0,0,0,0,0,-0.0058,-0.0448,-0.0089,-0.0438,-0.0396,0.0052,-0.0654,0.0095,-0.0651,-0.0617,0.0029,-0.0075,-0.0107,0.004,-0.0414,-0.0879,-0.0586,-0.1343,0.0044,0.0103,0.0039,-0.0249,-0.0106,-0.0154,-0.0123,-0.0191,-0.029,-0.0015,-0.0597,-0.0366,-0.0199,-0.0126,0.0043,-0.0024,-0.0087,-0.047,-0.0283,-0.0488,0.0025,0.0057,0.0006,-0.1171,0.0068,-0.1197,-0.1064,-0.011,-0.1216,0.0008,-0.1494,-0.1396,0.0108,-0.0064,0.0033,0.002,-0.0019,0.0007,0.0028,-0.064,0.0004,-0.0735,-0.0578,-0.0001,-0.0672,-0.0018,-0.0793,-0.0762,-0.001,-0.016,0.0091,-0.0062,-0.0062,0.0053,-0.0073,TRUE,TRUE
DTC_R_56,LanSi,1,CW_01,B,2026-03-21 15:13:37+08:00,ONLINE,FALSE,,CW_1_01,PASS,,,51.7242914,_2026032115133750401,T20260321151337,DESKTOP-P2DUL42,Loma,1,CW_1_01,1,paul di,2024.0718.155524,V20260126.2,CW_DTCL_DTCR_STC,T20260321151429,51.7242914,TRUE,TRUE,TRUE,TRUE,TRUE,TRUE,TRUE,4S2RND2HBL0DP6,v1.0.1,2025_12_22,315.0365,317.3869,474.9118,297.5,295.1156,147.9864,149.5,337.7763,335.3235,484.9632,-5.5225,-2.3774,-0.0001,0,-0.2232,1.5532,-0.222,1.5498,0.6644,156.4922,153.7129,153.7451,156.1221,155.0181,0.8646,0.8301,0.8627,0.7955,0.7955,0.8182,0.7363,0.824,0.7755,0.7363,0.8224,0.8155,0.8032,0.8079,0.7716,0.748,0.7499,0.7503,0.748,0.8323,0.8163,0.8125,0.5673,0.5673,0.8487,0.7934,0.7893,0.8319,0.8144,0.5002,0.8214,0.8559,0.5002,0,0,0,0,0,v1.0.1,2025_12_22,315.0355,317.3759,476.0143,297.4143,295.0414,146.931,148.3108,337.9122,335.6571,485.8571,-5.4882,-2.4019,-0.0001,0,-0.2229,1.5535,-0.222,1.5485,0.6643,163.9844,158.3906,167.4336,166.5029,164.0779,0.7001,0.69,0.7103,0.6896,0.6896,0.6779,0.6382,0.6643,0.6618,0.6382,0.6686,0.6537,0.6539,0.659,0.6465,0.6435,0.6029,0.6317,0.6029,0.6791,0.6731,0.6741,0.1107,0.1107,0.6628,0.6599,0.6568,0.6891,0.647,0.5353,0.6632,0.6736,0.5353,0,0,0,0,0,v1.0.1,2025_12_22,317.1682,328.8037,441.7168,313.6814,302.5736,196.2093,188.8145,343.3629,331.8393,457.2143,-3.0775,8.3543,0,0.0001,-0.2203,1.5607,-0.2124,1.5565,0.6711,177.4492,176.8467,177.0869,178.4648,177.4619,0.7964,0.6756,0.8162,0.6696,0.6696,0.7698,0.667,0.7709,0.6618,0.6618,0.7745,0.7684,0.7457,0.7307,0.7307,0.7465,0.6794,0.745,0,0.6794,0,0,0,0,0,v1.0.1,2025_12_22,317.1619,328.9143,442.5,313.5965,302.5323,195.7581,187.9274,343.4677,331.9115,458,-3.0934,8.4473,0,0.0001,-0.2211,1.5609,-0.2116,1.5565,0.6712,149.5645,144.0703,145.8535,147.0469,146.6338,0.6588,0.5806,0.6752,0.5771,0.5771,0.6358,0.578,0.6431,0.5767,0.5767,0.6249,0.6323,0.6286,0.6285,0.6249,0.5858,0.5677,0.5841,0.2867,0.2867,0,0,0,0,0,-0.0039,-0.0436,-0.014,-0.0788,-0.073,0.0015,-0.0841,0.006,-0.0569,-0.0804,-0.0057,0.0045,-0.0132,-0.0092,-0.0349,-0.0649,-0.0404,-0.0838,-0.009,0.0106,-0.004,-0.0267,-0.0037,-0.0278,-0.0145,-0.0094,-0.0334,-0.0016,-0.0272,-0.0277,0.0039,-0.0066,-0.0099,-0.0007,-0.009,-0.0226,-0.0248,-0.0171,-0.0034,0.0063,-0.0088,-0.1503,-0.0018,-0.1489,-0.1356,-0.0035,-0.1068,-0.0028,-0.1213,-0.1115,0.0073,-0.009,-0.0023,-0.0078,-0.0077,0.0213,0.0009,-0.0948,0.0015,-0.0965,-0.0808,-0.0073,-0.0636,-0.0016,-0.068,-0.0649,-0.0069,-0.0151,-0.003,0.0008,-0.0028,-0.017,-0.0025,TRUE,TRUE
DTC_L_56,LanSi,1,CW_01,A,2026-03-21 15:13:37+08:00,ONLINE,FALSE,,CW_1_01,FAIL,IR_SFR_VIS_25cm_Ny4_06F_ROI10;IR_SFR_VIS_25cm_Ny4_06F_Min,sfr_25Algo_IR,51.7213095,_2026032115133751702,T20260321151337,DESKTOP-P2DUL42,Loma,1,CW_1_01,2,paul di,2024.0718.155524,V20260126.2,CW_DTCL_DTCR_STC,T20260321151429,51.7213095,TRUE,TRUE,TRUE,TRUE,TRUE,TRUE,TRUE,4S2RND2HBL06DS,v1.0.1,2025_12_22,314.2647,323.8897,474.458,303.8092,295,152.5,148.3775,343.8013,333.3688,490.4752,-6.4062,3.3951,-0.0001,0,-0.2242,1.5583,-0.2189,1.5561,0.6678,154.6885,150.9111,148.916,154.0459,152.1404,0.8205,0.7907,0.8364,0.7902,0.7902,0.7866,0.7538,0.7931,0.7441,0.7441,0.8146,0.7079,0.8208,0.7737,0.7549,0.7236,0.7612,0.6842,0.6842,0.8166,0.6402,0.8257,0.8443,0.6402,0.8507,0.7686,0.7498,0.8324,0.8323,0.8294,0.783,0.765,0.7498,0,0,0,0,0,v1.0.1,2025_12_22,314.1957,323.8333,475.55,303.5786,294.9408,151.4342,147.2953,343.953,333.5,491.5,-6.4037,3.3598,-0.0001,0,-0.2244,1.5591,-0.2195,1.5556,0.6677,162.1064,158.2832,164.0957,163.3457,161.9578,0.6784,0.6639,0.6974,0.6889,0.6639,0.6608,0.6325,0.6525,0.6438,0.6325,0.6451,0.5579,0.6562,0.6399,0.6273,0.6206,0.6294,0.6108,0.5579,0.6796,0.5198,0.6653,0.6985,0.5198,0.6533,0.64,0.6201,0.679,0.6935,0.703,0.6759,0.6229,0.6201,0,0,0,0,0,v1.0.1,2025_12_22,312.9135,316.2212,437.8919,302.1351,299.0826,185.0413,184.5656,330.7295,326.931,446.7759,-7.2231,-3.3194,-0.0001,0,-0.2117,1.5652,-0.212,1.5633,0.6762,175.8057,175.2402,173.2139,175.4863,174.9365,0.7991,0.6859,0.81,0.6922,0.6859,0.7531,0.6457,0.7554,0.6645,0.6457,0.7817,0.7326,0.7681,0.6916,0.6916,0.721,0,0.733,0.7338,0.721,0,0,0,0,0,v1.0.1,2025_12_22,312.8846,316.1154,438.7117,301.8468,299.0256,184.1966,183.7059,330.8655,326.9474,447.5,-7.245,-3.3951,-0.0001,0,-0.2124,1.5656,-0.2132,1.5637,0.6759,148.7207,144.1299,143.333,146.5518,145.6838,0.6534,0.5987,0.6735,0.6053,0.5987,0.6316,0.5661,0.6192,0.5747,0.5661,0.6284,0.5987,0.6419,0.6187,0.5987,0.5917,0.5435,0.5865,0.5759,0.5435,0,0,0,0,0,-0.0135,-0.0688,-0.015,-0.0431,-0.0431,-0.0057,-0.0795,-0.0075,-0.0538,-0.0482,-0.0087,-0.111,0.0212,0.0097,-0.0721,-0.0965,-0.0477,-0.0553,-0.0013,-0.0085,-0.009,-0.0569,0.0007,-0.0235,-0.0235,-0.0106,-0.0424,-0.009,-0.0202,-0.029,-0.0101,-0.1024,-0.0038,-0.002,-0.0372,-0.0402,-0.0316,-0.0201,-0.0038,-0.0103,0.0071,-0.1448,0.0149,-0.1257,-0.1061,0.0046,-0.1494,-0.0091,-0.0862,-0.1028,0.0008,-0.0317,0.0099,-0.0045,-0.0121,-0.0054,-0.0013,-0.0798,0.0033,-0.0755,-0.056,-0.0073,-0.0898,-0.0115,-0.0771,-0.0646,-0.0055,-0.0254,0.0044,0.0111,-0.0089,-0.0036,-0.0054,TRUE,TRUE
DTC_R_57,LanSi,1,CW_01,C,2026-03-21 15:15:58+08:00,ONLINE,FALSE,,CW_1_01,PASS,,,52.1136528,_2026032115155804901,T20260321151558,DESKTOP-P2DUL42,Loma,1,CW_1_01,1,paul di,2024.0718.155524,V20260126.2,CW_DTCL_DTCR_STC,T20260321151650,52.1136528,TRUE,TRUE,TRUE,TRUE,TRUE,TRUE,TRUE,4S2RND2HBL0DP6,v1.0.1,2025_12_22,314.9852,317.3185,474.9118,297.5,295.2828,147.6138,149.3176,337.8514,335.3706,485.3846,-5.5264,-2.3663,-0.0001,0,-0.2228,1.5547,-0.2228,1.5496,0.6647,154.9619,152.0967,151.085,155.0742,153.3044,0.8597,0.8293,0.8555,0.8186,0.8186,0.8282,0.7724,0.8194,0.8207,0.7724,0.8227,0.8073,0.7948,0.8112,0.7475,0.7744,0.6646,0.7208,0.6646,0.8422,0.816,0.705,0.7859,0.705,0.8601,0.7862,0.794,0.822,0.813,0.8142,0.8041,0.8528,0.7862,0,0,0,0,0,v1.0.1,2025_12_22,314.9577,317.2535,475.9858,297.234,295.1342,146.6779,148.137,337.9726,335.625,486.3542,-5.532,-2.4016,-0.0001,0,-0.2232,1.5546,-0.2231,1.5487,0.6643,162.0713,157.0371,165.2744,164.6777,162.2651,0.6978,0.6949,0.7109,0.6885,0.6885,0.672,0.6335,0.67,0.6803,0.6335,0.6452,0.6557,0.6389,0.6672,0.6328,0.6519,0.583,0.621,0.583,0.6962,0.6744,0.6396,0.4627,0.4627,0.653,0.6622,0.666,0.6665,0.6579,0.686,0.6661,0.6851,0.653,0,0,0,0,0,v1.0.1,2025_12_22,317.0952,328.7238,441.5739,313.5478,302.5,196,188.5847,343.3475,331.7383,457.4953,-3.2016,8.3229,0,0.0001,-0.2208,1.5608,-0.2128,1.5571,0.6711,176.6865,176.209,175.9727,178.3613,176.8074,0.8064,0.6887,0.8161,0.6984,0.6887,0.7685,0.6706,0.7636,0.714,0.6706,0.767,0.7604,0.7356,0.7323,0.7323,0.7451,0.6872,0.6335,0,0.6335,0,0,0,0,0,v1.0.1,2025_12_22,317.0874,328.835,442.4298,313.5702,302.3902,195.187,187.65,343.3667,331.8257,458.3028,-3.2234,8.3523,0,0.0001,-0.2207,1.5608,-0.2113,1.5569,0.6714,147.6572,142.7695,144.1836,145.5068,145.0293,0.6614,0.5896,0.6669,0.6164,0.5896,0.6366,0.5809,0.6426,0.5993,0.5809,0.6458,0.6438,0.6174,0.6335,0.6174,0.5943,0.5578,0.5275,0.5185,0.5185,0,0,0,0,0,-0.0088,-0.0444,-0.0212,-0.0557,-0.0499,0.0115,-0.048,0.0014,-0.0117,-0.0443,-0.0054,-0.0037,-0.0216,-0.0059,-0.059,-0.0385,-0.1257,-0.1133,0.0009,-0.0969,-0.0063,-0.0218,-0.0031,-0.0289,-0.0156,-0.0153,-0.0381,0.0041,-0.0087,-0.0324,-0.0195,-0.0046,-0.0249,0.0075,-0.0227,-0.0142,-0.0447,-0.0278,0.0137,-0.0282,0.0012,-0.1372,-0.0019,-0.1201,-0.1165,-0.0048,-0.1032,-0.0101,-0.0691,-0.1027,-0.0002,-0.017,-0.0124,-0.0062,-0.0091,-0.0902,0.0035,-0.0858,-0.0068,-0.0572,-0.0683,-0.0065,-0.0607,-0.0021,-0.0454,-0.0607,0.014,-0.0036,-0.0142,0.0058,-0.0103,-0.0085,-0.0591,TRUE,TRUE
DTC_L_57,LanSi,1,CW_01,B,2026-03-21 15:15:58+08:00,ONLINE,FALSE,,CW_1_01,PASS,,,51.9760205,_2026032115155820402,T20260321151558,DESKTOP-P2DUL42,Loma,1,CW_1_01,2,paul di,2024.0718.155524,V20260126.2,CW_DTCL_DTCR_STC,T20260321151650,51.9760205,TRUE,TRUE,TRUE,TRUE,TRUE,TRUE,TRUE,4S2RND2HBL06DS,v1.0.1,2025_12_22,314.3556,323,474.5833,302.8712,295.047,152.2148,148.3922,342.6667,333.4085,489.5,-6.3427,2.5505,-0.0001,0,-0.2245,1.5577,-0.2174,1.5563,0.668,155.4434,151.2256,149.043,154.6191,152.5828,0.8223,0.8026,0.8506,0.7925,0.7925,0.7724,0.7501,0.8036,0.753,0.7501,0.8223,0.8015,0.8137,0.7662,0.7335,0.7086,0.7636,0.6887,0.6887,0.811,0.98,0.8252,0.8038,0.8038,0.8483,0.7714,0.7623,0.8206,0.8337,0.8272,0.7773,0.7765,0.7623,0,0,0,0,0,v1.0.1,2025_12_22,314.2847,323.0657,475.7101,302.7174,294.9932,151.1959,147.2617,342.8591,333.7203,490.5245,-6.306,2.5725,-0.0001,0,-0.2249,1.5585,-0.2174,1.5547,0.6677,162.2773,157.6104,163.4814,163.418,161.6968,0.6857,0.68,0.698,0.6947,0.68,0.66,0.6294,0.6572,0.6491,0.6294,0.6539,0.6448,0.6533,0.6325,0.6181,0.6211,0.6478,0.6087,0.6087,0.672,0.4298,0.6871,0.6703,0.4298,0.6615,0.6685,0.6321,0.678,0.6645,0.674,0.6709,0.6306,0.6306,0,0,0,0,0,v1.0.1,2025_12_22,313,315.3962,438.0273,301.3364,299.1017,184.7373,184.5447,329.878,326.9231,445.8291,-7.1806,-4.0646,-0.0001,0,-0.2115,1.5643,-0.2117,1.5639,0.6763,175.3584,174.1641,172.1074,174.9453,174.1438,0.7872,0.6791,0.8203,0.6856,0.6791,0.7359,0.6532,0.7546,0.6697,0.6532,0.7875,0.7665,0.757,0.6915,0.6915,0.739,0,0.7243,0.715,0.715,0,0,0,0,0,v1.0.1,2025_12_22,312.9626,315.3551,438.7699,301.2301,299,183.8974,183.6639,329.8487,327.0435,446.6261,-7.212,-4.1085,-0.0001,0,-0.2113,1.5645,-0.2111,1.5634,0.6764,149.0264,143.5322,142.6914,146.7109,145.4902,0.657,0.5916,0.6769,0.5986,0.5916,0.6268,0.5496,0.6266,0.6017,0.5496,0.6289,0.6316,0.6357,0.6242,0.6242,0.5997,0.5361,0.5832,0.5692,0.5361,0,0,0,0,0,-0.0117,-0.0569,-0.0008,-0.0408,-0.0408,-0.0199,-0.0832,0.003,-0.0449,-0.0422,-0.001,-0.0174,0.0141,0.0022,-0.0935,-0.1115,-0.0453,-0.0508,-0.0069,-0.009,-0.0017,-0.0408,0.0013,-0.0177,-0.0074,-0.0114,-0.0455,-0.0043,-0.0149,-0.0321,-0.0013,-0.0155,-0.0067,-0.0094,-0.0464,-0.0397,-0.0132,-0.0222,-0.0114,0.0115,-0.0048,-0.1516,0.0252,-0.1323,-0.1129,-0.0126,-0.1419,-0.0099,-0.081,-0.0953,0.0066,0.0022,-0.0012,-0.0046,0.0059,-0.0141,0.0023,-0.0869,0.0067,-0.0822,-0.0631,-0.0121,-0.1063,-0.0041,-0.0501,-0.0811,-0.005,0.0075,-0.0018,0.0166,0.0166,0.0044,-0.0087,TRUE,TRUE
DTC_R_58,LanSi,1,CW_01,A,2026-03-21 15:17:38+08:00,ONLINE,FALSE,,CW_1_01,PASS,,,51.0176042,_2026032115173861201,T20260321151738,DESKTOP-P2DUL42,Loma,1,CW_1_01,1,paul di,2024.0718.155524,V20260126.2,CW_DTCL_DTCR_STC,T20260321151829,51.0176042,TRUE,TRUE,TRUE,TRUE,TRUE,TRUE,TRUE,4S2RND2HBL0DP6,v1.0.1,2025_12_22,315.2148,316.7778,475.597,296.9925,295.5,148.3919,149.46,336.6667,336.0395,486.5,-5.1377,-2.4342,-0.0001,0,-0.2222,1.5537,-0.2189,1.5482,0.6652,156.8066,154.1572,153.708,156.7236,155.3489,0.8709,0.7758,0.8725,0.7999,0.7758,0.8218,0.721,0.8207,0.7972,0.721,0.826,0.8231,0.8158,0.8163,0.7213,0.7207,0.7917,0.7814,0.7207,0.839,0.7725,0.8058,0.98,0.7725,0.8428,0.7607,0.7272,0.8193,0.7928,0.6942,0.8615,0.8562,0.6942,0,0,0,0,0,v1.0.1,2025_12_22,315.1739,316.6667,476.7591,296.8467,295.3826,147.3758,148.2789,336.8776,336.2667,487.5,-5.1278,-2.4466,-0.0001,0,-0.2215,1.5539,-0.22,1.5474,0.665,162.4775,157.3066,165.5186,164.5488,162.4629,0.6992,0.6593,0.7151,0.6755,0.6593,0.6762,0.6353,0.6715,0.6741,0.6353,0.6615,0.6503,0.6574,0.6537,0.6083,0.6381,0.6221,0.6404,0.6083,0.6911,0.642,0.6667,0.1609,0.1609,0.6411,0.6515,0.6162,0.6565,0.6684,0.6052,0.6385,0.6665,0.6052,0,0,0,0,0,v1.0.1,2025_12_22,317.3942,327.9712,442.1545,313.0182,302.6875,196.3047,188.6777,342.3223,332.2069,457.3276,-2.8758,7.8888,0,0.0001,-0.2188,1.559,-0.2105,1.5563,0.6715,177.5391,177.1318,177.2822,178.7939,177.6868,0.806,0.6152,0.8174,0.6676,0.6152,0.7701,0.5971,0.7764,0.7085,0.5971,0.7756,0.7619,0.758,0.7463,0.7463,0.7578,0.698,0.7439,0,0.698,0,0,0,0,0,v1.0.1,2025_12_22,317.3429,328.0095,443,313,302.6179,195.7073,187.8306,342.4355,332.2373,458.1017,-2.8943,7.9508,0,0.0001,-0.2184,1.5594,-0.2104,1.5563,0.6717,147.5234,142.4453,144.1953,145.4062,144.8926,0.66,0.5464,0.6841,0.5788,0.5464,0.6405,0.5375,0.6417,0.6053,0.5375,0.6422,0.6445,0.6286,0.6439,0.6286,0.5798,0.5715,0.5844,0.4114,0.4114,0,0,0,0,0,0.0024,-0.0979,-0.0042,-0.0744,-0.0927,0.0051,-0.0994,0.0027,-0.0352,-0.0957,-0.0021,0.0121,-0.0006,-0.0008,-0.0852,-0.0922,0.0014,-0.0527,-0.0023,0.0039,-0.0049,-0.0574,0.0011,-0.0419,-0.0448,-0.0111,-0.0363,0.0056,-0.0149,-0.0306,-0.0032,-0.01,-0.0064,-0.006,-0.0472,-0.028,-0.0056,-0.0084,0.0086,-0.0011,0.0008,-0.2107,-0.0006,-0.1509,-0.19,-0.0032,-0.1767,0.0027,-0.0746,-0.1762,0.0084,-0.0155,0.01,0.0078,0.0036,0.0202,0.0021,-0.129,0.0104,-0.0948,-0.1115,-0.0026,-0.1041,-0.003,-0.0394,-0.1041,0.0104,-0.0029,-0.003,0.0162,0.0009,-0.023,-0.0022,TRUE,TRUE
DTC_L_58,LanSi,1,CW_01,C,2026-03-21 15:17:38+08:00,ONLINE,FALSE,,CW_1_01,PASS,,,51.0136138,_2026032115173860802,T20260321151738,DESKTOP-P2DUL42,Loma,1,CW_1_01,2,paul di,2024.0718.155524,V20260126.2,CW_DTCL_DTCR_STC,T20260321151829,51.0136138,TRUE,TRUE,TRUE,TRUE,TRUE,TRUE,TRUE,4S2RND2HBL06DS,v1.0.1,2025_12_22,315.4511,321.8346,475.8897,300.8309,296.6129,150.1032,150.0397,341.5232,334.6765,487.9632,-4.966,0.951,0,0,-0.2297,1.561,-0.218,1.5551,0.6671,155.0518,150.7568,148.8105,154.1045,152.1809,0.8327,0.8018,0.8415,0.7912,0.7912,0.784,0.7516,0.7978,0.7378,0.7378,0.8254,0.8049,0.8267,0.7729,0.7257,0.7218,0.7559,0.6859,0.6859,0.8194,0.8781,0.8166,0.7713,0.7713,0.839,0.7347,0.7016,0.8368,0.8301,0.7586,0.7758,0.7775,0.7016,0,0,0,0,0,v1.0.1,2025_12_22,315.3852,321.8741,476.9857,300.7286,296.4423,149.1795,148.8851,341.6351,334.7842,489,-5.0035,0.9835,-0.0001,0,-0.2296,1.561,-0.2176,1.5547,0.6671,162.5732,158.4258,164.2734,163.4385,162.1777,0.6866,0.6787,0.7039,0.6842,0.6787,0.6662,0.634,0.6583,0.6376,0.634,0.6398,0.6574,0.6534,0.6395,0.6171,0.6279,0.6322,0.6167,0.6167,0.6881,0.4771,0.6871,0.6548,0.4771,0.6525,0.6419,0.6063,0.6646,0.6666,0.6582,0.6749,0.6355,0.6063,0,0,0,0,0,v1.0.1,2025_12_22,314,314.0971,439.313,299.487,300.5645,182.8306,185.9016,328.6475,328.0265,444.4513,-5.9389,-5.5973,-0.0001,-0.0001,-0.2155,1.5683,-0.2126,1.5631,0.6758,176.3389,174.8809,173.2607,175.6836,175.041,0.7936,0.69,0.8091,0.6814,0.6814,0.7458,0.6592,0.7577,0.6483,0.6483,0.7648,0.759,0.7598,0.6969,0.6969,0.7212,0,0.7272,0.6702,0.6702,0,0,0,0,0,v1.0.1,2025_12_22,314,314.0971,440.1416,299.4602,300.4098,182,185.0413,328.719,328.0351,445.307,-5.9744,-5.5833,-0.0001,-0.0001,-0.215,1.5678,-0.2124,1.5637,0.676,149.2471,144.4443,143.1426,146.5615,145.8489,0.6622,0.5905,0.6874,0.6053,0.5905,0.6386,0.5561,0.6261,0.5664,0.5561,0.626,0.624,0.63,0.6069,0.6069,0.5773,0.5059,0.5963,0.5449,0.5059,0,0,0,0,0,-0.0013,-0.0577,-0.0099,-0.0421,-0.0421,-0.0083,-0.0817,-0.0028,-0.0601,-0.0545,0.0021,-0.014,0.0271,0.0089,-0.1013,-0.0983,-0.053,-0.0536,0.0015,-0.0176,-0.0008,-0.0421,0.0072,-0.0282,-0.0087,-0.0052,-0.0409,-0.0032,-0.0264,-0.0275,-0.0154,-0.0029,-0.0066,-0.0024,-0.0474,-0.0329,-0.0288,-0.0142,0.0047,0.0115,0.0016,-0.1407,0.014,-0.1365,-0.1106,-0.0027,-0.1359,-0.0068,-0.1024,-0.1002,-0.0161,-0.0053,0.0016,0.0008,-0.0119,-0.0112,0.0075,-0.088,0.0172,-0.0755,-0.0642,-0.0003,-0.0998,-0.0046,-0.0854,-0.0746,-0.0079,-0.0001,-0.0075,-0.0007,-0.0007,-0.018,0.0044,TRUE,TRUE
DTC_L_59,LanSi,1,CW_01,A,2026-03-21 15:20:57+08:00,ONLINE,FALSE,,CW_1_01,PASS,,,51.7077381,_2026032115205792702,T20260321152057,DESKTOP-P2DUL42,Loma,1,CW_1_01,2,paul di,2024.0718.155524,V20260126.2,CW_DTCL_DTCR_STC,T20260321152149,51.7077381,TRUE,TRUE,TRUE,TRUE,TRUE,TRUE,TRUE,4S2RND2HBL06DS,v1.0.1,2025_12_22,314.0815,323.4519,474.2847,303.0657,294.9801,152.457,148.0952,343.2381,333.2609,490.1087,-6.5595,2.9643,-0.0001,0,-0.2261,1.559,-0.2181,1.5557,0.6676,154.5342,150.0674,147.7432,152.1787,151.1309,0.831,0.8027,0.8485,0.7917,0.7917,0.7821,0.7576,0.7807,0.7566,0.7566,0.8055,0.8151,0.8149,0.774,0.7284,0.6958,0.7527,0.7107,0.6958,0.8031,0.98,0.7989,0.8148,0.7989,0.8161,0.7937,0.7825,0.8396,0.837,0.8277,0.7814,0.7661,0.7661,0,0,0,0,0,v1.0.1,2025_12_22,314.1655,323.3813,475.3261,302.9638,294.9408,151.4342,147,343.396,333.3309,491.0735,-6.5474,2.9498,-0.0001,0,-0.2255,1.5589,-0.2186,1.5565,0.6678,162.2305,157.7129,163.3711,162.7139,161.5071,0.6773,0.6829,0.691,0.6978,0.6773,0.6508,0.6307,0.6481,0.6475,0.6307,0.6541,0.6548,0.6547,0.6284,0.6099,0.6205,0.6278,0.6193,0.6099,0.6726,0.4027,0.6683,0.6749,0.4027,0.6447,0.6642,0.6436,0.6663,0.6793,0.687,0.6657,0.6291,0.6291,0,0,0,0,0,v1.0.1,2025_12_22,312.8585,315.7547,437.7168,301.5487,299,184.8974,184.453,330.3846,326.7288,446.4068,-7.3486,-3.7016,-0.0001,0,-0.2128,1.5648,-0.2129,1.5645,0.6759,175.6914,174.1621,172.2861,173.4023,173.8855,0.7856,0.6841,0.8139,0.6902,0.6841,0.7524,0.6554,0.7489,0.6692,0.6554,0.7705,0.779,0.7572,0.7123,0.7123,0.7263,0,0.7299,0.7238,0.7238,0,0,0,0,0,v1.0.1,2025_12_22,312.8208,315.6792,438.5702,301.4298,298.906,184.1282,183.479,330.4538,326.8729,447.1695,-7.3702,-3.7279,-0.0001,0,-0.2123,1.5649,-0.2132,1.5638,0.6758,148.8789,143.6924,142.873,146.125,145.3923,0.6643,0.5962,0.6816,0.6136,0.5962,0.6271,0.5636,0.6345,0.5999,0.5636,0.6373,0.6354,0.6395,0.6165,0.6165,0.5859,0.5166,0.5811,0.5658,0.5166,0,0,0,0,0,-0.003,-0.0568,-0.0029,-0.0416,-0.0416,-0.0102,-0.0757,-0.0199,-0.0413,-0.0357,-0.0178,-0.0038,0.0153,0.01,-0.0986,-0.1243,-0.0562,-0.0288,-0.0148,-0.0353,-0.0101,-0.0379,-0.0057,-0.0146,-0.0101,-0.0206,-0.0442,-0.0134,-0.0165,-0.0308,-0.0011,-0.0055,-0.0053,-0.0135,-0.0546,-0.0403,-0.0332,-0.0116,-0.0108,-0.0073,-0.0064,-0.1466,0.0188,-0.1277,-0.1079,0.0039,-0.1397,-0.0156,-0.0815,-0.0931,-0.0104,0.0147,-0.001,0.0162,-0.0068,-0.0085,0.0096,-0.0823,0.0114,-0.0672,-0.0585,-0.0118,-0.0923,0.0038,-0.0519,-0.0671,0.0034,0.0113,0.002,0.0089,0.0089,-0.0094,-0.0108,TRUE,TRUE
DTC_R_59,LanSi,1,CW_01,B,2026-03-21 15:20:57+08:00,ONLINE,FALSE,,CW_1_01,PASS,,,51.7655841,_2026032115205787701,T20260321152057,DESKTOP-P2DUL42,Loma,1,CW_1_01,1,paul di,2024.0718.155524,V20260126.2,CW_DTCL_DTCR_STC,T20260321152149,51.7655841,TRUE,TRUE,TRUE,TRUE,TRUE,TRUE,TRUE,4S2RND2HBL0DP6,v1.0.1,2025_12_22,315.2132,316.5588,475.5489,297,295.4257,148.3649,149.5,336.5867,336.0395,486.5,-5.1545,-2.4979,-0.0001,0,-0.2209,1.5532,-0.2198,1.5483,0.6652,156.4912,153.7539,153.7988,156.1299,155.0435,0.8656,0.7814,0.8715,0.8012,0.7814,0.8195,0.7334,0.8225,0.7955,0.7334,0.8257,0.8163,0.8007,0.822,0.7288,0.7229,0.8103,0.7926,0.7229,0.8422,0.7626,0.8097,0.98,0.7626,0.8458,0.7803,0.7348,0.8168,0.7958,0.7153,0.8696,0.8481,0.7153,0,0,0,0,0,v1.0.1,2025_12_22,315.2086,316.6331,476.7698,296.7986,295.302,147.3423,148.2416,336.8121,336.1118,487.5526,-5.1732,-2.4723,-0.0001,0,-0.2216,1.5532,-0.2198,1.5486,0.6651,162.2988,157.0137,165.4951,164.3418,162.2874,0.6952,0.6708,0.7197,0.6764,0.6708,0.6819,0.6291,0.6676,0.6719,0.6291,0.6691,0.6488,0.6565,0.6605,0.6175,0.6286,0.6245,0.6494,0.6175,0.6745,0.6409,0.6536,0.116,0.116,0.6601,0.6495,0.6202,0.6766,0.6451,0.6183,0.6457,0.6919,0.6183,0,0,0,0,0,v1.0.1,2025_12_22,317.5,328,442.1545,313.0182,302.7063,196.246,188.6583,342.275,332.181,457.3362,-2.8599,7.8751,0,0.0001,-0.2191,1.5585,-0.2098,1.5573,0.6717,177.4902,177.1699,177.1377,178.3613,177.5398,0.8091,0.628,0.816,0.6699,0.628,0.7684,0.6013,0.7832,0.7204,0.6013,0.7785,0.7739,0.7479,0.7464,0.7464,0.7417,0.6899,0.7207,0,0.6899,0,0,0,0,0,v1.0.1,2025_12_22,317.4476,328.019,442.9725,312.8991,302.664,195.632,187.8306,342.4355,332.2881,458.0932,-2.8594,7.9158,0,0.0001,-0.2194,1.5591,-0.2103,1.5567,0.6715,147.8301,142.6416,144.2617,145.335,145.0171,0.669,0.5645,0.6831,0.5691,0.5645,0.6433,0.5187,0.6497,0.6047,0.5187,0.637,0.6342,0.6314,0.6297,0.6297,0.5806,0.5784,0.5836,0.3875,0.3875,0,0,0,0,0,-0.0029,-0.0923,-0.0052,-0.0731,-0.0871,0.0028,-0.087,0.0045,-0.0369,-0.0833,-0.0024,0.0053,-0.0157,0.0049,-0.0777,-0.09,0.02,-0.0415,0.0009,0.0078,-0.0089,-0.0459,0.0057,-0.041,-0.0333,-0.0054,-0.0425,0.0017,-0.0171,-0.0368,0.0044,-0.0115,-0.0073,0.0008,-0.038,-0.0375,-0.0032,0.0006,-0.008,-0.0142,0.0039,-0.1979,-0.002,-0.1486,-0.1772,-0.0049,-0.1725,0.0095,-0.0627,-0.172,0.0113,-0.0035,-0.0001,0.0079,-0.0125,-0.003,0.0111,-0.1109,0.0094,-0.1045,-0.0934,0.0002,-0.1229,0.005,-0.04,-0.1229,0.0052,-0.0132,-0.0002,0.002,0.002,-0.0222,-0.003,TRUE,TRUE
DTC_L_60,LanSi,1,CW_01,B,2026-03-21 15:22:42+08:00,ONLINE,FALSE,,CW_1_01,PASS,,,51.4737329,_2026032115224267002,T20260321152242,DESKTOP-P2DUL42,Loma,1,CW_1_01,2,paul di,2024.0718.155524,V20260126.2,CW_DTCL_DTCR_STC,T20260321152334,51.4737329,TRUE,TRUE,TRUE,TRUE,TRUE,TRUE,TRUE,4S2RND2HBL06DS,v1.0.1,2025_12_22,313.9783,322.9565,474.0444,302.4815,294.6645,151.1677,147.7974,342.5294,332.9787,489.9078,-6.8073,2.3086,-0.0001,0,-0.2267,1.5583,-0.2167,1.557,0.668,154.8125,150.5176,148.3506,153.7832,151.866,0.8145,0.7849,0.8412,0.7801,0.7801,0.787,0.7616,0.8032,0.758,0.758,0.815,0.8116,0.8181,0.7669,0.753,0.7113,0.7713,0.6995,0.6995,0.8132,0.98,0.8367,0.8306,0.8132,0.841,0.7303,0.737,0.8375,0.828,0.8083,0.8117,0.7846,0.7303,0,0,0,0,0,v1.0.1,2025_12_22,314,322.9137,475.1679,302.2847,294.4805,150.2143,146.6494,342.6494,333.0429,490.8929,-6.8319,2.291,-0.0001,0,-0.2268,1.5577,-0.2169,1.5574,0.6679,162.8604,158.3154,164.5615,163.7324,162.3674,0.688,0.6749,0.6972,0.686,0.6749,0.6606,0.6226,0.6523,0.6587,0.6226,0.6532,0.6602,0.6344,0.652,0.6236,0.6373,0.6411,0.6386,0.6236,0.6735,0.4702,0.6703,0.679,0.4702,0.6485,0.6383,0.5988,0.6838,0.68,0.6588,0.6701,0.6297,0.5988,0,0,0,0,0,v1.0.1,2025_12_22,312.5,315.1132,437.5043,300.9478,298.7398,183.9024,184,329.6452,326.3583,445.9167,-7.6795,-4.3949,-0.0001,0,-0.2123,1.5658,-0.2121,1.5647,0.6765,175.8984,174.7822,172.5361,175.292,174.6272,0.7921,0.68,0.8121,0.6656,0.6656,0.7471,0.6543,0.7549,0.6819,0.6543,0.7639,0.7595,0.7582,0.7032,0.7032,0.7345,0,0.7179,0.7372,0.7179,0,0,0,0,0,v1.0.1,2025_12_22,312.5238,315.1619,438.4513,300.7168,298.608,183.088,183.187,329.7317,326.5462,446.6303,-7.6367,-4.4343,-0.0001,0,-0.2137,1.5653,-0.2117,1.564,0.676,149.3984,144.0879,143.6143,147.0479,146.0371,0.6575,0.5776,0.6801,0.5988,0.5776,0.617,0.5623,0.6212,0.5774,0.5623,0.6217,0.6494,0.6226,0.6031,0.6031,0.5953,0.5043,0.5896,0.5865,0.5043,0,0,0,0,0,-0.0195,-0.0746,-0.0102,-0.0532,-0.0532,-0.0053,-0.0717,0.0026,-0.0399,-0.0343,-0.0083,-0.0073,0.0185,0.0029,-0.074,-0.1088,-0.0376,-0.04,-0.0047,0.0025,0.0006,-0.0459,0.0005,-0.0264,-0.0125,-0.0108,-0.0523,-0.0092,-0.0053,-0.0389,-0.002,-0.0001,-0.0256,0.0101,-0.0409,-0.0235,-0.0199,0.0077,-0.0099,-0.0053,0.0001,-0.1507,0.017,-0.1523,-0.1264,-0.0014,-0.1408,-0.0096,-0.0688,-0.0942,-0.017,-0.0048,0,0.0071,0.0014,-0.0205,0.0028,-0.1009,0.0099,-0.082,-0.0771,-0.0219,-0.0936,-0.0095,-0.0744,-0.0684,-0.0122,0.0253,-0.0149,-0.0045,-0.0045,0,-0.0023,TRUE,TRUE
DTC_R_60,LanSi,1,CW_01,C,2026-03-21 15:22:42+08:00,ONLINE,FALSE,,CW_1_01,PASS,,,51.4737329,_2026032115224267001,T20260321152242,DESKTOP-P2DUL42,Loma,1,CW_1_01,1,paul di,2024.0718.155524,V20260126.2,CW_DTCL_DTCR_STC,T20260321152334,51.4737329,TRUE,TRUE,TRUE,TRUE,TRUE,TRUE,TRUE,4S2RND2HBL0DP6,v1.0.1,2025_12_22,315.1691,316.7647,475.4511,297,295.3446,148.1486,149.2905,337,335.9195,484.6107,-5.265,-2.7952,-0.0001,0,-0.2222,1.5532,-0.2209,1.5473,0.6644,156.1846,153.0342,152.8906,155.9336,154.5107,0.8615,0.7847,0.8733,0.7777,0.7777,0.8258,0.7382,0.8204,0.7458,0.7382,0.8184,0.768,0.7972,0.8167,0.7279,0.6943,0.769,0.7501,0.6943,0.8378,0.7582,0.8066,0.4132,0.4132,0.8442,0.7897,0.7734,0.8042,0.7959,0.6748,0.8335,0.8375,0.6748,0,0,0,0,0,v1.0.1,2025_12_22,315.1087,316.8261,476.5474,296.9197,295.1233,147.1301,148.0405,337.1284,336,485.5855,-5.336,-2.782,-0.0001,0,-0.2222,1.553,-0.2204,1.5471,0.6644,163.5762,158.6895,167.3164,166.4141,163.999,0.6987,0.6789,0.7071,0.6798,0.6789,0.6814,0.645,0.6752,0.6365,0.6365,0.6525,0.6052,0.6558,0.6523,0.6385,0.6248,0.6313,0.6167,0.6052,0.6847,0.6264,0.6644,0.0493,0.0493,0.6479,0.6519,0.6503,0.6544,0.6569,0.5586,0.6373,0.6655,0.5586,0,0,0,0,0,v1.0.1,2025_12_22,317.2642,328.1604,442.1009,313.0275,302.632,196.12,188.5372,342.4628,332,456,-2.9931,7.6541,0,0.0001,-0.2201,1.5599,-0.2101,1.5555,0.6713,176.7686,176.0205,176.4639,178.0283,176.8203,0.7928,0.6401,0.8204,0.6422,0.6401,0.7749,0.6318,0.7778,0.6334,0.6318,0.7652,0.7532,0.7614,0.7537,0.7532,0.7548,0.6601,0.7321,0,0.6601,0,0,0,0,0,v1.0.1,2025_12_22,317.2736,328.1698,442.8991,312.9725,302.504,195.28,187.5372,342.5372,332.0609,456.9217,-3.0451,7.6762,0,0.0001,-0.2199,1.5596,-0.2098,1.5559,0.6715,148.8096,143.9922,145.9902,146.9512,146.4358,0.6736,0.5594,0.6752,0.5657,0.5594,0.6433,0.5551,0.652,0.5473,0.5473,0.6364,0.6157,0.6453,0.6392,0.6157,0.5909,0.5408,0.5704,0.3384,0.3384,0,0,0,0,0,-0.007,-0.089,-0.0034,-0.0966,-0.0908,0.0091,-0.0822,0.0024,-0.0866,-0.0785,-0.0097,-0.043,-0.0192,-0.0004,-0.0786,-0.1186,-0.0213,-0.084,-0.0035,0.0047,-0.0054,-0.0378,-0.0069,-0.0376,-0.0252,-0.0059,-0.0266,0.0093,-0.0525,-0.0294,-0.0122,-0.0551,-0.008,-0.0074,-0.017,-0.0413,0.0036,-0.0321,0.0022,-0.0034,-0.0124,-0.1858,0.0024,-0.1763,-0.1651,0.0016,-0.142,0.0041,-0.1497,-0.1415,-0.002,-0.0242,0.0134,0.0152,0.0006,0.0084,0.0157,-0.116,0.0015,-0.1079,-0.0985,0.0002,-0.0865,0.0073,-0.0974,-0.0943,0.0046,-0.0317,0.0137,0.0115,-0.012,-0.0119,-0.0162,TRUE,TRUE
DTC_L_61,LanSi,1,CW_01,C,2026-03-21 15:24:32+08:00,ONLINE,FALSE,,CW_1_01,PASS,,,51.5039405,_2026032115243237802,T20260321152432,DESKTOP-P2DUL42,Loma,1,CW_1_01,2,paul di,2024.0718.155524,V20260126.2,CW_DTCL_DTCR_STC,T20260321152523,51.5039405,TRUE,TRUE,TRUE,TRUE,TRUE,TRUE,TRUE,4S2RND2HBL06DS,v1.0.1,2025_12_22,314.2148,322.7778,474.5407,302.3778,294.9392,151.7432,148.3487,342.3224,333.3235,489.0368,-6.4266,2.1516,-0.0001,0,-0.226,1.5581,-0.2168,1.5558,0.6678,154.79,150.7861,148.6318,153.875,152.0208,0.8238,0.7933,0.8382,0.7921,0.7921,0.7821,0.7719,0.7958,0.7506,0.7506,0.812,0.8132,0.8162,0.7683,0.7524,0.7009,0.7787,0.6869,0.6869,0.8302,0.98,0.8218,0.8217,0.8217,0.8343,0.7855,0.7681,0.8313,0.8156,0.821,0.7874,0.7803,0.7681,0,0,0,0,0,v1.0.1,2025_12_22,314.2409,322.8467,475.7194,302.3957,294.8874,150.7682,147.1854,342.4371,333.5809,490.0368,-6.3772,2.1969,-0.0001,0,-0.2255,1.5583,-0.2162,1.5551,0.6679,161.5625,157.2021,163.0752,162.1992,161.0098,0.6784,0.6719,0.6987,0.6966,0.6719,0.6588,0.6387,0.6561,0.6527,0.6387,0.6535,0.6413,0.65,0.6307,0.6216,0.5904,0.6496,0.5946,0.5904,0.6623,0.3177,0.6759,0.7058,0.3177,0.6689,0.6324,0.6252,0.6794,0.6752,0.7023,0.6635,0.6345,0.6252,0,0,0,0,0,v1.0.1,2025_12_22,312.8318,315.1963,437.9459,300.9459,298.9832,184.2605,184.4833,329.5833,326.9217,445.2783,-7.2668,-4.4471,-0.0001,0,-0.2129,1.5649,-0.2111,1.5624,0.6758,176.2598,174.7588,173.0342,175.6182,174.9177,0.7901,0.6826,0.8119,0.6843,0.6826,0.7414,0.6512,0.7493,0.6598,0.6512,0.7661,0.7619,0.7775,0.7111,0.7111,0.7279,0,0.7313,0.7096,0.7096,0,0,0,0,0,v1.0.1,2025_12_22,312.8544,315.068,438.7117,300.8468,298.8974,183.6154,183.547,329.6154,327,446.1026,-7.2979,-4.4504,-0.0001,0,-0.212,1.5645,-0.2115,1.5627,0.6759,147.9805,143.0488,142.2676,145.6807,144.7444,0.667,0.5901,0.6829,0.601,0.5901,0.6366,0.5776,0.6265,0.5848,0.5776,0.6299,0.6438,0.6412,0.6114,0.6114,0.5725,0.4788,0.6103,0.5606,0.4788,0,0,0,0,0,-0.0102,-0.0662,-0.0132,-0.0412,-0.0412,-0.0102,-0.0614,-0.0048,-0.0473,-0.0417,-0.0113,-0.0057,0.0166,0.0043,-0.0746,-0.1192,-0.0302,-0.0526,0.0123,-0.0124,-0.009,-0.0489,0.002,-0.0158,-0.0155,-0.0126,-0.0362,-0.0054,-0.0113,-0.0228,-0.0017,-0.019,-0.01,-0.0112,-0.0429,-0.0704,-0.0114,-0.0363,-0.0211,0.0003,-0.0019,-0.1481,0.0168,-0.1336,-0.1094,-0.0071,-0.1439,-0.0152,-0.0909,-0.0973,-0.0148,-0.0024,0.0193,0.015,-0.0052,-0.0071,0.0123,-0.0884,0.0127,-0.0798,-0.0646,-0.0023,-0.0783,-0.0042,-0.067,-0.0531,-0.004,0.0197,0.0037,0.0038,0.0038,-0.0228,0.0184,TRUE,TRUE
DTC_R_61,LanSi,1,CW_01,A,2026-03-21 15:24:32+08:00,ONLINE,FALSE,,CW_1_01,PASS,,,51.5238903,_2026032115243237801,T20260321152432,DESKTOP-P2DUL42,Loma,1,CW_1_01,1,paul di,2024.0718.155524,V20260126.2,CW_DTCL_DTCR_STC,T20260321152523,51.5238903,TRUE,TRUE,TRUE,TRUE,TRUE,TRUE,TRUE,4S2RND2HBL0DP6,v1.0.1,2025_12_22,315.1314,316.8686,475.553,297.0833,295.1831,147.9789,149.2808,337.0753,335.9178,484.1438,-5.2868,-2.87,-0.0001,0,-0.2222,1.5527,-0.2207,1.5466,0.6641,156.2422,153.4932,153.6973,156.0322,154.8662,0.8669,0.8053,0.864,0.783,0.783,0.8236,0.7606,0.8354,0.7371,0.7371,0.8287,0.8054,0.8175,0.8214,0.7357,0.7542,0.7492,0.7387,0.7357,0.8408,0.8092,0.8157,0.98,0.8092,0.8603,0.7712,0.7462,0.8214,0.7862,0.7286,0.8203,0.848,0.7286,0,0,0,0,0,v1.0.1,2025_12_22,315.0429,316.8929,476.6765,297.0368,295.1172,147.0828,148.0541,337.2162,335.9178,485.1438,-5.3383,-2.8255,-0.0001,0,-0.2217,1.5535,-0.2206,1.5468,0.6645,163.2754,156.9277,165.749,165.6582,162.9026,0.6957,0.6703,0.712,0.6628,0.6628,0.6769,0.6426,0.6604,0.6239,0.6239,0.6394,0.6553,0.6499,0.6612,0.6354,0.6469,0.6221,0.6106,0.6106,0.6851,0.6661,0.6676,0.2394,0.2394,0.6593,0.6542,0.6463,0.6826,0.6392,0.624,0.6343,0.6765,0.624,0,0,0,0,0,v1.0.1,2025_12_22,317.1963,328.3738,442.1636,313.2727,302.5,196,188.5372,342.5372,331.9554,455.8661,-3.0295,7.71,0,0.0001,-0.2197,1.5597,-0.2091,1.555,0.6715,176.8789,176.6553,177.1494,178.1738,177.2144,0.8031,0.6436,0.813,0.634,0.634,0.7676,0.6368,0.7733,0.6173,0.6173,0.7826,0.7696,0.7547,0.7509,0.7509,0.7516,0.662,0.7295,0,0.662,0,0,0,0,0,v1.0.1,2025_12_22,317.1509,328.4057,443,313.2545,302.496,195.2,187.6116,342.7025,331.9558,456.708,-3.0571,7.7541,0,0.0001,-0.2193,1.5607,-0.2094,1.5554,0.6718,148.5391,142.5713,144.2314,146.376,145.4294,0.6739,0.5726,0.67,0.5548,0.5548,0.638,0.5585,0.6434,0.538,0.538,0.629,0.6353,0.6411,0.6362,0.629,0.5893,0.5514,0.5846,0.4323,0.4323,0,0,0,0,0,-0.0016,-0.0684,-0.0127,-0.0913,-0.0855,0.0069,-0.0598,0.0174,-0.0953,-0.0796,0.0006,-0.0056,0.0011,0.0043,-0.0708,-0.0587,-0.0411,-0.0954,-0.0005,0.0138,-0.0084,-0.0464,-0.002,-0.0546,-0.0413,-0.0104,-0.029,-0.0055,-0.0651,-0.042,-0.0253,-0.005,-0.0139,0.0015,-0.0201,-0.0192,-0.0056,-0.0382,0.0026,-0.0002,-0.0021,-0.1823,-0.005,-0.1845,-0.1712,-0.0057,-0.137,-0.0004,-0.1658,-0.156,0.0154,-0.0078,0.0067,0.0124,-0.0026,0.0058,0.016,-0.1028,-0.0037,-0.1188,-0.1031,-0.0051,-0.0831,-0.0013,-0.1067,-0.1036,-0.0028,-0.0121,0.0095,0.0085,0.0013,-0.0135,-0.002,TRUE,TRUE
DTC_L_62,LanSi,1,CW_01,A,2026-03-21 15:26:27+08:00,ONLINE,FALSE,,CW_1_01,PASS,,,51.4065301,_2026032115262768902,T20260321152627,DESKTOP-P2DUL42,Loma,1,CW_1_01,2,paul di,2024.0718.155524,V20260126.2,CW_DTCL_DTCR_STC,T20260321152719,51.4065301,TRUE,TRUE,TRUE,TRUE,TRUE,TRUE,TRUE,4S2RND2HBL06DS,v1.0.1,2025_12_22,315.3507,321.0896,475.8088,300.0956,296.6159,149.5364,150,340.9521,334.6496,487.3066,-5.015,0.296,-0.0001,0,-0.2296,1.5615,-0.219,1.5547,0.6669,155.3203,151.1055,148.7168,154.7021,152.4612,0.8366,0.813,0.8507,0.8119,0.8119,0.7809,0.7652,0.7979,0.7568,0.7568,0.8244,0.8158,0.8195,0.7526,0.7361,0.721,0.7468,0.6862,0.6862,0.8206,0.98,0.8145,0.7784,0.7784,0.8463,0.7716,0.7182,0.8331,0.7988,0.7778,0.7675,0.7581,0.7182,0,0,0,0,0,v1.0.1,2025_12_22,315.292,321.2336,476.9353,300.0647,296.4106,148.5894,148.9586,341.069,334.7914,488.3669,-5.0224,0.3647,-0.0001,0,-0.2297,1.5613,-0.2182,1.5541,0.6669,161.2051,157.3027,162.417,161.9082,160.7083,0.6893,0.6817,0.6969,0.6994,0.6817,0.6594,0.6282,0.6483,0.6381,0.6282,0.6451,0.6504,0.6644,0.6151,0.6028,0.6248,0.6264,0.6106,0.6028,0.6799,0.4066,0.6591,0.6603,0.4066,0.6335,0.6391,0.5969,0.6882,0.6736,0.6712,0.6748,0.6283,0.5969,0,0,0,0,0,v1.0.1,2025_12_22,314,313.5,439.1071,298.9375,300.3902,182.187,185.8689,328.0492,328,443.8974,-6.0268,-6.1858,-0.0001,-0.0001,-0.2154,1.567,-0.2125,1.5633,0.6756,176.4033,175.3721,172.6787,176.0254,175.1199,0.7923,0.6988,0.8033,0.6931,0.6931,0.746,0.6494,0.7651,0.6411,0.6411,0.7628,0.7624,0.7622,0.6914,0.6914,0.729,0,0.7091,0.6568,0.6568,0,0,0,0,0,v1.0.1,2025_12_22,314,313.5,439.9018,298.8125,300.4068,181.5,184.9008,328.2562,328.0431,444.8707,-6.0495,-6.1121,-0.0001,-0.0001,-0.2156,1.5677,-0.2133,1.5638,0.6756,147.9375,143.6084,141.8115,145.4844,144.7104,0.6653,0.5941,0.6734,0.6075,0.5941,0.6233,0.5682,0.6367,0.5682,0.5682,0.6179,0.6285,0.6374,0.5909,0.5909,0.5714,0.5146,0.5776,0.5492,0.5146,0,0,0,0,0,0.0026,-0.0465,-0.0007,-0.0214,-0.0214,-0.0114,-0.0681,-0.0027,-0.0411,-0.0355,0.0011,-0.0031,0.0199,-0.0114,-0.0909,-0.0991,-0.0621,-0.0533,0.0027,-0.0197,0.0019,-0.0391,0.0002,-0.013,-0.0057,-0.012,-0.0467,-0.0132,-0.0259,-0.0333,-0.0101,-0.0099,0.0044,-0.0268,-0.0617,-0.036,-0.0346,-0.0203,-0.0035,-0.0165,0.0003,-0.1319,0.0082,-0.1248,-0.0989,-0.0025,-0.1457,0.0006,-0.1096,-0.1074,-0.0181,-0.0019,0.004,-0.0047,-0.0041,-0.0293,0.0106,-0.0844,0.0032,-0.0733,-0.0606,-0.0156,-0.0877,0.006,-0.0836,-0.0625,-0.016,0.0044,-0.0001,-0.0167,-0.0167,-0.0239,-0.0143,TRUE,TRUE
DTC_R_62,LanSi,1,CW_01,B,2026-03-21 15:26:27+08:00,ONLINE,FALSE,,CW_1_01,PASS,,,51.3865837,_2026032115262768901,T20260321152627,DESKTOP-P2DUL42,Loma,1,CW_1_01,1,paul di,2024.0718.155524,V20260126.2,CW_DTCL_DTCR_STC,T20260321152719,51.3865837,TRUE,TRUE,TRUE,TRUE,TRUE,TRUE,TRUE,4S2RND2HBL0DP6,v1.0.1,2025_12_22,315.0438,317.4818,474.8321,297.7153,295.1034,147.8138,149.2953,338.047,335.4056,485.3357,-5.5639,-2.2213,-0.0001,0,-0.2226,1.5533,-0.2229,1.5496,0.6643,155.7939,153.8076,153.1768,155.5752,154.5884,0.8835,0.8253,0.8698,0.8052,0.8052,0.8234,0.7798,0.8125,0.7823,0.7798,0.824,0.8175,0.8139,0.8094,0.7513,0.7714,0.7336,0.7557,0.7336,0.8364,0.8103,0.8142,0.5341,0.5341,0.8458,0.7931,0.7894,0.8279,0.8192,0.8056,0.7726,0.8387,0.7726,0,0,0,0,0,v1.0.1,2025_12_22,314.9571,317.4143,476,297.5,295.0408,146.8367,148.1284,338.1486,335.5903,486.3056,-5.5567,-2.259,-0.0001,0,-0.2225,1.554,-0.2231,1.5487,0.6643,163.3926,157.5654,165.8623,165.8428,163.1658,0.6998,0.6826,0.6979,0.6877,0.6826,0.6737,0.6569,0.6787,0.6685,0.6569,0.6655,0.6624,0.6418,0.6486,0.6464,0.6542,0.5928,0.6288,0.5928,0.6874,0.6714,0.672,0.4953,0.4953,0.6611,0.6591,0.6707,0.6785,0.6575,0.6668,0.6404,0.6836,0.6404,0,0,0,0,0,v1.0.1,2025_12_22,317.1524,329,441.7321,313.7321,302.4803,196.0472,188.5,343.5,331.7589,457.3929,-3.1752,8.4344,0,0.0001,-0.2214,1.5604,-0.2117,1.557,0.6711,176.46,176.5879,176.0781,177.5967,176.6807,0.7938,0.6945,0.8216,0.6631,0.6631,0.773,0.6677,0.7717,0.6841,0.6677,0.7689,0.7764,0.7513,0.7341,0.7341,0.7474,0.6927,0.7292,0,0.6927,0,0,0,0,0,v1.0.1,2025_12_22,317.1524,329,442.4386,313.6667,302.3306,195.3145,187.6557,343.6148,331.8571,458.1518,-3.2131,8.4495,0,0.0001,-0.2213,1.5599,-0.2119,1.5569,0.6709,148.5498,143.1357,144.5967,146.2588,145.6353,0.6626,0.5907,0.6785,0.5721,0.5721,0.6471,0.5901,0.6504,0.5666,0.5666,0.6388,0.6264,0.637,0.6264,0.6264,0.6019,0.5472,0.565,0.526,0.526,0,0,0,0,0,0.015,-0.0484,-0.0069,-0.0691,-0.0633,0.0067,-0.0406,-0.0055,-0.0501,-0.0369,-0.0041,0.0065,-0.0025,-0.0077,-0.0552,-0.0415,-0.0567,-0.0784,-0.0049,0.0123,-0.0043,-0.0341,-0.0161,-0.0297,-0.0215,-0.0136,-0.0147,0.0128,-0.0205,-0.009,0.0008,0.0021,-0.022,-0.0111,-0.0091,-0.0119,-0.0349,-0.02,0.0049,0.0042,-0.0114,-0.1314,0.0036,-0.1554,-0.1421,-0.0003,-0.1061,-0.002,-0.099,-0.1056,0.0017,-0.001,0.0033,-0.0044,-0.0068,0.0055,0.0047,-0.0847,0.0048,-0.1015,-0.0858,0.004,-0.0515,0.0057,-0.0781,-0.075,0.007,-0.021,0.0054,-0.0013,-0.0013,-0.0009,-0.0216,TRUE,TRUE
DTC_L_63,LanSi,1,CW_01,B,2026-03-21 15:28:05+08:00,ONLINE,FALSE,,CW_1_01,PASS,,,51.3771676,_2026032115280555502,T20260321152805,DESKTOP-P2DUL42,Loma,1,CW_1_01,2,paul di,2024.0718.155524,V20260126.2,CW_DTCL_DTCR_STC,T20260321152856,51.3771676,TRUE,TRUE,TRUE,TRUE,TRUE,TRUE,TRUE,4S2RND2HBL06DS,v1.0.1,2025_12_22,315.2148,322.2222,475.6471,301.6985,296.3514,151.5473,149.911,342.0685,334.5489,488,-5.1654,1.6073,-0.0001,0,-0.2267,1.5602,-0.219,1.5542,0.6672,154.499,150.293,148.251,153.4727,151.6289,0.8262,0.804,0.8505,0.7995,0.7995,0.7871,0.7531,0.7958,0.7466,0.7466,0.8062,0.8153,0.8117,0.7661,0.7338,0.7212,0.7396,0.7073,0.7073,0.8088,0.98,0.8136,0.7686,0.7686,0.8491,0.8391,0.7667,0.8422,0.8188,0.7727,0.784,0.7712,0.7667,0,0,0,0,0,v1.0.1,2025_12_22,315.2044,322.2701,476.7143,301.6,296.2635,150.5608,148.7,342.2533,334.6765,489.0368,-5.1883,1.6442,-0.0001,0,-0.2268,1.5604,-0.2189,1.554,0.6672,161.502,156.8779,162.8232,162.5723,160.9438,0.6687,0.6893,0.692,0.697,0.6687,0.6643,0.6329,0.6536,0.6507,0.6329,0.6475,0.6595,0.6504,0.6324,0.6238,0.6274,0.6334,0.6046,0.6046,0.6722,0.2993,0.6923,0.6549,0.2993,0.6485,0.657,0.6264,0.6639,0.673,0.6547,0.6585,0.6492,0.6264,0,0,0,0,0,v1.0.1,2025_12_22,313.9151,314.6698,438.8829,300.3333,300.3417,184.075,185.7059,329.2941,327.9217,444.7217,-6.1465,-4.8812,-0.0001,0,-0.2137,1.5667,-0.2131,1.563,0.6757,175.3154,174.3369,172.2227,174.7842,174.1648,0.7852,0.7003,0.8077,0.6976,0.6976,0.7524,0.6602,0.7734,0.6594,0.6594,0.7635,0.7583,0.7601,0.7108,0.7108,0.72,0,0.7202,0.6579,0.6579,0,0,0,0,0,v1.0.1,2025_12_22,313.8667,314.6476,439.7117,300.1532,300.2269,183.2605,184.7769,329.3388,327.9565,445.4696,-6.1923,-4.9261,-0.0001,0,-0.2142,1.5668,-0.2128,1.563,0.6757,148.2158,142.9121,141.9619,145.9102,144.75,0.6664,0.5984,0.6884,0.6072,0.5984,0.6347,0.5564,0.6331,0.5814,0.5564,0.631,0.6299,0.647,0.6056,0.6056,0.5825,0.4701,0.5961,0.5385,0.4701,0,0,0,0,0,-0.0078,-0.0555,-0.0009,-0.0338,-0.0338,-0.0052,-0.0802,-0.0048,-0.0513,-0.0457,-0.0171,-0.0036,0.0121,0.0021,-0.0932,-0.0989,-0.0693,-0.0322,-0.0091,-0.0206,-0.0187,-0.0315,-0.0047,-0.0154,-0.0187,-0.0071,-0.042,-0.0079,-0.0133,-0.0286,-0.0077,-0.0008,-0.0096,-0.0095,-0.0407,-0.0334,-0.0276,-0.0263,-0.0112,0.0167,-0.0068,-0.1304,0.0126,-0.1203,-0.0944,0.0039,-0.1349,0.0089,-0.0913,-0.0891,-0.0174,-0.006,0.0019,0.0147,-0.0131,-0.0182,0.0117,-0.0801,0.0182,-0.0736,-0.0563,-0.0042,-0.0995,0.0024,-0.0704,-0.0743,-0.0029,0.0058,0.0095,-0.002,-0.002,-0.0128,0.0042,TRUE,TRUE
DTC_R_63,LanSi,1,CW_01,C,2026-03-21 15:28:05+08:00,ONLINE,FALSE,,CW_1_01,PASS,,,51.7770985,_2026032115280544101,T20260321152805,DESKTOP-P2DUL42,Loma,1,CW_1_01,1,paul di,2024.0718.155524,V20260126.2,CW_DTCL_DTCR_STC,T20260321152857,51.7770985,TRUE,TRUE,TRUE,TRUE,TRUE,TRUE,TRUE,4S2RND2HBL0DP6,v1.0.1,2025_12_22,315.1691,316.7647,475.5,297,295.3472,147.8333,149.2905,337,335.8243,484.3041,-5.2738,-2.9196,-0.0001,0,-0.2221,1.5535,-0.2209,1.5476,0.6645,156.124,152.8984,152.5928,155.6631,154.3196,0.8582,0.789,0.8669,0.7854,0.7854,0.8147,0.7492,0.8209,0.7646,0.7492,0.8172,0.8123,0.8103,0.817,0.7249,0.7489,0.7536,0.7341,0.7249,0.8315,0.7788,0.7886,0.98,0.7788,0.8414,0.7586,0.763,0.8211,0.7963,0.7047,0.8289,0.8482,0.7047,0,0,0,0,0,v1.0.1,2025_12_22,315.1232,316.7319,476.5481,296.8296,295.1761,146.9648,148,337,335.9732,485.3154,-5.3359,-2.9317,-0.0001,0,-0.2222,1.5533,-0.2202,1.5472,0.6646,162.9023,157.7188,166.1211,165.3291,163.0178,0.6992,0.6705,0.7222,0.6619,0.6619,0.6822,0.6368,0.6803,0.6377,0.6368,0.6484,0.63,0.6647,0.6601,0.6358,0.6363,0.6235,0.6139,0.6139,0.6853,0.6666,0.6693,0.3338,0.3338,0.6412,0.649,0.6518,0.6869,0.6396,0.6258,0.6302,0.6657,0.6258,0,0,0,0,0,v1.0.1,2025_12_22,317.1981,328.1509,442,313,302.6063,195.9606,188.5738,342.5,331.9469,455.9204,-3.035,7.6064,0,0.0001,-0.2203,1.5603,-0.2106,1.5554,0.6712,176.5967,175.6572,175.8018,177.2246,176.3201,0.8013,0.646,0.8209,0.631,0.631,0.7812,0.6281,0.769,0.6236,0.6236,0.7669,0.7735,0.7627,0.7487,0.7487,0.7509,0.6661,0.7404,0,0.6661,0,0,0,0,0,v1.0.1,2025_12_22,317.1415,328.2453,442.8704,312.9259,302.5079,195.1508,187.5583,342.5833,332,456.6786,-3.0844,7.6168,0,0.0001,-0.2207,1.5608,-0.2097,1.5551,0.6714,148.3555,143.2383,144.7471,145.9561,145.5742,0.6576,0.5608,0.6709,0.5543,0.5543,0.6407,0.5624,0.6487,0.5483,0.5483,0.6343,0.6351,0.6445,0.6385,0.6343,0.5786,0.5447,0.5866,0.4798,0.4798,0,0,0,0,0,-0.0103,-0.0847,-0.0098,-0.0889,-0.0831,-0.002,-0.0712,0.0029,-0.0678,-0.0675,-0.0109,0.0013,-0.0061,-0.0001,-0.0816,-0.064,-0.0367,-0.1,-0.0098,-0.0133,-0.0049,-0.0462,0.0082,-0.0555,-0.0422,-0.0051,-0.0348,0.0144,-0.0513,-0.0291,-0.0163,-0.0303,0.0009,0.0004,-0.0197,-0.0298,-0.0042,-0.0349,0.0028,0.0015,-0.0039,-0.1799,0.0029,-0.1875,-0.1742,0.0079,-0.1457,-0.0047,-0.1595,-0.1497,-0.0003,-0.0039,0.0147,0.0102,-0.0033,0.0167,-0.0003,-0.1146,-0.0028,-0.1193,-0.1036,-0.0024,-0.0792,0.004,-0.0964,-0.0933,0.0025,-0.0123,0.0129,0.0108,0.0066,-0.0242,0,TRUE,TRUE
DTC_R_64,LanSi,1,CW_01,A,2026-03-21 15:29:54+08:00,ONLINE,FALSE,,CW_1_01,FAIL,SFR_VIS_25cm_Ny4_03F_ROI6_Dev,Dev,51.7051464,_2026032115295467001,T20260321152954,DESKTOP-P2DUL42,Loma,1,CW_1_01,1,paul di,2024.0718.155524,V20260126.2,CW_DTCL_DTCR_STC,T20260321153046,51.7051464,TRUE,TRUE,TRUE,TRUE,TRUE,TRUE,TRUE,4S2RND2HBL0DP6,v1.0.1,2025_12_22,315.3358,316.9552,475.7037,297.2667,295.7847,149.2639,149.4636,337.106,336.0405,485.7905,-5.0343,-2.2235,-0.0001,0,-0.2216,1.5542,-0.2204,1.5483,0.6651,154.541,151.4912,151.6582,154.4502,153.0352,0.8627,0.7861,0.8724,0.7805,0.7805,0.8131,0.699,0.8269,0.7944,0.699,0.8165,0.8046,0.7983,0.8093,0.7103,0.6799,0.79,0.7866,0.6799,0.8382,0.7997,0.8082,0.5608,0.5608,0.8491,0.7633,0.7421,0.8141,0.7973,0.7457,0.8352,0.8422,0.7421,0,0,0,0,0,v1.0.1,2025_12_22,315.2647,316.8897,476.7353,297.1103,295.4765,148.1342,148.3221,337.1946,336.1589,486.8344,-5.1085,-2.2673,-0.0001,0,-0.2214,1.5536,-0.2205,1.5479,0.6649,163.0986,157.2715,165.8506,165.5068,162.9319,0.6992,0.6706,0.718,0.6723,0.6706,0.6805,0.6119,0.6754,0.6606,0.6119,0.651,0.6485,0.6609,0.6539,0.6114,0.6158,0.6218,0.6467,0.6114,0.6798,0.6526,0.664,0.2124,0.2124,0.6444,0.6448,0.6233,0.6576,0.6406,0.5882,0.6409,0.6817,0.5882,0,0,0,0,0,v1.0.1,2025_12_22,317.3962,328.1415,442.2301,313.2301,302.76,196.88,188.6393,342.4262,332.0957,456.9739,-2.8757,8.0303,0,0.0001,-0.2184,1.5592,-0.21,1.5567,0.6719,175.7871,175.249,175.874,177.2627,176.0432,0.8145,0.6433,0.8358,0.6588,0.6433,0.763,0.5642,0.7776,0.6901,0.5642,0.7789,0.7749,0.769,0.7603,0.7603,0.7541,0.6611,0.7374,0,0.6611,0,0,0,0,0,v1.0.1,2025_12_22,317.3796,328.3148,443.1,313.2818,302.5433,196.1181,187.8525,342.623,332.1864,457.7712,-2.8876,8.1218,0,0.0001,-0.2185,1.5585,-0.2095,1.5564,0.6717,148.4561,142.5215,144.4512,145.9502,145.3447,0.6644,0.5568,0.6872,0.5829,0.5568,0.6348,0.5165,0.6395,0.5825,0.5165,0.637,0.64,0.6306,0.644,0.6306,0.581,0.5447,0.5841,0.4133,0.4133,0,0,0,0,0,-0.0058,-0.0876,-0.0043,-0.0938,-0.088,-0.0036,-0.1214,0.0089,-0.038,-0.1177,-0.0116,-0.0064,-0.0181,-0.0078,-0.0962,-0.133,-0.0003,-0.0475,-0.0031,0.0063,-0.0049,-0.0461,0.004,-0.0451,-0.0335,-0.0068,-0.0597,0.0095,-0.0284,-0.054,-0.0137,-0.0118,-0.0029,-0.0058,-0.0441,-0.0503,-0.0059,-0.0021,-0.0027,-0.0038,0.0093,-0.1826,0.0178,-0.1597,-0.1619,-0.0103,-0.2096,0.0039,-0.093,-0.2091,0.0117,-0.0025,0.021,0.0218,-0.0001,0.0137,0.0065,-0.1186,0.0135,-0.0907,-0.1011,-0.0083,-0.1251,-0.0052,-0.0622,-0.1251,0.0052,-0.0074,-0.001,0.0163,0.0029,-0.0218,-0.0025,TRUE,TRUE
DTC_L_64,LanSi,1,CW_01,C,2026-03-21 15:29:54+08:00,ONLINE,FALSE,,CW_1_01,PASS,,,51.7320742,_2026032115295466502,T20260321152954,DESKTOP-P2DUL42,Loma,1,CW_1_01,2,paul di,2024.0718.155524,V20260126.2,CW_DTCL_DTCR_STC,T20260321153046,51.7320742,TRUE,TRUE,TRUE,TRUE,TRUE,TRUE,TRUE,4S2RND2HBL06DS,v1.0.1,2025_12_22,314.292,323,474.4242,302.8939,295,152,148.44,342.44,333.4265,489.1176,-6.3835,2.3903,-0.0001,0,-0.2244,1.5579,-0.2162,1.5556,0.6682,156.1494,151.7256,149.793,155.1562,153.2061,0.833,0.7984,0.767,0.7744,0.767,0.7798,0.7673,0.7981,0.7651,0.7651,0.8194,0.8141,0.8114,0.7687,0.7545,0.713,0.7783,0.7017,0.7017,0.8063,0.8071,0.8208,0.865,0.8063,0.8487,0.7562,0.7299,0.8259,0.8404,0.8343,0.7989,0.788,0.7299,0,0,0,0,0,v1.0.1,2025_12_22,314.292,323,475.4925,302.806,294.8867,150.9667,147.2517,342.6954,333.5985,490.1314,-6.3957,2.4199,-0.0001,0,-0.2241,1.558,-0.2168,1.5553,0.6681,162.21,157.4873,163.6943,163.0928,161.6211,0.6908,0.6817,0.6447,0.6818,0.6447,0.6674,0.6389,0.6636,0.6506,0.6389,0.6502,0.6524,0.6625,0.6305,0.6304,0.62,0.6325,0.6156,0.6156,0.6746,0.4645,0.6877,0.713,0.4645,0.6479,0.6446,0.6238,0.6683,0.6676,0.6867,0.6738,0.6334,0.6238,0,0,0,0,0,v1.0.1,2025_12_22,312.9626,315.3551,437.8829,301.3333,299.069,184.4828,184.5,329.6667,327.0265,445.5487,-7.2118,-4.2227,-0.0001,0,-0.2113,1.5645,-0.2104,1.5627,0.6764,176.2695,174.7012,172.8848,175.6592,174.8787,0.7957,0.6922,0.752,0.6781,0.6781,0.7383,0.6589,0.7616,0.6495,0.6495,0.7796,0.7652,0.7591,0.6958,0.6958,0.7152,0,0.7482,0.7363,0.7152,0,0,0,0,0,v1.0.1,2025_12_22,312.9151,315.3302,438.6727,301.1909,299,183.8151,183.5462,329.6891,327,446.2906,-7.2732,-4.2368,-0.0001,0,-0.2114,1.5649,-0.21,1.5631,0.6766,148.958,143.5293,143.1611,146.4609,145.5273,0.6587,0.5815,0.637,0.6029,0.5815,0.6231,0.5598,0.6122,0.57,0.5598,0.6351,0.6328,0.652,0.6078,0.6078,0.5838,0.5225,0.5944,0.5722,0.5225,0,0,0,0,0,-0.001,-0.0611,-0.0844,-0.0589,-0.0663,-0.0125,-0.066,-0.0025,-0.0328,-0.0272,-0.0039,-0.0048,0.0118,0.0047,-0.0725,-0.1071,-0.0306,-0.0378,-0.0116,-0.0134,0.0034,-0.0391,-0.052,-0.0306,-0.0427,-0.004,-0.036,0.0021,-0.0134,-0.0226,-0.005,-0.0079,0.0025,-0.0114,-0.0341,-0.0408,-0.0285,-0.0153,-0.0088,0.0121,0.0037,-0.1385,-0.0431,-0.1398,-0.1139,-0.0102,-0.1362,-0.0029,-0.1012,-0.099,-0.0013,0.0009,0.0009,-0.0003,-0.0179,0.0098,0.004,-0.097,-0.0332,-0.0779,-0.0732,-0.0158,-0.0961,-0.0185,-0.0818,-0.0709,0.0012,0.0087,0.0145,0.0002,0.0002,-0.0115,0.0025,TRUE,TRUE
DTC_R_65,LanSi,1,CW_01,B,2026-03-21 15:31:35+08:00,ONLINE,FALSE,,CW_1_01,PASS,,,51.0581071,_2026032115313565501,T20260321153135,DESKTOP-P2DUL42,Loma,1,CW_1_01,1,paul di,2024.0718.155524,V20260126.2,CW_DTCL_DTCR_STC,T20260321153226,51.0581071,TRUE,TRUE,TRUE,TRUE,TRUE,TRUE,TRUE,4S2RND2HBL0DP6,v1.0.1,2025_12_22,315.0882,316.5,475.2555,296.6934,295.1818,147.7692,149.1149,336.6351,335.8725,484.8255,-5.3974,-3.0153,-0.0001,0,-0.2225,1.5528,-0.2202,1.5474,0.6644,155.9551,152.9717,152.9199,155.5576,154.3511,0.8719,0.784,0.8749,0.7922,0.784,0.8194,0.7594,0.8162,0.7623,0.7594,0.8276,0.8073,0.8088,0.8064,0.7393,0.7228,0.7903,0.7754,0.7228,0.8384,0.7958,0.7955,0.3178,0.3178,0.8413,0.7502,0.767,0.8277,0.7891,0.747,0.8315,0.8392,0.747,0,0,0,0,0,v1.0.1,2025_12_22,315.0438,316.4818,476.4184,296.5461,295.1034,146.8138,147.9862,336.9103,335.9524,485.932,-5.3991,-2.9632,-0.0001,0,-0.2224,1.5533,-0.2212,1.5475,0.6643,162.6064,157.4873,166.0547,165.3887,162.8843,0.7053,0.6644,0.7146,0.6731,0.6644,0.6737,0.6388,0.679,0.6431,0.6388,0.6474,0.6444,0.6554,0.6433,0.6284,0.6296,0.6229,0.6336,0.6229,0.6873,0.6463,0.6682,0.1046,0.1046,0.6399,0.6392,0.6564,0.6758,0.6626,0.587,0.6478,0.6701,0.587,0,0,0,0,0,v1.0.1,2025_12_22,317.1226,327.7736,441.9091,312.6727,302.5197,195.9528,188.4677,342.0726,331.9569,456.1293,-3.1048,7.4202,0,0.0001,-0.2199,1.56,-0.2102,1.5552,0.6713,177.9531,177.3906,177.3135,179.0078,177.9163,0.8119,0.6425,0.8177,0.6457,0.6425,0.772,0.5987,0.786,0.66,0.5987,0.7835,0.7671,0.7507,0.7539,0.7507,0.742,0.6671,0.733,0,0.6671,0,0,0,0,0,v1.0.1,2025_12_22,317.0476,327.819,442.7368,312.6316,302.456,195.112,187.5,342.3333,332,457,-3.1519,7.4792,0,0.0001,-0.2197,1.5608,-0.2111,1.555,0.6713,147.8398,142.8555,144.2852,145.5498,145.1326,0.6716,0.5582,0.6854,0.5684,0.5582,0.6398,0.5348,0.6505,0.566,0.5348,0.6408,0.631,0.6469,0.6377,0.631,0.5909,0.5446,0.5777,0.3509,0.3509,0,0,0,0,0,0.0034,-0.0897,-0.0018,-0.0821,-0.0845,0.0027,-0.061,-0.0018,-0.0701,-0.0573,-0.0005,-0.0037,-0.0076,-0.0107,-0.0672,-0.0901,0,-0.0587,-0.0029,-0.0064,0.0012,-0.0523,0.0006,-0.0443,-0.0397,-0.0136,-0.0328,0.0131,-0.0459,-0.0271,-0.0173,-0.0159,-0.0084,-0.0164,-0.0271,-0.0365,-0.0048,-0.0152,0.0048,0.0004,0.0067,-0.1834,-0.0003,-0.1728,-0.1627,-0.0013,-0.1751,0.0123,-0.1231,-0.1746,0.0163,-0.0103,0.0027,0.0154,-0.0122,0.0093,0.0137,-0.1172,0.0117,-0.1052,-0.0997,-0.0033,-0.1068,0.0058,-0.0787,-0.1068,0.009,-0.0164,0.0153,0.01,0.0033,-0.0119,-0.0089,TRUE,TRUE
DTC_L_65,LanSi,1,CW_01,A,2026-03-21 15:31:35+08:00,ONLINE,FALSE,,CW_1_01,FAIL,SFR_VIS_25cm_Ny4_06F_ROI16;SFR_VIS_25cm_Ny4_06F_Min,sfr_25Algo,51.1747956,_2026032115313554702,T20260321153135,DESKTOP-P2DUL42,Loma,1,CW_1_01,2,paul di,2024.0718.155524,V20260126.2,CW_DTCL_DTCR_STC,T20260321153226,51.1747956,TRUE,TRUE,TRUE,TRUE,TRUE,TRUE,TRUE,4S2RND2HBL06DS,v1.0.1,2025_12_22,314.1739,322.6667,474.4737,302.2105,295,151.6333,148.3467,342.2333,333.3897,488.9632,-6.4232,2.0414,-0.0001,0,-0.2264,1.5586,-0.2169,1.5552,0.6676,155.709,151.2188,148.8311,154.6875,152.6116,0.825,0.8002,0.8437,0.7956,0.7956,0.7774,0.7551,0.8076,0.7479,0.7479,0.8235,0.8082,0.8205,0.7668,0.7485,0.7179,0.7701,0.6516,0.6516,0.8204,0.98,0.8322,0.8281,0.8204,0.8423,0.8449,0.7795,0.8426,0.8342,0.8176,0.7989,0.7635,0.7635,0,0,0,0,0,v1.0.1,2025_12_22,314.25,322.6571,475.6618,302.1176,294.8618,150.6513,147.245,342.3907,333.6691,489.9265,-6.3624,2.0487,-0.0001,0,-0.2261,1.558,-0.2171,1.5547,0.6674,161.7227,157.0732,162.2764,162.3506,160.8557,0.6842,0.6689,0.6971,0.6903,0.6689,0.6524,0.6414,0.6532,0.6578,0.6414,0.639,0.6475,0.6504,0.6424,0.6195,0.6103,0.6439,0.6035,0.6035,0.6726,0.2658,0.6826,0.6901,0.2658,0.6611,0.6633,0.6456,0.688,0.6744,0.6872,0.6713,0.6264,0.6264,0,0,0,0,0,v1.0.1,2025_12_22,312.8942,314.9712,437.9725,300.8991,299.0339,184.1441,184.5372,329.4628,326.9217,445.2783,-7.2281,-4.5489,-0.0001,0,-0.2115,1.5647,-0.2119,1.563,0.6761,175.7422,174.5225,171.7793,175.1426,174.2966,0.7873,0.6815,0.8068,0.665,0.665,0.7461,0.642,0.7547,0.6588,0.642,0.7692,0.7714,0.7709,0.7152,0.7152,0.7125,0,0.7296,0.7182,0.7125,0,0,0,0,0,v1.0.1,2025_12_22,312.8381,314.9143,438.7321,300.7321,298.9565,183.3739,183.5,329.5,327,446.1026,-7.2946,-4.5754,-0.0001,0,-0.2117,1.5651,-0.2118,1.5627,0.6761,148.3379,143.0029,141.4492,145.5186,144.5771,0.6455,0.5917,0.6756,0.6017,0.5917,0.6303,0.5647,0.6242,0.5651,0.5647,0.6194,0.6302,0.6469,0.6137,0.6137,0.5639,0.4487,0.5975,0.5626,0.4487,0,0,0,0,0,-0.009,-0.0593,-0.0077,-0.0377,-0.0377,-0.0149,-0.0782,0.007,-0.05,-0.0444,0.0002,-0.0107,0.0209,0.0028,-0.0785,-0.1022,-0.0388,-0.0879,0.0025,-0.002,-0.0032,-0.0519,0.0004,-0.0221,-0.0185,-0.019,-0.0335,-0.0083,-0.0062,-0.0201,-0.0162,-0.0128,-0.0096,0.0005,-0.045,-0.0505,-0.0171,-0.0274,-0.0108,0.007,-0.0047,-0.1492,0.0117,-0.1529,-0.127,-0.0024,-0.1531,-0.0098,-0.0919,-0.1065,-0.0117,0.0071,0.0127,0.0191,-0.0206,-0.0088,-0.0092,-0.0868,0.0054,-0.0791,-0.063,-0.0086,-0.0912,-0.0065,-0.0867,-0.066,-0.0145,0.0061,0.0094,0.0061,0.0061,-0.0314,0.0056,TRUE,TRUE
DTC_L_66,LanSi,1,CW_01,B,2026-03-21 15:33:27+08:00,ONLINE,FALSE,,CW_1_01,PASS,,,51.420552,_2026032115332757502,T20260321153327,DESKTOP-P2DUL42,Loma,1,CW_1_01,2,paul di,2024.0718.155524,V20260126.2,CW_DTCL_DTCR_STC,T20260321153418,51.420552,TRUE,TRUE,TRUE,TRUE,TRUE,TRUE,TRUE,4S2RND2HBL06DS,v1.0.1,2025_12_22,315.2612,322.8955,475.4338,302.3382,296.4106,152.2848,149.6623,342.7219,334.3786,488.5214,-5.2707,2.2524,-0.0001,0,-0.2271,1.5602,-0.2186,1.5554,0.6675,156.1543,151.4688,149.7812,155.0176,153.1055,0.8092,0.8075,0.8468,0.8046,0.8046,0.788,0.7621,0.8126,0.7363,0.7363,0.8137,0.8126,0.8209,0.7783,0.7273,0.7199,0.7542,0.7032,0.7032,0.822,0.98,0.8288,0.7626,0.7626,0.8603,0.7697,0.7504,0.8356,0.8111,0.7679,0.7683,0.7733,0.7504,0,0,0,0,0,v1.0.1,2025_12_22,315.2536,323.029,476.635,302.1606,296.2384,151.2914,148.5229,342.9608,334.6331,489.6187,-5.2434,2.3121,-0.0001,0,-0.2281,1.56,-0.2185,1.5545,0.667,161.5752,157.5049,163.4756,162.5654,161.2803,0.6814,0.6803,0.7055,0.704,0.6803,0.6582,0.633,0.6511,0.6433,0.633,0.6536,0.6516,0.6681,0.6459,0.6266,0.6164,0.6319,0.6072,0.6072,0.6782,0.4589,0.6929,0.6698,0.4589,0.6577,0.6406,0.6428,0.6699,0.6664,0.6485,0.6714,0.6348,0.6348,0,0,0,0,0,v1.0.1,2025_12_22,313.9151,315.3302,438.7928,300.973,300.359,184.5128,185.6803,330.0738,327.9217,445.2783,-6.1662,-4.2664,-0.0001,0,-0.214,1.567,-0.214,1.5629,0.6755,176.2324,174.832,173.2178,175.5371,174.9548,0.7828,0.7105,0.8059,0.6933,0.6933,0.7453,0.6645,0.7624,0.6559,0.6559,0.7746,0.768,0.7586,0.6981,0.6981,0.7006,0,0.7259,0.6539,0.6539,0,0,0,0,0,v1.0.1,2025_12_22,313.9048,315.2762,439.5439,300.7281,300.25,183.8333,184.8926,330.0496,327.9828,446.0517,-6.1852,-4.3122,-0.0001,0,-0.2148,1.5668,-0.2135,1.563,0.6754,148.4951,143.4736,142.5498,145.6162,145.0337,0.6448,0.6006,0.6809,0.6162,0.6006,0.6245,0.563,0.6232,0.5807,0.563,0.6305,0.6224,0.6458,0.6093,0.6093,0.5703,0.5176,0.5941,0.5282,0.5176,0,0,0,0,0,-0.0248,-0.052,-0.0046,-0.0287,-0.0287,-0.0043,-0.0712,0.012,-0.0616,-0.056,-0.0096,-0.0063,0.0213,0.0143,-0.0997,-0.1002,-0.0547,-0.0363,0.0041,-0.0054,-0.006,-0.0405,0.0088,-0.0084,-0.0071,-0.0132,-0.0419,-0.0104,-0.0207,-0.0285,-0.0016,-0.0087,0.0081,0.004,-0.0379,-0.0444,-0.0291,-0.0237,-0.0052,0.0173,-0.0092,-0.1202,0.0108,-0.1246,-0.0987,-0.0032,-0.1306,-0.0021,-0.0948,-0.0926,-0.0063,0.0037,0.0004,0.002,-0.0325,-0.0125,-0.0099,-0.0779,0.0107,-0.0646,-0.0541,-0.0144,-0.0929,-0.0075,-0.0711,-0.0677,-0.0034,-0.0017,0.0083,0.0017,0.0017,-0.025,0.0022,TRUE,TRUE
DTC_R_66,LanSi,1,CW_01,C,2026-03-21 15:33:27+08:00,ONLINE,FALSE,,CW_1_01,PASS,,,51.6160312,_2026032115332739501,T20260321153327,DESKTOP-P2DUL42,Loma,1,CW_1_01,1,paul di,2024.0718.155524,V20260126.2,CW_DTCL_DTCR_STC,T20260321153419,51.6160312,TRUE,TRUE,TRUE,TRUE,TRUE,TRUE,TRUE,4S2RND2HBL0DP6,v1.0.1,2025_12_22,315.0882,317.5,474.9037,297.5481,295.2828,147.6138,149.3882,338.0855,335.4545,485.5035,-5.4765,-2.2498,-0.0001,0,-0.2237,1.5542,-0.2231,1.5496,0.6643,155.2969,152.4121,152.2197,154.916,153.7112,0.87,0.8247,0.8686,0.8252,0.8247,0.8203,0.7798,0.828,0.7728,0.7728,0.7955,0.8155,0.8251,0.8073,0.7438,0.7803,0.7382,0.745,0.7382,0.8418,0.801,0.8005,0.98,0.8005,0.8355,0.7965,0.7858,0.8177,0.812,0.8168,0.7679,0.848,0.7679,0,0,0,0,0,v1.0.1,2025_12_22,315.1064,317.3191,475.8936,297.3191,295.1892,146.6149,148.3221,338.1946,335.5915,486.5,-5.4794,-2.3104,-0.0001,0,-0.2232,1.5541,-0.224,1.5498,0.6642,163.2822,157.9717,166.6709,165.6748,163.3999,0.7015,0.6878,0.7176,0.6835,0.6835,0.6823,0.6561,0.6722,0.6504,0.6504,0.6573,0.6531,0.6541,0.6686,0.6397,0.6606,0.6047,0.6428,0.6047,0.6714,0.6648,0.6679,0.2586,0.2586,0.6726,0.6608,0.6513,0.6516,0.6649,0.6737,0.6414,0.6751,0.6414,0,0,0,0,0,v1.0.1,2025_12_22,317.1226,328.7736,441.5948,313.5948,302.5,195.9048,188.5583,343.4167,331.5965,457.5,-3.2255,8.338,0,0.0001,-0.2208,1.5607,-0.2129,1.5583,0.6713,177.1338,176.9473,176.8496,178.2188,177.2874,0.7992,0.6898,0.82,0.7007,0.6898,0.7624,0.6672,0.7743,0.6668,0.6668,0.7689,0.7597,0.7577,0.7392,0.7392,0.7313,0.6728,0.7481,0,0.6728,0,0,0,0,0,v1.0.1,2025_12_22,317.0865,328.7788,442.4298,313.5702,302.4,195.096,187.6694,343.5323,331.708,458.3982,-3.2413,8.3751,0,0.0001,-0.2202,1.5609,-0.213,1.558,0.6714,148.4561,143.4443,144.9365,146.1729,145.7524,0.6644,0.5955,0.6727,0.6075,0.5955,0.6459,0.5848,0.6425,0.5724,0.5724,0.6239,0.6369,0.627,0.6282,0.6239,0.5877,0.5533,0.5729,0.4261,0.4261,0,0,0,0,0,0.0015,-0.049,-0.0081,-0.0491,-0.0438,0.0036,-0.0406,0.01,-0.0596,-0.0439,-0.0326,0.0045,0.0087,-0.0098,-0.0627,-0.0326,-0.0521,-0.0891,0.0005,-0.0014,-0.0026,-0.0289,0.0036,-0.0339,-0.0206,-0.005,-0.0155,0.0063,-0.0386,-0.0155,-0.0074,-0.0072,-0.0097,0.0089,-0.0158,-0.0055,-0.023,-0.006,-0.0111,0.0001,-0.006,-0.1361,0.002,-0.1178,-0.1154,-0.0109,-0.1066,0.0006,-0.1163,-0.1065,0.0017,-0.0177,0.0097,0.0007,-0.0229,0.0244,0.0065,-0.0799,-0.001,-0.0661,-0.0624,0.0028,-0.0568,-0.0022,-0.0723,-0.0692,-0.0079,-0.0105,-0.0046,0.0005,-0.0038,-0.0151,-0.0137,TRUE,TRUE
DTC_L_67,LanSi,1,CW_01,C,2026-03-21 15:35:08+08:00,ONLINE,FALSE,,CW_1_01,PASS,,,51.6205842,_2026032115350820702,T20260321153508,DESKTOP-P2DUL42,Loma,1,CW_1_01,2,paul di,2024.0718.155524,V20260126.2,CW_DTCL_DTCR_STC,T20260321153559,51.6205842,TRUE,TRUE,TRUE,TRUE,TRUE,TRUE,TRUE,4S2RND2HBL06DS,v1.0.1,2025_12_22,314.1241,322.5328,474.4179,302.0373,294.9735,151.0662,148.3907,342.245,333.3116,489.1667,-6.4564,1.9096,-0.0001,0,-0.2267,1.5591,-0.2179,1.5556,0.6675,155.4619,151.0488,149.0557,154.4971,152.5159,0.8188,0.8078,0.841,0.7969,0.7969,0.7921,0.7738,0.8072,0.7631,0.7631,0.8276,0.8088,0.8146,0.7698,0.755,0.7297,0.781,0.715,0.715,0.8168,0.98,0.8203,0.8246,0.8168,0.8497,0.739,0.7588,0.8311,0.8183,0.8156,0.7848,0.7815,0.739,0,0,0,0,0,v1.0.1,2025_12_22,314.2,322.5857,475.5481,302,294.92,150.0333,147.2895,342.3816,333.4366,490.2535,-6.4212,1.9508,-0.0001,0,-0.2264,1.559,-0.2175,1.556,0.6678,162.8535,158.0723,163.9004,163.6475,162.1184,0.6829,0.6774,0.6985,0.7013,0.6774,0.6629,0.642,0.6629,0.6441,0.642,0.6446,0.6498,0.6469,0.6292,0.6396,0.6325,0.6502,0.6245,0.6245,0.6843,0.4737,0.6806,0.6905,0.4737,0.6615,0.6468,0.6165,0.6557,0.6813,0.6972,0.6725,0.6211,0.6165,0,0,0,0,0,v1.0.1,2025_12_22,312.8396,314.8585,437.7838,300.7207,298.975,183.7667,184.5,329.5,326.7542,445.4153,-7.3295,-4.6478,-0.0001,0,-0.2122,1.5649,-0.2131,1.5641,0.6759,175.5742,174.3242,172.0898,174.6348,174.1558,0.7857,0.6904,0.8094,0.6841,0.6841,0.7392,0.6621,0.7697,0.6698,0.6621,0.7845,0.7701,0.7665,0.7084,0.7084,0.7233,0,0.7297,0.7227,0.7227,0,0,0,0,0,v1.0.1,2025_12_22,312.8857,314.8286,438.6174,300.5478,299.0169,182.9492,183.521,329.4538,326.9217,446.2783,-7.3074,-4.6885,-0.0001,0,-0.2126,1.5655,-0.2121,1.5639,0.6762,149.5029,144.1328,143.2129,146.9941,145.9607,0.6659,0.6032,0.6748,0.6193,0.6032,0.6331,0.5696,0.6243,0.5906,0.5696,0.6325,0.6303,0.6454,0.6057,0.6057,0.5954,0.5287,0.5967,0.5809,0.5287,0,0,0,0,0,-0.0152,-0.0517,-0.0104,-0.0364,-0.0364,-0.0002,-0.0595,0.0066,-0.0348,-0.0292,0.0043,-0.0101,0.015,0.0058,-0.072,-0.0904,-0.0279,-0.0245,-0.0011,-0.0139,-0.0045,-0.0434,0.0018,-0.0111,-0.01,-0.0085,-0.0329,0.0014,-0.0199,-0.0195,-0.0106,-0.0105,-0.0131,-0.0127,-0.0249,-0.0283,-0.0108,-0.0064,0.0009,0.005,-0.0063,-0.1403,0.0143,-0.1338,-0.1079,-0.0093,-0.133,0.0052,-0.0809,-0.0864,0.0036,0.0058,0.0083,0.0123,-0.0098,-0.0087,0.0112,-0.0753,0.0046,-0.0615,-0.0515,-0.0058,-0.0863,-0.0064,-0.0612,-0.0611,-0.0014,0.0062,0.0079,-0.0019,-0.0019,0.0001,0.0048,TRUE,TRUE
DTC_R_67,LanSi,1,CW_01,A,2026-03-21 15:35:08+08:00,ONLINE,FALSE,,CW_1_01,PASS,,,51.5228453,_2026032115350832901,T20260321153508,DESKTOP-P2DUL42,Loma,1,CW_1_01,1,paul di,2024.0718.155524,V20260126.2,CW_DTCL_DTCR_STC,T20260321153559,51.5228453,TRUE,TRUE,TRUE,TRUE,TRUE,TRUE,TRUE,4S2RND2HBL0DP6,v1.0.1,2025_12_22,315.2482,316.6934,475.6296,296.9556,295.6327,148.4966,149.5101,336.6309,336.1391,486.2583,-5.0681,-2.4931,-0.0001,0,-0.2219,1.5542,-0.2192,1.5477,0.6652,155.6846,153.6943,153.1533,155.5713,154.5259,0.8616,0.765,0.8729,0.7928,0.765,0.8279,0.7311,0.82,0.7862,0.7311,0.8179,0.813,0.8154,0.8313,0.7094,0.7212,0.8048,0.7909,0.7094,0.8427,0.7972,0.8029,0.98,0.7972,0.8416,0.7646,0.7452,0.8311,0.7917,0.7174,0.8461,0.8476,0.7174,0,0,0,0,0,v1.0.1,2025_12_22,315.25,316.6571,476.8043,296.8333,295.3946,147.4558,148.2635,336.8649,336.2252,487.298,-5.1125,-2.4782,-0.0001,0,-0.2216,1.5535,-0.2199,1.548,0.665,161.8301,154.8633,163.2021,164.5381,161.1084,0.6963,0.6524,0.7187,0.6731,0.6524,0.68,0.625,0.6724,0.656,0.625,0.6601,0.6522,0.6573,0.6588,0.6095,0.6249,0.628,0.647,0.6095,0.6772,0.6441,0.6616,0.2201,0.2201,0.646,0.6452,0.6349,0.6646,0.6544,0.6563,0.6465,0.6735,0.6349,0,0,0,0,0,v1.0.1,2025_12_22,317.2857,327.9429,442.0625,312.8929,302.7008,196.2992,188.623,342.1885,332.0776,457.0259,-2.9501,7.7699,0,0.0001,-0.2195,1.5599,-0.2098,1.5562,0.6717,177.7461,177.8916,178.0908,178.8057,178.1335,0.8088,0.6332,0.8257,0.6643,0.6332,0.7735,0.595,0.7741,0.7008,0.595,0.7779,0.7729,0.7704,0.7537,0.7537,0.7378,0.6736,0.7299,0,0.6736,0,0,0,0,0,v1.0.1,2025_12_22,317.2885,328,442.9725,312.8991,302.623,195.7623,187.6583,342.3917,332.1565,457.9478,-2.9603,7.9002,0,0.0001,-0.2191,1.5598,-0.2101,1.5564,0.6718,147.1348,140.6709,142.2148,145.2061,143.8066,0.6692,0.5511,0.6667,0.5902,0.5511,0.6334,0.529,0.6455,0.5932,0.529,0.6361,0.635,0.6413,0.6481,0.635,0.5865,0.5505,0.5869,0.4461,0.4461,0,0,0,0,0,-0.0069,-0.1087,-0.0038,-0.0815,-0.1035,0.0112,-0.0893,0.002,-0.0462,-0.0856,-0.0102,0.002,-0.001,0.0142,-0.0971,-0.0917,0.0145,-0.0432,0.0014,0.001,-0.0078,-0.0643,0.0047,-0.0443,-0.0517,-0.0073,-0.0466,0.0065,-0.033,-0.0409,-0.0046,-0.0081,-0.0065,-0.0009,-0.046,-0.0412,0.0003,-0.0018,-0.0053,-0.0062,0.0036,-0.1927,0.0077,-0.1542,-0.172,0.0002,-0.1788,0.0004,-0.0823,-0.1783,0.0107,-0.0045,0.0224,0.0152,-0.0164,0.0062,0.0113,-0.1243,-0.007,-0.0834,-0.1068,-0.0097,-0.1126,0.0008,-0.0515,-0.1126,0.0043,-0.0124,0.0097,0.0204,0.0073,-0.0163,0.0003,TRUE,TRUE
DTC_L_68,LanSi,1,CW_01,A,2026-03-21 15:36:45+08:00,ONLINE,FALSE,,CW_1_01,PASS,,,51.6013061,_2026032115364543502,T20260321153645,DESKTOP-P2DUL42,Loma,1,CW_1_01,2,paul di,2024.0718.155524,V20260126.2,CW_DTCL_DTCR_STC,T20260321153737,51.6013061,TRUE,TRUE,TRUE,TRUE,TRUE,TRUE,TRUE,4S2RND2HBL06DS,v1.0.1,2025_12_22,314.1176,323.4191,474.4848,303.0833,295.0331,152.3841,148.4276,343.3618,333.2797,490.4755,-6.4314,3.0448,-0.0001,0,-0.2256,1.5592,-0.2193,1.5561,0.6676,156.2207,151.9775,149.9141,155.4004,153.3782,0.8308,0.8044,0.8447,0.788,0.788,0.774,0.7587,0.8082,0.7513,0.7513,0.8119,0.809,0.8149,0.7782,0.7511,0.7101,0.7752,0.706,0.706,0.8065,0.628,0.8358,0.8365,0.628,0.8406,0.7488,0.7334,0.8303,0.8396,0.8367,0.8143,0.7824,0.7334,0,0,0,0,0,v1.0.1,2025_12_22,314.1522,323.4275,475.7464,302.971,294.9408,151.4342,147.3311,343.3841,333.4545,491.4965,-6.375,3.0427,-0.0001,0,-0.2254,1.559,-0.2185,1.5559,0.6678,161.8457,157.8594,163.543,162.7871,161.5088,0.6862,0.6755,0.6947,0.7051,0.6755,0.6638,0.634,0.6589,0.6564,0.634,0.6521,0.6564,0.6593,0.6275,0.6314,0.6237,0.6389,0.6173,0.6173,0.6785,0.4926,0.6697,0.6811,0.4926,0.6588,0.6383,0.6248,0.6627,0.692,0.6813,0.676,0.6518,0.6248,0,0,0,0,0,v1.0.1,2025_12_22,312.9048,315.7238,437.8991,301.6239,299.0672,184.9496,184.5372,330.4628,326.7759,446.4569,-7.2632,-3.6566,-0.0001,0,-0.2118,1.5649,-0.2138,1.5646,0.676,176.2021,175.1973,173.0576,175.7002,175.0393,0.7944,0.6898,0.8051,0.6824,0.6824,0.7476,0.6322,0.7489,0.6731,0.6322,0.7744,0.7606,0.7652,0.6983,0.6983,0.735,0,0.7271,0.7293,0.7271,0,0,0,0,0,v1.0.1,2025_12_22,312.9151,315.6698,438.7241,301.4741,299.0168,184.0924,183.5583,330.4167,326.8729,447.1695,-7.2825,-3.7355,-0.0001,0,-0.2118,1.565,-0.213,1.5645,0.6762,148.4502,143.5166,142.8633,145.7803,145.1526,0.6534,0.5804,0.6744,0.6164,0.5804,0.6319,0.5566,0.6247,0.5873,0.5566,0.6478,0.6305,0.6383,0.5992,0.5992,0.5867,0.5312,0.6008,0.5904,0.5312,0,0,0,0,0,-0.0032,-0.0551,-0.0067,-0.0453,-0.0453,-0.0183,-0.0746,0.0076,-0.0466,-0.041,-0.0114,-0.0099,0.0153,0.0142,-0.0759,-0.11,-0.0337,-0.0335,-0.0114,0.0016,-0.0012,-0.0453,-0.002,-0.0073,-0.0119,-0.0076,-0.0409,-0.0026,-0.0076,-0.0275,-0.0031,-0.0039,-0.0007,-0.0144,-0.0331,-0.0371,-0.0221,-0.0136,-0.0049,-0.0059,0.0024,-0.1409,0.01,-0.1355,-0.1096,-0.0009,-0.1629,-0.0156,-0.0776,-0.1163,-0.0065,-0.0037,0.007,0.0022,0.0019,-0.0113,-0.0013,-0.0981,0.0042,-0.0644,-0.0743,-0.007,-0.0993,-0.006,-0.0645,-0.0741,0.0139,0.0064,0.0008,-0.0084,-0.0084,-0.0086,0.0089,TRUE,TRUE
DTC_R_68,LanSi,1,CW_01,B,2026-03-21 15:36:45+08:00,ONLINE,FALSE,,CW_1_01,PASS,,,51.6581538,_2026032115364563401,T20260321153645,DESKTOP-P2DUL42,Loma,1,CW_1_01,1,paul di,2024.0718.155524,V20260126.2,CW_DTCL_DTCR_STC,T20260321153737,51.6581538,TRUE,TRUE,TRUE,TRUE,TRUE,TRUE,TRUE,4S2RND2HBL0DP6,v1.0.1,2025_12_22,315.0444,317.4815,474.9556,297.5185,295.2153,147.7361,149.3289,338.0268,335.5455,485.5035,-5.4821,-2.2467,-0.0001,0,-0.2237,1.554,-0.2228,1.5489,0.6641,155.6113,152.5674,152.3057,155.0996,153.896,0.8625,0.8155,0.869,0.8309,0.8155,0.8119,0.7743,0.824,0.7674,0.7674,0.8264,0.8229,0.807,0.8109,0.7545,0.7713,0.7308,0.7358,0.7308,0.8451,0.7739,0.8052,0.2198,0.2198,0.8407,0.7556,0.7953,0.8127,0.8126,0.8239,0.7764,0.8558,0.7556,0,0,0,0,0,v1.0.1,2025_12_22,315,317.4071,476.1,297.2714,295.137,146.7808,148.2349,338.2215,335.6528,486.5556,-5.4751,-2.2527,-0.0001,0,-0.2238,1.5544,-0.2237,1.5488,0.6639,163.2061,158.2471,166.7471,165.6016,163.4504,0.6995,0.6844,0.7024,0.6917,0.6844,0.6794,0.6572,0.6725,0.6509,0.6509,0.6504,0.6597,0.6515,0.6563,0.6351,0.6509,0.605,0.6318,0.605,0.6818,0.6619,0.6579,0.3957,0.3957,0.657,0.6711,0.662,0.6813,0.6671,0.6783,0.6461,0.6889,0.6461,0,0,0,0,0,v1.0.1,2025_12_22,317.0952,328.7238,441.6435,313.6087,302.5,196,188.5583,343.4167,331.6429,457.5,-3.212,8.3498,0,0.0001,-0.2203,1.5608,-0.2133,1.5578,0.6712,177.2266,176.4883,176.376,177.918,177.0022,0.7918,0.6824,0.8225,0.714,0.6824,0.7749,0.6568,0.7688,0.6551,0.6551,0.7823,0.7679,0.753,0.7326,0.7326,0.7518,0.6424,0.7324,0,0.6424,0,0,0,0,0,v1.0.1,2025_12_22,317.0952,328.9048,442.4779,313.5487,302.48,195.192,187.5583,343.5833,331.8053,458.4248,-3.2166,8.4307,0,0.0001,-0.2214,1.5614,-0.2123,1.5572,0.6712,148.3545,143.6025,145.2227,145.793,145.7432,0.6577,0.6003,0.6819,0.6107,0.6003,0.6356,0.5822,0.6516,0.5603,0.5603,0.6261,0.6427,0.6272,0.6221,0.6221,0.6025,0.5281,0.5832,0.4926,0.4926,0,0,0,0,0,-0.006,-0.0582,-0.0077,-0.0434,-0.053,-0.0048,-0.0461,0.006,-0.065,-0.0493,-0.0017,0.0119,-0.0094,-0.0062,-0.052,-0.0416,-0.0595,-0.0983,0.0038,0.0033,-0.0046,-0.0323,-0.0116,-0.0257,-0.0197,-0.0079,-0.0144,0.0066,-0.0381,-0.015,-0.0143,-0.0006,-0.0123,-0.0034,-0.0204,-0.0152,-0.0227,-0.017,-0.0007,-0.0099,-0.0134,-0.1435,0.0045,-0.1045,-0.1228,0.0016,-0.117,-0.0049,-0.128,-0.1182,0.0151,-0.0095,0.005,-0.0059,-0.0024,0.0087,-0.0002,-0.0751,0.0082,-0.0629,-0.0576,-0.0075,-0.0594,0.0069,-0.0844,-0.0813,-0.0057,-0.0047,-0.0044,-0.0056,-0.0056,-0.0003,-0.0034,TRUE,TRUE
DTC_R_69,LanSi,1,CW_01,C,2026-03-21 15:38:27+08:00,ONLINE,FALSE,,CW_1_01,PASS,,,51.8408773,_2026032115382739401,T20260321153827,DESKTOP-P2DUL42,Loma,1,CW_1_01,1,paul di,2024.0718.155524,V20260126.2,CW_DTCL_DTCR_STC,T20260321153919,51.8408773,TRUE,TRUE,TRUE,TRUE,TRUE,TRUE,TRUE,4S2RND2HBL0DP6,v1.0.1,2025_12_22,315.0882,316.5,474.8676,296.4191,295.1486,147.1216,149.3907,336.755,335.3261,484.0362,-5.5357,-3.3336,-0.0001,0,-0.2245,1.5531,-0.2211,1.5501,0.6644,155.4297,153.7168,153.29,155.999,154.6089,0.8709,0.825,0.8673,0.8253,0.825,0.805,0.7496,0.8224,0.7528,0.7496,0.8152,0.8136,0.8231,0.8188,0.762,0.7526,0.7568,0.7024,0.7024,0.8222,0.8209,0.8061,0.98,0.8061,0.8475,0.7836,0.7669,0.8256,0.8049,0.8375,0.7322,0.836,0.7322,0,0,0,0,0,v1.0.1,2025_12_22,315,316.5,475.8913,296.1739,295.1233,146.1301,148.1233,336.9452,335.6259,485.036,-5.5472,-3.343,-0.0001,0,-0.2252,1.5541,-0.2214,1.5485,0.664,162.1396,157.7568,166.4375,165.1777,162.8779,0.6933,0.6911,0.7019,0.6966,0.6911,0.6609,0.6456,0.6722,0.6449,0.6449,0.6554,0.6582,0.6507,0.6576,0.64,0.6334,0.6056,0.6002,0.6002,0.6793,0.6572,0.6664,0.085,0.085,0.6469,0.6471,0.6462,0.688,0.6635,0.5798,0.6365,0.6881,0.5798,0,0,0,0,0,v1.0.1,2025_12_22,317.1923,327.9615,441.5739,312.5478,302.5703,195.1641,188.5207,342.3802,331.8333,456.1053,-3.1619,7.3318,0,0.0001,-0.2228,1.5606,-0.2111,1.5565,0.6708,176.2891,176.7529,177.0176,178.3672,177.1067,0.8003,0.6893,0.8074,0.7095,0.6893,0.7544,0.6745,0.7938,0.6225,0.6225,0.7738,0.7635,0.7504,0.7379,0.7379,0.7289,0.6855,0.7198,0,0.6855,0,0,0,0,0,v1.0.1,2025_12_22,317.1524,328,442.4298,312.5702,302.4839,194.6694,187.5372,342.4628,331.8496,456.9469,-3.2094,7.4298,0,0.0001,-0.222,1.5607,-0.2106,1.5568,0.6712,147.4062,143.2168,145.1406,146.001,145.4412,0.6585,0.5923,0.6854,0.6168,0.5923,0.6334,0.5715,0.6395,0.5478,0.5478,0.6142,0.6397,0.6406,0.6333,0.6142,0.597,0.54,0.5786,0.3535,0.3535,0,0,0,0,0,0.0024,-0.0487,-0.0094,-0.049,-0.0435,-0.0117,-0.0708,0.0044,-0.0796,-0.0671,-0.0129,0.0026,0.0067,0.0017,-0.0445,-0.0603,-0.0335,-0.1317,-0.0191,0.0042,-0.0108,-0.0256,-0.0121,-0.0208,-0.013,-0.0264,-0.026,0.0063,-0.0441,-0.021,-0.0093,-0.0021,-0.0131,-0.0021,-0.0155,-0.0327,-0.0221,-0.0486,-0.0032,-0.0014,-0.0049,-0.1366,-0.0106,-0.109,-0.1159,-0.0189,-0.0993,0.0201,-0.1606,-0.1508,0.0066,-0.0139,0.0024,-0.0006,-0.0253,-0.0039,0.0006,-0.0831,0.0117,-0.0568,-0.0656,-0.0097,-0.0701,-0.0052,-0.0969,-0.0938,-0.0176,-0.0077,0.009,0.0056,-0.0135,-0.0058,-0.008,TRUE,TRUE
DTC_L_69,LanSi,1,CW_01,B,2026-03-21 15:38:27+08:00,ONLINE,FALSE,,CW_1_01,PASS,,,51.8408773,_2026032115382739402,T20260321153827,DESKTOP-P2DUL42,Loma,1,CW_1_01,2,paul di,2024.0718.155524,V20260126.2,CW_DTCL_DTCR_STC,T20260321153919,51.8408773,TRUE,TRUE,TRUE,TRUE,TRUE,TRUE,TRUE,4S2RND2HBL06DS,v1.0.1,2025_12_22,315.4179,320.9627,475.9209,299.6187,296.6013,148.8366,150,340.5,334.6812,487.2101,-4.9758,-0.0744,0,0,-0.2317,1.5614,-0.217,1.5549,0.6669,154.1748,149.916,148.1123,153.5449,151.437,0.8257,0.815,0.8433,0.7968,0.7968,0.7928,0.7613,0.8019,0.7544,0.7544,0.8265,0.8099,0.8158,0.77,0.7221,0.7301,0.7452,0.7022,0.7022,0.8311,0.98,0.8061,0.7729,0.7729,0.8291,0.7008,0.6751,0.8218,0.8162,0.7515,0.7834,0.7792,0.6751,0,0,0,0,0,v1.0.1,2025_12_22,315.2847,320.9343,477,299.6028,296.2895,147.9408,148.8322,340.7181,334.8071,488.3214,-5.0573,0.0035,-0.0001,0,-0.2306,1.5609,-0.2178,1.5542,0.6667,162.6484,158.2188,164.0557,163.7402,162.1658,0.693,0.7017,0.6942,0.7,0.693,0.6631,0.6375,0.6619,0.6474,0.6375,0.6517,0.651,0.6591,0.6472,0.6045,0.6252,0.6328,0.6182,0.6045,0.6793,0.4721,0.6696,0.647,0.4721,0.6436,0.6057,0.5857,0.6765,0.6735,0.6646,0.6734,0.6351,0.5857,0,0,0,0,0,v1.0.1,2025_12_22,314,313.3962,439.3621,298.5,300.4915,181.5,185.843,327.6612,328,443.8974,-5.9607,-6.509,-0.0001,-0.0001,-0.2178,1.5682,-0.2103,1.5634,0.6759,175.4883,174.1904,172.3926,175.3027,174.3435,0.8001,0.6983,0.8128,0.7001,0.6983,0.7543,0.6519,0.7639,0.6592,0.6519,0.7804,0.7617,0.7528,0.695,0.695,0.7296,0,0.7272,0.6379,0.6379,0,0,0,0,0,v1.0.1,2025_12_22,313.9533,313.2897,440.1875,298.4286,300.3089,180.8943,185.0168,327.7983,328.0862,444.7759,-5.9895,-6.4626,-0.0001,-0.0001,-0.2167,1.5676,-0.2115,1.5632,0.6756,149.1094,144.2256,142.9863,146.9131,145.8086,0.6663,0.5962,0.6743,0.6284,0.5962,0.6284,0.5541,0.6278,0.5811,0.5541,0.6374,0.634,0.626,0.6099,0.6099,0.5682,0.5006,0.5766,0.5508,0.5006,0,0,0,0,0,-0.0083,-0.0445,-0.0081,-0.0365,-0.0365,0.0005,-0.072,0.0013,-0.0435,-0.0379,0.0032,-0.009,0.0162,0.006,-0.1049,-0.09,-0.0637,-0.0373,0.0132,-0.0281,0.0056,-0.0191,-0.0025,-0.0124,0.0056,-0.0083,-0.0374,0.0004,-0.0166,-0.024,-0.0035,-0.0093,-0.0009,0.0053,-0.06,-0.0356,-0.0282,-0.0127,-0.0041,-0.006,0.0081,-0.1324,0.0177,-0.1178,-0.0937,0.0058,-0.1432,-0.0006,-0.0915,-0.0966,-0.0005,-0.0026,-0.0054,-0.0011,-0.0035,-0.0112,0.0116,-0.0823,0.0041,-0.0524,-0.0585,-0.0105,-0.1018,-0.0029,-0.0707,-0.0766,0.0035,0.0099,-0.0115,0.0023,0.0023,-0.0271,-0.0153,TRUE,TRUE
DTC_L_70,LanSi,1,CW_01,C,2026-03-21 15:40:07+08:00,ONLINE,FALSE,,CW_1_01,PASS,,,51.8160498,_2026032115400735402,T20260321154007,DESKTOP-P2DUL42,Loma,1,CW_1_01,2,paul di,2024.0718.155524,V20260126.2,CW_DTCL_DTCR_STC,T20260321154059,51.8160498,TRUE,TRUE,TRUE,TRUE,TRUE,TRUE,TRUE,4S2RND2HBL06DS,v1.0.1,2025_12_22,314.3037,323.9185,474.5344,303.8702,295.0333,153.28,148.2715,343.7417,333.3043,490.1667,-6.4105,3.4954,-0.0001,0,-0.224,1.5578,-0.2183,1.5565,0.668,156.0498,151.2666,149.3525,151.8408,152.1274,0.8137,0.8072,0.8501,0.7906,0.7906,0.7246,0.7596,0.8006,0.7485,0.7246,0.8269,0.8146,0.8169,0.7583,0.6906,0.7238,0.7657,0.6882,0.6882,0.8268,0.98,0.8286,0.8217,0.8217,0.7948,0.7758,0.7863,0.8208,0.8259,0.8378,0.7668,0.7834,0.7668,0,0,0,0,0,v1.0.1,2025_12_22,314.1714,323.9857,475.705,303.6691,294.9732,152.1611,147.0897,343.9793,333.6812,491.1014,-6.3759,3.4793,-0.0001,0,-0.2246,1.559,-0.2186,1.5541,0.6675,161.7178,157.002,163.167,160.0469,160.4834,0.6733,0.676,0.6919,0.6924,0.6733,0.6199,0.6325,0.6567,0.6626,0.6199,0.6585,0.639,0.6549,0.6352,0.5819,0.612,0.6263,0.6152,0.5819,0.6811,0.4435,0.6699,0.6985,0.4435,0.6189,0.6547,0.656,0.683,0.681,0.6906,0.6503,0.6376,0.6189,0,0,0,0,0,v1.0.1,2025_12_22,312.9048,316.2762,437.8899,302.2294,299.0085,185.7627,184.456,330.88,326.8034,446.5812,-7.2875,-3.1541,-0.0001,0,-0.2114,1.5642,-0.2127,1.564,0.676,176.1963,174.6631,172.4209,171.8037,173.771,0.7785,0.6791,0.8114,0.6741,0.6741,0.6928,0.6519,0.7618,0.6721,0.6519,0.7796,0.7634,0.7629,0.7146,0.7146,0.7345,0,0.7483,0.73,0.73,0,0,0,0,0,v1.0.1,2025_12_22,312.8365,316.1442,438.7156,302.0459,299,184.8974,183.5574,330.9262,326.9569,447.319,-7.2867,-3.2335,-0.0001,0,-0.211,1.5652,-0.2133,1.563,0.676,148.5283,142.915,142.6611,143.8369,144.4854,0.6457,0.5852,0.692,0.5963,0.5852,0.5925,0.568,0.6271,0.5951,0.568,0.6314,0.6367,0.6443,0.6069,0.6069,0.595,0.5261,0.5871,0.5859,0.5261,0,0,0,0,0,-0.0203,-0.0523,-0.0013,-0.0427,-0.0427,-0.0677,-0.0737,0,-0.0494,-0.0677,0.0036,-0.0043,0.0173,-0.0057,-0.1364,-0.0963,-0.0432,-0.0513,0.0089,-0.0056,-0.0141,-0.0448,-0.0048,-0.02,-0.0141,-0.0515,-0.0424,-0.0048,-0.0014,-0.0416,0.0033,-0.0213,-0.0051,-0.0067,-0.0826,-0.0488,-0.0347,-0.0157,-0.0023,-0.0057,-0.0135,-0.1516,0.0163,-0.1438,-0.1179,-0.0557,-0.1432,-0.0027,-0.0786,-0.0966,-0.0013,-0.0009,0.0047,0.0185,0.0014,0.0099,-0.009,-0.0933,0.0218,-0.0845,-0.0695,-0.0464,-0.0879,-0.0036,-0.0567,-0.0627,-0.0025,0.0126,0.0068,-0.0007,-0.0007,-0.0003,-0.0048,TRUE,TRUE
DTC_R_70,LanSi,1,CW_01,A,2026-03-21 15:40:07+08:00,ONLINE,FALSE,,CW_1_01,PASS,,,51.735265,_2026032115400746601,T20260321154007,DESKTOP-P2DUL42,Loma,1,CW_1_01,1,paul di,2024.0718.155524,V20260126.2,CW_DTCL_DTCR_STC,T20260321154059,51.735265,TRUE,TRUE,TRUE,TRUE,TRUE,TRUE,TRUE,4S2RND2HBL0DP6,v1.0.1,2025_12_22,315.2388,316.8209,475.6963,297.0815,295.6327,148.4966,149.6,336.8733,336.1391,486.2583,-5.0386,-2.3939,-0.0001,0,-0.2219,1.5543,-0.22,1.5475,0.665,155.043,152.418,151.9502,154.6611,153.5181,0.871,0.7689,0.8724,0.7907,0.7689,0.8198,0.7496,0.8178,0.7956,0.7496,0.8074,0.8109,0.7919,0.813,0.6861,0.6997,0.8,0.7922,0.6861,0.8406,0.7958,0.8023,0.98,0.7958,0.8159,0.7609,0.7578,0.8264,0.7824,0.7396,0.8455,0.8345,0.7396,0,0,0,0,0,v1.0.1,2025_12_22,315.1942,316.7842,476.708,297,295.4122,147.5,148.3514,337.0676,336.1788,487.3311,-5.1311,-2.3634,-0.0001,0,-0.2214,1.554,-0.2205,1.5479,0.665,161.7871,155.5527,163.9844,164.1426,161.3667,0.7037,0.6574,0.7028,0.6686,0.6574,0.6875,0.6414,0.675,0.6637,0.6414,0.6557,0.6493,0.654,0.645,0.6141,0.6315,0.6163,0.6453,0.6141,0.6783,0.6703,0.6611,0.2719,0.2719,0.6476,0.6536,0.6416,0.6912,0.6446,0.6542,0.6435,0.6732,0.6416,0,0,0,0,0,v1.0.1,2025_12_22,317.4466,328.0097,442.2301,313.2301,302.873,196.4762,188.6777,342.3223,332.1379,457.1034,-2.8269,7.9284,0,0.0001,-0.2174,1.5599,-0.2102,1.557,0.6723,176.7295,176.2373,176.4951,177.6338,176.7739,0.8121,0.6503,0.82,0.6411,0.6411,0.7668,0.5759,0.7726,0.7037,0.5759,0.7824,0.7616,0.7571,0.7436,0.7436,0.7432,0.6683,0.7343,0,0.6683,0,0,0,0,0,v1.0.1,2025_12_22,317.3462,328.0769,443,313,302.623,195.7623,187.7686,342.4793,332.2542,457.9492,-2.9016,7.9535,0,0.0001,-0.2189,1.5595,-0.2102,1.556,0.6716,147.1494,141.1582,142.9082,144.9678,144.0459,0.6706,0.5547,0.676,0.5602,0.5547,0.6459,0.5043,0.6496,0.601,0.5043,0.6422,0.6418,0.633,0.6352,0.633,0.5791,0.5627,0.566,0.4109,0.4109,0,0,0,0,0,0.0025,-0.1048,-0.0043,-0.0836,-0.0996,0.0031,-0.0708,-0.0002,-0.0368,-0.0671,-0.0207,-0.0001,-0.0245,-0.0041,-0.1204,-0.1132,0.0097,-0.0419,-0.0007,0.0004,-0.0004,-0.0593,-0.0112,-0.0488,-0.0467,0.0002,-0.0302,0.0091,-0.0253,-0.0245,-0.009,-0.011,-0.0098,-0.0147,-0.0414,-0.0346,-0.0114,-0.0035,-0.0042,-0.0067,0.0069,-0.1756,0.002,-0.1774,-0.1641,-0.0065,-0.1979,-0.0011,-0.0794,-0.1974,0.0152,-0.0158,0.0091,0.0051,-0.011,0.0106,0.0127,-0.1207,0.0023,-0.1134,-0.1032,0.0028,-0.1373,0.0049,-0.0437,-0.1373,0.0104,-0.0056,0.0014,0.0075,0.0053,-0.0237,-0.0206,TRUE,TRUE
DTC_R_71,LanSi,1,CW_01,B,2026-03-21 15:41:46+08:00,ONLINE,FALSE,,CW_1_01,FAIL,SFR_VIS_25cm_Ny4_03F_ROI6_Dev,Dev,51.678912,_2026032115414668101,T20260321154146,DESKTOP-P2DUL42,Loma,1,CW_1_01,1,paul di,2024.0718.155524,V20260126.2,CW_DTCL_DTCR_STC,T20260321154238,51.678912,TRUE,TRUE,TRUE,TRUE,TRUE,TRUE,TRUE,4S2RND2HBL0DP6,v1.0.1,2025_12_22,315.0148,316.3185,474.9137,296.0935,295.137,146.7808,149.3072,336.6601,335.4526,484.1752,-5.535,-3.4944,-0.0001,0,-0.2253,1.5536,-0.2216,1.5491,0.6639,155.8828,153.0801,152.3604,155.3447,154.167,0.8739,0.8679,0.8672,0.8456,0.8456,0.8179,0.698,0.819,0.7825,0.698,0.824,0.823,0.8084,0.8114,0.797,0.7388,0.7263,0.7076,0.7076,0.8491,0.8065,0.7913,0.1433,0.1433,0.8499,0.7973,0.7953,0.8237,0.8092,0.8074,0.7927,0.8511,0.7927,0,0,0,0,0,v1.0.1,2025_12_22,314.993,316.338,476,296,295.0408,145.8367,148.0405,336.8716,335.6853,485.3287,-5.5481,-3.425,-0.0001,0,-0.2251,1.5538,-0.2219,1.5484,0.6638,162.6455,157.4561,165.9004,164.9658,162.7419,0.7031,0.7085,0.7136,0.6988,0.6988,0.6901,0.6115,0.6675,0.6518,0.6115,0.6463,0.6603,0.663,0.6513,0.665,0.6364,0.58,0.6027,0.58,0.6879,0.669,0.679,0.3915,0.3915,0.6569,0.6628,0.6669,0.6733,0.658,0.6715,0.6688,0.686,0.6569,0,0,0,0,0,v1.0.1,2025_12_22,317.0865,327.7788,441.5263,312.5263,302.4766,195.4141,188.4545,342.3058,331.6903,456.292,-3.2532,7.3634,0,0.0001,-0.2214,1.5603,-0.2119,1.5571,0.671,176.5664,175.7734,175.7568,177.2354,176.333,0.7997,0.7808,0.8255,0.7117,0.7117,0.759,0.4678,0.7823,0.6636,0.4678,0.7675,0.77,0.7597,0.7342,0.7342,0.7574,0.6716,0.7211,0,0.6716,0,0,0,0,0,v1.0.1,2025_12_22,317.1524,328,442.4779,312.5487,302.4297,194.8359,187.5372,342.4628,331.9009,457.1081,-3.2004,7.4911,0,0.0001,-0.2222,1.5602,-0.2106,1.5565,0.671,148.0498,142.9004,144.667,145.792,145.3523,0.6559,0.6519,0.6844,0.6016,0.6016,0.6337,0.4477,0.6594,0.5708,0.4477,0.6276,0.6345,0.6432,0.6242,0.6242,0.6017,0.5549,0.5815,0.512,0.512,0,0,0,0,0,0.0054,-0.0058,-0.0095,-0.0287,-0.0229,0.0012,-0.1224,0.001,-0.0499,-0.1187,-0.0041,0.012,-0.008,-0.0057,-0.0095,-0.0741,-0.064,-0.1265,0.0078,-0.0106,-0.001,-0.0082,-0.0004,-0.0186,-0.0053,0.0028,-0.0601,0.0016,-0.0372,-0.0544,-0.0184,0,-0.0008,-0.0084,0.0095,-0.0297,-0.0477,-0.0461,0.0054,0.0112,-0.0055,-0.0451,0.0075,-0.1068,-0.0935,-0.0143,-0.306,0.0086,-0.1195,-0.3055,0.0003,-0.0074,0.0117,-0.0043,0.0032,-0.0026,-0.002,-0.0235,0.0107,-0.072,-0.0563,-0.0094,-0.1939,0.0147,-0.0739,-0.1939,-0.0042,-0.0129,0.0116,-0.0035,-0.0035,-0.0011,-0.0051,TRUE,TRUE
DTC_L_71,LanSi,1,CW_01,A,2026-03-21 15:41:46+08:00,ONLINE,FALSE,,CW_1_01,PASS,,,51.7028479,_2026032115414668102,T20260321154146,DESKTOP-P2DUL42,Loma,1,CW_1_01,2,paul di,2024.0718.155524,V20260126.2,CW_DTCL_DTCR_STC,T20260321154238,51.7028479,TRUE,TRUE,TRUE,TRUE,TRUE,TRUE,TRUE,4S2RND2HBL06DS,v1.0.1,2025_12_22,315.2132,322.7279,475.6591,302.0758,296.4231,152.0128,149.6913,342.4564,334.4848,488.0833,-5.2057,1.9712,-0.0001,0,-0.2275,1.5607,-0.2181,1.5543,0.6673,153.9189,149.501,147.416,153.4531,151.0723,0.8316,0.7995,0.8393,0.7928,0.7928,0.7892,0.7492,0.7944,0.7517,0.7492,0.8095,0.8138,0.8123,0.773,0.7446,0.7192,0.7435,0.689,0.689,0.8157,0.7229,0.8168,0.7503,0.7229,0.8412,0.7218,0.7269,0.8355,0.8148,0.758,0.7649,0.7771,0.7218,0,0,0,0,0,v1.0.1,2025_12_22,315.1533,322.8102,476.7153,301.9343,296.1788,150.9934,148.5168,342.5436,334.6618,489.1176,-5.2548,1.9798,-0.0001,0,-0.228,1.5603,-0.2174,1.5535,0.6671,161.9727,157.8662,163.1758,163.2471,161.5654,0.6771,0.6827,0.6904,0.6867,0.6771,0.6506,0.6254,0.6662,0.639,0.6254,0.6677,0.665,0.6573,0.6339,0.6167,0.6156,0.6285,0.5905,0.5905,0.685,0.5491,0.6778,0.651,0.5491,0.6585,0.6283,0.6088,0.6678,0.6704,0.659,0.6662,0.6451,0.6088,0,0,0,0,0,v1.0.1,2025_12_22,313.8077,314.9615,438.8214,300.7589,300.2941,184.4034,185.686,329.595,327.8947,444.9474,-6.1992,-4.5668,-0.0001,0,-0.2126,1.5671,-0.2132,1.5623,0.6759,175.2275,174.0801,172.1182,175.1348,174.1401,0.7857,0.6912,0.8034,0.6873,0.6873,0.7397,0.6613,0.7698,0.649,0.649,0.7616,0.7731,0.7589,0.7001,0.7001,0.7274,0,0.6969,0.6372,0.6372,0,0,0,0,0,v1.0.1,2025_12_22,313.8077,314.9615,439.6174,300.5478,300.2735,183.5385,184.8361,329.5738,328,445.8974,-6.1931,-4.5962,-0.0001,0,-0.2136,1.5677,-0.2123,1.5623,0.676,148.7725,143.6104,142.3877,146.666,145.3591,0.646,0.588,0.6706,0.6075,0.588,0.6392,0.5559,0.6267,0.5693,0.5559,0.6288,0.65,0.6342,0.6086,0.6086,0.5869,0.499,0.5731,0.5315,0.499,0,0,0,0,0,-0.0024,-0.06,-0.0121,-0.0405,-0.0405,-0.0031,-0.0841,-0.0062,-0.0462,-0.0431,-0.0138,-0.0051,0.0127,0.009,-0.0824,-0.1009,-0.0654,-0.0505,-0.0022,-0.0174,-0.0103,-0.0381,-0.0063,-0.0257,-0.0103,-0.0208,-0.0495,0.0047,-0.025,-0.0361,0.0125,0.0047,-0.0027,-0.008,-0.0478,-0.0452,-0.0325,-0.0404,0.0016,0.0022,-0.0063,-0.1395,0.0083,-0.1306,-0.1047,-0.0088,-0.1338,0.0053,-0.1017,-0.0995,-0.0193,0.0088,0.0007,0.004,-0.0057,-0.0415,-0.0087,-0.0905,0.0004,-0.0733,-0.0667,0.0003,-0.1,-0.004,-0.0825,-0.0748,-0.0051,0.0259,-0.0033,0.001,0.001,-0.0084,-0.0188,TRUE,TRUE
DTC_L_72,LanSi,1,CW_01,B,2026-03-21 15:43:35+08:00,ONLINE,FALSE,,CW_1_01,PASS,,,51.9125933,_2026032115433575302,T20260321154335,DESKTOP-P2DUL42,Loma,1,CW_1_01,2,paul di,2024.0718.155524,V20260126.2,CW_DTCL_DTCR_STC,T20260321154427,51.9125933,TRUE,TRUE,TRUE,TRUE,TRUE,TRUE,TRUE,4S2RND2HBL06DS,v1.0.1,2025_12_22,314.1679,323.2847,474.4361,303.0827,295.06,152.3467,148.2961,343.2961,333.4071,489.5929,-6.4266,2.8206,-0.0001,0,-0.2249,1.559,-0.2195,1.5551,0.6674,155.875,152.1445,150.1357,155.0439,153.2998,0.8318,0.7985,0.8144,0.7952,0.7952,0.7835,0.762,0.7967,0.7501,0.7501,0.8249,0.8109,0.8234,0.7715,0.7524,0.7387,0.7686,0.6974,0.6974,0.8085,0.98,0.8255,0.8306,0.8085,0.8509,0.8253,0.7818,0.817,0.8332,0.8175,0.7937,0.7646,0.7646,0,0,0,0,0,v1.0.1,2025_12_22,314.2,323.4143,475.597,302.9925,294.9408,151.4342,147.2632,343.3487,333.5929,490.7071,-6.3812,2.8794,-0.0001,0,-0.2253,1.5588,-0.2183,1.5549,0.6675,162.3457,158.0459,164.167,163.168,161.9316,0.6806,0.6893,0.6703,0.696,0.6703,0.6543,0.6446,0.6631,0.6509,0.6446,0.6604,0.6522,0.6462,0.6312,0.633,0.6104,0.6281,0.6154,0.6104,0.6732,0.3345,0.6608,0.6836,0.3345,0.6526,0.6685,0.6534,0.6586,0.6893,0.6936,0.6758,0.6234,0.6234,0,0,0,0,0,v1.0.1,2025_12_22,312.9151,315.6698,437.8727,301.6727,299.0431,184.8707,184.5,330.3333,326.9658,446,-7.2407,-3.7907,-0.0001,0,-0.211,1.5646,-0.2132,1.5629,0.6758,175.7393,175.0449,173.0576,175.459,174.8252,0.7883,0.6921,0.7746,0.6776,0.6776,0.7458,0.6588,0.7516,0.6504,0.6504,0.7744,0.7677,0.7622,0.7024,0.7024,0.723,0,0.743,0.7085,0.7085,0,0,0,0,0,v1.0.1,2025_12_22,312.9151,315.6698,438.6379,301.5,298.9831,184.0508,183.5583,330.4167,327,446.8974,-7.2811,-3.793,-0.0001,0,-0.2117,1.5648,-0.213,1.5634,0.6759,149.0039,143.7539,143.3555,146.3311,145.6111,0.6608,0.5917,0.6431,0.6148,0.5917,0.6276,0.5716,0.6285,0.5783,0.5716,0.6193,0.6334,0.6386,0.6166,0.6166,0.5782,0.4867,0.5973,0.5666,0.4867,0,0,0,0,0,-0.0022,-0.061,-0.037,-0.0381,-0.0381,-0.0088,-0.0713,-0.0039,-0.0478,-0.0422,0.0016,-0.008,0.0238,0.0075,-0.0746,-0.0814,-0.0403,-0.0421,-0.0094,-0.0087,-0.0068,-0.0315,-0.0264,-0.0164,-0.0171,-0.0171,-0.0303,0.0016,-0.0131,-0.0169,0.0052,-0.0081,-0.0138,-0.0107,-0.0315,-0.0504,-0.0329,-0.0155,-0.0102,-0.0148,-0.0037,-0.1386,-0.0205,-0.1403,-0.1144,-0.0027,-0.1363,-0.0129,-0.1003,-0.0981,-0.0065,0.0034,0.004,0.0063,-0.0101,0.0046,0.0061,-0.0868,-0.0271,-0.066,-0.063,-0.0113,-0.0843,-0.0022,-0.0735,-0.0591,-0.0146,0.0093,0.0011,0.009,0.009,-0.0171,0.0054,TRUE,TRUE
DTC_R_72,LanSi,1,CW_01,C,2026-03-21 15:43:35+08:00,ONLINE,FALSE,,CW_1_01,PASS,,,51.8806795,_2026032115433580101,T20260321154335,DESKTOP-P2DUL42,Loma,1,CW_1_01,1,paul di,2024.0718.155524,V20260126.2,CW_DTCL_DTCR_STC,T20260321154427,51.8806795,TRUE,TRUE,TRUE,TRUE,TRUE,TRUE,TRUE,4S2RND2HBL0DP6,v1.0.1,2025_12_22,315.0217,316.5942,474.8129,296.5396,295.1544,147.2617,149.3154,336.8658,335.5461,484.2624,-5.5299,-3.1953,-0.0001,0,-0.2243,1.5535,-0.2212,1.5485,0.6641,154.8682,151.7031,151.6318,154.9648,153.292,0.8638,0.8273,0.878,0.8176,0.8176,0.8175,0.7561,0.821,0.7705,0.7561,0.828,0.8038,0.8144,0.8144,0.7624,0.7477,0.7291,0.7186,0.7186,0.8392,0.8045,0.8164,0.8608,0.8045,0.8409,0.7851,0.7796,0.8262,0.807,0.7876,0.728,0.8438,0.728,0,0,0,0,0,v1.0.1,2025_12_22,315,316.7092,475.8,296.4143,295.102,146.2381,148.0811,337.0811,335.7376,485.156,-5.5559,-3.1803,-0.0001,0,-0.225,1.5541,-0.2209,1.5478,0.664,162.8281,156.0801,164.8623,165.3066,162.2693,0.7197,0.6991,0.7192,0.6925,0.6925,0.6772,0.639,0.6703,0.6502,0.639,0.6571,0.6439,0.6557,0.6568,0.638,0.625,0.6031,0.6045,0.6031,0.6931,0.6609,0.6679,0.3642,0.3642,0.6641,0.6555,0.6328,0.664,0.6786,0.6447,0.6293,0.6724,0.6293,0,0,0,0,0,v1.0.1,2025_12_22,317.1509,328.0566,441.4522,312.6174,302.424,195.368,188.4833,342.4167,331.7589,456.2679,-3.2461,7.4453,0,0.0001,-0.2231,1.5597,-0.2106,1.5568,0.6707,176.9775,175.8828,176.498,178.1396,176.8745,0.8051,0.7073,0.8262,0.6968,0.6968,0.7559,0.6488,0.7758,0.6581,0.6488,0.7772,0.7552,0.7641,0.7328,0.7328,0.7555,0.6741,0.7259,0,0.6741,0,0,0,0,0,v1.0.1,2025_12_22,317.0481,328.125,442.4,312.7043,302.376,194.864,187.5372,342.5372,331.9099,457.1081,-3.2458,7.5677,0,0.0001,-0.2219,1.5606,-0.2103,1.5556,0.671,147.8711,141.9561,143.4229,145.8154,144.7664,0.6579,0.596,0.6814,0.6075,0.596,0.6459,0.5775,0.6384,0.5645,0.5645,0.6244,0.632,0.6363,0.6225,0.6225,0.5903,0.5507,0.5804,0.5118,0.5118,0,0,0,0,0,-0.0047,-0.0464,0.0013,-0.0567,-0.0509,0.0008,-0.0643,0.003,-0.0619,-0.0606,-0.0001,-0.0072,-0.002,-0.0027,-0.0441,-0.0652,-0.0612,-0.1155,-0.0021,0.0145,0.0156,-0.0176,0.0052,-0.0249,-0.0116,-0.0101,-0.0326,0.0044,-0.0388,-0.0269,-0.0076,-0.0164,-0.0081,-0.0029,-0.0175,-0.0411,-0.0246,-0.0443,0.0106,0.0001,-0.0001,-0.1186,0.0082,-0.1217,-0.1084,-0.0174,-0.125,0.0021,-0.125,-0.1245,0.01,-0.0222,0.0161,-0.0057,0.0013,0.0022,0,-0.0794,0.0077,-0.0661,-0.0619,0.0028,-0.0641,-0.0063,-0.0802,-0.0771,-0.0074,-0.0154,0.0047,-0.0052,-0.0052,-0.0125,-0.0062,TRUE,TRUE
DTC_R_73,LanSi,1,CW_01,A,2026-03-21 15:48:09+08:00,ONLINE,FALSE,,CW_1_01,FAIL,SFR_VIS_25cm_Ny4_01F_ROI1;SFR_VIS_25cm_Ny4_01F_ROI3;SFR_VIS_25cm_Ny4_01F_ROI4;SFR_VIS_25cm_Ny4_01F_Min;SFR_VIS_25cm_Ny4_03F_ROI5;SFR_VIS_25cm_Ny4_03F_Min;SFR_VIS_25cm_Ny4_06F_ROI9;SFR_VIS_25cm_Ny4_06F_ROI10;SFR_VIS_25cm_Ny4_06F_ROI11;SFR_VIS_25cm_Ny4_06F_ROI13;SFR_VIS_25cm_Ny4_06F_ROI14;SFR_VIS_25cm_Ny4_06F_ROI15;SFR_VIS_25cm_Ny4_08F_ROI17;IR_SFR_VIS_25cm_Ny4_01F_ROI1;IR_SFR_VIS_25cm_Ny4_01F_ROI2;IR_SFR_VIS_25cm_Ny4_01F_ROI3;IR_SFR_VIS_25cm_Ny4_01F_ROI4;IR_SFR_VIS_25cm_Ny4_01F_Min;IR_SFR_VIS_25cm_Ny4_03F_ROI5;IR_SFR_VIS_25cm_Ny4_03F_ROI7,sfr_25Algo,51.5863927,_2026032115480997301,T20260321154809,DESKTOP-P2DUL42,Loma,1,CW_1_01,1,paul di,2024.0718.155524,V20260126.2,CW_DTCL_DTCR_STC,T20260321154901,51.5863927,TRUE,TRUE,TRUE,TRUE,TRUE,TRUE,TRUE,4S2RND2HBL0DP6,v1.0.1,2025_12_22,315,316.3511,474.7768,296.2232,295.1034,146.8138,335.3521,484.4296,None,None,None,None,None,None,None,None,None,None,None,148.0742,132.2354,131.2197,150.7861,140.5789,0.674,0.7251,0.6438,0.5974,0.5974,0.5661,0.6948,0.8387,0.7531,0.5661,0,0,0,0.8216,0,0,0,0.7449,0.7449,0.5783,0.8186,0.8282,0.7636,0.5783,0,0,0,0,0,0,0.6959,0.8014,0.6959,0,0,0,0,0,v1.0.1,2025_12_22,314.8759,316.2774,475.803,296.0379,295.0616,145.7945,148.1071,337.0429,335.5903,485.4097,-5.6124,-3.3875,-0.0001,0,-0.2246,1.5546,-0.2234,1.5484,0.6638,159.1035,154.3418,161.6709,163.3691,159.6213,0.4699,0.5708,0.514,0.5533,0.4699,0.4277,0.6397,0.4467,0.6452,0.4277,0.6509,0.6588,0.6412,0.6587,0.6619,0.6252,0.5756,0.603,0.5756,0.4204,0.6652,0.4258,0.4974,0.4204,0.6442,0.6409,0.6684,0.6677,0.6493,0.6366,0.6421,0.6778,0.6366,0,0,0,0,0,v1.0.1,2025_12_22,317.0928,327.9381,441.3226,312.6344,302.3902,195.187,188.5179,342.4196,331.6429,456.5,-3.3067,7.4358,0,0.0001,-0.2221,1.56,-0.2116,1.5576,0.671,168.4004,152.0098,150.9492,172.1064,160.8665,0.5877,0.5701,0.6072,0.5174,0.5174,0.4676,0.5974,0.4866,0.6951,0.4676,0.774,0.7276,0.7439,0.7454,0.7276,0.5803,0.6692,0.474,0,0.474,0,0,0,0,0,v1.0.1,2025_12_22,317.0481,327.875,442.1287,312.5446,302.3333,194.2602,187.6174,342.5478,331.6875,457.3482,-3.337,7.4152,0,0.0001,-0.2214,1.5606,-0.2124,1.5577,0.6711,144.917,140.0059,140.3828,144.1084,142.3535,0.4535,0.4454,0.5145,0.5238,0.4454,0.3902,0.5516,0.4426,0.578,0.3902,0.6262,0.6163,0.636,0.6162,0.6162,0.3748,0.561,0.356,0.5254,0.356,0,0,0,0,0,-0.1945,-0.1486,-0.2329,-0.2769,-0.2711,-0.2506,-0.1256,0.0207,-0.0793,-0.2506,-0.8281,-0.811,-0.8164,0.0045,-0.8065,-0.8129,-0.7903,-0.0892,-0.263,0.0263,-0.2342,-0.1459,-0.2,-0.1641,-0.2342,-0.2596,-0.0319,-0.2192,-0.0438,-0.2382,-0.0138,-0.0015,-0.0226,-0.001,0.0064,-0.0409,-0.0521,-0.0458,-0.2621,-0.242,-0.2175,-0.2558,-0.2108,-0.3011,-0.2878,-0.3057,-0.1764,-0.2871,-0.088,-0.3057,0.0068,-0.0498,-0.0041,0.0069,-0.1739,-0.2497,-0.2044,-0.23,-0.1592,-0.1498,-0.2125,-0.2529,-0.09,-0.2021,-0.0667,-0.2514,-0.0056,-0.0311,0.0044,-0.0115,-0.0115,-0.228,-0.2306,TRUE,TRUE
DTC_L_73,LanSi,1,CW_01,A,2026-03-21 15:50:04+08:00,ONLINE,FALSE,,CW_1_01,PASS,,,44.5740992,_2026032115500448402,T20260321155004,DESKTOP-P2DUL42,Loma,1,CW_1_01,2,paul di,2024.0718.155524,V20260126.2,CW_DTCL_DTCR_STC,T20260321155049,44.5740992,TRUE,TRUE,TRUE,TRUE,TRUE,TRUE,TRUE,4S2RND2HBL06DS,v1.0.1,2025_12_22,314.3556,323,474.6222,302.9333,294.9527,152.1149,148.457,342.6026,333.5461,489.4965,-6.3133,2.5295,-0.0001,0,-0.224,1.5572,-0.2171,1.5555,0.6679,154.3984,151.1084,148.7588,153.5557,151.9553,0.8322,0.7926,0.8501,0.7784,0.7784,0.7739,0.7561,0.8013,0.7608,0.7561,0.8194,0.8106,0.7954,0.7708,0.7317,0.6945,0.7769,0.6954,0.6945,0.8129,0.98,0.8445,0.8216,0.8129,0.8313,0.8111,0.7456,0.8083,0.8286,0.8192,0.7868,0.7743,0.7456,0,0,0,0,0,v1.0.1,2025_12_22,314.2847,323.0657,475.7899,302.7391,294.9595,151.1149,147.2416,342.8121,333.7203,490.5245,-6.3008,2.5512,-0.0001,0,-0.2247,1.5584,-0.2171,1.5547,0.6678,163.0078,159.0576,164.8428,163.5625,162.6177,0.6754,0.6693,0.7033,0.6981,0.6693,0.6592,0.6269,0.66,0.6542,0.6269,0.6488,0.6484,0.6495,0.638,0.6245,0.6114,0.6365,0.6178,0.6114,0.6801,0.3158,0.6903,0.6772,0.3158,0.669,0.6515,0.6174,0.662,0.6706,0.6956,0.669,0.6153,0.6153,0,0,0,0,0,v1.0.1,2025_12_22,312.9524,315.3714,437.9817,301.367,299.0424,184.5847,184.4959,329.719,326.9739,445.7478,-7.2108,-4.142,-0.0001,0,-0.211,1.5643,-0.2107,1.5631,0.6764,175.9209,175.2295,173.2588,174.9238,174.8333,0.7892,0.6734,0.8066,0.6833,0.6734,0.7371,0.6377,0.7615,0.6641,0.6377,0.7735,0.7672,0.7641,0.7153,0.7153,0.7369,0,0.7285,0.7075,0.7075,0,0,0,0,0,v1.0.1,2025_12_22,312.9151,315.3302,438.7982,301.1842,299,183.8974,183.6311,329.9098,327.1062,446.6195,-7.2099,-4.1118,-0.0001,0,-0.2114,1.5648,-0.2118,1.5626,0.6761,149.5332,145.0752,144.0713,146.8438,146.3809,0.6666,0.5779,0.6832,0.6102,0.5779,0.632,0.5557,0.6207,0.5834,0.5557,0.6418,0.6225,0.6466,0.6199,0.6199,0.5792,0.4807,0.5801,0.5617,0.4807,0,0,0,0,0,-0.0018,-0.0669,-0.0013,-0.0549,-0.0549,-0.0184,-0.0772,0.0007,-0.0371,-0.0362,-0.0039,-0.0083,-0.0042,0.0068,-0.0953,-0.1256,-0.032,-0.0441,-0.005,0.0103,-0.012,-0.0515,0.0066,-0.0143,-0.0181,-0.0122,-0.048,-0.0015,-0.0098,-0.0346,-0.0064,-0.0119,-0.0105,-0.0039,-0.04,-0.0494,-0.0245,-0.0131,-0.0033,0.0147,-0.0028,-0.1573,0.0115,-0.1346,-0.1186,-0.0114,-0.1574,-0.003,-0.0866,-0.1108,-0.0074,0.0029,0.0059,0.0192,0.0038,-0.0099,0.0119,-0.1006,0.013,-0.0706,-0.0768,-0.0069,-0.1002,-0.01,-0.0684,-0.075,0.0079,-0.0016,0.0091,0.0123,0.0123,-0.0161,-0.0118,TRUE,TRUE
DTC_L_74,LanSi,1,CW_01,B,2026-03-21 15:52:57+08:00,ONLINE,FALSE,,CW_1_01,PASS,,,52.1149326,_2026032115525721202,T20260321155257,DESKTOP-P2DUL42,Loma,1,CW_1_01,2,paul di,2024.0718.155524,V20260126.2,CW_DTCL_DTCR_STC,T20260321155349,52.1149326,TRUE,TRUE,TRUE,TRUE,TRUE,TRUE,TRUE,4S2RND2HBL06DS,v1.0.1,2025_12_22,313.9783,322.9565,473.9185,302.7926,294.8684,151.4868,147.9865,342.7838,333.0071,489.8156,-6.7482,2.4671,-0.0001,0,-0.2249,1.5593,-0.2184,1.5567,0.6682,154.5703,150.957,148.9336,153.8301,152.0728,0.8247,0.7917,0.8387,0.7761,0.7761,0.7844,0.7408,0.8139,0.7502,0.7408,0.814,0.8289,0.8286,0.775,0.7588,0.6961,0.76,0.712,0.6961,0.8267,0.98,0.7369,0.8417,0.7369,0.8362,0.7549,0.7469,0.8182,0.8287,0.8232,0.7939,0.7703,0.7469,0,0,0,0,0,v1.0.1,2025_12_22,313.9783,322.9565,475.0652,302.5725,294.7815,150.5828,146.9184,342.966,333.0922,490.7801,-6.7329,2.4716,-0.0001,0,-0.2254,1.5594,-0.2187,1.5569,0.668,162.6533,157.8975,163.9639,163.875,162.0974,0.6837,0.6663,0.6992,0.6823,0.6663,0.6599,0.6219,0.6599,0.6515,0.6219,0.6429,0.652,0.6601,0.6492,0.628,0.6072,0.647,0.614,0.6072,0.6864,0.5047,0.5985,0.6835,0.5047,0.6522,0.6288,0.6143,0.6739,0.6669,0.6787,0.676,0.6236,0.6143,0,0,0,0,0,v1.0.1,2025_12_22,312.4476,315.1238,437.3153,301.2432,298.8083,184.125,184.1825,329.881,326.3719,445.9669,-7.6749,-4.232,-0.0001,0,-0.2102,1.5665,-0.214,1.5643,0.6766,175.4414,174.8877,173.0303,175.1592,174.6296,0.7762,0.6811,0.7978,0.6688,0.6688,0.738,0.6437,0.7655,0.6654,0.6437,0.7811,0.7753,0.7587,0.7025,0.7025,0.7319,0,0.6832,0.721,0.6832,0,0,0,0,0,v1.0.1,2025_12_22,312.4476,315.1238,438.1062,301.0088,298.641,183.4872,183.3306,329.876,326.5462,446.6303,-7.6857,-4.2748,-0.0001,0,-0.2113,1.5658,-0.2132,1.5635,0.6762,149.0264,143.7461,143.0498,146.9795,145.7004,0.6515,0.5668,0.6642,0.6001,0.5668,0.6275,0.549,0.6269,0.577,0.549,0.6326,0.6287,0.6482,0.607,0.607,0.5941,0.5267,0.5769,0.5739,0.5267,0,0,0,0,0,-0.0093,-0.0678,-0.0127,-0.0572,-0.0572,-0.0079,-0.0925,0.0133,-0.0477,-0.0515,-0.0093,0.01,0.029,0.011,-0.0682,-0.124,-0.0489,-0.0275,0.0088,-0.0973,-0.0037,-0.0545,0.0025,-0.0301,-0.0211,-0.0115,-0.053,-0.0016,-0.0125,-0.0396,-0.0123,-0.0083,0.0001,0.0073,-0.0365,-0.0536,-0.014,-0.0169,0.003,-0.0771,-0.0158,-0.1496,0.0027,-0.1491,-0.1232,-0.0105,-0.1514,0.001,-0.0853,-0.1048,0.0002,0.011,0.0005,0.0064,-0.0012,-0.0552,-0.0032,-0.1117,-0.006,-0.0807,-0.0879,-0.0114,-0.1069,-0.0038,-0.0748,-0.0817,-0.0013,0.0046,0.0107,-0.0006,-0.0006,-0.0012,-0.015,TRUE,TRUE
DTC_R_74,LanSi,1,CW_01,B,2026-03-21 15:52:57+08:00,ONLINE,FALSE,,CW_1_01,PASS,,,51.8685892,_2026032115525744601,T20260321155257,DESKTOP-P2DUL42,Loma,1,CW_1_01,1,paul di,2024.0718.155524,V20260126.2,CW_DTCL_DTCR_STC,T20260321155349,51.8685892,TRUE,TRUE,TRUE,TRUE,TRUE,TRUE,TRUE,4S2RND2HBL0DP6,v1.0.1,2025_12_22,315.1739,317.6667,475.5489,298,295.6528,149.1667,149.44,338.0667,335.9664,485.5302,-5.1436,-1.814,-0.0001,0,-0.2215,1.5549,-0.222,1.547,0.6646,156.8604,154.0557,153.8242,156.4492,155.2974,0.8748,0.7798,0.8779,0.7867,0.7798,0.8322,0.7431,0.8187,0.7584,0.7431,0.8216,0.8161,0.8088,0.8218,0.732,0.7324,0.7602,0.7595,0.732,0.8341,0.7808,0.7915,0.98,0.7808,0.8413,0.7675,0.7571,0.8342,0.8022,0.6971,0.8374,0.8446,0.6971,0,0,0,0,0,v1.0.1,2025_12_22,315.2086,317.6331,476.7353,297.8897,295.3878,147.8571,148.3221,338.1946,336.0336,486.4698,-5.1625,-1.8911,-0.0001,0,-0.2211,1.5541,-0.2221,1.5476,0.6646,164.0342,158.5283,167.5918,166.2256,164.095,0.7053,0.6762,0.7078,0.679,0.6762,0.6687,0.6428,0.6762,0.6465,0.6428,0.6592,0.6617,0.6468,0.6503,0.6194,0.6442,0.6193,0.6514,0.6193,0.6816,0.642,0.6643,0.158,0.158,0.6445,0.6453,0.6396,0.6636,0.652,0.6176,0.6535,0.6913,0.6176,0,0,0,0,0,v1.0.1,2025_12_22,317.233,329,442.1161,313.9375,302.627,197.0079,188.5583,343.4167,332,457,-2.9931,8.5724,0,0.0001,-0.2195,1.5601,-0.2111,1.5554,0.6712,177.209,176.8008,176.9883,178.2432,177.3103,0.805,0.6416,0.817,0.6327,0.6327,0.7762,0.6288,0.7752,0.6296,0.6288,0.7742,0.7712,0.7648,0.7462,0.7462,0.7536,0.6604,0.7303,0,0.6604,0,0,0,0,0,v1.0.1,2025_12_22,317.2885,329,442.8727,313.8182,302.5433,196.1181,187.582,343.5656,332.0442,457.708,-3.0339,8.542,0,0.0001,-0.2198,1.5598,-0.2113,1.5561,0.6712,148.9766,144.4023,145.9629,146.915,146.5642,0.6726,0.5625,0.6749,0.5598,0.5598,0.6454,0.5612,0.6388,0.5641,0.5612,0.6326,0.6387,0.6521,0.6322,0.6322,0.5841,0.5418,0.5795,0.4128,0.4128,0,0,0,0,0,0.0063,-0.0939,0.0012,-0.0876,-0.0887,0.0155,-0.0773,0.0007,-0.074,-0.0736,-0.0065,0.0051,-0.0076,0.0047,-0.0745,-0.0805,-0.0301,-0.0746,-0.0072,-0.0104,0.0012,-0.0405,-0.0062,-0.0384,-0.0279,-0.0186,-0.0288,0.0103,-0.0425,-0.0231,-0.0055,0.0014,-0.017,-0.0094,-0.0361,-0.0219,-0.0084,0.0026,-0.0009,-0.0035,-0.0002,-0.1843,-0.001,-0.1858,-0.1725,0.0029,-0.145,0.0015,-0.1535,-0.1445,0.007,-0.0062,0.0168,0.0077,-0.0006,0.0066,0.0147,-0.1129,0.0012,-0.1138,-0.0981,0.0023,-0.0804,-0.0059,-0.0806,-0.0804,0.0008,-0.0087,0.0205,0.0045,0.0045,-0.0187,-0.0071,TRUE,TRUE
DTC_R_75,LanSi,1,CW_01,C,2026-03-21 15:54:33+08:00,ONLINE,FALSE,,CW_1_01,PASS,,,51.4035108,_2026032115543373101,T20260321155433,DESKTOP-P2DUL42,Loma,1,CW_1_01,1,paul di,2024.0718.155524,V20260126.2,CW_DTCL_DTCR_STC,T20260321155525,51.4035108,TRUE,TRUE,TRUE,TRUE,TRUE,TRUE,TRUE,4S2RND2HBL0DP6,v1.0.1,2025_12_22,315.0217,316.0435,475.2593,296.2815,295.2708,147.6597,149.277,336.1892,335.8784,484.6284,-5.3586,-3.3396,-0.0001,0,-0.2222,1.5535,-0.2204,1.5472,0.6645,156.1631,152.9854,153.1475,156.0078,154.5759,0.8725,0.7584,0.8643,0.7831,0.7584,0.8204,0.7529,0.8098,0.7762,0.7529,0.8236,0.8244,0.7952,0.8153,0.733,0.7078,0.7846,0.7748,0.7078,0.8476,0.7937,0.7976,0.98,0.7937,0.8481,0.7836,0.7591,0.8323,0.7878,0.7183,0.8246,0.8528,0.7183,0,0,0,0,0,v1.0.1,2025_12_22,315.0429,316.1071,476.2993,296.146,295.0811,146.7162,148.0884,336.3265,335.9669,485.6159,-5.4043,-3.3176,-0.0001,0,-0.2226,1.553,-0.22,1.5475,0.6644,163.0908,157.2617,166.0361,165.6123,163.0002,0.7096,0.6476,0.7114,0.6722,0.6476,0.6796,0.643,0.6566,0.6475,0.643,0.6489,0.6551,0.6527,0.6572,0.6307,0.6314,0.6198,0.6476,0.6198,0.6848,0.6731,0.6471,0.1637,0.1637,0.6587,0.6628,0.6375,0.6743,0.6579,0.6352,0.6373,0.6671,0.6352,0,0,0,0,0,v1.0.1,2025_12_22,317,327.5,441.7739,312.4609,302.5,195.9048,188.5,341.5738,331.9561,455.9737,-3.154,7.1826,0,0.0001,-0.2194,1.5605,-0.2086,1.5544,0.6717,176.3975,175.5479,175.9951,177.582,176.3806,0.8144,0.5874,0.8211,0.645,0.5874,0.77,0.6445,0.7769,0.6752,0.6445,0.7675,0.7786,0.7558,0.7475,0.7475,0.7603,0.6693,0.7335,0,0.6693,0,0,0,0,0,v1.0.1,2025_12_22,317,327.6038,442.5702,312.4298,302.3937,195.0394,187.5289,341.7107,331.9558,456.708,-3.2103,7.1983,0,0.0001,-0.2197,1.5605,-0.208,1.555,0.6719,148.292,142.9336,144.7109,146.1709,145.5269,0.6628,0.5323,0.6755,0.581,0.5323,0.6506,0.5748,0.641,0.5712,0.5712,0.6201,0.624,0.6342,0.6401,0.6201,0.5932,0.5371,0.5732,0.436,0.436,0,0,0,0,0,0.004,-0.1153,-0.0124,-0.0912,-0.1101,0.0037,-0.0675,-0.0082,-0.0562,-0.0638,-0.0045,0.0134,-0.0212,-0.0018,-0.0735,-0.1051,-0.0057,-0.0593,0.0063,-0.0043,0.0055,-0.0691,-0.0026,-0.0452,-0.0565,-0.0077,-0.0286,-0.0093,-0.0415,-0.0229,-0.0158,-0.0052,-0.0111,-0.0025,-0.0248,-0.0347,-0.0079,-0.0012,0.0023,-0.0207,0.0092,-0.2385,0.0031,-0.1735,-0.2178,-0.0033,-0.1293,0.0032,-0.1079,-0.1288,0.0003,0.0012,0.0078,0.009,0.0061,0.0098,0.0049,-0.1431,0.0018,-0.0926,-0.1256,0.0075,-0.0668,-0.0037,-0.0735,-0.0704,-0.0117,-0.0234,0.0026,0.0124,-0.0076,-0.0096,-0.0134,TRUE,TRUE
DTC_L_75,LanSi,1,CW_01,C,2026-03-21 15:54:33+08:00,ONLINE,FALSE,,CW_1_01,PASS,,,51.268872,_2026032115543387102,T20260321155433,DESKTOP-P2DUL42,Loma,1,CW_1_01,2,paul di,2024.0718.155524,V20260126.2,CW_DTCL_DTCR_STC,T20260321155525,51.268872,TRUE,TRUE,TRUE,TRUE,TRUE,TRUE,TRUE,4S2RND2HBL06DS,v1.0.1,2025_12_22,314.0882,323.5,474.2815,303.1556,294.9073,152.404,148.1467,343.24,333.2609,490.1087,-6.5631,2.9816,-0.0001,0,-0.2258,1.5586,-0.2179,1.5557,0.6677,156.5059,152.2725,150.1641,155.0625,153.5012,0.8241,0.7948,0.8395,0.7877,0.7877,0.7753,0.7359,0.7959,0.7465,0.7359,0.8206,0.8115,0.8158,0.772,0.7381,0.699,0.7741,0.7128,0.699,0.8109,0.98,0.8171,0.8319,0.8109,0.8489,0.7855,0.7759,0.8251,0.8056,0.7889,0.7828,0.7678,0.7678,0,0,0,0,0,v1.0.1,2025_12_22,314.1871,323.4604,475.3704,303.0444,294.9139,151.3974,147,343.396,333.3704,491.0444,-6.5317,2.9685,-0.0001,0,-0.2255,1.5587,-0.2182,1.5563,0.6678,162.8066,158.623,164.6152,163.3779,162.3557,0.6808,0.6619,0.6938,0.6916,0.6619,0.6642,0.6433,0.6456,0.655,0.6433,0.6606,0.6525,0.6475,0.6359,0.6256,0.6237,0.6351,0.6298,0.6237,0.6882,0.4214,0.673,0.6835,0.4214,0.6705,0.6679,0.6489,0.6903,0.6871,0.6808,0.6612,0.635,0.635,0,0,0,0,0,v1.0.1,2025_12_22,312.6972,315.6239,437.6435,301.6087,298.8512,184.9008,184.395,330.395,326.7009,446.2821,-7.4424,-3.7379,-0.0001,0,-0.2112,1.5648,-0.2141,1.5635,0.6757,176.1621,175.2217,173.1729,174.873,174.8574,0.7878,0.6708,0.8106,0.6754,0.6708,0.7486,0.6414,0.7621,0.6807,0.6414,0.7762,0.7716,0.7587,0.6987,0.6987,0.726,0,0.7308,0.7201,0.7201,0,0,0,0,0,v1.0.1,2025_12_22,312.713,315.6759,438.5221,301.5487,298.6475,184.082,183.4628,330.4628,326.7797,447.1525,-7.475,-3.7156,-0.0001,0,-0.2113,1.5638,-0.2134,1.5637,0.6757,149.0566,144.3477,143.7549,146.7061,145.9663,0.6576,0.5819,0.6756,0.5981,0.5819,0.6212,0.5487,0.6296,0.5855,0.5487,0.6405,0.6203,0.642,0.6198,0.6198,0.5886,0.5294,0.553,0.5587,0.5294,0,0,0,0,0,-0.0099,-0.0647,-0.0119,-0.0456,-0.0456,-0.017,-0.0974,-0.0047,-0.0514,-0.0564,-0.0027,-0.0074,0.0162,0.008,-0.0889,-0.1211,-0.0348,-0.0267,-0.007,-0.0171,-0.0066,-0.0589,-0.0029,-0.0208,-0.0255,-0.0072,-0.0316,-0.0159,-0.009,-0.0182,0.0054,-0.0078,-0.0125,-0.006,-0.0389,-0.0371,-0.0259,-0.0011,0.0048,-0.0026,-0.0042,-0.1599,0.0155,-0.1425,-0.1212,0.0001,-0.1537,-0.0024,-0.07,-0.1071,-0.0047,0.0073,0.0005,0.0026,-0.0071,-0.0076,0.0029,-0.0966,0.0054,-0.0827,-0.0728,-0.0177,-0.1072,-0.0011,-0.0663,-0.082,0.0066,-0.0038,0.0045,0.0122,0.0122,-0.0067,-0.0389,TRUE,TRUE
DTC_L_76,LanSi,1,CW_01,A,2026-03-21 15:56:09+08:00,ONLINE,FALSE,,CW_1_01,PASS,,,51.7748942,_2026032115560935802,T20260321155609,DESKTOP-P2DUL42,Loma,1,CW_1_01,2,paul di,2024.0718.155524,V20260126.2,CW_DTCL_DTCR_STC,T20260321155701,51.7748942,TRUE,TRUE,TRUE,TRUE,TRUE,TRUE,TRUE,4S2RND2HBL06DS,v1.0.1,2025_12_22,315.4511,322,475.8913,301.0797,296.604,150.4564,150.0414,341.7517,334.708,488,-4.9608,1.1576,0,0,-0.2291,1.5609,-0.2183,1.5548,0.667,154.8203,142.2148,148.8223,154.0137,149.9678,0.8315,0.8111,0.8541,0.7996,0.7996,0.7904,0.7568,0.7978,0.7345,0.7345,0.8132,0.8103,0.8091,0.7418,0.7239,0.7363,0.7433,0.6682,0.6682,0.8276,0.98,0.809,0.7886,0.7886,0.8382,0.7287,0.713,0.8507,0.8181,0.7638,0.7719,0.7516,0.713,0,0,0,0,0,v1.0.1,2025_12_22,315.292,322,476.9787,301.0638,296.4,149.42,148.966,341.9184,334.9137,489.1223,-4.9899,1.2049,0,0,-0.2283,1.5612,-0.2187,1.5534,0.6669,162.1934,151.1436,163.5986,163.0234,159.9897,0.6787,0.6861,0.6992,0.6969,0.6787,0.6682,0.6341,0.6621,0.6404,0.6341,0.6627,0.664,0.6723,0.6256,0.6119,0.6335,0.6195,0.5861,0.5861,0.6816,0.521,0.6646,0.6619,0.521,0.6548,0.6339,0.6126,0.6706,0.6639,0.6676,0.6643,0.6315,0.6126,0,0,0,0,0,v1.0.1,2025_12_22,313.9048,314.2762,439,299.8393,300.3902,182.9512,185.9262,328.918,327.9138,444.7759,-6.073,-5.3479,-0.0001,-0.0001,-0.2144,1.5677,-0.2134,1.5633,0.6758,176.2432,165.6406,173.1553,175.335,172.5935,0.7906,0.7056,0.8104,0.6853,0.6853,0.7473,0.655,0.7575,0.6429,0.6429,0.7657,0.7637,0.768,0.6431,0.6431,0.7231,0,0.7346,0.65,0.65,0,0,0,0,0,v1.0.1,2025_12_22,313.9048,314.2762,439.8739,299.7658,300.2167,182.2083,185,329,327.9474,445.5,-6.1115,-5.3499,-0.0001,-0.0001,-0.2142,1.567,-0.2132,1.5637,0.6758,148.8877,138.0527,142.6875,146.2695,143.9744,0.6667,0.592,0.6829,0.603,0.592,0.6278,0.5597,0.614,0.5784,0.5597,0.6285,0.6318,0.6576,0.5264,0.5264,0.5806,0.5222,0.5826,0.5464,0.5222,0,0,0,0,0,-0.0025,-0.0484,0.0027,-0.0337,-0.0337,-0.0019,-0.0765,-0.0028,-0.0634,-0.0578,-0.0101,-0.0086,0.0095,-0.0222,-0.1031,-0.0838,-0.0656,-0.0713,0.0097,-0.0252,-0.0087,-0.0347,0.0025,-0.0155,-0.0087,-0.0032,-0.0408,0.0006,-0.0236,-0.0274,0.0075,0.0037,0.0123,-0.0163,-0.0526,-0.0273,-0.0415,-0.0448,-0.0018,-0.011,-0.0014,-0.1251,0.0153,-0.1326,-0.1067,-0.0012,-0.1401,-0.007,-0.1078,-0.1056,-0.0152,-0.0006,0.0098,-0.053,-0.01,-0.0038,0.012,-0.0865,0.0127,-0.0778,-0.0627,-0.0111,-0.0962,-0.0167,-0.0734,-0.071,-0.0054,0.0077,0.0201,-0.0812,-0.0812,-0.0147,-0.0093,TRUE,TRUE
DTC_R_76,LanSi,1,CW_01,A,2026-03-21 15:56:09+08:00,ONLINE,FALSE,,CW_1_01,FAIL,SFR_VIS_25cm_Ny4_03F_ROI8_Dev,Dev,51.6751613,_2026032115560947601,T20260321155609,DESKTOP-P2DUL42,Loma,1,CW_1_01,1,paul di,2024.0718.155524,V20260126.2,CW_DTCL_DTCR_STC,T20260321155701,51.6751613,TRUE,TRUE,TRUE,TRUE,TRUE,TRUE,TRUE,4S2RND2HBL0DP6,v1.0.1,2025_12_22,315,316,474.8015,295.8235,295.1361,146.3265,149.3487,336.3224,335.4088,483.8686,-5.561,-3.8318,-0.0001,0,-0.2251,1.5537,-0.2216,1.5493,0.6641,156.4248,153.958,153.2451,156.1426,154.9426,0.8662,0.8152,0.8763,0.8131,0.8131,0.8136,0.7628,0.8274,0.7093,0.7093,0.8269,0.8002,0.8232,0.8034,0.7531,0.7535,0.7561,0.691,0.691,0.8382,0.8217,0.8092,0.98,0.8092,0.8583,0.7898,0.7912,0.8192,0.8097,0.8427,0.7424,0.8388,0.7424,0,0,0,0,0,v1.0.1,2025_12_22,315,316.0863,475.8467,295.8102,295.0403,145.3893,148.1854,336.4371,335.7324,484.7958,-5.539,-3.7963,-0.0001,0,-0.2249,1.5539,-0.2209,1.548,0.664,162.5342,156.1582,164.4668,165.0342,162.0483,0.7042,0.6772,0.7082,0.6898,0.6772,0.6782,0.6455,0.67,0.6142,0.6142,0.6603,0.6456,0.6512,0.6559,0.6289,0.6263,0.6111,0.5943,0.5943,0.6716,0.6659,0.6702,0.2887,0.2887,0.6647,0.6614,0.6607,0.6744,0.6486,0.6658,0.6617,0.6714,0.6486,0,0,0,0,0,v1.0.1,2025_12_22,317.0187,327.5514,441.4643,312.2589,302.3858,194.811,188.4113,341.9032,331.6783,455.8696,-3.3083,6.9788,0,0.0001,-0.2218,1.5605,-0.2106,1.5565,0.6712,177.251,177.1582,176.9668,178.1455,177.3804,0.8124,0.6934,0.8224,0.6895,0.6895,0.76,0.6526,0.7814,0.6076,0.6076,0.7626,0.7568,0.7557,0.7419,0.7419,0.7523,0.6827,0.7403,0,0.6827,0,0,0,0,0,v1.0.1,2025_12_22,317,327.6038,442.3153,312.2432,302.248,194.032,187.5565,342.0242,331.6842,456.6404,-3.3392,7.0087,0,0.0001,-0.2215,1.5603,-0.2104,1.557,0.6713,147.7432,141.9053,143.1885,145.6729,144.6274,0.6582,0.6028,0.6761,0.5982,0.5982,0.6347,0.5843,0.6533,0.5232,0.5232,0.6387,0.6281,0.6347,0.6207,0.6207,0.5994,0.5618,0.5927,0.4562,0.4562,0,0,0,0,0,-0.0023,-0.0585,-0.0004,-0.0612,-0.0554,-0.0031,-0.0576,0.0094,-0.1231,-0.1074,-0.0012,-0.0108,0.0068,-0.0137,-0.0534,-0.0594,-0.0342,-0.1431,-0.0031,0.0073,0.0001,-0.0395,-0.0058,-0.0276,-0.0269,-0.0091,-0.0261,0.0041,-0.0748,-0.0517,-0.0044,-0.0147,-0.0126,-0.0038,-0.0266,-0.0398,-0.0166,-0.0545,-0.0109,0.0024,0.0072,-0.1325,0.0044,-0.129,-0.1157,-0.0133,-0.1212,0.0077,-0.1755,-0.1657,-0.0046,-0.0206,0.0077,0.0034,-0.0019,0.0166,0.0003,-0.0726,0.0024,-0.0754,-0.0597,-0.0084,-0.0573,0.0086,-0.1215,-0.1184,0.0069,-0.0193,0.0031,-0.007,-0.007,-0.0034,0.0061,TRUE,TRUE
DTC_L_77,LanSi,1,CW_01,B,2026-03-21 15:57:49+08:00,ONLINE,FALSE,,CW_1_01,PASS,,,51.6265744,_2026032115574924902,T20260321155749,DESKTOP-P2DUL42,Loma,1,CW_1_01,2,paul di,2024.0718.155524,V20260126.2,CW_DTCL_DTCR_STC,T20260321155840,51.6265744,TRUE,TRUE,TRUE,TRUE,TRUE,TRUE,TRUE,4S2RND2HBL06DS,v1.0.1,2025_12_22,314.1691,322.2353,474.5,302,294.96,151.02,148.3893,341.9597,333.3235,489.0368,-6.4316,1.7504,-0.0001,0,-0.225,1.5586,-0.2179,1.5559,0.6679,156.1982,152.1885,150.2432,155.125,153.4387,0.8212,0.799,0.8523,0.7936,0.7936,0.7802,0.7623,0.7953,0.7605,0.7605,0.8086,0.8303,0.8038,0.7724,0.7552,0.7198,0.7806,0.6994,0.6994,0.8084,0.98,0.8327,0.8174,0.8084,0.8503,0.7494,0.7517,0.8314,0.8216,0.8105,0.798,0.7705,0.7494,0,0,0,0,0,v1.0.1,2025_12_22,314.2029,322.3188,475.6296,301.9556,294.9122,150.0473,147.2148,342.1007,333.5474,489.9927,-6.3986,1.783,-0.0001,0,-0.225,1.5588,-0.2174,1.5554,0.668,162.8525,158.293,164.2129,163.625,162.2458,0.6857,0.6849,0.6908,0.6904,0.6849,0.6606,0.6293,0.6707,0.6577,0.6293,0.6338,0.656,0.6486,0.635,0.6161,0.6267,0.6557,0.6126,0.6126,0.6623,0.437,0.6905,0.6837,0.437,0.6505,0.6513,0.6172,0.6767,0.6678,0.705,0.678,0.6335,0.6172,0,0,0,0,0,v1.0.1,2025_12_22,312.8667,314.6476,437.6842,300.6404,298.9492,183.7542,184.4113,329.0968,326.8632,445.2222,-7.3451,-4.8278,-0.0001,0,-0.2112,1.5644,-0.2115,1.5635,0.6763,176.0596,175.1709,173.2051,175.2949,174.9326,0.7915,0.695,0.8015,0.6834,0.6834,0.7521,0.6555,0.7452,0.6676,0.6555,0.7742,0.7763,0.7651,0.6975,0.6975,0.7201,0,0.7363,0.7243,0.7201,0,0,0,0,0,v1.0.1,2025_12_22,312.8667,314.6476,438.6174,300.4522,298.8264,182.8182,183.5667,329.325,326.9328,446.0504,-7.338,-4.8413,-0.0001,0,-0.2119,1.5642,-0.2125,1.5636,0.6759,149.3721,144.0781,143.417,146.7949,145.9155,0.6592,0.5927,0.6742,0.6057,0.5927,0.6403,0.5655,0.6178,0.5815,0.5655,0.6287,0.6185,0.6351,0.6238,0.6185,0.5937,0.5269,0.5833,0.5661,0.5269,0,0,0,0,0,-0.0128,-0.0605,0.0009,-0.0397,-0.0397,-0.0121,-0.071,-0.0053,-0.0374,-0.0318,-0.0147,0.0114,0.0042,0.0084,-0.0718,-0.1003,-0.0283,-0.0401,-0.0095,-0.0015,-0.0017,-0.0359,-0.0059,-0.022,-0.0025,-0.0108,-0.0456,0.0092,-0.0063,-0.0322,-0.0214,-0.0043,-0.0114,-0.0069,-0.0484,-0.0341,-0.0053,-0.0183,-0.0211,0.0149,-0.0005,-0.1357,0.0064,-0.1345,-0.1086,0.0036,-0.1396,-0.0193,-0.0831,-0.093,-0.0067,0.012,0.0069,0.0014,-0.013,-0.0021,0.0045,-0.0858,0.004,-0.0751,-0.062,0.0014,-0.0904,-0.0129,-0.0703,-0.0652,-0.0052,-0.0056,-0.0024,0.0162,0.0109,-0.0016,-0.0086,TRUE,TRUE
DTC_R_77,LanSi,1,CW_01,B,2026-03-21 15:57:49+08:00,ONLINE,FALSE,,CW_1_01,PASS,,,51.7632094,_2026032115574940401,T20260321155749,DESKTOP-P2DUL42,Loma,1,CW_1_01,1,paul di,2024.0718.155524,V20260126.2,CW_DTCL_DTCR_STC,T20260321155841,51.7632094,TRUE,TRUE,TRUE,TRUE,TRUE,TRUE,TRUE,4S2RND2HBL0DP6,v1.0.1,2025_12_22,315.2815,317.0593,475.6861,297.4526,295.6054,148.5442,149.5,337.4133,335.9669,485.6159,-5.092,-2.2829,-0.0001,0,-0.2211,1.554,-0.2216,1.5482,0.6649,155.8193,153.2559,153.0439,155.4912,154.4026,0.8735,0.7748,0.8827,0.7621,0.7621,0.8074,0.752,0.8243,0.771,0.752,0.8316,0.8291,0.8225,0.8008,0.7206,0.7262,0.8013,0.7761,0.7206,0.8482,0.7878,0.8074,0.382,0.382,0.8483,0.7528,0.7552,0.8247,0.7752,0.7126,0.8134,0.8543,0.7126,0,0,0,0,0,v1.0.1,2025_12_22,315.2086,317.0432,476.7591,297.1533,295.4122,147.5,148.396,337.4497,336.14,486.6933,-5.1168,-2.3321,-0.0001,0,-0.222,1.554,-0.2212,1.5475,0.6646,164.3535,159.0752,167.6279,166.9434,164.5,0.6971,0.6628,0.7097,0.6627,0.6627,0.6827,0.6276,0.6821,0.6505,0.6276,0.6551,0.6541,0.6514,0.6542,0.6242,0.6499,0.6253,0.648,0.6242,0.6804,0.659,0.6831,0.0942,0.0942,0.6407,0.6645,0.6459,0.676,0.6569,0.5674,0.6175,0.6756,0.5674,0,0,0,0,0,v1.0.1,2025_12_22,317.1509,328.4057,442.1351,313.4234,302.664,196.632,188.5372,342.5372,332,456.6786,-3.0025,8.0354,0,0.0001,-0.2188,1.5608,-0.2089,1.555,0.672,177.5283,177.5029,177.5312,178.5332,177.7739,0.8114,0.6255,0.814,0.6258,0.6255,0.777,0.6189,0.7706,0.6718,0.6189,0.7801,0.7651,0.7508,0.7509,0.7508,0.7456,0.6685,0.7305,0,0.6685,0,0,0,0,0,v1.0.1,2025_12_22,317.0857,328.4762,443,313.2752,302.5,195.9048,187.6583,342.725,332.0885,457.4602,-3.0335,8.0683,0,0.0001,-0.2196,1.5607,-0.2091,1.5545,0.6716,149.3203,143.9609,145.8164,146.9658,146.5159,0.6685,0.5422,0.678,0.5488,0.5422,0.6503,0.5538,0.6461,0.567,0.5538,0.6254,0.6369,0.6221,0.6437,0.6221,0.5801,0.5519,0.5688,0.37,0.37,0,0,0,0,0,0.005,-0.0989,0.006,-0.1122,-0.1064,-0.0093,-0.0684,0.0063,-0.0614,-0.0647,0.0035,0.0181,0.0061,-0.0163,-0.0859,-0.0867,0.011,-0.058,0.0069,0.0055,-0.007,-0.0539,-0.0043,-0.0547,-0.0414,-0.0046,-0.044,0.0162,-0.0385,-0.0383,-0.0096,-0.0062,-0.0124,-0.0055,-0.0313,-0.0162,-0.0024,-0.0008,-0.0021,0.0153,0.0062,-0.2004,-0.004,-0.1927,-0.1797,0.0037,-0.1549,-0.0031,-0.1113,-0.1544,0.0129,-0.0123,0.0028,0.0124,-0.0086,0.0068,0.0106,-0.1332,0.0043,-0.1248,-0.1157,0.0072,-0.0878,0.0014,-0.0777,-0.0878,-0.0064,-0.0105,-0.0095,0.016,-0.0056,-0.0227,-0.0178,TRUE,TRUE
DTC_R_78,LanSi,1,CW_01,C,2026-03-21 16:00:20+08:00,ONLINE,FALSE,,CW_1_01,PASS,,,51.8643063,_2026032116002098601,T20260321160020,DESKTOP-P2DUL42,Loma,1,CW_1_01,1,paul di,2024.0718.155524,V20260126.2,CW_DTCL_DTCR_STC,T20260321160112,51.8643063,TRUE,TRUE,TRUE,TRUE,TRUE,TRUE,TRUE,4S2RND2HBL0DP6,v1.0.1,2025_12_22,315.0657,315.8467,475.3235,296.0368,295.3061,147.5442,149.1959,335.8041,335.9669,485.3841,-5.3284,-3.3768,-0.0001,0,-0.2225,1.5534,-0.2192,1.5476,0.6648,155.623,153.5879,153.5195,155.3633,154.5234,0.8594,0.7707,0.8591,0.8085,0.7707,0.8246,0.7247,0.8157,0.7905,0.7247,0.8136,0.8166,0.8016,0.8306,0.7124,0.7295,0.8072,0.7806,0.7124,0.8327,0.7961,0.7862,0.98,0.7862,0.8495,0.7488,0.757,0.8114,0.7825,0.6971,0.831,0.8553,0.6971,0,0,0,0,0,v1.0.1,2025_12_22,315,315.9137,476.3037,295.9185,295.1419,146.4392,148,336,336,486.4145,-5.4109,-3.3628,-0.0001,0,-0.2228,1.5536,-0.2192,1.5477,0.6648,162.6768,155.3867,163.957,165.0059,161.7566,0.705,0.654,0.7132,0.6856,0.654,0.6706,0.6233,0.6739,0.6627,0.6233,0.6421,0.6422,0.6552,0.652,0.6149,0.6183,0.6332,0.6441,0.6149,0.6752,0.6625,0.6722,0.0636,0.0636,0.6586,0.642,0.6518,0.6799,0.6613,0.6189,0.6502,0.6552,0.6189,0,0,0,0,0,v1.0.1,2025_12_22,317.037,327.213,441.8636,312.0364,302.416,195.384,188.4622,341.3697,331.9478,456.1826,-3.1547,6.9371,0,0.0001,-0.2205,1.5598,-0.2091,1.5552,0.6713,177.8848,178.2764,178.2783,178.667,178.2766,0.815,0.6193,0.8142,0.6853,0.6193,0.765,0.6069,0.7648,0.6925,0.6069,0.7774,0.7734,0.7497,0.7496,0.7496,0.7485,0.6593,0.7396,0,0.6593,0,0,0,0,0,v1.0.1,2025_12_22,317.0849,327.3302,442.6422,312.0367,302.378,194.8268,187.5372,341.5372,332,457.1026,-3.1715,7.0667,0,0.0001,-0.2207,1.5597,-0.2087,1.5558,0.6715,147.9238,140.7598,142.7373,145.7393,144.29,0.6697,0.5464,0.6799,0.6014,0.5464,0.6441,0.536,0.6461,0.5782,0.536,0.6239,0.6374,0.644,0.6266,0.6239,0.5862,0.5542,0.593,0.3784,0.3784,0,0,0,0,0,-0.0091,-0.103,-0.0176,-0.0658,-0.0978,0.0079,-0.0957,-0.0023,-0.0419,-0.092,-0.0145,0.0056,-0.0148,0.0135,-0.0941,-0.0834,0.0169,-0.0535,-0.0086,-0.0157,0.0009,-0.0627,-0.0008,-0.0318,-0.0501,-0.0167,-0.0483,0.008,-0.0263,-0.0426,-0.0226,-0.0181,-0.0086,-0.0077,-0.0406,-0.0478,0.0055,-0.0047,-0.0073,0.0044,0.0098,-0.2066,-0.0038,-0.1332,-0.1859,-0.0083,-0.1669,-0.0089,-0.0906,-0.1664,0.0102,-0.004,0.0017,0.0111,-0.0057,0.0159,0.0118,-0.129,0.0062,-0.0722,-0.1115,0.001,-0.1056,0.0014,-0.0665,-0.1056,-0.0079,-0.01,0.0124,-0.0011,-0.0038,-0.0166,0.0064,TRUE,TRUE
DTC_L_78,LanSi,1,CW_01,C,2026-03-21 16:00:21+08:00,ONLINE,FALSE,,CW_1_01,PASS,,,51.7047325,_2026032116002116402,T20260321160021,DESKTOP-P2DUL42,Loma,1,CW_1_01,2,paul di,2024.0718.155524,V20260126.2,CW_DTCL_DTCR_STC,T20260321160112,51.7047325,TRUE,TRUE,TRUE,TRUE,TRUE,TRUE,TRUE,4S2RND2HBL06DS,v1.0.1,2025_12_22,315.3507,320.9104,475.8897,299.8309,296.5298,149.4106,150,340.5,334.5821,486.9627,-5.0295,0.0229,-0.0001,0,-0.23,1.561,-0.2174,1.555,0.6671,154.9512,150.167,147.4443,153.3359,151.4746,0.8235,0.8123,0.8394,0.8034,0.8034,0.7937,0.7643,0.793,0.7476,0.7476,0.8247,0.8115,0.7993,0.7568,0.7258,0.717,0.7357,0.7015,0.7015,0.8289,0.98,0.8132,0.7808,0.7808,0.8386,0.7635,0.7039,0.8192,0.8272,0.784,0.7679,0.7767,0.7039,0,0,0,0,0,v1.0.1,2025_12_22,315.292,321,476.8905,299.781,296.4276,148.4737,148.898,340.6803,334.708,488,-5.0568,0.087,-0.0001,0,-0.23,1.5614,-0.2172,1.5545,0.6672,162.8154,157.9355,163.4414,163.3936,161.8965,0.6899,0.6936,0.7042,0.6954,0.6899,0.6666,0.6249,0.6526,0.6546,0.6249,0.6536,0.6445,0.6583,0.6317,0.6103,0.6297,0.641,0.6212,0.6103,0.6811,0.4234,0.6827,0.6548,0.4234,0.6465,0.6076,0.5871,0.6888,0.6824,0.6552,0.6737,0.6429,0.5871,0,0,0,0,0,v1.0.1,2025_12_22,313.9151,313.3302,439.2035,298.6195,300.3984,182,185.6975,327.7563,328,443.6522,-6.0571,-6.4284,-0.0001,-0.0001,-0.2164,1.5677,-0.2115,1.5626,0.6756,174.8252,173.2979,170.3906,173.2959,172.9524,0.7978,0.6966,0.8071,0.6797,0.6797,0.7519,0.6364,0.7626,0.6615,0.6364,0.7671,0.7583,0.765,0.6923,0.6923,0.7222,0,0.7142,0.6485,0.6485,0,0,0,0,0,v1.0.1,2025_12_22,313.9151,313.3302,439.8496,298.531,300.3279,181.3115,184.9496,327.8655,328,444.5,-6.0916,-6.3924,-0.0001,-0.0001,-0.2165,1.5677,-0.2117,1.5633,0.6757,149.2002,143.8643,142.4229,146.4648,145.488,0.6604,0.5997,0.6723,0.6064,0.5997,0.6305,0.5512,0.626,0.5904,0.5512,0.6344,0.6392,0.6335,0.6137,0.6137,0.5909,0.485,0.5831,0.5215,0.485,0,0,0,0,0,-0.0105,-0.0472,-0.012,-0.0299,-0.0299,0.0014,-0.069,-0.0076,-0.0503,-0.0447,0.0014,-0.0074,-0.0003,-0.0072,-0.1012,-0.1031,-0.0732,-0.038,0.011,-0.021,0.0025,-0.0272,0.0075,-0.017,0.0025,-0.0048,-0.05,-0.0089,-0.0094,-0.0366,-0.0016,-0.0158,-0.0017,-0.0102,-0.0542,-0.0311,-0.02,-0.0097,-0.0023,0.0071,0.0058,-0.1341,0.012,-0.1382,-0.1123,0.0034,-0.1587,-0.0019,-0.0892,-0.1121,-0.0138,-0.006,0.0068,-0.0038,-0.0109,-0.0242,0.0057,-0.0788,0.0021,-0.0744,-0.055,-0.0084,-0.1047,-0.0047,-0.0614,-0.0795,0.0005,0.0151,-0.004,0.0061,0.0061,-0.0044,-0.0088,TRUE,TRUE
DTC_R_79,LanSi,1,CW_01,A,2026-03-21 16:02:03+08:00,ONLINE,FALSE,,CW_1_01,PASS,,,51.978042,_2026032116020387701,T20260321160203,DESKTOP-P2DUL42,Loma,1,CW_1_01,1,paul di,2024.0718.155524,V20260126.2,CW_DTCL_DTCR_STC,T20260321160255,51.978042,TRUE,TRUE,TRUE,TRUE,TRUE,TRUE,TRUE,4S2RND2HBL0DP6,v1.0.1,2025_12_22,315.1333,316.1259,475.3,296.3692,295.2448,147.6993,149.2345,336.0828,335.9801,485.457,-5.3215,-3.1532,-0.0001,0,-0.2222,1.5527,-0.2192,1.5478,0.6648,156.6309,153.8496,153.9727,156.1562,155.1523,0.863,0.8094,0.869,0.8205,0.8094,0.8219,0.7366,0.818,0.7998,0.7366,0.8222,0.8048,0.7987,0.8238,0.7186,0.7033,0.798,0.7963,0.7033,0.8419,0.8173,0.8,0.4017,0.4017,0.8331,0.7834,0.7722,0.8238,0.793,0.69,0.8305,0.8544,0.69,0,0,0,0,0,v1.0.1,2025_12_22,315.0942,316.1014,476.3684,296.1353,295.137,146.7808,148.0764,336.1875,335.9801,486.457,-5.3688,-3.1676,-0.0001,0,-0.2227,1.553,-0.2192,1.5483,0.6649,162.9238,156.6885,165.4395,165.4961,162.637,0.704,0.6923,0.7095,0.6901,0.6901,0.674,0.6392,0.6752,0.6588,0.6392,0.6609,0.6507,0.6622,0.6648,0.6236,0.6201,0.6238,0.6546,0.6201,0.6717,0.6894,0.6726,0.1505,0.1505,0.6368,0.6596,0.6527,0.6744,0.6691,0.5391,0.6409,0.6706,0.5391,0,0,0,0,0,v1.0.1,2025_12_22,317.1714,327.2476,441.9908,312.2018,302.536,195.832,188.5,341.5,332,456.5,-3.0603,7.1563,0,0.0001,-0.2194,1.5594,-0.2098,1.5561,0.6715,177.3906,177.3008,177.7881,178.4014,177.7202,0.8147,0.627,0.8147,0.6879,0.627,0.7723,0.5989,0.7867,0.7076,0.5989,0.779,0.7641,0.7543,0.7622,0.7543,0.7526,0.6591,0.7321,0,0.6591,0,0,0,0,0,v1.0.1,2025_12_22,317.0673,327.4712,442.789,312.211,302.464,195.032,187.5378,341.6303,332.0783,457.2783,-3.1127,7.2245,0,0.0001,-0.2203,1.5605,-0.2084,1.5552,0.6717,148.2363,141.8242,144.0596,146.0908,145.0527,0.6624,0.5575,0.6736,0.6063,0.5575,0.6397,0.5421,0.6486,0.5922,0.5421,0.6453,0.6418,0.6436,0.6255,0.6255,0.5949,0.535,0.5669,0.2183,0.2183,0,0,0,0,0,-0.0055,-0.0643,-0.0077,-0.0538,-0.0591,0.0052,-0.0838,0,-0.0326,-0.0801,-0.0059,-0.0062,-0.0177,0.0067,-0.0879,-0.1096,0.0077,-0.0378,0.0006,-0.0019,-0.0001,-0.0244,-0.0045,-0.0273,-0.014,-0.0133,-0.0324,0.0093,-0.0302,-0.0267,-0.0038,-0.0096,-0.0016,0.0051,-0.0319,-0.046,-0.0039,0.0058,-0.0108,0.0048,0.0095,-0.1989,-0.0033,-0.1306,-0.1782,-0.001,-0.1749,0.013,-0.0755,-0.1744,0.0118,-0.0133,0.0063,0.0237,-0.0016,0.0084,0.0045,-0.1179,-0.0001,-0.0673,-0.1004,-0.0034,-0.0995,0.0039,-0.0525,-0.0995,0.0135,-0.0056,0.012,-0.0022,-0.0022,-0.0079,-0.0197,TRUE,TRUE
DTC_L_79,LanSi,1,CW_01,A,2026-03-21 16:02:03+08:00,ONLINE,FALSE,,CW_1_01,PASS,,,52.2463242,_2026032116020389702,T20260321160203,DESKTOP-P2DUL42,Loma,1,CW_1_01,2,paul di,2024.0718.155524,V20260126.2,CW_DTCL_DTCR_STC,T20260321160256,52.2463242,TRUE,TRUE,TRUE,TRUE,TRUE,TRUE,TRUE,4S2RND2HBL06DS,v1.0.1,2025_12_22,315.2388,322.1791,475.7353,301.6691,296.3826,151.3758,149.9583,342.0208,334.5489,488,-5.1272,1.549,-0.0001,0,-0.2266,1.5603,-0.219,1.5544,0.6673,154.6748,150.8232,149.123,153.8311,152.113,0.8234,0.8061,0.8486,0.8023,0.8023,0.7863,0.7626,0.7765,0.7414,0.7414,0.8059,0.8076,0.8143,0.7576,0.732,0.7139,0.7497,0.7088,0.7088,0.8095,0.98,0.8039,0.7631,0.7631,0.8581,0.764,0.7374,0.838,0.8159,0.7859,0.7755,0.7905,0.7374,0,0,0,0,0,v1.0.1,2025_12_22,315.2536,322.3551,476.773,301.5461,296.2,150.3733,148.7,342.2533,334.7464,488.971,-5.1654,1.5998,-0.0001,0,-0.2276,1.5599,-0.2184,1.5538,0.6669,163.0117,158.7383,164.4062,163.8809,162.5093,0.6922,0.6862,0.7017,0.6987,0.6862,0.6537,0.6372,0.6605,0.6457,0.6372,0.6578,0.6689,0.6548,0.6271,0.6086,0.6262,0.6335,0.6178,0.6086,0.6767,0.4143,0.6937,0.6614,0.4143,0.6597,0.6562,0.6104,0.6706,0.6735,0.6661,0.6601,0.634,0.6104,0,0,0,0,0,v1.0.1,2025_12_22,313.9038,314.6058,438.9459,300.2613,300.3089,183.8943,185.6612,329.2231,327.9217,444.7217,-6.1517,-4.9588,-0.0001,0,-0.2137,1.5666,-0.213,1.563,0.6757,176.4834,175.5703,173.5928,175.6465,175.3232,0.7918,0.7081,0.8089,0.7048,0.7048,0.7461,0.6611,0.7579,0.66,0.66,0.7633,0.7688,0.7666,0.6856,0.6856,0.7318,0,0.7281,0.6584,0.6584,0,0,0,0,0,v1.0.1,2025_12_22,313.8667,314.6476,439.6903,300.1239,300.1681,183.0504,184.7815,329.3361,327.9474,445.5,-6.2092,-4.9684,-0.0001,0,-0.2144,1.5666,-0.2128,1.5631,0.6756,149.4219,144.4775,143.3623,146.9756,146.0593,0.6555,0.5963,0.6657,0.6116,0.5963,0.6263,0.5575,0.6189,0.5789,0.5575,0.6297,0.632,0.6372,0.5992,0.5992,0.5641,0.5076,0.5891,0.5478,0.5076,0,0,0,0,0,-0.0106,-0.0534,-0.0028,-0.031,-0.031,-0.006,-0.0707,-0.0241,-0.0565,-0.0509,-0.0174,-0.0113,0.0147,-0.0064,-0.095,-0.1062,-0.0592,-0.0307,-0.0084,-0.0303,0.0048,-0.0346,0.005,-0.0137,-0.0012,-0.0177,-0.0377,-0.001,-0.0183,-0.0243,0.0026,0.0086,-0.0052,-0.0148,-0.0559,-0.0346,-0.0275,-0.0131,-0.0067,0.0181,-0.0002,-0.1226,0.0138,-0.1131,-0.0872,-0.0024,-0.134,-0.0066,-0.0907,-0.0885,-0.0176,0.0045,0.0084,-0.0105,-0.0013,-0.0103,0.0008,-0.0822,-0.0045,-0.0692,-0.0584,-0.0126,-0.0984,-0.0118,-0.0729,-0.0732,-0.0042,0.0079,-0.0003,-0.0084,-0.0084,-0.0312,-0.0028,TRUE,TRUE
DTC_R_80,LanSi,1,CW_01,B,2026-03-21 16:03:43+08:00,ONLINE,FALSE,,CW_1_01,PASS,,,51.609516,_2026032116034315601,T20260321160343,DESKTOP-P2DUL42,Loma,1,CW_1_01,1,paul di,2024.0718.155524,V20260126.2,CW_DTCL_DTCR_STC,T20260321160434,51.609516,TRUE,TRUE,TRUE,TRUE,TRUE,TRUE,TRUE,4S2RND2HBL0DP6,v1.0.1,2025_12_22,315.0292,316.7664,474.8261,296.6667,295.1497,147.1701,149.4211,337.2105,335.5,484.507,-5.5148,-3.0359,-0.0001,0,-0.2246,1.5536,-0.2223,1.5488,0.6639,156.1885,153.2188,153.1162,156.1895,154.6782,0.8723,0.8451,0.8668,0.83,0.83,0.8106,0.7552,0.8124,0.7624,0.7552,0.8109,0.8199,0.8127,0.8107,0.7695,0.7394,0.743,0.7033,0.7033,0.859,0.806,0.8111,0.98,0.806,0.8477,0.7882,0.7716,0.8289,0.811,0.8193,0.7236,0.8566,0.7236,0,0,0,0,0,v1.0.1,2025_12_22,315,316.8239,475.8978,296.4526,295.1233,146.1301,148.2933,337.2867,335.7203,485.5245,-5.4931,-3.0564,-0.0001,0,-0.2254,1.5544,-0.2216,1.5481,0.6638,163.8623,158.0371,167.1592,166.4004,163.8647,0.7064,0.6922,0.7175,0.6931,0.6922,0.6764,0.6443,0.6711,0.6539,0.6443,0.6662,0.6482,0.6468,0.6573,0.6485,0.647,0.592,0.6069,0.592,0.6806,0.6642,0.6665,0.2729,0.2729,0.6576,0.6545,0.6583,0.6655,0.6508,0.6416,0.6285,0.6884,0.6285,0,0,0,0,0,v1.0.1,2025_12_22,317.0374,328.3551,441.531,312.8496,302.5,195.3984,188.6033,342.6116,331.6667,456.5702,-3.2323,7.657,0,0.0001,-0.2234,1.5614,-0.21,1.5567,0.6712,177.0703,176.0938,176.6709,178.1533,176.9971,0.8018,0.7237,0.8163,0.7023,0.7023,0.7599,0.6526,0.7795,0.6445,0.6445,0.772,0.7625,0.7572,0.75,0.75,0.7517,0.6867,0.7327,0,0.6867,0,0,0,0,0,v1.0.1,2025_12_22,317,328.3962,442.3805,312.7965,302.3413,194.7937,187.6116,342.7025,331.7321,457.4464,-3.2869,7.727,0,0.0001,-0.2233,1.561,-0.2096,1.5566,0.6712,149.0752,143.6826,145.7314,146.6455,146.2837,0.6603,0.6105,0.6725,0.6033,0.6033,0.648,0.5799,0.6525,0.5627,0.5627,0.6347,0.6397,0.6433,0.6238,0.6238,0.6052,0.5461,0.6007,0.4516,0.4516,0,0,0,0,0,0.0038,-0.0286,-0.0099,-0.0443,-0.0385,-0.0061,-0.0652,-0.0056,-0.07,-0.0615,-0.0172,0.0089,-0.0037,-0.0064,-0.037,-0.0735,-0.0473,-0.1308,0.0177,0.0092,0.0023,-0.0245,0.0035,-0.0243,-0.0119,-0.0109,-0.0273,0.0052,-0.0351,-0.0216,0.0015,-0.0121,-0.017,-0.0024,-0.007,-0.0191,-0.0357,-0.0419,-0.0019,-0.0013,-0.0034,-0.1022,-0.0017,-0.1162,-0.1029,-0.0134,-0.1212,0.0058,-0.1386,-0.1288,0.0048,-0.0149,0.0092,0.0115,-0.0025,0.009,0.0024,-0.0649,-0.0012,-0.0703,-0.0546,0.0049,-0.0617,0.0078,-0.082,-0.0789,0.0029,-0.0077,0.0117,-0.0039,-0.0039,0.0024,0.0141,TRUE,TRUE
DTC_L_80,LanSi,1,CW_01,B,2026-03-21 16:03:43+08:00,ONLINE,FALSE,,CW_1_01,PASS,,,51.9336491,_2026032116034309002,T20260321160343,DESKTOP-P2DUL42,Loma,1,CW_1_01,2,paul di,2024.0718.155524,V20260126.2,CW_DTCL_DTCR_STC,T20260321160435,51.9336491,TRUE,TRUE,TRUE,TRUE,TRUE,TRUE,TRUE,4S2RND2HBL06DS,v1.0.1,2025_12_22,315.2612,322.8955,475.4701,302.2612,296.3893,152.3356,149.7067,342.7133,334.4307,488.6861,-5.2484,2.2784,-0.0001,0,-0.2276,1.5601,-0.2186,1.5552,0.6673,155.0127,151.0947,149.1104,154.3096,152.3818,0.8224,0.7971,0.8385,0.798,0.7971,0.7822,0.7524,0.8009,0.7435,0.7435,0.8086,0.8067,0.8083,0.7629,0.7292,0.7176,0.7489,0.6854,0.6854,0.8068,0.98,0.8145,0.7904,0.7904,0.8487,0.8028,0.7539,0.8222,0.8162,0.7762,0.7643,0.7721,0.7539,0,0,0,0,0,v1.0.1,2025_12_22,315.1439,322.9281,476.6296,302.0815,296.2148,151.3289,148.6242,342.8926,334.6642,489.708,-5.2447,2.2878,-0.0001,0,-0.2279,1.5604,-0.2188,1.5538,0.6669,162.04,158.4443,163.9727,163.1621,161.9048,0.6769,0.6811,0.6879,0.6962,0.6769,0.6528,0.6368,0.662,0.6342,0.6342,0.6559,0.6586,0.6552,0.6312,0.6254,0.608,0.637,0.5952,0.5952,0.6629,0.4189,0.685,0.6652,0.4189,0.645,0.6569,0.6237,0.6874,0.6637,0.6706,0.6701,0.6238,0.6237,0,0,0,0,0,v1.0.1,2025_12_22,313.8558,315.2981,438.7117,300.8468,300.359,184.5128,185.6364,329.8595,327.819,445.3362,-6.2236,-4.3293,-0.0001,0,-0.2147,1.5674,-0.2126,1.5633,0.6759,176.2529,175.5898,173.4336,175.4336,175.1775,0.7928,0.7015,0.7932,0.6948,0.6948,0.7393,0.6547,0.7569,0.644,0.644,0.7736,0.7787,0.7632,0.704,0.704,0.7183,0,0.7012,0.6587,0.6587,0,0,0,0,0,v1.0.1,2025_12_22,313.8077,315.2115,439.5,300.6379,300.1765,183.8235,184.7458,329.8983,327.9569,446.1293,-6.2626,-4.3599,-0.0001,0,-0.2149,1.5669,-0.2128,1.5626,0.6755,148.791,144.334,143.1484,146.3271,145.6501,0.6597,0.5985,0.661,0.6166,0.5985,0.6208,0.5596,0.6291,0.5624,0.5596,0.6245,0.6428,0.6481,0.6049,0.6049,0.5943,0.5059,0.5776,0.5387,0.5059,0,0,0,0,0,-0.0116,-0.0624,-0.0129,-0.0353,-0.0362,-0.0101,-0.0809,0.0003,-0.0544,-0.0488,-0.0147,-0.0122,0.0087,-0.0011,-0.0978,-0.1025,-0.06,-0.0541,-0.0111,-0.0197,-0.0105,-0.0397,-0.0088,-0.0162,-0.0105,-0.0186,-0.0381,0.0005,-0.0298,-0.0273,0.0007,-0.0017,-0.0048,-0.0107,-0.0391,-0.0528,-0.024,-0.0357,-0.0205,0.0094,0.0008,-0.1292,-0.0019,-0.1231,-0.0972,-0.0092,-0.1404,-0.0076,-0.1067,-0.1045,-0.0073,0.0144,0.005,0.0079,-0.0148,-0.0372,0.005,-0.08,-0.0092,-0.0642,-0.0562,-0.0181,-0.0963,-0.0016,-0.0894,-0.0711,-0.0094,0.0187,0.0106,-0.0027,-0.0027,-0.001,-0.0143,TRUE,TRUE
DTC_R_81,LanSi,1,CW_01,C,2026-03-21 16:05:18+08:00,ONLINE,FALSE,,CW_1_01,PASS,,,51.1378486,_2026032116051891901,T20260321160518,DESKTOP-P2DUL42,Loma,1,CW_1_01,1,paul di,2024.0718.155524,V20260126.2,CW_DTCL_DTCR_STC,T20260321160610,51.1378486,TRUE,TRUE,TRUE,TRUE,TRUE,TRUE,TRUE,4S2RND2HBL0DP6,v1.0.1,2025_12_22,315,316,474.8015,295.8235,295.2671,146.5685,149.2632,336.3487,335.5857,483.5214,-5.5165,-3.8476,-0.0001,0,-0.2251,1.5543,-0.2216,1.548,0.6639,155.2578,152.9971,152.4707,155.2305,153.989,0.8637,0.822,0.8634,0.8253,0.822,0.8123,0.7459,0.8318,0.7834,0.7459,0.8071,0.8125,0.8113,0.8085,0.7522,0.7462,0.7392,0.7028,0.7028,0.8589,0.8109,0.8011,0.2864,0.2864,0.8481,0.7866,0.7759,0.8224,0.8023,0.788,0.7575,0.8441,0.7575,0,0,0,0,0,v1.0.1,2025_12_22,315,316,475.8345,295.6187,295.0331,145.6026,148.0805,336.396,335.6966,484.5448,-5.5711,-3.8676,-0.0001,0,-0.2255,1.5536,-0.2211,1.5481,0.6638,162.3359,156.3662,164.8018,165.0049,162.1272,0.7057,0.6859,0.7113,0.71,0.6859,0.6785,0.6465,0.6664,0.6524,0.6465,0.6508,0.6444,0.651,0.6704,0.6372,0.6384,0.5937,0.607,0.5937,0.6894,0.6606,0.6584,0.4195,0.4195,0.6529,0.6457,0.6481,0.6696,0.6627,0.6723,0.6467,0.6796,0.6457,0,0,0,0,0,v1.0.1,2025_12_22,317.0187,327.4486,441.4286,312.1875,302.5,194.9048,188.4711,341.7107,331.6875,455.6518,-3.2788,6.8807,0,0.0001,-0.2215,1.5612,-0.21,1.5564,0.6715,176.8301,176.8389,176.7471,178.0127,177.1072,0.803,0.7113,0.8259,0.7136,0.7113,0.7603,0.657,0.782,0.6639,0.657,0.7674,0.7572,0.7645,0.7402,0.7402,0.7452,0.6664,0.7297,0,0.6664,0,0,0,0,0,v1.0.1,2025_12_22,317,327.6038,442.3091,312.1909,302.376,194.12,187.5447,341.9756,331.8304,456.5268,-3.288,6.9834,0,0.0001,-0.2219,1.5612,-0.21,1.5558,0.6712,147.4814,141.6729,143.3525,145.3174,144.4561,0.6635,0.5908,0.6842,0.6058,0.5908,0.6414,0.5693,0.6516,0.5642,0.5642,0.6339,0.6433,0.6428,0.6415,0.6339,0.6011,0.5443,0.5868,0.5461,0.5443,0,0,0,0,0,-0.0048,-0.0517,-0.0133,-0.049,-0.0465,-0.0044,-0.0745,0.0138,-0.049,-0.0708,-0.021,0.0015,-0.0051,-0.0086,-0.0543,-0.0667,-0.0511,-0.1313,0.0176,-0.0008,0.0016,-0.0308,-0.0027,-0.0074,-0.0182,-0.0088,-0.0251,0.0005,-0.0366,-0.0194,-0.0139,-0.0159,-0.0128,0.0107,-0.0183,-0.0277,-0.034,-0.0418,0.0069,-0.0094,-0.0022,-0.1146,0.0079,-0.1049,-0.0939,-0.013,-0.1168,0.0083,-0.1192,-0.1163,0.0002,-0.0202,0.0165,0.0017,-0.009,0.006,0.0056,-0.0846,0.0105,-0.0678,-0.0671,-0.0017,-0.0723,0.0069,-0.0805,-0.0774,0.0021,-0.0041,0.0112,0.0138,0.0062,-0.0017,0.0002,TRUE,TRUE
DTC_L_81,LanSi,1,CW_01,C,2026-03-21 16:05:18+08:00,ONLINE,FALSE,,CW_1_01,PASS,,,51.0630486,_2026032116051898202,T20260321160518,DESKTOP-P2DUL42,Loma,1,CW_1_01,2,paul di,2024.0718.155524,V20260126.2,CW_DTCL_DTCR_STC,T20260321160610,51.0630486,TRUE,TRUE,TRUE,TRUE,TRUE,TRUE,TRUE,4S2RND2HBL06DS,v1.0.1,2025_12_22,314.2222,322.8667,474.5,302.5,294.9412,151.7451,148.3506,342.3506,333.4029,489.4245,-6.4166,2.2774,-0.0001,0,-0.2259,1.5581,-0.2164,1.5556,0.6679,155.6406,151.7393,149.7354,155.0039,153.0298,0.8304,0.8022,0.8389,0.7948,0.7948,0.7843,0.7554,0.8035,0.7577,0.7554,0.8197,0.8096,0.8057,0.7394,0.7418,0.704,0.762,0.6889,0.6889,0.8189,0.6056,0.8386,0.8273,0.6056,0.8373,0.7935,0.7649,0.8255,0.8236,0.8162,0.7874,0.7758,0.7649,0,0,0,0,0,v1.0.1,2025_12_22,314.1957,322.8333,475.6739,302.4058,294.8456,150.7383,147.3026,342.4803,333.7483,490.3846,-6.3468,2.2685,-0.0001,0,-0.2253,1.5583,-0.2167,1.5541,0.6676,163.1504,158.8691,164.9414,164.0674,162.7571,0.6763,0.6753,0.696,0.6956,0.6753,0.6591,0.6279,0.6643,0.6524,0.6279,0.6499,0.6612,0.6547,0.619,0.6163,0.623,0.6397,0.5988,0.5988,0.6675,0.5538,0.6651,0.6833,0.5538,0.6518,0.6602,0.6157,0.6749,0.6926,0.696,0.6731,0.633,0.6157,0,0,0,0,0,v1.0.1,2025_12_22,312.9135,315.2212,437.9459,301.0541,299.0588,184.1933,184.5,329.5,326.9565,445.6261,-7.225,-4.3811,-0.0001,0,-0.2123,1.5649,-0.2102,1.563,0.6764,175.9365,175.207,173.0566,175.4707,174.9177,0.7931,0.6867,0.8084,0.688,0.6867,0.743,0.6512,0.753,0.6532,0.6512,0.7517,0.766,0.7682,0.688,0.688,0.7297,0,0.7273,0.7437,0.7273,0,0,0,0,0,v1.0.1,2025_12_22,312.8381,315.0857,438.7589,300.8214,298.8534,183.5862,183.5207,329.6198,327,446.4035,-7.3058,-4.3967,-0.0001,0,-0.2123,1.5643,-0.2114,1.5629,0.6759,149.7969,144.7363,144.0352,147.3887,146.4893,0.6561,0.5835,0.672,0.6051,0.5835,0.6287,0.5545,0.6393,0.5757,0.5545,0.6273,0.6247,0.644,0.6156,0.6156,0.6073,0.5179,0.5892,0.5758,0.5179,0,0,0,0,0,-0.0036,-0.0573,-0.0125,-0.0385,-0.0385,-0.008,-0.0779,0.0029,-0.0402,-0.0369,-0.0036,-0.0093,0.0061,-0.0246,-0.0852,-0.1161,-0.0469,-0.0506,0.001,0.0044,-0.0111,-0.0455,-0.0007,-0.0168,-0.0121,-0.0123,-0.047,0.0028,-0.0116,-0.0336,-0.0053,0.0009,-0.0053,-0.0229,-0.0482,-0.0378,-0.0213,-0.0321,-0.0159,-0.0105,0.0011,-0.144,0.0133,-0.1299,-0.1053,-0.0055,-0.1439,-0.0115,-0.0975,-0.0973,-0.0292,0.0017,0.01,-0.0081,-0.0034,-0.0111,0.0014,-0.095,0.0018,-0.0757,-0.0712,-0.0102,-0.1014,0.0086,-0.0761,-0.0762,-0.0066,0.0006,0.0065,0.008,0.008,0.012,-0.0027,TRUE,TRUE
DTC_R_82,LanSi,1,CW_01,A,2026-03-21 16:07:28+08:00,ONLINE,FALSE,,CW_1_01,PASS,,,51.8165169,_2026032116072843901,T20260321160728,DESKTOP-P2DUL42,Loma,1,CW_1_01,1,paul di,2024.0718.155524,V20260126.2,CW_DTCL_DTCR_STC,T20260321160820,51.8165169,TRUE,TRUE,TRUE,TRUE,TRUE,TRUE,TRUE,4S2RND2HBL0DP6,v1.0.1,2025_12_22,315.3556,317,475.7132,297.5882,295.6879,149.0355,149.5733,337.2733,336.0805,486,-5.0179,-2.1206,-0.0001,0,-0.22,1.5537,-0.2212,1.5483,0.6652,155.3145,152.9023,152.7305,155.3193,154.0667,0.8603,0.783,0.8681,0.7963,0.783,0.8074,0.7348,0.8285,0.7896,0.7348,0.8254,0.8101,0.815,0.8245,0.713,0.7172,0.7909,0.7828,0.713,0.8454,0.7903,0.7895,0.98,0.7895,0.8534,0.7725,0.7633,0.8267,0.7937,0.7532,0.8335,0.8445,0.7532,0,0,0,0,0,v1.0.1,2025_12_22,315.3235,317.0368,476.7914,297.3669,295.4558,147.9864,148.44,337.4733,336.1589,487.1656,-5.0661,-2.0942,-0.0001,0,-0.2207,1.5533,-0.2213,1.5484,0.6649,162.4248,156.6582,165.2744,165.2217,162.3948,0.692,0.6622,0.7103,0.6893,0.6622,0.6764,0.6319,0.6736,0.6524,0.6319,0.6643,0.6525,0.6544,0.6568,0.61,0.6324,0.6255,0.6453,0.61,0.7043,0.6454,0.6623,0.2121,0.2121,0.6501,0.6544,0.6404,0.6756,0.6407,0.6213,0.6475,0.676,0.6213,0,0,0,0,0,v1.0.1,2025_12_22,317.3241,328.4259,442.2389,313.4159,302.76,196.88,188.6557,342.6148,332.1034,457.181,-2.8836,8.2035,0,0.0001,-0.2191,1.56,-0.2093,1.556,0.6719,176.5029,176.2383,176.5469,177.6152,176.7258,0.8046,0.6336,0.8262,0.6676,0.6336,0.7747,0.6199,0.7779,0.6866,0.6199,0.7783,0.7727,0.7593,0.7542,0.7542,0.7477,0.6597,0.7513,0,0.6597,0,0,0,0,0,v1.0.1,2025_12_22,317.3578,328.4679,443.0642,313.3761,302.5635,196.0714,187.8607,342.7131,332.2564,458.0513,-2.8795,8.236,0,0.0001,-0.219,1.559,-0.209,1.5558,0.6717,147.6465,142.0381,143.7656,145.6836,144.7834,0.6659,0.5498,0.6722,0.5862,0.5498,0.6462,0.5463,0.6426,0.5856,0.5463,0.6453,0.6477,0.6414,0.6392,0.6392,0.6001,0.5473,0.5902,0.4268,0.4268,0,0,0,0,0,-0.0082,-0.0907,-0.0086,-0.078,-0.0855,-0.0093,-0.0856,0.0105,-0.0428,-0.0819,-0.0027,-0.0009,-0.0014,0.0074,-0.0935,-0.0957,0.0006,-0.0513,0.0041,-0.0124,-0.0121,-0.0545,-0.0037,-0.0281,-0.0419,-0.0109,-0.0397,0.0077,-0.0366,-0.034,-0.0004,-0.0078,-0.0094,-0.0029,-0.0455,-0.0337,-0.0022,-0.0035,0.0218,-0.0055,-0.0006,-0.1923,0.0082,-0.1509,-0.1716,0.0014,-0.1539,0.0042,-0.0965,-0.1534,0.0111,-0.0047,0.0113,0.0157,-0.0065,0.0276,0.008,-0.1256,-0.0015,-0.0874,-0.1081,0.0031,-0.0953,-0.0021,-0.0591,-0.0953,0.0135,0.0003,0.0098,0.0115,0.0115,-0.0027,0.0036,TRUE,TRUE
DTC_L_82,LanSi,1,CW_01,A,2026-03-21 16:07:28+08:00,ONLINE,FALSE,,CW_1_01,PASS,,,51.9052797,_2026032116072837402,T20260321160728,DESKTOP-P2DUL42,Loma,1,CW_1_01,2,paul di,2024.0718.155524,V20260126.2,CW_DTCL_DTCR_STC,T20260321160820,51.9052797,TRUE,TRUE,TRUE,TRUE,TRUE,TRUE,TRUE,4S2RND2HBL06DS,v1.0.1,2025_12_22,314.1691,322.7647,474.4338,302.3382,294.9404,151.702,148.3072,342.3399,333.3429,489.25,-6.4613,2.179,-0.0001,0,-0.2263,1.5583,-0.217,1.5556,0.6677,154.3691,150.6543,148.7617,153.8506,151.9089,0.8218,0.797,0.8365,0.7863,0.7863,0.7746,0.7545,0.7895,0.7645,0.7545,0.8011,0.8114,0.7985,0.7713,0.7415,0.7155,0.7727,0.7007,0.7007,0.8113,0.8255,0.824,0.8314,0.8113,0.8424,0.7809,0.7582,0.8435,0.8267,0.8356,0.7997,0.7527,0.7527,0,0,0,0,0,v1.0.1,2025_12_22,314.1957,322.8333,475.6423,302.219,294.8067,150.7133,147.2384,342.543,333.6331,490.2158,-6.3968,2.2049,-0.0001,0,-0.2265,1.5581,-0.217,1.5547,0.6673,162.9062,158.8438,164.7998,163.9092,162.6147,0.6842,0.6785,0.6839,0.6855,0.6785,0.6531,0.6324,0.6548,0.6631,0.6324,0.647,0.6558,0.6517,0.6302,0.6196,0.6143,0.6442,0.6121,0.6121,0.6923,0.6307,0.6652,0.6979,0.6307,0.6611,0.6623,0.6134,0.6758,0.6735,0.6882,0.6771,0.6262,0.6134,0,0,0,0,0,v1.0.1,2025_12_22,312.9135,315.2212,438,301.0545,299.0339,184.1441,184.5,329.5,326.8889,445.453,-7.2328,-4.4254,-0.0001,0,-0.2123,1.5648,-0.2102,1.5634,0.6764,175.9551,175.4658,173.0986,175.4561,174.9939,0.7837,0.6849,0.8125,0.6837,0.6837,0.7434,0.654,0.7471,0.6603,0.654,0.7815,0.7544,0.7665,0.6965,0.6965,0.7309,0,0.7336,0.732,0.7309,0,0,0,0,0,v1.0.1,2025_12_22,312.875,315.0481,438.7321,300.7321,298.9138,183.5,183.5583,329.5833,326.9217,446.2783,-7.2998,-4.4716,-0.0001,0,-0.2127,1.5645,-0.2114,1.5636,0.676,149.2188,144.5664,143.748,146.8223,146.0889,0.6606,0.5895,0.664,0.6082,0.5895,0.6327,0.5699,0.6111,0.5816,0.5699,0.6331,0.6272,0.6324,0.6097,0.6097,0.5904,0.5217,0.588,0.5873,0.5217,0,0,0,0,0,-0.0122,-0.0625,-0.0149,-0.047,-0.047,-0.0177,-0.0788,-0.0111,-0.0334,-0.0378,-0.0222,-0.0075,-0.0011,0.0073,-0.0855,-0.1046,-0.0362,-0.0388,-0.0066,-0.0102,-0.0032,-0.0423,-0.0128,-0.0269,-0.0089,-0.0183,-0.0425,-0.0067,-0.0009,-0.0291,-0.0082,-0.0045,-0.0083,-0.0117,-0.0449,-0.0465,-0.0168,-0.0188,0.0089,-0.0104,-0.0083,-0.1458,0.0174,-0.1342,-0.1083,-0.0051,-0.1411,-0.0174,-0.0904,-0.0945,0.0006,-0.0099,0.0083,0.0004,-0.0022,-0.0048,0.0059,-0.089,-0.0062,-0.0726,-0.0652,-0.0062,-0.086,-0.0196,-0.0702,-0.0608,-0.0008,0.0031,-0.0051,0.0021,0.0021,-0.0049,-0.0039,TRUE,TRUE
DTC_L_83,LanSi,1,CW_01,B,2026-03-21 16:09:20+08:00,ONLINE,FALSE,,CW_1_01,PASS,,,51.4806195,_2026032116092045302,T20260321160920,DESKTOP-P2DUL42,Loma,1,CW_1_01,2,paul di,2024.0718.155524,V20260126.2,CW_DTCL_DTCR_STC,T20260321161011,51.4806195,TRUE,TRUE,TRUE,TRUE,TRUE,TRUE,TRUE,4S2RND2HBL06DS,v1.0.1,2025_12_22,314.2222,322.8667,474.4118,302.625,294.9286,151.8831,148.3377,342.4901,333.3381,489.2014,-6.4523,2.3133,-0.0001,0,-0.2252,1.5579,-0.2172,1.5559,0.6678,155.7012,151.6484,149.6621,154.9092,152.9802,0.8245,0.7956,0.8441,0.7852,0.7852,0.7719,0.7535,0.7957,0.7516,0.7516,0.8123,0.8094,0.827,0.7733,0.7418,0.7304,0.7505,0.6894,0.6894,0.8158,0.98,0.8046,0.8309,0.8046,0.8384,0.7827,0.748,0.8428,0.8416,0.8171,0.797,0.7671,0.748,0,0,0,0,0,v1.0.1,2025_12_22,314.2086,322.9568,475.6312,302.5248,294.8591,150.8322,147.1788,342.6887,333.6619,490.1655,-6.3921,2.3336,-0.0001,0,-0.2254,1.5583,-0.2171,1.5545,0.6676,162.9092,158.3867,164.2539,163.6953,162.3113,0.6755,0.6614,0.6911,0.6868,0.6614,0.6588,0.6329,0.6606,0.6404,0.6329,0.6444,0.6579,0.6606,0.6306,0.6122,0.631,0.6097,0.6124,0.6097,0.658,0.4919,0.6667,0.6772,0.4919,0.6618,0.6377,0.6334,0.6834,0.6787,0.6791,0.6685,0.6245,0.6245,0,0,0,0,0,v1.0.1,2025_12_22,312.9135,315.2212,437.7982,301.1842,298.9576,184.2119,184.4622,329.6303,326.8684,445.5702,-7.3,-4.3365,-0.0001,0,-0.2114,1.5642,-0.2112,1.5636,0.6763,176.1475,174.9502,172.8457,175.4336,174.8442,0.7788,0.6784,0.8031,0.6722,0.6722,0.7411,0.6486,0.7634,0.6655,0.6486,0.7846,0.7619,0.7615,0.7058,0.7058,0.7378,0,0.7327,0.7127,0.7127,0,0,0,0,0,v1.0.1,2025_12_22,312.9135,315.2212,438.6577,300.991,298.8974,183.6154,183.5378,329.6303,326.9569,446.319,-7.3073,-4.3447,-0.0001,0,-0.2122,1.5642,-0.2104,1.5636,0.6763,149.4395,144.2334,143.2334,146.7773,145.9209,0.6508,0.5858,0.6734,0.6088,0.5858,0.6298,0.5649,0.6321,0.5843,0.5649,0.6405,0.6305,0.6429,0.6075,0.6075,0.5901,0.5415,0.5795,0.5655,0.5415,0,0,0,0,0,-0.0095,-0.0639,-0.0073,-0.0481,-0.0481,-0.0204,-0.0798,-0.0049,-0.0463,-0.0407,-0.011,-0.0095,0.0274,0.0093,-0.0852,-0.0897,-0.0584,-0.0501,-0.0021,-0.0296,-0.0119,-0.0594,-0.0056,-0.0256,-0.026,-0.0126,-0.042,-0.0009,-0.0236,-0.0286,-0.0108,-0.0024,0.0006,-0.0113,-0.0523,-0.0298,-0.0513,-0.0185,-0.0254,-0.0089,-0.0132,-0.1523,0.008,-0.1457,-0.1198,-0.0074,-0.1465,-0.0011,-0.0852,-0.0999,0.0037,-0.0024,0.0033,0.0097,0.0047,-0.0057,-0.0039,-0.0927,0.0032,-0.072,-0.0689,-0.0091,-0.091,0.0014,-0.0675,-0.0658,0.0066,0.0064,0.0054,-0.0001,-0.0001,-0.0052,-0.0124,TRUE,TRUE
DTC_R_83,LanSi,1,CW_01,B,2026-03-21 16:09:20+08:00,ONLINE,FALSE,,CW_1_01,PASS,,,51.9897856,_2026032116092018501,T20260321160920,DESKTOP-P2DUL42,Loma,1,CW_1_01,1,paul di,2024.0718.155524,V20260126.2,CW_DTCL_DTCR_STC,T20260321161012,51.9897856,TRUE,TRUE,TRUE,TRUE,TRUE,TRUE,TRUE,4S2RND2HBL0DP6,v1.0.1,2025_12_22,315.2388,316.8209,475.5303,297.0455,295.5616,148.5548,149.396,336.9195,336.1373,486.1634,-5.1272,-2.3992,-0.0001,0,-0.2222,1.5539,-0.2201,1.5475,0.6648,155.7266,153.1641,152.876,155.3965,154.2908,0.8619,0.7759,0.877,0.7898,0.7759,0.8253,0.73,0.8211,0.7912,0.73,0.8129,0.807,0.8037,0.8188,0.7203,0.7117,0.7969,0.7923,0.7117,0.8463,0.8175,0.7991,0.98,0.7991,0.8584,0.7765,0.7553,0.8308,0.7926,0.7577,0.8538,0.8141,0.7553,0,0,0,0,0,v1.0.1,2025_12_22,315.1533,316.8102,476.7153,296.9343,295.3514,147.5473,148.1655,337.0345,336.1373,487.1634,-5.1955,-2.4021,-0.0001,0,-0.2219,1.5538,-0.22,1.5477,0.6649,162.916,157.834,166.4248,165.3008,163.1189,0.7057,0.6561,0.7092,0.6791,0.6561,0.6745,0.6389,0.6677,0.6642,0.6389,0.6446,0.6486,0.6521,0.6471,0.6099,0.6153,0.6239,0.6517,0.6099,0.6964,0.6772,0.6563,0.2312,0.2312,0.6457,0.6477,0.6518,0.6591,0.6422,0.649,0.6499,0.6529,0.6422,0,0,0,0,0,v1.0.1,2025_12_22,317.2476,328.0381,442.0901,313.1351,302.6953,196.4062,188.5583,342.4167,332.0609,457.0783,-2.9696,7.9149,0,0.0001,-0.2183,1.5602,-0.2108,1.556,0.6718,177.5693,177.2617,177.3691,178.1875,177.5969,0.8184,0.6155,0.8219,0.6532,0.6155,0.7701,0.6019,0.7785,0.6868,0.6019,0.777,0.7782,0.7585,0.7583,0.7583,0.7503,0.6656,0.7265,0,0.6656,0,0,0,0,0,v1.0.1,2025_12_22,317.3462,328.0769,442.9722,312.9537,302.6098,195.813,187.5833,342.5167,332.094,457.8718,-2.9789,7.9464,0,0.0001,-0.2193,1.5593,-0.2103,1.5571,0.6717,148.3594,143.1631,144.9053,145.7725,145.55,0.6665,0.5413,0.6845,0.5728,0.5413,0.6369,0.5513,0.6558,0.5902,0.5513,0.6554,0.6396,0.641,0.6321,0.6321,0.5968,0.551,0.5835,0.4195,0.4195,0,0,0,0,0,-0.0066,-0.0978,0.0003,-0.0845,-0.0926,0.0086,-0.0904,0.0031,-0.0412,-0.0867,-0.0152,-0.004,-0.0127,0.0017,-0.0862,-0.1012,0.0066,-0.0418,0.005,-0.0028,0.0016,-0.0606,-0.0048,-0.0383,-0.048,-0.0128,-0.0327,0.0018,-0.0248,-0.027,-0.0201,-0.0117,-0.0117,-0.0126,-0.0456,-0.0508,-0.0038,0.0029,0.0139,-0.0115,0.0132,-0.2104,0.0039,-0.1653,-0.1897,-0.0032,-0.1719,0.0048,-0.0963,-0.1714,0.0098,0.0008,0.0105,0.0198,-0.0039,0.0028,0.0086,-0.1341,0.0108,-0.1008,-0.1166,-0.0062,-0.0903,0.0111,-0.0545,-0.0903,0.0236,-0.0078,0.0094,0.0044,0.0044,-0.006,-0.0031,TRUE,TRUE
DTC_L_84,LanSi,1,CW_01,C,2026-03-21 16:11:24+08:00,ONLINE,FALSE,,CW_1_01,PASS,,,51.1103739,_2026032116112479602,T20260321161124,DESKTOP-P2DUL42,Loma,1,CW_1_01,2,paul di,2024.0718.155524,V20260126.2,CW_DTCL_DTCR_STC,T20260321161215,51.1103739,TRUE,TRUE,TRUE,TRUE,TRUE,TRUE,TRUE,4S2RND2HBL06DS,v1.0.1,2025_12_22,314.2148,322.7778,474.4741,302.363,294.8456,151.7383,148.4211,342.2105,333.3688,488.4752,-6.4351,2.0129,-0.0001,0,-0.2262,1.5575,-0.2162,1.5552,0.6676,154.8574,150.5479,148.6748,154.0254,152.0264,0.8189,0.8063,0.8516,0.7933,0.7933,0.787,0.7632,0.8014,0.7238,0.7238,0.8091,0.8181,0.8104,0.7706,0.7512,0.7077,0.7694,0.6884,0.6884,0.821,0.98,0.8271,0.8293,0.821,0.8449,0.7793,0.7484,0.8175,0.8265,0.843,0.7952,0.7796,0.7484,0,0,0,0,0,v1.0.1,2025_12_22,314.1957,322.8333,475.6119,302.2239,294.8067,150.7133,147.3377,342.2781,333.7163,489.5106,-6.3663,2.0119,-0.0001,0,-0.2265,1.5581,-0.2155,1.5537,0.6675,163.4248,158.5771,164.6738,164.1406,162.7041,0.6795,0.6817,0.6935,0.6933,0.6795,0.657,0.6372,0.6593,0.6407,0.6372,0.6456,0.655,0.6657,0.6336,0.6203,0.6265,0.6363,0.6054,0.6054,0.6776,0.4461,0.6791,0.6926,0.4461,0.6658,0.6467,0.6029,0.6628,0.6761,0.7038,0.6604,0.6248,0.6029,0,0,0,0,0,v1.0.1,2025_12_22,312.9238,315.0762,438,301,299.0339,184.1441,184.5372,329.4628,327,445,-7.201,-4.5634,-0.0001,0,-0.2116,1.5646,-0.2111,1.5624,0.6761,175.8105,174.6338,172.7227,175.209,174.594,0.7938,0.7021,0.8045,0.6736,0.6736,0.7401,0.66,0.7663,0.6504,0.6504,0.77,0.7699,0.7595,0.6869,0.6869,0.7238,0,0.7376,0.7354,0.7238,0,0,0,0,0,v1.0.1,2025_12_22,312.8476,315,438.7589,300.8214,298.839,183.5508,183.605,329.437,327,445.8974,-7.2899,-4.5587,-0.0001,0,-0.2116,1.5641,-0.2107,1.5626,0.6761,149.5986,144.2988,143.4443,147.3145,146.1641,0.6666,0.5933,0.6742,0.605,0.5933,0.6364,0.562,0.6084,0.5808,0.562,0.6222,0.63,0.6496,0.615,0.615,0.5943,0.5158,0.5796,0.5966,0.5158,0,0,0,0,0,-0.0151,-0.0532,0.0002,-0.04,-0.04,-0.0053,-0.0701,0.0008,-0.0741,-0.0685,-0.0142,-0.0008,0.0108,0.0066,-0.0758,-0.1124,-0.0395,-0.0511,0.0031,-0.0071,-0.0079,-0.0391,-0.0032,-0.0191,-0.0079,-0.0144,-0.0377,-0.0022,-0.0233,-0.0243,-0.0096,-0.0053,0.0057,-0.0083,-0.0442,-0.0343,-0.0247,-0.0255,-0.0058,0.0035,0.0018,-0.1286,0.0094,-0.1443,-0.1184,-0.0084,-0.1351,0.0018,-0.1003,-0.0981,-0.0109,0.0056,0.0013,-0.0092,-0.0093,-0.0008,0.0119,-0.0852,0.004,-0.0758,-0.0614,-0.0025,-0.0939,-0.0223,-0.071,-0.0687,-0.0117,0.0059,0.0121,0.0074,0.0074,-0.001,-0.0123,TRUE,TRUE
DTC_R_84,LanSi,1,CW_01,C,2026-03-21 16:11:24+08:00,ONLINE,FALSE,,CW_1_01,PASS,,,51.1552532,_2026032116112475201,T20260321161124,DESKTOP-P2DUL42,Loma,1,CW_1_01,1,paul di,2024.0718.155524,V20260126.2,CW_DTCL_DTCR_STC,T20260321161215,51.1552532,TRUE,TRUE,TRUE,TRUE,TRUE,TRUE,TRUE,4S2RND2HBL0DP6,v1.0.1,2025_12_22,314.9343,316.1533,474.7704,296.0667,295.1233,146.637,149.3506,336.6494,335.2536,484.029,-5.6136,-3.5929,-0.0001,0,-0.2245,1.5539,-0.2226,1.5498,0.6642,155.5898,153.1475,153.1807,155.5977,154.3789,0.8695,0.8302,0.8822,0.8387,0.8302,0.8292,0.7446,0.8221,0.7736,0.7446,0.8334,0.8091,0.8091,0.8192,0.7773,0.7533,0.7287,0.7033,0.7033,0.841,0.825,0.8066,0.98,0.8066,0.8547,0.7869,0.7755,0.8275,0.8043,0.789,0.7449,0.8365,0.7449,0,0,0,0,0,v1.0.1,2025_12_22,314.9214,316.1857,475.8511,295.9433,294.9799,145.6242,148.1216,336.723,335.6259,485.036,-5.6,-3.5976,-0.0001,0,-0.2246,1.5539,-0.222,1.5483,0.6639,162.8496,156.7188,165.4365,165.2627,162.5669,0.7114,0.6931,0.7083,0.6968,0.6931,0.6743,0.634,0.6667,0.6572,0.634,0.6472,0.657,0.6566,0.6589,0.6476,0.6349,0.6041,0.6113,0.6041,0.6826,0.6657,0.6522,0.3487,0.3487,0.6534,0.6707,0.6453,0.6826,0.6497,0.6318,0.6353,0.6856,0.6318,0,0,0,0,0,v1.0.1,2025_12_22,317.0849,327.6698,441.5478,312.4783,302.5,195,188.5328,342.2377,331.75,456.1552,-3.2169,7.2082,0,0.0001,-0.2209,1.5608,-0.2123,1.5566,0.671,176.2227,176.1367,176.3906,177.3613,176.5278,0.8032,0.7148,0.8173,0.7047,0.7047,0.7593,0.648,0.7758,0.6483,0.648,0.7712,0.7545,0.7439,0.7408,0.7408,0.7372,0.6663,0.7172,0,0.6663,0,0,0,0,0,v1.0.1,2025_12_22,317.0943,327.8491,442.4375,312.5179,302.377,194.2377,187.6116,342.4215,331.8919,457,-3.2175,7.3052,0,0.0001,-0.2212,1.5606,-0.2116,1.5562,0.671,147.8555,142.2783,144.168,145.79,145.0229,0.6701,0.6166,0.6827,0.6216,0.6166,0.6423,0.5666,0.6426,0.5516,0.5516,0.6342,0.6527,0.6324,0.6249,0.6249,0.5824,0.5442,0.5698,0.454,0.454,0,0,0,0,0,0.001,-0.0435,0.0055,-0.0356,-0.0383,0.0125,-0.0758,0.0041,-0.0588,-0.0721,0.0053,-0.0019,-0.0073,0.0021,-0.0292,-0.0596,-0.0616,-0.1308,-0.0003,0.0047,0.0073,-0.0236,-0.0057,-0.0206,-0.011,-0.013,-0.0376,0.0008,-0.0318,-0.0319,-0.0175,-0.0033,-0.0072,-0.0008,-0.0079,-0.0312,-0.0236,-0.0375,0.0001,-0.0156,-0.002,-0.1111,-0.0007,-0.1138,-0.1005,-0.014,-0.1258,0.0021,-0.1348,-0.1253,0.004,-0.0229,-0.0041,0.0023,-0.017,-0.0065,0.0122,-0.0588,0.009,-0.052,-0.0413,-0.0008,-0.075,-0.0021,-0.0931,-0.09,0.0024,0.0053,0.0008,-0.0028,-0.0028,-0.0204,-0.0168,TRUE,TRUE
DTC_L_85,LanSi,1,CW_01,A,2026-03-21 16:13:07+08:00,ONLINE,FALSE,,CW_1_01,PASS,,,51.683926,_2026032116130762802,T20260321161307,DESKTOP-P2DUL42,Loma,1,CW_1_01,2,paul di,2024.0718.155524,V20260126.2,CW_DTCL_DTCR_STC,T20260321161359,51.683926,TRUE,TRUE,TRUE,TRUE,TRUE,TRUE,TRUE,4S2RND2HBL06DS,v1.0.1,2025_12_22,314.2222,323.8667,474.5038,303.782,295.0333,153.28,148.2961,343.7039,333.2609,490.1087,-6.4368,3.4483,-0.0001,0,-0.2241,1.5583,-0.2185,1.5563,0.668,154.7227,151.1875,149.1309,153.9727,152.2534,0.8313,0.7961,0.8481,0.7798,0.7798,0.7877,0.7634,0.808,0.6985,0.6985,0.8101,0.8185,0.8324,0.7663,0.7374,0.7065,0.7601,0.6902,0.6902,0.8132,0.98,0.827,0.8207,0.8132,0.7294,0.6879,0.7822,0.8312,0.8218,0.8138,0.7931,0.768,0.6879,0,0,0,0,0,v1.0.1,2025_12_22,314.1884,323.913,475.7143,303.6,294.9733,152.2733,147.0625,343.8889,333.413,491.1087,-6.4297,3.4568,-0.0001,0,-0.2246,1.5588,-0.2184,1.5558,0.6679,162.54,158.7061,164.3096,163.2646,162.2051,0.6791,0.678,0.7051,0.6867,0.678,0.6615,0.6388,0.6582,0.6069,0.6069,0.6554,0.6522,0.6502,0.6318,0.6191,0.6195,0.6348,0.6076,0.6076,0.6805,0.3533,0.6729,0.6782,0.3533,0.533,0.5685,0.6572,0.6787,0.6542,0.6853,0.6702,0.6252,0.533,0,0,0,0,0,v1.0.1,2025_12_22,312.9151,316.3302,437.9,302.2818,299.0424,185.7881,184.4228,330.7886,326.9217,446.2783,-7.2596,-3.2066,-0.0001,0,-0.2114,1.5644,-0.2115,1.5629,0.6761,176.1777,175.3789,173.3037,175.4697,175.0825,0.7914,0.6869,0.8061,0.6635,0.6635,0.7427,0.6513,0.7585,0.6741,0.6513,0.7747,0.7646,0.7701,0.7144,0.7144,0.7291,0,0.7336,0.7187,0.7187,0,0,0,0,0,v1.0.1,2025_12_22,312.8857,316.1714,438.7455,302,299,184.8974,183.4793,330.8099,327,447.1026,-7.2779,-3.3037,-0.0001,0,-0.2116,1.5649,-0.2121,1.5629,0.676,149.166,144.3164,143.5791,146.6533,145.9287,0.6669,0.5878,0.6737,0.595,0.5878,0.6277,0.5675,0.6263,0.6024,0.5675,0.6268,0.6294,0.6442,0.6073,0.6073,0.5845,0.4939,0.6056,0.5884,0.4939,0,0,0,0,0,-0.0027,-0.0634,-0.0033,-0.0535,-0.0535,-0.0046,-0.0699,0.0074,-0.0994,-0.0938,-0.0132,-0.0004,0.0328,0.0023,-0.0896,-0.1136,-0.0488,-0.0493,-0.0047,-0.0072,-0.0083,-0.0428,0.0084,-0.0257,-0.0094,-0.0099,-0.0361,-0.0033,-0.0571,-0.0546,0.0002,-0.0081,-0.0098,-0.0101,-0.0454,-0.0413,-0.0262,-0.0233,-0.0029,-0.0027,-0.0006,-0.1438,0.011,-0.1544,-0.1285,-0.0058,-0.1438,-0.006,-0.0766,-0.0972,-0.0062,0.0003,0.0119,0.0183,-0.004,-0.0048,0.0122,-0.0907,0.0035,-0.0858,-0.0669,-0.0112,-0.0884,-0.0044,-0.0494,-0.0632,-0.0071,0.0053,0.0067,-0.0003,-0.0003,-0.0108,0.0137,TRUE,TRUE
DTC_R_85,LanSi,1,CW_01,A,2026-03-21 16:13:07+08:00,ONLINE,FALSE,,CW_1_01,PASS,,,51.6779379,_2026032116130762701,T20260321161307,DESKTOP-P2DUL42,Loma,1,CW_1_01,1,paul di,2024.0718.155524,V20260126.2,CW_DTCL_DTCR_STC,T20260321161359,51.6779379,TRUE,TRUE,TRUE,TRUE,TRUE,TRUE,TRUE,4S2RND2HBL0DP6,v1.0.1,2025_12_22,315.0438,316.4818,474.8478,296.2391,295.2109,146.6667,149.3467,336.7667,335.3885,484.2518,-5.5325,-3.4188,-0.0001,0,-0.2255,1.554,-0.2213,1.5496,0.6642,155.6416,152.5254,152.5508,155.0508,153.9421,0.8582,0.8281,0.8722,0.8361,0.8281,0.8239,0.7405,0.8254,0.7598,0.7405,0.8166,0.8117,0.8253,0.804,0.7907,0.7325,0.7294,0.7046,0.7046,0.844,0.8148,0.7956,0.98,0.7956,0.842,0.7904,0.7391,0.8161,0.8069,0.823,0.7661,0.8321,0.7391,0,0,0,0,0,v1.0.1,2025_12_22,315.0144,316.4532,475.9571,296.1071,295.0616,145.7945,148.0759,336.9448,335.6761,485.2817,-5.543,-3.3837,-0.0001,0,-0.2252,1.5539,-0.2216,1.5485,0.6639,162.9355,156.8887,165.4229,165.3877,162.6587,0.7017,0.6902,0.7094,0.7015,0.6902,0.674,0.6279,0.6682,0.6302,0.6279,0.6476,0.655,0.6535,0.6639,0.6511,0.632,0.6035,0.596,0.596,0.6957,0.6607,0.6668,0.4154,0.4154,0.6541,0.6752,0.6277,0.6776,0.6428,0.667,0.646,0.6876,0.6277,0,0,0,0,0,v1.0.1,2025_12_22,317.1524,328,441.5789,312.614,302.5118,195.2047,188.5583,342.4167,331.8257,456.3028,-3.1746,7.4076,0,0.0001,-0.2225,1.5605,-0.2111,1.5564,0.6708,176.6592,175.9756,175.9502,177.334,176.4797,0.801,0.7182,0.828,0.7022,0.7022,0.7719,0.6498,0.7801,0.6413,0.6413,0.7704,0.7696,0.7687,0.7391,0.7391,0.7456,0.6962,0.7287,0,0.6962,0,0,0,0,0,v1.0.1,2025_12_22,317.1619,328.0857,442.4298,312.5702,302.3719,194.5702,187.5372,342.5372,331.9018,457.0536,-3.2195,7.4634,0,0.0001,-0.2227,1.56,-0.2105,1.5565,0.6708,147.8418,142.3105,143.9932,145.665,144.9526,0.6615,0.6112,0.6788,0.6181,0.6112,0.6402,0.5707,0.6555,0.562,0.562,0.6305,0.632,0.6401,0.6155,0.6155,0.5872,0.5594,0.5765,0.4891,0.4891,0,0,0,0,0,-0.0103,-0.0456,-0.0045,-0.0382,-0.0404,0.0072,-0.0799,0.0074,-0.0726,-0.0762,-0.0115,0.0007,0.0089,-0.0131,-0.0158,-0.0804,-0.0609,-0.1295,0.0027,-0.0063,-0.0024,-0.0265,-0.0046,-0.0159,-0.0139,-0.0133,-0.0437,0.0023,-0.0588,-0.038,-0.0171,-0.0053,-0.0103,0.0042,-0.0044,-0.0341,-0.0242,-0.0528,0.0132,-0.001,-0.0042,-0.1077,0.01,-0.1163,-0.103,-0.0014,-0.124,0.0064,-0.1418,-0.132,0.0032,-0.0078,0.0207,0.0006,-0.0086,0.005,0.0036,-0.0642,0.0051,-0.0555,-0.0467,-0.0029,-0.0709,0.0108,-0.0827,-0.0796,-0.0013,-0.0154,0.0085,-0.0122,-0.0122,-0.0156,-0.0101,TRUE,TRUE
DTC_L_86,LanSi,1,CW_01,B,2026-03-21 16:14:50+08:00,ONLINE,FALSE,,CW_1_01,PASS,,,51.7702643,_2026032116145056202,T20260321161450,DESKTOP-P2DUL42,Loma,1,CW_1_01,2,paul di,2024.0718.155524,V20260126.2,CW_DTCL_DTCR_STC,T20260321161542,51.7702643,TRUE,TRUE,TRUE,TRUE,TRUE,TRUE,TRUE,4S2RND2HBL06DS,v1.0.1,2025_12_22,315.2593,322.7185,475.5,302,296.5302,151.6443,149.6913,342.4564,334.4179,488.0373,-5.2203,1.8713,-0.0001,0,-0.2281,1.5612,-0.2181,1.5549,0.6675,155.2344,150.7559,148.9541,154.6084,152.3882,0.8221,0.8203,0.8482,0.7931,0.7931,0.7785,0.7555,0.7958,0.7366,0.7366,0.815,0.8068,0.8059,0.7599,0.7449,0.7258,0.7459,0.7009,0.7009,0.8125,0.98,0.8131,0.7735,0.7735,0.8446,0.826,0.7339,0.8437,0.8312,0.7846,0.773,0.7755,0.7339,0,0,0,0,0,v1.0.1,2025_12_22,315.2148,322.7778,476.7153,301.9343,296.2886,150.6913,148.56,342.56,334.635,489.0949,-5.2172,1.9117,-0.0001,0,-0.2278,1.5607,-0.2176,1.554,0.6673,161.9072,157.8691,163.6797,162.8506,161.5767,0.6815,0.6852,0.6926,0.7016,0.6815,0.6574,0.6267,0.6574,0.6491,0.6267,0.6468,0.6481,0.6632,0.6385,0.6229,0.6316,0.637,0.6005,0.6005,0.6872,0.297,0.6812,0.6655,0.297,0.643,0.6221,0.6034,0.662,0.6719,0.6631,0.6673,0.6396,0.6034,0,0,0,0,0,v1.0.1,2025_12_22,313.9417,315,438.7679,300.6696,300.3902,184.187,185.7886,329.5366,327.8947,444.9474,-6.1434,-4.6319,-0.0001,0,-0.2138,1.5671,-0.2124,1.5633,0.676,176.3643,174.751,173.0146,175.5527,174.9207,0.784,0.7152,0.8047,0.6886,0.6886,0.7418,0.6581,0.7653,0.6523,0.6523,0.7741,0.7734,0.7579,0.6959,0.6959,0.713,0,0.7176,0.6653,0.6653,0,0,0,0,0,v1.0.1,2025_12_22,313.8476,315,439.6379,300.5,300.4068,183.5,184.878,329.5447,328.0439,445.7632,-6.1372,-4.6384,-0.0001,0,-0.2142,1.5684,-0.2118,1.5621,0.6761,148.6885,143.9082,142.915,146.3213,145.4583,0.6568,0.6009,0.6796,0.5956,0.5956,0.6319,0.5654,0.6227,0.5682,0.5654,0.6356,0.6497,0.65,0.6177,0.6177,0.5953,0.3854,0.5838,0.5423,0.3854,0,0,0,0,0,-0.0119,-0.0392,-0.0032,-0.0402,-0.0402,-0.0138,-0.0778,-0.0048,-0.0613,-0.0557,-0.0083,-0.0121,0.0063,-0.0041,-0.0821,-0.0943,-0.063,-0.0386,-0.0054,-0.0211,-0.0059,-0.0356,-0.0041,-0.0108,-0.0059,-0.014,-0.0482,-0.0041,-0.0149,-0.0348,-0.0084,-0.0122,0.0032,-0.0034,-0.0416,-0.0292,-0.024,-0.0304,0.0038,0.0056,-0.008,-0.1155,0.0096,-0.1293,-0.1034,-0.0067,-0.137,0.0008,-0.0984,-0.0962,-0.0068,0.0091,-0.0003,-0.0002,-0.0201,-0.0208,0.0021,-0.0776,0.0094,-0.0852,-0.0591,-0.007,-0.0905,-0.008,-0.0836,-0.0653,0.0017,0.0256,0.0125,0.0101,0.0101,0,-0.0081,TRUE,TRUE
DTC_R_86,LanSi,1,CW_01,B,2026-03-21 16:14:50+08:00,ONLINE,FALSE,,CW_1_01,PASS,,,52.1462586,_2026032116145044301,T20260321161450,DESKTOP-P2DUL42,Loma,1,CW_1_01,1,paul di,2024.0718.155524,V20260126.2,CW_DTCL_DTCR_STC,T20260321161542,52.1462586,TRUE,TRUE,TRUE,TRUE,TRUE,TRUE,TRUE,4S2RND2HBL0DP6,v1.0.1,2025_12_22,315.2148,316.7778,475.6444,297,295.5743,148.6351,149.52,336.6667,336.1611,486.651,-5.0771,-2.3539,-0.0001,0,-0.2221,1.554,-0.2189,1.5476,0.6651,156.7402,153.6699,153.5234,156.54,155.1184,0.8526,0.7718,0.8658,0.8016,0.7718,0.818,0.7318,0.8227,0.7887,0.7318,0.8207,0.8151,0.8095,0.8222,0.7064,0.708,0.7945,0.8094,0.7064,0.8276,0.8123,0.7989,0.98,0.7989,0.8452,0.7714,0.7525,0.8317,0.8018,0.7008,0.8036,0.8514,0.7008,0,0,0,0,0,v1.0.1,2025_12_22,315.25,316.6571,476.7153,296.9343,295.4564,147.5973,148.2808,336.9247,336.2027,487.6351,-5.119,-2.3503,-0.0001,0,-0.221,1.5537,-0.2203,1.5483,0.6652,162.7549,157.6787,166.1191,165.293,162.9614,0.7009,0.6486,0.7186,0.6791,0.6486,0.6754,0.6183,0.6717,0.6694,0.6183,0.6552,0.6597,0.6693,0.6624,0.6136,0.6156,0.6174,0.6438,0.6136,0.6653,0.6459,0.6615,0.1667,0.1667,0.6484,0.6359,0.6547,0.6732,0.6607,0.5957,0.6061,0.6846,0.5957,0,0,0,0,0,v1.0.1,2025_12_22,317.5,328,442.2364,313.0727,302.832,196.624,188.7805,342.3252,332.3103,457.5,-2.7682,8.0044,0,0.0001,-0.2186,1.5591,-0.2103,1.5564,0.6716,177.333,176.7627,176.8584,178.4385,177.3481,0.8088,0.6188,0.8222,0.6798,0.6188,0.7793,0.595,0.7788,0.7094,0.595,0.7714,0.7751,0.7616,0.7518,0.7518,0.7427,0.6645,0.7316,0,0.6645,0,0,0,0,0,v1.0.1,2025_12_22,317.5,328,443.1009,313.0275,302.7143,195.8651,187.8306,342.4355,332.3846,458.3077,-2.7939,8.0272,0,0.0001,-0.2181,1.5588,-0.2104,1.5565,0.6717,147.8301,143.0059,144.7793,145.7363,145.3379,0.6565,0.5403,0.6816,0.5856,0.5403,0.6445,0.5301,0.6338,0.6012,0.5301,0.637,0.6394,0.651,0.6347,0.6347,0.5856,0.5427,0.5651,0.3965,0.3965,0,0,0,0,0,-0.0159,-0.1019,-0.0109,-0.0727,-0.0967,0.0013,-0.0886,0.0047,-0.0437,-0.0849,-0.0074,0.0041,-0.0069,0.0051,-0.1001,-0.1049,0.0042,-0.0247,-0.0137,-0.003,-0.0032,-0.0681,0.0046,-0.0383,-0.0555,-0.0119,-0.0533,0.0058,-0.0196,-0.0476,-0.0095,-0.0006,0.0055,0.0027,-0.0419,-0.0505,-0.0103,-0.005,-0.0172,-0.0063,0.0036,-0.2071,0.0042,-0.1387,-0.1864,0.006,-0.1788,0.0051,-0.0737,-0.1783,0.0042,-0.0023,0.0136,0.0133,-0.0115,0.0079,-0.0014,-0.1351,0.0079,-0.088,-0.1176,0.0014,-0.1115,-0.0109,-0.0435,-0.1115,0.0052,-0.008,0.0194,0.007,0.007,-0.0172,-0.0215,TRUE,TRUE
DTC_R_87,LanSi,1,CW_01,C,2026-03-21 16:16:40+08:00,ONLINE,FALSE,,CW_1_01,PASS,,,51.4521451,_2026032116164087501,T20260321161640,DESKTOP-P2DUL42,Loma,1,CW_1_01,1,paul di,2024.0718.155524,V20260126.2,CW_DTCL_DTCR_STC,T20260321161732,51.4521451,TRUE,TRUE,TRUE,TRUE,TRUE,TRUE,TRUE,4S2RND2HBL0DP6,v1.0.1,2025_12_22,315.0362,317.1159,474.9118,297.5,295.1164,147.3699,149.3922,337.6667,335.5455,485.5035,-5.4996,-2.4688,-0.0001,0,-0.2216,1.5535,-0.2229,1.5491,0.6645,156.8848,154.6729,154.2578,156.5693,155.5962,0.8653,0.8283,0.8645,0.8329,0.8283,0.8295,0.778,0.8311,0.7755,0.7755,0.8191,0.8163,0.8085,0.8254,0.7813,0.7669,0.7517,0.7573,0.7517,0.8545,0.8237,0.8102,0.98,0.8102,0.8468,0.8152,0.7821,0.8146,0.8008,0.8383,0.8266,0.8475,0.7821,0,0,0,0,0,v1.0.1,2025_12_22,315.0429,317.1071,475.9574,297.156,295.0403,146.3893,148.1208,337.8054,335.6966,486.4552,-5.5284,-2.5174,-0.0001,0,-0.2228,1.5536,-0.2229,1.5489,0.6642,164.0059,158.25,167.3633,166.6133,164.0581,0.7052,0.6933,0.719,0.6941,0.6933,0.6838,0.6529,0.6827,0.6479,0.6479,0.6554,0.642,0.65,0.662,0.6439,0.6482,0.6138,0.6306,0.6138,0.6901,0.6679,0.6757,0.284,0.284,0.6537,0.6627,0.6652,0.6724,0.6473,0.6798,0.6499,0.6872,0.6473,0,0,0,0,0,v1.0.1,2025_12_22,317.0849,328.6698,441.5478,313.5739,302.4567,195.8819,188.5289,343.2893,331.6579,457.386,-3.2448,8.2602,0,0.0001,-0.2202,1.5606,-0.2127,1.5575,0.6713,178.0537,177.7549,178.0967,178.665,178.1426,0.8045,0.6918,0.8138,0.7006,0.6918,0.7711,0.6737,0.7712,0.6519,0.6519,0.7743,0.7623,0.7592,0.7288,0.7288,0.7377,0.6911,0.7234,0,0.6911,0,0,0,0,0,v1.0.1,2025_12_22,317.0381,328.7524,442.4779,313.5487,302.315,195.0945,187.5583,343.4167,331.8108,458.2703,-3.26,8.3165,0,0.0001,-0.2201,1.5606,-0.2123,1.5567,0.6712,149.3223,143.9473,145.6191,146.8506,146.4348,0.6524,0.5884,0.6718,0.5985,0.5884,0.6453,0.5868,0.64,0.556,0.556,0.6137,0.6358,0.6392,0.628,0.6137,0.6006,0.5481,0.5725,0.4314,0.4314,0,0,0,0,0,-0.0032,-0.0454,-0.0122,-0.0414,-0.0402,0.0128,-0.0424,0.0131,-0.0569,-0.0412,-0.009,0.0053,-0.0079,0.0083,-0.0252,-0.046,-0.0386,-0.0768,0.0132,0.0083,0.0011,-0.0234,0.005,-0.0233,-0.0108,-0.0035,-0.0187,0.0168,-0.0411,-0.018,-0.0093,-0.0183,-0.0138,0.0023,-0.0116,-0.0179,-0.0139,-0.0182,0.0076,0.0079,-0.0007,-0.1341,-0.0042,-0.1179,-0.1134,-0.0022,-0.1001,-0.0025,-0.1312,-0.1214,0.0071,-0.0151,0.0112,-0.0097,-0.0165,-0.0003,-0.0055,-0.087,-0.0019,-0.0751,-0.0695,0.0022,-0.0548,-0.0047,-0.0887,-0.0856,-0.0181,-0.0116,0.0076,0.0003,-0.014,-0.0022,-0.0141,TRUE,TRUE
DTC_L_87,LanSi,1,CW_01,C,2026-03-21 16:16:40+08:00,ONLINE,FALSE,,CW_1_01,PASS,,,51.6900526,_2026032116164087502,T20260321161640,DESKTOP-P2DUL42,Loma,1,CW_1_01,2,paul di,2024.0718.155524,V20260126.2,CW_DTCL_DTCR_STC,T20260321161732,51.6900526,TRUE,TRUE,TRUE,TRUE,TRUE,TRUE,TRUE,4S2RND2HBL06DS,v1.0.1,2025_12_22,315.1533,322.8102,475.5821,301.9627,296.3311,151.6892,149.86,342.5667,334.5,488.2687,-5.2147,1.9595,-0.0001,0,-0.2287,1.5607,-0.2184,1.5539,0.6669,154.457,150.2998,148.0537,153.5146,151.5813,0.8302,0.803,0.8451,0.7984,0.7984,0.7729,0.7588,0.8004,0.7326,0.7326,0.8171,0.7994,0.8161,0.7594,0.6994,0.7223,0.7382,0.6884,0.6884,0.8148,0.2928,0.8272,0.7682,0.2928,0.8361,0.7565,0.7428,0.8121,0.8077,0.766,0.7738,0.7609,0.7428,0,0,0,0,0,v1.0.1,2025_12_22,315.1087,322.8261,476.7153,301.9343,296.0952,150.7619,148.7368,342.6513,334.6786,489.3714,-5.2331,2.009,-0.0001,0,-0.228,1.5602,-0.2181,1.5533,0.6669,162.6182,158.1074,163.8008,163.6016,162.032,0.6908,0.6839,0.6912,0.7038,0.6839,0.6542,0.6477,0.6526,0.6445,0.6445,0.6478,0.6471,0.6648,0.6372,0.5882,0.629,0.6359,0.6008,0.5882,0.6767,0.5129,0.6886,0.6503,0.5129,0.6461,0.6312,0.6175,0.6769,0.6857,0.651,0.6533,0.6232,0.6175,0,0,0,0,0,v1.0.1,2025_12_22,313.8077,315.0385,438.7321,300.7321,300.2397,184.2562,185.605,329.605,327.9569,445.1293,-6.2317,-4.5478,-0.0001,0,-0.2135,1.5669,-0.2126,1.5619,0.6757,175.7373,174.4668,172.29,175.0752,174.3923,0.7914,0.7093,0.7953,0.7069,0.7069,0.7537,0.6729,0.756,0.6505,0.6505,0.7675,0.7656,0.7667,0.7068,0.7068,0.7312,0,0.7168,0.6524,0.6524,0,0,0,0,0,v1.0.1,2025_12_22,313.767,315,439.6174,300.5478,300.0862,183.5,184.8167,329.6917,327.9391,445.9739,-6.2547,-4.5573,-0.0001,0,-0.2138,1.5666,-0.2129,1.5625,0.6756,149.3232,144.3154,143.1777,146.8604,145.9192,0.6661,0.596,0.6774,0.605,0.596,0.6263,0.5708,0.6296,0.5802,0.5708,0.6349,0.629,0.6419,0.6025,0.6025,0.5923,0.5292,0.6016,0.5386,0.5292,0,0,0,0,0,-0.0038,-0.0565,-0.0063,-0.0349,-0.0349,-0.0194,-0.0745,-0.0002,-0.0653,-0.0597,-0.0062,-0.0195,0.0165,-0.0046,-0.1276,-0.0978,-0.0707,-0.0511,-0.0031,-0.007,0.0034,-0.0369,-0.0055,-0.0086,-0.0035,-0.0172,-0.0272,-0.0089,-0.0195,-0.017,-0.0074,-0.0132,0.0048,-0.0047,-0.0763,-0.0318,-0.0251,-0.0301,-0.0067,0.013,-0.0006,-0.1214,0.0002,-0.111,-0.0851,0.0052,-0.1222,-0.0085,-0.1002,-0.098,-0.0134,0.0013,0.0085,0.0107,-0.0019,-0.0216,0.0114,-0.0825,0.0072,-0.0758,-0.0587,-0.0126,-0.0851,-0.0011,-0.0716,-0.0599,0.001,0.0049,0.0044,-0.0051,-0.0051,-0.003,0.0097,TRUE,TRUE
DTC_L_88,LanSi,1,CW_01,A,2026-03-21 16:18:23+08:00,ONLINE,FALSE,,CW_1_01,PASS,,,51.6397865,_2026032116182332202,T20260321161823,DESKTOP-P2DUL42,Loma,1,CW_1_01,2,paul di,2024.0718.155524,V20260126.2,CW_DTCL_DTCR_STC,T20260321161914,51.6397865,TRUE,TRUE,TRUE,TRUE,TRUE,TRUE,TRUE,4S2RND2HBL06DS,v1.0.1,2025_12_22,314.1985,322.1765,474.458,301.8092,295.0333,151.28,148.3841,341.649,333.2806,488.7626,-6.4291,1.6354,-0.0001,0,-0.2259,1.5586,-0.2164,1.5562,0.6681,154.8418,152.0713,150.083,155.1582,153.0386,0.823,0.8038,0.8498,0.7975,0.7975,0.7842,0.7494,0.7993,0.7636,0.7494,0.8129,0.811,0.8109,0.7745,0.7326,0.7052,0.7714,0.7147,0.7052,0.8246,0.9111,0.8106,0.8317,0.8106,0.8507,0.7536,0.7592,0.8232,0.8161,0.8288,0.7988,0.7676,0.7536,0,0,0,0,0,v1.0.1,2025_12_22,314.1957,322.1667,475.6691,301.6115,294.9603,150.3179,147.2789,341.8776,333.4964,489.8759,-6.38,1.6699,-0.0001,0,-0.2261,1.5588,-0.217,1.5557,0.6678,161.7568,157.8477,163.8994,163.5098,161.7534,0.684,0.6831,0.7045,0.6951,0.6831,0.6552,0.6361,0.6518,0.6509,0.6361,0.6578,0.6486,0.6587,0.633,0.6223,0.6313,0.642,0.6101,0.6101,0.6708,0.4835,0.6771,0.6987,0.4835,0.6599,0.6314,0.622,0.6697,0.6699,0.6909,0.6855,0.6256,0.622,0,0,0,0,0,v1.0.1,2025_12_22,312.8286,314.5429,437.8304,300.3393,299,183.8151,184.4553,328.9268,326.8947,445.0526,-7.2982,-4.9647,-0.0001,0,-0.2126,1.5649,-0.2111,1.5629,0.676,174.6455,175.1816,173.1826,175.0928,174.5256,0.7877,0.6845,0.8034,0.6703,0.6703,0.756,0.6499,0.7528,0.6789,0.6499,0.7822,0.778,0.7659,0.706,0.706,0.7299,0,0.7206,0.7226,0.7206,0,0,0,0,0,v1.0.1,2025_12_22,312.8654,314.5,438.7193,300.2456,299.0169,182.9492,183.6667,329.175,326.9828,445.9483,-7.2498,-4.9364,-0.0001,0,-0.2123,1.5654,-0.2126,1.5633,0.676,148.2695,143.7471,143.1045,146.7852,145.4766,0.662,0.5884,0.6773,0.6032,0.5884,0.634,0.5612,0.6158,0.5865,0.5612,0.6362,0.6335,0.6419,0.6152,0.6152,0.5829,0.5094,0.5817,0.571,0.5094,0,0,0,0,0,-0.011,-0.0557,-0.0016,-0.0358,-0.0358,-0.0081,-0.0839,-0.0013,-0.0343,-0.0429,-0.0104,-0.0079,0.0113,0.0105,-0.0944,-0.1149,-0.0375,-0.0248,0.0067,-0.0236,-0.0034,-0.0377,0.0078,-0.0173,-0.0043,-0.0162,-0.0388,-0.0097,-0.0131,-0.0254,0.0026,-0.0117,-0.0013,-0.0089,-0.0422,-0.0295,-0.019,-0.0208,-0.0126,0.0015,-0.0043,-0.1462,0.0083,-0.1476,-0.1217,0.0075,-0.1452,-0.0117,-0.0718,-0.0986,0.0013,0.0137,0.0077,0.0099,-0.0032,-0.0178,0.0073,-0.0901,0.0071,-0.0776,-0.0663,-0.0049,-0.0947,-0.0149,-0.0653,-0.0695,0.0023,0.0094,0.0044,0.0076,0.0076,-0.0124,-0.0102,TRUE,TRUE
DTC_R_88,LanSi,1,CW_01,A,2026-03-21 16:18:23+08:00,ONLINE,FALSE,,CW_1_01,PASS,,,51.5020808,_2026032116182344501,T20260321161823,DESKTOP-P2DUL42,Loma,1,CW_1_01,1,paul di,2024.0718.155524,V20260126.2,CW_DTCL_DTCR_STC,T20260321161914,51.5020808,TRUE,TRUE,TRUE,TRUE,TRUE,TRUE,TRUE,4S2RND2HBL0DP6,v1.0.1,2025_12_22,315.25,317.2574,475.4511,297.8346,295.6966,148.5448,149.5298,337.6225,336,485.5,-5.1145,-2.1481,-0.0001,0,-0.2201,1.5549,-0.2218,1.5476,0.6651,155.1719,152.4639,152.2354,154.9482,153.7048,0.8633,0.7858,0.8687,0.7724,0.7724,0.8095,0.755,0.8317,0.7462,0.7462,0.8216,0.819,0.8314,0.8186,0.7252,0.7413,0.7495,0.7431,0.7252,0.8426,0.7921,0.8055,0.98,0.7921,0.8387,0.7695,0.7521,0.8181,0.7942,0.7209,0.8308,0.834,0.7209,0,0,0,0,0,v1.0.1,2025_12_22,315.2029,317.3188,476.4895,297.5455,295.4564,147.5973,148.3533,337.84,336.0336,486.4698,-5.1929,-2.1457,-0.0001,0,-0.2215,1.5545,-0.2219,1.5477,0.6647,162.4785,157.29,165.8916,164.8838,162.636,0.6952,0.663,0.7048,0.6607,0.6607,0.6786,0.6448,0.6693,0.6355,0.6355,0.6568,0.6581,0.6594,0.6513,0.6159,0.6456,0.6162,0.6206,0.6159,0.6738,0.6447,0.6602,0.0582,0.0582,0.6334,0.6527,0.6615,0.6794,0.6616,0.596,0.6402,0.6635,0.596,0,0,0,0,0,v1.0.1,2025_12_22,317.3119,328.7248,442.0091,313.7091,302.7561,196.6341,188.6016,343.0488,332.0439,456.7632,-2.9555,8.276,0,0.0001,-0.2193,1.5605,-0.2103,1.5557,0.6717,177.2236,176.5371,176.7002,178.3965,177.2144,0.7978,0.6289,0.8231,0.6376,0.6289,0.7704,0.629,0.7663,0.6335,0.629,0.7752,0.7712,0.7495,0.7512,0.7495,0.7526,0.6644,0.7445,0,0.6644,0,0,0,0,0,v1.0.1,2025_12_22,317.271,328.785,442.8091,313.6727,302.6,195.904,187.813,343.2683,332.1429,457.5804,-2.9728,8.3421,0,0.0001,-0.2193,1.5603,-0.2109,1.5553,0.6714,147.9229,142.7578,144.4785,145.4316,145.1477,0.6643,0.5656,0.6801,0.5562,0.5562,0.6371,0.5547,0.6503,0.5502,0.5502,0.636,0.6427,0.6363,0.6382,0.636,0.5954,0.5452,0.5629,0.3741,0.3741,0,0,0,0,0,-0.0052,-0.0879,-0.008,-0.1019,-0.0961,-0.0072,-0.0654,0.0137,-0.0862,-0.0705,-0.0065,0.008,0.015,0.0015,-0.0813,-0.0716,-0.0408,-0.091,0.0013,0.0036,-0.0089,-0.0537,-0.0092,-0.0567,-0.0434,-0.0087,-0.0268,0.0034,-0.0535,-0.0304,-0.0079,-0.0022,-0.0044,-0.0084,-0.0396,-0.0205,-0.0115,-0.0282,-0.0087,-0.0076,-0.0074,-0.197,0.0051,-0.1809,-0.1763,-0.0029,-0.1448,-0.0074,-0.1496,-0.1443,0.008,-0.0062,0.0015,0.0127,-0.0016,0.0208,0.0064,-0.1098,0.0064,-0.1174,-0.1017,-0.006,-0.0869,0.0056,-0.0945,-0.0914,0.0042,-0.0047,0.0047,0.0105,0.0083,-0.0074,-0.0237,TRUE,TRUE
DTC_R_89,LanSi,1,CW_01,B,2026-03-21 16:19:56+08:00,ONLINE,FALSE,,CW_1_01,PASS,,,51.6937716,_2026032116195654701,T20260321161956,DESKTOP-P2DUL42,Loma,1,CW_1_01,1,paul di,2024.0718.155524,V20260126.2,CW_DTCL_DTCR_STC,T20260321162048,51.6937716,TRUE,TRUE,TRUE,TRUE,TRUE,TRUE,TRUE,4S2RND2HBL0DP6,v1.0.1,2025_12_22,315,317.5,474.9118,297.5,295.2671,147.5685,149.3467,338.2333,335.3235,486.0368,-5.5302,-2.1323,-0.0001,0,-0.2239,1.5547,-0.224,1.5503,0.6643,156.7725,154.832,154.501,156.3105,155.604,0.8651,0.8322,0.864,0.8344,0.8322,0.8239,0.7757,0.8206,0.7824,0.7757,0.8097,0.8137,0.8186,0.8052,0.7611,0.7716,0.7431,0.7616,0.7431,0.836,0.8092,0.8042,0.98,0.8042,0.8375,0.7572,0.7911,0.8319,0.8066,0.7951,0.7817,0.828,0.7572,0,0,0,0,0,v1.0.1,2025_12_22,314.9856,317.4532,475.993,297.338,295.1544,146.5302,148.1733,338.3467,335.5956,487.0074,-5.5196,-2.1649,-0.0001,0,-0.2238,1.5548,-0.2241,1.5493,0.6641,161.8799,154.6006,163.1133,164.335,160.9822,0.7051,0.6878,0.7133,0.7112,0.6878,0.6698,0.6504,0.6818,0.6609,0.6504,0.6515,0.6499,0.658,0.6569,0.6367,0.6408,0.619,0.643,0.619,0.6866,0.6666,0.6695,0.4711,0.4711,0.6586,0.6412,0.6495,0.6768,0.6612,0.672,0.6533,0.6863,0.6412,0,0,0,0,0,v1.0.1,2025_12_22,317.0755,328.8679,441.6667,313.6667,302.5197,195.9528,188.5372,343.5372,331.7436,458.0513,-3.1915,8.5152,0,0.0001,-0.2209,1.5612,-0.2131,1.5572,0.6711,177.5674,178.0596,177.8193,178.418,177.9661,0.8019,0.6979,0.819,0.7078,0.6979,0.7721,0.6723,0.7698,0.6652,0.6652,0.7791,0.754,0.7506,0.7309,0.7309,0.742,0.6842,0.7346,0,0.6842,0,0,0,0,0,v1.0.1,2025_12_22,317.1524,329,442.4425,313.6195,302.4194,195.1452,187.6341,343.5691,331.8636,458.7364,-3.1976,8.514,0,0.0001,-0.2216,1.5607,-0.2115,1.5574,0.6712,147.2393,140.5967,141.9717,144.8105,143.6545,0.6666,0.5832,0.6805,0.6228,0.5832,0.6462,0.5887,0.6392,0.5709,0.5709,0.6342,0.638,0.6273,0.6119,0.6119,0.5834,0.5631,0.5719,0.5177,0.5177,0,0,0,0,0,-0.0034,-0.0415,-0.0127,-0.0399,-0.0363,0.0072,-0.0447,0.0026,-0.05,-0.041,-0.0184,0.0027,0.0022,-0.0119,-0.0454,-0.0413,-0.0472,-0.0725,-0.0053,0.0023,0.001,-0.0289,-0.0007,-0.0062,-0.0163,-0.0175,-0.0212,0.0159,-0.0281,-0.0155,-0.0132,-0.0104,-0.0058,-0.0028,-0.0188,-0.0253,-0.0087,-0.0058,0.0041,0.0017,-0.0033,-0.128,0.001,-0.1107,-0.1073,-0.0012,-0.1015,-0.0039,-0.1179,-0.1081,0.0119,-0.0234,0.0026,-0.0076,-0.0122,0.0109,0.0087,-0.0922,0.0068,-0.0508,-0.0747,0.0031,-0.0529,-0.0055,-0.0738,-0.0707,0.0024,-0.0094,-0.0043,-0.0158,-0.0158,-0.0194,-0.0147,TRUE,TRUE
DTC_L_89,LanSi,1,CW_01,B,2026-03-21 16:19:56+08:00,ONLINE,FALSE,,CW_1_01,PASS,,,51.7246883,_2026032116195676402,T20260321161956,DESKTOP-P2DUL42,Loma,1,CW_1_01,2,paul di,2024.0718.155524,V20260126.2,CW_DTCL_DTCR_STC,T20260321162048,51.7246883,TRUE,TRUE,TRUE,TRUE,TRUE,TRUE,TRUE,4S2RND2HBL06DS,v1.0.1,2025_12_22,314.292,324,474.5338,303.9624,294.9801,152.6755,148.2953,343.953,333.2394,490.5,-6.4319,3.5182,-0.0001,0,-0.2239,1.558,-0.2191,1.557,0.668,153.8848,149.835,147.9727,152.8125,151.1262,0.8229,0.8052,0.846,0.7944,0.7944,0.7731,0.7645,0.8009,0.7498,0.7498,0.8079,0.8121,0.8222,0.7715,0.7114,0.7097,0.7507,0.6905,0.6905,0.818,0.98,0.821,0.8302,0.818,0.8459,0.7772,0.7661,0.811,0.8305,0.8412,0.792,0.7685,0.7661,0,0,0,0,0,v1.0.1,2025_12_22,314.1714,324.0143,475.708,303.7883,294.9007,151.6755,147.0405,344.1284,333.4085,491.5,-6.4542,3.5213,-0.0001,0,-0.224,1.5589,-0.2193,1.5559,0.6679,161.9121,157.5723,163.6201,162.5205,161.4062,0.6809,0.6837,0.6838,0.6946,0.6809,0.6521,0.6343,0.6564,0.6483,0.6343,0.6526,0.6545,0.6577,0.6177,0.5987,0.6077,0.6268,0.6142,0.5987,0.6783,0.4314,0.6855,0.6825,0.4314,0.6493,0.6512,0.6275,0.6609,0.6659,0.6793,0.6754,0.6319,0.6275,0,0,0,0,0,v1.0.1,2025_12_22,312.9151,316.3302,437.973,302.5766,298.9831,185.0508,184.5,331,326.9231,446.8291,-7.2412,-3.1427,-0.0001,0,-0.209,1.5646,-0.2132,1.5633,0.6764,174.7812,173.7832,171.959,173.8994,173.6057,0.7853,0.6937,0.8198,0.6973,0.6937,0.7262,0.6668,0.7583,0.6652,0.6652,0.7798,0.7594,0.7538,0.6955,0.6955,0.7243,0,0.7331,0.7304,0.7243,0,0,0,0,0,v1.0.1,2025_12_22,312.9048,316.2762,438.7895,302.4123,299.0351,184.307,183.5565,331.0726,326.9569,447.681,-7.2515,-3.1502,-0.0001,0,-0.2092,1.5656,-0.2134,1.5637,0.6767,148.8223,143.7803,143.0264,145.834,145.3657,0.6521,0.5885,0.6931,0.6007,0.5885,0.6226,0.568,0.6219,0.5789,0.568,0.6306,0.6284,0.6404,0.6124,0.6124,0.5765,0.5306,0.5825,0.581,0.5306,0,0,0,0,0,-0.0111,-0.0543,-0.0054,-0.0389,-0.0389,-0.0192,-0.0688,0.0003,-0.0481,-0.0425,-0.0154,-0.0068,0.0226,0.0075,-0.1156,-0.1104,-0.0582,-0.049,0.0001,-0.0132,-0.0065,-0.0371,-0.0129,-0.0178,-0.0065,-0.0193,-0.0406,-0.0051,-0.0157,-0.0272,-0.0026,-0.0058,-0.0023,-0.0242,-0.0658,-0.0531,-0.0342,-0.0167,-0.0051,0.0099,-0.0067,-0.137,0.0247,-0.1206,-0.0983,-0.0223,-0.1283,-0.0062,-0.0855,-0.0833,-0.0011,-0.0049,-0.0044,-0.0006,-0.0088,-0.0053,-0.0026,-0.09,0.0229,-0.0801,-0.0662,-0.0163,-0.0879,-0.0088,-0.0729,-0.0627,-0.0033,0.0043,0.0029,0.0048,0.0048,-0.0188,-0.0094,TRUE,TRUE
DTC_R_90,LanSi,1,CW_01,C,2026-03-21 16:21:47+08:00,ONLINE,FALSE,,CW_1_01,PASS,,,51.8650488,_2026032116214744901,T20260321162147,DESKTOP-P2DUL42,Loma,1,CW_1_01,1,paul di,2024.0718.155524,V20260126.2,CW_DTCL_DTCR_STC,T20260321162239,51.8650488,TRUE,TRUE,TRUE,TRUE,TRUE,TRUE,TRUE,4S2RND2HBL0DP6,v1.0.1,2025_12_22,315.146,316.1095,475.2593,296.2815,295.2708,147.7847,149.2133,336.28,335.9195,485,-5.3382,-3.2089,-0.0001,0,-0.2227,1.5527,-0.2204,1.5479,0.6644,156.0391,153.3711,153.3184,156.2822,154.7527,0.8684,0.7715,0.8715,0.7899,0.7715,0.8225,0.7349,0.8138,0.7941,0.7349,0.8284,0.8171,0.8134,0.8037,0.7169,0.7057,0.7827,0.7843,0.7057,0.8357,0.7901,0.8026,0.98,0.7901,0.846,0.7679,0.7598,0.8306,0.7869,0.7267,0.8311,0.8485,0.7267,0,0,0,0,0,v1.0.1,2025_12_22,315.0429,316.1071,476.3382,296.2426,295.1034,146.8138,148.0805,336.396,335.9595,486.1149,-5.3951,-3.1651,-0.0001,0,-0.222,1.553,-0.2204,1.5479,0.6646,162.3906,156.7939,165.2871,165.0625,162.3835,0.7058,0.6499,0.7105,0.6814,0.6499,0.6698,0.626,0.6734,0.6617,0.626,0.6611,0.6568,0.6503,0.6549,0.6113,0.622,0.6397,0.638,0.6113,0.6697,0.651,0.6713,0.2486,0.2486,0.6525,0.6548,0.652,0.6641,0.6487,0.6095,0.6437,0.6702,0.6095,0,0,0,0,0,v1.0.1,2025_12_22,317.1509,327.5943,441.991,312.3784,302.5806,195.8548,188.5455,341.6942,332,456.3604,-3.0464,7.2764,0,0.0001,-0.2208,1.5601,-0.2087,1.5555,0.6715,176.8135,176.6846,177.1748,178.2861,177.2397,0.7955,0.6124,0.8081,0.6623,0.6124,0.7574,0.6154,0.7569,0.6832,0.6154,0.7735,0.7661,0.7623,0.7471,0.7471,0.7442,0.671,0.7499,0,0.671,0,0,0,0,0,v1.0.1,2025_12_22,317.1333,327.6476,442.7589,312.4821,302.5433,195.1181,187.6639,341.8739,332,457.1026,-3.0801,7.3449,0,0.0001,-0.2196,1.5606,-0.2089,1.5559,0.672,147.917,142.5361,144.3008,145.5205,145.0686,0.6745,0.53,0.6734,0.5753,0.53,0.6407,0.5496,0.6444,0.5899,0.5496,0.6461,0.6431,0.6313,0.6267,0.6267,0.5963,0.5521,0.5696,0.4328,0.4328,0,0,0,0,0,-0.0001,-0.1022,-0.0052,-0.0844,-0.097,0.0058,-0.0855,-0.0042,-0.0383,-0.0818,0.0003,0.0061,-0.003,-0.0134,-0.0896,-0.1072,-0.0076,-0.0498,-0.0056,0.0007,0.0017,-0.0668,-0.0035,-0.036,-0.0542,-0.0175,-0.0456,0.0075,-0.0273,-0.0399,-0.0036,-0.0035,-0.0135,-0.0048,-0.0442,-0.0441,0.012,-0.0108,-0.0128,0.0035,-0.0097,-0.2135,-0.0099,-0.1562,-0.1928,-0.0159,-0.1584,-0.0168,-0.0999,-0.1579,0.0063,-0.0113,0.0143,0.0086,-0.01,0.0262,0.0166,-0.1454,-0.0003,-0.0983,-0.1279,-0.0024,-0.092,-0.0003,-0.0548,-0.092,0.0143,-0.0043,-0.0003,-0.001,-0.001,-0.0065,-0.017,TRUE,TRUE
DTC_L_90,LanSi,1,CW_01,C,2026-03-21 16:21:47+08:00,ONLINE,FALSE,,CW_1_01,PASS,,,52.0171494,_2026032116214733402,T20260321162147,DESKTOP-P2DUL42,Loma,1,CW_1_01,2,paul di,2024.0718.155524,V20260126.2,CW_DTCL_DTCR_STC,T20260321162239,52.0171494,TRUE,TRUE,TRUE,TRUE,TRUE,TRUE,TRUE,4S2RND2HBL06DS,v1.0.1,2025_12_22,315.3333,321.1818,475.8235,300.2647,296.457,149.5099,150.0068,340.9048,334.6835,487.5468,-5.0392,0.3816,-0.0001,0,-0.2291,1.5608,-0.2182,1.5545,0.667,154.5195,150.8047,148.9727,154.1553,152.113,0.8094,0.8017,0.8443,0.7912,0.7912,0.7864,0.7509,0.8028,0.7443,0.7443,0.8089,0.8104,0.8066,0.7648,0.7195,0.7212,0.7352,0.7006,0.7006,0.817,0.7892,0.8078,0.7793,0.7793,0.8361,0.7433,0.7134,0.8333,0.7963,0.7591,0.7511,0.7458,0.7134,0,0,0,0,0,v1.0.1,2025_12_22,315.25,321.3429,476.9571,300.1071,296.3245,148.596,148.8639,341.1905,334.8,488.5857,-5.0609,0.4644,-0.0001,0,-0.2301,1.5612,-0.2182,1.5539,0.6667,162.1553,158.0352,164.0254,163.2861,161.8755,0.6798,0.6827,0.6833,0.6879,0.6798,0.6484,0.6289,0.6622,0.6523,0.6289,0.6482,0.661,0.6543,0.6494,0.6114,0.6224,0.6367,0.6007,0.6007,0.6785,0.6194,0.6847,0.6764,0.6194,0.6529,0.6143,0.5901,0.6754,0.678,0.653,0.6379,0.6216,0.5901,0,0,0,0,0,v1.0.1,2025_12_22,313.9626,313.6449,439.1518,299.0179,300.3902,182.187,185.7983,328.2605,328,444.1026,-6.0394,-6.0574,-0.0001,-0.0001,-0.2158,1.5674,-0.213,1.5631,0.6754,175.9893,175.5303,173.3477,175.5537,175.1052,0.7885,0.6954,0.8007,0.6873,0.6873,0.7379,0.6373,0.7611,0.6593,0.6373,0.7721,0.7601,0.7613,0.7009,0.7009,0.7336,0,0.7213,0.6459,0.6459,0,0,0,0,0,v1.0.1,2025_12_22,313.9626,313.6449,439.9459,298.9459,300.3305,181.4661,184.878,328.3333,328.0172,444.9483,-6.0731,-6.0323,-0.0001,-0.0001,-0.2156,1.5675,-0.2128,1.5636,0.6757,148.46,144.2559,142.9102,146.251,145.4692,0.6604,0.5984,0.6708,0.5965,0.5965,0.6275,0.558,0.6327,0.5752,0.558,0.6237,0.6322,0.6433,0.5886,0.5886,0.5637,0.5022,0.5782,0.5525,0.5022,0,0,0,0,0,-0.0246,-0.0578,-0.0071,-0.0421,-0.0421,-0.0059,-0.0824,0.0022,-0.0536,-0.048,-0.0144,-0.0085,0.007,0.0008,-0.1075,-0.0989,-0.0737,-0.0389,-0.0009,-0.0264,-0.0076,-0.0381,-0.0134,-0.0245,-0.0076,-0.023,-0.046,0.0007,-0.0117,-0.0326,-0.007,0.0007,-0.0057,0.0075,-0.0531,-0.0384,-0.0243,-0.0302,-0.0049,0.0091,-0.0035,-0.1353,0.0056,-0.1306,-0.1047,-0.0106,-0.1578,-0.0034,-0.0914,-0.1112,-0.0088,-0.0042,0.0031,0.0048,0.0005,-0.0171,0.0057,-0.0801,0.0006,-0.0843,-0.0582,-0.0114,-0.0979,0.002,-0.0766,-0.0727,-0.0102,0.0081,0.0058,-0.019,-0.019,-0.0316,-0.0137,TRUE,TRUE
DTC_L_91,LanSi,1,CW_01,A,2026-03-21 16:23:24+08:00,ONLINE,FALSE,,CW_1_01,PASS,,,51.5499819,_2026032116232452502,T20260321162324,DESKTOP-P2DUL42,Loma,1,CW_1_01,2,paul di,2024.0718.155524,V20260126.2,CW_DTCL_DTCR_STC,T20260321162416,51.5499819,TRUE,TRUE,TRUE,TRUE,TRUE,TRUE,TRUE,4S2RND2HBL06DS,v1.0.1,2025_12_22,314.1691,323.2353,474.4848,303.0833,294.9408,152.4342,148.5033,342.8758,333.4848,489.0833,-6.3834,2.6424,-0.0001,0,-0.2245,1.5582,-0.2175,1.5543,0.6676,154.1797,149.7549,147.7148,153.0293,151.1697,0.8251,0.7955,0.8343,0.7928,0.7928,0.7829,0.7597,0.8059,0.7366,0.7366,0.8119,0.823,0.8265,0.7813,0.7453,0.7043,0.7183,0.6921,0.6921,0.819,0.318,0.8203,0.832,0.318,0.8306,0.7636,0.7495,0.8286,0.8184,0.8261,0.7867,0.7718,0.7495,0,0,0,0,0,v1.0.1,2025_12_22,314.2029,323.3188,475.6765,302.9632,294.9073,151.4636,147.3333,343.0733,333.6148,490.1259,-6.353,2.689,-0.0001,0,-0.2249,1.5585,-0.2173,1.5544,0.6677,163.0537,158.1309,163.9219,163.8867,162.2483,0.6817,0.6752,0.6972,0.6936,0.6752,0.655,0.6313,0.6611,0.6308,0.6308,0.6495,0.6541,0.6597,0.6201,0.6162,0.6193,0.6189,0.5981,0.5981,0.6676,0.4871,0.6813,0.6924,0.4871,0.6493,0.6469,0.6106,0.6784,0.6697,0.6929,0.6622,0.6361,0.6106,0,0,0,0,0,v1.0.1,2025_12_22,312.8667,315.6476,437.7168,301.5487,299.0169,184.9492,184.623,330.1885,326.9569,445.8707,-7.2639,-3.8591,-0.0001,0,-0.2119,1.5647,-0.2124,1.5625,0.6757,175.3027,174.1836,171.834,174.2822,173.9006,0.7849,0.6767,0.8037,0.6857,0.6767,0.7384,0.6501,0.7558,0.6435,0.6435,0.7837,0.7578,0.7668,0.7181,0.7181,0.7316,0,0.732,0.6939,0.6939,0,0,0,0,0,v1.0.1,2025_12_22,312.9038,315.6058,438.6174,301.4522,298.9831,184.0508,183.7107,330.2727,326.9646,446.6372,-7.2641,-3.8963,-0.0001,0,-0.2116,1.5649,-0.2125,1.5634,0.676,149.3379,143.8447,142.9482,146.5225,145.6633,0.6412,0.5761,0.6731,0.6276,0.5761,0.6288,0.5553,0.6328,0.5715,0.5553,0.6327,0.6367,0.6427,0.6111,0.6111,0.6041,0.5402,0.5889,0.5642,0.5402,0,0,0,0,0,-0.0089,-0.064,-0.0171,-0.0405,-0.0405,-0.0094,-0.0736,0.0053,-0.0613,-0.0557,-0.0114,0.0041,0.0269,0.0173,-0.0817,-0.1158,-0.0906,-0.0474,0.0011,-0.0139,-0.0057,-0.0456,0.0005,-0.0188,-0.0122,-0.0164,-0.0436,-0.0004,-0.0332,-0.0307,-0.0057,-0.0062,-0.0003,-0.0218,-0.0483,-0.0415,-0.0421,-0.0328,-0.0158,0.0057,-0.0071,-0.154,0.0086,-0.1322,-0.1153,-0.0101,-0.145,-0.0087,-0.1072,-0.105,0.0028,-0.0065,0.0086,0.022,-0.0015,-0.0064,-0.0135,-0.1024,0.0029,-0.0532,-0.0786,-0.0101,-0.1006,0.0021,-0.0803,-0.0754,-0.0012,0.0126,0.0052,0.0035,0.0035,0.0088,-0.003,TRUE,TRUE
DTC_R_91,LanSi,1,CW_01,A,2026-03-21 16:23:24+08:00,ONLINE,FALSE,,CW_1_01,FAIL,SFR_VIS_25cm_Ny4_06F_ROI14;SFR_VIS_25cm_Ny4_06F_Min;SFR_VIS_25cm_Ny4_06F_ROI14_Dev,sfr_25Algo,51.3684667,_2026032116232470601,T20260321162324,DESKTOP-P2DUL42,Loma,1,CW_1_01,1,paul di,2024.0718.155524,V20260126.2,CW_DTCL_DTCR_STC,T20260321162416,51.3684667,TRUE,TRUE,TRUE,TRUE,TRUE,TRUE,TRUE,4S2RND2HBL0DP6,v1.0.1,2025_12_22,315,316.0863,474.7926,296,295.1224,147.0816,149.2745,336.4248,335.5,483.9265,-5.5621,-3.5961,-0.0001,0,-0.2245,1.5532,-0.2216,1.5487,0.664,156.2393,153.1719,152.9961,155.6836,154.5227,0.8678,0.8028,0.8786,0.8228,0.8028,0.8154,0.7565,0.8245,0.7912,0.7565,0.8141,0.8163,0.8233,0.8072,0.6607,0.6253,0.7185,0.7076,0.6253,0.8509,0.8181,0.8051,0.5489,0.5489,0.852,0.8029,0.7764,0.8164,0.7618,0.7818,0.7953,0.8481,0.7618,0,0,0,0,0,v1.0.1,2025_12_22,315.0429,316.1071,475.8768,295.8478,295.1224,146.0816,148.1513,336.5395,335.7357,484.8929,-5.5142,-3.6062,-0.0001,0,-0.2248,1.5537,-0.2213,1.5483,0.664,162.8818,157.3213,166.0723,165.46,162.9338,0.7057,0.6811,0.7209,0.6992,0.6811,0.686,0.6514,0.6781,0.6517,0.6514,0.6554,0.6606,0.6519,0.6647,0.5809,0.577,0.5918,0.5984,0.577,0.6808,0.6633,0.6665,0.4408,0.4408,0.6627,0.6597,0.6605,0.6795,0.632,0.6596,0.6602,0.6849,0.632,0,0,0,0,0,v1.0.1,2025_12_22,317.0849,327.6698,441.5478,312.3826,302.544,194.888,188.5242,342,331.9115,456,-3.1775,7.0881,0,0.0001,-0.2217,1.5612,-0.2105,1.5553,0.6711,176.8848,176.1221,176.4365,177.6885,176.783,0.8023,0.6897,0.8268,0.7035,0.6897,0.7544,0.7321,0.7828,0.6707,0.6707,0.772,0.7654,0.7471,0.7314,0.7314,0.7426,0.6792,0.7267,0,0.6792,0,0,0,0,0,v1.0.1,2025_12_22,317.0952,327.7238,442.4123,312.3947,302.439,194.0976,187.623,342.1885,331.8919,456.7838,-3.2077,7.1377,0,0.0001,-0.2212,1.561,-0.2107,1.5561,0.6713,148.2002,143.167,144.7871,145.8652,145.5049,0.6711,0.5914,0.6962,0.6124,0.5914,0.6293,0.6257,0.6489,0.5735,0.5735,0.6322,0.6247,0.6391,0.6218,0.6218,0.6066,0.5537,0.5828,0.5127,0.5127,0,0,0,0,0,-0.0007,-0.0709,0.0019,-0.0515,-0.0657,-0.0013,-0.0639,0.0065,-0.0412,-0.0602,-0.014,0.0053,0.0069,-0.0099,-0.1458,-0.1876,-0.0718,-0.1265,0.0096,0.0032,0.0016,-0.0356,0.0069,-0.0182,-0.023,-0.0013,-0.0202,0.0122,-0.0373,-0.0145,-0.0093,0.0003,-0.0119,0.005,-0.0746,-0.0891,-0.0359,-0.0504,-0.0017,-0.0013,-0.0029,-0.1362,0.0088,-0.115,-0.1155,-0.0189,-0.0417,0.0091,-0.1124,-0.1026,0.0048,-0.012,-0.0009,-0.0071,-0.0116,0.003,0.0132,-0.084,0.0225,-0.0612,-0.0665,-0.0138,-0.0159,0.0042,-0.0712,-0.0681,0.0004,-0.0227,0.0075,-0.0059,-0.0059,0.0038,-0.0038,TRUE,TRUE
DTC_R_92,LanSi,1,CW_01,B,2026-03-21 16:24:57+08:00,ONLINE,FALSE,,CW_1_01,PASS,,,51.5518824,_2026032116245796501,T20260321162457,DESKTOP-P2DUL42,Loma,1,CW_1_01,1,paul di,2024.0718.155524,V20260126.2,CW_DTCL_DTCR_STC,T20260321162549,51.5518824,TRUE,TRUE,TRUE,TRUE,TRUE,TRUE,TRUE,4S2RND2HBL0DP6,v1.0.1,2025_12_22,314.9343,317.1533,474.8978,297.4526,295.1284,147.0338,149.4221,337.7013,335.3592,485.338,-5.5517,-2.5642,-0.0001,0,-0.222,1.5544,-0.223,1.5494,0.6647,156.0244,154.2656,153.9531,155.957,155.05,0.8627,0.8224,0.8744,0.7922,0.7922,0.8167,0.7851,0.8282,0.7761,0.7761,0.8228,0.8141,0.8144,0.8143,0.7609,0.7821,0.7448,0.753,0.7448,0.8437,0.8111,0.812,0.98,0.8111,0.8515,0.7945,0.7925,0.8202,0.8294,0.835,0.821,0.8366,0.7925,0,0,0,0,0,v1.0.1,2025_12_22,314.9574,317.156,475.9574,297.156,295.089,146.0479,148.2067,337.88,335.5455,486.3147,-5.5488,-2.5891,-0.0001,0,-0.2231,1.5547,-0.2231,1.5492,0.6644,161.7891,154.8164,163.666,164.5723,161.2109,0.7065,0.7044,0.6991,0.6773,0.6773,0.6696,0.6588,0.6623,0.6574,0.6574,0.6534,0.6493,0.6491,0.6709,0.6358,0.6406,0.609,0.6215,0.609,0.6773,0.677,0.6771,0.4248,0.4248,0.6594,0.6713,0.6679,0.6743,0.6536,0.7061,0.6626,0.6781,0.6536,0,0,0,0,0,v1.0.1,2025_12_22,317.0849,328.6698,441.5948,313.5948,302.464,195.464,188.5,343.3333,331.5965,457.3684,-3.252,8.1861,0,0.0001,-0.22,1.561,-0.213,1.558,0.6715,177.2803,177.7451,177.6631,178.1455,177.7085,0.8041,0.7231,0.8181,0.6665,0.6665,0.7746,0.6679,0.7696,0.6617,0.6617,0.7612,0.7649,0.7535,0.739,0.739,0.7525,0.6888,0.7263,0,0.6888,0,0,0,0,0,v1.0.1,2025_12_22,317.0467,328.7103,442.4298,313.5702,302.378,194.8268,187.6417,343.4333,331.8087,457.9913,-3.239,8.2064,0,0.0001,-0.2197,1.5612,-0.2128,1.5566,0.6713,147.1543,140.6973,142.3037,145.0898,143.8113,0.6673,0.6059,0.6689,0.5867,0.5867,0.6356,0.5983,0.6394,0.5713,0.5713,0.6375,0.6489,0.6408,0.6297,0.6297,0.6032,0.567,0.5722,0.5071,0.5071,0,0,0,0,0,-0.0058,-0.0513,-0.0023,-0.0821,-0.0763,0,-0.0353,0.0102,-0.0563,-0.0406,-0.0053,0.0031,-0.002,-0.0028,-0.0456,-0.0308,-0.0455,-0.0811,0.0024,0.0101,0.0024,-0.0123,-0.0149,-0.0401,-0.0268,-0.0177,-0.0128,-0.0036,-0.0316,-0.0085,-0.0113,-0.011,-0.0147,0.0112,-0.0197,-0.0255,-0.0187,-0.0273,-0.0052,0.0093,-0.0011,-0.1028,0.0001,-0.152,-0.1387,0.0013,-0.1059,-0.0041,-0.1214,-0.1116,-0.006,-0.0125,0.0055,0.0005,-0.0017,0.0026,0.0094,-0.0695,-0.0048,-0.0869,-0.0712,-0.0075,-0.0433,-0.0053,-0.0734,-0.0703,0.0057,0.0015,0.0092,0.002,0.002,0.0004,-0.0144,TRUE,TRUE
DTC_L_92,LanSi,1,CW_01,B,2026-03-21 16:24:57+08:00,ONLINE,FALSE,,CW_1_01,PASS,,,51.7892479,_2026032116245796502,T20260321162457,DESKTOP-P2DUL42,Loma,1,CW_1_01,2,paul di,2024.0718.155524,V20260126.2,CW_DTCL_DTCR_STC,T20260321162549,51.7892479,TRUE,TRUE,TRUE,TRUE,TRUE,TRUE,TRUE,4S2RND2HBL06DS,v1.0.1,2025_12_22,314.3235,322.9632,474.4118,302.5294,295.0714,152.1169,148.3684,342.4211,333.3235,488.9632,-6.4003,2.2988,-0.0001,0,-0.2264,1.5581,-0.2162,1.5563,0.6679,154.4814,150.2725,148.1787,153.9307,151.7158,0.8254,0.7947,0.8472,0.8015,0.7947,0.7899,0.7696,0.8126,0.7454,0.7454,0.8135,0.8156,0.8174,0.7592,0.7367,0.702,0.7656,0.6978,0.6978,0.8127,0.3272,0.8303,0.8262,0.3272,0.8442,0.777,0.7455,0.8398,0.8353,0.8326,0.779,0.7724,0.7455,0,0,0,0,0,v1.0.1,2025_12_22,314.3556,323,475.4493,302.4275,294.9932,151.1959,147.2549,342.5882,333.4851,489.9627,-6.3924,2.3349,-0.0001,0,-0.2265,1.5581,-0.2162,1.5562,0.6679,163.6074,158.4756,164.8037,164.4033,162.8225,0.6913,0.6803,0.7028,0.6952,0.6803,0.6531,0.633,0.6552,0.6529,0.633,0.6573,0.6485,0.6583,0.623,0.6184,0.6334,0.6387,0.6207,0.6184,0.6811,0.5395,0.6716,0.6915,0.5395,0.6552,0.6467,0.6419,0.6718,0.6776,0.687,0.6552,0.6379,0.6379,0,0,0,0,0,v1.0.1,2025_12_22,312.9151,315.3302,437.7182,301.1,299.094,184.6838,184.5207,329.6198,326.8261,445.4609,-7.2852,-4.2611,-0.0001,0,-0.213,1.5649,-0.2103,1.5638,0.6763,175.9463,174.5293,172.6846,175.2441,174.6011,0.7775,0.6808,0.8112,0.6866,0.6808,0.7401,0.6535,0.76,0.6527,0.6527,0.781,0.7794,0.7621,0.6993,0.6993,0.7396,0,0.7298,0.7358,0.7298,0,0,0,0,0,v1.0.1,2025_12_22,312.9238,315.2762,438.7156,300.9541,298.9661,183.8559,183.5847,329.6525,326.9138,446.2241,-7.2792,-4.3074,-0.0001,0,-0.2129,1.5645,-0.2102,1.5638,0.6763,149.8203,144.6445,143.6426,147.6182,146.4314,0.6624,0.5805,0.6774,0.6022,0.5805,0.6149,0.5651,0.627,0.581,0.5651,0.6233,0.635,0.6393,0.6199,0.6199,0.5932,0.5317,0.5776,0.5707,0.5317,0,0,0,0,0,-0.0086,-0.0648,-0.0042,-0.0318,-0.0386,-0.0024,-0.0637,0.012,-0.0525,-0.0469,-0.0098,-0.0033,0.0178,-0.0048,-0.0903,-0.1181,-0.0433,-0.0417,-0.0052,-0.0039,0.0039,-0.0405,0.0061,-0.0172,-0.0071,-0.0183,-0.0419,-0.0063,-0.0111,-0.0285,0.0021,-0.0118,-0.0017,-0.0189,-0.0461,-0.0274,-0.0223,-0.0102,-0.0023,-0.004,-0.0145,-0.1499,0.0161,-0.1313,-0.1112,-0.0084,-0.1416,-0.0045,-0.098,-0.0958,0.0001,0.0151,0.0039,0.0032,0.0065,-0.0086,0.0077,-0.098,0.0072,-0.0786,-0.0742,-0.024,-0.0908,-0.0037,-0.0708,-0.0656,-0.0106,0.0109,0.0018,0.0123,0.0123,-0.0021,-0.0143,TRUE,TRUE
DTC_R_93,LanSi,1,CW_01,C,2026-03-21 16:26:42+08:00,ONLINE,FALSE,,CW_1_01,FAIL,SFR_VIS_25cm_Ny4_03F_ROI6_Dev;SFR_VIS_25cm_Ny4_03F_Min_Dev,Dev,51.5137226,_2026032116264294101,T20260321162642,DESKTOP-P2DUL42,Loma,1,CW_1_01,1,paul di,2024.0718.155524,V20260126.2,CW_DTCL_DTCR_STC,T20260321162734,51.5137226,TRUE,TRUE,TRUE,TRUE,TRUE,TRUE,TRUE,4S2RND2HBL0DP6,v1.0.1,2025_12_22,315,316.3657,474.7778,296.1333,295.1224,146.9864,149.2345,336.9172,335.3357,484.2143,-5.6059,-3.3766,-0.0001,0,-0.2254,1.5535,-0.2228,1.5497,0.6637,148.542,153.0273,152.6436,154.9209,152.2834,0.8595,0.8445,0.8757,0.834,0.834,0.8101,0.6913,0.8168,0.7578,0.6913,0.8223,0.8122,0.8156,0.8043,0.7592,0.7285,0.7356,0.6959,0.6959,0.837,0.804,0.8075,0.98,0.804,0.8418,0.7881,0.7913,0.8092,0.7997,0.8062,0.7659,0.8457,0.7659,0,0,0,0,0,v1.0.1,2025_12_22,315,316.5,475.9353,296.0647,295.0828,146,148,337,335.5461,485.1489,-5.5872,-3.3573,-0.0001,0,-0.2258,1.554,-0.2216,1.549,0.6639,157.375,158.5029,166.915,166.6006,162.3484,0.7053,0.7061,0.7045,0.7036,0.7036,0.6789,0.5836,0.6723,0.6303,0.5836,0.6591,0.6539,0.6543,0.6533,0.636,0.6192,0.5978,0.5972,0.5972,0.6879,0.6527,0.6627,0.4699,0.4699,0.6604,0.6574,0.6744,0.6649,0.6795,0.6786,0.6457,0.692,0.6457,0,0,0,0,0,v1.0.1,2025_12_22,317,327.6852,441.5,312.5,302.377,195.2377,188.4878,342.2114,331.6325,456.2222,-3.3005,7.2713,0,0.0001,-0.2209,1.5603,-0.212,1.5569,0.6711,169.9648,177.9482,177.5439,178.9092,176.0916,0.8038,0.6764,0.8248,0.706,0.6764,0.7691,0.6195,0.7853,0.6252,0.6195,0.767,0.775,0.7518,0.7378,0.7378,0.7514,0.6832,0.7435,0,0.6832,0,0,0,0,0,v1.0.1,2025_12_22,316.9907,327.7383,442.2719,312.4561,302.3719,194.5702,187.4417,342.4167,331.7544,456.8421,-3.3339,7.3047,0,0.0001,-0.2209,1.5609,-0.2123,1.5564,0.671,143.2568,144.1016,145.418,147.0312,144.9519,0.6567,0.5894,0.6839,0.614,0.5894,0.632,0.5436,0.6557,0.5521,0.5436,0.634,0.6478,0.6451,0.6249,0.6249,0.6086,0.5482,0.5814,0.5384,0.5384,0,0,0,0,0,-0.009,-0.0292,-0.001,-0.0403,-0.0345,-0.0066,-0.1291,-0.0012,-0.0746,-0.1254,-0.0058,0.0012,-0.0008,-0.0128,-0.0473,-0.0844,-0.0547,-0.1382,-0.0043,0.0056,0.0012,-0.0106,-0.0095,-0.0138,-0.0005,-0.0084,-0.088,0.0064,-0.0587,-0.0823,-0.0056,-0.0064,-0.0095,-0.0064,-0.0195,-0.0469,-0.0299,-0.0516,0.0054,-0.0051,-0.0014,-0.1495,0.0068,-0.1125,-0.1288,-0.0042,-0.1543,0.0116,-0.1579,-0.1538,-0.0002,-0.0024,0.0038,-0.0007,-0.0028,0.0198,-0.0012,-0.086,0.0102,-0.0596,-0.0685,-0.0111,-0.098,0.011,-0.0926,-0.098,0.0022,0.0004,0.0135,-0.0028,-0.0028,0.0058,-0.0052,TRUE,TRUE
DTC_L_93,LanSi,1,CW_01,C,2026-03-21 16:26:42+08:00,ONLINE,FALSE,,CW_1_01,PASS,,,51.6862608,_2026032116264276902,T20260321162642,DESKTOP-P2DUL42,Loma,1,CW_1_01,2,paul di,2024.0718.155524,V20260126.2,CW_DTCL_DTCR_STC,T20260321162734,51.6862608,TRUE,TRUE,TRUE,TRUE,TRUE,TRUE,TRUE,4S2RND2HBL06DS,v1.0.1,2025_12_22,315.3723,321.5985,475.8261,300.6667,296.6839,149.8387,150.0397,341.4768,334.7518,488.0876,-4.9652,0.8337,0,0,-0.2292,1.5619,-0.2191,1.5544,0.667,155.3018,150.835,149.4443,154.9111,152.623,0.8367,0.8061,0.8326,0.8119,0.8061,0.7825,0.7515,0.7919,0.7511,0.7511,0.8104,0.8017,0.7906,0.7722,0.7266,0.731,0.7475,0.6959,0.6959,0.8321,0.7623,0.8144,0.7637,0.7623,0.8352,0.7306,0.7062,0.8369,0.8237,0.7728,0.7668,0.7675,0.7062,0,0,0,0,0,v1.0.1,2025_12_22,315.3214,321.6286,476.8345,300.6187,296.4586,148.8981,148.9195,341.604,334.9137,489.1223,-5.0105,0.8743,-0.0001,0,-0.2288,1.5615,-0.219,1.5538,0.6669,161.6191,157.5273,163.5,162.8516,161.3745,0.6926,0.6859,0.6897,0.6918,0.6859,0.6578,0.6253,0.6494,0.646,0.6253,0.6553,0.6461,0.6515,0.6325,0.6208,0.6419,0.6259,0.5972,0.5972,0.6837,0.6304,0.6726,0.6604,0.6304,0.6543,0.6097,0.5803,0.6544,0.6785,0.6615,0.6625,0.6271,0.5803,0,0,0,0,0,v1.0.1,2025_12_22,314.0288,313.9519,439.1504,299.3894,300.547,182.5214,185.9504,328.5124,328,444.6522,-5.9647,-5.6946,-0.0001,-0.0001,-0.2153,1.5681,-0.2127,1.5638,0.676,176.002,174.6162,173.21,175.4551,174.8208,0.7871,0.6838,0.8118,0.7035,0.6838,0.7503,0.6415,0.7598,0.6506,0.6415,0.7674,0.7545,0.7656,0.6986,0.6986,0.7296,0,0.7215,0.5787,0.5787,0,0,0,0,0,v1.0.1,2025_12_22,313.9528,313.9717,439.8125,299.3304,300.4355,181.9355,185.048,328.6,328.0265,445.4513,-6.0449,-5.6422,-0.0001,-0.0001,-0.2153,1.5683,-0.2125,1.5636,0.676,148.3643,143.6084,142.5342,146.1172,145.156,0.6632,0.5773,0.6758,0.6174,0.5773,0.63,0.5585,0.6281,0.5784,0.5585,0.6246,0.6228,0.6395,0.6053,0.6053,0.5887,0.4841,0.5665,0.5064,0.4841,0,0,0,0,0,0.0027,-0.0534,-0.0188,-0.0214,-0.0272,-0.0098,-0.0818,-0.0087,-0.0468,-0.0412,-0.0129,-0.0172,-0.009,0.0082,-0.1004,-0.0891,-0.0614,-0.0436,0.0142,-0.0198,0.0052,-0.0349,-0.007,-0.0206,-0.0015,-0.0136,-0.0496,-0.0121,-0.018,-0.0362,0.0001,-0.0142,-0.0085,-0.0094,-0.0437,-0.0189,-0.0351,-0.0337,0.0003,-0.003,-0.0049,-0.1469,0.0167,-0.1144,-0.1082,0.0018,-0.1536,-0.0047,-0.1001,-0.107,-0.0135,-0.0098,0.0074,0.0025,-0.0035,-0.0169,0.0085,-0.1012,0.0056,-0.0634,-0.0774,-0.0089,-0.0974,-0.0026,-0.0734,-0.0722,-0.0093,-0.0013,0.002,-0.0023,-0.0023,-0.0066,-0.0254,TRUE,TRUE
DTC_R_94,LanSi,1,CW_01,A,2026-03-21 16:28:31+08:00,ONLINE,FALSE,,CW_1_01,PASS,,,51.5147551,_2026032116283172801,T20260321162831,DESKTOP-P2DUL42,Loma,1,CW_1_01,1,paul di,2024.0718.155524,V20260126.2,CW_DTCL_DTCR_STC,T20260321162923,51.5147551,TRUE,TRUE,TRUE,TRUE,TRUE,TRUE,TRUE,4S2RND2HBL0DP6,v1.0.1,2025_12_22,315.1691,316.7647,475.3037,296.9185,295.3121,147.9645,149.1701,336.9388,335.9184,484.0952,-5.3253,-2.9636,-0.0001,0,-0.2228,1.5532,-0.2204,1.5469,0.6642,155.3408,152.3779,152.2061,155.168,153.7732,0.8649,0.7924,0.8747,0.7656,0.7656,0.8118,0.7628,0.8161,0.7537,0.7537,0.816,0.8077,0.8133,0.83,0.7297,0.7293,0.763,0.738,0.7293,0.8324,0.7956,0.8076,0.98,0.7956,0.8342,0.7775,0.7528,0.8184,0.7898,0.7038,0.8177,0.8354,0.7038,0,0,0,0,0,v1.0.1,2025_12_22,315.1533,316.8102,476.2993,296.854,295.1181,147.0347,148,337,335.9178,485.1438,-5.4023,-2.9314,-0.0001,0,-0.2227,1.5528,-0.2197,1.5475,0.6645,163.0215,156.8496,165.5049,165.584,162.74,0.7069,0.6761,0.7099,0.6635,0.6635,0.6739,0.6501,0.6753,0.6338,0.6338,0.6478,0.6544,0.6537,0.6481,0.6282,0.6331,0.6231,0.6295,0.6231,0.6876,0.6536,0.6512,0.2854,0.2854,0.6412,0.651,0.6441,0.6628,0.6516,0.6083,0.6303,0.6638,0.6083,0,0,0,0,0,v1.0.1,2025_12_22,317.1682,328.1963,441.9537,312.9722,302.5,196,188.521,342.4538,331.9292,455.7168,-3.0856,7.5678,0,0.0001,-0.2209,1.5598,-0.2099,1.555,0.671,176.4297,175.7461,175.9287,177.2344,176.3347,0.8075,0.6357,0.8121,0.619,0.619,0.7649,0.6325,0.7817,0.6277,0.6277,0.7877,0.774,0.7548,0.7407,0.7407,0.7476,0.6596,0.7322,0,0.6596,0,0,0,0,0,v1.0.1,2025_12_22,317.0874,328.165,442.6697,312.9725,302.464,195.128,187.5583,342.5833,331.9375,456.5893,-3.1566,7.5876,0,0.0001,-0.2199,1.5608,-0.2103,1.5552,0.6714,148.4678,142.4141,144.2881,146.2764,145.3616,0.6661,0.5529,0.6844,0.5492,0.5492,0.636,0.5597,0.6461,0.5471,0.5471,0.6369,0.6376,0.6342,0.6319,0.6319,0.5864,0.5485,0.5679,0.4408,0.4408,0,0,0,0,0,-0.0036,-0.0813,-0.002,-0.1087,-0.1029,-0.0049,-0.0576,-0.0019,-0.0787,-0.063,-0.0121,-0.0033,-0.0031,0.0129,-0.0768,-0.0836,-0.0273,-0.0961,-0.0089,0.0057,0.0028,-0.0406,-0.0041,-0.0539,-0.0406,-0.0134,-0.0215,0.0094,-0.0552,-0.0321,-0.0169,-0.0059,-0.0101,-0.0116,-0.0273,-0.033,-0.0046,-0.0193,0.0051,-0.0166,0.0023,-0.1902,-0.0059,-0.1995,-0.1862,-0.0084,-0.1413,0.008,-0.1554,-0.1456,0.0205,-0.0034,0.0068,0.0022,-0.0066,0.0085,0.0082,-0.1225,0.0107,-0.1244,-0.1087,-0.0071,-0.0819,0.0014,-0.0976,-0.0945,0.0051,-0.0098,0.0026,0.0042,0.0042,-0.0164,-0.0187,TRUE,TRUE
DTC_L_94,LanSi,1,CW_01,A,2026-03-21 16:28:31+08:00,ONLINE,FALSE,,CW_1_01,PASS,,,51.7526564,_2026032116283172802,T20260321162831,DESKTOP-P2DUL42,Loma,1,CW_1_01,2,paul di,2024.0718.155524,V20260126.2,CW_DTCL_DTCR_STC,T20260321162923,51.7526564,TRUE,TRUE,TRUE,TRUE,TRUE,TRUE,TRUE,4S2RND2HBL06DS,v1.0.1,2025_12_22,313.9568,323,474,302.5,294.7161,151.0065,147.7867,342.72,332.9574,490.3121,-6.8166,2.4077,-0.0001,0,-0.2269,1.5589,-0.2176,1.5572,0.6679,154.5537,150.4404,148.5342,153.5576,151.7715,0.814,0.7946,0.8378,0.7974,0.7946,0.7696,0.7478,0.8031,0.7381,0.7381,0.81,0.8215,0.8178,0.7614,0.7449,0.7091,0.7596,0.7235,0.7091,0.8165,0.7101,0.823,0.8311,0.7101,0.8365,0.7464,0.7444,0.8326,0.8238,0.8395,0.7957,0.7677,0.7444,0,0,0,0,0,v1.0.1,2025_12_22,313.9568,323,475.1655,302.3813,294.5414,150.1019,146.6316,342.7961,333.1064,491.3546,-6.8197,2.4268,-0.0001,0,-0.2267,1.5585,-0.2172,1.557,0.6679,162.3096,157.8213,163.7559,163.0264,161.7283,0.6819,0.6752,0.6886,0.6922,0.6752,0.6527,0.6338,0.6532,0.6487,0.6338,0.6604,0.6505,0.661,0.637,0.636,0.63,0.6429,0.6085,0.6085,0.6678,0.5943,0.6766,0.6838,0.5943,0.6432,0.6114,0.615,0.6712,0.6529,0.6803,0.6789,0.6376,0.6114,0,0,0,0,0,v1.0.1,2025_12_22,312.2056,315.271,437.4273,301.0818,298.6098,183.813,183.7851,329.8182,326.319,446.4397,-7.8307,-4.2153,-0.0001,0,-0.2123,1.5672,-0.2123,1.5631,0.6764,176.083,175.1934,173.1182,175.2432,174.9094,0.8034,0.6878,0.8021,0.6795,0.6795,0.7389,0.6446,0.755,0.6639,0.6446,0.7657,0.7726,0.7685,0.6997,0.6997,0.7259,0,0.7296,0.7149,0.7149,0,0,0,0,0,v1.0.1,2025_12_22,312.271,315.215,438.2768,300.7946,298.5,183,182.9917,329.95,326.4167,447.3333,-7.8088,-4.2414,-0.0001,0,-0.2134,1.5665,-0.213,1.5636,0.6759,148.8174,144.1035,143.0479,146.3359,145.5762,0.6538,0.5888,0.6754,0.6037,0.5888,0.6202,0.5584,0.6205,0.5782,0.5584,0.6242,0.6318,0.6359,0.6072,0.6072,0.5817,0.5112,0.5932,0.574,0.5112,0,0,0,0,0,-0.02,-0.0649,-0.0136,-0.0359,-0.0387,-0.0227,-0.0855,0.0025,-0.0598,-0.0542,-0.0133,0.0026,0.0182,-0.0026,-0.0821,-0.111,-0.0493,-0.016,-0.0014,-0.0112,-0.0055,-0.0456,-0.0081,-0.0202,-0.0122,-0.0187,-0.0411,-0.0083,-0.0153,-0.0277,0.0052,-0.0098,0.001,-0.0049,-0.0285,-0.0308,-0.0181,-0.0224,-0.0156,0.001,0.0114,-0.1429,0.007,-0.1384,-0.1125,-0.0096,-0.1505,-0.0095,-0.0868,-0.1039,-0.0152,0.0083,0.0103,0.0036,-0.0072,-0.0088,-0.0009,-0.0897,0.0052,-0.0771,-0.0659,-0.0187,-0.0975,-0.0102,-0.0736,-0.0723,-0.0097,0.0077,-0.0016,-0.0004,-0.0004,-0.0136,0.0013,TRUE,TRUE
DTC_L_95,LanSi,1,CW_01,B,2026-03-21 16:32:32+08:00,ONLINE,FALSE,,CW_1_01,FAIL,SFR_VIS_25cm_Ny4_06F_ROI15;SFR_VIS_25cm_Ny4_06F_Min,sfr_25Algo,51.8304398,_2026032116323251802,T20260321163232,DESKTOP-P2DUL42,Loma,1,CW_1_01,2,paul di,2024.0718.155524,V20260126.2,CW_DTCL_DTCR_STC,T20260321163324,51.8304398,TRUE,TRUE,TRUE,TRUE,TRUE,TRUE,TRUE,4S2RND2HBL06DS,v1.0.1,2025_12_22,315.1397,322.6765,475.5338,302.0827,296.4868,152.0855,149.6467,342.4467,334.4526,488.3577,-5.2481,2.0298,-0.0001,0,-0.2272,1.5614,-0.2184,1.5542,0.6675,155.4775,151.3105,149.4346,154.6191,152.7104,0.8275,0.7921,0.848,0.787,0.787,0.7618,0.7614,0.7968,0.734,0.734,0.8201,0.8103,0.7737,0.7723,0.7371,0.7086,0.6566,0.6621,0.6566,0.8119,0.757,0.8106,0.7622,0.757,0.8412,0.7199,0.7302,0.8314,0.7768,0.7138,0.7591,0.7944,0.7138,0,0,0,0,0,v1.0.1,2025_12_22,315.1533,322.8102,476.6423,302,296.2763,151.0461,148.56,342.56,334.6331,489.3813,-5.247,2.0595,-0.0001,0,-0.2276,1.5608,-0.2175,1.5539,0.6674,162.6445,158.4121,164.3486,163.7666,162.293,0.6717,0.6754,0.6994,0.6971,0.6717,0.6513,0.6457,0.6468,0.6551,0.6457,0.6602,0.6525,0.6492,0.6382,0.6184,0.618,0.5765,0.5902,0.5765,0.6629,0.6042,0.6836,0.6572,0.6042,0.6566,0.6161,0.6148,0.6765,0.6503,0.6155,0.6556,0.6331,0.6148,0,0,0,0,0,v1.0.1,2025_12_22,313.767,315,438.6814,300.7168,300.3884,184.2893,185.605,329.605,327.8435,445.0522,-6.2429,-4.5673,-0.0001,0,-0.2133,1.5683,-0.213,1.5625,0.6761,176.3057,175.5371,173.3711,175.6035,175.2043,0.7812,0.6871,0.8118,0.6887,0.6871,0.7253,0.6465,0.7408,0.6467,0.6465,0.7538,0.775,0.7284,0.6919,0.6919,0.719,0,0.7137,0.6517,0.6517,0,0,0,0,0,v1.0.1,2025_12_22,313.7157,315.0196,439.4522,300.6174,300.3051,183.661,184.605,329.605,327.7931,445.9397,-6.3258,-4.5315,-0.0001,0,-0.2135,1.5685,-0.212,1.5632,0.6766,149.2979,144.3828,143.4766,146.9141,146.0178,0.641,0.5928,0.6733,0.6098,0.5928,0.618,0.5634,0.6197,0.5766,0.5634,0.6154,0.6397,0.6217,0.6159,0.6154,0.5745,0.4476,0.5887,0.5528,0.4476,0,0,0,0,0,-0.0065,-0.0674,-0.0034,-0.0463,-0.0463,-0.0305,-0.0719,-0.0038,-0.0639,-0.0583,-0.0032,-0.0086,-0.0259,0.0083,-0.0899,-0.1115,-0.1523,-0.0774,-0.006,-0.0236,-0.0157,-0.0454,0.0027,-0.0153,-0.0157,-0.0201,-0.0292,-0.0147,-0.0089,-0.0158,0.005,-0.0078,-0.0108,-0.0037,-0.0461,-0.0428,-0.0845,-0.0407,-0.0205,0.008,-0.0108,-0.1436,0.0167,-0.1292,-0.1049,-0.0232,-0.1486,-0.0237,-0.104,-0.102,-0.0271,0.0107,-0.0298,-0.0042,-0.0141,-0.0247,-0.0137,-0.0857,0.0031,-0.071,-0.0619,-0.0209,-0.0925,-0.011,-0.0752,-0.0673,-0.0185,0.0156,-0.0158,0.0083,0.0078,-0.0208,-0.0032,TRUE,TRUE
DTC_R_95,LanSi,1,CW_01,B,2026-03-21 16:32:32+08:00,ONLINE,FALSE,,CW_1_01,PASS,,,51.8533792,_2026032116323251701,T20260321163232,DESKTOP-P2DUL42,Loma,1,CW_1_01,1,paul di,2024.0718.155524,V20260126.2,CW_DTCL_DTCR_STC,T20260321163324,51.8533792,TRUE,TRUE,TRUE,TRUE,TRUE,TRUE,TRUE,4S2RND2HBL0DP6,v1.0.1,2025_12_22,315.0882,317.5,474.9118,297.5,295.2671,147.5685,149.3423,338.1275,335.3286,485.5,-5.5124,-2.2608,-0.0001,0,-0.224,1.5542,-0.2233,1.5504,0.6643,156.2773,153.5244,153.3154,156.3662,154.8708,0.8617,0.831,0.8629,0.8274,0.8274,0.8206,0.7679,0.8284,0.7646,0.7646,0.8192,0.8032,0.816,0.8049,0.7473,0.7692,0.7258,0.7484,0.7258,0.8278,0.8005,0.8069,0.98,0.8005,0.8496,0.7864,0.7971,0.8154,0.7991,0.846,0.7818,0.8491,0.7818,0,0,0,0,0,v1.0.1,2025_12_22,315,317.5,476.1064,297.3191,295.0927,146.596,148.1892,338.2162,335.4085,486.5,-5.5407,-2.2737,-0.0001,0,-0.2241,1.5543,-0.223,1.5501,0.6643,162.7334,157.543,166.2686,165.084,162.9072,0.7013,0.697,0.705,0.6999,0.697,0.6853,0.6602,0.6783,0.6514,0.6514,0.6632,0.65,0.6488,0.6668,0.6327,0.653,0.6039,0.6413,0.6039,0.6852,0.6669,0.6788,0.2298,0.2298,0.6403,0.663,0.6587,0.6763,0.6643,0.683,0.6481,0.6898,0.6403,0,0,0,0,0,v1.0.1,2025_12_22,317.0762,328.9238,441.6667,313.6667,302.5,196,188.5372,343.5372,331.5702,457.5614,-3.23,8.4378,0,0.0001,-0.2213,1.5611,-0.2127,1.5581,0.6713,177.417,176.6699,176.7207,178.3213,177.2822,0.7962,0.7156,0.8181,0.7046,0.7046,0.7703,0.6748,0.7691,0.6582,0.6582,0.7726,0.7708,0.76,0.7311,0.7311,0.7461,0.6772,0.7396,0,0.6772,0,0,0,0,0,v1.0.1,2025_12_22,317.1524,329,442.4425,313.6195,302.3902,195.187,187.582,343.5656,331.6667,458.4298,-3.2533,8.4604,0,0.0001,-0.2216,1.5604,-0.2114,1.5586,0.6715,147.7822,143.0957,144.6963,145.5439,145.2795,0.6642,0.595,0.6798,0.6083,0.595,0.647,0.591,0.6429,0.5576,0.5576,0.6407,0.6404,0.6348,0.6229,0.6229,0.5763,0.552,0.5837,0.4194,0.4194,0,0,0,0,0,-0.0068,-0.0427,-0.0138,-0.0469,-0.0411,0.0039,-0.0525,0.0104,-0.0678,-0.0521,-0.0089,-0.0078,-0.0004,-0.0122,-0.0592,-0.0437,-0.0645,-0.0857,-0.0135,0.005,-0.0028,-0.0197,-0.009,-0.0175,-0.0071,-0.002,-0.0114,0.0124,-0.0376,-0.0145,-0.0015,-0.0103,-0.015,0.0071,-0.0228,-0.0131,-0.0238,-0.0075,0.0027,0.011,-0.009,-0.1103,0.0001,-0.1139,-0.1006,-0.003,-0.099,-0.0046,-0.1249,-0.1151,0.0054,-0.0066,0.012,-0.0074,-0.0081,0.0159,0.0063,-0.0804,0.0061,-0.0653,-0.0629,0.0039,-0.0506,-0.0018,-0.0871,-0.084,0.0089,-0.007,0.0032,-0.0048,-0.0048,-0.0265,-0.0029,TRUE,TRUE
DTC_L_96,LanSi,1,CW_01,C,2026-03-21 16:34:19+08:00,ONLINE,FALSE,,CW_1_01,PASS,,,51.8877402,_2026032116341936902,T20260321163419,DESKTOP-P2DUL42,Loma,1,CW_1_01,2,paul di,2024.0718.155524,V20260126.2,CW_DTCL_DTCR_STC,T20260321163511,51.8877402,TRUE,TRUE,TRUE,TRUE,TRUE,TRUE,TRUE,4S2RND2HBL06DS,v1.0.1,2025_12_22,314.0882,323.5,474.4361,303.0827,294.8553,152.4474,148.245,343.3907,333.2993,489.635,-6.5152,2.9112,-0.0001,0,-0.2261,1.5583,-0.2189,1.5552,0.6671,154.0254,150.165,148.3086,153.0361,151.3838,0.8244,0.8079,0.839,0.7731,0.7731,0.7806,0.7506,0.8111,0.7613,0.7506,0.8163,0.8129,0.8292,0.7678,0.7542,0.7211,0.736,0.7066,0.7066,0.7999,0.6909,0.8141,0.8246,0.6909,0.8401,0.7278,0.7519,0.832,0.8371,0.8272,0.7807,0.782,0.7278,0,0,0,0,0,v1.0.1,2025_12_22,314.1871,323.5396,475.5489,303,294.6333,151.42,147.106,343.4636,333.6115,490.6619,-6.4827,2.917,-0.0001,0,-0.2261,1.5572,-0.2182,1.5546,0.6669,162.0781,157.8975,163.6426,163.0947,161.6782,0.6932,0.6785,0.6866,0.6743,0.6743,0.6583,0.6376,0.6659,0.649,0.6376,0.6518,0.6619,0.6657,0.6393,0.6293,0.6264,0.6209,0.6209,0.6209,0.6668,0.5121,0.6759,0.6792,0.5121,0.6576,0.6314,0.6203,0.6772,0.6784,0.6796,0.6677,0.639,0.6203,0,0,0,0,0,v1.0.1,2025_12_22,312.8019,315.8491,437.7168,301.6814,298.9068,185.0339,184.4628,330.5372,326.7043,446.3913,-7.3815,-3.6014,-0.0001,0,-0.2124,1.5645,-0.2134,1.5642,0.6757,175.0264,174.7119,172.4814,174.6846,174.2261,0.7853,0.6905,0.8008,0.6866,0.6866,0.7581,0.6483,0.7718,0.6772,0.6483,0.7687,0.7772,0.7665,0.7078,0.7078,0.7068,0,0.7052,0.7006,0.7006,0,0,0,0,0,v1.0.1,2025_12_22,312.8095,315.7333,438.5487,301.4779,298.775,184.1667,183.5,330.5,326.9569,447.1293,-7.382,-3.6986,-0.0001,0,-0.2124,1.564,-0.2132,1.563,0.6754,148.9668,143.6729,142.9893,146.5254,145.5386,0.66,0.59,0.6654,0.592,0.59,0.627,0.557,0.6298,0.6044,0.557,0.6324,0.6318,0.6457,0.6123,0.6123,0.5857,0.5355,0.5541,0.586,0.5355,0,0,0,0,0,-0.0096,-0.0516,-0.0124,-0.0602,-0.0602,-0.0117,-0.0827,0.0105,-0.0366,-0.0417,-0.007,-0.006,0.0296,0.0038,-0.0728,-0.099,-0.0729,-0.0329,-0.018,-0.0201,0.0058,-0.0423,-0.0101,-0.0381,-0.0131,-0.0131,-0.0373,0.0044,-0.015,-0.0239,-0.0034,0.0016,0.0057,-0.0026,-0.0352,-0.0344,-0.0401,-0.01,-0.0166,0.0003,-0.0067,-0.1402,0.0057,-0.1313,-0.1054,0.0096,-0.1468,0.0073,-0.0735,-0.1002,-0.0122,0.0129,0.0083,0.0117,-0.0263,-0.0332,0.0053,-0.0885,-0.0048,-0.0888,-0.0647,-0.0119,-0.0989,-0.0009,-0.0474,-0.0737,-0.0015,0.0077,0.0082,0.0047,0.0047,-0.0096,-0.0378,TRUE,TRUE
DTC_R_96,LanSi,1,CW_01,C,2026-03-21 16:34:19+08:00,ONLINE,FALSE,,CW_1_01,PASS,,,52.0852125,_2026032116341915601,T20260321163419,DESKTOP-P2DUL42,Loma,1,CW_1_01,1,paul di,2024.0718.155524,V20260126.2,CW_DTCL_DTCR_STC,T20260321163511,52.0852125,TRUE,TRUE,TRUE,TRUE,TRUE,TRUE,TRUE,4S2RND2HBL0DP6,v1.0.1,2025_12_22,314.9197,316.2117,474.7778,296.1333,295.0822,146.8562,149.2632,336.6513,335.3261,484.0362,-5.6262,-3.5223,-0.0001,0,-0.2244,1.5537,-0.2222,1.5493,0.6641,155.7676,153.8457,153.3877,155.8291,154.7075,0.8615,0.8271,0.8704,0.8325,0.8271,0.8183,0.7459,0.8251,0.7675,0.7459,0.8202,0.8142,0.8161,0.8053,0.7521,0.7395,0.7502,0.6876,0.6876,0.8481,0.7969,0.796,0.2403,0.2403,0.8395,0.7604,0.7755,0.8231,0.8017,0.8296,0.7564,0.8469,0.7564,0,0,0,0,0,v1.0.1,2025_12_22,314.9357,316.2429,475.9353,296.0647,295.0408,145.8367,148.0952,336.7619,335.5786,485.0429,-5.5829,-3.5102,-0.0001,0,-0.2242,1.5541,-0.2219,1.5486,0.6642,162.0332,155.7217,164.2988,164.748,161.7004,0.7091,0.6858,0.7067,0.6921,0.6858,0.6867,0.6487,0.6702,0.6403,0.6403,0.6588,0.6574,0.658,0.6721,0.6437,0.6475,0.5971,0.5973,0.5971,0.6827,0.6533,0.6691,0.323,0.323,0.6634,0.6353,0.6605,0.667,0.6597,0.671,0.6358,0.6844,0.6353,0,0,0,0,0,v1.0.1,2025_12_22,317.1226,327.7736,441.5478,312.4783,302.4194,195.1452,188.5,342.3333,331.6783,456.2435,-3.2464,7.2948,0,0.0001,-0.2218,1.5599,-0.2122,1.5575,0.6708,176.7275,176.9551,177.0029,178.0186,177.176,0.8019,0.7099,0.8226,0.7021,0.7021,0.7678,0.648,0.773,0.6375,0.6375,0.7746,0.7561,0.7617,0.7526,0.7526,0.7377,0.6641,0.7356,0,0.6641,0,0,0,0,0,v1.0.1,2025_12_22,317.0755,327.8679,442.4298,312.5702,302.3468,194.4194,187.5,342.5,331.8596,457,-3.2577,7.3715,0,0.0001,-0.2209,1.5604,-0.2119,1.5563,0.6709,147.5068,141.4775,143.3613,145.541,144.4717,0.6656,0.6047,0.6796,0.6067,0.6047,0.6358,0.5761,0.6433,0.5586,0.5586,0.6196,0.6342,0.6446,0.6254,0.6196,0.5965,0.542,0.5881,0.4483,0.4483,0,0,0,0,0,-0.007,-0.0466,-0.0063,-0.0418,-0.0414,0.0016,-0.0745,0.0071,-0.0649,-0.0708,-0.0079,0.0032,-0.0003,-0.0118,-0.0544,-0.0734,-0.0401,-0.1465,0.0068,-0.0059,0.005,-0.0309,-0.0073,-0.0253,-0.0183,-0.0006,-0.0229,0.0043,-0.0487,-0.0256,-0.0059,-0.0029,-0.0058,0.0124,-0.0118,-0.0186,-0.0306,-0.0515,0.0002,0.0013,-0.0033,-0.116,0.0046,-0.1164,-0.1031,-0.0055,-0.1258,-0.0007,-0.1456,-0.1358,0.0074,-0.0213,0.0137,0.0141,-0.0165,0.0119,0.0077,-0.0707,0.0059,-0.0669,-0.0532,-0.0073,-0.0655,-0.0014,-0.0861,-0.083,-0.0122,-0.0132,0.013,-0.0023,-0.0081,-0.0063,0.0015,TRUE,TRUE
DTC_R_97,LanSi,1,CW_01,A,2026-03-21 16:35:55+08:00,ONLINE,FALSE,,CW_1_01,PASS,,,51.3917056,_2026032116355588201,T20260321163555,DESKTOP-P2DUL42,Loma,1,CW_1_01,1,paul di,2024.0718.155524,V20260126.2,CW_DTCL_DTCR_STC,T20260321163647,51.3917056,TRUE,TRUE,TRUE,TRUE,TRUE,TRUE,TRUE,4S2RND2HBL0DP6,v1.0.1,2025_12_22,315.1103,316.5956,474.8759,296.5328,295.1544,147.0738,149.3267,336.98,335.5455,484.5035,-5.4975,-3.1628,-0.0001,0,-0.2244,1.5531,-0.2218,1.5492,0.664,155.7295,152.8135,152.499,155.1484,154.0476,0.8689,0.8472,0.8808,0.8234,0.8234,0.8282,0.7441,0.8184,0.7659,0.7441,0.819,0.8166,0.8065,0.8184,0.7562,0.7387,0.7323,0.7186,0.7186,0.8407,0.818,0.8045,0.9969,0.8045,0.8379,0.792,0.7763,0.8322,0.8051,0.787,0.7686,0.8387,0.7686,0,0,0,0,0,v1.0.1,2025_12_22,315.0786,316.6429,475.9286,296.35,295.1164,146.0342,148.1701,337.1293,335.6966,485.4552,-5.502,-3.1777,-0.0001,0,-0.225,1.5538,-0.2216,1.5487,0.664,163.0371,157.7871,166.4736,165.2803,163.1445,0.7023,0.7008,0.7113,0.6955,0.6955,0.6815,0.6264,0.6666,0.6501,0.6264,0.6598,0.6624,0.6465,0.6614,0.6331,0.6457,0.6055,0.6238,0.6055,0.6795,0.6692,0.6687,0.415,0.415,0.6389,0.6465,0.6384,0.6701,0.6756,0.6658,0.6614,0.6764,0.6384,0,0,0,0,0,v1.0.1,2025_12_22,317.0755,328.1321,441.531,312.6372,302.464,195.128,188.5,342.5,331.5965,456.5,-3.2666,7.4794,0,0.0001,-0.2233,1.5609,-0.2108,1.5576,0.6711,177.7969,176.876,177.123,178.6621,177.6145,0.8035,0.7212,0.8222,0.6774,0.6774,0.7601,0.6605,0.7735,0.6684,0.6605,0.7661,0.7737,0.758,0.7388,0.7388,0.7505,0.6765,0.7292,0,0.6765,0,0,0,0,0,v1.0.1,2025_12_22,317.0762,328.0762,442.4138,312.6552,302.336,194.368,187.5372,342.5372,331.7257,457.3097,-3.2822,7.4893,0,0.0001,-0.2219,1.5605,-0.2107,1.5574,0.6713,148.3682,143.291,145.1543,145.7646,145.6445,0.6567,0.6055,0.6725,0.5877,0.5877,0.639,0.5698,0.6509,0.5803,0.5698,0.6323,0.6222,0.6285,0.6329,0.6222,0.6043,0.5534,0.577,0.4938,0.4938,0,0,0,0,0,0.0004,-0.0265,0.0041,-0.0509,-0.0451,0.0115,-0.0763,0.0004,-0.0665,-0.0726,-0.0091,0.0056,-0.0099,0.0013,-0.0503,-0.0742,-0.058,-0.1155,-0.0006,0.0026,-0.0018,-0.0159,-0.0027,-0.0219,-0.0086,-0.0058,-0.0452,0.0007,-0.0389,-0.0395,-0.0049,0.0021,-0.0173,0.0017,-0.0224,-0.0204,-0.0222,-0.025,-0.003,0.0009,-0.0017,-0.1047,0.0042,-0.1411,-0.1278,-0.0132,-0.1133,-0.0002,-0.1147,-0.1128,-0.0011,-0.0037,0.01,0.0003,-0.0037,0.0055,-0.0012,-0.0699,-0.0012,-0.0859,-0.0702,-0.0041,-0.0718,0.0062,-0.0644,-0.0718,0.0005,-0.0252,-0.0031,0.0052,-0.0055,0.0015,-0.0096,TRUE,TRUE
DTC_L_97,LanSi,1,CW_01,A,2026-03-21 16:35:55+08:00,ONLINE,FALSE,,CW_1_01,PASS,,,51.5273427,_2026032116355576202,T20260321163555,DESKTOP-P2DUL42,Loma,1,CW_1_01,2,paul di,2024.0718.155524,V20260126.2,CW_DTCL_DTCR_STC,T20260321163647,51.5273427,TRUE,TRUE,TRUE,TRUE,TRUE,TRUE,TRUE,4S2RND2HBL06DS,v1.0.1,2025_12_22,314.292,323,474.5263,302.7895,294.9801,151.6755,148.3856,342.6209,333.4143,489.4714,-6.3803,2.4115,-0.0001,0,-0.225,1.558,-0.2172,1.5559,0.6679,155.9541,151.4072,149.2432,154.5723,152.7942,0.8251,0.8085,0.8465,0.7979,0.7979,0.7862,0.75,0.7804,0.7575,0.75,0.8296,0.8128,0.808,0.7696,0.7465,0.7285,0.7534,0.6874,0.6874,0.7624,0.98,0.8233,0.829,0.7624,0.8386,0.7768,0.7811,0.836,0.8139,0.828,0.7928,0.7824,0.7768,0,0,0,0,0,v1.0.1,2025_12_22,314.1714,323.0143,475.6429,302.5714,294.8874,150.7682,147.1879,342.7718,333.6714,490.5,-6.3878,2.4251,-0.0001,0,-0.2254,1.5588,-0.2173,1.5544,0.6676,162.748,158.1025,164.0977,163.4688,162.1042,0.6856,0.6871,0.6954,0.6876,0.6856,0.6445,0.645,0.6445,0.6426,0.6426,0.6606,0.6393,0.6466,0.638,0.623,0.6295,0.6507,0.6024,0.6024,0.6568,0.457,0.6798,0.6868,0.457,0.6538,0.6543,0.6334,0.6842,0.6763,0.6832,0.6819,0.6231,0.6231,0,0,0,0,0,v1.0.1,2025_12_22,312.8667,315.3524,437.7876,301.2832,299.025,184.2333,184.4711,329.7107,326.9569,445.8707,-7.2786,-4.2099,-0.0001,0,-0.2116,1.5651,-0.2109,1.5627,0.6763,176.1504,174.5742,172.4541,174.6611,174.46,0.7854,0.6922,0.7965,0.6886,0.6886,0.7455,0.6597,0.7571,0.672,0.6597,0.7869,0.757,0.7624,0.6977,0.6977,0.6764,0,0.7115,0.7102,0.6764,0,0,0,0,0,v1.0.1,2025_12_22,312.8208,315.3208,438.7411,301.1071,298.7542,183.5847,183.5455,329.7769,326.9211,446.6667,-7.3435,-4.2088,-0.0001,0,-0.2119,1.5639,-0.2108,1.5633,0.6761,149.3213,144.041,143.375,146.8506,145.897,0.6777,0.5926,0.6816,0.6105,0.5926,0.6305,0.5593,0.6274,0.5829,0.5593,0.6365,0.6323,0.6493,0.6052,0.6052,0.5764,0.5217,0.5968,0.5604,0.5217,0,0,0,0,0,-0.0089,-0.051,-0.0049,-0.0354,-0.0354,-0.0061,-0.0833,-0.0202,-0.0404,-0.0423,0.0063,-0.0061,0.0084,0.0056,-0.0805,-0.0916,-0.0555,-0.0521,-0.0555,-0.0109,-0.0018,-0.0337,-0.0013,-0.0248,-0.0018,-0.0269,-0.0299,-0.017,-0.0214,-0.0189,0.0054,-0.021,-0.0134,-0.0039,-0.0415,-0.0313,-0.0103,-0.0285,-0.0266,0.0042,-0.0066,-0.1385,0.0014,-0.1293,-0.1034,-0.003,-0.1354,-0.0074,-0.0787,-0.0888,0.006,-0.0073,0.0042,0.0016,-0.0567,-0.0269,0.023,-0.0859,0.0114,-0.0703,-0.0621,-0.0084,-0.0966,-0.0033,-0.0689,-0.0714,0.0026,0.0082,0.0118,-0.0024,-0.0024,-0.0189,0.0049,TRUE,TRUE
DTC_R_98,LanSi,1,CW_01,B,2026-03-21 16:37:28+08:00,ONLINE,FALSE,,CW_1_01,PASS,,,51.3578913,_2026032116372890101,T20260321163728,DESKTOP-P2DUL42,Loma,1,CW_1_01,1,paul di,2024.0718.155524,V20260126.2,CW_DTCL_DTCR_STC,T20260321163820,51.3578913,TRUE,TRUE,TRUE,TRUE,TRUE,TRUE,TRUE,4S2RND2HBL0DP6,v1.0.1,2025_12_22,315,317.0863,474.9137,297.1223,295.2671,147.5685,149.457,337.6026,335.3688,485.2908,-5.4987,-2.5659,-0.0001,0,-0.2237,1.5544,-0.2228,1.5498,0.6644,156.8271,154.1104,153.7363,156.5293,155.3008,0.8689,0.8175,0.8812,0.8181,0.8175,0.8257,0.7805,0.8304,0.7583,0.7583,0.8278,0.8074,0.8226,0.8183,0.7439,0.7642,0.7396,0.7477,0.7396,0.8498,0.8116,0.8049,0.2987,0.2987,0.8528,0.7831,0.7834,0.8287,0.8033,0.8114,0.8053,0.8452,0.7831,0,0,0,0,0,v1.0.1,2025_12_22,315,317.0863,476,297.0863,295.0592,146.5658,148.1879,337.7584,335.6364,486.3077,-5.5233,-2.5391,-0.0001,0,-0.2231,1.5539,-0.2228,1.5489,0.6642,162.7334,157.6514,166.085,165.7139,163.0459,0.6972,0.6868,0.7116,0.6899,0.6868,0.6727,0.6493,0.6566,0.6489,0.6489,0.651,0.6495,0.6434,0.661,0.6425,0.6482,0.609,0.618,0.609,0.6847,0.6561,0.6622,0.3822,0.3822,0.659,0.6558,0.6471,0.6907,0.665,0.6957,0.6619,0.6903,0.6471,0,0,0,0,0,v1.0.1,2025_12_22,317.0476,328.6286,441.5478,313.3826,302.5,196,188.5738,343.1639,331.6372,457.3363,-3.2387,8.2023,0,0.0001,-0.2213,1.561,-0.2121,1.5574,0.6712,177.4014,176.918,176.9404,178.5322,177.448,0.8033,0.6894,0.816,0.6931,0.6894,0.7727,0.6597,0.7719,0.66,0.6597,0.7672,0.7641,0.7511,0.7437,0.7437,0.755,0.6824,0.7307,0,0.6824,0,0,0,0,0,v1.0.1,2025_12_22,317.0476,328.6286,442.5,313.4035,302.371,195.1371,187.6583,343.275,331.8496,458.0531,-3.2147,8.1995,0,0.0001,-0.2203,1.5608,-0.2122,1.5564,0.6712,148.166,143.167,144.9561,146.0605,145.5874,0.6574,0.5883,0.6842,0.6037,0.5883,0.6461,0.5727,0.6355,0.5597,0.5597,0.6274,0.6305,0.6386,0.6176,0.6176,0.5798,0.5729,0.5661,0.4874,0.4874,0,0,0,0,0,0.0004,-0.0562,0.0045,-0.0562,-0.051,0.009,-0.0399,0.0124,-0.0741,-0.0584,-0.0003,-0.0036,0.0062,0.0012,-0.0626,-0.0487,-0.0507,-0.0864,0.0085,0.003,-0.0069,-0.0299,-0.0024,-0.0275,-0.0173,-0.0146,-0.0223,-0.0093,-0.0401,-0.017,-0.0137,-0.0108,-0.0204,0.0013,-0.013,-0.0179,-0.0187,-0.0308,0.0022,-0.0056,-0.0019,-0.1365,-0.002,-0.1254,-0.1158,-0.0006,-0.1141,-0.0018,-0.1231,-0.1136,0,-0.0133,0.0031,0.0052,0.0008,0.007,-0.0005,-0.0871,0.0105,-0.0699,-0.0696,0.003,-0.0689,-0.0092,-0.085,-0.0819,-0.0044,-0.0169,0.007,-0.0101,-0.0101,-0.023,-0.0205,TRUE,TRUE
DTC_L_98,LanSi,1,CW_01,B,2026-03-21 16:37:28+08:00,ONLINE,FALSE,,CW_1_01,PASS,,,51.3808223,_2026032116372890302,T20260321163728,DESKTOP-P2DUL42,Loma,1,CW_1_01,2,paul di,2024.0718.155524,V20260126.2,CW_DTCL_DTCR_STC,T20260321163820,51.3808223,TRUE,TRUE,TRUE,TRUE,TRUE,TRUE,TRUE,4S2RND2HBL06DS,v1.0.1,2025_12_22,315.3704,322.0296,475.8088,301.0368,296.5256,150.0192,149.9932,341.9048,334.6739,488.4058,-5.0256,1.1792,-0.0001,0,-0.2296,1.5612,-0.2191,1.5548,0.6668,155.4219,151.1934,149.1846,154.2783,152.5195,0.827,0.8197,0.8583,0.7998,0.7998,0.7863,0.7626,0.7889,0.7475,0.7475,0.7979,0.7956,0.7988,0.7619,0.7094,0.7523,0.7366,0.7162,0.7094,0.8075,0.6089,0.8215,0.7854,0.6089,0.8386,0.7443,0.7305,0.8414,0.8152,0.7835,0.7815,0.7709,0.7305,0,0,0,0,0,v1.0.1,2025_12_22,315.3235,322.0368,476.9571,301.0214,296.3137,149.2549,148.9586,342.069,334.7286,489.4429,-5.0437,1.265,-0.0001,0,-0.2288,1.5607,-0.2193,1.5549,0.6669,161.8213,157.8896,163.6084,162.9248,161.561,0.684,0.6813,0.6809,0.7003,0.6809,0.6671,0.6296,0.6425,0.6486,0.6296,0.6535,0.643,0.6536,0.6387,0.6146,0.6353,0.6377,0.6156,0.6146,0.6751,0.4789,0.688,0.6622,0.4789,0.6556,0.6349,0.6,0.6781,0.6792,0.6539,0.6758,0.6298,0.6,0,0,0,0,0,v1.0.1,2025_12_22,313.9524,314.3714,439.1053,299.8333,300.5492,182.7377,185.8347,329.0661,328,444.8974,-6.0117,-5.3188,-0.0001,-0.0001,-0.2151,1.5688,-0.2137,1.5631,0.6758,176.4639,175.4141,173.4199,175.543,175.2102,0.8014,0.7085,0.8016,0.6921,0.6921,0.7435,0.6579,0.7538,0.6678,0.6579,0.761,0.7515,0.7499,0.7007,0.7007,0.7181,0,0.7277,0.6577,0.6577,0,0,0,0,0,v1.0.1,2025_12_22,313.9151,314.3302,439.8739,299.7658,300.3719,182.0331,184.9504,329.1901,327.9914,445.8448,-6.0795,-5.2672,-0.0001,-0.0001,-0.2146,1.5683,-0.2142,1.5637,0.6758,148.6934,144.002,142.8867,146.0527,145.4087,0.6589,0.6119,0.6652,0.6071,0.6071,0.6314,0.5625,0.6193,0.57,0.5625,0.6267,0.6153,0.6401,0.6077,0.6077,0.5671,0.5054,0.5794,0.5446,0.5054,0,0,0,0,0,-0.007,-0.0398,0.0069,-0.0335,-0.0335,-0.006,-0.0707,-0.0117,-0.0504,-0.0448,-0.0254,-0.0233,-0.0008,-0.0021,-0.1176,-0.0678,-0.0723,-0.0233,-0.0104,-0.0127,-0.0034,-0.0395,-0.0158,-0.0121,-0.0065,-0.0043,-0.0453,-0.019,-0.0154,-0.0319,-0.0017,-0.0173,-0.0064,-0.0032,-0.0499,-0.0255,-0.0233,-0.0153,-0.0083,0.0124,0.0094,-0.1222,0.0065,-0.1258,-0.0999,-0.005,-0.1372,-0.0107,-0.0829,-0.0906,-0.0199,-0.0128,-0.0083,0.0046,-0.015,-0.0107,0.0042,-0.0666,-0.005,-0.0737,-0.0476,-0.0075,-0.0934,-0.0114,-0.0818,-0.0682,-0.0072,-0.0088,0.0026,0.0001,0.0001,-0.0282,-0.0125,TRUE,TRUE
DTC_R_99,LanSi,1,CW_01,C,2026-03-21 16:39:13+08:00,ONLINE,FALSE,,CW_1_01,PASS,,,51.7930054,_2026032116391339201,T20260321163913,DESKTOP-P2DUL42,Loma,1,CW_1_01,1,paul di,2024.0718.155524,V20260126.2,CW_DTCL_DTCR_STC,T20260321164005,51.7930054,TRUE,TRUE,TRUE,TRUE,TRUE,TRUE,TRUE,4S2RND2HBL0DP6,v1.0.1,2025_12_22,315.0652,316.7971,474.8261,296.6667,295.1959,147.277,149.3377,337.2781,335.5,484.5,-5.515,-2.9962,-0.0001,0,-0.2248,1.5536,-0.2224,1.549,0.6638,154.9219,152.2119,151.8291,154.6992,153.4155,0.8525,0.8302,0.8776,0.8214,0.8214,0.8212,0.746,0.8271,0.774,0.746,0.8216,0.8099,0.8122,0.811,0.7607,0.741,0.7205,0.7156,0.7156,0.8263,0.8108,0.8184,0.98,0.8108,0.8432,0.7676,0.773,0.823,0.8017,0.8176,0.7422,0.8351,0.7422,0,0,0,0,0,v1.0.1,2025_12_22,315.0714,316.8071,475.8273,296.5468,295.1544,146.2617,148.2632,337.3487,335.5915,485.5,-5.5184,-3.0071,-0.0001,0,-0.2249,1.554,-0.222,1.5492,0.6641,162.2236,157.248,165.6729,164.5322,162.4192,0.7044,0.7031,0.7108,0.6967,0.6967,0.6743,0.6455,0.6731,0.6489,0.6455,0.646,0.6512,0.6504,0.6666,0.6458,0.6267,0.5991,0.617,0.5991,0.6762,0.6604,0.6673,0.3511,0.3511,0.6521,0.6552,0.6614,0.6617,0.666,0.634,0.6393,0.6716,0.634,0,0,0,0,0,v1.0.1,2025_12_22,317.1226,328.2264,441.5841,312.7611,302.48,195.192,188.5372,342.5372,331.6667,456.5702,-3.2219,7.5574,0,0.0001,-0.2231,1.5607,-0.2103,1.5574,0.6712,176.5137,176.3711,176.0615,177.918,176.7161,0.7967,0.7089,0.8249,0.6976,0.6976,0.7617,0.6532,0.7767,0.6606,0.6532,0.7615,0.764,0.7594,0.739,0.739,0.7439,0.6769,0.7336,0,0.6769,0,0,0,0,0,v1.0.1,2025_12_22,317.0952,328.2762,442.4196,312.7589,302.52,194.808,187.6116,342.7025,331.7857,457.3661,-3.2136,7.6823,0,0.0001,-0.2227,1.5615,-0.2104,1.557,0.6713,147.5732,142.7451,144.3662,145.2578,144.9856,0.6637,0.6033,0.6762,0.6039,0.6033,0.6357,0.5719,0.6451,0.575,0.5719,0.6301,0.6381,0.6378,0.6208,0.6208,0.5846,0.54,0.5722,0.475,0.475,0,0,0,0,0,-0.016,-0.0435,0.0009,-0.0529,-0.0471,0.0045,-0.0744,0.0091,-0.0584,-0.0707,-0.0065,-0.0011,-0.0042,-0.0061,-0.0458,-0.0719,-0.0698,-0.1185,-0.015,0.0165,0.0003,-0.0136,-0.0032,-0.0207,-0.0074,-0.013,-0.0261,0.0072,-0.0401,-0.0204,-0.0187,-0.0091,-0.0134,0.0069,-0.0097,-0.0394,-0.0286,-0.0318,-0.0063,-0.0005,-0.0085,-0.117,0.0069,-0.1209,-0.1076,-0.0116,-0.1206,0.003,-0.1225,-0.1201,-0.0057,-0.0134,0.0114,0.0005,-0.0103,0.0099,0.0058,-0.0721,0.0025,-0.0697,-0.0546,-0.0074,-0.0697,0.0004,-0.0697,-0.0697,-0.0017,-0.0093,0.0062,-0.0069,-0.0069,-0.0182,-0.0144,TRUE,TRUE
DTC_L_99,LanSi,1,CW_01,C,2026-03-21 16:39:13+08:00,ONLINE,FALSE,,CW_1_01,PASS,,,51.9296398,_2026032116391326302,T20260321163913,DESKTOP-P2DUL42,Loma,1,CW_1_01,2,paul di,2024.0718.155524,V20260126.2,CW_DTCL_DTCR_STC,T20260321164005,51.9296398,TRUE,TRUE,TRUE,TRUE,TRUE,TRUE,TRUE,4S2RND2HBL06DS,v1.0.1,2025_12_22,314.3261,323.5942,474.5152,303.2348,294.9934,153.053,148.1419,343.2365,333.4604,489.4748,-6.4126,3.0187,-0.0001,0,-0.2259,1.5574,-0.2171,1.5554,0.6675,155.5059,151.3369,149.1377,154.6064,152.6467,0.8219,0.792,0.8446,0.7885,0.7885,0.7721,0.7466,0.8044,0.7391,0.7391,0.8092,0.8249,0.8121,0.7774,0.7608,0.7211,0.742,0.6961,0.6961,0.8198,0.6232,0.834,0.8317,0.6232,0.8425,0.7449,0.7512,0.8388,0.8254,0.8049,0.7763,0.7685,0.7449,0,0,0,0,0,v1.0.1,2025_12_22,314.4071,323.5929,475.5489,303.1654,294.92,152.0333,147.1149,343.3649,333.6739,490.4058,-6.367,3.0125,-0.0001,0,-0.2256,1.5572,-0.2171,1.5553,0.6674,162.124,157.4561,163.626,163.0898,161.574,0.6842,0.6833,0.6971,0.6927,0.6833,0.6613,0.6301,0.6427,0.6393,0.6301,0.662,0.6478,0.6506,0.6353,0.6366,0.621,0.622,0.6117,0.6117,0.6797,0.4841,0.6856,0.6957,0.4841,0.6644,0.632,0.6302,0.6891,0.6673,0.6782,0.6643,0.6364,0.6302,0,0,0,0,0,v1.0.1,2025_12_22,313,315.9029,437.9273,301.7636,299.1186,185.4322,184.5,330.5,327.0172,445.9483,-7.1874,-3.5906,-0.0001,0,-0.2122,1.5643,-0.2126,1.5629,0.6756,175.6641,174.3652,172.3018,175.0547,174.3464,0.7899,0.6746,0.8105,0.6725,0.6725,0.7294,0.6634,0.7693,0.6619,0.6619,0.7669,0.7677,0.7591,0.6954,0.6954,0.7209,0,0.7089,0.7127,0.7089,0,0,0,0,0,v1.0.1,2025_12_22,313,315.9029,438.6667,301.5614,299,184.8151,183.5,330.5,327.0348,446.8174,-7.2597,-3.5806,-0.0001,0,-0.2131,1.5639,-0.2117,1.5635,0.6756,148.915,143.2422,142.7666,146.2871,145.3027,0.6538,0.5789,0.6681,0.6025,0.5789,0.6365,0.5602,0.6214,0.5682,0.5602,0.6152,0.6254,0.6578,0.6228,0.6152,0.5935,0.525,0.5732,0.5607,0.525,0,0,0,0,0,-0.0121,-0.0675,-0.0068,-0.0448,-0.0448,-0.0202,-0.0867,0.0038,-0.0588,-0.0532,-0.0141,0.006,0.0125,0.0134,-0.0662,-0.099,-0.0669,-0.0434,0.0019,-0.0002,-0.0032,-0.0375,0.0004,-0.0197,-0.0041,-0.0101,-0.0448,-0.0188,-0.0247,-0.0314,0.0068,-0.0125,-0.0094,-0.0066,-0.0279,-0.0398,-0.039,-0.0192,-0.0037,0.01,-0.0021,-0.1561,0.0154,-0.1454,-0.1195,-0.0191,-0.1317,0.0048,-0.0888,-0.0866,-0.014,0.0034,0.0009,-0.0007,-0.0122,-0.0295,-0.0009,-0.0996,-0.0021,-0.0783,-0.0758,-0.0024,-0.0957,-0.0093,-0.0836,-0.0705,-0.0187,0.0013,0.0203,0.0152,0.0076,-0.0018,-0.0187,TRUE,TRUE
DTC_L_100,LanSi,1,CW_01,A,2026-03-21 16:41:15+08:00,ONLINE,FALSE,,CW_1_01,PASS,,,51.8245547,_2026032116411512402,T20260321164115,DESKTOP-P2DUL42,Loma,1,CW_1_01,2,paul di,2024.0718.155524,V20260126.2,CW_DTCL_DTCR_STC,T20260321164206,51.8245547,TRUE,TRUE,TRUE,TRUE,TRUE,TRUE,TRUE,4S2RND2HBL06DS,v1.0.1,2025_12_22,315.1739,322.3333,475.6963,301.7926,296.4133,151.5,149.8784,342.277,334.5481,488.2667,-5.158,1.7339,-0.0001,0,-0.2268,1.5609,-0.2196,1.554,0.6672,156.4248,152.5459,150.3389,155.5068,153.7041,0.8321,0.8045,0.8452,0.7972,0.7972,0.7795,0.7574,0.7978,0.7428,0.7428,0.8195,0.8052,0.8113,0.7714,0.7337,0.7163,0.7439,0.6966,0.6966,0.8186,0.8069,0.833,0.77,0.77,0.8445,0.7716,0.7473,0.8362,0.822,0.7546,0.7679,0.7702,0.7473,0,0,0,0,0,v1.0.1,2025_12_22,315.2,322.4143,476.7482,301.6331,296.0592,150.5658,148.6913,342.4564,334.7266,489.2374,-5.2149,1.7614,-0.0001,0,-0.2274,1.5594,-0.2193,1.5538,0.6666,162.999,158.7471,164.4971,163.8232,162.5166,0.6878,0.6679,0.6955,0.6978,0.6679,0.6535,0.6236,0.6497,0.6455,0.6236,0.6465,0.6515,0.6552,0.6242,0.6204,0.6268,0.6237,0.6035,0.6035,0.6797,0.6233,0.672,0.6658,0.6233,0.6445,0.6345,0.6155,0.6788,0.6676,0.6574,0.6626,0.6248,0.6155,0,0,0,0,0,v1.0.1,2025_12_22,313.8208,314.6792,438.7965,300.3805,300.2667,184.0583,185.5372,329.4628,327.8435,444.9478,-6.2471,-4.7943,-0.0001,0,-0.2134,1.5669,-0.2142,1.563,0.6756,176.3604,175.3818,173.418,175.625,175.1963,0.788,0.681,0.7975,0.6957,0.681,0.7328,0.6569,0.767,0.6517,0.6517,0.7703,0.768,0.7673,0.6903,0.6903,0.7388,0,0.7251,0.6442,0.6442,0,0,0,0,0,v1.0.1,2025_12_22,313.7238,314.781,439.6087,300.3913,300.0756,183.1765,184.6417,329.5667,327.8559,445.8644,-6.3189,-4.744,-0.0001,0,-0.2133,1.5669,-0.2135,1.5629,0.6757,149.8359,144.8877,143.8086,147.3066,146.4597,0.6575,0.5906,0.6723,0.6023,0.5906,0.6284,0.556,0.6365,0.5759,0.556,0.6244,0.6195,0.6287,0.5982,0.5982,0.5933,0.5072,0.5951,0.5346,0.5072,0,0,0,0,0,-0.0019,-0.055,-0.0062,-0.0361,-0.0361,-0.0128,-0.0759,-0.0028,-0.0551,-0.0495,-0.0038,-0.0137,0.0117,0.0074,-0.0933,-0.1038,-0.065,-0.0429,0.0007,-0.0012,0.0004,-0.0529,-0.0012,-0.0146,-0.0195,-0.0179,-0.0513,-0.0118,-0.0185,-0.0379,-0.0087,-0.0088,-0.0048,-0.0177,-0.0441,-0.034,-0.0373,-0.0274,-0.0037,-0.0036,-0.004,-0.1497,0.0024,-0.1222,-0.111,-0.0157,-0.1382,0.0025,-0.099,-0.0968,-0.0106,0.0037,0.0091,-0.0058,0.0057,-0.0133,0.0028,-0.0879,0.0021,-0.0785,-0.0641,-0.0105,-0.0999,0.0058,-0.0759,-0.0747,-0.0095,-0.0046,-0.0088,-0.0094,-0.0094,-0.002,0.0032,TRUE,TRUE
DTC_R_100,LanSi,1,CW_01,A,2026-03-21 16:41:15+08:00,ONLINE,FALSE,,CW_1_01,PASS,,,51.7238242,_2026032116411524201,T20260321164115,DESKTOP-P2DUL42,Loma,1,CW_1_01,1,paul di,2024.0718.155524,V20260126.2,CW_DTCL_DTCR_STC,T20260321164206,51.7238242,TRUE,TRUE,TRUE,TRUE,TRUE,TRUE,TRUE,4S2RND2HBL0DP6,v1.0.1,2025_12_22,314.8913,315.8261,474.6835,295.4532,295.1419,146.2162,149.1554,335.973,335.2639,483.4306,-5.6728,-4.1202,-0.0001,0,-0.2263,1.5544,-0.2205,1.5493,0.6642,155.2822,153.0322,152.6611,154.6914,153.9167,0.869,0.8273,0.8723,0.8518,0.8273,0.8081,0.7455,0.8268,0.7718,0.7455,0.8215,0.8072,0.8155,0.8192,0.7518,0.7343,0.7176,0.6988,0.6988,0.8364,0.7999,0.8053,0.98,0.7999,0.8476,0.799,0.7587,0.8197,0.8105,0.7991,0.8007,0.8366,0.7587,0,0,0,0,0,v1.0.1,2025_12_22,314.9214,315.8143,475.8,295.4143,294.9592,145.1633,148.027,336.1284,335.5,484.411,-5.6585,-4.1138,-0.0001,0,-0.2256,1.5538,-0.2206,1.5488,0.6641,162.873,156.5986,165.1641,165.4092,162.5112,0.7062,0.6869,0.7099,0.71,0.6869,0.6748,0.6396,0.6758,0.6431,0.6396,0.6535,0.6403,0.6461,0.6742,0.6408,0.6373,0.6062,0.6026,0.6026,0.6851,0.6619,0.6697,0.3512,0.3512,0.6576,0.6623,0.6448,0.6952,0.6739,0.6533,0.677,0.6907,0.6448,0,0,0,0,0,v1.0.1,2025_12_22,316.9048,327.2762,441.3846,311.7009,302.336,194.368,188.4262,341.5,331.5,455.5,-3.3897,6.569,0,0.0001,-0.224,1.5611,-0.2097,1.5569,0.6711,177.3965,177.5537,177.2881,177.8213,177.5149,0.8051,0.709,0.8227,0.7365,0.709,0.7647,0.6494,0.787,0.6645,0.6494,0.7675,0.754,0.7633,0.7367,0.7367,0.7311,0.6708,0.727,0,0.6708,0,0,0,0,0,v1.0.1,2025_12_22,316.9151,327.3302,442.2743,311.6903,302.1935,193.7258,187.4417,341.5833,331.5487,456.3894,-3.4253,6.6438,0,0.0001,-0.2236,1.5605,-0.2091,1.5574,0.6713,148.165,142.1436,143.8994,145.8936,145.0254,0.6652,0.6039,0.6895,0.6262,0.6039,0.6329,0.5668,0.6554,0.5821,0.5668,0.6274,0.6181,0.6389,0.6274,0.6181,0.5786,0.556,0.5843,0.4897,0.4897,0,0,0,0,0,0.0005,-0.0464,-0.0044,-0.0225,-0.0412,-0.0086,-0.0749,0.0088,-0.0606,-0.0712,-0.0066,-0.0038,-0.0009,0.0021,-0.0547,-0.0786,-0.0727,-0.1353,-0.0049,0.0034,0.0021,-0.0298,-0.0041,-0.0074,-0.0172,-0.0125,-0.032,0.0099,-0.0459,-0.0263,-0.0112,-0.02,-0.0177,0.0145,-0.0147,-0.0288,-0.0215,-0.0462,0.0026,0.0019,-0.0001,-0.1169,0.0047,-0.082,-0.0962,-0.0086,-0.1244,0.0133,-0.1186,-0.1239,0.0003,-0.0234,0.0153,-0.0018,-0.0231,0.0033,0.0073,-0.0715,0.0158,-0.0474,-0.054,-0.0102,-0.0748,0.0107,-0.0626,-0.0748,-0.0044,-0.0293,0.0073,-0.0003,-0.0096,-0.0242,-0.0023,TRUE,TRUE
DTC_L_101,LanSi,1,CW_01,B,2026-03-21 16:42:48+08:00,ONLINE,FALSE,,CW_1_01,PASS,,,51.4865531,_2026032116424804802,T20260321164248,DESKTOP-P2DUL42,Loma,1,CW_1_01,2,paul di,2024.0718.155524,V20260126.2,CW_DTCL_DTCR_STC,T20260321164339,51.4865531,TRUE,TRUE,TRUE,TRUE,TRUE,TRUE,TRUE,4S2RND2HBL06DS,v1.0.1,2025_12_22,314.1241,323.4672,474.4848,303.0833,295.0331,152.2318,148.2632,343.3487,333.2676,490.5563,-6.4654,3.0375,-0.0001,0,-0.2259,1.5592,-0.2188,1.5562,0.6677,154.4014,150.5771,148.6396,153.6074,151.8064,0.8176,0.7969,0.8375,0.7875,0.7875,0.7849,0.7515,0.8079,0.7421,0.7421,0.7926,0.7983,0.8143,0.7669,0.7511,0.7281,0.7599,0.6988,0.6988,0.8074,0.7698,0.8249,0.8193,0.7698,0.838,0.749,0.7473,0.8363,0.8381,0.8206,0.7959,0.7734,0.7473,0,0,0,0,0,v1.0.1,2025_12_22,314.227,323.4539,475.5821,302.9627,294.9739,151.3007,147.106,343.4636,333.6084,491.5455,-6.4006,3.0453,-0.0001,0,-0.2258,1.5589,-0.2186,1.5555,0.6675,161.8271,157.5537,163.71,162.7119,161.4507,0.6875,0.6777,0.6825,0.6888,0.6777,0.6612,0.6286,0.6632,0.6619,0.6286,0.6507,0.6362,0.6523,0.6307,0.6244,0.6284,0.6374,0.612,0.612,0.6721,0.6511,0.6697,0.6936,0.6511,0.6459,0.6194,0.6278,0.6974,0.6748,0.6723,0.6777,0.6363,0.6194,0,0,0,0,0,v1.0.1,2025_12_22,312.8318,315.8037,437.7456,301.5877,298.9661,184.8559,184.4538,330.479,326.7288,446.7627,-7.3548,-3.6022,-0.0001,0,-0.2128,1.5648,-0.2133,1.5646,0.6758,175.7451,174.8496,172.7754,175.125,174.6238,0.7853,0.683,0.7989,0.6763,0.6763,0.7523,0.6427,0.7593,0.6709,0.6427,0.7534,0.7582,0.7636,0.7013,0.7013,0.7084,0,0.7276,0.7273,0.7084,0,0,0,0,0,v1.0.1,2025_12_22,312.8667,315.6476,438.6174,301.4522,298.9402,184.0769,183.479,330.4538,326.8034,447.4103,-7.3587,-3.6918,-0.0001,0,-0.2119,1.5648,-0.2134,1.5649,0.6761,148.3057,143.4912,142.7051,145.9111,145.1033,0.6529,0.5814,0.6792,0.6029,0.5814,0.6379,0.5528,0.6322,0.5889,0.5528,0.6247,0.6324,0.6458,0.6095,0.6095,0.5774,0.5194,0.5819,0.5777,0.5194,0,0,0,0,0,-0.0164,-0.0626,-0.0139,-0.0458,-0.0458,-0.0074,-0.0818,0.0073,-0.0558,-0.0502,-0.0307,-0.0206,0.0147,0.0029,-0.0759,-0.092,-0.049,-0.0407,-0.0105,-0.0093,0.0001,-0.0431,-0.0142,-0.0236,-0.0097,-0.0102,-0.0463,0.0017,-0.0021,-0.0329,-0.0045,-0.0241,-0.0077,-0.0112,-0.0401,-0.0324,-0.0236,-0.0189,-0.0113,-0.0059,-0.0067,-0.1477,0.0038,-0.1416,-0.1157,0.0038,-0.1524,-0.0052,-0.0798,-0.1058,-0.0275,-0.0061,0.0054,0.0052,-0.0247,-0.0108,-0.0018,-0.0971,0.009,-0.0779,-0.0733,-0.001,-0.1031,0.0015,-0.0629,-0.0779,-0.0092,0.0083,0.0083,0.0019,0.0019,-0.0179,-0.01,TRUE,TRUE
DTC_R_101,LanSi,1,CW_01,B,2026-03-21 16:42:48+08:00,ONLINE,FALSE,,CW_1_01,PASS,,,51.5104893,_2026032116424804801,T20260321164248,DESKTOP-P2DUL42,Loma,1,CW_1_01,1,paul di,2024.0718.155524,V20260126.2,CW_DTCL_DTCR_STC,T20260321164339,51.5104893,TRUE,TRUE,TRUE,TRUE,TRUE,TRUE,TRUE,4S2RND2HBL0DP6,v1.0.1,2025_12_22,315,317.3657,474.9118,297.5,295.2276,147.6897,149.5,337.8312,335.5,485.493,-5.4721,-2.3241,-0.0001,0,-0.2231,1.5543,-0.2225,1.5489,0.6644,155.6484,154.166,153.8965,155.9785,154.9224,0.8663,0.8236,0.8615,0.8276,0.8236,0.8128,0.7697,0.8227,0.7752,0.7697,0.8181,0.8123,0.7987,0.8056,0.7496,0.7706,0.7283,0.752,0.7283,0.8407,0.8152,0.8128,0.3037,0.3037,0.8396,0.7902,0.7857,0.8099,0.8084,0.8319,0.8052,0.8359,0.7857,0,0,0,0,0,v1.0.1,2025_12_22,315,317.4071,475.9929,297.1857,295.0952,146.7619,148.2886,338.047,335.6364,486.4895,-5.4974,-2.3217,-0.0001,0,-0.2244,1.5542,-0.2227,1.5488,0.664,163.333,157.626,166.2646,166.2363,163.365,0.6987,0.6901,0.7221,0.6962,0.6901,0.6809,0.6497,0.6708,0.6627,0.6497,0.6525,0.6559,0.6616,0.6555,0.6289,0.637,0.6005,0.6322,0.6005,0.6795,0.6644,0.672,0.4914,0.4914,0.664,0.6744,0.6576,0.67,0.6737,0.6671,0.6635,0.6658,0.6576,0,0,0,0,0,v1.0.1,2025_12_22,317.0755,328.8679,441.5398,313.6283,302.4365,196.0635,188.4833,343.4167,331.5,457.5,-3.293,8.3953,0,0.0001,-0.2213,1.5605,-0.2121,1.5586,0.6714,176.5166,177.1641,177.1875,177.8076,177.1689,0.8094,0.6895,0.816,0.6933,0.6895,0.7755,0.6513,0.7743,0.6566,0.6513,0.7728,0.7688,0.7527,0.7281,0.7281,0.7337,0.6774,0.7406,0,0.6774,0,0,0,0,0,v1.0.1,2025_12_22,317,328.8476,442.4298,313.5702,302.3306,195.3145,187.521,343.4538,331.6875,458.3482,-3.3062,8.4069,0,0.0001,-0.2207,1.5609,-0.2118,1.5573,0.6714,148.5225,143.3184,144.8271,146.5879,145.814,0.6582,0.5882,0.6693,0.6014,0.5882,0.6482,0.5786,0.6471,0.5629,0.5629,0.6464,0.6398,0.6376,0.6154,0.6154,0.5886,0.5604,0.5867,0.4905,0.4905,0,0,0,0,0,-0.0022,-0.0501,-0.0152,-0.0467,-0.0449,-0.0039,-0.0507,0.0047,-0.0572,-0.047,-0.01,0.0013,-0.0177,-0.0115,-0.0569,-0.0423,-0.062,-0.0821,-0.0006,0.0109,-0.0054,-0.0266,0.0081,-0.0212,-0.014,-0.0064,-0.0219,0.0049,-0.0263,-0.0162,-0.0122,-0.0044,-0.0022,-0.0042,-0.0266,-0.0291,-0.0272,-0.0166,-0.003,0.0042,0.0042,-0.1364,-0.002,-0.1252,-0.1157,0.0022,-0.1225,0.0006,-0.1265,-0.122,0.0056,-0.0086,0.0047,-0.0104,-0.0205,0.0169,0.0003,-0.0872,-0.0044,-0.0722,-0.0697,0.0051,-0.063,0.0024,-0.0818,-0.0787,0.0146,-0.0076,0.006,-0.0123,-0.0123,-0.0142,0.0001,TRUE,TRUE
DTC_L_102,LanSi,1,CW_01,C,2026-03-21 16:44:24+08:00,ONLINE,FALSE,,CW_1_01,PASS,,,51.4831274,_2026032116442405802,T20260321164424,DESKTOP-P2DUL42,Loma,1,CW_1_01,2,paul di,2024.0718.155524,V20260126.2,CW_DTCL_DTCR_STC,T20260321164515,51.4831274,TRUE,TRUE,TRUE,TRUE,TRUE,TRUE,TRUE,4S2RND2HBL06DS,v1.0.1,2025_12_22,314.2993,322.365,474.4656,302.1298,294.9669,151.6159,148.4636,342.106,333.2993,489.0803,-6.4011,1.9594,-0.0001,0,-0.2252,1.5575,-0.218,1.5568,0.6678,154.4189,149.9883,148.5693,153.5645,151.6353,0.8168,0.7826,0.8391,0.7983,0.7826,0.7753,0.7468,0.7823,0.7672,0.7468,0.8009,0.7879,0.8159,0.7404,0.7545,0.7227,0.7869,0.7026,0.7026,0.7839,0.98,0.8269,0.8296,0.7839,0.8257,0.7379,0.7158,0.8218,0.837,0.8165,0.8134,0.7681,0.7158,0,0,0,0,0,v1.0.1,2025_12_22,314.2143,322.5,475.5821,301.9627,294.8618,150.6513,147.3467,342.2333,333.6423,490.073,-6.3706,1.9841,-0.0001,0,-0.2261,1.5581,-0.2172,1.5549,0.6674,161.6406,157.1475,163.4893,162.7686,161.2615,0.6833,0.6604,0.6964,0.7003,0.6604,0.6613,0.625,0.6424,0.6589,0.625,0.633,0.6558,0.6536,0.6237,0.6235,0.6264,0.6471,0.6113,0.6113,0.6578,0.4252,0.6753,0.689,0.4252,0.6588,0.6361,0.6215,0.669,0.6755,0.6759,0.6822,0.642,0.6215,0,0,0,0,0,v1.0.1,2025_12_22,312.8857,314.8286,437.7838,300.7207,299.0339,184.1441,184.5868,329.3719,326.9217,445.2783,-7.2576,-4.6313,-0.0001,0,-0.212,1.5647,-0.2124,1.5631,0.6759,175.8066,174.3662,173.0557,175.0303,174.5647,0.7919,0.6555,0.798,0.6766,0.6555,0.7377,0.6454,0.7498,0.6812,0.6454,0.7712,0.7646,0.7692,0.7071,0.7071,0.7059,0,0.7223,0.7204,0.7059,0,0,0,0,0,v1.0.1,2025_12_22,312.9135,314.7788,438.6174,300.5478,299,183.5,183.7769,329.3388,327,446.1026,-7.2385,-4.6464,-0.0001,0,-0.2122,1.5647,-0.2118,1.5634,0.676,148.4551,143.3232,142.7266,145.9219,145.1067,0.6575,0.564,0.6559,0.5979,0.564,0.6256,0.5464,0.6283,0.5793,0.5464,0.621,0.6218,0.6387,0.6233,0.621,0.5688,0.5095,0.5674,0.5842,0.5095,0,0,0,0,0,-0.0172,-0.0769,-0.0123,-0.035,-0.0507,-0.017,-0.0865,-0.0183,-0.0307,-0.0455,-0.0224,-0.031,0.0163,-0.0236,-0.0725,-0.0974,-0.022,-0.0369,-0.034,-0.0073,-0.0041,-0.0604,-0.0003,-0.0121,-0.027,-0.0101,-0.0499,-0.0191,-0.0051,-0.0365,-0.0222,-0.0045,-0.0064,-0.0182,-0.041,-0.0344,-0.0139,-0.0196,-0.0256,-0.0003,-0.0001,-0.1752,0.0029,-0.1413,-0.1365,-0.0108,-0.1497,-0.0147,-0.0695,-0.1031,-0.0097,0.0003,0.011,0.011,-0.0272,-0.0161,0.0028,-0.1145,-0.0143,-0.0829,-0.0907,-0.0133,-0.1095,-0.0024,-0.0725,-0.0843,-0.0129,-0.0023,0.0012,0.0157,0.0134,-0.0265,-0.0245,TRUE,TRUE
DTC_R_102,LanSi,1,CW_01,C,2026-03-21 16:44:23+08:00,ONLINE,FALSE,,CW_1_01,PASS,,,51.8930322,_2026032116442394201,T20260321164423,DESKTOP-P2DUL42,Loma,1,CW_1_01,1,paul di,2024.0718.155524,V20260126.2,CW_DTCL_DTCR_STC,T20260321164515,51.8930322,TRUE,TRUE,TRUE,TRUE,TRUE,TRUE,TRUE,4S2RND2HBL0DP6,v1.0.1,2025_12_22,315.3037,317.0815,475.6594,297.6594,295.5442,148.5986,149.5,337.4133,336.1611,485.651,-5.0663,-2.2192,-0.0001,0,-0.22,1.5535,-0.2215,1.5472,0.6648,155.1543,152.8193,152.8545,154.3721,153.8,0.8696,0.7878,0.8598,0.7886,0.7878,0.8217,0.7368,0.8164,0.7757,0.7368,0.8255,0.8191,0.8156,0.8165,0.7276,0.7187,0.7774,0.7867,0.7187,0.8421,0.7619,0.7961,0.98,0.7619,0.8445,0.673,0.7546,0.834,0.7908,0.7227,0.8346,0.8371,0.673,0,0,0,0,0,v1.0.1,2025_12_22,315.219,317.1241,476.7324,297.4296,295.3288,147.6164,148.3243,337.5,336.1611,486.651,-5.1469,-2.2358,-0.0001,0,-0.2208,1.5535,-0.221,1.5474,0.6648,163.2393,157.5137,166.335,165.4678,163.1389,0.7015,0.6608,0.7055,0.6819,0.6608,0.6833,0.6403,0.6729,0.6424,0.6403,0.647,0.6469,0.6408,0.6523,0.6339,0.6336,0.6231,0.6378,0.6231,0.6726,0.6145,0.6508,0.3382,0.3382,0.6516,0.5913,0.6461,0.6754,0.6335,0.6245,0.637,0.6801,0.5913,0,0,0,0,0,v1.0.1,2025_12_22,317.3578,328.5321,442.3333,313.5351,302.792,196.664,188.6583,342.725,332.2564,457.0513,-2.8204,8.2015,0,0.0001,-0.2189,1.5603,-0.2093,1.5549,0.6717,176.0371,175.8457,176.1904,176.2373,176.0776,0.8072,0.6345,0.8098,0.6414,0.6345,0.7748,0.6264,0.7854,0.6538,0.6264,0.7735,0.7654,0.7414,0.739,0.739,0.7466,0.5893,0.7363,0,0.5893,0,0,0,0,0,v1.0.1,2025_12_22,317.3241,328.5741,443.0636,313.5182,302.6429,195.9286,187.8443,342.9672,332.2881,457.9068,-2.8674,8.279,0,0.0001,-0.2187,1.56,-0.2102,1.5551,0.6716,148.8369,142.8008,145.0156,146.207,145.7151,0.6678,0.5646,0.6798,0.5765,0.5646,0.6426,0.5529,0.6526,0.5701,0.5529,0.6334,0.6198,0.6408,0.6255,0.6198,0.5853,0.5037,0.5676,0.4593,0.4593,0,0,0,0,0,0.0011,-0.0859,-0.0169,-0.0857,-0.0807,0.005,-0.0836,-0.0016,-0.0567,-0.0799,-0.0026,0.0081,-0.0008,-0.0006,-0.0789,-0.0942,-0.0129,-0.0474,0.0008,-0.0058,-0.0026,-0.0559,-0.0085,-0.0355,-0.0433,-0.004,-0.0313,0.007,-0.0466,-0.0256,-0.0177,-0.0134,-0.023,-0.0074,-0.0216,-0.0325,-0.0046,-0.011,-0.0099,-0.017,0.002,-0.1914,-0.0082,-0.1771,-0.1707,0.0015,-0.1474,0.0117,-0.1293,-0.1469,0.0063,-0.012,-0.0066,0.0005,-0.0076,0.0126,0.0099,-0.1108,0.0061,-0.0971,-0.0933,-0.0005,-0.0887,0.0079,-0.0746,-0.0887,0.0016,-0.0276,0.0092,-0.0022,-0.0079,-0.0175,-0.019,TRUE,TRUE
DTC_R_103,LanSi,1,CW_01,A,2026-03-21 16:45:57+08:00,ONLINE,FALSE,,CW_1_01,PASS,,,51.1816777,_2026032116455700401,T20260321164557,DESKTOP-P2DUL42,Loma,1,CW_1_01,1,paul di,2024.0718.155524,V20260126.2,CW_DTCL_DTCR_STC,T20260321164648,51.1816777,TRUE,TRUE,TRUE,TRUE,TRUE,TRUE,TRUE,4S2RND2HBL0DP6,v1.0.1,2025_12_22,315.1079,317.777,475,297.9137,295.2153,147.7361,149.4276,338.3618,335.5845,485.7113,-5.4329,-2,-0.0001,0,-0.2231,1.5538,-0.2231,1.5489,0.6641,156.5898,154.2246,153.792,156.1963,155.2007,0.8649,0.8265,0.8689,0.8208,0.8208,0.8222,0.7843,0.8198,0.7788,0.7788,0.8137,0.8164,0.8054,0.8149,0.7542,0.7743,0.7291,0.7469,0.7291,0.8399,0.8091,0.8138,0.1606,0.1606,0.8398,0.804,0.7976,0.8191,0.7819,0.7969,0.824,0.8375,0.7819,0,0,0,0,0,v1.0.1,2025_12_22,315.0634,317.662,476.078,297.7589,295.0408,146.8367,148.3841,338.351,335.6853,486.6713,-5.4497,-2.044,-0.0001,0,-0.2225,1.5536,-0.223,1.5489,0.6643,162.1377,156.5,165.1045,164.8105,162.1382,0.6982,0.6917,0.7031,0.6906,0.6906,0.6765,0.6625,0.6833,0.6541,0.6541,0.6592,0.6466,0.6651,0.6594,0.6456,0.6678,0.5999,0.6199,0.5999,0.6848,0.6768,0.6764,0.3101,0.3101,0.6506,0.6718,0.6632,0.666,0.6605,0.6777,0.6732,0.6857,0.6506,0,0,0,0,0,v1.0.1,2025_12_22,317.0952,329.2762,441.7589,313.9286,302.4803,196.0472,188.5583,343.5833,331.7232,457.75,-3.1768,8.6171,0,0.0001,-0.222,1.561,-0.2103,1.5569,0.6714,177.4521,177.3281,177.2383,178.0771,177.5239,0.8049,0.7051,0.8182,0.7044,0.7044,0.7753,0.6675,0.7617,0.6623,0.6623,0.768,0.7678,0.7529,0.7347,0.7347,0.7425,0.6855,0.7324,0,0.6855,0,0,0,0,0,v1.0.1,2025_12_22,317.0476,329.181,442.4909,313.8364,302.3468,195.2097,187.7107,343.7273,331.7876,458.4956,-3.2233,8.59,0,0.0001,-0.2212,1.561,-0.2115,1.5568,0.6713,147.9717,142.4277,143.8125,145.4863,144.9246,0.6703,0.6024,0.6797,0.5976,0.5976,0.6327,0.585,0.6438,0.5638,0.5638,0.6507,0.651,0.6322,0.6241,0.6241,0.5967,0.552,0.5752,0.4713,0.4713,0,0,0,0,0,-0.0036,-0.0472,-0.0078,-0.0535,-0.0477,0.0055,-0.0361,0.0018,-0.0536,-0.0379,-0.0144,0.0054,-0.011,-0.0022,-0.0523,-0.0386,-0.0612,-0.0872,-0.0014,0.0119,-0.0059,-0.025,-0.0109,-0.0268,-0.0135,-0.0108,-0.0091,0.0174,-0.0349,-0.0118,-0.0055,-0.0137,0.0013,-0.0003,-0.0099,0.0017,-0.0278,-0.0289,0.0023,0.0086,-0.0003,-0.1208,0.0002,-0.1141,-0.1008,0.002,-0.1063,-0.012,-0.1208,-0.111,0.0008,-0.0096,0.0049,-0.0038,-0.0117,0.0087,0.0124,-0.073,0.006,-0.076,-0.0603,-0.0104,-0.0566,-0.0009,-0.0809,-0.0778,0.0189,0.0036,0.0006,-0.0036,-0.0036,-0.0061,-0.0114,TRUE,TRUE
DTC_L_103,LanSi,1,CW_01,A,2026-03-21 16:45:56+08:00,ONLINE,FALSE,,CW_1_01,PASS,,,51.2704409,_2026032116455693102,T20260321164556,DESKTOP-P2DUL42,Loma,1,CW_1_01,2,paul di,2024.0718.155524,V20260126.2,CW_DTCL_DTCR_STC,T20260321164648,51.2704409,TRUE,TRUE,TRUE,TRUE,TRUE,TRUE,TRUE,4S2RND2HBL06DS,v1.0.1,2025_12_22,314.1655,323.3813,474.5,303,295.0199,151.543,148.245,343.3907,333.3239,490.7183,-6.4491,2.9067,-0.0001,0,-0.2259,1.5593,-0.2195,1.5563,0.6675,154.5898,150.8662,148.8867,154.2559,152.1497,0.8262,0.7891,0.8338,0.7948,0.7891,0.7704,0.772,0.8034,0.7488,0.7488,0.8063,0.8237,0.813,0.7626,0.74,0.745,0.7503,0.7117,0.7117,0.8162,0.2868,0.822,0.7612,0.2868,0.8412,0.7583,0.7287,0.8538,0.8209,0.8179,0.7826,0.7663,0.7287,0,0,0,0,0,v1.0.1,2025_12_22,314.227,323.4539,475.7153,302.9343,294.9608,150.5621,147.0789,343.5,333.539,491.7163,-6.3958,2.9333,-0.0001,0,-0.2259,1.5593,-0.2188,1.556,0.6676,161.7295,157.5137,163.7266,162.7305,161.425,0.6855,0.6869,0.6926,0.6875,0.6855,0.6652,0.6315,0.6574,0.6507,0.6315,0.6413,0.6649,0.6535,0.6226,0.6296,0.6309,0.6229,0.6129,0.6129,0.6845,0.4902,0.6724,0.6069,0.4902,0.6439,0.6305,0.5974,0.6688,0.6711,0.666,0.6482,0.6255,0.5974,0,0,0,0,0,v1.0.1,2025_12_22,312.8558,315.7019,437.7368,301.5,299.0339,184.1441,184.4628,330.5372,326.7288,446.7627,-7.3364,-3.7708,-0.0001,0,-0.2127,1.5656,-0.2145,1.5648,0.6758,176.1279,175.2666,173.1162,175.6045,175.0288,0.7902,0.6873,0.8068,0.6917,0.6873,0.7569,0.6553,0.7546,0.673,0.6553,0.7812,0.7731,0.7664,0.6954,0.6954,0.7265,0,0.7213,0.7171,0.7171,0,0,0,0,0,v1.0.1,2025_12_22,312.9151,315.6698,438.6379,301.5,298.9744,183.547,183.5,330.5,326.8034,447.5897,-7.3338,-3.7387,-0.0001,0,-0.2117,1.5652,-0.2136,1.5654,0.6763,148.3809,143.3174,142.8115,146.0664,145.144,0.664,0.5834,0.6698,0.609,0.5834,0.6384,0.579,0.61,0.6015,0.579,0.6439,0.6355,0.6445,0.6083,0.6083,0.5884,0.493,0.5954,0.5699,0.493,0,0,0,0,0,-0.0078,-0.0704,-0.0176,-0.0385,-0.0442,-0.0219,-0.0613,0.0028,-0.0491,-0.0435,-0.017,0.0048,0.0134,-0.0014,-0.087,-0.0751,-0.0586,-0.0278,-0.0017,-0.0122,-0.0019,-0.0339,-0.0041,-0.0249,-0.0019,-0.0062,-0.0434,-0.0041,-0.0133,-0.03,-0.0139,0.0046,-0.0065,-0.0193,-0.0349,-0.0299,-0.0381,-0.018,0.0011,-0.0032,-0.0018,-0.1434,0.0117,-0.1262,-0.1047,0.0084,-0.1398,-0.0099,-0.0777,-0.0932,0.0003,0.0088,0.0082,-0.0007,-0.0066,-0.0171,0.0093,-0.0951,-0.0004,-0.0718,-0.0713,-0.0005,-0.0769,-0.0207,-0.0503,-0.0517,0.01,0.0114,0.007,0.0007,0.0007,-0.0069,0.0035,TRUE,TRUE
DTC_R_104,LanSi,1,CW_01,B,2026-03-21 16:47:41+08:00,ONLINE,FALSE,,CW_1_01,PASS,,,51.9751207,_2026032116474138601,T20260321164741,DESKTOP-P2DUL42,Loma,1,CW_1_01,1,paul di,2024.0718.155524,V20260126.2,CW_DTCL_DTCR_STC,T20260321164833,51.9751207,TRUE,TRUE,TRUE,TRUE,TRUE,TRUE,TRUE,4S2RND2HBL0DP6,v1.0.1,2025_12_22,315.1691,316.7647,475.3235,297.0368,295.3636,148.1469,149.1905,336.8503,335.9195,484.3893,-5.3068,-2.8624,-0.0001,0,-0.222,1.5534,-0.2199,1.5471,0.6646,155.915,153.9395,153.8457,155.7627,154.8657,0.8654,0.7816,0.8799,0.7764,0.7764,0.8258,0.7447,0.8153,0.7525,0.7447,0.8275,0.8155,0.8173,0.8151,0.7565,0.7244,0.7769,0.7463,0.7244,0.8336,0.8014,0.7947,0.98,0.7947,0.8492,0.7745,0.7444,0.8253,0.7975,0.686,0.8198,0.8447,0.686,0,0,0,0,0,v1.0.1,2025_12_22,315.1679,316.7153,476.292,297,295.1181,147.0347,148,337,336,485.4145,-5.3844,-2.8671,-0.0001,0,-0.2212,1.5527,-0.2202,1.5474,0.6647,161.3906,154.5029,163.1406,164.168,160.8005,0.6975,0.6577,0.704,0.6664,0.6577,0.6773,0.6455,0.6759,0.6463,0.6455,0.6568,0.6429,0.6558,0.6673,0.6415,0.6391,0.6147,0.6157,0.6147,0.6697,0.66,0.6511,0.2113,0.2113,0.6515,0.6547,0.652,0.6755,0.6476,0.5732,0.6424,0.6779,0.5732,0,0,0,0,0,v1.0.1,2025_12_22,317.2308,327.9423,441.9633,312.9174,302.5433,196.1181,188.4672,342.2377,332,455.6786,-3.0591,7.4788,0,0.0001,-0.2194,1.5593,-0.2101,1.5552,0.6713,177.5781,178.1484,178.2773,179.0566,178.2651,0.8022,0.6264,0.8148,0.6258,0.6258,0.7651,0.6316,0.773,0.6356,0.6316,0.7772,0.7711,0.764,0.7545,0.7545,0.7515,0.671,0.7427,0,0.671,0,0,0,0,0,v1.0.1,2025_12_22,317.1923,328.0385,442.7636,312.9273,302.377,195.2377,187.5,342.4068,332.027,456.6306,-3.128,7.5482,0,0.0001,-0.2192,1.5592,-0.2098,1.5554,0.6714,146.8213,140.2285,141.9834,144.8213,143.4636,0.6653,0.5445,0.672,0.5564,0.5445,0.6459,0.5597,0.646,0.5383,0.5383,0.6292,0.6443,0.635,0.6151,0.6151,0.6016,0.5417,0.5934,0.4262,0.4262,0,0,0,0,0,-0.0031,-0.0921,0.0032,-0.0979,-0.0921,0.0091,-0.0757,-0.0027,-0.0799,-0.072,-0.0006,0.0045,0.0009,-0.002,-0.05,-0.0885,-0.0134,-0.0878,-0.0077,-0.0072,-0.0066,-0.059,-0.01,-0.051,-0.0464,-0.01,-0.0261,0.01,-0.0427,-0.0204,-0.0079,-0.0174,-0.008,0.0076,-0.014,-0.027,-0.013,-0.0331,-0.0128,-0.0167,-0.003,-0.1995,-0.0032,-0.1927,-0.1794,-0.0082,-0.1422,-0.0007,-0.1475,-0.1417,0.01,-0.0063,0.016,0.016,-0.0027,0.019,0.0074,-0.1309,-0.0017,-0.1172,-0.1134,0.0028,-0.0819,0.0013,-0.1064,-0.1033,-0.0026,-0.0031,0.0034,-0.0126,-0.0126,-0.0012,0.0068,TRUE,TRUE
DTC_L_104,LanSi,1,CW_01,B,2026-03-21 16:47:41+08:00,ONLINE,FALSE,,CW_1_01,PASS,,,51.9850943,_2026032116474138602,T20260321164741,DESKTOP-P2DUL42,Loma,1,CW_1_01,2,paul di,2024.0718.155524,V20260126.2,CW_DTCL_DTCR_STC,T20260321164833,51.9850943,TRUE,TRUE,TRUE,TRUE,TRUE,TRUE,TRUE,4S2RND2HBL06DS,v1.0.1,2025_12_22,314.1739,323.3333,474.6296,302.9704,295.0728,152.0132,148.28,343.42,333.2394,490.5,-6.4208,2.9474,-0.0001,0,-0.2257,1.5592,-0.22,1.5567,0.6676,155.79,152.0605,149.8262,154.9004,153.1443,0.8013,0.7934,0.8486,0.793,0.793,0.777,0.738,0.7883,0.7538,0.738,0.8223,0.8172,0.8336,0.762,0.7628,0.7259,0.7765,0.718,0.718,0.827,0.7733,0.8259,0.8271,0.7733,0.8432,0.7517,0.7245,0.8429,0.823,0.8332,0.7888,0.7723,0.7245,0,0,0,0,0,v1.0.1,2025_12_22,314.1739,323.3333,475.7391,302.8913,294.96,151.02,147.2026,343.4706,333.4539,491.5035,-6.3941,2.9438,-0.0001,0,-0.2253,1.5592,-0.2195,1.5561,0.6676,162.209,157.9199,163.8643,163.251,161.811,0.6712,0.6814,0.7015,0.6919,0.6712,0.6693,0.6055,0.6558,0.6538,0.6055,0.6398,0.6503,0.655,0.6341,0.6403,0.6317,0.6203,0.6194,0.6194,0.6655,0.6221,0.6716,0.6772,0.6221,0.6457,0.6493,0.6249,0.6931,0.6801,0.6811,0.6657,0.6293,0.6249,0,0,0,0,0,v1.0.1,2025_12_22,312.8667,315.6476,438.055,301.4954,299.0924,184.7899,184.5,330.5,326.6897,446.5,-7.2592,-3.7134,-0.0001,0,-0.2121,1.5654,-0.2147,1.565,0.6759,175.8447,175.3926,173.0303,175.3154,174.8958,0.7815,0.6721,0.814,0.6845,0.6721,0.7553,0.6233,0.753,0.6646,0.6233,0.7651,0.7639,0.7578,0.7027,0.7027,0.7288,0,0.7216,0.7372,0.7216,0,0,0,0,0,v1.0.1,2025_12_22,312.8491,315.5943,438.6667,301.4649,299.0169,183.9492,183.5,330.5,326.9217,447.2783,-7.3091,-3.7427,-0.0001,0,-0.2113,1.5656,-0.2142,1.5638,0.676,148.8359,143.7822,143.1855,146.3223,145.5315,0.6527,0.5774,0.6912,0.5987,0.5774,0.6246,0.5134,0.6267,0.588,0.5134,0.6177,0.6407,0.6478,0.5994,0.5994,0.5744,0.5056,0.5821,0.5652,0.5056,0,0,0,0,0,-0.0327,-0.0661,-0.0028,-0.0403,-0.0403,-0.0153,-0.0953,-0.0123,-0.0441,-0.0543,-0.001,-0.0017,0.034,-0.002,-0.0642,-0.0942,-0.0324,-0.0215,0.0091,-0.0083,-0.0162,-0.0394,0.0048,-0.0205,-0.0162,-0.0021,-0.0694,-0.0057,-0.0102,-0.056,-0.0154,-0.01,-0.005,-0.0078,-0.0242,-0.0291,-0.0407,-0.0115,-0.0179,-0.004,-0.0105,-0.1586,0.0189,-0.1334,-0.1199,0.0068,-0.1718,-0.0115,-0.0861,-0.1252,-0.0158,-0.0004,-0.0004,0.0066,-0.0043,-0.0168,-0.002,-0.1011,0.021,-0.0821,-0.0773,-0.0143,-0.1425,-0.004,-0.0638,-0.1173,-0.0162,0.0166,0.0103,-0.0082,-0.0082,-0.0209,-0.0098,TRUE,TRUE
DTC_R_105,LanSi,1,CW_01,C,2026-03-21 16:49:20+08:00,ONLINE,FALSE,,CW_1_01,PASS,,,51.8937282,_2026032116492060801,T20260321164920,DESKTOP-P2DUL42,Loma,1,CW_1_01,1,paul di,2024.0718.155524,V20260126.2,CW_DTCL_DTCR_STC,T20260321165012,51.8937282,TRUE,TRUE,TRUE,TRUE,TRUE,TRUE,TRUE,4S2RND2HBL0DP6,v1.0.1,2025_12_22,314.9783,315.9565,475.146,296.1095,295.2671,147.5685,149.1034,335.8552,335.8014,484.5822,-5.4408,-3.4856,-0.0001,0,-0.2228,1.5538,-0.2189,1.5474,0.6649,155.0518,152.1357,152.0693,154.7119,153.4922,0.8691,0.7708,0.8684,0.7852,0.7708,0.8101,0.733,0.8228,0.7779,0.733,0.8255,0.8146,0.8117,0.8132,0.7083,0.7218,0.7992,0.7706,0.7083,0.8442,0.7986,0.7847,0.5922,0.5922,0.8478,0.7597,0.7597,0.8243,0.7836,0.7059,0.8019,0.853,0.7059,0,0,0,0,0,v1.0.1,2025_12_22,315,315.9137,476.2647,296.0221,295.1007,146.4564,148,336,335.9195,485.6107,-5.443,-3.4994,-0.0001,0,-0.2222,1.5534,-0.2192,1.5476,0.6649,163.4717,157.8291,166.2158,166.1562,163.4182,0.7039,0.6572,0.7219,0.6747,0.6572,0.6836,0.6272,0.6755,0.6487,0.6272,0.6579,0.6625,0.652,0.6594,0.613,0.618,0.6277,0.651,0.613,0.6802,0.6519,0.668,0.1071,0.1071,0.6659,0.6416,0.6419,0.6723,0.6582,0.5691,0.6379,0.6715,0.5691,0,0,0,0,0,v1.0.1,2025_12_22,317.1121,327.2804,441.8393,312.0893,302.464,195.36,188.438,341.3884,331.8621,455.8966,-3.1569,6.9029,0,0.0001,-0.2207,1.5597,-0.2087,1.5561,0.6716,176.6738,175.9014,176.5078,177.6064,176.6724,0.8115,0.6254,0.8202,0.6496,0.6254,0.7792,0.618,0.7681,0.6818,0.618,0.7708,0.7759,0.7591,0.7426,0.7426,0.7419,0.6671,0.7313,0,0.6671,0,0,0,0,0,v1.0.1,2025_12_22,317.0095,327.3429,442.5909,312.0545,302.4206,194.8492,187.5,341.5,331.9138,456.7759,-3.213,7.0045,0,0.0001,-0.2206,1.5606,-0.2084,1.5556,0.6718,148.6875,142.7402,144.6621,146.3174,145.6018,0.6734,0.5385,0.6846,0.5835,0.5385,0.6328,0.5487,0.6451,0.577,0.5487,0.628,0.6285,0.631,0.624,0.624,0.588,0.543,0.5882,0.2815,0.2815,0,0,0,0,0,0.0006,-0.1029,-0.0083,-0.0891,-0.0977,-0.0066,-0.0874,0.0048,-0.0545,-0.0837,-0.0026,0.0036,-0.0047,-0.0039,-0.0982,-0.0911,0.0089,-0.0635,0.0029,-0.0172,-0.0002,-0.0595,0.0079,-0.0427,-0.0469,-0.0037,-0.0444,0.0096,-0.0403,-0.0387,-0.0068,0.0022,-0.0118,-0.0003,-0.0425,-0.0481,0,0.0022,-0.0023,0.0002,0.0063,-0.2005,0.0022,-0.1689,-0.1798,0.0059,-0.1558,-0.0056,-0.1013,-0.1553,0.0036,-0.0015,0.0111,0.0041,-0.0123,0.0076,0.0155,-0.1369,0.0109,-0.0901,-0.1194,-0.0103,-0.0929,0.0004,-0.0677,-0.0929,-0.0038,-0.0189,-0.0006,-0.0037,-0.0037,-0.0148,0.0016,TRUE,TRUE
DTC_L_105,LanSi,1,CW_01,C,2026-03-21 16:49:20+08:00,ONLINE,FALSE,,CW_1_01,FAIL,SFR_VIS_25cm_Ny4_06F_ROI14;SFR_VIS_25cm_Ny4_06F_Min;SFR_VIS_25cm_Ny4_06F_ROI14_Dev,sfr_25Algo,51.811947,_2026032116492071602,T20260321164920,DESKTOP-P2DUL42,Loma,1,CW_1_01,2,paul di,2024.0718.155524,V20260126.2,CW_DTCL_DTCR_STC,T20260321165012,51.811947,TRUE,TRUE,TRUE,TRUE,TRUE,TRUE,TRUE,4S2RND2HBL06DS,v1.0.1,2025_12_22,315.2148,321.2222,475.8222,300.4741,296.366,149.8627,151,342.0851,334.6429,487.5714,-4.8908,0.7431,0,0,-0.228,1.5607,-0.2259,1.554,0.6652,156.3389,152.0205,149.9336,155.5732,153.4666,0.8271,0.8035,0.8422,0.7879,0.7879,0.7895,0.7596,0.7917,0.7554,0.7554,0.8177,0.8056,0.814,0.7636,0.7255,0.621,0.7447,0.7071,0.621,0.8248,0.8888,0.8024,0.7709,0.7709,0.8312,0.7587,0.7186,0.8364,0.8236,0.7685,0.7776,0.7737,0.7186,0,0,0,0,0,v1.0.1,2025_12_22,315.2,321.4143,476.8322,300.3916,296.1533,148.9533,149.8095,342.4422,334.7842,488.6906,-4.9442,0.8784,0,0,-0.2288,1.5603,-0.2259,1.5537,0.6648,162.498,158.3496,164.0684,163.3027,162.0547,0.6869,0.6824,0.7035,0.6939,0.6824,0.6618,0.6311,0.6504,0.6514,0.6311,0.6528,0.6521,0.6544,0.6317,0.6131,0.5695,0.6391,0.6087,0.5695,0.696,0.5143,0.6474,0.6536,0.5143,0.6528,0.6507,0.5967,0.6744,0.6698,0.6584,0.674,0.636,0.5967,0,0,0,0,0,v1.0.1,2025_12_22,313.9151,313.6698,439.1786,299.2411,300.3388,182.3636,186.4538,328.479,328,444.1026,-5.9227,-5.9288,-0.0001,-0.0001,-0.2142,1.5673,-0.2152,1.5627,0.6752,176.4561,175.0068,172.8789,175.7529,175.0237,0.7965,0.7005,0.8032,0.6788,0.6788,0.745,0.652,0.7392,0.661,0.652,0.7695,0.7569,0.7789,0.6869,0.6869,0.7215,0,0.6563,0.6489,0.6489,0,0,0,0,0,v1.0.1,2025_12_22,313.8208,313.6792,439.8929,299.0625,300.1681,181.7899,185.547,328.6154,327.9831,445.0508,-6.0177,-5.8604,-0.0001,-0.0001,-0.2149,1.5671,-0.2154,1.5629,0.6749,149.1895,144.3389,142.9111,146.6641,145.7759,0.6666,0.5932,0.679,0.611,0.5932,0.6381,0.5594,0.62,0.5728,0.5594,0.616,0.621,0.6331,0.5939,0.5939,0.5707,0.5315,0.5233,0.5427,0.5233,0,0,0,0,0,-0.0069,-0.056,-0.0092,-0.0454,-0.0454,-0.0028,-0.0737,-0.0089,-0.0425,-0.0369,-0.0056,-0.0133,0.0144,-0.0004,-0.1015,-0.1991,-0.0642,-0.0324,0.0069,-0.0318,-0.0005,-0.0384,0.0068,-0.0185,-0.005,-0.0096,-0.0438,-0.0111,-0.0126,-0.0304,-0.0024,-0.0082,-0.0056,-0.0102,-0.0514,-0.0913,-0.0219,-0.0222,0.0126,-0.0282,0.0045,-0.1302,0.0081,-0.1391,-0.1132,-0.0035,-0.1431,-0.0253,-0.0897,-0.0965,-0.0114,-0.0074,0.0207,-0.0092,-0.0116,-0.0821,0.0119,-0.0853,0.0088,-0.0698,-0.0615,-0.0008,-0.0965,-0.0107,-0.079,-0.0713,-0.0179,-0.0031,-0.0044,-0.0137,-0.0137,-0.0246,-0.0686,TRUE,TRUE
DTC_R_106,LanSi,1,CW_01,A,2026-03-21 16:51:46+08:00,ONLINE,FALSE,,CW_1_01,FAIL,SFR_VIS_25cm_Ny4_06F_ROI13;SFR_VIS_25cm_Ny4_06F_Min;IR_SFR_VIS_25cm_Ny4_06F_ROI13;IR_SFR_VIS_25cm_Ny4_06F_Min,sfr_25Algo,51.6758434,_2026032116514693201,T20260321165146,DESKTOP-P2DUL42,Loma,1,CW_1_01,1,paul di,2024.0718.155524,V20260126.2,CW_DTCL_DTCR_STC,T20260321165238,51.6758434,TRUE,TRUE,TRUE,TRUE,TRUE,TRUE,TRUE,4S2RND2HBL0DP6,v1.0.1,2025_12_22,315.2612,317.7687,475.7612,298.1791,295.5616,150.5548,149.42,337.72,336.1053,486.8684,-5.0781,-1.2818,-0.0001,0,-0.2209,1.553,-0.2192,1.5476,0.6651,154.6143,152.8682,152.7461,155.0586,153.8218,0.8625,0.7628,0.8714,0.7852,0.7628,0.8224,0.7694,0.8195,0.7942,0.7694,0.821,0.8091,0.8049,0.8172,0.6336,0.7958,0.8115,0.7923,0.6336,0.8549,0.8043,0.8184,0.98,0.8043,0.8567,0.7209,0.782,0.8378,0.5518,0.4911,0.98,0.8425,0.4911,0,0,0,0,0,v1.0.1,2025_12_22,315.2029,317.6812,476.781,298.1241,295.3673,149.5918,148.2345,337.9172,336.1688,487.8701,-5.1491,-1.2631,-0.0001,0,-0.2199,1.5528,-0.2201,1.5477,0.6651,163.5527,158.1143,167.1172,166.8271,163.9028,0.7003,0.6556,0.7112,0.6726,0.6556,0.6791,0.6623,0.6646,0.6679,0.6623,0.6583,0.6413,0.6483,0.6609,0.5551,0.6619,0.6173,0.6446,0.5551,0.692,0.6559,0.674,0.1475,0.1475,0.6595,0.6495,0.6587,0.6906,0.5357,0.1842,0.6563,0.6914,0.1842,0,0,0,0,0,v1.0.1,2025_12_22,317.2596,328.875,442.2364,314.0727,302.6667,197.7398,188.6417,343.1,332.0783,457.2783,-2.9235,8.7132,0,0.0001,-0.2174,1.5595,-0.2096,1.5554,0.672,176.5713,176.9658,177.2148,177.915,177.1667,0.8105,0.617,0.8187,0.6518,0.617,0.7656,0.6461,0.7782,0.6999,0.6461,0.7725,0.7686,0.7599,0.7415,0.7415,0.748,0.699,0.7272,0,0.699,0,0,0,0,0,v1.0.1,2025_12_22,317.2885,329,443,314,302.5806,196.8548,187.6833,343.3167,332.2203,458.1525,-2.9454,8.7648,0,0.0001,-0.2182,1.5594,-0.2095,1.5552,0.6717,148.7627,143.3867,145.5781,146.8174,146.1362,0.6705,0.5517,0.6724,0.5757,0.5517,0.6428,0.5627,0.6517,0.5973,0.5627,0.6383,0.6453,0.6218,0.6347,0.6218,0.5883,0.5652,0.5608,0,0.5608,0,0,0,0,0,-0.006,-0.1109,-0.0053,-0.0891,-0.1057,0.0057,-0.051,0.0015,-0.0382,-0.0473,-0.0071,-0.0019,-0.0115,0.0001,-0.1729,-0.0171,0.0212,-0.0418,0.0136,0.0165,-0.0038,-0.0611,-0.0028,-0.0448,-0.0485,-0.0082,-0.0093,-0.0013,-0.0211,-0.0036,-0.0064,-0.019,-0.0155,0.0012,-0.1004,-0.0042,-0.0104,-0.0042,0.0095,0.0062,0.0053,-0.2089,0.0007,-0.1667,-0.1882,-0.0077,-0.1277,0.0045,-0.0832,-0.1272,0.0053,-0.0088,0.0119,0.003,-0.0062,0.0035,0.0126,-0.1237,-0.0013,-0.0979,-0.1062,-0.0003,-0.0789,0.007,-0.0474,-0.0789,0.0065,-0.0021,-0.0098,0.007,-0.0059,-0.0145,-0.0258,TRUE,TRUE
DTC_L_106,LanSi,1,CW_01,A,2026-03-21 16:51:47+08:00,ONLINE,FALSE,,CW_1_01,PASS,,,51.4973201,_2026032116514710802,T20260321165147,DESKTOP-P2DUL42,Loma,1,CW_1_01,2,paul di,2024.0718.155524,V20260126.2,CW_DTCL_DTCR_STC,T20260321165238,51.4973201,TRUE,TRUE,TRUE,TRUE,TRUE,TRUE,TRUE,4S2RND2HBL06DS,v1.0.1,2025_12_22,315.3258,322.1591,475.6241,301.8421,296.527,151.5541,149.6779,341.8054,334.5662,487.6618,-5.1558,1.5045,-0.0001,0,-0.2256,1.5605,-0.2175,1.5545,0.668,155.7598,151.1348,149.7168,155.0361,152.9119,0.8325,0.8038,0.8498,0.7826,0.7826,0.7838,0.7658,0.7952,0.7416,0.7416,0.8134,0.8087,0.8136,0.7629,0.7385,0.7161,0.7475,0.686,0.686,0.8112,0.98,0.8067,0.7606,0.7606,0.8618,0.758,0.7111,0.8389,0.8282,0.7885,0.7686,0.763,0.7111,0,0,0,0,0,v1.0.1,2025_12_22,315.2647,322.1103,476.7554,301.705,296.3221,150.5839,148.5232,342.0397,334.7445,488.7518,-5.178,1.5382,-0.0001,0,-0.2252,1.5603,-0.2184,1.5539,0.6676,162.208,157.6396,163.5879,163.2422,161.6694,0.6881,0.6813,0.7047,0.6924,0.6813,0.6667,0.6244,0.6492,0.6518,0.6244,0.6602,0.6502,0.6504,0.64,0.6251,0.6071,0.6344,0.605,0.605,0.6684,0.3952,0.6927,0.6845,0.3952,0.644,0.6316,0.6116,0.6661,0.6784,0.6744,0.6656,0.6403,0.6116,0,0,0,0,0,v1.0.1,2025_12_22,313.9524,314.6286,438.7589,300.4196,300.4262,184.0574,185.6667,329.122,327.9558,444.292,-6.148,-4.9961,-0.0001,0,-0.2128,1.5671,-0.212,1.5627,0.6762,175.7139,174.1357,172.5977,175.1758,174.4058,0.7869,0.6895,0.8009,0.6713,0.6713,0.7524,0.6471,0.7529,0.6506,0.6471,0.7754,0.7846,0.764,0.707,0.707,0.7138,0,0.7015,0.6394,0.6394,0,0,0,0,0,v1.0.1,2025_12_22,313.9143,314.4762,439.5877,300.2456,300.3417,183.275,184.876,329.2397,328,445.1026,-6.1561,-5.0322,-0.0001,-0.0001,-0.2122,1.5672,-0.2134,1.5629,0.6761,148.707,143.6836,142.8457,146.292,145.3821,0.6576,0.5977,0.6726,0.6079,0.5977,0.6205,0.5636,0.6252,0.5791,0.5636,0.6343,0.6369,0.648,0.6024,0.6024,0.5779,0.4814,0.5815,0.519,0.4814,0,0,0,0,0,-0.0015,-0.0557,-0.0016,-0.0507,-0.0507,-0.0085,-0.0675,-0.0054,-0.0563,-0.0507,-0.0099,-0.0102,0.014,-0.0011,-0.0885,-0.104,-0.0614,-0.0535,-0.0067,-0.0275,0.0007,-0.0395,0.008,-0.02,-0.0061,-0.0047,-0.0505,-0.0123,-0.0122,-0.0371,0.005,-0.0101,-0.0096,-0.0019,-0.0394,-0.0537,-0.0266,-0.0259,-0.015,0.0171,-0.0051,-0.1412,0.0058,-0.1466,-0.1207,0.0039,-0.148,-0.0116,-0.1001,-0.1014,-0.0055,0.0203,0.0058,0.0109,-0.0193,-0.0369,0.0029,-0.0808,0.0024,-0.0729,-0.057,-0.0184,-0.0923,-0.0055,-0.0727,-0.0671,0.0004,0.0128,0.0105,-0.0052,-0.0052,-0.0174,-0.0104,TRUE,TRUE
DTC_R_107,LanSi,1,CW_01,B,2026-03-21 16:53:27+08:00,ONLINE,FALSE,,CW_1_01,PASS,,,51.4775367,_2026032116532720601,T20260321165327,DESKTOP-P2DUL42,Loma,1,CW_1_01,1,paul di,2024.0718.155524,V20260126.2,CW_DTCL_DTCR_STC,T20260321165418,51.4775367,TRUE,TRUE,TRUE,TRUE,TRUE,TRUE,TRUE,4S2RND2HBL0DP6,v1.0.1,2025_12_22,315.2336,317.073,475.6739,297.4058,295.5105,148.8392,149.4276,337.3618,336.0336,485.6913,-5.1242,-2.2258,-0.0001,0,-0.2215,1.5536,-0.2212,1.5475,0.6646,155.0947,151.8643,152.2246,155.0771,153.5652,0.8712,0.7801,0.8583,0.7826,0.7801,0.8155,0.7422,0.8204,0.773,0.7422,0.8163,0.8129,0.8228,0.8282,0.7243,0.7049,0.7809,0.7774,0.7049,0.8541,0.7959,0.784,0.98,0.784,0.8364,0.7654,0.7687,0.818,0.7934,0.7679,0.8405,0.8538,0.7654,0,0,0,0,0,v1.0.1,2025_12_22,315.1643,317.0286,476.7194,297.2374,295.2569,147.8194,148.245,337.3907,336.14,486.6933,-5.1949,-2.2661,-0.0001,0,-0.2214,1.5532,-0.2209,1.5473,0.6645,163.6836,158.2363,167.1934,166.6504,163.9409,0.7038,0.6593,0.6912,0.6732,0.6593,0.6851,0.6317,0.6831,0.6588,0.6317,0.6535,0.6501,0.6586,0.6579,0.6282,0.6239,0.6298,0.6489,0.6239,0.6762,0.655,0.6542,0.1645,0.1645,0.6339,0.6443,0.6551,0.6565,0.6609,0.6206,0.6476,0.6777,0.6206,0,0,0,0,0,v1.0.1,2025_12_22,317.3394,328.2752,442.2679,313.2679,302.6855,196.7903,188.5372,342.5372,332.0348,456.8174,-2.927,8.0376,0,0.0001,-0.219,1.5593,-0.2098,1.5565,0.6717,176.9248,176.4619,176.9434,178.4209,177.1877,0.8057,0.6283,0.7964,0.6449,0.6283,0.7636,0.6122,0.7776,0.6648,0.6122,0.764,0.7754,0.7642,0.7492,0.7492,0.7459,0.6737,0.7283,0,0.6737,0,0,0,0,0,v1.0.1,2025_12_22,317.1887,328.3491,443.0273,313.3364,302.6016,196,187.6583,342.725,332.1429,457.5804,-2.9762,8.0982,0,0.0001,-0.2182,1.5605,-0.21,1.5551,0.6718,148.9814,143.6982,145.5762,146.7656,146.2554,0.6707,0.5411,0.648,0.574,0.5411,0.6361,0.548,0.6485,0.5766,0.548,0.6403,0.6278,0.6344,0.6424,0.6278,0.5792,0.5411,0.5757,0.4303,0.4303,0,0,0,0,0,0.0027,-0.0936,-0.0184,-0.0917,-0.0884,-0.0012,-0.0782,0.0024,-0.0594,-0.0745,-0.0118,0.0019,0.0064,0.0111,-0.0822,-0.108,-0.0094,-0.0567,0.0128,-0.0179,-0.0003,-0.0574,-0.0228,-0.0442,-0.0448,-0.0022,-0.0399,0.0172,-0.0302,-0.0342,-0.0112,-0.0102,-0.0052,-0.0018,-0.0273,-0.0422,0.0021,0.0001,-0.0063,-0.0136,0.0005,-0.1976,-0.0216,-0.1736,-0.1769,-0.0097,-0.1616,0.0039,-0.1183,-0.1611,-0.0032,-0.002,0.0162,0.0107,-0.0083,0.0046,0.0128,-0.1343,-0.0257,-0.0996,-0.1168,-0.007,-0.0936,0.0038,-0.0681,-0.0936,0.0085,-0.0196,0.0028,0.0147,0.0001,-0.0236,-0.0109,TRUE,TRUE
DTC_L_107,LanSi,1,CW_01,B,2026-03-21 16:53:27+08:00,ONLINE,FALSE,,CW_1_01,PASS,,,51.6221497,_2026032116532706102,T20260321165327,DESKTOP-P2DUL42,Loma,1,CW_1_01,2,paul di,2024.0718.155524,V20260126.2,CW_DTCL_DTCR_STC,T20260321165418,51.6221497,TRUE,TRUE,TRUE,TRUE,TRUE,TRUE,TRUE,4S2RND2HBL06DS,v1.0.1,2025_12_22,314.3037,323.0815,474.4809,302.9542,294.96,152.02,148.3377,342.7219,333.4085,489.5,-6.4018,2.5555,-0.0001,0,-0.2245,1.5577,-0.2173,1.556,0.668,156.2266,151.5234,149.5547,155.1387,153.1108,0.8252,0.802,0.8358,0.7903,0.7903,0.7829,0.7603,0.8093,0.7434,0.7434,0.8122,0.8058,0.8119,0.776,0.7462,0.7251,0.7598,0.6916,0.6916,0.8194,0.98,0.8304,0.8188,0.8188,0.8498,0.8077,0.7627,0.8454,0.8293,0.8272,0.7948,0.7586,0.7586,0,0,0,0,0,v1.0.1,2025_12_22,314.2536,323.029,475.6618,302.7574,294.9184,151.0952,147.1448,342.9034,333.6028,490.5461,-6.3837,2.5662,-0.0001,0,-0.2244,1.5583,-0.2179,1.5553,0.6678,162.3379,157.9639,164.1436,163.1758,161.9053,0.6813,0.6786,0.6944,0.7034,0.6786,0.6576,0.6382,0.6441,0.6455,0.6382,0.6405,0.6603,0.6564,0.6366,0.6285,0.6289,0.6378,0.6037,0.6037,0.6821,0.3798,0.687,0.678,0.3798,0.6538,0.6571,0.6225,0.6705,0.6741,0.701,0.6636,0.6316,0.6225,0,0,0,0,0,v1.0.1,2025_12_22,312.9524,315.3714,437.9817,301.367,299.0593,184.6017,184.475,329.8083,326.9569,445.8707,-7.2149,-4.0962,-0.0001,0,-0.211,1.5644,-0.2114,1.5634,0.6763,175.9668,174.5156,172.5459,175.3037,174.583,0.7765,0.6839,0.806,0.6927,0.6839,0.7438,0.6549,0.7685,0.6624,0.6549,0.7708,0.7658,0.7722,0.7089,0.7089,0.7274,0,0.7336,0.7167,0.7167,0,0,0,0,0,v1.0.1,2025_12_22,312.9151,315.3302,438.7411,301.1071,298.9661,183.8559,183.5574,329.9262,327,446.7094,-7.2641,-4.1142,-0.0001,0,-0.212,1.5646,-0.2118,1.5635,0.676,148.9238,144.1152,143.2236,146.4863,145.6873,0.6662,0.5907,0.6774,0.6047,0.5907,0.6322,0.5571,0.6268,0.5813,0.5571,0.6418,0.6355,0.6384,0.614,0.614,0.5925,0.4467,0.5948,0.5767,0.4467,0,0,0,0,0,-0.0088,-0.0575,-0.0156,-0.043,-0.043,-0.0094,-0.073,0.0087,-0.0545,-0.0489,-0.0111,-0.0131,0.0123,0.012,-0.0808,-0.095,-0.0491,-0.0479,0.0015,-0.0038,-0.0061,-0.0422,-0.0023,-0.009,-0.0088,-0.0138,-0.0367,-0.0174,-0.0185,-0.0233,-0.0147,0,-0.0036,-0.0053,-0.036,-0.0319,-0.0232,-0.0272,-0.0013,0.0114,-0.0155,-0.1468,0.0109,-0.1252,-0.1081,-0.0047,-0.1402,0.004,-0.0883,-0.0936,-0.0101,0.0015,0.014,0.0128,-0.0057,-0.0048,0.0115,-0.0878,0.0072,-0.0761,-0.064,-0.0067,-0.0988,-0.0039,-0.0705,-0.0736,0.0079,0.0114,0.0009,0.0064,0.0064,-0.0028,0.0029,TRUE,TRUE
DTC_R_108,LanSi,1,CW_01,C,2026-03-21 16:55:13+08:00,ONLINE,FALSE,,CW_1_01,PASS,,,51.6782831,_2026032116551350101,T20260321165513,DESKTOP-P2DUL42,Loma,1,CW_1_01,1,paul di,2024.0718.155524,V20260126.2,CW_DTCL_DTCR_STC,T20260321165605,51.6782831,TRUE,TRUE,TRUE,TRUE,TRUE,TRUE,TRUE,4S2RND2HBL0DP6,v1.0.1,2025_12_22,315,316.2721,474.8467,296.1898,295.1429,146.6871,149.2829,336.5789,335.4514,484.3403,-5.5552,-3.4864,-0.0001,0,-0.2245,1.5537,-0.2214,1.5492,0.6643,154.9121,153.0654,152.8975,154.8975,153.9431,0.8758,0.8239,0.8651,0.8331,0.8239,0.8143,0.7544,0.8216,0.7627,0.7544,0.8126,0.8101,0.8078,0.8147,0.7679,0.743,0.7395,0.7091,0.7091,0.8295,0.7999,0.8007,0.0651,0.0651,0.838,0.7727,0.7805,0.8284,0.8072,0.8236,0.7121,0.8454,0.7121,0,0,0,0,0,v1.0.1,2025_12_22,315,316.2708,475.9783,296.0435,294.9597,145.6107,148.0952,336.7619,335.6736,485.375,-5.5586,-3.4876,-0.0001,0,-0.2245,1.5534,-0.2216,1.5486,0.664,163.4365,157.3135,165.9053,166.1377,163.1982,0.7093,0.6968,0.7083,0.7024,0.6968,0.6753,0.6419,0.6711,0.6368,0.6368,0.6497,0.6513,0.6549,0.664,0.6371,0.6299,0.5914,0.5978,0.5914,0.6763,0.6601,0.6717,0.3054,0.3054,0.6526,0.6491,0.6524,0.6809,0.6646,0.6705,0.6436,0.6719,0.6436,0,0,0,0,0,v1.0.1,2025_12_22,317.0849,327.6698,441.5702,312.4298,302.4803,195.0472,188.456,342.12,331.875,456.25,-3.2067,7.2034,0,0.0001,-0.2213,1.5606,-0.2114,1.5558,0.6709,176.7773,177.2744,177.2354,178.0674,177.3386,0.8071,0.7219,0.8207,0.7112,0.7112,0.7621,0.6628,0.7791,0.6366,0.6366,0.7664,0.761,0.7652,0.7322,0.7322,0.754,0.687,0.735,0,0.687,0,0,0,0,0,v1.0.1,2025_12_22,317.0865,327.7788,442.4336,312.4425,302.304,194.184,187.5207,342.3802,331.9115,457,-3.2487,7.2571,0,0.0001,-0.2212,1.5601,-0.2117,1.5561,0.6708,148.5391,142.833,144.1963,146.2451,145.4534,0.6671,0.6179,0.6927,0.6225,0.6179,0.6388,0.5767,0.6581,0.523,0.523,0.6293,0.6294,0.6376,0.6259,0.6259,0.5857,0.5385,0.5939,0.4795,0.4795,0,0,0,0,0,0.0073,-0.0498,-0.0116,-0.0412,-0.0446,-0.0024,-0.066,0.0036,-0.0697,-0.0623,-0.0155,-0.0009,-0.0086,-0.0024,-0.0386,-0.0699,-0.0508,-0.125,-0.0118,-0.0012,0.0052,-0.0199,-0.0057,-0.015,-0.0073,-0.012,-0.0297,0.0052,-0.0522,-0.0291,-0.015,-0.009,-0.0089,0.0043,-0.0184,-0.0362,-0.0363,-0.051,-0.0062,0.0039,0.0019,-0.104,0.0027,-0.1073,-0.094,-0.0112,-0.111,0.0054,-0.1465,-0.1367,-0.0008,-0.0164,0.0172,-0.0063,-0.0002,0.0113,0.0092,-0.0575,0.019,-0.0511,-0.04,-0.0043,-0.0649,0.0134,-0.1217,-0.1186,-0.0025,-0.018,0.006,-0.0018,-0.0018,-0.0171,0.0073,TRUE,TRUE
DTC_L_108,LanSi,1,CW_01,C,2026-03-21 16:55:13+08:00,ONLINE,FALSE,,CW_1_01,PASS,,,51.8029501,_2026032116551338502,T20260321165513,DESKTOP-P2DUL42,Loma,1,CW_1_01,2,paul di,2024.0718.155524,V20260126.2,CW_DTCL_DTCR_STC,T20260321165605,51.8029501,TRUE,TRUE,TRUE,TRUE,TRUE,TRUE,TRUE,4S2RND2HBL06DS,v1.0.1,2025_12_22,315.2593,321.7185,475.708,300.7883,296.5584,149.8442,150,341.5,334.6493,488.0746,-5.065,0.8851,-0.0001,0,-0.2292,1.5619,-0.2186,1.5542,0.6671,156.2988,152.2471,150.374,155.4502,153.5925,0.8198,0.7978,0.8395,0.7938,0.7938,0.7865,0.7755,0.8051,0.7513,0.7513,0.8206,0.7967,0.8202,0.7737,0.7392,0.7359,0.7392,0.6905,0.6905,0.821,0.7052,0.8096,0.7836,0.7052,0.8481,0.7054,0.713,0.8375,0.8177,0.7769,0.7793,0.7894,0.7054,0,0,0,0,0,v1.0.1,2025_12_22,315.2754,321.8116,476.8417,300.7122,296.2597,148.9091,148.8851,341.6351,334.7698,489.2014,-5.0937,0.9539,-0.0001,0,-0.2293,1.5607,-0.2181,1.5543,0.6669,162.085,157.9131,163.9424,162.9893,161.7324,0.6747,0.6853,0.6864,0.6936,0.6747,0.6557,0.6359,0.6499,0.6534,0.6359,0.6468,0.6563,0.6514,0.6443,0.6172,0.621,0.6311,0.618,0.6172,0.6714,0.5949,0.6894,0.6657,0.5949,0.645,0.6093,0.5986,0.6843,0.6846,0.6613,0.6772,0.6416,0.5986,0,0,0,0,0,v1.0.1,2025_12_22,313.9238,314.0762,439.0893,299.5357,300.4538,182.6303,185.935,328.626,327.9912,444.7895,-6.0214,-5.5685,-0.0001,-0.0001,-0.2151,1.5682,-0.2127,1.5631,0.6759,176.3916,175.6689,173.6484,175.4277,175.2842,0.7964,0.6869,0.7965,0.6906,0.6869,0.7328,0.6545,0.7548,0.661,0.6545,0.7727,0.7533,0.7522,0.6888,0.6888,0.7335,0,0.7301,0.6583,0.6583,0,0,0,0,0,v1.0.1,2025_12_22,313.8942,313.9712,439.7456,299.3947,300.275,181.75,185.122,328.6667,328.0435,445.6261,-6.0839,-5.6183,-0.0001,-0.0001,-0.2148,1.5676,-0.2131,1.5632,0.6757,148.877,144.123,142.8945,146.2646,145.5398,0.6617,0.5939,0.6672,0.6169,0.5939,0.6233,0.5546,0.6257,0.5824,0.5546,0.6301,0.6254,0.6291,0.6199,0.6199,0.593,0.479,0.59,0.5554,0.479,0,0,0,0,0,-0.0142,-0.0617,-0.0119,-0.0395,-0.0395,-0.0058,-0.0578,0.0045,-0.0466,-0.041,-0.0027,-0.0222,0.0206,0.0097,-0.0878,-0.0842,-0.0697,-0.049,0.0031,-0.0246,-0.0127,-0.0355,-0.0103,-0.0188,-0.0127,-0.0157,-0.039,-0.0116,-0.0106,-0.0256,-0.0084,-0.004,-0.0086,0.0024,-0.0473,-0.0398,-0.0299,-0.0129,-0.012,0.0138,0.0044,-0.1438,0.0014,-0.1273,-0.1051,-0.0157,-0.1406,-0.0097,-0.0897,-0.094,-0.0082,-0.011,-0.006,-0.0073,0.0004,-0.0083,0.007,-0.0846,-0.003,-0.0639,-0.0608,-0.0156,-0.1013,-0.005,-0.0694,-0.0761,-0.0038,0.0013,-0.0084,0.0123,0.0123,-0.0023,-0.0019,TRUE,TRUE
DTC_L_109,LanSi,1,CW_01,A,2026-03-21 16:56:52+08:00,ONLINE,FALSE,,CW_1_01,PASS,,,51.5280108,_2026032116565225802,T20260321165652,DESKTOP-P2DUL42,Loma,1,CW_1_01,2,paul di,2024.0718.155524,V20260126.2,CW_DTCL_DTCR_STC,T20260321165743,51.5280108,TRUE,TRUE,TRUE,TRUE,TRUE,TRUE,TRUE,4S2RND2HBL06DS,v1.0.1,2025_12_22,314,323,474.0584,302.7299,294.66,151.54,147.8108,342.7838,332.8857,489.75,-6.817,2.4607,-0.0001,0,-0.2255,1.558,-0.218,1.5575,0.668,154.8164,150.7637,148.8916,154.1621,152.1584,0.8227,0.7951,0.8516,0.7921,0.7921,0.7759,0.7564,0.805,0.7562,0.7562,0.82,0.8139,0.8273,0.7746,0.7495,0.7515,0.763,0.7031,0.7031,0.8009,0.4043,0.8112,0.8201,0.4043,0.831,0.8599,0.7697,0.8495,0.8397,0.8357,0.7957,0.7821,0.7697,0,0,0,0,0,v1.0.1,2025_12_22,313.9783,323.0435,475.227,302.5461,294.44,150.5533,146.7095,343,333.0352,490.7958,-6.822,2.4877,-0.0001,0,-0.2259,1.5575,-0.2182,1.5572,0.6676,162.4688,158.1162,164.1709,163.2861,162.0105,0.6806,0.6769,0.7035,0.6933,0.6769,0.6473,0.6269,0.6614,0.6571,0.6269,0.6463,0.6386,0.6668,0.6289,0.6245,0.6421,0.6221,0.6196,0.6196,0.6928,0.2207,0.6647,0.6968,0.2207,0.6692,0.6535,0.6246,0.6862,0.659,0.6897,0.6676,0.6409,0.6246,0,0,0,0,0,v1.0.1,2025_12_22,312.4571,315.219,437.5351,301.3333,298.6942,184.1405,184,330,326.3719,445.9669,-7.6883,-4.168,-0.0001,0,-0.21,1.5657,-0.214,1.5643,0.6765,176.082,174.9199,172.9473,175.1162,174.7664,0.7867,0.7072,0.8086,0.6738,0.6738,0.7329,0.6609,0.7542,0.6762,0.6609,0.7768,0.7589,0.7595,0.6833,0.6833,0.7168,0,0.7276,0.7404,0.7168,0,0,0,0,0,v1.0.1,2025_12_22,312.5,315.1132,438.2818,301.1,298.547,183.5214,183.0894,329.9512,326.5214,446.6581,-7.7121,-4.2312,-0.0001,0,-0.2104,1.5646,-0.2136,1.5641,0.6762,148.7783,143.9404,143.1104,146.5029,145.583,0.6621,0.599,0.6723,0.6047,0.599,0.6326,0.5603,0.6203,0.5863,0.5603,0.631,0.6247,0.6358,0.6052,0.6052,0.5712,0.3934,0.5848,0.577,0.3934,0,0,0,0,0,-0.0113,-0.0644,0.0002,-0.0412,-0.0412,-0.0164,-0.0769,0.0044,-0.0417,-0.0361,-0.0033,-0.005,0.0277,0.0106,-0.0775,-0.0686,-0.0459,-0.0364,-0.017,-0.023,-0.0068,-0.0439,0.0068,-0.0191,-0.0105,-0.0241,-0.048,-0.0001,-0.0069,-0.0346,-0.0089,-0.0217,0.0068,-0.013,-0.04,-0.0187,-0.0389,-0.0113,0.0094,-0.0109,-0.0053,-0.1235,0.0135,-0.1441,-0.1182,-0.0156,-0.1342,-0.0103,-0.0745,-0.0876,-0.0041,-0.0054,0.0013,-0.0128,-0.0163,-0.0108,0.0074,-0.0795,0.0021,-0.0761,-0.0557,-0.0063,-0.0956,-0.0104,-0.0655,-0.0704,-0.0029,0.0006,-0.0017,-0.0024,-0.0024,-0.0241,-0.0071,TRUE,TRUE
DTC_R_109,LanSi,1,CW_01,A,2026-03-21 16:56:52+08:00,ONLINE,FALSE,,CW_1_01,PASS,,,51.5798724,_2026032116565220801,T20260321165652,DESKTOP-P2DUL42,Loma,1,CW_1_01,1,paul di,2024.0718.155524,V20260126.2,CW_DTCL_DTCR_STC,T20260321165743,51.5798724,TRUE,TRUE,TRUE,TRUE,TRUE,TRUE,TRUE,4S2RND2HBL0DP6,v1.0.1,2025_12_22,315.0803,316.2117,475.2687,296.5,295.2308,148.1748,149.1879,336.3423,335.8792,484.9195,-5.3706,-3.0704,-0.0001,0,-0.2219,1.5527,-0.2202,1.5476,0.6645,156.293,153.2168,153.4424,156.3633,154.8289,0.8695,0.7616,0.8546,0.7811,0.7616,0.8203,0.7361,0.8067,0.7856,0.7361,0.7979,0.7949,0.7943,0.8158,0.7312,0.725,0.794,0.7733,0.725,0.8258,0.787,0.7969,0.393,0.393,0.8379,0.8007,0.7748,0.8557,0.8006,0.223,0.8306,0.8595,0.223,0,0,0,0,0,v1.0.1,2025_12_22,315.0429,316.1071,476.3669,296.3813,295.1233,147.1301,147.9864,336.4558,335.9195,486,-5.4122,-3.0851,-0.0001,0,-0.2212,1.5529,-0.2207,1.548,0.6648,163.4805,157.8994,166.8604,166.3916,163.658,0.7058,0.6564,0.7011,0.6733,0.6564,0.6695,0.6302,0.6719,0.6597,0.6302,0.635,0.6403,0.6693,0.6465,0.6229,0.6266,0.6304,0.6367,0.6229,0.6701,0.6529,0.6622,0.0673,0.0673,0.6296,0.6396,0.6493,0.6728,0.6327,0.3314,0.6399,0.6566,0.3314,0,0,0,0,0,v1.0.1,2025_12_22,317.0849,327.6698,441.9626,312.6449,302.5159,196.1587,188.5,341.7167,331.9478,456.1826,-3.0978,7.3745,0,0.0001,-0.2192,1.5599,-0.2083,1.5551,0.6719,177.0049,176.3184,176.8076,178.1406,177.0679,0.7976,0.6261,0.7993,0.6564,0.6261,0.7688,0.5936,0.7842,0.6923,0.5936,0.747,0.7712,0.7639,0.7517,0.747,0.7459,0.6163,0.7416,0,0.6163,0,0,0,0,0,v1.0.1,2025_12_22,317.0952,327.7238,442.7611,312.5841,302.392,195.44,187.5455,342.0248,332,457,-3.1412,7.4545,0,0.0001,-0.2194,1.5596,-0.2094,1.5555,0.6716,148.8594,143.3311,145.458,146.8408,146.1223,0.6637,0.5646,0.6578,0.5787,0.5646,0.6265,0.5291,0.6484,0.5978,0.5291,0.6242,0.6397,0.6426,0.6326,0.6242,0.6123,0.5178,0.5882,0.0698,0.0698,0,0,0,0,0,0.001,-0.1121,-0.0221,-0.0932,-0.1069,0.0036,-0.0843,-0.0113,-0.0468,-0.0806,-0.0302,-0.0161,-0.0221,-0.0013,-0.0753,-0.0879,0.0037,-0.0608,-0.0155,-0.005,0.0017,-0.0603,-0.0129,-0.0441,-0.0477,-0.0178,-0.0414,0.006,-0.0293,-0.0357,-0.0297,-0.02,0.0055,-0.0132,-0.0326,-0.0395,0.0027,-0.0121,-0.0124,-0.0056,-0.0076,-0.1998,-0.0187,-0.1621,-0.1791,-0.0045,-0.1802,0.0105,-0.0908,-0.1797,-0.0202,-0.0062,0.0159,0.0132,-0.0083,0.0179,0.0058,-0.1108,-0.0159,-0.0949,-0.0933,-0.0166,-0.1125,0.0037,-0.0469,-0.1125,-0.0076,-0.0077,0.011,0.0049,-0.0035,0.0095,0.0016,TRUE,TRUE
DTC_R_110,LanSi,1,CW_01,B,2026-03-21 16:59:38+08:00,ONLINE,FALSE,,CW_1_01,PASS,,,51.5908811,_2026032116593845201,T20260321165938,DESKTOP-P2DUL42,Loma,1,CW_1_01,1,paul di,2024.0718.155524,V20260126.2,CW_DTCL_DTCR_STC,T20260321170030,51.5908811,TRUE,TRUE,TRUE,TRUE,TRUE,TRUE,TRUE,4S2RND2HBL0DP6,v1.0.1,2025_12_22,315.0882,316.5,474.7868,296.2721,295.1156,146.8912,149.4118,336.7451,335.3873,484.4296,-5.5421,-3.3324,-0.0001,0,-0.2255,1.5531,-0.2211,1.55,0.6641,155.8691,153.2236,151.1777,151.001,152.8179,0.8423,0.8353,0.881,0.8372,0.8353,0.7947,0.7456,0.8245,0.768,0.7456,0.8131,0.8166,0.8192,0.8035,0.7688,0.7536,0.7323,0.6911,0.6911,0.8292,0.798,0.8103,0.98,0.798,0.8498,0.7849,0.7747,0.8369,0.8136,0.8608,0.7235,0.8565,0.7235,0,0,0,0,0,v1.0.1,2025_12_22,314.95,316.4214,475.8467,296.1898,295.0408,145.8367,148.1233,336.9452,335.6345,485.4,-5.5809,-3.3414,-0.0001,0,-0.2246,1.5541,-0.2219,1.5485,0.664,163.7705,158.5781,165.8135,163.2549,162.8542,0.6921,0.6926,0.7069,0.6979,0.6921,0.6715,0.638,0.6715,0.6368,0.6368,0.6528,0.6437,0.6447,0.6565,0.6428,0.6378,0.6042,0.6013,0.6013,0.6777,0.657,0.6469,0.3341,0.3341,0.6474,0.6581,0.6547,0.6775,0.6604,0.6449,0.6357,0.6852,0.6357,0,0,0,0,0,v1.0.1,2025_12_22,317.1143,327.8286,441.4779,312.5487,302.4365,195.0635,188.5,342.3333,331.5702,456.4386,-3.2802,7.3425,0,0.0001,-0.2217,1.5602,-0.2118,1.5583,0.6712,177.457,177.5938,175.2129,173.8555,176.0298,0.7964,0.7121,0.8175,0.7145,0.7121,0.7378,0.6398,0.7784,0.6517,0.6398,0.7714,0.765,0.7507,0.7326,0.7326,0.7562,0.6705,0.7398,0,0.6705,0,0,0,0,0,v1.0.1,2025_12_22,317.1226,327.9528,442.3333,312.5351,302.3333,194.2602,187.5,342.5,331.7748,457.2432,-3.2872,7.3983,0,0.0001,-0.222,1.5601,-0.2112,1.5574,0.6711,149.2939,144.043,144.3311,144.0537,145.4304,0.6571,0.6098,0.6734,0.6051,0.6051,0.6169,0.5657,0.6544,0.5623,0.5623,0.6337,0.6325,0.6555,0.6129,0.6129,0.6035,0.5668,0.577,0.4303,0.4303,0,0,0,0,0,-0.0262,-0.0384,0.0043,-0.0371,-0.0332,-0.022,-0.0748,0.0065,-0.0644,-0.0711,-0.015,0.0056,0.0028,-0.0136,-0.0377,-0.0593,-0.058,-0.143,-0.0121,0.0084,-0.012,-0.0241,-0.0071,-0.0195,-0.012,-0.0158,-0.0336,0.0056,-0.0522,-0.0291,-0.0119,-0.0166,-0.0191,-0.0032,-0.0127,-0.0283,-0.0235,-0.0475,-0.0048,-0.0209,-0.0088,-0.1138,-0.0005,-0.104,-0.0931,-0.0355,-0.134,0.0047,-0.1314,-0.1335,0.0042,-0.0124,0.0027,-0.0059,0.002,0.0161,-0.0008,-0.0656,-0.0003,-0.0685,-0.0528,-0.0262,-0.0759,0.0097,-0.0824,-0.0793,0.0019,-0.0149,0.0239,-0.0148,-0.0148,0.0007,-0.0096,TRUE,TRUE
DTC_L_110,LanSi,1,CW_01,B,2026-03-21 16:59:38+08:00,ONLINE,FALSE,,CW_1_01,PASS,,,51.7474164,_2026032116593832702,T20260321165938,DESKTOP-P2DUL42,Loma,1,CW_1_01,2,paul di,2024.0718.155524,V20260126.2,CW_DTCL_DTCR_STC,T20260321170030,51.7474164,TRUE,TRUE,TRUE,TRUE,TRUE,TRUE,TRUE,4S2RND2HBL06DS,v1.0.1,2025_12_22,314.403,323.0075,474.4851,302.6642,294.9801,151.6755,148.3922,342.6667,333.2847,489.0657,-6.391,2.3159,-0.0001,0,-0.2259,1.5574,-0.2174,1.5571,0.6678,155.5625,151.3633,150.1787,154.8018,152.9766,0.8151,0.7856,0.8237,0.7699,0.7699,0.7817,0.7502,0.8045,0.7359,0.7359,0.8022,0.8236,0.787,0.7659,0.7441,0.7289,0.7573,0.6937,0.6937,0.8133,0.7808,0.812,0.8221,0.7808,0.8565,0.7515,0.7376,0.8313,0.8385,0.8414,0.7865,0.7698,0.7376,0,0,0,0,0,v1.0.1,2025_12_22,314.3704,323.0444,475.6547,302.5252,294.9272,150.7417,147.2808,342.9247,333.5693,490.1095,-6.3395,2.3691,-0.0001,0,-0.226,1.5579,-0.2179,1.5559,0.6675,162.0029,157.2256,163.9102,163.084,161.5557,0.6871,0.6878,0.6779,0.6761,0.6761,0.663,0.6379,0.6604,0.64,0.6379,0.6369,0.651,0.6443,0.6385,0.6295,0.6154,0.6403,0.6008,0.6008,0.671,0.6306,0.6831,0.6856,0.6306,0.6635,0.6352,0.623,0.6809,0.693,0.6807,0.6599,0.635,0.623,0,0,0,0,0,v1.0.1,2025_12_22,313,315.3962,438,301.0545,299.25,184.3083,184.623,329.8115,326.8684,445.4298,-7.1517,-4.2999,-0.0001,0,-0.2137,1.5658,-0.2113,1.564,0.6762,175.707,174.749,173.1943,175.1201,174.6926,0.784,0.6838,0.7827,0.6674,0.6674,0.7415,0.6532,0.766,0.6374,0.6374,0.7677,0.7783,0.7649,0.6857,0.6857,0.7241,0,0.7372,0.7483,0.7241,0,0,0,0,0,v1.0.1,2025_12_22,312.9626,315.3551,438.7658,300.8739,299.0172,183.5776,183.7059,329.8655,326.9231,446.1709,-7.2251,-4.3314,-0.0001,0,-0.2141,1.5648,-0.2113,1.564,0.6759,148.917,143.4258,143.0723,146.6025,145.5044,0.6508,0.5792,0.6713,0.6026,0.5792,0.6424,0.5659,0.6346,0.5647,0.5647,0.628,0.6365,0.6393,0.5965,0.5965,0.5801,0.5079,0.5799,0.593,0.5079,0,0,0,0,0,-0.0189,-0.0739,-0.0277,-0.0634,-0.0634,-0.0106,-0.0831,0.0039,-0.062,-0.0564,-0.0211,0.0047,-0.0126,0.0019,-0.0829,-0.0912,-0.0516,-0.0458,-0.0046,-0.0222,-0.0003,-0.033,-0.0188,-0.0363,-0.0113,-0.0084,-0.037,-0.0011,-0.024,-0.0236,-0.0183,-0.0093,-0.0157,-0.0034,-0.035,-0.0454,-0.0207,-0.0301,-0.0124,0.0075,-0.008,-0.1469,-0.0124,-0.1505,-0.1246,-0.007,-0.1419,0.0015,-0.1133,-0.1111,-0.0132,0.014,0.0067,-0.0104,-0.009,-0.0012,-0.0039,-0.0993,0.0011,-0.0782,-0.0755,0.0035,-0.09,0.0039,-0.0871,-0.066,-0.0059,0.0124,0.0018,-0.0111,-0.0111,-0.0152,-0.012,TRUE,TRUE
DTC_L_111,LanSi,1,CW_01,C,2026-03-21 17:01:07+08:00,ONLINE,FALSE,,CW_1_01,PASS,,,52.2292503,_2026032117010795602,T20260321170107,DESKTOP-P2DUL42,Loma,1,CW_1_01,2,paul di,2024.0718.155524,V20260126.2,CW_DTCL_DTCR_STC,T20260321170200,52.2292503,TRUE,TRUE,TRUE,TRUE,TRUE,TRUE,TRUE,4S2RND2HBL06DS,v1.0.1,2025_12_22,314.0657,322.8467,474.365,302.6204,294.953,152.0671,148.3087,342.4564,333.2394,489.5,-6.5136,2.3981,-0.0001,0,-0.225,1.5588,-0.2172,1.5557,0.6681,154.6943,150.0068,148.165,153.5449,151.6028,0.8182,0.7832,0.8363,0.7916,0.7832,0.7845,0.754,0.7949,0.761,0.754,0.8205,0.7972,0.8047,0.7834,0.7465,0.7138,0.7699,0.7056,0.7056,0.8235,0.98,0.828,0.8088,0.8088,0.8366,0.7562,0.7465,0.8167,0.8524,0.8104,0.8015,0.7709,0.7465,0,0,0,0,0,v1.0.1,2025_12_22,314.0851,322.9149,475.4029,302.4317,294.92,151.0333,147.2171,342.6645,333.4085,490.5,-6.4933,2.4089,-0.0001,0,-0.2258,1.5592,-0.2173,1.5555,0.6679,161.7031,157.3135,163.3398,161.9355,161.073,0.677,0.6783,0.7004,0.7014,0.677,0.6568,0.629,0.6556,0.6658,0.629,0.6451,0.6423,0.6451,0.6314,0.6187,0.6126,0.6316,0.601,0.601,0.6842,0.4353,0.6718,0.6825,0.4353,0.6624,0.632,0.6231,0.6673,0.6798,0.6748,0.688,0.6399,0.6231,0,0,0,0,0,v1.0.1,2025_12_22,312.8095,315.2667,437.7699,301.2301,298.8571,184.7479,184.4622,329.6303,326.7797,445.8475,-7.3643,-4.1555,-0.0001,0,-0.2113,1.5638,-0.2109,1.5637,0.6763,176.0186,174.3535,172.5176,174.7188,174.4021,0.7822,0.67,0.8061,0.6825,0.67,0.75,0.6358,0.7548,0.6835,0.6358,0.7795,0.7883,0.757,0.7157,0.7157,0.7304,0,0.7411,0.7187,0.7187,0,0,0,0,0,v1.0.1,2025_12_22,312.785,315.1402,438.5225,300.955,298.916,183.8571,183.5462,329.6891,326.7913,446.6174,-7.3878,-4.2482,-0.0001,0,-0.2118,1.565,-0.2116,1.5642,0.6764,148.1562,143.1748,142.4443,145.3516,144.7817,0.6589,0.5767,0.6873,0.6083,0.5767,0.6184,0.548,0.614,0.6018,0.548,0.6232,0.6355,0.6281,0.6276,0.6232,0.5811,0.511,0.573,0.5884,0.511,0,0,0,0,0,-0.0158,-0.0763,-0.0151,-0.0417,-0.0501,-0.0078,-0.0793,-0.0057,-0.0369,-0.0383,-0.0028,-0.0217,0.0051,0.0194,-0.0805,-0.1063,-0.039,-0.0339,0.0056,-0.0062,-0.0104,-0.0425,0.0037,-0.011,-0.0104,-0.0146,-0.0459,-0.0059,0.0018,-0.0325,-0.0101,-0.018,-0.0149,-0.0105,-0.0458,-0.0482,-0.0294,-0.0299,0.0008,-0.0038,-0.0098,-0.1607,0.011,-0.1354,-0.122,0.0015,-0.1593,-0.0097,-0.0672,-0.1127,-0.0014,0.024,-0.0012,0.0196,-0.0027,0.0027,0.0042,-0.1018,0.0171,-0.0725,-0.078,-0.0205,-0.1079,-0.0167,-0.05,-0.0827,-0.0107,0.0114,-0.0094,0.02,0.0156,-0.0142,-0.0189,TRUE,TRUE
DTC_R_111,LanSi,1,CW_01,C,2026-03-21 17:01:07+08:00,ONLINE,FALSE,,CW_1_01,PASS,,,52.2501943,_2026032117010795601,T20260321170107,DESKTOP-P2DUL42,Loma,1,CW_1_01,1,paul di,2024.0718.155524,V20260126.2,CW_DTCL_DTCR_STC,T20260321170200,52.2501943,TRUE,TRUE,TRUE,TRUE,TRUE,TRUE,TRUE,4S2RND2HBL0DP6,v1.0.1,2025_12_22,315.3037,316.9185,475.6569,297.292,295.5442,148.5986,149.4211,337.2105,336.0933,485.9533,-5.0962,-2.3054,-0.0001,0,-0.2213,1.5534,-0.2212,1.5479,0.6647,156.1553,152.7803,152.7148,155.9463,154.3992,0.8704,0.7712,0.8691,0.7784,0.7712,0.8203,0.7324,0.8211,0.7836,0.7324,0.822,0.8183,0.8105,0.8228,0.7241,0.7117,0.7988,0.7794,0.7117,0.832,0.8124,0.8021,0.98,0.8021,0.8514,0.7718,0.7567,0.8266,0.7928,0.6981,0.8379,0.8385,0.6981,0,0,0,0,0,v1.0.1,2025_12_22,315.1957,316.9565,476.7246,297.1884,295.3673,147.585,148.2416,337.302,336.1133,487.0333,-5.1715,-2.2869,-0.0001,0,-0.2213,1.5537,-0.2207,1.5479,0.6649,162.6455,157.1904,165.874,165.4648,162.7937,0.7073,0.67,0.7008,0.6689,0.6689,0.679,0.6378,0.6775,0.6581,0.6378,0.6611,0.6539,0.6556,0.6575,0.6243,0.631,0.6222,0.6291,0.6222,0.6731,0.6579,0.6663,0.1897,0.1897,0.6434,0.6413,0.6545,0.6662,0.6482,0.6049,0.6439,0.6704,0.6049,0,0,0,0,0,v1.0.1,2025_12_22,317.3028,328.3761,442.2072,313.3784,302.7097,196.7661,188.6033,342.6116,332.1565,457.0522,-2.9041,8.1369,0,0.0001,-0.219,1.5598,-0.2096,1.5554,0.6716,176.8164,176,175.9316,178.0361,176.696,0.8165,0.632,0.8133,0.6492,0.632,0.7754,0.6064,0.7767,0.6877,0.6064,0.7646,0.7637,0.765,0.7482,0.7482,0.7537,0.6731,0.7326,0,0.6731,0,0,0,0,0,v1.0.1,2025_12_22,317.2804,328.4579,443.0459,313.2844,302.6,195.904,187.7805,342.6748,332.2174,457.887,-2.9152,8.1416,0,0.0001,-0.2196,1.56,-0.2088,1.5554,0.6717,147.9404,142.9014,144.833,145.9521,145.4067,0.6637,0.5559,0.6723,0.5735,0.5559,0.6492,0.549,0.6519,0.5835,0.549,0.6215,0.6396,0.6455,0.638,0.6215,0.5939,0.553,0.5761,0.4075,0.4075,0,0,0,0,0,0.0019,-0.1025,-0.0076,-0.0959,-0.0973,0.0036,-0.088,0.0031,-0.0488,-0.0843,-0.0061,0.0073,-0.0059,0.0057,-0.0824,-0.1012,0.0085,-0.0547,-0.0093,0.0002,0.0032,-0.0467,-0.0132,-0.0485,-0.0352,-0.0083,-0.0338,0.0116,-0.0309,-0.0281,-0.0036,-0.0064,-0.0082,-0.0022,-0.0312,-0.0351,-0.0055,-0.0197,-0.0094,-0.0015,0.0113,-0.1939,-0.0047,-0.1693,-0.1732,0.0021,-0.1674,0.003,-0.0954,-0.1669,-0.0026,-0.0137,0.017,0.0097,-0.0005,0.0089,0.0058,-0.1195,-0.0014,-0.1001,-0.102,0.0061,-0.0926,0.0072,-0.0612,-0.0926,-0.0103,-0.0078,0.0139,0.0103,-0.0062,-0.0089,-0.0105,TRUE,TRUE
DTC_R_112,LanSi,1,CW_01,A,2026-03-21 17:02:37+08:00,ONLINE,FALSE,,CW_1_01,PASS,,,51.4852461,_2026032117023701701,T20260321170237,DESKTOP-P2DUL42,Loma,1,CW_1_01,1,paul di,2024.0718.155524,V20260126.2,CW_DTCL_DTCR_STC,T20260321170328,51.4852461,TRUE,TRUE,TRUE,TRUE,TRUE,TRUE,TRUE,4S2RND2HBL0DP6,v1.0.1,2025_12_22,315.2647,317.1103,475.7591,297.5985,295.6853,149.1329,149.5168,337.4564,336.0878,485.9527,-5.0372,-2.0498,-0.0001,0,-0.2205,1.5542,-0.2216,1.5476,0.6649,155.7012,153.2471,152.6846,155.1445,154.1943,0.8592,0.7804,0.8677,0.7803,0.7803,0.8282,0.7218,0.818,0.7744,0.7218,0.8183,0.8106,0.8013,0.8143,0.6961,0.7217,0.7771,0.7879,0.6961,0.8503,0.7599,0.8076,0.6275,0.6275,0.8521,0.7631,0.7776,0.8287,0.7874,0.741,0.8214,0.8512,0.741,0,0,0,0,0,v1.0.1,2025_12_22,315.2336,317.073,476.7234,297.383,295.469,148.0345,148.3243,337.5,336.0952,487,-5.1309,-2.1019,-0.0001,0,-0.2208,1.5539,-0.2213,1.5481,0.665,161.8867,156.2207,164.5283,164.6367,161.8181,0.7005,0.663,0.7179,0.6898,0.663,0.687,0.6291,0.6668,0.6503,0.6291,0.6527,0.6527,0.6606,0.6627,0.6142,0.6142,0.6029,0.6418,0.6029,0.6754,0.6346,0.6701,0.1235,0.1235,0.6373,0.6358,0.657,0.6585,0.6495,0.6311,0.6324,0.6634,0.6311,0,0,0,0,0,v1.0.1,2025_12_22,317.4,328.5,442.2719,313.4561,302.76,196.88,188.7107,342.7273,332.0957,457.2348,-2.8523,8.2596,0,0.0001,-0.2194,1.5595,-0.2096,1.5566,0.6718,177.0156,176.708,176.5029,177.1562,176.8457,0.8126,0.6252,0.8219,0.6508,0.6252,0.7754,0.6115,0.7764,0.6718,0.6115,0.7729,0.7625,0.7706,0.7522,0.7522,0.757,0.659,0.7264,0,0.659,0,0,0,0,0,v1.0.1,2025_12_22,317.3578,328.5321,443,313.5,302.6532,196.0726,187.8279,342.7787,332.2564,457.9487,-2.8809,8.2664,0,0.0001,-0.2186,1.5597,-0.209,1.5557,0.6719,147.6797,142.0098,143.4062,145.3154,144.6028,0.6619,0.5537,0.6689,0.5777,0.5537,0.644,0.5486,0.6543,0.5821,0.5486,0.6381,0.638,0.6426,0.6325,0.6325,0.5911,0.5307,0.5887,0.405,0.405,0,0,0,0,0,-0.0093,-0.0933,-0.009,-0.094,-0.0882,0.0115,-0.0986,0,-0.058,-0.0949,-0.0098,-0.0004,-0.0151,-0.0028,-0.1104,-0.0912,-0.0132,-0.0462,0.009,0.0057,-0.0036,-0.0537,0.0039,-0.0276,-0.0411,-0.0003,-0.0425,0.0009,-0.0387,-0.0368,-0.012,-0.0076,-0.0032,0.003,-0.0413,-0.0519,-0.0248,-0.007,-0.0071,0.0023,0.0074,-0.2007,0.0039,-0.1677,-0.18,0.0021,-0.1623,0.0027,-0.1113,-0.1618,0.0057,-0.0149,0.0226,0.0137,0.0028,0.0027,0.004,-0.1217,-0.0048,-0.0959,-0.1042,0.0009,-0.093,0.0096,-0.0626,-0.093,0.0063,-0.0094,0.011,0.0048,0.0048,-0.0117,0.0021,TRUE,TRUE
DTC_L_112,LanSi,1,CW_01,A,2026-03-21 17:02:36+08:00,ONLINE,FALSE,,CW_1_01,PASS,,,51.9579829,_2026032117023680402,T20260321170236,DESKTOP-P2DUL42,Loma,1,CW_1_01,2,paul di,2024.0718.155524,V20260126.2,CW_DTCL_DTCR_STC,T20260321170328,51.9579829,TRUE,TRUE,TRUE,TRUE,TRUE,TRUE,TRUE,4S2RND2HBL06DS,v1.0.1,2025_12_22,313.9197,323.1314,473.8832,302.6861,294.6538,151.0192,147.7114,342.953,332.9366,490.662,-6.879,2.5903,-0.0001,0,-0.2266,1.5588,-0.2182,1.5573,0.6678,153.9326,150.1201,148.0293,152.9629,151.2612,0.818,0.8087,0.8487,0.7768,0.7768,0.7725,0.7435,0.8039,0.7592,0.7435,0.7965,0.8142,0.7988,0.7814,0.7642,0.7301,0.7635,0.7108,0.7108,0.8088,0.7825,0.8335,0.8217,0.7825,0.8398,0.7595,0.7366,0.8296,0.8487,0.8295,0.7862,0.7818,0.7366,0,0,0,0,0,v1.0.1,2025_12_22,313.9571,323.1071,475.1214,302.4,294.5316,150.057,146.5789,343.2105,333.0764,491.6389,-6.8469,2.5827,-0.0001,0,-0.2273,1.5585,-0.219,1.5573,0.6674,161.6406,157.1533,162.96,162.4902,161.061,0.6823,0.6775,0.6978,0.6848,0.6775,0.6445,0.6327,0.656,0.6603,0.6327,0.6458,0.6631,0.6564,0.6401,0.6223,0.6217,0.6343,0.6218,0.6217,0.6679,0.6317,0.6723,0.6776,0.6317,0.6603,0.6317,0.6204,0.6763,0.6523,0.6854,0.6647,0.6228,0.6204,0,0,0,0,0,v1.0.1,2025_12_22,312.3578,315.4679,437.4561,301.2719,298.6777,183.876,183.8699,330.2358,326.4957,446.5556,-7.7285,-4.0186,-0.0001,0,-0.2125,1.5667,-0.2139,1.5628,0.6758,175.6855,174.6094,172.0713,174.832,174.2996,0.7897,0.692,0.8185,0.6702,0.6702,0.7502,0.6399,0.7583,0.684,0.6399,0.7636,0.7757,0.7712,0.7064,0.7064,0.7236,0,0.722,0.7308,0.722,0,0,0,0,0,v1.0.1,2025_12_22,312.3364,315.4182,438.2857,300.9911,298.582,182.9836,183.1157,330.1983,326.5,447.3898,-7.7361,-4.1038,-0.0001,0,-0.2135,1.5668,-0.2134,1.5634,0.6758,148.2539,143.0869,142.3848,145.5527,144.8196,0.6445,0.5909,0.6731,0.5954,0.5909,0.6225,0.5452,0.6118,0.5879,0.5452,0.6325,0.6419,0.6265,0.6109,0.6109,0.5979,0.4979,0.5776,0.5512,0.4979,0,0,0,0,0,-0.016,-0.0508,-0.0027,-0.0565,-0.0565,-0.0198,-0.0898,0.0033,-0.0387,-0.0488,-0.0268,-0.0047,-0.0008,0.0174,-0.0628,-0.09,-0.0454,-0.0287,-0.0091,-0.0007,-0.0051,-0.0433,0.0011,-0.0276,-0.0099,-0.0269,-0.0422,-0.0055,-0.0037,-0.0288,-0.0094,0.0028,-0.0036,-0.0018,-0.0422,-0.0391,-0.0267,-0.0091,-0.0155,-0.0033,-0.0023,-0.1387,0.0234,-0.1477,-0.1218,0.0017,-0.1552,-0.0062,-0.0667,-0.1086,-0.0173,0.0114,0.013,0.0103,-0.0095,-0.0164,-0.0102,-0.0876,0.0029,-0.0854,-0.0638,-0.0164,-0.1107,-0.0189,-0.0639,-0.0855,-0.0014,0.0178,-0.011,0.0033,0.0033,0.0026,-0.0143,TRUE,TRUE
DTC_L_113,LanSi,1,CW_01,B,2026-03-21 17:04:11+08:00,ONLINE,FALSE,,CW_1_01,PASS,,,51.7654987,_2026032117041157502,T20260321170411,DESKTOP-P2DUL42,Loma,1,CW_1_01,2,paul di,2024.0718.155524,V20260126.2,CW_DTCL_DTCR_STC,T20260321170503,51.7654987,TRUE,TRUE,TRUE,TRUE,TRUE,TRUE,TRUE,4S2RND2HBL06DS,v1.0.1,2025_12_22,314.3037,324.0815,474.4511,304,295.0199,153.3245,148.3377,343.7219,333.437,489.9556,-6.3901,3.5167,-0.0001,0,-0.2242,1.5578,-0.2173,1.5554,0.6679,154.8223,150.9219,148.1348,153.7559,151.9087,0.8388,0.7952,0.849,0.7908,0.7908,0.7668,0.7711,0.79,0.7445,0.7445,0.8169,0.8022,0.8233,0.7833,0.752,0.6929,0.7447,0.6849,0.6849,0.8144,0.7827,0.82,0.8312,0.7827,0.8544,0.7628,0.7575,0.8378,0.8265,0.8372,0.8024,0.7765,0.7575,0,0,0,0,0,v1.0.1,2025_12_22,314.2647,324.1103,475.5639,303.9173,294.9536,152.3245,147.2585,343.966,333.7391,490.8913,-6.344,3.5419,-0.0001,0,-0.224,1.5583,-0.2178,1.554,0.6676,162.9482,158.3955,163.5938,163.8633,162.2002,0.6906,0.6599,0.6957,0.686,0.6599,0.6446,0.6335,0.651,0.6478,0.6335,0.6453,0.6338,0.6446,0.6372,0.643,0.6379,0.6124,0.6273,0.6124,0.6711,0.6158,0.6799,0.7009,0.6158,0.6697,0.6259,0.6388,0.6869,0.6909,0.6869,0.6712,0.645,0.6259,0,0,0,0,0,v1.0.1,2025_12_22,312.8654,316.5,437.7368,302.5,299.0424,185.7881,184.5,331,326.8261,446.4609,-7.3059,-3.0502,-0.0001,0,-0.2111,1.5649,-0.212,1.5633,0.6763,176.4863,175.6387,172.6191,175.3828,175.0317,0.7831,0.68,0.8021,0.686,0.68,0.7398,0.6651,0.7466,0.643,0.643,0.7839,0.7448,0.7573,0.7074,0.7074,0.7244,0,0.7323,0.7393,0.7244,0,0,0,0,0,v1.0.1,2025_12_22,312.8835,316.4466,438.5478,302.3826,299,185,183.6364,331.1405,326.9561,447.2368,-7.2952,-3.0587,-0.0001,0,-0.2109,1.565,-0.2127,1.5631,0.6761,149.4883,144.3047,142.8711,147.1494,145.9534,0.6654,0.5744,0.677,0.5978,0.5744,0.6194,0.574,0.6208,0.5677,0.5677,0.6336,0.612,0.6425,0.6219,0.612,0.5909,0.504,0.5769,0.5782,0.504,0,0,0,0,0,0.0048,-0.0643,-0.0024,-0.0425,-0.0425,-0.0255,-0.0622,-0.0106,-0.0534,-0.0478,-0.0064,-0.0167,0.0237,0.0193,-0.075,-0.1272,-0.0642,-0.0546,-0.0035,-0.0142,0.0032,-0.0609,-0.001,-0.0264,-0.0275,-0.0268,-0.0414,-0.0105,-0.0162,-0.028,-0.0099,-0.0265,-0.0154,-0.0047,-0.0215,-0.0229,-0.0486,-0.0036,-0.0123,0.0043,-0.0089,-0.1507,0.007,-0.1319,-0.112,-0.0087,-0.13,-0.0179,-0.1077,-0.1055,0.003,-0.0195,-0.0009,0.0113,-0.0087,-0.0061,0.0107,-0.1041,0.0068,-0.083,-0.0803,-0.0195,-0.0819,-0.0099,-0.0841,-0.063,-0.0003,-0.0121,0.005,0.0143,0.0044,-0.0044,-0.015,TRUE,TRUE
DTC_R_113,LanSi,1,CW_01,B,2026-03-21 17:04:11+08:00,ONLINE,FALSE,,CW_1_01,PASS,,,51.7784659,_2026032117041157601,T20260321170411,DESKTOP-P2DUL42,Loma,1,CW_1_01,1,paul di,2024.0718.155524,V20260126.2,CW_DTCL_DTCR_STC,T20260321170503,51.7784659,TRUE,TRUE,TRUE,TRUE,TRUE,TRUE,TRUE,4S2RND2HBL0DP6,v1.0.1,2025_12_22,315.1739,317.6667,475.4511,298,295.4247,149.2192,149.457,337.7616,335.9592,484.7415,-5.2068,-2.0222,-0.0001,0,-0.2216,1.5536,-0.2202,1.5465,0.6646,156.0176,153.4883,153.1963,155.6621,154.5911,0.864,0.7861,0.8799,0.7673,0.7673,0.8227,0.7581,0.8119,0.7273,0.7273,0.8155,0.8135,0.8043,0.8119,0.7177,0.7465,0.7544,0.7358,0.7177,0.8503,0.8057,0.8062,0.3582,0.3582,0.8342,0.77,0.7648,0.8216,0.7831,0.7119,0.8187,0.8509,0.7119,0,0,0,0,0,v1.0.1,2025_12_22,315.2143,317.5,476.6397,297.8309,295.1507,148.1233,148.2585,337.966,336.14,485.6933,-5.2194,-2.0773,-0.0001,0,-0.2207,1.5524,-0.2215,1.5465,0.6642,162.2002,156.5957,165.1895,165.3184,162.3259,0.6959,0.6789,0.7074,0.6678,0.6678,0.6826,0.6395,0.6633,0.6295,0.6295,0.6527,0.6619,0.654,0.6553,0.6214,0.637,0.6298,0.6107,0.6107,0.6681,0.6522,0.6523,0.0651,0.0651,0.6491,0.6526,0.6327,0.6712,0.6481,0.5739,0.637,0.6834,0.5739,0,0,0,0,0,v1.0.1,2025_12_22,317.4486,328.8692,442,314,302.6063,196.9606,188.623,343.1885,332.0442,456.292,-2.9556,8.3621,0,0.0001,-0.2183,1.5582,-0.2102,1.5562,0.6715,176.9834,176.8379,176.7812,177.7949,177.0994,0.809,0.6481,0.8111,0.6154,0.6154,0.7592,0.6252,0.7786,0.6079,0.6079,0.7776,0.763,0.7596,0.7657,0.7596,0.7556,0.6605,0.7374,0,0.6605,0,0,0,0,0,v1.0.1,2025_12_22,317.2885,329,442.8716,313.8716,302.5433,196.1181,187.7541,343.3689,332.0609,457.0783,-2.9963,8.3874,0,0.0001,-0.2194,1.5598,-0.21,1.5554,0.6715,147.8467,142.5176,143.8594,145.835,145.0146,0.6646,0.5619,0.6697,0.5496,0.5496,0.6294,0.5638,0.6355,0.5177,0.5177,0.6351,0.6266,0.6297,0.6436,0.6266,0.5802,0.538,0.5887,0.3185,0.3185,0,0,0,0,0,-0.0045,-0.0876,0.0032,-0.107,-0.1012,0.006,-0.0623,-0.0061,-0.1051,-0.0894,-0.0126,0.0025,-0.0121,-0.0052,-0.0888,-0.0664,-0.0359,-0.0983,0.009,0.0043,-0.0082,-0.0378,-0.0066,-0.0496,-0.0363,-0.0047,-0.0321,-0.0026,-0.0595,-0.0364,-0.012,0.0016,-0.0098,-0.0044,-0.0341,-0.0291,0.0021,-0.0381,-0.0144,-0.0155,0.0038,-0.1778,-0.0069,-0.2031,-0.1898,-0.0141,-0.1486,0.0049,-0.1752,-0.1654,0.0104,-0.0144,0.0116,0.0272,0.0014,0.0137,0.0067,-0.1135,-0.004,-0.124,-0.1083,-0.0137,-0.0778,-0.0092,-0.127,-0.1239,0.0033,-0.0208,-0.0019,0.0159,-0.0011,-0.0226,0.0021,TRUE,TRUE
DTC_L_114,LanSi,1,CW_01,C,2026-03-21 17:05:49+08:00,ONLINE,FALSE,,CW_1_01,PASS,,,51.5842525,_2026032117054905602,T20260321170549,DESKTOP-P2DUL42,Loma,1,CW_1_01,2,paul di,2024.0718.155524,V20260126.2,CW_DTCL_DTCR_STC,T20260321170640,51.5842525,TRUE,TRUE,TRUE,TRUE,TRUE,TRUE,TRUE,4S2RND2HBL06DS,v1.0.1,2025_12_22,315.3258,322.1591,475.6985,301.7426,296.557,151.5906,149.9375,342.1111,334.5672,487.7612,-5.0828,1.5729,-0.0001,0,-0.2261,1.5607,-0.2195,1.5546,0.6674,154.2119,150.0654,148.3184,153.8457,151.6104,0.8359,0.7974,0.8452,0.7895,0.7895,0.7792,0.7595,0.7922,0.7394,0.7394,0.7951,0.8044,0.817,0.7724,0.7345,0.7424,0.7503,0.6912,0.6912,0.8203,0.394,0.8223,0.7782,0.394,0.8516,0.7347,0.7223,0.8334,0.8101,0.7696,0.7634,0.7592,0.7223,0,0,0,0,0,v1.0.1,2025_12_22,315.2555,322.2482,476.7929,301.6429,296.2635,150.5608,148.6333,342.3133,334.7426,488.7794,-5.1624,1.6089,-0.0001,0,-0.2264,1.5601,-0.2193,1.5538,0.6671,160.8027,156.7939,162.5527,162.1455,160.5737,0.674,0.6829,0.6886,0.6917,0.674,0.6661,0.6234,0.6687,0.6406,0.6234,0.6276,0.6364,0.6581,0.6404,0.6109,0.6242,0.6237,0.6007,0.6007,0.6867,0.4514,0.6848,0.6721,0.4514,0.6534,0.6259,0.6116,0.6919,0.6763,0.6513,0.6583,0.6415,0.6116,0,0,0,0,0,v1.0.1,2025_12_22,314,314.6038,438.9541,300.2844,300.3417,184.075,185.725,329.3417,327.9298,444.4211,-6.1099,-4.9548,-0.0001,0,-0.2136,1.566,-0.2139,1.5634,0.6755,175.6924,174.4346,172.6045,175.4756,174.5518,0.7908,0.6806,0.7939,0.6702,0.6702,0.7504,0.6565,0.7494,0.6491,0.6491,0.7568,0.7693,0.7693,0.6926,0.6926,0.7206,0,0.7134,0.6469,0.6469,0,0,0,0,0,v1.0.1,2025_12_22,313.9151,314.6698,439.7232,300.2054,300.2689,183.3025,184.876,329.4215,327.9561,445.2368,-6.1521,-4.9328,-0.0001,0,-0.214,1.5668,-0.2133,1.5632,0.6757,147.6895,142.9443,141.6885,145.4805,144.4507,0.6541,0.5938,0.6765,0.5919,0.5919,0.6338,0.5532,0.6276,0.5718,0.5532,0.6146,0.6322,0.6405,0.6108,0.6108,0.5817,0.5092,0.5733,0.5325,0.5092,0,0,0,0,0,0.0019,-0.0621,-0.0062,-0.0438,-0.0438,-0.0131,-0.0738,-0.0084,-0.0585,-0.0529,-0.0282,-0.0145,0.0174,0.0084,-0.0925,-0.0777,-0.0586,-0.0483,0.0024,-0.0119,-0.0134,-0.0379,-0.0081,-0.0207,-0.0134,-0.0053,-0.0515,0.0072,-0.0234,-0.0381,-0.0276,-0.0239,-0.0019,-0.0015,-0.0536,-0.0366,-0.0373,-0.0302,0.0033,0.0092,-0.0012,-0.1501,-0.0012,-0.1477,-0.1218,0.0019,-0.1386,-0.0151,-0.1016,-0.0994,-0.0241,0.005,0.0111,-0.0035,-0.0125,-0.025,-0.0006,-0.0847,0.0063,-0.0889,-0.0628,-0.0051,-0.1027,-0.0031,-0.08,-0.0775,-0.0193,0.0081,0.003,0.0032,0.0032,-0.0136,-0.0186,TRUE,TRUE
DTC_R_114,LanSi,1,CW_01,C,2026-03-21 17:05:48+08:00,ONLINE,FALSE,,CW_1_01,FAIL,SFR_VIS_25cm_Ny4_01F_ROI4_Dev;SFR_VIS_25cm_Ny4_01F_Min_Dev,Dev,51.7378426,_2026032117054893801,T20260321170548,DESKTOP-P2DUL42,Loma,1,CW_1_01,1,paul di,2024.0718.155524,V20260126.2,CW_DTCL_DTCR_STC,T20260321170640,51.7378426,TRUE,TRUE,TRUE,TRUE,TRUE,TRUE,TRUE,4S2RND2HBL0DP6,v1.0.1,2025_12_22,315.2222,317.1333,475.5704,297.7111,295.4621,148.9724,149.5,337.5,335.9589,484.8836,-5.1573,-2.2599,-0.0001,0,-0.22,1.5533,-0.2218,1.5473,0.6647,156.7783,153.7764,153.7432,156.3828,155.1702,0.8754,0.7698,0.8562,0.7463,0.7463,0.8183,0.7428,0.8264,0.7486,0.7428,0.8254,0.8136,0.8099,0.8111,0.7243,0.7399,0.7823,0.768,0.7243,0.8488,0.8062,0.8035,0.98,0.8035,0.8523,0.7749,0.7618,0.8154,0.7868,0.6867,0.815,0.8545,0.6867,0,0,0,0,0,v1.0.1,2025_12_22,315.1765,317.1471,476.6786,297.3714,295.1818,147.9301,148.3087,337.5436,336.0878,485.9527,-5.2133,-2.311,-0.0001,0,-0.2213,1.5527,-0.2211,1.547,0.6643,162.375,156.9785,165.4414,164.6455,162.3601,0.6966,0.6565,0.7121,0.6623,0.6565,0.6783,0.6399,0.6702,0.6431,0.6399,0.652,0.6529,0.6528,0.6582,0.6114,0.6284,0.6293,0.6462,0.6114,0.691,0.6561,0.6665,0.0584,0.0584,0.6435,0.6525,0.6487,0.676,0.6622,0.5812,0.6164,0.6942,0.5812,0,0,0,0,0,v1.0.1,2025_12_22,317.4,328.5,442.0982,313.4643,302.6429,196.9286,188.7236,342.7317,332.0439,456.2368,-2.9183,8.0723,0,0.0001,-0.2195,1.5586,-0.2096,1.5561,0.6714,177.9404,177.0723,177.2314,178.5195,177.6909,0.8073,0.6395,0.8059,0.6061,0.6061,0.7597,0.605,0.7701,0.6314,0.605,0.7654,0.7678,0.7569,0.7456,0.7456,0.7505,0.6578,0.7337,0,0.6578,0,0,0,0,0,v1.0.1,2025_12_22,317.243,328.6449,442.9091,313.5455,302.5635,196.0714,187.8595,342.8182,332.0439,456.9737,-2.9762,8.1107,0,0.0001,-0.2191,1.56,-0.2086,1.5555,0.6719,147.9766,142.7988,144.2988,145.3955,145.1174,0.6629,0.5527,0.6649,0.5491,0.5491,0.639,0.5552,0.6619,0.5554,0.5552,0.6425,0.6304,0.6428,0.6374,0.6304,0.5909,0.5452,0.5654,0.3841,0.3841,0,0,0,0,0,0.0069,-0.1039,-0.0205,-0.128,-0.1222,0.0016,-0.0776,0.0084,-0.0838,-0.0739,-0.0027,0.0026,-0.0065,-0.006,-0.0822,-0.073,-0.008,-0.0661,0.0075,0.0016,-0.0075,-0.0602,-0.0019,-0.0551,-0.0476,-0.009,-0.0317,0.0043,-0.0459,-0.026,-0.0127,-0.0074,-0.011,-0.0015,-0.0441,-0.0377,0.0016,-0.0026,0.0085,-0.0013,0.0021,-0.1864,-0.0121,-0.2124,-0.1991,-0.0136,-0.1688,-0.0036,-0.1517,-0.1683,-0.0018,-0.0096,0.0089,0.0071,-0.0037,0.01,0.005,-0.1227,-0.0088,-0.1245,-0.1088,-0.0041,-0.0864,0.0172,-0.0893,-0.0864,0.0107,-0.017,0.0112,0.0097,0.0027,-0.0119,-0.0212,TRUE,TRUE
DTC_L_115,LanSi,1,CW_01,A,2026-03-21 17:07:19+08:00,ONLINE,FALSE,,CW_1_01,PASS,,,51.8664364,_2026032117071976102,T20260321170719,DESKTOP-P2DUL42,Loma,1,CW_1_01,2,paul di,2024.0718.155524,V20260126.2,CW_DTCL_DTCR_STC,T20260321170811,51.8664364,TRUE,TRUE,TRUE,TRUE,TRUE,TRUE,TRUE,4S2RND2HBL06DS,v1.0.1,2025_12_22,314.1691,323.2353,474.5,303,295.0199,152.543,148.2585,343.034,333.3551,489.8768,-6.4395,2.8378,-0.0001,0,-0.225,1.5586,-0.2183,1.5557,0.6677,154.9697,150.0781,148.0645,153.8154,151.7319,0.8222,0.7962,0.8368,0.7836,0.7836,0.7808,0.7612,0.801,0.7593,0.7593,0.8368,0.8197,0.8178,0.7626,0.734,0.7189,0.7644,0.7179,0.7179,0.8055,0.98,0.8173,0.8194,0.8055,0.8403,0.7273,0.7131,0.8321,0.8185,0.8236,0.7875,0.7805,0.7131,0,0,0,0,0,v1.0.1,2025_12_22,314.1739,323.3333,475.7153,302.9343,294.9392,151.5676,147.1284,343.1486,333.4519,490.9259,-6.4183,2.882,-0.0001,0,-0.2251,1.5588,-0.2176,1.5558,0.668,161.9111,157.4277,163.0859,162.7695,161.2986,0.6746,0.6836,0.694,0.6937,0.6746,0.6555,0.6261,0.6536,0.6517,0.6261,0.6535,0.6551,0.6516,0.6294,0.6348,0.6278,0.6407,0.6247,0.6247,0.6695,0.4574,0.677,0.6844,0.4574,0.6558,0.6338,0.6054,0.6827,0.6618,0.6929,0.658,0.6314,0.6054,0,0,0,0,0,v1.0.1,2025_12_22,312.8208,315.6792,437.7788,301.531,298.9831,185.0508,184.4153,330.3475,326.7458,446.0339,-7.3513,-3.7715,-0.0001,0,-0.2122,1.5647,-0.2132,1.5639,0.6758,176.0068,174.6777,172.0176,175.4482,174.5376,0.7914,0.6837,0.8052,0.6744,0.6744,0.7548,0.6555,0.7625,0.6816,0.6555,0.7896,0.7717,0.7565,0.7121,0.7121,0.7405,0,0.7266,0.7183,0.7183,0,0,0,0,0,v1.0.1,2025_12_22,312.8667,315.6476,438.6174,301.4522,298.8632,184.2222,183.5378,330.3697,326.906,446.8718,-7.3418,-3.7873,-0.0001,0,-0.2119,1.5641,-0.2128,1.5637,0.6758,148.7783,143.6426,142.4834,146.207,145.2778,0.6513,0.5908,0.6833,0.596,0.5908,0.618,0.5652,0.6236,0.5937,0.5652,0.6398,0.6337,0.6383,0.6165,0.6165,0.592,0.5216,0.5809,0.5829,0.5216,0,0,0,0,0,-0.0118,-0.0633,-0.0146,-0.0497,-0.0497,-0.0115,-0.0721,0.0004,-0.0386,-0.033,0.0135,0.0008,0.0182,-0.0014,-0.093,-0.1012,-0.0445,-0.0216,-0.0124,-0.0169,-0.0128,-0.0372,-0.0027,-0.0187,-0.0128,-0.0159,-0.0488,-0.0079,-0.0123,-0.0354,-0.0017,-0.0052,-0.0084,-0.0125,-0.0297,-0.033,-0.0203,-0.0062,-0.0139,0.0014,-0.0006,-0.147,0.0101,-0.1435,-0.1176,0.0063,-0.1396,-0.002,-0.0691,-0.093,0.0087,0.0074,-0.0017,0.016,0.0074,-0.0118,-0.0034,-0.0877,0.0131,-0.0848,-0.0639,-0.0209,-0.0907,-0.0071,-0.0581,-0.0655,0.0059,0.0096,0.0008,0.0089,0.0089,-0.0033,-0.011,TRUE,TRUE
DTC_R_115,LanSi,1,CW_01,A,2026-03-21 17:07:19+08:00,ONLINE,FALSE,,CW_1_01,PASS,,,51.9402385,_2026032117071970901,T20260321170719,DESKTOP-P2DUL42,Loma,1,CW_1_01,1,paul di,2024.0718.155524,V20260126.2,CW_DTCL_DTCR_STC,T20260321170811,51.9402385,TRUE,TRUE,TRUE,TRUE,TRUE,TRUE,TRUE,4S2RND2HBL0DP6,v1.0.1,2025_12_22,315,317,475.1533,297.1898,295.1241,148.0828,149.3467,337.2333,335.9103,483.9034,-5.3931,-2.8181,-0.0001,0,-0.2226,1.5532,-0.221,1.5456,0.6638,156.2344,153.751,152.7656,155.7119,154.6157,0.8636,0.7984,0.8758,0.7794,0.7794,0.8243,0.7546,0.8273,0.7263,0.7263,0.8159,0.8137,0.8181,0.8137,0.7271,0.7325,0.7428,0.7088,0.7088,0.8313,0.7954,0.788,0.98,0.788,0.8424,0.7819,0.7573,0.8186,0.8067,0.7162,0.8278,0.856,0.7162,0,0,0,0,0,v1.0.1,2025_12_22,315.0214,316.9571,476.3037,297.0815,295.1233,147.1301,148.1486,337.3176,335.9178,484.8562,-5.397,-2.8315,-0.0001,0,-0.2221,1.5536,-0.2209,1.5465,0.6643,163.3447,157.042,165.2607,165.9463,162.8984,0.71,0.6765,0.7101,0.6732,0.6732,0.6812,0.6514,0.677,0.6264,0.6264,0.645,0.6603,0.6395,0.6588,0.6296,0.6245,0.5994,0.6246,0.5994,0.6819,0.6628,0.6734,0.1681,0.1681,0.6563,0.6559,0.6532,0.6782,0.6399,0.5808,0.6346,0.6619,0.5808,0,0,0,0,0,v1.0.1,2025_12_22,317.1028,328.3832,441.7304,313.3652,302.4365,196.0635,188.5,342.5,331.9286,455.6607,-3.1603,7.6945,0,0.0001,-0.2194,1.5599,-0.2088,1.5543,0.6715,177.0039,176.6416,175.9219,177.835,176.8506,0.8022,0.6596,0.8218,0.6335,0.6335,0.7668,0.6398,0.7903,0.5972,0.5972,0.7725,0.7552,0.7766,0.7386,0.7386,0.7507,0.6761,0.7495,0,0.6761,0,0,0,0,0,v1.0.1,2025_12_22,317,328.3962,442.5965,313.3421,302.3333,195.2602,187.5833,342.6583,331.9009,456.5495,-3.2172,7.7413,0,0.0001,-0.2188,1.5606,-0.2092,1.5545,0.6718,148.792,142.5273,144.1025,146.4707,145.4731,0.6644,0.5558,0.6755,0.5601,0.5558,0.6472,0.565,0.6412,0.5362,0.5362,0.6387,0.6315,0.6426,0.6274,0.6274,0.6022,0.5542,0.5946,0.4076,0.4076,0,0,0,0,0,-0.0049,-0.0753,-0.0009,-0.0949,-0.0891,0.0076,-0.0658,0.0093,-0.1061,-0.0904,-0.0122,0.0027,0.0017,-0.0034,-0.0794,-0.0804,-0.0475,-0.1253,-0.01,-0.0139,0.0059,-0.0402,-0.0039,-0.0442,-0.0309,-0.0061,-0.0202,0.0111,-0.0626,-0.0395,-0.0197,0,-0.0243,-0.0009,-0.0259,-0.0416,-0.0283,-0.0242,-0.0006,0.0056,-0.003,-0.1663,0.0038,-0.185,-0.1717,-0.0065,-0.134,0.0166,-0.1859,-0.1761,0.0053,-0.0222,0.0286,0.0001,-0.0035,0.0258,0.0065,-0.1196,0.0018,-0.1135,-0.1021,0.0041,-0.0766,-0.0035,-0.1085,-0.1054,0.0069,-0.0159,0.011,-0.0003,-0.0003,-0.0006,0.008,TRUE,TRUE
DTC_R_116,LanSi,1,CW_01,B,2026-03-21 17:09:00+08:00,ONLINE,FALSE,,CW_1_01,PASS,,,52.2308242,_2026032117090096301,T20260321170900,DESKTOP-P2DUL42,Loma,1,CW_1_01,1,paul di,2024.0718.155524,V20260126.2,CW_DTCL_DTCR_STC,T20260321170953,52.2308242,TRUE,TRUE,TRUE,TRUE,TRUE,TRUE,TRUE,4S2RND2HBL0DP6,v1.0.1,2025_12_22,315,316.9137,474.8478,296.7609,295.1875,146.8819,149.3333,337.366,335.695,486.1773,-5.4873,-2.68,-0.0001,0,-0.2249,1.5543,-0.2223,1.5486,0.6639,154.2188,151.0146,151.4785,153.9463,152.6646,0.8594,0.8251,0.8642,0.8375,0.8251,0.8229,0.7566,0.8049,0.7932,0.7566,0.8188,0.817,0.8163,0.8051,0.7706,0.7536,0.7495,0.7457,0.7457,0.8591,0.8177,0.7942,0.98,0.7942,0.846,0.7797,0.7783,0.8254,0.8119,0.7651,0.6826,0.8367,0.6826,0,0,0,0,0,v1.0.1,2025_12_22,315.0429,316.8929,475.8936,296.6809,295.1233,145.9384,148.1688,337.5,335.8462,487.1538,-5.4851,-2.6668,-0.0001,0,-0.2245,1.5543,-0.2224,1.5487,0.664,162.8623,157.4678,166.5859,164.9365,162.9631,0.7017,0.6906,0.7039,0.7091,0.6906,0.6799,0.6438,0.671,0.6647,0.6438,0.6665,0.6588,0.646,0.6581,0.6409,0.6496,0.6084,0.6145,0.6084,0.6916,0.6584,0.6603,0.353,0.353,0.6574,0.6611,0.6672,0.6662,0.6527,0.6171,0.624,0.6861,0.6171,0,0,0,0,0,v1.0.1,2025_12_22,317.0374,328.3551,441.4957,312.9478,302.4,195.096,188.4113,342.9032,331.7069,457.8017,-3.2898,7.9208,0,0.0001,-0.2227,1.5609,-0.2121,1.5574,0.6709,176.1367,175.2998,176.0137,176.999,176.1123,0.8005,0.7177,0.8207,0.7303,0.7177,0.7648,0.6534,0.7804,0.6988,0.6534,0.7664,0.7603,0.7589,0.7299,0.7299,0.7371,0.6596,0.7354,0,0.6596,0,0,0,0,0,v1.0.1,2025_12_22,317.0187,328.4486,442.3241,313.0833,302.312,194.456,187.568,342.976,331.8571,458.5804,-3.284,8.0089,0,0.0001,-0.2215,1.561,-0.2112,1.5567,0.6712,148.4961,143.2402,145.2021,145.6875,145.6565,0.6612,0.6083,0.68,0.6215,0.6083,0.6274,0.5795,0.6448,0.5922,0.5795,0.6335,0.6335,0.6287,0.6288,0.6287,0.5839,0.5531,0.5779,0.4506,0.4506,0,0,0,0,0,-0.0091,-0.0486,-0.0125,-0.0368,-0.0434,0.0062,-0.0638,-0.0131,-0.0392,-0.0601,-0.0093,0.006,-0.0001,-0.012,-0.0359,-0.0593,-0.0408,-0.0884,0.0178,-0.0077,-0.0024,-0.0261,-0.0101,-0.0083,-0.0135,-0.0074,-0.0278,0.0051,-0.0243,-0.0221,0.0018,-0.0015,-0.0178,-0.0016,-0.0146,-0.0165,-0.0193,-0.0343,0.0091,-0.0075,-0.0047,-0.1082,0.0027,-0.0882,-0.0875,-0.0085,-0.1204,0.0067,-0.0843,-0.1199,-0.0008,-0.0171,0.0109,-0.0086,-0.0171,0.0117,0.0033,-0.0671,0.0063,-0.0521,-0.0496,-0.0157,-0.0621,0.0001,-0.0525,-0.0621,0.0017,-0.0139,-0.0029,0.0011,0.001,-0.0189,-0.0087,TRUE,TRUE
DTC_L_116,LanSi,1,CW_01,B,2026-03-21 17:09:00+08:00,ONLINE,FALSE,,CW_1_01,PASS,,,52.2348127,_2026032117090096002,T20260321170900,DESKTOP-P2DUL42,Loma,1,CW_1_01,2,paul di,2024.0718.155524,V20260126.2,CW_DTCL_DTCR_STC,T20260321170953,52.2348127,TRUE,TRUE,TRUE,TRUE,TRUE,TRUE,TRUE,4S2RND2HBL06DS,v1.0.1,2025_12_22,314.2074,323,474.5152,302.9167,294.9272,151.9868,148.4276,342.6382,333.3309,489.3885,-6.4183,2.486,-0.0001,0,-0.2241,1.558,-0.2174,1.5558,0.6681,156.2314,150.8135,149.8311,155.2012,153.0193,0.8278,0.7715,0.8436,0.7793,0.7715,0.7665,0.7412,0.8025,0.7461,0.7412,0.8078,0.8075,0.8199,0.7792,0.759,0.7213,0.7685,0.6983,0.6983,0.8182,0.8111,0.8272,0.8193,0.8111,0.8488,0.7664,0.7401,0.8246,0.8252,0.8047,0.7768,0.781,0.7401,0,0,0,0,0,v1.0.1,2025_12_22,314.1714,323.0143,475.6985,302.7426,294.8467,151.0467,147.1959,342.8041,333.6069,490.4414,-6.3961,2.5098,-0.0001,0,-0.2243,1.5584,-0.2175,1.5547,0.6678,161.79,157.1924,163.1221,162.623,161.1819,0.6739,0.6697,0.6938,0.6802,0.6697,0.6483,0.629,0.6572,0.6438,0.629,0.6528,0.6486,0.6493,0.6379,0.6324,0.6305,0.6251,0.604,0.604,0.681,0.6293,0.6853,0.695,0.6293,0.657,0.6313,0.6409,0.6682,0.6729,0.6456,0.6537,0.6333,0.6313,0,0,0,0,0,v1.0.1,2025_12_22,312.8462,315.4038,437.8829,301.3333,298.975,184.7667,184.3802,329.7603,326.8291,445.6923,-7.3173,-4.1087,-0.0001,0,-0.2115,1.5645,-0.2108,1.5634,0.6764,176.2031,173.9668,172.8252,175.1318,174.5317,0.7857,0.6678,0.8082,0.6718,0.6678,0.7361,0.6376,0.7502,0.6557,0.6376,0.7856,0.7582,0.7558,0.697,0.697,0.7455,0,0.721,0.7284,0.721,0,0,0,0,0,v1.0.1,2025_12_22,312.8667,315.3524,438.5487,301.2832,298.8235,183.8235,183.562,329.876,326.8621,446.5,-7.3674,-4.133,-0.0001,0,-0.211,1.5639,-0.2113,1.564,0.6764,148.6885,143.5869,142.5879,146.1143,145.2444,0.6543,0.5773,0.6777,0.5975,0.5773,0.6287,0.5577,0.6236,0.5892,0.5577,0.6354,0.6319,0.632,0.6175,0.6175,0.595,0.5156,0.5759,0.5673,0.5156,0,0,0,0,0,-0.0062,-0.088,-0.0078,-0.054,-0.0618,-0.0258,-0.0921,0.0019,-0.0518,-0.0511,-0.0155,-0.0114,0.0203,0.0152,-0.068,-0.0988,-0.0404,-0.0412,0.0003,-0.007,-0.0135,-0.0511,-0.0029,-0.0322,-0.0177,-0.0231,-0.0459,-0.0043,-0.0202,-0.0325,-0.0024,-0.0117,-0.0107,-0.004,-0.0321,-0.0303,-0.0359,-0.0269,-0.0024,0.0097,-0.0063,-0.1629,0.0131,-0.1461,-0.1242,-0.0124,-0.1575,-0.0143,-0.095,-0.1109,0.0047,-0.0061,-0.0024,0.0009,0.0124,-0.0174,-0.0004,-0.1012,0.0075,-0.0833,-0.0774,-0.0102,-0.0982,-0.0071,-0.0626,-0.073,0.0015,0.0078,-0.0055,0.0099,0.0099,-0.0003,-0.016,TRUE,TRUE
DTC_R_117,LanSi,1,CW_01,C,2026-03-21 17:10:40+08:00,ONLINE,FALSE,,CW_1_01,PASS,,,51.227947,_2026032117104045501,T20260321171040,DESKTOP-P2DUL42,Loma,1,CW_1_01,1,paul di,2024.0718.155524,V20260126.2,CW_DTCL_DTCR_STC,T20260321171131,51.227947,TRUE,TRUE,TRUE,TRUE,TRUE,TRUE,TRUE,4S2RND2HBL0DP6,v1.0.1,2025_12_22,315.0438,316.292,474.9353,296.0647,295.094,146.6711,149.3072,336.6601,335.6312,484.2908,-5.4977,-3.5042,-0.0001,0,-0.2253,1.5532,-0.2218,1.5483,0.6636,154.4727,151.2471,151.7119,154.3945,152.9565,0.8624,0.8385,0.8694,0.817,0.817,0.8099,0.7517,0.829,0.7654,0.7517,0.8184,0.8123,0.8124,0.827,0.7627,0.7326,0.7367,0.6963,0.6963,0.8471,0.8056,0.8125,0.8375,0.8056,0.8403,0.7851,0.7734,0.8296,0.776,0.7983,0.7444,0.8446,0.7444,0,0,0,0,0,v1.0.1,2025_12_22,315.042,316.2517,476.0214,296.0429,294.9459,145.6554,148.1216,336.723,335.6761,485.2817,-5.5386,-3.5091,-0.0001,0,-0.2244,1.553,-0.2215,1.5488,0.664,163.6279,157.2568,167.0107,166.3877,163.5708,0.7018,0.689,0.7042,0.6909,0.689,0.6658,0.6482,0.6744,0.6455,0.6455,0.6503,0.6455,0.6639,0.6667,0.6417,0.6253,0.5978,0.5917,0.5917,0.6717,0.6712,0.655,0.4238,0.4238,0.6533,0.665,0.669,0.6627,0.6616,0.67,0.6347,0.6742,0.6347,0,0,0,0,0,v1.0.1,2025_12_22,317.0654,327.8131,441.4522,312.5217,302.3571,195.0714,188.4262,342.2623,331.6903,456.292,-3.3018,7.2921,0,0.0001,-0.2218,1.5599,-0.2113,1.5569,0.6709,176.3965,175.2998,176.2832,177.5781,176.3894,0.8058,0.684,0.8306,0.7081,0.684,0.7662,0.6576,0.7799,0.654,0.654,0.7718,0.7438,0.7696,0.7316,0.7316,0.7375,0.6833,0.7291,0,0.6833,0,0,0,0,0,v1.0.1,2025_12_22,317.0472,327.9717,442.3805,312.5575,302.2097,194.2581,187.5207,342.3802,331.9099,457.1081,-3.2864,7.3551,0,0.0001,-0.2219,1.5598,-0.2103,1.5557,0.6708,148.8037,142.9404,145.4141,146.417,145.8938,0.662,0.5944,0.6856,0.6,0.5944,0.6435,0.5764,0.6434,0.557,0.557,0.6381,0.6311,0.6395,0.6129,0.6129,0.6164,0.5554,0.5944,0.5321,0.5321,0,0,0,0,0,-0.0061,-0.0352,-0.0073,-0.0573,-0.0515,-0.0068,-0.0687,0.011,-0.067,-0.065,-0.0097,0.0013,-0.004,0.0099,-0.0438,-0.0803,-0.0536,-0.1378,0.0058,0.0106,-0.0023,-0.0277,-0.0098,-0.0265,-0.0151,-0.0215,-0.0234,0.0085,-0.0435,-0.0204,-0.0144,-0.0148,0.0001,0.007,-0.0138,-0.0408,-0.0299,-0.0571,-0.0108,-0.0128,0.0006,-0.1419,0.0126,-0.1104,-0.1212,-0.0071,-0.1162,0.0062,-0.1291,-0.1193,0.0046,-0.0336,0.0216,-0.0069,-0.0167,0.0054,0.0041,-0.081,0.0119,-0.0736,-0.0635,0.0004,-0.0652,-0.0013,-0.0877,-0.0846,0.0063,-0.0163,0.0079,-0.0148,-0.0148,0.0136,0.0078,TRUE,TRUE
DTC_L_117,LanSi,1,CW_01,C,2026-03-21 17:10:40+08:00,ONLINE,FALSE,,CW_1_01,PASS,,,51.3595948,_2026032117104034702,T20260321171040,DESKTOP-P2DUL42,Loma,1,CW_1_01,2,paul di,2024.0718.155524,V20260126.2,CW_DTCL_DTCR_STC,T20260321171131,51.3595948,TRUE,TRUE,TRUE,TRUE,TRUE,TRUE,TRUE,4S2RND2HBL06DS,v1.0.1,2025_12_22,315.1241,322.5328,475.5152,301.9167,296.2953,151.4631,149.7483,342.3046,334.3704,488.0444,-5.2893,1.7523,-0.0001,0,-0.2273,1.5607,-0.2185,1.5545,0.6673,155.6582,151.0811,149.46,154.4502,152.6624,0.8121,0.808,0.8428,0.7978,0.7978,0.7828,0.7684,0.8007,0.7525,0.7525,0.8138,0.8087,0.7938,0.773,0.7341,0.73,0.7461,0.6782,0.6782,0.8127,0.98,0.8273,0.7859,0.7859,0.8418,0.7332,0.7255,0.821,0.8295,0.7652,0.7691,0.7617,0.7255,0,0,0,0,0,v1.0.1,2025_12_22,315.2,322.5857,476.6788,301.7883,296.12,150.5,148.5762,342.5166,334.5672,489.1194,-5.2716,1.802,-0.0001,0,-0.2276,1.5599,-0.2185,1.5545,0.6671,162.0527,157.8066,163.8516,162.3721,161.5208,0.6712,0.687,0.7004,0.7085,0.6712,0.6416,0.6231,0.6555,0.6545,0.6231,0.6495,0.6608,0.6396,0.6313,0.6296,0.6228,0.6313,0.5951,0.5951,0.6805,0.4205,0.7007,0.6567,0.4205,0.6603,0.6413,0.6108,0.6838,0.6712,0.6763,0.6548,0.6436,0.6108,0,0,0,0,0,v1.0.1,2025_12_22,313.7115,314.8654,438.6379,300.5,300.1789,184.0407,185.5372,329.4628,327.7931,444.9397,-6.3283,-4.7383,-0.0001,0,-0.214,1.5672,-0.2129,1.5624,0.6757,176.0068,174.291,172.5049,174.5068,174.3274,0.7805,0.7033,0.8001,0.6846,0.6846,0.745,0.6491,0.767,0.6562,0.6491,0.7694,0.7707,0.7595,0.7077,0.7077,0.7132,0,0.7191,0.6448,0.6448,0,0,0,0,0,v1.0.1,2025_12_22,313.7333,314.8952,439.5,300.4052,300.0427,183.1966,184.6525,329.5847,327.8729,445.8305,-6.3397,-4.7176,-0.0001,0,-0.2142,1.5667,-0.2128,1.5627,0.6756,149.0088,144.0156,142.9307,146.0371,145.498,0.6447,0.6019,0.6588,0.6095,0.6019,0.6161,0.5704,0.6283,0.5803,0.5704,0.6421,0.6398,0.6367,0.6077,0.6077,0.5671,0.4895,0.57,0.5392,0.4895,0,0,0,0,0,-0.0219,-0.0515,-0.0086,-0.0355,-0.0355,-0.0095,-0.0649,0.0001,-0.0454,-0.0398,-0.0095,-0.0102,-0.0058,0.009,-0.0929,-0.0901,-0.0628,-0.0613,-0.0052,-0.0069,-0.0162,-0.0338,0.0037,-0.0039,-0.0162,-0.0298,-0.0518,-0.006,-0.0095,-0.0384,-0.0057,0.0005,-0.0204,-0.0106,-0.0349,-0.038,-0.0297,-0.0358,-0.0029,0.0251,-0.0115,-0.1274,0.005,-0.1333,-0.1074,-0.0035,-0.146,0.0025,-0.0945,-0.0994,-0.0115,0.0064,0.0013,0.0116,-0.0199,-0.0193,-0.01,-0.0766,-0.0114,-0.0713,-0.0528,-0.0228,-0.0855,-0.0024,-0.0715,-0.0603,0.0082,0.0157,-0.0008,0.0001,0.0001,-0.0282,-0.0219,TRUE,TRUE
DTC_R_118,LanSi,1,CW_01,A,2026-03-21 17:21:24+08:00,ONLINE,FALSE,,CW_1_01,PASS,,,51.9924978,_2026032117212459601,T20260321172124,DESKTOP-P2DUL42,Loma,1,CW_1_01,1,paul di,2024.0718.155524,V20260126.2,CW_DTCL_DTCR_STC,T20260321172216,51.9924978,TRUE,TRUE,TRUE,TRUE,TRUE,TRUE,TRUE,4S2RND2HBL0DP6,v1.0.1,2025_12_22,315,317.2721,474.9118,297.5,295.2394,147.7465,149.351,337.8874,335.2979,485.2411,-5.54,-2.3706,-0.0001,0,-0.2225,1.5542,-0.2233,1.55,0.6646,157.4307,155.4531,155.1973,156.8662,156.2368,0.8622,0.8293,0.8755,0.8241,0.8241,0.817,0.7814,0.8318,0.7773,0.7773,0.8132,0.8133,0.817,0.8216,0.764,0.8011,0.7425,0.7488,0.7425,0.8357,0.8082,0.8072,0.98,0.8072,0.8484,0.7978,0.7834,0.8195,0.8228,0.7998,0.7873,0.8447,0.7834,0,0,0,0,0,v1.0.1,2025_12_22,314.9353,317.1942,475.9209,297.1367,295,146.7292,148.1233,338.0137,335.5903,486.3056,-5.5861,-2.4241,-0.0001,0,-0.2234,1.5539,-0.2236,1.5487,0.6639,162.3066,155.1455,163.9043,164.9883,161.5862,0.7042,0.6815,0.7048,0.6952,0.6815,0.6835,0.6565,0.6753,0.6474,0.6474,0.655,0.6582,0.6528,0.6641,0.6545,0.6688,0.6174,0.6314,0.6174,0.6895,0.6574,0.6666,0.1968,0.1968,0.6414,0.6593,0.6507,0.6712,0.6567,0.659,0.6447,0.6773,0.6414,0,0,0,0,0,v1.0.1,2025_12_22,317.0952,328.7238,441.5,313.5965,302.4766,195.9297,188.5583,343.4167,331.5487,457.3894,-3.2642,8.3112,0,0.0001,-0.2205,1.5606,-0.2133,1.5584,0.6713,178.2686,178.9961,178.8105,178.9365,178.7529,0.8015,0.6994,0.8144,0.7056,0.6994,0.7766,0.672,0.7682,0.6448,0.6448,0.7697,0.7737,0.7538,0.7355,0.7355,0.7516,0.684,0.7386,0,0.684,0,0,0,0,0,v1.0.1,2025_12_22,316.9135,328.7788,442.4298,313.5702,302.3571,195.0714,187.5,343.5,331.6637,458.2389,-3.3272,8.3319,0,0.0001,-0.2201,1.5618,-0.2127,1.5568,0.6715,147.8008,141.0273,142.5938,145.3213,144.1858,0.6657,0.5877,0.6778,0.596,0.5877,0.6392,0.5785,0.6405,0.5568,0.5568,0.6387,0.6469,0.6297,0.6269,0.6269,0.5822,0.5663,0.5797,0.4395,0.4395,0,0,0,0,0,-0.0063,-0.0444,-0.0012,-0.0502,-0.0444,0.0003,-0.039,0.0138,-0.0551,-0.0394,-0.0149,0.0023,0.0006,0.0045,-0.0425,-0.0118,-0.0478,-0.0853,-0.0056,0.0053,0.0001,-0.0352,-0.0092,-0.0222,-0.0226,-0.0038,-0.0151,0.0094,-0.0416,-0.0185,-0.0097,-0.0021,-0.011,0.0044,-0.001,0.0027,-0.0103,-0.0174,0.007,-0.0012,-0.0037,-0.1265,-0.0036,-0.1129,-0.1058,0.0033,-0.1018,-0.0055,-0.1383,-0.1285,0.0025,-0.0037,0.0058,-0.003,-0.0026,0.0149,0.0078,-0.0877,0.0041,-0.0776,-0.0702,-0.0039,-0.0631,-0.0042,-0.0879,-0.0848,0.0069,-0.0005,-0.0019,-0.0008,-0.0008,-0.0206,-0.0069,TRUE,TRUE
DTC_L_118,LanSi,1,CW_01,A,2026-03-21 17:21:24+08:00,ONLINE,FALSE,,CW_1_01,PASS,,,51.9386416,_2026032117212465002,T20260321172124,DESKTOP-P2DUL42,Loma,1,CW_1_01,2,paul di,2024.0718.155524,V20260126.2,CW_DTCL_DTCR_STC,T20260321172216,51.9386416,TRUE,TRUE,TRUE,TRUE,TRUE,TRUE,TRUE,4S2RND2HBL06DS,v1.0.1,2025_12_22,314.1533,323.8102,474.2993,303.365,294.8882,152.5066,148.1513,343.5329,333.2464,490.2971,-6.5523,3.2024,-0.0001,0,-0.2265,1.5583,-0.2177,1.5561,0.6675,154.291,150.3389,147.6523,153.4375,151.4299,0.8151,0.8059,0.8439,0.8039,0.8039,0.788,0.7437,0.8042,0.7526,0.7437,0.8163,0.818,0.8058,0.7637,0.7541,0.7002,0.7373,0.6896,0.6896,0.8149,0.8131,0.8298,0.8109,0.8109,0.847,0.7899,0.7819,0.8397,0.827,0.8252,0.798,0.7825,0.7819,0,0,0,0,0,v1.0.1,2025_12_22,314.1079,323.777,475.3857,303.3357,294.8224,151.5658,147.0805,343.604,333.3901,491.2482,-6.5427,3.2061,-0.0001,0,-0.2256,1.5588,-0.2176,1.5556,0.6678,160.8369,156.5068,161.6182,161.7061,160.167,0.6734,0.6691,0.6925,0.7009,0.6691,0.6588,0.6349,0.6609,0.653,0.6349,0.6474,0.6587,0.6473,0.6424,0.6312,0.6132,0.6174,0.6071,0.6071,0.6764,0.6666,0.6695,0.6702,0.6666,0.6559,0.6458,0.6411,0.6724,0.6622,0.6784,0.6465,0.6357,0.6357,0,0,0,0,0,v1.0.1,2025_12_22,312.7157,316.0196,437.6727,301.8091,298.8898,185.0763,184.3025,330.6134,326.6696,446.6261,-7.4499,-3.4711,-0.0001,0,-0.2127,1.5651,-0.2126,1.5638,0.6759,175.8174,174.8164,171.9639,174.7256,174.3308,0.7712,0.682,0.8079,0.7041,0.682,0.7519,0.667,0.7541,0.681,0.667,0.7597,0.7899,0.7466,0.6977,0.6977,0.7109,0,0.7332,0.7171,0.7109,0,0,0,0,0,v1.0.1,2025_12_22,312.6078,316,438.513,301.687,298.7863,184.453,183.4417,330.5833,326.7627,447.5,-7.4777,-3.4553,-0.0001,0,-0.2127,1.5656,-0.2119,1.5631,0.676,147.5557,142.6006,141.1504,144.9707,144.0693,0.6535,0.5939,0.681,0.6116,0.5939,0.6298,0.5637,0.6274,0.5857,0.5637,0.6539,0.6363,0.6362,0.6087,0.6087,0.5762,0.5382,0.585,0.5673,0.5382,0,0,0,0,0,-0.0189,-0.0536,-0.0075,-0.0294,-0.0294,-0.0043,-0.0896,0.0036,-0.0453,-0.0486,-0.007,-0.0009,0.0062,-0.0003,-0.0729,-0.1199,-0.0716,-0.0499,-0.003,-0.0044,-0.014,-0.0517,-0.0042,-0.0115,-0.0183,-0.0126,-0.04,-0.0006,-0.011,-0.0266,-0.0078,-0.0016,-0.0127,0.0005,-0.0333,-0.0476,-0.0436,-0.0238,-0.007,-0.0061,-0.0208,-0.1487,0.0128,-0.1138,-0.11,0.0034,-0.1281,-0.0104,-0.0697,-0.0815,-0.0212,0.0256,-0.0116,0.0016,-0.0222,-0.0052,-0.0012,-0.0846,0.0108,-0.0692,-0.0608,-0.0091,-0.0922,-0.0033,-0.0661,-0.067,0.02,0.0122,-0.0013,0.0011,0.0011,-0.0191,-0.0069,TRUE,TRUE
DTC_R_119,LanSi,1,CW_01,B,2026-03-21 17:23:03+08:00,ONLINE,FALSE,,CW_1_01,PASS,,,51.2349748,_2026032117230318301,T20260321172303,DESKTOP-P2DUL42,Loma,1,CW_1_01,1,paul di,2024.0718.155524,V20260126.2,CW_DTCL_DTCR_STC,T20260321172354,51.2349748,TRUE,TRUE,TRUE,TRUE,TRUE,TRUE,TRUE,4S2RND2HBL0DP6,v1.0.1,2025_12_22,314.971,317.1232,474.8897,297.1691,295.2828,147.6138,149.2961,337.7039,335.3429,485.25,-5.5435,-2.528,-0.0001,0,-0.2236,1.5546,-0.2231,1.5497,0.6644,157.2461,154.2881,153.9834,156.9854,155.6257,0.8621,0.8242,0.8673,0.8227,0.8227,0.8277,0.7598,0.8242,0.7738,0.7598,0.8208,0.8187,0.8108,0.8092,0.7326,0.7556,0.7316,0.7336,0.7316,0.8439,0.8052,0.8255,0.98,0.8052,0.8219,0.7826,0.7795,0.8322,0.7967,0.8415,0.7806,0.8468,0.7795,0,0,0,0,0,v1.0.1,2025_12_22,314.9571,317.1071,476,297.0863,295.0676,146.5608,148.0743,337.8041,335.5507,486.1304,-5.57,-2.5622,-0.0001,0,-0.2232,1.5542,-0.2229,1.549,0.6643,163.5596,158.5752,167.0049,166.4062,163.8865,0.708,0.7001,0.7054,0.6991,0.6991,0.6702,0.6463,0.6728,0.6525,0.6463,0.6587,0.6623,0.6502,0.6553,0.6297,0.6393,0.5994,0.6232,0.5994,0.6886,0.6734,0.6723,0.3382,0.3382,0.6396,0.6543,0.6618,0.6925,0.6563,0.6697,0.6324,0.6965,0.6324,0,0,0,0,0,v1.0.1,2025_12_22,317,328.6038,441.5702,313.4298,302.4766,195.9297,188.5041,343.1951,331.5,457.4035,-3.2898,8.2124,0,0.0001,-0.2207,1.5612,-0.2126,1.5582,0.6715,178.001,177.1943,177.0303,179.0703,177.824,0.7977,0.6975,0.8209,0.7042,0.6975,0.7723,0.6626,0.7811,0.6534,0.6534,0.7735,0.7668,0.7573,0.7336,0.7336,0.7481,0.6869,0.7332,0,0.6869,0,0,0,0,0,v1.0.1,2025_12_22,317.0374,328.6449,442.431,313.4741,302.4444,195.0794,187.5378,343.3697,331.693,458.0965,-3.2713,8.2329,0,0.0001,-0.2199,1.5615,-0.2127,1.5575,0.6716,149.2676,144.3564,145.792,147.0264,146.6106,0.6571,0.6011,0.6738,0.6099,0.6011,0.6477,0.5681,0.6431,0.568,0.568,0.6232,0.6438,0.6416,0.6173,0.6173,0.5882,0.5616,0.5766,0.4557,0.4557,0,0,0,0,0,-0.0064,-0.0495,-0.0094,-0.0516,-0.0458,0.011,-0.0606,0.0062,-0.0586,-0.0569,-0.0073,0.0077,-0.0056,-0.0079,-0.0739,-0.0573,-0.0587,-0.1005,0.0026,0.0236,0.0039,-0.0166,-0.0086,-0.0183,-0.005,-0.0171,-0.0253,0.0069,-0.0365,-0.0196,-0.006,0.002,-0.0136,-0.0044,-0.0258,-0.0268,-0.0283,-0.0256,0.0061,0.0045,-0.0075,-0.1284,0.0029,-0.1143,-0.1077,-0.001,-0.1112,0.0074,-0.1297,-0.1199,0.0063,-0.0106,0.0093,-0.0049,-0.0061,0.0095,-0.0008,-0.0743,0.0001,-0.0637,-0.0568,0.0046,-0.0735,-0.0016,-0.0767,-0.0736,-0.0086,-0.0036,0.01,-0.0104,-0.0104,-0.0146,-0.01,TRUE,TRUE
DTC_L_119,LanSi,1,CW_01,B,2026-03-21 17:23:03+08:00,ONLINE,FALSE,,CW_1_01,PASS,,,51.3736041,_2026032117230332102,T20260321172303,DESKTOP-P2DUL42,Loma,1,CW_1_01,2,paul di,2024.0718.155524,V20260126.2,CW_DTCL_DTCR_STC,T20260321172354,51.3736041,TRUE,TRUE,TRUE,TRUE,TRUE,TRUE,TRUE,4S2RND2HBL06DS,v1.0.1,2025_12_22,314.1866,322.9552,474.5639,302.7744,294.9803,151.7237,148.44,342.44,333.2993,488.854,-6.406,2.2495,-0.0001,0,-0.2247,1.5586,-0.2165,1.5556,0.6682,155.7412,151.3779,149.4883,155.1572,152.9412,0.8388,0.801,0.8333,0.7839,0.7839,0.7789,0.768,0.7889,0.7459,0.7459,0.8242,0.8093,0.8123,0.7517,0.7586,0.7081,0.7482,0.6636,0.6636,0.7967,0.98,0.8269,0.822,0.7967,0.844,0.7729,0.7537,0.8378,0.8374,0.8197,0.8122,0.7842,0.7537,0,0,0,0,0,v1.0.1,2025_12_22,314.1277,323,475.7143,302.6,294.8456,150.7383,147.3087,342.5436,333.4853,489.9485,-6.4037,2.2661,-0.0001,0,-0.2251,1.5588,-0.2161,1.5548,0.6681,161.7139,157.0869,162.9404,162.7441,161.1213,0.6762,0.6752,0.7018,0.6958,0.6752,0.6491,0.6364,0.6467,0.6513,0.6364,0.6418,0.6597,0.6578,0.6315,0.6227,0.6248,0.625,0.5961,0.5961,0.6748,0.4892,0.6738,0.6937,0.4892,0.6462,0.6492,0.619,0.69,0.6725,0.6821,0.6822,0.6295,0.619,0,0,0,0,0,v1.0.1,2025_12_22,312.8,315.3714,437.7217,301.3217,298.9487,184.265,184.4622,329.6303,326.7895,445.5,-7.3556,-4.2823,-0.0001,0,-0.2115,1.565,-0.2101,1.5632,0.6766,175.4414,174.4473,172.1963,174.7803,174.2163,0.7923,0.6898,0.7993,0.6748,0.6748,0.7487,0.6643,0.7449,0.6499,0.6499,0.7725,0.7635,0.7709,0.7003,0.7003,0.7414,0,0.7033,0.7132,0.7033,0,0,0,0,0,v1.0.1,2025_12_22,312.8095,315.2667,438.625,301.1518,298.8534,183.5862,183.5847,329.6525,326.8729,446.1695,-7.3509,-4.3347,-0.0001,0,-0.2112,1.5647,-0.2104,1.5633,0.6766,148.3418,143.0791,142.5518,145.9453,144.9795,0.6615,0.5859,0.6711,0.5921,0.5859,0.6287,0.5649,0.6163,0.5674,0.5649,0.6281,0.6302,0.6333,0.6017,0.6017,0.5712,0.5237,0.5821,0.5852,0.5237,0,0,0,0,0,0.0048,-0.0585,-0.0181,-0.0494,-0.0494,-0.0134,-0.0653,-0.0117,-0.052,-0.0464,0.0009,-0.0096,0.0127,-0.0123,-0.0684,-0.112,-0.0607,-0.0759,-0.0212,-0.0073,-0.0112,-0.0456,0.0051,-0.0166,-0.0122,-0.0223,-0.0385,-0.0148,-0.0127,-0.0251,-0.0134,-0.0006,-0.0022,-0.0104,-0.0418,-0.036,-0.036,-0.0348,-0.0086,-0.0018,0.0003,-0.1409,0.0042,-0.1431,-0.1172,0.0002,-0.1308,-0.0196,-0.1008,-0.0986,-0.0084,-0.0008,0.0127,0.0042,0.0083,-0.0351,0.0068,-0.0926,0.0009,-0.0887,-0.0688,-0.0102,-0.091,-0.0144,-0.0844,-0.0658,-0.0058,0.0061,-0.0042,-0.0059,-0.0059,-0.0241,-0.0098,TRUE,TRUE
DTC_L_120,LanSi,1,CW_01,C,2026-03-21 17:25:26+08:00,ONLINE,FALSE,,CW_1_01,PASS,,,52.128447,_2026032117252607402,T20260321172526,DESKTOP-P2DUL42,Loma,1,CW_1_01,2,paul di,2024.0718.155524,V20260126.2,CW_DTCL_DTCR_STC,T20260321172618,52.128447,TRUE,TRUE,TRUE,TRUE,TRUE,TRUE,TRUE,4S2RND2HBL00DS,v1.0.1,2025_12_22,314.4179,323.0373,474.5299,302.6866,294.9803,151.7237,148.3487,342.6776,333.3066,489.1168,-6.3833,2.3484,-0.0001,0,-0.2259,1.5573,-0.2172,1.557,0.6678,154.3076,150.0537,148.8447,153.3604,151.6416,0.8211,0.7877,0.8206,0.7683,0.7683,0.7667,0.7565,0.8008,0.7215,0.7215,0.7991,0.8086,0.7944,0.7573,0.7437,0.7164,0.7689,0.694,0.694,0.808,0.79,0.8241,0.8196,0.79,0.8576,0.7434,0.7329,0.8375,0.8386,0.8319,0.7856,0.7722,0.7329,0,0,0,0,0,v1.0.1,2025_12_22,314.2847,323.0657,475.6331,302.5252,294.8867,150.72,147.2148,342.8993,333.5845,490.2958,-6.3793,2.4012,-0.0001,0,-0.2261,1.5582,-0.2176,1.5554,0.6675,162.2881,157.5518,164.293,163.3301,161.8657,0.6797,0.6688,0.6875,0.6786,0.6688,0.653,0.6322,0.6567,0.635,0.6322,0.6524,0.6457,0.6239,0.6349,0.6283,0.6233,0.6399,0.6161,0.6161,0.6832,0.6362,0.6841,0.6785,0.6362,0.6646,0.6261,0.6089,0.666,0.6817,0.6623,0.6609,0.6327,0.6089,0,0,0,0,0,v1.0.1,2025_12_22,312.9813,315.4486,437.7946,301.2411,299.0424,184.5847,184.5574,329.9262,326.7895,445.5,-7.267,-4.1599,-0.0001,0,-0.2128,1.5642,-0.2117,1.5645,0.676,175.6836,174.7314,173.3809,175.0762,174.718,0.7872,0.6755,0.7819,0.6632,0.6632,0.7472,0.6612,0.7608,0.6423,0.6423,0.7908,0.7685,0.7619,0.6897,0.6897,0.7278,0,0.735,0.7353,0.7278,0,0,0,0,0,v1.0.1,2025_12_22,312.9151,315.3302,438.6818,301.1091,298.9744,183.8034,183.623,330.1885,326.8696,446.3391,-7.2872,-4.1459,-0.0001,0,-0.2121,1.5647,-0.2139,1.5642,0.6757,149.1357,143.5918,143.1875,146.6113,145.6316,0.6527,0.578,0.6584,0.5926,0.578,0.6326,0.5736,0.6216,0.5555,0.5555,0.6418,0.6296,0.6303,0.5884,0.5884,0.5696,0.5151,0.5794,0.5986,0.5151,0,0,0,0,0,-0.0129,-0.0718,-0.0308,-0.065,-0.065,-0.0256,-0.0768,0.0002,-0.0764,-0.0708,-0.0242,-0.0103,-0.0052,-0.0067,-0.0833,-0.1037,-0.04,-0.0455,-0.0099,-0.0101,-0.0077,-0.052,-0.0092,-0.0338,-0.0186,-0.0184,-0.0427,-0.0048,-0.029,-0.0293,-0.0028,-0.0146,-0.0361,-0.007,-0.0362,-0.0375,-0.0211,-0.0148,-0.0002,0.0085,-0.0048,-0.1552,-0.0132,-0.1547,-0.1288,-0.0013,-0.1339,-0.0037,-0.1084,-0.1062,0.0099,0.0042,0.0037,-0.0064,-0.0053,-0.0034,-0.002,-0.1005,-0.0118,-0.0882,-0.0767,-0.0063,-0.0823,-0.0091,-0.0963,-0.0752,0.0079,0.0055,-0.0072,-0.0192,-0.0192,-0.0257,-0.0125,TRUE,TRUE
DTC_R_120,LanSi,1,CW_01,C,2026-03-21 17:25:26+08:00,ONLINE,FALSE,,CW_1_01,PASS,,,51.9688741,_2026032117252626401,T20260321172526,DESKTOP-P2DUL42,Loma,1,CW_1_01,1,paul di,2024.0718.155524,V20260126.2,CW_DTCL_DTCR_STC,T20260321172618,51.9688741,TRUE,TRUE,TRUE,TRUE,TRUE,TRUE,TRUE,4S2RND2HBL0DP6,v1.0.1,2025_12_22,315.3235,317.0368,475.7059,297.3162,295.5374,148.6599,149.3907,337.245,336.0933,486.0467,-5.0898,-2.2391,-0.0001,0,-0.2218,1.5533,-0.2207,1.548,0.6647,156.4912,153.9062,153.6875,156.1885,155.0684,0.861,0.7827,0.8724,0.7885,0.7827,0.8252,0.7363,0.8312,0.7938,0.7363,0.8065,0.809,0.8032,0.8248,0.7144,0.7103,0.7877,0.789,0.7103,0.8267,0.8078,0.8128,0.1947,0.1947,0.8444,0.7772,0.7673,0.8368,0.7932,0.688,0.8399,0.8396,0.688,0,0,0,0,0,v1.0.1,2025_12_22,315.292,317,476.7591,297.1533,295.3288,147.6164,148.2148,337.255,336.1513,487.1184,-5.1508,-2.2714,-0.0001,0,-0.2218,1.553,-0.2201,1.5483,0.6648,163.5049,157.1055,166.0391,165.8525,163.1255,0.6993,0.6512,0.7152,0.6632,0.6512,0.6673,0.6165,0.6695,0.6645,0.6165,0.6538,0.6574,0.6508,0.6529,0.619,0.6271,0.6263,0.6373,0.619,0.6598,0.6505,0.6662,0.1298,0.1298,0.6561,0.6645,0.6451,0.6696,0.6544,0.579,0.6453,0.6746,0.579,0,0,0,0,0,v1.0.1,2025_12_22,317.3364,328.4182,442.1964,313.3304,302.7143,196.8651,188.5372,342.5372,332.1121,457.0776,-2.9207,8.1457,0,0.0001,-0.2197,1.5596,-0.2087,1.5559,0.6718,177.7578,177.0977,177.4844,178.0391,177.5947,0.8064,0.6267,0.8186,0.6521,0.6267,0.7662,0.5915,0.7714,0.6851,0.5915,0.7783,0.7472,0.7559,0.7506,0.7472,0.7492,0.6659,0.7338,0,0.6659,0,0,0,0,0,v1.0.1,2025_12_22,317.1714,328.4571,443.0273,313.3364,302.5,196,187.6583,342.725,332.1121,457.9224,-3.0062,8.1882,0,0.0001,-0.2191,1.56,-0.2092,1.5554,0.6718,149.0166,142.959,144.96,146.4307,145.8416,0.6628,0.5524,0.6808,0.5641,0.5524,0.642,0.5313,0.634,0.5814,0.5313,0.6443,0.644,0.6413,0.6332,0.6332,0.5882,0.5429,0.5787,0.2837,0.2837,0,0,0,0,0,-0.0075,-0.091,-0.0043,-0.0858,-0.0858,0.0085,-0.0841,0.0132,-0.0386,-0.0804,-0.0216,-0.002,-0.0132,0.0077,-0.0921,-0.1026,-0.0026,-0.0451,-0.0146,0.0109,-0.0048,-0.0655,0.0012,-0.0542,-0.0529,-0.02,-0.0551,0.0036,-0.0245,-0.0494,-0.0109,-0.0029,-0.013,-0.0068,-0.0365,-0.039,-0.0014,-0.0115,-0.0227,-0.0016,0.0012,-0.1992,0.0006,-0.1664,-0.1785,-0.0071,-0.1823,-0.0023,-0.098,-0.1818,0.0111,-0.0302,0.0079,0.0121,-0.005,0.0101,0.0049,-0.123,0.0071,-0.1095,-0.1055,-0.0011,-0.1103,-0.0107,-0.0633,-0.1103,0.0125,-0.0034,0.0097,0.0055,0.0055,-0.0146,-0.0079,TRUE,TRUE
