SerialNumber,CM,Line_ID,TesterName,Appraiser,Time,Test_Mode,Audit_Mode,CONFIG_VER,TestStation,TestResult,TestFailItem,ErrorCode,TestTotalTime,TSRID,Test_StartTime,PCName,Product_Name,LineID,Tester_Name,SlotID,Author,Version,Version_SW,Version_Api,Test_EndTime,TestTotalSeconds,CheckMES,CloseDoor,OpenDTC,Move_SFR,Captrue_SFR,Move_SubSFR,Captrue_SubSFR,CameraSN,sfr_25sfr_version,sfr_25modify_date,SFR_VIS_25cm_P0x,SFR_VIS_25cm_P0y,SFR_VIS_25cm_P1x,SFR_VIS_25cm_P1y,SFR_VIS_25cm_P2x,SFR_VIS_25cm_P2y,SFR_VIS_25cm_P3x,SFR_VIS_25cm_P3y,SFR_VIS_25cm_P4x,SFR_VIS_25cm_P4y,SFR_VIS_25cm_Pointing_OC_X,SFR_VIS_25cm_Pointing_OC_Y,SFR_VIS_25cm_Pan,SFR_VIS_25cm_Tilt,SFR_VIS_25cm_Rotation_P1,SFR_VIS_25cm_Rotation_P2,SFR_VIS_25cm_Rotation_P3,SFR_VIS_25cm_Rotation_P4,SFR_VIS_25cm_Rotation_Mean,SFR_VIS_25cm_Brightness_A,SFR_VIS_25cm_Brightness_B,SFR_VIS_25cm_Brightness_C,SFR_VIS_25cm_Brightness_D,SFR_VIS_25cm_Brightness_Mean,SFR_VIS_25cm_Ny4_01F_ROI1,SFR_VIS_25cm_Ny4_01F_ROI2,SFR_VIS_25cm_Ny4_01F_ROI3,SFR_VIS_25cm_Ny4_01F_ROI4,SFR_VIS_25cm_Ny4_01F_Min,SFR_VIS_25cm_Ny4_03F_ROI5,SFR_VIS_25cm_Ny4_03F_ROI6,SFR_VIS_25cm_Ny4_03F_ROI7,SFR_VIS_25cm_Ny4_03F_ROI8,SFR_VIS_25cm_Ny4_03F_Min,SFR_VIS_25cm_Ny4_06F_ROI9,SFR_VIS_25cm_Ny4_06F_ROI10,SFR_VIS_25cm_Ny4_06F_ROI11,SFR_VIS_25cm_Ny4_06F_ROI12,SFR_VIS_25cm_Ny4_06F_ROI13,SFR_VIS_25cm_Ny4_06F_ROI14,SFR_VIS_25cm_Ny4_06F_ROI15,SFR_VIS_25cm_Ny4_06F_ROI16,SFR_VIS_25cm_Ny4_06F_Min,SFR_VIS_25cm_Ny4_08F_ROI17,SFR_VIS_25cm_Ny4_08F_ROI18,SFR_VIS_25cm_Ny4_08F_ROI19,SFR_VIS_25cm_Ny4_08F_ROI20,SFR_VIS_25cm_Ny4_08FTANF_Min,SFR_VIS_25cm_Ny4_08F_ROI21,SFR_VIS_25cm_Ny4_08F_ROI22,SFR_VIS_25cm_Ny4_08F_ROI23,SFR_VIS_25cm_Ny4_08F_ROI24,SFR_VIS_25cm_Ny4_08F_ROI25,SFR_VIS_25cm_Ny4_08F_ROI26,SFR_VIS_25cm_Ny4_08F_ROI27,SFR_VIS_25cm_Ny4_08F_ROI28,SFR_VIS_25cm_Ny4_08F_Min,SFR_VIS_25cm_Ny4_010F_ROI29,SFR_VIS_25cm_Ny4_010F_ROI30,SFR_VIS_25cm_Ny4_010F_ROI31,SFR_VIS_25cm_Ny4_010F_ROI32,SFR_VIS_25cm_Ny4_010F_Min,IR_sfr_25sfr_version,IR_sfr_25modify_date,IR_SFR_VIS_25cm_P0x,IR_SFR_VIS_25cm_P0y,IR_SFR_VIS_25cm_P1x,IR_SFR_VIS_25cm_P1y,IR_SFR_VIS_25cm_P2x,IR_SFR_VIS_25cm_P2y,IR_SFR_VIS_25cm_P3x,IR_SFR_VIS_25cm_P3y,IR_SFR_VIS_25cm_P4x,IR_SFR_VIS_25cm_P4y,IR_SFR_VIS_25cm_Pointing_OC_X,IR_SFR_VIS_25cm_Pointing_OC_Y,IR_SFR_VIS_25cm_Pan,IR_SFR_VIS_25cm_Tilt,IR_SFR_VIS_25cm_Rotation_P1,IR_SFR_VIS_25cm_Rotation_P2,IR_SFR_VIS_25cm_Rotation_P3,IR_SFR_VIS_25cm_Rotation_P4,IR_SFR_VIS_25cm_Rotation_Mean,IR_SFR_VIS_25cm_Brightness_A,IR_SFR_VIS_25cm_Brightness_B,IR_SFR_VIS_25cm_Brightness_C,IR_SFR_VIS_25cm_Brightness_D,IR_SFR_VIS_25cm_Brightness_Mean,IR_SFR_VIS_25cm_Ny4_01F_ROI1,IR_SFR_VIS_25cm_Ny4_01F_ROI2,IR_SFR_VIS_25cm_Ny4_01F_ROI3,IR_SFR_VIS_25cm_Ny4_01F_ROI4,IR_SFR_VIS_25cm_Ny4_01F_Min,IR_SFR_VIS_25cm_Ny4_03F_ROI5,IR_SFR_VIS_25cm_Ny4_03F_ROI6,IR_SFR_VIS_25cm_Ny4_03F_ROI7,IR_SFR_VIS_25cm_Ny4_03F_ROI8,IR_SFR_VIS_25cm_Ny4_03F_Min,IR_SFR_VIS_25cm_Ny4_06F_ROI9,IR_SFR_VIS_25cm_Ny4_06F_ROI10,IR_SFR_VIS_25cm_Ny4_06F_ROI11,IR_SFR_VIS_25cm_Ny4_06F_ROI12,IR_SFR_VIS_25cm_Ny4_06F_ROI13,IR_SFR_VIS_25cm_Ny4_06F_ROI14,IR_SFR_VIS_25cm_Ny4_06F_ROI15,IR_SFR_VIS_25cm_Ny4_06F_ROI16,IR_SFR_VIS_25cm_Ny4_06F_Min,IR_SFR_VIS_25cm_Ny4_08F_ROI17,IR_SFR_VIS_25cm_Ny4_08F_ROI18,IR_SFR_VIS_25cm_Ny4_08F_ROI19,IR_SFR_VIS_25cm_Ny4_08F_ROI20,IR_SFR_VIS_25cm_Ny4_08FTANF_Min,IR_SFR_VIS_25cm_Ny4_08F_ROI21,IR_SFR_VIS_25cm_Ny4_08F_ROI22,IR_SFR_VIS_25cm_Ny4_08F_ROI23,IR_SFR_VIS_25cm_Ny4_08F_ROI24,IR_SFR_VIS_25cm_Ny4_08F_ROI25,IR_SFR_VIS_25cm_Ny4_08F_ROI26,IR_SFR_VIS_25cm_Ny4_08F_ROI27,IR_SFR_VIS_25cm_Ny4_08F_ROI28,IR_SFR_VIS_25cm_Ny4_08F_Min,IR_SFR_VIS_25cm_Ny4_010F_ROI29,IR_SFR_VIS_25cm_Ny4_010F_ROI30,IR_SFR_VIS_25cm_Ny4_010F_ROI31,IR_SFR_VIS_25cm_Ny4_010F_ROI32,IR_SFR_VIS_25cm_Ny4_010F_Min,sfr_4sfr_version,sfr_4modify_date,SFR_VIS_4cm_P0x,SFR_VIS_4cm_P0y,SFR_VIS_4cm_P1x,SFR_VIS_4cm_P1y,SFR_VIS_4cm_P2x,SFR_VIS_4cm_P2y,SFR_VIS_4cm_P3x,SFR_VIS_4cm_P3y,SFR_VIS_4cm_P4x,SFR_VIS_4cm_P4y,SFR_VIS_4cm_Pointing_OC_X,SFR_VIS_4cm_Pointing_OC_Y,SFR_VIS_4cm_Pan,SFR_VIS_4cm_Tilt,SFR_VIS_4cm_Rotation_P1,SFR_VIS_4cm_Rotation_P2,SFR_VIS_4cm_Rotation_P3,SFR_VIS_4cm_Rotation_P4,SFR_VIS_4cm_Rotation_Mean,SFR_VIS_4cm_Brightness_A,SFR_VIS_4cm_Brightness_B,SFR_VIS_4cm_Brightness_C,SFR_VIS_4cm_Brightness_D,SFR_VIS_4cm_Brightness_Mean,SFR_VIS_4cm_Ny4_01F_ROI1,SFR_VIS_4cm_Ny4_01F_ROI2,SFR_VIS_4cm_Ny4_01F_ROI3,SFR_VIS_4cm_Ny4_01F_ROI4,SFR_VIS_4cm_Ny4_01F_Min,SFR_VIS_4cm_Ny4_03F_ROI5,SFR_VIS_4cm_Ny4_03F_ROI6,SFR_VIS_4cm_Ny4_03F_ROI7,SFR_VIS_4cm_Ny4_03F_ROI8,SFR_VIS_4cm_Ny4_03F_Min,SFR_VIS_4cm_Ny4_06F_ROI9,SFR_VIS_4cm_Ny4_06F_ROI10,SFR_VIS_4cm_Ny4_06F_ROI11,SFR_VIS_4cm_Ny4_06F_ROI12,SFR_VIS_4cm_Ny4_06F_Min,SFR_VIS_4cm_Ny4_08F_ROI13,SFR_VIS_4cm_Ny4_08F_ROI14,SFR_VIS_4cm_Ny4_08F_ROI15,SFR_VIS_4cm_Ny4_08F_ROI16,SFR_VIS_4cm_Ny4_08F_Min,SFR_VIS_4cm_Ny4_010F_ROI17,SFR_VIS_4cm_Ny4_010F_ROI18,SFR_VIS_4cm_Ny4_010F_ROI19,SFR_VIS_4cm_Ny4_010F_ROI20,SFR_VIS_4cm_Ny4_010F_Min,IR_sfr_4sfr_version,IR_sfr_4modify_date,IR_SFR_VIS_4cm_P0x,IR_SFR_VIS_4cm_P0y,IR_SFR_VIS_4cm_P1x,IR_SFR_VIS_4cm_P1y,IR_SFR_VIS_4cm_P2x,IR_SFR_VIS_4cm_P2y,IR_SFR_VIS_4cm_P3x,IR_SFR_VIS_4cm_P3y,IR_SFR_VIS_4cm_P4x,IR_SFR_VIS_4cm_P4y,IR_SFR_VIS_4cm_Pointing_OC_X,IR_SFR_VIS_4cm_Pointing_OC_Y,IR_SFR_VIS_4cm_Pan,IR_SFR_VIS_4cm_Tilt,IR_SFR_VIS_4cm_Rotation_P1,IR_SFR_VIS_4cm_Rotation_P2,IR_SFR_VIS_4cm_Rotation_P3,IR_SFR_VIS_4cm_Rotation_P4,IR_SFR_VIS_4cm_Rotation_Mean,IR_SFR_VIS_4cm_Brightness_A,IR_SFR_VIS_4cm_Brightness_B,IR_SFR_VIS_4cm_Brightness_C,IR_SFR_VIS_4cm_Brightness_D,IR_SFR_VIS_4cm_Brightness_Mean,IR_SFR_VIS_4cm_Ny4_01F_ROI1,IR_SFR_VIS_4cm_Ny4_01F_ROI2,IR_SFR_VIS_4cm_Ny4_01F_ROI3,IR_SFR_VIS_4cm_Ny4_01F_ROI4,IR_SFR_VIS_4cm_Ny4_01F_Min,IR_SFR_VIS_4cm_Ny4_03F_ROI5,IR_SFR_VIS_4cm_Ny4_03F_ROI6,IR_SFR_VIS_4cm_Ny4_03F_ROI7,IR_SFR_VIS_4cm_Ny4_03F_ROI8,IR_SFR_VIS_4cm_Ny4_03F_Min,IR_SFR_VIS_4cm_Ny4_06F_ROI9,IR_SFR_VIS_4cm_Ny4_06F_ROI10,IR_SFR_VIS_4cm_Ny4_06F_ROI11,IR_SFR_VIS_4cm_Ny4_06F_ROI12,IR_SFR_VIS_4cm_Ny4_06F_Min,IR_SFR_VIS_4cm_Ny4_08F_ROI13,IR_SFR_VIS_4cm_Ny4_08F_ROI14,IR_SFR_VIS_4cm_Ny4_08F_ROI15,IR_SFR_VIS_4cm_Ny4_08F_ROI16,IR_SFR_VIS_4cm_Ny4_08F_Min,IR_SFR_VIS_4cm_Ny4_010F_ROI17,IR_SFR_VIS_4cm_Ny4_010F_ROI18,IR_SFR_VIS_4cm_Ny4_010F_ROI19,IR_SFR_VIS_4cm_Ny4_010F_ROI20,IR_SFR_VIS_4cm_Ny4_010F_Min,SFR_VIS_25cm_Ny4_01F_ROI1_Dev,SFR_VIS_25cm_Ny4_01F_ROI2_Dev,SFR_VIS_25cm_Ny4_01F_ROI3_Dev,SFR_VIS_25cm_Ny4_01F_ROI4_Dev,SFR_VIS_25cm_Ny4_01F_Min_Dev,SFR_VIS_25cm_Ny4_03F_ROI5_Dev,SFR_VIS_25cm_Ny4_03F_ROI6_Dev,SFR_VIS_25cm_Ny4_03F_ROI7_Dev,SFR_VIS_25cm_Ny4_03F_ROI8_Dev,SFR_VIS_25cm_Ny4_03F_Min_Dev,SFR_VIS_25cm_Ny4_06F_ROI9_Dev,SFR_VIS_25cm_Ny4_06F_ROI10_Dev,SFR_VIS_25cm_Ny4_06F_ROI11_Dev,SFR_VIS_25cm_Ny4_06F_ROI12_Dev,SFR_VIS_25cm_Ny4_06F_ROI13_Dev,SFR_VIS_25cm_Ny4_06F_ROI14_Dev,SFR_VIS_25cm_Ny4_06F_ROI15_Dev,SFR_VIS_25cm_Ny4_06F_ROI16_Dev,SFR_VIS_25cm_Ny4_08F_ROI17_Dev,SFR_VIS_25cm_Ny4_08F_ROI19_Dev,IR_SFR_VIS_25cm_Ny4_01F_ROI1_Dev,IR_SFR_VIS_25cm_Ny4_01F_ROI2_Dev,IR_SFR_VIS_25cm_Ny4_01F_ROI3_Dev,IR_SFR_VIS_25cm_Ny4_01F_ROI4_Dev,IR_SFR_VIS_25cm_Ny4_01F_Min_Dev,IR_SFR_VIS_25cm_Ny4_03F_ROI5_Dev,IR_SFR_VIS_25cm_Ny4_03F_ROI6_Dev,IR_SFR_VIS_25cm_Ny4_03F_ROI7_Dev,IR_SFR_VIS_25cm_Ny4_03F_ROI8_Dev,IR_SFR_VIS_25cm_Ny4_03F_Min_Dev,IR_SFR_VIS_25cm_Ny4_06F_ROI9_Dev,IR_SFR_VIS_25cm_Ny4_06F_ROI10_Dev,IR_SFR_VIS_25cm_Ny4_06F_ROI11_Dev,IR_SFR_VIS_25cm_Ny4_06F_ROI12_Dev,IR_SFR_VIS_25cm_Ny4_06F_ROI13_Dev,IR_SFR_VIS_25cm_Ny4_06F_ROI14_Dev,IR_SFR_VIS_25cm_Ny4_06F_ROI15_Dev,IR_SFR_VIS_25cm_Ny4_06F_ROI16_Dev,IR_SFR_VIS_25cm_Ny4_08F_ROI17_Dev,IR_SFR_VIS_25cm_Ny4_08F_ROI19_Dev,SFR_VIS_4cm_Ny4_01F_ROI1_Dev,SFR_VIS_4cm_Ny4_01F_ROI2_Dev,SFR_VIS_4cm_Ny4_01F_ROI3_Dev,SFR_VIS_4cm_Ny4_01F_ROI4_Dev,SFR_VIS_4cm_Ny4_01F_Min_Dev,SFR_VIS_4cm_Ny4_03F_ROI5_Dev,SFR_VIS_4cm_Ny4_03F_ROI6_Dev,SFR_VIS_4cm_Ny4_03F_ROI7_Dev,SFR_VIS_4cm_Ny4_03F_ROI8_Dev,SFR_VIS_4cm_Ny4_03F_Min_Dev,SFR_VIS_4cm_Ny4_06F_ROI9_Dev,SFR_VIS_4cm_Ny4_06F_ROI10_Dev,SFR_VIS_4cm_Ny4_06F_ROI11_Dev,SFR_VIS_4cm_Ny4_06F_ROI12_Dev,SFR_VIS_4cm_Ny4_08F_ROI13_Dev,SFR_VIS_4cm_Ny4_08F_ROI15_Dev,IR_SFR_VIS_4cm_Ny4_01F_ROI1_Dev,IR_SFR_VIS_4cm_Ny4_01F_ROI2_Dev,IR_SFR_VIS_4cm_Ny4_01F_ROI3_Dev,IR_SFR_VIS_4cm_Ny4_01F_ROI4_Dev,IR_SFR_VIS_4cm_Ny4_01F_Min_Dev,IR_SFR_VIS_4cm_Ny4_03F_ROI5_Dev,IR_SFR_VIS_4cm_Ny4_03F_ROI6_Dev,IR_SFR_VIS_4cm_Ny4_03F_ROI7_Dev,IR_SFR_VIS_4cm_Ny4_03F_ROI8_Dev,IR_SFR_VIS_4cm_Ny4_03F_Min_Dev,IR_SFR_VIS_4cm_Ny4_06F_ROI9_Dev,IR_SFR_VIS_4cm_Ny4_06F_ROI10_Dev,IR_SFR_VIS_4cm_Ny4_06F_ROI11_Dev,IR_SFR_VIS_4cm_Ny4_06F_ROI12_Dev,IR_SFR_VIS_4cm_Ny4_06F_Min_Dev,IR_SFR_VIS_4cm_Ny4_08F_ROI13_Dev,IR_SFR_VIS_4cm_Ny4_08F_ROI15_Dev,FixtureHome,OpenDoor
Lower Limit ----->,,,,,,,,,,,,,,,,,,,,,,,,,,,TRUE,TRUE,TRUE,TRUE,TRUE,TRUE,TRUE,,,,,,,,,,,,,,,,,,,,,,,,,,,,0.68,0.68,0.68,0.68,0.68,0.67,0.67,0.67,0.67,0.67,0.66,0.66,0.66,0.66,0.66,0.66,0.66,0.66,0.66,0.66,,0.66,,,,,,,,,,,,,,,,,,,,,,,,,,,,,,,,,,,,,,,,,,,0.59,0.59,0.59,0.59,0.59,0.57,0.57,0.57,0.57,0.57,0.56,0.56,0.56,0.56,0.56,0.56,0.56,0.56,0.56,0.55,,0.55,,,,,,,,,,,,,,,,,,,,,,,,,,,,,,,,,,,,,,,,,,,,,,,,,,,,,,,,,,,,,,,,,,,,,,,,,,,,,,,,,,,,,,,,,,,,,,,,,,,,,,,,,,,,,,,,,,,,,,,-0.12,-0.12,-0.12,-0.12,-0.12,-0.12,-0.12,-0.12,-0.12,-0.12,-0.12,-0.12,-0.12,-0.12,-0.18,-0.18,-0.18,-0.18,-0.18,-0.18,-0.12,-0.12,-0.12,-0.12,-0.12,-0.12,-0.12,-0.12,-0.12,-0.12,-0.12,-0.12,-0.12,-0.12,-0.18,-0.18,-0.18,-0.18,-0.18,-0.18,,,,,,,,,,,,,,,,,,,,,,,,,,,,,,,,,,TRUE,TRUE
Upper Limit ----->,,,,,,,,,,,,,,,,,,,,,,,,,,,,,,,,,,,,,,,,,,,,,,,,,,,,,,,,,,,,,0.9,0.9,0.9,0.9,0.9,0.9,0.9,0.9,0.9,0.9,0.9,0.9,0.9,0.9,0.9,0.9,0.9,0.9,0.9,0.9,,0.9,,,,,,,,,,,,,,,,,,,,,,,,,,,,,,,,,,,,,,,,,,,0.9,0.9,0.9,0.9,0.9,0.9,0.9,0.9,0.9,0.9,0.9,0.9,0.9,0.9,0.9,0.9,0.9,0.9,0.9,0.9,,0.9,,,,,,,,,,,,,,,,,,,,,,,,,,,,,,,,,,,,,,,,,,,,,,,,,,,,,,,,,,,,,,,,,,,,,,,,,,,,,,,,,,,,,,,,,,,,,,,,,,,,,,,,,,,,,,,,,,,,,,,0.1,0.1,0.1,0.1,0.1,0.1,0.1,0.1,0.1,0.1,0.1,0.1,0.1,0.1,0.1,0.1,0.1,0.1,0.1,0.1,0.1,0.1,0.1,0.1,0.1,0.1,0.1,0.1,0.1,0.1,0.1,0.1,0.1,0.1,0.1,0.1,0.1,0.1,0.1,0.1,,,,,,,,,,,,,,,,,,,,,,,,,,,,,,,,,,,
Unit,,,,,,,,,,,,,,,,,,,,,,,,,,,,,,,,,,,,,,,,,,,,,,,,,,,,,,,,,,,,,,,,,,,,,,,,,,,,,,,,,,,,,,,,,,,,,,,,,,,,,,,,,,,,,,,,,,,,,,,,,,,,,,,,,,,,,,,,,,,,,,,,,,,,,,,,,,,,,,,,,,,,,,,,,,,,,,,,,,,,,,,,,,,,,,,,,,,,,,,,,,,,,,,,,,,,,,,,,,,,,,,,,,,,,,,,,,,,,,,,,,,,,,,,,,,,,,,,,,,,,,,,,,,,,,,,,,,,,,,,,,,,,,,,,,,,,,,,,,,,,,,,,,,,,,,,,,,,,,,,,,,,,,,,,,,,,,,,,,,
DTC_R_1,LanSi,1,CW_01,B,2026-03-28 09:09:56+08:00,ONLINE,FALSE,,CW_1_01,PASS,,,51.8476444,_2026032809095680901,T20260328090956,DESKTOP-P2DUL42,Loma,1,CW_1_01,1,paul di,2024.0718.155524,V20260126.2,CW_DTCL_DTCR_STC,T20260328091048,51.8476444,TRUE,TRUE,TRUE,TRUE,TRUE,TRUE,TRUE,4S2RND2HBL0DP6,v1.0.1,2025_12_22,315.1926,316.8074,475.1679,297.2847,295.6054,148.5442,149.3129,336.9592,335.8207,484,-5.2801,-2.7809,-0.0001,0,-0.2209,1.5544,-0.2204,1.5475,0.6652,155.9736,153.1318,153.2441,155.6162,154.4915,0.8607,0.7865,0.8684,0.7909,0.7865,0.8104,0.7519,0.8288,0.7428,0.7428,0.8129,0.8129,0.8153,0.8015,0.7224,0.7189,0.7707,0.7453,0.7189,0.8261,0.8031,0.8037,0.7358,0.7358,0.8465,0.7812,0.802,0.8368,0.7716,0.6669,0.8187,0.8347,0.6669,0,0,0,0,0,v1.0.1,2025_12_22,315.1087,316.8261,476.1087,297.1739,295.3946,147.4558,148.1111,337.0208,335.9122,485.0473,-5.373,-2.7952,-0.0001,0,-0.2209,1.5544,-0.2198,1.5472,0.6652,164.5137,158.123,167.0078,167.0732,164.1794,0.7046,0.6662,0.7164,0.6726,0.6662,0.6739,0.6276,0.6744,0.6326,0.6276,0.6611,0.6558,0.6454,0.6601,0.6226,0.6195,0.6207,0.6191,0.6191,0.6777,0.6731,0.6629,0.0496,0.0496,0.6454,0.6642,0.6662,0.6694,0.6292,0.586,0.6342,0.6861,0.586,0,0,0,0,0,v1.0.1,2025_12_22,317.5,328.1132,442.0727,313.2364,302.9421,196.2562,188.6333,342.35,331.973,455.6306,-2.8758,7.6173,0,0.0001,-0.2183,1.5603,-0.2095,1.5573,0.6724,177.5293,177.0234,177.4941,178.5967,177.6609,0.814,0.6495,0.8236,0.6482,0.6482,0.759,0.6401,0.7834,0.6279,0.6279,0.7714,0.7786,0.7647,0.7582,0.7582,0.7616,0.6875,0.7369,0,0.6875,0,0,0,0,0,v1.0.1,2025_12_22,317.3962,328.1415,442.8214,313.2411,302.6721,195.6885,187.7541,342.5,332.0727,456.5,-2.9567,7.7142,0,0.0001,-0.2177,1.5596,-0.2098,1.5564,0.6721,148.752,142.46,144.749,146.7236,145.6711,0.6739,0.5656,0.6777,0.5742,0.5656,0.6409,0.5648,0.6617,0.5431,0.5431,0.635,0.6401,0.6412,0.6285,0.6285,0.5991,0.5546,0.6007,0.3647,0.3647,0,0,0,0,0,-0.0088,-0.1006,-0.0148,-0.086,-0.083,-0.0153,-0.0501,0.0213,-0.0988,-0.0592,0.0117,-0.0068,-0.0054,-0.0152,-0.0838,-0.096,-0.0276,-0.0875,-0.0252,-0.0029,-0.0045,-0.0488,0.0057,-0.0461,-0.0429,-0.0091,-0.0244,0.0033,-0.0484,-0.0244,0.0435,0.0012,-0.0119,-0.0145,-0.0166,-0.0582,-0.0143,-0.0195,-0.0103,0.0012,0.0093,-0.177,0.0025,-0.1739,-0.1565,-0.01,-0.1184,0.0038,-0.1617,-0.1306,0.0053,0.017,0.0048,0.015,0.0159,-0.0055,0.0031,-0.1107,0.0033,-0.1119,-0.1052,-0.0076,-0.0785,0.0142,-0.1036,-0.1002,0.0333,-0.0033,0.0113,0.0024,0.0268,-0.0048,0.0063,TRUE,TRUE
DTC_L_1,LanSi,1,CW_01,B,2026-03-28 09:09:56+08:00,ONLINE,FALSE,,CW_1_01,PASS,,,52.0421252,_2026032809095686302,T20260328090956,DESKTOP-P2DUL42,Loma,1,CW_1_01,2,paul di,2024.0718.155524,V20260126.2,CW_DTCL_DTCR_STC,T20260328091048,52.0421252,TRUE,TRUE,TRUE,TRUE,TRUE,TRUE,TRUE,4S2RND2HBL06DS,v1.0.1,2025_12_22,314.1739,323.6667,474.1691,303.2353,294.8467,151.7867,148.3072,343.6601,333.4085,490.5,-6.5189,3.0698,-0.0001,0,-0.2265,1.5583,-0.2194,1.5555,0.667,156.2148,151.4131,149.7188,155.4775,153.2061,0.8331,0.8039,0.8317,0.8007,0.8007,0.7775,0.7411,0.8003,0.7319,0.7319,0.8252,0.7995,0.8306,0.7559,0.7537,0.7284,0.7809,0.7028,0.7028,0.8191,0.5081,0.8168,0.8242,0.5081,0.851,0.7711,0.722,0.8342,0.8263,0.8353,0.7776,0.7734,0.722,0,0,0,0,0,v1.0.1,2025_12_22,314.1583,323.7122,475.3309,303.0735,294.8067,150.7133,147.1879,343.7584,333.6761,491.5352,-6.468,3.0585,-0.0001,0,-0.2268,1.5589,-0.219,1.5545,0.6669,163.3125,158.2129,165.1738,164.1104,162.7024,0.6793,0.6851,0.6981,0.7141,0.6793,0.6583,0.6338,0.6378,0.6451,0.6338,0.6431,0.6409,0.6527,0.624,0.6211,0.6283,0.6434,0.6034,0.6034,0.6631,0.5338,0.6591,0.6897,0.5338,0.6528,0.641,0.6087,0.6825,0.6672,0.6912,0.6554,0.6262,0.6087,0,0,0,0,0,v1.0.1,2025_12_22,312.9245,315.8679,437.8364,301.7182,299,184.6066,184.5583,330.5833,327.0431,446.681,-7.2275,-3.6086,-0.0001,0,-0.2123,1.5646,-0.2136,1.5628,0.6754,175.8994,174.1182,172.5703,175.3477,174.4839,0.7872,0.7007,0.8179,0.7195,0.7007,0.7434,0.6449,0.7502,0.6587,0.6449,0.7855,0.7729,0.7743,0.7007,0.7007,0.7305,0,0.7328,0.7212,0.7212,0,0,0,0,0,v1.0.1,2025_12_22,312.9524,315.819,438.687,301.513,298.975,183.7667,183.605,330.605,327.1293,447.2759,-7.2303,-3.7041,-0.0001,0,-0.2128,1.5648,-0.2133,1.5629,0.6754,148.999,143.5342,143.4805,146.6729,145.6716,0.6554,0.5971,0.6736,0.6325,0.5971,0.6437,0.5451,0.6263,0.5742,0.5451,0.6273,0.633,0.6551,0.6049,0.6049,0.5911,0.5204,0.5757,0.5719,0.5204,0,0,0,0,0,0.0064,-0.0544,-0.0002,-0.0209,-0.0209,-0.0134,-0.0926,-0.0015,-0.0518,-0.0518,0.0239,-0.0144,0.0116,-0.013,-0.0717,-0.0928,-0.0216,-0.0516,0.0009,0.0001,0.0054,-0.023,0.0009,0.0075,0.0054,-0.0065,-0.0384,-0.0268,-0.0258,-0.0308,-0.0009,-0.014,-0.0105,-0.0125,-0.0482,-0.0369,-0.0053,-0.0137,-0.0244,-0.0138,-0.0075,-0.1198,0.0124,-0.0784,-0.094,-0.0061,-0.1476,-0.0111,-0.0934,-0.1046,-0.0025,0.0171,0.0167,0.0068,-0.0171,-0.001,-0.0065,-0.0763,-0.005,-0.0588,-0.0648,0.0203,-0.1074,0.0067,-0.0651,-0.0745,-0.013,0.0039,0.0131,0.0065,0.0065,-0.0139,-0.0161,TRUE,TRUE
DTC_L_2,LanSi,1,CW_01,C,2026-03-28 09:11:55+08:00,ONLINE,FALSE,,CW_1_01,PASS,,,51.4294776,_2026032809115578402,T20260328091155,DESKTOP-P2DUL42,Loma,1,CW_1_01,2,paul di,2024.0718.155524,V20260126.2,CW_DTCL_DTCR_STC,T20260328091247,51.4294776,TRUE,TRUE,TRUE,TRUE,TRUE,TRUE,TRUE,4S2RND2HBL06DS,v1.0.1,2025_12_22,315.2132,322.7279,475.4662,301.9173,296.1533,151.9533,149.9392,342.5676,334.6765,487.9632,-5.2103,1.9259,-0.0001,0,-0.2286,1.5591,-0.219,1.553,0.6661,156.0322,151.543,149.625,154.6426,152.9607,0.826,0.8122,0.8443,0.7972,0.7972,0.7848,0.7596,0.8143,0.7444,0.7444,0.8127,0.8068,0.8305,0.7731,0.7307,0.7334,0.729,0.7195,0.7195,0.8143,0.7918,0.8204,0.7556,0.7556,0.8529,0.7592,0.7643,0.8253,0.8113,0.7781,0.7666,0.7679,0.7592,0,0,0,0,0,v1.0.1,2025_12_22,315.1533,322.8102,476.4662,301.9173,296.04,150.98,148.898,342.6803,334.7842,489,-5.2317,1.9776,-0.0001,0,-0.2283,1.5595,-0.2184,1.5527,0.6664,162.3672,158.2266,163.9043,162.9385,161.8591,0.6741,0.6713,0.6944,0.6978,0.6713,0.6595,0.6484,0.6572,0.646,0.646,0.6343,0.655,0.6503,0.638,0.6192,0.6448,0.6277,0.5996,0.5996,0.6861,0.5418,0.6849,0.6496,0.5418,0.6593,0.6412,0.6192,0.6881,0.6879,0.6647,0.6585,0.6323,0.6192,0,0,0,0,0,v1.0.1,2025_12_22,314,314.9029,439,300.5,300.3902,184.187,185.9919,329.629,328.0776,444.9741,-6.008,-4.6614,-0.0001,0,-0.2142,1.5665,-0.214,1.5625,0.6752,175.5117,174.3877,172.3447,174.7236,174.2419,0.7886,0.7085,0.8041,0.6832,0.6832,0.7417,0.6616,0.752,0.6617,0.6616,0.7613,0.7734,0.7675,0.7058,0.7058,0.7215,0,0.7133,0.6558,0.6558,0,0,0,0,0,v1.0.1,2025_12_22,314,314.9029,439.7168,300.4513,300.2735,183.4615,185.1393,329.7131,328.1293,445.7241,-6.0482,-4.6494,-0.0001,0,-0.2139,1.5662,-0.2139,1.5627,0.6753,148.2949,143.3799,142.3984,145.4912,144.8911,0.6723,0.6086,0.6802,0.6131,0.6086,0.6335,0.5636,0.6219,0.5846,0.5636,0.6334,0.6311,0.64,0.6088,0.6088,0.5887,0.5336,0.5887,0.552,0.5336,0,0,0,0,0,-0.0007,-0.0461,0.0124,-0.0244,-0.0244,-0.0061,-0.0741,0.0125,-0.0393,-0.0393,0.0114,-0.0071,0.0115,0.0042,-0.0947,-0.0878,-0.0735,-0.0349,-0.0039,0.0037,0.0002,-0.0368,-0.0028,-0.0088,-0.0026,-0.0053,-0.0238,-0.0074,-0.0249,-0.0186,-0.0097,0.0001,-0.0129,0.0015,-0.0501,-0.0204,-0.021,-0.0175,-0.0014,0.012,-0.0061,-0.112,-0.0014,-0.1147,-0.1115,-0.0078,-0.1309,-0.0093,-0.0904,-0.0879,-0.0267,0.0176,0.0099,0.0119,-0.0261,-0.0205,0.0104,-0.0648,0.0016,-0.0782,-0.0533,0.0101,-0.0889,0.0023,-0.0547,-0.056,-0.0069,0.002,-0.002,0.0104,0.0104,-0.0163,-0.0031,TRUE,TRUE
DTC_R_2,LanSi,1,CW_01,C,2026-03-28 09:11:55+08:00,ONLINE,FALSE,,CW_1_01,PASS,,,51.430475,_2026032809115578301,T20260328091155,DESKTOP-P2DUL42,Loma,1,CW_1_01,1,paul di,2024.0718.155524,V20260126.2,CW_DTCL_DTCR_STC,T20260328091247,51.430475,TRUE,TRUE,TRUE,TRUE,TRUE,TRUE,TRUE,4S2RND2HBL0DP6,v1.0.1,2025_12_22,315.1533,316.8102,474.7778,296.8667,295.4354,147.3197,149.5033,337.0458,335.3688,484.4752,-5.4523,-2.9965,-0.0001,0,-0.2238,1.5545,-0.221,1.5503,0.665,155.8623,153.2627,150.1406,155.4961,153.6904,0.8681,0.8412,0.8738,0.8244,0.8244,0.8097,0.7635,0.8293,0.7283,0.7283,0.8136,0.8273,0.8196,0.8098,0.7667,0.764,0.7574,0.6856,0.6856,0.8378,0.8292,0.8055,0.98,0.8055,0.841,0.7854,0.7831,0.838,0.8228,0.8558,0.7767,0.8498,0.7767,0,0,0,0,0,v1.0.1,2025_12_22,315.0791,316.8633,475.8478,296.7609,295.1933,146.2867,148.3377,337.2781,335.6312,485.4752,-5.4821,-2.9672,-0.0001,0,-0.2239,1.5542,-0.2213,1.549,0.6645,164.6162,159.0459,166.0439,167.0596,164.1914,0.6984,0.692,0.7198,0.6962,0.692,0.6812,0.6467,0.6684,0.6388,0.6388,0.6565,0.6432,0.6603,0.6633,0.6416,0.6542,0.6258,0.6004,0.6004,0.6794,0.6665,0.659,0.2131,0.2131,0.6529,0.6531,0.6632,0.6647,0.6543,0.599,0.65,0.6873,0.599,0,0,0,0,0,v1.0.1,2025_12_22,317.3273,328.3273,441.7117,313.0631,302.7656,195.4375,188.6694,342.5242,332,456.5,-3.0052,7.6704,0,0.0001,-0.2216,1.5611,-0.2094,1.5563,0.6716,177.4795,176.9658,174.1709,178.2012,176.7043,0.8201,0.719,0.8266,0.7036,0.7036,0.7606,0.6578,0.7831,0.6099,0.6099,0.7784,0.7694,0.7628,0.7469,0.7469,0.7441,0.7031,0.7143,0,0.7031,0,0,0,0,0,v1.0.1,2025_12_22,317.3148,328.3241,442.5179,313.1696,302.6532,194.7903,187.864,342.648,332,457.2182,-3.03,7.73,0,0.0001,-0.2199,1.5609,-0.2097,1.5568,0.672,148.8984,143.5283,143.9707,146.8945,145.823,0.6667,0.6207,0.6787,0.6122,0.6122,0.6265,0.5906,0.6496,0.5313,0.5313,0.633,0.6356,0.653,0.6346,0.633,0.5998,0.558,0.5895,0.3991,0.3991,0,0,0,0,0,-0.0014,-0.0459,-0.0094,-0.0525,-0.0451,-0.016,-0.0385,0.0218,-0.1133,-0.0737,0.0124,0.0076,-0.0011,-0.0069,-0.0395,-0.0509,-0.0409,-0.1472,-0.0135,-0.0011,-0.0107,-0.023,0.0091,-0.0225,-0.0171,-0.0018,-0.0053,-0.0027,-0.0422,-0.0132,0.0389,-0.0114,0.003,-0.0113,0.0024,-0.0235,-0.0092,-0.0382,-0.0086,-0.0027,0.0154,-0.1075,0.0055,-0.1185,-0.1011,-0.0084,-0.1007,0.0035,-0.1797,-0.1486,0.0123,0.0078,0.0029,0.0037,-0.0016,-0.0281,-0.0041,-0.0556,0.0043,-0.0739,-0.0586,-0.022,-0.0527,0.0021,-0.1154,-0.112,0.0313,-0.0078,0.0231,0.0085,0.0313,-0.0041,-0.0049,TRUE,TRUE
DTC_L_3,LanSi,1,CW_01,A,2026-03-28 09:13:39+08:00,ONLINE,FALSE,,CW_1_01,PASS,,,51.1778488,_2026032809133942402,T20260328091339,DESKTOP-P2DUL42,Loma,1,CW_1_01,2,paul di,2024.0718.155524,V20260126.2,CW_DTCL_DTCR_STC,T20260328091430,51.1778488,TRUE,TRUE,TRUE,TRUE,TRUE,TRUE,TRUE,4S2RND2HBL06DS,v1.0.1,2025_12_22,314.2941,323.3162,474.363,303.037,295,152.5,148.5,343.4133,333.6963,489.0815,-6.3293,2.7696,-0.0001,0,-0.2255,1.5578,-0.2201,1.5538,0.6665,155.46,151.2646,149.3428,154.999,152.7666,0.8236,0.7955,0.8444,0.7433,0.7433,0.7762,0.7724,0.8034,0.739,0.739,0.8278,0.8089,0.7895,0.76,0.734,0.7391,0.7578,0.6768,0.6768,0.8221,0.7997,0.8356,0.8411,0.7997,0.8603,0.7759,0.7359,0.839,0.8468,0.8157,0.7813,0.7673,0.7359,0,0,0,0,0,v1.0.1,2025_12_22,314.4071,323.4071,475.3529,302.9265,294.8684,151.4868,147.44,343.44,333.854,490.0803,-6.3155,2.7681,-0.0001,0,-0.2261,1.5571,-0.2189,1.5541,0.6666,162.7617,158.3193,164.377,163.833,162.3228,0.6739,0.6788,0.6926,0.6486,0.6486,0.6438,0.6379,0.6461,0.643,0.6379,0.6568,0.6539,0.6446,0.6228,0.6275,0.6294,0.6295,0.6043,0.6043,0.6805,0.5412,0.6855,0.6961,0.5412,0.658,0.6373,0.629,0.6799,0.681,0.6797,0.6707,0.6023,0.6023,0,0,0,0,0,v1.0.1,2025_12_22,313.1509,315.5943,438.0367,301.4587,299.2397,184.8843,184.8115,330.377,327.1864,445.7712,-7.015,-3.8829,-0.0001,0,-0.2122,1.5643,-0.2142,1.5629,0.6752,175.1104,174.0137,172.2959,175.1123,174.1331,0.7858,0.6963,0.8108,0.6667,0.6667,0.7566,0.6691,0.7585,0.6529,0.6529,0.7817,0.7751,0.7495,0.7025,0.7025,0.7355,0,0.718,0.7268,0.718,0,0,0,0,0,v1.0.1,2025_12_22,313.0673,315.5769,438.8468,301.2883,299.0172,184.0517,183.8361,330.4262,327.4052,446.5345,-7.0655,-3.9245,-0.0001,0,-0.2126,1.5639,-0.2139,1.5612,0.6747,148.5332,143.3896,142.8105,146.4629,145.2991,0.6541,0.5933,0.6727,0.5903,0.5903,0.6279,0.5726,0.6329,0.569,0.569,0.6274,0.6398,0.6276,0.623,0.623,0.6023,0.5549,0.5972,0.5789,0.5549,0,0,0,0,0,-0.0031,-0.0628,0.0125,-0.0783,-0.0783,-0.0147,-0.0613,0.0016,-0.0447,-0.0447,0.0265,-0.005,-0.0295,-0.0089,-0.0914,-0.0821,-0.0447,-0.0776,0.0039,0.0189,0,-0.0293,-0.0046,-0.058,-0.0253,-0.021,-0.0343,-0.0185,-0.0279,-0.0267,0.0128,-0.001,-0.0186,-0.0137,-0.0418,-0.0358,-0.0192,-0.0128,-0.007,0.0126,-0.0089,-0.1242,0.0053,-0.1312,-0.128,0.0071,-0.1234,-0.0028,-0.0992,-0.0966,-0.0063,0.0193,-0.0081,0.0086,-0.0121,-0.0158,-0.0078,-0.0801,-0.0059,-0.101,-0.0716,0.0045,-0.0799,0.0133,-0.0703,-0.0506,-0.0129,0.0107,-0.0144,0.0246,0.0246,-0.0027,0.0054,TRUE,TRUE
DTC_R_3,LanSi,1,CW_01,A,2026-03-28 09:13:39+08:00,ONLINE,FALSE,,CW_1_01,PASS,,,51.4481261,_2026032809133942401,T20260328091339,DESKTOP-P2DUL42,Loma,1,CW_1_01,1,paul di,2024.0718.155524,V20260126.2,CW_DTCL_DTCR_STC,T20260328091430,51.4481261,TRUE,TRUE,TRUE,TRUE,TRUE,TRUE,TRUE,4S2RND2HBL0DP6,v1.0.1,2025_12_22,315.3609,317.1955,475.5,297.9077,295.9586,148.8345,149.6913,337.4564,335.9669,485.3841,-5.0045,-2.1444,-0.0001,0,-0.2194,1.5555,-0.2212,1.5484,0.6658,155.7725,153.6182,152.9551,155.3311,154.4192,0.8697,0.7931,0.8745,0.7734,0.7734,0.8291,0.7565,0.8348,0.7791,0.7565,0.8182,0.8133,0.7951,0.8228,0.7208,0.7422,0.7778,0.78,0.7208,0.8522,0.7956,0.8076,0.98,0.7956,0.8467,0.7602,0.7592,0.8164,0.7538,0.7366,0.8324,0.8424,0.7366,0,0,0,0,0,v1.0.1,2025_12_22,315.3162,317.1912,476.6567,297.8209,295.8503,147.8299,148.56,337.56,336.0331,486.3841,-5.0167,-2.1428,-0.0001,0,-0.219,1.5558,-0.221,1.5484,0.6661,164.7471,158.876,167.4912,167.4717,164.6465,0.7097,0.667,0.7158,0.6632,0.6632,0.6648,0.6334,0.6724,0.6523,0.6334,0.6511,0.6437,0.6509,0.6587,0.627,0.6315,0.6156,0.6377,0.6156,0.6804,0.6522,0.6544,0.1372,0.1372,0.6504,0.6524,0.6458,0.6605,0.6354,0.6116,0.647,0.6526,0.6116,0,0,0,0,0,v1.0.1,2025_12_22,317.783,328.5755,442.4159,313.6195,303.2016,196.75,189.0726,342.6532,332.1429,456.5804,-2.5768,8.1357,0,0.0001,-0.2189,1.5601,-0.2084,1.5586,0.6728,177.0635,177.4756,177.3779,178.1377,177.5137,0.808,0.6579,0.8127,0.6306,0.6306,0.769,0.6428,0.7687,0.6613,0.6428,0.7771,0.7695,0.7577,0.7555,0.7555,0.7469,0.6663,0.7428,0,0.6663,0,0,0,0,0,v1.0.1,2025_12_22,317.8,328.6286,443.1696,313.6607,303,196,188.1092,342.8992,332.3333,457.4298,-2.6176,8.2237,0,0.0001,-0.2183,1.5592,-0.2091,1.5579,0.6724,149.0986,143.251,144.8633,146.9971,146.0525,0.6611,0.5767,0.6827,0.566,0.566,0.6436,0.5643,0.6411,0.5673,0.5643,0.6287,0.6419,0.6354,0.6411,0.6287,0.5928,0.561,0.5575,0.4016,0.4016,0,0,0,0,0,0.0002,-0.094,-0.0087,-0.1035,-0.0961,0.0034,-0.0455,0.0273,-0.0625,-0.0455,0.017,-0.0064,-0.0256,0.0061,-0.0854,-0.0727,-0.0205,-0.0528,0.0009,0.001,0.0006,-0.048,0.0051,-0.0555,-0.0459,-0.0182,-0.0186,0.0013,-0.0287,-0.0186,0.0335,-0.0109,-0.0064,-0.0159,-0.0122,-0.0462,-0.0194,-0.0009,-0.0076,-0.0073,0.0033,-0.1686,-0.0084,-0.1915,-0.1741,0,-0.1157,-0.0109,-0.1283,-0.1157,0.011,0.0079,-0.0022,0.0123,0.0012,0.0004,-0.0097,-0.0996,0.0083,-0.1201,-0.1048,-0.0049,-0.079,-0.0064,-0.0794,-0.079,0.027,-0.0015,0.0055,0.015,0.027,-0.0111,-0.0369,TRUE,TRUE
DTC_R_4,LanSi,1,CW_01,B,2026-03-28 09:15:30+08:00,ONLINE,FALSE,,CW_1_01,PASS,,,51.7576965,_2026032809153043601,T20260328091530,DESKTOP-P2DUL42,Loma,1,CW_1_01,1,paul di,2024.0718.155524,V20260126.2,CW_DTCL_DTCR_STC,T20260328091622,51.7576965,TRUE,TRUE,TRUE,TRUE,TRUE,TRUE,TRUE,4S2RND2HBL0DP6,v1.0.1,2025_12_22,315.2963,317.4593,475.5,298,295.8844,148.8231,149.7039,337.7039,335.9664,485.5302,-5.0298,-1.9967,-0.0001,0,-0.2204,1.5557,-0.2211,1.5479,0.6655,156.0928,153.293,153.0879,155.6982,154.543,0.8776,0.7844,0.8718,0.7838,0.7838,0.8079,0.7515,0.8236,0.7658,0.7515,0.8334,0.8136,0.8057,0.8166,0.7441,0.7517,0.7817,0.7666,0.7441,0.84,0.7958,0.8019,0.5335,0.5335,0.8404,0.7765,0.7353,0.8219,0.7905,0.7271,0.8192,0.8404,0.7271,0,0,0,0,0,v1.0.1,2025_12_22,315.227,317.4539,476.6296,297.9556,295.7365,147.7838,148.4934,337.7895,336,486.5855,-5.0827,-1.9864,-0.0001,0,-0.2197,1.5559,-0.2208,1.5481,0.6659,164.3867,159.0732,168.2705,166.9619,164.6731,0.6977,0.6623,0.706,0.6691,0.6623,0.6744,0.6315,0.6641,0.648,0.6315,0.6503,0.6542,0.6468,0.6627,0.6385,0.6319,0.6201,0.6239,0.6201,0.6729,0.6487,0.6514,0.1267,0.1267,0.661,0.6478,0.6505,0.6682,0.647,0.6065,0.6404,0.6663,0.6065,0,0,0,0,0,v1.0.1,2025_12_22,317.783,328.783,442.3333,314.0811,303.1935,196.9113,189.0984,343.2049,332.2069,456.9569,-2.577,8.4874,0,0.0001,-0.217,1.5601,-0.2111,1.5582,0.6726,176.6191,176.0889,176.5361,177.584,176.707,0.8097,0.6416,0.8214,0.6358,0.6358,0.7706,0.6321,0.777,0.6457,0.6321,0.7872,0.7835,0.7601,0.7564,0.7564,0.7394,0.6645,0.7345,0,0.6645,0,0,0,0,0,v1.0.1,2025_12_22,317.7115,329,443.1835,314.0642,303.1157,196.0992,188.122,343.3333,332.4087,457.687,-2.5917,8.5367,0,0.0001,-0.218,1.5609,-0.2096,1.5566,0.6725,148.8652,143.917,145.6982,146.4697,146.2375,0.6753,0.5687,0.6806,0.5615,0.5615,0.6327,0.5624,0.642,0.5663,0.5624,0.6334,0.6306,0.6342,0.6474,0.6306,0.5915,0.5391,0.5824,0.3792,0.3792,0,0,0,0,0,0.0081,-0.1027,-0.0114,-0.0931,-0.0857,-0.0178,-0.0505,0.0161,-0.0758,-0.0505,0.0322,-0.0061,-0.015,-0.0001,-0.0621,-0.0632,-0.0166,-0.0662,-0.0113,-0.0047,-0.0114,-0.0527,-0.0047,-0.0496,-0.0468,-0.0086,-0.0205,-0.007,-0.033,-0.0205,0.0327,-0.0004,-0.0105,-0.0119,-0.0007,-0.0458,-0.0149,-0.0147,-0.0151,-0.0103,0.005,-0.1849,0.0003,-0.1863,-0.1689,0.0016,-0.1264,-0.0026,-0.1439,-0.1264,0.0211,0.0219,0.0002,0.0132,-0.0063,-0.0079,0.0045,-0.1076,0.0062,-0.1246,-0.1093,-0.0158,-0.0809,-0.0055,-0.0804,-0.0809,0.0317,-0.0128,0.0043,0.0213,0.0289,-0.0124,-0.012,TRUE,TRUE
DTC_L_4,LanSi,1,CW_01,B,2026-03-28 09:15:30+08:00,ONLINE,FALSE,,CW_1_01,PASS,,,51.7766491,_2026032809153043502,T20260328091530,DESKTOP-P2DUL42,Loma,1,CW_1_01,2,paul di,2024.0718.155524,V20260126.2,CW_DTCL_DTCR_STC,T20260328091622,51.7766491,TRUE,TRUE,TRUE,TRUE,TRUE,TRUE,TRUE,4S2RND2HBL06DS,v1.0.1,2025_12_22,315.4318,321.9545,475.6691,300.9265,296.4,150.42,150.1208,341.8054,334.8321,488.1387,-5.0092,1.149,-0.0001,0,-0.23,1.5598,-0.219,1.5541,0.6662,155.1924,150.7949,149.1543,154.6553,152.4492,0.8265,0.8152,0.8319,0.7954,0.7954,0.78,0.7582,0.7983,0.7458,0.7458,0.8012,0.811,0.8054,0.7685,0.7314,0.7281,0.7416,0.7067,0.7067,0.8208,0.1939,0.8118,0.7857,0.1939,0.8466,0.776,0.7458,0.8455,0.8056,0.7751,0.7734,0.7751,0.7458,0,0,0,0,0,v1.0.1,2025_12_22,315.3235,321.9632,476.7391,300.8913,296.2185,149.4172,149,342,334.9574,489.156,-5.0523,1.1856,-0.0001,0,-0.2293,1.56,-0.2194,1.5534,0.6662,162.7168,158.9219,164.6816,163.6855,162.5015,0.6776,0.6805,0.6985,0.6959,0.6776,0.6606,0.6317,0.6596,0.654,0.6317,0.6466,0.6429,0.6595,0.6315,0.6094,0.6286,0.6013,0.6206,0.6013,0.6867,0.5266,0.6818,0.6674,0.5266,0.6638,0.6571,0.6148,0.6762,0.6505,0.6529,0.6476,0.6284,0.6148,0,0,0,0,0,v1.0.1,2025_12_22,314.0849,314.3302,439.292,299.531,300.623,182.7623,186.2358,328.8618,328.3136,444.6102,-5.7902,-5.4809,-0.0001,-0.0001,-0.2171,1.5683,-0.2127,1.5615,0.675,176.2402,174.6152,173.0264,175.875,174.9392,0.7992,0.706,0.7998,0.6879,0.6879,0.7521,0.6689,0.7515,0.6492,0.6492,0.7682,0.7436,0.771,0.6892,0.6892,0.7389,0,0.7295,0.6578,0.6578,0,0,0,0,0,v1.0.1,2025_12_22,314.0874,314.165,440.0982,299.3839,300.4715,182.0407,185.2893,328.9669,328.4068,445.5,-5.8294,-5.4887,-0.0001,-0.0001,-0.2163,1.5676,-0.2139,1.5617,0.6748,148.3262,144.2002,143.0977,146.0107,145.4087,0.6612,0.6022,0.6641,0.6145,0.6022,0.6287,0.5658,0.6024,0.5705,0.5658,0.6323,0.6275,0.6438,0.6078,0.6078,0.5879,0.542,0.5905,0.5468,0.542,0,0,0,0,0,-0.0002,-0.0431,0,-0.0262,-0.0262,-0.0109,-0.0755,-0.0035,-0.0379,-0.0379,-0.0001,-0.0029,-0.0136,-0.0004,-0.094,-0.0931,-0.0609,-0.0477,0.0026,-0.0049,0.0037,-0.0276,0.0013,-0.0107,0.0037,-0.0042,-0.0405,-0.005,-0.0169,-0.0329,0.0026,-0.012,-0.0037,-0.005,-0.0599,-0.0366,-0.0474,0.0035,-0.0008,0.0089,0.0045,-0.1145,-0.0057,-0.11,-0.1068,0.0026,-0.1236,-0.0098,-0.1029,-0.1003,-0.0198,-0.0122,0.0134,-0.0047,-0.0087,-0.0043,-0.0007,-0.0712,-0.0145,-0.0768,-0.0597,0.0053,-0.0867,-0.0172,-0.0688,-0.0538,-0.008,-0.0016,0.0018,0.0094,0.0094,-0.0171,-0.0013,TRUE,TRUE
DTC_L_5,LanSi,1,CW_01,C,2026-03-28 09:17:29+08:00,ONLINE,FALSE,,CW_1_01,PASS,,,51.798674,_2026032809172958202,T20260328091729,DESKTOP-P2DUL42,Loma,1,CW_1_01,2,paul di,2024.0718.155524,V20260126.2,CW_DTCL_DTCR_STC,T20260328091821,51.798674,TRUE,TRUE,TRUE,TRUE,TRUE,TRUE,TRUE,4S2RND2HBL06DS,v1.0.1,2025_12_22,314.2331,323.4662,474.0362,303.1159,294.9007,152.6291,148.3922,343.3333,333.5755,489.4245,-6.4725,2.8938,-0.0001,0,-0.2261,1.5576,-0.2187,1.5543,0.6667,154.5264,150.165,148.3154,153.4883,151.6238,0.8124,0.7931,0.8357,0.7781,0.7781,0.7796,0.7628,0.7953,0.7473,0.7473,0.8198,0.8136,0.8242,0.7807,0.7503,0.7249,0.7453,0.7125,0.7125,0.8251,0.5976,0.8187,0.8358,0.5976,0.8479,0.7687,0.7422,0.8318,0.8398,0.8212,0.7707,0.7788,0.7422,0,0,0,0,0,v1.0.1,2025_12_22,314.223,323.4532,475,303,294.8212,151.6689,147.2303,343.4342,333.773,490.4539,-6.4905,2.902,-0.0001,0,-0.226,1.5578,-0.2186,1.5537,0.6667,162.8984,158.3457,164.5244,164.1533,162.4805,0.6737,0.6743,0.6956,0.6821,0.6737,0.6575,0.6373,0.6511,0.6562,0.6373,0.6437,0.6537,0.6531,0.6344,0.6295,0.6364,0.6325,0.6016,0.6016,0.683,0.5174,0.676,0.6777,0.5174,0.6545,0.6598,0.598,0.6917,0.6724,0.7011,0.658,0.6406,0.598,0,0,0,0,0,v1.0.1,2025_12_22,313.0865,315.7788,437.5965,301.5,299.1488,185,184.5583,330.4167,327,445.8974,-7.222,-3.7814,-0.0001,0,-0.2137,1.5641,-0.2129,1.5638,0.6753,175.2432,173.8633,172.2324,174.4766,173.9539,0.7762,0.6904,0.8067,0.7019,0.6904,0.7443,0.6526,0.756,0.6688,0.6526,0.7705,0.7806,0.7697,0.7087,0.7087,0.732,0,0.7384,0.742,0.732,0,0,0,0,0,v1.0.1,2025_12_22,313,315.6038,438.5702,301.4298,299.0339,184.1441,183.65,330.3667,327.0862,446.7759,-7.2319,-3.836,-0.0001,0,-0.2119,1.5644,-0.2131,1.5633,0.6757,148.6348,143.3643,142.7158,146.2275,145.2356,0.6461,0.6004,0.6643,0.6206,0.6004,0.6309,0.5583,0.6336,0.584,0.5583,0.6307,0.6323,0.6513,0.6302,0.6302,0.5914,0.5412,0.5906,0.5623,0.5412,0,0,0,0,0,-0.0143,-0.0652,0.0038,-0.0435,-0.0435,-0.0113,-0.0709,-0.0065,-0.0364,-0.0364,0.0185,-0.0003,0.0052,0.0118,-0.0751,-0.0963,-0.0572,-0.0419,0.0069,0.002,-0.0002,-0.0338,-0.0016,-0.0245,-0.0002,-0.0073,-0.0349,-0.0135,-0.0147,-0.0273,-0.0003,-0.0012,-0.0101,-0.0021,-0.0398,-0.0288,-0.0162,-0.0155,-0.0045,0.0031,-0.0185,-0.1301,0.0012,-0.096,-0.1043,-0.0052,-0.1399,-0.0053,-0.0833,-0.0969,-0.0175,0.0248,0.0121,0.0148,-0.0156,0.0046,-0.0158,-0.073,-0.0143,-0.0707,-0.0615,0.0075,-0.0942,0.014,-0.0553,-0.0613,-0.0096,0.0032,0.0093,0.0318,0.0318,-0.0136,-0.0012,TRUE,TRUE
DTC_R_5,LanSi,1,CW_01,C,2026-03-28 09:17:29+08:00,ONLINE,FALSE,,CW_1_01,FAIL,SFR_VIS_25cm_Ny4_06F_ROI14;SFR_VIS_25cm_Ny4_06F_Min;SFR_VIS_25cm_Ny4_01F_ROI2_Dev,sfr_25Algo,51.9552549,_2026032809172945201,T20260328091729,DESKTOP-P2DUL42,Loma,1,CW_1_01,1,paul di,2024.0718.155524,V20260126.2,CW_DTCL_DTCR_STC,T20260328091821,51.9552549,TRUE,TRUE,TRUE,TRUE,TRUE,TRUE,TRUE,4S2RND2HBL0DP6,v1.0.1,2025_12_22,315.1691,316.2353,475.2388,296.8209,295.6828,148.3379,149.457,336.2384,335.8041,485.277,-5.2297,-2.9181,-0.0001,0,-0.2202,1.5547,-0.2196,1.5488,0.6659,153.8721,153.0977,153.7852,156.1162,154.2178,0.8701,0.7628,0.8767,0.7962,0.7628,0.8202,0.7346,0.8164,0.7842,0.7346,0.8157,0.7854,0.8063,0.8236,0.7183,0.6594,0.8014,0.778,0.6594,0.8349,0.8041,0.8002,0.8713,0.8002,0.8315,0.7456,0.7578,0.8134,0.8006,0.7605,0.8207,0.8557,0.7456,0,0,0,0,0,v1.0.1,2025_12_22,315.1691,316.2353,476.2357,296.5929,295.4354,147.3197,148.375,336.375,335.94,486.3467,-5.269,-2.9261,-0.0001,0,-0.2208,1.554,-0.2196,1.5488,0.6656,162.4512,157.3584,166.8467,167.0947,163.4377,0.7,0.6569,0.7171,0.6721,0.6569,0.6873,0.6255,0.6742,0.6556,0.6255,0.6548,0.6603,0.6507,0.64,0.6222,0.6045,0.6325,0.6414,0.6045,0.6864,0.6546,0.6586,0.0625,0.0625,0.6324,0.6583,0.6423,0.6606,0.654,0.5951,0.6463,0.6629,0.5951,0,0,0,0,0,v1.0.1,2025_12_22,317.514,327.8318,442.1416,312.708,303,196,188.7623,341.7377,332.036,456.5405,-2.8092,7.4636,0,0.0001,-0.2202,1.5606,-0.2071,1.5579,0.6728,174.0879,175.834,177.1006,177.8262,176.2122,0.8174,0.6441,0.8161,0.6635,0.6441,0.7682,0.6044,0.7656,0.6811,0.6044,0.7633,0.7669,0.7649,0.7619,0.7619,0.7487,0.6679,0.7408,0,0.6679,0,0,0,0,0,v1.0.1,2025_12_22,317.5,327.8868,442.9273,312.7636,302.7742,195.3306,187.9583,341.9833,332.1429,457.4196,-2.8395,7.5768,0,0.0001,-0.2195,1.5596,-0.2079,1.5577,0.6725,146.7207,141.9883,144.3135,146.6787,144.9253,0.6649,0.5539,0.6756,0.5756,0.5539,0.6462,0.5465,0.6382,0.5833,0.5465,0.6489,0.639,0.635,0.6285,0.6285,0.6016,0.5427,0.5806,0.3162,0.3162,0,0,0,0,0,0.0006,-0.1243,-0.0065,-0.0807,-0.1067,-0.0055,-0.0674,0.0089,-0.0574,-0.0674,0.0145,-0.0343,-0.0144,0.0069,-0.0879,-0.1555,0.0031,-0.0548,-0.0164,-0.0064,-0.0091,-0.0581,0.0064,-0.0466,-0.0522,0.0043,-0.0265,0.0031,-0.0254,-0.0265,0.0372,0.0057,-0.0066,-0.0346,-0.017,-0.0732,-0.0025,0.0028,-0.0016,-0.0031,0.0127,-0.1824,-0.005,-0.1586,-0.1606,-0.0008,-0.1541,-0.014,-0.1085,-0.1541,-0.0028,0.0053,0.005,0.0187,0.003,-0.0016,-0.0059,-0.1224,0.0012,-0.1105,-0.1169,-0.0023,-0.0968,-0.0093,-0.0634,-0.0968,0.0472,-0.0044,0.0051,0.0024,0.0268,-0.0023,-0.0138,TRUE,TRUE
DTC_L_6,LanSi,1,CW_01,A,2026-03-28 09:21:15+08:00,ONLINE,FALSE,,CW_1_01,FAIL,SFR_VIS_25cm_Ny4_03F_ROI6;SFR_VIS_25cm_Ny4_03F_Min;SFR_VIS_25cm_Ny4_06F_ROI14;SFR_VIS_25cm_Ny4_06F_Min;IR_SFR_VIS_25cm_Ny4_06F_ROI14;IR_SFR_VIS_25cm_Ny4_06F_Min;SFR_VIS_25cm_Ny4_01F_ROI2_Dev;SFR_VIS_25cm_Ny4_03F_ROI6_Dev;SFR_VIS_25cm_Ny4_03F_Min_Dev;SFR_VIS_25cm_Ny4_06F_ROI14_Dev,sfr_25Algo,51.7391303,_2026032809211550502,T20260328092115,DESKTOP-P2DUL42,Loma,1,CW_1_01,2,paul di,2024.0718.155524,V20260126.2,CW_DTCL_DTCR_STC,T20260328092207,51.7391303,TRUE,TRUE,TRUE,TRUE,TRUE,TRUE,TRUE,4S2RND2HBL06DS,v1.0.1,2025_12_22,314.1679,323.7153,474.4737,303.2105,294.9536,153.3245,148.7755,343.4286,333.6861,489.1606,-6.2886,3.0679,-0.0001,0,-0.2267,1.558,-0.2181,1.5528,0.6665,145.7285,151.3379,149.3984,152.5439,149.7522,0.8214,0.7296,0.8308,0.7748,0.7296,0.7688,0.6132,0.782,0.7393,0.6132,0.8226,0.7827,0.8072,0.7707,0.7496,0.5072,0.7615,0.6968,0.5072,0.8125,0.7226,0.7268,0.822,0.7226,0.8402,0.7465,0.7503,0.7788,0.8478,0.815,0.7884,0.7771,0.7465,0,0,0,0,0,v1.0.1,2025_12_22,314.1691,323.7647,475.6148,303.1259,294.8867,152.28,147.56,343.56,333.8,490.1643,-6.2939,3.079,-0.0001,0,-0.2266,1.5583,-0.2177,1.5528,0.6667,158.2451,158.9775,165.0635,163.75,161.509,0.6833,0.6576,0.69,0.6745,0.6576,0.6464,0.5905,0.648,0.6412,0.5905,0.6621,0.6457,0.6484,0.6271,0.645,0.5411,0.6462,0.6073,0.5411,0.6647,0.5735,0.6277,0.6812,0.5735,0.6634,0.6408,0.6425,0.644,0.6792,0.6854,0.6641,0.6332,0.6332,0,0,0,0,0,v1.0.1,2025_12_22,313,315.8462,438.1091,301.6818,299.2131,185.5082,184.7833,330.425,327.1368,445.7778,-7.0515,-3.6522,-0.0001,0,-0.2122,1.5649,-0.2127,1.5619,0.6755,164.4561,174.1982,172.0664,172.0273,170.687,0.7896,0.5957,0.781,0.6601,0.5957,0.7512,0.5474,0.7241,0.6594,0.5474,0.7828,0.7449,0.7455,0.7,0.7,0.7262,0,0.6264,0.7151,0.6264,0,0,0,0,0,v1.0.1,2025_12_22,313.0476,315.819,438.9091,301.5455,299.0702,184.5789,184.0917,330.5417,327.3103,446.5,-7.0142,-3.703,-0.0001,0,-0.2124,1.5642,-0.2132,1.5616,0.675,144.5342,143.9473,143.3594,146.3682,144.5522,0.666,0.5551,0.6553,0.5914,0.5551,0.6383,0.5515,0.611,0.5913,0.5515,0.6442,0.6313,0.6188,0.6235,0.6188,0.5904,0.5262,0.5333,0.5822,0.5262,0,0,0,0,0,-0.0053,-0.1287,-0.0011,-0.0468,-0.092,-0.0221,-0.2205,-0.0198,-0.0444,-0.1705,0.0213,-0.0312,-0.0118,0.0018,-0.0758,-0.314,-0.041,-0.0576,-0.0057,-0.0899,0.0094,-0.0505,-0.0072,-0.0321,-0.0163,-0.0184,-0.0817,-0.0166,-0.0297,-0.0741,0.0181,-0.0092,-0.0148,-0.0094,-0.0243,-0.1241,-0.0025,-0.0098,-0.0228,-0.0452,-0.0051,-0.2248,-0.0245,-0.1378,-0.199,0.0017,-0.2451,-0.0372,-0.0927,-0.2021,-0.0052,-0.0109,-0.0121,0.0061,-0.0214,-0.1074,0.0041,-0.1183,-0.0233,-0.0999,-0.1068,0.0149,-0.101,-0.0086,-0.048,-0.0681,0.0039,0.0022,-0.0232,0.0251,0.0204,-0.0146,-0.0585,TRUE,TRUE
DTC_R_6,LanSi,1,CW_01,A,2026-03-28 09:21:15+08:00,ONLINE,FALSE,,CW_1_01,PASS,,,51.882746,_2026032809211538801,T20260328092115,DESKTOP-P2DUL42,Loma,1,CW_1_01,1,paul di,2024.0718.155524,V20260126.2,CW_DTCL_DTCR_STC,T20260328092207,51.882746,TRUE,TRUE,TRUE,TRUE,TRUE,TRUE,TRUE,4S2RND2HBL0DP6,v1.0.1,2025_12_22,315.1533,316.1898,475.2222,296.8667,295.5764,148.2083,149.4122,336,335.8367,484.6122,-5.2598,-3.1246,-0.0001,0,-0.2196,1.5543,-0.2184,1.5481,0.6661,155.1211,152.5371,151.7607,155.0264,153.6113,0.8646,0.7774,0.8729,0.7935,0.7774,0.822,0.7388,0.8244,0.771,0.7388,0.8161,0.8217,0.8101,0.8232,0.6968,0.73,0.8108,0.7679,0.6968,0.8303,0.7969,0.8084,0.98,0.7969,0.8333,0.7805,0.7448,0.8045,0.7848,0.7242,0.8185,0.8489,0.7242,0,0,0,0,0,v1.0.1,2025_12_22,315.1087,316.1739,476.2536,296.6449,295.3425,147.2466,148.1905,336.1497,335.8993,485.6711,-5.3411,-3.1228,-0.0001,0,-0.2201,1.5538,-0.2186,1.5482,0.6658,163.9609,158.5293,166.6758,166.5049,163.9177,0.708,0.6665,0.7034,0.6793,0.6665,0.6741,0.6322,0.669,0.6481,0.6322,0.6573,0.6513,0.651,0.6435,0.6171,0.6307,0.6241,0.6377,0.6171,0.6717,0.6569,0.669,0.3606,0.3606,0.6543,0.6582,0.6467,0.6527,0.647,0.6265,0.6309,0.6717,0.6265,0,0,0,0,0,v1.0.1,2025_12_22,317.3578,327.5321,441.9358,312.6239,302.8065,195.871,188.6179,341.5285,332,456,-2.9564,7.2111,0,0.0001,-0.2186,1.5602,-0.2078,1.5568,0.6727,176.6348,176.1904,175.9482,177.6299,176.6008,0.8112,0.6296,0.829,0.6597,0.6296,0.7761,0.6215,0.7781,0.6733,0.6215,0.7774,0.7699,0.7682,0.756,0.756,0.754,0.6695,0.7335,0,0.6695,0,0,0,0,0,v1.0.1,2025_12_22,317.3426,327.5833,442.8455,312.6273,302.6667,195.1587,187.813,341.7317,332.1034,456.819,-2.9458,7.284,0,0.0001,-0.2181,1.5599,-0.2083,1.5566,0.6725,148.2061,142.6738,144.2764,146.0625,145.3047,0.672,0.5557,0.6708,0.5883,0.5557,0.635,0.5547,0.6562,0.5813,0.5547,0.6195,0.6336,0.6444,0.6106,0.6106,0.5929,0.5624,0.5843,0.4907,0.4907,0,0,0,0,0,-0.0049,-0.1097,-0.0103,-0.0834,-0.0921,-0.0037,-0.0632,0.0169,-0.0706,-0.0632,0.0149,0.002,-0.0106,0.0065,-0.1094,-0.0849,0.0125,-0.0649,-0.021,0.0018,-0.0011,-0.0485,-0.0073,-0.0394,-0.0426,-0.0089,-0.0198,-0.0021,-0.0329,-0.0198,0.0397,-0.0033,-0.0063,-0.0311,-0.0221,-0.047,-0.0109,-0.0009,-0.0163,0.0073,0.0065,-0.1969,0.0079,-0.1624,-0.1751,0.0071,-0.137,-0.0015,-0.1163,-0.137,0.0113,0.0083,0.0083,0.0128,0.0083,-0.0089,0.0012,-0.1206,-0.0036,-0.0978,-0.1151,-0.0135,-0.0886,0.0087,-0.0654,-0.0886,0.0178,-0.0098,0.0145,-0.0155,0.0089,-0.011,-0.0101,TRUE,TRUE
DTC_L_7,LanSi,1,CW_01,B,2026-03-28 09:24:15+08:00,ONLINE,FALSE,,CW_1_01,PASS,,,51.4525585,_2026032809241508202,T20260328092415,DESKTOP-P2DUL42,Loma,1,CW_1_01,2,paul di,2024.0718.155524,V20260126.2,CW_DTCL_DTCR_STC,T20260328092506,51.4525585,TRUE,TRUE,TRUE,TRUE,TRUE,TRUE,TRUE,4S2RND2HBL06DS,v1.0.1,2025_12_22,313.8478,323.2391,473.8309,302.7647,294.4837,151.7582,147.8993,343.2349,333.0214,490.0429,-6.8834,2.708,-0.0001,0,-0.2268,1.5578,-0.2194,1.5558,0.6669,156.3633,152.209,150.1162,155.5605,153.5623,0.8242,0.7918,0.8408,0.7856,0.7856,0.7847,0.7535,0.8065,0.7519,0.7519,0.8285,0.809,0.808,0.7755,0.7557,0.7196,0.7701,0.7171,0.7171,0.8261,0.8842,0.8131,0.8408,0.8131,0.8548,0.7906,0.7764,0.8377,0.8415,0.8223,0.7898,0.767,0.767,0,0,0,0,0,v1.0.1,2025_12_22,313.8921,323.223,474.8936,302.6809,294.4248,150.7451,146.8758,343.4967,333.1857,491.0857,-6.8456,2.7463,-0.0001,0,-0.2264,1.5579,-0.2203,1.5558,0.6668,162.4238,158.7607,164.626,163.374,162.2961,0.6738,0.6754,0.6938,0.6912,0.6738,0.6471,0.6407,0.6522,0.6665,0.6407,0.6448,0.6572,0.6438,0.6307,0.6197,0.6395,0.624,0.6209,0.6197,0.6744,0.4863,0.6686,0.69,0.4863,0.6521,0.6622,0.6401,0.6723,0.6753,0.6849,0.6695,0.6351,0.6351,0,0,0,0,0,v1.0.1,2025_12_22,312.8286,315.4571,437.5487,301.2832,298.8235,184.1765,184.3917,330.25,326.8729,446.1695,-7.4069,-4.0327,-0.0001,0,-0.2126,1.564,-0.2142,1.5632,0.6751,175.9893,174.9111,172.6172,175.2236,174.6853,0.7873,0.6887,0.82,0.6769,0.6769,0.7534,0.6534,0.752,0.6767,0.6534,0.7749,0.7658,0.7712,0.7095,0.7095,0.7334,0,0.7073,0.7412,0.7073,0,0,0,0,0,v1.0.1,2025_12_22,312.8286,315.4571,438.4595,301.1441,298.678,183.5254,183.395,330.395,326.9569,447.1293,-7.4364,-3.9698,-0.0001,0,-0.2129,1.5634,-0.2144,1.5634,0.6749,148.3027,143.7559,143.2051,145.79,145.2634,0.6558,0.5876,0.6811,0.6075,0.5876,0.6244,0.557,0.6228,0.5908,0.557,0.632,0.6392,0.6418,0.6093,0.6093,0.5955,0.5394,0.5846,0.5887,0.5394,0,0,0,0,0,-0.0025,-0.0665,0.0089,-0.036,-0.036,-0.0062,-0.0802,0.0047,-0.0318,-0.0318,0.0272,-0.0049,-0.011,0.0066,-0.0697,-0.1016,-0.0324,-0.0373,0.0079,-0.0036,-0.0001,-0.0327,-0.0034,-0.0154,-0.0001,-0.0177,-0.0315,-0.0124,-0.0044,-0.0239,0.0008,0.0023,-0.0194,-0.0058,-0.0496,-0.0257,-0.0247,0.0038,-0.0131,-0.0043,-0.0074,-0.1318,0.0145,-0.121,-0.1178,0.0039,-0.1391,-0.0093,-0.0754,-0.0961,-0.0131,0.01,0.0136,0.0156,-0.0142,-0.0265,-0.0061,-0.0858,0.0025,-0.0838,-0.0743,0.001,-0.0955,0.0032,-0.0485,-0.0626,-0.0083,0.0101,-0.0002,0.0109,0.0109,-0.0095,-0.0072,TRUE,TRUE
DTC_R_7,LanSi,1,CW_01,B,2026-03-28 09:24:15+08:00,ONLINE,FALSE,,CW_1_01,PASS,,,51.4375976,_2026032809241508201,T20260328092415,DESKTOP-P2DUL42,Loma,1,CW_1_01,1,paul di,2024.0718.155524,V20260126.2,CW_DTCL_DTCR_STC,T20260328092506,51.4375976,TRUE,TRUE,TRUE,TRUE,TRUE,TRUE,TRUE,4S2RND2HBL0DP6,v1.0.1,2025_12_22,315.0882,316.5,474.7279,296.5956,295.4257,147.3649,149.5,336.5867,335.2302,484.0719,-5.5056,-3.2762,-0.0001,0,-0.2235,1.5545,-0.2202,1.5507,0.6654,155.5234,152.2373,152.1992,155.4824,153.8606,0.8682,0.8204,0.8699,0.8319,0.8204,0.817,0.7457,0.8249,0.7559,0.7457,0.8198,0.8059,0.8138,0.821,0.7645,0.7353,0.7506,0.6939,0.6939,0.8536,0.8105,0.7885,0.98,0.7885,0.8392,0.7828,0.7667,0.8241,0.8079,0.8257,0.7266,0.8459,0.7266,0,0,0,0,0,v1.0.1,2025_12_22,315.1241,316.5328,475.8,296.4143,295.2148,146.3289,148.3072,336.6601,335.3333,485.1159,-5.5441,-3.2896,-0.0001,0,-0.224,1.5538,-0.2196,1.551,0.6653,163.9736,158.2988,167.126,166.3662,163.9412,0.703,0.6972,0.7228,0.6937,0.6937,0.6811,0.6391,0.6656,0.6565,0.6391,0.6453,0.6558,0.6592,0.6534,0.626,0.6373,0.6155,0.606,0.606,0.6801,0.6515,0.6522,0.2546,0.2546,0.6427,0.6525,0.6587,0.6733,0.6694,0.6644,0.6191,0.6818,0.6191,0,0,0,0,0,v1.0.1,2025_12_22,317.3396,327.934,441.7321,312.7321,302.811,195.4488,188.7805,342.3252,331.8125,456.2054,-3.0048,7.4291,0,0.0001,-0.2211,1.5611,-0.211,1.5579,0.6717,176.9453,175.8721,176.2412,178.1084,176.7917,0.8081,0.7055,0.8252,0.7057,0.7055,0.7694,0.6588,0.7789,0.6527,0.6527,0.779,0.7674,0.7638,0.754,0.754,0.7298,0.678,0.7189,0,0.678,0,0,0,0,0,v1.0.1,2025_12_22,317.5,328,442.5398,312.6283,302.7097,194.7661,187.9032,342.4113,331.9115,457,-2.9872,7.4611,0,0.0001,-0.2218,1.5597,-0.2102,1.559,0.6717,148.2139,142.8828,144.7217,146.3877,145.5515,0.6718,0.6137,0.6876,0.6124,0.6124,0.6443,0.5814,0.6479,0.5652,0.5652,0.6203,0.6295,0.6473,0.6285,0.6203,0.5951,0.5427,0.5874,0.4121,0.4121,0,0,0,0,0,-0.0013,-0.0667,-0.0133,-0.045,-0.0491,-0.0087,-0.0563,0.0174,-0.0857,-0.0563,0.0186,-0.0138,-0.0069,0.0043,-0.0417,-0.0796,-0.0477,-0.1389,0.0023,-0.0181,-0.0061,-0.0178,0.0121,-0.025,-0.0154,-0.0019,-0.0129,-0.0055,-0.0245,-0.0129,0.0277,0.0012,0.0019,-0.0212,-0.0132,-0.0404,-0.0195,-0.0326,-0.0079,-0.0095,0.0034,-0.121,0.0041,-0.1164,-0.0992,0.0004,-0.0997,-0.0007,-0.1369,-0.1058,0.0129,0.0058,0.0039,0.0108,-0.0159,-0.0235,0.001,-0.0626,0.0132,-0.0737,-0.0584,-0.0042,-0.0619,0.0004,-0.0815,-0.0781,0.0186,-0.0139,0.0174,0.0024,0.0186,-0.0088,-0.007,TRUE,TRUE
DTC_L_8,LanSi,1,CW_01,C,2026-03-28 09:26:22+08:00,ONLINE,FALSE,,CW_1_01,PASS,,,51.4921297,_2026032809262229102,T20260328092622,DESKTOP-P2DUL42,Loma,1,CW_1_01,2,paul di,2024.0718.155524,V20260126.2,CW_DTCL_DTCR_STC,T20260328092713,51.4921297,TRUE,TRUE,TRUE,TRUE,TRUE,TRUE,TRUE,4S2RND2HBL06DS,v1.0.1,2025_12_22,315.2612,321.2313,475.5077,300.1538,296.2013,149.8636,150.027,341.1284,334.7971,487.2754,-5.1411,0.4305,-0.0001,0,-0.2303,1.5595,-0.2193,1.5532,0.6658,155.4473,151.916,149.8232,155.3906,153.1443,0.8298,0.8038,0.8377,0.7913,0.7913,0.7774,0.7619,0.8015,0.7524,0.7524,0.8201,0.8089,0.8224,0.7622,0.7299,0.7348,0.7519,0.6886,0.6886,0.8233,0.489,0.8165,0.787,0.489,0.8401,0.8093,0.7601,0.8368,0.8104,0.7738,0.7772,0.7838,0.7601,0,0,0,0,0,v1.0.1,2025_12_22,315.2086,321.3669,476.6618,300.1176,296.121,148.8599,148.9324,341.3514,334.8071,488.3214,-5.1538,0.5034,-0.0001,0,-0.2303,1.5601,-0.2191,1.5534,0.666,161.665,158.5625,164.3271,163.1533,161.927,0.6812,0.6937,0.6809,0.6954,0.6809,0.6622,0.6382,0.6576,0.6528,0.6382,0.6515,0.6532,0.6512,0.6356,0.6069,0.6229,0.6342,0.6227,0.6069,0.6914,0.4985,0.6831,0.6701,0.4985,0.6398,0.6994,0.6184,0.6726,0.6899,0.6658,0.6676,0.636,0.6184,0,0,0,0,0,v1.0.1,2025_12_22,314.0849,313.6698,439.2035,299.0265,300.4492,182.4237,186.121,328.2823,328.2222,443.9915,-5.8838,-6.0212,-0.0001,-0.0001,-0.216,1.5668,-0.2132,1.5622,0.675,175.542,174.7949,172.7852,175.5742,174.6741,0.8,0.6991,0.8038,0.6882,0.6882,0.7446,0.6608,0.7628,0.6554,0.6554,0.7691,0.7805,0.754,0.6851,0.6851,0.7287,0,0.7219,0.6486,0.6486,0,0,0,0,0,v1.0.1,2025_12_22,314.0476,313.6286,440,298.9455,300.3667,181.7583,185.2583,328.45,328.3361,444.7815,-5.8982,-5.9872,-0.0001,-0.0001,-0.2155,1.5669,-0.2141,1.5618,0.6748,147.625,143.7998,142.3594,145.3418,144.7815,0.6635,0.5926,0.6649,0.6054,0.5926,0.6344,0.5576,0.6328,0.5689,0.5576,0.6364,0.6446,0.645,0.6079,0.6079,0.5948,0.5327,0.5654,0.542,0.5327,0,0,0,0,0,0.0031,-0.0545,0.0058,-0.0303,-0.0303,-0.0135,-0.0718,-0.0003,-0.0313,-0.0313,0.0188,-0.005,0.0034,-0.0067,-0.0955,-0.0864,-0.0506,-0.0658,0.0051,-0.0002,0.0073,-0.0144,-0.0163,-0.0112,0.007,-0.0026,-0.034,-0.007,-0.0181,-0.0264,0.0075,-0.0017,-0.012,-0.0009,-0.0624,-0.0423,-0.0145,0.0056,0.0039,0.0102,0.0053,-0.1214,-0.0017,-0.1097,-0.1065,-0.0049,-0.1317,0.0015,-0.0967,-0.0941,-0.0189,0.0247,-0.0036,-0.0088,-0.0189,-0.0119,0.0016,-0.0808,-0.0137,-0.0859,-0.0693,0.011,-0.0949,0.0132,-0.0704,-0.062,-0.0039,0.0155,0.003,0.0095,0.0095,-0.0102,-0.0264,TRUE,TRUE
DTC_R_8,LanSi,1,CW_01,C,2026-03-28 09:26:22+08:00,ONLINE,FALSE,,CW_1_01,PASS,,,51.3943909,_2026032809262240001,T20260328092622,DESKTOP-P2DUL42,Loma,1,CW_1_01,1,paul di,2024.0718.155524,V20260126.2,CW_DTCL_DTCR_STC,T20260328092713,51.3943909,TRUE,TRUE,TRUE,TRUE,TRUE,TRUE,TRUE,4S2RND2HBL0DP6,v1.0.1,2025_12_22,315.0791,316.8633,474.6296,296.9556,295.4122,147.4122,149.5226,337.129,335.3916,484.4545,-5.493,-2.9371,-0.0001,0,-0.2236,1.5547,-0.2213,1.5497,0.6649,155.7744,153.5312,153.0225,155.2695,154.3994,0.8725,0.8296,0.8677,0.8302,0.8296,0.8151,0.7753,0.8249,0.7804,0.7753,0.8165,0.8144,0.8273,0.8169,0.7678,0.7802,0.701,0.7128,0.701,0.8298,0.8079,0.7978,0.283,0.283,0.8474,0.7677,0.7784,0.824,0.8233,0.7487,0.7767,0.8571,0.7487,0,0,0,0,0,v1.0.1,2025_12_22,315,316.9137,475.8043,296.8333,295.1959,146.3716,148.3377,337.2781,335.5625,485.4583,-5.5199,-2.929,-0.0001,0,-0.2237,1.5547,-0.2211,1.5489,0.6647,164.4404,158.3926,166.8779,167.2188,164.2324,0.7034,0.6925,0.7242,0.7076,0.6925,0.6669,0.6556,0.6716,0.6592,0.6556,0.6439,0.6532,0.6487,0.6524,0.6456,0.6581,0.5948,0.6137,0.5948,0.6934,0.66,0.6705,0.5232,0.5232,0.6448,0.6691,0.6571,0.661,0.662,0.6614,0.6512,0.6902,0.6448,0,0,0,0,0,v1.0.1,2025_12_22,317.3148,328.3241,441.5179,313.1696,302.8175,195.4127,188.7661,342.5081,331.8571,456.5804,-3.0453,7.699,0,0.0001,-0.2209,1.5616,-0.2094,1.5574,0.6722,177.0869,176.8984,177.0996,177.9023,177.2468,0.8092,0.7239,0.8192,0.7097,0.7097,0.7678,0.6652,0.783,0.6786,0.6652,0.7669,0.7741,0.7753,0.748,0.748,0.773,0.6939,0.7364,0,0.6939,0,0,0,0,0,v1.0.1,2025_12_22,317.3578,328.4679,442.3784,313.1712,302.7097,194.7661,187.878,342.6667,331.9273,457.5,-3.0498,7.8144,0,0.0001,-0.2212,1.5612,-0.2087,1.5578,0.6723,149.043,142.8965,144.6152,146.6797,145.8086,0.666,0.6216,0.6876,0.6192,0.6192,0.6434,0.5838,0.6591,0.5908,0.5838,0.6312,0.6352,0.6452,0.6227,0.6227,0.6085,0.5454,0.5832,0.5596,0.5454,0,0,0,0,0,0.003,-0.0575,-0.0155,-0.0467,-0.0399,-0.0106,-0.0267,0.0174,-0.0612,-0.0267,0.0153,-0.0053,0.0066,0.0002,-0.0384,-0.0347,-0.0973,-0.12,-0.0215,-0.0088,-0.0057,-0.0225,0.0135,-0.0111,-0.0166,-0.0161,0.0036,0.0005,-0.0218,0.0036,0.0263,-0.0014,-0.0086,-0.0222,0.0064,-0.0196,-0.0402,-0.0249,0.0054,0.0088,0.0045,-0.1026,-0.0019,-0.1124,-0.095,-0.0012,-0.0933,0.0034,-0.111,-0.0933,0.0008,0.0125,0.0154,0.0048,0.0273,-0.006,-0.0048,-0.0547,0.0132,-0.0669,-0.0516,-0.0051,-0.0595,0.0116,-0.0559,-0.0595,0.0295,-0.0082,0.0153,-0.0034,0.021,0.0046,-0.0112,TRUE,TRUE
DTC_L_9,LanSi,1,CW_01,A,2026-03-28 09:28:25+08:00,ONLINE,FALSE,,CW_1_01,PASS,,,51.2789486,_2026032809282577002,T20260328092825,DESKTOP-P2DUL42,Loma,1,CW_1_01,2,paul di,2024.0718.155524,V20260126.2,CW_DTCL_DTCR_STC,T20260328092917,51.2789486,TRUE,TRUE,TRUE,TRUE,TRUE,TRUE,TRUE,4S2RND2HBL06DS,v1.0.1,2025_12_22,314.1691,322.7647,474.2148,302.2222,294.9592,152.1633,148.3974,342.457,333.3704,489.0444,-6.4778,2.2303,-0.0001,0,-0.2271,1.5582,-0.2177,1.5553,0.6672,154.6963,150.5859,148.7422,153.7637,151.947,0.8221,0.785,0.8417,0.797,0.785,0.7845,0.752,0.8022,0.7544,0.752,0.8118,0.8018,0.8149,0.7753,0.7935,0.6796,0.7699,0.6986,0.6796,0.8215,0.98,0.8312,0.8079,0.8079,0.8536,0.7983,0.7768,0.8406,0.836,0.7928,0.8022,0.7815,0.7768,0,0,0,0,0,v1.0.1,2025_12_22,314.1691,322.7647,475.3309,302.0735,294.863,151.2192,147.2961,342.7039,333.6423,490.073,-6.4397,2.2669,-0.0001,0,-0.2272,1.5582,-0.2184,1.5544,0.6668,162.3857,158.1533,164.3438,163.1074,161.9976,0.6794,0.6718,0.6961,0.7035,0.6718,0.6567,0.6313,0.658,0.6565,0.6313,0.6476,0.6379,0.6542,0.6353,0.6438,0.6002,0.6393,0.6111,0.6002,0.673,0.5563,0.685,0.6663,0.5563,0.6585,0.655,0.6325,0.6837,0.677,0.6676,0.6848,0.6398,0.6325,0,0,0,0,0,v1.0.1,2025_12_22,313,315.1538,437.8739,300.7658,299,184,184.521,329.5462,327,445.4035,-7.221,-4.5261,-0.0001,0,-0.2142,1.5639,-0.211,1.5632,0.6755,175.5596,174.7168,172.7217,175.0234,174.5054,0.7865,0.688,0.8072,0.6934,0.688,0.7529,0.6484,0.7674,0.6746,0.6484,0.7876,0.7852,0.7743,0.6987,0.6987,0.7377,0,0.7321,0.6713,0.6713,0,0,0,0,0,v1.0.1,2025_12_22,312.8942,314.9712,438.6261,300.6348,298.9828,183.2241,183.65,329.6333,327.0862,446.2241,-7.2521,-4.5625,-0.0001,0,-0.213,1.5651,-0.2124,1.5626,0.6755,147.9648,143.375,142.8496,145.1592,144.8372,0.6677,0.5878,0.6672,0.6016,0.5878,0.6382,0.5616,0.6334,0.5895,0.5616,0.6425,0.6233,0.6446,0.6234,0.6233,0.5909,0.5337,0.5947,0.5743,0.5337,0,0,0,0,0,-0.0046,-0.0733,0.0098,-0.0246,-0.0366,-0.0064,-0.0817,0.0004,-0.0293,-0.0317,0.0105,-0.0121,-0.0041,0.0064,-0.0319,-0.1416,-0.0326,-0.0558,0.0033,0.0145,0.0055,-0.0363,-0.0011,-0.0031,-0.0021,-0.0081,-0.0409,-0.0066,-0.0144,-0.0333,0.0036,-0.017,-0.009,-0.0012,-0.0255,-0.065,-0.0094,-0.006,-0.0145,0.0121,-0.0082,-0.1325,0.0017,-0.1045,-0.1067,0.0034,-0.1441,0.0061,-0.0775,-0.1011,-0.0004,0.0294,0.0167,0.0048,-0.0099,-0.0017,0.0058,-0.0856,-0.0114,-0.0897,-0.0741,0.0148,-0.0909,0.0138,-0.0498,-0.058,0.0022,-0.0058,0.0026,0.025,0.0249,-0.0141,0.0029,TRUE,TRUE
DTC_R_9,LanSi,1,CW_01,A,2026-03-28 09:28:25+08:00,ONLINE,FALSE,,CW_1_01,PASS,,,51.665914,_2026032809282566101,T20260328092825,DESKTOP-P2DUL42,Loma,1,CW_1_01,1,paul di,2024.0718.155524,V20260126.2,CW_DTCL_DTCR_STC,T20260328092917,51.665914,TRUE,TRUE,TRUE,TRUE,TRUE,TRUE,TRUE,4S2RND2HBL0DP6,v1.0.1,2025_12_22,315.4167,317.8712,475.5515,298.4265,295.898,149.585,149.7095,338,336,485.277,-4.9849,-1.6681,0,0,-0.2203,1.5548,-0.2204,1.5479,0.6655,156.6367,153.8105,153.3066,156.0127,154.9417,0.8673,0.7956,0.8673,0.7721,0.7721,0.8222,0.7494,0.8232,0.7838,0.7494,0.8341,0.8178,0.8047,0.8141,0.7276,0.7324,0.768,0.726,0.726,0.8341,0.8099,0.8029,0.6147,0.6147,0.8461,0.7944,0.7688,0.8122,0.7777,0.6905,0.8261,0.8435,0.6905,0,0,0,0,0,v1.0.1,2025_12_22,315.2647,317.8897,476.6618,298.2426,295.6216,148.5,148.42,338.12,336.06,486.3467,-5.0944,-1.6802,-0.0001,0,-0.2206,1.5548,-0.2201,1.5475,0.6654,163.8252,158.8848,167.376,166.7207,164.2017,0.7041,0.661,0.7103,0.6652,0.661,0.6816,0.6344,0.6765,0.6576,0.6344,0.6571,0.6487,0.6483,0.6696,0.6371,0.651,0.6,0.607,0.6,0.6753,0.6667,0.6727,0.0757,0.0757,0.6383,0.6609,0.6389,0.6843,0.6421,0.55,0.6468,0.6679,0.55,0,0,0,0,0,v1.0.1,2025_12_22,317.6981,329.1698,442.3652,314.4696,303.168,197.376,189.024,343.456,332.1892,456.7387,-2.6111,8.742,0,0.0001,-0.2169,1.5605,-0.2101,1.5572,0.6727,176.7871,176.1553,176.4795,177.918,176.835,0.7985,0.6515,0.8319,0.6045,0.6045,0.7662,0.6274,0.7838,0.6636,0.6274,0.7506,0.7628,0.7595,0.7503,0.7503,0.7497,0.6658,0.7344,0,0.6658,0,0,0,0,0,v1.0.1,2025_12_22,317.713,329.3241,443.2232,314.3661,302.9339,196.7355,188.0488,343.4878,332.3826,457.5826,-2.6397,8.7992,0,0.0001,-0.2181,1.5593,-0.2083,1.5564,0.6723,148.4424,143.1377,145.0674,146.1729,145.7051,0.6688,0.5769,0.6805,0.5416,0.5416,0.6466,0.5684,0.6585,0.5675,0.5675,0.6416,0.6398,0.6534,0.6403,0.6398,0.5956,0.548,0.5758,0.3208,0.3208,0,0,0,0,0,-0.0022,-0.0915,-0.0159,-0.1048,-0.0974,-0.0035,-0.0526,0.0157,-0.0578,-0.0526,0.0329,-0.0019,-0.016,-0.0026,-0.0786,-0.0825,-0.0303,-0.1068,-0.0172,-0.0037,-0.005,-0.054,-0.0004,-0.0535,-0.0481,-0.0014,-0.0176,0.0054,-0.0234,-0.0176,0.0395,-0.0059,-0.009,-0.005,-0.0021,-0.0267,-0.035,-0.0316,-0.0127,0.011,-0.0062,-0.175,0.0108,-0.2176,-0.2002,-0.0028,-0.1311,0.0042,-0.126,-0.1311,-0.0155,0.0012,-0.0004,0.0071,0.004,-0.008,-0.002,-0.0994,0.0061,-0.1445,-0.1292,-0.0019,-0.0749,0.011,-0.0792,-0.0758,0.0399,-0.0036,0.0235,0.0142,0.0381,-0.0083,-0.0186,TRUE,TRUE
DTC_L_10,LanSi,1,CW_01,B,2026-03-28 09:30:58+08:00,ONLINE,FALSE,,CW_1_01,PASS,,,51.834571,_2026032809305828102,T20260328093058,DESKTOP-P2DUL42,Loma,1,CW_1_01,2,paul di,2024.0718.155524,V20260126.2,CW_DTCL_DTCR_STC,T20260328093150,51.834571,TRUE,TRUE,TRUE,TRUE,TRUE,TRUE,TRUE,4S2RND2HBL06DS,v1.0.1,2025_12_22,315.219,322.3212,475.5111,301.4519,296.5133,151.6,149.9247,342.1027,334.6594,487.6594,-5.1345,1.527,-0.0001,0,-0.229,1.5611,-0.2186,1.5532,0.6667,155.6787,151.5244,149.4678,155.0254,152.9241,0.8256,0.7775,0.8471,0.7847,0.7775,0.7835,0.7588,0.808,0.7325,0.7325,0.8308,0.8026,0.8138,0.7739,0.7335,0.7352,0.7565,0.7078,0.7078,0.817,0.6893,0.8174,0.7858,0.6893,0.8483,0.702,0.7202,0.8288,0.8174,0.7808,0.7669,0.7555,0.702,0,0,0,0,0,v1.0.1,2025_12_22,315.1739,322.3333,476.5603,301.383,296.2635,150.6824,148.8514,342.3176,334.8478,488.7609,-5.1606,1.5954,-0.0001,0,-0.2286,1.5606,-0.2191,1.5526,0.6664,163.3486,158.6084,164.7207,164.5762,162.8135,0.6917,0.6636,0.6938,0.6945,0.6636,0.6638,0.6283,0.6547,0.6446,0.6283,0.6404,0.6447,0.6577,0.6421,0.6138,0.6236,0.6406,0.594,0.594,0.6845,0.5097,0.6861,0.6828,0.5097,0.6647,0.6374,0.6066,0.6782,0.6775,0.658,0.6772,0.6381,0.6066,0,0,0,0,0,v1.0.1,2025_12_22,314,314.6038,438.991,300.1081,300.52,184.048,186.1983,329.3884,328.1316,444.4298,-5.9318,-4.9844,-0.0001,0,-0.2149,1.5674,-0.2147,1.5619,0.6749,175.6357,174.2207,172.1309,174.9463,174.2334,0.7875,0.6701,0.8074,0.676,0.6701,0.7506,0.6565,0.7516,0.6434,0.6434,0.7802,0.7996,0.7697,0.708,0.708,0.7207,0,0.732,0.6666,0.6666,0,0,0,0,0,v1.0.1,2025_12_22,314,314.6038,439.7946,299.9196,300.4492,183.4237,185.2941,329.4118,328.2288,445.2712,-5.9467,-4.974,-0.0001,0,-0.2157,1.5673,-0.214,1.5618,0.6749,149.0537,144.1133,142.8564,146.6914,145.6787,0.6492,0.5703,0.6713,0.6108,0.5703,0.6275,0.5585,0.6335,0.5736,0.5585,0.6199,0.6507,0.6472,0.618,0.618,0.5776,0.503,0.5788,0.556,0.503,0,0,0,0,0,-0.0011,-0.0808,0.0152,-0.0369,-0.0441,-0.0074,-0.0749,0.0062,-0.0512,-0.0512,0.0295,-0.0113,-0.0052,0.005,-0.0919,-0.086,-0.046,-0.0466,-0.0012,0.0007,0.0178,-0.0445,-0.0034,-0.0121,-0.0103,-0.001,-0.0439,-0.0099,-0.0263,-0.0363,-0.0036,-0.0102,-0.0055,0.0056,-0.0555,-0.0416,-0.0081,-0.0231,-0.003,0.0132,-0.0072,-0.1504,0.0019,-0.1219,-0.1246,0.0011,-0.136,-0.0097,-0.1087,-0.1061,-0.0078,0.0438,0.0121,0.0141,-0.0269,-0.0018,-0.0127,-0.1031,-0.0073,-0.0805,-0.0916,0.0041,-0.094,0.0139,-0.0657,-0.0611,-0.0204,0.0216,0.0052,0.0196,0.0196,-0.0274,-0.013,TRUE,TRUE
DTC_R_10,LanSi,1,CW_01,B,2026-03-28 09:30:58+08:00,ONLINE,FALSE,,CW_1_01,PASS,,,52.1946084,_2026032809305817301,T20260328093058,DESKTOP-P2DUL42,Loma,1,CW_1_01,1,paul di,2024.0718.155524,V20260126.2,CW_DTCL_DTCR_STC,T20260328093150,52.1946084,TRUE,TRUE,TRUE,TRUE,TRUE,TRUE,TRUE,4S2RND2HBL0DP6,v1.0.1,2025_12_22,315.0882,316.5,474.7101,296.587,295.3425,147.2397,149.5,336.5867,335.292,484,-5.5134,-3.3173,-0.0001,0,-0.2236,1.5541,-0.2202,1.5502,0.6651,155.5303,153.0635,152.4062,155.0908,154.0227,0.8527,0.8292,0.8758,0.8188,0.8188,0.8041,0.7624,0.8129,0.7851,0.7624,0.8155,0.8079,0.811,0.8218,0.7634,0.7584,0.7402,0.7381,0.7381,0.8496,0.8321,0.8039,0.98,0.8039,0.8513,0.7833,0.7793,0.8319,0.8079,0.862,0.7754,0.8567,0.7754,0,0,0,0,0,v1.0.1,2025_12_22,315,316.5,475.773,296.4539,295.1544,146.2617,148.3377,336.7219,335.4071,485,-5.5655,-3.3125,-0.0001,0,-0.2235,1.5542,-0.2202,1.5498,0.6651,164.3994,158.8545,167.4258,166.6934,164.3433,0.6975,0.6905,0.7136,0.6811,0.6811,0.6821,0.6463,0.6709,0.6561,0.6463,0.6506,0.6483,0.6591,0.6602,0.6411,0.6447,0.6132,0.6116,0.6116,0.6859,0.6754,0.65,0.3186,0.3186,0.669,0.6607,0.6589,0.6625,0.6572,0.6072,0.6543,0.677,0.6072,0,0,0,0,0,v1.0.1,2025_12_22,317.3396,327.934,441.7321,312.7321,302.76,195.28,188.7805,342.3252,331.9115,456,-2.9952,7.3543,0,0.0001,-0.2211,1.5608,-0.211,1.557,0.6714,177.3887,176.9199,176.6211,178.0869,177.2542,0.793,0.7269,0.8153,0.6724,0.6724,0.7681,0.6588,0.7789,0.6665,0.6588,0.7699,0.7488,0.7707,0.7533,0.7488,0.7466,0.6849,0.7341,0,0.6849,0,0,0,0,0,v1.0.1,2025_12_22,317.2885,328.0096,442.4956,312.708,302.6694,194.6855,187.8361,342.4262,331.9554,456.8661,-3.051,7.4391,0,0.0001,-0.2211,1.5611,-0.2104,1.5569,0.6716,148.6631,143.1084,144.8057,146.4834,145.7651,0.6624,0.6073,0.6781,0.586,0.586,0.6403,0.5782,0.6546,0.5731,0.5731,0.6438,0.6324,0.6386,0.6296,0.6296,0.5996,0.5631,0.59,0.4449,0.4449,0,0,0,0,0,-0.0168,-0.0579,-0.0074,-0.0581,-0.0507,-0.0216,-0.0396,0.0054,-0.0565,-0.0396,0.0143,-0.0118,-0.0097,0.0051,-0.0428,-0.0565,-0.0581,-0.0947,-0.0017,-0.0027,-0.0116,-0.0245,0.0029,-0.0376,-0.028,-0.0009,-0.0057,-0.0002,-0.0249,-0.0057,0.033,-0.0063,0.0018,-0.0144,0.0019,-0.033,-0.0218,-0.027,-0.0021,-0.0117,-0.0117,-0.0996,-0.0058,-0.1497,-0.1323,-0.0009,-0.0997,-0.0007,-0.1231,-0.0997,0.0038,-0.0128,0.0108,0.0101,0.0009,-0.0083,-0.0084,-0.069,0.0037,-0.1001,-0.0848,-0.0082,-0.0651,0.0071,-0.0736,-0.0702,0.0421,-0.011,0.0087,0.0035,0.0279,-0.0043,-0.0044,TRUE,TRUE
DTC_R_11,LanSi,1,CW_01,C,2026-03-28 09:33:02+08:00,ONLINE,FALSE,,CW_1_01,FAIL,SFR_VIS_25cm_Ny4_06F_ROI14;SFR_VIS_25cm_Ny4_06F_Min;SFR_VIS_25cm_Ny4_06F_ROI14_Dev,sfr_25Algo,51.5099627,_2026032809330224201,T20260328093302,DESKTOP-P2DUL42,Loma,1,CW_1_01,1,paul di,2024.0718.155524,V20260126.2,CW_DTCL_DTCR_STC,T20260328093353,51.5099627,TRUE,TRUE,TRUE,TRUE,TRUE,TRUE,TRUE,4S2RND2HBL0DP6,v1.0.1,2025_12_22,315.1079,316.223,474.7868,296.2721,295.4257,147.3649,149.5,336.4133,335.3261,483.9638,-5.4707,-3.4526,-0.0001,0,-0.2238,1.5542,-0.2208,1.5503,0.665,155.3721,152.4951,152.2236,154.915,153.7515,0.8665,0.8201,0.8859,0.832,0.8201,0.8188,0.7541,0.8261,0.778,0.7541,0.8349,0.8141,0.816,0.8057,0.6699,0.6248,0.701,0.7354,0.6248,0.8472,0.8322,0.7946,0.5652,0.5652,0.846,0.7811,0.7808,0.8148,0.7983,0.784,0.8162,0.8499,0.7808,0,0,0,0,0,v1.0.1,2025_12_22,315.0714,316.1929,475.8686,296.1314,295.2148,146.3289,148.3974,336.543,335.5347,484.8472,-5.4826,-3.4913,-0.0001,0,-0.2236,1.5539,-0.221,1.5495,0.6647,164.3828,158.6562,167.3936,166.876,164.3271,0.7091,0.6792,0.7096,0.6908,0.6792,0.6721,0.6563,0.6728,0.6559,0.6559,0.6534,0.6646,0.6487,0.6588,0.5887,0.5798,0.5977,0.6187,0.5798,0.6854,0.6683,0.6532,0.4575,0.4575,0.6652,0.6652,0.6503,0.6693,0.6645,0.6714,0.6657,0.6667,0.6503,0,0,0,0,0,v1.0.1,2025_12_22,317.3636,327.7364,441.6667,312.4649,302.8537,194.878,188.7317,341.9268,331.9561,456.0263,-2.9856,7.1065,0,0.0001,-0.2217,1.5615,-0.2094,1.557,0.6719,176.9473,176.0322,176.2637,177.8682,176.7778,0.8104,0.6989,0.8267,0.7146,0.6989,0.7734,0.7268,0.7758,0.6704,0.6704,0.7591,0.7628,0.7589,0.7397,0.7397,0.7589,0.6896,0.7316,0,0.6896,0,0,0,0,0,v1.0.1,2025_12_22,317.3962,327.8585,442.5702,312.4298,302.6911,194.1057,187.8629,342.2258,331.9554,456.8661,-3.0049,7.1972,0,0.0001,-0.2221,1.5608,-0.2099,1.5579,0.6717,148.4062,143.1318,144.9316,146.1836,145.6633,0.659,0.6009,0.6879,0.6212,0.6009,0.6424,0.6283,0.6495,0.5891,0.5891,0.6247,0.6282,0.6446,0.6363,0.6247,0.5889,0.5598,0.5704,0.5375,0.5375,0,0,0,0,0,-0.003,-0.067,0.0027,-0.0449,-0.0494,-0.0069,-0.0479,0.0186,-0.0636,-0.0479,0.0337,-0.0056,-0.0047,-0.011,-0.1363,-0.1901,-0.0973,-0.0974,-0.0041,-0.012,0,-0.0358,-0.0011,-0.0279,-0.0299,-0.0109,0.0043,0.0017,-0.0251,0.0039,0.0358,0.01,-0.0086,-0.0158,-0.0505,-0.0979,-0.0373,-0.0199,-0.0026,-0.0085,0.0057,-0.1276,0.0056,-0.1075,-0.1058,0.0044,-0.0317,-0.0038,-0.1192,-0.0881,-0.007,0.0012,-0.001,-0.0035,0.0132,-0.0108,-0.0118,-0.0754,0.0135,-0.0649,-0.0699,-0.0061,-0.015,0.002,-0.0576,-0.0542,0.023,-0.0152,0.0147,0.0102,0.023,-0.015,-0.024,TRUE,TRUE
DTC_L_11,LanSi,1,CW_01,C,2026-03-28 09:33:02+08:00,ONLINE,FALSE,,CW_1_01,PASS,,,51.1938083,_2026032809330258502,T20260328093302,DESKTOP-P2DUL42,Loma,1,CW_1_01,2,paul di,2024.0718.155524,V20260126.2,CW_DTCL_DTCR_STC,T20260328093353,51.1938083,TRUE,TRUE,TRUE,TRUE,TRUE,TRUE,TRUE,4S2RND2HBL06DS,v1.0.1,2025_12_22,314.1691,322.7647,474.3358,301.9552,294.8609,151.7417,148.457,342.3974,333.3429,489.25,-6.4669,2.1218,-0.0001,0,-0.2287,1.5579,-0.2174,1.5556,0.6668,155.8574,151.6289,149.5156,155.1572,153.0398,0.8275,0.8178,0.8433,0.7963,0.7963,0.7893,0.7564,0.8086,0.7432,0.7432,0.8213,0.8133,0.824,0.767,0.7409,0.7023,0.7957,0.706,0.7023,0.8223,0.6042,0.8173,0.8366,0.6042,0.8566,0.764,0.7375,0.8347,0.834,0.833,0.7996,0.7626,0.7375,0,0,0,0,0,v1.0.1,2025_12_22,314.1691,322.7647,475.5522,301.7985,294.8067,150.7133,147.3618,342.5724,333.6763,490.295,-6.3868,2.1288,-0.0001,0,-0.2287,1.5582,-0.2177,1.5544,0.6666,163.2256,158.6006,164.8525,164.4717,162.7876,0.69,0.6885,0.6872,0.6977,0.6872,0.654,0.6281,0.6498,0.652,0.6281,0.6401,0.6583,0.6478,0.6316,0.6229,0.6149,0.6372,0.6056,0.6056,0.669,0.4939,0.6687,0.6948,0.4939,0.6647,0.6446,0.6137,0.6761,0.6865,0.6927,0.6779,0.6243,0.6137,0,0,0,0,0,v1.0.1,2025_12_22,313,315,438.0909,300.4636,299.2167,184.2083,184.5833,329.5583,327.1491,445.4123,-7.092,-4.5715,-0.0001,0,-0.2152,1.5653,-0.2124,1.5622,0.675,174.9854,174.4053,172.3721,175.4082,174.2927,0.7927,0.7163,0.806,0.6916,0.6916,0.7422,0.6419,0.7642,0.6517,0.6419,0.7904,0.7749,0.7645,0.7071,0.7071,0.7279,0,0.7321,0.736,0.7279,0,0,0,0,0,v1.0.1,2025_12_22,313,314.9029,438.8468,300.2883,299.0855,183.3504,183.6942,329.562,327.1765,446.1765,-7.1394,-4.644,-0.0001,0,-0.2151,1.5649,-0.2124,1.5627,0.675,148.8574,144.0762,143.2607,146.8584,145.7632,0.6658,0.604,0.6633,0.6162,0.604,0.6244,0.5658,0.6259,0.57,0.5658,0.6446,0.6431,0.6448,0.6206,0.6206,0.5795,0.5014,0.5863,0.5853,0.5014,0,0,0,0,0,0.0008,-0.0405,0.0114,-0.0253,-0.0253,-0.0016,-0.0773,0.0068,-0.0405,-0.0405,0.02,-0.0006,0.005,-0.0019,-0.0845,-0.1189,-0.0068,-0.0484,0.0041,0.0006,0.0161,-0.0196,-0.01,-0.0089,0.0133,-0.0108,-0.0441,-0.0148,-0.0189,-0.0365,-0.0039,0.0034,-0.0154,-0.0049,-0.0464,-0.0503,-0.0115,-0.0115,-0.0185,-0.0042,-0.002,-0.1042,0.0005,-0.1063,-0.1031,-0.0073,-0.1506,0.0029,-0.1004,-0.1076,0.0024,0.0191,0.0069,0.0132,-0.0197,-0.0017,0.0039,-0.0694,-0.0153,-0.0751,-0.0579,0.001,-0.0867,0.0063,-0.0693,-0.0538,0.0043,0.014,0.0028,0.0222,0.0222,-0.0255,-0.0055,TRUE,TRUE
DTC_R_12,LanSi,1,CW_01,A,2026-03-28 09:35:04+08:00,ONLINE,FALSE,,CW_1_01,PASS,,,51.7752108,_2026032809350422301,T20260328093504,DESKTOP-P2DUL42,Loma,1,CW_1_01,1,paul di,2024.0718.155524,V20260126.2,CW_DTCL_DTCR_STC,T20260328093555,51.7752108,TRUE,TRUE,TRUE,TRUE,TRUE,TRUE,TRUE,4S2RND2HBL0DP6,v1.0.1,2025_12_22,315.2993,317.635,475.5821,298.0373,295.8759,148.9172,149.6623,337.7219,335.9122,484.9527,-5.0337,-2.0472,-0.0001,0,-0.2211,1.5557,-0.2202,1.5477,0.6655,156.9297,154.957,154.5098,156.6309,155.7568,0.874,0.7978,0.8625,0.7613,0.7613,0.8154,0.7622,0.827,0.7415,0.7415,0.8211,0.8293,0.8138,0.8179,0.7368,0.736,0.768,0.7415,0.736,0.8316,0.7891,0.8081,0.6522,0.6522,0.8397,0.7702,0.7678,0.8311,0.7905,0.6805,0.824,0.8511,0.6805,0,0,0,0,0,v1.0.1,2025_12_22,315.2357,317.5929,476.6765,297.9632,295.7639,147.9722,148.5436,337.8523,336,486,-5.0561,-2.0239,-0.0001,0,-0.2205,1.556,-0.2204,1.5476,0.6657,163.0205,156.9932,165.2227,165.3594,162.6489,0.7119,0.6711,0.7168,0.6549,0.6549,0.6663,0.6438,0.6676,0.6271,0.6271,0.6382,0.6502,0.6569,0.6498,0.6236,0.6392,0.6233,0.6241,0.6233,0.6759,0.6544,0.664,0.0724,0.0724,0.6506,0.6555,0.6362,0.663,0.6721,0.5476,0.6345,0.678,0.5476,0,0,0,0,0,v1.0.1,2025_12_22,317.7115,329,442.3727,314.1182,303.152,196.92,189.032,343.376,332.287,456.4522,-2.589,8.4733,0,0.0001,-0.2183,1.5605,-0.2107,1.5564,0.672,177.3848,177.7559,177.751,178.2617,177.7883,0.8039,0.6703,0.8257,0.6091,0.6091,0.7858,0.6355,0.7758,0.6221,0.6221,0.771,0.7615,0.7654,0.7555,0.7555,0.7521,0.6607,0.7323,0,0.6607,0,0,0,0,0,v1.0.1,2025_12_22,317.6058,329.0288,443.2545,314,303.0168,196.0924,188.032,343.376,332.354,457.3805,-2.6474,8.4756,0,0.0001,-0.2185,1.561,-0.2098,1.5559,0.6721,147.6025,141.5215,143.3174,144.918,144.3398,0.6648,0.5899,0.6849,0.5449,0.5449,0.648,0.5631,0.6574,0.5421,0.5421,0.6427,0.6391,0.6343,0.6338,0.6338,0.5754,0.5469,0.5767,0.3032,0.3032,0,0,0,0,0,0.0045,-0.0893,-0.0207,-0.1156,-0.1082,-0.0103,-0.0398,0.0195,-0.1001,-0.0605,0.0199,0.0096,-0.0069,0.0012,-0.0694,-0.0789,-0.0303,-0.0913,-0.0197,0.0015,0.0028,-0.0439,0.0061,-0.0638,-0.0542,-0.0167,-0.0082,-0.0035,-0.0539,-0.0249,0.0206,-0.0044,-0.0004,-0.0248,-0.0156,-0.0385,-0.0117,-0.0145,-0.0121,0.0023,-0.0008,-0.1562,0.0046,-0.213,-0.1956,0.0168,-0.123,-0.0038,-0.1675,-0.1364,0.0049,-0.0001,0.0055,0.0123,0.0064,-0.0101,-0.006,-0.0864,0.0105,-0.1412,-0.1259,-0.0005,-0.0802,0.0099,-0.1046,-0.1012,0.041,-0.0043,0.0044,0.0077,0.0321,-0.0285,-0.0177,TRUE,TRUE
DTC_L_12,LanSi,1,CW_01,A,2026-03-28 09:35:04+08:00,ONLINE,FALSE,,CW_1_01,PASS,,,51.9637068,_2026032809350427502,T20260328093504,DESKTOP-P2DUL42,Loma,1,CW_1_01,2,paul di,2024.0718.155524,V20260126.2,CW_DTCL_DTCR_STC,T20260328093556,51.9637068,TRUE,TRUE,TRUE,TRUE,TRUE,TRUE,TRUE,4S2RND2HBL06DS,v1.0.1,2025_12_22,314.3037,322.9185,474.2059,302.4853,294.9013,151.9474,148.4106,342.6755,333.5474,489.3504,-6.4262,2.3754,-0.0001,0,-0.2266,1.5573,-0.218,1.5552,0.667,154.374,150.2295,147.6221,153.5586,151.446,0.8256,0.7917,0.8217,0.786,0.786,0.7814,0.7663,0.7931,0.7514,0.7514,0.8079,0.8056,0.7587,0.7519,0.7314,0.7111,0.7216,0.6899,0.6899,0.8126,0.4897,0.8182,0.8345,0.4897,0.8435,0.7994,0.7693,0.8369,0.75,0.7915,0.7906,0.741,0.741,0,0,0,0,0,v1.0.1,2025_12_22,314.1714,323.0143,475.3309,302.3885,294.8609,150.9272,147.3108,342.9122,333.7801,490.3617,-6.4092,2.4208,-0.0001,0,-0.2268,1.5585,-0.2182,1.5536,0.6668,164.7539,160.0283,167.1641,166.3564,164.5757,0.6753,0.6783,0.6967,0.6968,0.6753,0.65,0.6402,0.6505,0.6388,0.6388,0.6402,0.6542,0.6205,0.6324,0.6263,0.636,0.6176,0.5864,0.5864,0.68,0.5694,0.6765,0.6906,0.5694,0.6489,0.6638,0.6273,0.6756,0.637,0.6995,0.6701,0.6294,0.6273,0,0,0,0,0,v1.0.1,2025_12_22,312.9524,315.3714,438,301.0545,299.1008,184.3445,184.5868,329.8843,327.0702,445.5789,-7.158,-4.2532,-0.0001,0,-0.2135,1.565,-0.2121,1.5623,0.6754,175.2021,173.8623,171.5898,174.3457,173.75,0.7849,0.697,0.8008,0.6771,0.6771,0.7482,0.651,0.7597,0.6629,0.651,0.7751,0.7631,0.7225,0.6952,0.6952,0.7322,0,0.7224,0.7149,0.7149,0,0,0,0,0,v1.0.1,2025_12_22,312.9612,315.1942,438.7699,300.7699,299.0513,183.641,183.7131,329.9508,327.3103,446.5,-7.1388,-4.2888,-0.0001,0,-0.2136,1.5649,-0.2132,1.5614,0.6749,150.3242,145.0605,145.2246,148.5488,147.2896,0.6602,0.594,0.6732,0.6089,0.594,0.6323,0.5641,0.6221,0.5818,0.5641,0.6196,0.6259,0.6148,0.6024,0.6024,0.5862,0.5353,0.5941,0.5621,0.5353,0,0,0,0,0,-0.0011,-0.0666,-0.0102,-0.0356,-0.0356,-0.0095,-0.0674,-0.0087,-0.0323,-0.0323,0.0066,-0.0083,-0.0603,-0.017,-0.094,-0.1101,-0.0809,-0.0645,-0.0056,0.0015,0.0014,-0.0298,-0.0005,-0.0098,0.0014,-0.0148,-0.032,-0.0141,-0.0321,-0.0258,-0.0038,-0.0007,-0.0427,-0.0041,-0.043,-0.0292,-0.0311,-0.0307,-0.0075,0.0036,-0.0098,-0.1235,-0.0047,-0.1208,-0.1176,-0.0013,-0.1415,-0.0016,-0.0892,-0.0985,-0.0129,0.0073,-0.0351,0.0013,-0.0154,-0.0114,-0.0017,-0.0794,-0.0054,-0.0824,-0.0679,0.0089,-0.0884,0.0025,-0.0575,-0.0555,-0.0207,-0.0032,-0.0272,0.004,0.004,-0.0188,0.0023,TRUE,TRUE
DTC_L_13,LanSi,1,CW_01,B,2026-03-28 09:37:25+08:00,ONLINE,FALSE,,CW_1_01,PASS,,,51.8752161,_2026032809372533502,T20260328093725,DESKTOP-P2DUL42,Loma,1,CW_1_01,2,paul di,2024.0718.155524,V20260126.2,CW_DTCL_DTCR_STC,T20260328093817,51.8752161,TRUE,TRUE,TRUE,TRUE,TRUE,TRUE,TRUE,4S2RND2HBL06DS,v1.0.1,2025_12_22,315.2,322.3185,475.4118,301.625,296.1544,151.7383,149.9247,342.2808,334.6765,487.9632,-5.2265,1.6852,-0.0001,0,-0.2279,1.5591,-0.2197,1.5532,0.6662,154.8867,151.0166,149.2236,154.3701,152.3743,0.8203,0.7976,0.8385,0.7932,0.7932,0.7746,0.7613,0.7924,0.7485,0.7485,0.8055,0.814,0.8285,0.7668,0.7314,0.7226,0.7458,0.7025,0.7025,0.824,0.7983,0.8102,0.7668,0.7668,0.8386,0.789,0.7523,0.8457,0.8119,0.7706,0.7602,0.7841,0.7523,0,0,0,0,0,v1.0.1,2025_12_22,315.2,322.4143,476.4468,301.5248,296.0872,150.7584,148.7067,342.5,334.8286,488.9857,-5.2461,1.7366,-0.0001,0,-0.2283,1.5594,-0.2195,1.553,0.6661,163.415,159.3271,165.5029,164.6357,163.2202,0.6791,0.6889,0.6996,0.696,0.6791,0.6689,0.6494,0.6514,0.6453,0.6453,0.6432,0.6613,0.6556,0.6431,0.6203,0.6344,0.6358,0.6067,0.6067,0.6784,0.4906,0.683,0.6539,0.4906,0.6575,0.6653,0.6124,0.6796,0.6916,0.6666,0.6692,0.6322,0.6124,0,0,0,0,0,v1.0.1,2025_12_22,314,314.6038,438.9817,300.367,300.3984,184.0976,185.9512,329.4878,328.0439,444.7632,-6.025,-4.8361,-0.0001,0,-0.2129,1.5664,-0.2152,1.5628,0.6753,175.6855,175.1172,173.29,175.5586,174.9128,0.8009,0.6985,0.7956,0.6774,0.6774,0.7485,0.6594,0.7564,0.6635,0.6594,0.7649,0.7607,0.7594,0.6924,0.6924,0.7244,0,0.7315,0.6514,0.6514,0,0,0,0,0,v1.0.1,2025_12_22,314,314.6038,439.7699,300.2301,300.3667,183.4083,185.1138,329.4959,328.25,445.5862,-5.9999,-4.8351,-0.0001,0,-0.2133,1.5667,-0.2145,1.5619,0.6752,149.083,144.4834,143.4014,146.8604,145.957,0.658,0.5953,0.6691,0.6174,0.5953,0.6268,0.567,0.6143,0.5979,0.567,0.6239,0.6358,0.6469,0.6021,0.6021,0.5918,0.5436,0.5898,0.545,0.5436,0,0,0,0,0,-0.0064,-0.0607,0.0066,-0.0284,-0.0284,-0.0163,-0.0724,-0.0094,-0.0352,-0.0352,0.0042,0.0001,0.0095,-0.0021,-0.094,-0.0986,-0.0567,-0.0519,0.0058,-0.0065,0.0052,-0.0192,0.0024,-0.0106,0.0052,0.0041,-0.0228,-0.0132,-0.0256,-0.0193,-0.0008,0.0064,-0.0076,0.0066,-0.049,-0.0308,-0.0129,-0.0104,-0.0091,0.0101,0.0062,-0.122,-0.0099,-0.1205,-0.1173,-0.001,-0.1331,-0.0049,-0.0886,-0.0901,-0.0231,0.0049,0.0018,-0.0015,-0.0232,-0.0023,-0.0039,-0.0781,-0.0095,-0.0739,-0.0666,0.0034,-0.0855,-0.0053,-0.0414,-0.0526,-0.0164,0.0067,0.0049,0.0037,0.0037,-0.0132,-0.002,TRUE,TRUE
DTC_R_13,LanSi,1,CW_01,B,2026-03-28 09:37:25+08:00,ONLINE,FALSE,,CW_1_01,FAIL,SFR_VIS_25cm_Ny4_01F_ROI4_Dev,Dev,51.8602572,_2026032809372558701,T20260328093725,DESKTOP-P2DUL42,Loma,1,CW_1_01,1,paul di,2024.0718.155524,V20260126.2,CW_DTCL_DTCR_STC,T20260328093817,51.8602572,TRUE,TRUE,TRUE,TRUE,TRUE,TRUE,TRUE,4S2RND2HBL0DP6,v1.0.1,2025_12_22,315.3037,316.9185,475.5,297.2537,295.8435,148.6531,149.6871,336.9592,335.9669,485.3841,-5.0398,-2.4663,-0.0001,0,-0.2216,1.5551,-0.2199,1.5482,0.6655,157.1514,154.9453,153.917,156.8906,155.7261,0.8654,0.7814,0.8823,0.75,0.75,0.8281,0.7544,0.8235,0.8023,0.7544,0.8247,0.8167,0.8132,0.8225,0.7284,0.737,0.785,0.7915,0.7284,0.8334,0.7928,0.7958,0.6582,0.6582,0.8358,0.7708,0.7572,0.8179,0.7831,0.6988,0.8467,0.843,0.6988,0,0,0,0,0,v1.0.1,2025_12_22,315.219,316.8759,476.6148,297.1259,295.6054,147.5442,148.5,337,336,486.4145,-5.1122,-2.5079,-0.0001,0,-0.2212,1.555,-0.2196,1.5483,0.6656,162.6943,156.2949,165.2549,165.2744,162.3796,0.7032,0.6573,0.7177,0.6555,0.6555,0.6742,0.6374,0.6783,0.6643,0.6374,0.6655,0.647,0.6468,0.6528,0.6331,0.6316,0.6304,0.6416,0.6304,0.6753,0.6556,0.6562,0.1721,0.1721,0.6452,0.6524,0.6527,0.6718,0.6366,0.6146,0.6307,0.6633,0.6146,0,0,0,0,0,v1.0.1,2025_12_22,317.7664,328.3178,442.4052,313.4052,303.1339,196.4724,189.048,342.4,332.3103,456.5,-2.5673,7.9191,0,0.0001,-0.2186,1.5598,-0.2085,1.5573,0.6725,177.6016,177.7256,177.3311,178.8164,177.8687,0.8165,0.6508,0.8213,0.6316,0.6316,0.77,0.6162,0.7865,0.6835,0.6162,0.7876,0.7703,0.751,0.7539,0.751,0.7494,0.6685,0.7294,0,0.6685,0,0,0,0,0,v1.0.1,2025_12_22,317.6574,328.2315,443.1909,313.3273,302.9508,195.7869,188,342.5,332.3333,457.4298,-2.6735,7.9551,0,0.0001,-0.2177,1.5597,-0.2091,1.5572,0.6725,147.2012,141.3848,143.3135,145.4072,144.3267,0.6666,0.5754,0.6831,0.5538,0.5538,0.6536,0.5436,0.654,0.5908,0.5436,0.6343,0.6409,0.6443,0.6315,0.6315,0.5846,0.5433,0.582,0.3974,0.3974,0,0,0,0,0,-0.0041,-0.1057,-0.0009,-0.1269,-0.1195,0.0024,-0.0476,0.016,-0.0393,-0.0476,0.0235,-0.003,-0.0075,0.0058,-0.0778,-0.0779,-0.0133,-0.0413,-0.0179,-0.0108,-0.0059,-0.0577,0.007,-0.0632,-0.0536,-0.0088,-0.0146,0.0072,-0.0167,-0.0146,0.0479,-0.0076,-0.0105,-0.0218,-0.0061,-0.0461,-0.0046,0.003,-0.0127,-0.0055,0.0118,-0.1757,0.0002,-0.1905,-0.1731,0.001,-0.1423,0.0069,-0.1061,-0.1423,0.0215,0.0087,-0.0089,0.0107,0.0037,-0.013,-0.0042,-0.1009,0.0087,-0.1323,-0.117,0.0051,-0.0997,0.0065,-0.0559,-0.0997,0.0326,-0.0025,0.0144,0.0054,0.0298,-0.0193,-0.0124,TRUE,TRUE
DTC_L_14,LanSi,1,CW_01,C,2026-03-28 09:39:25+08:00,ONLINE,FALSE,,CW_1_01,FAIL,SFR_VIS_25cm_Ny4_06F_ROI11_Dev,Dev,51.2032004,_2026032809392516202,T20260328093925,DESKTOP-P2DUL42,Loma,1,CW_1_01,2,paul di,2024.0718.155524,V20260126.2,CW_DTCL_DTCR_STC,T20260328094016,51.2032004,TRUE,TRUE,TRUE,TRUE,TRUE,TRUE,TRUE,4S2RND2HBL06DS,v1.0.1,2025_12_22,314.2612,323.2313,474.3235,303.0368,294.9608,152.3922,148.457,343.3974,333.9577,490.0211,-6.308,2.9157,-0.0001,0,-0.225,1.5578,-0.2205,1.5527,0.6663,154.5967,150.0215,148.9395,153.751,151.8271,0.8243,0.7819,0.8375,0.7815,0.7815,0.78,0.7561,0.7954,0.7384,0.7384,0.8142,0.811,0.6916,0.7469,0.7562,0.7058,0.6809,0.7072,0.6809,0.8056,0.4294,0.7224,0.8154,0.4294,0.8536,0.7453,0.7427,0.795,0.702,0.7474,0.7967,0.776,0.702,0,0,0,0,0,v1.0.1,2025_12_22,314.25,323.3429,475.3704,302.9185,294.9408,151.4342,147.3816,343.5,334.0214,491.0429,-6.3072,2.9477,-0.0001,0,-0.2256,1.5584,-0.2197,1.5529,0.6665,164.4873,160.6729,165.8877,165.1895,164.0593,0.691,0.6756,0.6809,0.6949,0.6756,0.6504,0.6356,0.6593,0.6535,0.6356,0.6363,0.6446,0.6042,0.6237,0.6358,0.6326,0.5991,0.6138,0.5991,0.6702,0.521,0.6477,0.6822,0.521,0.6736,0.6394,0.6155,0.6791,0.633,0.6493,0.6761,0.6199,0.6155,0,0,0,0,0,v1.0.1,2025_12_22,313,315.6038,437.9107,301.4554,299.094,184.8718,184.5372,330.4628,327.115,446.1062,-7.1686,-3.8,-0.0001,0,-0.2123,1.5643,-0.2146,1.5625,0.675,175.4131,173.9102,172.8271,175.3223,174.3682,0.7848,0.6776,0.8143,0.6859,0.6776,0.7474,0.6511,0.7502,0.6621,0.6511,0.7861,0.757,0.68,0.697,0.68,0.733,0,0.6351,0.7175,0.6351,0,0,0,0,0,v1.0.1,2025_12_22,313,315.6038,438.6637,301.3628,298.9831,184.0508,183.5902,330.459,327.2564,447.0513,-7.2013,-3.7944,-0.0001,0,-0.2123,1.5641,-0.2138,1.5622,0.6751,149.9287,145.6016,144.0254,147.0518,146.6519,0.6501,0.5758,0.6854,0.6002,0.5758,0.6234,0.5643,0.6262,0.5758,0.5643,0.6325,0.6295,0.606,0.6108,0.606,0.5953,0.5126,0.5539,0.5787,0.5126,0,0,0,0,0,-0.0024,-0.0764,0.0056,-0.0401,-0.0401,-0.0109,-0.0776,-0.0064,-0.0453,-0.0453,0.0129,-0.0029,-0.1274,-0.022,-0.0692,-0.1154,-0.1216,-0.0472,-0.0126,-0.0943,0.0171,-0.0325,-0.0163,-0.0117,0.0017,-0.0144,-0.0366,-0.0053,-0.0174,-0.029,-0.0077,-0.0103,-0.059,-0.0128,-0.0335,-0.0326,-0.0496,-0.0033,-0.0173,-0.0252,-0.0099,-0.1429,0.0088,-0.112,-0.1171,-0.0021,-0.1414,-0.0111,-0.09,-0.0984,-0.0019,0.0012,-0.0776,0.0031,-0.0146,-0.0987,-0.0118,-0.0976,0.0068,-0.0911,-0.0861,0,-0.0882,0.0066,-0.0635,-0.0553,-0.0078,0.0004,-0.036,0.0124,0.0076,-0.0097,-0.0379,TRUE,TRUE
DTC_R_14,LanSi,1,CW_01,C,2026-03-28 09:39:25+08:00,ONLINE,FALSE,,CW_1_01,PASS,,,51.3488113,_2026032809392504201,T20260328093925,DESKTOP-P2DUL42,Loma,1,CW_1_01,1,paul di,2024.0718.155524,V20260126.2,CW_DTCL_DTCR_STC,T20260328094016,51.3488113,TRUE,TRUE,TRUE,TRUE,TRUE,TRUE,TRUE,4S2RND2HBL0DP6,v1.0.1,2025_12_22,315.2815,316.8444,475.5,297.1667,295.7517,148.4759,149.6184,336.7105,336.06,486.3467,-5.0577,-2.3912,-0.0001,0,-0.2217,1.5548,-0.2188,1.5483,0.6656,156.4736,153.3584,153.2139,155.5283,154.6436,0.8592,0.805,0.861,0.7904,0.7904,0.8031,0.8059,0.8209,0.8133,0.8031,0.823,0.8064,0.8252,0.8144,0.7571,0.7346,0.8031,0.8019,0.7346,0.8347,0.799,0.748,0.4805,0.4805,0.8377,0.7671,0.7447,0.8135,0.7722,0.5899,0.8104,0.8371,0.5899,0,0,0,0,0,v1.0.1,2025_12_22,315.2409,316.8467,476.5766,297.1168,295.517,147.5442,148.3974,336.8278,336.0724,487.3618,-5.1392,-2.3605,-0.0001,0,-0.2212,1.5543,-0.2187,1.5487,0.6658,163.9609,158.9521,167.457,166.4307,164.2002,0.6949,0.6742,0.7136,0.678,0.6742,0.6839,0.6771,0.6718,0.6637,0.6637,0.644,0.6552,0.6442,0.6533,0.6393,0.6254,0.6207,0.6353,0.6207,0.6679,0.664,0.6442,0.1281,0.1281,0.6382,0.6528,0.6447,0.6818,0.6493,0.574,0.6193,0.6635,0.574,0,0,0,0,0,v1.0.1,2025_12_22,317.6449,328.1776,442.2679,313.2679,302.96,196.528,188.9048,342.381,332.292,457.3982,-2.6861,8.0505,0,0.0001,-0.2186,1.5592,-0.2094,1.5574,0.6722,177.0068,176.2441,176.6035,177.4727,176.8318,0.8039,0.6771,0.8096,0.6579,0.6579,0.7689,0.4967,0.7707,0.7115,0.4967,0.7728,0.7806,0.764,0.7405,0.7405,0.7405,0.6404,0.7285,0,0.6404,0,0,0,0,0,v1.0.1,2025_12_22,317.5833,328.1759,443.1,313.2818,302.8211,195.8211,188,342.5,332.2991,458.1453,-2.7393,8.0848,0,0.0001,-0.2176,1.5592,-0.2096,1.5575,0.6724,148.3555,143.2646,144.9795,145.8809,145.6201,0.6718,0.573,0.6658,0.5826,0.573,0.6465,0.4638,0.6458,0.5985,0.4638,0.641,0.6319,0.6238,0.6437,0.6238,0.6008,0.5277,0.594,0.2775,0.2775,0,0,0,0,0,-0.0103,-0.0821,-0.0222,-0.0865,-0.0791,-0.0226,0.0039,0.0134,-0.0283,0.0011,0.0218,-0.0133,0.0045,-0.0023,-0.0491,-0.0803,0.0048,-0.0309,-0.0166,-0.0586,-0.0142,-0.0408,0.0029,-0.0407,-0.0349,0.0009,0.0251,0.0007,-0.0173,0.0117,0.0264,0.0006,-0.0131,-0.0213,0.0001,-0.0523,-0.0143,-0.0033,-0.0201,-0.0175,-0.0008,-0.1494,-0.0115,-0.1642,-0.1468,-0.0001,-0.2618,-0.0089,-0.0781,-0.2618,0.0067,0.019,0.0041,-0.0027,-0.0052,-0.0139,0.001,-0.1033,-0.0086,-0.1035,-0.0978,-0.002,-0.1795,-0.0017,-0.0482,-0.1795,0.0393,-0.0115,-0.0061,0.0176,0.0221,-0.0031,-0.0004,TRUE,TRUE
DTC_R_15,LanSi,1,CW_01,A,2026-03-28 09:44:30+08:00,ONLINE,FALSE,,CW_1_01,PASS,,,51.5397328,_2026032809443071601,T20260328094430,DESKTOP-P2DUL42,Loma,1,CW_1_01,1,paul di,2024.0718.155524,V20260126.2,CW_DTCL_DTCR_STC,T20260328094522,51.5397328,TRUE,TRUE,TRUE,TRUE,TRUE,TRUE,TRUE,4S2RND2HBL0DP6,v1.0.1,2025_12_22,315.1765,316.8529,475.3209,297.1269,295.5944,148.3357,149.3733,336.8467,335.7034,484.3379,-5.2663,-2.8,-0.0001,0,-0.222,1.5546,-0.2195,1.5483,0.6653,155.1699,152.3545,152.166,155.0029,153.6733,0.8653,0.7959,0.8762,0.7642,0.7642,0.8174,0.7622,0.8225,0.7611,0.7611,0.8145,0.8144,0.808,0.8088,0.7286,0.7298,0.766,0.7527,0.7286,0.7102,0.7862,0.8124,0.03,0.03,0.8378,0.7619,0.76,0.8253,0.7893,0.6925,0.8391,0.8472,0.6925,0,0,0,0,0,v1.0.1,2025_12_22,315.0791,316.8633,476.3235,297.0368,295.2993,147.2517,148.137,336.9863,335.8041,485.3784,-5.3714,-2.7967,-0.0001,0,-0.2218,1.5542,-0.2194,1.5479,0.6652,164.4629,159.2617,167.9922,167.1172,164.7085,0.7073,0.6683,0.7121,0.6639,0.6639,0.6778,0.6465,0.6613,0.6449,0.6449,0.6549,0.6477,0.6655,0.6428,0.6285,0.6551,0.6293,0.6314,0.6285,0.6205,0.6444,0.6639,0.3626,0.3626,0.6463,0.6475,0.658,0.672,0.6565,0.6293,0.6268,0.6822,0.6268,0,0,0,0,0,v1.0.1,2025_12_22,317.3704,328.2315,442.2162,313.2793,302.9187,196.0325,188.595,342.4545,331.9469,455.9204,-2.8906,7.6836,0,0.0001,-0.2187,1.5614,-0.2095,1.5566,0.6725,177.1074,176.4863,176.4092,178.0703,177.0183,0.8108,0.649,0.8243,0.62,0.62,0.7768,0.6404,0.787,0.653,0.6404,0.791,0.7762,0.7698,0.7429,0.7429,0.6738,0.6488,0.7377,0,0.6488,0,0,0,0,0,v1.0.1,2025_12_22,317.3962,328.1415,442.964,313.1532,302.7177,195.3952,187.825,342.5667,332,456.6786,-2.9194,7.687,0,0.0001,-0.2183,1.5602,-0.2104,1.5571,0.6722,148.9795,143.7236,145.4375,146.7773,146.2295,0.665,0.5724,0.6942,0.5593,0.5593,0.6408,0.5663,0.6623,0.5539,0.5539,0.645,0.638,0.6332,0.6265,0.6265,0.5671,0.5433,0.5796,0.4765,0.4765,0,0,0,0,0,-0.0042,-0.0912,-0.007,-0.1127,-0.1053,-0.0083,-0.0398,0.015,-0.0805,-0.0409,0.0133,-0.0053,-0.0127,-0.0079,-0.0776,-0.0851,-0.0323,-0.0801,-0.1411,0.0058,-0.0018,-0.0467,0.0014,-0.0548,-0.0452,-0.0052,-0.0055,-0.0098,-0.0361,-0.0071,0.0373,-0.0069,0.0082,-0.0318,-0.0107,-0.0226,-0.0057,-0.0072,-0.0675,0.0022,0.0061,-0.1775,0.0032,-0.2021,-0.1847,0.0078,-0.1181,0.0074,-0.1366,-0.1181,0.0249,0.0146,0.0099,-0.0003,-0.0719,-0.0047,-0.0058,-0.1039,0.0198,-0.1268,-0.1115,-0.0077,-0.077,0.0148,-0.0928,-0.0894,0.0433,-0.0054,0.0033,0.0004,0.0248,-0.0368,-0.0148,TRUE,TRUE
DTC_L_15,LanSi,1,CW_01,A,2026-03-28 09:44:30+08:00,ONLINE,FALSE,,CW_1_01,PASS,,,51.5556844,_2026032809443071502,T20260328094430,DESKTOP-P2DUL42,Loma,1,CW_1_01,2,paul di,2024.0718.155524,V20260126.2,CW_DTCL_DTCR_STC,T20260328094522,51.5556844,TRUE,TRUE,TRUE,TRUE,TRUE,TRUE,TRUE,4S2RND2HBL06DS,v1.0.1,2025_12_22,314.1926,323.1926,474.2612,302.8955,294.9195,152.5235,148.4342,343.1447,333.5857,489.4714,-6.4214,2.7456,-0.0001,0,-0.2256,1.5578,-0.2193,1.5542,0.6668,156.0869,152.4307,150.3184,155.5449,153.5952,0.8246,0.7791,0.8316,0.7902,0.7791,0.7724,0.7691,0.8051,0.7431,0.7431,0.8109,0.8216,0.8239,0.7715,0.7074,0.7195,0.7608,0.6909,0.6909,0.8166,0.98,0.8409,0.8371,0.8166,0.8632,0.799,0.7745,0.8369,0.8315,0.831,0.7956,0.7811,0.7745,0,0,0,0,0,v1.0.1,2025_12_22,314.1533,323.1898,475.4511,302.8346,294.7815,151.5828,147.3907,343.245,333.7606,490.5,-6.3926,2.7704,-0.0001,0,-0.225,1.5579,-0.2192,1.5536,0.6668,163.25,159.1924,165.4404,164.459,163.0854,0.6789,0.6599,0.6963,0.6828,0.6599,0.6543,0.6352,0.6649,0.6526,0.6352,0.648,0.6641,0.6415,0.6247,0.5889,0.6316,0.6368,0.6234,0.5889,0.6674,0.3972,0.6751,0.6769,0.3972,0.6693,0.6621,0.6428,0.6734,0.6684,0.6898,0.6715,0.6266,0.6266,0,0,0,0,0,v1.0.1,2025_12_22,313,315.6038,437.9817,301.367,299.0169,184.9492,184.6529,330.2231,327.0769,445.8291,-7.1543,-3.9056,-0.0001,0,-0.2129,1.5637,-0.2129,1.5626,0.6751,175.7285,175.0205,172.8789,175.5068,174.7837,0.782,0.6664,0.8065,0.6818,0.6664,0.7546,0.6603,0.7591,0.6642,0.6603,0.7696,0.767,0.7707,0.7002,0.7002,0.7348,0,0.7305,0.7221,0.7221,0,0,0,0,0,v1.0.1,2025_12_22,313.019,315.5524,438.7699,301.2301,299,184.1026,183.7583,330.2917,327.1724,446.6379,-7.1561,-3.9371,-0.0001,0,-0.2129,1.564,-0.213,1.5627,0.6752,148.6104,144.0918,143.5557,146.8213,145.7698,0.6492,0.5784,0.6722,0.6084,0.5784,0.632,0.5669,0.624,0.5996,0.5669,0.6353,0.6322,0.6412,0.6151,0.6151,0.5931,0.5347,0.5946,0.5854,0.5347,0,0,0,0,0,-0.0021,-0.0792,-0.0003,-0.0314,-0.0425,-0.0185,-0.0646,0.0033,-0.0406,-0.0406,0.0096,0.0077,0.0049,0.0026,-0.118,-0.1017,-0.0417,-0.0635,-0.0016,0.0242,0.005,-0.0482,-0.0009,-0.0238,-0.014,-0.0105,-0.037,0.0003,-0.0183,-0.0294,0.004,0.0092,-0.0217,-0.0118,-0.0804,-0.0336,-0.0119,0.0063,-0.0201,0.0022,-0.0127,-0.1541,0.001,-0.1161,-0.1283,0.0051,-0.1322,-0.0022,-0.0879,-0.0892,-0.0184,0.0112,0.0131,0.0063,-0.0128,-0.0033,-0.0127,-0.095,-0.0064,-0.0829,-0.0835,0.0086,-0.0856,0.0044,-0.0397,-0.0527,-0.005,0.0031,-0.0008,0.0167,0.0167,-0.0119,0.0028,TRUE,TRUE
DTC_L_16,LanSi,1,CW_01,B,2026-03-28 09:47:07+08:00,ONLINE,FALSE,,CW_1_01,PASS,,,51.6214814,_2026032809470764602,T20260328094707,DESKTOP-P2DUL42,Loma,1,CW_1_01,2,paul di,2024.0718.155524,V20260126.2,CW_DTCL_DTCR_STC,T20260328094759,51.6214814,TRUE,TRUE,TRUE,TRUE,TRUE,TRUE,TRUE,4S2RND2HBL06DS,v1.0.1,2025_12_22,315.4891,321.4015,475.7007,300.2409,296.6,149.8581,150.1961,341.4641,334.8467,487.8102,-4.9335,0.6549,0,0,-0.2308,1.5606,-0.2203,1.5545,0.666,155.2842,151.0322,149.4854,154.873,152.6687,0.8294,0.8118,0.834,0.7913,0.7913,0.7939,0.7571,0.7943,0.7417,0.7417,0.8175,0.7958,0.8114,0.7591,0.719,0.7483,0.7554,0.7043,0.7043,0.8094,0.222,0.8196,0.7961,0.222,0.8373,0.7254,0.7165,0.8376,0.8146,0.7746,0.7803,0.7653,0.7165,0,0,0,0,0,v1.0.1,2025_12_22,315.4085,321.5,476.8286,300.1929,296.268,149,149,341.604,334.9149,488.9149,-5.016,0.7424,-0.0001,0,-0.2307,1.5598,-0.2197,1.5543,0.6659,164.127,159.7627,166.1484,165.1084,163.7866,0.6781,0.6953,0.6983,0.7021,0.6781,0.6632,0.6446,0.6547,0.6537,0.6446,0.6549,0.6558,0.6648,0.6318,0.6015,0.6441,0.6301,0.6036,0.6015,0.6583,0.4476,0.6903,0.6894,0.4476,0.6515,0.6308,0.6009,0.6666,0.6715,0.6707,0.6808,0.6233,0.6009,0,0,0,0,0,v1.0.1,2025_12_22,314.2476,313.8286,439.2844,299.0459,300.7265,182.4615,186.3697,328.5378,328.4052,444.4655,-5.6933,-5.8321,-0.0001,-0.0001,-0.2172,1.5677,-0.214,1.5623,0.6747,176.1182,174.873,173.1475,175.5693,174.927,0.8004,0.7061,0.7951,0.6919,0.6919,0.7484,0.6491,0.7729,0.6666,0.6491,0.7669,0.7682,0.7752,0.6926,0.6926,0.7174,0,0.7357,0.6625,0.6625,0,0,0,0,0,v1.0.1,2025_12_22,314.1827,313.7885,440.1532,298.964,300.5917,181.7583,185.3443,328.6148,328.4274,445.3761,-5.7602,-5.7997,-0.0001,-0.0001,-0.2166,1.5677,-0.2141,1.5624,0.6749,149.542,144.667,143.9404,147.4395,146.3972,0.6613,0.603,0.6764,0.6108,0.603,0.6211,0.5672,0.6301,0.5875,0.5672,0.6329,0.6383,0.6518,0.6098,0.6098,0.5561,0.518,0.5846,0.5673,0.518,0,0,0,0,0,0.0027,-0.0465,0.0021,-0.0303,-0.0303,0.003,-0.0766,-0.0075,-0.042,-0.042,0.0162,-0.0181,-0.0076,-0.0098,-0.1064,-0.0729,-0.0471,-0.0501,-0.0088,0.0029,0.0042,-0.0128,0.0011,-0.0045,0.0042,-0.0016,-0.0276,-0.0099,-0.0172,-0.02,0.0109,0.0009,0.0016,-0.0047,-0.0678,-0.0211,-0.0186,-0.0135,-0.0292,0.0174,0.0057,-0.1144,-0.0104,-0.106,-0.1028,-0.0011,-0.1434,0.0116,-0.0855,-0.1004,-0.0211,0.0124,0.0176,-0.0013,-0.0302,0.0019,-0.0006,-0.0704,-0.0022,-0.0805,-0.0589,-0.0023,-0.0853,0.0105,-0.0518,-0.0524,-0.0074,0.0092,0.0098,0.0114,0.0114,-0.0489,-0.0072,TRUE,TRUE
DTC_R_16,LanSi,1,CW_01,B,2026-03-28 09:47:07+08:00,ONLINE,FALSE,,CW_1_01,PASS,,,51.7641001,_2026032809470752501,T20260328094707,DESKTOP-P2DUL42,Loma,1,CW_1_01,1,paul di,2024.0718.155524,V20260126.2,CW_DTCL_DTCR_STC,T20260328094759,51.7641001,TRUE,TRUE,TRUE,TRUE,TRUE,TRUE,TRUE,4S2RND2HBL0DP6,v1.0.1,2025_12_22,315.0507,316.3406,474.7464,296.3551,295.415,146.932,149.5,336.5867,335.3235,484.0368,-5.4929,-3.4498,-0.0001,0,-0.224,1.5549,-0.2212,1.55,0.6649,157.3203,154.917,154.5693,157.2314,156.0095,0.8558,0.832,0.8704,0.8349,0.832,0.7796,0.7529,0.8168,0.7551,0.7529,0.818,0.8148,0.8109,0.8194,0.7615,0.7458,0.7412,0.6963,0.6963,0.8458,0.7969,0.8133,0.2994,0.2994,0.8634,0.799,0.7954,0.8218,0.7968,0.7995,0.7622,0.8525,0.7622,0,0,0,0,0,v1.0.1,2025_12_22,315.0786,316.3571,475.8478,296.2391,295.1224,146.0816,148.3072,336.6601,335.4388,485.036,-5.541,-3.4252,-0.0001,0,-0.224,1.5536,-0.2206,1.5502,0.6648,163.0312,156.9648,165.5557,165.582,162.7834,0.7072,0.6955,0.7197,0.7074,0.6955,0.6691,0.6587,0.6675,0.633,0.633,0.6464,0.6581,0.6555,0.6752,0.6354,0.621,0.6087,0.6106,0.6087,0.6748,0.6606,0.6641,0.4655,0.4655,0.655,0.6623,0.6719,0.6669,0.6641,0.6638,0.6253,0.6863,0.6253,0,0,0,0,0,v1.0.1,2025_12_22,317.5,327.8868,441.7679,312.6696,302.92,195.136,188.7581,342.1774,331.9381,456.1858,-2.9232,7.3111,0,0.0001,-0.2213,1.5609,-0.21,1.5582,0.6719,177.6826,177.3936,177.5811,178.8496,177.8767,0.8095,0.7065,0.8316,0.7117,0.7065,0.729,0.6751,0.7761,0.6266,0.6266,0.775,0.7726,0.7589,0.744,0.744,0.761,0.6746,0.7188,0,0.6746,0,0,0,0,0,v1.0.1,2025_12_22,317.4466,327.9903,442.5478,312.6174,302.7339,194.5323,188,342.4127,332,457,-2.9543,7.4105,0,0.0001,-0.2218,1.5605,-0.2104,1.5579,0.6716,147.2988,141.79,143.375,145.2451,144.4272,0.6745,0.5999,0.6818,0.6176,0.5999,0.617,0.585,0.6486,0.5549,0.5549,0.6281,0.6373,0.6379,0.6086,0.6086,0.5988,0.5646,0.5618,0.5332,0.5332,0,0,0,0,0,-0.0137,-0.0551,-0.0128,-0.042,-0.0375,-0.0461,-0.0491,0.0093,-0.0865,-0.0491,0.0168,-0.0049,-0.0098,0.0027,-0.0447,-0.0691,-0.0571,-0.1365,-0.0055,0.0067,-0.0019,-0.0195,0.009,-0.0113,-0.0136,-0.0139,0.0067,-0.0036,-0.048,-0.019,0.0288,0.0035,-0.0018,0.0006,-0.0038,-0.0567,-0.0263,-0.028,-0.0132,0.0024,0.0048,-0.12,0.0105,-0.1104,-0.0982,-0.04,-0.0834,-0.0035,-0.163,-0.1319,0.0089,0.011,-0.001,0.0008,0.0153,-0.0236,0.0037,-0.0764,0.0074,-0.0685,-0.0709,-0.0315,-0.0583,0.0011,-0.0918,-0.0884,0.0264,-0.0061,0.008,-0.0175,0.0069,-0.0051,-0.0326,TRUE,TRUE
DTC_L_17,LanSi,1,CW_01,C,2026-03-28 09:49:04+08:00,ONLINE,FALSE,,CW_1_01,PASS,,,51.2259601,_2026032809490491002,T20260328094904,DESKTOP-P2DUL42,Loma,1,CW_1_01,2,paul di,2024.0718.155524,V20260126.2,CW_DTCL_DTCR_STC,T20260328094956,51.2259601,TRUE,TRUE,TRUE,TRUE,TRUE,TRUE,TRUE,4S2RND2HBL06DS,v1.0.1,2025_12_22,314.1533,323.8102,474.1314,303.3139,294.8212,152.6689,148.3072,343.6601,333.4328,489.8806,-6.5308,3.1667,-0.0001,0,-0.2269,1.5578,-0.2186,1.5547,0.6667,154.8721,150.9873,149.4883,154.0742,152.3555,0.8284,0.7886,0.8438,0.7868,0.7868,0.7704,0.76,0.8022,0.7306,0.7306,0.8194,0.8222,0.8126,0.7734,0.7663,0.7133,0.7495,0.7046,0.7046,0.8173,0.8544,0.8244,0.828,0.8173,0.8388,0.7825,0.7805,0.8297,0.833,0.8243,0.7745,0.7811,0.7745,0,0,0,0,0,v1.0.1,2025_12_22,314.1087,323.8261,475.1957,303.1667,294.7171,151.7105,147.1879,343.7584,333.7021,490.7589,-6.5177,3.1441,-0.0001,0,-0.227,1.5581,-0.2183,1.5534,0.6665,162.9316,158.2158,165.0342,164.2559,162.6094,0.6834,0.6556,0.6842,0.6871,0.6556,0.6508,0.638,0.6518,0.6244,0.6244,0.6597,0.6493,0.6504,0.6257,0.6261,0.623,0.6146,0.6128,0.6128,0.6774,0.5049,0.6796,0.6748,0.5049,0.6642,0.6495,0.653,0.6907,0.6728,0.6829,0.6653,0.6262,0.6262,0,0,0,0,0,v1.0.1,2025_12_22,312.8942,316.0288,437.7699,301.7699,299.0339,185.1441,184.5667,330.6417,327.0783,446.2783,-7.2314,-3.5274,-0.0001,0,-0.2132,1.5648,-0.2129,1.5618,0.6751,175.8574,174.3584,173.0098,175.1025,174.582,0.7941,0.6765,0.8118,0.6795,0.6765,0.7498,0.6592,0.7595,0.6183,0.6183,0.7794,0.7715,0.7771,0.711,0.711,0.732,0,0.7328,0.7265,0.7265,0,0,0,0,0,v1.0.1,2025_12_22,312.9238,315.9238,438.5948,301.5948,298.8803,184.4188,183.65,330.6333,327.0431,447.1293,-7.2816,-3.56,-0.0001,0,-0.213,1.5639,-0.2128,1.5631,0.6753,148.3682,143.2842,143.1123,146.2129,145.2444,0.6534,0.5797,0.6738,0.6048,0.5797,0.6347,0.5643,0.626,0.5552,0.5552,0.6395,0.6371,0.6436,0.6258,0.6258,0.5856,0.5615,0.586,0.5858,0.5615,0,0,0,0,0,0.0017,-0.0697,0.0119,-0.0348,-0.0348,-0.0205,-0.0737,0.0004,-0.0531,-0.0531,0.0181,0.0083,-0.0064,0.0045,-0.0591,-0.1079,-0.053,-0.0498,-0.0009,0.0077,0.0095,-0.0525,-0.013,-0.0195,-0.0183,-0.014,-0.0342,-0.0128,-0.0465,-0.0402,0.0157,-0.0056,-0.0128,-0.0108,-0.0432,-0.0422,-0.0341,-0.0043,-0.0101,0.0067,-0.0006,-0.144,0.0063,-0.1184,-0.1182,0.0003,-0.1333,-0.0018,-0.1338,-0.1312,-0.0086,0.0157,0.0195,0.0171,-0.0156,-0.001,-0.0085,-0.0937,-0.0048,-0.0865,-0.0822,0.0113,-0.0882,0.0064,-0.0841,-0.0644,-0.0008,0.008,0.0016,0.0274,0.0274,-0.0194,-0.0058,TRUE,TRUE
DTC_R_17,LanSi,1,CW_01,C,2026-03-28 09:49:04+08:00,ONLINE,FALSE,,CW_1_01,PASS,,,51.479283,_2026032809490490601,T20260328094904,DESKTOP-P2DUL42,Loma,1,CW_1_01,1,paul di,2024.0718.155524,V20260126.2,CW_DTCL_DTCR_STC,T20260328094956,51.479283,TRUE,TRUE,TRUE,TRUE,TRUE,TRUE,TRUE,4S2RND2HBL0DP6,v1.0.1,2025_12_22,315.1087,316.8261,474.8015,296.8235,295.5,147.4122,149.6093,336.755,335.3706,484.3846,-5.422,-3.0597,-0.0001,0,-0.2241,1.555,-0.2193,1.5499,0.6654,157.6504,155.3721,154.9473,157.2129,156.2957,0.8713,0.837,0.8774,0.8331,0.8331,0.8259,0.7487,0.8276,0.7793,0.7487,0.8291,0.7952,0.8171,0.8046,0.7678,0.7432,0.7512,0.7133,0.7133,0.8494,0.8294,0.8144,0.1801,0.1801,0.8377,0.801,0.7921,0.8144,0.8096,0.8259,0.7768,0.8458,0.7768,0,0,0,0,0,v1.0.1,2025_12_22,315.0429,316.8929,475.8417,296.7122,295.26,146.3333,148.3289,336.9732,335.5172,485.4552,-5.5019,-3.0267,-0.0001,0,-0.2243,1.5548,-0.2194,1.5494,0.6651,162.9219,156.5654,165.1943,165.4375,162.5298,0.7111,0.7067,0.7202,0.6969,0.6969,0.68,0.6342,0.6718,0.6507,0.6342,0.6578,0.645,0.6499,0.6531,0.6483,0.6309,0.6023,0.6159,0.6023,0.6786,0.6682,0.6543,0.4276,0.4276,0.6521,0.6706,0.6521,0.6753,0.6813,0.6702,0.647,0.6734,0.647,0,0,0,0,0,v1.0.1,2025_12_22,317.4679,328.2661,441.7368,313.2105,302.9516,195.5806,188.8306,342.4355,331.9273,456.5,-2.9171,7.6985,0,0.0001,-0.22,1.5613,-0.2092,1.558,0.6725,178.0859,178.1963,178.1514,178.7695,178.3008,0.7994,0.7299,0.8219,0.7124,0.7124,0.7603,0.6672,0.7854,0.6571,0.6571,0.772,0.753,0.7739,0.7455,0.7455,0.7536,0.6841,0.7219,0,0.6841,0,0,0,0,0,v1.0.1,2025_12_22,317.3148,328.3241,442.5179,313.1696,302.696,194.816,187.9758,342.5565,332.027,457.3694,-2.9937,7.7471,0,0.0001,-0.2199,1.5612,-0.2091,1.5568,0.6722,147.2549,141.2812,143.1104,145.3447,144.2478,0.6549,0.6226,0.6744,0.6198,0.6198,0.6339,0.5726,0.6555,0.5645,0.5645,0.6359,0.6393,0.6263,0.6194,0.6194,0.5857,0.5591,0.5934,0.4848,0.4848,0,0,0,0,0,0.0018,-0.0501,-0.0058,-0.0438,-0.0364,0.0002,-0.0533,0.0201,-0.0623,-0.0533,0.0279,-0.0245,-0.0036,-0.0121,-0.0384,-0.0717,-0.0471,-0.1195,-0.0019,0.0078,0.002,-0.0083,0.0095,-0.0218,-0.0122,-0.003,-0.0178,0.0007,-0.0303,-0.0178,0.0402,-0.0096,-0.0074,-0.0215,0.0091,-0.0468,-0.0327,-0.0227,-0.0094,-0.0074,-0.0053,-0.0966,0.0008,-0.1097,-0.0923,-0.0087,-0.0913,0.0058,-0.1325,-0.1014,0.0059,-0.0086,0.014,0.0023,0.0079,-0.0205,-0.0159,-0.0537,0,-0.0663,-0.051,-0.0146,-0.0707,0.008,-0.0822,-0.0788,0.0342,-0.0041,-0.0036,-0.0067,0.0177,-0.0182,-0.001,TRUE,TRUE
DTC_L_18,LanSi,1,CW_01,A,2026-03-28 09:51:31+08:00,ONLINE,FALSE,,CW_1_01,PASS,,,51.1904403,_2026032809513146602,T20260328095131,DESKTOP-P2DUL42,Loma,1,CW_1_01,2,paul di,2024.0718.155524,V20260126.2,CW_DTCL_DTCR_STC,T20260328095222,51.1904403,TRUE,TRUE,TRUE,TRUE,TRUE,TRUE,TRUE,4S2RND2HBL06DS,v1.0.1,2025_12_22,315.3704,321.0444,475.6493,300,296.3775,149.6887,150.0414,340.931,334.7279,487.0441,-5.0667,0.2417,-0.0001,0,-0.23,1.5599,-0.2192,1.5542,0.6662,154.8105,150.9551,149.2637,154.4463,152.3689,0.8187,0.8125,0.8431,0.7736,0.7736,0.7802,0.7556,0.7951,0.7314,0.7314,0.8091,0.8135,0.8188,0.7576,0.7278,0.7301,0.7398,0.7033,0.7033,0.8217,0.1814,0.8163,0.7786,0.1814,0.8423,0.7565,0.7186,0.834,0.8036,0.7648,0.7751,0.7685,0.7186,0,0,0,0,0,v1.0.1,2025_12_22,315.2647,321.1103,476.7153,299.9343,296.1477,148.8322,149.0068,341.0952,334.9571,488.1071,-5.0817,0.3158,-0.0001,0,-0.2299,1.5598,-0.2191,1.5529,0.6659,163.7383,159.7773,165.9238,165.3506,163.6975,0.6748,0.6815,0.6991,0.6795,0.6748,0.6565,0.6387,0.6627,0.6482,0.6387,0.6535,0.6668,0.6616,0.6397,0.6216,0.6435,0.6306,0.6237,0.6216,0.671,0.5064,0.6647,0.6689,0.5064,0.6667,0.6437,0.5969,0.6861,0.6815,0.6602,0.6851,0.6255,0.5969,0,0,0,0,0,v1.0.1,2025_12_22,314.0187,313.5514,439.0796,298.7876,300.4132,182.2727,186.0574,328.2131,328.0769,443.8291,-5.9708,-6.1692,-0.0001,-0.0001,-0.217,1.567,-0.2136,1.5628,0.6748,175.9316,174.9893,173.1387,175.623,174.9207,0.7982,0.6967,0.8035,0.6659,0.6659,0.7445,0.6429,0.7599,0.6498,0.6429,0.7688,0.7676,0.7782,0.7042,0.7042,0.7321,0,0.7195,0.6672,0.6672,0,0,0,0,0,v1.0.1,2025_12_22,313.9813,313.4486,439.9,298.7182,300.4083,181.6083,185.2231,328.3388,328.2222,444.6325,-5.953,-6.1507,-0.0001,-0.0001,-0.2159,1.5677,-0.2146,1.5621,0.6748,149.3408,144.9551,143.8926,147.2998,146.3721,0.6695,0.5981,0.6707,0.5924,0.5924,0.6307,0.553,0.6182,0.5754,0.553,0.6246,0.6298,0.6441,0.6007,0.6007,0.5909,0.5224,0.5649,0.5589,0.5224,0,0,0,0,0,-0.008,-0.0458,0.0112,-0.048,-0.048,-0.0107,-0.0781,-0.0067,-0.0523,-0.0523,0.0078,-0.0004,-0.0002,-0.0113,-0.0976,-0.0911,-0.0627,-0.0511,0.0035,-0.0004,0.0009,-0.0266,0.0019,-0.0271,0.0009,-0.0083,-0.0335,-0.0019,-0.0227,-0.0259,0.0095,0.0119,-0.0016,0.0032,-0.0477,-0.0217,-0.0181,0.0066,-0.0165,-0.0082,0.0035,-0.1238,-0.002,-0.132,-0.1288,-0.005,-0.1496,-0.0014,-0.1023,-0.1066,-0.0192,0.0118,0.0206,0.0103,-0.0155,-0.0143,0.0076,-0.0753,-0.0079,-0.0989,-0.0695,0.0073,-0.0995,-0.0014,-0.0639,-0.0666,-0.0157,0.0007,0.0021,0.0023,0.0023,-0.0141,-0.0269,TRUE,TRUE
DTC_R_18,LanSi,1,CW_01,A,2026-03-28 09:51:31+08:00,ONLINE,FALSE,,CW_1_01,PASS,,,51.5983492,_2026032809513128901,T20260328095131,DESKTOP-P2DUL42,Loma,1,CW_1_01,1,paul di,2024.0718.155524,V20260126.2,CW_DTCL_DTCR_STC,T20260328095222,51.5983492,TRUE,TRUE,TRUE,TRUE,TRUE,TRUE,TRUE,4S2RND2HBL0DP6,v1.0.1,2025_12_22,315.1241,317.5328,474.8897,297.8309,295.5753,147.863,149.5894,338.0132,335.3472,485.5556,-5.3948,-2.1409,-0.0001,0,-0.2222,1.5556,-0.2226,1.5505,0.6653,158.1182,155.6709,155.5,158.0547,156.8359,0.8711,0.8275,0.8758,0.8216,0.8216,0.8213,0.7795,0.8233,0.7796,0.7795,0.8001,0.7972,0.8164,0.8215,0.7667,0.7842,0.7413,0.7573,0.7413,0.8361,0.803,0.8009,0.8339,0.8009,0.8458,0.783,0.7891,0.8149,0.8085,0.8116,0.7946,0.8448,0.783,0,0,0,0,0,v1.0.1,2025_12_22,315.0797,317.5507,475.8849,297.6835,295.2534,146.8493,148.4238,338.1656,335.5455,486.4965,-5.4625,-2.1509,-0.0001,0,-0.2224,1.5547,-0.2226,1.5497,0.6649,163.7461,157.748,166.541,166.2998,163.5837,0.7029,0.699,0.7107,0.6991,0.699,0.682,0.6633,0.6678,0.6542,0.6542,0.6567,0.6475,0.6593,0.6633,0.644,0.6609,0.6019,0.6388,0.6019,0.6874,0.6719,0.6643,0.3442,0.3442,0.6523,0.671,0.6694,0.6711,0.6832,0.6712,0.6654,0.6772,0.6523,0,0,0,0,0,v1.0.1,2025_12_22,317.3942,329.0096,441.8288,313.8288,302.8852,196.1639,188.976,343.456,331.9286,457.6607,-2.8974,8.5238,0,0.0001,-0.2209,1.5615,-0.2115,1.5578,0.6717,178.7266,178.3477,178.3633,179.5303,178.7419,0.8085,0.7142,0.8107,0.7101,0.7101,0.7677,0.6783,0.7701,0.6498,0.6498,0.7774,0.7609,0.752,0.7344,0.7344,0.7507,0.6951,0.7253,0,0.6951,0,0,0,0,0,v1.0.1,2025_12_22,317.3398,329.0194,442.6727,313.8091,302.76,195.488,188,343.5873,331.9273,458.5,-2.96,8.5808,0,0.0001,-0.2203,1.5615,-0.2116,1.5581,0.6719,148.1133,142.6904,144.3916,145.7734,145.2422,0.663,0.6043,0.681,0.6203,0.6043,0.6423,0.5855,0.6505,0.5753,0.5753,0.6362,0.6318,0.6308,0.615,0.615,0.6001,0.5488,0.5754,0.4647,0.4647,0,0,0,0,0,0.0016,-0.0596,-0.0074,-0.0553,-0.0479,-0.0044,-0.0225,0.0158,-0.062,-0.0225,-0.0011,-0.0225,-0.0043,0.0048,-0.0395,-0.0307,-0.057,-0.0755,-0.0152,-0.0057,-0.0062,-0.016,0,-0.0196,-0.0101,-0.001,0.0113,-0.0033,-0.0268,0.0022,0.0391,-0.0071,0.002,-0.0113,0.0048,-0.0168,-0.0331,0.0002,-0.0006,0.0026,0.0038,-0.1123,-0.0104,-0.112,-0.0946,-0.0013,-0.0802,-0.0095,-0.1398,-0.1087,0.0113,-0.0007,-0.0079,-0.0088,0.005,-0.0171,-0.0078,-0.072,0.0066,-0.0658,-0.0665,-0.0062,-0.0578,0.003,-0.0714,-0.068,0.0345,-0.0116,0.0009,-0.0111,0.0133,-0.0038,-0.019,TRUE,TRUE
DTC_L_19,LanSi,1,CW_01,B,2026-03-28 09:53:11+08:00,ONLINE,FALSE,,CW_1_01,PASS,,,51.6266516,_2026032809531140302,T20260328095311,DESKTOP-P2DUL42,Loma,1,CW_1_01,2,paul di,2024.0718.155524,V20260126.2,CW_DTCL_DTCR_STC,T20260328095403,51.6266516,TRUE,TRUE,TRUE,TRUE,TRUE,TRUE,TRUE,4S2RND2HBL06DS,v1.0.1,2025_12_22,314.3235,322.9632,474.2101,302.6812,294.9732,152.1611,148.543,342.6026,333.6957,488.8333,-6.3509,2.3483,-0.0001,0,-0.2257,1.5575,-0.2174,1.554,0.6671,155.9307,151.7871,149.7998,155.4043,153.2305,0.8199,0.7835,0.8323,0.7925,0.7835,0.7713,0.7719,0.7986,0.7587,0.7587,0.8115,0.8064,0.8248,0.7723,0.7518,0.7271,0.7762,0.6945,0.6945,0.8167,0.98,0.7989,0.8297,0.7989,0.8428,0.7653,0.7554,0.8464,0.8532,0.8256,0.7947,0.7622,0.7554,0,0,0,0,0,v1.0.1,2025_12_22,314.3235,322.9632,475.3121,302.4397,294.906,151.3289,147.5294,342.7974,333.8058,489.7842,-6.3246,2.3627,-0.0001,0,-0.2263,1.5576,-0.2178,1.554,0.6669,163.7324,158.8242,165.2734,164.5166,163.0867,0.6799,0.6869,0.6954,0.6917,0.6799,0.6519,0.6432,0.6484,0.6392,0.6392,0.6478,0.643,0.654,0.6336,0.622,0.6208,0.6396,0.6061,0.6061,0.6666,0.4277,0.6671,0.7024,0.4277,0.6584,0.65,0.6272,0.6819,0.669,0.6945,0.6795,0.6202,0.6202,0,0,0,0,0,v1.0.1,2025_12_22,313.0849,315.3302,437.9375,301.1071,299.2185,184.6555,184.9113,329.629,327.2797,445.1949,-7.0136,-4.3167,-0.0001,0,-0.2129,1.5646,-0.2106,1.5614,0.6756,175.6621,174.6113,172.5781,175.1064,174.4895,0.7944,0.689,0.8043,0.6758,0.6758,0.7452,0.6729,0.7547,0.6622,0.6622,0.7887,0.7645,0.7696,0.6969,0.6969,0.7373,0,0.7217,0.7394,0.7217,0,0,0,0,0,v1.0.1,2025_12_22,313.1143,315.1714,438.7182,300.9,299.094,183.8718,184.0833,329.7917,327.3802,446.0413,-7.022,-4.3448,-0.0001,0,-0.2126,1.5639,-0.2123,1.5617,0.6752,149.293,144.2842,143.6475,147.1328,146.0894,0.6513,0.5817,0.6674,0.6027,0.5817,0.6365,0.5675,0.6144,0.5833,0.5675,0.6373,0.6187,0.6444,0.5977,0.5977,0.5896,0.5113,0.5918,0.5758,0.5113,0,0,0,0,0,-0.0068,-0.0748,0.0004,-0.0291,-0.0381,-0.0196,-0.0618,-0.0032,-0.025,-0.025,0.0102,-0.0075,0.0058,0.0034,-0.0736,-0.0941,-0.0263,-0.0599,-0.0015,-0.0178,0.006,-0.0212,-0.0018,-0.0149,0.006,-0.0129,-0.029,-0.0162,-0.0317,-0.0254,0.0038,-0.0119,-0.0092,-0.0029,-0.0473,-0.0444,-0.0091,-0.011,-0.0209,-0.0058,-0.0003,-0.1315,-0.0012,-0.1221,-0.1189,-0.0043,-0.1196,-0.0066,-0.0899,-0.0873,0.0007,0.0087,0.012,0.003,-0.0103,-0.0121,-0.0106,-0.0917,-0.0112,-0.0886,-0.0802,0.0131,-0.085,-0.0052,-0.056,-0.0521,-0.003,-0.0104,0.0024,-0.0007,-0.0007,-0.0154,0,TRUE,TRUE
DTC_R_19,LanSi,1,CW_01,B,2026-03-28 09:53:11+08:00,ONLINE,FALSE,,CW_1_01,PASS,,,51.5289125,_2026032809531151701,T20260328095311,DESKTOP-P2DUL42,Loma,1,CW_1_01,1,paul di,2024.0718.155524,V20260126.2,CW_DTCL_DTCR_STC,T20260328095403,51.5289125,TRUE,TRUE,TRUE,TRUE,TRUE,TRUE,TRUE,4S2RND2HBL0DP6,v1.0.1,2025_12_22,315.0882,316.5,474.7007,296.635,295.5,147.5878,149.6078,336.6667,335.2643,484.2071,-5.4678,-3.1807,-0.0001,0,-0.2233,1.5548,-0.2208,1.5506,0.6653,155.918,153.2686,152.9277,155.6172,154.4329,0.8699,0.8121,0.8683,0.8354,0.8121,0.8138,0.7439,0.8213,0.7804,0.7439,0.8102,0.8245,0.8201,0.7873,0.7797,0.7378,0.7418,0.7068,0.7068,0.8496,0.8063,0.7973,0.98,0.7973,0.8454,0.7782,0.7716,0.8065,0.8058,0.8233,0.7396,0.8479,0.7396,0,0,0,0,0,v1.0.1,2025_12_22,315.0935,316.5971,475.8,296.4143,295.2877,146.5,148.4145,336.8289,335.3813,485.223,-5.5046,-3.1873,-0.0001,0,-0.2244,1.5544,-0.2203,1.5505,0.6651,162.7734,156.5752,165.002,165.0811,162.3579,0.6949,0.6898,0.7082,0.7029,0.6898,0.6722,0.6551,0.6734,0.6493,0.6493,0.6482,0.6579,0.661,0.6494,0.6393,0.6272,0.6036,0.6012,0.6012,0.6801,0.6642,0.6742,0.3514,0.3514,0.6525,0.6482,0.6448,0.6699,0.6493,0.6244,0.6316,0.6608,0.6244,0,0,0,0,0,v1.0.1,2025_12_22,317.2885,328,441.7321,312.7321,302.832,195.624,188.8306,342.3145,331.7387,456.3423,-3.0156,7.5026,0,0.0001,-0.2216,1.5615,-0.2105,1.5582,0.6719,177.3115,176.8164,176.6484,178.0713,177.2119,0.8106,0.7121,0.8063,0.7152,0.7121,0.76,0.6604,0.7682,0.6568,0.6568,0.7649,0.7605,0.773,0.7165,0.7165,0.7478,0.6622,0.7406,0,0.6622,0,0,0,0,0,v1.0.1,2025_12_22,317.2952,328.1143,442.4956,312.708,302.7143,194.8651,187.976,342.456,331.8818,457.1545,-3.0274,7.5596,0,0.0001,-0.2219,1.5613,-0.2099,1.5577,0.6718,146.8799,141.2578,142.9453,144.8223,143.9763,0.6655,0.6025,0.6721,0.6166,0.6025,0.6347,0.5838,0.6432,0.5754,0.5754,0.6416,0.6379,0.6395,0.6042,0.6042,0.6024,0.5606,0.5764,0.4666,0.4666,0,0,0,0,0,0.0004,-0.075,-0.0149,-0.0415,-0.0574,-0.0119,-0.0581,0.0138,-0.0612,-0.0581,0.009,0.0048,-0.0006,-0.0294,-0.0265,-0.0771,-0.0565,-0.126,-0.0017,-0.0093,-0.0142,-0.0252,-0.0025,-0.0158,-0.0193,-0.0108,0.0031,0.0023,-0.0317,-0.0027,0.0306,0.0033,0.0037,-0.0252,0.0001,-0.0505,-0.0314,-0.0374,-0.0079,0.0125,0.0059,-0.1144,-0.0148,-0.1069,-0.0926,-0.009,-0.0981,-0.0114,-0.1328,-0.1017,-0.0012,-0.0011,0.0131,-0.0267,0.0021,-0.0018,-0.0053,-0.0738,-0.0023,-0.0695,-0.0683,-0.0138,-0.0595,-0.0043,-0.0713,-0.0679,0.0399,-0.0055,0.0096,-0.0219,0.0025,-0.0015,-0.018,TRUE,TRUE
DTC_R_20,LanSi,1,CW_01,C,2026-03-28 09:55:02+08:00,ONLINE,FALSE,,CW_1_01,PASS,,,51.6136942,_2026032809550277101,T20260328095502,DESKTOP-P2DUL42,Loma,1,CW_1_01,1,paul di,2024.0718.155524,V20260126.2,CW_DTCL_DTCR_STC,T20260328095554,51.6136942,TRUE,TRUE,TRUE,TRUE,TRUE,TRUE,TRUE,4S2RND2HBL0DP6,v1.0.1,2025_12_22,315.0438,317.4818,474.8309,297.7647,295.4315,148.0616,149.6093,337.755,335.2199,485.2199,-5.4729,-2.2434,-0.0001,0,-0.2223,1.555,-0.2214,1.5506,0.6655,155.5459,153.418,152.7988,155.4121,154.2937,0.8659,0.8273,0.8755,0.8413,0.8273,0.8167,0.7666,0.8303,0.746,0.746,0.8174,0.8183,0.8228,0.8108,0.7595,0.7656,0.7328,0.7652,0.7328,0.8275,0.8238,0.801,0.98,0.801,0.8412,0.7999,0.7853,0.8274,0.8086,0.8436,0.8137,0.8435,0.7853,0,0,0,0,0,v1.0.1,2025_12_22,314.9783,317.4058,475.8129,297.5396,295.1181,147.0347,148.3514,337.9324,335.2979,486.2411,-5.5883,-2.2693,-0.0001,0,-0.2224,1.5542,-0.2221,1.5505,0.6651,164.6094,158.8799,167.3389,167.167,164.4988,0.7088,0.6896,0.7042,0.7043,0.6896,0.6776,0.6531,0.6714,0.6399,0.6399,0.6571,0.6544,0.647,0.6676,0.6445,0.6479,0.6117,0.6337,0.6117,0.6804,0.6657,0.6817,0.2884,0.2884,0.6431,0.6667,0.6513,0.6674,0.657,0.6827,0.6681,0.6811,0.6431,0,0,0,0,0,v1.0.1,2025_12_22,317.3019,328.8302,441.7838,313.7207,302.7823,196.0645,188.8468,343.2177,331.8108,457.2613,-2.9949,8.3189,0,0.0001,-0.2203,1.5614,-0.211,1.5578,0.672,177.0127,176.9883,176.6992,177.8857,177.1465,0.8062,0.702,0.8098,0.7433,0.702,0.7773,0.6735,0.7667,0.6164,0.6164,0.7915,0.7675,0.7634,0.734,0.734,0.7415,0.685,0.7253,0,0.685,0,0,0,0,0,v1.0.1,2025_12_22,317.2885,329,442.5536,313.6786,302.7165,195.3465,188,343.4127,331.9115,458,-3.006,8.3875,0,0.0001,-0.2212,1.5617,-0.2105,1.5574,0.6718,148.9932,143.6895,144.8857,146.7812,146.0874,0.665,0.6004,0.6719,0.6315,0.6004,0.6472,0.586,0.6476,0.5366,0.5366,0.6409,0.6391,0.6287,0.6293,0.6287,0.594,0.5611,0.5766,0.4466,0.4466,0,0,0,0,0,-0.0036,-0.0598,-0.0077,-0.0356,-0.0422,-0.009,-0.0354,0.0228,-0.0956,-0.056,0.0162,-0.0014,0.0021,-0.0059,-0.0467,-0.0493,-0.0655,-0.0676,-0.0238,-0.0056,-0.0003,-0.0254,-0.0065,-0.0144,-0.0195,-0.0054,0.0011,0.0003,-0.0411,-0.0121,0.0395,-0.0002,-0.0103,-0.007,0.0053,-0.0298,-0.0233,-0.0049,-0.0076,0.02,0.0015,-0.1245,-0.0113,-0.0788,-0.1027,0.0083,-0.085,-0.0129,-0.1732,-0.1421,0.0254,0.0059,0.0035,-0.0092,-0.0042,-0.0171,-0.0058,-0.0759,-0.0025,-0.0546,-0.0704,-0.0013,-0.0573,0.0001,-0.1101,-0.1067,0.0392,-0.0043,-0.0012,0.0032,0.027,-0.0099,-0.0178,TRUE,TRUE
DTC_L_20,LanSi,1,CW_01,C,2026-03-28 09:55:02+08:00,ONLINE,FALSE,,CW_1_01,PASS,,,51.6735341,_2026032809550294902,T20260328095502,DESKTOP-P2DUL42,Loma,1,CW_1_01,2,paul di,2024.0718.155524,V20260126.2,CW_DTCL_DTCR_STC,T20260328095554,51.6735341,TRUE,TRUE,TRUE,TRUE,TRUE,TRUE,TRUE,4S2RND2HBL06DS,v1.0.1,2025_12_22,314.145,323.3893,474.1533,303.1898,294.9073,152.4636,148.4774,343.129,333.5857,489.5214,-6.4463,2.8386,-0.0001,0,-0.2251,1.5582,-0.2181,1.5538,0.6672,156.0225,152.1475,150.0938,155.501,153.4412,0.8086,0.7967,0.8265,0.8024,0.7967,0.7846,0.7704,0.8002,0.7587,0.7587,0.8215,0.8161,0.8302,0.7678,0.7625,0.7367,0.7778,0.682,0.682,0.8243,0.98,0.8263,0.8423,0.8243,0.8437,0.8365,0.8019,0.8414,0.8228,0.8213,0.7948,0.7817,0.7817,0,0,0,0,0,v1.0.1,2025_12_22,314.1679,323.4526,475.2847,303.0657,294.8278,151.5033,147.4118,343.2549,333.7589,490.6099,-6.4098,2.8773,-0.0001,0,-0.2253,1.5583,-0.2177,1.5536,0.6672,164.7881,159.9561,166.127,166.0264,164.2244,0.6566,0.6781,0.6818,0.6888,0.6566,0.6519,0.6363,0.6484,0.6424,0.6363,0.6414,0.6514,0.6631,0.6372,0.645,0.6284,0.6257,0.6105,0.6105,0.6807,0.334,0.6797,0.6781,0.334,0.6662,0.6565,0.6548,0.6793,0.6723,0.681,0.6566,0.6367,0.6367,0,0,0,0,0,v1.0.1,2025_12_22,313.0865,315.7788,437.9815,301.5926,299.2397,184.8843,184.6891,329.7647,327.1724,446,-7.0662,-3.8959,-0.0001,0,-0.2126,1.5649,-0.208,1.5625,0.6767,175.9297,175.2178,172.7412,175.7256,174.9036,0.778,0.6999,0.8002,0.6886,0.6886,0.7413,0.6704,0.7608,0.6611,0.6611,0.7824,0.7687,0.7695,0.696,0.696,0.7412,0,0.742,0.7355,0.7355,0,0,0,0,0,v1.0.1,2025_12_22,313,315.6038,438.7368,301.5,299.0169,183.9492,183.8699,330.0813,327.3083,446.825,-7.1136,-3.9082,-0.0001,0,-0.2112,1.5645,-0.2111,1.5617,0.676,150.4297,145.2285,144.543,148.3184,147.1299,0.6431,0.5907,0.6798,0.6005,0.5907,0.6289,0.5743,0.6294,0.585,0.5743,0.6289,0.6385,0.636,0.6277,0.6277,0.5893,0.4826,0.5949,0.5761,0.4826,0,0,0,0,0,-0.0181,-0.0616,-0.0054,-0.0192,-0.0249,-0.0063,-0.0633,-0.0016,-0.025,-0.025,0.0202,0.0022,0.0112,-0.0011,-0.0629,-0.0845,-0.0247,-0.0724,0.0061,0.0096,-0.0173,-0.03,-0.0154,-0.0178,-0.0173,-0.0129,-0.0359,-0.0162,-0.0285,-0.0283,-0.0026,-0.0035,-0.0001,0.0007,-0.0243,-0.0368,-0.023,-0.0066,-0.0068,0.0068,-0.0167,-0.1206,-0.0053,-0.1093,-0.1061,-0.0082,-0.1221,-0.0005,-0.091,-0.0884,-0.0056,0.0129,0.0119,0.0021,-0.0064,0.0082,-0.0188,-0.0827,0.0012,-0.0908,-0.0712,0.0055,-0.0782,0.0098,-0.0543,-0.0453,-0.0114,0.0094,-0.006,0.0293,0.0293,-0.0157,0.0031,TRUE,TRUE
DTC_R_21,LanSi,1,CW_01,A,2026-03-28 09:56:59+08:00,ONLINE,FALSE,,CW_1_01,PASS,,,51.781509,_2026032809565929201,T20260328095659,DESKTOP-P2DUL42,Loma,1,CW_1_01,1,paul di,2024.0718.155524,V20260126.2,CW_DTCL_DTCR_STC,T20260328095751,51.781509,TRUE,TRUE,TRUE,TRUE,TRUE,TRUE,TRUE,4S2RND2HBL0DP6,v1.0.1,2025_12_22,315.0657,316.8467,474.6741,296.8667,295.473,147.4459,149.3775,337.3576,335.5441,484.875,-5.4731,-2.8216,-0.0001,0,-0.224,1.5551,-0.2226,1.549,0.6644,157.3086,154.8096,154.5312,156.835,155.8711,0.8757,0.8452,0.8635,0.8287,0.8287,0.82,0.7613,0.8243,0.7611,0.7611,0.8175,0.8208,0.8239,0.8072,0.7642,0.7533,0.7491,0.6885,0.6885,0.8369,0.8062,0.8047,0.98,0.8047,0.8418,0.8017,0.7862,0.8167,0.818,0.8571,0.7194,0.8487,0.7194,0,0,0,0,0,v1.0.1,2025_12_22,315.0426,316.844,475.8417,296.7122,295.2148,146.3289,148.3072,337.3399,335.7021,485.7589,-5.4783,-2.9032,-0.0001,0,-0.224,1.5545,-0.2218,1.5486,0.6643,165.0078,158.8047,167.5322,167.3408,164.6714,0.7061,0.7034,0.707,0.7032,0.7032,0.6826,0.6458,0.6714,0.6496,0.6458,0.6536,0.6529,0.6533,0.6547,0.6491,0.6296,0.596,0.586,0.586,0.6912,0.6591,0.6773,0.2925,0.2925,0.6592,0.6352,0.6718,0.6672,0.667,0.6321,0.6325,0.6742,0.6321,0,0,0,0,0,v1.0.1,2025_12_22,317.4107,328.3571,441.6283,313.2124,302.92,195.688,188.7025,342.6364,332,457,-2.9677,7.8788,0,0.0001,-0.2208,1.5615,-0.21,1.5574,0.672,177.7607,177.3115,177.2197,178.5098,177.7004,0.8092,0.659,0.8118,0.7179,0.659,0.7583,0.671,0.7889,0.651,0.651,0.7666,0.7742,0.7604,0.7366,0.7366,0.7593,0.6878,0.7303,0,0.6878,0,0,0,0,0,v1.0.1,2025_12_22,317.3364,328.4182,442.4775,313.2072,302.76,194.88,187.7769,342.7686,332,457.6786,-3.0299,7.8905,0,0.0001,-0.2204,1.5616,-0.2098,1.5573,0.6722,149.2959,143.5791,145.1748,147.0068,146.2642,0.6727,0.5667,0.6773,0.6075,0.5667,0.6455,0.5757,0.6544,0.567,0.567,0.6348,0.6433,0.6459,0.6239,0.6239,0.616,0.572,0.5857,0.4291,0.4291,0,0,0,0,0,0.0062,-0.0419,-0.0197,-0.0482,-0.0408,-0.0057,-0.0407,0.0168,-0.0805,-0.0409,0.0163,0.0011,0.0032,-0.0095,-0.042,-0.0616,-0.0492,-0.1443,-0.0144,-0.0019,-0.003,-0.0116,-0.0037,-0.0155,-0.0059,-0.0004,-0.0062,0.0003,-0.0314,-0.0062,0.036,-0.0017,-0.004,-0.0199,0.0099,-0.0481,-0.039,-0.0526,0.0032,0.0156,0.0045,-0.1675,-0.0093,-0.1042,-0.1457,-0.0107,-0.0875,0.0093,-0.1386,-0.1075,0.0005,0.0126,0.0005,-0.0066,0.0136,-0.0121,0.0019,-0.1096,0.0029,-0.0786,-0.1041,-0.003,-0.0676,0.0069,-0.0797,-0.0763,0.0331,-0.0001,0.016,-0.0022,0.0222,0.0121,-0.0087,TRUE,TRUE
DTC_L_21,LanSi,1,CW_01,A,2026-03-28 09:56:59+08:00,ONLINE,FALSE,,CW_1_01,PASS,,,51.6907513,_2026032809565940502,T20260328095659,DESKTOP-P2DUL42,Loma,1,CW_1_01,2,paul di,2024.0718.155524,V20260126.2,CW_DTCL_DTCR_STC,T20260328095751,51.6907513,TRUE,TRUE,TRUE,TRUE,TRUE,TRUE,TRUE,4S2RND2HBL06DS,v1.0.1,2025_12_22,314.2148,322.7778,474.2117,302.2117,294.8487,151.8816,148.5,342.4133,333.5338,488.9624,-6.4382,2.1494,-0.0001,0,-0.2273,1.5574,-0.2174,1.5545,0.6668,154.9844,150.9531,149.2812,154.2422,152.3652,0.8239,0.7861,0.8508,0.7947,0.7861,0.7706,0.7592,0.7968,0.7487,0.7487,0.815,0.8155,0.8149,0.7643,0.7484,0.7171,0.7714,0.6971,0.6971,0.8168,0.7263,0.82,0.8421,0.7263,0.8433,0.7954,0.7627,0.828,0.8404,0.8224,0.8042,0.7762,0.7627,0,0,0,0,0,v1.0.1,2025_12_22,314.1957,322.8333,475.3066,302.1168,294.7712,150.8431,147.3709,342.596,333.7153,489.9343,-6.4281,2.1647,-0.0001,0,-0.2274,1.5578,-0.2174,1.554,0.6668,164.1758,159.4736,165.7803,165.1133,163.6357,0.6816,0.6778,0.6875,0.688,0.6778,0.6569,0.631,0.6485,0.6645,0.631,0.6585,0.6464,0.6563,0.6392,0.6241,0.6272,0.6384,0.5985,0.5985,0.6682,0.5388,0.6756,0.69,0.5388,0.6573,0.6617,0.6356,0.6782,0.6922,0.6871,0.6737,0.6458,0.6356,0,0,0,0,0,v1.0.1,2025_12_22,313.0286,315.1048,437.8739,300.7658,299.1917,184.2583,184.6417,329.5667,327.0783,445.2783,-7.1372,-4.5052,-0.0001,0,-0.2138,1.5649,-0.2117,1.5628,0.6755,175.7373,174.8672,172.7285,175.0742,174.6018,0.7967,0.6856,0.808,0.6741,0.6741,0.7418,0.6485,0.7697,0.6753,0.6485,0.7711,0.7698,0.7647,0.6797,0.6797,0.74,0,0.7291,0.7288,0.7288,0,0,0,0,0,v1.0.1,2025_12_22,313,315,438.7838,300.7207,299.0435,183.5304,183.8145,329.6371,327.094,446.1282,-7.1528,-4.4967,-0.0001,0,-0.2125,1.5645,-0.2123,1.5632,0.6757,149.5977,144.3691,143.7461,147.1943,146.2268,0.662,0.5891,0.6826,0.602,0.5891,0.6395,0.5674,0.6165,0.595,0.5674,0.6308,0.6386,0.6464,0.6165,0.6165,0.5794,0.552,0.59,0.568,0.552,0,0,0,0,0,-0.0028,-0.0722,0.0189,-0.0269,-0.0355,-0.0203,-0.0745,-0.005,-0.035,-0.035,0.0137,0.0016,-0.0041,-0.0046,-0.077,-0.1041,-0.0311,-0.0573,-0.0014,0.0033,0.0077,-0.0303,-0.0097,-0.0186,0.0039,-0.0079,-0.0412,-0.0161,-0.0064,-0.0336,0.0145,-0.0085,-0.0069,0.0027,-0.0452,-0.038,-0.0103,-0.0186,-0.0193,0.0027,0.002,-0.1349,0.0025,-0.1238,-0.1206,-0.0077,-0.144,0.0084,-0.0768,-0.101,-0.0169,0.014,0.0071,-0.0142,-0.0076,-0.0047,0.0001,-0.0843,0.004,-0.0893,-0.0728,0.0161,-0.0851,-0.0031,-0.0443,-0.0522,-0.0095,0.0095,0.0044,0.0181,0.0181,-0.0256,-0.0018,TRUE,TRUE
DTC_L_22,LanSi,1,CW_01,B,2026-03-28 09:58:56+08:00,ONLINE,FALSE,,CW_1_01,PASS,,,52.0455055,_2026032809585663702,T20260328095856,DESKTOP-P2DUL42,Loma,1,CW_1_01,2,paul di,2024.0718.155524,V20260126.2,CW_DTCL_DTCR_STC,T20260328095948,52.0455055,TRUE,TRUE,TRUE,TRUE,TRUE,TRUE,TRUE,4S2RND2HBL06DS,v1.0.1,2025_12_22,314.2612,322.8955,474.2647,302.3309,294.96,152.02,148.5168,342.5436,333.5481,489.0741,-6.3898,2.2728,-0.0001,0,-0.2273,1.5578,-0.2175,1.5547,0.6669,155.082,149.375,149.0273,154.4756,151.99,0.8119,0.7825,0.8002,0.7478,0.7478,0.7751,0.7508,0.7779,0.7316,0.7316,0.8166,0.8144,0.7641,0.7774,0.7373,0.7264,0.7721,0.6891,0.6891,0.8198,0.98,0.8265,0.8288,0.8198,0.8473,0.7861,0.7457,0.8372,0.8427,0.8359,0.7986,0.7867,0.7457,0,0,0,0,0,v1.0.1,2025_12_22,314.2409,322.8467,475.4593,302.1259,294.9272,150.9868,147.4211,342.7895,333.7357,490.1071,-6.3432,2.2712,-0.0001,0,-0.2273,1.5584,-0.2185,1.5542,0.6667,162.2832,157.2139,164.3701,163.3779,161.8113,0.6723,0.6615,0.6765,0.6599,0.6599,0.657,0.6393,0.6303,0.6467,0.6303,0.6476,0.6559,0.6281,0.6389,0.6264,0.6194,0.6236,0.6091,0.6091,0.6665,0.3978,0.6826,0.6946,0.3978,0.6641,0.6582,0.6215,0.6813,0.6761,0.6878,0.6801,0.6284,0.6215,0,0,0,0,0,v1.0.1,2025_12_22,313.0095,315.2095,438.0541,300.9459,299.2397,184.2562,184.6303,329.6807,327.2105,445.5,-7.0712,-4.3815,-0.0001,0,-0.2131,1.5655,-0.2117,1.5617,0.6756,175.6504,172.9219,172.8418,175.5459,174.24,0.7822,0.664,0.7735,0.6561,0.6561,0.7491,0.6547,0.7458,0.6779,0.6547,0.7798,0.7745,0.7219,0.6928,0.6928,0.7307,0,0.7288,0.715,0.715,0,0,0,0,0,v1.0.1,2025_12_22,313.0481,315.125,438.8214,300.7589,299.1017,183.7373,183.8333,329.7917,327.2269,446.2605,-7.0937,-4.3653,-0.0001,0,-0.2132,1.5645,-0.2125,1.5626,0.6753,147.8457,142.2559,142.6289,145.8291,144.6399,0.6584,0.575,0.6487,0.5773,0.575,0.6385,0.5664,0.6198,0.5899,0.5664,0.6356,0.6267,0.6157,0.6098,0.6098,0.5907,0.5411,0.5785,0.579,0.5411,0,0,0,0,0,-0.0148,-0.0758,-0.0317,-0.0738,-0.0738,-0.0158,-0.0829,-0.0239,-0.0521,-0.0521,0.0153,0.0005,-0.0549,0.0085,-0.0881,-0.0948,-0.0304,-0.0653,0.0016,0.0098,-0.0016,-0.0466,-0.0207,-0.0467,-0.014,-0.0078,-0.0329,-0.0343,-0.0242,-0.0343,0.0036,0.001,-0.0351,0.0024,-0.0429,-0.0458,-0.0251,-0.008,-0.021,0.0097,-0.0125,-0.1565,-0.032,-0.1418,-0.1386,-0.0004,-0.1378,-0.0155,-0.0742,-0.0948,-0.0082,0.0187,-0.0357,-0.0011,-0.0169,-0.005,-0.0035,-0.0984,-0.0299,-0.114,-0.0869,0.0151,-0.0861,0.0002,-0.0494,-0.0532,-0.0047,-0.0024,-0.0263,0.0114,0.0114,-0.0143,-0.0133,TRUE,TRUE
DTC_R_22,LanSi,1,CW_01,B,2026-03-28 09:58:56+08:00,ONLINE,FALSE,,CW_1_01,PASS,,,52.0415177,_2026032809585663701,T20260328095856,DESKTOP-P2DUL42,Loma,1,CW_1_01,1,paul di,2024.0718.155524,V20260126.2,CW_DTCL_DTCR_STC,T20260328095948,52.0415177,TRUE,TRUE,TRUE,TRUE,TRUE,TRUE,TRUE,4S2RND2HBL0DP6,v1.0.1,2025_12_22,315.0362,317.8841,474.6765,297.9632,295.4564,148.2148,149.4211,338.3684,335.1857,486.0857,-5.5448,-1.7968,-0.0001,0,-0.2236,1.5554,-0.2225,1.5511,0.6651,157.1484,154.3926,154.4541,156.2236,155.5547,0.8633,0.8302,0.8775,0.8283,0.8283,0.8227,0.7821,0.83,0.7869,0.7821,0.8246,0.8238,0.8167,0.8108,0.766,0.774,0.7321,0.7657,0.7321,0.8348,0.8111,0.8138,0.98,0.8111,0.8536,0.7906,0.7464,0.8244,0.8053,0.8047,0.7464,0.8402,0.7464,0,0,0,0,0,v1.0.1,2025_12_22,315,317.8643,475.8467,297.8102,295.1701,147.1293,148.2171,338.4276,335.2847,487.0657,-5.5963,-1.8406,-0.0001,0,-0.2235,1.5547,-0.2222,1.551,0.665,163.3145,157.1523,166.1494,165.6309,163.0618,0.7024,0.6975,0.7128,0.6997,0.6975,0.6791,0.6553,0.6696,0.6564,0.6553,0.6583,0.6552,0.6593,0.6499,0.6434,0.6562,0.6061,0.6445,0.6061,0.6712,0.6652,0.6774,0.3988,0.3988,0.6508,0.6716,0.6272,0.6742,0.6547,0.681,0.6271,0.6756,0.6271,0,0,0,0,0,v1.0.1,2025_12_22,317.3119,329.2752,441.6228,314.2807,302.8661,196.5276,188.7805,343.6748,331.8468,458.2973,-3.0144,8.9111,0,0.0001,-0.2195,1.5619,-0.2111,1.5581,0.6724,177.5811,177.25,177.249,177.9639,177.511,0.8125,0.7129,0.8215,0.721,0.7129,0.7764,0.6804,0.7768,0.6669,0.6669,0.7708,0.7747,0.7662,0.7384,0.7384,0.73,0.6661,0.7323,0,0.6661,0,0,0,0,0,v1.0.1,2025_12_22,317.25,329.3704,442.469,314.1504,302.6667,195.7398,187.7886,343.8699,331.9018,458.9464,-3.0848,8.9154,0,0.0001,-0.2204,1.5616,-0.211,1.5577,0.672,147.9072,142.3643,143.8984,145.2578,144.8569,0.667,0.6035,0.6848,0.6206,0.6035,0.6438,0.5955,0.64,0.5722,0.5722,0.6393,0.6347,0.6489,0.6117,0.6117,0.5722,0.5538,0.5862,0.4983,0.4983,0,0,0,0,0,-0.0062,-0.0569,-0.0057,-0.0486,-0.0412,-0.003,-0.0199,0.0225,-0.0547,-0.0199,0.0234,0.0041,-0.004,-0.0059,-0.0402,-0.0409,-0.0662,-0.0671,-0.0165,0.0072,-0.0067,-0.0175,0.0021,-0.019,-0.0116,-0.0039,0.0033,-0.0015,-0.0246,0.0033,0.0407,0.0006,0.002,-0.0247,0.0042,-0.0215,-0.0289,0.0059,-0.0168,0.0157,0.0078,-0.1136,0.0004,-0.1011,-0.0918,0.0074,-0.0781,-0.0028,-0.1227,-0.0916,0.0047,0.0131,0.0063,-0.0048,-0.0157,-0.0101,-0.0038,-0.0728,0.0104,-0.0655,-0.0673,-0.0047,-0.0478,-0.0075,-0.0745,-0.0711,0.0376,-0.0087,0.019,-0.0144,0.01,-0.0317,-0.0082,TRUE,TRUE
DTC_R_23,LanSi,1,CW_01,C,2026-03-28 10:01:02+08:00,ONLINE,FALSE,,CW_1_01,PASS,,,51.7856665,_2026032810010249801,T20260328100102,DESKTOP-P2DUL42,Loma,1,CW_1_01,1,paul di,2024.0718.155524,V20260126.2,CW_DTCL_DTCR_STC,T20260328100154,51.7856665,TRUE,TRUE,TRUE,TRUE,TRUE,TRUE,TRUE,4S2RND2HBL0DP6,v1.0.1,2025_12_22,315.3235,316.9632,475.4737,297.2105,295.9161,149,149.5828,336.8344,336.0405,486.0203,-5.0327,-2.2943,-0.0001,0,-0.2222,1.5552,-0.2188,1.5483,0.6656,156.9609,154.2783,154.4629,156.7441,155.6116,0.8624,0.777,0.8837,0.8104,0.777,0.8299,0.7451,0.8279,0.8052,0.7451,0.8238,0.8099,0.8108,0.8238,0.7271,0.7271,0.8032,0.8072,0.7271,0.8481,0.7614,0.7914,0.98,0.7614,0.8532,0.7754,0.7717,0.8186,0.7762,0.6886,0.826,0.8428,0.6886,0,0,0,0,0,v1.0.1,2025_12_22,315.2647,316.8897,476.4701,297.1194,295.7329,147.9932,148.4564,336.9866,336.0933,487.0467,-5.0965,-2.2929,-0.0001,0,-0.2215,1.5551,-0.2194,1.5485,0.6657,163.3857,156.917,165.8633,166.1025,163.0671,0.7057,0.6676,0.7157,0.6818,0.6676,0.6799,0.6178,0.6739,0.6585,0.6178,0.6504,0.6439,0.6664,0.6496,0.6292,0.6226,0.6294,0.6407,0.6226,0.6686,0.6409,0.6528,0.1407,0.1407,0.6376,0.6474,0.6656,0.6675,0.6507,0.618,0.6417,0.6677,0.618,0,0,0,0,0,v1.0.1,2025_12_22,317.8208,328.3208,442.2743,313.3805,303.2778,196.9206,188.9758,342.4677,332.2797,457.1949,-2.5743,8.1569,0,0.0001,-0.219,1.5601,-0.2088,1.5586,0.6727,177.2871,176.9248,177.4102,178.2861,177.4771,0.805,0.6302,0.8261,0.681,0.6302,0.7756,0.618,0.775,0.7033,0.618,0.7756,0.765,0.7614,0.7473,0.7473,0.7528,0.6703,0.7225,0,0.6703,0,0,0,0,0,v1.0.1,2025_12_22,317.6916,328.3738,443.1636,313.2727,303.0492,196,188,342.5,332.2564,458.0513,-2.6678,8.1396,0,0.0001,-0.2193,1.5601,-0.208,1.5584,0.6728,147.8105,141.4658,143.3359,145.6943,144.5767,0.6581,0.5518,0.6754,0.5948,0.5518,0.6505,0.5504,0.6552,0.5813,0.5504,0.6341,0.6382,0.6454,0.6331,0.6331,0.5949,0.5533,0.5864,0.3379,0.3379,0,0,0,0,0,-0.0071,-0.1101,0.0005,-0.0665,-0.0925,0.0042,-0.0569,0.0204,-0.0364,-0.0569,0.0226,-0.0098,-0.0099,0.0071,-0.0791,-0.0878,0.0049,-0.0256,-0.0032,-0.0152,-0.0034,-0.0474,0.005,-0.0369,-0.0415,-0.0031,-0.0342,0.0028,-0.0225,-0.0342,0.0328,-0.0107,0.0091,-0.025,-0.01,-0.0551,-0.0056,0.0021,-0.0194,-0.0089,0.0003,-0.1963,0.005,-0.1411,-0.1745,0.0066,-0.1405,-0.0046,-0.0863,-0.1405,0.0095,0.0034,0.0015,0.0041,0.0071,-0.0199,-0.0127,-0.1245,0.001,-0.0913,-0.119,0.002,-0.0929,0.0077,-0.0654,-0.0929,0.0324,-0.0052,0.0155,0.007,0.0314,-0.009,-0.008,TRUE,TRUE
DTC_L_23,LanSi,1,CW_01,C,2026-03-28 10:01:02+08:00,ONLINE,FALSE,,CW_1_01,PASS,,,52.1746279,_2026032810010237702,T20260328100102,DESKTOP-P2DUL42,Loma,1,CW_1_01,2,paul di,2024.0718.155524,V20260126.2,CW_DTCL_DTCR_STC,T20260328100154,52.1746279,TRUE,TRUE,TRUE,TRUE,TRUE,TRUE,TRUE,4S2RND2HBL06DS,v1.0.1,2025_12_22,314.2148,322.7778,474.2574,302.1985,294.8467,151.7867,148.543,342.3974,333.5821,488.9627,-6.4112,2.1246,-0.0001,0,-0.2274,1.5575,-0.2174,1.5543,0.6668,154.916,150.7666,149.083,154.0908,152.2141,0.8168,0.803,0.8411,0.7858,0.7858,0.774,0.7618,0.8087,0.7491,0.7491,0.8234,0.8136,0.8202,0.7835,0.7402,0.7158,0.7696,0.706,0.706,0.8229,0.98,0.8194,0.8345,0.8194,0.8493,0.7809,0.7607,0.8386,0.8487,0.8357,0.8047,0.7701,0.7607,0,0,0,0,0,v1.0.1,2025_12_22,314.1691,322.7647,475.3704,302.0444,294.8013,150.7815,147.44,342.5267,333.7914,489.9568,-6.3856,2.1148,-0.0001,0,-0.2273,1.5581,-0.2175,1.5535,0.6667,163.7461,159.5049,165.791,164.9297,163.4929,0.6804,0.6748,0.6985,0.6913,0.6748,0.645,0.6455,0.6611,0.655,0.645,0.6532,0.6544,0.6471,0.633,0.6171,0.6345,0.6468,0.61,0.61,0.6619,0.5134,0.6784,0.6936,0.5134,0.6595,0.6682,0.6434,0.7005,0.6733,0.6967,0.6836,0.6352,0.6352,0,0,0,0,0,v1.0.1,2025_12_22,313,315,437.9273,300.7636,299.0756,184.1765,184.6417,329.5667,327.0862,445.2241,-7.1538,-4.5538,-0.0001,0,-0.213,1.5642,-0.2125,1.5625,0.6753,175.708,174.9512,172.7363,175.1328,174.6321,0.801,0.6838,0.8136,0.6793,0.6793,0.7389,0.6534,0.7592,0.6619,0.6534,0.7776,0.7691,0.771,0.7055,0.7055,0.7363,0,0.7318,0.7262,0.7262,0,0,0,0,0,v1.0.1,2025_12_22,313.0472,314.9717,438.7589,300.5804,299.0435,183.5304,183.878,329.5447,327.188,446.1111,-7.1169,-4.5523,-0.0001,0,-0.2135,1.5641,-0.2118,1.5629,0.6754,149.1992,144.3545,143.5869,147.1484,146.0723,0.6529,0.5967,0.675,0.5954,0.5954,0.6323,0.5644,0.6274,0.5934,0.5644,0.6311,0.6331,0.6493,0.6205,0.6205,0.5899,0.5531,0.5821,0.5737,0.5531,0,0,0,0,0,-0.0099,-0.0553,0.0092,-0.0358,-0.0358,-0.0169,-0.0719,0.0069,-0.0346,-0.0346,0.0221,-0.0003,0.0012,0.0146,-0.0852,-0.1054,-0.0329,-0.0484,0.0047,0.0027,0.0065,-0.0333,0.0013,-0.0153,0.0009,-0.0198,-0.0267,-0.0035,-0.0159,-0.0196,0.0092,-0.0005,-0.0161,-0.0035,-0.0522,-0.0307,-0.0019,-0.0071,-0.0256,0.0055,0.0063,-0.1367,0.0081,-0.1186,-0.1154,-0.0106,-0.1391,-0.0021,-0.0902,-0.0961,-0.0104,0.0133,0.0134,0.0116,-0.0113,-0.002,-0.009,-0.0767,-0.0036,-0.0959,-0.0665,0.0089,-0.0881,0.0078,-0.0459,-0.0552,-0.0092,0.004,0.0073,0.0221,0.0221,-0.0151,-0.0097,TRUE,TRUE
DTC_R_24,LanSi,1,CW_01,A,2026-03-28 10:02:56+08:00,ONLINE,FALSE,,CW_1_01,PASS,,,51.654248,_2026032810025666301,T20260328100256,DESKTOP-P2DUL42,Loma,1,CW_1_01,1,paul di,2024.0718.155524,V20260126.2,CW_DTCL_DTCR_STC,T20260328100348,51.654248,TRUE,TRUE,TRUE,TRUE,TRUE,TRUE,TRUE,4S2RND2HBL0DP6,v1.0.1,2025_12_22,315.0882,316.5,474.8741,296.6296,295.5608,147.4662,149.6184,336.7105,335.292,484,-5.4133,-3.2387,-0.0001,0,-0.2232,1.5553,-0.221,1.5502,0.6653,157.0371,153.9482,153.8213,156.8125,155.4048,0.8667,0.8266,0.8712,0.7919,0.7919,0.8025,0.7574,0.7996,0.7339,0.7339,0.8196,0.8158,0.8156,0.8191,0.7555,0.7442,0.7569,0.6976,0.6976,0.8342,0.8236,0.7869,0.98,0.7869,0.8439,0.7931,0.7476,0.8218,0.7972,0.8254,0.7497,0.8493,0.7476,0,0,0,0,0,v1.0.1,2025_12_22,315.0797,316.5507,475.8129,296.5396,295.3649,146.4189,148.3826,336.7383,335.5143,484.9714,-5.4691,-3.2562,-0.0001,0,-0.2233,1.5549,-0.22,1.5495,0.6653,164.7119,159.3545,168.208,167.3262,164.9001,0.7019,0.6924,0.7225,0.6683,0.6683,0.6724,0.6405,0.6482,0.6333,0.6333,0.643,0.6567,0.6669,0.6583,0.6437,0.6433,0.6334,0.6038,0.6038,0.6943,0.6699,0.655,0.0461,0.0461,0.6546,0.6546,0.6332,0.6689,0.6365,0.5745,0.6355,0.6832,0.5745,0,0,0,0,0,v1.0.1,2025_12_22,317.2925,328.1132,441.7321,312.7321,302.832,195.624,188.65,342.3667,331.8333,456.1053,-3.032,7.4883,0,0.0001,-0.2225,1.5616,-0.2098,1.5572,0.6716,177.0879,176.3643,176.834,178.3652,177.1628,0.7965,0.7165,0.8102,0.6828,0.6828,0.7534,0.6597,0.7347,0.6173,0.6173,0.7749,0.7639,0.7661,0.7449,0.7449,0.7593,0.6952,0.7165,0,0.6952,0,0,0,0,0,v1.0.1,2025_12_22,317.2523,328.1495,442.5225,312.7928,302.7143,194.8651,187.9098,342.541,331.9018,456.9464,-3.0398,7.559,0,0.0001,-0.2215,1.5616,-0.2103,1.557,0.6717,149.0225,143.7988,145.875,147.0176,146.4285,0.6571,0.6015,0.665,0.5779,0.5779,0.627,0.5889,0.6264,0.5454,0.5454,0.6277,0.6417,0.6388,0.6267,0.6267,0.6073,0.5624,0.587,0.3192,0.3192,0,0,0,0,0,-0.0028,-0.0605,-0.012,-0.085,-0.0776,-0.0232,-0.0446,-0.0079,-0.1077,-0.0681,0.0184,-0.0039,-0.0051,0.0024,-0.0507,-0.0707,-0.0414,-0.1352,-0.0171,-0.0197,-0.0072,-0.0226,0.0118,-0.0504,-0.0408,-0.0106,-0.0115,-0.0229,-0.0477,-0.0187,0.0254,0.0021,0.0096,-0.0163,0.0045,-0.0344,-0.0016,-0.0348,0.0063,-0.0067,-0.0082,-0.11,-0.0109,-0.1393,-0.1219,-0.0156,-0.0988,-0.0449,-0.1723,-0.1412,0.0088,0.0023,0.0062,0.0017,0.0136,-0.0259,-0.0137,-0.0748,-0.0094,-0.1082,-0.0929,-0.0215,-0.0544,-0.0211,-0.1013,-0.0979,0.026,-0.0017,0.0089,0.0006,0.025,0.0034,-0.0074,TRUE,TRUE
DTC_L_24,LanSi,1,CW_01,A,2026-03-28 10:02:56+08:00,ONLINE,FALSE,,CW_1_01,FAIL,SFR_VIS_25cm_Ny4_01F_ROI2;SFR_VIS_25cm_Ny4_01F_Min;SFR_VIS_25cm_Ny4_01F_ROI2_Dev;SFR_VIS_25cm_Ny4_01F_Min_Dev,sfr_25Algo,51.4378264,_2026032810025688702,T20260328100256,DESKTOP-P2DUL42,Loma,1,CW_1_01,2,paul di,2024.0718.155524,V20260126.2,CW_DTCL_DTCR_STC,T20260328100348,51.4378264,TRUE,TRUE,TRUE,TRUE,TRUE,TRUE,TRUE,4S2RND2HBL06DS,v1.0.1,2025_12_22,314.292,324,474.2769,303.8846,294.8867,152.9667,148.4211,344.3684,333.6449,490.7899,-6.3957,3.7019,-0.0001,0,-0.2246,1.5573,-0.2217,1.5548,0.6665,155.2412,151.3037,149.0625,154.4434,152.5127,0.8186,0.6656,0.837,0.7874,0.6656,0.7849,0.7721,0.796,0.7409,0.7409,0.8198,0.8165,0.8245,0.7663,0.7664,0.7604,0.7694,0.7032,0.7032,0.8163,0.409,0.8225,0.8305,0.409,0.8439,0.7725,0.7817,0.8385,0.8253,0.8251,0.7875,0.7693,0.7693,0,0,0,0,0,v1.0.1,2025_12_22,314.2158,324,475.2388,303.8209,294.7792,151.8896,147.3179,344.4967,333.8085,491.6879,-6.428,3.679,-0.0001,0,-0.2242,1.5578,-0.2217,1.554,0.6665,164.9248,160.0918,166.3779,166.0068,164.3503,0.6761,0.5934,0.6891,0.6919,0.5934,0.6479,0.6303,0.6524,0.6413,0.6303,0.6508,0.6502,0.6679,0.6378,0.6351,0.6524,0.62,0.6045,0.6045,0.6611,0.5342,0.6753,0.6801,0.5342,0.6664,0.659,0.6523,0.6863,0.6775,0.684,0.6691,0.6368,0.6368,0,0,0,0,0,v1.0.1,2025_12_22,312.9259,316.2407,437.8846,302.1154,299,185.4454,184.5378,331.3697,327.0169,447.0508,-7.2269,-3.0556,-0.0001,0,-0.212,1.5642,-0.2168,1.563,0.6746,176.0273,175.082,172.6045,175.3965,174.7776,0.7979,0.5496,0.8109,0.684,0.5496,0.7433,0.6633,0.7626,0.6609,0.6609,0.7784,0.7807,0.7794,0.7251,0.7251,0.7328,0,0.7242,0.7375,0.7242,0,0,0,0,0,v1.0.1,2025_12_22,312.9245,316.1321,438.6038,302,298.9744,184.8034,183.605,331.395,327.0508,447.8983,-7.2683,-3.0542,-0.0001,0,-0.2115,1.5645,-0.217,1.5635,0.6749,150.5098,145.0674,144.2617,148.3418,147.0452,0.6606,0.4943,0.6739,0.6037,0.4943,0.6359,0.5617,0.6368,0.5899,0.5617,0.6293,0.627,0.6479,0.6141,0.6141,0.5836,0.5594,0.5856,0.5848,0.5594,0,0,0,0,0,-0.0081,-0.1927,0.0051,-0.0342,-0.156,-0.006,-0.0616,-0.0058,-0.0428,-0.0428,0.0185,0.0026,0.0055,-0.0026,-0.059,-0.0608,-0.0331,-0.0512,-0.0019,0.0058,0.0022,-0.1147,-0.0081,-0.0147,-0.0805,-0.0169,-0.0419,-0.0122,-0.0296,-0.0343,0.0068,-0.0047,0.0047,0.0013,-0.0342,-0.0128,-0.0287,-0.0126,-0.0264,0.0024,0.0032,-0.2709,0.0054,-0.1139,-0.2451,-0.0062,-0.1292,0.0013,-0.0912,-0.0886,-0.0096,0.0249,0.0218,0.0312,-0.0148,-0.0096,-0.0013,-0.1791,-0.0047,-0.0876,-0.1676,0.0125,-0.0908,0.0172,-0.0494,-0.0579,-0.011,-0.0021,0.0059,0.0157,0.0157,-0.0214,-0.0062,TRUE,TRUE
DTC_L_25,LanSi,1,CW_01,B,2026-03-28 10:04:42+08:00,ONLINE,FALSE,,CW_1_01,PASS,,,51.6100879,_2026032810044211202,T20260328100442,DESKTOP-P2DUL42,Loma,1,CW_1_01,2,paul di,2024.0718.155524,V20260126.2,CW_DTCL_DTCR_STC,T20260328100533,51.6100879,TRUE,TRUE,TRUE,TRUE,TRUE,TRUE,TRUE,4S2RND2HBL06DS,v1.0.1,2025_12_22,315.3037,321.9185,475.4662,301.0376,296.2381,150.9796,150.0408,341.8367,334.7101,487.587,-5.1482,1.1719,-0.0001,0,-0.2291,1.5592,-0.2194,1.5537,0.6661,155.4443,151.2275,149.4795,154.9326,152.771,0.8227,0.8077,0.845,0.7929,0.7929,0.7912,0.7511,0.7998,0.7502,0.7502,0.8179,0.8151,0.8153,0.7736,0.7371,0.741,0.737,0.6963,0.6963,0.8347,0.98,0.813,0.7953,0.7953,0.8444,0.6498,0.7134,0.852,0.8108,0.7769,0.7821,0.7735,0.6498,0,0,0,0,0,v1.0.1,2025_12_22,315.2536,321.971,476.5333,300.963,296.1156,150.1769,149,342,334.7914,488.6331,-5.1612,1.2488,-0.0001,0,-0.229,1.5593,-0.2194,1.5536,0.6661,161.8428,157.8418,163.8428,162.877,161.6011,0.6819,0.6939,0.6984,0.6881,0.6819,0.6611,0.6412,0.653,0.6518,0.6412,0.6474,0.6504,0.6506,0.6413,0.6249,0.641,0.6356,0.6184,0.6184,0.6759,0.3803,0.6895,0.6752,0.3803,0.6521,0.6272,0.602,0.6883,0.6722,0.6705,0.6755,0.6469,0.602,0,0,0,0,0,v1.0.1,2025_12_22,313.9151,314.3302,438.8899,299.7248,300.377,183.2377,186,329,328.0256,444.1966,-6.0585,-5.4022,-0.0001,-0.0001,-0.2158,1.5674,-0.2137,1.5621,0.675,176.3174,175.0977,173.1436,175.8516,175.1025,0.7909,0.7176,0.8068,0.6931,0.6931,0.7477,0.6639,0.7667,0.6549,0.6549,0.7619,0.7765,0.769,0.6986,0.6986,0.7313,0,0.7317,0.6745,0.6745,0,0,0,0,0,v1.0.1,2025_12_22,313.9423,314.3173,439.708,299.5929,300.2627,182.5593,185.0083,329.05,328,445.1026,-6.1157,-5.3756,-0.0001,-0.0001,-0.216,1.5668,-0.2133,1.5632,0.6752,147.708,143.3096,142.2246,145.2842,144.6316,0.662,0.6051,0.6721,0.6126,0.6051,0.6278,0.5735,0.6327,0.5911,0.5735,0.6387,0.6419,0.6508,0.6108,0.6108,0.5814,0.477,0.5878,0.5586,0.477,0,0,0,0,0,-0.004,-0.0506,0.0131,-0.0287,-0.0287,0.0003,-0.0826,-0.002,-0.0335,-0.0335,0.0166,0.0012,-0.0037,0.0047,-0.0883,-0.0802,-0.0655,-0.0581,0.0165,-0.0037,0.008,-0.0142,0.0012,-0.0185,0.008,-0.0037,-0.031,-0.0116,-0.0191,-0.0234,0.0034,-0.0045,-0.0126,0.0048,-0.0444,-0.0242,-0.0131,0.0013,-0.0116,0.0166,-0.0038,-0.1029,0.0013,-0.1048,-0.1016,-0.0018,-0.1286,0.0054,-0.0972,-0.0946,-0.0261,0.0207,0.0114,0.0047,-0.0163,-0.0021,0.0001,-0.0683,-0.0065,-0.0787,-0.0568,0.0044,-0.079,0.0131,-0.0482,-0.0461,-0.0016,0.0128,0.0088,0.0124,0.0124,-0.0236,-0.004,TRUE,TRUE
DTC_R_25,LanSi,1,CW_01,B,2026-03-28 10:04:42+08:00,ONLINE,FALSE,,CW_1_01,PASS,,,51.8908898,_2026032810044211201,T20260328100442,DESKTOP-P2DUL42,Loma,1,CW_1_01,1,paul di,2024.0718.155524,V20260126.2,CW_DTCL_DTCR_STC,T20260328100534,51.8908898,TRUE,TRUE,TRUE,TRUE,TRUE,TRUE,TRUE,4S2RND2HBL0DP6,v1.0.1,2025_12_22,315.0902,316.3534,475.2222,296.8667,295.531,148.2,149.3816,336.2895,335.7973,484.6351,-5.2955,-3.0311,-0.0001,0,-0.2206,1.5545,-0.2192,1.5478,0.6656,156.4209,153.4111,153.1738,155.8721,154.7195,0.8657,0.7688,0.8716,0.794,0.7688,0.8112,0.7443,0.8174,0.7863,0.7443,0.8143,0.8126,0.8111,0.8226,0.7612,0.7277,0.7845,0.7891,0.7277,0.8452,0.7873,0.8079,0.2318,0.2318,0.8387,0.7825,0.7317,0.8071,0.795,0.7267,0.8349,0.8372,0.7267,0,0,0,0,0,v1.0.1,2025_12_22,315.1295,316.3165,476.2044,296.7299,295.3061,147.2313,148.2733,336.4267,335.86,485.6933,-5.3453,-3.0204,-0.0001,0,-0.2205,1.5536,-0.2194,1.5485,0.6655,164.1016,158.9971,167.8174,166.7539,164.4175,0.7037,0.6547,0.7125,0.6852,0.6547,0.6861,0.6277,0.6732,0.6508,0.6277,0.6341,0.6634,0.6538,0.6589,0.6374,0.6212,0.6281,0.6434,0.6212,0.6749,0.657,0.6569,0.054,0.054,0.643,0.6406,0.6226,0.6731,0.6555,0.5894,0.6322,0.6724,0.5894,0,0,0,0,0,v1.0.1,2025_12_22,317.3119,327.7248,441.9815,312.787,302.712,196.168,188.6116,341.7025,332.0172,456.0517,-2.9732,7.3868,0,0.0001,-0.2187,1.5598,-0.2077,1.5562,0.6724,176.6445,175.8633,176.0615,177.166,176.4338,0.8157,0.6258,0.8169,0.6461,0.6258,0.7787,0.6185,0.7885,0.6748,0.6185,0.7798,0.7709,0.7659,0.7497,0.7497,0.7482,0.6751,0.7105,0,0.6751,0,0,0,0,0,v1.0.1,2025_12_22,317.233,328,442.7798,312.844,302.6935,195.5968,187.7083,342.05,332,457,-3.0171,7.5982,0,0.0001,-0.2196,1.5609,-0.2075,1.5563,0.6725,148.5898,143.3213,145.4404,146.1973,145.8872,0.6683,0.5503,0.6801,0.5706,0.5503,0.649,0.5518,0.6446,0.58,0.5518,0.6308,0.6396,0.6414,0.6403,0.6308,0.5819,0.5518,0.572,0.3471,0.3471,0,0,0,0,0,-0.0038,-0.1183,-0.0116,-0.0829,-0.1007,-0.0145,-0.0577,0.0099,-0.0553,-0.0577,0.0131,-0.0071,-0.0096,0.0059,-0.045,-0.0872,-0.0138,-0.0437,-0.0061,0.0013,-0.0054,-0.0603,0.0018,-0.0335,-0.0544,0.0031,-0.0243,0.0021,-0.0302,-0.0243,0.0165,0.0088,-0.0035,-0.0157,-0.0018,-0.0565,-0.0069,0.0048,-0.0131,-0.0048,0.011,-0.2007,-0.0042,-0.176,-0.1789,0.0097,-0.14,0.0089,-0.1148,-0.14,0.0137,0.0093,0.006,0.0065,0.0025,-0.0319,-0.0025,-0.126,0.0057,-0.1155,-0.1205,0.0005,-0.0915,-0.0029,-0.0667,-0.0915,0.0291,-0.0038,0.0115,0.0142,0.0291,-0.022,-0.0224,TRUE,TRUE
DTC_L_26,LanSi,1,CW_01,C,2026-03-28 10:07:00+08:00,ONLINE,FALSE,,CW_1_01,FAIL,SFR_VIS_25cm_Ny4_01F_ROI2_Dev,Dev,51.5129108,_2026032810070090402,T20260328100700,DESKTOP-P2DUL42,Loma,1,CW_1_01,2,paul di,2024.0718.155524,V20260126.2,CW_DTCL_DTCR_STC,T20260328100752,51.5129108,TRUE,TRUE,TRUE,TRUE,TRUE,TRUE,TRUE,4S2RND2HBL06DS,v1.0.1,2025_12_22,315.3235,322.0368,475.5615,301.0692,296.3974,150.6291,150.0743,342.1959,334.8478,488.2391,-5.0591,1.334,-0.0001,0,-0.2296,1.5603,-0.2209,1.5533,0.6658,156.6113,152.1309,150.5801,155.7012,153.7559,0.8237,0.7354,0.8367,0.7913,0.7354,0.7837,0.7648,0.7916,0.7318,0.7318,0.8202,0.8131,0.8149,0.7649,0.7231,0.7497,0.7463,0.706,0.706,0.8225,0.6539,0.8157,0.7682,0.6539,0.8513,0.7617,0.7385,0.8294,0.828,0.7707,0.7825,0.7815,0.7385,0,0,0,0,0,v1.0.1,2025_12_22,315.2847,322.0657,476.7664,301.0146,296.1854,149.8212,149,342.2905,334.9574,489.156,-5.0612,1.3696,-0.0001,0,-0.2291,1.5598,-0.2205,1.5531,0.6658,164.3066,159.7461,165.8672,165.4336,163.8384,0.6851,0.6329,0.6897,0.6905,0.6329,0.6706,0.6397,0.654,0.6435,0.6397,0.6445,0.651,0.656,0.6393,0.6206,0.641,0.6356,0.6186,0.6186,0.6818,0.5331,0.6765,0.661,0.5331,0.6579,0.6431,0.6204,0.6882,0.6606,0.6679,0.6671,0.6231,0.6204,0,0,0,0,0,v1.0.1,2025_12_22,314.0849,314.3302,439.1532,299.7117,300.464,183.128,186.082,329.3033,328.087,444.8957,-5.9258,-5.2262,-0.0001,-0.0001,-0.2158,1.5668,-0.2159,1.5634,0.6746,176.3135,174.9912,173.1074,175.6748,175.0217,0.806,0.6123,0.8033,0.675,0.6123,0.7479,0.6636,0.7613,0.6539,0.6539,0.7523,0.7525,0.7663,0.7083,0.7083,0.7144,0,0.7371,0.6561,0.6561,0,0,0,0,0,v1.0.1,2025_12_22,314.0374,314.3551,439.9541,299.7156,300.3697,182.4622,185.1066,329.3443,328.2222,445.6325,-5.962,-5.1981,-0.0001,-0.0001,-0.2152,1.567,-0.2152,1.5626,0.6748,149.9092,144.8545,144.1787,147.7715,146.6785,0.6572,0.5262,0.6608,0.5972,0.5262,0.6282,0.5674,0.632,0.5774,0.5674,0.6247,0.6124,0.6321,0.6046,0.6046,0.5839,0.5375,0.588,0.5403,0.5375,0,0,0,0,0,-0.003,-0.1229,0.0048,-0.0303,-0.0862,-0.0072,-0.0689,-0.0102,-0.0519,-0.0519,0.0189,-0.0008,-0.0041,-0.004,-0.1023,-0.0715,-0.0562,-0.0484,0.0043,-0.001,0.0112,-0.0752,-0.0075,-0.0161,-0.041,0.0058,-0.0325,-0.0106,-0.0274,-0.0249,0.0005,-0.0039,-0.0072,0.0028,-0.0487,-0.0242,-0.0131,0.0015,-0.0057,0.0036,0.0113,-0.2082,-0.0022,-0.1229,-0.1824,-0.0016,-0.1289,0,-0.0982,-0.0956,-0.0357,-0.0033,0.0087,0.0144,-0.0332,0.0033,-0.0047,-0.1472,-0.0178,-0.0941,-0.1357,0.0048,-0.0851,0.0124,-0.0619,-0.0522,-0.0156,-0.0167,-0.0099,0.0062,0.0062,-0.0211,-0.0038,TRUE,TRUE
DTC_R_26,LanSi,1,CW_01,C,2026-03-28 10:07:00+08:00,ONLINE,FALSE,,CW_1_01,PASS,,,51.7891733,_2026032810070063401,T20260328100700,DESKTOP-P2DUL42,Loma,1,CW_1_01,1,paul di,2024.0718.155524,V20260126.2,CW_DTCL_DTCR_STC,T20260328100752,51.7891733,TRUE,TRUE,TRUE,TRUE,TRUE,TRUE,TRUE,4S2RND2HBL0DP6,v1.0.1,2025_12_22,315.2148,317.2222,475.4167,297.8712,295.8182,149.2308,149.5168,337.5436,335.8725,485.8255,-5.1322,-1.9613,-0.0001,0,-0.2197,1.5553,-0.2215,1.5484,0.6656,156.3428,153.9199,153.3545,156.3564,154.9934,0.869,0.78,0.8635,0.7975,0.78,0.8345,0.7397,0.825,0.7936,0.7397,0.8186,0.8225,0.8125,0.8184,0.7333,0.7348,0.7903,0.7742,0.7333,0.8315,0.7906,0.7865,0.98,0.7865,0.8428,0.7659,0.7678,0.8196,0.8095,0.739,0.8393,0.8471,0.739,0,0,0,0,0,v1.0.1,2025_12_22,315.2029,317.3188,476.5899,297.6619,295.7292,148.2153,148.4467,337.6467,335.9595,486.8851,-5.1144,-1.9544,-0.0001,0,-0.2207,1.5556,-0.2208,1.5485,0.6657,164.0195,158.6025,167.2686,166.6738,164.1411,0.7068,0.6598,0.7107,0.6747,0.6598,0.6836,0.6442,0.6703,0.6504,0.6442,0.6575,0.6529,0.6678,0.6564,0.6204,0.6417,0.6203,0.6362,0.6203,0.6793,0.6476,0.6516,0.1675,0.1675,0.6387,0.6452,0.644,0.6731,0.653,0.6287,0.6346,0.6765,0.6287,0,0,0,0,0,v1.0.1,2025_12_22,317.5714,328.5625,442.3421,313.6228,303.0492,197,188.7581,342.8387,332.0431,457.1293,-2.7472,8.3307,0,0.0001,-0.2187,1.5603,-0.2099,1.5582,0.6725,177.8828,177.5225,177.4355,178.8037,177.9111,0.8241,0.6383,0.8133,0.6497,0.6383,0.767,0.6231,0.7809,0.6766,0.6231,0.7796,0.7749,0.764,0.7532,0.7532,0.7571,0.6678,0.7309,0,0.6678,0,0,0,0,0,v1.0.1,2025_12_22,317.5,328.8868,442.9815,313.5926,303,196.1849,187.9,343.15,332,458,-2.8237,8.4629,0,0.0001,-0.2208,1.5614,-0.2091,1.5584,0.6725,148.5342,143.2295,145.0068,146.1543,145.7312,0.6668,0.5529,0.6758,0.5709,0.5529,0.6658,0.5662,0.6466,0.5848,0.5662,0.6425,0.6279,0.6435,0.6355,0.6279,0.5946,0.5485,0.5807,0.397,0.397,0,0,0,0,0,-0.0005,-0.1071,-0.0197,-0.0794,-0.0895,0.0088,-0.0623,0.0175,-0.048,-0.0623,0.0174,0.0028,-0.0082,0.0017,-0.0729,-0.0801,-0.008,-0.0586,-0.0198,-0.0201,-0.0023,-0.0552,0,-0.044,-0.0493,0.0006,-0.0078,-0.0008,-0.0306,-0.0078,0.0399,-0.0017,0.0105,-0.0182,-0.0188,-0.036,-0.0147,-0.0024,-0.0087,-0.0101,0.0194,-0.1882,-0.0078,-0.1724,-0.1664,-0.002,-0.1354,0.0013,-0.113,-0.1354,0.0135,0.0133,0.0041,0.01,0.0114,-0.0115,-0.004,-0.1234,0.0014,-0.1152,-0.1179,0.0173,-0.0771,-0.0009,-0.0619,-0.0771,0.0408,-0.0155,0.0136,0.0094,0.0262,-0.0093,-0.0137,TRUE,TRUE
DTC_R_27,LanSi,1,CW_01,A,2026-03-28 10:08:51+08:00,ONLINE,FALSE,,CW_1_01,PASS,,,50.8909903,_2026032810085101801,T20260328100851,DESKTOP-P2DUL42,Loma,1,CW_1_01,1,paul di,2024.0718.155524,V20260126.2,CW_DTCL_DTCR_STC,T20260328100941,50.8909903,TRUE,TRUE,TRUE,TRUE,TRUE,TRUE,TRUE,4S2RND2HBL0DP6,v1.0.1,2025_12_22,315.2782,316.8496,475.4254,297.209,295.8367,148.7415,149.6067,336.8,335.9592,485.2585,-5.0788,-2.5283,-0.0001,0,-0.2215,1.5551,-0.2193,1.5481,0.6656,156.416,153.6309,153.5,156.165,154.928,0.8706,0.7732,0.8773,0.7923,0.7732,0.8157,0.754,0.8163,0.7836,0.754,0.8194,0.8131,0.8188,0.8169,0.7286,0.7272,0.7981,0.7862,0.7272,0.8388,0.7929,0.8041,0.4952,0.4952,0.8459,0.78,0.7445,0.824,0.7984,0.7143,0.8238,0.8445,0.7143,0,0,0,0,0,v1.0.1,2025_12_22,315.1957,316.8333,476.5662,297.125,295.6533,147.6533,148.396,336.9732,335.9933,486.3467,-5.1391,-2.5137,-0.0001,0,-0.221,1.5553,-0.2196,1.5482,0.6657,163.5449,157.9121,166.4551,166.3955,163.5769,0.6997,0.6612,0.7053,0.6861,0.6612,0.677,0.6386,0.6578,0.66,0.6386,0.6462,0.6574,0.6595,0.667,0.6189,0.6284,0.6271,0.645,0.6189,0.676,0.6436,0.6686,0.1073,0.1073,0.6536,0.6506,0.6315,0.6719,0.6614,0.5718,0.6268,0.6755,0.5718,0,0,0,0,0,v1.0.1,2025_12_22,317.4486,328.1308,442.2162,313.2793,302.96,196.528,188.7967,342.3171,332.0625,456.5893,-2.8032,7.8689,0,0.0001,-0.218,1.5606,-0.2093,1.557,0.6726,176.5977,176.2422,176.1924,177.5205,176.6382,0.8177,0.6371,0.8151,0.6589,0.6371,0.7681,0.6294,0.7744,0.6821,0.6294,0.7919,0.7707,0.7592,0.7674,0.7592,0.7527,0.6677,0.734,0,0.6677,0,0,0,0,0,v1.0.1,2025_12_22,317.3981,328.2315,443.0459,313.2844,302.8065,195.871,188,342.5,332.287,457.4522,-2.7925,7.9678,0,0.0001,-0.2179,1.5605,-0.2093,1.5556,0.6722,147.8135,142.5039,144.2891,145.7139,145.0801,0.6665,0.5625,0.6724,0.582,0.5625,0.6458,0.5611,0.6442,0.5813,0.5611,0.6298,0.6445,0.6402,0.6357,0.6298,0.5987,0.5486,0.5755,0.3228,0.3228,0,0,0,0,0,0.0011,-0.1139,-0.0059,-0.0846,-0.0963,-0.01,-0.048,0.0088,-0.058,-0.048,0.0182,-0.0066,-0.0019,0.0002,-0.0776,-0.0877,-0.0002,-0.0466,-0.0125,-0.0025,-0.0094,-0.0538,-0.0054,-0.0326,-0.0479,-0.006,-0.0134,-0.0133,-0.021,-0.0134,0.0286,0.0028,0.0022,-0.0076,-0.0203,-0.0493,-0.0079,0.0064,-0.012,0.0069,0.013,-0.1894,-0.006,-0.1632,-0.1676,-0.0009,-0.1291,-0.0052,-0.1075,-0.1291,0.0258,0.0091,-0.0007,0.0242,0.007,-0.0084,-0.0043,-0.1138,-0.002,-0.1041,-0.1083,-0.0027,-0.0822,-0.0033,-0.0654,-0.0822,0.0281,0.0011,0.0103,0.0096,0.0281,-0.0052,-0.0189,TRUE,TRUE
DTC_L_27,LanSi,1,CW_01,A,2026-03-28 10:08:51+08:00,ONLINE,FALSE,,CW_1_01,PASS,,,50.8790221,_2026032810085103002,T20260328100851,DESKTOP-P2DUL42,Loma,1,CW_1_01,2,paul di,2024.0718.155524,V20260126.2,CW_DTCL_DTCR_STC,T20260328100941,50.8790221,TRUE,TRUE,TRUE,TRUE,TRUE,TRUE,TRUE,4S2RND2HBL06DS,v1.0.1,2025_12_22,314.1691,323.2353,474.0942,302.8986,294.8322,152.4497,148.3816,343.2895,333.4745,489.8321,-6.5097,2.841,-0.0001,0,-0.226,1.5575,-0.2199,1.5549,0.6667,155.2002,151.3516,149.2725,154.5332,152.5894,0.8211,0.7975,0.8379,0.7874,0.7874,0.7706,0.7683,0.8027,0.7597,0.7597,0.8285,0.8244,0.8198,0.7729,0.7505,0.7258,0.7583,0.7087,0.7087,0.8226,0.98,0.8218,0.8179,0.8179,0.8452,0.7832,0.8058,0.8379,0.837,0.8214,0.7943,0.7695,0.7695,0,0,0,0,0,v1.0.1,2025_12_22,314.1691,323.2353,475.2263,302.8686,294.6623,151.457,147.245,343.3907,333.6594,490.8478,-6.5076,2.8599,-0.0001,0,-0.2253,1.5572,-0.2196,1.5545,0.6667,163.3828,159.3984,164.9648,164.1553,162.9753,0.6858,0.6778,0.6939,0.6971,0.6778,0.6592,0.6405,0.6598,0.6479,0.6405,0.647,0.6555,0.6566,0.6416,0.6278,0.6325,0.6207,0.6085,0.6085,0.67,0.4555,0.6866,0.6934,0.4555,0.6582,0.6549,0.6481,0.6745,0.6996,0.6843,0.6774,0.6248,0.6248,0,0,0,0,0,v1.0.1,2025_12_22,312.934,315.5755,437.7368,301.3596,298.9661,184.8559,184.5378,330.3697,327,446.1026,-7.2651,-3.8473,-0.0001,0,-0.2129,1.5638,-0.2142,1.5629,0.6749,176.0645,175.1436,173.0977,175.3037,174.9023,0.7829,0.6927,0.8105,0.6838,0.6838,0.7378,0.6598,0.7564,0.6851,0.6598,0.7649,0.7855,0.7702,0.7076,0.7076,0.7362,0,0.7322,0.7175,0.7175,0,0,0,0,0,v1.0.1,2025_12_22,312.9151,315.5849,438.6339,301.2589,298.8083,184.025,183.5847,330.3475,327.0342,447,-7.3047,-3.8567,-0.0001,0,-0.2129,1.5635,-0.2131,1.5633,0.6752,148.8135,143.9756,143.2246,146.4287,145.6106,0.6622,0.5903,0.6624,0.6078,0.5903,0.6253,0.5612,0.623,0.5926,0.5612,0.6208,0.6379,0.6456,0.6016,0.6016,0.5903,0.5491,0.6001,0.5768,0.5491,0,0,0,0,0,-0.0056,-0.0608,0.006,-0.0342,-0.0342,-0.0203,-0.0654,0.0009,-0.024,-0.024,0.0272,0.0105,0.0008,0.004,-0.0749,-0.0954,-0.0442,-0.0457,0.0044,0.0051,0.0119,-0.0303,-0.0033,-0.0095,0.0039,-0.0056,-0.0317,-0.0048,-0.023,-0.0241,0.003,0.0006,-0.0066,0.0051,-0.0415,-0.0327,-0.028,-0.0086,-0.0175,0.0137,-0.0118,-0.1278,0.005,-0.1141,-0.1109,-0.0117,-0.1327,-0.0049,-0.067,-0.0897,-0.0231,0.0297,0.0126,0.0137,-0.0114,-0.0016,0.0003,-0.0831,-0.0162,-0.0835,-0.0716,0.0019,-0.0913,0.0034,-0.0467,-0.0584,-0.0195,0.0088,0.0036,0.0032,0.0032,-0.0147,0.0083,TRUE,TRUE
DTC_R_28,LanSi,1,CW_01,B,2026-03-28 10:10:37+08:00,ONLINE,FALSE,,CW_1_01,PASS,,,51.2161251,_2026032810103758801,T20260328101037,DESKTOP-P2DUL42,Loma,1,CW_1_01,1,paul di,2024.0718.155524,V20260126.2,CW_DTCL_DTCR_STC,T20260328101128,51.2161251,TRUE,TRUE,TRUE,TRUE,TRUE,TRUE,TRUE,4S2RND2HBL0DP6,v1.0.1,2025_12_22,315.3037,316.9185,475.5,297.1667,295.8836,148.6301,149.5789,337.2105,335.82,487.7267,-5.0828,-1.9695,-0.0001,0,-0.2222,1.5554,-0.2213,1.5507,0.6657,155.7764,153.0352,152.7881,155.5967,154.2991,0.8685,0.7791,0.8769,0.8312,0.7791,0.8237,0.7568,0.82,0.8188,0.7568,0.818,0.8141,0.8049,0.8341,0.7121,0.7293,0.8004,0.8138,0.7121,0.8423,0.7924,0.7992,0.9394,0.7924,0.8489,0.7756,0.7714,0.8243,0.7884,0.8226,0.8538,0.8538,0.7714,0,0,0,0,0,v1.0.1,2025_12_22,315.2086,316.9568,476.6423,297.073,295.7297,147.5878,148.3816,337.2895,335.961,488.6558,-5.1153,-1.9874,-0.0001,0,-0.222,1.5558,-0.2208,1.55,0.6657,164.8828,159.7178,168.6787,167.6367,165.229,0.7001,0.6602,0.7038,0.6914,0.6602,0.6796,0.6432,0.6644,0.6731,0.6432,0.6472,0.6528,0.6539,0.6647,0.6226,0.6298,0.6243,0.6457,0.6226,0.6773,0.6632,0.6644,0.1087,0.1087,0.6485,0.6427,0.6445,0.6708,0.66,0.6193,0.6549,0.6723,0.6193,0,0,0,0,0,v1.0.1,2025_12_22,317.5185,328.213,442.2679,313.2679,303.0484,196.4194,188.768,342.616,332.0439,458.2368,-2.7707,8.2506,0,0.0001,-0.2187,1.5609,-0.2109,1.559,0.6726,177.0469,176.4395,176.6055,178.2188,177.0776,0.8136,0.642,0.8201,0.6926,0.642,0.7738,0.6164,0.7879,0.7326,0.6164,0.7847,0.7782,0.7606,0.7675,0.7606,0.7488,0.6772,0.724,0,0.6772,0,0,0,0,0,v1.0.1,2025_12_22,317.5,328.5,443.1786,313.2411,302.8689,195.8197,187.8607,342.7131,332.0339,459.1441,-2.8116,8.3836,0,0.0001,-0.2203,1.5605,-0.2087,1.5595,0.6727,149.21,144.2256,145.7549,147.0547,146.5613,0.6599,0.5679,0.6768,0.6131,0.5679,0.6402,0.5396,0.6533,0.61,0.5396,0.634,0.6516,0.6335,0.639,0.6335,0.5966,0.5548,0.5634,0.3561,0.3561,0,0,0,0,0,-0.001,-0.108,-0.0063,-0.0457,-0.0904,-0.002,-0.0452,0.0125,-0.0228,-0.0452,0.0168,-0.0056,-0.0158,0.0174,-0.0941,-0.0856,0.0021,-0.019,-0.009,-0.0074,-0.009,-0.0548,-0.0069,-0.0273,-0.0489,-0.0034,-0.0088,-0.0067,-0.0079,-0.0088,0.0296,-0.0018,-0.0034,-0.0099,-0.0166,-0.0479,-0.0107,0.0071,-0.0107,0.0027,0.0089,-0.1845,-0.001,-0.1295,-0.1627,0.0048,-0.1421,0.0083,-0.057,-0.1421,0.0186,0.0166,0.0007,0.0243,0.0031,-0.0184,-0.0109,-0.1084,0.0024,-0.073,-0.1029,-0.0083,-0.1037,0.0058,-0.0367,-0.1037,0.0323,0.0082,0.0036,0.0129,0.0318,-0.0073,-0.031,TRUE,TRUE
DTC_L_28,LanSi,1,CW_01,B,2026-03-28 10:10:37+08:00,ONLINE,FALSE,,CW_1_01,PASS,,,51.4415255,_2026032810103737202,T20260328101037,DESKTOP-P2DUL42,Loma,1,CW_1_01,2,paul di,2024.0718.155524,V20260126.2,CW_DTCL_DTCR_STC,T20260328101128,51.4415255,TRUE,TRUE,TRUE,TRUE,TRUE,TRUE,TRUE,4S2RND2HBL06DS,v1.0.1,2025_12_22,313.9556,323.2889,473.8897,302.8309,294.5592,151.75,148,343.4539,333.0857,489.9786,-6.802,2.7605,-0.0001,0,-0.2267,1.5577,-0.2204,1.556,0.6666,156.127,152.2725,150.5205,155.4932,153.6033,0.8227,0.8003,0.8376,0.7903,0.7903,0.7787,0.7438,0.8064,0.7589,0.7438,0.8213,0.8238,0.81,0.7712,0.7383,0.7207,0.7438,0.6965,0.6965,0.8246,0.7324,0.8306,0.8314,0.7324,0.8406,0.7674,0.7758,0.8579,0.845,0.8242,0.7963,0.7742,0.7674,0,0,0,0,0,v1.0.1,2025_12_22,313.9366,323.338,475.0145,302.7464,294.457,150.6689,146.9603,343.4768,333.2086,491.0432,-6.7846,2.7547,-0.0001,0,-0.2266,1.5579,-0.2195,1.5559,0.6669,163.8369,159.3193,165.5537,164.957,163.4167,0.6763,0.6767,0.6892,0.6958,0.6763,0.6522,0.6242,0.6468,0.6539,0.6242,0.641,0.6438,0.6444,0.6366,0.6222,0.6296,0.6219,0.6127,0.6127,0.6764,0.5334,0.6733,0.6881,0.5334,0.6566,0.6371,0.6317,0.6932,0.6901,0.6732,0.6664,0.6406,0.6317,0,0,0,0,0,v1.0.1,2025_12_22,312.8286,315.5429,437.5351,301.3333,298.7769,184.0826,184.2459,330.3689,326.8729,446.1695,-7.4481,-4.0006,-0.0001,0,-0.2129,1.5638,-0.2143,1.5632,0.6749,175.6836,175.0117,172.8174,175.3457,174.7146,0.7932,0.6872,0.8065,0.6698,0.6698,0.7501,0.6289,0.7638,0.669,0.6289,0.7828,0.7667,0.7584,0.6971,0.6971,0.7182,0,0.7428,0.7422,0.7182,0,0,0,0,0,v1.0.1,2025_12_22,312.8286,315.4571,438.4286,301.1875,298.675,183.3417,183.395,330.395,326.8898,446.9746,-7.4566,-4.0288,-0.0001,0,-0.2126,1.5636,-0.2144,1.5638,0.6751,149.4209,144.5459,143.9736,147.0791,146.2549,0.6668,0.5962,0.6763,0.5979,0.5962,0.6264,0.5399,0.6267,0.5964,0.5399,0.6332,0.6327,0.6348,0.6136,0.6136,0.5909,0.5275,0.5887,0.5927,0.5275,0,0,0,0,0,-0.004,-0.058,0.0057,-0.0313,-0.0313,-0.0122,-0.0899,0.0046,-0.0248,-0.0399,0.02,0.0099,-0.009,0.0023,-0.0871,-0.1005,-0.0587,-0.0579,0.0064,0.0139,0.0024,-0.0314,-0.008,-0.0108,0.0024,-0.0126,-0.048,-0.0178,-0.017,-0.0404,-0.003,-0.0111,-0.0188,0.0001,-0.0471,-0.0356,-0.0268,-0.0044,-0.0111,0.0004,-0.0015,-0.1333,0.001,-0.1281,-0.1249,0.0006,-0.1636,0.0025,-0.0831,-0.1206,-0.0052,0.0109,0.0008,0.0032,-0.0294,0.009,0.0049,-0.0772,-0.0023,-0.0934,-0.0657,0.003,-0.1126,0.0071,-0.0429,-0.0797,-0.0071,0.0036,-0.0072,0.0152,0.0152,-0.0141,-0.0031,TRUE,TRUE
DTC_R_29,LanSi,1,CW_01,C,2026-03-28 10:12:31+08:00,ONLINE,FALSE,,CW_1_01,PASS,,,51.5998398,_2026032810123141401,T20260328101231,DESKTOP-P2DUL42,Loma,1,CW_1_01,1,paul di,2024.0718.155524,V20260126.2,CW_DTCL_DTCR_STC,T20260328101323,51.5998398,TRUE,TRUE,TRUE,TRUE,TRUE,TRUE,TRUE,4S2RND2HBL0DP6,v1.0.1,2025_12_22,315.0438,316.292,474.7132,296.4118,295.269,146.9034,149.5,336.5867,335.1837,485.6667,-5.5581,-3.1279,-0.0001,0,-0.2234,1.5541,-0.2215,1.5519,0.6653,155.3955,152.1006,152.1016,155.1797,153.6943,0.8634,0.8276,0.8711,0.8276,0.8276,0.8212,0.7545,0.8232,0.7841,0.7545,0.8234,0.804,0.8179,0.8197,0.7725,0.747,0.7461,0.7023,0.7023,0.8222,0.8194,0.8049,0.7045,0.7045,0.8571,0.7538,0.7623,0.8345,0.8127,0.8401,0.7519,0.8351,0.7519,0,0,0,0,0,v1.0.1,2025_12_22,315.0426,316.156,475.8417,296.2878,295.1156,145.9864,148.2632,336.6513,335.3562,486.6712,-5.5762,-3.1495,-0.0001,0,-0.2224,1.5537,-0.2218,1.5517,0.6653,164.3906,159.1016,167.8457,167.207,164.6362,0.7117,0.699,0.7189,0.7055,0.699,0.6733,0.6397,0.6737,0.6627,0.6397,0.6558,0.6556,0.658,0.6608,0.6417,0.6311,0.6026,0.6032,0.6026,0.6637,0.6614,0.6688,0.4554,0.4554,0.6506,0.646,0.6538,0.6812,0.6542,0.6493,0.6358,0.6887,0.6358,0,0,0,0,0,v1.0.1,2025_12_22,317.1415,327.7547,441.6261,312.6348,302.5669,195.0551,188.5447,342.122,331.7328,456.8966,-3.1776,7.3926,0,0.0001,-0.2204,1.5609,-0.2107,1.5578,0.6719,176.6592,175.665,175.874,177.4365,176.4087,0.8077,0.7151,0.8337,0.7179,0.7151,0.7762,0.6569,0.788,0.6971,0.6569,0.7786,0.7614,0.7713,0.755,0.755,0.658,0.658,0.7397,0,0.658,0,0,0,0,0,v1.0.1,2025_12_22,317.1604,327.8585,442.4522,312.6174,302.4754,194.4016,187.605,342.395,331.8482,457.6429,-3.1918,7.4831,0,0.0001,-0.2205,1.5607,-0.2112,1.5576,0.6716,148.6455,143.4805,145.5986,146.458,146.0457,0.6588,0.6147,0.6811,0.6093,0.6093,0.6448,0.5841,0.648,0.591,0.5841,0.6352,0.6472,0.6492,0.6128,0.6128,0.5446,0.5317,0.5912,0.3322,0.3322,0,0,0,0,0,-0.0061,-0.0595,-0.0121,-0.0493,-0.0419,-0.0045,-0.0475,0.0157,-0.0575,-0.0475,0.0222,-0.0157,-0.0028,0.003,-0.0337,-0.0679,-0.0522,-0.1305,-0.0291,-0.0017,0.0026,-0.016,0.0082,-0.0132,-0.0101,-0.0097,-0.0123,0.0026,-0.0183,-0.0123,0.0382,0.001,0.0007,-0.0138,0.0025,-0.0466,-0.0324,-0.0354,-0.0243,0.0071,0.003,-0.1114,0.0126,-0.1042,-0.0896,0.0072,-0.1016,0.0084,-0.0925,-0.1016,0.0125,-0.0002,0.0114,0.0118,-0.0877,-0.0027,-0.012,-0.0616,0.0067,-0.0768,-0.0615,-0.0037,-0.0592,0.0005,-0.0557,-0.0592,0.0335,0.0038,0.0193,-0.0133,0.0111,-0.0593,-0.0032,TRUE,TRUE
DTC_L_29,LanSi,1,CW_01,C,2026-03-28 10:12:31+08:00,ONLINE,FALSE,,CW_1_01,PASS,,,51.4432579,_2026032810123154902,T20260328101231,DESKTOP-P2DUL42,Loma,1,CW_1_01,2,paul di,2024.0718.155524,V20260126.2,CW_DTCL_DTCR_STC,T20260328101322,51.4432579,TRUE,TRUE,TRUE,TRUE,TRUE,TRUE,TRUE,4S2RND2HBL06DS,v1.0.1,2025_12_22,313.9783,323.0435,473.854,302.438,294.5419,151.1032,148,343.0479,333.0214,490.0429,-6.8209,2.4351,-0.0001,0,-0.2277,1.5577,-0.2194,1.5567,0.6668,156.4131,152.3008,150.4824,155.8252,153.7554,0.8271,0.8033,0.8461,0.7879,0.7879,0.7829,0.7758,0.8012,0.7525,0.7525,0.8168,0.804,0.8131,0.7784,0.7592,0.7457,0.7681,0.7267,0.7267,0.823,0.5486,0.8232,0.832,0.5486,0.8329,0.7573,0.7522,0.851,0.8436,0.8329,0.7983,0.7812,0.7522,0,0,0,0,0,v1.0.1,2025_12_22,313.9353,323.0647,474.9507,302.2042,294.3987,150.1634,146.9048,343.2381,333.2158,491.1223,-6.819,2.4586,-0.0001,0,-0.2283,1.5578,-0.2197,1.5561,0.6665,164.5928,160.0225,166.2627,165.6475,164.1313,0.6787,0.6746,0.6935,0.6913,0.6746,0.6472,0.6391,0.6505,0.6526,0.6391,0.6454,0.6535,0.6487,0.6463,0.6268,0.6395,0.6312,0.6254,0.6254,0.6717,0.464,0.6706,0.6919,0.464,0.6697,0.6519,0.6071,0.6767,0.6834,0.6855,0.6774,0.6283,0.6071,0,0,0,0,0,v1.0.1,2025_12_22,312.7407,315.2685,437.5398,300.7699,298.7603,183.7438,184.2358,330.0569,326.6271,446.3729,-7.5192,-4.2576,-0.0001,0,-0.2151,1.5644,-0.2141,1.5648,0.675,175.8691,174.917,172.7783,175.0332,174.6494,0.7856,0.6979,0.8052,0.689,0.689,0.7431,0.6593,0.765,0.6673,0.6593,0.777,0.7711,0.7673,0.689,0.689,0.7365,0,0.741,0.7343,0.7343,0,0,0,0,0,v1.0.1,2025_12_22,312.6381,315.1619,438.4522,300.6174,298.6364,182.876,183.3821,330.1382,326.7603,447.1157,-7.5262,-4.3182,-0.0001,0,-0.2146,1.5648,-0.2148,1.5637,0.6748,149.9648,144.5889,144.252,147.5273,146.5833,0.6511,0.5973,0.6744,0.6046,0.5973,0.6323,0.5641,0.6319,0.5927,0.5641,0.6321,0.6352,0.6324,0.6027,0.6027,0.6012,0.5197,0.5958,0.5798,0.5197,0,0,0,0,0,0.0004,-0.055,0.0142,-0.0337,-0.0337,-0.008,-0.0579,-0.0006,-0.0312,-0.0312,0.0155,-0.0099,-0.0059,0.0095,-0.0662,-0.0755,-0.0344,-0.0277,0.0048,0.0065,0.0048,-0.0335,-0.0037,-0.0153,0.0007,-0.0176,-0.0331,-0.0141,-0.0183,-0.0255,0.0014,-0.0014,-0.0145,0.0098,-0.0425,-0.0257,-0.0175,0.0083,-0.0158,-0.0023,-0.0091,-0.1226,-0.0003,-0.1089,-0.1057,-0.0064,-0.1332,0.0037,-0.0848,-0.0902,-0.011,0.0153,0.0097,-0.0049,-0.0111,0.0072,-0.0108,-0.0761,-0.0042,-0.0867,-0.0646,0.0089,-0.0884,0.0123,-0.0466,-0.0555,-0.0082,0.0061,-0.0096,0.0043,0.0043,-0.0038,0.004,TRUE,TRUE
DTC_R_30,LanSi,1,CW_01,A,2026-03-28 10:14:23+08:00,ONLINE,FALSE,,CW_1_01,FAIL,SFR_VIS_25cm_Ny4_01F_ROI2_Dev;SFR_VIS_25cm_Ny4_01F_ROI4_Dev;SFR_VIS_25cm_Ny4_01F_Min_Dev;SFR_VIS_25cm_Ny4_03F_ROI8_Dev,Dev,51.2139029,_2026032810142334201,T20260328101423,DESKTOP-P2DUL42,Loma,1,CW_1_01,1,paul di,2024.0718.155524,V20260126.2,CW_DTCL_DTCR_STC,T20260328101514,51.2139029,TRUE,TRUE,TRUE,TRUE,TRUE,TRUE,TRUE,4S2RND2HBL0DP6,v1.0.1,2025_12_22,315.5344,317.8702,475.6544,298.3603,295.8182,149.2308,149.6803,337.898,336.1067,485.7733,-4.9412,-1.6735,0,0,-0.2207,1.5539,-0.2197,1.5484,0.6655,154.3809,149.8818,150.0156,153.4961,151.9436,0.8078,0.7337,0.787,0.724,0.724,0.759,0.7081,0.7692,0.7102,0.7081,0.8189,0.7902,0.7816,0.8162,0.7296,0.718,0.7372,0.7337,0.718,0.8338,0.7861,0.7806,0.98,0.7806,0.848,0.7695,0.7796,0.8199,0.7957,0.7016,0.8228,0.8302,0.7016,0,0,0,0,0,v1.0.1,2025_12_22,315.3358,317.708,476.7246,298.1884,295.6966,148.1793,148.4189,337.9595,336.1533,486.7867,-5.0342,-1.7356,-0.0001,0,-0.2198,1.5549,-0.2202,1.5478,0.6657,161.2568,155.7236,164.6562,164.0967,161.4333,0.6708,0.6529,0.6709,0.6548,0.6529,0.6644,0.6289,0.6383,0.6365,0.6289,0.6569,0.6354,0.6395,0.6533,0.6346,0.6324,0.6034,0.6268,0.6034,0.6754,0.6657,0.682,0.0883,0.0883,0.6509,0.6577,0.6517,0.6622,0.6562,0.6398,0.6322,0.6785,0.6322,0,0,0,0,0,v1.0.1,2025_12_22,317.7157,329.0196,442.3571,314.4018,303.0579,197.0909,189.024,343.456,332.3248,457.1282,-2.6041,8.7193,0,0.0001,-0.2162,1.5596,-0.2112,1.5567,0.6722,174.957,171.9248,172.0508,175.124,173.5142,0.7629,0.6108,0.7391,0.5787,0.5787,0.7318,0.5794,0.7182,0.6078,0.5794,0.7703,0.7374,0.7325,0.7419,0.7325,0.7498,0.6507,0.7305,0,0.6507,0,0,0,0,0,v1.0.1,2025_12_22,317.75,329.125,443.2679,314.2679,303,196.3388,188.0488,343.4878,332.3913,457.9565,-2.6084,8.7352,0,0.0001,-0.2173,1.5597,-0.2098,1.5571,0.6724,145.8535,140.6006,142.2666,143.9678,143.1721,0.6521,0.5632,0.6356,0.5496,0.5496,0.6332,0.5498,0.622,0.5627,0.5498,0.6322,0.6271,0.6253,0.6332,0.6253,0.5934,0.5444,0.5846,0.3932,0.3932,0,0,0,0,0,-0.0617,-0.1534,-0.0962,-0.1529,-0.1455,-0.0667,-0.0939,-0.0383,-0.1314,-0.0939,0.0177,-0.0295,-0.0391,-0.0005,-0.0766,-0.0969,-0.0611,-0.0991,-0.0175,-0.026,-0.0383,-0.0621,-0.0398,-0.0639,-0.0562,-0.0186,-0.0231,-0.0328,-0.0445,-0.0231,0.0393,-0.0192,-0.0178,-0.0213,-0.0046,-0.0453,-0.0316,-0.0118,-0.0126,0.0203,-0.0418,-0.2157,-0.082,-0.2434,-0.226,-0.0372,-0.1791,-0.0614,-0.1818,-0.1791,0.0042,-0.0242,-0.0274,-0.0013,0.0041,-0.0119,-0.0187,-0.1131,-0.0388,-0.1365,-0.1212,-0.0153,-0.0935,-0.0255,-0.084,-0.0935,0.0305,-0.0163,-0.0046,0.0071,0.0236,-0.0105,-0.0098,TRUE,TRUE
DTC_L_30,LanSi,1,CW_01,A,2026-03-28 10:14:23+08:00,ONLINE,FALSE,,CW_1_01,PASS,,,51.4635939,_2026032810142310002,T20260328101423,DESKTOP-P2DUL42,Loma,1,CW_1_01,2,paul di,2024.0718.155524,V20260126.2,CW_DTCL_DTCR_STC,T20260328101514,51.4635939,TRUE,TRUE,TRUE,TRUE,TRUE,TRUE,TRUE,4S2RND2HBL06DS,v1.0.1,2025_12_22,314.3358,323.9552,474.237,303.8519,294.9408,153.4342,148.3933,343.8733,333.6835,489.5468,-6.3819,3.4323,-0.0001,0,-0.2246,1.557,-0.2189,1.554,0.6669,154.7549,150.3799,148.6445,153.8633,151.9106,0.8269,0.7941,0.8398,0.7709,0.7709,0.7737,0.764,0.7985,0.7339,0.7339,0.7931,0.7979,0.8213,0.7678,0.7469,0.7266,0.7483,0.6899,0.6899,0.8162,0.3375,0.8097,0.8312,0.3375,0.8375,0.7639,0.7574,0.8305,0.8286,0.8187,0.7714,0.7835,0.7574,0,0,0,0,0,v1.0.1,2025_12_22,314.292,324,475.3786,303.5214,294.9408,152.4342,147.3129,343.9592,333.7589,490.6099,-6.3634,3.405,-0.0001,0,-0.2259,1.558,-0.2185,1.554,0.6669,162.9004,158.4062,164.7607,163.7256,162.4482,0.6845,0.6781,0.695,0.6889,0.6781,0.654,0.6401,0.6508,0.6496,0.6401,0.6457,0.6491,0.6558,0.6367,0.6237,0.6399,0.6301,0.6048,0.6048,0.6799,0.4891,0.6695,0.6754,0.4891,0.6536,0.6602,0.6445,0.6755,0.6926,0.6993,0.661,0.6237,0.6237,0,0,0,0,0,v1.0.1,2025_12_22,313,316.3962,438,302.0545,299.0924,185.7899,184.6364,330.9421,327.0431,446.1293,-7.1456,-3.2376,-0.0001,0,-0.2137,1.5642,-0.2123,1.5625,0.6752,175.4023,173.9512,172.3203,174.7832,174.1143,0.7834,0.6899,0.8125,0.6682,0.6682,0.7402,0.6625,0.7574,0.6662,0.6625,0.774,0.7608,0.7644,0.6917,0.6917,0.7295,0,0.7217,0.7152,0.7152,0,0,0,0,0,v1.0.1,2025_12_22,313.0385,316.1923,438.7658,301.8739,299,184.8974,183.7583,331.0333,327.2069,446.9569,-7.1461,-3.3092,-0.0001,0,-0.2129,1.5638,-0.2138,1.5624,0.6749,148.3643,143.2705,143.1406,146.2324,145.252,0.6605,0.5929,0.6853,0.6072,0.5929,0.6178,0.5757,0.6273,0.5812,0.5757,0.6384,0.6378,0.6432,0.6109,0.6109,0.59,0.5404,0.5696,0.5847,0.5404,0,0,0,0,0,0.0002,-0.0642,0.0079,-0.0507,-0.0507,-0.0172,-0.0697,-0.0033,-0.0498,-0.0498,-0.0082,-0.016,0.0023,-0.0011,-0.0785,-0.0946,-0.0542,-0.0645,-0.002,-0.007,0.0106,-0.03,-0.0022,-0.0177,0.0042,-0.0108,-0.0321,-0.0138,-0.0213,-0.0245,0.0017,-0.0058,-0.0074,0.0002,-0.0456,-0.0253,-0.0186,-0.0123,-0.0076,-0.0034,-0.0113,-0.1306,0.007,-0.1297,-0.1265,-0.0093,-0.13,-0.0039,-0.0859,-0.087,-0.014,0.005,0.0068,-0.0022,-0.0181,-0.0121,-0.0014,-0.0805,0.0067,-0.0841,-0.069,-0.0056,-0.0768,0.0077,-0.0581,-0.0439,-0.0019,0.0087,0.0012,0.0125,0.0125,-0.015,-0.0222,TRUE,TRUE
DTC_R_31,LanSi,1,CW_01,B,2026-03-28 10:16:26+08:00,ONLINE,FALSE,,CW_1_01,FAIL,SFR_VIS_25cm_Ny4_01F_ROI2_Dev;SFR_VIS_25cm_Ny4_01F_ROI4_Dev;SFR_VIS_25cm_Ny4_01F_Min_Dev;SFR_VIS_25cm_Ny4_03F_ROI8_Dev,Dev,51.6822026,_2026032810162698101,T20260328101626,DESKTOP-P2DUL42,Loma,1,CW_1_01,1,paul di,2024.0718.155524,V20260126.2,CW_DTCL_DTCR_STC,T20260328101718,51.6822026,TRUE,TRUE,TRUE,TRUE,TRUE,TRUE,TRUE,4S2RND2HBL0DP6,v1.0.1,2025_12_22,315.2388,317.8209,475.7185,298.363,295.7517,149.4759,149.8207,337.9931,335.9796,484.6803,-4.9981,-1.8334,0,0,-0.2201,1.555,-0.2208,1.5466,0.6652,153.2061,148.7812,148.5859,152.208,150.6953,0.7927,0.7339,0.7882,0.7143,0.7143,0.7658,0.7162,0.7622,0.6843,0.6843,0.8239,0.7858,0.7704,0.8077,0.7292,0.7065,0.7213,0.7118,0.7065,0.8393,0.8099,0.8102,0.98,0.8099,0.8563,0.7715,0.7541,0.83,0.779,0.7177,0.7952,0.8403,0.7177,0,0,0,0,0,v1.0.1,2025_12_22,315.2555,317.7518,476.8043,298.1667,295.5878,148.5,148.6486,338.0135,336,485.723,-5.0407,-1.869,-0.0001,0,-0.2201,1.5546,-0.2205,1.5474,0.6653,161.9912,155.7314,164.9482,164.5859,161.8142,0.6614,0.65,0.6717,0.6479,0.6479,0.6669,0.6308,0.6376,0.6129,0.6129,0.6453,0.6378,0.6442,0.6625,0.629,0.6371,0.601,0.5997,0.5997,0.6771,0.6645,0.655,0.1275,0.1275,0.664,0.6629,0.6441,0.6731,0.6429,0.5994,0.6323,0.6723,0.5994,0,0,0,0,0,v1.0.1,2025_12_22,317.6117,329.0583,442.3153,314.2432,303.0417,197.1417,189.122,343.4553,332.2613,456.3423,-2.6296,8.5482,0,0.0001,-0.2177,1.5603,-0.2111,1.5557,0.6718,174.3564,171.8525,171.8623,174.4102,173.1204,0.7373,0.6196,0.7373,0.5767,0.5767,0.7257,0.5963,0.7238,0.5741,0.5741,0.7724,0.7525,0.7239,0.7211,0.7211,0.7358,0.667,0.7372,0,0.667,0,0,0,0,0,v1.0.1,2025_12_22,317.5534,329.0097,443.2432,314.3153,302.9504,196.4215,188.1405,343.4711,332.3043,457.1391,-2.6616,8.5713,0,0.0001,-0.2159,1.5606,-0.2108,1.5557,0.6724,146.8643,140.5986,142.6475,144.4014,143.6279,0.6414,0.5683,0.64,0.556,0.556,0.6211,0.5499,0.6121,0.5192,0.5192,0.6421,0.6223,0.6146,0.6238,0.6146,0.5966,0.5639,0.5692,0.3882,0.3882,0,0,0,0,0,-0.0768,-0.1532,-0.095,-0.1626,-0.1552,-0.0599,-0.0858,-0.0453,-0.1573,-0.1177,0.0227,-0.0339,-0.0503,-0.009,-0.077,-0.1084,-0.077,-0.121,-0.012,0.0036,-0.0477,-0.065,-0.039,-0.0708,-0.0612,-0.0161,-0.0212,-0.0335,-0.0681,-0.0391,0.0277,-0.0168,-0.0131,-0.0121,-0.0102,-0.0406,-0.034,-0.0389,-0.0109,-0.0067,-0.0674,-0.2069,-0.0838,-0.2454,-0.228,-0.0433,-0.1622,-0.0558,-0.2155,-0.1844,0.0063,-0.0091,-0.036,-0.0221,-0.0099,-0.0052,-0.0294,-0.108,-0.0344,-0.1301,-0.1148,-0.0274,-0.0934,-0.0354,-0.1275,-0.1241,0.0404,-0.0211,-0.0153,-0.0023,0.0129,-0.0073,-0.0252,TRUE,TRUE
DTC_L_31,LanSi,1,CW_01,B,2026-03-28 10:16:26+08:00,ONLINE,FALSE,,CW_1_01,PASS,,,51.8078669,_2026032810162686502,T20260328101626,DESKTOP-P2DUL42,Loma,1,CW_1_01,2,paul di,2024.0718.155524,V20260126.2,CW_DTCL_DTCR_STC,T20260328101718,51.8078669,TRUE,TRUE,TRUE,TRUE,TRUE,TRUE,TRUE,4S2RND2HBL06DS,v1.0.1,2025_12_22,315.2132,322.7279,475.4511,302,296.1409,152.1678,150.0805,342.396,334.5564,487.7744,-5.2116,1.9132,-0.0001,0,-0.2281,1.5589,-0.218,1.5536,0.6666,155.8486,151.9873,150.0928,155.3086,153.3093,0.8219,0.8103,0.8512,0.7877,0.7877,0.7804,0.7654,0.8052,0.7434,0.7434,0.813,0.8117,0.802,0.7738,0.7611,0.7244,0.7471,0.6987,0.6987,0.8331,0.98,0.8198,0.7709,0.7709,0.847,0.7679,0.7237,0.832,0.8148,0.7881,0.7662,0.7745,0.7237,0,0,0,0,0,v1.0.1,2025_12_22,315.1691,322.7647,476.6296,301.9556,296.1007,151.2349,148.9333,342.56,334.7153,488.7883,-5.1904,1.9607,-0.0001,0,-0.2277,1.5596,-0.218,1.5531,0.6667,162.9639,159.1738,165.1719,164.2266,162.884,0.6675,0.6766,0.6968,0.6898,0.6675,0.6591,0.6338,0.6586,0.6386,0.6338,0.6551,0.65,0.6479,0.6427,0.6306,0.6199,0.6297,0.6128,0.6128,0.685,0.4092,0.6828,0.6545,0.4092,0.6668,0.651,0.6167,0.6729,0.6628,0.6692,0.6707,0.6478,0.6167,0,0,0,0,0,v1.0.1,2025_12_22,314,314.9029,438.9459,300.5045,300.377,184.2377,186.2941,329.4958,328.1429,444.5179,-5.948,-4.7682,-0.0001,0,-0.2142,1.5664,-0.2133,1.5616,0.6751,175.7246,174.9443,173.0342,175.0928,174.699,0.7983,0.7107,0.786,0.6846,0.6846,0.7458,0.6549,0.7609,0.6381,0.6381,0.7789,0.7606,0.7677,0.7057,0.7057,0.723,0,0.7153,0.6564,0.6564,0,0,0,0,0,v1.0.1,2025_12_22,314,314.9029,439.687,300.513,300.3103,183.5,185.395,329.605,328.1062,445.3805,-6.0003,-4.7197,-0.0001,0,-0.2135,1.5665,-0.2133,1.5626,0.6756,148.7871,144.3135,143.3037,146.458,145.7156,0.6625,0.6041,0.6682,0.6054,0.6041,0.6275,0.5673,0.6353,0.5674,0.5673,0.6312,0.6386,0.632,0.6267,0.6267,0.5711,0.5095,0.5686,0.5515,0.5095,0,0,0,0,0,-0.0048,-0.048,0.0193,-0.0339,-0.0339,-0.0105,-0.0683,0.0034,-0.0403,-0.0403,0.0117,-0.0022,-0.017,0.0049,-0.0643,-0.0968,-0.0554,-0.0557,0.0149,0.0031,-0.0064,-0.0315,-0.0004,-0.0168,-0.0064,-0.0057,-0.0384,-0.006,-0.0323,-0.0308,0.0111,-0.0049,-0.0153,0.0062,-0.0387,-0.0453,-0.019,-0.0043,-0.0025,0.0099,0.0036,-0.1098,-0.0195,-0.1133,-0.1101,-0.0037,-0.1376,-0.0004,-0.114,-0.1114,-0.0091,0.0048,0.0101,0.0118,-0.0246,-0.0185,0.0006,-0.0693,-0.0104,-0.0859,-0.0578,0.0041,-0.0852,0.0157,-0.0719,-0.0523,-0.0091,0.0095,-0.01,0.0283,0.0283,-0.0339,-0.0232,TRUE,TRUE
DTC_L_32,LanSi,1,CW_01,C,2026-03-28 10:19:10+08:00,ONLINE,FALSE,,CW_1_01,PASS,,,51.9323578,_2026032810191096402,T20260328101910,DESKTOP-P2DUL42,Loma,1,CW_1_01,2,paul di,2024.0718.155524,V20260126.2,CW_DTCL_DTCR_STC,T20260328102002,51.9323578,TRUE,TRUE,TRUE,TRUE,TRUE,TRUE,TRUE,4S2RND2HBL06DS,v1.0.1,2025_12_22,314.1985,323.8235,474.2899,303.413,294.9597,153.255,148.457,343.6026,333.6296,489.9556,-6.3931,3.31,-0.0001,0,-0.2263,1.558,-0.2183,1.5538,0.6668,155.0801,151.0254,149.002,153.791,152.2246,0.8162,0.7945,0.8517,0.7798,0.7798,0.7783,0.7526,0.7993,0.7431,0.7431,0.8099,0.8095,0.8157,0.7723,0.7536,0.7119,0.7537,0.7057,0.7057,0.8241,0.98,0.8224,0.8338,0.8224,0.8317,0.7691,0.7681,0.833,0.8319,0.8364,0.7895,0.7906,0.7681,0,0,0,0,0,v1.0.1,2025_12_22,314.1957,323.8333,475.3406,303.3406,294.8243,152.3041,147.3467,343.7667,333.8143,490.9143,-6.3957,3.3318,-0.0001,0,-0.226,1.5578,-0.2184,1.5534,0.6667,163.707,159.3115,165.415,164.6885,163.2805,0.6855,0.6787,0.6845,0.6879,0.6787,0.6557,0.6289,0.6505,0.6422,0.6289,0.6449,0.6604,0.6567,0.6316,0.6318,0.6201,0.6321,0.6168,0.6168,0.6789,0.4661,0.6756,0.6989,0.4661,0.668,0.6527,0.6486,0.686,0.6827,0.6845,0.6729,0.6376,0.6376,0,0,0,0,0,v1.0.1,2025_12_22,313,316.0971,437.973,301.7928,299.2437,185.4706,184.65,330.6333,327.0769,446.1709,-7.1113,-3.4671,-0.0001,0,-0.2134,1.5654,-0.2123,1.5625,0.6755,175.8604,174.9238,172.5908,175.0635,174.6096,0.7926,0.687,0.8073,0.6768,0.6768,0.7473,0.6598,0.7619,0.6673,0.6598,0.7981,0.7719,0.7682,0.6984,0.6984,0.7283,0,0.7302,0.7354,0.7283,0,0,0,0,0,v1.0.1,2025_12_22,313.0583,316,438.7321,301.7321,299.0522,184.8174,183.7805,330.6748,327.2521,447.0504,-7.125,-3.445,-0.0001,0,-0.2125,1.5639,-0.2125,1.5624,0.6753,149.1836,144.3613,143.3789,146.5967,145.8801,0.6577,0.5741,0.6779,0.5862,0.5741,0.6215,0.5769,0.6265,0.5961,0.5769,0.6374,0.6377,0.6375,0.5972,0.5972,0.5772,0.5517,0.5947,0.5864,0.5517,0,0,0,0,0,-0.0105,-0.0638,0.0198,-0.0418,-0.0418,-0.0126,-0.0811,-0.0025,-0.0406,-0.0406,0.0086,-0.0044,-0.0033,0.0034,-0.0718,-0.1093,-0.0488,-0.0487,0.0059,0.0057,0.0116,-0.0294,-0.0127,-0.0187,0.0048,-0.0091,-0.0433,-0.0141,-0.0287,-0.0357,0.0009,0.0055,-0.0065,-0.0049,-0.0375,-0.0451,-0.0166,-0.0003,-0.0086,0.0027,-0.0021,-0.1335,0.0018,-0.1211,-0.1179,-0.0022,-0.1327,0.0006,-0.0848,-0.0897,0.0101,0.0161,0.0106,0.0045,-0.0193,-0.0036,-0.0042,-0.0993,-0.0007,-0.1051,-0.0878,-0.0019,-0.0756,0.0069,-0.0432,-0.0427,-0.0029,0.0086,-0.0045,-0.0012,-0.0012,-0.0278,0.0029,TRUE,TRUE
DTC_R_32,LanSi,1,CW_01,C,2026-03-28 10:19:10+08:00,ONLINE,FALSE,,CW_1_01,FAIL,SFR_VIS_25cm_Ny4_01F_ROI2_Dev;SFR_VIS_25cm_Ny4_01F_ROI4_Dev;SFR_VIS_25cm_Ny4_01F_Min_Dev;SFR_VIS_25cm_Ny4_03F_ROI8_Dev,Dev,52.1218505,_2026032810191074501,T20260328101910,DESKTOP-P2DUL42,Loma,1,CW_1_01,1,paul di,2024.0718.155524,V20260126.2,CW_DTCL_DTCR_STC,T20260328102002,52.1218505,TRUE,TRUE,TRUE,TRUE,TRUE,TRUE,TRUE,4S2RND2HBL0DP6,v1.0.1,2025_12_22,315.1103,316.8309,475.2815,297.1556,295.5448,148.4069,149.3129,336.9592,335.7517,484.0621,-5.2997,-2.8171,-0.0001,0,-0.2217,1.5546,-0.2203,1.5475,0.665,152.9287,149.8291,149.5566,152.4951,151.2024,0.8065,0.7495,0.7945,0.7304,0.7304,0.7511,0.723,0.76,0.7158,0.7158,0.8132,0.7883,0.7932,0.7997,0.7261,0.7224,0.7369,0.7494,0.7224,0.8123,0.8046,0.8088,0.4746,0.4746,0.846,0.7794,0.7752,0.8199,0.7921,0.1094,0.7992,0.8657,0.1094,0,0,0,0,0,v1.0.1,2025_12_22,315.0362,316.8841,476.2847,297.0657,295.3378,147.3716,148.1319,337,335.8716,485.223,-5.3675,-2.7911,-0.0001,0,-0.2218,1.5546,-0.2194,1.5471,0.6651,160.6689,154.3564,163.627,163.5889,160.5603,0.6765,0.656,0.6948,0.6588,0.656,0.6497,0.6477,0.6393,0.6246,0.6246,0.6494,0.6276,0.6457,0.6585,0.6395,0.6355,0.6092,0.6299,0.6092,0.6739,0.6671,0.666,0.1755,0.1755,0.6594,0.6502,0.6481,0.6818,0.6307,0.5521,0.6169,0.6682,0.5521,0,0,0,0,0,v1.0.1,2025_12_22,317.5,328.1132,442.1376,313.3211,303,196.3934,188.8361,342.4836,332,455.5818,-2.8053,7.6786,0,0.0001,-0.2176,1.5606,-0.2107,1.557,0.6723,172.9424,171.8896,172.1162,173.9199,172.717,0.7634,0.616,0.7419,0.5913,0.5913,0.727,0.5904,0.7257,0.6081,0.5904,0.7722,0.7486,0.7342,0.7323,0.7323,0.7174,0.6627,0.7371,0,0.6627,0,0,0,0,0,v1.0.1,2025_12_22,317.3302,328.2264,442.9817,313.2385,302.7083,195.625,187.8678,342.5372,332.0727,456.5,-2.9079,7.7254,0,0.0001,-0.2182,1.5605,-0.2096,1.5559,0.6721,145.2529,139.374,141.5186,143.7139,142.4648,0.6474,0.5498,0.6413,0.5666,0.5498,0.6195,0.5509,0.6214,0.5399,0.5399,0.6365,0.6326,0.6131,0.611,0.611,0.5812,0.5583,0.5721,0.3446,0.3446,0,0,0,0,0,-0.063,-0.1376,-0.0887,-0.1465,-0.1391,-0.0746,-0.079,-0.0475,-0.1258,-0.0862,0.012,-0.0314,-0.0275,-0.017,-0.0801,-0.0925,-0.0614,-0.0834,-0.039,0.0022,-0.0326,-0.059,-0.0159,-0.0599,-0.0531,-0.0333,-0.0043,-0.0318,-0.0564,-0.0274,0.0318,-0.027,-0.0116,-0.0161,0.0003,-0.0422,-0.0258,-0.0087,-0.0141,0.0043,-0.0413,-0.2105,-0.0792,-0.2308,-0.2134,-0.042,-0.1681,-0.0539,-0.1815,-0.1681,0.0061,-0.013,-0.0257,-0.0109,-0.0283,-0.0053,-0.0234,-0.1265,-0.0331,-0.1195,-0.121,-0.029,-0.0924,-0.0261,-0.1068,-0.1034,0.0348,-0.0108,-0.0168,-0.0151,0.0093,-0.0227,-0.0223,TRUE,TRUE
DTC_R_33,LanSi,1,CW_01,A,2026-03-28 10:21:01+08:00,ONLINE,FALSE,,CW_1_01,FAIL,SFR_VIS_25cm_Ny4_01F_ROI2_Dev;SFR_VIS_25cm_Ny4_01F_ROI4_Dev;SFR_VIS_25cm_Ny4_01F_Min_Dev,Dev,51.7752986,_2026032810210180701,T20260328102101,DESKTOP-P2DUL42,Loma,1,CW_1_01,1,paul di,2024.0718.155524,V20260126.2,CW_DTCL_DTCR_STC,T20260328102153,51.7752986,TRUE,TRUE,TRUE,TRUE,TRUE,TRUE,TRUE,4S2RND2HBL0DP6,v1.0.1,2025_12_22,315.374,316.8473,475.6515,297.197,295.8951,149.0909,149.6533,336.7667,336.0671,486.2483,-4.9718,-2.27,0,0,-0.2215,1.5547,-0.2191,1.5487,0.6657,153.2852,148.9443,148.8984,152.7051,150.9583,0.8123,0.717,0.7941,0.7412,0.717,0.7597,0.6887,0.7632,0.7563,0.6887,0.8243,0.7838,0.7829,0.8151,0.7041,0.6966,0.7663,0.7968,0.6966,0.8417,0.7934,0.7973,0.9761,0.7934,0.8254,0.7685,0.7636,0.8183,0.8073,0.735,0.8398,0.8403,0.735,0,0,0,0,0,v1.0.1,2025_12_22,315.2574,316.8015,476.7353,297.1103,295.8182,148.0699,148.457,336.9073,336.14,487.3067,-5.0184,-2.2609,-0.0001,0,-0.2208,1.5556,-0.2194,1.5484,0.6659,162.5723,156.0586,165.2344,164.9932,162.2146,0.6652,0.6418,0.6842,0.6781,0.6418,0.6534,0.6126,0.6447,0.6491,0.6126,0.6372,0.6542,0.6399,0.6613,0.6174,0.6051,0.603,0.6421,0.603,0.6881,0.6446,0.6573,0.026,0.026,0.6285,0.6485,0.6384,0.6779,0.6574,0.6099,0.65,0.6759,0.6099,0,0,0,0,0,v1.0.1,2025_12_22,317.6602,328.0194,442.3153,313.2432,303,196.9174,189.024,342.456,332.2783,457.2,-2.6444,8.0672,0,0.0001,-0.2175,1.5589,-0.2112,1.5576,0.672,174.4316,172.1309,172.2939,174.9463,173.4507,0.7506,0.5736,0.7351,0.6289,0.5736,0.7301,0.5535,0.7184,0.6713,0.5535,0.7729,0.7477,0.7247,0.7614,0.7247,0.7391,0.6747,0.7178,0,0.6747,0,0,0,0,0,v1.0.1,2025_12_22,317.5534,327.9903,443.2793,313.2162,303,196,188.0488,342.5122,332.2564,458.0513,-2.6724,8.054,0,0.0001,-0.2165,1.5605,-0.2112,1.5577,0.6726,147.2393,141.084,143.0879,145.0146,144.1064,0.6451,0.5375,0.6388,0.5919,0.5375,0.6345,0.5193,0.6191,0.5831,0.5193,0.637,0.6228,0.6248,0.6328,0.6228,0.5892,0.5546,0.5932,0.3272,0.3272,0,0,0,0,0,-0.0572,-0.1701,-0.0891,-0.1357,-0.1525,-0.066,-0.1133,-0.0443,-0.0853,-0.1133,0.0231,-0.0359,-0.0378,-0.0016,-0.1021,-0.1183,-0.032,-0.036,-0.0096,-0.0093,-0.0439,-0.0732,-0.0265,-0.0406,-0.0673,-0.0296,-0.0394,-0.0264,-0.0319,-0.0394,0.0196,-0.0004,-0.0174,-0.0133,-0.0218,-0.0726,-0.032,0.0035,0.0001,-0.0044,-0.0541,-0.2529,-0.086,-0.1932,-0.2311,-0.0389,-0.205,-0.0612,-0.1183,-0.205,0.0068,-0.0139,-0.0352,0.0182,-0.0066,-0.0246,-0.0257,-0.1388,-0.0356,-0.0942,-0.1333,-0.014,-0.124,-0.0284,-0.0636,-0.124,0.0353,-0.0206,-0.0051,0.0067,0.0211,-0.0147,-0.0012,TRUE,TRUE
DTC_L_33,LanSi,1,CW_01,A,2026-03-28 10:21:01+08:00,ONLINE,FALSE,,CW_1_01,PASS,,,51.796242,_2026032810210180702,T20260328102101,DESKTOP-P2DUL42,Loma,1,CW_1_01,2,paul di,2024.0718.155524,V20260126.2,CW_DTCL_DTCR_STC,T20260328102153,51.796242,TRUE,TRUE,TRUE,TRUE,TRUE,TRUE,TRUE,4S2RND2HBL06DS,v1.0.1,2025_12_22,315.3684,321.1353,475.6917,300.0977,296.1908,149.8684,150.2568,340.9189,334.8015,486.8235,-5.0382,0.2688,-0.0001,0,-0.23,1.5588,-0.2187,1.5535,0.6659,156.5176,152.1484,150.1523,155.6035,153.6055,0.8216,0.8114,0.8335,0.7807,0.7807,0.7775,0.7684,0.8083,0.7504,0.7504,0.8206,0.8175,0.8177,0.7498,0.785,0.7365,0.7402,0.6909,0.6909,0.8217,0.98,0.8231,0.7962,0.7962,0.849,0.7391,0.7913,0.8463,0.8124,0.7734,0.773,0.7826,0.7391,0,0,0,0,0,v1.0.1,2025_12_22,315.292,321.2336,476.8088,300.0368,296.0654,149,149.0743,341.1959,334.9353,487.9424,-5.0649,0.3817,-0.0001,0,-0.23,1.5591,-0.219,1.553,0.6658,162.8838,158.8281,164.6367,163.8359,162.5461,0.6706,0.6893,0.703,0.6979,0.6706,0.6565,0.6475,0.6552,0.6432,0.6432,0.649,0.6565,0.6602,0.6283,0.6207,0.628,0.6427,0.5973,0.5973,0.6765,0.4886,0.6787,0.6836,0.4886,0.6514,0.6179,0.6446,0.6792,0.6783,0.67,0.6701,0.6435,0.6179,0,0,0,0,0,v1.0.1,2025_12_22,314.066,313.5755,439.2589,298.8929,300.377,182.2377,186.25,328.0667,328.3103,443.5,-5.8475,-6.2455,-0.0001,-0.0001,-0.2162,1.5664,-0.2124,1.5611,0.6747,176.3027,174.8066,172.958,175.6211,174.9221,0.7855,0.7111,0.814,0.6752,0.6752,0.7555,0.6548,0.765,0.6438,0.6438,0.7698,0.7545,0.774,0.6916,0.6916,0.7353,0,0.7365,0.6616,0.6616,0,0,0,0,0,v1.0.1,2025_12_22,314.0377,313.5,440.0531,298.8407,300.3277,181.5294,185.4153,328.3475,328.3103,444.5,-5.8712,-6.1565,-0.0001,-0.0001,-0.2153,1.5668,-0.2144,1.5618,0.6747,148.5625,143.9863,142.7529,146.1758,145.3694,0.6466,0.5851,0.6592,0.5995,0.5851,0.6297,0.5583,0.6435,0.5703,0.5583,0.6248,0.6223,0.6491,0.5994,0.5994,0.5852,0.508,0.5848,0.5296,0.508,0,0,0,0,0,-0.0051,-0.0469,0.0016,-0.0409,-0.0409,-0.0134,-0.0653,0.0065,-0.0333,-0.0333,0.0193,0.0036,-0.0013,-0.0191,-0.0404,-0.0847,-0.0623,-0.0635,0.0035,0.0064,-0.0033,-0.0188,0.0058,-0.0087,-0.0033,-0.0083,-0.0247,-0.0094,-0.0277,-0.0214,0.005,0.0016,-0.003,-0.0082,-0.0486,-0.0372,-0.006,-0.0198,-0.011,0.0058,-0.0092,-0.1094,0.0085,-0.1227,-0.1195,0.006,-0.1377,0.0037,-0.1083,-0.1057,-0.0182,-0.0013,0.0164,-0.0023,-0.0123,0.0027,-0.0153,-0.0883,-0.0194,-0.0918,-0.0768,0.0063,-0.0942,0.0239,-0.069,-0.0613,-0.0155,-0.0068,0.0071,0.001,0.001,-0.0198,-0.007,TRUE,TRUE
DTC_R_34,LanSi,1,CW_01,B,2026-03-28 10:22:54+08:00,ONLINE,FALSE,,CW_1_01,PASS,,,51.5139629,_2026032810225441701,T20260328102254,DESKTOP-P2DUL42,Loma,1,CW_1_01,1,paul di,2024.0718.155524,V20260126.2,CW_DTCL_DTCR_STC,T20260328102345,51.5139629,TRUE,TRUE,TRUE,TRUE,TRUE,TRUE,TRUE,4S2RND2HBL0DP6,v1.0.1,2025_12_22,315.1045,317.5,474.8897,297.8309,295.6596,148.1206,149.7211,337.8776,335.2979,485.2411,-5.3655,-2.186,-0.0001,0,-0.222,1.556,-0.2221,1.5505,0.6656,153.8916,149.6025,149.6016,152.9453,151.5103,0.8096,0.7782,0.8027,0.7776,0.7776,0.7727,0.7592,0.7605,0.7391,0.7391,0.8223,0.7928,0.7814,0.8162,0.7817,0.7619,0.7116,0.7528,0.7116,0.8385,0.8074,0.8051,0.097,0.097,0.847,0.8007,0.8025,0.8072,0.8088,0.842,0.8159,0.8429,0.8007,0,0,0,0,0,v1.0.1,2025_12_22,315,317.5,475.8921,297.777,295.4276,147.0897,148.4122,338,335.4167,486.2847,-5.4703,-2.1697,-0.0001,0,-0.2215,1.5559,-0.2219,1.5499,0.6656,161.9541,155.6348,164.8311,164.3975,161.7043,0.6768,0.6851,0.6738,0.6792,0.6738,0.6564,0.6504,0.6351,0.6454,0.6351,0.6507,0.6476,0.6396,0.6646,0.648,0.6499,0.5895,0.631,0.5895,0.6874,0.6812,0.6746,0.3007,0.3007,0.6623,0.6618,0.6688,0.6765,0.6491,0.6604,0.6595,0.6756,0.6491,0,0,0,0,0,v1.0.1,2025_12_22,317.3173,328.8173,441.7207,313.7838,302.75,196.1855,188.9113,343.371,331.8108,457.3964,-2.998,8.4108,0,0.0001,-0.2197,1.5609,-0.2123,1.558,0.6717,175.6201,173.1055,173.3848,175.6855,174.449,0.756,0.6515,0.7467,0.6714,0.6515,0.7296,0.626,0.7182,0.6188,0.6188,0.7829,0.7392,0.7197,0.7285,0.7197,0.7459,0.6911,0.724,0,0.6911,0,0,0,0,0,v1.0.1,2025_12_22,317.2857,328.9429,442.6727,313.8091,302.7642,195.3821,187.976,343.456,331.8319,458.1593,-2.9939,8.4499,0,0.0001,-0.2196,1.562,-0.2113,1.5582,0.6723,146.2539,140.3398,142.5586,144.3877,143.385,0.6469,0.5815,0.6444,0.6166,0.5815,0.6388,0.5672,0.6147,0.5594,0.5594,0.6334,0.6191,0.615,0.6059,0.6059,0.5984,0.5556,0.5898,0.4096,0.4096,0,0,0,0,0,-0.0599,-0.1089,-0.0805,-0.0993,-0.0919,-0.053,-0.0428,-0.047,-0.1025,-0.0629,0.0211,-0.0269,-0.0393,-0.0005,-0.0245,-0.053,-0.0867,-0.08,-0.0128,-0.0015,-0.0323,-0.0299,-0.0369,-0.0395,-0.0353,-0.0266,-0.0016,-0.036,-0.0356,-0.0169,0.0331,-0.007,-0.0177,-0.01,0.0088,-0.0278,-0.0455,-0.0076,-0.0006,0.0129,-0.0487,-0.175,-0.0744,-0.1507,-0.1532,-0.0394,-0.1325,-0.0614,-0.1708,-0.1397,0.0168,-0.0224,-0.0402,-0.0147,0.0002,-0.0184,-0.0239,-0.0948,-0.03,-0.0695,-0.0893,-0.0097,-0.0761,-0.0328,-0.0873,-0.0839,0.0317,-0.0243,-0.0149,-0.0202,0.0042,-0.0055,-0.0046,TRUE,TRUE
DTC_L_34,LanSi,1,CW_01,B,2026-03-28 10:22:54+08:00,ONLINE,FALSE,,CW_1_01,PASS,,,51.6426183,_2026032810225429702,T20260328102254,DESKTOP-P2DUL42,Loma,1,CW_1_01,2,paul di,2024.0718.155524,V20260126.2,CW_DTCL_DTCR_STC,T20260328102345,51.6426183,TRUE,TRUE,TRUE,TRUE,TRUE,TRUE,TRUE,4S2RND2HBL06DS,v1.0.1,2025_12_22,315.2148,322.7778,475.2847,302.0657,296.1544,152.2617,149.8851,342.6351,334.5672,488.1194,-5.2788,2.072,-0.0001,0,-0.2282,1.559,-0.219,1.5538,0.6664,155.3691,151.6592,150.2559,154.7324,153.0042,0.8217,0.7908,0.8428,0.7971,0.7908,0.7759,0.7465,0.8057,0.7356,0.7356,0.8013,0.81,0.8145,0.7772,0.721,0.7237,0.761,0.6701,0.6701,0.8157,0.98,0.8214,0.7917,0.7917,0.8384,0.8416,0.7701,0.838,0.8239,0.7825,0.773,0.7708,0.7701,0,0,0,0,0,v1.0.1,2025_12_22,315.1533,322.8102,476.3235,302.0368,296.1133,151.28,148.7697,342.7368,334.7007,489.146,-5.2879,2.102,-0.0001,0,-0.2277,1.5597,-0.2187,1.5533,0.6667,163.3789,159.248,165.5635,164.3398,163.1326,0.6726,0.6811,0.6931,0.696,0.6726,0.6513,0.6368,0.6517,0.6452,0.6368,0.6414,0.6536,0.6498,0.6384,0.6135,0.6266,0.6257,0.5936,0.5936,0.6876,0.2846,0.6937,0.6671,0.2846,0.643,0.668,0.6468,0.6775,0.6844,0.6762,0.6598,0.6347,0.6347,0,0,0,0,0,v1.0.1,2025_12_22,314.0583,315,438.7788,300.531,300.4068,184.5,186.0887,329.629,328.0431,444.8707,-6.0249,-4.5939,-0.0001,0,-0.215,1.5661,-0.2133,1.563,0.6752,174.9814,174.6484,173.0557,174.501,174.2966,0.7837,0.697,0.802,0.691,0.691,0.7283,0.6562,0.7589,0.6591,0.6562,0.7684,0.7788,0.7653,0.7035,0.7035,0.721,0,0.7268,0.6686,0.6686,0,0,0,0,0,v1.0.1,2025_12_22,313.9417,315,439.6174,300.4522,300.339,183.6695,185.1393,329.7131,328.0789,445.6667,-6.0767,-4.5997,-0.0001,0,-0.2147,1.5671,-0.2132,1.5625,0.6754,149.3506,144.4385,143.8086,146.8887,146.1216,0.6618,0.5942,0.6758,0.6004,0.5942,0.6291,0.5538,0.6285,0.5763,0.5538,0.6286,0.6389,0.6483,0.6156,0.6156,0.5912,0.4908,0.5897,0.5517,0.4908,0,0,0,0,0,-0.005,-0.0675,0.0109,-0.0245,-0.0308,-0.015,-0.0872,0.0039,-0.0481,-0.0481,0,-0.0039,-0.0045,0.0083,-0.1044,-0.0975,-0.0415,-0.0843,-0.0025,0.0047,-0.0013,-0.027,-0.0041,-0.0106,-0.0013,-0.0135,-0.0354,-0.0129,-0.0257,-0.0278,-0.0026,-0.0013,-0.0134,0.0019,-0.0558,-0.0386,-0.023,-0.0235,0.0001,0.0208,-0.011,-0.1235,-0.0035,-0.1069,-0.1037,-0.0212,-0.1363,-0.0024,-0.093,-0.0933,-0.0196,0.023,0.0077,0.0096,-0.0266,-0.007,-0.0001,-0.0792,-0.0028,-0.0909,-0.0677,0.0057,-0.0987,0.0089,-0.063,-0.0658,-0.0117,0.0098,0.0063,0.0172,0.0172,-0.0138,-0.0021,TRUE,TRUE
DTC_L_35,LanSi,1,CW_01,C,2026-03-28 10:24:42+08:00,ONLINE,FALSE,,CW_1_01,PASS,,,51.5934531,_2026032810244208402,T20260328102442,DESKTOP-P2DUL42,Loma,1,CW_1_01,2,paul di,2024.0718.155524,V20260126.2,CW_DTCL_DTCR_STC,T20260328102533,51.5934531,TRUE,TRUE,TRUE,TRUE,TRUE,TRUE,TRUE,4S2RND2HBL06DS,v1.0.1,2025_12_22,314.403,322.1716,474.374,301.8473,294.94,151.6533,148.3129,341.9592,333.4429,488.45,-6.4054,1.7163,-0.0001,0,-0.2259,1.5566,-0.2181,1.5563,0.6672,154.7061,150.541,148.8701,154.4609,152.1445,0.828,0.7928,0.8424,0.7838,0.7838,0.7725,0.7565,0.8038,0.7423,0.7423,0.8231,0.8139,0.8196,0.7697,0.7513,0.7286,0.7827,0.7047,0.7047,0.8288,0.8941,0.7955,0.8306,0.7955,0.8518,0.7205,0.7351,0.8311,0.8223,0.8308,0.8157,0.7711,0.7205,0,0,0,0,0,v1.0.1,2025_12_22,314.3382,322.2426,475.4338,301.6838,294.8067,150.7133,147.2162,342.1351,333.7203,489.5245,-6.397,1.7599,-0.0001,0,-0.2264,1.5569,-0.218,1.5549,0.6669,162.5732,158.9502,165.4121,163.8066,162.6855,0.6823,0.6678,0.6931,0.6939,0.6678,0.6712,0.639,0.6503,0.6519,0.639,0.6478,0.6496,0.654,0.6437,0.6406,0.6255,0.6537,0.6194,0.6194,0.6569,0.5185,0.6483,0.6995,0.5185,0.6467,0.6152,0.6297,0.6656,0.6578,0.6809,0.6798,0.6282,0.6152,0,0,0,0,0,v1.0.1,2025_12_22,313.1028,314.6168,438.1,300.2818,299.0672,183.9496,184.6098,329.1951,327.0862,444.7759,-7.1068,-4.9362,-0.0001,0,-0.2137,1.5633,-0.2125,1.5633,0.6751,175.626,174.5605,172.6533,175.4268,174.5667,0.7863,0.6701,0.8155,0.6738,0.6701,0.7361,0.6503,0.7665,0.6699,0.6503,0.7861,0.7744,0.759,0.6981,0.6981,0.7231,0,0.7081,0.75,0.7081,0,0,0,0,0,v1.0.1,2025_12_22,313.0476,314.6286,438.9099,300.1532,299.0427,183.1966,183.6583,329.275,327.2735,445.5385,-7.1136,-4.9416,-0.0001,0,-0.214,1.5641,-0.2122,1.562,0.675,148.5098,144.252,143.2637,145.8789,145.4761,0.655,0.5895,0.6784,0.6118,0.5895,0.6242,0.5605,0.6385,0.5865,0.5605,0.6257,0.6361,0.6514,0.613,0.613,0.5857,0.5102,0.5861,0.5899,0.5102,0,0,0,0,0,0.0013,-0.0655,0.0105,-0.0378,-0.0378,-0.0184,-0.0772,0.002,-0.0414,-0.0414,0.0218,0,0.0006,0.0008,-0.0741,-0.0926,-0.0198,-0.0497,0.0106,-0.0212,0.0084,-0.0403,-0.0041,-0.0127,-0.0061,0.0064,-0.0332,-0.0143,-0.019,-0.0256,0.0038,-0.0053,-0.0092,0.0072,-0.0287,-0.0397,0.005,0.0023,-0.0306,-0.0246,-0.0084,-0.1504,0.01,-0.1241,-0.1246,-0.0134,-0.1422,0.0052,-0.0822,-0.0992,-0.0019,0.0186,0.0014,0.0042,-0.0245,-0.0257,-0.0069,-0.0839,-0.0002,-0.0795,-0.0724,0.0008,-0.092,0.0189,-0.0528,-0.0591,-0.0146,0.007,0.0094,0.0146,0.0146,-0.0193,-0.0057,TRUE,TRUE
DTC_R_35,LanSi,1,CW_01,C,2026-03-28 10:24:41+08:00,ONLINE,FALSE,,CW_1_01,PASS,,,51.7231066,_2026032810244196201,T20260328102441,DESKTOP-P2DUL42,Loma,1,CW_1_01,1,paul di,2024.0718.155524,V20260126.2,CW_DTCL_DTCR_STC,T20260328102533,51.7231066,TRUE,TRUE,TRUE,TRUE,TRUE,TRUE,TRUE,4S2RND2HBL0DP6,v1.0.1,2025_12_22,315.2222,316.8667,475.2388,297.1791,295.7292,148.3403,149.38,336.8467,335.7917,484.5,-5.2276,-2.7535,-0.0001,0,-0.2219,1.5551,-0.2194,1.5482,0.6655,154.1963,150.9531,151.7559,153.6396,152.6362,0.8664,0.7751,0.8181,0.7587,0.7587,0.7996,0.7291,0.7696,0.7242,0.7242,0.8277,0.787,0.7758,0.8219,0.7359,0.711,0.7461,0.7988,0.711,0.8461,0.8043,0.8047,0.98,0.8043,0.8412,0.7648,0.7619,0.821,0.7903,0.711,0.8268,0.8423,0.711,0,0,0,0,0,v1.0.1,2025_12_22,315.1533,316.8102,476.3235,297.0368,295.3893,147.3356,148.2483,336.9586,335.9664,485.5302,-5.2838,-2.7657,-0.0001,0,-0.2216,1.5542,-0.2196,1.5475,0.6651,161.2168,153.4668,163.5322,164.8545,160.7676,0.7049,0.6544,0.6874,0.6629,0.6544,0.663,0.6345,0.6382,0.6293,0.6293,0.661,0.6363,0.6417,0.6525,0.616,0.6316,0.6079,0.6286,0.6079,0.679,0.6579,0.6653,0.0783,0.0783,0.6506,0.651,0.6389,0.6562,0.6342,0.5842,0.6339,0.681,0.5842,0,0,0,0,0,v1.0.1,2025_12_22,317.5,328.1132,442.1636,313.2727,303.0083,196.1818,188.9016,342.5,332.0619,456.1858,-2.7729,7.7507,0,0.0001,-0.218,1.5609,-0.2109,1.5571,0.6723,174.4521,173.4424,174.6689,175.1426,174.4265,0.7909,0.6415,0.7816,0.6179,0.6179,0.754,0.6137,0.7249,0.6063,0.6063,0.7731,0.738,0.7234,0.7563,0.7234,0.749,0.6653,0.733,0,0.6653,0,0,0,0,0,v1.0.1,2025_12_22,317.4717,328.1792,443,313.3148,302.8115,195.3934,187.935,342.5854,332.0885,457,-2.8387,7.7946,0,0.0001,-0.2173,1.5603,-0.2102,1.5573,0.6725,145.959,138.2227,141.8125,144.6406,142.6587,0.6613,0.5664,0.6648,0.5659,0.5659,0.6386,0.5461,0.6144,0.5496,0.5461,0.639,0.6262,0.627,0.6382,0.6262,0.6001,0.5447,0.5957,0.3812,0.3812,0,0,0,0,0,-0.0031,-0.112,-0.0651,-0.1182,-0.1108,-0.0261,-0.0729,-0.0379,-0.1174,-0.0778,0.0265,-0.0327,-0.0449,0.0052,-0.0703,-0.1039,-0.0522,-0.034,-0.0052,-0.0019,-0.0042,-0.0606,-0.0233,-0.0558,-0.0547,-0.02,-0.0175,-0.0329,-0.0517,-0.0227,0.0434,-0.0183,-0.0156,-0.0221,-0.0232,-0.0461,-0.0271,-0.01,-0.009,0.0036,-0.0138,-0.185,-0.0395,-0.2042,-0.1868,-0.015,-0.1448,-0.0547,-0.1833,-0.1522,0.007,-0.0236,-0.0365,0.0131,0.0033,-0.0094,-0.0095,-0.1099,-0.0096,-0.1202,-0.1049,-0.0099,-0.0972,-0.0331,-0.0971,-0.0972,0.0373,-0.0172,-0.0029,0.0121,0.0245,-0.0038,0.0013,TRUE,TRUE
DTC_R_36,LanSi,1,CW_01,A,2026-03-28 10:26:40+08:00,ONLINE,FALSE,,CW_1_01,PASS,,,51.3756912,_2026032810264041701,T20260328102640,DESKTOP-P2DUL42,Loma,1,CW_1_01,1,paul di,2024.0718.155524,V20260126.2,CW_DTCL_DTCR_STC,T20260328102731,51.3756912,TRUE,TRUE,TRUE,TRUE,TRUE,TRUE,TRUE,4S2RND2HBL0DP6,v1.0.1,2025_12_22,315,317.9137,474.7778,298.1333,295.4257,148.3649,149.5,338.4133,335.2734,485.7626,-5.5046,-1.7824,-0.0001,0,-0.2227,1.5553,-0.2227,1.5501,0.665,152.7588,148.9561,149.5801,152.3115,150.9016,0.8522,0.8019,0.8125,0.7876,0.7876,0.8202,0.7497,0.7704,0.7516,0.7497,0.8147,0.7899,0.798,0.8119,0.7461,0.7649,0.7084,0.749,0.7084,0.8485,0.7473,0.8038,0.98,0.7473,0.8255,0.73,0.7903,0.8296,0.8004,0.7794,0.7778,0.8491,0.73,0,0,0,0,0,v1.0.1,2025_12_22,315,317.9137,475.8723,298,295.1622,147.2162,148.44,338.44,335.4897,486.6345,-5.5072,-1.8591,-0.0001,0,-0.2226,1.5546,-0.2221,1.5494,0.6648,162.2305,155.7334,166.3203,165.6416,162.4814,0.7073,0.6878,0.6931,0.6783,0.6783,0.6785,0.645,0.6383,0.6383,0.6383,0.655,0.6436,0.6427,0.6684,0.6303,0.6517,0.5875,0.6217,0.5875,0.6809,0.6293,0.6589,0.4116,0.4116,0.6542,0.6332,0.6649,0.6717,0.6648,0.6723,0.6452,0.6833,0.6332,0,0,0,0,0,v1.0.1,2025_12_22,317.1963,329.3738,441.6161,314.2768,302.7717,196.3858,188.7623,343.7213,331.885,457.8938,-3.0538,8.8303,0,0.0001,-0.2202,1.5622,-0.2107,1.5565,0.6719,174.0449,172.1445,173.5713,174.9141,173.6687,0.7937,0.7014,0.7691,0.674,0.674,0.7524,0.6567,0.7224,0.6383,0.6383,0.7747,0.7393,0.7241,0.7519,0.7241,0.7401,0.6845,0.7287,0,0.6845,0,0,0,0,0,v1.0.1,2025_12_22,317.1509,329.4057,442.5351,314.3333,302.6667,195.7398,187.9256,343.7521,331.9099,458.7117,-3.0624,8.8885,0,0.0001,-0.2191,1.5623,-0.21,1.5566,0.6725,147.1143,141.1924,144.4463,145.626,144.5947,0.6711,0.6085,0.6575,0.6074,0.6074,0.642,0.5736,0.6036,0.5658,0.5658,0.6162,0.6323,0.6147,0.6303,0.6147,0.6043,0.5721,0.5939,0.4759,0.4759,0,0,0,0,0,-0.0173,-0.0852,-0.0707,-0.0893,-0.0819,-0.0055,-0.0523,-0.0371,-0.09,-0.0523,0.0135,-0.0298,-0.0227,-0.0048,-0.0601,-0.05,-0.0899,-0.0838,-0.0028,-0.0028,-0.0018,-0.0272,-0.0176,-0.0404,-0.0308,-0.0045,-0.007,-0.0328,-0.0427,-0.0137,0.0374,-0.011,-0.0146,-0.0062,-0.0089,-0.026,-0.0475,-0.0169,-0.0071,-0.0028,-0.011,-0.1251,-0.052,-0.1481,-0.1307,-0.0166,-0.1018,-0.0572,-0.1513,-0.1202,0.0086,-0.0223,-0.0358,0.0087,-0.0056,-0.0137,0.0003,-0.0678,-0.0169,-0.0787,-0.0634,-0.0065,-0.0697,-0.0439,-0.0809,-0.0775,0.0145,-0.0111,-0.0152,0.0042,0.013,0.0004,-0.0005,TRUE,TRUE
DTC_L_36,LanSi,1,CW_01,A,2026-03-28 10:26:40+08:00,ONLINE,FALSE,,CW_1_01,PASS,,,51.3976327,_2026032810264041802,T20260328102640,DESKTOP-P2DUL42,Loma,1,CW_1_01,2,paul di,2024.0718.155524,V20260126.2,CW_DTCL_DTCR_STC,T20260328102731,51.3976327,TRUE,TRUE,TRUE,TRUE,TRUE,TRUE,TRUE,4S2RND2HBL06DS,v1.0.1,2025_12_22,315.3037,322.0815,475.4656,301.1298,296.277,151.4189,150.1027,341.8082,334.6963,487.0815,-5.1309,1.204,-0.0001,0,-0.2296,1.5593,-0.2183,1.5533,0.6662,155.6963,151.0342,149.1895,155.0928,152.7532,0.8253,0.7889,0.8464,0.7731,0.7731,0.7834,0.7764,0.8032,0.7491,0.7491,0.8166,0.8061,0.8,0.762,0.7495,0.7424,0.7356,0.7046,0.7046,0.816,0.98,0.818,0.7957,0.7957,0.8485,0.7461,0.7222,0.83,0.8246,0.7734,0.7697,0.7769,0.7222,0,0,0,0,0,v1.0.1,2025_12_22,315.2536,322.029,476.6618,301.1176,296.1812,150.4161,149,342,334.8467,488.1898,-5.1113,1.2505,-0.0001,0,-0.2283,1.5596,-0.219,1.5529,0.6663,161.9219,157.3467,163.5576,163.4141,161.5601,0.6794,0.6763,0.6997,0.686,0.6763,0.6622,0.6461,0.6567,0.6378,0.6378,0.655,0.649,0.6549,0.6356,0.6259,0.6311,0.618,0.6164,0.6164,0.6904,0.3907,0.6783,0.6689,0.3907,0.6549,0.6371,0.5969,0.6688,0.6804,0.6658,0.6708,0.6387,0.5969,0,0,0,0,0,v1.0.1,2025_12_22,314.0476,314.3714,439.1351,299.8108,300.5645,183.8306,186.1967,329.0246,328.1217,444,-5.8869,-5.2925,-0.0001,-0.0001,-0.2154,1.5674,-0.2136,1.5621,0.6751,175.5967,173.6982,171.9248,175.1475,174.0918,0.79,0.6885,0.7939,0.6711,0.6711,0.7436,0.6712,0.7543,0.6528,0.6528,0.7622,0.7713,0.7518,0.7021,0.7021,0.72,0,0.7356,0.6671,0.6671,0,0,0,0,0,v1.0.1,2025_12_22,314,314.3962,439.7699,299.7699,300.3417,183.075,185.281,329.0992,328.1765,444.8235,-5.9862,-5.2672,-0.0001,-0.0001,-0.2153,1.5666,-0.2132,1.562,0.675,147.9082,142.8906,142.0322,146.0967,144.7319,0.6602,0.582,0.6688,0.6049,0.582,0.6273,0.5742,0.6209,0.5733,0.5733,0.6312,0.6248,0.6307,0.5993,0.5993,0.587,0.4776,0.58,0.5669,0.4776,0,0,0,0,0,-0.0014,-0.0694,0.0145,-0.0485,-0.0485,-0.0075,-0.0573,0.0014,-0.0346,-0.0346,0.0153,-0.0078,-0.019,-0.0069,-0.0759,-0.0788,-0.0669,-0.0498,-0.0022,0.0013,0.0055,-0.0318,0.0025,-0.0206,0.0024,-0.0026,-0.0261,-0.0079,-0.0331,-0.0268,0.011,-0.0059,-0.0083,-0.0009,-0.0434,-0.0341,-0.0307,-0.0007,0.0029,0.0054,-0.0047,-0.132,-0.0116,-0.1268,-0.1236,-0.0059,-0.1213,-0.007,-0.0993,-0.0967,-0.0258,0.0155,-0.0058,0.0082,-0.0276,0.0018,-0.0017,-0.0914,-0.0098,-0.0864,-0.0799,0.0039,-0.0783,0.0013,-0.066,-0.0463,-0.0091,-0.0043,-0.0113,0.0009,0.0009,-0.018,-0.0118,TRUE,TRUE
DTC_R_37,LanSi,1,CW_01,B,2026-03-28 10:29:07+08:00,ONLINE,FALSE,,CW_1_01,FAIL,SFR_VIS_25cm_Ny4_01F_ROI2_Dev;SFR_VIS_25cm_Ny4_01F_ROI4_Dev;SFR_VIS_25cm_Ny4_01F_Min_Dev,Dev,51.5984509,_2026032810290784901,T20260328102907,DESKTOP-P2DUL42,Loma,1,CW_1_01,1,paul di,2024.0718.155524,V20260126.2,CW_DTCL_DTCR_STC,T20260328102959,51.5984509,TRUE,TRUE,TRUE,TRUE,TRUE,TRUE,TRUE,4S2RND2HBL0DP6,v1.0.1,2025_12_22,315.3139,317.4526,475.5489,298,295.9161,149,149.6513,337.6776,335.9801,486.457,-5.0179,-1.7826,-0.0001,0,-0.2203,1.5556,-0.221,1.5486,0.6657,154.4072,150.6865,151.4639,154.332,152.7224,0.8537,0.7525,0.8212,0.7189,0.7189,0.816,0.7204,0.7567,0.7659,0.7204,0.8146,0.7838,0.7808,0.8172,0.7223,0.7283,0.7525,0.7901,0.7223,0.8262,0.797,0.8024,0.1346,0.1346,0.8357,0.7698,0.7647,0.8224,0.7757,0.7183,0.8357,0.8615,0.7183,0,0,0,0,0,v1.0.1,2025_12_22,315.3571,317.4786,476.7153,297.9343,295.8182,147.972,148.5789,337.7895,336.0728,487.4702,-4.9915,-1.7711,0,0,-0.22,1.5555,-0.2207,1.549,0.666,163.0996,156.2002,166.8896,166.5996,163.1973,0.7026,0.6564,0.6921,0.639,0.639,0.6766,0.6354,0.633,0.6453,0.633,0.6451,0.6349,0.6311,0.6519,0.6248,0.629,0.6106,0.6442,0.6106,0.6867,0.6545,0.6496,0.2807,0.2807,0.6499,0.6647,0.6421,0.6619,0.6611,0.6486,0.6628,0.6588,0.6421,0,0,0,0,0,v1.0.1,2025_12_22,317.5524,329.019,442.367,314.0459,303,197,189.04,343.384,332.2368,457.5526,-2.6608,8.7003,0,0.0001,-0.2189,1.5605,-0.2108,1.5565,0.6718,174.7324,172.7402,174.2119,175.4053,174.2725,0.7977,0.6188,0.772,0.5889,0.5889,0.7635,0.6028,0.7148,0.6569,0.6028,0.7782,0.7353,0.7346,0.7474,0.7346,0.7599,0.6769,0.7335,0,0.6769,0,0,0,0,0,v1.0.1,2025_12_22,317.6058,329.0096,443.2844,314.0459,303.0168,196.0924,188.175,343.4333,332.4052,458.4655,-2.6026,8.7094,0,0.0001,-0.218,1.561,-0.2105,1.5565,0.6722,147.5762,141.0762,144.8037,146.3369,144.9482,0.6569,0.5501,0.6602,0.5368,0.5368,0.6428,0.5371,0.6005,0.5768,0.5371,0.6207,0.6306,0.6155,0.625,0.6155,0.5861,0.559,0.5888,0.4547,0.4547,0,0,0,0,0,-0.0158,-0.1346,-0.062,-0.158,-0.1506,-0.0097,-0.0816,-0.0508,-0.0757,-0.0816,0.0134,-0.0359,-0.0399,0.0005,-0.0839,-0.0866,-0.0458,-0.0427,-0.0251,-0.0042,-0.0065,-0.0586,-0.0186,-0.0797,-0.0701,-0.0064,-0.0166,-0.0381,-0.0357,-0.019,0.0275,-0.0197,-0.0262,-0.0227,-0.0144,-0.0487,-0.0244,0.0056,-0.0013,-0.0121,-0.007,-0.2077,-0.0491,-0.2332,-0.2158,-0.0055,-0.1557,-0.0648,-0.1327,-0.1557,0.0121,-0.0263,-0.0253,0.0042,0.0142,-0.0089,-0.0139,-0.1262,-0.0142,-0.1493,-0.134,-0.0057,-0.1062,-0.047,-0.0699,-0.1062,0.019,-0.0128,-0.0144,-0.0011,0.0138,-0.0178,-0.0056,TRUE,TRUE
DTC_L_37,LanSi,1,CW_01,B,2026-03-28 10:29:07+08:00,ONLINE,FALSE,,CW_1_01,PASS,,,51.6782369,_2026032810290798102,T20260328102907,DESKTOP-P2DUL42,Loma,1,CW_1_01,2,paul di,2024.0718.155524,V20260126.2,CW_DTCL_DTCR_STC,T20260328102959,51.6782369,TRUE,TRUE,TRUE,TRUE,TRUE,TRUE,TRUE,4S2RND2HBL06DS,v1.0.1,2025_12_22,314.2815,323.0593,474.3134,302.8134,294.9868,152.3553,148.4967,342.8758,333.6429,489.5714,-6.3557,2.635,-0.0001,0,-0.2253,1.5577,-0.2185,1.5545,0.6671,154.4385,150.5811,148.5527,154.0098,151.8955,0.8206,0.7869,0.8282,0.8036,0.7869,0.7781,0.7602,0.8054,0.7371,0.7371,0.8259,0.8075,0.8327,0.7732,0.745,0.735,0.784,0.7117,0.7117,0.8135,0.98,0.8176,0.8349,0.8135,0.8396,0.7965,0.7718,0.8485,0.8217,0.8256,0.7681,0.7746,0.7681,0,0,0,0,0,v1.0.1,2025_12_22,314.2536,323.029,475.3786,302.5214,294.9139,151.3974,147.3197,343.102,333.6879,490.5816,-6.3892,2.6263,-0.0001,0,-0.2261,1.5581,-0.2192,1.5548,0.6669,163.7822,159.0381,165.2637,165.0215,163.2764,0.6848,0.6892,0.6874,0.6969,0.6848,0.6526,0.6507,0.645,0.6497,0.645,0.6455,0.6476,0.6609,0.6247,0.6205,0.627,0.6329,0.6259,0.6205,0.6845,0.4812,0.6948,0.6901,0.4812,0.6633,0.6543,0.6708,0.6902,0.6636,0.6954,0.6593,0.6302,0.6302,0,0,0,0,0,v1.0.1,2025_12_22,313,315.3962,437.9273,301.2364,299.0672,184.7395,184.6423,330.0407,327.0431,445.8707,-7.164,-4.0433,-0.0001,0,-0.2123,1.564,-0.2131,1.5631,0.6754,175.5029,174.2598,172.2471,174.9023,174.228,0.7934,0.6837,0.8087,0.6897,0.6837,0.7586,0.6667,0.7542,0.6624,0.6624,0.7861,0.7594,0.7792,0.6993,0.6993,0.733,0,0.7249,0.7427,0.7249,0,0,0,0,0,v1.0.1,2025_12_22,312.9528,315.3019,438.7156,300.9541,299,183.8974,183.7521,330.0826,327.1864,446.5932,-7.1786,-4.1341,-0.0001,0,-0.2131,1.5645,-0.2134,1.5623,0.6751,149.4043,144.1914,143.3398,146.957,145.9731,0.6606,0.5937,0.6738,0.6037,0.5937,0.6274,0.5718,0.6207,0.5914,0.5718,0.6412,0.6325,0.6402,0.6017,0.6017,0.5838,0.545,0.5956,0.5952,0.545,0,0,0,0,0,-0.0061,-0.0714,-0.0037,-0.018,-0.0347,-0.0128,-0.0735,0.0036,-0.0466,-0.0466,0.0246,-0.0064,0.0137,0.0043,-0.0804,-0.0862,-0.0185,-0.0427,-0.0047,0.0009,0.0109,-0.0189,-0.0098,-0.0097,0.0109,-0.0122,-0.0215,-0.0196,-0.0212,-0.0196,0.0015,-0.0073,-0.0023,-0.0118,-0.0488,-0.0382,-0.0158,0.0088,-0.003,0.0219,-0.0013,-0.1368,0.0032,-0.1082,-0.111,0.0091,-0.1258,-0.0071,-0.0897,-0.0871,-0.0019,0.0036,0.0216,0.0054,-0.0146,-0.0089,-0.0013,-0.0797,-0.0048,-0.0876,-0.0682,0.004,-0.0807,0.0011,-0.0479,-0.0478,0.0009,0.0034,-0.0018,0.0033,0.0033,-0.0212,0.0038,TRUE,TRUE
DTC_L_38,LanSi,1,CW_01,C,2026-03-28 10:30:58+08:00,ONLINE,FALSE,,CW_1_01,PASS,,,51.1249006,_2026032810305875202,T20260328103058,DESKTOP-P2DUL42,Loma,1,CW_1_01,2,paul di,2024.0718.155524,V20260126.2,CW_DTCL_DTCR_STC,T20260328103149,51.1249006,TRUE,TRUE,TRUE,TRUE,TRUE,TRUE,TRUE,4S2RND2HBL06DS,v1.0.1,2025_12_22,314.2148,322.7778,474.1556,302.1556,294.8609,151.9272,148.3974,342.543,333.3688,489.4752,-6.5005,2.2757,-0.0001,0,-0.2277,1.5575,-0.2181,1.5559,0.6669,155.2998,151.0771,149.0215,154.6318,152.5076,0.8161,0.793,0.847,0.7859,0.7859,0.7735,0.7605,0.8035,0.7669,0.7605,0.8217,0.8009,0.816,0.7745,0.753,0.7218,0.7808,0.7144,0.7144,0.8215,0.98,0.8193,0.8372,0.8193,0.8526,0.8031,0.7491,0.8506,0.8254,0.8198,0.8043,0.786,0.7491,0,0,0,0,0,v1.0.1,2025_12_22,314.1533,322.8102,475.2847,302.0657,294.6471,151.0196,147.2697,342.6842,333.5915,490.5,-6.5107,2.3159,-0.0001,0,-0.2275,1.5572,-0.218,1.5549,0.6666,162.4766,157.7451,163.7197,163.5879,161.8823,0.6832,0.6809,0.6985,0.7037,0.6809,0.653,0.6309,0.6573,0.6619,0.6309,0.6483,0.6523,0.6608,0.6284,0.634,0.6342,0.6307,0.6149,0.6149,0.6809,0.3527,0.6759,0.6844,0.3527,0.6647,0.6668,0.6213,0.6901,0.683,0.6687,0.6653,0.6301,0.6213,0,0,0,0,0,v1.0.1,2025_12_22,313,315,437.8624,300.6789,298.9829,184.3675,184.605,329.605,327.0769,445.8291,-7.1945,-4.4039,-0.0001,0,-0.2137,1.5634,-0.2127,1.5631,0.675,174.9307,173.8447,171.502,174.3564,173.6584,0.7928,0.681,0.8101,0.6819,0.681,0.7461,0.6434,0.7599,0.6984,0.6434,0.7842,0.7727,0.754,0.7007,0.7007,0.7348,0,0.7217,0.7065,0.7065,0,0,0,0,0,v1.0.1,2025_12_22,312.9709,314.8932,438.6174,300.5478,298.8534,183.5862,183.65,329.6333,327.1217,446.5826,-7.2573,-4.4514,-0.0001,0,-0.2132,1.5632,-0.213,1.5632,0.6751,148.3047,143.0127,142.2705,146.166,144.9385,0.6633,0.5894,0.6734,0.6131,0.5894,0.628,0.5587,0.6339,0.5961,0.5587,0.6363,0.6517,0.6386,0.6278,0.6278,0.6009,0.4815,0.5752,0.5681,0.4815,0,0,0,0,0,-0.0106,-0.0653,0.0151,-0.0357,-0.0357,-0.0174,-0.0732,0.0017,-0.0168,-0.0232,0.0204,-0.013,-0.003,0.0056,-0.0724,-0.0994,-0.0217,-0.04,0.0033,0.0026,0.0093,-0.0272,0.0013,-0.0029,0.007,-0.0118,-0.0413,-0.0073,-0.009,-0.0337,0.0043,-0.0026,-0.0024,-0.0081,-0.0353,-0.031,-0.018,-0.0022,-0.0066,0.003,-0.0019,-0.1395,0.0046,-0.116,-0.1137,-0.0034,-0.1491,-0.0014,-0.0537,-0.1061,-0.0038,0.0169,-0.0036,0.0068,-0.0128,-0.0121,0.0014,-0.084,-0.0052,-0.0782,-0.0725,0.0046,-0.0938,0.0143,-0.0432,-0.0609,-0.004,0.0226,-0.0034,0.0294,0.0294,-0.0041,-0.0166,TRUE,TRUE
DTC_R_38,LanSi,1,CW_01,C,2026-03-28 10:30:58+08:00,ONLINE,FALSE,,CW_1_01,FAIL,SFR_VIS_25cm_Ny4_01F_ROI1;SFR_VIS_25cm_Ny4_01F_ROI2;SFR_VIS_25cm_Ny4_01F_ROI3;SFR_VIS_25cm_Ny4_01F_ROI4;SFR_VIS_25cm_Ny4_01F_Min;SFR_VIS_25cm_Ny4_03F_ROI5;SFR_VIS_25cm_Ny4_03F_ROI6;SFR_VIS_25cm_Ny4_03F_ROI7;SFR_VIS_25cm_Ny4_03F_ROI8;SFR_VIS_25cm_Ny4_03F_Min;SFR_VIS_25cm_Ny4_06F_ROI9;SFR_VIS_25cm_Ny4_06F_ROI10;SFR_VIS_25cm_Ny4_06F_ROI11;SFR_VIS_25cm_Ny4_06F_ROI16;SFR_VIS_25cm_Ny4_06F_Min;SFR_VIS_25cm_Ny4_08F_ROI19;IR_SFR_VIS_25cm_Ny4_01F_ROI1;IR_SFR_VIS_25cm_Ny4_01F_ROI2;IR_SFR_VIS_25cm_Ny4_01F_ROI3;IR_SFR_VIS_25cm_Ny4_01F_ROI4,sfr_25Algo,51.4061486,_2026032810305849501,T20260328103058,DESKTOP-P2DUL42,Loma,1,CW_1_01,1,paul di,2024.0718.155524,V20260126.2,CW_DTCL_DTCR_STC,T20260328103149,51.4061486,TRUE,TRUE,TRUE,TRUE,TRUE,TRUE,TRUE,4S2RND2HBL0DP6,v1.0.1,2025_12_22,315.0896,316.597,474.8,296.5857,295.4255,147.0922,149.5436,336.7584,335.2639,484.4306,-5.4755,-3.2072,-0.0001,0,-0.2241,1.5548,-0.2207,1.5506,0.6652,149.7705,146.9248,145,148.3682,147.5159,0.6396,0.5161,0.6179,0.5612,0.5161,0.6662,0.3372,0.6353,0.6675,0.3372,0.6525,0.6226,0.6149,0.7645,0.7256,0.7549,0.669,0.6588,0.6149,0.7738,0.8214,0.5448,0.98,0.5448,0.8178,0.7384,0.7476,0.8313,0.779,0.7134,0.7628,0.8402,0.7134,0,0,0,0,0,v1.0.1,2025_12_22,314.9706,316.6618,475.8345,296.6187,295.1233,146.1301,148.2345,337.0828,335.5172,485.4552,-5.564,-3.1103,-0.0001,0,-0.2234,1.5544,-0.2214,1.5491,0.6647,160.6064,154.4043,163.0674,162.9365,160.2537,0.5321,0.4434,0.5329,0.4681,0.4434,0.5378,0.2675,0.4973,0.577,0.2675,0.4869,0.4651,0.5269,0.6297,0.6028,0.6557,0.5734,0.5776,0.4651,0.6019,0.6539,0.3147,0.4722,0.3147,0.6518,0.6042,0.6533,0.6766,0.6293,0.6396,0.6529,0.6829,0.6042,0,0,0,0,0,v1.0.1,2025_12_22,317.3366,328,441.7321,312.7321,302.7087,195.811,188.6803,342.5902,331.6696,456.5446,-3.0745,7.6356,0,0.0001,-0.2216,1.5601,-0.2124,1.5592,0.6713,170.7754,169.6914,168.1318,170.1006,169.6748,0.5949,0.4597,0.6155,0.5093,0.4597,0.6218,0.3209,0.5814,0.5618,0.3209,0.614,0.7091,0.5735,0.7034,0.5735,0.6958,0.671,0.4782,0,0.4782,0,0,0,0,0,v1.0.1,2025_12_22,317.0962,328.2212,442.513,312.8435,302.5635,194.9365,187.8017,342.6116,331.9182,457.4273,-3.1215,7.708,0,0.0001,-0.2215,1.5617,-0.2103,1.5561,0.6715,145.2559,139.4248,141.1357,143.1445,142.2402,0.4894,0.394,0.52,0.4037,0.394,0.5256,0.211,0.4856,0.5093,0.211,0.4967,0.5974,0.544,0.6036,0.4967,0.5357,0.5589,0.3239,0.5107,0.3239,0,0,0,0,0,-0.2299,-0.371,-0.2653,-0.3157,-0.3534,-0.1595,-0.4648,-0.1722,-0.1741,-0.4648,-0.1487,-0.1971,-0.2058,-0.0522,-0.0806,-0.06,-0.1293,-0.174,-0.0775,-0.2618,-0.177,-0.2716,-0.1778,-0.2506,-0.2657,-0.1452,-0.3845,-0.1738,-0.104,-0.3845,-0.1307,-0.1895,-0.1304,-0.0449,-0.0364,-0.022,-0.0616,-0.061,-0.0861,-0.347,-0.2098,-0.3668,-0.2056,-0.3128,-0.345,-0.1472,-0.4376,-0.1982,-0.2278,-0.4376,-0.1521,-0.0525,-0.1864,-0.0398,-0.0499,-0.2642,-0.1814,-0.2823,-0.1544,-0.2824,-0.2768,-0.1229,-0.4323,-0.1619,-0.1374,-0.4323,-0.105,-0.046,-0.0859,-0.0225,-0.105,-0.0682,-0.2705,TRUE,TRUE
DTC_L_39,LanSi,1,CW_01,A,2026-03-28 10:32:56+08:00,ONLINE,FALSE,,CW_1_01,PASS,,,51.3367455,_2026032810325689702,T20260328103256,DESKTOP-P2DUL42,Loma,1,CW_1_01,2,paul di,2024.0718.155524,V20260126.2,CW_DTCL_DTCR_STC,T20260328103348,51.3367455,TRUE,TRUE,TRUE,TRUE,TRUE,TRUE,TRUE,4S2RND2HBL06DS,v1.0.1,2025_12_22,314.3037,321.9185,474.3507,301.2015,294.9408,151.4342,148.5,341.5867,333.5461,488.4965,-6.3717,1.4275,-0.0001,0,-0.2282,1.5572,-0.2176,1.5553,0.6667,155.959,151.7637,150.1963,155.5898,153.3772,0.831,0.7733,0.8422,0.7797,0.7733,0.7837,0.7477,0.8002,0.7484,0.7477,0.8199,0.8024,0.8173,0.7676,0.728,0.7024,0.7898,0.7137,0.7024,0.8093,0.98,0.8335,0.8292,0.8093,0.8411,0.7557,0.7277,0.8263,0.8179,0.8217,0.8028,0.7703,0.7277,0,0,0,0,0,v1.0.1,2025_12_22,314.3235,322.0368,475.4586,301.1278,294.9408,150.4342,147.4539,341.7303,333.7606,489.5,-6.3125,1.4658,-0.0001,0,-0.2285,1.5578,-0.217,1.5547,0.6668,161.8516,158.5039,164.3184,162.9941,161.917,0.6782,0.6664,0.6894,0.6913,0.6664,0.6574,0.6197,0.6542,0.6664,0.6197,0.6421,0.6447,0.6723,0.6299,0.6051,0.6188,0.6451,0.6248,0.6051,0.6671,0.4534,0.6728,0.6806,0.4534,0.6541,0.6473,0.6136,0.6944,0.6716,0.6708,0.6777,0.6304,0.6136,0,0,0,0,0,v1.0.1,2025_12_22,313.0849,314.3302,438.036,299.8468,299.2787,183.8525,184.8279,328.6557,327.2222,444.5983,-7.0101,-5.2433,-0.0001,-0.0001,-0.2149,1.5649,-0.2107,1.5622,0.6754,175.748,174.8545,172.5684,175.252,174.6057,0.7944,0.656,0.8047,0.6703,0.656,0.7431,0.6403,0.7639,0.6648,0.6403,0.7789,0.7607,0.7699,0.6937,0.6937,0.7333,0,0.73,0.7292,0.7292,0,0,0,0,0,v1.0.1,2025_12_22,313.0865,314.2212,438.7699,299.7699,299.1949,183.0763,183.9496,328.8319,327.2735,445.4615,-7.0451,-5.2278,-0.0001,-0.0001,-0.214,1.5647,-0.2121,1.5626,0.6753,147.8262,143.4531,142.4424,145.4229,144.7861,0.6581,0.5679,0.6758,0.6134,0.5679,0.6211,0.5495,0.6167,0.5862,0.5495,0.6293,0.6429,0.6481,0.6204,0.6204,0.598,0.519,0.5848,0.5753,0.519,0,0,0,0,0,0.0043,-0.085,0.0103,-0.0419,-0.0483,-0.0072,-0.086,-0.0016,-0.0353,-0.036,0.0186,-0.0115,-0.0017,-0.0013,-0.0974,-0.1188,-0.0127,-0.0407,-0.0089,0.0168,0.0043,-0.0417,-0.0078,-0.0153,-0.0075,-0.0074,-0.0525,-0.0104,-0.0045,-0.0449,-0.0019,-0.0102,0.0091,-0.0066,-0.0642,-0.0464,-0.0036,0.0077,-0.0204,-0.0001,-0.0003,-0.1645,-0.0008,-0.1276,-0.1387,-0.0064,-0.1522,0.0026,-0.0873,-0.1092,-0.0091,0.0049,0.0123,-0.0002,-0.0143,-0.0038,-0.0038,-0.1055,-0.0028,-0.0779,-0.094,-0.0023,-0.103,-0.0029,-0.0531,-0.0701,-0.011,0.0138,0.0061,0.022,0.022,-0.007,-0.007,TRUE,TRUE
DTC_R_39,LanSi,1,CW_01,A,2026-03-28 10:32:57+08:00,ONLINE,FALSE,,CW_1_01,FAIL,SFR_VIS_25cm_Ny4_01F_ROI2_Dev,Dev,51.4514389,_2026032810325702501,T20260328103257,DESKTOP-P2DUL42,Loma,1,CW_1_01,1,paul di,2024.0718.155524,V20260126.2,CW_DTCL_DTCR_STC,T20260328103348,51.4514389,TRUE,TRUE,TRUE,TRUE,TRUE,TRUE,TRUE,4S2RND2HBL0DP6,v1.0.1,2025_12_22,315.3684,316.8647,475.5263,297.2105,295.9167,148.9514,149.6486,336.9324,335.8993,485.3289,-5.0281,-2.4424,-0.0001,0,-0.2216,1.555,-0.22,1.549,0.6656,153.9082,150.3613,150.9248,153.3145,152.1272,0.8639,0.7507,0.8266,0.76,0.7507,0.8121,0.726,0.7712,0.7297,0.726,0.8212,0.7808,0.7987,0.8257,0.716,0.7161,0.7727,0.7708,0.716,0.8337,0.7783,0.7938,0.4188,0.4188,0.8404,0.7522,0.7757,0.8127,0.7974,0.716,0.8125,0.8461,0.716,0,0,0,0,0,v1.0.1,2025_12_22,315.2647,316.8897,476.5,297.1642,295.8041,147.8311,148.3741,336.9728,336,486.4145,-5.1114,-2.4456,-0.0001,0,-0.2212,1.5557,-0.2192,1.5486,0.6659,160.6387,153.6582,163.6797,164.1172,160.5234,0.6813,0.6586,0.6894,0.6553,0.6553,0.6777,0.6356,0.6389,0.6259,0.6259,0.6591,0.6436,0.6524,0.6637,0.6227,0.6328,0.6206,0.6234,0.6206,0.6832,0.6188,0.6619,0.1254,0.1254,0.6456,0.6559,0.6442,0.6674,0.6552,0.5471,0.6291,0.6605,0.5471,0,0,0,0,0,v1.0.1,2025_12_22,317.6078,328,442.2679,313.2679,303.0588,196.8403,189,342.4127,332.1681,456.469,-2.6795,7.898,0,0.0001,-0.2171,1.5598,-0.2111,1.5574,0.6723,175.041,173.7002,174.8408,175.7559,174.8345,0.7939,0.6186,0.7771,0.6321,0.6186,0.755,0.6028,0.7233,0.6275,0.6028,0.7912,0.7512,0.73,0.7639,0.73,0.7442,0.668,0.7447,0,0.668,0,0,0,0,0,v1.0.1,2025_12_22,317.5481,328.0673,443.1712,313.1892,302.9667,195.9583,188.0902,342.459,332.2544,457.3596,-2.6939,7.9067,0,0.0001,-0.2174,1.5604,-0.2102,1.557,0.6725,145.2852,138.3936,141.5996,144.0254,142.3259,0.6656,0.5431,0.6579,0.5779,0.5431,0.6415,0.5374,0.6258,0.5517,0.5374,0.6341,0.635,0.6331,0.6323,0.6323,0.5933,0.5448,0.5806,0.3268,0.3268,0,0,0,0,0,-0.0056,-0.1364,-0.0566,-0.1169,-0.1188,-0.0136,-0.076,-0.0363,-0.1119,-0.076,0.02,-0.0389,-0.022,0.009,-0.0902,-0.0988,-0.0256,-0.062,-0.0176,-0.0128,-0.0278,-0.0564,-0.0213,-0.0634,-0.0538,-0.0053,-0.0164,-0.0322,-0.0551,-0.0261,0.0415,-0.011,-0.0049,-0.0109,-0.0165,-0.0449,-0.0144,-0.0152,-0.0048,0.0002,-0.0108,-0.2079,-0.044,-0.19,-0.1861,-0.014,-0.1557,-0.0563,-0.1621,-0.1557,0.0251,-0.0104,-0.0299,0.0207,-0.0015,0.0023,-0.0052,-0.1332,-0.0165,-0.1082,-0.1277,-0.007,-0.1059,-0.0217,-0.095,-0.1059,0.0324,-0.0084,0.0032,0.0062,0.0306,-0.0106,-0.0138,TRUE,TRUE
DTC_L_40,LanSi,1,CW_01,B,2026-03-28 10:34:39+08:00,ONLINE,FALSE,,CW_1_01,PASS,,,51.4215399,_2026032810343955802,T20260328103439,DESKTOP-P2DUL42,Loma,1,CW_1_01,2,paul di,2024.0718.155524,V20260126.2,CW_DTCL_DTCR_STC,T20260328103530,51.4215399,TRUE,TRUE,TRUE,TRUE,TRUE,TRUE,TRUE,4S2RND2HBL06DS,v1.0.1,2025_12_22,314.1533,323.8102,474.219,303.3431,294.8882,152.5066,148.3467,343.7667,333.4748,490.6691,-6.4836,3.3191,-0.0001,0,-0.2267,1.5583,-0.2193,1.555,0.6668,154.8271,150.5479,148.9199,154.041,152.084,0.8185,0.7984,0.828,0.7899,0.7899,0.7804,0.7483,0.8091,0.7452,0.7452,0.8279,0.8217,0.8184,0.7701,0.7528,0.715,0.7727,0.7019,0.7019,0.8339,0.4782,0.8307,0.8217,0.4782,0.8392,0.7968,0.7807,0.842,0.8405,0.8128,0.7895,0.7855,0.7807,0,0,0,0,0,v1.0.1,2025_12_22,314.1533,323.8102,475.3015,303.1103,294.7815,151.5828,147.2585,344.034,333.7113,491.7113,-6.4588,3.3497,-0.0001,0,-0.2272,1.5583,-0.2201,1.5543,0.6663,163.8076,159.2119,165.8154,164.8867,163.4304,0.6829,0.6879,0.6867,0.7023,0.6829,0.6527,0.6417,0.6557,0.6485,0.6417,0.6574,0.6616,0.6663,0.641,0.6301,0.6292,0.6396,0.6225,0.6225,0.6794,0.5131,0.6763,0.6953,0.5131,0.6416,0.6575,0.6342,0.6739,0.6769,0.6796,0.6689,0.6288,0.6288,0,0,0,0,0,v1.0.1,2025_12_22,312.9417,316,437.9273,301.7636,299,185,184.5246,330.6721,327.0431,446.8707,-7.2127,-3.4387,-0.0001,0,-0.2129,1.5643,-0.2132,1.5629,0.6753,175.6084,174.3818,172.5273,175.2158,174.4333,0.7906,0.6921,0.8059,0.6839,0.6839,0.7415,0.6405,0.7531,0.6759,0.6405,0.777,0.7675,0.7722,0.7054,0.7054,0.7289,0,0.7314,0.7292,0.7289,0,0,0,0,0,v1.0.1,2025_12_22,312.9519,315.875,438.7168,301.6814,299.0339,184.1441,183.6612,330.7769,327.1043,447.6174,-7.2064,-3.4811,-0.0001,0,-0.2119,1.565,-0.2142,1.5633,0.6755,148.998,144.0166,143.6279,146.9287,145.8928,0.653,0.592,0.6637,0.6113,0.592,0.6273,0.5522,0.6296,0.5899,0.5522,0.6218,0.6369,0.6409,0.6185,0.6185,0.5862,0.5584,0.5811,0.5678,0.5584,0,0,0,0,0,-0.0082,-0.0599,-0.0039,-0.0317,-0.0317,-0.0105,-0.0854,0.0073,-0.0385,-0.0385,0.0266,0.0078,-0.0006,0.0012,-0.0726,-0.1062,-0.0298,-0.0525,0.0157,0.014,0.009,-0.0202,-0.0105,-0.0043,0.009,-0.0121,-0.0305,-0.0089,-0.0224,-0.0229,0.0134,0.0067,0.0031,0.0045,-0.0392,-0.036,-0.0091,0.0054,-0.0081,0.0034,-0.0041,-0.1284,0.0004,-0.114,-0.1108,-0.008,-0.152,-0.0082,-0.0762,-0.109,-0.011,0.0117,0.0146,0.0115,-0.0187,-0.0024,-0.0089,-0.0814,-0.0149,-0.08,-0.0699,0.0039,-0.1003,0.01,-0.0494,-0.0674,-0.0185,0.0078,-0.0011,0.0201,0.0201,-0.0188,-0.0107,TRUE,TRUE
DTC_R_40,LanSi,1,CW_01,B,2026-03-28 10:34:39+08:00,ONLINE,FALSE,,CW_1_01,PASS,,,51.554185,_2026032810343943601,T20260328103439,DESKTOP-P2DUL42,Loma,1,CW_1_01,1,paul di,2024.0718.155524,V20260126.2,CW_DTCL_DTCR_STC,T20260328103530,51.554185,TRUE,TRUE,TRUE,TRUE,TRUE,TRUE,TRUE,4S2RND2HBL0DP6,v1.0.1,2025_12_22,315.1037,316.3556,474.781,296.3212,295.3446,147.3311,149.5,336.5867,335.295,484.1439,-5.4951,-3.3523,-0.0001,0,-0.2243,1.5539,-0.221,1.5505,0.6648,154.3418,150.6201,151.1992,154.2344,152.5989,0.8546,0.795,0.8208,0.8013,0.795,0.8097,0.7383,0.7512,0.7357,0.7357,0.8094,0.7882,0.7917,0.8233,0.7266,0.6749,0.7198,0.7233,0.6749,0.8436,0.8194,0.8095,0.98,0.8095,0.8397,0.783,0.7761,0.8296,0.8012,0.8077,0.7914,0.8508,0.7761,0,0,0,0,0,v1.0.1,2025_12_22,315.0511,316.3869,475.8417,296.2878,295.1933,146.2867,148.3046,336.6689,335.5071,485.0929,-5.5204,-3.3554,-0.0001,0,-0.2238,1.5541,-0.2205,1.5496,0.6648,163.1582,157.1562,167.6973,166.6309,163.6606,0.6993,0.6867,0.6836,0.6802,0.6802,0.6737,0.6411,0.6167,0.6375,0.6167,0.6382,0.6412,0.6421,0.6635,0.6124,0.5985,0.592,0.6084,0.592,0.6847,0.6636,0.674,0.4807,0.4807,0.6425,0.6557,0.6567,0.6621,0.656,0.6628,0.663,0.6852,0.6425,0,0,0,0,0,v1.0.1,2025_12_22,317.2857,327.9429,441.7321,312.7321,302.7295,195.0738,188.7805,342.3252,331.8929,456.1607,-3.0159,7.3469,0,0.0001,-0.2211,1.5612,-0.2109,1.5568,0.6715,174.5869,172.7734,173.7686,175.3887,174.1294,0.7898,0.6972,0.7763,0.6696,0.6696,0.7573,0.6921,0.7142,0.6292,0.6292,0.7508,0.7389,0.7259,0.74,0.7259,0.7651,0.6799,0.7356,0,0.6799,0,0,0,0,0,v1.0.1,2025_12_22,317.2885,328,442.4522,312.6174,302.6529,194.5289,187.7805,342.3252,331.9469,457.0265,-3.0758,7.3996,0,0.0001,-0.2218,1.5611,-0.2096,1.5572,0.6717,147.5635,141.8086,145.0811,146.208,145.1653,0.6512,0.6089,0.6591,0.6013,0.6013,0.64,0.6017,0.5933,0.5557,0.5557,0.6299,0.6098,0.6294,0.6273,0.6098,0.6045,0.5503,0.5843,0.5316,0.5316,0,0,0,0,0,-0.0149,-0.0921,-0.0624,-0.0756,-0.0745,-0.016,-0.0637,-0.0563,-0.1059,-0.0663,0.0082,-0.0315,-0.029,0.0066,-0.0796,-0.14,-0.0785,-0.1095,-0.0077,0.0029,-0.0098,-0.0283,-0.0271,-0.0385,-0.0289,-0.0093,-0.0109,-0.0544,-0.0435,-0.0353,0.0206,-0.0134,-0.0152,-0.0111,-0.0268,-0.0792,-0.043,-0.0302,-0.0033,0.0123,-0.0149,-0.1293,-0.0448,-0.1525,-0.1351,-0.0117,-0.0664,-0.0654,-0.1604,-0.1293,-0.0153,-0.0227,-0.034,-0.0032,0.0194,-0.0068,-0.0196,-0.0674,-0.0153,-0.0848,-0.0695,-0.0085,-0.0416,-0.0542,-0.091,-0.0876,0.0282,-0.0336,-0.0005,0.0012,0.0081,0.0006,-0.0101,TRUE,TRUE
DTC_R_41,LanSi,1,CW_01,C,2026-03-28 10:36:30+08:00,ONLINE,FALSE,,CW_1_01,PASS,,,51.7595547,_2026032810363085001,T20260328103630,DESKTOP-P2DUL42,Loma,1,CW_1_01,1,paul di,2024.0718.155524,V20260126.2,CW_DTCL_DTCR_STC,T20260328103722,51.7595547,TRUE,TRUE,TRUE,TRUE,TRUE,TRUE,TRUE,4S2RND2HBL0DP6,v1.0.1,2025_12_22,315,316.2222,474.7007,296.365,295.3241,147.3172,149.5,336.5867,335.2302,483.9281,-5.549,-3.4162,-0.0001,0,-0.2232,1.5543,-0.2219,1.5502,0.6649,154.2881,150.6816,151.3135,154.0771,152.5901,0.85,0.8028,0.8289,0.8105,0.8028,0.8015,0.7221,0.7737,0.7268,0.7221,0.8104,0.7891,0.7862,0.8137,0.7643,0.7208,0.7052,0.7023,0.7023,0.8375,0.8123,0.8129,0.98,0.8123,0.8186,0.7784,0.774,0.8242,0.8095,0.8011,0.7532,0.8556,0.7532,0,0,0,0,0,v1.0.1,2025_12_22,315.0426,316.156,475.8015,296.1765,295.1757,146.3041,148.3487,336.6776,335.3357,484.9357,-5.5592,-3.45,-0.0001,0,-0.2231,1.5538,-0.222,1.5506,0.6648,162.8984,156.3496,166.5127,166.2832,163.011,0.7044,0.6705,0.6943,0.692,0.6705,0.6739,0.629,0.6462,0.64,0.629,0.665,0.6344,0.6289,0.6613,0.6336,0.6194,0.5973,0.6111,0.5973,0.6961,0.6656,0.6608,0.3235,0.3235,0.6416,0.6683,0.6713,0.6755,0.6801,0.6534,0.6511,0.6885,0.6416,0,0,0,0,0,v1.0.1,2025_12_22,317.1981,327.8491,441.6348,312.6261,302.6953,195.2578,188.7823,342.2742,331.7232,456.25,-3.0933,7.3514,0,0.0001,-0.2212,1.5613,-0.2113,1.5576,0.6716,174.8926,173.083,173.8887,175.2109,174.2688,0.7891,0.7077,0.7746,0.6877,0.6877,0.7587,0.639,0.7244,0.627,0.627,0.7772,0.7328,0.7353,0.7487,0.7328,0.7541,0.6827,0.724,0,0.6827,0,0,0,0,0,v1.0.1,2025_12_22,317.2308,327.9423,442.4298,312.5702,302.6667,194.7398,187.8618,342.3821,331.9018,456.9464,-3.0818,7.4162,0,0.0001,-0.2217,1.5614,-0.2106,1.557,0.6715,147.4082,140.998,144.1426,145.7959,144.5862,0.6589,0.6076,0.6535,0.6179,0.6076,0.644,0.5714,0.6131,0.568,0.568,0.6302,0.6224,0.6173,0.6216,0.6173,0.6007,0.5609,0.5854,0.4318,0.4318,0,0,0,0,0,-0.0195,-0.0843,-0.0543,-0.0664,-0.0667,-0.0242,-0.0799,-0.0338,-0.1148,-0.0799,0.0092,-0.0306,-0.0345,-0.003,-0.0419,-0.0941,-0.0931,-0.1305,-0.0138,0.0063,-0.0047,-0.0445,-0.0164,-0.0267,-0.0386,-0.0091,-0.023,-0.0249,-0.041,-0.023,0.0474,-0.0202,-0.0284,-0.0133,-0.0056,-0.0583,-0.0377,-0.0275,0.0081,-0.0009,-0.0156,-0.1188,-0.0465,-0.1344,-0.117,-0.0103,-0.1195,-0.0552,-0.1626,-0.1315,0.0111,-0.0288,-0.0246,0.0055,0.0084,-0.0184,-0.0119,-0.0687,-0.0209,-0.0682,-0.0632,-0.0045,-0.0719,-0.0344,-0.0787,-0.0753,0.0285,-0.021,-0.0126,-0.0045,0.0156,-0.0032,-0.009,TRUE,TRUE
DTC_L_41,LanSi,1,CW_01,C,2026-03-28 10:36:30+08:00,ONLINE,FALSE,,CW_1_01,PASS,,,51.7595547,_2026032810363085002,T20260328103630,DESKTOP-P2DUL42,Loma,1,CW_1_01,2,paul di,2024.0718.155524,V20260126.2,CW_DTCL_DTCR_STC,T20260328103722,51.7595547,TRUE,TRUE,TRUE,TRUE,TRUE,TRUE,TRUE,4S2RND2HBL06DS,v1.0.1,2025_12_22,315.4593,321.6222,475.637,300.3778,296.5584,149.8442,150.14,341.4933,334.7464,487.971,-4.9918,0.7617,0,0,-0.2313,1.5607,-0.2191,1.5549,0.6663,155.042,150.4658,147.1787,154.6436,151.8325,0.8302,0.8054,0.8419,0.7843,0.7843,0.7619,0.7579,0.8046,0.7203,0.7203,0.8195,0.8061,0.8169,0.766,0.7311,0.7337,0.736,0.701,0.701,0.8324,0.98,0.8209,0.7842,0.7842,0.8435,0.7323,0.7179,0.8267,0.8279,0.7752,0.7796,0.7879,0.7179,0,0,0,0,0,v1.0.1,2025_12_22,315.3669,321.6187,476.8071,300.3214,296.3806,149.0194,149.0608,341.7297,334.9143,489.0214,-4.994,0.8421,0,0,-0.2306,1.5607,-0.2198,1.554,0.6661,161.8262,158.2812,162.6611,162.9385,161.4268,0.6815,0.6867,0.6936,0.6914,0.6815,0.6431,0.6371,0.6492,0.637,0.637,0.6451,0.6545,0.6597,0.6295,0.6132,0.6224,0.6254,0.6129,0.6129,0.6803,0.5032,0.6849,0.676,0.5032,0.6609,0.634,0.6015,0.6756,0.678,0.6757,0.6705,0.6122,0.6015,0,0,0,0,0,v1.0.1,2025_12_22,314.1143,313.8286,439.2301,299.2301,300.5917,182.5,186.1721,328.6557,328.2735,444.4615,-5.8237,-5.7648,-0.0001,-0.0001,-0.2156,1.5677,-0.2149,1.5623,0.6749,176.3906,174.7754,171.0596,176.0195,174.5613,0.7855,0.6994,0.8003,0.688,0.688,0.7368,0.659,0.7557,0.6296,0.6296,0.775,0.7523,0.7684,0.6975,0.6975,0.7349,0,0.7258,0.6754,0.6754,0,0,0,0,0,v1.0.1,2025_12_22,314.0952,313.7238,440.0091,299.0545,300.5161,181.8145,185.3223,328.6777,328.3136,445.2797,-5.8487,-5.79,-0.0001,-0.0001,-0.2155,1.5677,-0.2151,1.5626,0.6749,147.5947,143.4775,141.1318,145.1064,144.3276,0.6637,0.5939,0.665,0.6173,0.5939,0.6327,0.5697,0.6362,0.5699,0.5697,0.6173,0.6187,0.6571,0.589,0.589,0.5844,0.4923,0.5954,0.5464,0.4923,0,0,0,0,0,0.0035,-0.0529,0.01,-0.0373,-0.0373,-0.029,-0.0758,0.0028,-0.0634,-0.0634,0.0182,-0.0078,-0.0021,-0.0029,-0.0943,-0.0875,-0.0665,-0.0534,0.0142,0.0042,0.0076,-0.0214,-0.0036,-0.0152,0.0076,-0.0217,-0.0351,-0.0154,-0.0339,-0.0276,0.0011,-0.0004,-0.0035,-0.007,-0.0561,-0.0428,-0.0233,-0.0042,-0.0072,0.012,-0.0092,-0.1211,-0.0052,-0.1099,-0.1067,-0.0127,-0.1335,-0.0056,-0.1225,-0.1199,-0.013,-0.0035,0.0108,0.0036,-0.0127,-0.008,0.0018,-0.0795,-0.0136,-0.074,-0.068,0.0093,-0.0828,0.0166,-0.0694,-0.0499,-0.023,-0.0104,0.0151,-0.0094,-0.0094,-0.0206,0.0036,TRUE,TRUE
DTC_R_42,LanSi,1,CW_01,A,2026-03-28 10:38:08+08:00,ONLINE,FALSE,,CW_1_01,PASS,,,51.6300016,_2026032810380874201,T20260328103808,DESKTOP-P2DUL42,Loma,1,CW_1_01,1,paul di,2024.0718.155524,V20260126.2,CW_DTCL_DTCR_STC,T20260328103900,51.6300016,TRUE,TRUE,TRUE,TRUE,TRUE,TRUE,TRUE,4S2RND2HBL0DP6,v1.0.1,2025_12_22,315.1765,316.8529,475.2574,297.1985,295.5734,148.2867,149.4145,336.8289,335.7466,484.3493,-5.2663,-2.7967,-0.0001,0,-0.2217,1.5545,-0.2194,1.5481,0.6654,154.2871,150.0215,150.9609,153.9062,152.2939,0.8535,0.7864,0.8125,0.7644,0.7644,0.8183,0.7361,0.7725,0.7335,0.7335,0.8152,0.783,0.7885,0.8193,0.7356,0.7286,0.7434,0.7727,0.7286,0.8382,0.7908,0.7982,0.98,0.7908,0.8439,0.7698,0.7719,0.7665,0.7877,0.72,0.7841,0.8424,0.72,0,0,0,0,0,v1.0.1,2025_12_22,315.0791,316.8633,476.3235,297.0368,295.3878,147.2449,148.2123,337.0274,335.906,485.4094,-5.3182,-2.7836,-0.0001,0,-0.2218,1.5547,-0.2197,1.5473,0.6651,161.8555,155.623,165.709,165.1934,162.0952,0.6934,0.6726,0.6969,0.6709,0.6709,0.6674,0.6444,0.6425,0.6264,0.6264,0.6559,0.6277,0.6453,0.6529,0.626,0.6287,0.6061,0.6421,0.6061,0.6804,0.663,0.6638,0.2767,0.2767,0.6528,0.6408,0.6486,0.6323,0.6628,0.6051,0.6159,0.6728,0.6051,0,0,0,0,0,v1.0.1,2025_12_22,317.4495,328.2385,442.1909,313.3273,302.8595,196.1157,188.9512,342.5122,332,456,-2.8098,7.7387,0,0.0001,-0.2185,1.5603,-0.2101,1.5569,0.6722,174.4473,172.2588,173.54,175.2471,173.8733,0.8025,0.6518,0.7707,0.6206,0.6206,0.7621,0.6057,0.71,0.6091,0.6057,0.7617,0.741,0.741,0.75,0.741,0.747,0.6715,0.7179,0,0.6715,0,0,0,0,0,v1.0.1,2025_12_22,317.4245,328.1792,443.0182,313.1545,302.776,195.384,187.9098,342.541,332.0619,456.8142,-2.8619,7.7146,0,0.0001,-0.2185,1.5604,-0.2099,1.557,0.6722,146.4873,140.3584,143.5576,144.9932,143.8491,0.6646,0.5591,0.6653,0.5743,0.5591,0.6396,0.5397,0.628,0.5495,0.5397,0.6243,0.6303,0.6334,0.6354,0.6243,0.5866,0.5575,0.5843,0.4371,0.4371,0,0,0,0,0,-0.016,-0.1007,-0.0707,-0.1125,-0.1051,-0.0074,-0.0659,-0.035,-0.1081,-0.0685,0.014,-0.0367,-0.0322,0.0026,-0.0706,-0.0863,-0.0549,-0.0601,-0.0131,-0.0084,-0.0157,-0.0424,-0.0138,-0.0478,-0.0382,-0.0156,-0.0076,-0.0286,-0.0546,-0.0256,0.0383,-0.0269,-0.012,-0.0217,-0.0132,-0.049,-0.0289,0.0035,-0.0076,0.0021,-0.0022,-0.1747,-0.0504,-0.2015,-0.1841,-0.0069,-0.1528,-0.0696,-0.1805,-0.1528,-0.0044,-0.0206,-0.0189,0.0068,0.0013,-0.0245,-0.0062,-0.1172,-0.0091,-0.1118,-0.1117,-0.0089,-0.1036,-0.0195,-0.0972,-0.1036,0.0226,-0.0131,0.0035,0.0093,0.0226,-0.0173,-0.0101,TRUE,TRUE
DTC_L_42,LanSi,1,CW_01,A,2026-03-28 10:38:08+08:00,ONLINE,FALSE,,CW_1_01,PASS,,,51.5153082,_2026032810380885602,T20260328103808,DESKTOP-P2DUL42,Loma,1,CW_1_01,2,paul di,2024.0718.155524,V20260126.2,CW_DTCL_DTCR_STC,T20260328103900,51.5153082,TRUE,TRUE,TRUE,TRUE,TRUE,TRUE,TRUE,4S2RND2HBL06DS,v1.0.1,2025_12_22,314.2222,323.1333,474.3835,302.9624,294.9801,152.457,148.6107,343.0403,333.7447,489.3972,-6.3118,2.698,-0.0001,0,-0.2248,1.558,-0.2191,1.5534,0.6669,154.1943,150.1621,148.1289,153.2988,151.446,0.8262,0.7912,0.8329,0.7855,0.7855,0.7803,0.7603,0.7941,0.7434,0.7434,0.8216,0.8181,0.8014,0.7617,0.7283,0.735,0.7668,0.6864,0.6864,0.8128,0.98,0.8217,0.8244,0.8128,0.8631,0.8143,0.7702,0.8301,0.8386,0.8265,0.79,0.7667,0.7667,0,0,0,0,0,v1.0.1,2025_12_22,314.2117,323.2117,475.5185,302.763,294.902,151.4575,147.3907,343.245,333.7887,490.4085,-6.3377,2.7171,-0.0001,0,-0.2256,1.5583,-0.219,1.5537,0.6669,162.2617,157.5283,163.5342,163.2852,161.6523,0.6811,0.6763,0.6915,0.6905,0.6763,0.6479,0.6402,0.6459,0.6527,0.6402,0.6386,0.6582,0.6571,0.6316,0.6176,0.6196,0.6372,0.5975,0.5975,0.677,0.3715,0.6744,0.6882,0.3715,0.6569,0.6826,0.6446,0.6889,0.6846,0.7103,0.6762,0.6361,0.6361,0,0,0,0,0,v1.0.1,2025_12_22,313.0187,315.4486,437.9541,301.2844,299.1017,184.7373,184.675,330.175,327.1271,445.8305,-7.1247,-4.0048,-0.0001,0,-0.2124,1.5642,-0.2137,1.5625,0.6751,174.6035,173.5625,171.2529,173.749,173.292,0.7879,0.6774,0.8202,0.6873,0.6774,0.7526,0.6639,0.7658,0.6575,0.6575,0.7884,0.7811,0.7745,0.703,0.703,0.7338,0,0.7406,0.718,0.718,0,0,0,0,0,v1.0.1,2025_12_22,313,315.3962,438.8496,301.1947,299,183.8974,183.7131,330.2213,327.2991,446.5983,-7.1276,-4.0384,-0.0001,0,-0.2119,1.5642,-0.2137,1.5617,0.6751,148.0547,142.7617,142.043,145.4258,144.5713,0.6595,0.593,0.6752,0.6136,0.593,0.6338,0.5698,0.6296,0.5823,0.5698,0.6347,0.6428,0.6462,0.611,0.611,0.5693,0.5224,0.5865,0.5729,0.5224,0,0,0,0,0,-0.0005,-0.0671,0.001,-0.0361,-0.0361,-0.0106,-0.0734,-0.0077,-0.0403,-0.0403,0.0203,0.0042,-0.0176,-0.0072,-0.0971,-0.0862,-0.0357,-0.068,-0.0054,0.005,0.0072,-0.0318,-0.0057,-0.0161,0.0024,-0.0169,-0.032,-0.0187,-0.0182,-0.0244,-0.0054,0.0033,-0.0061,-0.0049,-0.0517,-0.0456,-0.0115,-0.0196,-0.0105,0.0015,-0.0068,-0.1431,0.0147,-0.1106,-0.1173,0.0031,-0.1286,0.0045,-0.0946,-0.092,0.0004,0.0253,0.0169,0.0091,-0.0138,0.0068,-0.0024,-0.0804,-0.0034,-0.0777,-0.0689,0.0104,-0.0827,0.01,-0.057,-0.0498,-0.0056,0.0137,0.0042,0.0126,0.0126,-0.0357,-0.0053,TRUE,TRUE
DTC_R_43,LanSi,1,CW_01,B,2026-03-28 10:39:57+08:00,ONLINE,FALSE,,CW_1_01,FAIL,SFR_VIS_25cm_Ny4_01F_ROI4_Dev;SFR_VIS_25cm_Ny4_03F_ROI8_Dev,Dev,51.7224382,_2026032810395750901,T20260328103957,DESKTOP-P2DUL42,Loma,1,CW_1_01,1,paul di,2024.0718.155524,V20260126.2,CW_DTCL_DTCR_STC,T20260328104049,51.7224382,TRUE,TRUE,TRUE,TRUE,TRUE,TRUE,TRUE,4S2RND2HBL0DP6,v1.0.1,2025_12_22,315.3008,317.797,475.7353,298.1103,295.9161,149,149.6533,337.7667,335.9195,485.3893,-4.995,-1.8874,0,0,-0.2216,1.5559,-0.2195,1.5479,0.6657,153.6904,149.9766,150.8262,153.3154,151.9521,0.8622,0.7752,0.8143,0.75,0.75,0.8236,0.7303,0.7676,0.7149,0.7149,0.8195,0.7849,0.7789,0.8171,0.7282,0.7178,0.7311,0.7407,0.7178,0.8431,0.8142,0.7954,0.98,0.7954,0.8379,0.7783,0.7687,0.8117,0.7973,0.6641,0.8408,0.8482,0.6641,0,0,0,0,0,v1.0.1,2025_12_22,315.3406,317.6594,476.7609,298.0797,295.7619,147.8435,148.3741,337.9728,336.0331,486.3841,-5.0459,-1.9121,-0.0001,0,-0.2202,1.5555,-0.2206,1.5482,0.6658,163.041,156.1855,166.667,166.5225,163.104,0.6994,0.6767,0.6916,0.6629,0.6629,0.6823,0.635,0.6451,0.6205,0.6205,0.6491,0.6441,0.6419,0.6435,0.6247,0.6356,0.5932,0.6325,0.5932,0.6717,0.6537,0.6644,0.2286,0.2286,0.6359,0.662,0.643,0.6605,0.6352,0.6074,0.6564,0.6744,0.6074,0,0,0,0,0,v1.0.1,2025_12_22,317.767,329,442.5088,314.1842,303.123,196.9344,189,343.4127,332.1071,456.8393,-2.5988,8.5741,0,0.0001,-0.2177,1.5598,-0.2109,1.5586,0.6724,175.0977,173.4756,174.791,175.9111,174.8188,0.8076,0.6599,0.777,0.6052,0.6052,0.762,0.6163,0.7176,0.5963,0.5963,0.7742,0.7467,0.7302,0.7526,0.7302,0.7501,0.674,0.7269,0,0.674,0,0,0,0,0,v1.0.1,2025_12_22,317.7333,329.1048,443.3241,314.0833,303.0168,196.0924,188.0738,343.4344,332.3333,457.5702,-2.6037,8.557,0,0.0001,-0.2185,1.5601,-0.2096,1.5571,0.6723,147.2861,140.8125,144.3428,145.9668,144.6021,0.6664,0.5853,0.6544,0.5663,0.5663,0.645,0.559,0.6163,0.5282,0.5282,0.6433,0.6234,0.6234,0.627,0.6234,0.5851,0.565,0.5825,0.416,0.416,0,0,0,0,0,-0.0073,-0.1119,-0.0689,-0.1269,-0.1195,-0.0021,-0.0717,-0.0399,-0.1267,-0.0871,0.0183,-0.0348,-0.0418,0.0004,-0.078,-0.0971,-0.0672,-0.0921,-0.0082,-0.0112,-0.0097,-0.0383,-0.0191,-0.0558,-0.0462,-0.0007,-0.017,-0.026,-0.0605,-0.0315,0.0315,-0.0105,-0.0154,-0.0311,-0.0145,-0.0421,-0.0418,-0.0061,-0.0163,0.0027,0.0029,-0.1666,-0.0441,-0.2169,-0.1995,-0.007,-0.1422,-0.062,-0.1933,-0.1622,0.0081,-0.0149,-0.0297,0.0094,0.0044,-0.0155,-0.0044,-0.091,-0.02,-0.1198,-0.1045,-0.0035,-0.0843,-0.0312,-0.1185,-0.1151,0.0416,-0.02,-0.0065,0.0009,0.0217,-0.0188,-0.0119,TRUE,TRUE
DTC_L_43,LanSi,1,CW_01,B,2026-03-28 10:39:57+08:00,ONLINE,FALSE,,CW_1_01,PASS,,,52.0166519,_2026032810395749702,T20260328103957,DESKTOP-P2DUL42,Loma,1,CW_1_01,2,paul di,2024.0718.155524,V20260126.2,CW_DTCL_DTCR_STC,T20260328104049,52.0166519,TRUE,TRUE,TRUE,TRUE,TRUE,TRUE,TRUE,4S2RND2HBL06DS,v1.0.1,2025_12_22,314.3258,322.8409,474.2612,302.2313,294.8467,151.7867,148.543,342.3974,333.5942,488.3551,-6.3858,2.0223,-0.0001,0,-0.2276,1.5569,-0.2169,1.5544,0.6667,155.8525,151.3262,149.501,155.1514,152.9578,0.8217,0.7921,0.8461,0.7868,0.7868,0.7699,0.7701,0.7899,0.736,0.736,0.8148,0.8116,0.8228,0.7539,0.7526,0.7264,0.7553,0.6942,0.6942,0.819,0.6082,0.8315,0.827,0.6082,0.8446,0.7646,0.753,0.8354,0.8201,0.8381,0.805,0.7841,0.753,0,0,0,0,0,v1.0.1,2025_12_22,314.3684,322.8647,475.3037,302.2074,294.8067,150.7133,147.3974,342.457,333.7606,489.5,-6.3727,2.0485,-0.0001,0,-0.2271,1.5571,-0.2163,1.5544,0.667,161.6416,157.3398,163.2812,162.543,161.2014,0.677,0.6778,0.688,0.6824,0.677,0.6572,0.6401,0.6598,0.6493,0.6401,0.6354,0.6568,0.6505,0.6155,0.6217,0.6193,0.6444,0.6044,0.6044,0.6841,0.5352,0.6717,0.7082,0.5352,0.6699,0.6435,0.6252,0.6692,0.6799,0.6886,0.6838,0.6512,0.6252,0,0,0,0,0,v1.0.1,2025_12_22,313.1524,315,438.1786,300.7589,299.2314,184.157,184.9512,329.4878,327.1724,445,-6.9628,-4.6192,-0.0001,0,-0.2129,1.5643,-0.212,1.5628,0.6756,175.7266,174.1816,172.2979,174.8711,174.2693,0.7844,0.69,0.8106,0.6667,0.6667,0.7407,0.653,0.7614,0.6458,0.6458,0.789,0.7603,0.7559,0.6976,0.6976,0.7422,0,0.7298,0.7418,0.7298,0,0,0,0,0,v1.0.1,2025_12_22,313.165,314.9126,438.8288,300.6216,299.0603,183.4138,183.976,329.544,327.2241,445.7414,-7.0491,-4.6533,-0.0001,0,-0.2127,1.5634,-0.2123,1.5632,0.6754,147.5557,142.6787,141.7402,144.9902,144.2412,0.6436,0.5905,0.6665,0.6031,0.5905,0.6341,0.5685,0.6187,0.5594,0.5594,0.6284,0.6412,0.6342,0.6184,0.6184,0.5986,0.5134,0.5913,0.5866,0.5134,0,0,0,0,0,-0.005,-0.0662,0.0142,-0.0348,-0.0348,-0.021,-0.0636,-0.0119,-0.0477,-0.0477,0.0135,-0.0023,0.0038,-0.015,-0.0728,-0.0948,-0.0472,-0.0602,0.0008,0.0148,0.0031,-0.0303,-0.0092,-0.0242,0.0031,-0.0076,-0.0321,-0.0048,-0.0216,-0.0245,-0.0086,0.0019,-0.0127,-0.021,-0.0476,-0.0459,-0.0043,-0.0127,-0.0034,-0.0012,-0.0103,-0.1305,0.0051,-0.1312,-0.128,-0.0088,-0.1395,0.0001,-0.1063,-0.1037,0.001,0.0045,-0.0017,0.0037,-0.0054,-0.004,-0.0183,-0.0829,-0.0121,-0.0882,-0.0714,0.0107,-0.084,-0.0009,-0.0799,-0.0602,-0.0119,0.0121,-0.0078,0.02,0.02,-0.0064,-0.0005,TRUE,TRUE
DTC_L_44,LanSi,1,CW_01,C,2026-03-28 10:41:44+08:00,ONLINE,FALSE,,CW_1_01,PASS,,,51.3938528,_2026032810414450202,T20260328104144,DESKTOP-P2DUL42,Loma,1,CW_1_01,2,paul di,2024.0718.155524,V20260126.2,CW_DTCL_DTCR_STC,T20260328104235,51.3938528,TRUE,TRUE,TRUE,TRUE,TRUE,TRUE,TRUE,4S2RND2HBL06DS,v1.0.1,2025_12_22,314.2647,322.8897,474.2555,302.3796,294.9195,152,148.3377,342.7219,333.7391,488.8913,-6.3967,2.2765,-0.0001,0,-0.227,1.5576,-0.2184,1.5535,0.6664,155.1865,150.6562,148.9033,154.5117,152.3145,0.8231,0.8055,0.8324,0.8051,0.8051,0.772,0.7602,0.8107,0.7496,0.7496,0.8232,0.8137,0.8147,0.7637,0.7457,0.7171,0.7607,0.6964,0.6964,0.8187,0.637,0.829,0.8402,0.637,0.852,0.7802,0.7543,0.8357,0.8285,0.8491,0.7882,0.774,0.7543,0,0,0,0,0,v1.0.1,2025_12_22,314.2647,322.8897,475.3406,302.3406,294.8212,151.0066,147.1918,342.911,333.8944,489.9577,-6.3975,2.3211,-0.0001,0,-0.2264,1.5576,-0.2188,1.5533,0.6665,162.0029,158.1318,163.792,162.8799,161.7017,0.6841,0.6757,0.6989,0.6985,0.6757,0.6543,0.6442,0.6527,0.6491,0.6442,0.6436,0.6516,0.6621,0.6421,0.6255,0.6326,0.6304,0.6173,0.6173,0.6816,0.5187,0.68,0.6985,0.5187,0.6454,0.6544,0.6426,0.6822,0.6761,0.6917,0.6668,0.6374,0.6374,0,0,0,0,0,v1.0.1,2025_12_22,313.0388,315.1942,438.0545,301,299.1949,184.3644,184.5462,329.6891,327.3103,445.5,-7.071,-4.3505,-0.0001,0,-0.2125,1.5649,-0.2118,1.5612,0.6754,175.7207,174.5205,172.3604,175.0537,174.4138,0.7983,0.678,0.8107,0.6901,0.678,0.7398,0.656,0.777,0.6735,0.656,0.7915,0.7614,0.7844,0.6894,0.6894,0.7355,0,0.7306,0.7168,0.7168,0,0,0,0,0,v1.0.1,2025_12_22,313.0481,315.125,438.7699,300.7699,299.0776,183.6897,183.6723,329.7731,327.4274,446.3077,-7.101,-4.3669,-0.0001,0,-0.2132,1.5644,-0.2122,1.5611,0.675,147.8486,143.3896,142.2842,145.3369,144.7148,0.6531,0.5795,0.6774,0.6059,0.5795,0.6322,0.5625,0.6437,0.5767,0.5625,0.6367,0.631,0.6465,0.6216,0.6216,0.5939,0.541,0.5818,0.5905,0.541,0,0,0,0,0,-0.0036,-0.0528,0.0005,-0.0165,-0.0165,-0.0189,-0.0735,0.0089,-0.0341,-0.0341,0.0219,-0.0002,-0.0043,-0.0052,-0.0797,-0.1041,-0.0418,-0.058,0.0005,0.0123,0.0102,-0.0324,0.0017,-0.0081,0.0018,-0.0105,-0.028,-0.0119,-0.0218,-0.0204,-0.0004,-0.0033,-0.0011,0.0056,-0.0438,-0.0326,-0.0183,0.0002,-0.0059,0.0071,0.0036,-0.1425,0.0052,-0.1078,-0.1167,-0.0097,-0.1365,0.0157,-0.0786,-0.0935,0.0035,0.0056,0.0268,-0.0045,-0.0121,-0.0032,-0.0088,-0.0939,-0.0012,-0.0854,-0.0824,0.0088,-0.09,0.0241,-0.0626,-0.0571,-0.0036,0.0019,0.0045,0.0232,0.0232,-0.0111,-0.01,TRUE,TRUE
DTC_R_44,LanSi,1,CW_01,C,2026-03-28 10:41:44+08:00,ONLINE,FALSE,,CW_1_01,PASS,,,51.5464448,_2026032810414434401,T20260328104144,DESKTOP-P2DUL42,Loma,1,CW_1_01,1,paul di,2024.0718.155524,V20260126.2,CW_DTCL_DTCR_STC,T20260328104235,51.5464448,TRUE,TRUE,TRUE,TRUE,TRUE,TRUE,TRUE,4S2RND2HBL0DP6,v1.0.1,2025_12_22,315,316.0863,474.7388,296.1045,295.2483,146.7724,149.3922,336.3333,335.2958,483.6268,-5.565,-3.7153,-0.0001,0,-0.2239,1.5541,-0.2211,1.5497,0.6647,154.0732,150.918,151.2607,153.8545,152.5266,0.8501,0.8145,0.8208,0.8108,0.8108,0.8081,0.7095,0.7629,0.7342,0.7095,0.8054,0.7922,0.7782,0.8174,0.7692,0.7137,0.7017,0.7125,0.7017,0.8424,0.79,0.7864,0.98,0.7864,0.8479,0.7927,0.7811,0.8121,0.8242,0.8607,0.7718,0.8625,0.7718,0,0,0,0,0,v1.0.1,2025_12_22,315.0429,316.1071,475.8723,296,295.1034,145.8138,148.2733,336.4267,335.4155,484.7113,-5.5585,-3.6882,-0.0001,0,-0.2239,1.5537,-0.2207,1.55,0.6648,162.3408,155.1934,165.1816,165.7422,162.1145,0.6946,0.6833,0.6876,0.6941,0.6833,0.6795,0.6341,0.6367,0.6478,0.6341,0.643,0.6339,0.6365,0.6646,0.6378,0.624,0.5806,0.6076,0.5806,0.6718,0.6421,0.6622,0.1846,0.1846,0.6491,0.6473,0.6548,0.658,0.6691,0.6212,0.6518,0.6782,0.6212,0,0,0,0,0,v1.0.1,2025_12_22,317.4486,327.8692,441.6667,312.4649,302.7724,195.0732,188.813,341.9756,331.8929,455.8393,-2.9813,7.1444,0,0.0001,-0.2229,1.5602,-0.2087,1.5579,0.6716,174.4023,173.0156,173.9326,175.1543,174.1262,0.7928,0.7104,0.7811,0.6789,0.6789,0.7559,0.6363,0.7226,0.6251,0.6251,0.7485,0.7299,0.7207,0.7479,0.7207,0.7461,0.6718,0.7078,0,0.6718,0,0,0,0,0,v1.0.1,2025_12_22,317.3551,327.8411,442.5702,312.4298,302.7131,194.4344,187.8607,342.1311,331.8727,456.6727,-3.0256,7.2018,0,0.0001,-0.2219,1.561,-0.2094,1.5581,0.6719,147.0176,139.9062,143.2227,145.2842,143.8577,0.6557,0.6166,0.67,0.6088,0.6088,0.6308,0.5639,0.6108,0.5631,0.5631,0.6177,0.6175,0.6186,0.6198,0.6175,0.5932,0.5534,0.579,0.3798,0.3798,0,0,0,0,0,-0.0194,-0.0726,-0.0624,-0.0661,-0.0587,-0.0176,-0.0925,-0.0446,-0.1074,-0.0925,0.0042,-0.0275,-0.0425,0.0007,-0.037,-0.1012,-0.0966,-0.1203,-0.0089,-0.0202,-0.0145,-0.0317,-0.0231,-0.0246,-0.0258,-0.0035,-0.0179,-0.0344,-0.0332,-0.0179,0.0254,-0.0207,-0.0208,-0.01,-0.0014,-0.0537,-0.0544,-0.031,-0.0162,0.0005,-0.0119,-0.1161,-0.04,-0.1432,-0.1258,-0.0131,-0.1222,-0.057,-0.1645,-0.1334,-0.0176,-0.0317,-0.0392,0.0047,0.0004,-0.0346,-0.0151,-0.0597,-0.0044,-0.0773,-0.062,-0.0177,-0.0794,-0.0367,-0.0836,-0.0802,0.016,-0.0259,-0.0113,-0.0063,0.0158,-0.0107,-0.0154,TRUE,TRUE
DTC_R_45,LanSi,1,CW_01,A,2026-03-28 10:43:32+08:00,ONLINE,FALSE,,CW_1_01,PASS,,,51.6236163,_2026032810433222301,T20260328104332,DESKTOP-P2DUL42,Loma,1,CW_1_01,1,paul di,2024.0718.155524,V20260126.2,CW_DTCL_DTCR_STC,T20260328104423,51.6236163,TRUE,TRUE,TRUE,TRUE,TRUE,TRUE,TRUE,4S2RND2HBL0DP6,v1.0.1,2025_12_22,315.0882,317.5,474.8309,297.7647,295.6319,148.25,149.6184,337.7105,335.2887,485.2887,-5.4084,-2.1972,-0.0001,0,-0.2224,1.5558,-0.221,1.5505,0.6657,153.415,149.6787,150.5361,153.3701,151.75,0.8603,0.8036,0.8273,0.7865,0.7865,0.8129,0.7518,0.7562,0.7369,0.7369,0.823,0.7946,0.7882,0.8146,0.7722,0.7814,0.6994,0.7559,0.6994,0.8353,0.8238,0.7918,0.2455,0.2455,0.8413,0.7994,0.7888,0.8382,0.7937,0.8277,0.8024,0.8509,0.7888,0,0,0,0,0,v1.0.1,2025_12_22,315.058,317.4348,475.9203,297.5145,295.2365,147.1081,148.3467,337.7667,335.5455,486.3147,-5.4786,-2.2723,-0.0001,0,-0.2227,1.5544,-0.2208,1.5496,0.6651,162.2217,156.2324,166.665,165.7539,162.7183,0.6798,0.6762,0.6821,0.6801,0.6762,0.6827,0.6418,0.6378,0.6355,0.6355,0.652,0.6304,0.6493,0.6668,0.6443,0.6496,0.5983,0.6246,0.5983,0.6779,0.6781,0.6636,0.3591,0.3591,0.6595,0.6649,0.6578,0.6704,0.6465,0.6927,0.6612,0.6849,0.6465,0,0,0,0,0,v1.0.1,2025_12_22,317.1981,328.8491,441.7321,313.7321,302.7339,196.2339,188.7805,343.3252,331.7589,457.3929,-3.0593,8.4066,0,0.0001,-0.2203,1.5616,-0.2117,1.5575,0.6718,174.8535,173.3096,174.4746,175.9043,174.6355,0.7947,0.6898,0.7668,0.6697,0.6697,0.7629,0.6732,0.7137,0.6248,0.6248,0.7703,0.7524,0.7159,0.7451,0.7159,0.7499,0.6909,0.7342,0,0.6909,0,0,0,0,0,v1.0.1,2025_12_22,317.2476,328.9619,442.4956,313.708,302.625,195.4833,187.976,343.456,331.8649,458.2072,-3.0582,8.4633,0,0.0001,-0.2207,1.5612,-0.2111,1.5577,0.6718,147.1299,141.1426,144.3242,145.6416,144.5596,0.6509,0.5915,0.6669,0.5987,0.5915,0.6404,0.5918,0.6105,0.5587,0.5587,0.6291,0.621,0.6164,0.6227,0.6164,0.6017,0.5643,0.5902,0.4834,0.4834,0,0,0,0,0,-0.0092,-0.0835,-0.0559,-0.0904,-0.083,-0.0128,-0.0502,-0.0513,-0.1047,-0.0651,0.0218,-0.0251,-0.0325,-0.0021,-0.034,-0.0335,-0.0989,-0.0769,-0.016,-0.0148,-0.0293,-0.0388,-0.0286,-0.0386,-0.0329,-0.0003,-0.0102,-0.0333,-0.0455,-0.0165,0.0344,-0.0242,-0.008,-0.0078,0.0051,-0.0281,-0.0367,-0.014,-0.0101,0.0019,-0.01,-0.1367,-0.0543,-0.1524,-0.135,-0.0061,-0.0853,-0.0659,-0.1648,-0.1337,0.0042,-0.0092,-0.044,0.0019,0.0042,-0.0082,-0.0199,-0.0848,-0.0075,-0.0874,-0.0793,-0.0081,-0.0515,-0.037,-0.088,-0.0846,0.0274,-0.0224,-0.0135,-0.0034,0.0147,-0.0022,-0.0042,TRUE,TRUE
DTC_L_45,LanSi,1,CW_01,A,2026-03-28 10:43:32+08:00,ONLINE,FALSE,,CW_1_01,FAIL,SFR_VIS_25cm_Ny4_06F_ROI15;SFR_VIS_25cm_Ny4_06F_Min;IR_SFR_VIS_25cm_Ny4_06F_ROI15;IR_SFR_VIS_25cm_Ny4_06F_Min;SFR_VIS_25cm_Ny4_06F_ROI15_Dev,sfr_25Algo,51.9916323,_2026032810433210302,T20260328104332,DESKTOP-P2DUL42,Loma,1,CW_1_01,2,paul di,2024.0718.155524,V20260126.2,CW_DTCL_DTCR_STC,T20260328104424,51.9916323,TRUE,TRUE,TRUE,TRUE,TRUE,TRUE,TRUE,4S2RND2HBL06DS,v1.0.1,2025_12_22,315.2148,322.7778,475.4179,301.9627,296.2039,151.9539,149.86,342.5667,334.5,488,-5.2607,1.9522,-0.0001,0,-0.2287,1.5594,-0.2186,1.5541,0.6666,155.9111,149.6895,149.4844,154.998,152.5208,0.8246,0.7804,0.8371,0.778,0.778,0.7801,0.7653,0.8057,0.7535,0.7535,0.8149,0.8203,0.7808,0.7772,0.7466,0.7323,0.607,0.6935,0.607,0.8187,0.98,0.8116,0.7622,0.7622,0.8519,0.7568,0.7479,0.8211,0.816,0.7818,0.7825,0.7774,0.7479,0,0,0,0,0,v1.0.1,2025_12_22,315.1691,322.7647,476.3577,301.927,296.08,150.9667,148.7039,342.7039,334.7353,489.1103,-5.2908,1.9945,-0.0001,0,-0.228,1.5596,-0.2187,1.5532,0.6665,163.0859,157.792,164.6143,164.2393,162.4329,0.6872,0.6636,0.6953,0.6935,0.6636,0.6483,0.6368,0.6639,0.6522,0.6368,0.6577,0.6563,0.6449,0.6412,0.6187,0.6266,0.5513,0.6015,0.5513,0.6816,0.4559,0.6822,0.6583,0.4559,0.6552,0.652,0.6123,0.6816,0.6759,0.6734,0.6635,0.6267,0.6123,0,0,0,0,0,v1.0.1,2025_12_22,314,314.9029,438.7699,300.5398,300.377,184.2377,186.122,329.6667,328.0431,444.8707,-6.0376,-4.6564,-0.0001,0,-0.2141,1.5664,-0.2144,1.5626,0.6751,175.1387,171.8232,172.0566,174.5371,173.3889,0.7781,0.6879,0.8008,0.6791,0.6791,0.7458,0.6685,0.7708,0.6565,0.6565,0.7839,0.7792,0.6537,0.7059,0.6537,0.7317,0,0.7211,0.6624,0.6624,0,0,0,0,0,v1.0.1,2025_12_22,313.9238,314.9238,439.6174,300.4522,300.3103,183.5,185.122,329.6667,328.0789,445.6667,-6.0895,-4.6581,-0.0001,0,-0.2141,1.5671,-0.2134,1.5624,0.6755,149.0059,143.1826,142.7666,146.7021,145.4143,0.6563,0.5838,0.6519,0.6017,0.5838,0.6317,0.5733,0.6266,0.5898,0.5733,0.6377,0.6292,0.5859,0.6098,0.5859,0.5834,0.5249,0.6005,0.562,0.5249,0,0,0,0,0,-0.0021,-0.0779,0.0052,-0.0436,-0.0436,-0.0108,-0.0684,0.0039,-0.0302,-0.0302,0.0136,0.0064,-0.0382,0.0083,-0.0788,-0.0889,-0.1955,-0.0609,0.0005,-0.0051,0.0133,-0.0445,-0.0019,-0.0131,-0.0103,-0.0165,-0.0354,-0.0007,-0.0187,-0.0278,0.0137,0.0014,-0.0183,0.0047,-0.0506,-0.0386,-0.0974,-0.0156,-0.0059,0.0093,-0.0166,-0.1326,-0.0047,-0.1188,-0.1156,-0.0037,-0.124,0.0095,-0.0956,-0.093,-0.0041,0.0234,-0.1039,0.012,-0.0159,-0.0127,-0.0056,-0.0896,-0.0267,-0.0896,-0.0781,0.0083,-0.0792,0.007,-0.0495,-0.0463,-0.0026,0.0001,-0.0561,0.0114,-0.0125,-0.0216,0.0087,TRUE,TRUE
DTC_L_46,LanSi,1,CW_01,B,2026-03-28 10:45:12+08:00,ONLINE,FALSE,,CW_1_01,PASS,,,51.6972901,_2026032810451250602,T20260328104512,DESKTOP-P2DUL42,Loma,1,CW_1_01,2,paul di,2024.0718.155524,V20260126.2,CW_DTCL_DTCR_STC,T20260328104604,51.6972901,TRUE,TRUE,TRUE,TRUE,TRUE,TRUE,TRUE,4S2RND2HBL06DS,v1.0.1,2025_12_22,315.3139,321.4526,475.5294,300.4265,296.3571,150.1753,150.1149,341.3649,334.8129,487.5396,-5.0744,0.6918,-0.0001,0,-0.23,1.5601,-0.2194,1.5534,0.666,156.4727,151.8672,150.1582,155.6973,153.5488,0.8258,0.8083,0.8438,0.7863,0.7863,0.7857,0.7627,0.8053,0.7447,0.7447,0.8166,0.8119,0.8062,0.7679,0.7408,0.7288,0.7132,0.7021,0.7021,0.8116,0.2633,0.8154,0.771,0.2633,0.8569,0.7752,0.7334,0.8341,0.8054,0.7569,0.765,0.777,0.7334,0,0,0,0,0,v1.0.1,2025_12_22,315.3286,321.5,476.6786,300.4214,296.1533,149.2133,149,341.5,334.922,488.617,-5.0835,0.7504,-0.0001,0,-0.2294,1.5594,-0.2192,1.5536,0.6661,161.79,157.8457,163.9639,162.6396,161.5598,0.6939,0.6822,0.7049,0.6912,0.6822,0.654,0.641,0.6532,0.6498,0.641,0.6546,0.6507,0.6569,0.6412,0.6115,0.6346,0.6218,0.6212,0.6115,0.6745,0.5001,0.6955,0.6523,0.5001,0.6517,0.6434,0.6076,0.6895,0.6646,0.6763,0.6697,0.625,0.6076,0,0,0,0,0,v1.0.1,2025_12_22,314.1333,313.6476,439.2613,299.2162,300.5932,182.5,186.2066,328.4545,328.3719,444.0331,-5.7867,-5.9297,-0.0001,-0.0001,-0.2143,1.5674,-0.2147,1.5615,0.675,176.1631,174.4551,172.875,175.3682,174.7153,0.7905,0.698,0.808,0.6949,0.6949,0.7422,0.6509,0.7701,0.6576,0.6509,0.7733,0.7745,0.751,0.702,0.702,0.7309,0,0.7242,0.6597,0.6597,0,0,0,0,0,v1.0.1,2025_12_22,314.0849,313.6698,440.0631,298.9459,300.5289,181.7851,185.2893,328.5289,328.3333,445,-5.8401,-5.914,-0.0001,-0.0001,-0.2158,1.5679,-0.2143,1.5622,0.675,147.7529,143.5127,142.3672,145.0967,144.6824,0.6592,0.5847,0.6707,0.6122,0.5847,0.6252,0.5516,0.624,0.578,0.5516,0.6218,0.6272,0.6561,0.5902,0.5902,0.5853,0.4946,0.5697,0.532,0.4946,0,0,0,0,0,-0.0009,-0.05,0.0119,-0.0353,-0.0353,-0.0052,-0.071,0.0035,-0.039,-0.039,0.0153,-0.002,-0.0128,-0.001,-0.0846,-0.0924,-0.0893,-0.0523,-0.0066,-0.0013,0.02,-0.0259,0.0077,-0.0154,0.0083,-0.0108,-0.0312,-0.0114,-0.0211,-0.0236,0.0106,-0.0042,-0.0063,0.0047,-0.0578,-0.0306,-0.0269,0.0041,-0.013,0.0226,-0.0042,-0.1225,0.0025,-0.103,-0.0998,-0.0073,-0.1416,0.0088,-0.0945,-0.0986,-0.0147,0.0187,-0.0066,0.0081,-0.0167,-0.0096,-0.0027,-0.0887,-0.0079,-0.0791,-0.0772,0.0018,-0.1009,0.0044,-0.0613,-0.068,-0.0185,-0.0019,0.0141,-0.0082,-0.0082,-0.0197,-0.0221,TRUE,TRUE
DTC_R_46,LanSi,1,CW_01,B,2026-03-28 10:45:12+08:00,ONLINE,FALSE,,CW_1_01,PASS,,,51.7142447,_2026032810451250601,T20260328104512,DESKTOP-P2DUL42,Loma,1,CW_1_01,1,paul di,2024.0718.155524,V20260126.2,CW_DTCL_DTCR_STC,T20260328104604,51.7142447,TRUE,TRUE,TRUE,TRUE,TRUE,TRUE,TRUE,4S2RND2HBL0DP6,v1.0.1,2025_12_22,315.0882,317.5,474.8897,297.8309,295.4726,148.2945,149.5667,337.9467,335.3429,485.4357,-5.428,-2.0984,-0.0001,0,-0.222,1.5549,-0.2224,1.5503,0.6652,153.5771,150.208,150.4541,153.1934,151.8582,0.8563,0.8087,0.8199,0.7884,0.7884,0.8085,0.7419,0.7687,0.7477,0.7419,0.8076,0.7955,0.7938,0.8217,0.7341,0.7513,0.6902,0.7413,0.6902,0.8469,0.8089,0.8074,0.7303,0.7303,0.8373,0.7871,0.7859,0.8372,0.8065,0.8089,0.7852,0.8526,0.7852,0,0,0,0,0,v1.0.1,2025_12_22,315,317.5,475.8786,297.6357,295.1497,147.1701,148.3129,338.0408,335.4178,486.3767,-5.5482,-2.1553,-0.0001,0,-0.2223,1.5543,-0.2221,1.55,0.6649,162.5742,155.5439,165.7871,166.0986,162.501,0.699,0.6852,0.692,0.6847,0.6847,0.6686,0.6468,0.6407,0.651,0.6407,0.6556,0.6454,0.6411,0.6597,0.6295,0.6529,0.5694,0.6258,0.5694,0.6808,0.6608,0.6713,0.465,0.465,0.6677,0.6509,0.6712,0.6605,0.657,0.686,0.647,0.6783,0.647,0,0,0,0,0,v1.0.1,2025_12_22,317.4423,328.9519,441.844,313.7798,302.8537,196.2846,188.878,343.4553,331.9273,457.5,-2.9109,8.4943,0,0.0001,-0.2208,1.5608,-0.2118,1.5581,0.6715,174.7939,173.6328,174.3379,175.4043,174.5422,0.806,0.6984,0.7645,0.6701,0.6701,0.7571,0.6494,0.7164,0.6433,0.6433,0.77,0.7494,0.726,0.7449,0.726,0.7442,0.6793,0.7414,0,0.6793,0,0,0,0,0,v1.0.1,2025_12_22,317.3398,329.0194,442.6847,313.7568,302.744,195.584,187.976,343.456,332,458.4182,-2.9511,8.5469,0,0.0001,-0.2207,1.5613,-0.2106,1.5575,0.6719,147.1895,140.5117,143.3311,145.624,144.1641,0.6722,0.6115,0.6639,0.5973,0.5973,0.6438,0.5721,0.6112,0.5546,0.5546,0.6348,0.6247,0.6059,0.6251,0.6059,0.5987,0.5606,0.5848,0.4871,0.4871,0,0,0,0,0,-0.0132,-0.0784,-0.0633,-0.0885,-0.0811,-0.0172,-0.0601,-0.0388,-0.0939,-0.0601,0.0064,-0.0242,-0.0269,0.005,-0.0721,-0.0636,-0.1081,-0.0915,-0.0044,0.0008,-0.0101,-0.0298,-0.0187,-0.034,-0.0244,-0.0144,-0.0052,-0.0304,-0.03,-0.0113,0.038,-0.0092,-0.0162,-0.0149,-0.0097,-0.0248,-0.0656,-0.0128,-0.0072,0.0096,0.0013,-0.1281,-0.0566,-0.152,-0.1346,-0.0119,-0.1091,-0.0632,-0.1463,-0.1152,0.0039,-0.0122,-0.0339,0.0017,-0.0015,-0.001,0.0014,-0.0648,-0.0105,-0.0888,-0.0735,-0.0047,-0.0712,-0.0363,-0.0921,-0.0887,0.0331,-0.0187,-0.024,-0.001,0.0042,-0.0052,-0.0096,TRUE,TRUE
DTC_R_47,LanSi,1,CW_01,C,2026-03-28 10:47:03+08:00,ONLINE,FALSE,,CW_1_01,PASS,,,51.0026297,_2026032810470364701,T20260328104703,DESKTOP-P2DUL42,Loma,1,CW_1_01,1,paul di,2024.0718.155524,V20260126.2,CW_DTCL_DTCR_STC,T20260328104754,51.0026297,TRUE,TRUE,TRUE,TRUE,TRUE,TRUE,TRUE,4S2RND2HBL0DP6,v1.0.1,2025_12_22,315,316.3158,474.7164,296.1567,295.375,146.9236,149.4832,336.5436,335.234,483.8298,-5.5383,-3.5461,-0.0001,0,-0.225,1.5549,-0.2211,1.5501,0.6647,154.3535,150.3389,151.0771,153.6221,152.3479,0.8523,0.8226,0.8225,0.7996,0.7996,0.8062,0.7251,0.761,0.7467,0.7251,0.8319,0.7754,0.7917,0.8096,0.7548,0.7247,0.7121,0.7136,0.7121,0.8343,0.8485,0.7904,0.98,0.7904,0.8426,0.7428,0.7945,0.8186,0.8004,0.8419,0.7797,0.8424,0.7428,0,0,0,0,0,v1.0.1,2025_12_22,315.0143,316.1929,475.8321,296.1387,295.1448,145.8966,148.2,336.6133,335.3333,484.8865,-5.5951,-3.5544,-0.0001,0,-0.2235,1.5541,-0.2213,1.5504,0.6649,161.2461,155.5762,165.6016,164.7852,161.8022,0.7002,0.7008,0.7029,0.6919,0.6919,0.6754,0.6292,0.6408,0.6363,0.6292,0.6432,0.6224,0.6417,0.6681,0.6362,0.6356,0.5908,0.6097,0.5908,0.6757,0.6895,0.6514,0.3054,0.3054,0.6585,0.6551,0.6591,0.6707,0.6495,0.6643,0.6643,0.6815,0.6495,0,0,0,0,0,v1.0.1,2025_12_22,317.4519,327.9327,441.6348,312.6261,302.8033,195.1803,188.7623,342.2787,331.8496,456.0531,-2.9996,7.3142,0,0.0001,-0.2221,1.5604,-0.2105,1.5584,0.6715,174.2871,172.4365,173.6348,175.207,173.8914,0.8009,0.7049,0.7734,0.6881,0.6881,0.7501,0.6248,0.7232,0.6315,0.6248,0.7742,0.7388,0.726,0.7468,0.726,0.7497,0.6502,0.7473,0,0.6502,0,0,0,0,0,v1.0.1,2025_12_22,317.3922,328,442.4298,312.5702,302.7049,194.5164,187.864,342.376,331.9469,456.9204,-3.0324,7.3766,0,0.0001,-0.2223,1.5607,-0.21,1.5579,0.6716,146.21,140.377,143.6807,144.7578,143.7563,0.6602,0.5943,0.6651,0.6129,0.5943,0.6313,0.5676,0.6149,0.5612,0.5612,0.6313,0.6227,0.6057,0.6252,0.6057,0.5857,0.5346,0.5721,0.4256,0.4256,0,0,0,0,0,-0.0172,-0.0645,-0.0607,-0.0773,-0.0699,-0.0195,-0.0769,-0.0465,-0.0949,-0.0769,0.0307,-0.0443,-0.029,-0.0071,-0.0514,-0.0902,-0.0862,-0.1192,-0.017,-0.0162,-0.0089,-0.0142,-0.0078,-0.0268,-0.0172,-0.0076,-0.0228,-0.0303,-0.0447,-0.0228,0.0256,-0.0322,-0.0156,-0.0065,-0.003,-0.0421,-0.0442,-0.0289,-0.0123,-0.0103,-0.0038,-0.1216,-0.0477,-0.134,-0.1166,-0.0189,-0.1337,-0.0564,-0.1581,-0.1337,0.0081,-0.0228,-0.0339,0.0036,0.004,0.0049,-0.0106,-0.082,-0.0093,-0.0732,-0.0765,-0.0172,-0.0757,-0.0326,-0.0855,-0.0821,0.0296,-0.0207,-0.0242,-0.0009,0.004,-0.0182,-0.0223,TRUE,TRUE
DTC_L_47,LanSi,1,CW_01,C,2026-03-28 10:47:03+08:00,ONLINE,FALSE,,CW_1_01,PASS,,,50.6719804,_2026032810470397402,T20260328104703,DESKTOP-P2DUL42,Loma,1,CW_1_01,2,paul di,2024.0718.155524,V20260126.2,CW_DTCL_DTCR_STC,T20260328104754,50.6719804,TRUE,TRUE,TRUE,TRUE,TRUE,TRUE,TRUE,4S2RND2HBL06DS,v1.0.1,2025_12_22,314.2,323.4143,474.3985,302.9925,294.9408,152.4342,148.457,343.3974,333.5821,489.9627,-6.3843,2.9402,-0.0001,0,-0.2263,1.5581,-0.2195,1.5544,0.6667,154.374,150.0605,148.29,153.5264,151.5627,0.8195,0.801,0.8434,0.7894,0.7894,0.7873,0.76,0.7952,0.7549,0.7549,0.8181,0.8122,0.8294,0.7662,0.751,0.7554,0.7754,0.7082,0.7082,0.8123,0.98,0.8294,0.828,0.8123,0.8523,0.7524,0.7535,0.8362,0.831,0.8249,0.8014,0.766,0.7524,0,0,0,0,0,v1.0.1,2025_12_22,314.227,323.4539,475.5333,302.963,294.9408,151.4342,147.3464,343.4706,333.7391,490.8913,-6.3427,2.9426,-0.0001,0,-0.2258,1.5586,-0.2189,1.5543,0.6671,162.6455,158.0645,164.2021,163.8232,162.1838,0.6799,0.6788,0.6947,0.6885,0.6788,0.6527,0.6372,0.6573,0.659,0.6372,0.6463,0.6557,0.6523,0.6361,0.6321,0.6322,0.6426,0.6162,0.6162,0.6766,0.4148,0.6732,0.6821,0.4148,0.6576,0.638,0.6323,0.6786,0.6676,0.6845,0.6589,0.6277,0.6277,0,0,0,0,0,v1.0.1,2025_12_22,313,315.6038,438.0367,301.4587,299.1917,184.875,184.5372,330.4628,327.0169,446.0508,-7.1435,-3.8098,-0.0001,0,-0.2121,1.565,-0.2146,1.5632,0.6754,174.9199,173.9951,171.8506,174.4033,173.7922,0.7855,0.7071,0.8109,0.6844,0.6844,0.7544,0.6725,0.7587,0.6716,0.6716,0.7919,0.7757,0.7724,0.7061,0.7061,0.7319,0,0.7282,0.7286,0.7282,0,0,0,0,0,v1.0.1,2025_12_22,313,315.6038,438.8468,301.2883,299.0672,183.9496,183.8279,330.3443,327.2833,446.9083,-7.0949,-3.8812,-0.0001,0,-0.2128,1.5648,-0.2131,1.5619,0.6752,148.458,143.1514,142.3604,146.1855,145.0388,0.667,0.5975,0.669,0.6087,0.5975,0.6304,0.5781,0.6297,0.5912,0.5781,0.6339,0.6407,0.6471,0.6205,0.6205,0.5662,0.4922,0.5952,0.57,0.4922,0,0,0,0,0,-0.0072,-0.0573,0.0115,-0.0322,-0.0322,-0.0036,-0.0737,-0.0066,-0.0288,-0.0288,0.0168,-0.0017,0.0104,-0.0027,-0.0744,-0.0658,-0.0271,-0.0462,-0.0059,0.0127,0.006,-0.0293,-0.0025,-0.0181,0.0049,-0.0121,-0.035,-0.0073,-0.0119,-0.0274,0.0023,0.0008,-0.0109,-0.0004,-0.0372,-0.033,-0.0061,-0.0009,-0.0109,0.0003,-0.0092,-0.1134,0.0054,-0.1135,-0.1103,0.0049,-0.12,-0.0026,-0.0805,-0.0779,0.0039,0.0199,0.0148,0.0122,-0.0157,-0.0056,0.0051,-0.0759,-0.0096,-0.0826,-0.0644,0.007,-0.0744,0.0101,-0.0481,-0.0415,-0.0064,0.0116,0.0051,0.0221,0.0221,-0.0388,0.0034,TRUE,TRUE
DTC_L_48,LanSi,1,CW_01,A,2026-03-28 10:49:03+08:00,ONLINE,FALSE,,CW_1_01,PASS,,,51.4606917,_2026032810490390902,T20260328104903,DESKTOP-P2DUL42,Loma,1,CW_1_01,2,paul di,2024.0718.155524,V20260126.2,CW_DTCL_DTCR_STC,T20260328104955,51.4606917,TRUE,TRUE,TRUE,TRUE,TRUE,TRUE,TRUE,4S2RND2HBL06DS,v1.0.1,2025_12_22,313.8394,323.3796,473.8897,302.8309,294.4771,151.6536,147.8758,343.4967,333.15,490.3357,-6.8536,2.8393,-0.0001,0,-0.2272,1.558,-0.2201,1.5551,0.6665,155.0303,151.0977,148.7822,154.0781,152.2471,0.8271,0.7956,0.8416,0.7858,0.7858,0.7815,0.7425,0.8069,0.7557,0.7425,0.8142,0.8154,0.8187,0.7742,0.758,0.7178,0.7596,0.7078,0.7078,0.8272,0.98,0.8244,0.8098,0.8098,0.8366,0.7986,0.7922,0.8476,0.8222,0.8398,0.7959,0.7777,0.7777,0,0,0,0,0,v1.0.1,2025_12_22,313.8705,323.3165,474.8905,302.781,294.3268,150.6928,146.755,343.6093,333.2254,491.3451,-6.8864,2.8489,-0.0001,0,-0.2263,1.5575,-0.2203,1.5556,0.6666,162.3174,158.2285,164.4141,163.2061,162.0415,0.6857,0.6769,0.6991,0.6894,0.6769,0.6539,0.6203,0.6543,0.6559,0.6203,0.644,0.6542,0.6642,0.6318,0.643,0.6151,0.6422,0.6086,0.6086,0.6769,0.4527,0.669,0.6889,0.4527,0.6569,0.6714,0.6458,0.6906,0.6719,0.6809,0.6735,0.6408,0.6408,0,0,0,0,0,v1.0.1,2025_12_22,312.7383,315.5047,437.5478,301.3826,298.8235,184.1765,184.2114,330.4634,326.6897,446.5,-7.4979,-3.8946,-0.0001,0,-0.2122,1.5647,-0.2153,1.5642,0.6753,175.7129,174.7402,172.4072,175.0381,174.4746,0.7924,0.6927,0.8099,0.6783,0.6783,0.7343,0.6449,0.7618,0.6792,0.6449,0.7792,0.7676,0.7815,0.7163,0.7163,0.7299,0,0.7341,0.7388,0.7299,0,0,0,0,0,v1.0.1,2025_12_22,312.7477,315.5327,438.3784,301.2072,298.6303,183.5378,183.5,330.5,326.8632,447.2222,-7.4761,-3.9,-0.0001,0,-0.213,1.5637,-0.2148,1.5635,0.6749,147.9629,143.4189,142.835,145.6123,144.9573,0.6553,0.5905,0.6787,0.5984,0.5905,0.6344,0.5513,0.6367,0.5796,0.5513,0.6303,0.6356,0.6441,0.6107,0.6107,0.6087,0.5461,0.5846,0.5751,0.5461,0,0,0,0,0,0.0004,-0.0627,0.0097,-0.0358,-0.0358,-0.0094,-0.0912,0.0051,-0.028,-0.0412,0.0129,0.0015,-0.0003,0.0053,-0.0674,-0.1034,-0.0429,-0.0466,0.009,0.0077,0.0118,-0.0312,0.0019,-0.0172,0.003,-0.0109,-0.0519,-0.0103,-0.015,-0.0443,0,-0.0007,0.001,-0.0047,-0.0263,-0.0501,-0.0065,-0.0085,-0.0106,-0.0039,-0.0023,-0.1278,0.0044,-0.1196,-0.1164,-0.0152,-0.1476,0.0005,-0.0729,-0.1046,-0.0088,0.0118,0.0239,0.0224,-0.0177,0.0003,-0.0066,-0.0829,0.0001,-0.0929,-0.0714,0.011,-0.1012,0.0171,-0.0597,-0.0683,-0.01,0.0065,0.0021,0.0123,0.0123,0.0037,-0.0072,TRUE,TRUE
DTC_R_48,LanSi,1,CW_01,A,2026-03-28 10:49:04+08:00,ONLINE,FALSE,,CW_1_01,FAIL,SFR_VIS_25cm_Ny4_01F_ROI4_Dev,Dev,51.5105562,_2026032810490414701,T20260328104904,DESKTOP-P2DUL42,Loma,1,CW_1_01,1,paul di,2024.0718.155524,V20260126.2,CW_DTCL_DTCR_STC,T20260328104955,51.5105562,TRUE,TRUE,TRUE,TRUE,TRUE,TRUE,TRUE,4S2RND2HBL0DP6,v1.0.1,2025_12_22,315.4706,317.5735,475.6165,298.0376,295.9161,149,149.6623,337.7219,336.0671,485.7517,-4.9535,-1.8831,0,0,-0.2209,1.5548,-0.2204,1.5484,0.6655,153.8115,150.5342,151.1045,153.668,152.2795,0.8458,0.7675,0.8221,0.7496,0.7496,0.825,0.7038,0.7754,0.7424,0.7038,0.8091,0.7578,0.785,0.8201,0.7132,0.703,0.7518,0.7544,0.703,0.8313,0.7885,0.803,0.3777,0.3777,0.8081,0.7428,0.7549,0.8311,0.7973,0.73,0.8363,0.8418,0.73,0,0,0,0,0,v1.0.1,2025_12_22,315.3786,317.5714,476.708,298,295.8601,148.007,148.4211,337.7895,336.14,486.6933,-4.9984,-1.8878,0,0,-0.2202,1.5557,-0.22,1.5481,0.6659,160.8916,154.9512,164.7832,164.5254,161.2878,0.6877,0.6614,0.6868,0.6633,0.6614,0.6772,0.6179,0.6352,0.6402,0.6179,0.6384,0.6214,0.641,0.6547,0.6121,0.6233,0.6105,0.6404,0.6105,0.6673,0.6315,0.6697,0.0566,0.0566,0.6205,0.6336,0.6296,0.6544,0.6568,0.5486,0.6392,0.673,0.5486,0,0,0,0,0,v1.0.1,2025_12_22,317.8381,328.9143,442.4234,314.1351,303.3252,197.122,189.1694,343.3145,332.3077,457.1368,-2.4872,8.6245,0,0.0001,-0.2176,1.5606,-0.2109,1.5579,0.6725,174.3447,172.7529,173.9951,174.9072,174,0.784,0.6399,0.7784,0.6149,0.6149,0.7591,0.5881,0.7266,0.6255,0.5881,0.75,0.7204,0.7203,0.7589,0.7203,0.753,0.6304,0.7497,0,0.6304,0,0,0,0,0,v1.0.1,2025_12_22,317.767,329,443.2727,314.1636,303.1967,196.2295,188.2377,343.2787,332.453,457.7265,-2.5146,8.5797,0,0.0001,-0.2172,1.561,-0.2093,1.5567,0.6728,145.8008,139.7373,142.8682,144.5723,143.2446,0.6538,0.5599,0.6542,0.5517,0.5517,0.6388,0.5244,0.6155,0.5523,0.5244,0.6117,0.6125,0.6199,0.6403,0.6117,0.5806,0.5265,0.5873,0.3119,0.3119,0,0,0,0,0,-0.0237,-0.1196,-0.0611,-0.1273,-0.1199,-0.0007,-0.0982,-0.0321,-0.0992,-0.0982,0.0079,-0.0619,-0.0357,0.0034,-0.093,-0.1119,-0.0465,-0.0784,-0.02,-0.0036,-0.0214,-0.0536,-0.0239,-0.0554,-0.0477,-0.0058,-0.0341,-0.0359,-0.0408,-0.0341,0.0208,-0.0332,-0.0163,-0.0199,-0.0271,-0.0544,-0.0245,0.0018,-0.0207,0.008,-0.0207,-0.1866,-0.0427,-0.2072,-0.1898,-0.0099,-0.1704,-0.053,-0.1641,-0.1704,-0.0161,-0.0412,-0.0396,0.0157,0.0073,0.0073,-0.017,-0.1164,-0.0202,-0.1344,-0.1191,-0.0097,-0.1189,-0.032,-0.0944,-0.1189,0.01,-0.0309,-0.01,0.0142,0.01,-0.0233,-0.0071,TRUE,TRUE
DTC_R_49,LanSi,1,CW_01,B,2026-03-28 10:50:50+08:00,ONLINE,FALSE,,CW_1_01,PASS,,,51.2091396,_2026032810505048601,T20260328105050,DESKTOP-P2DUL42,Loma,1,CW_1_01,1,paul di,2024.0718.155524,V20260126.2,CW_DTCL_DTCR_STC,T20260328105141,51.2091396,TRUE,TRUE,TRUE,TRUE,TRUE,TRUE,TRUE,4S2RND2HBL0DP6,v1.0.1,2025_12_22,315.0882,316.5,474.6957,296.5,295.5,147.3919,149.4575,336.817,335.2199,484.2199,-5.5077,-3.2143,-0.0001,0,-0.2241,1.555,-0.2215,1.5508,0.665,154.46,150.3789,151.2559,153.8594,152.4885,0.8449,0.8073,0.8183,0.8011,0.8011,0.8041,0.7373,0.764,0.7287,0.7287,0.8135,0.7693,0.7913,0.8173,0.7504,0.7126,0.7225,0.7239,0.7126,0.832,0.8191,0.8086,0.3066,0.3066,0.8513,0.7843,0.7779,0.8326,0.8194,0.8115,0.7293,0.8527,0.7293,0,0,0,0,0,v1.0.1,2025_12_22,315.0797,316.5507,475.7643,296.4071,295.4122,146.4122,148.2585,336.966,335.4155,485.2887,-5.514,-3.1751,-0.0001,0,-0.2242,1.5552,-0.2213,1.5503,0.665,162.0869,155.6025,166.0645,165.4121,162.2915,0.6981,0.6883,0.6914,0.6799,0.6799,0.6652,0.635,0.6429,0.6424,0.635,0.6464,0.6367,0.6475,0.666,0.6382,0.6167,0.5959,0.6052,0.5959,0.6789,0.6627,0.6719,0.3969,0.3969,0.6556,0.6774,0.6609,0.678,0.6803,0.6869,0.6257,0.6901,0.6257,0,0,0,0,0,v1.0.1,2025_12_22,317.4,328.0857,441.6847,312.7568,302.8629,195.5484,188.7886,342.4634,331.7679,456.4286,-2.9992,7.5566,0,0.0001,-0.2222,1.561,-0.2108,1.5588,0.6717,174.7178,172.5088,173.9609,175.2295,174.1042,0.7984,0.7066,0.7818,0.6918,0.6918,0.756,0.6388,0.7227,0.6168,0.6168,0.769,0.747,0.7342,0.7338,0.7338,0.7518,0.6878,0.7178,0,0.6878,0,0,0,0,0,v1.0.1,2025_12_22,317.4571,328.0381,442.4956,312.708,302.7742,194.8306,187.9098,342.541,331.8636,457.2636,-2.9999,7.5763,0,0.0001,-0.2215,1.5605,-0.211,1.5593,0.6718,146.9238,140.6484,143.9951,145.4248,144.248,0.6727,0.6015,0.6602,0.6015,0.6015,0.6358,0.5595,0.6265,0.5435,0.5435,0.635,0.6329,0.6231,0.6306,0.6231,0.6036,0.5517,0.5787,0.497,0.497,0,0,0,0,0,-0.0246,-0.0798,-0.0649,-0.0758,-0.0684,-0.0216,-0.0647,-0.0435,-0.1129,-0.0733,0.0123,-0.0504,-0.0294,0.0006,-0.0558,-0.1023,-0.0758,-0.1089,-0.0193,0.002,-0.011,-0.0267,-0.0193,-0.0388,-0.0292,-0.0178,-0.017,-0.0282,-0.0386,-0.017,0.0288,-0.0179,-0.0098,-0.0086,-0.001,-0.061,-0.0391,-0.0334,-0.0091,0.0102,-0.0063,-0.1199,-0.0393,-0.1303,-0.1129,-0.013,-0.1197,-0.0569,-0.1728,-0.1417,0.0029,-0.0146,-0.0257,-0.0094,0.0061,-0.0246,0.0019,-0.0748,-0.0142,-0.0846,-0.0693,-0.0127,-0.0838,-0.021,-0.1032,-0.0998,0.0333,-0.0105,-0.0068,0.0045,0.0214,-0.0003,-0.0157,TRUE,TRUE
DTC_L_49,LanSi,1,CW_01,B,2026-03-28 10:50:50+08:00,ONLINE,FALSE,,CW_1_01,PASS,,,51.0395928,_2026032810505062002,T20260328105050,DESKTOP-P2DUL42,Loma,1,CW_1_01,2,paul di,2024.0718.155524,V20260126.2,CW_DTCL_DTCR_STC,T20260328105141,51.0395928,TRUE,TRUE,TRUE,TRUE,TRUE,TRUE,TRUE,4S2RND2HBL06DS,v1.0.1,2025_12_22,315.3556,322,475.5489,301,296.3691,150.5034,150,342.0479,334.7826,488.442,-5.0888,1.2987,-0.0001,0,-0.2298,1.56,-0.2201,1.5541,0.666,155.1572,150.5459,149.2451,154.5947,152.3857,0.8303,0.8049,0.8556,0.7839,0.7839,0.7827,0.774,0.7965,0.7509,0.7509,0.8157,0.8138,0.8154,0.776,0.7236,0.7304,0.7395,0.7001,0.7001,0.8267,0.4159,0.8159,0.7905,0.4159,0.8441,0.776,0.768,0.8361,0.823,0.7735,0.7992,0.7695,0.768,0,0,0,0,0,v1.0.1,2025_12_22,315.2847,322.0657,476.7153,300.9343,296.1589,149.6093,148.9048,342.2381,334.8,489.4929,-5.1273,1.368,-0.0001,0,-0.2296,1.5598,-0.2201,1.5542,0.6661,162.6338,158.5811,164.8721,163.7949,162.4705,0.6772,0.6822,0.6958,0.7067,0.6772,0.6687,0.6406,0.6582,0.6364,0.6364,0.6589,0.6581,0.6638,0.6348,0.6218,0.6278,0.6355,0.6158,0.6158,0.6851,0.4673,0.6831,0.6652,0.4673,0.6516,0.6529,0.6359,0.6634,0.6736,0.6661,0.6622,0.6422,0.6359,0,0,0,0,0,v1.0.1,2025_12_22,314,314.3962,439.1416,299.708,300.5,183,186.0083,329.05,328.2051,444.9573,-5.929,-5.2777,-0.0001,-0.0001,-0.2163,1.5679,-0.2135,1.5619,0.675,176.082,174.6455,173.0352,175.5146,174.8193,0.7996,0.7037,0.808,0.6968,0.6968,0.7429,0.6635,0.7588,0.6561,0.6561,0.7647,0.7597,0.7628,0.6954,0.6954,0.7243,0,0.7127,0.6671,0.6671,0,0,0,0,0,v1.0.1,2025_12_22,314,314.3962,439.9182,299.5727,300.3884,182.2893,185.1322,329.157,328.3193,445.7731,-5.9484,-5.2623,-0.0001,-0.0001,-0.2167,1.5676,-0.2135,1.5617,0.6748,148.5771,143.9131,143.0586,146.0967,145.4114,0.6471,0.5891,0.6747,0.6248,0.5891,0.63,0.5639,0.6342,0.5844,0.5639,0.6403,0.6316,0.6427,0.6066,0.6066,0.5804,0.5324,0.5978,0.5404,0.5324,0,0,0,0,0,0.0036,-0.0534,0.0237,-0.0377,-0.0377,-0.0082,-0.0597,-0.0053,-0.0328,-0.0328,0.0144,-0.0001,-0.0036,0.0071,-0.1018,-0.0908,-0.063,-0.0543,0.0085,-0.0008,0.0033,-0.0259,-0.0014,0.0001,0.0033,0.0039,-0.0316,-0.0064,-0.0345,-0.0282,0.0149,0.0032,0.0006,-0.0017,-0.0475,-0.0374,-0.0132,-0.0013,-0.0024,0.0102,0.0049,-0.1168,0.0025,-0.1011,-0.0979,-0.0066,-0.129,-0.0025,-0.096,-0.0934,-0.0233,0.0039,0.0052,0.0015,-0.0233,-0.0211,-0.0148,-0.0843,-0.0039,-0.0665,-0.0728,0.0066,-0.0886,0.0146,-0.0549,-0.0557,0,0.0025,0.0007,0.0082,0.0082,-0.0246,0.006,TRUE,TRUE
DTC_R_50,LanSi,1,CW_01,C,2026-03-28 10:52:39+08:00,ONLINE,FALSE,,CW_1_01,FAIL,SFR_VIS_25cm_Ny4_03F_ROI8_Dev,Dev,51.6519064,_2026032810523913701,T20260328105239,DESKTOP-P2DUL42,Loma,1,CW_1_01,1,paul di,2024.0718.155524,V20260126.2,CW_DTCL_DTCR_STC,T20260328105330,51.6519064,TRUE,TRUE,TRUE,TRUE,TRUE,TRUE,TRUE,4S2RND2HBL0DP6,v1.0.1,2025_12_22,315.0882,316.5,474.7226,296.5401,295.3904,147.3151,149.457,336.5695,335.2302,484.0719,-5.5223,-3.3007,-0.0001,0,-0.2239,1.5544,-0.2201,1.5507,0.6653,153.501,149.623,150.377,153.1924,151.6733,0.8543,0.8226,0.8273,0.7851,0.7851,0.8092,0.7282,0.7669,0.718,0.718,0.8187,0.7828,0.7892,0.8137,0.7557,0.7171,0.718,0.7085,0.7085,0.8381,0.8167,0.8021,0.98,0.8021,0.845,0.7863,0.7961,0.829,0.8177,0.8393,0.7326,0.8492,0.7326,0,0,0,0,0,v1.0.1,2025_12_22,315,316.5,475.8,296.4143,295.1933,146.2867,148.1678,336.7248,335.3309,485.0735,-5.6016,-3.3001,-0.0001,0,-0.2238,1.5544,-0.2201,1.5503,0.6652,162.6348,156.2275,166.4756,165.8789,162.8042,0.712,0.6833,0.6943,0.6894,0.6833,0.6776,0.6345,0.6414,0.6374,0.6345,0.6508,0.6413,0.6534,0.6601,0.6459,0.6301,0.5998,0.6062,0.5998,0.6854,0.6639,0.6713,0.3708,0.3708,0.6536,0.6548,0.6712,0.6608,0.6678,0.6889,0.6192,0.6852,0.6192,0,0,0,0,0,v1.0.1,2025_12_22,317.2404,328.0577,441.6847,312.7568,302.7339,195.2339,188.5847,342.3475,331.6875,456.3482,-3.1138,7.4488,0,0.0001,-0.2218,1.5615,-0.2101,1.5581,0.6719,174.8809,172.7959,173.9746,175.6855,174.3342,0.7986,0.719,0.7781,0.6853,0.6853,0.7542,0.6474,0.7211,0.5864,0.5864,0.7749,0.7446,0.7263,0.7415,0.7263,0.7362,0.6827,0.7329,0,0.6827,0,0,0,0,0,v1.0.1,2025_12_22,317.1923,328.0385,442.4298,312.5702,302.6557,194.6885,187.6583,342.3917,331.9018,456.9464,-3.1324,7.4271,0,0.0001,-0.2224,1.5617,-0.2098,1.5567,0.6715,147.0195,141.1455,144.2969,145.5625,144.5061,0.6688,0.6198,0.6662,0.6049,0.6049,0.6308,0.566,0.6174,0.5309,0.5309,0.6272,0.6227,0.6106,0.6254,0.6106,0.5959,0.556,0.5635,0.4456,0.4456,0,0,0,0,0,-0.0152,-0.0645,-0.0559,-0.0918,-0.0844,-0.0165,-0.0738,-0.0406,-0.1236,-0.084,0.0175,-0.0369,-0.0315,-0.003,-0.0505,-0.0978,-0.0803,-0.1243,-0.0132,-0.0045,0.0029,-0.0317,-0.0164,-0.0293,-0.0258,-0.0054,-0.0175,-0.0297,-0.0436,-0.0175,0.0332,-0.0133,-0.0039,-0.0145,0.0067,-0.0476,-0.0352,-0.0324,-0.0026,0.0096,-0.0061,-0.1075,-0.043,-0.1368,-0.1194,-0.0148,-0.1111,-0.0585,-0.2032,-0.1721,0.0088,-0.017,-0.0336,-0.0017,-0.0095,-0.0095,-0.002,-0.0565,-0.0082,-0.0812,-0.0659,-0.0177,-0.0773,-0.0301,-0.1158,-0.1124,0.0255,-0.0207,-0.0193,-0.0007,0.0089,-0.008,-0.0309,TRUE,TRUE
DTC_L_50,LanSi,1,CW_01,C,2026-03-28 10:52:39+08:00,ONLINE,FALSE,,CW_1_01,PASS,,,51.6678637,_2026032810523913702,T20260328105239,DESKTOP-P2DUL42,Loma,1,CW_1_01,2,paul di,2024.0718.155524,V20260126.2,CW_DTCL_DTCR_STC,T20260328105330,51.6678637,TRUE,TRUE,TRUE,TRUE,TRUE,TRUE,TRUE,4S2RND2HBL06DS,v1.0.1,2025_12_22,314.1324,322.4191,474.7388,302.0299,294.86,151.6933,148.4641,342.1961,333.6619,488.7986,-6.3286,1.9274,-0.0001,0,-0.2258,1.5579,-0.2183,1.5534,0.6668,155.3955,151.0566,149.1748,154.877,152.626,0.8338,0.7803,0.8322,0.7875,0.7803,0.7897,0.7484,0.7908,0.7536,0.7484,0.8199,0.8222,0.8147,0.7842,0.7372,0.7186,0.7679,0.7003,0.7003,0.8154,0.98,0.8342,0.8314,0.8154,0.8427,0.7866,0.73,0.8416,0.8218,0.8334,0.7958,0.7743,0.73,0,0,0,0,0,v1.0.1,2025_12_22,314.2143,322.5,475.8561,301.9353,294.8067,150.7133,147.3922,342.3333,333.8043,489.8333,-6.2853,1.9631,-0.0001,0,-0.226,1.5578,-0.2178,1.5537,0.6669,162.0303,157.2109,163.6777,162.9268,161.4614,0.6774,0.6609,0.6857,0.6937,0.6609,0.6563,0.6392,0.653,0.651,0.6392,0.6365,0.6496,0.6571,0.6256,0.6144,0.6317,0.6545,0.5998,0.5998,0.6659,0.3139,0.6846,0.6881,0.3139,0.6682,0.6431,0.6097,0.6747,0.6839,0.6861,0.672,0.6192,0.6097,0,0,0,0,0,v1.0.1,2025_12_22,313.0952,314.7238,438.3333,300.5351,299.125,184.1833,184.6777,329.3223,327.1538,445.0513,-7.023,-4.7368,-0.0001,0,-0.2123,1.5637,-0.2127,1.5628,0.6754,175.0947,173.7861,171.7012,174.5449,173.7817,0.7926,0.6745,0.8077,0.6684,0.6684,0.7518,0.6501,0.7498,0.6643,0.6501,0.7787,0.7734,0.7629,0.7019,0.7019,0.7278,0,0.7256,0.7038,0.7038,0,0,0,0,0,v1.0.1,2025_12_22,313.0577,314.6827,439.1875,300.4286,298.9565,183.3739,183.6803,329.4508,327.2881,445.9068,-7.066,-4.7314,-0.0001,0,-0.212,1.5633,-0.2131,1.5623,0.6751,147.8809,142.4033,141.9941,145.5439,144.4556,0.664,0.5859,0.6637,0.6057,0.5859,0.6302,0.5628,0.6206,0.5889,0.5628,0.6309,0.6381,0.64,0.6002,0.6002,0.5963,0.4724,0.5795,0.5711,0.4724,0,0,0,0,0,0.0071,-0.078,0.0003,-0.0341,-0.0413,-0.0012,-0.0853,-0.011,-0.0301,-0.0353,0.0186,0.0083,-0.0043,0.0153,-0.0882,-0.1026,-0.0346,-0.0541,-0.0028,0.0175,0.0035,-0.0472,-0.0115,-0.0129,-0.013,-0.0085,-0.033,-0.0116,-0.0199,-0.0254,-0.0075,-0.0053,-0.0061,-0.0109,-0.0549,-0.0335,0.0058,-0.0173,-0.0216,0.0117,-0.0021,-0.146,0.0022,-0.1295,-0.1263,0.0023,-0.1424,-0.0115,-0.0878,-0.0994,-0.0093,0.0176,0.0053,0.008,-0.0198,-0.0082,0.0021,-0.0875,-0.0149,-0.0856,-0.076,0.0068,-0.0897,0.001,-0.0504,-0.0568,-0.0094,0.009,-0.002,0.0018,0.0018,-0.0087,-0.0123,TRUE,TRUE
DTC_L_51,LanSi,1,CW_01,A,2026-03-28 10:54:18+08:00,ONLINE,FALSE,,CW_1_01,PASS,,,51.6667394,_2026032810541899602,T20260328105418,DESKTOP-P2DUL42,Loma,1,CW_1_01,2,paul di,2024.0718.155524,V20260126.2,CW_DTCL_DTCR_STC,T20260328105510,51.6667394,TRUE,TRUE,TRUE,TRUE,TRUE,TRUE,TRUE,4S2RND2HBL06DS,v1.0.1,2025_12_22,314.1691,323.7647,474.1679,303.2847,294.7815,152.5828,148.2384,343.543,333.5821,489.9627,-6.5122,3.1276,-0.0001,0,-0.2268,1.5575,-0.2181,1.554,0.6666,153.9111,149.8447,147.6729,153.4092,151.2095,0.8265,0.798,0.8474,0.7829,0.7829,0.7803,0.7541,0.7934,0.7455,0.7455,0.8103,0.8099,0.8175,0.765,0.7621,0.7294,0.7459,0.7042,0.7042,0.8174,0.98,0.8302,0.8259,0.8174,0.8425,0.7919,0.8002,0.8352,0.8148,0.828,0.7976,0.7828,0.7828,0,0,0,0,0,v1.0.1,2025_12_22,314.1522,323.7609,475.2319,303.1667,294.6494,151.5714,147.0952,343.7619,333.7153,490.9343,-6.5312,3.139,-0.0001,0,-0.2266,1.5575,-0.2186,1.5538,0.6665,162.2666,157.2852,163.3613,163.2471,161.54,0.6727,0.6721,0.6998,0.6941,0.6721,0.6515,0.6399,0.6485,0.6485,0.6399,0.6611,0.6409,0.6532,0.6384,0.6351,0.6296,0.6215,0.6193,0.6193,0.6756,0.419,0.6774,0.6892,0.419,0.6526,0.626,0.6631,0.6863,0.6871,0.6769,0.6695,0.6124,0.6124,0,0,0,0,0,v1.0.1,2025_12_22,312.8095,315.9048,437.7321,301.7321,298.8571,185.1176,184.4628,330.5372,326.9565,446.3739,-7.3364,-3.5669,-0.0001,0,-0.2125,1.564,-0.213,1.5623,0.6752,174.958,173.4736,171.4473,174.3779,173.5642,0.7955,0.6908,0.7978,0.6733,0.6733,0.7583,0.6572,0.7548,0.6757,0.6572,0.773,0.7692,0.7666,0.705,0.705,0.732,0,0.7489,0.7377,0.732,0,0,0,0,0,v1.0.1,2025_12_22,312.8667,315.8095,438.5965,301.5,298.725,184.25,183.4833,330.5833,327,447.1026,-7.3657,-3.6509,-0.0001,0,-0.2128,1.5632,-0.2132,1.563,0.6751,148.1221,142.585,142.0664,145.8955,144.6672,0.6601,0.5925,0.6728,0.5947,0.5925,0.6207,0.5561,0.6227,0.5813,0.5561,0.6325,0.6361,0.6475,0.6151,0.6151,0.58,0.5168,0.5883,0.5927,0.5168,0,0,0,0,0,-0.0002,-0.0603,0.0155,-0.0387,-0.0387,-0.0106,-0.0796,-0.0084,-0.0382,-0.0382,0.009,-0.004,-0.0015,-0.0039,-0.0633,-0.0918,-0.0566,-0.0502,-0.0008,0.0135,-0.0012,-0.036,0.0026,-0.0125,-0.0018,-0.0133,-0.0323,-0.0161,-0.0224,-0.0247,0.0171,-0.014,-0.01,0.0019,-0.0342,-0.0356,-0.0272,0.0022,-0.0119,0.0045,0.0008,-0.1297,-0.0077,-0.1246,-0.1214,0.0088,-0.1353,-0.0065,-0.0764,-0.0923,-0.015,0.0134,0.009,0.0111,-0.0156,0.0151,-0.0018,-0.0809,-0.0058,-0.0966,-0.0694,-0.0027,-0.0964,0.0031,-0.058,-0.0635,-0.0078,0.007,0.0055,0.0167,0.0167,-0.025,-0.0035,TRUE,TRUE
DTC_R_51,LanSi,1,CW_01,A,2026-03-28 10:54:18+08:00,ONLINE,FALSE,,CW_1_01,FAIL,SFR_VIS_25cm_Ny4_03F_ROI8_Dev,Dev,51.9071537,_2026032810541876701,T20260328105418,DESKTOP-P2DUL42,Loma,1,CW_1_01,1,paul di,2024.0718.155524,V20260126.2,CW_DTCL_DTCR_STC,T20260328105510,51.9071537,TRUE,TRUE,TRUE,TRUE,TRUE,TRUE,TRUE,4S2RND2HBL0DP6,v1.0.1,2025_12_22,315.0217,315.9565,474.8015,295.8235,295.3493,146.4589,149.3378,336.0811,335.3239,483.7183,-5.5331,-3.8923,-0.0001,0,-0.2248,1.5547,-0.2204,1.5498,0.6648,154.5312,149.9199,151.3516,153.292,152.2737,0.8599,0.8175,0.8138,0.8034,0.8034,0.812,0.7446,0.778,0.7069,0.7069,0.8292,0.7811,0.8025,0.8019,0.7611,0.7119,0.7146,0.7206,0.7119,0.8464,0.7962,0.8075,0.3521,0.3521,0.8678,0.7683,0.7906,0.8202,0.8079,0.8119,0.7646,0.8449,0.7646,0,0,0,0,0,v1.0.1,2025_12_22,315,315.9137,475.8467,295.8102,295.1918,145.4247,148.1918,336.1712,335.5,484.589,-5.5539,-3.9182,-0.0001,0,-0.2238,1.5546,-0.2203,1.5493,0.6649,162.6963,156.2617,166.8281,165.6641,162.8625,0.7003,0.6929,0.6914,0.6905,0.6905,0.6776,0.6419,0.645,0.6216,0.6216,0.6501,0.6505,0.6547,0.6636,0.6298,0.6366,0.5944,0.6156,0.5944,0.6818,0.6688,0.6617,0.4309,0.4309,0.6491,0.6562,0.6448,0.6806,0.651,0.6779,0.6346,0.6747,0.6346,0,0,0,0,0,v1.0.1,2025_12_22,317.1346,327.5,441.5565,312.3043,302.6667,194.7398,188.5833,341.6583,331.8496,455.9469,-3.1419,6.9299,0,0.0001,-0.221,1.5617,-0.2092,1.5562,0.6719,174.9014,172.3691,174.3975,174.7305,174.0996,0.7895,0.7073,0.789,0.6824,0.6824,0.7537,0.6408,0.7279,0.5777,0.5777,0.7714,0.7436,0.7367,0.7396,0.7367,0.7598,0.68,0.7369,0,0.68,0,0,0,0,0,v1.0.1,2025_12_22,317.1048,327.619,442.4643,312.2589,302.5,193.9048,187.6612,341.7769,331.8761,456.6549,-3.1787,6.9429,0,0.0001,-0.2214,1.5615,-0.2084,1.5563,0.672,147.6875,141.1914,144.9385,145.7305,144.887,0.6655,0.6074,0.661,0.6076,0.6074,0.6386,0.5775,0.6132,0.5337,0.5337,0.6444,0.639,0.6173,0.632,0.6173,0.5931,0.5401,0.5739,0.5191,0.5191,0,0,0,0,0,-0.0096,-0.0696,-0.0694,-0.0735,-0.0661,-0.0137,-0.0574,-0.0295,-0.1347,-0.0951,0.028,-0.0386,-0.0182,-0.0148,-0.0451,-0.103,-0.0837,-0.1122,-0.0049,0.0009,-0.0088,-0.0221,-0.0193,-0.0282,-0.0186,-0.0054,-0.0101,-0.0261,-0.0594,-0.0304,0.0325,-0.0041,-0.0026,-0.011,-0.0094,-0.0411,-0.0406,-0.023,-0.0062,0,-0.0152,-0.1192,-0.0321,-0.1397,-0.1223,-0.0153,-0.1177,-0.0517,-0.2119,-0.1808,0.0053,-0.018,-0.0232,-0.0036,0.0141,-0.0055,-0.0053,-0.0689,-0.0134,-0.0785,-0.0634,-0.0099,-0.0658,-0.0343,-0.113,-0.1096,0.0427,-0.0044,-0.0126,0.0059,0.0156,-0.0108,-0.0205,TRUE,TRUE
DTC_R_52,LanSi,1,CW_01,B,2026-03-28 10:56:08+08:00,ONLINE,FALSE,,CW_1_01,FAIL,SFR_VIS_25cm_Ny4_03F_ROI8_Dev,Dev,51.7632379,_2026032810560835101,T20260328105608,DESKTOP-P2DUL42,Loma,1,CW_1_01,1,paul di,2024.0718.155524,V20260126.2,CW_DTCL_DTCR_STC,T20260328105700,51.7632379,TRUE,TRUE,TRUE,TRUE,TRUE,TRUE,TRUE,4S2RND2HBL0DP6,v1.0.1,2025_12_22,315.4318,317.9545,475.6791,298.2239,295.7945,149.4932,149.7415,338.034,335.94,485.3467,-4.9826,-1.6895,0,0,-0.222,1.5542,-0.2201,1.5484,0.6651,154.6289,151.2188,152.2969,154.4473,153.1479,0.842,0.7706,0.8283,0.7683,0.7683,0.8123,0.7441,0.7683,0.7155,0.7155,0.8165,0.7941,0.7898,0.8206,0.7251,0.7385,0.7328,0.7423,0.7251,0.836,0.8011,0.8062,0.3458,0.3458,0.8314,0.7804,0.7627,0.8116,0.7916,0.7181,0.8388,0.8492,0.7181,0,0,0,0,0,v1.0.1,2025_12_22,315.2647,317.8897,476.7246,298.1884,295.7361,148.4306,148.6376,338.1611,336.0805,486.3893,-5.0113,-1.6882,-0.0001,0,-0.2209,1.5555,-0.2205,1.5474,0.6654,162.8789,155.335,165.9072,166.4521,162.6433,0.703,0.6651,0.7028,0.6777,0.6651,0.6784,0.6365,0.6322,0.6338,0.6322,0.6567,0.6411,0.6422,0.6457,0.6243,0.6394,0.5994,0.6212,0.5994,0.6722,0.6367,0.6636,0.111,0.111,0.6536,0.6524,0.6538,0.6653,0.6601,0.594,0.641,0.6714,0.594,0,0,0,0,0,v1.0.1,2025_12_22,317.7157,329.0196,442.3661,314.2589,303.1626,197.2683,189.0726,343.5565,332.0619,456.8142,-2.6242,8.6835,0,0.0001,-0.2174,1.5603,-0.212,1.5585,0.6723,175.3701,173.5459,175.0049,176.0156,174.9841,0.8029,0.6574,0.7877,0.6135,0.6135,0.7644,0.6133,0.7151,0.6078,0.6078,0.7658,0.7496,0.7302,0.7583,0.7302,0.7436,0.6584,0.7402,0,0.6584,0,0,0,0,0,v1.0.1,2025_12_22,317.6449,329.1776,443.2793,314.2162,303,196.6066,188.1983,343.6116,332.3333,457.5702,-2.6088,8.7364,0,0.0001,-0.218,1.5603,-0.2105,1.5564,0.672,147.71,140.3359,143.8516,146.1494,144.5117,0.68,0.5821,0.6602,0.5604,0.5604,0.6421,0.5579,0.6047,0.5399,0.5399,0.6349,0.6359,0.6181,0.6261,0.6181,0.5856,0.5579,0.5784,0.3566,0.3566,0,0,0,0,0,-0.0275,-0.1165,-0.0549,-0.1086,-0.1012,-0.0134,-0.0579,-0.0392,-0.1261,-0.0865,0.0153,-0.0256,-0.0309,0.0039,-0.0811,-0.0764,-0.0655,-0.0905,-0.0153,-0.0004,-0.0061,-0.0499,-0.0079,-0.041,-0.044,-0.0046,-0.0155,-0.0389,-0.0472,-0.0198,0.0391,-0.0135,-0.0151,-0.0289,-0.0149,-0.0383,-0.0356,-0.0174,-0.0158,0.0019,-0.0018,-0.1691,-0.0334,-0.2086,-0.1912,-0.0046,-0.1452,-0.0645,-0.1818,-0.1507,-0.0003,-0.012,-0.0297,0.0151,-0.0021,-0.0022,0.0092,-0.0942,-0.0142,-0.1257,-0.1104,-0.0064,-0.0854,-0.0428,-0.1068,-0.1034,0.0332,-0.0075,-0.0118,0,0.0164,-0.0183,-0.016,TRUE,TRUE
DTC_L_52,LanSi,1,CW_01,B,2026-03-28 10:56:08+08:00,ONLINE,FALSE,,CW_1_01,PASS,,,51.6714834,_2026032810560846702,T20260328105608,DESKTOP-P2DUL42,Loma,1,CW_1_01,2,paul di,2024.0718.155524,V20260126.2,CW_DTCL_DTCR_STC,T20260328105700,51.6714834,TRUE,TRUE,TRUE,TRUE,TRUE,TRUE,TRUE,4S2RND2HBL06DS,v1.0.1,2025_12_22,313.9783,322.9565,473.9412,302.2206,294.4,151.1419,147.966,342.9184,333.0213,490.0922,-6.8387,2.3659,-0.0001,0,-0.2284,1.5568,-0.2192,1.5568,0.6665,155.043,150.7344,148.9619,154.418,152.2893,0.8279,0.8051,0.8368,0.7839,0.7839,0.7754,0.7584,0.795,0.7517,0.7517,0.829,0.8222,0.8112,0.7723,0.748,0.7267,0.7672,0.7303,0.7267,0.8234,0.7911,0.8225,0.8314,0.7911,0.8536,0.7292,0.7349,0.8342,0.8436,0.8304,0.7837,0.7776,0.7292,0,0,0,0,0,v1.0.1,2025_12_22,314,322.9137,475,302.0863,294.281,150.2418,146.8299,343.0612,333.2143,491.1714,-6.8349,2.3949,-0.0001,0,-0.2281,1.5566,-0.2194,1.5566,0.6664,161.6572,157.6064,163.6484,162.585,161.3743,0.6848,0.6783,0.6958,0.6996,0.6783,0.6526,0.6497,0.6643,0.652,0.6497,0.641,0.6422,0.6517,0.6316,0.6298,0.637,0.6447,0.6125,0.6125,0.691,0.469,0.663,0.6897,0.469,0.6648,0.6285,0.6258,0.6738,0.6736,0.6928,0.6846,0.6347,0.6258,0,0,0,0,0,v1.0.1,2025_12_22,312.5524,315.1238,437.5478,300.6174,298.6667,183.7398,184.129,329.8145,326.6917,446.175,-7.5825,-4.4059,-0.0001,0,-0.215,1.565,-0.2134,1.5628,0.6748,175.959,175.0498,172.7119,175.3408,174.7654,0.7975,0.6826,0.8094,0.6688,0.6688,0.7551,0.6637,0.7637,0.6874,0.6637,0.7903,0.7823,0.774,0.6839,0.6839,0.723,0,0.7346,0.7379,0.723,0,0,0,0,0,v1.0.1,2025_12_22,312.5524,315.1238,438.4298,300.5702,298.6098,182.813,183.3197,329.9262,326.7288,447,-7.5719,-4.4134,-0.0001,0,-0.2146,1.5653,-0.2135,1.5632,0.6751,147.4307,142.8018,142.2334,145.0273,144.3733,0.6587,0.5927,0.6765,0.5953,0.5927,0.6365,0.5668,0.6237,0.582,0.5668,0.6388,0.6329,0.6386,0.6023,0.6023,0.5945,0.5101,0.6067,0.5857,0.5101,0,0,0,0,0,0.0012,-0.0532,0.0049,-0.0377,-0.0377,-0.0155,-0.0753,-0.0068,-0.032,-0.032,0.0277,0.0083,-0.0078,0.0034,-0.0774,-0.0945,-0.0353,-0.0241,0.0052,0.0058,0.0109,-0.0298,-0.0014,-0.007,0.0044,-0.0122,-0.0225,-0.0003,-0.0189,-0.0149,-0.003,-0.0127,-0.0115,-0.0049,-0.0395,-0.0282,-0.004,-0.0046,0.0035,-0.0099,0.0028,-0.1379,0.0039,-0.1291,-0.1259,0.0056,-0.1288,0.0024,-0.0647,-0.0858,0.0023,0.0265,0.0164,-0.01,-0.0246,0.0008,-0.0032,-0.0807,-0.0021,-0.096,-0.0692,0.0131,-0.0857,0.0041,-0.0573,-0.0528,-0.0015,0.0038,-0.0034,0.0039,0.0039,-0.0105,0.0149,TRUE,TRUE
DTC_L_53,LanSi,1,CW_01,C,2026-03-28 10:57:44+08:00,ONLINE,FALSE,,CW_1_01,PASS,,,51.8537526,_2026032810574437202,T20260328105744,DESKTOP-P2DUL42,Loma,1,CW_1_01,2,paul di,2024.0718.155524,V20260126.2,CW_DTCL_DTCR_STC,T20260328105836,51.8537526,TRUE,TRUE,TRUE,TRUE,TRUE,TRUE,TRUE,4S2RND2HBL06DS,v1.0.1,2025_12_22,314.2074,324,474.3609,303.8045,294.9073,153.4636,148.4768,343.9603,333.5448,489.7537,-6.4006,3.4964,-0.0001,0,-0.2249,1.5576,-0.2193,1.5541,0.6669,155.5098,151.1797,148.9346,154.5557,152.5449,0.8238,0.8029,0.842,0.7888,0.7888,0.7731,0.7757,0.8019,0.7372,0.7372,0.8214,0.8088,0.8087,0.7822,0.7453,0.7125,0.7582,0.6995,0.6995,0.8256,0.98,0.8474,0.8327,0.8256,0.8462,0.7725,0.7877,0.837,0.8305,0.84,0.7871,0.7912,0.7725,0,0,0,0,0,v1.0.1,2025_12_22,314.1277,324,475.4643,303.55,294.875,152.4934,147.3154,344.0403,333.7391,490.7029,-6.3957,3.4573,-0.0001,0,-0.2256,1.5585,-0.219,1.5532,0.6668,162.3926,157.7188,163.7158,163.6572,161.8711,0.6715,0.6808,0.6931,0.6981,0.6715,0.6548,0.6352,0.656,0.6461,0.6352,0.6505,0.6573,0.6626,0.628,0.6154,0.6323,0.6322,0.6134,0.6134,0.68,0.4318,0.678,0.6911,0.4318,0.6584,0.6596,0.6522,0.6858,0.682,0.687,0.6828,0.6368,0.6368,0,0,0,0,0,v1.0.1,2025_12_22,312.9151,316.3302,438,302,299.0513,185.735,184.6311,330.9918,327.0431,446.1293,-7.1719,-3.2627,-0.0001,0,-0.2136,1.5645,-0.2133,1.5619,0.6749,175.3594,174.2881,171.6963,174.459,173.9507,0.7865,0.6938,0.8103,0.6748,0.6748,0.7498,0.6665,0.7543,0.6574,0.6574,0.792,0.7655,0.768,0.7029,0.7029,0.7418,0,0.7359,0.7294,0.7294,0,0,0,0,0,v1.0.1,2025_12_22,312.9524,316.181,438.7589,301.8214,299,184.8974,183.7,330.9833,327,447.1026,-7.2177,-3.3029,-0.0001,0,-0.2131,1.5644,-0.2135,1.5634,0.6753,148.5781,143.0752,142.1299,146.3037,145.0217,0.6544,0.5948,0.6698,0.5944,0.5944,0.6269,0.5727,0.6148,0.5847,0.5727,0.6326,0.6379,0.6314,0.6023,0.6023,0.5948,0.5266,0.5772,0.579,0.5266,0,0,0,0,0,-0.0029,-0.0554,0.0101,-0.0328,-0.0328,-0.0178,-0.058,0.0001,-0.0465,-0.0465,0.0201,-0.0051,-0.0103,0.0133,-0.0801,-0.1087,-0.0443,-0.0549,0.0074,0.0307,-0.0024,-0.0273,-0.0041,-0.0085,-0.0024,-0.01,-0.037,-0.0086,-0.0248,-0.0294,0.0065,0.0024,-0.0006,-0.0085,-0.0539,-0.0329,-0.0165,-0.0037,-0.0075,0.0051,-0.0082,-0.1267,0.0048,-0.1231,-0.1199,0.0003,-0.126,-0.007,-0.0947,-0.0921,0.004,0.0097,0.0104,0.009,-0.0058,0.0021,-0.0075,-0.0786,-0.0088,-0.0969,-0.0675,0.0035,-0.0798,-0.0048,-0.0546,-0.0469,-0.0077,0.0088,-0.0106,0.0039,0.0039,-0.0102,-0.0146,TRUE,TRUE
DTC_R_53,LanSi,1,CW_01,C,2026-03-28 10:57:44+08:00,ONLINE,FALSE,,CW_1_01,FAIL,SFR_VIS_25cm_Ny4_01F_ROI2_Dev,Dev,51.8727019,_2026032810574437201,T20260328105744,DESKTOP-P2DUL42,Loma,1,CW_1_01,1,paul di,2024.0718.155524,V20260126.2,CW_DTCL_DTCR_STC,T20260328105836,51.8727019,TRUE,TRUE,TRUE,TRUE,TRUE,TRUE,TRUE,4S2RND2HBL0DP6,v1.0.1,2025_12_22,315.0896,316.403,475.2222,296.8667,295.5931,148.331,149.2895,336.3816,335.8054,484.7718,-5.3001,-2.9492,-0.0001,0,-0.2209,1.5548,-0.2194,1.5479,0.6656,153.8271,150.1572,150.7715,153.4209,152.0442,0.8489,0.7537,0.8246,0.7579,0.7537,0.8246,0.718,0.7563,0.7567,0.718,0.8043,0.7835,0.7879,0.8148,0.7449,0.7023,0.7721,0.7906,0.7023,0.8363,0.802,0.7937,0.9138,0.7937,0.8533,0.7815,0.7553,0.8185,0.7851,0.7281,0.8193,0.8451,0.7281,0,0,0,0,0,v1.0.1,2025_12_22,315.1324,316.4191,476.2806,296.6043,295.2267,147.24,148.2282,336.4228,335.8867,485.9667,-5.3491,-2.9694,-0.0001,0,-0.2218,1.5532,-0.2188,1.5485,0.6653,163.2881,156.5264,166.7021,166.6348,163.2878,0.7072,0.656,0.6907,0.6734,0.656,0.6759,0.6306,0.6407,0.649,0.6306,0.6534,0.6342,0.6367,0.6519,0.6229,0.6329,0.6141,0.6386,0.6141,0.6748,0.674,0.666,0.1256,0.1256,0.6494,0.6527,0.6604,0.653,0.6483,0.6103,0.6333,0.6748,0.6103,0,0,0,0,0,v1.0.1,2025_12_22,317.2752,327.7982,441.9541,312.633,302.7295,196.0738,188.6583,341.725,332,456.2655,-2.9766,7.3991,0,0.0001,-0.2205,1.5603,-0.2073,1.5562,0.6721,175.1328,173.6455,174.9512,176.1455,174.9688,0.7992,0.6199,0.777,0.6283,0.6199,0.769,0.5953,0.725,0.6522,0.5953,0.773,0.7427,0.729,0.7519,0.729,0.7443,0.667,0.7355,0,0.667,0,0,0,0,0,v1.0.1,2025_12_22,317.2427,327.9417,442.8899,312.7248,302.688,195.248,187.7131,341.9508,332,457,-2.9933,7.4731,0,0.0001,-0.22,1.561,-0.2072,1.5564,0.6726,147.7334,141.1045,144.5723,146.5303,144.9851,0.6575,0.5456,0.6684,0.5725,0.5456,0.6408,0.5507,0.614,0.5874,0.5507,0.6438,0.6131,0.6132,0.6258,0.6131,0.5921,0.5469,0.5861,0.3842,0.3842,0,0,0,0,0,-0.0206,-0.1334,-0.0586,-0.119,-0.1158,-0.0011,-0.084,-0.0512,-0.0849,-0.084,0.0031,-0.0362,-0.0328,-0.0019,-0.0613,-0.1126,-0.0262,-0.0422,-0.015,-0.0129,-0.0019,-0.059,-0.02,-0.0453,-0.0531,-0.0071,-0.0214,-0.0304,-0.032,-0.0214,0.0358,-0.0204,-0.0206,-0.0227,-0.0163,-0.0448,-0.0209,0,-0.0132,0.0043,-0.0055,-0.2066,-0.0441,-0.1938,-0.1848,0,-0.1632,-0.0546,-0.1374,-0.1632,0.0069,-0.0189,-0.0309,0.0087,-0.0014,-0.0069,-0.0133,-0.1307,-0.006,-0.1136,-0.1252,-0.0077,-0.0926,-0.0335,-0.0593,-0.0926,0.0421,-0.0303,-0.0167,-0.0003,0.0114,-0.0118,-0.0083,TRUE,TRUE
DTC_L_54,LanSi,1,CW_01,A,2026-03-28 10:59:38+08:00,ONLINE,FALSE,,CW_1_01,PASS,,,51.7929397,_2026032810593802602,T20260328105938,DESKTOP-P2DUL42,Loma,1,CW_1_01,2,paul di,2024.0718.155524,V20260126.2,CW_DTCL_DTCR_STC,T20260328110029,51.7929397,TRUE,TRUE,TRUE,TRUE,TRUE,TRUE,TRUE,4S2RND2HBL06DS,v1.0.1,2025_12_22,314.2593,323.2815,474.4179,303.0373,295.0067,152.2416,148.4641,343.1961,333.6978,489.3237,-6.3308,2.716,-0.0001,0,-0.2252,1.5582,-0.219,1.5537,0.6669,155.5361,151.8438,150.0078,155.375,153.1907,0.8259,0.7997,0.8439,0.7874,0.7874,0.7772,0.7841,0.7938,0.7399,0.7399,0.8239,0.8056,0.8202,0.7669,0.7596,0.7289,0.7599,0.692,0.692,0.8301,0.98,0.8294,0.8258,0.8258,0.8418,0.7789,0.7552,0.8419,0.8421,0.8145,0.7812,0.7768,0.7552,0,0,0,0,0,v1.0.1,2025_12_22,314.25,323.3429,475.437,302.9704,294.9007,151.3245,147.3506,343.3506,333.8156,490.3688,-6.3492,2.7714,-0.0001,0,-0.2252,1.5583,-0.2188,1.5537,0.667,161.917,158.334,164.4756,163.4893,162.054,0.6714,0.684,0.6888,0.6974,0.6714,0.6481,0.6385,0.6499,0.6486,0.6385,0.6437,0.6516,0.6728,0.6194,0.6258,0.6437,0.6321,0.6097,0.6097,0.6735,0.4353,0.6832,0.6836,0.4353,0.6588,0.6696,0.6246,0.6792,0.681,0.6891,0.6717,0.6286,0.6246,0,0,0,0,0,v1.0.1,2025_12_22,313,315.6038,438,301.4182,299.1271,184.8305,184.6721,330.1721,327.0769,445.8291,-7.1248,-3.9293,-0.0001,0,-0.2125,1.5646,-0.2125,1.5626,0.6755,175.2832,174.6064,172.6064,175.377,174.4683,0.7935,0.6763,0.8044,0.6914,0.6763,0.7349,0.6698,0.759,0.6511,0.6511,0.7857,0.7747,0.7576,0.697,0.697,0.7487,0,0.7177,0.7426,0.7177,0,0,0,0,0,v1.0.1,2025_12_22,313.0187,315.4486,438.7946,301.2768,299,183.8974,183.7295,330.3197,327.25,446.5862,-7.1414,-3.9943,-0.0001,0,-0.2117,1.5641,-0.214,1.5622,0.6752,147.8818,143.4375,142.9717,146.0967,145.0969,0.6493,0.594,0.6701,0.612,0.594,0.6363,0.5775,0.6324,0.5741,0.5741,0.6376,0.6534,0.6395,0.6017,0.6017,0.5978,0.5313,0.5802,0.5877,0.5313,0,0,0,0,0,-0.0008,-0.0586,0.012,-0.0342,-0.0342,-0.0137,-0.0496,-0.008,-0.0438,-0.0438,0.0226,-0.0083,0.0012,-0.002,-0.0658,-0.0923,-0.0426,-0.0624,0.0119,0.0127,-0.0025,-0.0241,-0.0084,-0.0092,-0.0025,-0.0167,-0.0337,-0.0147,-0.0223,-0.0261,-0.0003,-0.0033,0.0096,-0.0171,-0.0435,-0.0215,-0.0166,-0.0074,-0.014,0.0103,-0.0012,-0.1442,-0.0011,-0.1065,-0.1184,-0.0146,-0.1227,-0.0023,-0.101,-0.0984,-0.0023,0.0189,0,0.0031,0.0011,-0.0161,-0.0126,-0.0794,-0.0085,-0.0793,-0.0679,0.0129,-0.075,0.0128,-0.0652,-0.0455,-0.0027,0.0243,-0.0025,0.0033,0.0033,-0.0072,-0.0116,TRUE,TRUE
DTC_R_54,LanSi,1,CW_01,A,2026-03-28 10:59:38+08:00,ONLINE,FALSE,,CW_1_01,PASS,,,51.5775149,_2026032810593822001,T20260328105938,DESKTOP-P2DUL42,Loma,1,CW_1_01,1,paul di,2024.0718.155524,V20260126.2,CW_DTCL_DTCR_STC,T20260328110029,51.5775149,TRUE,TRUE,TRUE,TRUE,TRUE,TRUE,TRUE,4S2RND2HBL0DP6,v1.0.1,2025_12_22,315.2148,317.7778,475.5,298.1667,295.7622,149.3916,149.604,337.9195,335.9664,485.5302,-5.0905,-1.7429,-0.0001,0,-0.2212,1.5553,-0.2205,1.5472,0.6652,153.4707,150.0342,150.4521,152.9189,151.719,0.8571,0.7724,0.8222,0.7582,0.7582,0.8062,0.7307,0.7785,0.7336,0.7307,0.8369,0.7892,0.7886,0.7991,0.7383,0.7224,0.7395,0.758,0.7224,0.8372,0.8111,0.8016,0.3911,0.3911,0.8356,0.7748,0.7459,0.8083,0.7979,0.3805,0.8455,0.8451,0.3805,0,0,0,0,0,v1.0.1,2025_12_22,315.2482,317.6934,476.6765,298.0368,295.6781,148.411,148.4189,338.0405,336,486.5,-5.0957,-1.7637,-0.0001,0,-0.2207,1.5552,-0.2208,1.548,0.6654,162.7041,156.375,166.7832,166.2256,163.022,0.6908,0.666,0.6991,0.6691,0.666,0.6724,0.6363,0.6406,0.6447,0.6363,0.6671,0.6418,0.6393,0.6549,0.6294,0.6374,0.5984,0.6299,0.5984,0.6824,0.6602,0.6494,0.1954,0.1954,0.654,0.6533,0.6382,0.6657,0.6535,0.5213,0.6501,0.6691,0.5213,0,0,0,0,0,v1.0.1,2025_12_22,317.5,329,442.2342,314.1261,303.0083,197.1818,188.8699,343.374,332.0522,456.8174,-2.7671,8.5999,0,0.0001,-0.2182,1.5608,-0.2108,1.5569,0.6722,174.6816,173.1543,174.166,175.627,174.4072,0.7968,0.6488,0.7808,0.629,0.629,0.7528,0.6133,0.73,0.6255,0.6133,0.7691,0.7418,0.7418,0.7707,0.7418,0.755,0.6817,0.7242,0,0.6817,0,0,0,0,0,v1.0.1,2025_12_22,317.5,329,443.0463,314.0278,302.9106,196.3659,187.96,343.384,332.1947,457.5841,-2.7777,8.5723,0,0.0001,-0.2182,1.5607,-0.2101,1.5565,0.6722,147.3486,140.9688,144.3584,145.8398,144.6289,0.671,0.5619,0.6573,0.5606,0.5606,0.6257,0.548,0.6215,0.5594,0.548,0.6446,0.6203,0.6159,0.6407,0.6159,0.5695,0.5361,0.576,0.1125,0.1125,0,0,0,0,0,-0.0124,-0.1147,-0.061,-0.1187,-0.1113,-0.0195,-0.0713,-0.029,-0.108,-0.0713,0.0357,-0.0305,-0.0321,-0.0176,-0.0679,-0.0925,-0.0588,-0.0748,-0.0141,-0.005,-0.0183,-0.049,-0.0116,-0.0496,-0.0431,-0.0106,-0.0157,-0.0305,-0.0363,-0.0157,0.0495,-0.0128,-0.018,-0.0197,-0.0098,-0.0403,-0.0366,-0.0087,-0.0056,-0.0123,-0.0079,-0.1777,-0.0403,-0.1931,-0.1757,-0.0162,-0.1452,-0.0496,-0.1641,-0.1452,0.003,-0.0198,-0.0181,0.0275,0.0093,-0.0182,0.0002,-0.1144,-0.0171,-0.1255,-0.1102,-0.0228,-0.0953,-0.026,-0.0873,-0.0953,0.0429,-0.0231,-0.014,0.0146,0.0142,-0.0344,-0.0184,TRUE,TRUE
DTC_L_55,LanSi,1,CW_01,B,2026-03-28 11:01:19+08:00,ONLINE,FALSE,,CW_1_01,PASS,,,51.7190455,_2026032811011902102,T20260328110119,DESKTOP-P2DUL42,Loma,1,CW_1_01,2,paul di,2024.0718.155524,V20260126.2,CW_DTCL_DTCR_STC,T20260328110210,51.7190455,TRUE,TRUE,TRUE,TRUE,TRUE,TRUE,TRUE,4S2RND2HBL06DS,v1.0.1,2025_12_22,315.2388,322.1791,475.4741,301.4593,296.277,151.5811,149.9384,342.2055,334.7391,487.8913,-5.1665,1.5632,-0.0001,0,-0.2281,1.5596,-0.22,1.5531,0.6662,155.1465,150.375,149.1807,154.5479,152.3125,0.8356,0.7969,0.8425,0.7829,0.7829,0.7856,0.7682,0.7963,0.76,0.76,0.8201,0.8057,0.8077,0.778,0.736,0.714,0.7556,0.691,0.691,0.8278,0.4921,0.8242,0.7722,0.4921,0.8563,0.7742,0.7404,0.8418,0.8093,0.7816,0.7657,0.7773,0.7404,0,0,0,0,0,v1.0.1,2025_12_22,315.2574,322.1985,476.5474,301.4015,296.0592,150.5658,148.898,342.3197,334.7914,488.9568,-5.1893,1.5885,-0.0001,0,-0.2277,1.5589,-0.2198,1.5537,0.6662,162.5439,157.9658,163.9736,164.0342,162.1294,0.6879,0.6843,0.7005,0.6892,0.6843,0.6581,0.6365,0.6558,0.6527,0.6365,0.6593,0.6594,0.6449,0.6405,0.6243,0.6304,0.6398,0.6158,0.6158,0.6846,0.5065,0.6843,0.6597,0.5065,0.6509,0.6525,0.6243,0.6842,0.6746,0.6772,0.6701,0.6372,0.6243,0,0,0,0,0,v1.0.1,2025_12_22,314.0187,314.5514,439.0541,300.0541,300.3548,183.879,185.878,329.3333,328.1429,444.5804,-6.0103,-5.0204,-0.0001,-0.0001,-0.2149,1.5661,-0.2143,1.5621,0.6747,174.8418,173.4229,171.4941,174.3438,173.5256,0.794,0.6981,0.8058,0.6879,0.6879,0.7508,0.6574,0.7584,0.6505,0.6505,0.7644,0.7721,0.7606,0.6998,0.6998,0.7315,0,0.741,0.6589,0.6589,0,0,0,0,0,v1.0.1,2025_12_22,313.9813,314.5514,439.7876,299.8673,300.1513,183.1008,184.96,329.384,328.1739,445.4609,-6.0892,-5.0271,-0.0001,-0.0001,-0.2157,1.5655,-0.2139,1.5623,0.6745,148.7354,143.5615,142.7246,146.4434,145.3662,0.6637,0.6041,0.6828,0.6124,0.6041,0.6308,0.5662,0.6184,0.5849,0.5662,0.6366,0.6315,0.6511,0.5967,0.5967,0.5905,0.5376,0.6051,0.5523,0.5376,0,0,0,0,0,0.0089,-0.0614,0.0106,-0.0387,-0.0387,-0.0053,-0.0655,-0.0055,-0.0237,-0.0237,0.0188,-0.0082,-0.0113,0.0091,-0.0894,-0.1072,-0.0469,-0.0634,0.0096,0.0075,0.014,-0.0238,0.0033,-0.0174,0.0104,-0.0067,-0.0357,-0.0088,-0.0182,-0.0281,0.0153,0.0045,-0.0183,0.004,-0.045,-0.0348,-0.0089,-0.0013,-0.0029,0.0114,-0.0007,-0.1224,0.0003,-0.11,-0.1068,0.0013,-0.1351,-0.0029,-0.1016,-0.099,-0.0236,0.0163,0.003,0.0059,-0.0161,0.0072,0.0018,-0.0693,0.0042,-0.0789,-0.0578,0.0074,-0.0863,-0.0012,-0.0544,-0.0534,-0.0037,0.0024,0.0091,-0.0017,-0.0017,-0.0145,0.0133,TRUE,TRUE
DTC_R_55,LanSi,1,CW_01,B,2026-03-28 11:01:19+08:00,ONLINE,FALSE,,CW_1_01,PASS,,,51.7449763,_2026032811011902101,T20260328110119,DESKTOP-P2DUL42,Loma,1,CW_1_01,1,paul di,2024.0718.155524,V20260126.2,CW_DTCL_DTCR_STC,T20260328110210,51.7449763,TRUE,TRUE,TRUE,TRUE,TRUE,TRUE,TRUE,4S2RND2HBL0DP6,v1.0.1,2025_12_22,315.0217,316.0435,474.7883,295.9927,295.3724,146.6276,149.457,336.3974,335.3264,483.625,-5.5068,-3.7628,-0.0001,0,-0.2243,1.5548,-0.2218,1.5497,0.6646,153.3047,149.3369,150.1621,152.8711,151.4187,0.8585,0.8205,0.8236,0.802,0.802,0.8107,0.7311,0.769,0.7465,0.7311,0.82,0.7875,0.7952,0.8205,0.7608,0.7252,0.6945,0.7184,0.6945,0.8466,0.8104,0.7869,0.8857,0.7869,0.8501,0.7727,0.7765,0.8244,0.8046,0.7857,0.7662,0.8442,0.7662,0,0,0,0,0,v1.0.1,2025_12_22,315,316.0863,475.9786,295.9571,295.2276,145.6897,148.2632,336.3487,335.4897,484.6345,-5.5082,-3.7567,-0.0001,0,-0.2239,1.5548,-0.2204,1.5493,0.6649,161.9131,155.3799,165.3203,165.4082,162.0054,0.7021,0.6771,0.6981,0.6918,0.6771,0.6742,0.6278,0.6432,0.6415,0.6278,0.6518,0.6385,0.6379,0.6701,0.6515,0.6381,0.5821,0.6038,0.5821,0.6847,0.6587,0.6629,0.4402,0.4402,0.657,0.6457,0.6624,0.666,0.6715,0.6698,0.6589,0.6688,0.6457,0,0,0,0,0,v1.0.1,2025_12_22,317.066,327.5755,441.5478,312.3826,302.6,194.904,188.6557,341.8279,331.8036,455.7946,-3.1654,6.9969,0,0.0001,-0.2209,1.5617,-0.21,1.5558,0.6716,174.4365,172.4512,173.6514,175.2363,173.9438,0.8085,0.7144,0.7821,0.691,0.691,0.7548,0.6347,0.7164,0.6313,0.6313,0.7787,0.7378,0.7301,0.7398,0.7301,0.747,0.6676,0.7339,0,0.6676,0,0,0,0,0,v1.0.1,2025_12_22,317.0849,327.6698,442.5478,312.3826,302.5433,194.1181,187.6829,341.9106,331.8108,456.6036,-3.166,7.0369,0,0.0001,-0.2207,1.5618,-0.2091,1.5566,0.6721,146.6348,140.1182,143.335,145.1768,143.8162,0.6656,0.6205,0.6586,0.6096,0.6096,0.6371,0.568,0.6145,0.5459,0.5459,0.6434,0.6279,0.6193,0.634,0.6193,0.5931,0.5552,0.577,0.5343,0.5343,0,0,0,0,0,-0.011,-0.0666,-0.0596,-0.0749,-0.0675,-0.015,-0.0709,-0.0385,-0.0951,-0.0709,0.0188,-0.0322,-0.0255,0.0038,-0.0454,-0.0897,-0.1038,-0.1144,-0.0047,-0.0197,-0.007,-0.0379,-0.0126,-0.0269,-0.032,-0.0088,-0.0242,-0.0279,-0.0395,-0.0242,0.0342,-0.0161,-0.0194,-0.0045,0.0123,-0.0396,-0.0529,-0.0348,-0.0033,0.0012,0.0038,-0.1121,-0.039,-0.1311,-0.1137,-0.0142,-0.1238,-0.0632,-0.1583,-0.1272,0.0126,-0.0238,-0.0298,-0.0034,0.0013,-0.0085,-0.0052,-0.0558,-0.0158,-0.0765,-0.0612,-0.0114,-0.0753,-0.033,-0.1008,-0.0974,0.0417,-0.0155,-0.0106,0.0079,0.0176,-0.0108,-0.0174,TRUE,TRUE
DTC_L_56,LanSi,1,CW_01,C,2026-03-28 11:02:59+08:00,ONLINE,FALSE,,CW_1_01,PASS,,,51.6305938,_2026032811025921202,T20260328110259,DESKTOP-P2DUL42,Loma,1,CW_1_01,2,paul di,2024.0718.155524,V20260126.2,CW_DTCL_DTCR_STC,T20260328110350,51.6305938,TRUE,TRUE,TRUE,TRUE,TRUE,TRUE,TRUE,4S2RND2HBL06DS,v1.0.1,2025_12_22,314.1985,323.8235,474.2555,303.3796,294.8609,152.543,148.5,343.8312,333.4783,490.3333,-6.4414,3.2821,-0.0001,0,-0.2265,1.5579,-0.2196,1.555,0.6667,154.2666,150.9199,149.0801,154.0518,152.0796,0.821,0.7941,0.8374,0.7843,0.7843,0.776,0.7607,0.7982,0.7359,0.7359,0.8141,0.7252,0.8204,0.7795,0.7616,0.7171,0.752,0.6881,0.6881,0.8136,0.6246,0.8273,0.8437,0.6246,0.8538,0.7612,0.7561,0.8304,0.8365,0.8307,0.7861,0.7582,0.7561,0,0,0,0,0,v1.0.1,2025_12_22,314.1957,323.8333,475.3037,303.2074,294.7815,151.5828,147.396,344.0805,333.7357,491.35,-6.4175,3.3108,-0.0001,0,-0.2268,1.558,-0.2203,1.5542,0.6663,162.3662,158.5215,164.6602,163.8613,162.3523,0.6679,0.673,0.7039,0.692,0.6679,0.6569,0.6345,0.6518,0.6436,0.6345,0.6396,0.588,0.6567,0.6307,0.6278,0.6366,0.633,0.6136,0.588,0.6683,0.5396,0.673,0.6845,0.5396,0.6596,0.6676,0.6471,0.6862,0.6778,0.6789,0.6714,0.6244,0.6244,0,0,0,0,0,v1.0.1,2025_12_22,312.9417,316,437.8108,301.8108,299,185,184.6167,330.75,327.0265,446.5487,-7.2208,-3.4781,-0.0001,0,-0.2126,1.5643,-0.2139,1.5628,0.6751,175.0869,174.8232,172.7275,174.9678,174.4014,0.7777,0.6838,0.8074,0.6821,0.6821,0.7419,0.6553,0.7492,0.6618,0.6553,0.7812,0.7395,0.7665,0.6952,0.6952,0.7281,0,0.7236,0.7327,0.7236,0,0,0,0,0,v1.0.1,2025_12_22,312.9231,315.8654,438.6667,301.5614,298.9569,184.1293,183.7107,330.719,327.0783,447.2783,-7.2329,-3.5893,-0.0001,0,-0.2128,1.5647,-0.2139,1.563,0.6752,148.3867,143.7012,143.3018,146.3008,145.4226,0.6633,0.5902,0.6772,0.6151,0.5902,0.6232,0.559,0.6295,0.5883,0.559,0.633,0.5961,0.6443,0.6265,0.5961,0.5915,0.5514,0.5852,0.5838,0.5514,0,0,0,0,0,-0.0057,-0.0642,0.0055,-0.0373,-0.0373,-0.0149,-0.073,-0.0036,-0.0478,-0.0478,0.0128,-0.0887,0.0014,0.0106,-0.0638,-0.1041,-0.0505,-0.0663,-0.0046,0.0106,-0.006,-0.0351,0.0067,-0.0146,-0.006,-0.0079,-0.0377,-0.0128,-0.0273,-0.0301,-0.0044,-0.0669,-0.0065,-0.0058,-0.0415,-0.0286,-0.0157,-0.0035,-0.0192,0.0001,-0.017,-0.1367,0.0019,-0.1158,-0.1126,-0.0076,-0.1372,-0.0121,-0.0903,-0.0942,-0.0068,-0.0163,0.0089,0.0013,-0.0195,-0.0102,0.0014,-0.0832,-0.0014,-0.0762,-0.0717,-0.0002,-0.0935,0.0099,-0.051,-0.0606,-0.0073,-0.033,0.0023,0.0281,-0.0023,-0.0135,-0.0066,TRUE,TRUE
DTC_R_56,LanSi,1,CW_01,A,2026-03-28 11:05:35+08:00,ONLINE,FALSE,,CW_1_01,PASS,,,42.9603344,_2026032811053534601,T20260328110535,DESKTOP-P2DUL42,Loma,1,CW_1_01,1,paul di,2024.0718.155524,V20260126.2,CW_DTCL_DTCR_STC,T20260328110618,42.9603344,TRUE,TRUE,TRUE,TRUE,TRUE,TRUE,TRUE,4S2RND2HBL0DP6,v1.0.1,2025_12_22,315.0882,317.5,474.9481,297.763,295.5274,147.7055,149.5724,337.6382,335.2979,485.2411,-5.4132,-2.3305,-0.0001,0,-0.2223,1.5556,-0.2206,1.5504,0.6658,153.3965,149.7969,151.3477,154.0977,152.1597,0.8553,0.819,0.812,0.7705,0.7705,0.8121,0.7395,0.7755,0.7511,0.7395,0.8256,0.8176,0.7889,0.8185,0.7762,0.741,0.7347,0.7758,0.7347,0.8363,0.8173,0.7141,0.4062,0.4062,0.844,0.8104,0.7864,0.819,0.8232,0.782,0.8266,0.8466,0.782,0,0,0,0,0,v1.0.1,2025_12_22,315.0786,317.3571,476,297.5,295.3784,146.7568,148.3467,337.7667,335.4648,486.2324,-5.4463,-2.3774,-0.0001,0,-0.2223,1.5553,-0.2213,1.5501,0.6655,164.4727,157.7588,168.4697,167.8438,164.6362,0.7066,0.6898,0.6522,0.6661,0.6522,0.6802,0.6397,0.6368,0.6507,0.6368,0.6552,0.6535,0.629,0.6571,0.6389,0.636,0.5942,0.6346,0.5942,0.6933,0.6611,0.5845,0.4771,0.4771,0.6514,0.6822,0.6607,0.6634,0.6713,0.7093,0.659,0.6993,0.6514,0,0,0,0,0,v1.0.1,2025_12_22,317.2925,328.8868,441.8739,313.7658,302.7903,196.1048,188.8306,343.4355,331.8304,457.4643,-2.9765,8.4314,0,0.0001,-0.2203,1.5615,-0.2123,1.5577,0.6717,174.6602,173.3115,175.4287,176.7373,175.0344,0.7968,0.6713,0.7572,0.6447,0.6447,0.7654,0.6825,0.721,0.6502,0.6502,0.7647,0.7582,0.7234,0.7424,0.7234,0.7491,0.6888,0.6873,0,0.6873,0,0,0,0,0,v1.0.1,2025_12_22,317.3398,328.9806,442.7321,313.7321,302.7661,195.4355,187.976,343.456,331.9286,458.3393,-2.9515,8.4887,0,0.0001,-0.2205,1.5616,-0.2109,1.558,0.672,149.1045,142.5732,146.2529,147.3467,146.3193,0.6591,0.5781,0.6454,0.5735,0.5735,0.6417,0.6005,0.6225,0.5723,0.5723,0.6516,0.6403,0.6228,0.6202,0.6202,0.6014,0.5448,0.5624,0.5406,0.5406,0,0,0,0,0,-0.0142,-0.0681,-0.0712,-0.1064,-0.099,-0.0136,-0.0625,-0.032,-0.0905,-0.0625,0.0244,-0.0021,-0.0318,0.0018,-0.03,-0.0739,-0.0636,-0.057,-0.015,-0.0925,-0.0025,-0.0252,-0.0585,-0.0526,-0.0569,-0.0028,-0.0123,-0.0343,-0.0303,-0.0152,0.0376,-0.0011,-0.0283,-0.0175,-0.0003,-0.0417,-0.0408,-0.004,0.0053,-0.0772,-0.0079,-0.1552,-0.0639,-0.1774,-0.16,-0.0036,-0.076,-0.0586,-0.1394,-0.1083,-0.0014,-0.0034,-0.0365,-0.0008,0.0034,-0.0551,-0.0117,-0.0982,-0.029,-0.1126,-0.0973,-0.0068,-0.0428,-0.025,-0.0744,-0.071,0.0499,-0.0031,-0.0071,-0.0059,0.0185,-0.0025,-0.032,TRUE,TRUE
DTC_L_57,LanSi,1,CW_01,B,2026-03-28 17:01:04+08:00,ONLINE,FALSE,,CW_1_01,PASS,,,51.4115931,_2026032817010412102,T20260328170104,DESKTOP-P2DUL42,Loma,1,CW_1_01,2,paul di,2024.0718.155524,V20260126.2,CW_DTCL_DTCR_STC,T20260328170155,51.4115931,TRUE,TRUE,TRUE,TRUE,TRUE,TRUE,TRUE,4S2RND2HBL06DS,v1.0.1,2025_12_22,315.2388,322.1791,475.563,301.3333,296.2148,151.3289,149.9257,342.1959,334.7353,487.8897,-5.1645,1.4854,-0.0001,0,-0.2288,1.5594,-0.22,1.5532,0.6659,153.9922,150.0293,148.2871,153.8477,151.5391,0.8317,0.8139,0.8414,0.7897,0.7897,0.7865,0.7598,0.8035,0.7469,0.7469,0.8176,0.8133,0.8012,0.77,0.7278,0.7229,0.7491,0.7031,0.7031,0.8165,0.98,0.807,0.7721,0.7721,0.8352,0.7693,0.7476,0.8443,0.8106,0.7625,0.757,0.7894,0.7476,0,0,0,0,0,v1.0.1,2025_12_22,315.2286,322.25,476.741,301.3022,296.0608,150.4324,148.6291,342.404,334.8286,488.9857,-5.2024,1.5749,-0.0001,0,-0.2285,1.5592,-0.2199,1.5533,0.666,162.4463,158.9932,164.4502,163.9336,162.4558,0.6845,0.6782,0.6975,0.6985,0.6782,0.653,0.637,0.6426,0.6451,0.637,0.6583,0.6579,0.6589,0.6233,0.6101,0.6044,0.6356,0.6099,0.6044,0.6909,0.4464,0.6803,0.6623,0.4464,0.6518,0.6356,0.62,0.6766,0.6695,0.6769,0.668,0.6262,0.62,0,0,0,0,0,v1.0.1,2025_12_22,314.0187,314.5514,439.0541,300.0541,300.3333,183.6667,185.8099,329.2975,328.0991,444.5495,-6.037,-5.0762,-0.0001,-0.0001,-0.2149,1.5661,-0.214,1.5624,0.6749,175.4736,174.4902,172.8115,175.2285,174.501,0.7975,0.6981,0.7997,0.7003,0.6981,0.7391,0.6488,0.7513,0.6618,0.6488,0.7653,0.7599,0.7627,0.6936,0.6936,0.7383,0,0.7206,0.6532,0.6532,0,0,0,0,0,v1.0.1,2025_12_22,313.981,314.5524,439.8053,299.8673,300.1833,183,184.9758,329.4435,328.2105,445.5,-6.0688,-5.0274,-0.0001,-0.0001,-0.2157,1.5658,-0.2144,1.562,0.6744,148.9688,144.5986,143.2158,146.7744,145.8894,0.6502,0.5993,0.6816,0.6131,0.5993,0.6276,0.5567,0.6242,0.5766,0.5567,0.63,0.6279,0.627,0.6016,0.6016,0.5822,0.5289,0.5954,0.5455,0.5289,0,0,0,0,0,0.005,-0.0444,0.0095,-0.0319,-0.0319,-0.0044,-0.0739,0.0017,-0.0368,-0.0368,0.0163,-0.0006,-0.0178,0.0011,-0.0976,-0.0983,-0.0534,-0.0513,-0.0017,-0.0097,0.0106,-0.0299,0.0003,-0.0081,0.0043,-0.0118,-0.0352,-0.022,-0.0258,-0.0276,0.0143,0.003,-0.0043,-0.0132,-0.0592,-0.0608,-0.0131,-0.0072,0.0034,0.0074,0.0028,-0.1224,-0.0058,-0.0976,-0.0966,-0.0104,-0.1437,-0.01,-0.0903,-0.1007,-0.0227,0.0041,0.0051,-0.0003,-0.0093,-0.0132,-0.0117,-0.0741,0.003,-0.0782,-0.0626,0.0042,-0.0958,0.0046,-0.0627,-0.0629,-0.0103,-0.0012,-0.015,0.0032,0.0032,-0.0228,0.0036,TRUE,TRUE
DTC_R_57,LanSi,1,CW_01,C,2026-03-28 17:01:04+08:00,ONLINE,FALSE,,CW_1_01,PASS,,,51.1213693,_2026032817010441201,T20260328170104,DESKTOP-P2DUL42,Loma,1,CW_1_01,1,paul di,2024.0718.155524,V20260126.2,CW_DTCL_DTCR_STC,T20260328170155,51.1213693,TRUE,TRUE,TRUE,TRUE,TRUE,TRUE,TRUE,4S2RND2HBL0DP6,v1.0.1,2025_12_22,315.1504,316.2782,475.3828,296.625,295.5139,147.7917,149.2808,336.0753,335.8243,485.5541,-5.2696,-3.0351,-0.0001,0,-0.2215,1.5543,-0.2183,1.5488,0.6658,155.1631,152.6709,152.9961,154.7354,153.8914,0.8735,0.8071,0.8691,0.8069,0.8069,0.8191,0.7286,0.8218,0.7849,0.7286,0.8207,0.7978,0.8082,0.8105,0.7104,0.6858,0.7878,0.7733,0.6858,0.8139,0.8209,0.8031,0.4429,0.4429,0.8148,0.7844,0.7613,0.8059,0.7939,0.6861,0.8038,0.805,0.6861,0,0,0,0,0,v1.0.1,2025_12_22,315.1087,316.1739,476.3556,296.4148,295.3082,146.7466,148.0423,336.1056,336,486.5855,-5.3371,-3.0947,-0.0001,0,-0.2214,1.5539,-0.2182,1.5483,0.6656,162.8125,156.4082,165.2002,165.6729,162.5234,0.7047,0.6882,0.7083,0.6957,0.6882,0.688,0.6303,0.6691,0.6614,0.6303,0.6528,0.6434,0.6487,0.6695,0.6168,0.6045,0.6296,0.638,0.6045,0.6832,0.6817,0.6649,0.1369,0.1369,0.6408,0.6461,0.6601,0.6829,0.6495,0.5625,0.6277,0.6665,0.5625,0,0,0,0,0,v1.0.1,2025_12_22,317.2593,327.4074,442.0185,312.4074,302.8065,195.871,188.521,341.4538,332.0265,456.5487,-2.9736,7.2376,0,0.0001,-0.2191,1.5608,-0.2082,1.5564,0.6725,176.4697,176.1084,176.6875,176.9971,176.5657,0.8111,0.6489,0.804,0.6924,0.6489,0.7753,0.6064,0.7794,0.6953,0.6064,0.7753,0.7653,0.7493,0.7361,0.7361,0.713,0.6455,0.7143,0,0.6455,0,0,0,0,0,v1.0.1,2025_12_22,317.2095,327.6,443,312.5,302.632,195.12,187.7355,341.6777,332.1062,457.3805,-2.9633,7.3556,0,0.0001,-0.219,1.5607,-0.2078,1.556,0.6725,148.2568,141.7061,143.9541,145.8447,144.9404,0.66,0.5679,0.6781,0.5985,0.5679,0.6387,0.5389,0.6473,0.5875,0.5389,0.6334,0.6434,0.621,0.6301,0.621,0.5955,0.5354,0.5704,0.2453,0.2453,0,0,0,0,0,0.004,-0.08,-0.0141,-0.07,-0.0626,-0.0066,-0.0734,0.0143,-0.0567,-0.0734,0.0195,-0.0219,-0.0125,-0.0062,-0.0958,-0.1291,-0.0105,-0.0595,-0.0374,-0.0035,-0.0044,-0.0268,-0.0024,-0.023,-0.0209,0.005,-0.0217,-0.002,-0.0196,-0.0217,0.0352,-0.0112,-0.0086,-0.0051,-0.0224,-0.0732,-0.0054,-0.0006,-0.0048,0.0032,0.0064,-0.1776,-0.0171,-0.1297,-0.1558,0.0063,-0.1521,-0.0002,-0.0943,-0.1521,0.0092,0.0037,-0.0106,-0.0071,-0.0327,-0.0281,-0.0108,-0.1084,0.0037,-0.0876,-0.1029,-0.0098,-0.1044,-0.0002,-0.0592,-0.1044,0.0317,0,-0.0089,0.004,0.0193,-0.0084,-0.024,TRUE,TRUE
DTC_R_58,LanSi,1,CW_01,B,2026-03-28 11:09:14+08:00,ONLINE,FALSE,,CW_1_01,FAIL,SFR_VIS_25cm_Ny4_01F_ROI4_Dev,Dev,51.2316118,_2026032811091430401,T20260328110914,DESKTOP-P2DUL42,Loma,1,CW_1_01,1,paul di,2024.0718.155524,V20260126.2,CW_DTCL_DTCR_STC,T20260328111005,51.2316118,TRUE,TRUE,TRUE,TRUE,TRUE,TRUE,TRUE,4S2RND2HBL0DP6,v1.0.1,2025_12_22,315.2612,317.7687,475.5,298.1667,295.7329,149.4315,149.5667,337.9467,335.9459,485.6486,-5.0987,-1.7076,-0.0001,0,-0.2212,1.5548,-0.2207,1.5477,0.6652,153.6426,149.4473,151.4004,153.9746,152.1162,0.8541,0.7826,0.8333,0.7544,0.7544,0.8042,0.7651,0.7732,0.7298,0.7298,0.8255,0.8275,0.7855,0.8085,0.7399,0.7371,0.7343,0.7506,0.7343,0.832,0.8051,0.803,0.98,0.803,0.8436,0.7777,0.7587,0.8251,0.798,0.7108,0.8568,0.8575,0.7108,0,0,0,0,0,v1.0.1,2025_12_22,315.2518,317.705,476.6296,298.0444,295.6259,148.3878,148.3356,338,336.06,486.6533,-5.1194,-1.7419,-0.0001,0,-0.2207,1.5549,-0.2205,1.5477,0.6654,161.8408,155.0146,165.3359,165.1562,161.8369,0.6921,0.6683,0.6958,0.6642,0.6642,0.6734,0.6349,0.6347,0.646,0.6347,0.6511,0.6596,0.6482,0.6618,0.6182,0.6423,0.5984,0.6372,0.5984,0.668,0.6469,0.6553,0.1469,0.1469,0.6593,0.6659,0.6506,0.6697,0.6413,0.6105,0.6374,0.6713,0.6105,0,0,0,0,0,v1.0.1,2025_12_22,317.5,329,442.2232,314.1786,303.0333,197.0417,188.8279,343.3443,332.0885,457,-2.7654,8.6129,0,0.0001,-0.2178,1.5611,-0.2105,1.5568,0.6724,174.7715,172.707,175.2949,176.3359,174.7773,0.8096,0.6434,0.7781,0.6186,0.6186,0.7613,0.6304,0.7334,0.6382,0.6304,0.7728,0.764,0.7317,0.7494,0.7317,0.7472,0.6757,0.7279,0,0.6757,0,0,0,0,0,v1.0.1,2025_12_22,317.5,329,443.0748,314.0748,302.8211,196.3415,187.976,343.456,332.115,457.8938,-2.8026,8.6532,0,0.0001,-0.2178,1.5601,-0.2106,1.5574,0.6723,146.79,140.165,143.5879,145.1807,143.9309,0.6749,0.5632,0.6585,0.5714,0.5632,0.6405,0.5602,0.6242,0.5563,0.5563,0.6298,0.6444,0.6232,0.6398,0.6232,0.5818,0.5424,0.5871,0.3782,0.3782,0,0,0,0,0,-0.0154,-0.1045,-0.0499,-0.1225,-0.1151,-0.0215,-0.0369,-0.0343,-0.1118,-0.0722,0.0243,0.0078,-0.0352,-0.0082,-0.0663,-0.0778,-0.064,-0.0822,-0.0193,-0.0036,-0.017,-0.0467,-0.0149,-0.0545,-0.0449,-0.0096,-0.0171,-0.0364,-0.035,-0.0173,0.0335,0.005,-0.0091,-0.0128,-0.021,-0.0354,-0.0366,-0.0014,-0.02,-0.0064,0.0049,-0.1831,-0.043,-0.2035,-0.1861,-0.0077,-0.1281,-0.0462,-0.1514,-0.1281,0.0067,0.0024,-0.0282,0.0062,0.0015,-0.0145,0.0041,-0.1131,-0.0159,-0.1147,-0.1076,-0.008,-0.0831,-0.0233,-0.0904,-0.087,0.0281,0.001,-0.0067,0.0137,0.0215,-0.0221,-0.0073,TRUE,TRUE
DTC_L_58,LanSi,1,CW_01,A,2026-03-28 11:09:14+08:00,ONLINE,FALSE,,CW_1_01,PASS,,,51.4201089,_2026032811091412402,T20260328110914,DESKTOP-P2DUL42,Loma,1,CW_1_01,2,paul di,2024.0718.155524,V20260126.2,CW_DTCL_DTCR_STC,T20260328111005,51.4201089,TRUE,TRUE,TRUE,TRUE,TRUE,TRUE,TRUE,4S2RND2HBL06DS,v1.0.1,2025_12_22,315.4222,321.7407,475.8261,300.6667,296.4026,150.2143,150.0805,341.604,334.8261,487.8551,-4.9885,0.9162,0,0,-0.2301,1.5598,-0.219,1.554,0.6662,155.96,151.4844,150.0859,155.4473,153.2444,0.8306,0.8072,0.8515,0.7864,0.7864,0.7855,0.7695,0.7955,0.7299,0.7299,0.8261,0.7997,0.821,0.7683,0.7335,0.733,0.7645,0.6866,0.6866,0.8171,0.4981,0.8118,0.784,0.4981,0.8426,0.7304,0.7041,0.8377,0.8159,0.7889,0.7547,0.7828,0.7041,0,0,0,0,0,v1.0.1,2025_12_22,315.2754,321.8116,476.8345,300.6187,296.2829,149.2895,149,341.8581,334.9786,488.9571,-5.0257,1.007,-0.0001,0,-0.2299,1.5606,-0.2195,1.5529,0.666,162.9092,158.6934,164.8516,164.1748,162.6572,0.676,0.6756,0.6974,0.6979,0.6756,0.6635,0.6402,0.6542,0.6455,0.6402,0.6475,0.6551,0.6559,0.6495,0.6184,0.6383,0.6327,0.6171,0.6171,0.6776,0.5059,0.6827,0.6679,0.5059,0.654,0.6331,0.5916,0.6716,0.6648,0.6649,0.66,0.636,0.5916,0,0,0,0,0,v1.0.1,2025_12_22,314.1048,313.9714,439.3158,299.3596,300.582,182.7705,186.122,328.6667,328.2,444.4087,-5.8351,-5.6646,-0.0001,-0.0001,-0.2157,1.5676,-0.2138,1.5626,0.6752,175.9834,174.6699,172.915,175.7285,174.8242,0.7888,0.6816,0.8036,0.6818,0.6816,0.7441,0.6696,0.7575,0.6605,0.6605,0.7764,0.7688,0.7737,0.7002,0.7002,0.7265,0,0.7252,0.6623,0.6623,0,0,0,0,0,v1.0.1,2025_12_22,314.0755,313.8679,440.0804,299.2054,300.4355,181.9677,185.122,328.6667,328.2605,445.1849,-5.9052,-5.7215,-0.0001,-0.0001,-0.2153,1.5672,-0.2137,1.5627,0.6752,149.0342,144.1035,143.1514,146.5156,145.7012,0.6547,0.5847,0.6743,0.6083,0.5847,0.6386,0.5603,0.6275,0.5875,0.5603,0.6409,0.6336,0.6536,0.5938,0.5938,0.5945,0.5097,0.5963,0.5461,0.5097,0,0,0,0,0,0.0039,-0.0511,0.0196,-0.0352,-0.0352,-0.0054,-0.0642,-0.0063,-0.0538,-0.0538,0.0248,-0.0142,0.002,-0.0006,-0.0919,-0.0882,-0.038,-0.0678,-0.0011,-0.0049,0.0021,-0.0325,0.0002,-0.0087,0.0017,-0.0013,-0.032,-0.0104,-0.0254,-0.0244,0.0035,0.0002,-0.0073,0.013,-0.0509,-0.0269,-0.016,0,-0.0099,0.0098,-0.0059,-0.1389,-0.0019,-0.1161,-0.1131,-0.0054,-0.1229,-0.0038,-0.0916,-0.089,-0.0116,0.013,0.0161,0.0063,-0.0211,-0.0086,-0.0072,-0.0887,-0.0043,-0.083,-0.0772,0.0152,-0.0922,0.0079,-0.0518,-0.0593,0.0006,0.0045,0.0116,-0.0046,-0.0046,-0.0105,0.0045,TRUE,TRUE
DTC_R_59,LanSi,1,CW_01,C,2026-03-28 11:13:53+08:00,ONLINE,FALSE,,CW_1_01,PASS,,,51.6533388,_2026032811135369001,T20260328111353,DESKTOP-P2DUL42,Loma,1,CW_1_01,1,paul di,2024.0718.155524,V20260126.2,CW_DTCL_DTCR_STC,T20260328111445,51.6533388,TRUE,TRUE,TRUE,TRUE,TRUE,TRUE,TRUE,4S2RND2HBL0DP6,v1.0.1,2025_12_22,315.2388,316.8209,475.5833,297.1288,295.7517,148.4759,149.6078,336.6667,336,486.5855,-5.0637,-2.3645,-0.0001,0,-0.2217,1.555,-0.2187,1.5486,0.6658,154.8428,151.1152,152.4648,155.2168,153.4099,0.8544,0.7739,0.842,0.7746,0.7739,0.821,0.7514,0.773,0.7807,0.7514,0.8173,0.8163,0.7909,0.821,0.7282,0.7236,0.7709,0.7964,0.7236,0.8284,0.7832,0.7862,0.98,0.7832,0.8472,0.7692,0.7252,0.8168,0.7898,0.6994,0.8602,0.8618,0.6994,0,0,0,0,0,v1.0.1,2025_12_22,315.292,316.7664,476.6765,297.0368,295.56,147.4467,148.3423,336.8121,336,487.5855,-5.1259,-2.3705,-0.0001,0,-0.2211,1.5543,-0.219,1.5496,0.6659,162.0508,155.6982,165.9482,165.374,162.2678,0.7081,0.6698,0.6945,0.6805,0.6698,0.6845,0.6351,0.6484,0.6609,0.6351,0.6423,0.6397,0.6419,0.6696,0.632,0.6446,0.607,0.6597,0.607,0.6664,0.6446,0.6597,0.1382,0.1382,0.652,0.6731,0.6399,0.6754,0.6517,0.6398,0.6458,0.6666,0.6398,0,0,0,0,0,v1.0.1,2025_12_22,317.5,328.1132,442.3186,313.2478,302.9593,196.5285,188.8145,342.3629,332.2609,457.4957,-2.7293,8.0496,0,0.0001,-0.218,1.5602,-0.2098,1.5567,0.6723,175.1865,173.3223,175.3301,176.5693,175.1021,0.8046,0.6296,0.7923,0.6487,0.6296,0.77,0.5981,0.7396,0.7013,0.5981,0.7865,0.7632,0.7461,0.7568,0.7461,0.7436,0.6934,0.7239,0,0.6934,0,0,0,0,0,v1.0.1,2025_12_22,317.5048,328.0571,443.0727,313.2364,302.7603,195.7438,187.8862,342.4146,332.3333,458.3846,-2.7885,8.0673,0,0.0001,-0.217,1.5593,-0.2098,1.557,0.6724,147.042,140.4912,143.8184,145.1289,144.1201,0.6732,0.5557,0.6721,0.5853,0.5557,0.646,0.5467,0.6383,0.5982,0.5467,0.6406,0.6361,0.6267,0.6377,0.6267,0.5836,0.5663,0.5851,0.3895,0.3895,0,0,0,0,0,-0.0151,-0.1132,-0.0412,-0.1023,-0.0956,-0.0047,-0.0506,-0.0345,-0.0609,-0.0506,0.0161,-0.0034,-0.0298,0.0043,-0.078,-0.0913,-0.0274,-0.0364,-0.0229,-0.0204,-0.001,-0.0452,-0.0162,-0.0382,-0.0393,0.0015,-0.0169,-0.0227,-0.0201,-0.0169,0.0247,-0.0149,-0.0154,-0.005,-0.0072,-0.0331,-0.028,0.0211,-0.0216,-0.002,-0.0001,-0.1969,-0.0288,-0.1734,-0.1751,0.001,-0.1604,-0.04,-0.0883,-0.1604,0.0204,0.0016,-0.0138,0.0136,-0.0021,-0.0185,0.0024,-0.1206,-0.0023,-0.1008,-0.1151,-0.0025,-0.0966,-0.0092,-0.0485,-0.0966,0.0389,-0.0073,-0.0032,0.0116,0.025,-0.0203,-0.0093,TRUE,TRUE
DTC_L_59,LanSi,1,CW_01,B,2026-03-28 11:13:53+08:00,ONLINE,FALSE,,CW_1_01,PASS,,,51.7341231,_2026032811135362802,T20260328111353,DESKTOP-P2DUL42,Loma,1,CW_1_01,2,paul di,2024.0718.155524,V20260126.2,CW_DTCL_DTCR_STC,T20260328111445,51.7341231,TRUE,TRUE,TRUE,TRUE,TRUE,TRUE,TRUE,4S2RND2HBL06DS,v1.0.1,2025_12_22,314.0902,323.3534,474.2296,302.9333,294.7651,152.5101,148.2517,343.3046,333.3235,490.0368,-6.568,2.9276,-0.0001,0,-0.2263,1.5576,-0.2192,1.5554,0.6669,154.7666,150.2979,148.3477,153.1162,151.6321,0.8242,0.7972,0.8365,0.7968,0.7968,0.7862,0.7459,0.8119,0.7571,0.7459,0.8264,0.827,0.8231,0.7644,0.7513,0.7141,0.7635,0.7205,0.7141,0.8119,0.98,0.8134,0.8173,0.8119,0.8471,0.772,0.7691,0.8431,0.8332,0.816,0.7832,0.7862,0.7691,0,0,0,0,0,v1.0.1,2025_12_22,314.1691,323.2353,475.2574,302.8309,294.6159,151.5364,147.0927,343.457,333.5474,490.9927,-6.5635,2.9105,-0.0001,0,-0.2255,1.5569,-0.2199,1.5553,0.6667,163.2334,158.418,164.8848,164.0312,162.6418,0.6743,0.6906,0.6945,0.7004,0.6743,0.6523,0.6352,0.6573,0.6534,0.6352,0.6545,0.6651,0.6552,0.6198,0.6363,0.6163,0.6385,0.6151,0.6151,0.6752,0.4431,0.6765,0.6754,0.4431,0.6569,0.6658,0.6466,0.6753,0.6612,0.6684,0.6611,0.6193,0.6193,0,0,0,0,0,v1.0.1,2025_12_22,312.8491,315.5943,437.6842,301.3596,298.9,184.9083,184.4322,330.4322,326.9231,446.1709,-7.3423,-3.8069,-0.0001,0,-0.213,1.5639,-0.2145,1.5629,0.6748,175.3652,173.8916,171.9287,173.6348,173.7051,0.7892,0.6851,0.8137,0.6845,0.6845,0.747,0.6562,0.7551,0.678,0.6562,0.7928,0.7751,0.7688,0.7054,0.7054,0.7485,0,0.7247,0.7221,0.7221,0,0,0,0,0,v1.0.1,2025_12_22,312.8286,315.5429,438.5804,301.2411,298.7603,184.1157,183.5167,330.4167,327,447.1026,-7.3628,-3.8162,-0.0001,0,-0.2127,1.5636,-0.214,1.563,0.675,149.0176,143.6445,143.2441,146.4609,145.5918,0.6564,0.5856,0.6711,0.6177,0.5856,0.6243,0.5771,0.6312,0.603,0.5771,0.6391,0.63,0.6348,0.6266,0.6266,0.5848,0.5519,0.5924,0.5824,0.5519,0,0,0,0,0,-0.0025,-0.0611,0.0046,-0.0248,-0.0248,-0.0047,-0.0878,0.0101,-0.0266,-0.0378,0.0251,0.0131,0.0041,-0.0045,-0.0741,-0.1071,-0.039,-0.0339,-0.0063,-0.0033,0.0004,-0.0175,-0.0027,-0.0062,0.0004,-0.0125,-0.037,-0.0073,-0.0175,-0.0294,0.0105,0.0102,-0.008,-0.0167,-0.033,-0.0489,-0.0102,-0.002,-0.0123,0.0036,-0.0055,-0.1354,0.0082,-0.1134,-0.1102,-0.0025,-0.1363,-0.0062,-0.0741,-0.0933,0.0048,0.0193,0.0112,0.0115,0.0009,-0.0091,-0.0055,-0.0878,-0.0075,-0.0736,-0.0763,0.0009,-0.0754,0.0116,-0.0363,-0.0425,-0.0012,0.0009,-0.0072,0.0282,0.0282,-0.0202,0.0006,TRUE,TRUE
DTC_R_60,LanSi,1,CW_01,A,2026-03-28 11:16:06+08:00,ONLINE,FALSE,,CW_1_01,PASS,,,51.5799788,_2026032811160639301,T20260328111606,DESKTOP-P2DUL42,Loma,1,CW_1_01,1,paul di,2024.0718.155524,V20260126.2,CW_DTCL_DTCR_STC,T20260328111657,51.5799788,TRUE,TRUE,TRUE,TRUE,TRUE,TRUE,TRUE,4S2RND2HBL0DP6,v1.0.1,2025_12_22,315.2612,316.8955,475.3083,297.2256,295.6712,148.3836,149.3878,337.0748,335.7823,484.6803,-5.2178,-2.6481,-0.0001,0,-0.2218,1.5545,-0.2205,1.5486,0.6652,153.0869,149.2803,150.1943,153.5645,151.5315,0.8635,0.7959,0.8379,0.7649,0.7649,0.8253,0.7509,0.7722,0.7447,0.7447,0.8283,0.7568,0.7919,0.824,0.7322,0.7089,0.7404,0.7579,0.7089,0.843,0.7756,0.8093,0.7256,0.7256,0.8563,0.7881,0.7804,0.7912,0.806,0.6981,0.8327,0.8597,0.6981,0,0,0,0,0,v1.0.1,2025_12_22,315.1957,316.8333,476.4044,297.0809,295.4333,147.3467,148.1438,337.1438,335.86,485.6933,-5.2926,-2.6804,-0.0001,0,-0.2214,1.5542,-0.2205,1.5485,0.6652,163.6611,157.1162,167.6758,166.9521,163.8513,0.7031,0.6673,0.6978,0.663,0.663,0.6805,0.646,0.653,0.643,0.643,0.6548,0.5811,0.6448,0.6582,0.6343,0.6158,0.6143,0.6272,0.5811,0.6695,0.6322,0.67,0.1035,0.1035,0.647,0.6515,0.6808,0.6611,0.6572,0.5695,0.6397,0.6623,0.5695,0,0,0,0,0,v1.0.1,2025_12_22,317.3426,328.2315,442.0273,313.3364,302.8361,196.1639,188.595,342.5455,331.9478,456.1826,-2.9502,7.792,0,0.0001,-0.2184,1.5609,-0.2102,1.5566,0.6722,174.5371,172.377,174.0518,175.8271,174.1982,0.798,0.6473,0.787,0.6167,0.6167,0.7695,0.6335,0.7382,0.6285,0.6285,0.7805,0.7488,0.7322,0.7429,0.7322,0.7494,0.6504,0.7447,0,0.6504,0,0,0,0,0,v1.0.1,2025_12_22,317.3524,328.2762,443.027,313.2072,302.7016,195.2984,187.7025,342.595,332.0439,456.9737,-2.9345,7.7701,0,0.0001,-0.2188,1.5605,-0.2095,1.5566,0.6722,147.8926,142.0488,145.1836,146.7305,145.4639,0.664,0.5569,0.6678,0.5626,0.5569,0.6344,0.5729,0.6248,0.5619,0.5619,0.6157,0.6173,0.6288,0.6346,0.6157,0.5932,0.5589,0.5652,0.3714,0.3714,0,0,0,0,0,-0.006,-0.0912,-0.0453,-0.112,-0.1046,-0.0004,-0.0511,-0.0353,-0.0969,-0.0573,0.0271,-0.0629,-0.0288,0.0073,-0.074,-0.106,-0.0579,-0.0749,-0.0083,0.0027,-0.006,-0.0477,-0.0129,-0.0557,-0.0461,-0.0025,-0.006,-0.0181,-0.038,-0.009,0.0372,-0.0735,-0.0125,-0.0164,-0.0049,-0.0619,-0.0207,-0.0114,-0.0185,0.0083,-0.0067,-0.1792,-0.0341,-0.2054,-0.188,0.0005,-0.125,-0.0414,-0.1611,-0.13,0.0144,-0.0128,-0.0277,-0.0003,0.0037,0.0023,-0.0068,-0.1194,-0.0066,-0.1235,-0.1139,-0.0141,-0.0704,-0.0227,-0.0848,-0.0814,0.014,-0.0261,-0.0011,0.0085,0.014,-0.0107,-0.0292,TRUE,TRUE
DTC_L_60,LanSi,1,CW_01,C,2026-03-28 11:16:06+08:00,ONLINE,FALSE,,CW_1_01,PASS,,,51.7146187,_2026032811160627502,T20260328111606,DESKTOP-P2DUL42,Loma,1,CW_1_01,2,paul di,2024.0718.155524,V20260126.2,CW_DTCL_DTCR_STC,T20260328111657,51.7146187,TRUE,TRUE,TRUE,TRUE,TRUE,TRUE,TRUE,4S2RND2HBL06DS,v1.0.1,2025_12_22,313.9638,322.8841,473.8667,302.1259,294.487,151.2143,147.88,342.58,333.042,489.7483,-6.8521,2.2105,-0.0001,0,-0.2286,1.5573,-0.2175,1.5564,0.6669,155.8574,151.7529,149.7588,155.1377,153.1267,0.8187,0.7908,0.8475,0.7832,0.7832,0.7767,0.7709,0.799,0.7611,0.7611,0.8203,0.8099,0.8193,0.7726,0.7595,0.7298,0.7723,0.7303,0.7298,0.8127,0.98,0.8312,0.8321,0.8127,0.8468,0.7228,0.7421,0.8426,0.8531,0.8102,0.8001,0.7925,0.7228,0,0,0,0,0,v1.0.1,2025_12_22,313.9571,322.8929,475,302.0863,294.3268,150.3007,146.7697,342.7368,333.2113,490.5915,-6.847,2.2216,-0.0001,0,-0.228,1.557,-0.2176,1.556,0.6669,163.4326,158.8789,165.2383,164.3994,162.9873,0.6735,0.6696,0.6978,0.7007,0.6696,0.6459,0.6402,0.6514,0.6599,0.6402,0.6573,0.6616,0.6533,0.6338,0.6361,0.6361,0.6546,0.6152,0.6152,0.6847,0.463,0.679,0.6746,0.463,0.6631,0.6334,0.6202,0.6758,0.6867,0.6506,0.6764,0.6469,0.6202,0,0,0,0,0,v1.0.1,2025_12_22,312.6571,315.1333,437.6018,300.6991,298.7131,183.7541,184.1721,329.6557,326.5966,445.7227,-7.5518,-4.507,-0.0001,0,-0.2145,1.5645,-0.212,1.5639,0.6755,175.4736,174.3682,172.2578,175.2236,174.3308,0.7873,0.6803,0.815,0.6493,0.6493,0.7401,0.659,0.7571,0.6871,0.659,0.767,0.7703,0.761,0.6938,0.6938,0.7319,0,0.7358,0.7254,0.7254,0,0,0,0,0,v1.0.1,2025_12_22,312.6078,315,438.4298,300.5702,298.6116,182.9091,183.2893,329.7273,326.6897,446.5,-7.5744,-4.5587,-0.0001,0,-0.2137,1.5647,-0.2129,1.5636,0.6754,149.0684,143.8984,143.4092,147.0088,145.8462,0.6548,0.5812,0.6761,0.5816,0.5812,0.6238,0.5641,0.6233,0.5809,0.5641,0.6228,0.6268,0.6363,0.6129,0.6129,0.5979,0.5066,0.5946,0.5828,0.5066,0,0,0,0,0,-0.008,-0.0675,0.0156,-0.0384,-0.0384,-0.0142,-0.0628,-0.0028,-0.0226,-0.0226,0.019,-0.004,0.0003,0.0037,-0.0659,-0.0914,-0.0302,-0.0241,-0.0055,0.0145,-0.0004,-0.0385,0.0006,-0.0059,-0.0043,-0.0189,-0.032,-0.0132,-0.011,-0.0244,0.0133,0.0067,-0.0099,-0.0027,-0.0332,-0.0291,0.0059,-0.0019,-0.0028,0.0061,-0.0074,-0.1402,0.0095,-0.1486,-0.1454,-0.0094,-0.1335,-0.0042,-0.065,-0.0905,-0.021,0.0145,0.0034,-0.0001,-0.0157,0.002,-0.0071,-0.0922,-0.0025,-0.1097,-0.0807,0.0004,-0.0884,0.0037,-0.0584,-0.0555,-0.0175,-0.0023,-0.0057,0.0145,0.0145,-0.0071,0.0028,TRUE,TRUE
DTC_R_61,LanSi,1,CW_01,B,2026-03-28 11:18:00+08:00,ONLINE,FALSE,,CW_1_01,PASS,,,51.6162347,_2026032811180014201,T20260328111800,DESKTOP-P2DUL42,Loma,1,CW_1_01,1,paul di,2024.0718.155524,V20260126.2,CW_DTCL_DTCR_STC,T20260328111851,51.6162347,TRUE,TRUE,TRUE,TRUE,TRUE,TRUE,TRUE,4S2RND2HBL0DP6,v1.0.1,2025_12_22,315.2612,316.8955,475.4701,297.2612,295.7172,148.3862,149.3176,337.1486,335.7329,484.4315,-5.2002,-2.6754,-0.0001,0,-0.2214,1.5548,-0.2209,1.5487,0.6653,152.4736,148.6787,149.7881,152.8945,150.9587,0.8557,0.7864,0.8302,0.7741,0.7741,0.8162,0.7573,0.7717,0.7344,0.7344,0.8244,0.8222,0.7926,0.8098,0.7364,0.7483,0.7253,0.7285,0.7253,0.8481,0.8058,0.7969,0.98,0.7969,0.8353,0.7595,0.7652,0.8271,0.7895,0.7283,0.8227,0.8509,0.7283,0,0,0,0,0,v1.0.1,2025_12_22,315.1511,316.9424,476.4511,297.1654,295.4698,147.3758,148.1959,337.1959,335.8231,485.4218,-5.2818,-2.6797,-0.0001,0,-0.2215,1.5547,-0.2202,1.5482,0.6653,162.5117,156.1729,166.4492,166.0449,162.7947,0.7074,0.6704,0.6961,0.6698,0.6698,0.6724,0.635,0.6435,0.63,0.63,0.651,0.6557,0.6422,0.6453,0.6408,0.6277,0.6042,0.6242,0.6042,0.6795,0.6555,0.6576,0.3388,0.3388,0.6534,0.6477,0.6518,0.6506,0.6344,0.6208,0.6428,0.6664,0.6208,0,0,0,0,0,v1.0.1,2025_12_22,317.3273,328.3273,442.1376,313.3211,302.856,196.176,188.7731,342.5714,331.9561,456.0263,-2.89,7.7844,0,0.0001,-0.2191,1.5612,-0.2098,1.5562,0.6721,173.4961,171.8193,173.4531,175.5908,173.5898,0.8115,0.6455,0.7845,0.6258,0.6258,0.7831,0.6342,0.7272,0.6183,0.6183,0.7835,0.7821,0.7378,0.7676,0.7378,0.7392,0.6655,0.736,0,0.6655,0,0,0,0,0,v1.0.1,2025_12_22,317.3426,328.4167,443.0459,313.2844,302.6905,195.5873,187.8607,342.7131,332.0446,456.8661,-2.9032,7.8735,0,0.0001,-0.2193,1.5604,-0.2095,1.5563,0.672,147.4404,140.9365,144.2295,145.8467,144.6133,0.6721,0.5686,0.6634,0.567,0.567,0.6404,0.5703,0.6212,0.546,0.546,0.6391,0.6375,0.6204,0.6346,0.6204,0.5982,0.5373,0.58,0.4605,0.4605,0,0,0,0,0,-0.0138,-0.1007,-0.053,-0.1028,-0.0954,-0.0095,-0.0447,-0.0358,-0.1072,-0.0676,0.0232,0.0025,-0.0281,-0.0069,-0.0698,-0.0666,-0.073,-0.1043,-0.0032,-0.0097,-0.0017,-0.0446,-0.0146,-0.0489,-0.0393,-0.0106,-0.017,-0.0276,-0.051,-0.022,0.0334,0.0011,-0.0151,-0.0293,0.0016,-0.05,-0.0308,-0.0144,-0.0085,-0.0041,0.0068,-0.181,-0.0366,-0.1963,-0.1789,0.0141,-0.1243,-0.0524,-0.1713,-0.1402,0.0174,0.0205,-0.0221,0.0244,-0.0065,-0.0064,0.0013,-0.1077,-0.011,-0.1191,-0.1038,-0.0081,-0.073,-0.0263,-0.1007,-0.0973,0.0374,-0.0059,-0.0095,0.0085,0.0187,-0.0057,-0.0144,TRUE,TRUE
DTC_L_61,LanSi,1,CW_01,A,2026-03-28 11:18:00+08:00,ONLINE,FALSE,,CW_1_01,PASS,,,51.6282031,_2026032811180014202,T20260328111800,DESKTOP-P2DUL42,Loma,1,CW_1_01,2,paul di,2024.0718.155524,V20260126.2,CW_DTCL_DTCR_STC,T20260328111851,51.6282031,TRUE,TRUE,TRUE,TRUE,TRUE,TRUE,TRUE,4S2RND2HBL06DS,v1.0.1,2025_12_22,314.2148,322.7778,474.3037,302.2074,294.8867,151.9667,148.3974,342.457,333.5338,488.9624,-6.4327,2.1742,-0.0001,0,-0.2273,1.5576,-0.2176,1.5545,0.6668,156.0332,151.6982,149.8936,155.2988,153.231,0.8253,0.8003,0.8339,0.7809,0.7809,0.7721,0.7801,0.8081,0.7526,0.7526,0.8144,0.8143,0.8079,0.7677,0.7452,0.7155,0.791,0.6882,0.6882,0.8207,0.98,0.8406,0.835,0.8207,0.836,0.7772,0.7588,0.8377,0.8188,0.8445,0.7962,0.7813,0.7588,0,0,0,0,0,v1.0.1,2025_12_22,314.1533,322.8102,475.5188,302.1203,294.8224,150.9013,147.2895,342.6184,333.7698,489.9281,-6.3893,2.1757,-0.0001,0,-0.227,1.5583,-0.2176,1.5534,0.6668,161.2422,157.4883,163.3594,162.5654,161.1638,0.6723,0.6797,0.6961,0.6979,0.6723,0.6588,0.6539,0.6538,0.6555,0.6538,0.6548,0.6554,0.6629,0.6281,0.6263,0.6157,0.6489,0.6093,0.6093,0.6762,0.3552,0.6799,0.6775,0.3552,0.6702,0.6487,0.6103,0.6765,0.6733,0.6831,0.6629,0.6329,0.6103,0,0,0,0,0,v1.0.1,2025_12_22,312.9706,315.049,437.9273,300.7636,299,184.2437,184.5583,329.5833,327.0431,445.1293,-7.2001,-4.5462,-0.0001,0,-0.2133,1.5639,-0.2122,1.5625,0.6752,175.6289,174.4727,172.374,175.1562,174.408,0.7887,0.6817,0.8112,0.6889,0.6817,0.7445,0.6468,0.7612,0.6574,0.6468,0.7701,0.7625,0.7684,0.6988,0.6988,0.7395,0,0.7278,0.7242,0.7242,0,0,0,0,0,v1.0.1,2025_12_22,312.8774,314.9528,438.7411,300.6339,298.9322,183.5763,183.6417,329.5667,327.0431,446.1293,-7.2529,-4.5282,-0.0001,0,-0.2128,1.5645,-0.2121,1.5627,0.6756,147.6406,143.1152,142.0156,145.1191,144.4727,0.6618,0.5803,0.6705,0.6131,0.5803,0.6238,0.5657,0.6302,0.5869,0.5657,0.6392,0.6134,0.6412,0.6286,0.6134,0.5897,0.4915,0.5867,0.5734,0.4915,0,0,0,0,0,-0.0014,-0.058,0.002,-0.0407,-0.0407,-0.0188,-0.0536,0.0063,-0.0311,-0.0311,0.0131,0.0004,-0.0111,-0.0012,-0.0802,-0.1057,-0.0115,-0.0662,0.0025,0.0239,-0.0016,-0.0284,-0.0011,-0.0087,-0.0016,-0.006,-0.0183,-0.0108,-0.0154,-0.0108,0.0108,0.0005,-0.0003,-0.0084,-0.043,-0.0495,0.0002,-0.0078,-0.0113,0.007,-0.006,-0.1388,0.0057,-0.109,-0.113,-0.005,-0.1457,-0.0001,-0.0947,-0.1027,-0.0179,0.0067,0.0108,0.0049,-0.0081,-0.006,-0.0001,-0.0931,-0.0081,-0.0782,-0.0816,0.0004,-0.0868,0.0106,-0.0524,-0.0539,-0.0011,-0.0157,-0.0008,0.0302,0.015,-0.0153,-0.0051,TRUE,TRUE
DTC_R_62,LanSi,1,CW_01,C,2026-03-28 11:19:51+08:00,ONLINE,FALSE,,CW_1_01,FAIL,SFR_VIS_25cm_Ny4_03F_ROI8_Dev,Dev,50.9554215,_2026032811195146101,T20260328111951,DESKTOP-P2DUL42,Loma,1,CW_1_01,1,paul di,2024.0718.155524,V20260126.2,CW_DTCL_DTCR_STC,T20260328112042,50.9554215,TRUE,TRUE,TRUE,TRUE,TRUE,TRUE,TRUE,4S2RND2HBL0DP6,v1.0.1,2025_12_22,315.1912,317.0956,475.4638,297.5507,295.4932,148.3767,149.3423,337.1879,335.7153,484.2917,-5.2589,-2.5995,-0.0001,0,-0.2208,1.5541,-0.22,1.5481,0.6653,154.0303,150.3477,152.0146,154.4482,152.7102,0.861,0.8036,0.831,0.7618,0.7618,0.8288,0.7611,0.7679,0.7214,0.7214,0.8272,0.8097,0.7773,0.8344,0.7407,0.7525,0.7084,0.7314,0.7084,0.8412,0.803,0.8002,0.98,0.8002,0.8482,0.7822,0.7555,0.8319,0.7999,0.7351,0.8261,0.8576,0.7351,0,0,0,0,0,v1.0.1,2025_12_22,315.1277,317,476.5929,297.4071,295.26,147.3267,148.1486,337.3176,335.8243,485.3041,-5.3093,-2.6289,-0.0001,0,-0.2202,1.5537,-0.2206,1.5479,0.6652,163.1865,155.5049,165.9805,166.5244,162.7991,0.7032,0.6758,0.7002,0.6744,0.6744,0.6866,0.6596,0.64,0.6301,0.6301,0.6703,0.6455,0.6465,0.6413,0.6247,0.6359,0.5976,0.6072,0.5976,0.6783,0.6565,0.6568,0.3162,0.3162,0.6289,0.6535,0.6489,0.6737,0.6477,0.6108,0.6351,0.6666,0.6108,0,0,0,0,0,v1.0.1,2025_12_22,317.6,328.5,442.3826,313.5478,302.936,196.288,188.8279,342.6557,332.0982,456.0536,-2.7311,7.909,0,0.0001,-0.2187,1.5598,-0.209,1.5571,0.6723,174.4141,172.9512,174.9482,176.0732,174.5967,0.8119,0.6555,0.7928,0.6124,0.6124,0.7811,0.6558,0.7343,0.6016,0.6016,0.7803,0.7781,0.7317,0.7596,0.7317,0.749,0.6796,0.7388,0,0.6796,0,0,0,0,0,v1.0.1,2025_12_22,317.5495,328.5135,443.1351,313.4234,302.76,195.488,187.7934,342.7603,332.0609,456.9217,-2.8402,7.9214,0,0.0001,-0.2191,1.5596,-0.2088,1.5577,0.6723,147.9893,140.4971,144.0342,146.2422,144.6907,0.6646,0.576,0.6604,0.5717,0.5717,0.6423,0.5697,0.6307,0.5404,0.5404,0.6378,0.6365,0.6249,0.6331,0.6249,0.6024,0.5472,0.56,0.4334,0.4334,0,0,0,0,0,-0.0085,-0.0835,-0.0522,-0.1151,-0.1077,0.0031,-0.0409,-0.0396,-0.1202,-0.0806,0.026,-0.01,-0.0434,0.0177,-0.0655,-0.0624,-0.0899,-0.1014,-0.0101,-0.0064,-0.0059,-0.0392,-0.0105,-0.0443,-0.0347,0.0036,0.0076,-0.0311,-0.0509,-0.0219,0.0527,-0.0091,-0.0108,-0.0333,-0.0145,-0.0418,-0.0374,-0.0314,-0.0097,-0.0049,0.0072,-0.171,-0.0283,-0.2097,-0.1923,0.0121,-0.1027,-0.0453,-0.188,-0.1569,0.0142,0.0165,-0.0282,0.0164,0.0033,-0.0036,-0.0062,-0.1003,-0.014,-0.1144,-0.0991,-0.0062,-0.0736,-0.0168,-0.1063,-0.1029,0.0361,-0.0069,-0.005,0.007,0.0232,-0.0015,-0.0344,TRUE,TRUE
DTC_L_62,LanSi,1,CW_01,B,2026-03-28 11:19:51+08:00,ONLINE,FALSE,,CW_1_01,PASS,,,50.9384661,_2026032811195150102,T20260328111951,DESKTOP-P2DUL42,Loma,1,CW_1_01,2,paul di,2024.0718.155524,V20260126.2,CW_DTCL_DTCR_STC,T20260328112042,50.9384661,TRUE,TRUE,TRUE,TRUE,TRUE,TRUE,TRUE,4S2RND2HBL06DS,v1.0.1,2025_12_22,315.3507,321.0896,475.7388,300.0299,296.4408,149.625,150,341,334.8015,487.1765,-5.0336,0.2842,-0.0001,0,-0.23,1.5604,-0.2193,1.5537,0.6662,154.96,150.7734,148.708,154.5439,152.2463,0.8265,0.8138,0.8388,0.7815,0.7815,0.774,0.7602,0.8056,0.7464,0.7464,0.8078,0.8122,0.8076,0.7516,0.7325,0.7472,0.7483,0.6922,0.6922,0.8265,0.4305,0.8049,0.7917,0.4305,0.8387,0.7514,0.7229,0.8271,0.8204,0.7667,0.7688,0.7808,0.7229,0,0,0,0,0,v1.0.1,2025_12_22,315.2754,321.1884,476.7609,299.9203,296.1611,148.651,148.9664,341.1745,334.8857,488.2714,-5.0901,0.3411,-0.0001,0,-0.2304,1.5599,-0.2191,1.5534,0.666,161.7148,157.8438,163.373,162.5488,161.3701,0.6905,0.6858,0.6968,0.6974,0.6858,0.6663,0.6348,0.6538,0.6435,0.6348,0.649,0.6656,0.6454,0.6336,0.6136,0.6372,0.6419,0.6118,0.6118,0.6738,0.4893,0.6737,0.6743,0.4893,0.6519,0.6524,0.6269,0.6668,0.6619,0.6782,0.6752,0.6117,0.6117,0,0,0,0,0,v1.0.1,2025_12_22,314.066,313.5283,439.2124,298.8673,300.4839,182.1855,186.0413,328.1653,328.2308,443.7949,-5.8931,-6.1918,-0.0001,-0.0001,-0.2161,1.5672,-0.2133,1.562,0.6749,175.9629,174.6387,172.3203,175.6133,174.6338,0.7935,0.706,0.8016,0.6942,0.6942,0.7382,0.6486,0.7689,0.642,0.642,0.7735,0.7626,0.7643,0.6832,0.6832,0.7368,0,0.7159,0.6606,0.6606,0,0,0,0,0,v1.0.1,2025_12_22,314.0187,313.5514,440.0268,298.7946,300.453,181.4786,185.25,328.3917,328.3475,444.7288,-5.8808,-6.111,-0.0001,-0.0001,-0.2161,1.5679,-0.2142,1.5615,0.6748,147.8926,143.3242,141.6211,145.1191,144.4893,0.662,0.5922,0.6706,0.6173,0.5922,0.6384,0.5582,0.6253,0.5761,0.5582,0.6314,0.6344,0.6344,0.581,0.581,0.5874,0.5216,0.5852,0.5278,0.5216,0,0,0,0,0,-0.0002,-0.0445,0.0069,-0.0401,-0.0401,-0.0169,-0.0735,0.0038,-0.0373,-0.0373,0.0065,-0.0017,-0.0114,-0.0173,-0.0929,-0.074,-0.0542,-0.0622,0.0083,-0.0118,0.0166,-0.0223,-0.0004,-0.0092,0.0119,0.0015,-0.0374,-0.0108,-0.0274,-0.0298,0.005,0.0107,-0.0178,-0.0029,-0.0557,-0.028,-0.0068,-0.0053,-0.0137,0.0008,-0.0012,-0.1145,-0.0039,-0.1037,-0.1005,-0.0113,-0.1439,0.0076,-0.1101,-0.1075,-0.0145,0.0068,0.0067,-0.0107,-0.0108,-0.0179,0.0001,-0.0812,-0.008,-0.074,-0.0697,0.015,-0.0943,0.0057,-0.0632,-0.0614,-0.0089,0.0053,-0.0076,-0.0174,-0.0174,-0.0176,-0.0066,TRUE,TRUE
DTC_R_63,LanSi,1,CW_01,A,2026-03-28 11:21:30+08:00,ONLINE,FALSE,,CW_1_01,PASS,,,51.4482558,_2026032811213062901,T20260328112130,DESKTOP-P2DUL42,Loma,1,CW_1_01,1,paul di,2024.0718.155524,V20260126.2,CW_DTCL_DTCR_STC,T20260328112222,51.4482558,TRUE,TRUE,TRUE,TRUE,TRUE,TRUE,TRUE,4S2RND2HBL0DP6,v1.0.1,2025_12_22,315.0809,317.8015,474.9343,298.0292,295.4257,148.3649,149.4211,338.2105,335.3688,485.4752,-5.4539,-1.9238,-0.0001,0,-0.2225,1.5548,-0.2221,1.5499,0.665,154.5986,151.207,152.5049,154.8984,153.3022,0.8716,0.819,0.8398,0.8057,0.8057,0.8135,0.7931,0.77,0.7696,0.7696,0.8213,0.814,0.7938,0.8254,0.7535,0.7695,0.7082,0.7525,0.7082,0.8374,0.8159,0.8027,0.98,0.8027,0.8542,0.7977,0.7826,0.8335,0.8321,0.7903,0.786,0.8499,0.7826,0,0,0,0,0,v1.0.1,2025_12_22,315.1143,317.7286,476,297.9137,295.2148,147.3289,148.3377,338.2781,335.5,486.5,-5.4666,-1.9502,-0.0001,0,-0.222,1.554,-0.2221,1.5501,0.665,163.7109,156.1055,166.749,166.6797,163.3113,0.7049,0.6868,0.6934,0.6893,0.6868,0.6721,0.6651,0.6476,0.6494,0.6476,0.6581,0.6591,0.6392,0.6609,0.6443,0.6596,0.5924,0.6057,0.5924,0.6839,0.6661,0.675,0.4347,0.4347,0.6668,0.6746,0.6579,0.6773,0.6548,0.6759,0.6565,0.6779,0.6548,0,0,0,0,0,v1.0.1,2025_12_22,317.271,329.215,441.7207,314.1982,302.7795,196.4882,188.7805,343.6748,331.8571,457.5804,-3.0182,8.7313,0,0.0001,-0.2196,1.5615,-0.2115,1.5571,0.6719,174.6719,173.3574,175.0439,176.0596,174.7832,0.7944,0.6973,0.7816,0.6386,0.6386,0.7636,0.6682,0.7244,0.6545,0.6545,0.7736,0.7657,0.7281,0.7381,0.7281,0.7413,0.6808,0.7303,0,0.6808,0,0,0,0,0,v1.0.1,2025_12_22,317.1415,329.2453,442.5179,314.2411,302.6098,195.813,187.8607,343.7131,331.9364,458.4091,-3.0868,8.7843,0,0.0001,-0.2186,1.5618,-0.2109,1.5562,0.6721,148.582,141.2324,144.4629,146.374,145.1628,0.6662,0.6041,0.6623,0.5832,0.5832,0.6455,0.59,0.6191,0.5724,0.5724,0.623,0.6365,0.6217,0.6184,0.6184,0.5905,0.5562,0.5794,0.4967,0.4967,0,0,0,0,0,0.0021,-0.0681,-0.0434,-0.0712,-0.0638,-0.0122,-0.0089,-0.0375,-0.072,-0.0324,0.0201,-0.0057,-0.0269,0.0087,-0.0527,-0.0454,-0.0901,-0.0803,-0.0139,-0.0039,-0.0042,-0.0282,-0.0173,-0.0294,-0.0223,-0.0109,0.0131,-0.0235,-0.0316,-0.0044,0.0405,0.0045,-0.0181,-0.0137,0.0051,-0.0181,-0.0426,-0.0329,-0.0041,0.0133,-0.0103,-0.1292,-0.0395,-0.1835,-0.1661,-0.0054,-0.0903,-0.0552,-0.1351,-0.104,0.0075,0.0041,-0.0318,-0.0051,-0.0044,-0.0121,-0.0046,-0.0722,-0.0121,-0.1029,-0.0876,-0.003,-0.0533,-0.0284,-0.0743,-0.0709,0.0213,-0.0069,-0.0082,-0.0077,0.0167,-0.0134,-0.015,TRUE,TRUE
DTC_L_63,LanSi,1,CW_01,C,2026-03-28 11:21:30+08:00,ONLINE,FALSE,,CW_1_01,PASS,,,51.2467948,_2026032811213083002,T20260328112130,DESKTOP-P2DUL42,Loma,1,CW_1_01,2,paul di,2024.0718.155524,V20260126.2,CW_DTCL_DTCR_STC,T20260328112222,51.2467948,TRUE,TRUE,TRUE,TRUE,TRUE,TRUE,TRUE,4S2RND2HBL06DS,v1.0.1,2025_12_22,315.1985,322.1765,475.4741,301.363,296.2381,151.6054,149.9384,342.2055,334.7153,487.9343,-5.1871,1.5569,-0.0001,0,-0.2286,1.5596,-0.2201,1.5531,0.666,154.2529,150.2373,148.2549,153.7607,151.6265,0.8254,0.8023,0.8435,0.7863,0.7863,0.7768,0.7747,0.7961,0.7505,0.7505,0.8316,0.8205,0.8097,0.7744,0.7279,0.7222,0.7482,0.6997,0.6997,0.8215,0.98,0.8112,0.769,0.769,0.8464,0.7564,0.752,0.8396,0.8234,0.7803,0.7683,0.7838,0.752,0,0,0,0,0,v1.0.1,2025_12_22,315.1533,322.1898,476.5714,301.3357,296.0392,150.6078,148.7933,342.3667,334.7914,488.9568,-5.2303,1.5914,-0.0001,0,-0.228,1.5593,-0.2202,1.5531,0.6661,161.7803,157.3896,163.2783,162.8594,161.3269,0.6853,0.6901,0.6876,0.6814,0.6814,0.6593,0.64,0.6541,0.65,0.64,0.6513,0.6543,0.6585,0.6397,0.6158,0.631,0.6373,0.593,0.593,0.6823,0.3781,0.6897,0.6571,0.3781,0.6637,0.6564,0.6359,0.6888,0.6791,0.6776,0.6678,0.6405,0.6359,0,0,0,0,0,v1.0.1,2025_12_22,314,314.6038,439,300.0536,300.3223,184.0248,185.878,329.3333,328.0625,444.5893,-6.0474,-4.979,-0.0001,0,-0.2154,1.5659,-0.2139,1.5625,0.6748,175.127,174.0801,171.8584,174.6123,173.9194,0.8008,0.7026,0.8023,0.6941,0.6941,0.752,0.6652,0.755,0.664,0.664,0.783,0.7675,0.7764,0.6857,0.6857,0.7299,0,0.7198,0.666,0.666,0,0,0,0,0,v1.0.1,2025_12_22,314,314.5,439.7658,299.8739,300.1333,183.15,184.9512,329.3902,328.1062,445.3805,-6.1087,-5.0411,-0.0001,-0.0001,-0.2153,1.5651,-0.2144,1.5629,0.6746,147.7588,142.7656,141.7803,145.5381,144.4607,0.6675,0.5979,0.6764,0.6156,0.5979,0.63,0.5746,0.6413,0.5796,0.5746,0.6257,0.6352,0.6399,0.6027,0.6027,0.5775,0.5097,0.5884,0.5427,0.5097,0,0,0,0,0,-0.0013,-0.056,0.0116,-0.0353,-0.0353,-0.0141,-0.059,-0.0057,-0.0332,-0.0332,0.0303,0.0066,-0.0093,0.0055,-0.0975,-0.099,-0.0543,-0.0547,0.0033,-0.0055,0.0114,-0.018,-0.0096,-0.0252,0.0075,-0.0055,-0.0322,-0.0105,-0.0209,-0.0246,0.0073,-0.0006,-0.0047,0.0032,-0.0535,-0.0342,-0.0114,-0.0241,-0.0052,0.0168,0.0061,-0.1179,-0.0032,-0.1038,-0.1006,0.0025,-0.1273,-0.0063,-0.0881,-0.0855,-0.005,0.0117,0.0188,-0.0082,-0.0177,-0.014,0.0056,-0.0755,-0.0022,-0.0757,-0.064,0.0066,-0.0779,0.0217,-0.0597,-0.045,-0.0146,0.0061,-0.0021,0.0043,0.0043,-0.0275,-0.0034,TRUE,TRUE
DTC_R_65,LanSi,1,CW_01,A,2026-03-28 13:34:31+08:00,ONLINE,FALSE,,CW_1_01,PASS,,,52.0614512,_2026032813343196001,T20260328133431,DESKTOP-P2DUL42,Loma,1,CW_1_01,1,paul di,2024.0718.155524,V20260126.2,CW_DTCL_DTCR_STC,T20260328133524,52.0614512,TRUE,TRUE,TRUE,TRUE,TRUE,TRUE,TRUE,4S2RND2HBL0DP6,v1.0.1,2025_12_22,315.0896,316.597,475.3556,297,295.5646,148.1156,149.1946,336.6779,335.8792,484.9195,-5.2833,-2.838,-0.0001,0,-0.2212,1.5549,-0.2199,1.5474,0.6653,155.6025,151.4092,152.4766,155.623,153.7778,0.8654,0.7894,0.8551,0.7646,0.7646,0.8186,0.749,0.7807,0.7525,0.749,0.8297,0.8175,0.7918,0.8169,0.7425,0.7338,0.7509,0.77,0.7338,0.8415,0.7884,0.7962,0.6968,0.6968,0.8593,0.783,0.7766,0.8264,0.7972,0.7397,0.8313,0.863,0.7397,0,0,0,0,0,v1.0.1,2025_12_22,315.1739,316.6667,476.4044,296.9191,295.2466,147.0342,148,336.8681,335.9195,486,-5.3511,-2.8024,-0.0001,0,-0.2214,1.5533,-0.2197,1.5484,0.6652,162.4795,155.4805,166.1221,165.499,162.3953,0.706,0.6689,0.6993,0.6776,0.6689,0.6775,0.6443,0.6394,0.6536,0.6394,0.6458,0.6481,0.6386,0.6522,0.6322,0.6271,0.6103,0.6359,0.6103,0.6697,0.6672,0.649,0.1453,0.1453,0.6508,0.6534,0.6337,0.676,0.6442,0.6197,0.632,0.6784,0.6197,0,0,0,0,0,v1.0.1,2025_12_22,317.2885,328,442.018,312.8649,302.7823,196.0645,188.6583,342.275,331.9561,456.2368,-2.9594,7.5882,0,0.0001,-0.2202,1.5608,-0.21,1.5564,0.6717,175.5732,173.5078,175.625,177.2031,175.4773,0.8056,0.6441,0.7839,0.6362,0.6362,0.7763,0.6137,0.737,0.649,0.6137,0.786,0.7802,0.7209,0.7468,0.7209,0.7577,0.6658,0.7468,0,0.6658,0,0,0,0,0,v1.0.1,2025_12_22,317.2885,328,442.8165,312.9358,302.685,195.252,187.5378,342.3697,332,457,-3.0344,7.6115,0,0.0001,-0.2189,1.5607,-0.2098,1.5567,0.6722,147.4131,140.8125,144.3662,145.5176,144.5273,0.6612,0.5551,0.669,0.5655,0.5551,0.6507,0.5505,0.6253,0.5655,0.5505,0.6329,0.644,0.6217,0.6444,0.6217,0.5942,0.5478,0.5876,0.3819,0.3819,0,0,0,0,0,-0.0041,-0.0977,-0.0281,-0.1123,-0.1049,-0.0071,-0.053,-0.0268,-0.0891,-0.053,0.0285,-0.0022,-0.0289,0.0002,-0.0637,-0.0811,-0.0474,-0.0628,-0.0098,-0.0104,-0.0031,-0.0461,-0.0114,-0.0411,-0.0402,-0.0055,-0.0077,-0.0317,-0.0274,-0.0126,0.0282,-0.0065,-0.0187,-0.0224,-0.007,-0.0506,-0.0247,-0.0027,-0.0183,-0.0127,0.0009,-0.1824,-0.0372,-0.1859,-0.1685,0.0073,-0.1448,-0.0426,-0.1406,-0.1448,0.0199,0.0186,-0.039,0.0036,0.012,0.0044,-0.0096,-0.1212,-0.0054,-0.1206,-0.1157,0.0022,-0.0928,-0.0222,-0.0812,-0.0928,0.0312,0.0006,-0.0082,0.0183,0.02,-0.0097,-0.0068,TRUE,TRUE
DTC_L_65,LanSi,1,CW_01,C,2026-03-28 13:34:32+08:00,ONLINE,FALSE,,CW_1_01,PASS,,,51.9337921,_2026032813343207602,T20260328133432,DESKTOP-P2DUL42,Loma,1,CW_1_01,2,paul di,2024.0718.155524,V20260126.2,CW_DTCL_DTCR_STC,T20260328133524,51.9337921,TRUE,TRUE,TRUE,TRUE,TRUE,TRUE,TRUE,4S2RND2HBL06DS,v1.0.1,2025_12_22,314.1739,322.6667,474.3481,302.1185,294.8456,151.7383,148.3922,342.3333,333.6934,488.8832,-6.4093,2.048,-0.0001,0,-0.2271,1.5577,-0.2176,1.5534,0.6666,155.7832,151.1709,149.0029,154.9502,152.7268,0.8257,0.7871,0.8427,0.7807,0.7807,0.7775,0.7616,0.8076,0.7477,0.7477,0.8228,0.8153,0.8155,0.764,0.7461,0.7347,0.7718,0.6634,0.6634,0.8178,0.98,0.8192,0.8261,0.8178,0.8296,0.7931,0.797,0.8496,0.8237,0.8281,0.7995,0.7625,0.7625,0,0,0,0,0,v1.0.1,2025_12_22,314.1691,322.7647,475.5489,302,294.7566,150.7632,147.2733,342.5133,333.7391,489.8913,-6.4026,2.0865,-0.0001,0,-0.2275,1.5579,-0.2173,1.5537,0.6667,161.5713,156.7354,162.0586,162.084,160.6123,0.6791,0.6752,0.6919,0.6834,0.6752,0.6547,0.6328,0.6577,0.6512,0.6328,0.6393,0.6501,0.6558,0.6388,0.6154,0.6202,0.6466,0.5869,0.5869,0.6692,0.2788,0.6773,0.6957,0.2788,0.6346,0.6668,0.6454,0.6664,0.6617,0.6811,0.6626,0.6338,0.6338,0,0,0,0,0,v1.0.1,2025_12_22,313,314.9029,438,300.6852,299.0339,184.1441,184.5583,329.5083,327.0769,445.1709,-7.1662,-4.6177,-0.0001,0,-0.2127,1.5639,-0.2127,1.5626,0.6753,175.7002,174.3408,171.5332,174.9092,174.1208,0.7883,0.6802,0.8055,0.6701,0.6701,0.7533,0.6429,0.756,0.6581,0.6429,0.7799,0.7732,0.7692,0.6992,0.6992,0.7196,0,0.7478,0.726,0.7196,0,0,0,0,0,v1.0.1,2025_12_22,312.9519,314.875,438.8125,300.5714,298.9298,183.4211,183.7417,329.55,327.2069,446.0431,-7.1714,-4.6079,-0.0001,0,-0.2126,1.564,-0.2126,1.562,0.6752,148.2295,142.7393,141.4971,145.3564,144.4556,0.6549,0.5899,0.6596,0.6021,0.5899,0.6219,0.5641,0.6299,0.5829,0.5641,0.6367,0.6393,0.6525,0.608,0.608,0.5676,0.4627,0.5898,0.5877,0.4627,0,0,0,0,0,-0.001,-0.0712,0.0108,-0.0409,-0.0409,-0.0134,-0.0721,0.0058,-0.036,-0.036,0.0215,0.0014,-0.0035,-0.0049,-0.0793,-0.0865,-0.0307,-0.091,-0.0004,0.0025,0.0052,-0.0329,-0.0053,-0.0232,0.0013,-0.0101,-0.0394,-0.0069,-0.0197,-0.0318,-0.0047,-0.0048,-0.0074,0.0023,-0.0539,-0.045,-0.0021,-0.0302,-0.0183,0.0044,-0.0064,-0.1403,0,-0.1278,-0.1246,0.0038,-0.1496,-0.0053,-0.094,-0.1066,-0.0081,0.0174,0.0116,0.0053,-0.028,0.014,-0.007,-0.0835,-0.019,-0.0892,-0.072,-0.0015,-0.0884,0.0103,-0.0564,-0.0555,-0.0036,0.0102,0.0105,0.0096,0.0096,-0.0374,-0.002,TRUE,TRUE
DTC_L_64,LanSi,1,CW_01,A,2026-03-28 13:37:05+08:00,ONLINE,FALSE,,CW_1_01,PASS,,,52.0856061,_2026032813370587102,T20260328133705,DESKTOP-P2DUL42,Loma,1,CW_1_01,2,paul di,2024.0718.155524,V20260126.2,CW_DTCL_DTCR_STC,T20260328133757,52.0856061,TRUE,TRUE,TRUE,TRUE,TRUE,TRUE,TRUE,4S2RND2HBL06DS,v1.0.1,2025_12_22,314.292,323,474.3008,302.797,294.9272,151.9868,148.457,342.6026,333.6103,489.0368,-6.3826,2.3846,-0.0001,0,-0.2251,1.5575,-0.2171,1.5545,0.6674,155.4619,151,149.0781,154.8369,152.5942,0.8213,0.7977,0.7719,0.7638,0.7638,0.7766,0.7588,0.8026,0.745,0.745,0.8109,0.8076,0.8214,0.767,0.75,0.7327,0.7734,0.6631,0.6631,0.8042,0.5761,0.8274,0.8297,0.5761,0.8444,0.7376,0.7365,0.8478,0.8253,0.8238,0.7675,0.7674,0.7365,0,0,0,0,0,v1.0.1,2025_12_22,314.292,323,475.3669,302.5683,294.8067,151.0933,147.3154,342.8658,333.8,490.1643,-6.3838,2.4383,-0.0001,0,-0.2257,1.5574,-0.2179,1.5541,0.667,162.4062,157.5498,163.6074,163.2607,161.7061,0.6783,0.6779,0.6364,0.6799,0.6364,0.6523,0.6326,0.6447,0.6563,0.6326,0.6418,0.6469,0.6663,0.6251,0.6294,0.6386,0.6436,0.5908,0.5908,0.666,0.5153,0.6695,0.6638,0.5153,0.6465,0.6454,0.6081,0.6888,0.6655,0.687,0.6692,0.6158,0.6081,0,0,0,0,0,v1.0.1,2025_12_22,313,315.3962,438,301.1081,299.0684,184.4274,184.5847,329.6525,327.1739,445.4609,-7.1346,-4.291,-0.0001,0,-0.2133,1.5643,-0.21,1.5617,0.6757,175.5508,174.0645,172.3125,175.084,174.2529,0.7964,0.6809,0.7516,0.6629,0.6629,0.7407,0.6573,0.7595,0.6526,0.6526,0.7825,0.7798,0.7653,0.6783,0.6783,0.7275,0,0.721,0.7082,0.7082,0,0,0,0,0,v1.0.1,2025_12_22,313.0095,315.3429,438.7091,301.0091,298.9744,183.8034,183.7034,329.8136,327.3025,446.2941,-7.1602,-4.2474,-0.0001,0,-0.213,1.564,-0.2109,1.5616,0.6754,148.5361,143.5566,142.8486,146.3135,145.3137,0.6612,0.5903,0.626,0.5976,0.5903,0.6301,0.566,0.6222,0.5809,0.566,0.6175,0.6281,0.653,0.6005,0.6005,0.5886,0.5326,0.6046,0.5581,0.5326,0,0,0,0,0,-0.0054,-0.0606,-0.06,-0.0578,-0.0578,-0.0143,-0.0749,0.0008,-0.0387,-0.0387,0.0096,-0.0063,0.0024,-0.0019,-0.0754,-0.0885,-0.0291,-0.0913,-0.014,0.0107,0.0044,-0.0302,-0.0608,-0.0267,-0.0375,-0.0125,-0.0396,-0.0199,-0.0146,-0.032,-0.0022,-0.008,0.0031,-0.0114,-0.0399,-0.0266,-0.0051,-0.0263,-0.0215,-0.0034,0.0017,-0.1396,-0.0539,-0.135,-0.1318,-0.0088,-0.1352,-0.0018,-0.0995,-0.0969,-0.0055,0.024,0.0077,-0.0156,-0.0201,-0.0128,-0.0007,-0.0831,-0.0526,-0.0937,-0.0716,0.0067,-0.0865,0.0026,-0.0584,-0.0536,-0.0228,-0.001,0.011,0.0021,0.0021,-0.0164,0.0128,TRUE,TRUE
DTC_R_64,LanSi,1,CW_01,B,2026-03-28 13:37:06+08:00,ONLINE,FALSE,,CW_1_01,FAIL,SFR_VIS_25cm_Ny4_01F_ROI4_Dev;SFR_VIS_25cm_Ny4_01F_Min_Dev;SFR_VIS_25cm_Ny4_03F_ROI6_Dev;SFR_VIS_25cm_Ny4_03F_Min_Dev,Dev,51.9060862,_2026032813370607401,T20260328133706,DESKTOP-P2DUL42,Loma,1,CW_1_01,1,paul di,2024.0718.155524,V20260126.2,CW_DTCL_DTCR_STC,T20260328133757,51.9060862,TRUE,TRUE,TRUE,TRUE,TRUE,TRUE,TRUE,4S2RND2HBL0DP6,v1.0.1,2025_12_22,315.3037,317.0815,475.6985,297.7426,295.7431,149.3472,149.5986,337.1429,335.9589,485.8836,-5.0394,-2.0604,-0.0001,0,-0.2195,1.5542,-0.22,1.5485,0.6658,152.5,148.0625,149.2803,152.2744,150.5293,0.8094,0.7696,0.8172,0.7394,0.7394,0.7936,0.6803,0.7413,0.7503,0.6803,0.7666,0.7983,0.7613,0.8095,0.7073,0.6983,0.7549,0.7872,0.6983,0.8292,0.7715,0.7967,0.946,0.7715,0.8564,0.748,0.728,0.8144,0.7827,0.7453,0.8156,0.8098,0.728,0,0,0,0,0,v1.0.1,2025_12_22,315.3235,317.0368,476.773,297.5461,295.6712,148.3836,148.302,337.2416,336.0805,487,-5.0699,-2.0584,-0.0001,0,-0.2196,1.5543,-0.2199,1.5488,0.6659,162.835,155.374,165.3486,165.1299,162.1719,0.6789,0.6688,0.6977,0.6517,0.6517,0.6764,0.6049,0.626,0.6407,0.6049,0.6316,0.6496,0.624,0.6503,0.6125,0.6116,0.6175,0.6386,0.6116,0.6564,0.648,0.6528,0.2635,0.2635,0.6528,0.648,0.6367,0.6669,0.6423,0.6093,0.6405,0.6569,0.6093,0,0,0,0,0,v1.0.1,2025_12_22,317.6972,328.3761,442.3826,313.5478,303.0984,197.123,188.935,342.5854,332.2069,457.0431,-2.636,8.2351,0,0.0001,-0.2179,1.5595,-0.2094,1.558,0.6726,173.9482,171.5635,173.5137,174.7227,173.437,0.7505,0.6279,0.775,0.6108,0.6108,0.7355,0.5461,0.7171,0.6634,0.5461,0.7242,0.7607,0.719,0.7548,0.719,0.7372,0.632,0.7171,0,0.632,0,0,0,0,0,v1.0.1,2025_12_22,317.6,328.5,443.2411,313.5179,302.9919,196.3089,187.9262,342.7131,332.2564,457.9487,-2.6969,8.2977,0,0.0001,-0.2182,1.5602,-0.2087,1.5575,0.6727,147.8809,140.4893,143.96,145.6904,144.5051,0.6376,0.5739,0.6624,0.5569,0.5569,0.6276,0.5056,0.6166,0.5666,0.5056,0.607,0.6587,0.6153,0.6385,0.607,0.5799,0.5105,0.5739,0.4562,0.4562,0,0,0,0,0,-0.0601,-0.1175,-0.066,-0.1375,-0.1301,-0.0321,-0.1217,-0.0662,-0.0913,-0.1217,-0.0346,-0.0214,-0.0594,-0.0072,-0.0989,-0.1166,-0.0434,-0.0456,-0.0221,-0.0099,-0.0302,-0.0462,-0.013,-0.067,-0.0574,-0.0066,-0.0471,-0.0451,-0.0403,-0.0471,0.014,-0.005,-0.0333,-0.0243,-0.0267,-0.0661,-0.0175,0,-0.0316,-0.0089,-0.0542,-0.1986,-0.0461,-0.2113,-0.1939,-0.0335,-0.2124,-0.0625,-0.1262,-0.2124,-0.0419,-0.0009,-0.0409,0.0116,-0.0085,-0.0253,-0.0332,-0.1024,-0.012,-0.1292,-0.1139,-0.0209,-0.1377,-0.0309,-0.0801,-0.1377,0.0053,0.0153,-0.0146,0.0124,0.0053,-0.024,-0.0205,TRUE,TRUE
DTC_L_66,LanSi,1,CW_01,B,2026-03-28 13:39:04+08:00,ONLINE,FALSE,,CW_1_01,PASS,,,51.653393,_2026032813390475402,T20260328133904,DESKTOP-P2DUL42,Loma,1,CW_1_01,2,paul di,2024.0718.155524,V20260126.2,CW_DTCL_DTCR_STC,T20260328133956,51.653393,TRUE,TRUE,TRUE,TRUE,TRUE,TRUE,TRUE,4S2RND2HBL06DS,v1.0.1,2025_12_22,315.2612,322.8955,475.3037,302.2074,296.1933,152.2867,149.7415,342.966,334.5857,488.5214,-5.2829,2.2754,-0.0001,0,-0.228,1.559,-0.2202,1.5541,0.6662,154.7344,150.3779,148.5625,154.0498,151.9312,0.8221,0.8059,0.8462,0.7924,0.7924,0.772,0.7601,0.8003,0.7513,0.7513,0.8105,0.8051,0.8264,0.7601,0.751,0.7224,0.7499,0.6947,0.6947,0.8168,0.1744,0.8181,0.7844,0.1744,0.8363,0.7365,0.7606,0.8327,0.8223,0.7767,0.7596,0.7587,0.7365,0,0,0,0,0,v1.0.1,2025_12_22,315.1643,323.0286,476.3309,302.0735,296.1544,151.2617,148.5033,343.1242,334.7554,489.5755,-5.3184,2.3127,-0.0001,0,-0.2288,1.5601,-0.2195,1.5532,0.6662,161.6904,157.6025,163.373,162.6904,161.3391,0.6754,0.6822,0.7047,0.7026,0.6754,0.6569,0.6281,0.6463,0.6319,0.6281,0.6573,0.6578,0.6461,0.6419,0.6181,0.6304,0.6219,0.6013,0.6013,0.6805,0.4872,0.6802,0.6571,0.4872,0.6532,0.6527,0.6324,0.6826,0.6748,0.6647,0.661,0.6162,0.6162,0,0,0,0,0,v1.0.1,2025_12_22,313.9524,315.3714,438.7699,300.7699,300.359,184.5128,185.7623,330.0328,328.0086,445.1552,-6.1296,-4.3316,-0.0001,0,-0.2159,1.5668,-0.2134,1.5624,0.675,175.9639,174.5791,172.7334,175.2627,174.6348,0.7818,0.6982,0.8028,0.6813,0.6813,0.7394,0.6524,0.7637,0.6455,0.6455,0.7706,0.7701,0.7695,0.7131,0.7131,0.7197,0,0.7235,0.6601,0.6601,0,0,0,0,0,v1.0.1,2025_12_22,313.9135,315.2212,439.5948,300.5948,300.1441,183.8644,185,330.1008,328.0172,446.0517,-6.1661,-4.3334,-0.0001,0,-0.2153,1.5658,-0.2144,1.5629,0.6747,148.3008,143.2871,142.3564,145.5801,144.8811,0.6524,0.6001,0.665,0.6046,0.6001,0.6234,0.5613,0.6235,0.5852,0.5613,0.6215,0.634,0.6422,0.6113,0.6113,0.5663,0.5236,0.5875,0.5457,0.5236,0,0,0,0,0,-0.0046,-0.0524,0.0143,-0.0292,-0.0292,-0.0189,-0.0736,-0.0015,-0.0324,-0.0324,0.0092,-0.0088,0.0074,-0.0088,-0.0744,-0.0988,-0.0526,-0.0597,-0.0014,0.0014,0.0015,-0.0259,0.0075,-0.004,0.0015,-0.0079,-0.0441,-0.0183,-0.039,-0.0365,0.0133,0.0029,-0.0171,0.0054,-0.0512,-0.0348,-0.0268,-0.0158,-0.007,0.0073,-0.0129,-0.1223,-0.0027,-0.1166,-0.1134,-0.0101,-0.1401,0.0024,-0.1066,-0.104,-0.0174,0.0143,0.0119,0.0192,-0.0279,-0.0103,-0.0095,-0.0733,-0.0136,-0.0867,-0.0618,0,-0.0912,0.0039,-0.0541,-0.0583,-0.0188,0.0049,0.0002,0.0129,0.0129,-0.0387,-0.0043,TRUE,TRUE
DTC_R_66,LanSi,1,CW_01,C,2026-03-28 13:39:04+08:00,ONLINE,FALSE,,CW_1_01,PASS,,,51.4998007,_2026032813390492501,T20260328133904,DESKTOP-P2DUL42,Loma,1,CW_1_01,1,paul di,2024.0718.155524,V20260126.2,CW_DTCL_DTCR_STC,T20260328133956,51.4998007,TRUE,TRUE,TRUE,TRUE,TRUE,TRUE,TRUE,4S2RND2HBL0DP6,v1.0.1,2025_12_22,315.1324,317.5809,474.8897,297.8309,295.6395,147.898,149.3933,338.1267,335.3147,485.6713,-5.4261,-2.0785,-0.0001,0,-0.2225,1.5559,-0.2228,1.5508,0.6653,154.6963,150.542,151.8877,154.8086,152.9836,0.8565,0.8199,0.8291,0.7957,0.7957,0.8253,0.7861,0.7679,0.7618,0.7618,0.8263,0.8152,0.795,0.8076,0.7383,0.7883,0.7115,0.748,0.7115,0.8377,0.8055,0.8054,0.98,0.8054,0.8418,0.7872,0.7872,0.8251,0.8229,0.8581,0.7874,0.8317,0.7872,0,0,0,0,0,v1.0.1,2025_12_22,315.0797,317.5507,476,297.8643,295.2569,146.8194,148.3221,338.1946,335.4828,486.5448,-5.4717,-2.1052,-0.0001,0,-0.2212,1.5547,-0.2227,1.5501,0.6652,162.7959,156.0605,166.4912,165.8789,162.8066,0.6969,0.6853,0.6878,0.6897,0.6853,0.6671,0.6643,0.639,0.6567,0.639,0.6638,0.6422,0.6403,0.6619,0.6209,0.6601,0.5762,0.6402,0.5762,0.6725,0.6791,0.6812,0.2784,0.2784,0.6493,0.6638,0.6673,0.671,0.6755,0.6788,0.6478,0.6916,0.6478,0,0,0,0,0,v1.0.1,2025_12_22,317.3398,329.0194,441.7117,313.8468,302.9016,196.0902,188.825,343.5667,331.8545,457.7455,-2.9735,8.5537,0,0.0001,-0.2209,1.5621,-0.2122,1.558,0.6718,175.0781,172.9053,174.6582,176.3008,174.7356,0.8037,0.7007,0.7756,0.6816,0.6816,0.761,0.6767,0.7241,0.6497,0.6497,0.7718,0.7606,0.7232,0.7341,0.7232,0.7511,0.6948,0.7271,0,0.6948,0,0,0,0,0,v1.0.1,2025_12_22,317.233,329,442.6789,313.8624,302.7165,195.3465,187.9113,343.629,331.8829,458.5315,-3.0155,8.5739,0,0.0001,-0.2196,1.5621,-0.2121,1.5577,0.672,147.9502,141.4707,144.8516,146.2314,145.126,0.665,0.6023,0.6536,0.6031,0.6023,0.6339,0.582,0.6165,0.5526,0.5526,0.6471,0.6354,0.616,0.6219,0.616,0.5732,0.572,0.5804,0.416,0.416,0,0,0,0,0,-0.013,-0.0672,-0.0541,-0.0812,-0.0738,-0.0004,-0.0159,-0.0396,-0.0798,-0.0402,0.0251,-0.0045,-0.0257,-0.0091,-0.0679,-0.0266,-0.0868,-0.0848,-0.0136,-0.0012,-0.0122,-0.0297,-0.0229,-0.029,-0.0238,-0.0159,0.0123,-0.0321,-0.0243,-0.013,0.0462,-0.0124,-0.017,-0.0127,-0.0183,-0.0176,-0.0588,0.0016,-0.0155,0.0195,-0.001,-0.1258,-0.0455,-0.1405,-0.1231,-0.008,-0.0818,-0.0555,-0.1399,-0.1088,0.0057,-0.001,-0.0367,-0.0091,0.0054,-0.0153,-0.0058,-0.074,-0.0208,-0.083,-0.0685,-0.0146,-0.0613,-0.031,-0.0941,-0.0907,0.0454,-0.008,-0.0139,-0.0042,0.0143,-0.0307,-0.014,TRUE,TRUE
DTC_R_67,LanSi,1,CW_01,A,2026-03-28 13:41:03+08:00,ONLINE,FALSE,,CW_1_01,PASS,,,51.1427466,_2026032813410386001,T20260328134103,DESKTOP-P2DUL42,Loma,1,CW_1_01,1,paul di,2024.0718.155524,V20260126.2,CW_DTCL_DTCR_STC,T20260328134155,51.1427466,TRUE,TRUE,TRUE,TRUE,TRUE,TRUE,TRUE,4S2RND2HBL0DP6,v1.0.1,2025_12_22,315.3258,316.8409,475.6316,297.1353,295.8836,148.6301,149.4899,336.6309,336.0196,486.4575,-5.0299,-2.361,-0.0001,0,-0.2218,1.5552,-0.2183,1.5489,0.666,153.8506,150.9316,151.2803,153.7549,152.4543,0.86,0.7727,0.8524,0.7894,0.7727,0.8173,0.7319,0.8009,0.7732,0.7319,0.8271,0.809,0.7931,0.8239,0.716,0.7107,0.7885,0.7883,0.7107,0.8419,0.792,0.8142,0.98,0.792,0.84,0.7602,0.7599,0.8241,0.7964,0.7573,0.8451,0.8499,0.7573,0,0,0,0,0,v1.0.1,2025_12_22,315.2899,316.7174,476.7464,297.029,295.6174,147.6242,148.2808,336.9247,336.0784,487.5229,-5.0974,-2.3364,-0.0001,0,-0.2208,1.5545,-0.2199,1.5492,0.6657,161.5654,153.834,163.002,164.7373,160.7847,0.702,0.6549,0.7063,0.6899,0.6549,0.6749,0.6271,0.6644,0.6613,0.6271,0.6604,0.6606,0.65,0.6621,0.6118,0.6317,0.6125,0.6393,0.6118,0.6673,0.6592,0.6589,0.2219,0.2219,0.6485,0.6619,0.6399,0.6724,0.6418,0.6433,0.6381,0.6844,0.6381,0,0,0,0,0,v1.0.1,2025_12_22,317.7075,328.1132,442.4159,313.2389,303.0873,196.4762,188.8583,342.252,332.3193,457.2269,-2.6223,7.9614,0,0.0001,-0.2182,1.5597,-0.2088,1.5576,0.6726,175.5645,174.9473,175.6445,176.7783,175.7336,0.811,0.6248,0.8193,0.6486,0.6248,0.7766,0.6009,0.7675,0.6923,0.6009,0.785,0.7696,0.7515,0.7557,0.7515,0.7481,0.6613,0.7279,0,0.6613,0,0,0,0,0,v1.0.1,2025_12_22,317.5962,328.0481,443.2342,313.1261,303,195.7886,188.0887,342.371,332.2881,458.0932,-2.6586,7.9854,0,0.0001,-0.2177,1.5604,-0.2096,1.5578,0.6727,146.6924,139.3789,141.7246,144.8955,143.1729,0.6617,0.546,0.6812,0.5895,0.546,0.6321,0.5342,0.6538,0.5847,0.5342,0.6428,0.6397,0.621,0.6294,0.621,0.5919,0.5371,0.5777,0.4214,0.4214,0,0,0,0,0,-0.0095,-0.1144,-0.0308,-0.0875,-0.0968,-0.0084,-0.0701,-0.0066,-0.0684,-0.0701,0.0259,-0.0107,-0.0276,0.0072,-0.0902,-0.1042,-0.0098,-0.0445,-0.0094,0.0076,-0.0071,-0.0601,-0.0044,-0.0288,-0.0542,-0.0081,-0.0249,-0.0067,-0.0197,-0.0249,0.0428,0.006,-0.0073,-0.0125,-0.0274,-0.046,-0.0225,0.0007,-0.0207,-0.0028,0.0063,-0.2017,-0.0018,-0.1735,-0.1799,0.0076,-0.1576,-0.0121,-0.0973,-0.1576,0.0189,0.008,-0.0084,0.0125,0.0024,-0.0145,-0.0091,-0.1303,0.0068,-0.0966,-0.1248,-0.0164,-0.1091,0.0063,-0.062,-0.1091,0.0411,-0.0037,-0.0089,0.0033,0.0193,-0.012,-0.0167,TRUE,TRUE
DTC_L_67,LanSi,1,CW_01,C,2026-03-28 13:41:03+08:00,ONLINE,FALSE,,CW_1_01,PASS,,,51.2674133,_2026032813410374002,T20260328134103,DESKTOP-P2DUL42,Loma,1,CW_1_01,2,paul di,2024.0718.155524,V20260126.2,CW_DTCL_DTCR_STC,T20260328134155,51.2674133,TRUE,TRUE,TRUE,TRUE,TRUE,TRUE,TRUE,4S2RND2HBL06DS,v1.0.1,2025_12_22,314.0882,322.5,474.2222,302,294.94,151.1133,148.4276,342.3618,333.5,489.0746,-6.4644,1.91,-0.0001,0,-0.2268,1.559,-0.2188,1.5543,0.6669,155.1475,150.6387,148.6084,154.2568,152.1628,0.8296,0.8021,0.838,0.7923,0.7923,0.7799,0.7697,0.808,0.7509,0.7509,0.8035,0.8137,0.8181,0.7672,0.7447,0.7353,0.7942,0.7083,0.7083,0.822,0.98,0.8287,0.8461,0.822,0.8513,0.7619,0.7492,0.8293,0.8379,0.8276,0.7943,0.7686,0.7492,0,0,0,0,0,v1.0.1,2025_12_22,314.1957,322.587,475.3897,301.9632,294.8105,150.1961,147.3533,342.4667,333.7194,490.2374,-6.4063,1.9901,-0.0001,0,-0.2267,1.5583,-0.2181,1.5543,0.667,163.0088,158.1807,164.2158,163.6738,162.2698,0.6886,0.6786,0.6953,0.6944,0.6786,0.6586,0.6356,0.6538,0.6611,0.6356,0.6592,0.6488,0.6542,0.6313,0.6263,0.6466,0.6507,0.6214,0.6214,0.6676,0.4801,0.689,0.6801,0.4801,0.6522,0.6508,0.6325,0.6632,0.6748,0.6809,0.6696,0.6409,0.6325,0,0,0,0,0,v1.0.1,2025_12_22,313.0952,314.7238,438,300.5,299.1864,183.7712,184.7333,329.425,327.1207,445.3103,-7.0729,-4.7539,-0.0001,0,-0.2129,1.5645,-0.2135,1.5633,0.6753,175.0557,173.7949,171.4873,174.6055,173.7358,0.7938,0.685,0.8003,0.6773,0.6773,0.7568,0.6582,0.7627,0.6708,0.6582,0.7778,0.7657,0.7645,0.7055,0.7055,0.7439,0,0.7357,0.7349,0.7349,0,0,0,0,0,v1.0.1,2025_12_22,313.0849,314.6698,438.7928,300.3784,299.0672,182.9496,183.9512,329.4878,327.1765,446.1765,-7.0855,-4.7676,-0.0001,0,-0.2127,1.5643,-0.2137,1.5635,0.6753,148.9492,143.5908,142.9238,146.5684,145.5081,0.6577,0.5744,0.6716,0.6009,0.5744,0.6231,0.5702,0.6231,0.5771,0.5702,0.6376,0.6369,0.6355,0.6165,0.6165,0.5868,0.5032,0.5909,0.5792,0.5032,0,0,0,0,0,0.0029,-0.0562,0.0061,-0.0293,-0.0293,-0.011,-0.064,0.0062,-0.0328,-0.0328,0.0022,-0.0002,-0.0009,-0.0017,-0.0807,-0.0859,-0.0083,-0.0461,0.0038,0.012,0.0147,-0.0295,-0.0019,-0.0122,0.0047,-0.0062,-0.0366,-0.0108,-0.0098,-0.029,0.0152,-0.0061,-0.009,-0.0052,-0.043,-0.0186,0.002,0.0043,-0.0199,0.0161,-0.0009,-0.1355,-0.0052,-0.1206,-0.1174,0.0073,-0.1343,0.0014,-0.0813,-0.0913,-0.0102,0.0099,0.0069,0.0116,-0.0037,0.0019,-0.0042,-0.099,-0.007,-0.0904,-0.0875,-0.0003,-0.0823,0.0035,-0.0622,-0.0494,-0.0027,0.0078,-0.0065,0.0181,0.0181,-0.0182,-0.0009,TRUE,TRUE
DTC_L_68,LanSi,1,CW_01,A,2026-03-28 13:43:59+08:00,ONLINE,FALSE,,CW_1_01,PASS,,,51.525893,_2026032813435920602,T20260328134359,DESKTOP-P2DUL42,Loma,1,CW_1_01,2,paul di,2024.0718.155524,V20260126.2,CW_DTCL_DTCR_STC,T20260328134450,51.525893,TRUE,TRUE,TRUE,TRUE,TRUE,TRUE,TRUE,4S2RND2HBL06DS,v1.0.1,2025_12_22,314.0963,323.4519,474.4318,302.9545,294.9408,152.4342,148.5,343.4133,333.3592,490.338,-6.4344,3.0184,-0.0001,0,-0.2266,1.5587,-0.2194,1.5554,0.667,156.6016,151.6621,150.0537,155.5654,153.4707,0.8237,0.7814,0.8006,0.7709,0.7709,0.7776,0.7375,0.7941,0.7475,0.7375,0.8099,0.7991,0.7532,0.7322,0.7565,0.7079,0.6822,0.7098,0.6822,0.8195,0.6827,0.7799,0.686,0.6827,0.8478,0.7464,0.7487,0.8204,0.7357,0.6755,0.7481,0.7564,0.6755,0,0,0,0,0,v1.0.1,2025_12_22,314.1655,323.3813,475.5639,302.9173,294.9073,151.4636,147.4408,343.5592,333.5972,491.3958,-6.3651,3.0434,-0.0001,0,-0.2256,1.5587,-0.2199,1.5551,0.6671,162.251,157.7734,163.7422,162.6934,161.615,0.6834,0.6762,0.6963,0.6783,0.6762,0.6532,0.63,0.6562,0.6529,0.63,0.6429,0.6518,0.6311,0.613,0.6266,0.6175,0.5731,0.6151,0.5731,0.6731,0.5187,0.6727,0.6494,0.5187,0.6724,0.6445,0.6272,0.6754,0.668,0.6309,0.6608,0.6258,0.6258,0,0,0,0,0,v1.0.1,2025_12_22,313,315.6038,437.9817,301.367,299.1917,184.875,184.6098,330.3902,327.0783,446.2783,-7.1277,-3.7971,-0.0001,0,-0.2129,1.565,-0.2141,1.563,0.6752,176.7002,175.0635,172.9648,175.7666,175.1238,0.7877,0.6626,0.7875,0.6609,0.6609,0.7524,0.6429,0.7567,0.6686,0.6429,0.7778,0.7677,0.719,0.6798,0.6798,0.7301,0,0.6851,0.6185,0.6185,0,0,0,0,0,v1.0.1,2025_12_22,313,315.6038,438.8496,301.1947,299,184.1026,183.7769,330.3388,327,447.1026,-7.1747,-3.8315,-0.0001,0,-0.2135,1.5642,-0.213,1.5642,0.6755,148.3447,143.3926,142.917,145.8457,145.125,0.6631,0.5779,0.6754,0.5964,0.5779,0.6168,0.5431,0.6249,0.5867,0.5431,0.6339,0.6358,0.6398,0.6187,0.6187,0.5885,0.5106,0.5789,0.5635,0.5106,0,0,0,0,0,-0.003,-0.0769,-0.0313,-0.0507,-0.0507,-0.0133,-0.0962,-0.0077,-0.0362,-0.0462,0.0086,-0.0148,-0.0658,-0.0367,-0.0689,-0.1133,-0.1203,-0.0446,0.0013,-0.0368,0.0095,-0.0319,-0.0009,-0.0283,0.0023,-0.0116,-0.0422,-0.0084,-0.018,-0.0346,-0.0011,-0.0031,-0.0321,-0.0235,-0.0427,-0.0477,-0.0756,-0.002,-0.0144,-0.0002,-0.007,-0.1579,-0.018,-0.137,-0.1338,0.0029,-0.1496,-0.0046,-0.0835,-0.1066,-0.0102,0.0119,-0.0386,-0.0141,-0.0175,-0.0487,0.0012,-0.0955,-0.0032,-0.0949,-0.084,-0.0066,-0.1094,0.0053,-0.0526,-0.0765,-0.0064,0.0067,-0.0022,0.0203,0.0203,-0.0165,-0.0129,TRUE,TRUE
DTC_R_68,LanSi,1,CW_01,B,2026-03-28 13:43:59+08:00,ONLINE,FALSE,,CW_1_01,FAIL,SFR_VIS_25cm_Ny4_08F_ROI19;SFR_VIS_25cm_Ny4_03F_ROI8_Dev,sfr_25Algo,51.7283519,_2026032813435902101,T20260328134359,DESKTOP-P2DUL42,Loma,1,CW_1_01,1,paul di,2024.0718.155524,V20260126.2,CW_DTCL_DTCR_STC,T20260328134450,51.7283519,TRUE,TRUE,TRUE,TRUE,TRUE,TRUE,TRUE,4S2RND2HBL0DP6,v1.0.1,2025_12_22,315.1022,317.5474,474.9343,297.8467,295.5238,148.1361,149.42,338.2133,335.2958,485.6268,-5.4448,-2.0259,-0.0001,0,-0.2221,1.5552,-0.2236,1.5507,0.6651,153.9365,149.4131,150.0332,153.6641,151.7617,0.803,0.7739,0.818,0.7733,0.7733,0.8127,0.7429,0.7699,0.7139,0.7139,0.8004,0.7933,0.7378,0.8036,0.7494,0.743,0.7058,0.7388,0.7058,0.8159,0.7948,0.6551,0.3109,0.3109,0.8408,0.7536,0.7587,0.7734,0.7552,0.7546,0.771,0.8366,0.7536,0,0,0,0,0,v1.0.1,2025_12_22,315.0797,317.5507,475.9366,297.662,295.2365,147.0743,148.277,338.2027,335.4722,486.5486,-5.4996,-2.0923,-0.0001,0,-0.2225,1.5544,-0.2227,1.5502,0.6649,163.0635,156.8896,166.2471,165.7764,162.9941,0.6816,0.675,0.6921,0.6826,0.675,0.6712,0.6582,0.6437,0.6324,0.6324,0.6524,0.6394,0.6378,0.6571,0.6334,0.6476,0.5921,0.6284,0.5921,0.6761,0.6415,0.6208,0.4064,0.4064,0.6669,0.6528,0.6565,0.6591,0.6521,0.6772,0.6442,0.6834,0.6442,0,0,0,0,0,v1.0.1,2025_12_22,317.233,329,441.7706,313.9083,302.704,196.192,188.6891,343.4538,331.7909,457.6545,-3.0625,8.5417,0,0.0001,-0.2201,1.5613,-0.2115,1.5576,0.6718,175.3896,172.8877,174.2383,176.6846,174.8,0.7609,0.6619,0.7621,0.6597,0.6597,0.7577,0.6255,0.705,0.6051,0.6051,0.7582,0.7623,0.7149,0.7185,0.7149,0.7162,0.6344,0.615,0,0.615,0,0,0,0,0,v1.0.1,2025_12_22,317.2885,329,442.7321,313.7321,302.7377,195.4262,187.825,343.5667,331.8142,458.5487,-3.0205,8.5547,0,0.0001,-0.2206,1.5618,-0.2115,1.5586,0.6721,147.8525,141.7861,144.2734,145.6885,144.9001,0.6591,0.5855,0.6711,0.5905,0.5855,0.6356,0.5714,0.6302,0.5499,0.5499,0.6265,0.6438,0.6241,0.6242,0.6241,0.581,0.529,0.546,0.5065,0.5065,0,0,0,0,0,-0.0665,-0.1132,-0.0652,-0.1036,-0.0962,-0.013,-0.0591,-0.0376,-0.1277,-0.0881,-0.0008,-0.0264,-0.0829,-0.0131,-0.0568,-0.0719,-0.0925,-0.094,-0.0354,-0.1515,-0.0275,-0.04,-0.0186,-0.0361,-0.0341,-0.0118,0.0062,-0.0274,-0.0486,-0.0196,0.0348,-0.0152,-0.0195,-0.0175,-0.0058,-0.0301,-0.0429,-0.0102,-0.0119,-0.0409,-0.0438,-0.1646,-0.059,-0.1624,-0.145,-0.0113,-0.133,-0.0746,-0.1845,-0.1534,-0.0079,0.0007,-0.045,-0.0247,-0.0295,-0.1274,-0.0117,-0.0908,-0.0033,-0.0956,-0.0853,-0.0129,-0.0719,-0.0173,-0.0968,-0.0934,0.0248,0.0004,-0.0058,-0.0019,0.0224,-0.0229,-0.0484,TRUE,TRUE
DTC_R_69,LanSi,1,CW_01,C,2026-03-28 13:45:43+08:00,ONLINE,FALSE,,CW_1_01,PASS,,,51.6069471,_2026032813454342501,T20260328134543,DESKTOP-P2DUL42,Loma,1,CW_1_01,1,paul di,2024.0718.155524,V20260126.2,CW_DTCL_DTCR_STC,T20260328134635,51.6069471,TRUE,TRUE,TRUE,TRUE,TRUE,TRUE,TRUE,4S2RND2HBL0DP6,v1.0.1,2025_12_22,315.0657,316.8467,474.7778,296.8667,295.4558,147.4014,149.3154,336.8658,335.2958,484.3732,-5.5179,-3.0292,-0.0001,0,-0.2239,1.5551,-0.2197,1.5501,0.6654,152.4434,149.7988,150.2842,153.5723,151.5247,0.8649,0.8154,0.8427,0.8235,0.8154,0.805,0.7552,0.7903,0.7466,0.7466,0.8199,0.8188,0.7986,0.8222,0.7529,0.7417,0.7303,0.6925,0.6925,0.8182,0.8175,0.8,0.98,0.8,0.8451,0.7912,0.755,0.8106,0.8174,0.8484,0.7717,0.8559,0.755,0,0,0,0,0,v1.0.1,2025_12_22,315.0786,316.8143,475.8478,296.7609,295.2148,146.3289,148.1712,337.0822,335.4552,485.4069,-5.5465,-3.0214,-0.0001,0,-0.2236,1.5543,-0.2203,1.55,0.6651,161.8457,156.4541,165.9951,165.0078,162.3257,0.7011,0.6862,0.6983,0.6986,0.6862,0.6672,0.6364,0.6574,0.6456,0.6364,0.6549,0.6401,0.6454,0.6566,0.6425,0.6329,0.6083,0.6002,0.6002,0.6791,0.6768,0.6686,0.2137,0.2137,0.6518,0.6617,0.6458,0.6707,0.6932,0.6467,0.6422,0.6735,0.6422,0,0,0,0,0,v1.0.1,2025_12_22,317.1905,328.0952,441.6789,312.8624,302.754,195.5317,188.5583,342.4167,331.6875,456.3482,-3.1262,7.5509,0,0.0001,-0.2212,1.5618,-0.2104,1.5577,0.672,174.1504,173.5605,174.9629,176.6426,174.8291,0.7976,0.6976,0.7977,0.6938,0.6938,0.7495,0.6746,0.7644,0.6276,0.6276,0.7664,0.7453,0.7468,0.7316,0.7316,0.7349,0.6935,0.7004,0,0.6935,0,0,0,0,0,v1.0.1,2025_12_22,317.1429,328.1905,442.5364,312.9091,302.6098,194.813,187.6341,342.5691,331.8636,457.2636,-3.1426,7.6491,0,0.0001,-0.2208,1.5617,-0.2101,1.5567,0.6719,146.5811,141.6367,144.4395,145.709,144.5916,0.6613,0.5926,0.6736,0.6224,0.5926,0.6405,0.5947,0.6462,0.5633,0.5633,0.6221,0.6364,0.6228,0.628,0.6221,0.5884,0.5639,0.5667,0.3957,0.3957,0,0,0,0,0,-0.0046,-0.0717,-0.0405,-0.0534,-0.0541,-0.0207,-0.0468,-0.0172,-0.095,-0.0554,0.0187,-0.0009,-0.0221,0.0055,-0.0533,-0.0732,-0.068,-0.1403,-0.0331,-0.0066,-0.008,-0.0288,-0.0124,-0.0201,-0.0229,-0.0158,-0.0156,-0.0137,-0.0354,-0.0156,0.0373,-0.0145,-0.0119,-0.018,0.0033,-0.0448,-0.0267,-0.0384,-0.0089,0.0069,-0.0071,-0.1289,-0.0234,-0.1283,-0.1109,-0.0195,-0.0839,-0.0152,-0.162,-0.1309,0.0003,-0.0163,-0.0131,-0.0116,-0.0108,-0.042,-0.0095,-0.0837,-0.0008,-0.0637,-0.0782,-0.008,-0.0486,-0.0013,-0.0834,-0.08,0.0204,-0.007,-0.0071,0.0019,0.0204,-0.0155,-0.0277,TRUE,TRUE
DTC_L_69,LanSi,1,CW_01,B,2026-03-28 13:45:43+08:00,ONLINE,FALSE,,CW_1_01,PASS,,,52.0527551,_2026032813454323902,T20260328134543,DESKTOP-P2DUL42,Loma,1,CW_1_01,2,paul di,2024.0718.155524,V20260126.2,CW_DTCL_DTCR_STC,T20260328134635,52.0527551,TRUE,TRUE,TRUE,TRUE,TRUE,TRUE,TRUE,4S2RND2HBL06DS,v1.0.1,2025_12_22,315.3985,320.9173,475.8478,299.5725,296.281,148.9869,150.0133,340.56,334.8015,487.1765,-5.0316,-0.0574,-0.0001,0,-0.2317,1.5595,-0.2177,1.5541,0.6661,154.6807,150.5293,149.0156,154.6602,152.2214,0.8218,0.814,0.8421,0.793,0.793,0.7939,0.7611,0.8024,0.7538,0.7538,0.8245,0.819,0.8122,0.765,0.7235,0.7277,0.746,0.7204,0.7204,0.8196,0.5046,0.8186,0.7906,0.5046,0.8404,0.7089,0.6904,0.8401,0.8131,0.775,0.7828,0.7819,0.6904,0,0,0,0,0,v1.0.1,2025_12_22,315.3235,320.9632,476.958,299.3916,296.1149,148.0338,148.9184,340.8503,334.9507,488.2042,-5.0469,-0.0114,-0.0001,0,-0.2322,1.5597,-0.2184,1.5535,0.6656,162.5391,158.2041,164.041,163.749,162.1333,0.6755,0.6888,0.6872,0.6963,0.6755,0.6606,0.6397,0.646,0.6533,0.6397,0.6493,0.6695,0.6594,0.6335,0.6103,0.6254,0.6264,0.6046,0.6046,0.6905,0.514,0.6764,0.6676,0.514,0.6491,0.6183,0.5797,0.6637,0.6681,0.6508,0.6861,0.6394,0.5797,0,0,0,0,0,v1.0.1,2025_12_22,314.1226,313.2264,439.3333,298.3333,300.5,181.5,186.0738,327.6803,328.1271,443.8305,-5.8686,-6.5859,-0.0001,-0.0001,-0.2179,1.5672,-0.2119,1.5635,0.6752,174.9697,174.0264,171.9082,174.8184,173.9307,0.7967,0.7076,0.7998,0.692,0.692,0.7446,0.6481,0.7647,0.6545,0.6481,0.7762,0.752,0.7549,0.6994,0.6994,0.7341,0,0.7269,0.6431,0.6431,0,0,0,0,0,v1.0.1,2025_12_22,314.0865,313.2212,440.2301,298.2301,300.3306,180.8468,185.1092,327.8739,328.3103,444.5,-5.8866,-6.5656,-0.0001,-0.0001,-0.2178,1.5667,-0.2126,1.5624,0.6747,148.6406,143.8574,142.7227,146.7002,145.4802,0.6579,0.5953,0.6608,0.621,0.5953,0.6263,0.5553,0.6267,0.5721,0.5553,0.6294,0.6146,0.6383,0.6017,0.6017,0.5973,0.4834,0.5906,0.5382,0.4834,0,0,0,0,0,-0.0049,-0.0443,0.0102,-0.0286,-0.0286,0.003,-0.0726,0.0006,-0.0299,-0.0299,0.0232,0.0051,-0.0068,-0.0039,-0.1019,-0.0935,-0.0565,-0.034,0.0014,0.0019,0.0016,-0.0193,-0.01,-0.0103,0.0016,-0.0042,-0.0325,-0.0186,-0.0176,-0.0249,0.0053,0.0146,-0.0038,-0.003,-0.059,-0.0398,-0.0223,-0.0125,0.003,0.0035,0.002,-0.1129,-0.0057,-0.1059,-0.1027,-0.0049,-0.1444,0.0034,-0.0976,-0.1014,-0.0118,-0.0038,-0.0027,0.0055,-0.0135,-0.0069,-0.004,-0.0781,-0.0178,-0.0703,-0.0666,0.0029,-0.0972,0.0071,-0.0672,-0.0643,-0.0109,-0.0145,-0.0037,0.0033,0.0033,-0.0077,-0.0012,TRUE,TRUE
DTC_R_70,LanSi,1,CW_01,A,2026-03-28 13:48:12+08:00,ONLINE,FALSE,,CW_1_01,PASS,,,51.785039,_2026032813481227101,T20260328134812,DESKTOP-P2DUL42,Loma,1,CW_1_01,1,paul di,2024.0718.155524,V20260126.2,CW_DTCL_DTCR_STC,T20260328134904,51.785039,TRUE,TRUE,TRUE,TRUE,TRUE,TRUE,TRUE,4S2RND2HBL0DP6,v1.0.1,2025_12_22,315.3556,317,475.6957,297.5,295.8639,148.6735,149.6486,336.9324,336.0331,486.3841,-4.9806,-2.202,0,0,-0.2205,1.555,-0.2192,1.5488,0.666,154.2422,150.7734,151.3984,154.3154,152.6824,0.8548,0.7672,0.856,0.7589,0.7589,0.8212,0.7625,0.8042,0.7833,0.7625,0.8205,0.8192,0.7882,0.816,0.6966,0.7051,0.7905,0.7973,0.6966,0.8303,0.817,0.7961,0.98,0.7961,0.8215,0.773,0.766,0.822,0.788,0.7417,0.8443,0.8513,0.7417,0,0,0,0,0,v1.0.1,2025_12_22,315.2847,316.9343,476.8309,297.2353,295.6174,147.6242,148.4122,337,336.1316,487.3882,-5.0447,-2.2636,-0.0001,0,-0.2208,1.5546,-0.2192,1.5486,0.6658,161.2109,154.4795,163.6377,164.3252,160.9133,0.7007,0.6495,0.7131,0.6678,0.6495,0.6818,0.6474,0.6727,0.6597,0.6474,0.6471,0.648,0.641,0.6566,0.6125,0.6286,0.6226,0.6338,0.6125,0.681,0.6612,0.6535,0.2855,0.2855,0.6473,0.6482,0.6526,0.6672,0.6339,0.6585,0.6497,0.6709,0.6339,0,0,0,0,0,v1.0.1,2025_12_22,317.713,328.3241,442.4522,313.4261,303.2381,196.6667,188.9758,342.4677,332.3304,457.3739,-2.5581,8.1517,0,0.0001,-0.2184,1.5608,-0.2089,1.5575,0.6728,174.8398,173.584,174.3447,175.9141,174.6707,0.8005,0.6499,0.816,0.6287,0.6287,0.764,0.5796,0.7612,0.6887,0.5796,0.7684,0.7668,0.7403,0.7545,0.7403,0.7432,0.6689,0.733,0,0.6689,0,0,0,0,0,v1.0.1,2025_12_22,317.6916,328.3738,443.2432,313.3153,303,196,188,342.5,332.3277,458.1261,-2.6475,8.163,0,0.0001,-0.2189,1.5597,-0.208,1.558,0.6727,146.5381,140.1025,142.375,144.7109,143.4316,0.6582,0.5602,0.6703,0.5724,0.5602,0.6363,0.5194,0.6448,0.5945,0.5194,0.636,0.6331,0.6295,0.6331,0.6295,0.5822,0.5594,0.5869,0.4129,0.4129,0,0,0,0,0,-0.0147,-0.1199,-0.0272,-0.118,-0.1106,-0.0045,-0.0395,-0.0033,-0.0583,-0.0395,0.0193,-0.0005,-0.0325,-0.0007,-0.1096,-0.1098,-0.0078,-0.0355,-0.021,-0.0105,-0.0084,-0.0655,0.0024,-0.0509,-0.0596,-0.0012,-0.0046,0.0016,-0.0213,-0.0046,0.0295,-0.0066,-0.0163,-0.018,-0.0267,-0.0491,-0.0124,-0.0048,-0.007,-0.0082,-0.0042,-0.1766,-0.0051,-0.1934,-0.176,-0.005,-0.1789,-0.0184,-0.1009,-0.1789,0.0023,0.0052,-0.0196,0.0113,-0.0025,-0.0094,-0.0126,-0.1161,-0.0041,-0.1137,-0.1106,-0.0122,-0.1239,-0.0027,-0.0522,-0.1239,0.0343,-0.0103,-0.0004,0.007,0.0278,-0.0217,-0.0075,TRUE,TRUE
DTC_L_70,LanSi,1,CW_01,C,2026-03-28 13:48:12+08:00,ONLINE,FALSE,,CW_1_01,PASS,,,51.6563827,_2026032813481239802,T20260328134812,DESKTOP-P2DUL42,Loma,1,CW_1_01,2,paul di,2024.0718.155524,V20260126.2,CW_DTCL_DTCR_STC,T20260328134904,51.6563827,TRUE,TRUE,TRUE,TRUE,TRUE,TRUE,TRUE,4S2RND2HBL06DS,v1.0.1,2025_12_22,314.1029,323.9118,474.3261,303.5942,294.9007,153.3245,148.2857,343.8776,333.5,490.0746,-6.4769,3.4565,-0.0001,0,-0.2256,1.5582,-0.2193,1.5541,0.6668,154.8223,150.2168,147.3926,149.1279,150.3899,0.817,0.7916,0.8414,0.7801,0.7801,0.7542,0.7512,0.8024,0.7537,0.7512,0.8148,0.8128,0.8104,0.7674,0.7068,0.7178,0.7534,0.7048,0.7048,0.8242,0.98,0.8322,0.8337,0.8242,0.8124,0.7642,0.7961,0.8446,0.8466,0.8361,0.7744,0.7913,0.7642,0,0,0,0,0,v1.0.1,2025_12_22,314.1439,323.9281,475.4965,303.4326,294.7933,152.22,147.0479,344,333.6739,491.0362,-6.4689,3.4234,-0.0001,0,-0.2258,1.5581,-0.219,1.5539,0.6668,161.8594,157.4014,163.4424,160.2119,160.7288,0.6774,0.6865,0.6881,0.6803,0.6774,0.6385,0.6428,0.6516,0.648,0.6385,0.6537,0.659,0.6596,0.6246,0.6037,0.6198,0.626,0.6134,0.6037,0.6632,0.4941,0.6698,0.6758,0.4941,0.6554,0.6583,0.6554,0.6755,0.6936,0.6862,0.6503,0.6392,0.6392,0,0,0,0,0,v1.0.1,2025_12_22,312.9135,316.2212,437.9174,301.9541,299.0431,185.681,184.541,330.8279,327.0435,446.4696,-7.2083,-3.2692,-0.0001,0,-0.2131,1.5644,-0.2128,1.5622,0.6752,175.7617,174.2725,171.3135,169.7754,172.7808,0.8019,0.6865,0.8147,0.6685,0.6685,0.7203,0.6588,0.7571,0.672,0.6588,0.7827,0.7638,0.774,0.7133,0.7133,0.732,0,0.731,0.733,0.731,0,0,0,0,0,v1.0.1,2025_12_22,312.875,316.0481,438.7699,301.7699,298.9744,184.8034,183.6311,330.9918,327.0256,447.1966,-7.2448,-3.338,-0.0001,0,-0.2124,1.5648,-0.2146,1.5628,0.6751,148.1592,142.9707,142.6914,143.6006,144.3555,0.6499,0.5875,0.6942,0.5989,0.5875,0.6124,0.5717,0.6306,0.5805,0.5717,0.6393,0.6439,0.65,0.6271,0.6271,0.6009,0.5544,0.5888,0.5713,0.5544,0,0,0,0,0,-0.0097,-0.0667,0.0095,-0.0415,-0.0415,-0.0367,-0.0825,0.0006,-0.03,-0.0325,0.0135,-0.0011,-0.0086,-0.0015,-0.1186,-0.1034,-0.0491,-0.0496,0.006,0.0155,0.0035,-0.0216,-0.0091,-0.0263,0.0035,-0.0263,-0.0294,-0.013,-0.0229,-0.0261,0.0097,0.0041,-0.0036,-0.0119,-0.0656,-0.0454,-0.0227,-0.0037,-0.0243,-0.0031,0.0072,-0.134,0.0092,-0.1294,-0.1262,-0.0292,-0.1337,-0.0042,-0.0801,-0.0907,-0.0053,0.008,0.0164,0.0194,-0.0156,-0.0028,-0.012,-0.0859,0.0156,-0.0924,-0.0744,-0.011,-0.0808,0.011,-0.0588,-0.0479,-0.001,0.0148,0.008,0.0287,0.0287,-0.0041,-0.003,TRUE,TRUE
DTC_L_71,LanSi,1,CW_01,A,2026-03-28 13:49:56+08:00,ONLINE,FALSE,,CW_1_01,PASS,,,51.481952,_2026032813495661802,T20260328134956,DESKTOP-P2DUL42,Loma,1,CW_1_01,2,paul di,2024.0718.155524,V20260126.2,CW_DTCL_DTCR_STC,T20260328135048,51.481952,TRUE,TRUE,TRUE,TRUE,TRUE,TRUE,TRUE,4S2RND2HBL06DS,v1.0.1,2025_12_22,315.1544,322.6691,475.5,302,296.1467,152.0267,149.7697,342.5658,334.6963,488.0815,-5.2466,1.9686,-0.0001,0,-0.2277,1.5593,-0.2192,1.5527,0.6663,155.5439,151.2178,149.4668,154.6797,152.7271,0.8185,0.8038,0.8459,0.7889,0.7889,0.7759,0.7668,0.7996,0.7487,0.7487,0.818,0.8001,0.8093,0.765,0.7395,0.7312,0.7538,0.6867,0.6867,0.8231,0.7567,0.8219,0.7761,0.7567,0.8536,0.726,0.7393,0.8429,0.8225,0.7643,0.7628,0.7791,0.726,0,0,0,0,0,v1.0.1,2025_12_22,315.1739,322.6667,476.7391,301.8913,296.1409,151.1678,148.6623,342.7219,334.7664,489.2117,-5.2035,2.0319,-0.0001,0,-0.2274,1.5598,-0.2193,1.5532,0.6666,162.4785,157.9355,163.9648,163.4365,161.9539,0.6644,0.6678,0.6889,0.6933,0.6644,0.6555,0.6336,0.6529,0.6506,0.6336,0.6568,0.6601,0.6615,0.6454,0.6251,0.6347,0.6388,0.6053,0.6053,0.6637,0.5895,0.6918,0.6614,0.5895,0.6566,0.6321,0.5977,0.6662,0.6855,0.6655,0.6541,0.6276,0.5977,0,0,0,0,0,v1.0.1,2025_12_22,314.0388,314.8058,438.955,300.5315,300.3884,184.2893,185.976,329.544,328.0769,444.8291,-6.013,-4.7001,-0.0001,0,-0.2133,1.5661,-0.2141,1.5627,0.6754,175.4062,174.3789,172.459,174.8301,174.2686,0.7809,0.6972,0.8135,0.6767,0.6767,0.7458,0.6665,0.7769,0.6518,0.6518,0.7668,0.7644,0.7605,0.6967,0.6967,0.7277,0,0.718,0.6598,0.6598,0,0,0,0,0,v1.0.1,2025_12_22,314.0481,314.875,439.7168,300.4513,300.359,183.5128,185.1721,329.6557,328.2564,445.641,-5.9895,-4.6728,-0.0001,0,-0.2138,1.5664,-0.2137,1.5621,0.6753,148.6426,143.7861,142.7109,146.4258,145.3914,0.6544,0.5859,0.666,0.6063,0.5859,0.6268,0.5686,0.6277,0.5848,0.5686,0.6392,0.6458,0.6358,0.6211,0.6211,0.5883,0.496,0.5907,0.5497,0.496,0,0,0,0,0,-0.0082,-0.0545,0.014,-0.0327,-0.0327,-0.015,-0.0669,-0.0022,-0.035,-0.035,0.0167,-0.0138,-0.0097,-0.0039,-0.0859,-0.09,-0.0487,-0.0677,0.0049,0.0052,-0.0095,-0.0403,-0.0083,-0.0133,-0.0095,-0.0093,-0.0386,-0.0117,-0.0203,-0.031,0.0128,0.0052,-0.0017,0.0089,-0.0442,-0.0305,-0.0099,-0.0118,-0.0238,0.0189,-0.0138,-0.1233,0.008,-0.1212,-0.118,-0.0037,-0.126,0.0156,-0.1003,-0.0977,-0.0212,0.0086,0.0029,0.0028,-0.0199,-0.0158,-0.0075,-0.0875,-0.0126,-0.085,-0.076,0.0034,-0.0839,0.0081,-0.0545,-0.051,-0.0011,0.0167,-0.0062,0.0227,0.0227,-0.0167,-0.0011,TRUE,TRUE
DTC_R_71,LanSi,1,CW_01,B,2026-03-28 13:49:56+08:00,ONLINE,FALSE,,CW_1_01,PASS,,,51.514864,_2026032813495661801,T20260328134956,DESKTOP-P2DUL42,Loma,1,CW_1_01,1,paul di,2024.0718.155524,V20260126.2,CW_DTCL_DTCR_STC,T20260328135048,51.514864,TRUE,TRUE,TRUE,TRUE,TRUE,TRUE,TRUE,4S2RND2HBL0DP6,v1.0.1,2025_12_22,315.0882,316.5,474.8,296.4143,295.415,147.0272,149.3421,336.6316,335.3239,484.2817,-5.5061,-3.329,-0.0001,0,-0.2246,1.5547,-0.2204,1.5503,0.665,153.6621,149.9355,150.1562,153.4902,151.811,0.8662,0.8644,0.8582,0.8182,0.8182,0.8209,0.7229,0.7883,0.7597,0.7229,0.8341,0.8173,0.8083,0.8118,0.7807,0.76,0.7024,0.7257,0.7024,0.8363,0.8089,0.8106,0.4801,0.4801,0.8343,0.7769,0.793,0.8367,0.8075,0.7878,0.8049,0.851,0.7769,0,0,0,0,0,v1.0.1,2025_12_22,315.0438,316.5182,475.958,296.2517,295.1224,146.0816,148.0952,336.7619,335.4444,485.3611,-5.5672,-3.3051,-0.0001,0,-0.2248,1.5539,-0.2202,1.55,0.6648,162.8896,156.5879,165.9414,165.6816,162.7751,0.7053,0.7132,0.6919,0.6955,0.6919,0.6821,0.6195,0.6671,0.6479,0.6195,0.6435,0.6405,0.6613,0.6551,0.6452,0.6386,0.5854,0.6161,0.5854,0.6807,0.6645,0.6622,0.4221,0.4221,0.644,0.6653,0.6512,0.6711,0.6743,0.6633,0.6568,0.6829,0.644,0,0,0,0,0,v1.0.1,2025_12_22,317.2885,328,441.7321,312.7321,302.8661,195.5276,188.6557,342.1721,331.9273,456.5,-3.006,7.4864,0,0.0001,-0.2216,1.5618,-0.2092,1.5568,0.672,175.1016,173.418,174.4521,176.3809,174.8381,0.8004,0.783,0.8074,0.7106,0.7106,0.7663,0.4877,0.7657,0.6658,0.4877,0.7638,0.7628,0.7499,0.7605,0.7499,0.7386,0.6855,0.7254,0,0.6855,0,0,0,0,0,v1.0.1,2025_12_22,317.3942,328.0288,442.5,312.5965,302.7143,194.8651,187.7459,342.4344,332.0275,457.2661,-3.0236,7.5382,0,0.0001,-0.2222,1.5605,-0.2101,1.5575,0.6714,147.6396,141.6123,144.2969,145.6816,144.8076,0.6569,0.6458,0.6645,0.6211,0.6211,0.637,0.4472,0.6434,0.5711,0.4472,0.6344,0.6334,0.6352,0.6235,0.6235,0.5829,0.5687,0.5787,0.5342,0.5342,0,0,0,0,0,-0.0033,-0.0227,-0.025,-0.0587,-0.0513,-0.0048,-0.0791,-0.0192,-0.0819,-0.0791,0.0329,-0.0024,-0.0124,-0.0049,-0.0255,-0.0549,-0.0959,-0.1071,-0.015,0.004,-0.0038,-0.0018,-0.0188,-0.0232,-0.0172,-0.0009,-0.0325,-0.004,-0.0331,-0.0325,0.0259,-0.0141,0.004,-0.0195,0.006,-0.0391,-0.0496,-0.0225,-0.0073,0.0005,-0.0043,-0.0435,-0.0137,-0.1115,-0.0941,-0.0027,-0.2708,-0.0139,-0.1238,-0.2708,-0.0023,0.0012,-0.01,0.0173,-0.0071,-0.017,-0.0139,-0.0305,-0.0099,-0.065,-0.0497,-0.0115,-0.1961,-0.0041,-0.0756,-0.1961,0.0327,-0.01,0.0053,-0.0026,0.0218,-0.021,-0.0157,TRUE,TRUE
DTC_L_72,LanSi,1,CW_01,B,2026-03-28 13:51:53+08:00,ONLINE,FALSE,,CW_1_01,PASS,,,51.6301207,_2026032813515374602,T20260328135153,DESKTOP-P2DUL42,Loma,1,CW_1_01,2,paul di,2024.0718.155524,V20260126.2,CW_DTCL_DTCR_STC,T20260328135245,51.6301207,TRUE,TRUE,TRUE,TRUE,TRUE,TRUE,TRUE,4S2RND2HBL06DS,v1.0.1,2025_12_22,314.1691,323.2353,474.2296,302.9333,294.906,152.3289,148.3377,343.2781,333.5857,489.5214,-6.4543,2.7594,-0.0001,0,-0.2256,1.558,-0.2198,1.554,0.6667,155.877,151.8828,149.9531,154.9492,153.1655,0.8275,0.8001,0.8065,0.789,0.789,0.7737,0.7673,0.8045,0.7575,0.7575,0.8122,0.8132,0.8027,0.7741,0.7545,0.7304,0.7625,0.687,0.687,0.823,0.98,0.8322,0.8362,0.823,0.8447,0.8002,0.7779,0.8162,0.8411,0.8278,0.7769,0.7748,0.7748,0,0,0,0,0,v1.0.1,2025_12_22,314.1583,323.2878,475.4662,302.9173,294.88,151.3667,147.245,343.3907,333.773,490.5461,-6.3955,2.8017,-0.0001,0,-0.2251,1.5586,-0.2193,1.5535,0.6669,162.1914,157.9453,163.8486,163.127,161.7781,0.6789,0.6851,0.6705,0.6986,0.6705,0.66,0.6467,0.6684,0.6479,0.6467,0.6521,0.6578,0.6549,0.6346,0.6229,0.6461,0.6467,0.6159,0.6159,0.6758,0.3916,0.6684,0.6821,0.3916,0.6695,0.6735,0.6393,0.6652,0.682,0.6911,0.669,0.6343,0.6343,0,0,0,0,0,v1.0.1,2025_12_22,313,315.6038,437.8393,301.3661,299.0431,184.8707,184.6311,330.3443,327.0431,445.8707,-7.1887,-3.8889,-0.0001,0,-0.213,1.5639,-0.2138,1.5629,0.675,175.918,175.2559,172.9326,175.2559,174.8406,0.7928,0.6875,0.77,0.6826,0.6826,0.7496,0.6668,0.7652,0.6639,0.6639,0.7707,0.7674,0.7675,0.7015,0.7015,0.7406,0,0.7321,0.7192,0.7192,0,0,0,0,0,v1.0.1,2025_12_22,312.9813,315.5514,438.5929,301.292,298.9661,183.9576,183.5378,330.3697,327.087,446.7217,-7.267,-3.9215,-0.0001,0,-0.2125,1.5642,-0.2135,1.5632,0.6753,148.6875,143.6904,143.1328,146.2285,145.4348,0.6575,0.5981,0.6374,0.5972,0.5972,0.6289,0.5806,0.6291,0.5819,0.5806,0.6135,0.6319,0.6441,0.6101,0.6101,0.5813,0.5041,0.5819,0.5837,0.5041,0,0,0,0,0,0.0008,-0.0582,-0.0254,-0.0326,-0.0326,-0.0172,-0.0664,0.0027,-0.0262,-0.0262,0.0109,-0.0007,-0.0163,0.0052,-0.0709,-0.0908,-0.04,-0.0674,0.0048,0.0155,0.005,-0.023,-0.0267,-0.008,-0.0034,-0.0048,-0.0255,0.0038,-0.023,-0.0179,0.0081,0.0029,-0.0083,-0.0019,-0.0464,-0.0191,-0.002,-0.0012,-0.0117,-0.0045,-0.0019,-0.133,-0.0355,-0.1153,-0.1121,0.0001,-0.1257,0.0039,-0.0882,-0.0856,-0.0173,0.0116,0.0099,0.0076,-0.007,-0.0017,-0.0044,-0.0753,-0.0412,-0.0941,-0.0647,0.0055,-0.0719,0.0095,-0.0574,-0.039,-0.0268,0.0028,0.0021,0.0117,0.0117,-0.0237,-0.0099,TRUE,TRUE
DTC_R_72,LanSi,1,CW_01,C,2026-03-28 13:51:53+08:00,ONLINE,FALSE,,CW_1_01,PASS,,,51.8096413,_2026032813515357601,T20260328135153,DESKTOP-P2DUL42,Loma,1,CW_1_01,1,paul di,2024.0718.155524,V20260126.2,CW_DTCL_DTCR_STC,T20260328135245,51.8096413,TRUE,TRUE,TRUE,TRUE,TRUE,TRUE,TRUE,4S2RND2HBL0DP6,v1.0.1,2025_12_22,315.0657,316.8467,474.7778,296.8667,295.3826,147.3758,149.349,336.9396,335.35,484.3357,-5.515,-3.0271,-0.0001,0,-0.2239,1.5547,-0.2201,1.5498,0.6651,153.6514,150.8438,151.0039,153.8613,152.3401,0.8588,0.8286,0.8619,0.8099,0.8099,0.8193,0.763,0.8011,0.7624,0.7624,0.8211,0.8156,0.7982,0.8033,0.7642,0.7428,0.7103,0.7065,0.7065,0.8395,0.8163,0.8122,0.98,0.8122,0.8379,0.7759,0.7726,0.8254,0.8319,0.8147,0.7495,0.8381,0.7495,0,0,0,0,0,v1.0.1,2025_12_22,315.0429,316.8929,475.8309,296.7647,295.2148,146.3289,148.1208,337.047,335.589,485.4041,-5.5403,-3.0125,-0.0001,0,-0.224,1.5545,-0.2196,1.549,0.665,162.6143,155.5488,164.8545,165.4854,162.1257,0.6966,0.6912,0.7098,0.6897,0.6897,0.6779,0.6472,0.6611,0.6575,0.6472,0.6518,0.648,0.6431,0.6685,0.6533,0.6285,0.6022,0.6015,0.6015,0.6727,0.6733,0.6671,0.382,0.382,0.6546,0.6471,0.6389,0.6698,0.6628,0.6434,0.6395,0.6892,0.6389,0,0,0,0,0,v1.0.1,2025_12_22,317.1574,328.25,441.5135,313.1171,302.6694,195.6855,188.5583,342.4917,331.8053,456.4248,-3.1592,7.6938,0,0.0001,-0.2206,1.5614,-0.2098,1.5565,0.6719,175.4473,174.6084,175.085,176.5654,175.4265,0.7932,0.7149,0.8118,0.6928,0.6928,0.7593,0.6531,0.7697,0.6607,0.6531,0.7745,0.7643,0.7464,0.741,0.741,0.734,0.6862,0.7183,0,0.6862,0,0,0,0,0,v1.0.1,2025_12_22,317.0849,328.3302,442.3761,313.0642,302.5197,194.9528,187.7317,342.5854,331.955,457.3874,-3.1665,7.764,0,0.0001,-0.2207,1.5615,-0.2092,1.5556,0.6718,147.3945,140.8828,143.3086,145.7471,144.3333,0.6667,0.6067,0.6875,0.6083,0.6067,0.644,0.5708,0.6393,0.571,0.5708,0.6229,0.6388,0.6229,0.6098,0.6098,0.607,0.5551,0.5764,0.5266,0.5266,0,0,0,0,0,-0.0107,-0.0585,-0.0213,-0.067,-0.0596,-0.0064,-0.039,-0.0064,-0.0792,-0.0396,0.0199,-0.0041,-0.0225,-0.0134,-0.042,-0.0721,-0.088,-0.1263,-0.0118,0.0056,-0.0125,-0.0238,-0.0009,-0.029,-0.0194,-0.0051,-0.0048,-0.01,-0.0235,-0.0048,0.0342,-0.0066,-0.0142,-0.0061,0.0141,-0.0492,-0.0328,-0.0371,-0.0153,0.0054,-0.0115,-0.1116,-0.0093,-0.1293,-0.1119,-0.0097,-0.1054,-0.0099,-0.1289,-0.1054,0.0084,0.0027,-0.0135,-0.0022,-0.0117,-0.0241,-0.0041,-0.0696,0.0131,-0.0778,-0.0641,-0.0045,-0.0725,-0.0082,-0.0757,-0.0725,0.0212,-0.0046,-0.007,-0.0163,0.0081,0.0031,-0.018,TRUE,TRUE
DTC_R_73,LanSi,1,CW_01,A,2026-03-28 13:53:46+08:00,ONLINE,FALSE,,CW_1_01,FAIL,SFR_VIS_25cm_Ny4_06F_ROI14;SFR_VIS_25cm_Ny4_06F_Min;IR_SFR_VIS_25cm_Ny4_06F_ROI14;IR_SFR_VIS_25cm_Ny4_06F_Min;SFR_VIS_25cm_Ny4_01F_ROI2_Dev;SFR_VIS_25cm_Ny4_06F_ROI14_Dev,sfr_25Algo,51.59771,_2026032813534691001,T20260328135346,DESKTOP-P2DUL42,Loma,1,CW_1_01,1,paul di,2024.0718.155524,V20260126.2,CW_DTCL_DTCR_STC,T20260328135438,51.59771,TRUE,TRUE,TRUE,TRUE,TRUE,TRUE,TRUE,4S2RND2HBL0DP6,v1.0.1,2025_12_22,315.2612,317.1045,475.6316,297.8647,295.85,149.3357,149.4267,337.2733,335.9595,486.0203,-5.0742,-1.9803,-0.0001,0,-0.2189,1.5551,-0.2205,1.5484,0.666,154.7832,150.6816,150.9844,154.8359,152.8213,0.854,0.7644,0.857,0.7822,0.7644,0.8026,0.7724,0.8018,0.7802,0.7724,0.8059,0.7977,0.7923,0.821,0.6814,0.5775,0.7707,0.7341,0.5775,0.8471,0.7909,0.7979,0.98,0.7909,0.8271,0.7459,0.7737,0.8219,0.7967,0.6879,0.8375,0.8326,0.6879,0,0,0,0,0,v1.0.1,2025_12_22,315.2647,317.1103,476.75,297.6571,295.6828,148.3379,148.28,337.42,336.1192,487.0861,-5.0807,-1.9777,-0.0001,0,-0.2194,1.5548,-0.2205,1.5482,0.6658,163.7959,157.5898,166.498,166.6094,163.6233,0.7067,0.6621,0.6811,0.672,0.6621,0.6803,0.6436,0.669,0.6582,0.6436,0.6396,0.6383,0.6515,0.6554,0.6017,0.5445,0.6163,0.6308,0.5445,0.6612,0.6464,0.6599,0.0851,0.0851,0.6444,0.6341,0.653,0.6673,0.6545,0.6055,0.6471,0.6646,0.6055,0,0,0,0,0,v1.0.1,2025_12_22,317.5,328.5273,442.4298,313.5702,302.9016,196.877,188.725,342.6583,332.0522,457.1826,-2.7783,8.2631,0,0.0001,-0.2186,1.5598,-0.2088,1.5576,0.6725,175.3408,173.0215,174.1299,176.3379,174.7075,0.8104,0.6181,0.8116,0.6589,0.6181,0.7615,0.6246,0.7688,0.6727,0.6246,0.7562,0.7766,0.7374,0.7216,0.7216,0.7595,0.6658,0.7228,0,0.6658,0,0,0,0,0,v1.0.1,2025_12_22,317.4091,328.5455,443.0734,313.6422,302.752,195.968,187.9083,342.8,332.2069,458.0431,-2.8301,8.2998,0,0.0001,-0.2175,1.5602,-0.2091,1.5565,0.6725,148.5254,142.7598,144.8779,146.6143,145.6943,0.6682,0.5533,0.6728,0.5816,0.5533,0.6333,0.5583,0.6574,0.5864,0.5583,0.6326,0.6262,0.6248,0.635,0.6248,0.5974,0.545,0.5679,0.4009,0.4009,0,0,0,0,0,-0.0155,-0.1227,-0.0262,-0.0947,-0.1051,-0.0231,-0.0296,-0.0057,-0.0614,-0.0296,0.0047,-0.022,-0.0284,0.0043,-0.1248,-0.2374,-0.0276,-0.0987,-0.0042,-0.0087,-0.0024,-0.0529,-0.0296,-0.0467,-0.047,-0.0027,-0.0084,-0.0021,-0.0228,-0.0084,0.022,-0.0163,-0.0058,-0.0192,-0.0375,-0.1332,-0.0187,-0.0078,-0.0268,-0.0018,0.0057,-0.2084,-0.0095,-0.1632,-0.1866,-0.0075,-0.1339,-0.0108,-0.1169,-0.1339,-0.0099,0.015,-0.0225,-0.0216,0.0138,-0.0196,-0.0026,-0.123,-0.0016,-0.1045,-0.1175,-0.0152,-0.085,0.0099,-0.0603,-0.085,0.0309,-0.0172,-0.0051,0.0089,0.0231,-0.0065,-0.0265,TRUE,TRUE
DTC_L_73,LanSi,1,CW_01,C,2026-03-28 13:53:46+08:00,ONLINE,FALSE,,CW_1_01,PASS,,,51.7882006,_2026032813534692202,T20260328135346,DESKTOP-P2DUL42,Loma,1,CW_1_01,2,paul di,2024.0718.155524,V20260126.2,CW_DTCL_DTCR_STC,T20260328135438,51.7882006,TRUE,TRUE,TRUE,TRUE,TRUE,TRUE,TRUE,4S2RND2HBL06DS,v1.0.1,2025_12_22,314.3556,323,474.4887,302.7143,294.9396,152.2416,148.3816,342.7105,333.7447,489.3972,-6.318,2.5127,-0.0001,0,-0.2255,1.5571,-0.2177,1.5543,0.667,154.4854,150.9766,148.7051,153.6621,151.9573,0.8295,0.7833,0.8442,0.7879,0.7833,0.7733,0.7588,0.8007,0.7492,0.7492,0.8187,0.8132,0.8108,0.7582,0.7345,0.7263,0.7577,0.6979,0.6979,0.8274,0.98,0.8281,0.8283,0.8274,0.8448,0.7942,0.7413,0.8283,0.833,0.8153,0.7943,0.7789,0.7413,0,0,0,0,0,v1.0.1,2025_12_22,314.2847,323.0657,475.6312,302.5248,294.7829,151.2697,147.3129,342.9592,333.7887,490.4085,-6.3399,2.5456,-0.0001,0,-0.2261,1.5572,-0.2181,1.5543,0.6668,162.9414,158.832,164.3867,163.6611,162.4553,0.6778,0.6691,0.696,0.6913,0.6691,0.6555,0.6282,0.6525,0.646,0.6282,0.6467,0.643,0.6435,0.6412,0.6203,0.6242,0.641,0.6131,0.6131,0.6667,0.3399,0.6871,0.6779,0.3399,0.6531,0.6623,0.6391,0.675,0.6584,0.6864,0.6762,0.6298,0.6298,0,0,0,0,0,v1.0.1,2025_12_22,312.9135,315.2212,438.0091,301.0545,299,184.5,184.5462,329.6891,327.0684,445.6325,-7.1926,-4.2805,-0.0001,0,-0.2122,1.5642,-0.2117,1.5622,0.6756,175.7529,175.1162,172.6289,174.9404,174.6096,0.7963,0.6755,0.8074,0.687,0.6755,0.7454,0.6542,0.7589,0.673,0.6542,0.7867,0.77,0.7573,0.7127,0.7127,0.7356,0,0.737,0.7253,0.7253,0,0,0,0,0,v1.0.1,2025_12_22,312.9048,315.2762,438.7699,300.7699,298.9412,183.8067,183.6281,329.8595,327.2241,446.4569,-7.2064,-4.2662,-0.0001,0,-0.2142,1.5645,-0.2118,1.5616,0.675,149.041,144.291,143.374,146.4404,145.7866,0.6516,0.5813,0.6809,0.6046,0.5813,0.6291,0.5574,0.6282,0.6055,0.5574,0.6416,0.6367,0.6428,0.6076,0.6076,0.5924,0.5111,0.5825,0.5861,0.5111,0,0,0,0,0,0.0028,-0.075,0.0123,-0.0337,-0.0383,-0.0176,-0.0749,-0.0011,-0.0345,-0.0345,0.0174,-0.0007,-0.0082,-0.0107,-0.0909,-0.0949,-0.0448,-0.0565,0.0092,0.0114,0.0039,-0.039,-0.0012,-0.0153,-0.0048,-0.0093,-0.044,-0.0121,-0.0249,-0.0364,0.0027,-0.0119,-0.0197,0.0047,-0.049,-0.041,-0.0077,-0.004,-0.0208,0.0142,0.0016,-0.145,0.0019,-0.1109,-0.1192,-0.0041,-0.1383,-0.0024,-0.0791,-0.0953,-0.0013,0.0142,-0.0003,0.0188,-0.012,0.0032,-0.0103,-0.0921,0.0023,-0.0867,-0.0806,0.0057,-0.0951,0.0086,-0.0338,-0.0622,0.0013,0.0076,0.0008,0.0092,0.0092,-0.0126,-0.0093,TRUE,TRUE
DTC_L_74,LanSi,1,CW_01,A,2026-03-28 13:55:32+08:00,ONLINE,FALSE,,CW_1_01,PASS,,,51.3011519,_2026032813553290602,T20260328135532,DESKTOP-P2DUL42,Loma,1,CW_1_01,2,paul di,2024.0718.155524,V20260126.2,CW_DTCL_DTCR_STC,T20260328135624,51.3011519,TRUE,TRUE,TRUE,TRUE,TRUE,TRUE,TRUE,4S2RND2HBL06DS,v1.0.1,2025_12_22,314,323,473.8345,302.6187,294.74,151.5667,147.9664,342.8255,333.0775,489.7183,-6.7763,2.4458,-0.0001,0,-0.2263,1.5584,-0.2183,1.5563,0.6675,155.5723,151.7764,149.5391,154.7275,152.9038,0.8182,0.7823,0.8398,0.7764,0.7764,0.7694,0.7503,0.7987,0.7487,0.7487,0.8232,0.8105,0.8207,0.764,0.7603,0.7277,0.7711,0.7038,0.7038,0.8276,0.4699,0.7463,0.8379,0.4699,0.852,0.7532,0.747,0.8373,0.839,0.8396,0.7983,0.7791,0.747,0,0,0,0,0,v1.0.1,2025_12_22,313.9783,322.9565,475.078,302.383,294.5066,150.6184,147,343,333.1929,490.6786,-6.7489,2.4273,-0.0001,0,-0.2265,1.5578,-0.2189,1.5562,0.6671,162.7842,157.8916,163.9883,163.6406,162.0762,0.6824,0.6693,0.6959,0.69,0.6693,0.653,0.6373,0.6494,0.6531,0.6373,0.6513,0.6512,0.6559,0.6504,0.6394,0.6247,0.6441,0.6135,0.6135,0.6761,0.4858,0.5848,0.6902,0.4858,0.6571,0.6557,0.6315,0.6823,0.678,0.6876,0.6774,0.6388,0.6315,0,0,0,0,0,v1.0.1,2025_12_22,312.6569,315.0588,437.3727,300.9273,298.8571,184.1176,184.3443,329.8279,326.7288,445.7627,-7.508,-4.3611,-0.0001,0,-0.2123,1.5653,-0.2141,1.563,0.6755,175.877,174.501,172.6162,174.9512,174.4863,0.7786,0.6751,0.8048,0.668,0.668,0.7437,0.6423,0.759,0.6665,0.6423,0.789,0.7736,0.7699,0.6951,0.6951,0.7257,0,0.6974,0.7463,0.6974,0,0,0,0,0,v1.0.1,2025_12_22,312.7157,315.0196,438.2301,300.7699,298.6723,183.395,183.4545,330.0248,326.7391,446.5043,-7.5377,-4.3573,-0.0001,0,-0.2125,1.564,-0.2151,1.564,0.6751,149.001,143.5947,142.874,146.7168,145.5466,0.6598,0.575,0.6755,0.5834,0.575,0.6153,0.5597,0.6209,0.5903,0.5597,0.6327,0.6252,0.6467,0.6188,0.6188,0.598,0.5067,0.5505,0.5991,0.5067,0,0,0,0,0,-0.0085,-0.076,0.0079,-0.0452,-0.0452,-0.0215,-0.0834,-0.0031,-0.035,-0.035,0.0219,-0.0034,0.0017,-0.0049,-0.0651,-0.0935,-0.0314,-0.0506,0.0094,-0.0704,0.0085,-0.0388,-0.0013,-0.0166,-0.0046,-0.0118,-0.0349,-0.0152,-0.0178,-0.0273,0.0073,-0.0037,-0.0073,0.0139,-0.0299,-0.0405,-0.0046,-0.0036,-0.0114,-0.0881,-0.0161,-0.1454,-0.0007,-0.1299,-0.1267,-0.0058,-0.1502,-0.0023,-0.0856,-0.1072,0.001,0.0178,0.0123,0.0012,-0.0219,-0.0364,-0.0021,-0.0984,-0.0031,-0.1079,-0.0869,-0.0081,-0.0928,0.0013,-0.049,-0.0599,-0.0076,-0.0039,0.0047,0.0204,0.0204,-0.007,-0.0413,TRUE,TRUE
DTC_R_74,LanSi,1,CW_01,B,2026-03-28 13:55:32+08:00,ONLINE,FALSE,,CW_1_01,PASS,,,51.2762179,_2026032813553293101,T20260328135532,DESKTOP-P2DUL42,Loma,1,CW_1_01,1,paul di,2024.0718.155524,V20260126.2,CW_DTCL_DTCR_STC,T20260328135624,51.2762179,TRUE,TRUE,TRUE,TRUE,TRUE,TRUE,TRUE,4S2RND2HBL0DP6,v1.0.1,2025_12_22,315.2388,317.8209,475.5,298.1667,295.7847,149.2639,149.396,338.0805,335.8784,485.6284,-5.1404,-1.7079,-0.0001,0,-0.2215,1.5554,-0.221,1.5479,0.6652,153.877,150.5146,150.8262,154.0693,152.3218,0.8625,0.7903,0.8476,0.7649,0.7649,0.8203,0.7315,0.8099,0.7446,0.7315,0.8202,0.7759,0.8039,0.8195,0.735,0.7369,0.7417,0.7691,0.735,0.836,0.7905,0.8186,0.98,0.7905,0.8441,0.7676,0.7531,0.8061,0.7902,0.7006,0.8473,0.8381,0.7006,0,0,0,0,0,v1.0.1,2025_12_22,315.2302,317.7986,476.6765,298.0368,295.6803,148.2653,148.3221,338.1946,336.0199,486.543,-5.1142,-1.7323,-0.0001,0,-0.2213,1.5555,-0.2211,1.5477,0.6652,163.7217,157.543,167.3398,166.5303,163.7837,0.714,0.67,0.7016,0.6653,0.6653,0.6779,0.642,0.6622,0.6351,0.6351,0.6685,0.6228,0.6578,0.6614,0.6355,0.6494,0.6084,0.6279,0.6084,0.6731,0.6622,0.6667,0.1943,0.1943,0.6533,0.663,0.6521,0.6625,0.6625,0.6114,0.6416,0.6654,0.6114,0,0,0,0,0,v1.0.1,2025_12_22,317.4952,329.0571,442.2301,314.2301,302.9504,197.0909,188.6417,343.4333,332,457,-2.8365,8.6623,0,0.0001,-0.2178,1.5605,-0.2106,1.5574,0.6724,175.4844,173.9756,175.208,176.8252,175.3733,0.8086,0.6399,0.8144,0.6321,0.6321,0.7754,0.629,0.7605,0.6206,0.6206,0.7638,0.7631,0.7463,0.7629,0.7463,0.7542,0.6683,0.7414,0,0.6683,0,0,0,0,0,v1.0.1,2025_12_22,317.4476,329.019,443.0093,314.1296,302.8226,196.3952,187.8017,343.6116,332.1217,457.8696,-2.8594,8.705,0,0.0001,-0.2175,1.5604,-0.2116,1.5569,0.6721,148.585,142.7236,145.3301,146.6787,145.8293,0.6663,0.567,0.6717,0.5814,0.567,0.6369,0.5428,0.6416,0.5456,0.5428,0.6557,0.6363,0.6314,0.6449,0.6314,0.602,0.5514,0.5755,0.4276,0.4276,0,0,0,0,0,-0.007,-0.0968,-0.0356,-0.112,-0.1046,-0.0054,-0.0705,0.0024,-0.097,-0.0705,0.019,-0.0438,-0.0168,0.0028,-0.0712,-0.078,-0.0566,-0.0637,-0.0153,0.012,0.0049,-0.045,-0.0091,-0.0534,-0.0438,-0.0051,-0.01,-0.0089,-0.0459,-0.0169,0.0509,-0.0318,0.0005,-0.0132,-0.0037,-0.0283,-0.0266,-0.0107,-0.0149,0.005,0.0039,-0.1866,-0.0067,-0.19,-0.1726,0.0064,-0.1295,-0.0191,-0.169,-0.1379,-0.0023,0.0015,-0.0136,0.0197,0.0085,-0.001,-0.0045,-0.1093,-0.0027,-0.1047,-0.1038,-0.0116,-0.1005,-0.0059,-0.1011,-0.1005,0.054,-0.0071,0.0015,0.0188,0.0297,-0.0019,-0.0189,TRUE,TRUE
DTC_L_75,LanSi,1,CW_01,B,2026-03-28 13:57:23+08:00,ONLINE,FALSE,,CW_1_01,PASS,,,51.7285309,_2026032813572395802,T20260328135723,DESKTOP-P2DUL42,Loma,1,CW_1_01,2,paul di,2024.0718.155524,V20260126.2,CW_DTCL_DTCR_STC,T20260328135815,51.7285309,TRUE,TRUE,TRUE,TRUE,TRUE,TRUE,TRUE,4S2RND2HBL06DS,v1.0.1,2025_12_22,314.0963,323.4519,474.2612,302.9701,294.7517,152.4564,148.2333,343.3467,333.3704,490.0444,-6.5574,2.9539,-0.0001,0,-0.2267,1.5576,-0.2189,1.5551,0.6668,154.8105,150.623,148.6807,153.6074,151.9304,0.8217,0.779,0.846,0.7825,0.779,0.778,0.7551,0.7983,0.7461,0.7461,0.8159,0.8254,0.814,0.7723,0.7522,0.7073,0.768,0.7128,0.7073,0.8158,0.98,0.8232,0.8205,0.8158,0.8457,0.7972,0.7709,0.8388,0.8234,0.8112,0.7778,0.7621,0.7621,0,0,0,0,0,v1.0.1,2025_12_22,314.1655,323.3813,475.2721,302.9559,294.56,151.4467,147.0733,343.4933,333.708,491,-6.5442,2.9554,-0.0001,0,-0.2256,1.5567,-0.2193,1.5542,0.6665,162.9404,158.583,164.6631,163.2461,162.3582,0.6755,0.6755,0.6884,0.6861,0.6755,0.66,0.6359,0.6437,0.6447,0.6359,0.6547,0.6696,0.658,0.6318,0.6331,0.6252,0.6394,0.616,0.616,0.68,0.4407,0.6713,0.6643,0.4407,0.6413,0.6628,0.6231,0.676,0.664,0.6775,0.6641,0.6214,0.6214,0,0,0,0,0,v1.0.1,2025_12_22,312.9524,315.6286,437.7368,301.5,298.9667,184.9583,184.5167,330.4167,327,446.1026,-7.2655,-3.7788,-0.0001,0,-0.2122,1.5637,-0.2141,1.563,0.6751,175.9668,174.7471,172.9766,174.8721,174.6406,0.7924,0.6726,0.8067,0.6791,0.6726,0.7473,0.652,0.7644,0.6768,0.652,0.7761,0.781,0.7625,0.7013,0.7013,0.7353,0,0.7327,0.7282,0.7282,0,0,0,0,0,v1.0.1,2025_12_22,312.9524,315.6286,438.5948,301.4052,298.9328,184.0504,183.5583,330.4167,327.0169,446.9492,-7.2889,-3.81,-0.0001,0,-0.2122,1.5641,-0.2133,1.5636,0.6756,148.8848,144.252,143.4434,146.3896,145.7424,0.6536,0.5812,0.6667,0.599,0.5812,0.6261,0.5569,0.6258,0.5827,0.5569,0.6394,0.6388,0.6258,0.6163,0.6163,0.6008,0.5289,0.5874,0.5793,0.5289,0,0,0,0,0,-0.005,-0.0793,0.0141,-0.0391,-0.0426,-0.0129,-0.0786,-0.0035,-0.0376,-0.0376,0.0146,0.0115,-0.005,0.0034,-0.0732,-0.1139,-0.0345,-0.0416,-0.0024,0.0065,0.0016,-0.0326,-0.0088,-0.0205,0.0016,-0.0048,-0.0363,-0.0209,-0.0262,-0.0287,0.0107,0.0147,-0.0052,-0.0047,-0.0362,-0.04,-0.0093,-0.0011,-0.0075,-0.0016,-0.0023,-0.1479,0.0012,-0.1188,-0.1221,-0.0022,-0.1405,0.0031,-0.0753,-0.0975,-0.0119,0.0252,0.0049,0.0074,-0.0123,-0.0011,-0.0083,-0.0922,-0.0119,-0.0923,-0.0807,0.0027,-0.0956,0.0062,-0.0566,-0.0627,-0.0009,0.0097,-0.0162,0.0179,0.0179,-0.0042,-0.0044,TRUE,TRUE
DTC_R_75,LanSi,1,CW_01,C,2026-03-28 13:57:23+08:00,ONLINE,FALSE,,CW_1_01,FAIL,SFR_VIS_25cm_Ny4_01F_ROI2_Dev,Dev,51.7295283,_2026032813572395801,T20260328135723,DESKTOP-P2DUL42,Loma,1,CW_1_01,1,paul di,2024.0718.155524,V20260126.2,CW_DTCL_DTCR_STC,T20260328135815,51.7295283,TRUE,TRUE,TRUE,TRUE,TRUE,TRUE,TRUE,4S2RND2HBL0DP6,v1.0.1,2025_12_22,315.1691,316.2353,475.2612,296.7687,295.5556,147.8681,149.3377,336.2781,335.7619,484.6054,-5.2829,-3.1489,-0.0001,0,-0.2205,1.5543,-0.2198,1.5486,0.6657,154.4639,151.0381,151.3857,154.6826,152.8926,0.8701,0.7547,0.8576,0.7798,0.7547,0.8187,0.7519,0.7924,0.7633,0.7519,0.8161,0.8174,0.7937,0.818,0.7257,0.7114,0.7581,0.78,0.7114,0.83,0.7886,0.8004,0.98,0.7886,0.8502,0.775,0.7607,0.8158,0.7913,0.7161,0.8178,0.8621,0.7161,0,0,0,0,0,v1.0.1,2025_12_22,315.1087,316.1739,476.3139,296.5474,295.2207,146.8483,148.102,336.3197,335.86,485.6933,-5.3789,-3.1835,-0.0001,0,-0.2206,1.5534,-0.2195,1.5485,0.6654,162.7715,156.4961,165.9141,165.5986,162.6951,0.6967,0.6438,0.7124,0.6736,0.6438,0.6726,0.634,0.6568,0.6533,0.634,0.6366,0.6444,0.6289,0.6529,0.6278,0.6371,0.6169,0.6439,0.6169,0.6724,0.6543,0.6526,0.201,0.201,0.6362,0.6547,0.6503,0.6499,0.6616,0.6419,0.6356,0.6671,0.6356,0,0,0,0,0,v1.0.1,2025_12_22,317.2991,327.729,442.0714,312.6875,302.9256,195.9256,188.6777,341.6777,332.0609,456.0783,-2.8931,7.3196,0,0.0001,-0.2195,1.5617,-0.2075,1.5558,0.6726,174.6738,173.4531,174.3359,176.1455,174.6521,0.8134,0.6,0.8117,0.631,0.6,0.7707,0.6417,0.7553,0.6604,0.6417,0.766,0.7662,0.7438,0.7555,0.7438,0.7437,0.6703,0.7299,0,0.6703,0,0,0,0,0,v1.0.1,2025_12_22,317.4259,327.8056,442.8899,312.7248,302.7561,195.187,187.8182,341.8678,332.0172,456.9483,-2.9185,7.4067,0,0.0001,-0.2191,1.5601,-0.2076,1.5578,0.6728,147.6865,141.5186,144.3174,145.9336,144.864,0.6792,0.5349,0.6773,0.5627,0.5349,0.6367,0.5689,0.6347,0.5682,0.5682,0.6244,0.6333,0.6312,0.6401,0.6244,0.588,0.5481,0.5954,0.4251,0.4251,0,0,0,0,0,0.0006,-0.1324,-0.0256,-0.0971,-0.1148,-0.007,-0.0501,-0.0151,-0.0783,-0.0501,0.0149,-0.0023,-0.027,0.0013,-0.0805,-0.1035,-0.0402,-0.0528,-0.0213,-0.0062,-0.0124,-0.0712,0.0017,-0.0451,-0.0653,-0.0104,-0.018,-0.0143,-0.0277,-0.018,0.019,-0.0102,-0.0284,-0.0217,-0.0114,-0.0406,-0.0181,0.0053,-0.0156,-0.0091,0.0087,-0.2265,-0.0094,-0.1911,-0.2047,0.0017,-0.1168,-0.0243,-0.1292,-0.1168,-0.0001,0.0046,-0.0161,0.0123,-0.002,-0.0125,0.0084,-0.1414,0.0029,-0.1234,-0.1359,-0.0118,-0.0744,-0.0128,-0.0785,-0.0751,0.0227,-0.0101,0.0013,0.014,0.0227,-0.0159,0.001,TRUE,TRUE
DTC_L_76,LanSi,1,CW_01,C,2026-03-28 14:03:24+08:00,ONLINE,FALSE,,CW_1_01,FAIL,SFR_VIS_25cm_Ny4_06F_ROI16;SFR_VIS_25cm_Ny4_06F_Min,sfr_25Algo,52.2990202,_2026032814032435402,T20260328140324,DESKTOP-P2DUL42,Loma,1,CW_1_01,2,paul di,2024.0718.155524,V20260126.2,CW_DTCL_DTCR_STC,T20260328140416,52.2990202,TRUE,TRUE,TRUE,TRUE,TRUE,TRUE,TRUE,4S2RND2HBL06DS,v1.0.1,2025_12_22,315.4318,321.9545,475.781,300.9124,296.3841,150.4636,150.0952,341.7619,334.8561,487.8921,-4.9903,1.0969,0,0,-0.23,1.5597,-0.2187,1.5538,0.6662,154.6592,142.0146,148.5703,153.8418,149.7715,0.8195,0.7982,0.8438,0.7844,0.7844,0.7841,0.7661,0.7919,0.7297,0.7297,0.8109,0.8144,0.8189,0.75,0.7306,0.7243,0.7509,0.6536,0.6536,0.8266,0.98,0.8068,0.7869,0.7869,0.8533,0.741,0.7173,0.8438,0.8253,0.7638,0.7609,0.7654,0.7173,0,0,0,0,0,v1.0.1,2025_12_22,315.3235,321.9632,476.7842,300.8777,296.2185,149.4172,149,342,334.9786,488.9571,-5.039,1.1431,-0.0001,0,-0.2293,1.56,-0.2194,1.5531,0.6661,162.2666,150.8525,163.7021,163.1523,159.9934,0.6851,0.6943,0.6931,0.6874,0.6851,0.6534,0.6392,0.6504,0.6407,0.6392,0.6583,0.6578,0.6584,0.6165,0.6158,0.6364,0.6355,0.5807,0.5807,0.67,0.4737,0.646,0.6794,0.4737,0.6559,0.6317,0.6217,0.6743,0.6691,0.6597,0.6739,0.6319,0.6217,0,0,0,0,0,v1.0.1,2025_12_22,314.0762,314.2,439.1786,299.5,300.536,182.872,186.2397,328.7603,328.2735,444.4615,-5.8392,-5.5412,-0.0001,-0.0001,-0.2165,1.5675,-0.2129,1.5617,0.675,175.7949,165.2207,172.8877,175.3525,172.314,0.7985,0.7005,0.8015,0.6792,0.6792,0.751,0.6614,0.7646,0.6436,0.6436,0.7716,0.7554,0.7646,0.6313,0.6313,0.7301,0,0.72,0.6601,0.6601,0,0,0,0,0,v1.0.1,2025_12_22,314,314.0971,440.0089,299.4286,300.3223,182.124,185.2927,328.8293,328.2712,445.2373,-5.921,-5.5568,-0.0001,-0.0001,-0.2154,1.567,-0.2135,1.5619,0.675,148.8125,137.5146,142.5273,146.1826,143.7593,0.6541,0.5945,0.6797,0.617,0.5945,0.6266,0.5555,0.6159,0.5767,0.5555,0.6261,0.6124,0.6485,0.5492,0.5492,0.5807,0.5189,0.579,0.5448,0.5189,0,0,0,0,0,-0.0072,-0.0601,0.0119,-0.0372,-0.0372,-0.0068,-0.0676,-0.0099,-0.054,-0.054,0.0096,0.0005,-0.0001,-0.0189,-0.0948,-0.0969,-0.0516,-0.1008,0.0084,-0.0099,0.0112,-0.0138,-0.0041,-0.0192,0.0112,-0.0114,-0.033,-0.0142,-0.0302,-0.0254,0.0143,0.0029,-0.0048,-0.02,-0.0535,-0.0288,-0.0132,-0.0364,-0.0175,-0.0269,0.0038,-0.12,-0.004,-0.1187,-0.1155,0.0015,-0.1311,0.0033,-0.1085,-0.1059,-0.0164,-0.0004,0.007,-0.0626,-0.0175,-0.0138,-0.0078,-0.0789,0.0011,-0.0743,-0.0674,0.0032,-0.097,-0.0037,-0.0626,-0.0641,-0.0142,-0.0167,0.0065,-0.0492,-0.0492,-0.0243,-0.0128,TRUE,TRUE
DTC_R_76,LanSi,1,CW_01,A,2026-03-28 14:03:24+08:00,ONLINE,FALSE,,CW_1_01,FAIL,SFR_VIS_25cm_Ny4_03F_ROI8_Dev,Dev,51.9928391,_2026032814032466501,T20260328140324,DESKTOP-P2DUL42,Loma,1,CW_1_01,1,paul di,2024.0718.155524,V20260126.2,CW_DTCL_DTCR_STC,T20260328140416,51.9928391,TRUE,TRUE,TRUE,TRUE,TRUE,TRUE,TRUE,4S2RND2HBL0DP6,v1.0.1,2025_12_22,315,316.0863,474.7778,296.1333,295.396,146.5436,149.3922,336.3333,335.292,484,-5.5284,-3.6807,-0.0001,0,-0.2237,1.5552,-0.2211,1.55,0.6651,155.1191,152.0684,152.0586,155.041,153.5718,0.8605,0.8332,0.8454,0.8094,0.8094,0.8072,0.7597,0.8112,0.7115,0.7115,0.8038,0.8135,0.8001,0.8237,0.7487,0.7496,0.7496,0.6993,0.6993,0.834,0.8103,0.7866,0.98,0.7866,0.8409,0.7769,0.7907,0.8283,0.8003,0.8412,0.7766,0.8435,0.7766,0,0,0,0,0,v1.0.1,2025_12_22,315,316.0863,475.9143,296.0214,295.2162,145.4459,148.1656,336.4238,335.4532,484.9928,-5.5501,-3.7059,-0.0001,0,-0.2235,1.5549,-0.2208,1.5498,0.6651,162.4629,155.1143,164.4561,165.3164,161.8374,0.7022,0.6905,0.7074,0.6858,0.6858,0.6688,0.6523,0.6635,0.6197,0.6197,0.6442,0.6474,0.647,0.6653,0.6291,0.6365,0.6094,0.6057,0.6057,0.6742,0.6619,0.6389,0.2998,0.2998,0.652,0.6616,0.6631,0.6723,0.6741,0.6643,0.6509,0.6805,0.6509,0,0,0,0,0,v1.0.1,2025_12_22,317.2752,327.6789,441.5702,312.4298,302.7302,194.9206,188.6364,341.8595,331.9115,456,-3.0753,7.0778,0,0.0001,-0.2216,1.5612,-0.2093,1.5567,0.6718,175.7959,174.8223,175.4688,176.7461,175.7083,0.8044,0.6997,0.8107,0.6794,0.6794,0.7552,0.6768,0.7581,0.5958,0.5958,0.7735,0.7672,0.747,0.7323,0.7323,0.748,0.6871,0.715,0,0.6871,0,0,0,0,0,v1.0.1,2025_12_22,317.1682,327.8037,442.5,312.5,302.5433,194.1181,187.7951,342.1885,331.9381,456.8142,-3.1111,7.1849,0,0.0001,-0.221,1.5613,-0.2102,1.5563,0.6716,147.4736,140.4971,142.9092,145.6064,144.1216,0.6528,0.6041,0.6839,0.591,0.591,0.6214,0.5765,0.6472,0.5267,0.5267,0.6225,0.6405,0.6276,0.6218,0.6218,0.6052,0.558,0.556,0.4633,0.4633,0,0,0,0,0,-0.009,-0.0539,-0.0378,-0.0675,-0.0601,-0.0185,-0.0423,0.0037,-0.1301,-0.0905,0.0026,-0.0062,-0.0206,0.007,-0.0575,-0.0653,-0.0487,-0.1335,-0.0173,-0.02,-0.0069,-0.0245,-0.0033,-0.0329,-0.0233,-0.0142,0.0003,-0.0076,-0.0613,-0.0323,0.0266,-0.0072,-0.0103,-0.0093,-0.0101,-0.0412,-0.0256,-0.0329,-0.0138,-0.0228,-0.0003,-0.1268,-0.0104,-0.1427,-0.1253,-0.0138,-0.0817,-0.0215,-0.1938,-0.1627,0.0074,0.0056,-0.0129,-0.0109,0.0023,-0.0274,-0.018,-0.0722,0.0095,-0.0951,-0.0798,-0.0271,-0.0668,-0.0003,-0.12,-0.1166,0.0208,-0.0029,-0.0023,-0.0043,0.0201,0.0013,-0.0384,TRUE,TRUE
DTC_L_77,LanSi,1,CW_01,A,2026-03-28 14:05:21+08:00,ONLINE,FALSE,,CW_1_01,PASS,,,51.5962605,_2026032814052178102,T20260328140521,DESKTOP-P2DUL42,Loma,1,CW_1_01,2,paul di,2024.0718.155524,V20260126.2,CW_DTCL_DTCR_STC,T20260328140613,51.5962605,TRUE,TRUE,TRUE,TRUE,TRUE,TRUE,TRUE,4S2RND2HBL06DS,v1.0.1,2025_12_22,314.2148,322.2222,474.3433,301.8507,294.9073,151.0795,148.4333,341.9733,333.5821,488.9627,-6.4038,1.7177,-0.0001,0,-0.226,1.5579,-0.2181,1.5546,0.6671,155.6279,151.8125,149.9258,154.7578,153.031,0.8221,0.8041,0.8388,0.8036,0.8036,0.7726,0.7616,0.8002,0.7518,0.7518,0.8262,0.8161,0.8128,0.7834,0.7548,0.7244,0.7775,0.7035,0.7035,0.8093,0.98,0.8355,0.8322,0.8093,0.8453,0.7535,0.7507,0.8459,0.8248,0.8403,0.8059,0.7798,0.7507,0,0,0,0,0,v1.0.1,2025_12_22,314.1691,322.2353,475.5693,301.7153,294.8146,150.1788,147.3907,342.245,333.7464,489.971,-6.362,1.7691,-0.0001,0,-0.2259,1.5583,-0.2189,1.5541,0.6669,162.8965,158.251,164.3223,163.585,162.2637,0.6725,0.6827,0.6898,0.6909,0.6725,0.6471,0.6417,0.6572,0.6423,0.6417,0.6489,0.6598,0.6677,0.6396,0.6262,0.6255,0.6394,0.609,0.609,0.6564,0.4589,0.6762,0.6939,0.4589,0.6481,0.6413,0.6388,0.6679,0.6697,0.681,0.6674,0.6234,0.6234,0,0,0,0,0,v1.0.1,2025_12_22,313.019,314.5524,438.0273,300.3364,299.0427,183.5299,184.6557,329.1721,327.0598,445.0769,-7.1391,-4.9665,-0.0001,0,-0.2127,1.564,-0.2129,1.5631,0.6754,175.7588,174.9023,172.9551,175.0088,174.6562,0.7845,0.6992,0.8065,0.682,0.682,0.7452,0.6586,0.7659,0.6629,0.6586,0.7843,0.7692,0.7713,0.6963,0.6963,0.7255,0,0.7268,0.7311,0.7255,0,0,0,0,0,v1.0.1,2025_12_22,312.9623,314.5,438.7699,300.2301,298.9661,182.8559,183.7107,329.2727,327.0609,445.9217,-7.206,-4.9439,-0.0001,0,-0.2124,1.5644,-0.2133,1.5634,0.6755,149.125,143.9258,143.0928,146.4932,145.6592,0.6592,0.5981,0.6733,0.6082,0.5981,0.6342,0.5661,0.6314,0.5893,0.5661,0.6389,0.6319,0.641,0.6129,0.6129,0.584,0.5243,0.576,0.5757,0.5243,0,0,0,0,0,-0.0046,-0.0542,0.0069,-0.018,-0.018,-0.0183,-0.0721,-0.0016,-0.0319,-0.0319,0.0249,0.0022,-0.0062,0.0145,-0.0706,-0.0968,-0.025,-0.0509,-0.0089,0.0188,-0.0014,-0.0254,-0.0074,-0.0157,-0.0014,-0.0177,-0.0305,-0.0074,-0.0286,-0.0229,0.0049,0.0049,0.0045,0.0031,-0.0431,-0.0397,-0.0093,-0.0081,-0.0311,0.0033,-0.0102,-0.1213,0.001,-0.1159,-0.1127,-0.0043,-0.1339,0.0046,-0.0892,-0.0909,-0.0037,0.0134,0.0137,0.0024,-0.0221,-0.007,-0.0027,-0.0753,-0.0053,-0.0831,-0.0638,0.0108,-0.0864,0.0118,-0.05,-0.0535,-0.0014,0.0028,-0.001,0.0145,0.0145,-0.021,-0.0158,TRUE,TRUE
DTC_R_77,LanSi,1,CW_01,B,2026-03-28 14:05:21+08:00,ONLINE,FALSE,,CW_1_01,FAIL,SFR_VIS_25cm_Ny4_01F_ROI4_Dev,Dev,51.7817644,_2026032814052190001,T20260328140521,DESKTOP-P2DUL42,Loma,1,CW_1_01,1,paul di,2024.0718.155524,V20260126.2,CW_DTCL_DTCR_STC,T20260328140613,51.7817644,TRUE,TRUE,TRUE,TRUE,TRUE,TRUE,TRUE,4S2RND2HBL0DP6,v1.0.1,2025_12_22,315.2388,317.1791,475.597,297.8284,295.8435,148.6531,149.543,337.3974,335.8993,485.6711,-5.0757,-2.1542,-0.0001,0,-0.2196,1.5557,-0.2209,1.5483,0.6659,154.0234,150.6611,151.416,153.9033,152.501,0.8608,0.7896,0.8589,0.7568,0.7568,0.8194,0.7515,0.7964,0.7509,0.7509,0.8246,0.811,0.7821,0.8171,0.7249,0.7359,0.7824,0.7792,0.7249,0.8323,0.7991,0.7943,0.2583,0.2583,0.8391,0.759,0.7553,0.8378,0.7752,0.665,0.8158,0.8394,0.665,0,0,0,0,0,v1.0.1,2025_12_22,315.1533,317.1898,476.7914,297.6331,295.698,147.651,148.4122,337.473,336.0265,486.6225,-5.0837,-2.1861,-0.0001,0,-0.2199,1.556,-0.2205,1.5477,0.6658,163.7227,157.5137,167.2705,166.5742,163.7703,0.7107,0.6745,0.7038,0.6604,0.6604,0.6831,0.6508,0.6657,0.6502,0.6502,0.6537,0.6466,0.6466,0.6557,0.6302,0.6448,0.6095,0.6305,0.6095,0.6648,0.645,0.6784,0.1262,0.1262,0.6478,0.6443,0.6443,0.6848,0.6514,0.5875,0.6182,0.6744,0.5875,0,0,0,0,0,v1.0.1,2025_12_22,317.5714,328.5625,442.4298,313.5702,302.959,196.6885,188.878,342.6667,332.0522,456.8174,-2.7219,8.1611,0,0.0001,-0.219,1.5599,-0.2086,1.5579,0.6725,175.6162,174.501,175.5117,176.8711,175.625,0.8085,0.6334,0.7997,0.6212,0.6212,0.7801,0.6229,0.7605,0.6548,0.6229,0.7801,0.7563,0.7406,0.7442,0.7406,0.7548,0.6656,0.7407,0,0.6656,0,0,0,0,0,v1.0.1,2025_12_22,317.5714,328.5625,443.2072,313.4775,303,196,187.9496,342.8319,332.2368,457.5526,-2.707,8.1849,0,0.0001,-0.219,1.5608,-0.2091,1.5571,0.6724,148.7676,142.6602,145.4805,146.5898,145.8745,0.6656,0.5538,0.6721,0.5496,0.5496,0.6398,0.5482,0.6406,0.5659,0.5482,0.6418,0.6264,0.6283,0.6303,0.6264,0.5984,0.5509,0.5713,0.4056,0.4056,0,0,0,0,0,-0.0087,-0.0975,-0.0243,-0.1201,-0.1127,-0.0063,-0.0505,-0.0111,-0.0907,-0.0511,0.0234,-0.0087,-0.0386,0.0004,-0.0813,-0.079,-0.0159,-0.0536,-0.019,-0.0123,0.0016,-0.0405,-0.0069,-0.0583,-0.0487,0.0001,-0.0012,-0.0054,-0.0308,-0.0018,0.0361,-0.008,-0.0107,-0.0189,-0.009,-0.0329,-0.0255,-0.0081,-0.0232,0.0167,0.0038,-0.1931,-0.0214,-0.2009,-0.1835,0.0111,-0.1356,-0.0191,-0.1348,-0.1356,0.014,-0.0053,-0.0193,0.001,0.0091,-0.0017,-0.0052,-0.1225,-0.0023,-0.1365,-0.1212,-0.0087,-0.0951,-0.0069,-0.0808,-0.0951,0.0401,-0.017,-0.0016,0.0042,0.0247,-0.0055,-0.0231,TRUE,TRUE
DTC_R_78,LanSi,1,CW_01,C,2026-03-28 14:08:20+08:00,ONLINE,FALSE,,CW_1_01,PASS,,,51.6521052,_2026032814082085001,T20260328140820,DESKTOP-P2DUL42,Loma,1,CW_1_01,1,paul di,2024.0718.155524,V20260126.2,CW_DTCL_DTCR_STC,T20260328140912,51.6521052,TRUE,TRUE,TRUE,TRUE,TRUE,TRUE,TRUE,4S2RND2HBL0DP6,v1.0.1,2025_12_22,315.0217,316.0435,475.2612,296.2313,295.6096,147.6849,149.2703,335.8581,335.7619,485.3946,-5.3151,-3.2575,-0.0001,0,-0.2225,1.5555,-0.2185,1.5484,0.6657,155.1484,152.2812,152.8955,155.0273,153.8381,0.8544,0.7821,0.8548,0.8082,0.7821,0.8098,0.7247,0.809,0.7848,0.7247,0.8256,0.7873,0.7935,0.8067,0.7193,0.7297,0.7967,0.7766,0.7193,0.8363,0.8131,0.8044,0.98,0.8044,0.8508,0.7648,0.7651,0.8259,0.7903,0.7301,0.8332,0.8355,0.7301,0,0,0,0,0,v1.0.1,2025_12_22,315.0857,316.0214,476.3456,296.1544,295.3741,146.6122,148,336,335.9073,486.404,-5.3575,-3.2616,-0.0001,0,-0.2221,1.5544,-0.2185,1.5487,0.6656,162.4502,153.9502,163.5869,165.3838,161.3428,0.7104,0.6628,0.7121,0.6921,0.6628,0.6938,0.6253,0.6559,0.6441,0.6253,0.6602,0.6232,0.6446,0.6523,0.6236,0.6305,0.6206,0.6445,0.6206,0.6591,0.6562,0.6554,0.1517,0.1517,0.6292,0.6476,0.6554,0.6685,0.661,0.6452,0.6392,0.6783,0.6292,0,0,0,0,0,v1.0.1,2025_12_22,317.3578,327.4679,442.1351,312.4234,302.8537,195.878,188.6033,341.5207,332.0625,456.4107,-2.8975,7.2401,0,0.0001,-0.2195,1.5605,-0.2082,1.5567,0.6724,175.6641,175.3096,176.1738,176.9854,176.0332,0.8055,0.6319,0.8111,0.6766,0.6319,0.7769,0.6123,0.7531,0.6736,0.6123,0.7765,0.7584,0.7433,0.7535,0.7433,0.7451,0.6745,0.7241,0,0.6745,0,0,0,0,0,v1.0.1,2025_12_22,317.3578,327.5321,442.9817,312.367,302.7213,195,187.7025,341.6364,332.0783,457.2783,-2.9317,7.2627,0,0.0001,-0.2196,1.5603,-0.2078,1.5573,0.6725,147.2363,139.375,142.1523,145.4648,143.5571,0.6704,0.5515,0.6844,0.5877,0.5515,0.6367,0.5529,0.6424,0.5848,0.5529,0.6458,0.622,0.6386,0.6383,0.622,0.5864,0.5551,0.5918,0.385,0.385,0,0,0,0,0,-0.0151,-0.105,-0.0284,-0.0687,-0.0874,-0.0159,-0.0773,0.0015,-0.0568,-0.0773,0.0244,-0.0324,-0.0272,-0.01,-0.0869,-0.0852,-0.0016,-0.0562,-0.015,-0.0022,0.0013,-0.0522,0.0014,-0.0266,-0.0463,0.0108,-0.0267,-0.0152,-0.0369,-0.0267,0.0426,-0.0314,-0.0127,-0.0223,-0.0156,-0.0472,-0.0144,0.0059,-0.0289,-0.0063,0.0008,-0.1946,-0.01,-0.1455,-0.1728,0.0079,-0.1462,-0.0265,-0.116,-0.1462,0.0104,-0.0032,-0.0166,0.0103,-0.0006,-0.0183,-0.0004,-0.1248,0.01,-0.0984,-0.1193,-0.0118,-0.0904,-0.0051,-0.0619,-0.0904,0.0441,-0.0214,0.0087,0.0122,0.0203,-0.0175,-0.0026,TRUE,TRUE
DTC_L_78,LanSi,1,CW_01,B,2026-03-28 14:08:20+08:00,ONLINE,FALSE,,CW_1_01,PASS,,,51.8515713,_2026032814082066002,T20260328140820,DESKTOP-P2DUL42,Loma,1,CW_1_01,2,paul di,2024.0718.155524,V20260126.2,CW_DTCL_DTCR_STC,T20260328140912,51.8515713,TRUE,TRUE,TRUE,TRUE,TRUE,TRUE,TRUE,4S2RND2HBL06DS,v1.0.1,2025_12_22,315.3358,320.9552,475.8321,299.7153,296.3841,149.4636,150.0408,340.6871,334.7353,486.8897,-5.0344,0.0422,-0.0001,0,-0.2311,1.5602,-0.2183,1.5539,0.6662,153.583,148.6172,146.1875,152.0693,150.1143,0.8346,0.8073,0.8438,0.7747,0.7747,0.7894,0.7515,0.7982,0.7501,0.7501,0.8221,0.8074,0.8138,0.75,0.7269,0.7414,0.7479,0.7051,0.7051,0.8234,0.98,0.8112,0.7835,0.7835,0.8342,0.7507,0.6837,0.8388,0.8283,0.7631,0.7862,0.7901,0.6837,0,0,0,0,0,v1.0.1,2025_12_22,315.292,321,476.8345,299.6187,296.0927,148.5364,148.966,340.9184,334.9143,488.0214,-5.0801,0.119,-0.0001,0,-0.2311,1.5594,-0.2187,1.5533,0.6657,163.0654,158.4111,163.998,163.8037,162.3196,0.6824,0.6828,0.6991,0.7013,0.6824,0.6523,0.6374,0.6464,0.6527,0.6374,0.647,0.6382,0.6511,0.6343,0.6097,0.6239,0.6324,0.6031,0.6031,0.6771,0.4577,0.6753,0.6704,0.4577,0.6547,0.6297,0.597,0.6925,0.685,0.6642,0.669,0.6268,0.597,0,0,0,0,0,v1.0.1,2025_12_22,314.0849,313.3302,439.3621,298.5,300.5,182,186.041,327.7705,328.1316,443.4298,-5.8761,-6.4939,-0.0001,-0.0001,-0.2173,1.5672,-0.2118,1.5627,0.6752,174.7051,172.7842,170.1172,173.3291,172.7339,0.7917,0.6947,0.8056,0.6626,0.6626,0.742,0.643,0.7792,0.6689,0.643,0.7682,0.761,0.7665,0.6901,0.6901,0.7217,0,0.7272,0.6683,0.6683,0,0,0,0,0,v1.0.1,2025_12_22,314.0388,313.1942,440.0273,298.3364,300.3333,181.2602,185.0738,327.8852,328.1795,444.2821,-5.9695,-6.5084,-0.0001,-0.0001,-0.2169,1.5668,-0.2129,1.5628,0.675,148.998,143.8926,142.3486,146.1904,145.3574,0.6582,0.5893,0.6664,0.6048,0.5893,0.6386,0.5477,0.6379,0.5789,0.5477,0.6208,0.6303,0.6487,0.5981,0.5981,0.5839,0.4963,0.5842,0.5568,0.4963,0,0,0,0,0,0.0079,-0.051,0.0119,-0.0469,-0.0469,-0.0015,-0.0822,-0.0036,-0.0336,-0.0336,0.0208,-0.0065,-0.0052,-0.0189,-0.0985,-0.0798,-0.0546,-0.0493,0.0052,-0.0055,0.0085,-0.0253,0.0019,-0.0053,0.0085,-0.0125,-0.0348,-0.0182,-0.0182,-0.0272,0.003,-0.0167,-0.0121,-0.0022,-0.0596,-0.0413,-0.0163,-0.014,-0.0104,0.0024,-0.003,-0.1258,0.0001,-0.1353,-0.1321,-0.0075,-0.1495,0.0179,-0.0832,-0.1065,-0.0198,0.0052,0.0089,-0.0038,-0.0259,-0.0066,-0.0037,-0.0841,-0.0122,-0.0865,-0.0726,0.0152,-0.1048,0.0183,-0.0604,-0.0719,-0.0195,0.0012,0.0067,-0.0003,-0.0003,-0.0211,-0.0076,TRUE,TRUE
DTC_R_79,LanSi,1,CW_01,A,2026-03-28 14:10:27+08:00,ONLINE,FALSE,,CW_1_01,PASS,,,51.3955071,_2026032814102704501,T20260328141027,DESKTOP-P2DUL42,Loma,1,CW_1_01,1,paul di,2024.0718.155524,V20260126.2,CW_DTCL_DTCR_STC,T20260328141118,51.3955071,TRUE,TRUE,TRUE,TRUE,TRUE,TRUE,TRUE,4S2RND2HBL0DP6,v1.0.1,2025_12_22,315.1791,316.2388,475.3333,296.7519,295.5517,147.8207,149.3197,336.102,335.8523,485.5168,-5.2528,-3.0139,-0.0001,0,-0.2206,1.5543,-0.2187,1.5488,0.6659,153.8428,150.3076,151.2148,153.9404,152.3264,0.8543,0.8333,0.8594,0.8033,0.8033,0.8199,0.7336,0.8093,0.7681,0.7336,0.8145,0.8143,0.7891,0.8263,0.7186,0.7084,0.7888,0.7925,0.7084,0.8362,0.8205,0.7947,0.6235,0.6235,0.8396,0.7852,0.772,0.8272,0.7944,0.6866,0.8397,0.8449,0.6866,0,0,0,0,0,v1.0.1,2025_12_22,315.1691,316.2353,476.3507,296.5896,295.3514,146.8514,148.0764,336.1875,336,486.5855,-5.3105,-3.0102,-0.0001,0,-0.2208,1.5538,-0.2183,1.5486,0.6658,163.0176,155.5938,165.3799,165.9287,162.48,0.6962,0.6909,0.7041,0.6907,0.6907,0.6767,0.6404,0.6671,0.6706,0.6404,0.6585,0.6585,0.6413,0.6577,0.6223,0.6207,0.6272,0.6411,0.6207,0.6769,0.6792,0.6528,0.115,0.115,0.6599,0.6555,0.6557,0.6635,0.6688,0.5677,0.6425,0.6807,0.5677,0,0,0,0,0,v1.0.1,2025_12_22,317.1509,327.4057,442.0185,312.4074,302.76,195.88,188.521,341.4538,331.964,456.5405,-3.0171,7.2375,0,0.0001,-0.219,1.5613,-0.2083,1.5561,0.6725,175.6553,174.25,175.6865,176.9473,175.6348,0.8074,0.6508,0.8082,0.6862,0.6508,0.7695,0.6206,0.7593,0.6922,0.6206,0.776,0.762,0.7585,0.7643,0.7585,0.762,0.656,0.7339,0,0.656,0,0,0,0,0,v1.0.1,2025_12_22,317.1346,327.5,442.8545,312.4545,302.5635,195.0714,187.65,341.6333,332.0789,457.3333,-3.0437,7.2985,0,0.0001,-0.2186,1.5607,-0.2082,1.5557,0.6724,147.6318,140.3945,143.5947,145.9023,144.3809,0.664,0.5562,0.6723,0.5963,0.5562,0.6406,0.5341,0.635,0.6084,0.5341,0.6438,0.6297,0.6262,0.6258,0.6258,0.5938,0.5521,0.5838,0.2644,0.2644,0,0,0,0,0,-0.0152,-0.0538,-0.0238,-0.0736,-0.0662,-0.0058,-0.0684,0.0018,-0.0735,-0.0684,0.0133,-0.0054,-0.0316,0.0096,-0.0876,-0.1065,-0.0095,-0.0403,-0.0151,-0.0119,-0.0129,-0.0241,-0.0066,-0.028,-0.0184,-0.0063,-0.0116,-0.004,-0.0104,-0.0116,0.0409,0.0039,-0.016,-0.0169,-0.0169,-0.057,-0.0078,0.0025,-0.0111,-0.0089,0.0027,-0.1757,-0.0129,-0.1359,-0.1539,0.0005,-0.1379,-0.0203,-0.0974,-0.1379,0.0099,0.0004,-0.0014,0.0211,0.0163,-0.0085,-0.0068,-0.1201,-0.0021,-0.0898,-0.1146,-0.0079,-0.1092,-0.0125,-0.0383,-0.1092,0.0421,-0.0137,-0.0037,-0.0003,0.0241,-0.0101,-0.0106,TRUE,TRUE
DTC_L_79,LanSi,1,CW_01,C,2026-03-28 14:10:26+08:00,ONLINE,FALSE,,CW_1_01,PASS,,,51.5201734,_2026032814102692702,T20260328141026,DESKTOP-P2DUL42,Loma,1,CW_1_01,2,paul di,2024.0718.155524,V20260126.2,CW_DTCL_DTCR_STC,T20260328141118,51.5201734,TRUE,TRUE,TRUE,TRUE,TRUE,TRUE,TRUE,4S2RND2HBL06DS,v1.0.1,2025_12_22,315.2388,322.1791,475.5882,301.375,296.277,151.4189,149.9257,342.1959,334.7391,487.8913,-5.1462,1.5121,-0.0001,0,-0.2285,1.5597,-0.22,1.5531,0.6661,156.1543,152.0244,150.0254,155.1445,153.3372,0.8217,0.8098,0.8381,0.7802,0.7802,0.7824,0.7612,0.7903,0.7385,0.7385,0.8131,0.8305,0.8155,0.764,0.7299,0.7274,0.7477,0.7052,0.7052,0.8246,0.98,0.8178,0.7786,0.7786,0.8489,0.7905,0.7377,0.8357,0.8093,0.785,0.7551,0.7757,0.7377,0,0,0,0,0,v1.0.1,2025_12_22,315.2029,322.3188,476.6812,301.3696,296.12,150.5,148.7368,342.3487,334.8357,488.9714,-5.1847,1.6017,-0.0001,0,-0.2285,1.5597,-0.2192,1.553,0.6662,162.7129,158.5215,164.2109,163.6406,162.2715,0.6877,0.6838,0.6993,0.7101,0.6838,0.6659,0.6376,0.6433,0.6492,0.6376,0.6418,0.6568,0.6601,0.6285,0.6115,0.6325,0.6434,0.6112,0.6112,0.6915,0.4398,0.6923,0.6652,0.4398,0.6672,0.6518,0.6217,0.6779,0.6943,0.6454,0.6697,0.623,0.6217,0,0,0,0,0,v1.0.1,2025_12_22,314,314.6038,439.0625,300.1071,300.3306,183.7769,185.8279,329.3443,328.0702,444.5789,-6.0418,-5.0178,-0.0001,-0.0001,-0.2149,1.5662,-0.214,1.5624,0.6749,176.1113,175.2451,173.082,175.334,174.9431,0.7989,0.7004,0.8036,0.7004,0.7004,0.7519,0.6634,0.7535,0.6494,0.6494,0.7706,0.7724,0.7584,0.6882,0.6882,0.7367,0,0.7351,0.664,0.664,0,0,0,0,0,v1.0.1,2025_12_22,313.9813,314.4486,439.7946,299.9196,300.1967,182.9918,184.9274,329.3468,328.1739,445.4609,-6.0852,-5.0665,-0.0001,-0.0001,-0.2145,1.5658,-0.2144,1.5624,0.6748,148.9717,144.165,142.958,146.6172,145.678,0.6679,0.5986,0.6752,0.6133,0.5986,0.6331,0.5626,0.6282,0.5834,0.5626,0.6402,0.6356,0.6434,0.5992,0.5992,0.5921,0.5168,0.584,0.5546,0.5168,0,0,0,0,0,-0.005,-0.0485,0.0062,-0.0414,-0.0414,-0.0085,-0.0725,-0.0115,-0.0452,-0.0452,0.0118,0.0166,-0.0035,-0.0049,-0.0955,-0.0938,-0.0548,-0.0492,0.0064,0.0011,0.0138,-0.0243,0.0021,0.0035,0.0099,0.0011,-0.0346,-0.0213,-0.0217,-0.027,-0.0022,0.0019,-0.0031,-0.008,-0.0578,-0.0327,-0.0053,-0.0059,0.004,0.0194,0.0042,-0.1201,-0.0019,-0.0975,-0.0943,0.0024,-0.1291,-0.0078,-0.1027,-0.1001,-0.0174,0.0166,0.0008,-0.0057,-0.0109,0.0013,0.006,-0.0748,-0.0034,-0.078,-0.0633,0.0097,-0.0899,0.0086,-0.0559,-0.057,-0.0001,0.0065,0.0014,0.0008,0.0008,-0.0129,-0.0078,TRUE,TRUE
DTC_R_80,LanSi,1,CW_01,B,2026-03-28 14:18:09+08:00,ONLINE,FALSE,,CW_1_01,PASS,,,51.4359102,_2026032814180954501,T20260328141809,DESKTOP-P2DUL42,Loma,1,CW_1_01,1,paul di,2024.0718.155524,V20260126.2,CW_DTCL_DTCR_STC,T20260328141900,51.4359102,TRUE,TRUE,TRUE,TRUE,TRUE,TRUE,TRUE,4S2RND2HBL0DP6,v1.0.1,2025_12_22,315.0362,316.8841,474.8759,296.9562,295.4558,147.4014,149.4539,337.2697,335.2695,484.6667,-5.4817,-2.8644,-0.0001,0,-0.2235,1.5553,-0.222,1.5503,0.665,153.3311,149.2637,150.6055,153.5742,151.6936,0.867,0.837,0.8661,0.8296,0.8296,0.8247,0.7572,0.7957,0.7529,0.7529,0.83,0.8077,0.8062,0.819,0.7682,0.7488,0.7127,0.7055,0.7055,0.831,0.7902,0.7995,0.98,0.7902,0.8393,0.7701,0.7783,0.8257,0.8129,0.8268,0.7348,0.8458,0.7348,0,0,0,0,0,v1.0.1,2025_12_22,315,316.9137,476,296.9137,295.2148,146.3289,148.3487,337.3224,335.5845,485.7042,-5.4704,-2.8634,-0.0001,0,-0.2231,1.5548,-0.2213,1.5489,0.6648,164.083,156.7568,167.0889,166.7158,163.6611,0.7129,0.6873,0.7107,0.6908,0.6873,0.6793,0.6381,0.6631,0.6445,0.6381,0.6548,0.6504,0.6454,0.6539,0.6443,0.6446,0.5947,0.6094,0.5947,0.6855,0.6542,0.6746,0.2682,0.2682,0.66,0.6668,0.6658,0.6815,0.6578,0.6336,0.635,0.6728,0.6336,0,0,0,0,0,v1.0.1,2025_12_22,317.1509,328.4057,441.6228,313.2807,302.6984,195.5952,188.6777,342.6777,331.7611,456.6637,-3.1178,7.8246,0,0.0001,-0.2204,1.5619,-0.2101,1.5569,0.6721,174.9971,172.6797,174.6992,176.5518,174.7319,0.7967,0.7162,0.8027,0.7075,0.7075,0.7668,0.6536,0.7543,0.6418,0.6418,0.7572,0.7687,0.7521,0.7462,0.7462,0.7408,0.687,0.7101,0,0.687,0,0,0,0,0,v1.0.1,2025_12_22,317.1509,328.4057,442.4775,313.2072,302.5806,194.8548,187.813,342.7317,331.9273,457.5,-3.1101,7.8399,0,0.0001,-0.2202,1.5616,-0.2098,1.5563,0.672,148.7734,141.9248,145.1338,146.5586,145.5977,0.6776,0.6102,0.6802,0.6109,0.6102,0.6337,0.5797,0.6483,0.5592,0.5592,0.636,0.6424,0.6307,0.6361,0.6307,0.5991,0.548,0.5588,0.4442,0.4442,0,0,0,0,0,-0.0025,-0.0501,-0.0171,-0.0473,-0.0399,-0.001,-0.0448,-0.0118,-0.0887,-0.0491,0.0288,-0.012,-0.0145,0.0023,-0.038,-0.0661,-0.0856,-0.1273,-0.0203,-0.0071,0.0038,-0.0277,0,-0.0279,-0.0218,-0.0037,-0.0139,-0.008,-0.0365,-0.0139,0.0372,-0.0042,-0.0119,-0.0207,0.0051,-0.0331,-0.0403,-0.0292,-0.0025,0.0129,-0.008,-0.1103,-0.0184,-0.1146,-0.0972,-0.0022,-0.1049,-0.0253,-0.1478,-0.1167,-0.0089,0.0071,-0.0078,0.003,-0.0049,-0.0323,0.0068,-0.0661,0.0058,-0.0752,-0.0606,-0.0148,-0.0636,0.0008,-0.0875,-0.0841,0.0343,-0.001,0.0008,0.01,0.029,-0.0048,-0.0356,TRUE,TRUE
DTC_L_80,LanSi,1,CW_01,A,2026-03-28 14:18:09+08:00,ONLINE,FALSE,,CW_1_01,PASS,,,51.7560546,_2026032814180954502,T20260328141809,DESKTOP-P2DUL42,Loma,1,CW_1_01,2,paul di,2024.0718.155524,V20260126.2,CW_DTCL_DTCR_STC,T20260328141901,51.7560546,TRUE,TRUE,TRUE,TRUE,TRUE,TRUE,TRUE,4S2RND2HBL06DS,v1.0.1,2025_12_22,315.2612,322.8955,475.3481,302.1185,296.1933,152.2867,149.7619,342.8231,334.6232,488.6087,-5.2624,2.2465,-0.0001,0,-0.2285,1.559,-0.2193,1.554,0.6663,155.127,150.9004,149.5898,154.1504,152.4419,0.8067,0.7787,0.8363,0.7805,0.7787,0.7777,0.7365,0.7608,0.7351,0.7351,0.8167,0.8076,0.8039,0.756,0.7072,0.7264,0.7085,0.6955,0.6955,0.8193,0.98,0.8295,0.7652,0.7652,0.8696,0.7609,0.7591,0.8411,0.8252,0.7759,0.7637,0.7721,0.7591,0,0,0,0,0,v1.0.1,2025_12_22,315.1014,322.9058,476.4191,302.0441,296.1133,151.28,148.6107,343.0403,334.7842,489.6906,-5.2942,2.2922,-0.0001,0,-0.2281,1.5601,-0.2198,1.5528,0.6662,161.7285,157.585,163.7061,162.6689,161.4221,0.6749,0.6619,0.7054,0.6964,0.6619,0.6511,0.6175,0.6493,0.6303,0.6175,0.6515,0.6507,0.655,0.6323,0.6052,0.6298,0.5755,0.6138,0.5755,0.6724,0.4264,0.6837,0.6737,0.4264,0.6642,0.6389,0.637,0.6718,0.6547,0.667,0.6671,0.6365,0.6365,0,0,0,0,0,v1.0.1,2025_12_22,314,315.1538,438.7679,300.6696,300.4068,184.5,185.9492,329.8898,328,445.1026,-6.0752,-4.4368,-0.0001,0,-0.2151,1.5666,-0.2141,1.563,0.6751,175.1602,173.918,172.3477,174.1758,173.9004,0.7689,0.6771,0.804,0.6736,0.6736,0.7295,0.6456,0.7429,0.6431,0.6431,0.7672,0.7801,0.7558,0.6973,0.6973,0.7205,0,0.7212,0.6545,0.6545,0,0,0,0,0,v1.0.1,2025_12_22,313.8824,315.0588,439.6174,300.5478,300.1765,183.8235,185,329.8992,328,446,-6.1648,-4.4341,-0.0001,0,-0.2144,1.5662,-0.2141,1.5629,0.6751,148.168,143.4189,142.3682,145.9141,144.9673,0.6612,0.5991,0.6649,0.6101,0.5991,0.6149,0.5495,0.6153,0.5781,0.5495,0.6385,0.6333,0.6399,0.6174,0.6174,0.5909,0.5283,0.5813,0.5436,0.5283,0,0,0,0,0,-0.02,-0.0796,0.0044,-0.0411,-0.0429,-0.0132,-0.0972,-0.041,-0.0486,-0.0486,0.0154,-0.0063,-0.0151,-0.0129,-0.1182,-0.0948,-0.094,-0.0589,0.0011,0.0128,0.001,-0.0462,0.0082,-0.0102,-0.012,-0.0137,-0.0547,-0.0153,-0.0406,-0.0471,0.0075,-0.0042,-0.0082,-0.0042,-0.0641,-0.0354,-0.0732,-0.0033,-0.0151,0.0108,-0.0258,-0.1434,-0.0015,-0.1243,-0.1211,-0.02,-0.1469,-0.0184,-0.109,-0.1064,-0.0208,0.0243,-0.0018,0.0034,-0.0271,-0.0126,-0.0007,-0.0743,-0.0137,-0.0812,-0.0628,-0.0085,-0.103,-0.0043,-0.0612,-0.0701,-0.0018,0.0042,-0.0021,0.019,0.019,-0.0141,-0.0105,TRUE,TRUE
DTC_L_81,LanSi,1,CW_01,B,2026-03-28 14:21:04+08:00,ONLINE,FALSE,,CW_1_01,PASS,,,52.2587022,_2026032814210441102,T20260328142104,DESKTOP-P2DUL42,Loma,1,CW_1_01,2,paul di,2024.0718.155524,V20260126.2,CW_DTCL_DTCR_STC,T20260328142156,52.2587022,TRUE,TRUE,TRUE,TRUE,TRUE,TRUE,TRUE,4S2RND2HBL06DS,v1.0.1,2025_12_22,314.1691,322.7647,474.4394,302.1742,294.8456,151.7383,148.44,342.44,333.695,489.3262,-6.3822,2.1887,-0.0001,0,-0.2273,1.5578,-0.2177,1.5536,0.6666,155.6064,151.6885,149.6143,154.4795,152.8472,0.8078,0.7946,0.8412,0.7943,0.7943,0.7776,0.7581,0.8008,0.746,0.746,0.8195,0.8111,0.8194,0.7561,0.7445,0.7181,0.7703,0.7024,0.7024,0.8231,0.6851,0.8179,0.8099,0.6851,0.853,0.7852,0.783,0.8334,0.8264,0.8553,0.783,0.7824,0.7824,0,0,0,0,0,v1.0.1,2025_12_22,314.2409,322.8467,475.5672,302.1194,294.8067,150.7133,147.3026,342.5395,333.8071,490.3214,-6.3551,2.2081,-0.0001,0,-0.2273,1.5579,-0.2169,1.554,0.6669,163.4082,158.834,164.7773,164.1816,162.8003,0.6611,0.678,0.6892,0.6932,0.6611,0.6621,0.6338,0.6539,0.6513,0.6338,0.64,0.6523,0.6536,0.6218,0.628,0.6274,0.6424,0.6176,0.6176,0.6733,0.5951,0.6685,0.6883,0.5951,0.6535,0.6596,0.6437,0.669,0.671,0.683,0.6766,0.6282,0.6282,0,0,0,0,0,v1.0.1,2025_12_22,312.9706,315.049,437.9541,300.7156,299,184.1026,184.5,329.5,327.0265,445.4513,-7.2097,-4.5363,-0.0001,0,-0.2137,1.564,-0.2115,1.5629,0.6754,175.6582,174.7432,172.5732,174.8652,174.46,0.7844,0.6852,0.8055,0.6785,0.6785,0.7346,0.644,0.7613,0.6523,0.644,0.7746,0.7716,0.777,0.6894,0.6894,0.7371,0,0.7343,0.7329,0.7329,0,0,0,0,0,v1.0.1,2025_12_22,312.8476,315,438.6842,300.6404,298.839,183.5424,183.605,329.605,327.1949,446.3559,-7.2658,-4.4713,-0.0001,0,-0.2131,1.5641,-0.212,1.5615,0.6751,149.6523,144.3369,143.8047,146.9043,146.1746,0.6441,0.5902,0.6736,0.6074,0.5902,0.6316,0.5612,0.6342,0.5794,0.5612,0.6318,0.6173,0.6418,0.6034,0.6034,0.5913,0.5296,0.5793,0.5915,0.5296,0,0,0,0,0,-0.0189,-0.0637,0.0093,-0.0273,-0.0273,-0.0133,-0.0756,-0.001,-0.0377,-0.0377,0.0182,-0.0028,0.0004,-0.0128,-0.0809,-0.1031,-0.0322,-0.052,0.0049,0.0012,-0.0128,-0.0301,-0.008,-0.0134,-0.0128,-0.0027,-0.0384,-0.0107,-0.0196,-0.0308,-0.004,-0.0026,-0.0096,-0.0147,-0.0413,-0.0378,-0.0063,0.0005,-0.0142,-0.0044,-0.0103,-0.1353,0,-0.1194,-0.1162,-0.0149,-0.1485,0,-0.0998,-0.1055,-0.0134,0.0158,0.0194,-0.0045,-0.0105,0.0005,-0.0178,-0.0832,-0.005,-0.0839,-0.0717,0.0082,-0.0913,0.0146,-0.0599,-0.0584,-0.0085,-0.0118,-0.0002,0.005,0.005,-0.0137,-0.0125,TRUE,TRUE
DTC_R_81,LanSi,1,CW_01,C,2026-03-28 14:21:04+08:00,ONLINE,FALSE,,CW_1_01,PASS,,,52.04627,_2026032814210462901,T20260328142104,DESKTOP-P2DUL42,Loma,1,CW_1_01,1,paul di,2024.0718.155524,V20260126.2,CW_DTCL_DTCR_STC,T20260328142156,52.04627,TRUE,TRUE,TRUE,TRUE,TRUE,TRUE,TRUE,4S2RND2HBL0DP6,v1.0.1,2025_12_22,315.0362,316.1159,474.6963,296.0815,295.3931,146.7103,149.3487,336.3224,335.3688,483.7092,-5.5314,-3.7121,-0.0001,0,-0.2243,1.5548,-0.2208,1.5495,0.6648,153.8848,150.709,150.8906,153.8545,152.3347,0.8658,0.8322,0.8533,0.8221,0.8221,0.8155,0.7479,0.8088,0.7731,0.7479,0.8243,0.812,0.8042,0.8074,0.7606,0.756,0.7025,0.695,0.695,0.8348,0.8083,0.7999,0.5672,0.5672,0.8428,0.7713,0.7783,0.83,0.8116,0.7915,0.7916,0.8487,0.7713,0,0,0,0,0,v1.0.1,2025_12_22,315.0429,316.1071,475.7464,295.971,295.1959,145.777,148.1513,336.4605,335.5845,484.7113,-5.5558,-3.6946,-0.0001,0,-0.2241,1.5543,-0.2208,1.549,0.6646,162.3076,155.2764,164.9668,164.7891,161.835,0.7055,0.6918,0.7026,0.7099,0.6918,0.6782,0.6393,0.6668,0.6446,0.6393,0.6409,0.6672,0.6478,0.6518,0.6363,0.6384,0.5868,0.6095,0.5868,0.6779,0.6574,0.6782,0.4347,0.4347,0.6435,0.6429,0.661,0.679,0.6581,0.6764,0.6476,0.6869,0.6429,0,0,0,0,0,v1.0.1,2025_12_22,317.0849,327.6698,441.5175,312.3421,302.6063,194.9606,188.5772,341.7886,331.7768,455.8571,-3.1874,7.0237,0,0.0001,-0.222,1.5616,-0.2089,1.5562,0.6717,175.3877,174.3545,174.9854,176.4258,175.2883,0.8014,0.7129,0.8043,0.6991,0.6991,0.7643,0.6546,0.7666,0.6498,0.6498,0.7745,0.7761,0.7565,0.7444,0.7444,0.744,0.6705,0.7293,0,0.6705,0,0,0,0,0,v1.0.1,2025_12_22,317.0952,327.7238,442.3186,312.2832,302.5159,194.1587,187.6016,342.0488,331.7727,456.7,-3.2392,7.0829,0,0.0001,-0.2222,1.5616,-0.2097,1.557,0.6717,147.001,140.4512,143.2139,145.0645,143.9326,0.6601,0.6129,0.6785,0.599,0.599,0.6417,0.5859,0.6525,0.5657,0.5657,0.6308,0.6349,0.6335,0.637,0.6308,0.592,0.5529,0.5784,0.5242,0.5242,0,0,0,0,0,-0.0037,-0.0549,-0.0299,-0.0548,-0.0474,-0.0102,-0.0541,0.0013,-0.0685,-0.0541,0.0231,-0.0077,-0.0165,-0.0093,-0.0456,-0.0589,-0.0958,-0.1378,-0.0165,-0.0067,-0.0036,-0.0232,-0.0081,-0.0088,-0.0173,-0.0048,-0.0127,-0.0043,-0.0364,-0.0127,0.0233,0.0126,-0.0095,-0.0228,-0.0029,-0.0393,-0.0482,-0.0291,-0.0101,0.0165,-0.0033,-0.1136,-0.0168,-0.123,-0.1056,-0.0047,-0.1039,-0.013,-0.1398,-0.1087,0.0084,0.0145,-0.0034,0.0012,-0.0017,-0.0131,-0.0107,-0.0634,0.0041,-0.0871,-0.0718,-0.0068,-0.0574,0.005,-0.081,-0.0776,0.0291,-0.0085,0.0036,0.0109,0.0291,-0.0119,-0.016,TRUE,TRUE
DTC_R_82,LanSi,1,CW_01,A,2026-03-28 14:52:15+08:00,ONLINE,FALSE,,CW_1_01,PASS,,,51.4881902,_2026032814521517401,T20260328145215,DESKTOP-P2DUL42,Loma,1,CW_1_01,1,paul di,2024.0718.155524,V20260126.2,CW_DTCL_DTCR_STC,T20260328145306,51.4881902,TRUE,TRUE,TRUE,TRUE,TRUE,TRUE,TRUE,4S2RND2HBL0DP6,v1.0.1,2025_12_22,315.3684,317.1353,475.7353,297.8897,295.8966,149.1862,149.5811,337.2838,336,486.1849,-4.9837,-1.964,0,0,-0.2189,1.5549,-0.2204,1.5488,0.6661,152.2422,149.334,150.3477,153.3379,151.3154,0.8592,0.7795,0.8646,0.788,0.7795,0.834,0.738,0.8047,0.7752,0.738,0.8308,0.8248,0.7861,0.8186,0.7178,0.7161,0.7756,0.784,0.7161,0.8404,0.7975,0.806,0.98,0.7975,0.8381,0.7687,0.7645,0.8263,0.7864,0.7133,0.8282,0.8483,0.7133,0,0,0,0,0,v1.0.1,2025_12_22,315.2647,317.1103,476.7956,297.7299,295.7708,148.2292,148.4467,337.3533,336.1391,487.2583,-5.0166,-1.9638,-0.0001,0,-0.2189,1.5554,-0.2202,1.5482,0.6661,163.1387,157.0469,165.4746,165.2275,162.7219,0.6989,0.6628,0.7036,0.6782,0.6628,0.6692,0.6328,0.6655,0.663,0.6328,0.6621,0.6541,0.6465,0.6552,0.6121,0.6177,0.622,0.6489,0.6121,0.6715,0.6535,0.6638,0.2745,0.2745,0.6534,0.6519,0.6508,0.6608,0.6571,0.6289,0.6318,0.6711,0.6289,0,0,0,0,0,v1.0.1,2025_12_22,317.6,328.5,442.4138,313.6552,303,197,188.8618,342.6179,332.1947,457.4159,-2.6859,8.3378,0,0.0001,-0.2179,1.5597,-0.2087,1.5575,0.6727,173.8047,172.6582,174.4961,176.0137,174.2432,0.8046,0.6354,0.8082,0.6573,0.6354,0.7731,0.6101,0.7623,0.679,0.6101,0.7763,0.7607,0.7464,0.7489,0.7464,0.7691,0.6641,0.7285,0,0.6641,0,0,0,0,0,v1.0.1,2025_12_22,317.5495,328.5135,443.2124,313.5487,302.9339,196.1322,187.8607,342.7131,332.1983,458.1638,-2.749,8.3143,0,0.0001,-0.218,1.5603,-0.2085,1.5578,0.6729,148.2246,142.3242,144.083,145.7627,145.0986,0.6625,0.5516,0.6681,0.5844,0.5516,0.6426,0.5453,0.6431,0.5828,0.5453,0.6383,0.6408,0.6334,0.643,0.6334,0.595,0.5593,0.575,0.4243,0.4243,0,0,0,0,0,-0.0103,-0.1076,-0.0186,-0.0889,-0.09,0.0083,-0.064,-0.0028,-0.0664,-0.064,0.0296,0.0051,-0.0346,0.0019,-0.0884,-0.0988,-0.0227,-0.0488,-0.0109,-0.0006,-0.0102,-0.0522,-0.0071,-0.0405,-0.0463,-0.0138,-0.0192,-0.0056,-0.018,-0.0192,0.0445,-0.0005,-0.0108,-0.0194,-0.0271,-0.06,-0.013,0.0103,-0.0165,0.0021,-0.0001,-0.1911,-0.0129,-0.1648,-0.1693,0.0041,-0.1484,-0.0173,-0.1106,-0.1484,0.0102,-0.0009,-0.0135,0.0057,0.0234,-0.0139,-0.0083,-0.1247,-0.0063,-0.1017,-0.1192,-0.0059,-0.098,-0.0044,-0.0639,-0.098,0.0366,-0.0026,0.0035,0.0169,0.0317,-0.0089,-0.0194,TRUE,TRUE
DTC_L_82,LanSi,1,CW_01,C,2026-03-28 14:52:15+08:00,ONLINE,FALSE,,CW_1_01,PASS,,,51.4502929,_2026032814521522702,T20260328145215,DESKTOP-P2DUL42,Loma,1,CW_1_01,2,paul di,2024.0718.155524,V20260126.2,CW_DTCL_DTCR_STC,T20260328145306,51.4502929,TRUE,TRUE,TRUE,TRUE,TRUE,TRUE,TRUE,4S2RND2HBL06DS,v1.0.1,2025_12_22,314.2148,322.7778,474.391,302.1805,294.8456,151.7383,148.3684,342.4211,333.5,489.0735,-6.436,2.1382,-0.0001,0,-0.2274,1.5575,-0.2174,1.5548,0.6669,155.7881,151.9883,150.0547,155.1357,153.2417,0.8304,0.7882,0.8354,0.7864,0.7864,0.7692,0.7528,0.8025,0.7424,0.7424,0.8245,0.8006,0.825,0.7653,0.7398,0.7207,0.773,0.7003,0.7003,0.8303,0.8081,0.8162,0.8238,0.8081,0.8442,0.7944,0.7515,0.8355,0.847,0.8205,0.7911,0.7869,0.7515,0,0,0,0,0,v1.0.1,2025_12_22,314.1533,322.8102,475.4179,302.0373,294.7171,150.7105,147.2914,342.6159,333.7357,490.1071,-6.4369,2.1562,-0.0001,0,-0.2276,1.5578,-0.2176,1.5538,0.6666,162.9033,158.7002,164.5332,163.8584,162.4988,0.6823,0.6778,0.6918,0.6857,0.6778,0.6553,0.6379,0.6553,0.648,0.6379,0.6542,0.647,0.6559,0.6303,0.6269,0.6171,0.631,0.6167,0.6167,0.6701,0.6351,0.6793,0.7002,0.6351,0.6591,0.6585,0.6239,0.6823,0.6742,0.687,0.6623,0.626,0.6239,0,0,0,0,0,v1.0.1,2025_12_22,313,314.9029,437.9167,300.6759,299.0339,184.1441,184.5,329.5,327.0609,445.3565,-7.1977,-4.5841,-0.0001,0,-0.2129,1.5639,-0.2126,1.5629,0.6753,175.708,175.0596,172.8506,175.4873,174.7764,0.79,0.6864,0.8022,0.6709,0.6709,0.7496,0.6523,0.7539,0.6614,0.6523,0.7798,0.7605,0.7716,0.6943,0.6943,0.7301,0,0.7297,0.7244,0.7244,0,0,0,0,0,v1.0.1,2025_12_22,312.9327,314.8558,438.6379,300.5,298.9565,183.3739,183.605,329.605,327.0431,446.1293,-7.2649,-4.6072,-0.0001,0,-0.2132,1.5644,-0.213,1.5632,0.6753,149.1602,144.2529,143.4463,146.9004,145.9399,0.663,0.5805,0.678,0.6112,0.5805,0.6212,0.5556,0.6142,0.5938,0.5556,0.6314,0.611,0.6409,0.6028,0.6028,0.5754,0.5379,0.599,0.5892,0.5379,0,0,0,0,0,0.0037,-0.0701,0.0035,-0.0352,-0.0352,-0.0217,-0.0809,0.0007,-0.0413,-0.0413,0.0232,-0.0133,0.006,-0.0036,-0.0856,-0.1005,-0.0295,-0.0541,0.0121,-0.0005,0.0084,-0.0303,-0.0054,-0.0209,0.0039,-0.0095,-0.0343,-0.0093,-0.0229,-0.0267,0.0102,-0.0079,-0.0073,-0.0062,-0.0424,-0.0481,-0.0177,-0.0004,-0.0174,0.0064,-0.0047,-0.1341,-0.0033,-0.127,-0.1238,0.0001,-0.1402,-0.0074,-0.0907,-0.0972,-0.0082,0.0047,0.014,0.0004,-0.0175,-0.0041,0.0011,-0.0929,-0.0006,-0.0801,-0.0814,-0.0022,-0.0969,-0.0054,-0.0455,-0.064,-0.0089,-0.0181,-0.0011,0.0044,0.0044,-0.0296,0.0072,TRUE,TRUE
DTC_L_83,LanSi,1,CW_01,A,2026-03-28 14:55:07+08:00,ONLINE,FALSE,,CW_1_01,PASS,,,51.504875,_2026032814550767702,T20260328145507,DESKTOP-P2DUL42,Loma,1,CW_1_01,2,paul di,2024.0718.155524,V20260126.2,CW_DTCL_DTCR_STC,T20260328145559,51.504875,TRUE,TRUE,TRUE,TRUE,TRUE,TRUE,TRUE,4S2RND2HBL06DS,v1.0.1,2025_12_22,314.2222,322.8667,474.2899,302.413,294.8667,151.88,148.3072,342.6601,333.5481,489.0741,-6.4532,2.2788,-0.0001,0,-0.2266,1.5576,-0.2182,1.5545,0.6668,155.7842,150.9492,149.5488,154.8271,152.7773,0.8267,0.7817,0.8459,0.7885,0.7817,0.7657,0.7712,0.806,0.7524,0.7524,0.8112,0.8149,0.8147,0.7724,0.7383,0.7445,0.7772,0.688,0.688,0.8114,0.3544,0.8082,0.8388,0.3544,0.845,0.7732,0.776,0.8291,0.798,0.8252,0.8072,0.7677,0.7677,0,0,0,0,0,v1.0.1,2025_12_22,314.1277,323,475.3571,302.4286,294.7255,150.9412,147.1905,342.8503,333.8,490.1643,-6.4598,2.3769,-0.0001,0,-0.2264,1.558,-0.2178,1.5531,0.6667,162.9922,157.8955,164.4248,163.748,162.2651,0.6887,0.6589,0.6884,0.6929,0.6589,0.6517,0.6353,0.6496,0.6494,0.6353,0.648,0.6516,0.6571,0.6316,0.6116,0.6288,0.6357,0.6169,0.6116,0.6781,0.4908,0.6517,0.6943,0.4908,0.6669,0.6574,0.6148,0.6786,0.6793,0.6847,0.6736,0.6356,0.6148,0,0,0,0,0,v1.0.1,2025_12_22,312.9519,315.25,437.9455,301,298.9829,184.3675,184.5,329.6667,327.0614,445.4123,-7.2117,-4.3607,-0.0001,0,-0.213,1.564,-0.2112,1.5623,0.6755,175.6396,173.7725,172.4453,175.0713,174.2322,0.7835,0.6831,0.8047,0.6769,0.6769,0.7485,0.6609,0.764,0.6637,0.6609,0.7745,0.7688,0.7747,0.7004,0.7004,0.7435,0,0.7159,0.7263,0.7159,0,0,0,0,0,v1.0.1,2025_12_22,312.9135,315.2212,438.6696,300.7679,298.8051,183.6441,183.5462,329.6891,327.0783,446.2783,-7.2975,-4.3799,-0.0001,0,-0.2139,1.5635,-0.2109,1.5626,0.6753,149.0703,143.4229,143.3809,146.7627,145.6592,0.6495,0.5787,0.6725,0.6092,0.5787,0.6178,0.5714,0.6212,0.5906,0.5714,0.6212,0.6318,0.6495,0.6216,0.6212,0.5952,0.5502,0.5595,0.5707,0.5502,0,0,0,0,0,0,-0.0766,0.014,-0.0331,-0.0399,-0.0252,-0.0625,0.0042,-0.0313,-0.0313,0.0099,0.001,-0.0043,0.0035,-0.0871,-0.0767,-0.0253,-0.0664,-0.0068,-0.0085,0.0148,-0.0492,-0.0088,-0.0137,-0.015,-0.0131,-0.0369,-0.015,-0.0215,-0.0293,0.004,-0.0033,-0.0061,-0.0049,-0.0577,-0.0364,-0.013,-0.0002,-0.0094,-0.0212,-0.0112,-0.1374,-0.0008,-0.121,-0.1178,-0.001,-0.1316,0.0027,-0.0884,-0.0886,-0.0135,0.013,0.0171,0.0065,-0.0041,-0.0179,-0.0124,-0.0947,-0.0061,-0.0821,-0.0832,-0.0056,-0.0811,0.0016,-0.0487,-0.0482,-0.0191,0.0027,0.0075,0.0232,0.0228,-0.0098,-0.0323,TRUE,TRUE
DTC_R_83,LanSi,1,CW_01,B,2026-03-28 14:55:07+08:00,ONLINE,FALSE,,CW_1_01,PASS,,,51.6435038,_2026032814550780901,T20260328145507,DESKTOP-P2DUL42,Loma,1,CW_1_01,1,paul di,2024.0718.155524,V20260126.2,CW_DTCL_DTCR_STC,T20260328145559,51.6435038,TRUE,TRUE,TRUE,TRUE,TRUE,TRUE,TRUE,4S2RND2HBL0DP6,v1.0.1,2025_12_22,315.3209,316.8731,475.635,297.2993,295.8243,148.6959,149.457,336.9073,336,486.4145,-5.0526,-2.262,-0.0001,0,-0.221,1.5549,-0.2197,1.5489,0.6658,154.2266,150.3945,151.3398,154.2646,152.5564,0.8595,0.7687,0.8471,0.7879,0.7687,0.8129,0.7289,0.8103,0.78,0.7289,0.8331,0.8077,0.7986,0.8203,0.7162,0.71,0.7705,0.8017,0.71,0.8277,0.8083,0.8109,0.98,0.8083,0.8458,0.7568,0.7562,0.8125,0.7887,0.7383,0.8384,0.8328,0.7383,0,0,0,0,0,v1.0.1,2025_12_22,315.219,316.8759,476.6838,297.1912,295.6174,147.6242,148.1701,337.0204,336,487.4145,-5.1619,-2.2748,-0.0001,0,-0.2208,1.555,-0.2195,1.549,0.6659,162.9189,156.5273,166.1553,165.8887,162.8726,0.704,0.6578,0.707,0.6715,0.6578,0.6802,0.6287,0.6644,0.6677,0.6287,0.6522,0.6344,0.6468,0.6597,0.6312,0.6207,0.6181,0.6419,0.6181,0.6642,0.6678,0.668,0.1999,0.1999,0.643,0.6531,0.6374,0.6826,0.6492,0.6644,0.6446,0.6626,0.6374,0,0,0,0,0,v1.0.1,2025_12_22,317.4673,328.1589,442.2679,313.2679,302.96,196.528,188.6942,342.438,332.0431,457.1293,-2.8135,8.0044,0,0.0001,-0.2182,1.5605,-0.2099,1.5577,0.6725,175.8174,174.1553,175.4121,177.0576,175.6106,0.8073,0.6217,0.7964,0.6458,0.6217,0.7688,0.6073,0.761,0.6839,0.6073,0.7704,0.7652,0.7493,0.7435,0.7435,0.7419,0.6539,0.7216,0,0.6539,0,0,0,0,0,v1.0.1,2025_12_22,317.4167,328.1759,443.0459,313.2844,302.8065,195.871,187.7886,342.4634,332.1565,458.0522,-2.8572,8.0694,0,0.0001,-0.2175,1.5603,-0.2093,1.5573,0.6727,147.6143,141.5762,144.332,145.7734,144.824,0.6619,0.5521,0.6742,0.5811,0.5521,0.6399,0.5531,0.6414,0.5945,0.5531,0.6355,0.6318,0.6225,0.6304,0.6225,0.5802,0.5406,0.5811,0.4142,0.4142,0,0,0,0,0,-0.01,-0.1184,-0.0361,-0.089,-0.1008,-0.0128,-0.0731,0.0028,-0.0616,-0.0731,0.0319,-0.012,-0.0221,0.0036,-0.09,-0.1049,-0.0278,-0.0311,-0.0236,0.0043,-0.0051,-0.0572,-0.0037,-0.0472,-0.0513,-0.0028,-0.0233,-0.0067,-0.0133,-0.0233,0.0346,-0.0202,-0.0105,-0.0149,-0.008,-0.057,-0.0169,0.0033,-0.0238,0.0063,0.0026,-0.2048,-0.0247,-0.1763,-0.183,-0.0002,-0.1512,-0.0186,-0.1057,-0.1512,0.0043,0.0036,-0.0106,0.0003,-0.0038,-0.0208,-0.0089,-0.1242,-0.0002,-0.105,-0.1187,-0.0086,-0.0902,-0.0061,-0.0522,-0.0902,0.0338,-0.0116,-0.0074,0.0043,0.0208,-0.0237,-0.0133,TRUE,TRUE
DTC_R_84,LanSi,1,CW_01,C,2026-03-28 14:57:02+08:00,ONLINE,FALSE,,CW_1_01,PASS,,,51.3905072,_2026032814570200601,T20260328145702,DESKTOP-P2DUL42,Loma,1,CW_1_01,1,paul di,2024.0718.155524,V20260126.2,CW_DTCL_DTCR_STC,T20260328145753,51.3905072,TRUE,TRUE,TRUE,TRUE,TRUE,TRUE,TRUE,4S2RND2HBL0DP6,v1.0.1,2025_12_22,315.0438,316.4818,474.781,296.3212,295.2448,146.6993,149.4145,336.5855,335.1844,484.1348,-5.5663,-3.4555,-0.0001,0,-0.225,1.5542,-0.2203,1.5507,0.6649,153.9824,151.1494,151.7061,154.5303,152.842,0.8676,0.8387,0.8592,0.8281,0.8281,0.8201,0.753,0.7912,0.7512,0.7512,0.8158,0.8171,0.8121,0.8237,0.7729,0.7646,0.7028,0.7137,0.7028,0.8423,0.8016,0.8058,0.98,0.8016,0.835,0.7786,0.7897,0.8233,0.8065,0.8099,0.7649,0.8493,0.7649,0,0,0,0,0,v1.0.1,2025_12_22,314.9366,316.338,475.9137,296.1223,295.0822,145.8562,148.2133,336.72,335.3121,485.2128,-5.6084,-3.4501,-0.0001,0,-0.2244,1.5543,-0.2211,1.5502,0.6648,162.5732,155.9805,165.2188,165.6611,162.3584,0.704,0.6928,0.7065,0.6974,0.6928,0.6783,0.6386,0.6589,0.6553,0.6386,0.6449,0.6511,0.6558,0.6647,0.6483,0.6386,0.601,0.6049,0.601,0.677,0.6567,0.6485,0.3565,0.3565,0.6682,0.6497,0.6469,0.6806,0.6623,0.645,0.6398,0.6863,0.6398,0,0,0,0,0,v1.0.1,2025_12_22,317.1923,327.9615,441.6195,312.646,302.632,195.12,188.6134,342.3025,331.6875,456.3482,-3.1511,7.3757,0,0.0001,-0.222,1.5611,-0.2106,1.5579,0.6716,174.2109,173.6211,174.6357,176.2695,174.6843,0.7983,0.7192,0.8072,0.7025,0.7025,0.7492,0.6527,0.761,0.6508,0.6508,0.7803,0.757,0.7494,0.7426,0.7426,0.7344,0.6839,0.7148,0,0.6839,0,0,0,0,0,v1.0.1,2025_12_22,317.1524,328,442.4298,312.5702,302.584,194.44,187.6364,342.438,331.8716,457.1009,-3.1652,7.4098,0,0.0001,-0.222,1.5616,-0.2105,1.5568,0.6715,147.3604,141.2236,143.8486,146.1094,144.6355,0.6769,0.6139,0.6838,0.609,0.609,0.6483,0.574,0.642,0.5654,0.5654,0.6234,0.6375,0.6394,0.6321,0.6234,0.584,0.555,0.5915,0.4568,0.4568,0,0,0,0,0,-0.0019,-0.0484,-0.024,-0.0488,-0.0414,-0.0056,-0.049,-0.0163,-0.0904,-0.0508,0.0146,-0.0026,-0.0086,0.007,-0.0333,-0.0503,-0.0955,-0.1191,-0.009,-0.0008,-0.0051,-0.0222,-0.0042,-0.0213,-0.0163,-0.0047,-0.0134,-0.0122,-0.0257,-0.0134,0.0273,-0.0035,-0.0015,-0.0099,0.0091,-0.0391,-0.034,-0.0337,-0.011,-0.0132,-0.0064,-0.1073,-0.0139,-0.1196,-0.1022,-0.0198,-0.1058,-0.0186,-0.1388,-0.1077,0.0142,-0.0046,-0.0105,-0.0006,-0.0113,-0.0276,0.0061,-0.0624,0.0094,-0.0771,-0.0618,-0.0002,-0.0693,-0.0055,-0.0813,-0.0779,0.0217,-0.0059,0.0095,0.006,0.0217,-0.0199,-0.0029,TRUE,TRUE
DTC_L_84,LanSi,1,CW_01,B,2026-03-28 14:57:02+08:00,ONLINE,FALSE,,CW_1_01,PASS,,,51.350614,_2026032814570205902,T20260328145702,DESKTOP-P2DUL42,Loma,1,CW_1_01,2,paul di,2024.0718.155524,V20260126.2,CW_DTCL_DTCR_STC,T20260328145753,51.350614,TRUE,TRUE,TRUE,TRUE,TRUE,TRUE,TRUE,4S2RND2HBL06DS,v1.0.1,2025_12_22,314.1691,322.7647,474.4394,302.1742,294.8079,151.7616,148.4371,342.3179,333.6479,488.4296,-6.3997,1.9896,-0.0001,0,-0.2273,1.5575,-0.2169,1.5532,0.6666,154.4082,150.3389,148.1992,153.5566,151.6257,0.8223,0.7971,0.8421,0.7856,0.7856,0.7899,0.7599,0.807,0.7331,0.7331,0.8204,0.8201,0.8132,0.7814,0.7348,0.718,0.748,0.6916,0.6916,0.8123,0.98,0.8279,0.8314,0.8123,0.8411,0.7784,0.7518,0.831,0.8372,0.8186,0.8125,0.7604,0.7518,0,0,0,0,0,v1.0.1,2025_12_22,314.1957,322.8333,475.4662,302.0376,294.719,150.7712,147.3333,342.3922,333.773,489.4539,-6.4026,1.9976,-0.0001,0,-0.2277,1.5576,-0.2162,1.5533,0.6667,163.3213,158.6885,164.6621,164.21,162.7205,0.6783,0.6794,0.6946,0.6907,0.6783,0.6651,0.6346,0.6558,0.6493,0.6346,0.6507,0.6546,0.6635,0.6278,0.6246,0.6255,0.6428,0.5985,0.5985,0.6904,0.4656,0.6744,0.697,0.4656,0.6528,0.6632,0.6242,0.677,0.6932,0.6937,0.6804,0.6333,0.6242,0,0,0,0,0,v1.0.1,2025_12_22,312.9714,315.0095,437.9541,300.7156,299.0339,184.1441,184.5833,329.4417,327.0431,444.8707,-7.1828,-4.6637,-0.0001,0,-0.2134,1.5642,-0.2114,1.5623,0.6754,175.665,174.4844,172.4248,175.1211,174.4238,0.7966,0.694,0.8038,0.6759,0.6759,0.7485,0.6614,0.761,0.6421,0.6421,0.7807,0.7758,0.7697,0.6969,0.6969,0.7314,0,0.734,0.7468,0.7314,0,0,0,0,0,v1.0.1,2025_12_22,312.9223,314.9223,438.7768,300.6339,298.8362,183.4483,183.8017,329.4793,327.1795,445.7179,-7.1967,-4.6596,-0.0001,0,-0.2125,1.5635,-0.2117,1.5617,0.6752,149.4961,144.0439,143.1855,147.0039,145.9324,0.6621,0.5914,0.6809,0.593,0.5914,0.628,0.5662,0.6182,0.5795,0.5662,0.631,0.6301,0.6416,0.6214,0.6214,0.5884,0.5159,0.5809,0.5889,0.5159,0,0,0,0,0,-0.0044,-0.0612,0.0102,-0.036,-0.036,-0.001,-0.0738,0.0052,-0.0506,-0.0506,0.0191,0.0062,-0.0058,0.0125,-0.0906,-0.1032,-0.0545,-0.0628,-0.0059,0.0112,0.0044,-0.0287,-0.0026,-0.0159,0.0044,0.0003,-0.0376,-0.0088,-0.0216,-0.03,0.0067,-0.0003,0.0003,-0.0087,-0.0447,-0.0397,-0.0059,-0.0186,0.0029,0.0015,0.0019,-0.1265,-0.0017,-0.122,-0.1188,-0.001,-0.1311,-0.0003,-0.11,-0.1074,-0.0073,0.02,0.0121,0.003,-0.0162,0.0002,0.0002,-0.082,0.0023,-0.0983,-0.0705,0.0046,-0.0863,-0.0014,-0.0598,-0.0534,-0.0093,0.001,-0.0004,0.023,0.023,-0.0166,-0.0109,TRUE,TRUE
DTC_L_85,LanSi,1,CW_01,C,2026-03-28 14:58:45+08:00,ONLINE,FALSE,,CW_1_01,PASS,,,52.0828979,_2026032814584567202,T20260328145845,DESKTOP-P2DUL42,Loma,1,CW_1_01,2,paul di,2024.0718.155524,V20260126.2,CW_DTCL_DTCR_STC,T20260328145937,52.0828979,TRUE,TRUE,TRUE,TRUE,TRUE,TRUE,TRUE,4S2RND2HBL06DS,v1.0.1,2025_12_22,314.2222,323.8667,474.3603,303.5441,294.9597,153.255,148.3467,343.7667,333.5,490.0746,-6.4222,3.4014,-0.0001,0,-0.2257,1.5579,-0.2189,1.5548,0.667,155.9834,151.8467,150.0518,155.0791,153.2402,0.824,0.7975,0.8419,0.7689,0.7689,0.7733,0.7485,0.8009,0.6787,0.6787,0.8196,0.8269,0.8189,0.7613,0.7378,0.7202,0.7595,0.6958,0.6958,0.8255,0.98,0.8305,0.8118,0.8118,0.726,0.6614,0.7858,0.8242,0.8324,0.8172,0.7844,0.7493,0.6614,0,0,0,0,0,v1.0.1,2025_12_22,314.1884,323.913,475.4604,303.3813,294.8133,152.2267,147.2162,344.0135,333.7319,491.0435,-6.4179,3.4156,-0.0001,0,-0.2261,1.5579,-0.2193,1.5539,0.6666,162.2041,158.124,164.2949,162.9863,161.9023,0.6688,0.6727,0.689,0.6873,0.6688,0.6538,0.6405,0.6504,0.6143,0.6143,0.6434,0.6627,0.6625,0.6317,0.6231,0.6271,0.6314,0.5997,0.5997,0.674,0.4224,0.6842,0.6848,0.4224,0.5243,0.5478,0.6595,0.6743,0.6792,0.6801,0.6866,0.632,0.5243,0,0,0,0,0,v1.0.1,2025_12_22,312.9608,316.1373,438,301.9455,299.0924,185.5546,184.5785,330.7851,327.0862,446.2241,-7.1564,-3.3707,-0.0001,0,-0.2125,1.5645,-0.2131,1.5621,0.6753,175.79,175.0908,173.0889,175.1777,174.7869,0.7877,0.6795,0.8053,0.6654,0.6654,0.7454,0.6515,0.762,0.6673,0.6515,0.7785,0.7822,0.7739,0.6947,0.6947,0.7431,0,0.737,0.706,0.706,0,0,0,0,0,v1.0.1,2025_12_22,312.9706,316.049,438.7699,301.7699,298.9915,184.7627,183.6333,330.8083,327.1102,447.0763,-7.2049,-3.4068,-0.0001,0,-0.2125,1.5642,-0.2131,1.5628,0.6753,148.9492,143.8359,143.1611,146.248,145.5486,0.6562,0.5911,0.6848,0.6014,0.5911,0.6297,0.559,0.6285,0.5937,0.559,0.6413,0.6442,0.6415,0.6209,0.6209,0.5867,0.52,0.5798,0.5681,0.52,0,0,0,0,0,-0.0027,-0.0608,0.01,-0.0527,-0.0527,-0.0176,-0.0852,-0.0009,-0.105,-0.105,0.0183,0.013,-0.0001,-0.0076,-0.0876,-0.101,-0.043,-0.0586,0.0073,0.0138,-0.0051,-0.0354,-0.0082,-0.0193,-0.0051,-0.011,-0.0317,-0.0142,-0.0566,-0.0503,-0.0006,0.0078,-0.0007,-0.0048,-0.0462,-0.0381,-0.0173,-0.0174,-0.0135,0.0113,-0.007,-0.141,-0.0002,-0.1325,-0.1293,-0.0041,-0.141,0.0007,-0.0848,-0.098,-0.0095,0.0264,0.0163,0.0008,-0.0045,0.0032,-0.0057,-0.0823,0.0062,-0.0899,-0.0708,0.0063,-0.0935,0.0089,-0.0456,-0.0606,0.001,0.0151,-0.0005,0.0225,0.0225,-0.0183,-0.012,TRUE,TRUE
DTC_R_85,LanSi,1,CW_01,A,2026-03-28 14:58:45+08:00,ONLINE,FALSE,,CW_1_01,PASS,,,52.0739211,_2026032814584568101,T20260328145845,DESKTOP-P2DUL42,Loma,1,CW_1_01,1,paul di,2024.0718.155524,V20260126.2,CW_DTCL_DTCR_STC,T20260328145937,52.0739211,TRUE,TRUE,TRUE,TRUE,TRUE,TRUE,TRUE,4S2RND2HBL0DP6,v1.0.1,2025_12_22,315.1314,316.6277,474.8261,296.6667,295.4564,147.0067,149.3533,336.84,335.3077,484.4196,-5.485,-3.1879,-0.0001,0,-0.2238,1.5548,-0.2208,1.5506,0.6652,153.4287,149.9736,150.5,153.4248,151.8318,0.8788,0.8312,0.8566,0.8124,0.8124,0.8134,0.7486,0.8063,0.7622,0.7486,0.8218,0.805,0.811,0.8173,0.7906,0.7252,0.7125,0.6993,0.6993,0.8399,0.8099,0.7947,0.2318,0.2318,0.8521,0.79,0.7436,0.8331,0.8088,0.833,0.7812,0.8521,0.7436,0,0,0,0,0,v1.0.1,2025_12_22,315.0709,316.7092,475.8623,296.5797,295.1241,146.0828,148.0897,336.9793,335.5,485.411,-5.5706,-3.1476,-0.0001,0,-0.224,1.5539,-0.2203,1.5498,0.6648,162.6719,156.0625,165.2334,165.6738,162.4104,0.6931,0.7052,0.7103,0.6956,0.6931,0.6894,0.6389,0.6678,0.6414,0.6389,0.6426,0.659,0.6605,0.657,0.6556,0.637,0.5949,0.6079,0.5949,0.6817,0.6692,0.6629,0.4068,0.4068,0.6546,0.6673,0.6358,0.667,0.6723,0.6825,0.6495,0.6938,0.6358,0,0,0,0,0,v1.0.1,2025_12_22,317.2,328.0952,441.7321,312.7321,302.776,195.384,188.5583,342.4167,331.8053,456.4159,-3.0856,7.5088,0,0.0001,-0.2222,1.562,-0.2104,1.5569,0.6716,174.8545,173.4492,174.5596,176.1406,174.751,0.8096,0.718,0.8121,0.7009,0.7009,0.7629,0.6495,0.7607,0.6368,0.6368,0.7728,0.7698,0.7532,0.74,0.74,0.7501,0.6801,0.7281,0,0.6801,0,0,0,0,0,v1.0.1,2025_12_22,317.1981,328.1509,442.4821,312.7589,302.623,194.7623,187.6694,342.5242,331.8426,457.25,-3.137,7.5893,0,0.0001,-0.2217,1.5614,-0.21,1.5573,0.6718,147.501,141.1621,143.6084,145.6699,144.4854,0.6658,0.6103,0.6766,0.6108,0.6103,0.6471,0.5734,0.6423,0.5628,0.5628,0.6412,0.6352,0.6307,0.6176,0.6176,0.5951,0.564,0.5951,0.4739,0.4739,0,0,0,0,0,0.0093,-0.0559,-0.0266,-0.0645,-0.0571,-0.0123,-0.0534,-0.0012,-0.0794,-0.0534,0.0206,-0.0147,-0.0097,0.0006,-0.0156,-0.0897,-0.0858,-0.1335,-0.0114,-0.0119,-0.016,-0.0098,-0.0004,-0.0231,-0.016,0.0064,-0.0131,-0.0033,-0.0396,-0.0131,0.025,0.0044,0.0032,-0.0176,0.0164,-0.0407,-0.0401,-0.0307,-0.0063,0.0012,0.0049,-0.1085,-0.009,-0.1212,-0.1038,-0.0061,-0.109,-0.0189,-0.1528,-0.1217,0.0067,0.0082,-0.0067,-0.0032,0.0044,-0.0143,-0.005,-0.066,0.0022,-0.0753,-0.0605,-0.0014,-0.0699,-0.0052,-0.0839,-0.0805,0.0395,-0.0082,0.0008,-0.0085,0.0159,-0.0088,0.0007,TRUE,TRUE
DTC_L_86,LanSi,1,CW_01,A,2026-03-28 15:00:31+08:00,ONLINE,FALSE,,CW_1_01,PASS,,,51.8422187,_2026032815003128802,T20260328150031,DESKTOP-P2DUL42,Loma,1,CW_1_01,2,paul di,2024.0718.155524,V20260126.2,CW_DTCL_DTCR_STC,T20260328150123,51.8422187,TRUE,TRUE,TRUE,TRUE,TRUE,TRUE,TRUE,4S2RND2HBL06DS,v1.0.1,2025_12_22,315.2148,322.7778,475.4318,301.9545,296.42,151.6933,149.8,342.6067,334.6618,488.1176,-5.1943,1.93,-0.0001,0,-0.2287,1.5609,-0.2188,1.5532,0.6666,155.8896,151.6367,149.5176,155.1777,153.0554,0.8244,0.8052,0.8473,0.7916,0.7916,0.7878,0.7641,0.803,0.7336,0.7336,0.8087,0.8128,0.8108,0.767,0.7506,0.7392,0.7441,0.6857,0.6857,0.8241,0.98,0.8159,0.7832,0.7832,0.8459,0.7542,0.7401,0.8408,0.8213,0.7687,0.7591,0.7774,0.7401,0,0,0,0,0,v1.0.1,2025_12_22,315.2117,322.7883,476.3852,301.8741,296.1987,150.7881,148.6533,342.7667,334.7681,489.2609,-5.2566,1.9956,-0.0001,0,-0.2285,1.5602,-0.2189,1.5533,0.6665,161.6094,157.4287,163.3213,162.6611,161.2551,0.6687,0.6793,0.6977,0.7019,0.6687,0.6555,0.6417,0.6458,0.6405,0.6405,0.6508,0.6595,0.645,0.6384,0.6186,0.6447,0.6266,0.6096,0.6096,0.6889,0.3867,0.6887,0.6712,0.3867,0.6602,0.6378,0.6202,0.6784,0.6435,0.6712,0.6576,0.6534,0.6202,0,0,0,0,0,v1.0.1,2025_12_22,313.9712,314.9519,438.7368,300.5,300.4098,184.1393,185.878,329.5447,328.0431,444.8707,-6.0922,-4.6987,-0.0001,0,-0.2148,1.567,-0.2129,1.5624,0.6754,175.9561,174.5986,172.7051,175.373,174.6582,0.7883,0.7063,0.799,0.6777,0.6777,0.7343,0.6686,0.7576,0.6534,0.6534,0.7609,0.7733,0.767,0.7047,0.7047,0.7366,0,0.7166,0.6475,0.6475,0,0,0,0,0,v1.0.1,2025_12_22,313.8942,315.0288,439.5478,300.3826,300.3417,183.4167,185.0992,329.7438,328.0789,445.6667,-6.1076,-4.6523,-0.0001,0,-0.2155,1.5677,-0.2132,1.5621,0.6753,148.2178,143.5293,142.3662,145.748,144.9653,0.6612,0.6098,0.6679,0.599,0.599,0.6205,0.5724,0.6226,0.5778,0.5724,0.6295,0.643,0.6422,0.5996,0.5996,0.579,0.4975,0.594,0.5512,0.4975,0,0,0,0,0,-0.0023,-0.0531,0.0154,-0.03,-0.03,-0.0031,-0.0696,0.0012,-0.0501,-0.0501,0.0074,-0.0011,-0.0082,-0.0019,-0.0748,-0.082,-0.0584,-0.0687,0.0059,-0.0008,-0.0052,-0.0288,0.0005,-0.0047,-0.0052,-0.0093,-0.0305,-0.0188,-0.0304,-0.0241,0.0068,0.0046,-0.0182,0.0019,-0.0507,-0.0205,-0.0221,-0.0075,0.0014,0.0158,-0.0064,-0.1142,-0.0065,-0.1202,-0.117,-0.0152,-0.1239,-0.0037,-0.0987,-0.0961,-0.0271,0.0175,0.0094,0.0108,-0.011,-0.0172,-0.0007,-0.0636,-0.0107,-0.0923,-0.0629,-0.0029,-0.0801,0.003,-0.0615,-0.0472,-0.0108,0.0139,0.0002,0.0012,0.0012,-0.026,0.0022,TRUE,TRUE
DTC_R_86,LanSi,1,CW_01,B,2026-03-28 15:00:31+08:00,ONLINE,FALSE,,CW_1_01,PASS,,,51.6427522,_2026032815003150401,T20260328150031,DESKTOP-P2DUL42,Loma,1,CW_1_01,1,paul di,2024.0718.155524,V20260126.2,CW_DTCL_DTCR_STC,T20260328150123,51.6427522,TRUE,TRUE,TRUE,TRUE,TRUE,TRUE,TRUE,4S00ND2HBL0DP6,v1.0.1,2025_12_22,315.3684,316.8647,475.7852,297.2222,295.8767,148.8699,149.6067,336.8,336.0268,486.6846,-4.9672,-2.2117,0,0,-0.2213,1.5548,-0.2192,1.5492,0.6659,153.8867,150.5361,150.9932,154.1689,152.3962,0.8618,0.7708,0.8627,0.7893,0.7708,0.816,0.7326,0.8059,0.7811,0.7326,0.8262,0.8208,0.7977,0.8131,0.7149,0.7199,0.7923,0.7882,0.7149,0.8208,0.7877,0.7932,0.98,0.7877,0.846,0.7796,0.7578,0.824,0.7879,0.7252,0.8074,0.8307,0.7252,0,0,0,0,0,v1.0.1,2025_12_22,315.2647,316.8897,476.8043,297.1667,295.7034,147.7586,148.3514,336.9865,336.14,487.6933,-5.0472,-2.201,-0.0001,0,-0.221,1.5551,-0.2193,1.5487,0.6659,162.2588,156.3838,165.7637,165.1836,162.3975,0.6999,0.6635,0.6999,0.6919,0.6635,0.6697,0.6427,0.6607,0.6618,0.6427,0.6391,0.649,0.6573,0.659,0.6222,0.6213,0.6138,0.657,0.6138,0.6744,0.6588,0.6734,0.2096,0.2096,0.6427,0.6459,0.6553,0.6606,0.6507,0.6064,0.5966,0.6854,0.5966,0,0,0,0,0,v1.0.1,2025_12_22,317.5,328.1132,442.3153,313.2432,302.9756,196.7398,188.8145,342.3629,332.3103,457.5,-2.7168,8.0918,0,0.0001,-0.2181,1.5602,-0.2098,1.5563,0.6722,175.6602,174.0898,175.1719,176.9004,175.4556,0.8104,0.6275,0.8125,0.6759,0.6275,0.7702,0.5957,0.7652,0.6913,0.5957,0.7871,0.7722,0.7478,0.7468,0.7468,0.743,0.6682,0.7297,0,0.6682,0,0,0,0,0,v1.0.1,2025_12_22,317.5,328,443.2679,313.2679,302.8293,195.9187,187.9274,342.4435,332.3846,458.3077,-2.7182,8.0876,0,0.0001,-0.2161,1.5597,-0.2105,1.5565,0.6724,147.54,141.7363,144.3682,145.4375,144.7705,0.662,0.5534,0.6746,0.5926,0.5534,0.6411,0.5408,0.6488,0.5959,0.5408,0.632,0.6316,0.6323,0.6416,0.6316,0.5906,0.5522,0.5706,0.4213,0.4213,0,0,0,0,0,-0.0077,-0.1163,-0.0205,-0.0876,-0.0987,-0.0097,-0.0694,-0.0016,-0.0605,-0.0694,0.025,0.0011,-0.023,-0.0036,-0.0913,-0.095,-0.006,-0.0446,-0.0305,-0.0134,-0.0092,-0.0515,-0.0108,-0.0268,-0.0456,-0.0133,-0.0093,-0.0104,-0.0192,-0.0093,0.0215,-0.0056,0,-0.0156,-0.017,-0.0564,-0.0212,0.0184,-0.0136,0.0117,0.0057,-0.199,-0.0086,-0.1462,-0.1772,0.0012,-0.1628,-0.0144,-0.0983,-0.1628,0.021,0.0106,-0.0121,0.0036,-0.0027,-0.0127,-0.0088,-0.1229,0.0002,-0.0935,-0.1174,-0.0074,-0.1025,0.0013,-0.0508,-0.1025,0.0303,-0.0118,0.0024,0.0155,0.0299,-0.0133,-0.0238,TRUE,TRUE
DTC_R_87,LanSi,1,CW_01,C,2026-03-28 15:02:40+08:00,ONLINE,FALSE,,CW_1_01,PASS,,,51.82124,_2026032815024069801,T20260328150240,DESKTOP-P2DUL42,Loma,1,CW_1_01,1,paul di,2024.0718.155524,V20260126.2,CW_DTCL_DTCR_STC,T20260328150332,51.82124,TRUE,TRUE,TRUE,TRUE,TRUE,TRUE,TRUE,4S2RND2HBL0DP6,v1.0.1,2025_12_22,315.0882,317.5,474.8897,297.8309,295.3514,147.5473,149.4276,337.6382,335.4085,485.5,-5.4669,-2.2967,-0.0001,0,-0.222,1.5547,-0.2205,1.5499,0.6655,154.1406,151.4131,151.9346,154.6904,153.0447,0.8574,0.8299,0.8599,0.7966,0.7966,0.8246,0.7848,0.8008,0.7682,0.7682,0.8149,0.8142,0.8042,0.817,0.772,0.7719,0.7332,0.7535,0.7332,0.8528,0.8156,0.8189,0.98,0.8156,0.8409,0.8052,0.7778,0.818,0.8116,0.8417,0.8062,0.8367,0.7778,0,0,0,0,0,v1.0.1,2025_12_22,315.0647,317.3022,476,297.5929,295.2585,146.4626,148.3087,337.7919,335.5278,486.5417,-5.468,-2.3618,-0.0001,0,-0.2213,1.5549,-0.2217,1.55,0.6654,163.5947,157.3457,166.9502,166.9355,163.7065,0.693,0.6938,0.7032,0.6785,0.6785,0.6823,0.6595,0.6806,0.6447,0.6447,0.6531,0.6476,0.6455,0.6619,0.649,0.6479,0.6121,0.6191,0.6121,0.6821,0.6733,0.6732,0.3032,0.3032,0.6488,0.6592,0.6521,0.656,0.6671,0.693,0.665,0.6878,0.6488,0,0,0,0,0,v1.0.1,2025_12_22,317.1682,328.8037,441.7321,313.7321,302.685,195.9055,188.6721,343.2377,331.8273,457.4727,-3.083,8.3304,0,0.0001,-0.2199,1.5617,-0.2113,1.5568,0.6718,175.6523,175.1006,176.0439,177.334,176.0327,0.8005,0.6956,0.8034,0.6826,0.6826,0.7744,0.6715,0.7569,0.6487,0.6487,0.7701,0.7665,0.7522,0.7401,0.7401,0.7433,0.6932,0.7151,0,0.6932,0,0,0,0,0,v1.0.1,2025_12_22,317.1698,328.8585,442.5357,313.7411,302.5234,195.0703,187.8618,343.3821,331.8938,458.3805,-3.1031,8.3865,0,0.0001,-0.2195,1.5612,-0.2113,1.5571,0.6719,148.6396,142.3662,145.1152,146.7168,145.7095,0.6619,0.605,0.6732,0.5982,0.5982,0.6365,0.5855,0.6465,0.5677,0.5677,0.6345,0.6375,0.6448,0.6281,0.6281,0.6008,0.5531,0.5777,0.4516,0.4516,0,0,0,0,0,-0.0121,-0.0572,-0.0233,-0.0803,-0.0729,-0.0011,-0.0172,-0.0067,-0.0734,-0.0338,0.0137,-0.0055,-0.0165,0.0003,-0.0342,-0.043,-0.0651,-0.0793,0.0015,0.0123,-0.0161,-0.0212,-0.0075,-0.0402,-0.0306,-0.0007,0.0075,0.0095,-0.0363,-0.0073,0.0355,-0.007,-0.0118,-0.0127,0.0098,-0.0298,-0.0229,-0.0195,-0.0059,0.0115,-0.0042,-0.1309,-0.0177,-0.1395,-0.1221,0.0054,-0.087,-0.0227,-0.1409,-0.1098,0.004,0.0049,-0.0077,-0.0031,-0.0024,-0.0273,-0.0089,-0.0713,-0.0012,-0.0879,-0.0726,-0.012,-0.0578,-0.001,-0.079,-0.0756,0.0328,-0.0059,0.0149,0.002,0.0264,-0.0031,-0.0167,TRUE,TRUE
DTC_L_87,LanSi,1,CW_01,B,2026-03-28 15:02:40+08:00,ONLINE,FALSE,,CW_1_01,PASS,,,52.0576082,_2026032815024047102,T20260328150240,DESKTOP-P2DUL42,Loma,1,CW_1_01,2,paul di,2024.0718.155524,V20260126.2,CW_DTCL_DTCR_STC,T20260328150332,52.0576082,TRUE,TRUE,TRUE,TRUE,TRUE,TRUE,TRUE,4S2RND2HBL06DS,v1.0.1,2025_12_22,315.1691,322.7647,475.5152,301.9167,296.1633,151.7415,149.9333,342.56,334.6889,488.1185,-5.206,1.9203,-0.0001,0,-0.2288,1.5596,-0.2187,1.5528,0.6662,155.376,150.8906,149.0088,154.7842,152.5149,0.8235,0.7984,0.8381,0.7901,0.7901,0.7805,0.7601,0.8068,0.7418,0.7418,0.811,0.8098,0.8231,0.7655,0.6878,0.7359,0.7498,0.6835,0.6835,0.8098,0.8696,0.8193,0.7636,0.7636,0.8432,0.7749,0.7393,0.8264,0.8172,0.7685,0.7678,0.7827,0.7393,0,0,0,0,0,v1.0.1,2025_12_22,315.1087,322.8261,476.6934,301.8832,296.0408,150.8367,148.74,342.74,334.7899,489.3188,-5.2254,2.021,-0.0001,0,-0.2284,1.5599,-0.2186,1.5526,0.6664,162.5215,158.0576,164.085,163.5557,162.0549,0.67,0.6872,0.6929,0.6922,0.67,0.6636,0.6482,0.6587,0.642,0.642,0.6543,0.6565,0.6577,0.6353,0.5879,0.6279,0.6335,0.599,0.5879,0.6726,0.5379,0.6837,0.6532,0.5379,0.657,0.6521,0.6289,0.681,0.669,0.6602,0.6646,0.6307,0.6289,0,0,0,0,0,v1.0.1,2025_12_22,313.8544,314.932,438.8673,300.4956,300.3223,184.124,186.0325,329.6504,327.9658,445,-6.0915,-4.6596,-0.0001,0,-0.2145,1.5672,-0.2141,1.5622,0.6752,175.3018,174.1143,172.0576,174.9277,174.1003,0.7847,0.6988,0.8031,0.6931,0.6931,0.7357,0.6733,0.7487,0.6617,0.6617,0.7711,0.7703,0.7647,0.6832,0.6832,0.718,0,0.7339,0.6471,0.6471,0,0,0,0,0,v1.0.1,2025_12_22,313.875,314.9519,439.6174,300.4522,300.1453,183.359,185.122,329.6667,328.0431,445.8707,-6.1395,-4.6399,-0.0001,0,-0.2143,1.5663,-0.2133,1.5625,0.6753,149.0469,144.0225,142.7334,146.4775,145.5701,0.6524,0.5954,0.6606,0.614,0.5954,0.6315,0.5744,0.6381,0.5816,0.5744,0.6422,0.6334,0.6372,0.6096,0.6096,0.5831,0.536,0.5891,0.5419,0.536,0,0,0,0,0,-0.0032,-0.0599,0.0062,-0.0315,-0.0315,-0.0104,-0.0736,0.005,-0.0419,-0.0419,0.0097,-0.0041,0.0041,-0.0034,-0.1376,-0.0853,-0.0527,-0.0709,-0.0084,0.0026,-0.0039,-0.0209,-0.0043,-0.0144,-0.0039,-0.0012,-0.024,-0.0059,-0.0289,-0.0226,0.0103,0.0016,-0.0055,-0.0012,-0.0814,-0.0373,-0.0152,-0.0181,-0.0149,0.0108,-0.01,-0.1217,-0.0024,-0.1048,-0.1016,-0.0138,-0.1192,-0.0126,-0.0904,-0.0878,-0.0169,0.0145,0.0071,-0.0107,-0.0296,0.0001,-0.0095,-0.078,-0.018,-0.0773,-0.0665,0.0081,-0.0781,0.0185,-0.0577,-0.0452,0.0019,0.0043,-0.0048,0.0112,0.0112,-0.0219,-0.0027,TRUE,TRUE
DTC_L_88,LanSi,1,CW_01,C,2026-03-28 15:04:21+08:00,ONLINE,FALSE,,CW_1_01,PASS,,,52.0497812,_2026032815042167402,T20260328150421,DESKTOP-P2DUL42,Loma,1,CW_1_01,2,paul di,2024.0718.155524,V20260126.2,CW_DTCL_DTCR_STC,T20260328150513,52.0497812,TRUE,TRUE,TRUE,TRUE,TRUE,TRUE,TRUE,4S2RND2HBL06DS,v1.0.1,2025_12_22,314.1765,322.1471,474.3623,301.4565,294.94,151.2,148.3816,341.7105,333.4357,488.6429,-6.4408,1.5314,-0.0001,0,-0.2279,1.5582,-0.2169,1.5551,0.6671,153.6182,150.5068,148.8623,153.8438,151.7078,0.8201,0.7875,0.8331,0.786,0.786,0.7791,0.7516,0.8013,0.7598,0.7516,0.8228,0.8199,0.8103,0.7665,0.7316,0.7131,0.7723,0.7095,0.7095,0.8217,0.7042,0.8296,0.8263,0.7042,0.8409,0.7491,0.7332,0.8308,0.8108,0.838,0.8049,0.7661,0.7332,0,0,0,0,0,v1.0.1,2025_12_22,314.1957,322.1667,475.4818,301.3358,294.8389,150.349,147.2905,342,333.6571,489.75,-6.4072,1.6203,-0.0001,0,-0.2279,1.5581,-0.2178,1.5547,0.6668,161.9238,157.9326,164.2188,163.8047,161.97,0.6835,0.6805,0.6961,0.7023,0.6805,0.6557,0.6231,0.6529,0.666,0.6231,0.6467,0.6526,0.6586,0.6385,0.6081,0.627,0.6459,0.604,0.604,0.6807,0.5128,0.6792,0.695,0.5128,0.6548,0.6411,0.6241,0.6851,0.6764,0.6769,0.6797,0.6243,0.6241,0,0,0,0,0,v1.0.1,2025_12_22,312.9327,314.4231,437.9469,300.1593,298.9832,183.7143,184.6016,328.9512,327,444.8974,-7.2071,-5.0709,-0.0001,-0.0001,-0.2131,1.564,-0.2122,1.5629,0.6754,174.7949,174.8262,173.041,175.083,174.4363,0.7894,0.6921,0.8129,0.6724,0.6724,0.7515,0.6511,0.7637,0.6845,0.6511,0.7808,0.7671,0.7806,0.707,0.707,0.7316,0,0.7372,0.7423,0.7316,0,0,0,0,0,v1.0.1,2025_12_22,312.9524,314.3714,438.7091,299.9,298.9661,182.8559,183.675,328.975,327.0339,445.8559,-7.2327,-5.1083,-0.0001,-0.0001,-0.2141,1.5643,-0.212,1.5636,0.6755,147.9268,143.6074,142.7988,146.5166,145.2124,0.6683,0.5821,0.672,0.5928,0.5821,0.6311,0.5523,0.6228,0.5957,0.5523,0.6327,0.6301,0.6505,0.6233,0.6233,0.5737,0.5233,0.577,0.5775,0.5233,0,0,0,0,0,-0.0066,-0.0708,0.0012,-0.0356,-0.0356,-0.0118,-0.0821,-0.0005,-0.0239,-0.0321,0.0215,0.006,-0.0087,-0.0024,-0.0938,-0.1081,-0.0302,-0.0449,0.0035,0.0129,0.0096,-0.0276,-0.0011,-0.0043,0.0066,-0.0091,-0.0491,-0.0117,-0.0049,-0.0415,0.0027,-0.0023,-0.0046,0.002,-0.0612,-0.0382,-0.0028,-0.0131,-0.0068,0.0063,-0.0053,-0.1284,0.0074,-0.1255,-0.1223,0.002,-0.1414,0.0024,-0.0676,-0.0984,-0.0072,0.0113,0.023,0.0131,-0.016,0.0034,0.0064,-0.0913,-0.0066,-0.0985,-0.0798,0.0077,-0.1002,0.0032,-0.0436,-0.0673,-0.0076,0.001,0.0085,0.0249,0.0249,-0.0313,-0.0148,TRUE,TRUE
DTC_R_88,LanSi,1,CW_01,A,2026-03-28 15:04:21+08:00,ONLINE,FALSE,,CW_1_01,PASS,,,52.008891,_2026032815042171601,T20260328150421,DESKTOP-P2DUL42,Loma,1,CW_1_01,1,paul di,2024.0718.155524,V20260126.2,CW_DTCL_DTCR_STC,T20260328150513,52.008891,TRUE,TRUE,TRUE,TRUE,TRUE,TRUE,TRUE,4S2RND2HBL0DP6,v1.0.1,2025_12_22,315.2593,317.5481,475.4511,298,295.8581,148.7838,149.5828,337.6821,335.8912,485.517,-5.0915,-1.9938,-0.0001,0,-0.2209,1.5558,-0.2204,1.5481,0.6656,155.0244,151.4355,152.1426,155.2666,153.4673,0.8667,0.7909,0.8587,0.7712,0.7712,0.8132,0.7539,0.7964,0.7493,0.7493,0.8223,0.8153,0.8011,0.8156,0.7406,0.7472,0.7569,0.766,0.7406,0.8397,0.7969,0.7934,0.98,0.7934,0.8386,0.7711,0.7724,0.8202,0.8008,0.7121,0.8336,0.8499,0.7121,0,0,0,0,0,v1.0.1,2025_12_22,315.223,317.4532,476.4526,297.9197,295.74,147.6667,148.3467,337.7667,336,486.5,-5.1476,-2.0387,-0.0001,0,-0.22,1.556,-0.2206,1.548,0.6658,162.1846,156.0225,165.3984,164.9688,162.1436,0.6973,0.668,0.7091,0.6659,0.6659,0.6756,0.6374,0.6564,0.6393,0.6374,0.649,0.6622,0.6353,0.6661,0.6304,0.6377,0.6075,0.6364,0.6075,0.6823,0.6579,0.6546,0.0646,0.0646,0.6485,0.6444,0.6554,0.6534,0.6484,0.6113,0.6397,0.6699,0.6113,0,0,0,0,0,v1.0.1,2025_12_22,317.5048,328.9429,442.1607,313.9107,303.1935,196.9113,188.9344,343.1393,332.1053,456.9474,-2.7203,8.4703,0,0.0001,-0.2195,1.5623,-0.2095,1.5567,0.6725,175.6104,173.9795,175.083,176.9648,175.4094,0.8028,0.6371,0.8018,0.6339,0.6339,0.7707,0.6407,0.758,0.6391,0.6391,0.7705,0.7697,0.7456,0.7483,0.7456,0.7419,0.6659,0.7389,0,0.6659,0,0,0,0,0,v1.0.1,2025_12_22,317.5,329,442.9725,313.8991,302.9508,196,188.0887,343.371,332.1579,457.6228,-2.766,8.4786,0,0.0001,-0.2193,1.5613,-0.2101,1.5568,0.6722,147.4258,141.2344,143.8652,145.2871,144.4531,0.6661,0.5638,0.6786,0.5715,0.5638,0.6396,0.5555,0.6445,0.5541,0.5541,0.6385,0.6336,0.617,0.6298,0.617,0.5814,0.5479,0.5779,0.4022,0.4022,0,0,0,0,0,-0.0028,-0.0962,-0.0245,-0.1057,-0.0983,-0.0125,-0.0481,-0.0111,-0.0923,-0.0527,0.0211,-0.0044,-0.0196,-0.0011,-0.0656,-0.0677,-0.0414,-0.0668,-0.0116,-0.0132,-0.0118,-0.047,-0.0016,-0.0528,-0.0432,-0.0074,-0.0146,-0.0147,-0.0417,-0.0146,0.0314,0.0076,-0.022,-0.0085,-0.0088,-0.04,-0.0275,-0.0022,-0.0057,-0.0071,-0.0019,-0.1894,-0.0193,-0.1882,-0.1708,0.0017,-0.1178,-0.0216,-0.1505,-0.1194,0.0044,0.0081,-0.0143,0.0051,-0.0038,-0.0035,-0.0047,-0.1125,0.0042,-0.1146,-0.107,-0.0089,-0.0878,-0.003,-0.0926,-0.0892,0.0368,-0.0098,-0.0129,0.0037,0.0153,-0.0225,-0.0165,TRUE,TRUE
DTC_L_89,LanSi,1,CW_01,A,2026-03-28 15:08:08+08:00,ONLINE,FALSE,,CW_1_01,PASS,,,51.7556937,_2026032815080853102,T20260328150808,DESKTOP-P2DUL42,Loma,1,CW_1_01,2,paul di,2024.0718.155524,V20260126.2,CW_DTCL_DTCR_STC,T20260328150900,51.7556937,TRUE,TRUE,TRUE,TRUE,TRUE,TRUE,TRUE,4S2RND2HBL06DS,v1.0.1,2025_12_22,314.292,324,474.5,303.8333,294.86,152.6933,148.3,344.1533,333.4539,490.5035,-6.4188,3.5367,-0.0001,0,-0.2247,1.5573,-0.2203,1.5557,0.667,155.0156,150.5557,148.8848,154.1914,152.1619,0.8251,0.8007,0.8337,0.7931,0.7931,0.7664,0.771,0.8003,0.746,0.746,0.8124,0.8194,0.8117,0.7708,0.7513,0.7215,0.7535,0.6905,0.6905,0.8153,0.6227,0.8248,0.8417,0.6227,0.8637,0.7838,0.7725,0.8352,0.8467,0.828,0.7992,0.7848,0.7725,0,0,0,0,0,v1.0.1,2025_12_22,314.1714,324.0143,475.5766,303.6131,294.8212,151.6689,147.2133,344.28,333.7203,491.5245,-6.3994,3.5202,-0.0001,0,-0.2252,1.5585,-0.2203,1.5541,0.6668,162.1729,158.0312,163.8408,163.1299,161.7937,0.682,0.6813,0.6949,0.6914,0.6813,0.6496,0.6476,0.6521,0.6466,0.6466,0.6375,0.6564,0.657,0.6323,0.6286,0.6331,0.6356,0.6184,0.6184,0.687,0.5385,0.6837,0.6816,0.5385,0.6614,0.6659,0.6409,0.6848,0.6665,0.6909,0.6672,0.62,0.62,0,0,0,0,0,v1.0.1,2025_12_22,312.9151,316.3302,437.9266,302.2844,299.0169,184.9492,184.488,330.952,327,446.8974,-7.2307,-3.2174,-0.0001,0,-0.2114,1.5649,-0.2128,1.5628,0.6759,174.7344,173.5869,171.5186,174.1709,173.5027,0.7876,0.6934,0.8081,0.6753,0.6753,0.7296,0.6649,0.7628,0.6546,0.6546,0.777,0.7714,0.7678,0.6937,0.6937,0.7247,0,0.7424,0.734,0.7247,0,0,0,0,0,v1.0.1,2025_12_22,312.9524,316.181,438.7568,302.1261,298.9402,184.0769,183.6311,330.9918,327.0684,447.6325,-7.2302,-3.2983,-0.0001,0,-0.2107,1.5646,-0.2135,1.5633,0.6759,148.3633,143.4297,142.7803,145.9199,145.1233,0.6483,0.5902,0.6768,0.6089,0.5902,0.6212,0.5718,0.6282,0.5907,0.5718,0.6381,0.6275,0.6572,0.6191,0.6191,0.5999,0.5281,0.5967,0.5843,0.5281,0,0,0,0,0,-0.0016,-0.0576,0.0018,-0.0285,-0.0285,-0.0245,-0.0627,-0.0015,-0.0377,-0.0377,0.0111,0.0055,-0.0073,0.0019,-0.0741,-0.0997,-0.049,-0.0639,-0.0029,0.0081,0.0081,-0.0268,-0.0023,-0.0152,0.0074,-0.0152,-0.0246,-0.0125,-0.0243,-0.018,-0.0065,0.0015,-0.0062,-0.0042,-0.0407,-0.0321,-0.0131,0.0013,-0.0005,0.0108,-0.0071,-0.1271,0.0026,-0.1226,-0.1194,-0.0199,-0.1276,0.0015,-0.0975,-0.0949,-0.011,0.0156,0.0102,-0.0002,-0.0229,0.0086,-0.0136,-0.0832,-0.0018,-0.0824,-0.0717,-0.0022,-0.0807,0.0086,-0.0486,-0.0478,-0.0022,-0.0016,0.0152,0.0207,0.0207,-0.0051,0.0049,TRUE,TRUE
DTC_R_89,LanSi,1,CW_01,B,2026-03-28 15:08:08+08:00,ONLINE,FALSE,,CW_1_01,PASS,,,51.6011081,_2026032815080869901,T20260328150808,DESKTOP-P2DUL42,Loma,1,CW_1_01,1,paul di,2024.0718.155524,V20260126.2,CW_DTCL_DTCR_STC,T20260328150900,51.6011081,TRUE,TRUE,TRUE,TRUE,TRUE,TRUE,TRUE,4S2RND2HBL0DP6,v1.0.1,2025_12_22,315.0507,317.6594,474.8897,297.8309,295.5302,147.6443,149.3816,338.2895,335.2199,486.2199,-5.4856,-1.9712,-0.0001,0,-0.2229,1.556,-0.2234,1.5512,0.6652,154.5088,151.626,152.1816,154.5088,153.2063,0.867,0.8332,0.8538,0.8062,0.8062,0.8136,0.7861,0.8029,0.7681,0.7681,0.8137,0.8081,0.8051,0.7981,0.7626,0.7599,0.7165,0.7701,0.7165,0.8454,0.813,0.8088,0.98,0.8088,0.8227,0.7764,0.7983,0.8152,0.8125,0.7667,0.7909,0.8395,0.7667,0,0,0,0,0,v1.0.1,2025_12_22,315.078,317.617,475.9648,297.7958,295.2534,146.6507,148.2632,338.3355,335.2979,487.2411,-5.5285,-1.972,-0.0001,0,-0.2221,1.5548,-0.2231,1.5516,0.6653,161.8506,153.4971,163.2324,164.4619,160.7605,0.7082,0.6881,0.7091,0.6898,0.6881,0.6758,0.6642,0.6627,0.6486,0.6486,0.6581,0.6592,0.6566,0.654,0.6354,0.6421,0.5967,0.6339,0.5967,0.6808,0.6506,0.6672,0.4659,0.4659,0.6389,0.6592,0.6479,0.6688,0.6635,0.6805,0.6616,0.6891,0.6389,0,0,0,0,0,v1.0.1,2025_12_22,317.1215,329.1028,441.6789,313.8624,302.6063,195.9606,188.5372,343.5372,331.6348,458.2261,-3.1843,8.6378,0,0.0001,-0.2212,1.5617,-0.2113,1.5584,0.6719,176.2021,175.2461,176.6465,177.3164,176.3528,0.8023,0.7088,0.8066,0.704,0.704,0.766,0.6819,0.7542,0.6573,0.6573,0.7705,0.7697,0.7381,0.7392,0.7381,0.7652,0.6759,0.7375,0,0.6759,0,0,0,0,0,v1.0.1,2025_12_22,317.1905,329.0952,442.4821,313.7589,302.5433,195.1181,187.7805,343.6748,331.7826,458.887,-3.1442,8.6068,0,0.0001,-0.2213,1.5614,-0.2117,1.5583,0.6717,146.4658,139.3047,141.833,144.6699,143.0684,0.6709,0.602,0.6742,0.6199,0.602,0.6378,0.5875,0.6441,0.5821,0.5821,0.6418,0.6349,0.6213,0.6147,0.6147,0.6073,0.5471,0.5801,0.5379,0.5379,0,0,0,0,0,-0.0025,-0.0539,-0.0294,-0.0707,-0.0633,-0.0121,-0.0159,-0.0046,-0.0735,-0.0339,0.0125,-0.0116,-0.0156,-0.0186,-0.0436,-0.055,-0.0818,-0.0627,-0.0059,0.0022,-0.0009,-0.0269,-0.0016,-0.0289,-0.021,-0.0072,0.0122,-0.0084,-0.0324,-0.0034,0.0405,0.0046,-0.0007,-0.0206,-0.0038,-0.0356,-0.0383,-0.0047,-0.0072,0.0055,-0.0024,-0.1177,-0.0145,-0.1181,-0.1007,-0.003,-0.0766,-0.0254,-0.1323,-0.1012,0.0044,0.0081,-0.0218,-0.004,0.0195,-0.0049,0.0001,-0.0743,-0.0002,-0.0662,-0.0688,-0.0107,-0.0558,-0.0034,-0.0646,-0.0612,0.0401,-0.0085,-0.0086,-0.0114,0.013,0.0034,-0.0143,TRUE,TRUE
DTC_L_90,LanSi,1,CW_01,B,2026-03-28 15:10:19+08:00,ONLINE,FALSE,,CW_1_01,PASS,,,51.8679639,_2026032815101987202,T20260328151019,DESKTOP-P2DUL42,Loma,1,CW_1_01,2,paul di,2024.0718.155524,V20260126.2,CW_DTCL_DTCR_STC,T20260328151111,51.8679639,TRUE,TRUE,TRUE,TRUE,TRUE,TRUE,TRUE,4S2RND2HBL06DS,v1.0.1,2025_12_22,315.2388,321.1791,475.7704,300.0667,296.3514,149.5473,150,341,334.8071,487.4214,-5.0665,0.3429,-0.0001,0,-0.2302,1.5607,-0.2189,1.5531,0.6662,154.6006,150.9238,148.8184,153.71,152.0132,0.8327,0.8036,0.8323,0.7771,0.7771,0.7787,0.7524,0.7929,0.7452,0.7452,0.8121,0.8082,0.822,0.7585,0.7223,0.736,0.747,0.6988,0.6988,0.8327,0.7924,0.8252,0.7916,0.7916,0.8317,0.7338,0.7298,0.8502,0.7777,0.7483,0.7713,0.7863,0.7298,0,0,0,0,0,v1.0.1,2025_12_22,315.2302,321.2014,476.8913,300.0507,296.0861,148.6026,148.8581,341.2365,334.9203,488.5145,-5.1028,0.4212,-0.0001,0,-0.2296,1.5598,-0.2193,1.5531,0.666,162.3242,158.167,164.0332,163.0391,161.8909,0.6724,0.6774,0.6968,0.6914,0.6724,0.6535,0.6277,0.6488,0.6548,0.6277,0.6469,0.655,0.6505,0.634,0.6103,0.6288,0.6392,0.6076,0.6076,0.6795,0.6334,0.6773,0.6663,0.6334,0.6479,0.6344,0.6087,0.6932,0.6702,0.6481,0.6698,0.6262,0.6087,0,0,0,0,0,v1.0.1,2025_12_22,314.019,313.5524,439.2018,298.8158,300.4194,182.1452,185.9421,328.1818,328.1282,443.9744,-5.9579,-6.1661,-0.0001,-0.0001,-0.2167,1.5672,-0.2132,1.5625,0.6749,175.6699,174.9922,172.8594,174.918,174.6099,0.7948,0.6882,0.8037,0.6802,0.6802,0.7199,0.6445,0.7513,0.6567,0.6445,0.7603,0.7604,0.7703,0.6933,0.6933,0.7412,0,0.7256,0.6632,0.6632,0,0,0,0,0,v1.0.1,2025_12_22,314.0187,313.5514,439.973,298.7928,300.3417,181.4167,185.0161,328.3871,328.2689,444.8571,-5.9763,-6.099,-0.0001,-0.0001,-0.2161,1.5671,-0.214,1.5622,0.6748,148.3701,143.9443,142.7109,145.9316,145.2393,0.6557,0.5868,0.6761,0.603,0.5868,0.6122,0.555,0.6277,0.5763,0.555,0.6402,0.6207,0.6349,0.6064,0.6064,0.5777,0.4979,0.5762,0.5556,0.4979,0,0,0,0,0,0.006,-0.0547,0.0004,-0.0445,-0.0445,-0.0122,-0.0813,-0.0089,-0.0385,-0.0385,0.0108,-0.0057,0.003,-0.0104,-0.1031,-0.0852,-0.0555,-0.0556,0.0145,0.0085,-0.0015,-0.0307,-0.0004,-0.0152,-0.0015,-0.0113,-0.0445,-0.0158,-0.0161,-0.0369,0.0029,0.0001,-0.0127,-0.0025,-0.059,-0.0364,-0.0095,-0.0095,-0.008,0.0044,0.0001,-0.1323,-0.0018,-0.1177,-0.1145,-0.0296,-0.148,-0.01,-0.0954,-0.105,-0.0277,0.0046,0.0127,-0.0006,-0.0064,-0.0082,-0.0062,-0.0866,-0.0025,-0.0883,-0.0751,-0.0112,-0.0975,0.0081,-0.063,-0.0646,-0.0001,-0.0084,-0.0071,0.008,0.008,-0.0273,-0.0156,TRUE,TRUE
DTC_R_90,LanSi,1,CW_01,C,2026-03-28 15:10:19+08:00,ONLINE,FALSE,,CW_1_01,PASS,,,51.9796653,_2026032815101976101,T20260328151019,DESKTOP-P2DUL42,Loma,1,CW_1_01,1,paul di,2024.0718.155524,V20260126.2,CW_DTCL_DTCR_STC,T20260328151111,51.9796653,TRUE,TRUE,TRUE,TRUE,TRUE,TRUE,TRUE,4S2RND2HBL0DP6,v1.0.1,2025_12_22,315.1556,316.2815,475.3258,296.8409,295.625,148.1597,149.2961,336.2961,335.8456,485.2617,-5.2504,-2.932,-0.0001,0,-0.2203,1.5546,-0.2196,1.5484,0.6658,154.542,151.2305,152.3818,155.1475,153.3254,0.8648,0.7738,0.8417,0.7737,0.7737,0.8077,0.7399,0.7966,0.7738,0.7399,0.8155,0.8158,0.8034,0.8362,0.7283,0.7309,0.778,0.7804,0.7283,0.8394,0.7756,0.8024,0.98,0.7756,0.8317,0.7655,0.7582,0.8197,0.7923,0.7317,0.8302,0.8529,0.7317,0,0,0,0,0,v1.0.1,2025_12_22,315.1232,316.2681,476.4071,296.5929,295.3014,147.0753,148.0805,336.396,335.8867,486.28,-5.3402,-2.9775,-0.0001,0,-0.2209,1.5537,-0.2194,1.5488,0.6655,162.0127,155.75,165.1436,164.9941,161.9751,0.6972,0.6556,0.7075,0.6704,0.6556,0.6728,0.6318,0.6787,0.6633,0.6318,0.6526,0.651,0.6494,0.6586,0.6201,0.6369,0.6143,0.6287,0.6143,0.6792,0.6498,0.6851,0.2879,0.2879,0.6452,0.6601,0.6534,0.6659,0.6404,0.635,0.6299,0.6747,0.6299,0,0,0,0,0,v1.0.1,2025_12_22,317.4722,327.7963,442.0459,312.6514,303,196,188.6583,341.725,332.036,456.4595,-2.8575,7.4264,0,0.0001,-0.2205,1.5609,-0.2072,1.5576,0.6727,174.8311,173.9092,175.2578,176.916,175.2285,0.8059,0.6107,0.8152,0.6441,0.6107,0.7572,0.6172,0.7509,0.6908,0.6172,0.7686,0.7645,0.7401,0.7538,0.7401,0.7434,0.668,0.7332,0,0.668,0,0,0,0,0,v1.0.1,2025_12_22,317.4434,327.9245,442.9167,312.6759,302.7339,195.2339,187.8033,342.0246,332.0442,457.292,-2.9117,7.5302,0,0.0001,-0.2204,1.5599,-0.2078,1.5579,0.6724,147.1025,140.9287,143.8535,145.4824,144.3418,0.6594,0.5453,0.6881,0.578,0.5453,0.6317,0.5479,0.6449,0.5867,0.5479,0.6325,0.6373,0.6316,0.6302,0.6302,0.5901,0.5507,0.5792,0.4547,0.4547,0,0,0,0,0,-0.0047,-0.1133,-0.0415,-0.1032,-0.0958,-0.018,-0.0621,-0.0109,-0.0678,-0.0621,0.0143,-0.0039,-0.0173,0.0195,-0.0779,-0.084,-0.0203,-0.0524,-0.0119,-0.0042,-0.0119,-0.0594,-0.0032,-0.0483,-0.0535,-0.0102,-0.0202,0.0076,-0.0177,-0.0202,0.035,-0.0036,-0.0079,-0.016,-0.0191,-0.0408,-0.0207,-0.0099,-0.0088,0.0234,0.0012,-0.2158,-0.0059,-0.178,-0.194,-0.0118,-0.1413,-0.0287,-0.0988,-0.1413,0.0025,0.0029,-0.0198,0.0106,-0.0023,-0.0092,-0.0114,-0.131,0.0137,-0.1081,-0.1255,-0.0168,-0.0954,-0.0026,-0.06,-0.0954,0.0308,-0.0061,0.0017,0.0041,0.0285,-0.0138,-0.0152,TRUE,TRUE
DTC_L_91,LanSi,1,CW_01,C,2026-03-28 15:12:47+08:00,ONLINE,FALSE,,CW_1_01,PASS,,,51.5445648,_2026032815124795902,T20260328151247,DESKTOP-P2DUL42,Loma,1,CW_1_01,2,paul di,2024.0718.155524,V20260126.2,CW_DTCL_DTCR_STC,T20260328151339,51.5445648,TRUE,TRUE,TRUE,TRUE,TRUE,TRUE,TRUE,4S2RND2HBL06DS,v1.0.1,2025_12_22,314.2132,323.2721,474.403,303.0075,294.9408,152.4342,148.4771,343.0392,333.6765,488.9632,-6.3579,2.6432,-0.0001,0,-0.2253,1.5579,-0.2182,1.5533,0.6669,153.8643,149.9473,147.876,153.2441,151.2329,0.8294,0.7866,0.8353,0.7896,0.7866,0.7713,0.7653,0.8011,0.7401,0.7401,0.7927,0.8211,0.7892,0.7767,0.7583,0.7148,0.72,0.6875,0.6875,0.8092,0.98,0.8194,0.8181,0.8092,0.839,0.7821,0.7428,0.8577,0.8154,0.8147,0.7796,0.7714,0.7428,0,0,0,0,0,v1.0.1,2025_12_22,314.1583,323.2878,475.4851,302.9627,294.6733,151.5133,147.4211,343.2105,333.854,490.1095,-6.3817,2.7168,-0.0001,0,-0.2248,1.5573,-0.2184,1.5528,0.6667,162.5137,158.5586,164.2305,163.9375,162.3101,0.6821,0.6687,0.6879,0.696,0.6687,0.6502,0.6423,0.6636,0.648,0.6423,0.6386,0.6536,0.6338,0.6307,0.6348,0.6337,0.6149,0.6005,0.6005,0.6658,0.5044,0.6598,0.693,0.5044,0.6489,0.6649,0.6296,0.6763,0.6815,0.679,0.6732,0.6341,0.6296,0,0,0,0,0,v1.0.1,2025_12_22,312.9813,315.5514,437.7589,301.4196,299,184.8974,184.7177,330.121,327.0614,445.7719,-7.1961,-3.9477,-0.0001,0,-0.2123,1.5637,-0.2126,1.5626,0.6754,174.8447,174.1562,171.8623,174.5117,173.8438,0.7878,0.6752,0.79,0.6772,0.6752,0.7417,0.6563,0.7501,0.6501,0.6501,0.7803,0.7745,0.7647,0.7075,0.7075,0.7147,0,0.7278,0.7034,0.7034,0,0,0,0,0,v1.0.1,2025_12_22,313,315.6038,438.6814,301.2832,298.9831,184.0508,183.95,330.1167,327.3103,446.5,-7.115,-3.9891,-0.0001,0,-0.2129,1.5641,-0.2115,1.5614,0.6753,148.6221,143.6738,142.7432,146.7051,145.436,0.6579,0.5801,0.6658,0.6202,0.5801,0.6194,0.559,0.6298,0.5767,0.559,0.6335,0.6256,0.6315,0.619,0.619,0.5971,0.5401,0.589,0.5862,0.5401,0,0,0,0,0,0.0027,-0.0717,0.0034,-0.032,-0.035,-0.0196,-0.0684,-0.0007,-0.0436,-0.0436,-0.0086,0.0072,-0.0298,0.0078,-0.0671,-0.1064,-0.0825,-0.0669,-0.009,0.0027,0.0082,-0.0394,-0.0093,-0.0106,-0.0052,-0.0146,-0.0299,-0.001,-0.0229,-0.0223,-0.0054,-0.0013,-0.0294,-0.0058,-0.0345,-0.0315,-0.0338,-0.0166,-0.0217,-0.0131,-0.0069,-0.1453,-0.0155,-0.1207,-0.1195,-0.0078,-0.1362,-0.0112,-0.102,-0.0994,-0.0077,0.0187,0.0071,0.0136,-0.0329,-0.006,-0.004,-0.0933,-0.0128,-0.0711,-0.0818,-0.004,-0.0935,0.0102,-0.0626,-0.0606,-0.0068,-0.0035,-0.0105,0.0206,0.0206,-0.0079,-0.0028,TRUE,TRUE
DTC_R_91,LanSi,1,CW_01,A,2026-03-28 15:12:48+08:00,ONLINE,FALSE,,CW_1_01,FAIL,SFR_VIS_25cm_Ny4_01F_ROI2_Dev,Dev,51.6991513,_2026032815124810101,T20260328151248,DESKTOP-P2DUL42,Loma,1,CW_1_01,1,paul di,2024.0718.155524,V20260126.2,CW_DTCL_DTCR_STC,T20260328151339,51.6991513,TRUE,TRUE,TRUE,TRUE,TRUE,TRUE,TRUE,4S2RND2HBL0DP6,v1.0.1,2025_12_22,315.1314,316.1314,475.25,296.5,295.5753,147.726,149.1875,336.0764,335.7619,484.6054,-5.3188,-3.2922,-0.0001,0,-0.2215,1.5547,-0.2191,1.5484,0.6656,153.8994,151.2812,151.9121,154.1816,152.8186,0.8602,0.7528,0.8492,0.7786,0.7528,0.8151,0.7512,0.8042,0.7712,0.7512,0.8268,0.8111,0.7881,0.8254,0.735,0.73,0.7635,0.7852,0.73,0.8236,0.7982,0.8072,0.5669,0.5669,0.8498,0.7534,0.759,0.8204,0.7982,0.7194,0.8262,0.852,0.7194,0,0,0,0,0,v1.0.1,2025_12_22,315.0429,316.1071,476.3358,296.292,295.3034,146.8207,148.0629,336.0629,335.8784,485.6284,-5.3753,-3.3178,-0.0001,0,-0.2217,1.5542,-0.2184,1.548,0.6655,160.9639,153.8174,163.4697,164.1504,160.6003,0.7026,0.6437,0.6862,0.6654,0.6437,0.6785,0.6403,0.6633,0.6445,0.6403,0.6473,0.647,0.6364,0.6617,0.6272,0.6212,0.6198,0.6426,0.6198,0.6794,0.6468,0.6573,0.1945,0.1945,0.6397,0.656,0.6558,0.6668,0.6602,0.6442,0.6405,0.6738,0.6397,0,0,0,0,0,v1.0.1,2025_12_22,317.3241,327.5741,442.0541,312.4955,302.8293,195.9187,188.582,341.5656,332.0172,455.9483,-2.9387,7.2004,0,0.0001,-0.2198,1.5606,-0.2077,1.5563,0.6724,174.2236,173.7734,174.8662,175.7549,174.6545,0.8081,0.6039,0.8047,0.6457,0.6039,0.7767,0.6188,0.7618,0.6635,0.6188,0.7698,0.7684,0.7475,0.748,0.7475,0.7267,0.6777,0.74,0,0.6777,0,0,0,0,0,v1.0.1,2025_12_22,317.3241,327.5741,443,312.5,302.7258,195.1452,187.7059,341.7059,332.0439,456.7632,-2.9401,7.2377,0,0.0001,-0.2189,1.5605,-0.2081,1.5568,0.6726,146.3887,139.1348,141.9072,144.5996,143.0076,0.6637,0.5391,0.6622,0.5679,0.5391,0.6412,0.5468,0.6537,0.5687,0.5468,0.6374,0.6284,0.6172,0.6131,0.6131,0.5868,0.5635,0.574,0.4315,0.4315,0,0,0,0,0,-0.0093,-0.1343,-0.034,-0.0983,-0.1167,-0.0106,-0.0508,-0.0033,-0.0704,-0.0508,0.0256,-0.0086,-0.0326,0.0087,-0.0712,-0.0849,-0.0348,-0.0476,-0.0277,0.0006,-0.0065,-0.0713,-0.0245,-0.0533,-0.0654,-0.0045,-0.0117,-0.0078,-0.0365,-0.0117,0.0297,-0.0076,-0.0209,-0.0129,-0.012,-0.0565,-0.0152,0.004,-0.0086,-0.0044,0.0034,-0.2226,-0.0164,-0.1764,-0.2008,0.0077,-0.1397,-0.0178,-0.1261,-0.1397,0.0037,0.0068,-0.0124,0.0048,-0.019,-0.0024,-0.0071,-0.1372,-0.0122,-0.1182,-0.1317,-0.0073,-0.0965,0.0062,-0.078,-0.0965,0.0357,-0.015,-0.0127,-0.013,0.0114,-0.0171,-0.0204,TRUE,TRUE
DTC_L_92,LanSi,1,CW_01,A,2026-03-28 15:17:59+08:00,ONLINE,FALSE,,CW_1_01,PASS,,,51.7558869,_2026032815175974902,T20260328151759,DESKTOP-P2DUL42,Loma,1,CW_1_01,2,paul di,2024.0718.155524,V20260126.2,CW_DTCL_DTCR_STC,T20260328151851,51.7558869,TRUE,TRUE,TRUE,TRUE,TRUE,TRUE,TRUE,4S2RND2HBL06DS,v1.0.1,2025_12_22,314.3037,322.9185,474.2593,302.2815,294.9732,152.1611,148.3987,342.5425,333.5338,488.9624,-6.4063,2.2732,-0.0001,0,-0.2278,1.5576,-0.2172,1.555,0.6669,155.3369,151.3486,149.1748,154.8789,152.6848,0.8116,0.7804,0.8401,0.7872,0.7804,0.7732,0.758,0.799,0.7479,0.7479,0.824,0.8152,0.805,0.7682,0.7492,0.7082,0.7724,0.6966,0.6966,0.8237,0.7241,0.8317,0.8391,0.7241,0.8375,0.7662,0.7584,0.8399,0.823,0.8219,0.7858,0.7763,0.7584,0,0,0,0,0,v1.0.1,2025_12_22,314.3037,322.9185,475.3676,302.2059,294.8947,151.2039,147.2961,342.7039,333.7153,489.9343,-6.3845,2.2933,-0.0001,0,-0.2274,1.5577,-0.2174,1.5546,0.6669,163.4277,158.6729,164.7578,164.3232,162.7954,0.6868,0.6792,0.6839,0.6979,0.6792,0.6568,0.6444,0.6599,0.6421,0.6421,0.6474,0.6387,0.6586,0.6258,0.6311,0.631,0.6436,0.6105,0.6105,0.6821,0.5584,0.6821,0.6954,0.5584,0.6557,0.6532,0.6211,0.6741,0.6797,0.691,0.6743,0.6264,0.6211,0,0,0,0,0,v1.0.1,2025_12_22,313.0849,315.3302,437.9636,300.8455,299.2893,184.6198,184.7025,329.6281,327.0783,445.2783,-7.0763,-4.3596,-0.0001,0,-0.215,1.5651,-0.2104,1.563,0.6757,175.627,174.4873,172.1777,175.0811,174.3433,0.794,0.6756,0.803,0.6765,0.6756,0.7389,0.6494,0.7651,0.6575,0.6494,0.7767,0.774,0.7741,0.7025,0.7025,0.7252,0,0.7253,0.734,0.7252,0,0,0,0,0,v1.0.1,2025_12_22,313.1143,315.1714,438.7321,300.7321,299.1368,183.7778,183.8595,329.6942,327.1765,446.1765,-7.0962,-4.3896,-0.0001,0,-0.2139,1.5643,-0.2114,1.5633,0.6756,149.3232,144.2041,143.4219,147.2314,146.0452,0.6636,0.5807,0.6726,0.6025,0.5807,0.6236,0.5629,0.6427,0.5895,0.5629,0.6287,0.6339,0.6446,0.6155,0.6155,0.5873,0.5304,0.6043,0.5863,0.5304,0,0,0,0,0,-0.0151,-0.0779,0.0082,-0.0344,-0.0412,-0.0177,-0.0757,-0.0028,-0.0358,-0.0358,0.0227,0.0013,-0.014,-0.0007,-0.0762,-0.113,-0.0301,-0.0578,0.0055,0.015,0.0129,-0.0289,-0.0133,-0.0087,0.0053,-0.008,-0.0278,-0.0047,-0.0288,-0.0225,0.0034,-0.0162,-0.0046,-0.0107,-0.0382,-0.0342,-0.0051,-0.0066,-0.0054,0.0092,-0.0007,-0.1449,-0.0025,-0.1214,-0.1191,-0.0106,-0.1431,0.0038,-0.0946,-0.1001,-0.0113,0.0182,0.0165,0.0086,-0.0224,-0.0085,0.0017,-0.0927,-0.006,-0.0888,-0.0812,0.0002,-0.0896,0.0231,-0.0498,-0.0567,-0.0116,0.0048,0.0026,0.0171,0.0171,-0.0177,0.0125,TRUE,TRUE
DTC_R_92,LanSi,1,CW_01,B,2026-03-28 15:17:59+08:00,ONLINE,FALSE,,CW_1_01,PASS,,,51.6132681,_2026032815175989801,T20260328151759,DESKTOP-P2DUL42,Loma,1,CW_1_01,1,paul di,2024.0718.155524,V20260126.2,CW_DTCL_DTCR_STC,T20260328151851,51.6132681,TRUE,TRUE,TRUE,TRUE,TRUE,TRUE,TRUE,4S2RND2HBL0DP6,v1.0.1,2025_12_22,315.1022,317.4526,474.8467,297.8102,295.4257,147.3649,149.3684,337.7566,335.2797,485.4755,-5.4955,-2.3281,-0.0001,0,-0.2218,1.5551,-0.2214,1.5508,0.6657,153.9717,149.7539,151.7334,153.9082,152.3418,0.8625,0.831,0.8516,0.7826,0.7826,0.8193,0.7947,0.8012,0.7671,0.7671,0.8237,0.8107,0.8095,0.8186,0.7731,0.7682,0.7352,0.7518,0.7352,0.8492,0.7994,0.8069,0.2961,0.2961,0.842,0.8049,0.7907,0.83,0.8008,0.8378,0.8145,0.8547,0.7907,0,0,0,0,0,v1.0.1,2025_12_22,314.9366,317.338,475.9065,297.5612,295.1757,146.3041,148.2886,337.953,335.411,486.4247,-5.5563,-2.3838,-0.0001,0,-0.2217,1.5553,-0.2226,1.5498,0.6652,161.7373,152.7178,163.2139,164.7822,160.6128,0.7002,0.697,0.706,0.6747,0.6747,0.6862,0.6601,0.6679,0.6496,0.6496,0.6546,0.6644,0.6457,0.6659,0.6315,0.6652,0.6119,0.639,0.6119,0.6846,0.6658,0.6757,0.4261,0.4261,0.6601,0.6615,0.6534,0.6645,0.6573,0.6989,0.6665,0.6724,0.6534,0,0,0,0,0,v1.0.1,2025_12_22,317.2308,328.9423,441.7321,313.7321,302.7073,195.6748,188.7642,343.3577,331.708,457.3982,-3.0715,8.321,0,0.0001,-0.2211,1.5617,-0.2112,1.5581,0.6719,175.6631,173.584,176.2334,176.9922,175.6182,0.8009,0.722,0.796,0.6553,0.6553,0.7789,0.6833,0.7488,0.6639,0.6639,0.7785,0.7692,0.7479,0.7358,0.7358,0.7521,0.7015,0.7092,0,0.7015,0,0,0,0,0,v1.0.1,2025_12_22,317.1923,328.9615,442.5856,313.7207,302.672,194.888,187.952,343.4,331.8571,458.1071,-3.0482,8.3155,0,0.0001,-0.2204,1.5624,-0.2107,1.5572,0.6721,146.7334,138.4307,141.8672,145.0762,143.0269,0.6603,0.6019,0.6593,0.5848,0.5848,0.6356,0.5978,0.6439,0.5654,0.5654,0.6409,0.6278,0.6151,0.6223,0.6151,0.5766,0.5699,0.5791,0.5162,0.5162,0,0,0,0,0,-0.007,-0.0561,-0.0316,-0.0943,-0.0869,-0.0064,-0.0073,-0.0063,-0.0745,-0.0349,0.0225,-0.009,-0.0112,0.0019,-0.0331,-0.0467,-0.0631,-0.081,-0.0021,0.0003,-0.0089,-0.018,-0.0047,-0.044,-0.0344,0.0032,0.0081,-0.0032,-0.0314,-0.0024,0.037,0.0098,-0.0116,-0.0087,-0.0077,-0.0125,-0.0231,0.0004,-0.0034,0.014,-0.0038,-0.1045,-0.0251,-0.1668,-0.1494,0.0099,-0.0752,-0.0308,-0.1257,-0.0946,0.0124,0.0076,-0.012,-0.0074,0.0064,-0.0332,-0.0105,-0.0744,-0.0151,-0.1013,-0.086,-0.0129,-0.0455,-0.0036,-0.0813,-0.0779,0.0392,-0.0156,-0.0148,-0.0038,0.0134,-0.0273,-0.0153,TRUE,TRUE
DTC_R_93,LanSi,1,CW_01,C,2026-03-28 15:21:37+08:00,ONLINE,FALSE,,CW_1_01,PASS,,,51.3927677,_2026032815213717901,T20260328152137,DESKTOP-P2DUL42,Loma,1,CW_1_01,1,paul di,2024.0718.155524,V20260126.2,CW_DTCL_DTCR_STC,T20260328152228,51.3927677,TRUE,TRUE,TRUE,TRUE,TRUE,TRUE,TRUE,4S2RND2HBL0DP6,v1.0.1,2025_12_22,315.0074,316.5852,474.8129,296.5396,295.3893,147.3356,149.2483,337.0414,335.2695,484.3333,-5.5545,-3.133,-0.0001,0,-0.2243,1.5549,-0.2223,1.5501,0.6646,154.4424,150.9961,151.8877,154.0889,152.8538,0.8569,0.8365,0.8571,0.8288,0.8288,0.8187,0.7463,0.7957,0.7422,0.7422,0.8295,0.8016,0.7972,0.8213,0.7723,0.7342,0.7206,0.6994,0.6994,0.8344,0.8074,0.8068,0.98,0.8068,0.8426,0.7707,0.7812,0.8214,0.8058,0.7837,0.7765,0.8572,0.7707,0,0,0,0,0,v1.0.1,2025_12_22,315.0294,316.6176,475.8345,296.3813,295.1544,146.2617,148.0629,337.0629,335.3724,485.3724,-5.6093,-3.1608,-0.0001,0,-0.2247,1.5541,-0.2213,1.5503,0.6646,163.9014,157.4385,167.4238,166.9141,163.9194,0.7051,0.6977,0.7063,0.7059,0.6977,0.6787,0.6315,0.672,0.6379,0.6315,0.6676,0.6538,0.6493,0.6608,0.6414,0.6272,0.6043,0.6069,0.6043,0.6968,0.671,0.676,0.4865,0.4865,0.6451,0.6761,0.6546,0.6726,0.6713,0.661,0.6442,0.6695,0.6442,0,0,0,0,0,v1.0.1,2025_12_22,317.233,328,441.7168,312.6814,302.7795,195.4882,188.5378,342.3697,331.708,456.3982,-3.105,7.4875,0,0.0001,-0.2219,1.5616,-0.2107,1.558,0.6718,176.2246,174.9727,176.3223,177.0361,176.1389,0.8016,0.6922,0.8035,0.7021,0.6922,0.7673,0.6544,0.7563,0.6202,0.6202,0.7723,0.7661,0.7467,0.7476,0.7467,0.7585,0.6849,0.7403,0,0.6849,0,0,0,0,0,v1.0.1,2025_12_22,317.1923,328.0385,442.4522,312.6174,302.6667,194.7398,187.6423,342.4634,331.8929,457.1607,-3.1307,7.504,0,0.0001,-0.222,1.5617,-0.2104,1.5569,0.6716,148.7422,142.5781,145.3643,146.7803,145.8662,0.6676,0.5935,0.6831,0.6182,0.5935,0.6446,0.5771,0.6469,0.5453,0.5453,0.6326,0.6339,0.6363,0.6369,0.6326,0.6034,0.5677,0.5717,0.5401,0.5401,0,0,0,0,0,-0.0126,-0.0506,-0.0261,-0.0481,-0.0407,-0.007,-0.0557,-0.0118,-0.0994,-0.0598,0.0283,-0.0181,-0.0235,0.0046,-0.0339,-0.0807,-0.0777,-0.1334,-0.0169,0.0002,-0.004,-0.0173,-0.0044,-0.0128,-0.0114,-0.0043,-0.0205,0.0009,-0.0431,-0.0205,0.05,-0.0008,-0.008,-0.0138,0.0022,-0.0505,-0.0307,-0.0317,0.0088,0.0143,-0.0031,-0.1343,-0.0176,-0.12,-0.1125,-0.0017,-0.1041,-0.0233,-0.1694,-0.1383,0.0062,0.0045,-0.0132,0.0044,0.0128,-0.0021,-0.0032,-0.0828,0.0087,-0.0679,-0.0773,-0.0039,-0.0662,-0.0006,-0.1014,-0.098,0.0309,-0.0095,0.0064,0.0108,0.0309,-0.0005,-0.0227,TRUE,TRUE
DTC_L_93,LanSi,1,CW_01,B,2026-03-28 15:21:37+08:00,ONLINE,FALSE,,CW_1_01,PASS,,,51.552341,_2026032815213701902,T20260328152137,DESKTOP-P2DUL42,Loma,1,CW_1_01,2,paul di,2024.0718.155524,V20260126.2,CW_DTCL_DTCR_STC,T20260328152228,51.552341,TRUE,TRUE,TRUE,TRUE,TRUE,TRUE,TRUE,4S2RND2HBL06DS,v1.0.1,2025_12_22,315.3261,321.5942,475.6884,300.4928,296.4744,149.9295,150.0397,341.5232,334.7883,487.9927,-5.0366,0.8065,-0.0001,0,-0.2303,1.5609,-0.2195,1.5538,0.6662,155.5156,151.0576,149.6309,155.1113,152.8289,0.8248,0.8025,0.8485,0.7978,0.7978,0.7624,0.7641,0.801,0.7564,0.7564,0.8178,0.8056,0.8054,0.7668,0.7403,0.7359,0.7549,0.7039,0.7039,0.817,0.7708,0.8,0.7853,0.7708,0.834,0.7242,0.6926,0.8413,0.8206,0.7774,0.776,0.7873,0.6926,0,0,0,0,0,v1.0.1,2025_12_22,315.295,321.6691,476.7801,300.3617,296.1961,149,148.9527,341.6959,334.9571,489.1071,-5.0638,0.8668,-0.0001,0,-0.2307,1.5601,-0.2193,1.5534,0.6659,161.7168,157.4102,163.418,162.8311,161.344,0.6753,0.67,0.6978,0.7047,0.67,0.651,0.6283,0.6598,0.6451,0.6283,0.6594,0.6536,0.6407,0.639,0.6115,0.6412,0.6364,0.6104,0.6104,0.6914,0.6255,0.6726,0.6788,0.6255,0.6515,0.6249,0.5875,0.6704,0.6606,0.6658,0.6663,0.6233,0.5875,0,0,0,0,0,v1.0.1,2025_12_22,314.0865,313.7788,439.2301,299.2301,300.5966,182.4454,186.2213,328.5656,328.3103,444.5,-5.811,-5.796,-0.0001,-0.0001,-0.2152,1.5679,-0.2146,1.5619,0.675,175.6504,174.3896,172.6553,175.4014,174.5242,0.7886,0.6891,0.8044,0.6947,0.6891,0.7288,0.6442,0.7581,0.6541,0.6442,0.7681,0.765,0.7557,0.6993,0.6993,0.732,0,0.7204,0.5884,0.5884,0,0,0,0,0,v1.0.1,2025_12_22,314.0865,313.7788,440.0541,299.0541,300.4917,181.6667,185.3025,328.6134,328.3898,445.339,-5.8351,-5.8096,-0.0001,-0.0001,-0.2158,1.5677,-0.2142,1.562,0.6749,148.1895,143.166,142.3564,145.8184,144.8826,0.6623,0.5903,0.6735,0.6169,0.5903,0.6253,0.5633,0.6305,0.5781,0.5633,0.621,0.6168,0.6307,0.6124,0.6124,0.5948,0.4833,0.5803,0.5001,0.4833,0,0,0,0,0,-0.0019,-0.0558,0.0166,-0.0238,-0.0238,-0.0285,-0.0696,-0.0008,-0.0273,-0.0273,0.0165,-0.0083,-0.0136,-0.0021,-0.0851,-0.0853,-0.0476,-0.0505,-0.0012,-0.0167,0.0014,-0.0381,0.0006,-0.0019,-0.0039,-0.0138,-0.0439,-0.0048,-0.0258,-0.0363,0.0154,-0.0013,-0.0225,0.0025,-0.0578,-0.024,-0.0123,-0.0067,0.0039,-0.0003,-0.0061,-0.1314,-0.0011,-0.1032,-0.1056,-0.0207,-0.1483,-0.0032,-0.098,-0.1053,-0.0199,0.0092,-0.0019,0.0054,-0.0156,-0.0134,0.0004,-0.0831,-0.0051,-0.0744,-0.0716,0.0019,-0.0892,0.0109,-0.0612,-0.0563,-0.0193,-0.0123,-0.0113,0.014,0.014,-0.0102,-0.0115,TRUE,TRUE
DTC_L_94,LanSi,1,CW_01,C,2026-03-28 15:23:26+08:00,ONLINE,FALSE,,CW_1_01,PASS,,,51.4882328,_2026032815232699402,T20260328152326,DESKTOP-P2DUL42,Loma,1,CW_1_01,2,paul di,2024.0718.155524,V20260126.2,CW_DTCL_DTCR_STC,T20260328152418,51.4882328,TRUE,TRUE,TRUE,TRUE,TRUE,TRUE,TRUE,4S2RND2HBL06DS,v1.0.1,2025_12_22,313.9416,322.927,474.0216,302.223,294.4444,151.2026,147.8,342.8067,333.1064,490.3191,-6.8372,2.3957,-0.0001,0,-0.2281,1.5572,-0.2186,1.5563,0.6667,154.5039,150.4482,148.7471,153.7305,151.8574,0.8216,0.7982,0.8341,0.7867,0.7867,0.7798,0.7531,0.815,0.7311,0.7311,0.8153,0.8074,0.8245,0.779,0.7569,0.7148,0.7634,0.731,0.7148,0.8175,0.7522,0.8316,0.8277,0.7522,0.834,0.7724,0.7481,0.8514,0.8353,0.847,0.7901,0.791,0.7481,0,0,0,0,0,v1.0.1,2025_12_22,313.9149,322.9149,475.0803,302.1314,294.3571,150.2468,146.6711,343.0268,333.1844,491.3688,-6.8584,2.4377,-0.0001,0,-0.2277,1.5575,-0.2192,1.5564,0.6667,162.8701,158.1357,164.0781,163.2314,162.0789,0.6844,0.68,0.6841,0.6832,0.68,0.6565,0.6328,0.6512,0.6529,0.6328,0.6539,0.6416,0.6613,0.6474,0.6331,0.6368,0.637,0.6206,0.6206,0.6725,0.6056,0.6671,0.6854,0.6056,0.6348,0.6427,0.6184,0.674,0.6603,0.6839,0.6605,0.6132,0.6132,0,0,0,0,0,v1.0.1,2025_12_22,312.5524,315.1238,437.5614,300.6667,298.623,183.7623,184.1393,329.7131,326.6303,446.3193,-7.5987,-4.383,-0.0001,0,-0.2146,1.5646,-0.2126,1.5634,0.6752,175.7764,174.7959,172.8447,175.0664,174.6208,0.7937,0.6913,0.8091,0.6737,0.6737,0.7547,0.6536,0.7524,0.6752,0.6536,0.7616,0.7787,0.7724,0.6993,0.6993,0.7342,0,0.7357,0.7284,0.7284,0,0,0,0,0,v1.0.1,2025_12_22,312.5577,315.0673,438.4522,300.6174,298.5,183,183.2377,329.7213,326.7797,447.1525,-7.5946,-4.3883,-0.0001,0,-0.2138,1.5642,-0.2123,1.563,0.6753,149.042,143.4424,142.9121,145.9053,145.3254,0.6603,0.5895,0.6811,0.6026,0.5895,0.6266,0.5652,0.6281,0.5926,0.5652,0.6363,0.6387,0.6463,0.6124,0.6124,0.603,0.5172,0.5926,0.5763,0.5172,0,0,0,0,0,-0.0051,-0.0601,0.0022,-0.0349,-0.0349,-0.0111,-0.0806,0.0132,-0.0526,-0.0526,0.014,-0.0065,0.0055,0.0101,-0.0685,-0.1064,-0.0391,-0.0234,-0.0007,0.0149,0.0105,-0.0281,-0.0131,-0.0234,0.0061,-0.0083,-0.0394,-0.0134,-0.018,-0.0318,0.0099,-0.0133,-0.0019,0.0109,-0.0362,-0.0284,-0.0117,0.0035,-0.015,-0.0058,-0.001,-0.1292,0.0036,-0.1242,-0.121,0.0052,-0.1389,-0.0089,-0.0769,-0.0959,-0.0264,0.0229,0.0148,0.0054,-0.0134,0.0019,-0.0016,-0.0839,0.0025,-0.0887,-0.0724,0.0032,-0.0873,0.0085,-0.0467,-0.0544,-0.004,0.0096,0.0043,0.014,0.014,-0.002,0.0008,TRUE,TRUE
DTC_R_94,LanSi,1,CW_01,A,2026-03-28 15:23:26+08:00,ONLINE,FALSE,,CW_1_01,PASS,,,51.6318485,_2026032815232686101,T20260328152326,DESKTOP-P2DUL42,Loma,1,CW_1_01,1,paul di,2024.0718.155524,V20260126.2,CW_DTCL_DTCR_STC,T20260328152418,51.6318485,TRUE,TRUE,TRUE,TRUE,TRUE,TRUE,TRUE,4S2RND2HBL0DP6,v1.0.1,2025_12_22,315.2222,316.8667,475.3284,297.1642,295.6712,148.3836,149.226,337,335.7466,484.3493,-5.2611,-2.7473,-0.0001,0,-0.2219,1.5548,-0.2202,1.5483,0.6652,154.291,151.292,152.0156,154.5947,153.0483,0.8565,0.796,0.854,0.7673,0.7673,0.8207,0.7594,0.8105,0.7358,0.7358,0.8199,0.8129,0.7973,0.8243,0.7338,0.715,0.7498,0.7442,0.715,0.8366,0.8022,0.7867,0.98,0.7867,0.8417,0.7743,0.7552,0.8227,0.7887,0.7242,0.8207,0.8439,0.7242,0,0,0,0,0,v1.0.1,2025_12_22,315.1643,316.9714,476.3235,297.0368,295.4218,147.3673,148.034,337.0816,335.7619,485.3946,-5.3589,-2.7297,-0.0001,0,-0.2226,1.5544,-0.2192,1.5486,0.6653,162.9971,156.2588,165.8252,165.9346,162.7539,0.7006,0.6783,0.7066,0.6564,0.6564,0.6867,0.6541,0.6663,0.6368,0.6368,0.6706,0.6263,0.6375,0.653,0.625,0.6303,0.6074,0.6254,0.6074,0.6741,0.6302,0.6628,0.2707,0.2707,0.6435,0.6545,0.6468,0.6827,0.6564,0.6129,0.6367,0.6661,0.6129,0,0,0,0,0,v1.0.1,2025_12_22,317.4495,328.2385,442.1261,313.2342,302.9754,196.1393,188.65,342.5917,331.9561,455.9737,-2.8686,7.7355,0,0.0001,-0.2193,1.5611,-0.2105,1.5572,0.6722,174.8389,173.8506,174.9834,176.29,174.9907,0.7913,0.6384,0.8138,0.6153,0.6153,0.7643,0.6407,0.7609,0.6082,0.6082,0.7782,0.7738,0.7437,0.7448,0.7437,0.7494,0.6581,0.7358,0,0.6581,0,0,0,0,0,v1.0.1,2025_12_22,317.3578,328.4679,443,313.3148,302.7742,195.3306,187.8017,342.6116,332,456.6786,-2.9133,7.7807,0,0.0001,-0.2195,1.5612,-0.2082,1.5566,0.6725,148.0537,141.3047,144.1738,146.1611,144.9233,0.654,0.559,0.6854,0.5558,0.5558,0.6474,0.5777,0.6341,0.5576,0.5576,0.6463,0.6387,0.62,0.6312,0.62,0.5984,0.5506,0.5787,0.4312,0.4312,0,0,0,0,0,-0.013,-0.0911,-0.0292,-0.1096,-0.1022,-0.005,-0.0426,0.003,-0.1058,-0.0662,0.0187,-0.0068,-0.0234,0.0076,-0.0724,-0.0999,-0.0485,-0.0886,-0.0147,-0.0199,-0.0085,-0.0367,-0.0041,-0.0623,-0.0527,0.0037,0.0021,-0.0048,-0.0442,-0.0152,0.053,-0.0283,-0.0198,-0.0216,-0.0142,-0.0474,-0.0276,-0.0132,-0.0139,0.0011,-0.0134,-0.1881,-0.0073,-0.2068,-0.1894,-0.0047,-0.1178,-0.0187,-0.1814,-0.1503,0.0121,0.0122,-0.0162,0.0016,0.0037,-0.0066,-0.0168,-0.1173,0.011,-0.1303,-0.115,-0.0011,-0.0656,-0.0134,-0.0891,-0.0857,0.0446,-0.0047,-0.0099,0.0051,0.0183,-0.0055,-0.0157,TRUE,TRUE
DTC_L_95,LanSi,1,CW_01,A,2026-03-28 15:25:21+08:00,ONLINE,FALSE,,CW_1_01,FAIL,SFR_VIS_25cm_Ny4_06F_ROI15;SFR_VIS_25cm_Ny4_06F_Min,sfr_25Algo,51.7053721,_2026032815252154102,T20260328152521,DESKTOP-P2DUL42,Loma,1,CW_1_01,2,paul di,2024.0718.155524,V20260126.2,CW_DTCL_DTCR_STC,T20260328152613,51.7053721,TRUE,TRUE,TRUE,TRUE,TRUE,TRUE,TRUE,4S2RND2HBL06DS,v1.0.1,2025_12_22,315.0963,322.5481,475.5152,301.9167,296.1788,151.9934,149.7067,342.5,334.6493,488.0896,-5.2708,1.9095,-0.0001,0,-0.2274,1.5598,-0.2195,1.5527,0.6664,153.3047,151.665,149.9443,155.0771,152.4978,0.8256,0.7758,0.809,0.7797,0.7758,0.7657,0.7446,0.7785,0.7389,0.7389,0.8242,0.81,0.7858,0.765,0.7315,0.72,0.6464,0.6666,0.6464,0.8071,0.7371,0.8242,0.7699,0.7371,0.8579,0.7351,0.738,0.8353,0.7859,0.7318,0.7731,0.7795,0.7318,0,0,0,0,0,v1.0.1,2025_12_22,315.1679,322.7153,476.6691,301.9265,296.1208,151.0805,148.6078,342.6667,334.8478,489.2391,-5.2173,2.0256,-0.0001,0,-0.2275,1.5598,-0.2187,1.5526,0.6665,161.1729,158.5303,164.334,163.5518,161.8972,0.6866,0.6534,0.6833,0.7007,0.6534,0.6498,0.6259,0.6454,0.6475,0.6259,0.6437,0.6492,0.636,0.6371,0.6158,0.6256,0.5849,0.5867,0.5849,0.6734,0.6325,0.6759,0.6565,0.6325,0.652,0.6009,0.615,0.6849,0.6402,0.6381,0.6456,0.6321,0.6009,0,0,0,0,0,v1.0.1,2025_12_22,313.9135,314.7788,438.6667,300.4386,300.377,184.2377,185.7647,329.4958,328.0431,444.8707,-6.147,-4.7357,-0.0001,0,-0.2139,1.567,-0.2138,1.5621,0.6753,173.2734,175.1357,173.002,175.2734,174.1711,0.7811,0.6595,0.7661,0.6727,0.6595,0.7355,0.6419,0.7328,0.6439,0.6419,0.7603,0.7664,0.7212,0.7052,0.7052,0.7166,0,0.7135,0.6546,0.6546,0,0,0,0,0,v1.0.1,2025_12_22,313.9135,314.7788,439.5702,300.4298,300.3103,183.5,185.0887,329.629,328.0862,445.7759,-6.1062,-4.6773,-0.0001,0,-0.2132,1.567,-0.2143,1.5625,0.6755,147.5742,144.2803,143.0889,146.4502,145.3484,0.6489,0.5661,0.6573,0.6142,0.5661,0.6186,0.5621,0.6206,0.5749,0.5621,0.6357,0.6242,0.6108,0.6079,0.6079,0.5755,0.4942,0.5842,0.544,0.4942,0,0,0,0,0,-0.0011,-0.0825,-0.0229,-0.0419,-0.0458,-0.0252,-0.0891,-0.0233,-0.0448,-0.0448,0.0229,-0.0039,-0.0332,-0.0039,-0.0939,-0.1012,-0.1561,-0.0878,-0.0111,0.0075,0.0127,-0.0547,-0.0139,-0.0059,-0.0205,-0.015,-0.0463,-0.0192,-0.0234,-0.0387,-0.0003,-0.0057,-0.0272,0.0006,-0.0535,-0.0396,-0.0638,-0.0304,-0.0141,0.003,-0.0136,-0.161,-0.0394,-0.1252,-0.1352,-0.014,-0.1506,-0.0285,-0.1082,-0.1076,-0.0277,0.0106,-0.0364,0.0113,-0.031,-0.0203,-0.013,-0.1073,-0.0213,-0.0771,-0.0958,-0.0048,-0.0904,0.001,-0.0644,-0.0575,-0.0046,-0.0049,-0.0312,0.0095,0.0095,-0.0295,-0.0076,TRUE,TRUE
DTC_R_95,LanSi,1,CW_01,B,2026-03-28 15:25:21+08:00,ONLINE,FALSE,,CW_1_01,PASS,,,51.7053721,_2026032815252154101,T20260328152521,DESKTOP-P2DUL42,Loma,1,CW_1_01,1,paul di,2024.0718.155524,V20260126.2,CW_DTCL_DTCR_STC,T20260328152613,51.7053721,TRUE,TRUE,TRUE,TRUE,TRUE,TRUE,TRUE,4S2RND2HBL0DP6,v1.0.1,2025_12_22,315.0652,317.7971,475.0657,297.8467,295.4138,147.7448,149.4211,338.2105,335.2113,485.5915,-5.4646,-2.0619,-0.0001,0,-0.2235,1.5552,-0.2221,1.5508,0.6651,153.6846,150.3145,150.2031,152.96,151.7905,0.8444,0.8205,0.8551,0.8088,0.8088,0.7992,0.7676,0.8051,0.7617,0.7617,0.8031,0.8,0.8015,0.8093,0.7,0.7592,0.7192,0.7508,0.7,0.8344,0.8152,0.812,0.1182,0.1182,0.685,0.7577,0.7884,0.8235,0.8003,0.7778,0.7678,0.8415,0.685,0,0,0,0,0,v1.0.1,2025_12_22,315.0704,317.7113,476.1087,297.8261,295.1486,146.8581,148.2483,338.2886,335.3121,486.5816,-5.5224,-2.0469,-0.0001,0,-0.2223,1.5542,-0.2222,1.551,0.6652,162.4395,156.543,165.6572,164.9443,162.396,0.6944,0.676,0.7012,0.6943,0.676,0.6721,0.6495,0.6763,0.6429,0.6429,0.6476,0.6375,0.6528,0.6627,0.612,0.6504,0.5926,0.6375,0.5926,0.6701,0.667,0.668,0.209,0.209,0.5233,0.6519,0.6653,0.66,0.6675,0.6622,0.6471,0.6839,0.5233,0,0,0,0,0,v1.0.1,2025_12_22,317.1905,329.0952,441.7798,313.844,302.685,196.1102,188.5372,343.5372,331.5487,457.6106,-3.1518,8.5395,0,0.0001,-0.2213,1.5616,-0.2113,1.559,0.672,175.208,173.6328,174.1133,175.3184,174.5681,0.797,0.6947,0.8038,0.702,0.6947,0.7652,0.6672,0.757,0.651,0.651,0.7662,0.763,0.7389,0.7453,0.7389,0.7446,0.6823,0.7404,0,0.6823,0,0,0,0,0,v1.0.1,2025_12_22,317.1923,329.0385,442.6396,313.7928,302.6429,195.3175,187.8017,343.6116,331.7876,458.5044,-3.0872,8.5529,0,0.0001,-0.2204,1.5619,-0.2116,1.558,0.672,147.3564,141.9961,143.7998,145.4463,144.6497,0.6666,0.5797,0.6761,0.5981,0.5797,0.64,0.5757,0.6353,0.5673,0.5673,0.6255,0.6339,0.6396,0.6416,0.6255,0.5895,0.5681,0.5743,0.364,0.364,0,0,0,0,0,-0.0251,-0.0666,-0.0281,-0.0681,-0.0607,-0.0265,-0.0344,-0.0024,-0.0799,-0.0403,0.0019,-0.0197,-0.0192,-0.0074,-0.1062,-0.0557,-0.0791,-0.082,-0.0169,0.0054,-0.0147,-0.039,-0.0095,-0.0244,-0.0331,-0.0109,-0.0025,0.0052,-0.0381,-0.0091,0.03,-0.0171,-0.0045,-0.0119,-0.0272,-0.0273,-0.0424,-0.0011,-0.0179,0.0063,-0.0077,-0.1318,-0.0173,-0.1201,-0.11,-0.0038,-0.0913,-0.0226,-0.1386,-0.1075,0.0001,0.0014,-0.021,0.0021,-0.0011,-0.002,-0.0042,-0.0966,0.0017,-0.088,-0.0911,-0.0085,-0.0676,-0.0122,-0.0794,-0.076,0.0238,-0.0095,0.0097,0.0155,0.0238,-0.0144,-0.0201,TRUE,TRUE
DTC_L_96,LanSi,1,CW_01,B,2026-03-28 15:27:04+08:00,ONLINE,FALSE,,CW_1_01,PASS,,,51.97245,_2026032815270455602,T20260328152704,DESKTOP-P2DUL42,Loma,1,CW_1_01,2,paul di,2024.0718.155524,V20260126.2,CW_DTCL_DTCR_STC,T20260328152756,51.97245,TRUE,TRUE,TRUE,TRUE,TRUE,TRUE,TRUE,4S2RND2HBL06DS,v1.0.1,2025_12_22,314.1241,323.4672,474.3235,303.0368,294.6159,152.5364,148.245,343.3907,333.5396,489.5252,-6.5304,2.8913,-0.0001,0,-0.2263,1.5566,-0.219,1.5539,0.6663,153.8613,149.9658,148.1094,153.2949,151.3079,0.8314,0.8019,0.8397,0.7721,0.7721,0.7739,0.7485,0.8002,0.7574,0.7485,0.8161,0.8233,0.8233,0.757,0.7611,0.7181,0.7476,0.7128,0.7128,0.8158,0.6129,0.8217,0.8342,0.6129,0.8419,0.7539,0.7527,0.8441,0.8458,0.833,0.7924,0.7685,0.7527,0,0,0,0,0,v1.0.1,2025_12_22,314.1871,323.5396,475.5333,302.963,294.4706,151.4641,147.1513,343.5395,333.7286,490.5357,-6.4858,2.9084,-0.0001,0,-0.2263,1.5562,-0.2187,1.5538,0.6663,162.8193,158.2998,164.0479,163.7119,162.2197,0.6842,0.6743,0.6922,0.6888,0.6743,0.649,0.6379,0.6608,0.6527,0.6379,0.6479,0.6585,0.6606,0.6333,0.6386,0.6356,0.6204,0.62,0.62,0.6753,0.5216,0.6787,0.6745,0.5216,0.6575,0.6322,0.6271,0.6899,0.6738,0.703,0.6611,0.6311,0.6271,0,0,0,0,0,v1.0.1,2025_12_22,312.9151,315.6698,437.7788,301.469,299,185,184.5372,330.4628,327.0086,446.1552,-7.2521,-3.7486,-0.0001,0,-0.2127,1.5642,-0.2142,1.5627,0.675,175.0391,174.1553,172.1924,174.8408,174.0569,0.8,0.6888,0.8088,0.678,0.678,0.746,0.6454,0.7573,0.6711,0.6454,0.7745,0.759,0.7719,0.7101,0.7101,0.7138,0,0.7095,0.711,0.7095,0,0,0,0,0,v1.0.1,2025_12_22,312.9626,315.6449,438.6552,301.4138,298.8235,184.1765,183.5372,330.4628,327.0172,447.0517,-7.3008,-3.7501,-0.0001,0,-0.2122,1.5631,-0.2135,1.5637,0.6753,148.7324,143.6318,142.9111,146.6465,145.4805,0.6582,0.5886,0.6753,0.6159,0.5886,0.6335,0.5502,0.6202,0.584,0.5502,0.6401,0.6363,0.6458,0.6114,0.6114,0.594,0.5329,0.5662,0.5723,0.5329,0,0,0,0,0,0.0047,-0.0564,0.0078,-0.0495,-0.0495,-0.017,-0.0852,-0.0016,-0.0263,-0.0352,0.0148,0.0094,0.0043,-0.0119,-0.0643,-0.1031,-0.0549,-0.0416,-0.0024,0.005,0.0103,-0.0338,-0.005,-0.0178,0.0004,-0.0158,-0.0343,-0.0038,-0.0182,-0.0267,0.0039,0.0036,-0.0026,-0.0032,-0.0307,-0.0296,-0.0283,0.0029,-0.0122,0.0058,0.0053,-0.1317,0.0033,-0.1199,-0.1167,-0.0035,-0.1471,-0.004,-0.081,-0.1041,-0.0135,0.0032,0.0143,0.0162,-0.0338,-0.0243,-0.0037,-0.0848,-0.0033,-0.0754,-0.0733,0.0101,-0.1023,0.0006,-0.0553,-0.0694,-0.0002,0.0072,0.0038,0.013,0.013,-0.011,-0.0256,TRUE,TRUE
DTC_R_96,LanSi,1,CW_01,C,2026-03-28 15:27:04+08:00,ONLINE,FALSE,,CW_1_01,PASS,,,52.0263032,_2026032815270477201,T20260328152704,DESKTOP-P2DUL42,Loma,1,CW_1_01,1,paul di,2024.0718.155524,V20260126.2,CW_DTCL_DTCR_STC,T20260328152756,52.0263032,TRUE,TRUE,TRUE,TRUE,TRUE,TRUE,TRUE,4S2RND2HBL0DP6,v1.0.1,2025_12_22,315.0438,316.4818,474.854,296.3723,295.1918,147.1575,149.3072,336.6601,335.2609,484.1087,-5.5685,-3.3439,-0.0001,0,-0.2247,1.5536,-0.2206,1.5503,0.6646,154.5771,151.5332,151.9814,154.8984,153.2476,0.8569,0.8342,0.8598,0.8181,0.8181,0.8219,0.7479,0.8083,0.7637,0.7479,0.8207,0.8043,0.8068,0.745,0.7552,0.7349,0.7073,0.712,0.7073,0.8382,0.8129,0.7968,0.98,0.7968,0.8458,0.7719,0.7749,0.8199,0.8062,0.8302,0.7899,0.7439,0.7439,0,0,0,0,0,v1.0.1,2025_12_22,314.964,316.4676,475.8478,296.2391,295.1497,146.1701,148.0952,336.7619,335.3429,485.25,-5.6201,-3.3223,-0.0001,0,-0.2246,1.5544,-0.2205,1.5501,0.6649,162.2412,154.8789,164.4111,165.0889,161.655,0.711,0.704,0.7118,0.6974,0.6974,0.672,0.6392,0.6654,0.6514,0.6392,0.6601,0.6495,0.6599,0.6413,0.6373,0.6305,0.5974,0.6032,0.5974,0.6865,0.6599,0.6635,0.3726,0.3726,0.6575,0.6459,0.6585,0.6707,0.663,0.6725,0.6603,0.6563,0.6459,0,0,0,0,0,v1.0.1,2025_12_22,317.233,328,441.7321,312.7321,302.7619,195.3333,188.605,342.395,331.8519,456.3519,-3.0632,7.4625,0,0.0001,-0.2215,1.5616,-0.2109,1.5569,0.6715,175.1553,174.0283,175.3213,176.5811,175.2715,0.814,0.7177,0.8172,0.7096,0.7096,0.7669,0.6567,0.7599,0.6515,0.6515,0.7645,0.7637,0.7254,0.7373,0.7254,0.7379,0.6654,0.7367,0,0.6654,0,0,0,0,0,v1.0.1,2025_12_22,317.233,328,442.5,312.6379,302.6613,194.6855,187.7377,342.4016,331.8807,457.211,-3.0975,7.4872,0,0.0001,-0.2215,1.5614,-0.2102,1.5574,0.6718,147.0176,140.292,142.999,145.3545,143.9158,0.6693,0.6005,0.6741,0.616,0.6005,0.6382,0.5824,0.6389,0.5568,0.5568,0.6299,0.6272,0.6319,0.618,0.618,0.5928,0.5517,0.576,0.4894,0.4894,0,0,0,0,0,-0.0126,-0.0529,-0.0234,-0.0588,-0.0514,-0.0038,-0.0541,0.0008,-0.0779,-0.0541,0.0195,-0.0154,-0.0139,-0.0717,-0.051,-0.08,-0.091,-0.1208,-0.0131,-0.0098,0.0019,-0.011,0.0011,-0.0213,-0.0117,-0.011,-0.0128,-0.0057,-0.0296,-0.0128,0.0425,-0.0051,0.0026,-0.0333,-0.0019,-0.0472,-0.0376,-0.0354,-0.0015,0.0018,0.0093,-0.1088,-0.0039,-0.1125,-0.0951,-0.0021,-0.1018,-0.0197,-0.1381,-0.107,-0.0016,0.0021,-0.0345,-0.0059,-0.0078,-0.0057,-0.0015,-0.0758,-0.0003,-0.0701,-0.0703,-0.0103,-0.0609,-0.0086,-0.0899,-0.0865,0.0282,-0.0162,0.002,-0.0081,0.0163,-0.0111,-0.0184,TRUE,TRUE
DTC_R_97,LanSi,1,CW_01,A,2026-03-28 15:38:29+08:00,ONLINE,FALSE,,CW_1_01,PASS,,,51.8315401,_2026032815382998501,T20260328153829,DESKTOP-P2DUL42,Loma,1,CW_1_01,1,paul di,2024.0718.155524,V20260126.2,CW_DTCL_DTCR_STC,T20260328153921,51.8315401,TRUE,TRUE,TRUE,TRUE,TRUE,TRUE,TRUE,4S2RND2HBL0DP6,v1.0.1,2025_12_22,315.0657,316.8467,474.8467,296.8102,295.4257,147.3649,149.3289,337.0268,335.4085,484.5,-5.4849,-2.9903,-0.0001,0,-0.2242,1.5549,-0.2206,1.5495,0.6649,155.1348,151.6719,152.0078,155.2061,153.5051,0.8716,0.8429,0.8563,0.8146,0.8146,0.8207,0.7529,0.8028,0.7627,0.7529,0.819,0.8109,0.7998,0.8179,0.7667,0.7482,0.7257,0.7308,0.7257,0.8531,0.8134,0.7948,0.4996,0.4996,0.8321,0.802,0.7811,0.8175,0.8103,0.7883,0.7891,0.8494,0.7811,0,0,0,0,0,v1.0.1,2025_12_22,315.0791,316.8633,475.8921,296.777,295.2148,146.3289,148.1973,337.1497,335.5,485.589,-5.5233,-2.9584,-0.0001,0,-0.2237,1.5543,-0.2205,1.5498,0.665,162.8164,156.9863,166.3623,165.7158,162.9702,0.7117,0.6892,0.7146,0.6935,0.6892,0.677,0.6437,0.6621,0.6473,0.6437,0.6662,0.6507,0.6475,0.6682,0.6378,0.6321,0.6036,0.624,0.6036,0.6765,0.6682,0.6641,0.4297,0.4297,0.6469,0.6535,0.6555,0.6541,0.6519,0.6573,0.6687,0.6821,0.6469,0,0,0,0,0,v1.0.1,2025_12_22,317.287,328.3241,441.6818,313.1091,302.7656,195.4375,188.5738,342.5,331.8829,456.5315,-3.0618,7.6804,0,0.0001,-0.2212,1.5614,-0.2092,1.5569,0.672,175.5928,174.3213,175.1611,177.0137,175.5222,0.809,0.718,0.8151,0.6808,0.6808,0.7558,0.6494,0.7644,0.6592,0.6494,0.7705,0.768,0.7471,0.7447,0.7447,0.7398,0.6893,0.7347,0,0.6893,0,0,0,0,0,v1.0.1,2025_12_22,317.1792,328.3208,442.469,313.1504,302.623,194.7623,187.7295,342.6721,331.9273,457.5,-3.1144,7.7811,0,0.0001,-0.22,1.5617,-0.2099,1.5566,0.6721,147.7598,142.1484,144.5459,145.7871,145.0603,0.6631,0.6136,0.6707,0.5972,0.5972,0.6357,0.5809,0.6469,0.5746,0.5746,0.6337,0.6328,0.6325,0.6279,0.6279,0.5997,0.5446,0.5924,0.4799,0.4799,0,0,0,0,0,0.0021,-0.0442,-0.0269,-0.0623,-0.0549,-0.005,-0.0491,-0.0047,-0.0789,-0.0491,0.0178,-0.0088,-0.0209,0.0012,-0.0395,-0.0667,-0.0726,-0.102,0.0018,-0.0118,0.0026,-0.0258,0.0039,-0.0252,-0.0199,-0.006,-0.0083,-0.009,-0.0337,-0.0083,0.0486,-0.0039,-0.0098,-0.0064,-0.0014,-0.0456,-0.0314,-0.0146,-0.0115,0.0024,0.0043,-0.1085,-0.006,-0.1413,-0.1239,-0.0132,-0.1091,-0.0152,-0.1304,-0.1091,0.0044,0.0064,-0.0128,0.0015,-0.0059,-0.0077,-0.0077,-0.0627,-0.0037,-0.0889,-0.0736,-0.0128,-0.0624,-0.0006,-0.0721,-0.0687,0.032,-0.0106,0.0026,0.0018,0.0262,-0.0042,-0.002,TRUE,TRUE
DTC_L_97,LanSi,1,CW_01,C,2026-03-28 15:38:30+08:00,ONLINE,FALSE,,CW_1_01,PASS,,,51.7018868,_2026032815383012202,T20260328153830,DESKTOP-P2DUL42,Loma,1,CW_1_01,2,paul di,2024.0718.155524,V20260126.2,CW_DTCL_DTCR_STC,T20260328153921,51.7018868,TRUE,TRUE,TRUE,TRUE,TRUE,TRUE,TRUE,4S2RND2HBL06DS,v1.0.1,2025_12_22,314.25,323.0221,474.4058,302.5942,294.8411,151.8344,148.3816,342.7105,333.6312,489.4752,-6.3981,2.4273,-0.0001,0,-0.2263,1.5574,-0.2176,1.5544,0.6669,153.9062,149.8975,147.7031,153.3037,151.2026,0.8141,0.7911,0.8454,0.78,0.78,0.7752,0.7604,0.7879,0.7516,0.7516,0.8069,0.8095,0.819,0.7749,0.7532,0.7177,0.7761,0.712,0.712,0.8007,0.98,0.8309,0.8245,0.8007,0.8383,0.7944,0.769,0.8443,0.8165,0.8377,0.7936,0.7795,0.769,0,0,0,0,0,v1.0.1,2025_12_22,314.2158,323,475.4964,302.4245,294.7582,150.8105,147.2886,342.953,333.7762,490.4545,-6.393,2.4285,-0.0001,0,-0.2264,1.5578,-0.2185,1.554,0.6667,162.9375,158.4326,164.1953,163.6748,162.3101,0.6781,0.6768,0.6998,0.6882,0.6768,0.6573,0.631,0.638,0.6578,0.631,0.649,0.6492,0.6497,0.631,0.6274,0.6372,0.6346,0.6056,0.6056,0.6782,0.4551,0.6624,0.6909,0.4551,0.6563,0.6596,0.6408,0.6784,0.6894,0.6855,0.6785,0.6404,0.6404,0,0,0,0,0,v1.0.1,2025_12_22,312.9151,315.3302,437.9459,300.9459,299,184.1849,184.575,329.7333,327.0522,445.8174,-7.2024,-4.2977,-0.0001,0,-0.214,1.5646,-0.2112,1.5624,0.6754,175.3359,174.3916,172.1562,174.5322,174.104,0.7932,0.6922,0.8054,0.6794,0.6794,0.7314,0.6593,0.7423,0.6643,0.6593,0.7719,0.7688,0.7674,0.717,0.717,0.7305,0,0.7338,0.7272,0.7272,0,0,0,0,0,v1.0.1,2025_12_22,312.9048,315.2762,438.7207,300.7838,298.8534,183.5862,183.6179,329.8618,327.0957,446.5304,-7.2615,-4.2923,-0.0001,0,-0.2142,1.564,-0.2118,1.5626,0.6751,149.2305,143.9668,143.2295,146.5908,145.7544,0.6471,0.5985,0.6748,0.6052,0.5985,0.6285,0.5598,0.6216,0.5883,0.5598,0.6111,0.6313,0.6502,0.6001,0.6001,0.5784,0.549,0.5762,0.5768,0.549,0,0,0,0,0,-0.0126,-0.0672,0.0135,-0.0416,-0.0416,-0.0157,-0.0733,-0.0139,-0.0321,-0.0321,0.0056,-0.0044,0,0.006,-0.0722,-0.1035,-0.0264,-0.0424,-0.0175,0.0142,0.0042,-0.0313,0.0026,-0.0184,0.0029,-0.0075,-0.0412,-0.0266,-0.0131,-0.0336,0.005,-0.0057,-0.0135,-0.0055,-0.0419,-0.028,-0.0141,-0.0115,-0.0093,-0.0105,-0.0015,-0.1283,-0.0001,-0.1185,-0.1153,-0.0181,-0.1332,-0.019,-0.0878,-0.0902,-0.0161,0.013,0.0098,0.0231,-0.0171,0,-0.0148,-0.0749,-0.0038,-0.0861,-0.0634,0.0051,-0.0927,0.002,-0.051,-0.0598,-0.0292,0.0022,0.0082,0.0017,0.0017,-0.0266,-0.0156,TRUE,TRUE
DTC_R_98,LanSi,1,CW_01,B,2026-03-28 15:40:27+08:00,ONLINE,FALSE,,CW_1_01,PASS,,,52.1155741,_2026032815402705801,T20260328154027,DESKTOP-P2DUL42,Loma,1,CW_1_01,1,paul di,2024.0718.155524,V20260126.2,CW_DTCL_DTCR_STC,T20260328154119,52.1155741,TRUE,TRUE,TRUE,TRUE,TRUE,TRUE,TRUE,4S2RND2HBL0DP6,v1.0.1,2025_12_22,315.0438,317.292,474.9118,297.5,295.449,147.6735,149.3922,337.6667,335.2639,485.4306,-5.4879,-2.3875,-0.0001,0,-0.2227,1.5553,-0.2219,1.5506,0.6653,155.165,151.3926,152.1016,155.1934,153.4631,0.8717,0.8272,0.856,0.8074,0.8074,0.8156,0.7814,0.8089,0.7622,0.7622,0.7971,0.8227,0.8034,0.8229,0.7578,0.7577,0.7091,0.7587,0.7091,0.8288,0.8123,0.802,0.1749,0.1749,0.8486,0.7925,0.7887,0.8248,0.7989,0.7917,0.8054,0.8459,0.7887,0,0,0,0,0,v1.0.1,2025_12_22,315.0426,317.156,476.0438,297.4818,295.1724,146.7517,148.277,337.7973,335.3931,486.4414,-5.5142,-2.3744,-0.0001,0,-0.2211,1.5542,-0.2226,1.5506,0.6653,162.7568,156.1104,165.9795,165.7773,162.656,0.6906,0.6876,0.7115,0.702,0.6876,0.6812,0.6599,0.6601,0.6528,0.6528,0.6597,0.6471,0.6527,0.6685,0.6393,0.6622,0.5987,0.6321,0.5987,0.6544,0.6776,0.6628,0.3758,0.3758,0.6511,0.6678,0.6827,0.6777,0.6771,0.6941,0.6621,0.6897,0.6511,0,0,0,0,0,v1.0.1,2025_12_22,317.2075,328.6792,441.6842,313.6404,302.7302,195.9206,188.6612,343.2231,331.6875,457.3482,-3.1059,8.2623,0,0.0001,-0.2197,1.5617,-0.2121,1.5582,0.672,175.6104,173.8145,174.9688,176.9805,175.3435,0.7991,0.6856,0.8072,0.689,0.6856,0.7785,0.6672,0.7593,0.6463,0.6463,0.7641,0.7683,0.7328,0.7454,0.7328,0.7422,0.6877,0.7196,0,0.6877,0,0,0,0,0,v1.0.1,2025_12_22,317.1682,328.8037,442.5789,313.614,302.5781,195.1562,187.8306,343.3145,331.8125,458.2054,-3.1063,8.3188,0,0.0001,-0.22,1.5615,-0.2112,1.5576,0.672,147.4746,141.6006,144.2725,145.9023,144.8125,0.661,0.6055,0.677,0.6031,0.6031,0.6303,0.5845,0.6424,0.5676,0.5676,0.6379,0.6467,0.6388,0.6345,0.6345,0.5769,0.5579,0.5832,0.4824,0.4824,0,0,0,0,0,0.0022,-0.0599,-0.0272,-0.0695,-0.0621,-0.0101,-0.0206,0.0014,-0.0794,-0.0398,-0.0041,0.003,-0.0173,0.0062,-0.0484,-0.0572,-0.0892,-0.0741,-0.0225,-0.0046,-0.0185,-0.0274,0.0008,-0.0167,-0.0215,-0.0018,0.0079,-0.011,-0.0282,0.0008,0.0421,-0.0075,-0.0046,-0.0061,0.0001,-0.0155,-0.0363,-0.0065,-0.0336,0.0011,-0.0056,-0.1409,-0.0139,-0.1331,-0.1191,0.0095,-0.0913,-0.0203,-0.1433,-0.1122,-0.002,0.0067,-0.0271,0.0022,-0.0035,-0.0228,-0.0098,-0.0708,0.0026,-0.083,-0.0677,-0.0182,-0.0588,-0.0051,-0.0791,-0.0757,0.0362,0.0033,0.0089,0.0084,0.0328,-0.027,-0.0112,TRUE,TRUE
DTC_L_98,LanSi,1,CW_01,A,2026-03-28 15:40:26+08:00,ONLINE,FALSE,,CW_1_01,PASS,,,52.222286,_2026032815402694102,T20260328154026,DESKTOP-P2DUL42,Loma,1,CW_1_01,2,paul di,2024.0718.155524,V20260126.2,CW_DTCL_DTCR_STC,T20260328154119,52.222286,TRUE,TRUE,TRUE,TRUE,TRUE,TRUE,TRUE,4S2RND2HBL06DS,v1.0.1,2025_12_22,315.3556,322,475.7574,300.9559,296.3161,150.1613,150,342,334.7626,488.3094,-5.0617,1.1853,-0.0001,0,-0.2299,1.5599,-0.2199,1.5541,0.6661,154.9971,150.6543,149.0254,152.9697,151.9116,0.8187,0.8193,0.8381,0.7846,0.7846,0.7911,0.7588,0.7769,0.7472,0.7472,0.8077,0.8008,0.8128,0.7682,0.7165,0.7385,0.744,0.7031,0.7031,0.8089,0.4953,0.8092,0.7737,0.4953,0.84,0.761,0.7155,0.8332,0.81,0.7622,0.791,0.7896,0.7155,0,0,0,0,0,v1.0.1,2025_12_22,315.2847,322.0657,476.8633,300.9281,296.1933,149.2867,148.9048,342.2381,334.8,489.4143,-5.0908,1.2866,-0.0001,0,-0.2296,1.5602,-0.2201,1.5542,0.6662,162.0869,158.1006,164.0801,162.25,161.6294,0.6837,0.692,0.7003,0.6917,0.6837,0.6552,0.634,0.6247,0.6565,0.6247,0.649,0.6508,0.6533,0.6321,0.615,0.6394,0.6263,0.6111,0.6111,0.6687,0.4837,0.6812,0.666,0.4837,0.6521,0.6361,0.5931,0.694,0.6696,0.6623,0.6599,0.6336,0.5931,0,0,0,0,0,v1.0.1,2025_12_22,314.0476,314.3714,439.3448,299.5862,300.5164,182.7459,186,329,328.1271,444.8305,-5.8928,-5.3932,-0.0001,-0.0001,-0.2169,1.5678,-0.2132,1.5628,0.6751,176.165,175.042,173.0859,174.5664,174.7148,0.7947,0.6971,0.799,0.6832,0.6832,0.7439,0.6608,0.7401,0.6471,0.6471,0.7537,0.7624,0.7383,0.6981,0.6981,0.7189,0,0.7256,0.6526,0.6526,0,0,0,0,0,v1.0.1,2025_12_22,313.9626,314.3551,440,299.5,300.4098,182,185.2083,329.05,328.25,445.5862,-5.9338,-5.4017,-0.0001,-0.0001,-0.2168,1.5682,-0.2131,1.5618,0.675,148.2656,143.7422,142.7979,145.3271,145.0332,0.6659,0.5984,0.6855,0.5967,0.5967,0.6274,0.5551,0.6071,0.5704,0.5551,0.6149,0.6222,0.6386,0.6181,0.6149,0.5914,0.4946,0.5778,0.5475,0.4946,0,0,0,0,0,-0.008,-0.039,0.0062,-0.037,-0.037,0.0002,-0.0749,-0.0249,-0.0365,-0.0365,0.0064,-0.0131,-0.0062,-0.0007,-0.1089,-0.0827,-0.0585,-0.0513,-0.0093,-0.0075,0.0098,-0.0161,0.0031,-0.0149,0.0098,-0.0096,-0.0382,-0.0399,-0.0144,-0.0399,0.005,-0.0041,-0.0099,-0.0044,-0.0543,-0.0258,-0.0224,-0.006,-0.0188,0.0083,0,-0.1234,-0.0065,-0.1147,-0.1115,-0.0056,-0.1317,-0.0212,-0.105,-0.1024,-0.0343,0.0066,-0.0193,0.0042,-0.0287,-0.0082,0.004,-0.075,0.0069,-0.0946,-0.0652,0.004,-0.0974,-0.0125,-0.0689,-0.0645,-0.0254,-0.0069,-0.0034,0.0197,0.0165,-0.0136,-0.014,TRUE,TRUE
DTC_L_99,LanSi,1,CW_01,B,2026-03-28 15:42:17+08:00,ONLINE,FALSE,,CW_1_01,PASS,,,52.6516102,_2026032815421798002,T20260328154217,DESKTOP-P2DUL42,Loma,1,CW_1_01,2,paul di,2024.0718.155524,V20260126.2,CW_DTCL_DTCR_STC,T20260328154310,52.6516102,TRUE,TRUE,TRUE,TRUE,TRUE,TRUE,TRUE,4S2RND2HBL06DS,v1.0.1,2025_12_22,314.3139,323.5474,474.3507,303.0896,294.8792,153.0134,148.2517,343.3046,333.6618,489.1176,-6.4086,2.9145,-0.0001,0,-0.2266,1.5568,-0.2179,1.554,0.6666,154.2852,150.0518,148.1299,153.1543,151.4053,0.8373,0.7953,0.8401,0.7925,0.7925,0.7799,0.758,0.8021,0.7207,0.7207,0.8194,0.8189,0.8164,0.7748,0.7576,0.7195,0.756,0.7043,0.7043,0.8239,0.98,0.8191,0.832,0.8191,0.8533,0.725,0.7548,0.8312,0.84,0.8237,0.8025,0.7736,0.725,0,0,0,0,0,v1.0.1,2025_12_22,314.3521,323.5563,475.5489,303,294.8067,152.0933,147.0789,343.5,333.8768,490.1522,-6.3673,2.9604,-0.0001,0,-0.2263,1.5568,-0.2182,1.5536,0.6665,162.334,157.6758,163.6777,163.0498,161.6843,0.688,0.6685,0.6881,0.6928,0.6685,0.6631,0.6302,0.6482,0.6288,0.6288,0.643,0.6508,0.6508,0.6464,0.6345,0.6187,0.6213,0.6146,0.6146,0.6808,0.4596,0.6667,0.6774,0.4596,0.6471,0.62,0.6401,0.6802,0.6799,0.7054,0.6692,0.6264,0.62,0,0,0,0,0,v1.0.1,2025_12_22,313.0476,315.6286,437.9455,301.4091,299.0254,185.3983,184.5,330.4068,327.0862,445.7759,-7.1791,-3.7763,-0.0001,0,-0.2128,1.563,-0.2139,1.5628,0.6748,175.3613,173.876,171.8408,174.3965,173.8687,0.7931,0.6721,0.8049,0.6635,0.6635,0.7302,0.6513,0.7641,0.6576,0.6513,0.7681,0.771,0.767,0.7025,0.7025,0.737,0,0.7278,0.7166,0.7166,0,0,0,0,0,v1.0.1,2025_12_22,313.0385,315.6827,438.6667,301.4386,298.8793,184.6897,183.5372,330.4628,327.2241,446.5431,-7.2308,-3.7366,-0.0001,0,-0.2124,1.5626,-0.2131,1.5623,0.6748,148.6025,143.2002,142.4561,146.1172,145.094,0.6611,0.5806,0.6791,0.5894,0.5806,0.6223,0.5598,0.6178,0.5686,0.5598,0.6345,0.649,0.6409,0.6085,0.6085,0.5926,0.5161,0.5817,0.578,0.5161,0,0,0,0,0,0.0106,-0.063,0.0082,-0.0291,-0.0291,-0.011,-0.0757,0.0003,-0.063,-0.063,0.0181,0.005,-0.0026,0.0059,-0.0678,-0.1017,-0.0465,-0.0501,0.0057,0.0024,0.0141,-0.0396,-0.0091,-0.0138,-0.0054,-0.0017,-0.042,-0.0164,-0.0421,-0.0358,-0.001,-0.0041,-0.0124,0.0099,-0.0348,-0.0465,-0.0274,-0.0025,-0.0067,-0.0062,-0.0016,-0.1484,-0.0006,-0.1344,-0.1312,-0.0193,-0.1412,0.0028,-0.0945,-0.0982,-0.0199,0.0152,0.0094,0.0086,-0.0106,-0.006,-0.0008,-0.0928,0.0005,-0.1019,-0.0813,-0.0011,-0.0927,-0.0018,-0.0707,-0.0598,-0.0058,0.0199,-0.0011,0.0101,0.0101,-0.0124,-0.0101,TRUE,TRUE
DTC_R_99,LanSi,1,CW_01,C,2026-03-28 15:42:17+08:00,ONLINE,FALSE,,CW_1_01,PASS,,,52.9737496,_2026032815421795601,T20260328154217,DESKTOP-P2DUL42,Loma,1,CW_1_01,1,paul di,2024.0718.155524,V20260126.2,CW_DTCL_DTCR_STC,T20260328154310,52.9737496,TRUE,TRUE,TRUE,TRUE,TRUE,TRUE,TRUE,4S2RND2HBL0DP6,v1.0.1,2025_12_22,315,315.9137,474.7556,295.8148,295.2568,146.3446,149.2432,336.0541,335.2238,483.5455,-5.6041,-3.9655,-0.0001,0,-0.2246,1.5544,-0.2204,1.5502,0.6649,155.4834,152.5518,152.8818,155.5557,154.1182,0.8696,0.8331,0.8602,0.848,0.8331,0.809,0.7513,0.8015,0.7712,0.7513,0.8242,0.8026,0.8092,0.8078,0.7717,0.7572,0.6974,0.7121,0.6974,0.8219,0.8141,0.8037,0.4178,0.4178,0.8373,0.7818,0.7614,0.8197,0.801,0.7738,0.8248,0.8385,0.7614,0,0,0,0,0,v1.0.1,2025_12_22,315,315.9137,475.8261,295.6667,295.1164,145.3699,148.06,336.2133,335.3034,484.5448,-5.6388,-3.9583,-0.0001,0,-0.2247,1.5542,-0.2205,1.5505,0.6649,163.0059,155.6641,165.166,165.5039,162.335,0.7056,0.6907,0.705,0.7176,0.6907,0.677,0.647,0.665,0.6554,0.647,0.6568,0.6473,0.6437,0.6709,0.6409,0.6432,0.6008,0.6018,0.6008,0.6811,0.6634,0.6733,0.3894,0.3894,0.6515,0.6505,0.655,0.67,0.6519,0.658,0.6626,0.682,0.6505,0,0,0,0,0,v1.0.1,2025_12_22,317.066,327.4245,441.5179,312.1696,302.6179,194.7073,188.5372,341.5372,331.5893,455.6429,-3.2343,6.7963,0,0.0001,-0.2215,1.5618,-0.2088,1.5575,0.6723,175.4248,174.6514,175.7178,177.0312,175.7063,0.8046,0.717,0.8183,0.7434,0.717,0.7468,0.648,0.771,0.6682,0.648,0.7702,0.7577,0.7448,0.7445,0.7445,0.7285,0.666,0.7272,0,0.666,0,0,0,0,0,v1.0.1,2025_12_22,317,327.5,442.3153,312.2432,302.4567,193.8819,187.6066,341.7541,331.6847,456.5315,-3.2873,6.8822,0,0.0001,-0.2206,1.5619,-0.2092,1.557,0.6722,147.6025,141.0898,143.5469,145.8125,144.5129,0.6677,0.6254,0.6731,0.6298,0.6254,0.6346,0.5734,0.6488,0.5806,0.5734,0.6317,0.618,0.6371,0.6386,0.618,0.5559,0.5422,0.5827,0.4875,0.4875,0,0,0,0,0,0.0001,-0.054,-0.023,-0.0289,-0.0364,-0.0167,-0.0507,-0.006,-0.0704,-0.0507,0.023,-0.0171,-0.0115,-0.0089,-0.0345,-0.0577,-0.1009,-0.1207,-0.0294,-0.0029,-0.0035,-0.0243,-0.0057,-0.0011,-0.0184,-0.006,-0.005,-0.0061,-0.0256,-0.005,0.0392,-0.0073,-0.0136,-0.0037,0.0017,-0.0345,-0.0342,-0.0368,-0.0069,0.0116,-0.0001,-0.1095,-0.0028,-0.0787,-0.0877,-0.0222,-0.1105,-0.0086,-0.1214,-0.1105,0.0041,-0.0039,-0.0151,0.0013,-0.0172,-0.0152,-0.0031,-0.0509,-0.0013,-0.0563,-0.0454,-0.0139,-0.0699,0.0013,-0.0661,-0.0699,0.03,-0.0254,0.0072,0.0125,0.0163,-0.048,-0.0117,TRUE,TRUE
DTC_R_100,LanSi,1,CW_01,A,2026-03-28 15:45:48+08:00,ONLINE,FALSE,,CW_1_01,PASS,,,51.90739,_2026032815454813101,T20260328154548,DESKTOP-P2DUL42,Loma,1,CW_1_01,1,paul di,2024.0718.155524,V20260126.2,CW_DTCL_DTCR_STC,T20260328154640,51.90739,TRUE,TRUE,TRUE,TRUE,TRUE,TRUE,TRUE,4S2RND2HBL0DP6,v1.0.1,2025_12_22,315.0584,316.927,474.8235,296.8529,295.4257,147.3649,149.4118,337.2549,335.3077,484.5804,-5.4946,-2.904,-0.0001,0,-0.2245,1.555,-0.2216,1.5501,0.6648,154.4336,151.2207,151.499,154.917,153.0176,0.8609,0.8431,0.8643,0.8104,0.8104,0.8214,0.7522,0.813,0.7744,0.7522,0.8243,0.8058,0.7946,0.8028,0.7723,0.7439,0.7171,0.7117,0.7117,0.8468,0.8029,0.8008,0.9629,0.8008,0.8399,0.7741,0.7815,0.8276,0.8141,0.7851,0.7721,0.8417,0.7721,0,0,0,0,0,v1.0.1,2025_12_22,315.0429,316.8929,475.8478,296.7609,295.2148,146.3289,148.2632,337.3487,335.4828,485.5448,-5.5297,-2.9248,-0.0001,0,-0.224,1.5545,-0.2215,1.5497,0.6647,161.8691,156.3887,166.0801,165.1846,162.3806,0.6942,0.7071,0.707,0.6924,0.6924,0.6764,0.6386,0.6639,0.6542,0.6386,0.655,0.6389,0.6476,0.6565,0.6382,0.6472,0.58,0.6139,0.58,0.6935,0.6537,0.6642,0.3721,0.3721,0.638,0.6665,0.6484,0.6546,0.664,0.6213,0.6393,0.6782,0.6213,0,0,0,0,0,v1.0.1,2025_12_22,317.1028,328.3832,441.5044,313.2212,302.664,195.632,188.6033,342.6116,331.6875,456.6518,-3.1876,7.8,0,0.0001,-0.2208,1.5619,-0.2098,1.5571,0.6721,174.7871,173.457,174.5391,176.4873,174.8176,0.7904,0.7059,0.8024,0.6962,0.6962,0.7661,0.6534,0.7482,0.6522,0.6522,0.7719,0.7652,0.7507,0.7411,0.7411,0.7577,0.6812,0.7225,0,0.6812,0,0,0,0,0,v1.0.1,2025_12_22,317.1714,328.4571,442.3091,313.1909,302.5625,194.9766,187.7107,342.7273,331.6429,457.5,-3.2207,7.8704,0,0.0001,-0.2209,1.5613,-0.2093,1.5586,0.6724,147.0215,141.6377,143.9922,145.0518,144.4258,0.6662,0.6043,0.6761,0.6046,0.6043,0.6271,0.5722,0.6507,0.5658,0.5658,0.6255,0.6393,0.627,0.6349,0.6255,0.5844,0.5602,0.571,0.4916,0.4916,0,0,0,0,0,-0.0086,-0.044,-0.0189,-0.0665,-0.0591,-0.0043,-0.0498,0.0055,-0.0672,-0.0498,0.0231,-0.0139,-0.0261,-0.0139,-0.0339,-0.071,-0.0812,-0.1211,-0.0045,-0.0058,-0.0149,-0.0079,-0.0037,-0.0263,-0.0167,-0.0066,-0.0134,-0.0072,-0.0268,-0.0134,0.0374,-0.0157,-0.0097,-0.0181,-0.001,-0.0305,-0.055,-0.0247,0.0055,0.0025,-0.0143,-0.1206,-0.0187,-0.1259,-0.1085,-0.0029,-0.1051,-0.0314,-0.1374,-0.1063,0.0058,0.0036,-0.0092,-0.0021,0.012,-0.0199,-0.0046,-0.072,0.0017,-0.0815,-0.0665,-0.0214,-0.0711,0.0032,-0.0809,-0.0775,0.0238,-0.0041,-0.0029,0.0088,0.0238,-0.0195,-0.0234,TRUE,TRUE
DTC_L_100,LanSi,1,CW_01,C,2026-03-28 15:45:48+08:00,ONLINE,FALSE,,CW_1_01,PASS,,,52.1108453,_2026032815454818302,T20260328154548,DESKTOP-P2DUL42,Loma,1,CW_1_01,2,paul di,2024.0718.155524,V20260126.2,CW_DTCL_DTCR_STC,T20260328154640,52.1108453,TRUE,TRUE,TRUE,TRUE,TRUE,TRUE,TRUE,4S2RND2HBL06DS,v1.0.1,2025_12_22,315.1594,322.5,475.6015,301.797,296.12,151.6333,149.894,342.4636,334.7971,488.2754,-5.1856,1.8339,-0.0001,0,-0.2278,1.5593,-0.2197,1.5524,0.666,154.6172,150.5205,148.8838,153.957,151.9946,0.8152,0.8019,0.8446,0.7928,0.7928,0.781,0.7589,0.8008,0.7308,0.7308,0.8187,0.8105,0.815,0.7585,0.7311,0.7366,0.7685,0.7026,0.7026,0.8193,0.8037,0.8332,0.7686,0.7686,0.8459,0.7675,0.7526,0.8378,0.8234,0.7603,0.7733,0.7609,0.7526,0,0,0,0,0,v1.0.1,2025_12_22,315.1871,322.4604,476.6691,301.6115,295.9801,150.6755,148.755,342.6093,334.8071,489.3214,-5.2203,1.8356,-0.0001,0,-0.2279,1.5589,-0.22,1.5532,0.6661,163.1357,159.1035,165.2061,164.1299,162.8938,0.6752,0.6768,0.6988,0.6943,0.6752,0.6719,0.6368,0.6439,0.6447,0.6368,0.6415,0.6413,0.649,0.6347,0.6182,0.6227,0.6267,0.6065,0.6065,0.6796,0.6469,0.6753,0.6493,0.6469,0.6575,0.6542,0.6092,0.6706,0.6847,0.656,0.6779,0.6311,0.6092,0,0,0,0,0,v1.0.1,2025_12_22,313.9151,314.6698,438.8468,300.2883,300.0169,183.9492,185.7107,329.4711,328,444.8974,-6.2021,-4.8448,-0.0001,0,-0.2141,1.5644,-0.2144,1.5625,0.6746,175.874,175.0059,173.168,175.3301,174.8445,0.7934,0.6952,0.8066,0.6807,0.6807,0.7483,0.6603,0.7556,0.6612,0.6603,0.7721,0.7646,0.7673,0.6893,0.6893,0.7332,0,0.7292,0.6565,0.6565,0,0,0,0,0,v1.0.1,2025_12_22,313.8667,314.6476,439.6726,300.2212,300.0339,183.1441,184.8083,329.4667,327.9914,445.8448,-6.2254,-4.8351,-0.0001,0,-0.2137,1.5655,-0.2138,1.563,0.6753,149.2676,144.4795,143.665,146.8496,146.0654,0.658,0.5933,0.6771,0.6221,0.5933,0.627,0.5668,0.6183,0.5885,0.5668,0.6361,0.6229,0.63,0.5948,0.5948,0.5891,0.5223,0.5891,0.5535,0.5223,0,0,0,0,0,-0.0115,-0.0564,0.0127,-0.0288,-0.0288,-0.0099,-0.0748,-0.001,-0.0529,-0.0529,0.0174,-0.0034,-0.004,-0.0104,-0.0943,-0.0846,-0.034,-0.0518,0.0011,0.0165,0.0013,-0.0313,0.0016,-0.0123,0.0013,0.0071,-0.0354,-0.0207,-0.0262,-0.0278,-0.0025,-0.0136,-0.0142,-0.0018,-0.0511,-0.0425,-0.022,-0.0106,-0.0079,0.0024,-0.0013,-0.1253,0.0011,-0.1172,-0.114,-0.0012,-0.1322,-0.0057,-0.0909,-0.0892,-0.0159,0.0088,0.0097,-0.0046,-0.0144,-0.0046,-0.0039,-0.0801,-0.0015,-0.0692,-0.0686,0.0036,-0.0857,-0.0013,-0.0508,-0.0528,-0.0042,-0.0062,-0.012,-0.0036,-0.0036,-0.0159,-0.0027,TRUE,TRUE
DTC_R_101,LanSi,1,CW_01,B,2026-03-28 15:48:54+08:00,ONLINE,FALSE,,CW_1_01,PASS,,,51.6724702,_2026032815485489601,T20260328154854,DESKTOP-P2DUL42,Loma,1,CW_1_01,1,paul di,2024.0718.155524,V20260126.2,CW_DTCL_DTCR_STC,T20260328154946,51.6724702,TRUE,TRUE,TRUE,TRUE,TRUE,TRUE,TRUE,4S2RND2HBL0DP6,v1.0.1,2025_12_22,315.0963,317.5481,474.8897,297.8309,295.4564,148.0067,149.457,337.9073,335.3077,485.5804,-5.4586,-2.1253,-0.0001,0,-0.2223,1.555,-0.2218,1.5506,0.6654,153.3184,151.9688,152.3887,154.7012,153.0942,0.859,0.8261,0.8492,0.8102,0.8102,0.8182,0.7414,0.803,0.7626,0.7414,0.8285,0.8192,0.7976,0.8164,0.7595,0.7523,0.7073,0.7558,0.7073,0.8341,0.7965,0.8041,0.2347,0.2347,0.8532,0.7767,0.7641,0.8235,0.813,0.8547,0.8067,0.8489,0.7641,0,0,0,0,0,v1.0.1,2025_12_22,315.0797,317.5507,475.8921,297.777,295.1788,146.9934,148.3179,338.1325,335.4558,486.5986,-5.5151,-2.0896,-0.0001,0,-0.2218,1.5541,-0.2223,1.5503,0.6651,161.7275,156.6719,166.2627,166.1846,162.7117,0.7061,0.7023,0.7103,0.6897,0.6897,0.677,0.6365,0.6593,0.6524,0.6365,0.6605,0.6512,0.6479,0.6511,0.6444,0.6542,0.6044,0.6377,0.6044,0.6595,0.6564,0.6552,0.4907,0.4907,0.6602,0.661,0.6562,0.6895,0.6678,0.6697,0.65,0.6654,0.65,0,0,0,0,0,v1.0.1,2025_12_22,317.1923,329.0385,441.6727,313.8091,302.5781,196.1562,188.5583,343.4167,331.6667,457.5702,-3.1664,8.4981,0,0.0001,-0.2212,1.5607,-0.2108,1.5581,0.6717,173.3789,174.8389,175.5,176.5693,175.0718,0.8028,0.696,0.8093,0.696,0.696,0.7723,0.6614,0.7505,0.651,0.651,0.7753,0.7672,0.7396,0.7365,0.7365,0.7375,0.6923,0.7321,0,0.6923,0,0,0,0,0,v1.0.1,2025_12_22,317.1905,329.0952,442.6216,313.8288,302.6179,195.7073,187.7541,343.5902,331.7368,458.5,-3.1158,8.6443,0,0.0001,-0.2206,1.5615,-0.211,1.5583,0.672,147.2676,142.0645,144.6465,146.5537,145.1331,0.6531,0.5968,0.6737,0.6051,0.5968,0.6484,0.5842,0.6434,0.5677,0.5677,0.6329,0.6285,0.6331,0.6268,0.6268,0.6041,0.5669,0.5747,0.5044,0.5044,0,0,0,0,0,-0.0105,-0.061,-0.034,-0.0667,-0.0593,-0.0075,-0.0606,-0.0045,-0.079,-0.0606,0.0273,-0.0005,-0.0231,-0.0003,-0.0467,-0.0626,-0.091,-0.077,-0.0172,-0.0025,-0.003,-0.0127,-0.0004,-0.029,-0.0194,-0.006,-0.0155,-0.0118,-0.0286,-0.0155,0.0429,-0.0034,-0.0094,-0.0235,0.0052,-0.0235,-0.0306,-0.0009,-0.0285,-0.0065,-0.0019,-0.1305,-0.0118,-0.1261,-0.1087,0.0033,-0.0971,-0.0291,-0.1386,-0.1075,0.0092,0.0056,-0.0203,-0.0067,-0.0082,-0.0103,-0.0177,-0.0795,-0.0007,-0.081,-0.074,-0.0001,-0.0591,-0.0041,-0.079,-0.0756,0.0312,-0.0149,0.0032,0.0007,0.0251,0.0002,-0.0197,TRUE,TRUE
DTC_L_101,LanSi,1,CW_01,A,2026-03-28 15:48:54+08:00,ONLINE,FALSE,,CW_1_01,PASS,,,51.6634944,_2026032815485489602,T20260328154854,DESKTOP-P2DUL42,Loma,1,CW_1_01,2,paul di,2024.0718.155524,V20260126.2,CW_DTCL_DTCR_STC,T20260328154946,51.6634944,TRUE,TRUE,TRUE,TRUE,TRUE,TRUE,TRUE,4S2RND2HBL06DS,v1.0.1,2025_12_22,314.1739,323.3333,474.4318,302.9545,294.94,152.1933,148.3506,343.3506,333.4545,490.4965,-6.4298,2.9657,-0.0001,0,-0.226,1.5584,-0.2196,1.5554,0.6671,154.2139,150.1406,148.5088,153.5146,151.5945,0.8156,0.7899,0.8332,0.7792,0.7792,0.7767,0.7485,0.8094,0.7327,0.7327,0.7977,0.8087,0.8102,0.7698,0.7636,0.7153,0.7677,0.7032,0.7032,0.8149,0.779,0.8223,0.8119,0.779,0.851,0.7525,0.7557,0.8284,0.8413,0.8292,0.8092,0.775,0.7525,0,0,0,0,0,v1.0.1,2025_12_22,314.2086,323.3669,475.5956,302.8088,294.8867,151.28,147.0789,343.5,333.7203,491.5245,-6.402,2.996,-0.0001,0,-0.2262,1.5585,-0.2194,1.5548,0.6669,161.9561,157.6338,163.7412,162.7197,161.5127,0.6873,0.6751,0.6935,0.6912,0.6751,0.6621,0.6297,0.6509,0.6558,0.6297,0.6429,0.6552,0.6555,0.6356,0.624,0.6262,0.6371,0.6161,0.6161,0.6768,0.6429,0.687,0.6919,0.6429,0.6595,0.6204,0.6284,0.6846,0.6896,0.694,0.6718,0.6265,0.6204,0,0,0,0,0,v1.0.1,2025_12_22,312.9038,315.6058,437.8304,301.3393,299,184.8151,184.4417,330.4167,326.9569,446.319,-7.2734,-3.8008,-0.0001,0,-0.2132,1.5644,-0.2143,1.5632,0.675,175.21,174.5479,172.5244,174.417,174.1748,0.7911,0.6737,0.8136,0.6803,0.6737,0.7355,0.6459,0.7669,0.6806,0.6459,0.7618,0.7728,0.7605,0.7137,0.7137,0.7109,0,0.7262,0.7391,0.7109,0,0,0,0,0,v1.0.1,2025_12_22,312.8654,315.5,438.6607,301.1696,298.8983,183.9068,183.5372,330.4628,327.0769,447.1709,-7.2923,-3.858,-0.0001,0,-0.2129,1.5645,-0.2147,1.5628,0.6749,148.0928,143.1318,142.5156,145.5566,144.8242,0.6473,0.5809,0.6771,0.5993,0.5809,0.6365,0.5516,0.6185,0.5899,0.5516,0.6332,0.6283,0.6494,0.6141,0.6141,0.5825,0.5049,0.5826,0.5789,0.5049,0,0,0,0,0,-0.0111,-0.0684,0.0013,-0.0424,-0.0424,-0.0142,-0.0852,0.0076,-0.051,-0.051,-0.0036,-0.0052,-0.0088,0.0009,-0.0618,-0.1059,-0.0348,-0.0512,-0.0033,0.0056,0.0134,-0.033,-0.0037,-0.0154,0.0012,-0.0027,-0.0425,-0.0137,-0.0151,-0.0349,-0.0011,0.0003,-0.0077,-0.0009,-0.0453,-0.039,-0.0116,-0.001,-0.0107,0.0141,-0.0036,-0.1468,0.0081,-0.1176,-0.121,-0.014,-0.1466,0.0056,-0.0715,-0.1036,-0.0262,0.017,0.0029,0.0198,-0.0367,-0.0076,-0.0146,-0.0925,-0.0015,-0.092,-0.081,0.0131,-0.1009,-0.0011,-0.0494,-0.068,-0.0071,-0.0008,0.0074,0.0157,0.0157,-0.0225,-0.0092,TRUE,TRUE
DTC_R_102,LanSi,1,CW_01,C,2026-03-28 15:51:02+08:00,ONLINE,FALSE,,CW_1_01,PASS,,,51.4999461,_2026032815510249601,T20260328155102,DESKTOP-P2DUL42,Loma,1,CW_1_01,1,paul di,2024.0718.155524,V20260126.2,CW_DTCL_DTCR_STC,T20260328155153,51.4999461,TRUE,TRUE,TRUE,TRUE,TRUE,TRUE,TRUE,4S2RND2HBL0DP6,v1.0.1,2025_12_22,315.2963,317.2667,475.6165,297.9474,295.8581,148.7838,149.5,337.5,336.0414,485.8345,-5.0375,-2.0335,-0.0001,0,-0.2194,1.5554,-0.2209,1.5478,0.6657,153.6299,150.4473,151.1973,153.082,152.0891,0.8593,0.7924,0.8549,0.7701,0.7701,0.83,0.7408,0.8057,0.7608,0.7408,0.8232,0.8205,0.7955,0.8183,0.7251,0.7328,0.7703,0.7785,0.7251,0.8353,0.7597,0.7975,0.98,0.7597,0.8443,0.6759,0.7502,0.8239,0.7858,0.7429,0.8489,0.8321,0.6759,0,0,0,0,0,v1.0.1,2025_12_22,315.2899,317.2826,476.7591,297.8467,295.6122,147.7551,148.3867,337.5867,336.0884,486.9048,-5.0727,-2.0248,-0.0001,0,-0.2193,1.5547,-0.2205,1.5483,0.6658,163.4277,156.8301,166.5967,165.9453,163.2,0.7059,0.6629,0.7006,0.6659,0.6629,0.6857,0.6346,0.6681,0.6424,0.6346,0.6538,0.6583,0.6368,0.6549,0.614,0.6278,0.6218,0.6357,0.614,0.6655,0.6174,0.6553,0.3588,0.3588,0.6481,0.5961,0.6353,0.6795,0.6447,0.6398,0.6542,0.6769,0.5961,0,0,0,0,0,v1.0.1,2025_12_22,317.3519,328.7593,442.2072,313.8829,302.9016,196.877,188.623,342.8115,332.0789,457.2281,-2.8675,8.4117,0,0.0001,-0.2181,1.5611,-0.2082,1.5561,0.6728,175.2988,173.9912,175.4014,175.9512,175.1606,0.8137,0.6358,0.7905,0.6357,0.6357,0.768,0.6197,0.7666,0.6416,0.6197,0.7686,0.7661,0.7479,0.7599,0.7479,0.7388,0.5946,0.7377,0,0.5946,0,0,0,0,0,v1.0.1,2025_12_22,317.4579,328.8505,443.0541,313.7477,302.7339,196.0161,187.8843,343,332.2414,458,-2.8257,8.4229,0,0.0001,-0.2192,1.5599,-0.2083,1.5563,0.6722,148.459,141.8867,144.917,146.374,145.4092,0.6618,0.5608,0.6609,0.5799,0.5608,0.6487,0.5524,0.6412,0.5763,0.5524,0.6429,0.6384,0.6279,0.6368,0.6279,0.5813,0.5133,0.5823,0.4733,0.4733,0,0,0,0,0,-0.0102,-0.0947,-0.0283,-0.1068,-0.0994,0.0043,-0.0612,-0.0018,-0.0808,-0.0612,0.022,0.0008,-0.0252,0.0016,-0.0811,-0.0821,-0.028,-0.0543,-0.016,-0.0091,-0.0032,-0.0521,-0.0101,-0.0528,-0.0462,0.0027,-0.0174,-0.003,-0.0386,-0.0174,0.0362,0.0037,-0.0205,-0.0197,-0.0252,-0.0499,-0.0132,-0.0029,-0.0225,-0.0064,0.009,-0.1907,-0.0306,-0.1864,-0.169,-0.001,-0.1388,-0.013,-0.148,-0.1388,0.0025,0.0045,-0.012,0.0167,-0.0069,-0.0047,-0.009,-0.1155,-0.0135,-0.1062,-0.11,0.0002,-0.0909,-0.0063,-0.0704,-0.0909,0.0412,-0.005,-0.002,0.0107,0.0262,-0.0226,-0.0121,TRUE,TRUE
DTC_L_102,LanSi,1,CW_01,B,2026-03-28 15:51:02+08:00,ONLINE,FALSE,,CW_1_01,PASS,,,51.5029381,_2026032815510249302,T20260328155102,DESKTOP-P2DUL42,Loma,1,CW_1_01,2,paul di,2024.0718.155524,V20260126.2,CW_DTCL_DTCR_STC,T20260328155153,51.5029381,TRUE,TRUE,TRUE,TRUE,TRUE,TRUE,TRUE,4S2RND2HBL06DS,v1.0.1,2025_12_22,314.2612,322.2313,474.4318,301.9545,294.8026,151.625,148.5033,342.1242,333.5821,488.9627,-6.3838,1.8796,-0.0001,0,-0.2254,1.5567,-0.2189,1.5549,0.6668,155.2939,151.3906,149.79,155.1514,152.9065,0.8205,0.7745,0.8311,0.781,0.7745,0.7752,0.7511,0.7879,0.7615,0.7511,0.7971,0.7936,0.8141,0.7629,0.7579,0.7319,0.7686,0.7216,0.7216,0.7984,0.98,0.8194,0.8351,0.7984,0.8604,0.7515,0.7436,0.8337,0.8057,0.83,0.8123,0.7821,0.7436,0,0,0,0,0,v1.0.1,2025_12_22,314.2518,322.295,475.4328,301.8806,294.7582,150.6209,147.3922,342.3333,333.7153,489.9343,-6.3899,1.9128,-0.0001,0,-0.2255,1.5572,-0.219,1.5547,0.6669,161.8516,157.1943,163.457,162.6602,161.2908,0.6663,0.6683,0.7054,0.6922,0.6663,0.6535,0.62,0.6579,0.6679,0.62,0.6264,0.6574,0.6602,0.6225,0.6261,0.6455,0.6502,0.6084,0.6084,0.6517,0.4078,0.6815,0.6992,0.4078,0.6524,0.6261,0.6088,0.6775,0.665,0.6891,0.6706,0.6346,0.6088,0,0,0,0,0,v1.0.1,2025_12_22,312.9813,314.5514,437.8108,300.4144,299,184.1026,184.6612,329.2231,327,445,-7.2093,-4.8417,-0.0001,0,-0.2123,1.5635,-0.2133,1.5632,0.6753,174.9912,174.1016,172.5078,174.9727,174.1433,0.7917,0.6634,0.8073,0.6781,0.6634,0.741,0.6455,0.757,0.6702,0.6455,0.7552,0.7578,0.7595,0.7053,0.7053,0.7236,0,0.731,0.7294,0.7236,0,0,0,0,0,v1.0.1,2025_12_22,313,314.6038,438.5877,300.2456,298.8632,183.4017,183.7583,329.2917,327,445.8974,-7.2581,-4.812,-0.0001,0,-0.2133,1.5629,-0.2126,1.5641,0.6753,147.9541,142.875,142.3457,145.6182,144.6982,0.656,0.5627,0.6666,0.6013,0.5627,0.6283,0.5534,0.6213,0.579,0.5534,0.6037,0.6145,0.6376,0.6144,0.6037,0.5612,0.4895,0.5724,0.5971,0.4895,0,0,0,0,0,-0.0062,-0.0838,-0.0008,-0.0406,-0.0471,-0.0157,-0.0826,-0.0139,-0.0222,-0.0326,-0.0042,-0.0203,-0.0049,-0.006,-0.0675,-0.0893,-0.0339,-0.0328,-0.0198,0.0027,-0.0076,-0.0398,0.0082,-0.0144,-0.0076,-0.0113,-0.0522,-0.0067,-0.003,-0.0446,-0.0176,0.0025,-0.003,-0.014,-0.0432,-0.0197,0.0015,-0.0087,-0.0358,0.0086,-0.003,-0.1571,0.0018,-0.1198,-0.1313,-0.0085,-0.147,-0.0043,-0.0819,-0.104,-0.0328,0.002,0.0019,0.0114,-0.024,-0.0028,-0.0059,-0.1107,-0.012,-0.09,-0.0992,0.0049,-0.0991,0.0017,-0.0603,-0.0662,-0.0366,-0.0146,-0.0044,0.016,0.0053,-0.0438,-0.0194,TRUE,TRUE
DTC_R_103,LanSi,1,CW_01,A,2026-03-28 15:52:43+08:00,ONLINE,FALSE,,CW_1_01,PASS,,,52.2298971,_2026032815524379101,T20260328155243,DESKTOP-P2DUL42,Loma,1,CW_1_01,1,paul di,2024.0718.155524,V20260126.2,CW_DTCL_DTCR_STC,T20260328155336,52.2298971,TRUE,TRUE,TRUE,TRUE,TRUE,TRUE,TRUE,4S2RND2HBL0DP6,v1.0.1,2025_12_22,315.0362,317.8841,474.9783,298.0435,295.4828,148.0966,149.543,338.3974,335.3577,485.927,-5.4204,-1.8303,-0.0001,0,-0.2229,1.5556,-0.2228,1.5499,0.665,154.7188,151.6631,152.1836,154.9346,153.375,0.8645,0.8335,0.8592,0.8192,0.8192,0.8136,0.7845,0.8043,0.7689,0.7689,0.8196,0.8047,0.797,0.8242,0.7517,0.7742,0.7224,0.7624,0.7224,0.8479,0.8185,0.7977,0.2053,0.2053,0.8376,0.7958,0.7837,0.8234,0.7998,0.7784,0.8102,0.8533,0.7784,0,0,0,0,0,v1.0.1,2025_12_22,315.0429,317.8929,476.0429,297.8929,295.1507,147.1233,148.3311,338.3642,335.6691,486.8345,-5.4527,-1.8784,-0.0001,0,-0.2231,1.5543,-0.2217,1.5488,0.6646,162.2471,155.5137,164.9443,165.3652,162.0176,0.7091,0.7062,0.7036,0.6979,0.6979,0.6763,0.6589,0.6718,0.6549,0.6549,0.6534,0.6591,0.6398,0.6581,0.6282,0.6579,0.5932,0.6421,0.5932,0.6778,0.6726,0.6568,0.3529,0.3529,0.6399,0.6631,0.6679,0.677,0.6673,0.6947,0.6653,0.6786,0.6399,0,0,0,0,0,v1.0.1,2025_12_22,317.1481,329.3519,441.708,314.1504,302.6693,196.2126,188.6777,343.6777,331.8596,457.9912,-3.0875,8.7768,0,0.0001,-0.2209,1.562,-0.2105,1.5564,0.6717,175.71,174.835,175.5742,176.9229,175.7605,0.7999,0.7066,0.8048,0.7019,0.7019,0.7633,0.6776,0.7461,0.6585,0.6585,0.7703,0.7759,0.7361,0.7423,0.7361,0.7229,0.6915,0.727,0,0.6915,0,0,0,0,0,v1.0.1,2025_12_22,317.0849,329.3302,442.5439,314.2544,302.576,195.632,187.7623,343.7213,331.7727,458.7,-3.152,8.8276,0,0.0001,-0.2191,1.5622,-0.2103,1.5572,0.6725,147.2549,141.2021,143.5781,145.5244,144.3899,0.662,0.6103,0.6712,0.6044,0.6044,0.6389,0.5905,0.6472,0.5685,0.5685,0.6332,0.6406,0.6246,0.6114,0.6114,0.5906,0.5639,0.5784,0.4685,0.4685,0,0,0,0,0,-0.005,-0.0536,-0.024,-0.0577,-0.0503,-0.0121,-0.0175,-0.0032,-0.0727,-0.0331,0.0184,-0.015,-0.0237,0.0075,-0.0545,-0.0407,-0.0759,-0.0704,-0.0034,-0.0089,0,-0.0088,-0.0071,-0.0208,-0.0112,-0.0067,0.0069,0.0007,-0.0261,0.0029,0.0358,0.0045,-0.0175,-0.0165,-0.011,-0.0198,-0.0418,0.0035,-0.0102,-0.0049,-0.0048,-0.1199,-0.0163,-0.1202,-0.1028,-0.0057,-0.0809,-0.0335,-0.1311,-0.1,0.0042,0.0143,-0.0238,-0.0009,-0.0228,-0.0154,-0.0088,-0.066,-0.0032,-0.0817,-0.0664,-0.0096,-0.0528,-0.0003,-0.0782,-0.0748,0.0315,-0.0028,-0.0053,-0.0147,0.0097,-0.0133,-0.016,TRUE,TRUE
DTC_L_103,LanSi,1,CW_01,C,2026-03-28 15:52:43+08:00,ONLINE,FALSE,,CW_1_01,PASS,,,52.1072251,_2026032815524391402,T20260328155243,DESKTOP-P2DUL42,Loma,1,CW_1_01,2,paul di,2024.0718.155524,V20260126.2,CW_DTCL_DTCR_STC,T20260328155336,52.1072251,TRUE,TRUE,TRUE,TRUE,TRUE,TRUE,TRUE,4S2RND2HBL06DS,v1.0.1,2025_12_22,314.1241,323.4672,474.4318,302.9545,294.9276,151.5921,148.3268,343.5882,333.5214,490.6214,-6.4336,2.9447,-0.0001,0,-0.2267,1.5591,-0.2203,1.5548,0.6667,154.4932,150.1387,148.4209,153.7549,151.7019,0.8298,0.8029,0.8301,0.7885,0.7885,0.7789,0.7635,0.7954,0.7535,0.7535,0.826,0.8106,0.8322,0.7761,0.7465,0.7452,0.7494,0.728,0.728,0.8228,0.5417,0.8273,0.8324,0.5417,0.8405,0.7536,0.7329,0.8476,0.8471,0.8228,0.8028,0.7754,0.7329,0,0,0,0,0,v1.0.1,2025_12_22,314.2,323.4143,475.5956,302.8015,294.8212,150.6689,147.18,343.68,333.7483,491.6154,-6.391,2.936,-0.0001,0,-0.2265,1.5586,-0.2202,1.5546,0.6666,161.8389,157.498,163.6816,162.7725,161.4478,0.6865,0.6807,0.6912,0.6929,0.6807,0.6583,0.6418,0.6529,0.656,0.6418,0.656,0.665,0.6632,0.6482,0.6199,0.6475,0.6253,0.6202,0.6199,0.6722,0.4776,0.673,0.6885,0.4776,0.6421,0.6326,0.5992,0.6793,0.6813,0.6706,0.6711,0.6271,0.5992,0,0,0,0,0,v1.0.1,2025_12_22,312.8667,315.6476,437.7965,301.3805,298.9576,184.2119,184.5,330.5,326.9231,446.8291,-7.2912,-3.7862,-0.0001,0,-0.2132,1.5648,-0.2147,1.5635,0.6751,175.6914,174.5674,172.7588,175.2559,174.5684,0.7838,0.6897,0.7918,0.688,0.688,0.7441,0.6702,0.7475,0.6835,0.6702,0.7846,0.7725,0.751,0.6885,0.6885,0.7358,0,0.7456,0.7345,0.7345,0,0,0,0,0,v1.0.1,2025_12_22,312.8835,315.5534,438.6814,301.2832,298.7627,183.5,183.5,330.5,326.931,447.4224,-7.3483,-3.8482,-0.0001,0,-0.2124,1.5638,-0.2145,1.5642,0.6752,148.2217,143.3066,142.6846,145.7979,145.0027,0.6571,0.5878,0.6734,0.6189,0.5878,0.6209,0.5851,0.6231,0.5945,0.5851,0.6404,0.624,0.6345,0.6045,0.6045,0.5963,0.5198,0.5906,0.5697,0.5198,0,0,0,0,0,0.0031,-0.0554,-0.0018,-0.0331,-0.0331,-0.012,-0.0702,-0.0064,-0.0302,-0.0302,0.0247,-0.0033,0.0132,0.0072,-0.0789,-0.076,-0.0531,-0.0264,0.0046,0.0106,0.0126,-0.0274,-0.006,-0.0137,0.0068,-0.0065,-0.0304,-0.0117,-0.0149,-0.0228,0.012,0.0101,0,0.0117,-0.0494,-0.0177,-0.0234,0.0031,-0.0153,0.0001,-0.0109,-0.1308,-0.0137,-0.1099,-0.1067,-0.0054,-0.1223,-0.0138,-0.0686,-0.0793,-0.0034,0.0167,-0.0066,-0.0054,-0.0118,0.0118,-0.0048,-0.0856,-0.0052,-0.0724,-0.0741,-0.0025,-0.0674,0.0035,-0.0448,-0.0345,0.0001,-0.0051,-0.0075,0.0061,0.0061,-0.0087,-0.0012,TRUE,TRUE
DTC_R_104,LanSi,1,CW_01,B,2026-03-28 15:54:39+08:00,ONLINE,FALSE,,CW_1_01,PASS,,,52.082099,_2026032815543955201,T20260328155439,DESKTOP-P2DUL42,Loma,1,CW_1_01,1,paul di,2024.0718.155524,V20260126.2,CW_DTCL_DTCR_STC,T20260328155531,52.082099,TRUE,TRUE,TRUE,TRUE,TRUE,TRUE,TRUE,4S2RND2HBL0DP6,v1.0.1,2025_12_22,315.2222,316.8667,475.2593,297.2815,295.6259,148.3878,149.2808,336.9247,335.8299,484.4558,-5.2564,-2.7167,-0.0001,0,-0.2213,1.5545,-0.2198,1.5479,0.6653,155.5254,152.6729,153.3242,155.5996,154.2805,0.8661,0.7873,0.8627,0.7654,0.7654,0.822,0.7475,0.8017,0.7398,0.7398,0.8234,0.8148,0.803,0.8181,0.7569,0.7237,0.7608,0.7544,0.7237,0.8438,0.7937,0.8007,0.98,0.7937,0.8418,0.7661,0.7416,0.8068,0.789,0.7094,0.8254,0.8477,0.7094,0,0,0,0,0,v1.0.1,2025_12_22,315.1884,316.913,476.2574,297.1985,295.4658,147.3562,148.0417,337.0208,335.9467,485.5133,-5.32,-2.6996,-0.0001,0,-0.2213,1.5545,-0.2192,1.5478,0.6654,161.2412,153.4092,162.9131,164.2354,160.4497,0.6968,0.6627,0.7046,0.672,0.6627,0.6752,0.6428,0.6715,0.6385,0.6385,0.6539,0.6446,0.6364,0.6639,0.6365,0.6477,0.6214,0.6349,0.6214,0.6777,0.6545,0.666,0.2608,0.2608,0.6611,0.6591,0.636,0.6709,0.6577,0.5974,0.6325,0.6754,0.5974,0,0,0,0,0,v1.0.1,2025_12_22,317.3241,328.2222,442.0273,313.3364,302.7698,196.3333,188.5,342.5,332,456,-2.9758,7.7784,0,0.0001,-0.2183,1.5604,-0.2099,1.5559,0.672,176.0557,175.5254,176.4512,177.5059,176.3845,0.8116,0.6286,0.8085,0.6179,0.6179,0.7703,0.6362,0.7701,0.6278,0.6278,0.7813,0.7802,0.7482,0.7547,0.7482,0.7606,0.6589,0.7375,0,0.6589,0,0,0,0,0,v1.0.1,2025_12_22,317.2991,328.271,442.7965,313.3805,302.6694,195.6855,187.686,342.5372,332,456.7913,-3.0098,7.8331,0,0.0001,-0.2176,1.5604,-0.2091,1.5564,0.6725,146.7061,139.168,142.0293,144.625,143.1321,0.6659,0.5653,0.6758,0.5567,0.5567,0.6368,0.568,0.6443,0.5678,0.5678,0.6355,0.6327,0.6278,0.6242,0.6242,0.5934,0.5459,0.5732,0.4247,0.4247,0,0,0,0,0,-0.0034,-0.0998,-0.0205,-0.1115,-0.1041,-0.0037,-0.0545,-0.0058,-0.1018,-0.0622,0.0222,-0.0049,-0.0177,0.0014,-0.0493,-0.0912,-0.0375,-0.0784,-0.0075,-0.0059,-0.0123,-0.0523,-0.0061,-0.0467,-0.0464,-0.0078,-0.0092,0.0004,-0.0425,-0.0135,0.0363,-0.01,-0.0209,-0.0107,-0.0027,-0.03,-0.0136,-0.0037,-0.0103,0.0043,0.0069,-0.1979,-0.0126,-0.2042,-0.1868,0.0013,-0.1223,-0.0095,-0.1618,-0.1307,0.0152,0.0186,-0.0117,0.0115,0.0149,-0.0049,-0.0049,-0.111,0.0014,-0.1294,-0.1141,-0.0117,-0.0753,-0.0032,-0.0789,-0.0755,0.0338,-0.0107,-0.0021,-0.0019,0.0225,-0.0105,-0.0212,TRUE,TRUE
DTC_L_104,LanSi,1,CW_01,A,2026-03-28 15:54:39+08:00,ONLINE,FALSE,,CW_1_01,PASS,,,51.8128184,_2026032815543981302,T20260328155439,DESKTOP-P2DUL42,Loma,1,CW_1_01,2,paul di,2024.0718.155524,V20260126.2,CW_DTCL_DTCR_STC,T20260328155531,51.8128184,TRUE,TRUE,TRUE,TRUE,TRUE,TRUE,TRUE,4S2RND2HBL06DS,v1.0.1,2025_12_22,314.0963,323.4519,474.5338,302.9624,294.9667,152.1133,148.3533,343.5533,333.4085,490.5,-6.4283,3.0162,-0.0001,0,-0.2265,1.5591,-0.2202,1.5552,0.6669,153.7539,150.4014,148.5469,153.4746,151.5442,0.8074,0.7845,0.829,0.7865,0.7845,0.7717,0.7453,0.7812,0.748,0.7453,0.8167,0.8191,0.82,0.7689,0.7552,0.7247,0.7663,0.7007,0.7007,0.8189,0.7861,0.81,0.8294,0.7861,0.8462,0.756,0.7312,0.8212,0.8366,0.8349,0.7854,0.7815,0.7312,0,0,0,0,0,v1.0.1,2025_12_22,314.1727,323.4532,475.7391,302.8913,294.8716,151.223,147.2961,343.7039,333.6364,491.4895,-6.3568,3.0522,-0.0001,0,-0.2261,1.5587,-0.2202,1.555,0.6668,161.9756,157.6895,164.1865,163.5576,161.8523,0.6796,0.6702,0.6814,0.686,0.6702,0.6581,0.6185,0.639,0.6494,0.6185,0.6455,0.6615,0.6683,0.6279,0.6343,0.641,0.634,0.6039,0.6039,0.6764,0.6402,0.6879,0.6977,0.6402,0.6542,0.6256,0.631,0.6827,0.6887,0.6842,0.672,0.6268,0.6256,0,0,0,0,0,v1.0.1,2025_12_22,312.9038,315.6058,437.9009,301.3784,298.9661,184.8559,184.4628,330.5372,326.9043,446.4696,-7.2724,-3.7306,-0.0001,0,-0.2128,1.5641,-0.2152,1.5637,0.6749,175.1943,174.5703,172.5967,175.0596,174.3552,0.7798,0.6729,0.7962,0.6716,0.6716,0.7517,0.6458,0.7348,0.665,0.6458,0.7812,0.7776,0.7574,0.6913,0.6913,0.7357,0,0.7254,0.7475,0.7254,0,0,0,0,0,v1.0.1,2025_12_22,312.8286,315.5429,438.7321,301.2679,298.9487,183.906,183.5,330.5,327,447.1026,-7.2981,-3.8361,-0.0001,0,-0.2124,1.5652,-0.2146,1.563,0.6753,148.1318,143.4863,142.9414,146.2412,145.2002,0.6521,0.574,0.667,0.6179,0.574,0.6347,0.565,0.5957,0.5888,0.565,0.6343,0.6445,0.6364,0.6069,0.6069,0.5778,0.5023,0.5931,0.5828,0.5023,0,0,0,0,0,-0.0193,-0.0738,-0.0029,-0.0351,-0.0371,-0.0192,-0.0884,-0.0206,-0.0357,-0.0384,0.0154,0.0052,0.001,0,-0.0702,-0.0965,-0.0362,-0.0537,0.0007,-0.0067,0.0057,-0.0379,-0.0158,-0.0206,-0.0037,-0.0067,-0.0537,-0.0256,-0.0215,-0.0461,0.0015,0.0066,0.0051,-0.0086,-0.035,-0.0242,-0.0147,-0.0132,-0.0111,0.015,-0.0149,-0.1476,-0.0093,-0.1263,-0.1231,0.0022,-0.1467,-0.0265,-0.0871,-0.1037,-0.0068,0.0218,-0.0002,-0.0026,-0.0119,-0.0084,-0.0098,-0.0994,-0.0116,-0.0734,-0.0879,0.0113,-0.0875,-0.0239,-0.0505,-0.0546,-0.006,0.0154,-0.0056,0.0085,0.0085,-0.0272,0.0013,TRUE,TRUE
DTC_L_105,LanSi,1,CW_01,B,2026-03-28 15:59:05+08:00,ONLINE,FALSE,,CW_1_01,FAIL,SFR_VIS_25cm_Ny4_06F_ROI14;SFR_VIS_25cm_Ny4_06F_Min;IR_SFR_VIS_25cm_Ny4_06F_ROI14;IR_SFR_VIS_25cm_Ny4_06F_Min;SFR_VIS_25cm_Ny4_06F_ROI14_Dev,sfr_25Algo,51.7652529,_2026032815590521002,T20260328155905,DESKTOP-P2DUL42,Loma,1,CW_1_01,2,paul di,2024.0718.155524,V20260126.2,CW_DTCL_DTCR_STC,T20260328155956,51.7652529,TRUE,TRUE,TRUE,TRUE,TRUE,TRUE,TRUE,4S2RND2HBL06DS,v1.0.1,2025_12_22,315.1679,321.2847,475.6985,300.1912,296.1908,149.8684,151.0345,342.531,334.7899,487.6304,-4.9237,0.8011,0,0,-0.2301,1.56,-0.2282,1.5529,0.6636,153.9775,150.3506,148.6699,153.9883,151.7466,0.8242,0.7847,0.8292,0.7838,0.7838,0.7842,0.7521,0.7796,0.757,0.7521,0.813,0.8002,0.8194,0.7673,0.723,0.5926,0.7518,0.6836,0.5926,0.8135,0.7847,0.7953,0.782,0.782,0.8448,0.7609,0.7276,0.8399,0.8279,0.7663,0.7813,0.7829,0.7276,0,0,0,0,0,v1.0.1,2025_12_22,315.2,321.4143,476.8321,300.1387,296,149,149.8571,342.8286,334.8417,488.7122,-4.9538,0.9188,0,0,-0.2304,1.5594,-0.2283,1.5534,0.6635,161.9023,158.5244,164.5508,163.9297,162.2268,0.6729,0.669,0.6866,0.694,0.669,0.6568,0.6289,0.6468,0.6439,0.6289,0.6427,0.6565,0.6476,0.642,0.6211,0.5584,0.6257,0.6137,0.5584,0.681,0.5554,0.6629,0.669,0.5554,0.6452,0.6371,0.5949,0.6861,0.6767,0.6662,0.6708,0.6275,0.5949,0,0,0,0,0,v1.0.1,2025_12_22,313.9524,313.6286,439.1607,299,300.3193,182.4202,186.5983,328.6068,328.0172,444.0517,-5.8904,-5.9585,-0.0001,-0.0001,-0.2158,1.5667,-0.2166,1.5629,0.6743,175.4014,174.6895,172.7061,175.6797,174.6191,0.7879,0.6816,0.7861,0.6729,0.6729,0.7482,0.6419,0.7243,0.6571,0.6419,0.7623,0.7485,0.7743,0.7009,0.7009,0.732,0,0.6725,0.6657,0.6657,0,0,0,0,0,v1.0.1,2025_12_22,313.9524,313.6286,439.8947,298.8421,300.1271,181.8305,185.7193,328.7544,328.1121,444.9224,-5.9389,-5.9044,-0.0001,-0.0001,-0.2164,1.5658,-0.2169,1.5628,0.6738,148.1621,144.083,142.8096,146.418,145.3682,0.6587,0.5797,0.6648,0.6043,0.5797,0.628,0.553,0.6031,0.5826,0.553,0.6329,0.6133,0.6469,0.6063,0.6063,0.5796,0.5251,0.5476,0.5389,0.5251,0,0,0,0,0,-0.0025,-0.0736,-0.0027,-0.0378,-0.0378,-0.0067,-0.0816,-0.0222,-0.0267,-0.0316,0.0117,-0.0137,0.0004,-0.0016,-0.1024,-0.2286,-0.0507,-0.0708,-0.0047,-0.0214,-0.001,-0.0391,-0.0106,-0.0126,-0.0049,-0.008,-0.0433,-0.0178,-0.027,-0.0357,-0.0013,0.0016,-0.0156,0.0055,-0.0482,-0.1068,-0.023,-0.0034,-0.0065,-0.01,-0.0068,-0.1389,-0.0194,-0.125,-0.1218,-0.0013,-0.1506,-0.037,-0.095,-0.1076,-0.0257,-0.0073,0.0167,0.007,-0.0156,-0.0613,-0.0032,-0.0937,-0.0138,-0.087,-0.0822,0.0046,-0.0995,-0.0165,-0.0567,-0.0666,-0.0074,-0.0158,0.0049,0.0079,0.0079,-0.0254,-0.0442,TRUE,TRUE
DTC_R_105,LanSi,1,CW_01,C,2026-03-28 15:59:05+08:00,ONLINE,FALSE,,CW_1_01,PASS,,,51.9687098,_2026032815590501901,T20260328155905,DESKTOP-P2DUL42,Loma,1,CW_1_01,1,paul di,2024.0718.155524,V20260126.2,CW_DTCL_DTCR_STC,T20260328155956,51.9687098,TRUE,TRUE,TRUE,TRUE,TRUE,TRUE,TRUE,4S2RND2HBL0DP6,v1.0.1,2025_12_22,315,316,475.1691,296.2353,295.4564,147.5973,149.1361,335.8095,335.7466,484.6507,-5.3984,-3.4414,-0.0001,0,-0.2223,1.5547,-0.2184,1.5479,0.6655,153.9424,150.8047,151.1719,154.2656,152.5461,0.8684,0.7783,0.8573,0.7729,0.7729,0.817,0.7434,0.8017,0.776,0.7434,0.8199,0.8158,0.7896,0.7864,0.7166,0.7446,0.7925,0.7857,0.7166,0.8386,0.7899,0.8083,0.5094,0.5094,0.8431,0.7681,0.7524,0.8263,0.7943,0.734,0.7953,0.8479,0.734,0,0,0,0,0,v1.0.1,2025_12_22,315.0217,315.9565,476.2647,296.1103,295.2828,146.6138,148,336,335.8456,485.7383,-5.417,-3.4162,-0.0001,0,-0.222,1.5542,-0.2189,1.5482,0.6654,162.7832,156.1318,165.8301,165.7334,162.6196,0.7067,0.6639,0.7062,0.676,0.6639,0.6809,0.6312,0.6783,0.6523,0.6312,0.6484,0.6516,0.6504,0.6493,0.6075,0.6305,0.6426,0.6388,0.6075,0.6796,0.656,0.6642,0.0219,0.0219,0.6532,0.6404,0.6311,0.6704,0.647,0.581,0.6131,0.6681,0.581,0,0,0,0,0,v1.0.1,2025_12_22,317.1509,327.4057,442.0273,312.4182,302.7857,195.6111,188.521,341.4538,332,456,-3.003,7.0777,0,0.0001,-0.2189,1.5617,-0.2083,1.5553,0.6725,174.8408,173.2285,174.4971,176.0781,174.6611,0.803,0.6233,0.7983,0.6439,0.6233,0.7721,0.6113,0.7551,0.6726,0.6113,0.7797,0.773,0.7501,0.7385,0.7385,0.7391,0.6588,0.7509,0,0.6588,0,0,0,0,0,v1.0.1,2025_12_22,317.1346,327.5,442.7168,312.4513,302.672,194.888,187.5583,341.5833,332,456.8974,-3.0836,7.164,0,0.0001,-0.2187,1.5616,-0.2077,1.5559,0.6728,147.9893,141.4619,144.4219,146.0762,144.9873,0.6615,0.5477,0.6819,0.5824,0.5477,0.6377,0.5468,0.6407,0.5858,0.5468,0.6334,0.6477,0.6238,0.6328,0.6238,0.5825,0.5367,0.5677,0.3259,0.3259,0,0,0,0,0,-0.0011,-0.1088,-0.0259,-0.104,-0.0966,-0.0087,-0.0586,-0.0058,-0.0656,-0.0586,0.0187,-0.0039,-0.0311,-0.0303,-0.0896,-0.0703,-0.0058,-0.0471,-0.0127,0.0017,-0.0024,-0.0511,-0.0045,-0.0427,-0.0452,-0.0021,-0.0208,0.0072,-0.0287,-0.0208,0.0308,-0.003,-0.0069,-0.0253,-0.0317,-0.0472,0.0076,0.0002,-0.0084,0.0025,-0.0017,-0.2032,-0.0228,-0.1782,-0.1814,0.0031,-0.1472,-0.0245,-0.117,-0.1472,0.0136,0.0114,-0.0098,-0.0047,-0.0066,0.0085,-0.0093,-0.1286,0.0075,-0.1037,-0.1231,-0.0108,-0.0965,-0.0068,-0.0609,-0.0965,0.0317,0.0043,-0.0061,0.0067,0.0221,-0.0214,-0.0267,TRUE,TRUE
DTC_R_106,LanSi,1,CW_01,A,2026-03-28 16:01:25+08:00,ONLINE,FALSE,,CW_1_01,FAIL,SFR_VIS_25cm_Ny4_03F_ROI6;SFR_VIS_25cm_Ny4_03F_Min;SFR_VIS_25cm_Ny4_06F_ROI14;SFR_VIS_25cm_Ny4_06F_Min;SFR_VIS_25cm_Ny4_03F_ROI6_Dev;SFR_VIS_25cm_Ny4_03F_Min_Dev,sfr_25Algo,51.4404996,_2026032816012500501,T20260328160125,DESKTOP-P2DUL42,Loma,1,CW_1_01,1,paul di,2024.0718.155524,V20260126.2,CW_DTCL_DTCR_STC,T20260328160216,51.4404996,TRUE,TRUE,TRUE,TRUE,TRUE,TRUE,TRUE,4S2RND2HBL0DP6,v1.0.1,2025_12_22,315.0444,316.2889,474.8467,296.1898,295.3197,147.1973,149.3816,336.5,335.4148,484.0889,-5.4985,-3.447,-0.0001,0,-0.2246,1.5542,-0.2209,1.5495,0.6645,152.7402,149.1016,150.1504,152.9385,151.2327,0.8589,0.8511,0.8591,0.8191,0.8191,0.8185,0.6644,0.8132,0.7423,0.6644,0.8149,0.8131,0.7855,0.8121,0.7741,0.6582,0.7088,0.6994,0.6582,0.8309,0.8183,0.7969,0.98,0.7969,0.825,0.7864,0.7948,0.8067,0.7873,0.8354,0.7719,0.861,0.7719,0,0,0,0,0,v1.0.1,2025_12_22,315.0426,316.156,475.9571,296.1071,295.1419,146.2162,148.2185,336.6556,335.5957,485.1631,-5.5088,-3.4404,-0.0001,0,-0.2234,1.5537,-0.2218,1.5493,0.6644,162.6484,156.7832,166.3477,165.5488,162.832,0.7001,0.7018,0.7064,0.6914,0.6914,0.673,0.5831,0.6675,0.6362,0.5831,0.6484,0.6452,0.652,0.6584,0.64,0.5955,0.5939,0.5984,0.5939,0.6589,0.6532,0.654,0.2804,0.2804,0.653,0.6577,0.6651,0.6716,0.6608,0.6332,0.638,0.6805,0.6332,0,0,0,0,0,v1.0.1,2025_12_22,317.0849,327.6698,441.5478,312.4783,302.6693,195.2992,188.6129,342,331.7478,456.0522,-3.1674,7.1999,0,0.0001,-0.2209,1.5618,-0.2106,1.5566,0.6717,174.7949,172.876,174.4766,176.2207,174.592,0.7869,0.7196,0.8039,0.6984,0.6984,0.765,0.5687,0.7596,0.6182,0.5687,0.7696,0.7596,0.7354,0.7318,0.7318,0.7461,0.6826,0.7234,0,0.6826,0,0,0,0,0,v1.0.1,2025_12_22,317.1698,327.8585,442.4779,312.5487,302.5772,194.7398,187.5847,342.3475,331.8739,456.9009,-3.1633,7.3791,0,0.0001,-0.2211,1.5611,-0.2108,1.5568,0.6715,147.625,141.9268,144.5869,145.8994,145.0095,0.6551,0.6121,0.6648,0.6093,0.6093,0.6491,0.5245,0.6413,0.5424,0.5245,0.6353,0.6307,0.6302,0.6322,0.6302,0.5842,0.5607,0.5897,0.4348,0.4348,0,0,0,0,0,-0.0106,-0.036,-0.0241,-0.0578,-0.0504,-0.0072,-0.1376,0.0057,-0.0993,-0.1376,0.0137,-0.0066,-0.0352,-0.0046,-0.0321,-0.1567,-0.0895,-0.1334,-0.0204,-0.0097,-0.009,-0.0132,-0.0043,-0.0273,-0.0177,-0.01,-0.0689,-0.0036,-0.0448,-0.0689,0.0308,-0.0094,-0.0053,-0.0162,0.0008,-0.0822,-0.0411,-0.0402,-0.0291,-0.0077,-0.0178,-0.1069,-0.0172,-0.1237,-0.1063,-0.004,-0.1898,-0.02,-0.1714,-0.1898,0.0035,-0.002,-0.0245,-0.0114,0.0004,-0.019,-0.0157,-0.0642,-0.0096,-0.0768,-0.0615,0.0006,-0.1188,-0.0062,-0.1043,-0.1188,0.0336,-0.0127,0.0003,0.0061,0.0285,-0.0197,-0.0047,TRUE,TRUE
DTC_L_106,LanSi,1,CW_01,C,2026-03-28 16:01:25+08:00,ONLINE,FALSE,,CW_1_01,PASS,,,51.3926279,_2026032816012505802,T20260328160125,DESKTOP-P2DUL42,Loma,1,CW_1_01,2,paul di,2024.0718.155524,V20260126.2,CW_DTCL_DTCR_STC,T20260328160216,51.3926279,TRUE,TRUE,TRUE,TRUE,TRUE,TRUE,TRUE,4S2RND2HBL06DS,v1.0.1,2025_12_22,315.2612,322.1045,475.5662,301.6618,296.3061,151.5442,149.6871,342.0408,334.7554,487.5755,-5.1848,1.4854,-0.0001,0,-0.2263,1.5596,-0.2193,1.553,0.6667,154.3545,150.8428,149.3408,154.7861,152.3311,0.8281,0.7916,0.832,0.7912,0.7912,0.7874,0.7515,0.7923,0.7401,0.7401,0.8162,0.8108,0.8206,0.7656,0.7424,0.7248,0.767,0.693,0.693,0.8139,0.98,0.8184,0.7702,0.7702,0.8441,0.7214,0.7273,0.8269,0.8248,0.7727,0.7713,0.7656,0.7214,0,0,0,0,0,v1.0.1,2025_12_22,315.2647,322.1103,476.6331,301.5252,296.1333,150.6133,148.5066,342.2105,334.8321,488.7153,-5.226,1.5349,-0.0001,0,-0.2264,1.5592,-0.2194,1.5534,0.6667,161.3369,157.6602,163.5693,163.1455,161.428,0.6904,0.6694,0.6945,0.6907,0.6694,0.6508,0.6305,0.6391,0.6519,0.6305,0.6539,0.6476,0.6485,0.6403,0.6065,0.6178,0.638,0.6061,0.6061,0.6625,0.4388,0.6726,0.6618,0.4388,0.6541,0.6386,0.6094,0.6672,0.6804,0.676,0.6624,0.6306,0.6094,0,0,0,0,0,v1.0.1,2025_12_22,314,314.3962,438.7411,300.1071,300.3719,184.0331,185.6612,329.2231,328,444.2087,-6.1452,-5.1063,-0.0001,-0.0001,-0.2135,1.5661,-0.2145,1.5628,0.6752,174.8037,174.291,172.7002,175.2031,174.2495,0.784,0.6878,0.7851,0.6851,0.6851,0.7334,0.6547,0.7652,0.6486,0.6486,0.7761,0.7842,0.7644,0.7062,0.7062,0.7279,0,0.7159,0.6513,0.6513,0,0,0,0,0,v1.0.1,2025_12_22,313.9524,314.3714,439.6852,300,300.178,183.2542,184.878,329.3333,328.0508,445.1017,-6.1511,-5.0879,-0.0001,-0.0001,-0.2133,1.5656,-0.2149,1.5629,0.6751,147.7188,143.1299,142.5225,146.2178,144.8972,0.6472,0.5816,0.6623,0.6082,0.5816,0.6255,0.5543,0.6063,0.5729,0.5543,0.6338,0.6433,0.6519,0.6067,0.6067,0.5876,0.4946,0.5837,0.5435,0.4946,0,0,0,0,0,0.0014,-0.0667,0.0001,-0.0304,-0.0304,-0.0035,-0.0822,-0.0095,-0.0436,-0.0436,0.0149,-0.0031,0.0016,-0.0033,-0.083,-0.0964,-0.0355,-0.0614,-0.0043,0.0017,0.0165,-0.0387,-0.0027,-0.0159,-0.0045,-0.014,-0.0417,-0.0255,-0.019,-0.0341,0.0099,-0.0073,-0.0147,0.0038,-0.0628,-0.0474,-0.0107,-0.011,-0.025,-0.0003,-0.0107,-0.1327,-0.0204,-0.1128,-0.1096,-0.0161,-0.1378,0.0039,-0.1035,-0.1009,-0.0119,0.0284,0.0068,0.0123,-0.0197,-0.0179,-0.0147,-0.0918,-0.0163,-0.0831,-0.0803,0.0021,-0.0982,-0.0133,-0.0664,-0.0653,-0.0065,0.0142,0.0099,0.0083,0.0083,-0.0174,-0.0081,TRUE,TRUE
DTC_L_107,LanSi,1,CW_01,A,2026-03-28 16:03:13+08:00,ONLINE,FALSE,,CW_1_01,PASS,,,51.1027005,_2026032816031337402,T20260328160313,DESKTOP-P2DUL42,Loma,1,CW_1_01,2,paul di,2024.0718.155524,V20260126.2,CW_DTCL_DTCR_STC,T20260328160404,51.1027005,TRUE,TRUE,TRUE,TRUE,TRUE,TRUE,TRUE,4S2RND2HBL06DS,v1.0.1,2025_12_22,314.292,323,474.4403,302.7164,294.8792,152.0134,148.3467,342.7667,333.5461,489.4965,-6.3992,2.4986,-0.0001,0,-0.2255,1.5572,-0.218,1.5551,0.6672,154.0723,150.1875,148.166,153.7979,151.5559,0.8223,0.7877,0.8378,0.7792,0.7792,0.7867,0.7536,0.802,0.7507,0.7507,0.819,0.8131,0.8205,0.7773,0.7399,0.7348,0.7642,0.7115,0.7115,0.8255,0.98,0.8145,0.823,0.8145,0.8557,0.8186,0.7579,0.8355,0.8242,0.8368,0.7854,0.7701,0.7579,0,0,0,0,0,v1.0.1,2025_12_22,314.2158,323,475.529,302.4783,294.7451,151.1373,147.2123,343.0411,333.7606,490.5,-6.4074,2.5313,-0.0001,0,-0.226,1.5575,-0.2189,1.5541,0.6667,161.7236,158.0391,164.1426,163.0742,161.7449,0.6763,0.6678,0.6751,0.6874,0.6678,0.6549,0.6197,0.6411,0.6466,0.6197,0.6498,0.6588,0.6513,0.6216,0.6237,0.6364,0.6288,0.6163,0.6163,0.6784,0.3513,0.6818,0.6862,0.3513,0.6691,0.6465,0.6329,0.6794,0.6978,0.707,0.6769,0.621,0.621,0,0,0,0,0,v1.0.1,2025_12_22,312.8667,315.3524,437.7876,301.1327,298.8898,184.6017,184.5,329.8548,326.9649,445.693,-7.2982,-4.1731,-0.0001,0,-0.2128,1.5638,-0.212,1.5625,0.6754,175.1455,174.4893,172.3574,175.3193,174.3279,0.789,0.6819,0.7992,0.6697,0.6697,0.7538,0.6455,0.7421,0.6618,0.6455,0.7793,0.7749,0.7752,0.7006,0.7006,0.7478,0,0.7281,0.738,0.7281,0,0,0,0,0,v1.0.1,2025_12_22,312.9135,315.2212,438.6727,300.8091,298.822,183.7458,183.6033,329.876,327.069,446.4224,-7.2839,-4.2851,-0.0001,0,-0.2136,1.5635,-0.2123,1.5628,0.6751,148.0918,143.6123,143.002,146.1934,145.2249,0.657,0.5857,0.6662,0.5991,0.5857,0.625,0.5514,0.6137,0.5735,0.5514,0.6485,0.6303,0.6437,0.6082,0.6082,0.5785,0.4116,0.5793,0.5918,0.4116,0,0,0,0,0,-0.0044,-0.0706,0.0059,-0.0424,-0.0424,-0.0042,-0.0801,0.0002,-0.033,-0.033,0.0177,-0.0008,0.0015,0.0084,-0.0855,-0.0864,-0.0383,-0.0429,0.0073,-0.0022,0.0024,-0.0403,-0.0221,-0.0192,-0.0061,-0.0099,-0.0525,-0.0235,-0.0243,-0.0449,0.0058,0.0039,-0.0119,-0.0149,-0.0456,-0.0288,-0.0199,-0.0008,-0.0091,0.0089,-0.0057,-0.1386,-0.0063,-0.1282,-0.125,0.0043,-0.147,-0.0192,-0.0903,-0.104,-0.0087,0.0191,0.0176,0.0067,0.0002,-0.0057,-0.0049,-0.0877,-0.0124,-0.0922,-0.0762,0.0016,-0.1011,-0.0059,-0.0658,-0.0682,0.0082,0.0012,0.0017,0.0098,0.0098,-0.0265,-0.0125,TRUE,TRUE
DTC_R_107,LanSi,1,CW_01,B,2026-03-28 16:03:13+08:00,ONLINE,FALSE,,CW_1_01,PASS,,,51.2323547,_2026032816031325501,T20260328160313,DESKTOP-P2DUL42,Loma,1,CW_1_01,1,paul di,2024.0718.155524,V20260126.2,CW_DTCL_DTCR_STC,T20260328160404,51.2323547,TRUE,TRUE,TRUE,TRUE,TRUE,TRUE,TRUE,4S2RND2HBL0DP6,v1.0.1,2025_12_22,315.2222,317.1333,475.5833,297.8636,295.8182,149.2308,149.5,337.4133,335.9592,485.7415,-5.0834,-2.0235,-0.0001,0,-0.2191,1.5552,-0.2213,1.5479,0.6657,154.9971,151.0449,152.0957,154.9736,153.2778,0.8635,0.7838,0.8455,0.7851,0.7838,0.8257,0.7386,0.8027,0.7725,0.7386,0.8176,0.8167,0.7943,0.8167,0.7233,0.7124,0.7819,0.7808,0.7124,0.8384,0.7707,0.8117,0.98,0.7707,0.8559,0.7798,0.7472,0.829,0.8061,0.7172,0.8387,0.848,0.7172,0,0,0,0,0,v1.0.1,2025_12_22,315.2409,317.1533,476.705,297.6475,295.6069,148.1724,148.3087,337.4564,336.047,486.7852,-5.1183,-2.057,-0.0001,0,-0.2197,1.5546,-0.2205,1.5482,0.6657,163.5332,157.0947,166.8936,166.3711,163.4731,0.6993,0.67,0.6952,0.6782,0.67,0.6783,0.6266,0.6649,0.6425,0.6266,0.6529,0.6503,0.6557,0.6548,0.6195,0.6321,0.6245,0.6322,0.6195,0.6845,0.6502,0.6588,0.2076,0.2076,0.636,0.6461,0.6592,0.6603,0.644,0.6139,0.6376,0.6601,0.6139,0,0,0,0,0,v1.0.1,2025_12_22,317.3364,328.5818,442.1696,313.6607,302.877,196.9262,188.6777,342.6777,332,457,-2.8879,8.2693,0,0.0001,-0.2184,1.5609,-0.2086,1.5566,0.6726,175.7588,173.8477,175.3584,177.0088,175.4934,0.8037,0.6409,0.8016,0.6468,0.6409,0.7783,0.625,0.7622,0.6635,0.625,0.7591,0.7774,0.7446,0.7508,0.7446,0.749,0.661,0.7359,0,0.661,0,0,0,0,0,v1.0.1,2025_12_22,317.3364,328.6262,442.9815,313.5926,302.7258,196.1452,187.7787,342.8361,332.0609,457.9217,-2.9233,8.3243,0,0.0001,-0.2186,1.5604,-0.2087,1.5569,0.6725,148.6689,142.2373,145.043,146.6045,145.6384,0.6684,0.5481,0.6652,0.5749,0.5481,0.6416,0.5498,0.6415,0.5744,0.5498,0.6391,0.6437,0.6288,0.63,0.6288,0.5791,0.5508,0.583,0.4393,0.4393,0,0,0,0,0,-0.006,-0.1033,-0.0377,-0.0918,-0.0857,0,-0.0634,-0.0048,-0.0691,-0.0634,0.0164,-0.003,-0.0264,0,-0.0829,-0.1025,-0.0164,-0.052,-0.0129,0.0051,-0.0098,-0.045,-0.0155,-0.0405,-0.0391,-0.0047,-0.0254,-0.0062,-0.0385,-0.0254,0.0353,-0.0043,-0.0016,-0.0198,-0.0197,-0.0456,-0.0105,-0.0064,-0.0035,-0.0029,-0.001,-0.1856,-0.0195,-0.1753,-0.1638,0.0093,-0.1335,-0.0174,-0.1261,-0.1335,-0.007,0.0158,-0.0153,0.0076,0.0033,-0.0065,-0.0024,-0.1282,-0.0092,-0.1112,-0.1227,-0.0069,-0.0935,-0.006,-0.0723,-0.0935,0.0374,0.0003,-0.0011,0.0039,0.0271,-0.0248,-0.0114,TRUE,TRUE
DTC_R_108,LanSi,1,CW_01,C,2026-03-28 16:05:05+08:00,ONLINE,FALSE,,CW_1_01,PASS,,,51.4883296,_2026032816050531701,T20260328160505,DESKTOP-P2DUL42,Loma,1,CW_1_01,1,paul di,2024.0718.155524,V20260126.2,CW_DTCL_DTCR_STC,T20260328160556,51.4883296,TRUE,TRUE,TRUE,TRUE,TRUE,TRUE,TRUE,4S2RND2HBL0DP6,v1.0.1,2025_12_22,315.0438,316.4818,474.9118,296.5,295.137,146.8493,149.3421,336.6316,335.3688,484.4752,-5.5393,-3.3124,-0.0001,0,-0.2238,1.5535,-0.2205,1.5499,0.6648,154.5127,151.9199,152.2959,154.6934,153.3555,0.8611,0.8315,0.8709,0.8187,0.8187,0.8168,0.7486,0.8136,0.7562,0.7486,0.8201,0.8152,0.7929,0.8072,0.7697,0.7401,0.7257,0.7096,0.7096,0.8385,0.7991,0.8094,0.98,0.7991,0.8434,0.7951,0.7874,0.8205,0.8109,0.8152,0.7297,0.851,0.7297,0,0,0,0,0,v1.0.1,2025_12_22,314.9786,316.4214,475.958,296.2517,295.0822,145.8562,148.0952,336.7619,335.5,485.5,-5.5772,-3.3418,-0.0001,0,-0.2241,1.5542,-0.2208,1.5495,0.6647,162.9277,156.0283,165.4854,166.0488,162.6226,0.7026,0.694,0.7039,0.6997,0.694,0.6783,0.6336,0.6784,0.6373,0.6336,0.6546,0.6514,0.654,0.6477,0.6469,0.6339,0.5869,0.5969,0.5869,0.6966,0.6555,0.6636,0.3342,0.3342,0.6587,0.6525,0.6695,0.6659,0.6665,0.6666,0.6471,0.6782,0.6471,0,0,0,0,0,v1.0.1,2025_12_22,317.1923,327.9615,441.7321,312.7321,302.632,195.12,188.5,342.3333,331.8571,456.4196,-3.1173,7.4133,0,0.0001,-0.2212,1.5611,-0.2107,1.5566,0.6715,175.6611,174.5791,175.6768,176.625,175.6355,0.7959,0.718,0.8144,0.7018,0.7018,0.7631,0.6596,0.7617,0.6387,0.6387,0.7646,0.7642,0.7454,0.7389,0.7389,0.7446,0.6773,0.7346,0,0.6773,0,0,0,0,0,v1.0.1,2025_12_22,317.1923,328.0385,442.4522,312.6174,302.5645,194.5806,187.521,342.4538,331.8455,457.3545,-3.1849,7.509,0,0.0001,-0.222,1.5611,-0.2102,1.5574,0.6716,148.0977,141.4873,144.0186,146.2314,144.9587,0.6582,0.6081,0.6784,0.6082,0.6081,0.6432,0.5798,0.6481,0.5539,0.5539,0.6286,0.6389,0.6218,0.6145,0.6145,0.5959,0.5459,0.585,0.4886,0.4886,0,0,0,0,0,-0.0084,-0.0556,-0.0123,-0.0582,-0.0508,-0.0089,-0.0534,0.0061,-0.0854,-0.0534,0.0189,-0.0045,-0.0278,-0.0095,-0.0365,-0.0748,-0.0726,-0.1232,-0.0128,0.0028,-0.0065,-0.021,-0.0068,-0.019,-0.0151,-0.0047,-0.0184,0.0073,-0.0437,-0.0184,0.037,-0.0032,-0.0033,-0.0269,0.0077,-0.0438,-0.0481,-0.0417,0.0086,0.0019,-0.0088,-0.1085,-0.0067,-0.1203,-0.1029,-0.0059,-0.0989,-0.0179,-0.1509,-0.1198,-0.0015,0.0026,-0.0145,-0.0043,-0.0011,-0.0078,-0.0126,-0.0682,0.004,-0.0779,-0.0627,-0.0053,-0.0635,0.0006,-0.0928,-0.0894,0.0269,-0.0045,-0.0081,-0.0116,0.0128,-0.008,-0.0094,TRUE,TRUE
DTC_L_108,LanSi,1,CW_01,B,2026-03-28 16:05:05+08:00,ONLINE,FALSE,,CW_1_01,PASS,,,51.5002974,_2026032816050531702,T20260328160505,DESKTOP-P2DUL42,Loma,1,CW_1_01,2,paul di,2024.0718.155524,V20260126.2,CW_DTCL_DTCR_STC,T20260328160556,51.5002974,TRUE,TRUE,TRUE,TRUE,TRUE,TRUE,TRUE,4S2RND2HBL06DS,v1.0.1,2025_12_22,315.2993,321.635,475.6594,300.5652,296.2303,149.8224,150.0397,341.5232,334.7664,488.073,-5.101,0.8238,-0.0001,0,-0.2301,1.5597,-0.2193,1.5538,0.6661,153.7363,150.751,148.9238,153.9619,151.8433,0.8239,0.797,0.8432,0.7786,0.7786,0.7731,0.7482,0.7858,0.7443,0.7443,0.8279,0.805,0.8183,0.759,0.7524,0.7341,0.7427,0.7056,0.7056,0.8293,0.7602,0.8213,0.7934,0.7602,0.8466,0.7108,0.7078,0.8347,0.8207,0.7848,0.77,0.7823,0.7078,0,0,0,0,0,v1.0.1,2025_12_22,315.295,321.6691,476.7872,300.539,296.125,148.8882,148.9257,341.8041,334.9571,489.1071,-5.082,0.9015,-0.0001,0,-0.2296,1.5598,-0.2199,1.5534,0.6659,161.542,157.9414,163.8037,163.2168,161.626,0.6815,0.6666,0.6826,0.7019,0.6666,0.6561,0.6172,0.6466,0.656,0.6172,0.654,0.6514,0.6551,0.6342,0.6217,0.6453,0.6203,0.6119,0.6119,0.6854,0.6209,0.6945,0.6901,0.6209,0.6455,0.6025,0.5939,0.6779,0.6881,0.6619,0.6692,0.6366,0.5939,0,0,0,0,0,v1.0.1,2025_12_22,314.0095,313.7905,439.1261,299.2342,300.3719,182.3554,186.065,328.5854,328.1121,444.6034,-5.9631,-5.7862,-0.0001,-0.0001,-0.2153,1.5669,-0.2146,1.5629,0.675,175.2334,174.8525,173.1367,175.5518,174.6936,0.7883,0.6936,0.7926,0.6887,0.6887,0.7436,0.642,0.7458,0.665,0.642,0.7724,0.7486,0.767,0.7013,0.7013,0.7301,0,0.7236,0.668,0.668,0,0,0,0,0,v1.0.1,2025_12_22,313.9907,313.7383,439.8333,299.1053,300.2562,181.719,185.1983,328.6116,328.2241,445.4569,-5.9995,-5.7738,-0.0001,-0.0001,-0.2152,1.5666,-0.2145,1.5626,0.6749,147.9434,144.0322,143.0977,146.2217,145.3237,0.6624,0.5802,0.6609,0.6155,0.5802,0.6261,0.5544,0.6125,0.5838,0.5544,0.6173,0.6261,0.644,0.6017,0.6017,0.5766,0.4838,0.5871,0.5541,0.4838,0,0,0,0,0,-0.0028,-0.0613,0.0113,-0.043,-0.043,-0.0178,-0.0855,-0.016,-0.0394,-0.0394,0.0266,-0.0089,-0.0007,-0.0099,-0.073,-0.0871,-0.0598,-0.0488,0.0111,0.0046,0.0076,-0.0415,-0.0146,-0.0047,-0.0073,-0.0087,-0.055,-0.018,-0.0149,-0.0474,0.01,-0.0035,-0.0081,-0.0023,-0.0476,-0.0199,-0.0284,-0.0052,-0.0021,0.0216,-0.0064,-0.1269,-0.0129,-0.1092,-0.106,-0.0059,-0.1505,-0.0155,-0.0871,-0.1075,-0.0156,-0.0072,0.0094,0.0074,-0.0175,-0.0102,0.0005,-0.0932,-0.0177,-0.0758,-0.0817,0.0027,-0.0981,-0.0071,-0.0555,-0.0652,-0.023,-0.003,0.002,0.0033,0.0033,-0.0284,-0.0047,TRUE,TRUE
DTC_R_109,LanSi,1,CW_01,A,2026-03-28 16:06:58+08:00,ONLINE,FALSE,,CW_1_01,PASS,,,51.4591662,_2026032816065847001,T20260328160658,DESKTOP-P2DUL42,Loma,1,CW_1_01,1,paul di,2024.0718.155524,V20260126.2,CW_DTCL_DTCR_STC,T20260328160749,51.4591662,TRUE,TRUE,TRUE,TRUE,TRUE,TRUE,TRUE,4S2RND2HBL0DP6,v1.0.1,2025_12_22,315.1691,316.2353,475.2868,296.5882,295.5267,147.9133,149.1812,336.2617,335.8435,484.8571,-5.2985,-3.1288,-0.0001,0,-0.2216,1.5541,-0.2196,1.5483,0.6653,154.0146,150.8652,151.5137,154.7109,152.7761,0.8591,0.7738,0.8377,0.7789,0.7738,0.802,0.7408,0.8045,0.7842,0.7408,0.7916,0.8104,0.7788,0.8175,0.7397,0.7178,0.7872,0.7819,0.7178,0.8212,0.7918,0.8045,0.98,0.7918,0.8143,0.8147,0.6663,0.8318,0.7839,0.7327,0.8095,0.8552,0.6663,0,0,0,0,0,v1.0.1,2025_12_22,315.1087,316.1739,476.3239,296.4859,295.2617,146.8054,148.0541,336.3581,335.8867,485.9667,-5.373,-3.142,-0.0001,0,-0.221,1.5536,-0.2197,1.5485,0.6654,163.2744,156.5264,166.2256,166.293,163.0798,0.6891,0.6606,0.6846,0.6773,0.6606,0.6678,0.6285,0.6604,0.6559,0.6285,0.639,0.639,0.6516,0.6681,0.6372,0.6176,0.63,0.6331,0.6176,0.6743,0.6609,0.6644,0.2379,0.2379,0.6172,0.6747,0.5715,0.6658,0.6552,0.6024,0.6303,0.6672,0.5715,0,0,0,0,0,v1.0.1,2025_12_22,317.2453,327.7358,442,312.6019,302.7302,195.9206,188.5738,341.7377,331.9561,456.2368,-2.9989,7.3466,0,0.0001,-0.2202,1.5606,-0.2079,1.5563,0.6722,174.9707,173.5195,174.8135,176.7295,175.0083,0.8113,0.6185,0.8,0.6512,0.6185,0.765,0.594,0.7798,0.678,0.594,0.7729,0.7677,0.7382,0.7537,0.7382,0.7458,0.6257,0.7206,0,0.6257,0,0,0,0,0,v1.0.1,2025_12_22,317.1415,327.7547,442.7838,312.7207,302.5159,195.1587,187.6829,341.9106,332,457,-3.0752,7.4089,0,0.0001,-0.2186,1.5604,-0.2084,1.5558,0.6723,148.4102,141.751,144.6943,146.3857,145.3103,0.6555,0.5498,0.6634,0.5728,0.5498,0.6359,0.5367,0.6584,0.5864,0.5367,0.6289,0.6385,0.6142,0.6404,0.6142,0.5772,0.5165,0.579,0.4381,0.4381,0,0,0,0,0,-0.0104,-0.1133,-0.0455,-0.098,-0.0957,-0.0237,-0.0612,-0.003,-0.0574,-0.0612,-0.0096,-0.0093,-0.0419,0.0008,-0.0665,-0.0971,-0.0111,-0.0509,-0.0301,-0.0021,-0.02,-0.0544,-0.0261,-0.0414,-0.0485,-0.0152,-0.0235,-0.0107,-0.0251,-0.0235,0.0214,-0.0156,-0.0057,-0.0065,-0.002,-0.0601,-0.005,-0.0055,-0.0137,0.0027,0.0066,-0.208,-0.0211,-0.1709,-0.1862,-0.004,-0.1645,0.0002,-0.1116,-0.1645,0.0068,0.0061,-0.0217,0.0105,0.0001,-0.0218,-0.0153,-0.1265,-0.011,-0.1133,-0.121,-0.0126,-0.1066,0.0109,-0.0603,-0.1066,0.0272,-0.0049,-0.0157,0.0143,0.0125,-0.0267,-0.0154,TRUE,TRUE
DTC_L_109,LanSi,1,CW_01,C,2026-03-28 16:06:58+08:00,ONLINE,FALSE,,CW_1_01,PASS,,,51.4801104,_2026032816065870502,T20260328160658,DESKTOP-P2DUL42,Loma,1,CW_1_01,2,paul di,2024.0718.155524,V20260126.2,CW_DTCL_DTCR_STC,T20260328160750,51.4801104,TRUE,TRUE,TRUE,TRUE,TRUE,TRUE,TRUE,4S2RND2HBL06DS,v1.0.1,2025_12_22,313.8467,323.1898,473.9197,302.8686,294.4868,151.5461,147.7483,343.3046,333.1,490.2714,-6.8797,2.7361,-0.0001,0,-0.2258,1.558,-0.22,1.5556,0.6669,154.4629,150.3564,148.3682,152.834,151.5054,0.8175,0.7847,0.829,0.7828,0.7828,0.7649,0.7467,0.7908,0.7652,0.7467,0.8115,0.8164,0.8084,0.7686,0.7425,0.7502,0.7437,0.7102,0.7102,0.8074,0.2111,0.8431,0.8314,0.2111,0.838,0.7629,0.7562,0.841,0.8248,0.8187,0.7836,0.7658,0.7562,0,0,0,0,0,v1.0.1,2025_12_22,313.9214,323.1857,475.0426,302.844,294.28,150.5667,146.6144,343.3791,333.2254,491.3451,-6.8833,2.7641,-0.0001,0,-0.2251,1.557,-0.2196,1.556,0.6671,162.3418,158.0381,164.1875,162.7578,161.8313,0.6803,0.6658,0.6959,0.6935,0.6658,0.6486,0.6327,0.6502,0.655,0.6327,0.6535,0.6433,0.6452,0.6341,0.6237,0.6488,0.6194,0.6173,0.6173,0.6801,0.5093,0.6749,0.678,0.5093,0.6564,0.6396,0.6458,0.678,0.6545,0.6677,0.6651,0.621,0.621,0,0,0,0,0,v1.0.1,2025_12_22,312.5,315.434,437.4123,301.3509,298.6911,184.1057,184,330.4127,326.5932,446.3559,-7.6607,-3.9682,-0.0001,0,-0.2118,1.5655,-0.2155,1.563,0.6753,176.1787,174.874,172.8115,174.6611,174.6313,0.7881,0.6874,0.8009,0.6786,0.6786,0.7339,0.6478,0.7755,0.6801,0.6478,0.7763,0.7555,0.7773,0.7032,0.7032,0.7187,0,0.7423,0.7365,0.7187,0,0,0,0,0,v1.0.1,2025_12_22,312.4579,315.4673,438.2883,301.1532,298.4957,183.4444,183.2975,330.3636,326.6777,447.124,-7.6566,-3.9895,-0.0001,0,-0.2128,1.5649,-0.2143,1.5627,0.6751,148.666,143.6514,143.0547,145.7266,145.2747,0.6599,0.593,0.6772,0.6155,0.593,0.6088,0.5496,0.6274,0.5849,0.5496,0.6393,0.6156,0.6438,0.6116,0.6116,0.583,0.5308,0.5878,0.5711,0.5308,0,0,0,0,0,-0.0092,-0.0736,-0.0029,-0.0388,-0.0388,-0.026,-0.087,-0.011,-0.0185,-0.037,0.0102,0.0025,-0.0106,-0.0003,-0.0829,-0.071,-0.0588,-0.0442,-0.0108,0.0264,0.0064,-0.0423,-0.0013,-0.0131,-0.0081,-0.0162,-0.0395,-0.0144,-0.0159,-0.0319,0.0095,-0.0116,-0.018,-0.0024,-0.0456,-0.0164,-0.0293,0.0002,-0.0074,0.002,-0.0066,-0.1331,-0.0046,-0.1193,-0.1161,-0.0156,-0.1447,0.0142,-0.072,-0.1017,-0.0117,-0.0003,0.0197,0.0093,-0.0289,0.0085,-0.002,-0.0804,-0.0014,-0.0758,-0.0689,-0.0146,-0.1029,0.0078,-0.0544,-0.07,-0.001,-0.0135,0.0018,0.0132,0.0132,-0.022,-0.004,TRUE,TRUE
DTC_L_110,LanSi,1,CW_01,A,2026-03-28 16:08:41+08:00,ONLINE,FALSE,,CW_1_01,PASS,,,51.5266225,_2026032816084185402,T20260328160841,DESKTOP-P2DUL42,Loma,1,CW_1_01,2,paul di,2024.0718.155524,V20260126.2,CW_DTCL_DTCR_STC,T20260328160933,51.5266225,TRUE,TRUE,TRUE,TRUE,TRUE,TRUE,TRUE,4S2RND2HBL06DS,v1.0.1,2025_12_22,314.3235,323.0368,474.3456,302.4559,294.8543,151.8344,148.3907,342.8675,333.5481,489.0741,-6.4075,2.3537,-0.0001,0,-0.2274,1.557,-0.2184,1.555,0.6666,153.8398,150.1094,148.5381,152.9707,151.3645,0.8099,0.7819,0.8385,0.769,0.769,0.769,0.7448,0.8061,0.7273,0.7273,0.8265,0.813,0.7964,0.7758,0.7421,0.7258,0.7754,0.6844,0.6844,0.8342,0.7382,0.8214,0.8277,0.7382,0.8381,0.7332,0.7429,0.8304,0.8311,0.8435,0.7952,0.7767,0.7332,0,0,0,0,0,v1.0.1,2025_12_22,314.3235,323.0368,475.4265,302.3603,294.8026,150.8092,147.3733,343.04,333.7357,490.1071,-6.3677,2.3707,-0.0001,0,-0.2271,1.5574,-0.2187,1.5546,0.6665,162.3096,158.1562,164.0029,163.1377,161.9016,0.6843,0.6569,0.6946,0.6839,0.6569,0.6486,0.6287,0.6525,0.6429,0.6287,0.6484,0.6635,0.636,0.628,0.6254,0.6168,0.6404,0.6018,0.6018,0.6761,0.6113,0.6747,0.6876,0.6113,0.6599,0.6218,0.6189,0.6866,0.6912,0.6962,0.6694,0.6238,0.6189,0,0,0,0,0,v1.0.1,2025_12_22,312.9524,315.3714,437.9541,300.9174,299.0583,184.3167,184.6016,329.9512,327.0351,445.307,-7.1797,-4.3272,-0.0001,0,-0.2146,1.5647,-0.2126,1.5623,0.6749,175.3096,174.7578,172.7188,174.4697,174.314,0.7803,0.6625,0.793,0.6639,0.6625,0.7303,0.6477,0.7667,0.6268,0.6268,0.7655,0.7763,0.7613,0.6885,0.6885,0.7198,0,0.7275,0.7406,0.7198,0,0,0,0,0,v1.0.1,2025_12_22,312.9626,315.3551,438.7838,300.7207,298.9328,183.6303,183.7686,330.0826,327.0086,446.1552,-7.2087,-4.3112,-0.0001,0,-0.2153,1.5642,-0.213,1.5633,0.6748,148.6592,143.6523,142.8652,146.0303,145.3018,0.6491,0.5736,0.6645,0.5861,0.5736,0.6103,0.5587,0.6236,0.5544,0.5544,0.6257,0.6318,0.6413,0.6125,0.6125,0.5803,0.5139,0.5813,0.5937,0.5139,0,0,0,0,0,-0.0168,-0.0764,0.0066,-0.0526,-0.0526,-0.0219,-0.0889,0.0043,-0.0564,-0.0564,0.0252,-0.0009,-0.0226,0.0069,-0.0833,-0.0954,-0.0271,-0.07,0.016,0.0047,0.0104,-0.0512,-0.0026,-0.0227,-0.017,-0.0162,-0.0435,-0.0121,-0.028,-0.0359,0.0044,0.0086,-0.0272,-0.0085,-0.0439,-0.0484,-0.0083,-0.0153,-0.0114,0.0018,-0.0144,-0.158,-0.0125,-0.134,-0.1322,-0.0192,-0.1448,0.0054,-0.1253,-0.1227,-0.0225,0.0205,0.0037,-0.0054,-0.0278,-0.0063,-0.0128,-0.0998,-0.0141,-0.1052,-0.0883,-0.0131,-0.0938,0.004,-0.0849,-0.0652,-0.0146,0.0027,-0.0007,0.0141,0.0141,-0.0247,-0.0105,TRUE,TRUE
DTC_R_110,LanSi,1,CW_01,B,2026-03-28 16:08:41+08:00,ONLINE,FALSE,,CW_1_01,PASS,,,51.9859994,_2026032816084165601,T20260328160841,DESKTOP-P2DUL42,Loma,1,CW_1_01,1,paul di,2024.0718.155524,V20260126.2,CW_DTCL_DTCR_STC,T20260328160933,51.9859994,TRUE,TRUE,TRUE,TRUE,TRUE,TRUE,TRUE,4S2RND2HBL0DP6,v1.0.1,2025_12_22,315.1037,316.6444,474.8261,296.6667,295.3197,147.1973,149.3775,336.8013,335.2676,484.5563,-5.5211,-3.1268,-0.0001,0,-0.2239,1.5541,-0.2205,1.5508,0.6651,154.957,151.7881,150.9199,151.0225,152.1719,0.8484,0.8282,0.866,0.8253,0.8253,0.794,0.7572,0.8024,0.7644,0.7572,0.8157,0.8063,0.7969,0.8125,0.7832,0.7652,0.7431,0.7002,0.7002,0.8347,0.7996,0.8092,0.98,0.7996,0.8316,0.7862,0.7836,0.8289,0.8172,0.8528,0.7391,0.8419,0.7391,0,0,0,0,0,v1.0.1,2025_12_22,315.0355,316.6241,475.8,296.5071,295.1419,146.2162,148.0479,337,335.5,485.5,-5.5949,-3.1305,-0.0001,0,-0.224,1.5541,-0.2209,1.5497,0.6647,163.6973,157.4287,165.8936,163.6543,162.6685,0.6977,0.7028,0.7137,0.7015,0.6977,0.674,0.647,0.6747,0.6491,0.647,0.6583,0.6552,0.6444,0.6546,0.6537,0.6433,0.5933,0.6144,0.5933,0.6904,0.6633,0.6736,0.3651,0.3651,0.64,0.6614,0.6608,0.6665,0.6606,0.6588,0.6423,0.6842,0.64,0,0,0,0,0,v1.0.1,2025_12_22,317.1226,328.0472,441.5841,312.7611,302.5814,195.2093,188.5372,342.4628,331.5702,456.5614,-3.2209,7.5083,0,0.0001,-0.2217,1.5612,-0.2111,1.5583,0.6717,176.1055,174.667,173.9697,172.8506,174.3982,0.8013,0.7233,0.8168,0.7056,0.7056,0.7454,0.6402,0.7724,0.6511,0.6402,0.7754,0.7569,0.7509,0.7339,0.7339,0.7347,0.6816,0.7174,0,0.6816,0,0,0,0,0,v1.0.1,2025_12_22,317.1154,328.1154,442.4513,312.7168,302.528,194.752,187.5372,342.5372,331.6903,457.4779,-3.2356,7.6199,0,0.0001,-0.2217,1.5613,-0.2103,1.5581,0.6718,148.6719,142.8262,144.168,144.2529,144.9797,0.6654,0.6123,0.6675,0.6115,0.6115,0.6387,0.5766,0.6378,0.5649,0.5649,0.6391,0.627,0.6377,0.6196,0.6196,0.5898,0.5521,0.5849,0.4401,0.4401,0,0,0,0,0,-0.0211,-0.0589,-0.0172,-0.0516,-0.0442,-0.0317,-0.0448,-0.0051,-0.0772,-0.0448,0.0145,-0.0134,-0.0238,-0.0042,-0.023,-0.0497,-0.0552,-0.1326,-0.0166,0.0026,-0.0114,-0.0122,0.003,-0.0172,-0.0114,-0.009,-0.005,0.0036,-0.0319,-0.005,0.0407,0.0006,-0.0129,-0.02,0.0145,-0.0344,-0.0417,-0.0242,0.0024,0.0119,-0.0034,-0.1032,-0.0043,-0.1165,-0.0991,-0.0236,-0.1183,-0.0072,-0.1385,-0.1183,0.0093,-0.0047,-0.009,-0.0093,-0.011,-0.025,-0.0054,-0.064,-0.0069,-0.0746,-0.0593,-0.0098,-0.0667,-0.0097,-0.0818,-0.0784,0.0374,-0.0164,0.0078,-0.0065,0.0179,-0.0141,-0.0095,TRUE,TRUE
DTC_R_111,LanSi,1,CW_01,C,2026-03-28 16:10:32+08:00,ONLINE,FALSE,,CW_1_01,PASS,,,51.6766891,_2026032816103232501,T20260328161032,DESKTOP-P2DUL42,Loma,1,CW_1_01,1,paul di,2024.0718.155524,V20260126.2,CW_DTCL_DTCR_STC,T20260328161124,51.6766891,TRUE,TRUE,TRUE,TRUE,TRUE,TRUE,TRUE,4S2RND2HBL0DP6,v1.0.1,2025_12_22,315.3037,317.0815,475.6618,297.7574,295.8581,148.7838,149.457,337.2384,336.0068,486.0878,-5.0425,-2.1102,-0.0001,0,-0.2194,1.5552,-0.2204,1.5484,0.6659,154.623,149.209,150.7227,154.9033,152.3645,0.8609,0.7864,0.8679,0.768,0.768,0.8045,0.7347,0.8053,0.7374,0.7347,0.8101,0.83,0.7338,0.7747,0.7316,0.7278,0.7306,0.7709,0.7278,0.8563,0.796,0.7737,0.98,0.7737,0.8375,0.7739,0.7547,0.8299,0.7571,0.7185,0.8349,0.8209,0.7185,0,0,0,0,0,v1.0.1,2025_12_22,315.219,317.1241,476.7286,297.4429,295.5646,147.6803,148.349,337.3557,336.1333,487.1267,-5.1011,-2.1541,-0.0001,0,-0.2207,1.5548,-0.2201,1.5479,0.6654,163.0752,157.8779,166.7295,166.1201,163.4507,0.6929,0.6692,0.7194,0.6718,0.6692,0.6764,0.6345,0.661,0.6428,0.6345,0.644,0.6436,0.6271,0.6421,0.6296,0.6316,0.602,0.6375,0.602,0.6866,0.6393,0.656,0.1842,0.1842,0.6469,0.652,0.6491,0.667,0.6416,0.5938,0.6466,0.6509,0.5938,0,0,0,0,0,v1.0.1,2025_12_22,317.6,328.5,442.3826,313.5478,302.9667,196.9583,188.7769,342.6529,332.0522,457.1826,-2.7443,8.2683,0,0.0001,-0.2187,1.5595,-0.2089,1.5584,0.6726,175.4961,171.8398,173.8213,176.874,174.5078,0.8047,0.6349,0.804,0.6299,0.6299,0.7727,0.6027,0.7655,0.6517,0.6027,0.776,0.7801,0.688,0.7284,0.688,0.738,0.6742,0.6932,0,0.6742,0,0,0,0,0,v1.0.1,2025_12_22,317.5,328.5,443.1518,313.5536,302.9508,196,187.8443,342.7705,332.1565,458.0522,-2.7793,8.2752,0,0.0001,-0.2179,1.5609,-0.2091,1.5576,0.6729,147.8877,142.8203,144.7627,146.3662,145.4592,0.6638,0.5638,0.667,0.5672,0.5638,0.642,0.5445,0.636,0.5805,0.5445,0.6355,0.6365,0.6027,0.6238,0.6027,0.5976,0.5565,0.5734,0.4024,0.4024,0,0,0,0,0,-0.0086,-0.1007,-0.0153,-0.1089,-0.1015,-0.0212,-0.0673,-0.0022,-0.1042,-0.0673,0.0089,0.0103,-0.0869,-0.042,-0.0746,-0.0871,-0.0677,-0.0619,0.005,-0.0329,-0.0162,-0.0458,0.0087,-0.0469,-0.0399,-0.0066,-0.0175,-0.0101,-0.0382,-0.0175,0.0264,-0.011,-0.0302,-0.0325,-0.0096,-0.0461,-0.033,-0.0011,-0.0014,-0.0057,0,-0.1916,-0.0171,-0.1922,-0.1748,0.0037,-0.1558,-0.0141,-0.1379,-0.1558,0.0099,0.0185,-0.0719,-0.0148,-0.0077,-0.0492,-0.007,-0.1125,-0.0074,-0.1189,-0.107,-0.0065,-0.0988,-0.0115,-0.0662,-0.0988,0.0338,-0.0069,-0.0272,-0.0023,0.001,-0.0063,-0.021,TRUE,TRUE
DTC_L_111,LanSi,1,CW_01,B,2026-03-28 16:10:32+08:00,ONLINE,FALSE,,CW_1_01,PASS,,,51.5061458,_2026032816103250402,T20260328161032,DESKTOP-P2DUL42,Loma,1,CW_1_01,2,paul di,2024.0718.155524,V20260126.2,CW_DTCL_DTCR_STC,T20260328161124,51.5061458,TRUE,TRUE,TRUE,TRUE,TRUE,TRUE,TRUE,4S2RND2HBL06DS,v1.0.1,2025_12_22,314.0657,322.8467,474.2101,302.3913,294.8212,152.0861,148.3072,342.6601,333.4085,489.5,-6.5375,2.3968,-0.0001,0,-0.2265,1.5581,-0.2185,1.5547,0.667,154.5381,149.9736,148.1865,153.0605,151.4397,0.8212,0.7871,0.8465,0.7896,0.7871,0.776,0.7409,0.8031,0.7678,0.7409,0.8129,0.8093,0.8135,0.7648,0.7535,0.7107,0.7779,0.7078,0.7078,0.8298,0.4634,0.8221,0.8258,0.4634,0.8432,0.7489,0.7509,0.8337,0.8299,0.8224,0.7963,0.7679,0.7489,0,0,0,0,0,v1.0.1,2025_12_22,314.0429,322.8929,475.3406,302.3406,294.6797,151.1373,147.1879,342.7584,333.6312,490.5248,-6.5235,2.4308,-0.0001,0,-0.2262,1.558,-0.218,1.554,0.6669,161.7363,157.5342,163.6816,162.0947,161.2617,0.6707,0.6784,0.6922,0.6965,0.6707,0.6509,0.6223,0.6525,0.6618,0.6223,0.6414,0.6581,0.653,0.6218,0.6191,0.6192,0.6268,0.616,0.616,0.6694,0.4816,0.6648,0.6895,0.4816,0.6404,0.6386,0.6186,0.6713,0.6679,0.6876,0.6669,0.6362,0.6186,0,0,0,0,0,v1.0.1,2025_12_22,312.8381,315.0857,437.7636,300.9273,298.8898,184.6017,184.5667,329.6417,326.9231,445.8291,-7.3037,-4.2829,-0.0001,0,-0.2123,1.5638,-0.2125,1.563,0.6755,175.8174,174.3223,172.2578,174.6396,174.2593,0.7854,0.6632,0.806,0.6869,0.6632,0.7362,0.6342,0.7571,0.6836,0.6342,0.768,0.7727,0.7678,0.7075,0.7075,0.7317,0,0.7387,0.7203,0.7203,0,0,0,0,0,v1.0.1,2025_12_22,312.767,315,438.5664,300.708,298.7833,183.7917,183.5847,329.6525,327.0435,446.6261,-7.351,-4.3443,-0.0001,0,-0.2126,1.5641,-0.2124,1.5622,0.6753,147.9297,143.3135,142.4482,145.2324,144.731,0.6581,0.5781,0.6745,0.5951,0.5781,0.6282,0.5455,0.6182,0.5967,0.5455,0.6453,0.6324,0.6395,0.6191,0.6191,0.5895,0.5402,0.5898,0.5757,0.5402,0,0,0,0,0,-0.0055,-0.0712,0.0146,-0.032,-0.0345,-0.0149,-0.0928,0.0013,-0.0159,-0.0428,0.0116,-0.0046,-0.0055,-0.0041,-0.0719,-0.1105,-0.0246,-0.0466,0.0116,0.0054,-0.0032,-0.0297,-0.005,-0.0101,-0.0032,-0.0139,-0.0499,-0.0121,-0.0091,-0.0423,-0.0026,0.0032,-0.0102,-0.0147,-0.0502,-0.046,-0.0219,-0.0011,-0.0181,-0.0081,-0.0093,-0.1573,0.0005,-0.111,-0.1315,-0.0133,-0.1583,-0.0042,-0.0685,-0.1153,-0.02,0.0169,0.0102,0.0136,-0.0159,0.0049,-0.0038,-0.0953,-0.0041,-0.0962,-0.0838,0.0048,-0.107,-0.0014,-0.0426,-0.0741,0.005,0.0033,-0.0025,0.0207,0.0207,-0.0155,-0.002,TRUE,TRUE
DTC_L_112,LanSi,1,CW_01,C,2026-03-28 16:12:25+08:00,ONLINE,FALSE,,CW_1_01,PASS,,,51.2270317,_2026032816122592602,T20260328161225,DESKTOP-P2DUL42,Loma,1,CW_1_01,2,paul di,2024.0718.155524,V20260126.2,CW_DTCL_DTCR_STC,T20260328161317,51.2270317,TRUE,TRUE,TRUE,TRUE,TRUE,TRUE,TRUE,4S2RND2HBL06DS,v1.0.1,2025_12_22,313.8467,323.1898,473.8345,302.6187,294.414,151.0573,147.7039,343.2961,333.1348,490.4468,-6.9132,2.6217,-0.0001,0,-0.2274,1.5579,-0.2199,1.5555,0.6665,155.2373,151.0479,149.2627,153.9463,152.3735,0.8229,0.8051,0.8455,0.7845,0.7845,0.7743,0.7549,0.808,0.7582,0.7549,0.8171,0.8226,0.8206,0.7645,0.7743,0.7494,0.7781,0.7328,0.7328,0.8259,0.8427,0.8177,0.825,0.8177,0.8486,0.7589,0.7257,0.8469,0.8361,0.8226,0.7953,0.7724,0.7257,0,0,0,0,0,v1.0.1,2025_12_22,313.9209,323.1367,475,302.3972,294.359,150.1538,146.6689,343.3245,333.2394,491.5,-6.8624,2.6024,-0.0001,0,-0.2275,1.5577,-0.2196,1.556,0.6666,161.7764,157.2344,163.4648,162.2021,161.1694,0.6746,0.6702,0.6925,0.6921,0.6702,0.6467,0.6297,0.6541,0.6514,0.6297,0.6439,0.6569,0.6551,0.6377,0.636,0.6356,0.6275,0.6105,0.6105,0.6807,0.5849,0.675,0.6652,0.5849,0.6572,0.6297,0.6233,0.6788,0.6594,0.671,0.6738,0.6222,0.6222,0,0,0,0,0,v1.0.1,2025_12_22,312.6262,315.4112,437.4196,301.0804,298.6694,183.7769,184.1057,330.1545,326.5478,446.487,-7.6263,-4.118,-0.0001,0,-0.2138,1.5646,-0.2137,1.5645,0.6754,175.4883,174.2988,172.5,174.2471,174.1335,0.7798,0.692,0.8016,0.6879,0.6879,0.7462,0.6559,0.7703,0.6779,0.6559,0.7705,0.7729,0.7737,0.7085,0.7085,0.7393,0,0.7327,0.7203,0.7203,0,0,0,0,0,v1.0.1,2025_12_22,312.5,315.3091,438.3304,300.8125,298.5645,183.0645,183.2177,330.2742,326.7355,447.1983,-7.6304,-4.1683,-0.0001,0,-0.2142,1.5653,-0.2147,1.5628,0.6748,148.3877,143.0186,142.4648,145.3164,144.7969,0.6582,0.5911,0.6645,0.6013,0.5911,0.6109,0.553,0.6325,0.5943,0.553,0.6219,0.6356,0.6318,0.6177,0.6177,0.5847,0.4971,0.5607,0.5684,0.4971,0,0,0,0,0,-0.0038,-0.0532,0.0136,-0.0371,-0.0371,-0.0166,-0.0788,0.0062,-0.0255,-0.0288,0.0158,0.0087,0.0016,-0.0044,-0.0511,-0.0718,-0.0244,-0.0216,0.0077,0.001,0.0007,-0.0379,-0.0047,-0.0145,-0.0037,-0.0181,-0.0425,-0.0105,-0.0195,-0.0349,-0.0001,0.002,-0.0081,0.0012,-0.0333,-0.0296,-0.0212,-0.0066,-0.0068,0.0021,-0.0149,-0.1285,-0.0039,-0.11,-0.1068,-0.0033,-0.1366,0.009,-0.0742,-0.0936,-0.0175,0.0171,0.0161,0.0146,-0.0083,-0.0011,-0.0037,-0.0823,-0.0141,-0.09,-0.0708,-0.0125,-0.0995,0.0129,-0.045,-0.0666,-0.0184,0.0065,-0.0102,0.0193,0.0193,-0.0203,-0.0311,TRUE,TRUE
DTC_R_112,LanSi,1,CW_01,A,2026-03-28 16:12:25+08:00,ONLINE,FALSE,,CW_1_01,PASS,,,51.4274956,_2026032816122597301,T20260328161225,DESKTOP-P2DUL42,Loma,1,CW_1_01,1,paul di,2024.0718.155524,V20260126.2,CW_DTCL_DTCR_STC,T20260328161317,51.4274956,TRUE,TRUE,TRUE,TRUE,TRUE,TRUE,TRUE,4S2RND2HBL0DP6,v1.0.1,2025_12_22,315.2612,317.2313,475.5985,297.9015,295.7552,149.3007,149.5168,337.4564,336,486.1361,-5.0737,-1.8948,-0.0001,0,-0.2195,1.5546,-0.2209,1.5481,0.6656,153.2812,150.0586,150.1963,153.0068,151.6357,0.8591,0.7789,0.8655,0.7786,0.7786,0.8256,0.7478,0.8019,0.7757,0.7478,0.8285,0.8105,0.7896,0.8214,0.7128,0.7066,0.7682,0.7793,0.7066,0.8415,0.7496,0.8046,0.98,0.7496,0.8457,0.7631,0.7681,0.822,0.7986,0.7398,0.8196,0.8434,0.7398,0,0,0,0,0,v1.0.1,2025_12_22,315.2446,317.295,476.7883,297.7883,295.637,148.3425,148.4133,337.5,336.1014,487.1892,-5.0631,-1.877,-0.0001,0,-0.2197,1.5547,-0.22,1.5481,0.6658,162.1465,155.2988,164.6318,164.7617,161.7097,0.7122,0.6764,0.7114,0.6682,0.6682,0.681,0.6308,0.6718,0.6562,0.6308,0.6599,0.6472,0.6462,0.6457,0.5972,0.6374,0.5969,0.6402,0.5969,0.6774,0.6197,0.6745,0.1369,0.1369,0.6478,0.6558,0.6559,0.6725,0.6495,0.6313,0.6226,0.6554,0.6226,0,0,0,0,0,v1.0.1,2025_12_22,317.4299,328.7009,442.3707,313.75,303,197,188.8655,342.7815,332.1062,457.3805,-2.7455,8.4226,0,0.0001,-0.2186,1.5611,-0.2086,1.5567,0.6727,175.3672,173.9854,174.8535,176.3047,175.1277,0.8103,0.6268,0.8071,0.6454,0.6268,0.7719,0.6181,0.7614,0.6668,0.6181,0.7801,0.7562,0.7498,0.7464,0.7464,0.7553,0.6702,0.7324,0,0.6702,0,0,0,0,0,v1.0.1,2025_12_22,317.4486,328.757,443.0183,313.633,302.8065,196.0887,187.9076,343,332.2174,458.113,-2.8203,8.4184,0,0.0001,-0.2193,1.5604,-0.209,1.5566,0.6722,147.3643,140.832,143.1924,145.3096,144.1746,0.6641,0.557,0.673,0.5722,0.557,0.6491,0.5516,0.6437,0.5791,0.5516,0.6299,0.6386,0.6182,0.6345,0.6182,0.5948,0.55,0.5928,0.4049,0.4049,0,0,0,0,0,-0.0104,-0.1082,-0.0177,-0.0983,-0.0909,-0.0001,-0.0542,-0.0056,-0.0659,-0.0542,0.0273,-0.0092,-0.0311,0.0047,-0.0934,-0.1083,-0.0301,-0.0535,-0.0098,-0.002,0.0031,-0.0386,0.0007,-0.0505,-0.0409,-0.002,-0.0212,0.0007,-0.0248,-0.0212,0.0423,-0.0074,-0.0111,-0.0289,-0.042,-0.0403,-0.0381,0.0016,-0.0106,0.0128,0.0056,-0.1997,-0.014,-0.1767,-0.1779,0.0029,-0.1404,-0.0182,-0.1228,-0.1404,0.014,-0.0054,-0.0101,0.0032,0.0096,-0.01,-0.0067,-0.1193,-0.0014,-0.1139,-0.1138,0.0006,-0.0917,-0.0038,-0.0676,-0.0917,0.0282,-0.0048,-0.0117,0.0084,0.0165,-0.0091,-0.0016,TRUE,TRUE
DTC_R_113,LanSi,1,CW_01,B,2026-03-28 16:14:25+08:00,ONLINE,FALSE,,CW_1_01,PASS,,,51.8843641,_2026032816142576101,T20260328161425,DESKTOP-P2DUL42,Loma,1,CW_1_01,1,paul di,2024.0718.155524,V20260126.2,CW_DTCL_DTCR_STC,T20260328161517,51.8843641,TRUE,TRUE,TRUE,TRUE,TRUE,TRUE,TRUE,4S2RND2HBL0DP6,v1.0.1,2025_12_22,315.2388,317.8209,475.4511,298.1654,295.6712,149.3836,149.42,337.88,335.9178,484.8562,-5.1602,-1.8788,-0.0001,0,-0.2216,1.5546,-0.2199,1.5471,0.6651,154.5264,151.5,151.8037,154.8242,153.1636,0.8648,0.7937,0.8612,0.768,0.768,0.8199,0.7469,0.8131,0.7323,0.7323,0.8246,0.8166,0.7955,0.8168,0.7257,0.7352,0.7593,0.7314,0.7257,0.8342,0.8121,0.7957,0.3789,0.3789,0.8471,0.7864,0.7557,0.831,0.8003,0.651,0.8321,0.8581,0.651,0,0,0,0,0,v1.0.1,2025_12_22,315.2117,317.7883,476.6148,298.1259,295.4257,148.3649,148.3356,338,335.9589,485.8836,-5.1907,-1.8675,-0.0001,0,-0.2207,1.554,-0.22,1.5475,0.6652,162.2598,155.3057,165.2305,165.5156,162.0779,0.7138,0.6658,0.7083,0.6747,0.6658,0.6808,0.6536,0.6707,0.624,0.624,0.6412,0.656,0.657,0.6523,0.6282,0.6347,0.5999,0.6206,0.5999,0.6862,0.6621,0.6738,0.0626,0.0626,0.6512,0.6591,0.6468,0.6704,0.6406,0.5524,0.631,0.6805,0.5524,0,0,0,0,0,v1.0.1,2025_12_22,317.5048,329.0571,442.2162,314.2793,302.9833,197.1333,188.8279,343.3443,332.036,456.4595,-2.7864,8.5547,0,0.0001,-0.2174,1.5606,-0.2101,1.5567,0.6725,175.249,174.0771,175.0156,176.6855,175.2568,0.8041,0.6572,0.8044,0.6076,0.6076,0.7794,0.629,0.7581,0.5983,0.5983,0.7764,0.778,0.7523,0.7524,0.7523,0.7415,0.6607,0.7218,0,0.6607,0,0,0,0,0,v1.0.1,2025_12_22,317.5,329,443.027,314.2072,302.7339,196.5323,187.8862,343.439,332.0714,457.3393,-2.8563,8.6036,0,0.0001,-0.2168,1.5593,-0.2104,1.5572,0.6723,147.4258,140.9297,143.7812,145.7451,144.4705,0.6607,0.5694,0.6792,0.5576,0.5576,0.6347,0.5632,0.6568,0.5277,0.5277,0.6395,0.6506,0.63,0.6424,0.63,0.5952,0.5452,0.5818,0.3119,0.3119,0,0,0,0,0,-0.0047,-0.0934,-0.022,-0.1089,-0.1015,-0.0058,-0.0551,0.0056,-0.1093,-0.0697,0.0234,-0.0031,-0.0252,0.0001,-0.0805,-0.0797,-0.039,-0.1014,-0.0171,-0.0109,0.0047,-0.0492,-0.0024,-0.044,-0.0433,-0.0022,0.0016,-0.0004,-0.057,-0.028,0.0236,0.0014,-0.0003,-0.0223,-0.011,-0.043,-0.0351,-0.018,-0.0018,0.0121,-0.0006,-0.1693,-0.0167,-0.2145,-0.1971,0.0104,-0.1295,-0.0215,-0.1913,-0.1602,0.0103,0.0164,-0.0076,0.0092,-0.0042,-0.0206,-0.0101,-0.1069,0.0048,-0.1285,-0.1132,-0.0138,-0.0801,0.0093,-0.119,-0.1156,0.0378,0.0072,0.0001,0.0163,0.0283,-0.0087,-0.0126,TRUE,TRUE
DTC_L_113,LanSi,1,CW_01,A,2026-03-28 16:14:25+08:00,ONLINE,FALSE,,CW_1_01,PASS,,,51.6958688,_2026032816142596202,T20260328161425,DESKTOP-P2DUL42,Loma,1,CW_1_01,2,paul di,2024.0718.155524,V20260126.2,CW_DTCL_DTCR_STC,T20260328161517,51.6958688,TRUE,TRUE,TRUE,TRUE,TRUE,TRUE,TRUE,4S2RND2HBL06DS,v1.0.1,2025_12_22,314.3235,324.0368,474.2963,303.8593,294.9539,153.2763,148.3733,343.8467,333.6131,489.6569,-6.388,3.4352,-0.0001,0,-0.225,1.5573,-0.2183,1.5543,0.6671,154.4863,150.7998,148.5332,153.4277,151.8118,0.821,0.7911,0.8357,0.7862,0.7862,0.7589,0.7603,0.7958,0.7525,0.7525,0.8014,0.8033,0.8165,0.7733,0.7543,0.7067,0.7318,0.6961,0.6961,0.8178,0.8006,0.8259,0.8373,0.8006,0.8396,0.7507,0.7456,0.847,0.8359,0.8282,0.8011,0.7789,0.7456,0,0,0,0,0,v1.0.1,2025_12_22,314.3235,324.0368,475.4184,303.5461,294.88,152.3667,147.2585,344.034,333.7714,490.75,-6.3696,3.4467,-0.0001,0,-0.226,1.5575,-0.2186,1.5542,0.6668,162.752,158.583,164.3916,163.4873,162.3035,0.68,0.6615,0.6936,0.6851,0.6615,0.6494,0.636,0.6439,0.6382,0.636,0.6537,0.6495,0.6595,0.6404,0.6402,0.616,0.6129,0.6012,0.6012,0.6805,0.6407,0.6845,0.6855,0.6407,0.65,0.6253,0.6268,0.6678,0.6797,0.6843,0.6745,0.6229,0.6229,0,0,0,0,0,v1.0.1,2025_12_22,312.9524,316.3714,437.7857,302.0804,299.0431,185.681,184.5882,330.7815,327.0086,446.1552,-7.2244,-3.2861,-0.0001,0,-0.2135,1.5643,-0.2113,1.5624,0.6755,175.9834,175.0752,172.8818,174.7959,174.6841,0.7819,0.6837,0.8126,0.675,0.675,0.7223,0.6494,0.7605,0.6499,0.6494,0.7803,0.7625,0.7776,0.7088,0.7088,0.7297,0,0.7414,0.7441,0.7297,0,0,0,0,0,v1.0.1,2025_12_22,312.9048,316.2762,438.6789,301.8624,298.9661,184.8559,183.7436,330.8462,327.0172,447.0517,-7.2379,-3.3215,-0.0001,0,-0.2136,1.5646,-0.2118,1.5628,0.6755,149.1289,144.1289,143.2295,146.3281,145.7039,0.6434,0.5704,0.6797,0.5988,0.5704,0.5993,0.5688,0.632,0.5726,0.5688,0.6287,0.6332,0.6338,0.6041,0.6041,0.6019,0.5093,0.6055,0.5872,0.5093,0,0,0,0,0,-0.0057,-0.0672,0.0038,-0.0354,-0.0354,-0.032,-0.0734,-0.006,-0.0312,-0.0312,0.0001,-0.0106,-0.0025,0.0044,-0.0711,-0.1145,-0.0707,-0.0583,-0.0004,0.0092,0.0061,-0.0466,-0.0036,-0.0215,-0.0124,-0.0154,-0.0362,-0.0207,-0.0327,-0.0286,0.0097,-0.0054,-0.0037,0.0039,-0.0291,-0.0492,-0.0358,-0.0159,-0.007,0.0116,-0.0128,-0.1368,0.0071,-0.1229,-0.1197,-0.0272,-0.1431,-0.0008,-0.1022,-0.1001,-0.0077,0.0067,0.02,0.0149,-0.0179,0.0076,-0.0185,-0.103,0.0011,-0.0925,-0.0915,-0.0241,-0.0837,0.0124,-0.0667,-0.0508,-0.0116,0.0041,-0.0082,0.0057,0.0057,-0.0031,0.0137,TRUE,TRUE
DTC_L_114,LanSi,1,CW_01,B,2026-03-28 16:16:31+08:00,ONLINE,FALSE,,CW_1_01,PASS,,,51.7304297,_2026032816163119202,T20260328161631,DESKTOP-P2DUL42,Loma,1,CW_1_01,2,paul di,2024.0718.155524,V20260126.2,CW_DTCL_DTCR_STC,T20260328161722,51.7304297,TRUE,TRUE,TRUE,TRUE,TRUE,TRUE,TRUE,4S2RND2HBL06DS,v1.0.1,2025_12_22,315.2612,322.1045,475.5149,301.3358,296.3514,151.5473,149.911,342.1918,334.7899,487.6304,-5.1343,1.462,-0.0001,0,-0.2284,1.5599,-0.2204,1.5528,0.666,155.668,151.1123,149.8232,154.5205,152.781,0.8254,0.7875,0.8398,0.789,0.7875,0.7793,0.7533,0.8011,0.7457,0.7457,0.7861,0.8087,0.8053,0.7777,0.7343,0.7351,0.7605,0.6888,0.6888,0.8066,0.5012,0.8075,0.7831,0.5012,0.8444,0.7324,0.7327,0.8417,0.8081,0.7765,0.7735,0.7759,0.7324,0,0,0,0,0,v1.0.1,2025_12_22,315.2409,322.1533,476.6331,301.4317,296.1267,150.5667,148.6579,342.3684,334.8857,488.7286,-5.1912,1.5497,-0.0001,0,-0.2272,1.5593,-0.2202,1.5529,0.6662,161.1201,156.7002,162.7383,161.8008,160.5898,0.6759,0.6773,0.6946,0.692,0.6759,0.6423,0.6173,0.6491,0.6488,0.6173,0.6271,0.6572,0.6449,0.639,0.6202,0.6419,0.6314,0.6037,0.6037,0.6732,0.5335,0.6995,0.6655,0.5335,0.6599,0.6278,0.5941,0.6785,0.6721,0.6634,0.6575,0.632,0.5941,0,0,0,0,0,v1.0.1,2025_12_22,314.0187,314.4486,439.0631,299.9459,300.4355,183.9677,185.878,329.3333,328.1316,444.2544,-5.9946,-5.11,-0.0001,-0.0001,-0.2149,1.5666,-0.2151,1.562,0.6746,175.6709,174.0605,172.3896,174.71,174.2078,0.7916,0.6875,0.8157,0.6771,0.6771,0.722,0.647,0.7644,0.6532,0.647,0.7468,0.7699,0.7613,0.6909,0.6909,0.7157,0,0.7242,0.6506,0.6506,0,0,0,0,0,v1.0.1,2025_12_22,314,314.3962,439.7589,299.8214,300.3417,183.075,184.9016,329.377,328.1565,445.0522,-6.0682,-5.1556,-0.0001,-0.0001,-0.2149,1.5666,-0.215,1.5624,0.6748,147.6504,142.9883,141.8154,144.9111,144.3413,0.6599,0.575,0.673,0.6024,0.575,0.6257,0.5528,0.6282,0.5716,0.5528,0.6125,0.64,0.6366,0.6051,0.6051,0.5846,0.5179,0.5902,0.5201,0.5179,0,0,0,0,0,-0.0013,-0.0708,0.0079,-0.0326,-0.0341,-0.0116,-0.0804,-0.0007,-0.038,-0.038,-0.0152,-0.0052,-0.0137,0.0088,-0.0911,-0.0861,-0.042,-0.0656,-0.0116,-0.0092,0.002,-0.0308,-0.0026,-0.0146,0.002,-0.0225,-0.0549,-0.0155,-0.0221,-0.0473,-0.0169,0.0023,-0.0183,0.0025,-0.0491,-0.0233,-0.0173,-0.0134,-0.0143,0.0266,-0.0031,-0.133,0.0102,-0.1208,-0.1176,-0.0275,-0.1455,0.0031,-0.0989,-0.1025,-0.0412,0.0141,0.0037,-0.003,-0.0319,-0.0096,-0.002,-0.0984,-0.0056,-0.0889,-0.0869,0.0023,-0.0997,0.0086,-0.0677,-0.0668,-0.0278,0.0109,-0.0054,0.0067,0.0067,-0.0204,-0.0016,TRUE,TRUE
DTC_R_114,LanSi,1,CW_01,C,2026-03-28 16:16:31+08:00,ONLINE,FALSE,,CW_1_01,FAIL,SFR_VIS_25cm_Ny4_01F_ROI4_Dev;SFR_VIS_25cm_Ny4_01F_Min_Dev,Dev,51.8630772,_2026032816163107201,T20260328161631,DESKTOP-P2DUL42,Loma,1,CW_1_01,1,paul di,2024.0718.155524,V20260126.2,CW_DTCL_DTCR_STC,T20260328161722,51.8630772,TRUE,TRUE,TRUE,TRUE,TRUE,TRUE,TRUE,4S2RND2HBL0DP6,v1.0.1,2025_12_22,315.2409,317.4015,475.5,298,295.7762,149.3147,149.5,337.5,335.9122,485.0473,-5.1141,-2.0473,-0.0001,0,-0.22,1.555,-0.2202,1.5476,0.6656,154.3037,149.6953,151.6182,154.501,152.5295,0.8661,0.793,0.8559,0.7473,0.7473,0.8253,0.7482,0.8037,0.7445,0.7445,0.7942,0.7994,0.8038,0.8233,0.7189,0.7379,0.7528,0.7428,0.7189,0.8356,0.7965,0.7987,0.8264,0.7965,0.8528,0.7474,0.7523,0.8205,0.774,0.7066,0.8067,0.8522,0.7066,0,0,0,0,0,v1.0.1,2025_12_22,315.2086,317.3669,476.6812,297.8986,295.5374,148.2041,148.3179,337.5629,336,486.0403,-5.151,-2.0855,-0.0001,0,-0.2195,1.5545,-0.2199,1.5476,0.6657,162.2617,155.3379,166.0273,165.3896,162.2542,0.7031,0.6628,0.7058,0.6524,0.6524,0.6838,0.6406,0.6706,0.6382,0.6382,0.6504,0.6408,0.6575,0.6692,0.6155,0.6396,0.6087,0.6215,0.6087,0.6697,0.6628,0.6655,0.0626,0.0626,0.6452,0.6484,0.6453,0.667,0.6457,0.5928,0.6268,0.6715,0.5928,0,0,0,0,0,v1.0.1,2025_12_22,317.5,328.6909,442.2364,313.8364,303.0333,197.0417,188.9024,342.8537,332.027,456.3694,-2.7602,8.2584,0,0.0001,-0.218,1.5608,-0.2092,1.557,0.6727,176.1357,173.3486,175.502,177.501,175.6218,0.7972,0.6408,0.7976,0.5974,0.5974,0.7688,0.6241,0.7654,0.6336,0.6241,0.7765,0.7802,0.7471,0.7544,0.7471,0.7285,0.6631,0.7176,0,0.6631,0,0,0,0,0,v1.0.1,2025_12_22,317.5,328.8868,442.9167,313.8704,302.76,196.28,187.9508,342.9836,332.1304,457.3304,-2.8484,8.3702,0,0.0001,-0.2186,1.5596,-0.2079,1.5569,0.6725,147.4648,140.6104,144.2295,145.1641,144.3672,0.6624,0.5612,0.6591,0.5388,0.5388,0.6397,0.5439,0.6438,0.5484,0.5439,0.6391,0.6532,0.6363,0.621,0.621,0.5754,0.5461,0.5786,0.3808,0.3808,0,0,0,0,0,-0.0034,-0.0941,-0.0273,-0.1296,-0.1222,-0.0004,-0.0538,-0.0038,-0.0971,-0.0575,-0.007,-0.0203,-0.0169,0.0066,-0.0873,-0.077,-0.0455,-0.09,-0.0157,-0.0079,-0.006,-0.0522,-0.0049,-0.0663,-0.0567,0.0008,-0.0114,-0.0005,-0.0428,-0.0138,0.0328,-0.0138,0.0002,-0.0054,-0.0237,-0.0381,-0.0263,-0.0171,-0.0183,0.0038,-0.0075,-0.1857,-0.0235,-0.2247,-0.2073,-0.0002,-0.1344,-0.0142,-0.156,-0.1344,0.0104,0.0186,-0.0128,0.0112,-0.0172,-0.0248,-0.0084,-0.1151,-0.0153,-0.1473,-0.132,-0.0088,-0.0994,-0.0037,-0.0983,-0.0994,0.0374,0.0098,0.0064,-0.0051,0.0193,-0.0285,-0.0158,TRUE,TRUE
DTC_R_115,LanSi,1,CW_01,A,2026-03-28 16:19:50+08:00,ONLINE,FALSE,,CW_1_01,FAIL,SFR_VIS_25cm_Ny4_03F_ROI8_Dev,Dev,51.6106171,_2026032816195004501,T20260328161950,DESKTOP-P2DUL42,Loma,1,CW_1_01,1,paul di,2024.0718.155524,V20260126.2,CW_DTCL_DTCR_STC,T20260328162041,51.6106171,TRUE,TRUE,TRUE,TRUE,TRUE,TRUE,TRUE,4S2RND2HBL0DP6,v1.0.1,2025_12_22,315.1029,317.0882,475.2044,297.5109,295.4257,148.3649,149.3467,337.2333,335.7862,484.0828,-5.3268,-2.644,-0.0001,0,-0.2212,1.5542,-0.2204,1.5471,0.6649,154.4316,151.3574,151.6289,154.5586,152.9941,0.8546,0.7973,0.8601,0.7783,0.7783,0.8136,0.7499,0.8033,0.7204,0.7204,0.8264,0.8159,0.8058,0.8077,0.74,0.7356,0.7322,0.7139,0.7139,0.8467,0.7884,0.8005,0.98,0.7884,0.8322,0.7873,0.7762,0.8233,0.8066,0.6853,0.8132,0.8503,0.6853,0,0,0,0,0,v1.0.1,2025_12_22,315.0647,317.0647,476.25,297.3429,295.2109,147.2381,148.1879,337.3423,335.9178,485.1438,-5.3737,-2.6736,-0.0001,0,-0.2212,1.5539,-0.2204,1.5468,0.6648,162.8818,156.1523,165.3936,166.3252,162.6882,0.7011,0.6825,0.7063,0.6769,0.6769,0.6869,0.6429,0.662,0.6267,0.6267,0.6559,0.6514,0.6482,0.657,0.6323,0.6493,0.6123,0.6065,0.6065,0.6739,0.6546,0.6722,0.22,0.22,0.6514,0.6585,0.6481,0.6672,0.6429,0.5787,0.6293,0.6673,0.5787,0,0,0,0,0,v1.0.1,2025_12_22,317.3148,328.5,442.045,313.4685,302.7302,196.2381,188.6033,342.6116,332.0175,455.8421,-2.9578,7.832,0,0.0001,-0.2194,1.5605,-0.2087,1.5553,0.6719,175.3496,174.5439,175.1709,176.6768,175.4353,0.8077,0.6626,0.7958,0.624,0.624,0.7738,0.6365,0.7667,0.5881,0.5881,0.7763,0.7625,0.752,0.7522,0.752,0.7654,0.6616,0.7296,0,0.6616,0,0,0,0,0,v1.0.1,2025_12_22,317.3578,328.5321,442.8649,313.5676,302.664,195.448,187.7623,342.7213,332.027,456.6306,-2.9648,7.8799,0,0.0001,-0.2182,1.5603,-0.2085,1.5563,0.6725,147.9229,141.7002,144.1299,146.3438,145.0242,0.6643,0.5706,0.6817,0.562,0.562,0.6474,0.5682,0.6434,0.5288,0.5288,0.6447,0.6336,0.6386,0.633,0.633,0.5957,0.5479,0.5802,0.4375,0.4375,0,0,0,0,0,-0.0149,-0.0898,-0.0231,-0.0986,-0.0912,-0.0121,-0.0521,-0.0042,-0.1212,-0.0816,0.0252,-0.0038,-0.0149,-0.009,-0.0662,-0.0793,-0.0661,-0.1189,-0.0046,-0.0061,-0.008,-0.0325,-0.0044,-0.0418,-0.0322,0.0039,-0.0091,-0.0091,-0.0543,-0.0253,0.0383,-0.0032,-0.0091,-0.0176,-0.0069,-0.0284,-0.0227,-0.0321,-0.0141,0.0105,0.003,-0.1639,-0.0253,-0.1981,-0.1807,0.0048,-0.122,-0.0129,-0.2015,-0.1704,0.0102,0.0009,-0.0079,0.009,0.0197,-0.0128,-0.0065,-0.1057,0.0073,-0.1241,-0.1088,-0.0011,-0.0751,-0.0041,-0.1179,-0.1145,0.043,-0.0098,0.0087,0.0069,0.0313,-0.0082,-0.0142,TRUE,TRUE
DTC_L_115,LanSi,1,CW_01,C,2026-03-28 16:19:50+08:00,ONLINE,FALSE,,CW_1_01,PASS,,,51.4839574,_2026032816195016602,T20260328161950,DESKTOP-P2DUL42,Loma,1,CW_1_01,2,paul di,2024.0718.155524,V20260126.2,CW_DTCL_DTCR_STC,T20260328162041,51.4839574,TRUE,TRUE,TRUE,TRUE,TRUE,TRUE,TRUE,4S2RND2HBL06DS,v1.0.1,2025_12_22,314.1533,323.1898,474.5344,302.8702,294.9189,152.6284,148.2973,343.0608,333.4058,489.6449,-6.4381,2.7788,-0.0001,0,-0.2255,1.558,-0.2187,1.5551,0.6672,154.5,150.1768,148.4346,154.0576,151.7922,0.8116,0.7995,0.8463,0.78,0.78,0.7934,0.7532,0.7984,0.7521,0.7521,0.814,0.8068,0.8092,0.7674,0.7518,0.7136,0.7623,0.7034,0.7034,0.8287,0.98,0.8222,0.8325,0.8222,0.8346,0.7379,0.7167,0.8338,0.8269,0.8128,0.7932,0.7637,0.7167,0,0,0,0,0,v1.0.1,2025_12_22,314.1533,323.1898,475.6642,302.708,294.8,151.6267,147.2027,343.277,333.7394,490.662,-6.3881,2.7927,-0.0001,0,-0.2256,1.5579,-0.2192,1.5539,0.6667,162.0889,157.7822,163.9053,163.1895,161.7415,0.6816,0.6731,0.6921,0.695,0.6731,0.647,0.6307,0.6488,0.6544,0.6307,0.6546,0.6605,0.6526,0.6433,0.6211,0.6296,0.632,0.6219,0.6211,0.6825,0.3885,0.6815,0.6926,0.3885,0.6522,0.6507,0.6127,0.679,0.6797,0.6873,0.6498,0.6338,0.6127,0,0,0,0,0,v1.0.1,2025_12_22,312.8835,315.4466,437.9541,301.2844,299,185,184.5,330.1452,327,445.8974,-7.2325,-3.9453,-0.0001,0,-0.2122,1.5642,-0.2135,1.5625,0.6753,175.5869,174.2461,172.4697,175.2861,174.3972,0.7973,0.6923,0.8035,0.6711,0.6711,0.7366,0.6461,0.7577,0.6772,0.6461,0.7878,0.7641,0.7716,0.6883,0.6883,0.7297,0,0.7375,0.7284,0.7284,0,0,0,0,0,v1.0.1,2025_12_22,312.9143,315.4762,438.7182,301.1,298.9831,184.0508,183.6303,330.3193,327.0513,446.735,-7.2406,-3.9637,-0.0001,0,-0.2133,1.5647,-0.2138,1.563,0.6752,148.4863,143.291,142.9375,145.9531,145.167,0.665,0.5805,0.6758,0.6065,0.5805,0.6271,0.5569,0.6332,0.5939,0.5569,0.6375,0.6329,0.644,0.6218,0.6218,0.5838,0.5003,0.58,0.5821,0.5003,0,0,0,0,0,-0.0151,-0.0588,0.0144,-0.0416,-0.0416,0.0025,-0.0805,-0.0034,-0.0316,-0.0316,0.0127,-0.0071,-0.0098,-0.0015,-0.0736,-0.1076,-0.0402,-0.051,0.0105,0.0055,0.0077,-0.035,-0.0051,-0.0116,-0.0008,-0.0178,-0.0415,-0.0158,-0.0165,-0.0339,0.0106,0.0056,-0.0106,0.0068,-0.0482,-0.0356,-0.0167,0.0048,-0.005,0.0086,0.0026,-0.1282,-0.002,-0.1268,-0.1236,-0.0129,-0.1464,-0.0036,-0.0749,-0.1034,-0.0002,0.0083,0.014,-0.0056,-0.0179,0.0037,0.0031,-0.0929,-0.0028,-0.0848,-0.0814,0.0037,-0.0956,0.0136,-0.0454,-0.0627,-0.0028,0.0038,0.002,0.0234,0.0234,-0.0212,-0.0118,TRUE,TRUE
DTC_L_116,LanSi,1,CW_01,A,2026-03-28 16:21:31+08:00,ONLINE,FALSE,,CW_1_01,PASS,,,51.5262449,_2026032816213167102,T20260328162131,DESKTOP-P2DUL42,Loma,1,CW_1_01,2,paul di,2024.0718.155524,V20260126.2,CW_DTCL_DTCR_STC,T20260328162223,51.5262449,TRUE,TRUE,TRUE,TRUE,TRUE,TRUE,TRUE,4S2RND2HBL06DS,v1.0.1,2025_12_22,314.2222,322.8667,474.4234,302.3869,294.8467,151.7867,148.4133,342.6133,333.5,489.0735,-6.4189,2.2454,-0.0001,0,-0.2266,1.5575,-0.218,1.5548,0.6669,154.1826,150.126,148.4316,153.3389,151.5198,0.8358,0.7932,0.8478,0.7841,0.7841,0.7649,0.743,0.8007,0.7479,0.743,0.8188,0.8074,0.8094,0.7626,0.7347,0.7218,0.7649,0.6879,0.6879,0.825,0.7917,0.8221,0.8294,0.7917,0.8226,0.7623,0.7466,0.8163,0.8179,0.7826,0.7854,0.7863,0.7466,0,0,0,0,0,v1.0.1,2025_12_22,314.219,322.8759,475.5401,302.2628,294.7226,150.8516,147.2416,342.8121,333.7554,490.1511,-6.4043,2.2907,-0.0001,0,-0.2266,1.5574,-0.2183,1.554,0.6666,161.7119,157.7559,163.5645,162.4443,161.3691,0.6812,0.6657,0.6915,0.6957,0.6657,0.6495,0.6374,0.657,0.6541,0.6374,0.6425,0.6647,0.6581,0.6289,0.6287,0.6298,0.6255,0.6018,0.6018,0.6699,0.6397,0.68,0.6945,0.6397,0.653,0.6343,0.6188,0.6697,0.6742,0.6455,0.6567,0.6344,0.6188,0,0,0,0,0,v1.0.1,2025_12_22,312.8077,315.0385,437.9196,300.7946,298.9576,184.2119,184.4628,329.5372,327,445.2906,-7.2704,-4.5254,-0.0001,0,-0.2128,1.5648,-0.212,1.5617,0.6754,175.6162,174.4229,172.6514,174.8262,174.3792,0.7996,0.671,0.8083,0.6939,0.671,0.7256,0.6419,0.7635,0.6577,0.6419,0.7847,0.7699,0.7687,0.712,0.712,0.7379,0,0.7392,0.7375,0.7375,0,0,0,0,0,v1.0.1,2025_12_22,312.8077,314.9615,438.7321,300.7321,298.7563,183.6387,183.5462,329.6891,327.0339,446.1441,-7.3247,-4.4669,-0.0001,0,-0.212,1.5637,-0.2129,1.5623,0.6753,148.3965,143.1064,142.6045,145.8164,144.981,0.6583,0.5788,0.6785,0.6014,0.5788,0.6248,0.5463,0.6201,0.5821,0.5463,0.6491,0.6379,0.6363,0.6123,0.6123,0.5855,0.5129,0.5988,0.5976,0.5129,0,0,0,0,0,0.0091,-0.0651,0.0159,-0.0375,-0.0375,-0.026,-0.0907,-0.0011,-0.0358,-0.0407,0.0175,-0.0065,-0.0096,-0.0063,-0.0907,-0.0994,-0.0376,-0.0665,0.0068,0.0054,0.0073,-0.0424,-0.0057,-0.0109,-0.0082,-0.0153,-0.0348,-0.0076,-0.0168,-0.0272,-0.0015,0.0098,-0.0051,-0.0076,-0.0406,-0.0354,-0.0232,-0.0153,-0.0176,0.0071,0.0049,-0.1495,0.0028,-0.104,-0.1237,-0.0239,-0.1506,0.0022,-0.0944,-0.1076,-0.0033,0.0141,0.0111,0.0181,-0.0097,0.0054,-0.0036,-0.0946,-0.0001,-0.0899,-0.0831,0.0014,-0.1062,0.0005,-0.0572,-0.0733,0.0088,0.0088,-0.0057,0.0139,0.0139,-0.0195,0.007,TRUE,TRUE
DTC_R_116,LanSi,1,CW_01,B,2026-03-28 16:21:31+08:00,ONLINE,FALSE,,CW_1_01,PASS,,,51.6399407,_2026032816213155201,T20260328162131,DESKTOP-P2DUL42,Loma,1,CW_1_01,1,paul di,2024.0718.155524,V20260126.2,CW_DTCL_DTCR_STC,T20260328162223,51.6399407,TRUE,TRUE,TRUE,TRUE,TRUE,TRUE,TRUE,4S2RND2HBL0DP6,v1.0.1,2025_12_22,315.0432,317,474.7914,296.9568,295.3904,147.3151,149.4276,337.3618,335.4545,486.4056,-5.4786,-2.4921,-0.0001,0,-0.2243,1.555,-0.2218,1.5504,0.6648,153.6572,150.7617,151.165,153.9209,152.3762,0.8563,0.8416,0.8628,0.8403,0.8403,0.8133,0.7535,0.7972,0.7899,0.7535,0.8203,0.818,0.805,0.7878,0.7728,0.7664,0.7389,0.7426,0.7389,0.8439,0.8093,0.8114,0.5737,0.5737,0.85,0.7961,0.7806,0.8209,0.8125,0.8094,0.7094,0.8604,0.7094,0,0,0,0,0,v1.0.1,2025_12_22,315,317,475.9362,296.9362,295.1497,146.1701,148.1961,337.5359,335.6736,487.375,-5.5089,-2.4966,-0.0001,0,-0.2235,1.5546,-0.222,1.5495,0.6647,162.6123,156.9902,166.3799,165.2402,162.8057,0.6942,0.6912,0.7069,0.7111,0.6912,0.6884,0.6576,0.6705,0.654,0.654,0.6584,0.6464,0.652,0.6247,0.6491,0.6335,0.6033,0.6256,0.6033,0.6847,0.6855,0.6559,0.3873,0.3873,0.6566,0.6529,0.661,0.6917,0.673,0.6104,0.6244,0.6944,0.6104,0,0,0,0,0,v1.0.1,2025_12_22,317.1509,328.5943,441.5478,313.3826,302.7165,195.3465,188.6,342.952,331.8947,458.0526,-3.118,8.1656,0,0.0001,-0.2212,1.5624,-0.2107,1.5569,0.6718,174.3154,173.1523,174.1777,175.6191,174.3162,0.8047,0.7339,0.8044,0.7309,0.7309,0.7642,0.6594,0.7715,0.6904,0.6594,0.7638,0.7687,0.7397,0.7213,0.7213,0.7336,0.665,0.7301,0,0.665,0,0,0,0,0,v1.0.1,2025_12_22,317.0849,328.6698,442.4138,313.3534,302.528,194.824,187.6179,343.1382,331.885,458.8938,-3.1941,8.2759,0,0.0001,-0.2211,1.5619,-0.2108,1.5571,0.6718,147.6836,142.335,144.7734,145.4912,145.0708,0.6694,0.6186,0.6789,0.6279,0.6186,0.6454,0.5759,0.6491,0.5905,0.5759,0.634,0.6376,0.626,0.5958,0.5958,0.5968,0.5589,0.5803,0.471,0.471,0,0,0,0,0,-0.0132,-0.0455,-0.0204,-0.0366,-0.0292,-0.0124,-0.0485,-0.0103,-0.0517,-0.0485,0.0191,-0.0017,-0.0157,-0.0289,-0.0334,-0.0485,-0.0594,-0.0902,-0.0074,0.0048,-0.0149,-0.0238,-0.0038,-0.0076,-0.0179,0.0054,0.0056,-0.0006,-0.027,0.002,0.0408,-0.0082,-0.0053,-0.0499,0.0099,-0.0442,-0.0317,-0.013,-0.0033,-0.0058,0,-0.0926,-0.0167,-0.0912,-0.0738,-0.0048,-0.0991,-0.0081,-0.0992,-0.0991,-0.0023,0.0071,-0.0202,-0.0219,-0.0121,-0.0123,-0.0014,-0.0577,0.0045,-0.0582,-0.0522,-0.0031,-0.0674,0.0016,-0.0562,-0.0674,0.0323,-0.0058,-0.0039,-0.0303,-0.0059,-0.0071,-0.0141,TRUE,TRUE
DTC_L_117,LanSi,1,CW_01,B,2026-03-28 16:23:08+08:00,ONLINE,FALSE,,CW_1_01,PASS,,,51.7018206,_2026032816230882002,T20260328162308,DESKTOP-P2DUL42,Loma,1,CW_1_01,2,paul di,2024.0718.155524,V20260126.2,CW_DTCL_DTCR_STC,T20260328162400,51.7018206,TRUE,TRUE,TRUE,TRUE,TRUE,TRUE,TRUE,4S2RND2HBL06DS,v1.0.1,2025_12_22,315.0963,322.4519,475.4361,301.7669,296.12,151.5,149.7867,342.4667,334.4662,488.0376,-5.319,1.7446,-0.0001,0,-0.2278,1.5597,-0.22,1.5538,0.6665,154.3604,150.083,148.6211,153.5283,151.6482,0.8241,0.8126,0.8429,0.7887,0.7887,0.7787,0.7604,0.7936,0.7433,0.7433,0.8219,0.8111,0.8025,0.7592,0.7408,0.7247,0.7323,0.6902,0.6902,0.8056,0.9985,0.8183,0.773,0.773,0.8388,0.7248,0.729,0.8413,0.8298,0.775,0.7715,0.7874,0.7248,0,0,0,0,0,v1.0.1,2025_12_22,315.1594,322.5,476.55,301.5786,296.0199,150.543,148.56,342.56,334.6963,489.0815,-5.3029,1.7526,-0.0001,0,-0.2284,1.5594,-0.2193,1.5535,0.6663,162.042,158.0439,163.9473,163.0244,161.7644,0.6855,0.6862,0.7018,0.684,0.684,0.6468,0.6402,0.6584,0.6483,0.6402,0.6621,0.6455,0.6592,0.6337,0.6163,0.6296,0.6318,0.6072,0.6072,0.6876,0.4587,0.6723,0.6501,0.4587,0.6555,0.6134,0.6109,0.6744,0.6737,0.6602,0.6628,0.6321,0.6109,0,0,0,0,0,v1.0.1,2025_12_22,313.9151,314.6698,438.8214,300.2411,300.3089,183.8943,185.9758,329.4435,328.0345,444.8017,-6.0888,-4.8899,-0.0001,0,-0.2145,1.5666,-0.2144,1.5622,0.675,175.5713,174.3525,172.4902,174.748,174.2905,0.7875,0.7065,0.7932,0.6923,0.6923,0.7254,0.6614,0.7702,0.651,0.651,0.7648,0.7703,0.756,0.7036,0.7036,0.7186,0,0.7196,0.647,0.647,0,0,0,0,0,v1.0.1,2025_12_22,313.9151,314.6698,439.5877,300.2456,300.084,183.1429,184.9274,329.5323,328,445.5965,-6.1971,-4.8626,-0.0001,0,-0.2138,1.5655,-0.2142,1.5631,0.6752,148.6777,143.9131,142.8701,145.918,145.3447,0.6514,0.598,0.6748,0.6051,0.598,0.6086,0.5623,0.6321,0.5757,0.5623,0.6221,0.6445,0.6404,0.6118,0.6118,0.5765,0.5171,0.5926,0.547,0.5171,0,0,0,0,0,-0.0026,-0.0457,0.011,-0.0329,-0.0329,-0.0122,-0.0733,-0.0082,-0.0404,-0.0404,0.0206,-0.0028,-0.0165,-0.0097,-0.0846,-0.0965,-0.0702,-0.0642,-0.0126,0.0016,0.0116,-0.0219,0.0046,-0.0226,0.0101,-0.018,-0.032,-0.0062,-0.0226,-0.0244,0.0181,-0.0094,-0.004,-0.0028,-0.053,-0.0356,-0.0169,-0.0099,0.0001,-0.0006,-0.0072,-0.114,-0.0123,-0.1056,-0.1024,-0.0241,-0.1311,0.0089,-0.1011,-0.0985,-0.0232,0.0145,-0.0016,0.0097,-0.029,-0.0142,-0.0105,-0.0754,-0.0038,-0.0862,-0.0639,-0.0148,-0.0902,0.0125,-0.0636,-0.0573,-0.0182,0.0154,-0.0016,0.0134,0.0134,-0.0285,0.0008,TRUE,TRUE
DTC_R_117,LanSi,1,CW_01,C,2026-03-28 16:23:08+08:00,ONLINE,FALSE,,CW_1_01,PASS,,,51.6020873,_2026032816230894301,T20260328162308,DESKTOP-P2DUL42,Loma,1,CW_1_01,1,paul di,2024.0718.155524,V20260126.2,CW_DTCL_DTCR_STC,T20260328162400,51.6020873,TRUE,TRUE,TRUE,TRUE,TRUE,TRUE,TRUE,4S2RND2HBL0DP6,v1.0.1,2025_12_22,315.0882,316.5,474.8897,296.4044,295.2153,146.7361,149.4118,336.5948,335.3706,484.3846,-5.5049,-3.376,-0.0001,0,-0.2246,1.5537,-0.2202,1.5501,0.6648,154.2793,150.0137,151.5205,154.6221,152.6089,0.8732,0.8362,0.8638,0.817,0.817,0.804,0.751,0.8003,0.7614,0.751,0.8227,0.8161,0.8071,0.8203,0.761,0.7563,0.7333,0.7005,0.7005,0.8409,0.8062,0.8087,0.4267,0.4267,0.8309,0.7727,0.7644,0.8276,0.7954,0.8151,0.7445,0.8567,0.7445,0,0,0,0,0,v1.0.1,2025_12_22,315.05,316.4214,475.9286,296.1929,295.0822,145.8562,148.18,336.68,335.5903,485.4097,-5.5338,-3.388,-0.0001,0,-0.2246,1.5537,-0.2203,1.5493,0.6646,163.2656,155.8594,166.8867,166.2949,163.0767,0.7091,0.6949,0.7164,0.6945,0.6945,0.6834,0.6407,0.663,0.6479,0.6407,0.6482,0.6642,0.6523,0.6662,0.6395,0.6425,0.6149,0.605,0.605,0.669,0.6679,0.6722,0.441,0.441,0.649,0.654,0.6624,0.6667,0.6608,0.666,0.6394,0.6953,0.6394,0,0,0,0,0,v1.0.1,2025_12_22,317.2075,328,441.7168,312.6814,302.5433,195.1181,188.5462,342.3109,331.8364,456.4455,-3.1299,7.4112,0,0.0001,-0.2219,1.5604,-0.2103,1.5569,0.6713,175.0498,172.543,174.5166,176.2549,174.5911,0.8098,0.6899,0.8235,0.7002,0.6899,0.7636,0.6565,0.7674,0.6378,0.6378,0.7691,0.7638,0.7352,0.737,0.7352,0.7358,0.6814,0.7265,0,0.6814,0,0,0,0,0,v1.0.1,2025_12_22,317.2476,328.0381,442.4522,312.6174,302.4677,194.2419,187.5583,342.4167,331.9099,457.2883,-3.1728,7.4205,0,0.0001,-0.222,1.5603,-0.2099,1.5573,0.6714,148.5049,141.6279,145.2715,146.5195,145.481,0.6701,0.5895,0.6822,0.6175,0.5895,0.6344,0.5853,0.641,0.5587,0.5587,0.6268,0.6364,0.6363,0.6297,0.6268,0.6061,0.5678,0.5887,0.5358,0.5358,0,0,0,0,0,0.0037,-0.0509,-0.0194,-0.0599,-0.0525,-0.0217,-0.051,-0.0072,-0.0802,-0.051,0.0215,-0.0036,-0.0136,0.0036,-0.0452,-0.0586,-0.065,-0.1323,-0.0104,0.0021,0,-0.0201,0.0057,-0.0242,-0.0146,0.0004,-0.0113,-0.0081,-0.0331,-0.0113,0.0306,0.0096,-0.005,-0.0084,0.0003,-0.0352,-0.0201,-0.0336,-0.019,0.0105,0.0051,-0.1366,0.0024,-0.1219,-0.1148,-0.0054,-0.102,-0.0122,-0.1518,-0.1207,0.003,0.0022,-0.0247,-0.0062,-0.0099,-0.0159,-0.0007,-0.0868,0.0078,-0.0686,-0.0813,-0.0141,-0.058,-0.0065,-0.088,-0.0846,0.0251,-0.007,0.0064,0.0036,0.0251,0.0022,-0.0057,TRUE,TRUE
DTC_R_118,LanSi,1,CW_01,A,2026-03-28 16:24:50+08:00,ONLINE,FALSE,,CW_1_01,PASS,,,51.7766099,_2026032816245090001,T20260328162450,DESKTOP-P2DUL42,Loma,1,CW_1_01,1,paul di,2024.0718.155524,V20260126.2,CW_DTCL_DTCR_STC,T20260328162542,51.7766099,TRUE,TRUE,TRUE,TRUE,TRUE,TRUE,TRUE,4S2RND2HBL0DP6,v1.0.1,2025_12_22,315,317.5,474.8897,297.8309,295.3669,147.9712,149.2905,338,335.2394,485.5,-5.5427,-2.1396,-0.0001,0,-0.2219,1.555,-0.2226,1.5504,0.6652,154.4785,151.8525,152.3467,154.5049,153.2957,0.8657,0.8222,0.8551,0.8131,0.8131,0.8169,0.7938,0.8083,0.7672,0.7672,0.818,0.8166,0.7975,0.8171,0.7634,0.8019,0.7247,0.7581,0.7247,0.8417,0.8055,0.786,0.1135,0.1135,0.8568,0.7864,0.7884,0.8175,0.8078,0.8106,0.7933,0.8424,0.7864,0,0,0,0,0,v1.0.1,2025_12_22,315,317.5,475.95,297.5786,295.1489,146.9433,148.1644,338.0822,335.4097,486.5069,-5.5654,-2.1778,-0.0001,0,-0.2226,1.5544,-0.2222,1.5501,0.6649,161.9717,154.1748,163.8789,165.2158,161.3103,0.6973,0.6923,0.7108,0.6954,0.6923,0.6851,0.6671,0.6664,0.6491,0.6491,0.6436,0.6504,0.6331,0.662,0.639,0.6598,0.5969,0.6289,0.5969,0.6883,0.6647,0.6725,0.2249,0.2249,0.6486,0.6565,0.6588,0.6758,0.6722,0.6706,0.646,0.6828,0.646,0,0,0,0,0,v1.0.1,2025_12_22,317.1143,328.8286,441.6339,313.7411,302.5625,195.9766,188.5583,343.4167,331.5,457.5,-3.2262,8.3926,0,0.0001,-0.2201,1.5612,-0.2125,1.5589,0.6719,176.5049,175.8389,176.958,177.4521,176.6885,0.7963,0.6976,0.802,0.699,0.6976,0.7752,0.6725,0.7566,0.6553,0.6553,0.7689,0.7618,0.7521,0.7462,0.7462,0.7502,0.6859,0.7271,0,0.6859,0,0,0,0,0,v1.0.1,2025_12_22,317.1524,329,442.4649,313.6667,302.5079,195.1508,187.5583,343.4917,331.5487,458.3894,-3.2536,8.4397,0,0.0001,-0.2212,1.5613,-0.2108,1.5595,0.6722,147.1514,139.9355,142.4023,145.3359,143.7063,0.671,0.5912,0.6789,0.6077,0.5912,0.6394,0.5841,0.6418,0.5635,0.5635,0.6462,0.6428,0.626,0.6182,0.6182,0.5866,0.5699,0.5728,0.4408,0.4408,0,0,0,0,0,-0.0038,-0.0649,-0.0281,-0.0638,-0.0564,-0.0088,-0.0082,0.0008,-0.0744,-0.0348,0.0168,-0.0031,-0.0232,0.0004,-0.0428,-0.013,-0.0736,-0.0747,-0.0096,-0.0206,-0.0118,-0.0227,0.0001,-0.0233,-0.0168,0.0021,0.0151,-0.0047,-0.0319,-0.0029,0.026,-0.0042,-0.0242,-0.0126,-0.0002,-0.0179,-0.0381,-0.0097,0.0003,0.0108,-0.0084,-0.1289,-0.0191,-0.1231,-0.1071,0.0062,-0.086,-0.023,-0.1343,-0.1032,0.0028,0.0002,-0.0078,0.003,0.0045,-0.0153,0.0002,-0.0851,0.0045,-0.0784,-0.0796,-0.0091,-0.0592,-0.0057,-0.0832,-0.0798,0.0445,-0.0006,-0.0039,-0.0079,0.0165,-0.0173,-0.0216,TRUE,TRUE
DTC_L_118,LanSi,1,CW_01,C,2026-03-28 16:24:50+08:00,ONLINE,FALSE,,CW_1_01,PASS,,,51.7776074,_2026032816245090002,T20260328162450,DESKTOP-P2DUL42,Loma,1,CW_1_01,2,paul di,2024.0718.155524,V20260126.2,CW_DTCL_DTCR_STC,T20260328162542,51.7776074,TRUE,TRUE,TRUE,TRUE,TRUE,TRUE,TRUE,4S2RND2HBL06DS,v1.0.1,2025_12_22,314.1397,323.6765,474.1985,303.1765,294.7815,152.5828,148.245,343.6093,333.3704,490.0444,-6.553,3.1179,-0.0001,0,-0.2269,1.5576,-0.2191,1.5552,0.6667,155.3896,151.1836,149.0889,154.6367,152.5747,0.8151,0.8005,0.8463,0.8017,0.8005,0.7768,0.7596,0.8036,0.7532,0.7532,0.8276,0.8005,0.811,0.7681,0.7544,0.7014,0.7308,0.7022,0.7014,0.8177,0.8278,0.8361,0.8322,0.8177,0.8401,0.7989,0.7782,0.8477,0.8346,0.8177,0.7803,0.7879,0.7782,0,0,0,0,0,v1.0.1,2025_12_22,314.1522,323.7609,475.3309,303.0735,294.6513,151.5658,147.0952,343.7619,333.6423,491.073,-6.5256,3.147,-0.0001,0,-0.2271,1.5575,-0.2186,1.5543,0.6665,161.0234,156.3984,162.7012,161.8975,160.5051,0.6804,0.6912,0.6933,0.6975,0.6804,0.6616,0.6278,0.6525,0.6494,0.6278,0.6538,0.6582,0.6408,0.6217,0.6365,0.6234,0.6126,0.6059,0.6059,0.681,0.6715,0.6599,0.6797,0.6599,0.6614,0.6555,0.6508,0.6802,0.6877,0.6826,0.6593,0.6288,0.6288,0,0,0,0,0,v1.0.1,2025_12_22,312.8396,315.8585,437.7168,301.6814,298.9328,185.0504,184.4628,330.5372,326.9558,446.469,-7.3184,-3.5807,-0.0001,0,-0.2125,1.5644,-0.2133,1.5626,0.6753,175.5869,174.5879,172.415,174.9668,174.3892,0.7789,0.6889,0.8155,0.6908,0.6889,0.7327,0.664,0.7489,0.6682,0.664,0.7786,0.7686,0.7561,0.6871,0.6871,0.7247,0,0.7423,0.7317,0.7247,0,0,0,0,0,v1.0.1,2025_12_22,312.8318,315.8037,438.5948,301.4052,298.7647,184.2185,183.5,330.5932,327,447.2241,-7.3617,-3.651,-0.0001,0,-0.2135,1.5638,-0.2133,1.5629,0.675,147.4434,142.1221,141.5088,145.084,144.0396,0.6492,0.5908,0.679,0.6062,0.5908,0.6208,0.5718,0.6416,0.5901,0.5718,0.6239,0.6222,0.6195,0.6152,0.6152,0.5726,0.5455,0.594,0.5567,0.5455,0,0,0,0,0,-0.0116,-0.0578,0.0144,-0.0199,-0.0211,-0.0141,-0.0741,0.0018,-0.0305,-0.0305,0.0263,-0.0134,-0.008,-0.0008,-0.071,-0.1198,-0.0717,-0.0522,-0.0005,0.0194,0.0065,-0.0169,-0.0039,-0.0091,0.0065,-0.0032,-0.0444,-0.0121,-0.0215,-0.0368,0.0098,0.0033,-0.0224,-0.0148,-0.0328,-0.0418,-0.0361,-0.0112,-0.0065,-0.013,-0.0158,-0.1316,0.01,-0.1071,-0.1058,-0.0168,-0.1285,-0.0124,-0.0839,-0.0855,-0.0094,0.0128,-0.0015,-0.0068,-0.0229,0.0085,-0.0127,-0.0826,0.0004,-0.0851,-0.0711,-0.0026,-0.0807,0.022,-0.0492,-0.0478,-0.0164,-0.0069,-0.0225,0.0168,0.0168,-0.0324,0.0022,TRUE,TRUE
DTC_L_119,LanSi,1,CW_01,A,2026-03-28 16:26:39+08:00,ONLINE,FALSE,,CW_1_01,PASS,,,51.4044892,_2026032816263969902,T20260328162639,DESKTOP-P2DUL42,Loma,1,CW_1_01,2,paul di,2024.0718.155524,V20260126.2,CW_DTCL_DTCR_STC,T20260328162731,51.4044892,TRUE,TRUE,TRUE,TRUE,TRUE,TRUE,TRUE,4S2RND2HBL06DS,v1.0.1,2025_12_22,314.1912,322.9044,474.4296,302.4519,294.8456,151.7383,148.5,342.5,333.5662,488.6618,-6.3935,2.1513,-0.0001,0,-0.2264,1.5577,-0.2172,1.5539,0.667,154.8975,150.8408,149.041,154.4834,152.3157,0.8202,0.7987,0.8372,0.7859,0.7859,0.7846,0.7674,0.7989,0.7472,0.7472,0.8104,0.8119,0.8157,0.7682,0.7425,0.7143,0.7542,0.6681,0.6681,0.8216,0.4643,0.8176,0.8396,0.4643,0.8375,0.7663,0.7466,0.8413,0.827,0.8137,0.7931,0.7689,0.7466,0,0,0,0,0,v1.0.1,2025_12_22,314.1071,322.9571,475.5468,302.4029,294.719,150.7582,147.4276,342.6382,333.7786,489.8286,-6.3842,2.217,-0.0001,0,-0.2261,1.5582,-0.217,1.5529,0.667,161.7607,157.3018,163.2246,162.9707,161.3145,0.6857,0.6859,0.6916,0.6895,0.6857,0.6555,0.6469,0.6451,0.6483,0.6451,0.6668,0.6443,0.6578,0.6259,0.6183,0.6191,0.6298,0.6002,0.6002,0.6656,0.5064,0.6671,0.6863,0.5064,0.6655,0.6587,0.6333,0.6807,0.6761,0.6848,0.6574,0.6318,0.6318,0,0,0,0,0,v1.0.1,2025_12_22,312.9135,315.2212,437.9174,300.9541,299.0339,184.1441,184.5583,329.5833,327,445.2655,-7.2154,-4.4664,-0.0001,0,-0.2131,1.5648,-0.2109,1.5624,0.6758,175.0723,174.3809,172.3936,174.5557,174.1006,0.7888,0.6921,0.8087,0.6825,0.6825,0.7568,0.6673,0.7546,0.6511,0.6511,0.7875,0.7698,0.7647,0.704,0.704,0.7283,0,0.7346,0.7227,0.7227,0,0,0,0,0,v1.0.1,2025_12_22,312.8667,315.1905,438.7589,300.8214,298.812,183.5043,183.6303,329.6807,327,446.1026,-7.2864,-4.4401,-0.0001,0,-0.2131,1.564,-0.2111,1.5627,0.6756,148.1709,143.1826,142.2754,146.0234,144.9131,0.654,0.5894,0.6779,0.6013,0.5894,0.6368,0.5677,0.6101,0.5793,0.5677,0.642,0.6364,0.6253,0.6091,0.6091,0.5775,0.5179,0.5823,0.5781,0.5179,0,0,0,0,0,-0.0065,-0.0596,0.0053,-0.0357,-0.0357,-0.0063,-0.0663,-0.0029,-0.0365,-0.0365,0.0091,-0.002,-0.0033,-0.0007,-0.0829,-0.1069,-0.0483,-0.0863,0.0034,0.0009,0.0118,-0.0222,-0.0056,-0.0171,0.0118,-0.0093,-0.0253,-0.0195,-0.0226,-0.0195,0.0228,-0.0106,-0.0054,-0.0106,-0.051,-0.0461,-0.0189,-0.0169,-0.0219,-0.0058,-0.0059,-0.1284,0.0032,-0.1154,-0.1122,0.0073,-0.1252,-0.0067,-0.101,-0.0984,-0.0005,0.014,0.0071,0.0101,-0.0193,0.0008,-0.0079,-0.084,-0.0007,-0.09,-0.0725,0.0134,-0.0848,-0.0095,-0.06,-0.0519,0.0017,0.0073,-0.0167,0.0107,0.0107,-0.0275,-0.0095,TRUE,TRUE
DTC_R_119,LanSi,1,CW_01,B,2026-03-28 16:26:39+08:00,ONLINE,FALSE,,CW_1_01,PASS,,,51.2937858,_2026032816263981601,T20260328162639,DESKTOP-P2DUL42,Loma,1,CW_1_01,1,paul di,2024.0718.155524,V20260126.2,CW_DTCL_DTCR_STC,T20260328162731,51.2937858,TRUE,TRUE,TRUE,TRUE,TRUE,TRUE,TRUE,4S2RND2HBL0DP6,v1.0.1,2025_12_22,315,317.2721,474.9118,297.5,295.3611,147.6736,149.3072,337.6601,335.2411,485.3901,-5.5358,-2.4008,-0.0001,0,-0.2225,1.555,-0.2219,1.5505,0.6653,153.9414,150.5625,151.0898,154.2578,152.4629,0.8521,0.8152,0.8656,0.8107,0.8107,0.8255,0.7734,0.7944,0.753,0.753,0.814,0.8237,0.8031,0.8122,0.7416,0.7597,0.7207,0.7438,0.7207,0.8351,0.8028,0.8113,0.98,0.8028,0.8511,0.7797,0.7729,0.8199,0.8014,0.8233,0.7982,0.846,0.7729,0,0,0,0,0,v1.0.1,2025_12_22,314.9203,317.2609,476.0143,297.2714,295.2534,146.6507,148.1027,337.8082,335.3147,486.3287,-5.5789,-2.436,-0.0001,0,-0.2229,1.5555,-0.222,1.5502,0.6652,163.835,157.5449,167.6992,166.9316,164.0027,0.694,0.7018,0.7066,0.6905,0.6905,0.6933,0.6576,0.665,0.6545,0.6545,0.6447,0.6512,0.6492,0.6639,0.6271,0.6507,0.5925,0.641,0.5925,0.6825,0.6849,0.6695,0.4095,0.4095,0.6462,0.6563,0.6546,0.6727,0.6563,0.6826,0.6471,0.689,0.6462,0,0,0,0,0,v1.0.1,2025_12_22,317.0952,328.7238,441.6638,313.5603,302.6063,195.9606,188.5738,343.1639,331.5478,457.487,-3.2026,8.2791,0,0.0001,-0.2206,1.5616,-0.2114,1.5585,0.672,175.9375,174.2773,175.3242,177.4297,175.7422,0.7958,0.6925,0.8055,0.6989,0.6925,0.775,0.6714,0.7457,0.645,0.645,0.7887,0.7614,0.7325,0.7496,0.7325,0.7571,0.6786,0.7501,0,0.6786,0,0,0,0,0,v1.0.1,2025_12_22,317.0952,328.7238,442.5478,313.4783,302.5433,195.1181,187.65,343.3667,331.7589,458.2679,-3.1809,8.2909,0,0.0001,-0.2204,1.5618,-0.2121,1.5576,0.6717,148.7529,143.0098,145.8213,146.8262,146.1025,0.6618,0.6019,0.679,0.6023,0.6019,0.6561,0.5818,0.6413,0.5554,0.5554,0.6339,0.6375,0.628,0.6357,0.628,0.5878,0.5567,0.5552,0.4695,0.4695,0,0,0,0,0,-0.0174,-0.0719,-0.0176,-0.0662,-0.0588,-0.0002,-0.0286,-0.0131,-0.0886,-0.049,0.0128,0.004,-0.0176,-0.0045,-0.0646,-0.0552,-0.0776,-0.089,-0.0162,0.0047,-0.0151,-0.0132,-0.0041,-0.0282,-0.0186,0.0103,0.0056,-0.0061,-0.0265,0.0025,0.0271,-0.0034,-0.0081,-0.0107,-0.0121,-0.027,-0.0425,0.0024,-0.0055,0.0078,-0.0089,-0.134,-0.0156,-0.1232,-0.1122,0.006,-0.0871,-0.0339,-0.1446,-0.1135,0.0226,-0.0002,-0.0274,0.0064,0.0114,0.0077,-0.009,-0.0744,0.0046,-0.0838,-0.0689,0.0076,-0.0615,-0.0062,-0.0913,-0.0879,0.0322,-0.0059,-0.0019,0.0096,0.0263,-0.0161,-0.0392,TRUE,TRUE
DTC_R_120,LanSi,1,CW_01,C,2026-03-28 16:28:43+08:00,ONLINE,FALSE,,CW_1_01,PASS,,,51.7056079,_2026032816284323901,T20260328162843,DESKTOP-P2DUL42,Loma,1,CW_1_01,1,paul di,2024.0718.155524,V20260126.2,CW_DTCL_DTCR_STC,T20260328162934,51.7056079,TRUE,TRUE,TRUE,TRUE,TRUE,TRUE,TRUE,4S2RND2HBL0DP6,v1.0.1,2025_12_22,315.2612,317.2313,475.6493,297.9104,295.7431,149.3472,149.44,337.44,336,486.4145,-5.0813,-1.8313,-0.0001,0,-0.2194,1.5545,-0.2208,1.5483,0.6657,155.1104,151.9668,152.5674,155.2158,153.7151,0.8547,0.7812,0.8455,0.7806,0.7806,0.8207,0.7384,0.8065,0.7787,0.7384,0.8249,0.8171,0.7766,0.8144,0.7341,0.7243,0.7869,0.7987,0.7243,0.8341,0.8162,0.8149,0.4077,0.4077,0.8369,0.7693,0.7581,0.8175,0.7912,0.6831,0.8326,0.8448,0.6831,0,0,0,0,0,v1.0.1,2025_12_22,315.2044,317.2701,476.8043,297.8333,295.5133,148.3667,148.28,337.42,336.0395,487.5,-5.1317,-1.822,-0.0001,0,-0.2192,1.5542,-0.2196,1.5485,0.666,163.5947,156.667,166.292,166.6768,163.3076,0.7064,0.6554,0.6968,0.6799,0.6554,0.684,0.6268,0.6662,0.661,0.6268,0.6393,0.6485,0.6444,0.6574,0.6327,0.6369,0.6222,0.6489,0.6222,0.6762,0.6602,0.6597,0.1734,0.1734,0.6435,0.6522,0.6646,0.6702,0.6445,0.3385,0.6521,0.6615,0.3385,0,0,0,0,0,v1.0.1,2025_12_22,317.7009,328.729,442.3826,313.8,303.065,197.1626,188.7787,342.7131,332.3333,457.4298,-2.6479,8.4669,0,0.0001,-0.2187,1.5595,-0.2075,1.5571,0.6726,175.8555,174.8359,175.8672,176.9141,175.8682,0.8085,0.6315,0.8045,0.6465,0.6315,0.7752,0.6,0.7678,0.6805,0.6,0.7795,0.7726,0.7285,0.7528,0.7285,0.7502,0.6679,0.7309,0,0.6679,0,0,0,0,0,v1.0.1,2025_12_22,317.5238,328.8381,443.211,313.789,302.9504,196.4215,187.843,342.9174,332.3193,458.2269,-2.7305,8.5386,0,0.0001,-0.2187,1.5607,-0.2076,1.5564,0.6727,148.5947,141.8623,144.6641,146.6318,145.4382,0.6624,0.549,0.6632,0.5814,0.549,0.6452,0.5396,0.6416,0.5818,0.5396,0.6351,0.6318,0.6144,0.6177,0.6144,0.6025,0.5604,0.5928,0.1136,0.1136,0,0,0,0,0,-0.0148,-0.1059,-0.0377,-0.0963,-0.0889,-0.005,-0.0636,-0.001,-0.0629,-0.0636,0.0237,-0.0026,-0.0441,-0.0023,-0.0721,-0.0906,-0.0114,-0.0341,-0.0172,0.0083,-0.0027,-0.0596,-0.0139,-0.0388,-0.0537,0.001,-0.0252,-0.0049,-0.02,-0.0252,0.0217,-0.0061,-0.0129,-0.0172,-0.0065,-0.0408,-0.0128,0.0103,-0.0118,-0.002,0.0038,-0.195,-0.0166,-0.1756,-0.1732,0.0062,-0.1585,-0.0118,-0.1091,-0.1585,0.0134,0.011,-0.0314,0.0096,0.0045,-0.0115,-0.0084,-0.1273,-0.0112,-0.1047,-0.1218,-0.0033,-0.1037,-0.0059,-0.0649,-0.1037,0.0334,-0.0116,-0.0155,-0.0084,0.0127,-0.0014,-0.0016,TRUE,TRUE
DTC_L_120,LanSi,1,CW_01,B,2026-03-28 16:28:43+08:00,ONLINE,FALSE,,CW_1_01,PASS,,,51.7674428,_2026032816284318602,T20260328162843,DESKTOP-P2DUL42,Loma,1,CW_1_01,2,paul di,2024.0718.155524,V20260126.2,CW_DTCL_DTCR_STC,T20260328162934,51.7674428,TRUE,TRUE,TRUE,TRUE,TRUE,TRUE,TRUE,4S2RND2HBL06DS,v1.0.1,2025_12_22,314.4511,323,474.3209,302.3806,294.8467,151.7867,148.4211,342.7895,333.5338,489.0376,-6.3853,2.2989,-0.0001,0,-0.2278,1.5563,-0.2181,1.5559,0.6666,153.8945,150.4102,148.8711,153.5479,151.6809,0.8255,0.7915,0.8244,0.7757,0.7757,0.767,0.7543,0.8005,0.7338,0.7338,0.8183,0.8159,0.7953,0.7677,0.7417,0.7253,0.7658,0.6985,0.6985,0.822,0.7737,0.8264,0.8347,0.7737,0.8399,0.7631,0.7478,0.846,0.8358,0.8364,0.7954,0.7789,0.7478,0,0,0,0,0,v1.0.1,2025_12_22,314.3235,323.0368,475.5072,302.3768,294.8067,150.7133,147.302,343.1074,333.7842,490,-6.3553,2.3469,-0.0001,0,-0.227,1.5575,-0.2191,1.5542,0.6664,162.3945,157.9482,164.6074,163.498,162.1121,0.674,0.6648,0.6892,0.6844,0.6648,0.6574,0.645,0.6568,0.6293,0.6293,0.6428,0.6537,0.6412,0.6286,0.6248,0.6284,0.6408,0.6242,0.6242,0.6611,0.612,0.679,0.6917,0.612,0.6585,0.6145,0.6248,0.6737,0.6666,0.6977,0.679,0.6298,0.6145,0,0,0,0,0,v1.0.1,2025_12_22,313.0849,315.3302,438,300.9455,299.2333,184.3083,184.6612,329.9504,327.0789,445.3333,-7.0883,-4.3265,-0.0001,0,-0.2141,1.565,-0.2128,1.563,0.6753,175.2705,174.4707,172.9355,174.9385,174.4038,0.7765,0.6744,0.7949,0.6669,0.6669,0.7451,0.6564,0.7615,0.6326,0.6326,0.7721,0.7654,0.7681,0.6976,0.6976,0.7343,0,0.7335,0.7353,0.7335,0,0,0,0,0,v1.0.1,2025_12_22,313.0952,315.2762,438.7321,300.7321,299.0435,183.5304,183.8934,329.9508,327.1271,446.1695,-7.1217,-4.3682,-0.0001,0,-0.2147,1.564,-0.2126,1.5635,0.675,148.7764,143.5977,143.3828,146.3057,145.5156,0.6554,0.583,0.6693,0.6046,0.583,0.6362,0.5645,0.6364,0.5529,0.5529,0.6226,0.6432,0.6449,0.6008,0.6008,0.5793,0.5106,0.5869,0.5805,0.5106,0,0,0,0,0,-0.0012,-0.0668,-0.0075,-0.0459,-0.0459,-0.0239,-0.0794,-0.0013,-0.0499,-0.0499,0.017,0.002,-0.0237,-0.0012,-0.0837,-0.0959,-0.0367,-0.0559,0.0038,0.0097,0.0001,-0.0433,-0.008,-0.0222,-0.0091,-0.0074,-0.0272,-0.0078,-0.0416,-0.0353,-0.0012,-0.0012,-0.022,-0.0079,-0.0445,-0.0368,-0.0079,0.0071,-0.0264,0.0061,-0.0182,-0.1461,-0.0106,-0.131,-0.1278,-0.0044,-0.1361,0.0002,-0.1195,-0.1169,-0.0159,0.0096,0.0105,0.0037,-0.0133,-0.0003,-0.0065,-0.0904,-0.0093,-0.0867,-0.0789,0.0128,-0.088,0.0168,-0.0864,-0.0667,-0.0177,0.0141,0.0029,0.0024,0.0024,-0.0257,-0.0049,TRUE,TRUE
