SerialNumber,CM,Line_ID,TesterName,Appraiser,Time,Test_Mode,Audit_Mode,CONFIG_VER,TestStation,TestResult,TestFailItem,ErrorCode,TestTotalTime,TSRID,Test_StartTime,PCName,Product_Name,LineID,Tester_Name,SlotID,Author,Version,Version_SW,Version_Api,Test_EndTime,TestTotalSeconds,CheckMES,CloseDoor,OpenDTC,Move_SFR,Captrue_SFR,Move_SubSFR,Captrue_SubSFR,CameraSN,sfr_25sfr_version,sfr_25modify_date,SFR_VIS_25cm_P0x,SFR_VIS_25cm_P0y,SFR_VIS_25cm_P1x,SFR_VIS_25cm_P1y,SFR_VIS_25cm_P2x,SFR_VIS_25cm_P2y,SFR_VIS_25cm_P3x,SFR_VIS_25cm_P3y,SFR_VIS_25cm_P4x,SFR_VIS_25cm_P4y,SFR_VIS_25cm_Pointing_OC_X,SFR_VIS_25cm_Pointing_OC_Y,SFR_VIS_25cm_Pan,SFR_VIS_25cm_Tilt,SFR_VIS_25cm_Rotation_P1,SFR_VIS_25cm_Rotation_P2,SFR_VIS_25cm_Rotation_P3,SFR_VIS_25cm_Rotation_P4,SFR_VIS_25cm_Rotation_Mean,SFR_VIS_25cm_Brightness_A,SFR_VIS_25cm_Brightness_B,SFR_VIS_25cm_Brightness_C,SFR_VIS_25cm_Brightness_D,SFR_VIS_25cm_Brightness_Mean,SFR_VIS_25cm_Ny4_01F_ROI1,SFR_VIS_25cm_Ny4_01F_ROI2,SFR_VIS_25cm_Ny4_01F_ROI3,SFR_VIS_25cm_Ny4_01F_ROI4,SFR_VIS_25cm_Ny4_01F_Min,SFR_VIS_25cm_Ny4_03F_ROI5,SFR_VIS_25cm_Ny4_03F_ROI6,SFR_VIS_25cm_Ny4_03F_ROI7,SFR_VIS_25cm_Ny4_03F_ROI8,SFR_VIS_25cm_Ny4_03F_Min,SFR_VIS_25cm_Ny4_06F_ROI9,SFR_VIS_25cm_Ny4_06F_ROI10,SFR_VIS_25cm_Ny4_06F_ROI11,SFR_VIS_25cm_Ny4_06F_ROI12,SFR_VIS_25cm_Ny4_06F_ROI13,SFR_VIS_25cm_Ny4_06F_ROI14,SFR_VIS_25cm_Ny4_06F_ROI15,SFR_VIS_25cm_Ny4_06F_ROI16,SFR_VIS_25cm_Ny4_06F_Min,SFR_VIS_25cm_Ny4_08F_ROI17,SFR_VIS_25cm_Ny4_08F_ROI18,SFR_VIS_25cm_Ny4_08F_ROI19,SFR_VIS_25cm_Ny4_08F_ROI20,SFR_VIS_25cm_Ny4_08FTANF_Min,SFR_VIS_25cm_Ny4_08F_ROI21,SFR_VIS_25cm_Ny4_08F_ROI22,SFR_VIS_25cm_Ny4_08F_ROI23,SFR_VIS_25cm_Ny4_08F_ROI24,SFR_VIS_25cm_Ny4_08F_ROI25,SFR_VIS_25cm_Ny4_08F_ROI26,SFR_VIS_25cm_Ny4_08F_ROI27,SFR_VIS_25cm_Ny4_08F_ROI28,SFR_VIS_25cm_Ny4_08F_Min,SFR_VIS_25cm_Ny4_010F_ROI29,SFR_VIS_25cm_Ny4_010F_ROI30,SFR_VIS_25cm_Ny4_010F_ROI31,SFR_VIS_25cm_Ny4_010F_ROI32,SFR_VIS_25cm_Ny4_010F_Min,IR_sfr_25sfr_version,IR_sfr_25modify_date,IR_SFR_VIS_25cm_P0x,IR_SFR_VIS_25cm_P0y,IR_SFR_VIS_25cm_P1x,IR_SFR_VIS_25cm_P1y,IR_SFR_VIS_25cm_P2x,IR_SFR_VIS_25cm_P2y,IR_SFR_VIS_25cm_P3x,IR_SFR_VIS_25cm_P3y,IR_SFR_VIS_25cm_P4x,IR_SFR_VIS_25cm_P4y,IR_SFR_VIS_25cm_Pointing_OC_X,IR_SFR_VIS_25cm_Pointing_OC_Y,IR_SFR_VIS_25cm_Pan,IR_SFR_VIS_25cm_Tilt,IR_SFR_VIS_25cm_Rotation_P1,IR_SFR_VIS_25cm_Rotation_P2,IR_SFR_VIS_25cm_Rotation_P3,IR_SFR_VIS_25cm_Rotation_P4,IR_SFR_VIS_25cm_Rotation_Mean,IR_SFR_VIS_25cm_Brightness_A,IR_SFR_VIS_25cm_Brightness_B,IR_SFR_VIS_25cm_Brightness_C,IR_SFR_VIS_25cm_Brightness_D,IR_SFR_VIS_25cm_Brightness_Mean,IR_SFR_VIS_25cm_Ny4_01F_ROI1,IR_SFR_VIS_25cm_Ny4_01F_ROI2,IR_SFR_VIS_25cm_Ny4_01F_ROI3,IR_SFR_VIS_25cm_Ny4_01F_ROI4,IR_SFR_VIS_25cm_Ny4_01F_Min,IR_SFR_VIS_25cm_Ny4_03F_ROI5,IR_SFR_VIS_25cm_Ny4_03F_ROI6,IR_SFR_VIS_25cm_Ny4_03F_ROI7,IR_SFR_VIS_25cm_Ny4_03F_ROI8,IR_SFR_VIS_25cm_Ny4_03F_Min,IR_SFR_VIS_25cm_Ny4_06F_ROI9,IR_SFR_VIS_25cm_Ny4_06F_ROI10,IR_SFR_VIS_25cm_Ny4_06F_ROI11,IR_SFR_VIS_25cm_Ny4_06F_ROI12,IR_SFR_VIS_25cm_Ny4_06F_ROI13,IR_SFR_VIS_25cm_Ny4_06F_ROI14,IR_SFR_VIS_25cm_Ny4_06F_ROI15,IR_SFR_VIS_25cm_Ny4_06F_ROI16,IR_SFR_VIS_25cm_Ny4_06F_Min,IR_SFR_VIS_25cm_Ny4_08F_ROI17,IR_SFR_VIS_25cm_Ny4_08F_ROI18,IR_SFR_VIS_25cm_Ny4_08F_ROI19,IR_SFR_VIS_25cm_Ny4_08F_ROI20,IR_SFR_VIS_25cm_Ny4_08FTANF_Min,IR_SFR_VIS_25cm_Ny4_08F_ROI21,IR_SFR_VIS_25cm_Ny4_08F_ROI22,IR_SFR_VIS_25cm_Ny4_08F_ROI23,IR_SFR_VIS_25cm_Ny4_08F_ROI24,IR_SFR_VIS_25cm_Ny4_08F_ROI25,IR_SFR_VIS_25cm_Ny4_08F_ROI26,IR_SFR_VIS_25cm_Ny4_08F_ROI27,IR_SFR_VIS_25cm_Ny4_08F_ROI28,IR_SFR_VIS_25cm_Ny4_08F_Min,IR_SFR_VIS_25cm_Ny4_010F_ROI29,IR_SFR_VIS_25cm_Ny4_010F_ROI30,IR_SFR_VIS_25cm_Ny4_010F_ROI31,IR_SFR_VIS_25cm_Ny4_010F_ROI32,IR_SFR_VIS_25cm_Ny4_010F_Min,sfr_4sfr_version,sfr_4modify_date,SFR_VIS_4cm_P0x,SFR_VIS_4cm_P0y,SFR_VIS_4cm_P1x,SFR_VIS_4cm_P1y,SFR_VIS_4cm_P2x,SFR_VIS_4cm_P2y,SFR_VIS_4cm_P3x,SFR_VIS_4cm_P3y,SFR_VIS_4cm_P4x,SFR_VIS_4cm_P4y,SFR_VIS_4cm_Pointing_OC_X,SFR_VIS_4cm_Pointing_OC_Y,SFR_VIS_4cm_Pan,SFR_VIS_4cm_Tilt,SFR_VIS_4cm_Rotation_P1,SFR_VIS_4cm_Rotation_P2,SFR_VIS_4cm_Rotation_P3,SFR_VIS_4cm_Rotation_P4,SFR_VIS_4cm_Rotation_Mean,SFR_VIS_4cm_Brightness_A,SFR_VIS_4cm_Brightness_B,SFR_VIS_4cm_Brightness_C,SFR_VIS_4cm_Brightness_D,SFR_VIS_4cm_Brightness_Mean,SFR_VIS_4cm_Ny4_01F_ROI1,SFR_VIS_4cm_Ny4_01F_ROI2,SFR_VIS_4cm_Ny4_01F_ROI3,SFR_VIS_4cm_Ny4_01F_ROI4,SFR_VIS_4cm_Ny4_01F_Min,SFR_VIS_4cm_Ny4_03F_ROI5,SFR_VIS_4cm_Ny4_03F_ROI6,SFR_VIS_4cm_Ny4_03F_ROI7,SFR_VIS_4cm_Ny4_03F_ROI8,SFR_VIS_4cm_Ny4_03F_Min,SFR_VIS_4cm_Ny4_06F_ROI9,SFR_VIS_4cm_Ny4_06F_ROI10,SFR_VIS_4cm_Ny4_06F_ROI11,SFR_VIS_4cm_Ny4_06F_ROI12,SFR_VIS_4cm_Ny4_06F_Min,SFR_VIS_4cm_Ny4_08F_ROI13,SFR_VIS_4cm_Ny4_08F_ROI14,SFR_VIS_4cm_Ny4_08F_ROI15,SFR_VIS_4cm_Ny4_08F_ROI16,SFR_VIS_4cm_Ny4_08F_Min,SFR_VIS_4cm_Ny4_010F_ROI17,SFR_VIS_4cm_Ny4_010F_ROI18,SFR_VIS_4cm_Ny4_010F_ROI19,SFR_VIS_4cm_Ny4_010F_ROI20,SFR_VIS_4cm_Ny4_010F_Min,IR_sfr_4sfr_version,IR_sfr_4modify_date,IR_SFR_VIS_4cm_P0x,IR_SFR_VIS_4cm_P0y,IR_SFR_VIS_4cm_P1x,IR_SFR_VIS_4cm_P1y,IR_SFR_VIS_4cm_P2x,IR_SFR_VIS_4cm_P2y,IR_SFR_VIS_4cm_P3x,IR_SFR_VIS_4cm_P3y,IR_SFR_VIS_4cm_P4x,IR_SFR_VIS_4cm_P4y,IR_SFR_VIS_4cm_Pointing_OC_X,IR_SFR_VIS_4cm_Pointing_OC_Y,IR_SFR_VIS_4cm_Pan,IR_SFR_VIS_4cm_Tilt,IR_SFR_VIS_4cm_Rotation_P1,IR_SFR_VIS_4cm_Rotation_P2,IR_SFR_VIS_4cm_Rotation_P3,IR_SFR_VIS_4cm_Rotation_P4,IR_SFR_VIS_4cm_Rotation_Mean,IR_SFR_VIS_4cm_Brightness_A,IR_SFR_VIS_4cm_Brightness_B,IR_SFR_VIS_4cm_Brightness_C,IR_SFR_VIS_4cm_Brightness_D,IR_SFR_VIS_4cm_Brightness_Mean,IR_SFR_VIS_4cm_Ny4_01F_ROI1,IR_SFR_VIS_4cm_Ny4_01F_ROI2,IR_SFR_VIS_4cm_Ny4_01F_ROI3,IR_SFR_VIS_4cm_Ny4_01F_ROI4,IR_SFR_VIS_4cm_Ny4_01F_Min,IR_SFR_VIS_4cm_Ny4_03F_ROI5,IR_SFR_VIS_4cm_Ny4_03F_ROI6,IR_SFR_VIS_4cm_Ny4_03F_ROI7,IR_SFR_VIS_4cm_Ny4_03F_ROI8,IR_SFR_VIS_4cm_Ny4_03F_Min,IR_SFR_VIS_4cm_Ny4_06F_ROI9,IR_SFR_VIS_4cm_Ny4_06F_ROI10,IR_SFR_VIS_4cm_Ny4_06F_ROI11,IR_SFR_VIS_4cm_Ny4_06F_ROI12,IR_SFR_VIS_4cm_Ny4_06F_Min,IR_SFR_VIS_4cm_Ny4_08F_ROI13,IR_SFR_VIS_4cm_Ny4_08F_ROI14,IR_SFR_VIS_4cm_Ny4_08F_ROI15,IR_SFR_VIS_4cm_Ny4_08F_ROI16,IR_SFR_VIS_4cm_Ny4_08F_Min,IR_SFR_VIS_4cm_Ny4_010F_ROI17,IR_SFR_VIS_4cm_Ny4_010F_ROI18,IR_SFR_VIS_4cm_Ny4_010F_ROI19,IR_SFR_VIS_4cm_Ny4_010F_ROI20,IR_SFR_VIS_4cm_Ny4_010F_Min,SFR_VIS_25cm_Ny4_01F_ROI1_Dev,SFR_VIS_25cm_Ny4_01F_ROI2_Dev,SFR_VIS_25cm_Ny4_01F_ROI3_Dev,SFR_VIS_25cm_Ny4_01F_ROI4_Dev,SFR_VIS_25cm_Ny4_01F_Min_Dev,SFR_VIS_25cm_Ny4_03F_ROI5_Dev,SFR_VIS_25cm_Ny4_03F_ROI6_Dev,SFR_VIS_25cm_Ny4_03F_ROI7_Dev,SFR_VIS_25cm_Ny4_03F_ROI8_Dev,SFR_VIS_25cm_Ny4_03F_Min_Dev,SFR_VIS_25cm_Ny4_06F_ROI9_Dev,SFR_VIS_25cm_Ny4_06F_ROI10_Dev,SFR_VIS_25cm_Ny4_06F_ROI11_Dev,SFR_VIS_25cm_Ny4_06F_ROI12_Dev,SFR_VIS_25cm_Ny4_06F_ROI13_Dev,SFR_VIS_25cm_Ny4_06F_ROI14_Dev,SFR_VIS_25cm_Ny4_06F_ROI15_Dev,SFR_VIS_25cm_Ny4_06F_ROI16_Dev,SFR_VIS_25cm_Ny4_08F_ROI17_Dev,SFR_VIS_25cm_Ny4_08F_ROI19_Dev,IR_SFR_VIS_25cm_Ny4_01F_ROI1_Dev,IR_SFR_VIS_25cm_Ny4_01F_ROI2_Dev,IR_SFR_VIS_25cm_Ny4_01F_ROI3_Dev,IR_SFR_VIS_25cm_Ny4_01F_ROI4_Dev,IR_SFR_VIS_25cm_Ny4_01F_Min_Dev,IR_SFR_VIS_25cm_Ny4_03F_ROI5_Dev,IR_SFR_VIS_25cm_Ny4_03F_ROI6_Dev,IR_SFR_VIS_25cm_Ny4_03F_ROI7_Dev,IR_SFR_VIS_25cm_Ny4_03F_ROI8_Dev,IR_SFR_VIS_25cm_Ny4_03F_Min_Dev,IR_SFR_VIS_25cm_Ny4_06F_ROI9_Dev,IR_SFR_VIS_25cm_Ny4_06F_ROI10_Dev,IR_SFR_VIS_25cm_Ny4_06F_ROI11_Dev,IR_SFR_VIS_25cm_Ny4_06F_ROI12_Dev,IR_SFR_VIS_25cm_Ny4_06F_ROI13_Dev,IR_SFR_VIS_25cm_Ny4_06F_ROI14_Dev,IR_SFR_VIS_25cm_Ny4_06F_ROI15_Dev,IR_SFR_VIS_25cm_Ny4_06F_ROI16_Dev,IR_SFR_VIS_25cm_Ny4_08F_ROI17_Dev,IR_SFR_VIS_25cm_Ny4_08F_ROI19_Dev,SFR_VIS_4cm_Ny4_01F_ROI1_Dev,SFR_VIS_4cm_Ny4_01F_ROI2_Dev,SFR_VIS_4cm_Ny4_01F_ROI3_Dev,SFR_VIS_4cm_Ny4_01F_ROI4_Dev,SFR_VIS_4cm_Ny4_01F_Min_Dev,SFR_VIS_4cm_Ny4_03F_ROI5_Dev,SFR_VIS_4cm_Ny4_03F_ROI6_Dev,SFR_VIS_4cm_Ny4_03F_ROI7_Dev,SFR_VIS_4cm_Ny4_03F_ROI8_Dev,SFR_VIS_4cm_Ny4_03F_Min_Dev,SFR_VIS_4cm_Ny4_06F_ROI9_Dev,SFR_VIS_4cm_Ny4_06F_ROI10_Dev,SFR_VIS_4cm_Ny4_06F_ROI11_Dev,SFR_VIS_4cm_Ny4_06F_ROI12_Dev,SFR_VIS_4cm_Ny4_08F_ROI13_Dev,SFR_VIS_4cm_Ny4_08F_ROI15_Dev,IR_SFR_VIS_4cm_Ny4_01F_ROI1_Dev,IR_SFR_VIS_4cm_Ny4_01F_ROI2_Dev,IR_SFR_VIS_4cm_Ny4_01F_ROI3_Dev,IR_SFR_VIS_4cm_Ny4_01F_ROI4_Dev,IR_SFR_VIS_4cm_Ny4_01F_Min_Dev,IR_SFR_VIS_4cm_Ny4_03F_ROI5_Dev,IR_SFR_VIS_4cm_Ny4_03F_ROI6_Dev,IR_SFR_VIS_4cm_Ny4_03F_ROI7_Dev,IR_SFR_VIS_4cm_Ny4_03F_ROI8_Dev,IR_SFR_VIS_4cm_Ny4_03F_Min_Dev,IR_SFR_VIS_4cm_Ny4_06F_ROI9_Dev,IR_SFR_VIS_4cm_Ny4_06F_ROI10_Dev,IR_SFR_VIS_4cm_Ny4_06F_ROI11_Dev,IR_SFR_VIS_4cm_Ny4_06F_ROI12_Dev,IR_SFR_VIS_4cm_Ny4_06F_Min_Dev,IR_SFR_VIS_4cm_Ny4_08F_ROI13_Dev,IR_SFR_VIS_4cm_Ny4_08F_ROI15_Dev,FixtureHome,OpenDoor
Lower Limit ----->,,,,,,,,,,,,,,,,,,,,,,,,,,,TRUE,TRUE,TRUE,TRUE,TRUE,TRUE,TRUE,,,,,,,,,,,,,,,,,,,,,,,,,,,,0.68,0.68,0.68,0.68,0.68,0.67,0.67,0.67,0.67,0.67,0.66,0.66,0.66,0.66,0.66,0.66,0.66,0.66,0.66,0.66,,0.66,,,,,,,,,,,,,,,,,,,,,,,,,,,,,,,,,,,,,,,,,,,0.59,0.59,0.59,0.59,0.59,0.57,0.57,0.57,0.57,0.57,0.56,0.56,0.56,0.56,0.56,0.56,0.56,0.56,0.56,0.55,,0.55,,,,,,,,,,,,,,,,,,,,,,,,,,,,,,,,,,,,,,,,,,,,,,,,,,,,,,,,,,,,,,,,,,,,,,,,,,,,,,,,,,,,,,,,,,,,,,,,,,,,,,,,,,,,,,,,,,,,,,,-0.12,-0.12,-0.12,-0.12,-0.12,-0.12,-0.12,-0.12,-0.12,-0.12,-0.12,-0.12,-0.12,-0.12,-0.18,-0.18,-0.18,-0.18,-0.18,-0.18,-0.12,-0.12,-0.12,-0.12,-0.12,-0.12,-0.12,-0.12,-0.12,-0.12,-0.12,-0.12,-0.12,-0.12,-0.18,-0.18,-0.18,-0.18,-0.18,-0.18,,,,,,,,,,,,,,,,,,,,,,,,,,,,,,,,,,TRUE,TRUE
Upper Limit ----->,,,,,,,,,,,,,,,,,,,,,,,,,,,,,,,,,,,,,,,,,,,,,,,,,,,,,,,,,,,,,0.9,0.9,0.9,0.9,0.9,0.9,0.9,0.9,0.9,0.9,0.9,0.9,0.9,0.9,0.9,0.9,0.9,0.9,0.9,0.9,,0.9,,,,,,,,,,,,,,,,,,,,,,,,,,,,,,,,,,,,,,,,,,,0.9,0.9,0.9,0.9,0.9,0.9,0.9,0.9,0.9,0.9,0.9,0.9,0.9,0.9,0.9,0.9,0.9,0.9,0.9,0.9,,0.9,,,,,,,,,,,,,,,,,,,,,,,,,,,,,,,,,,,,,,,,,,,,,,,,,,,,,,,,,,,,,,,,,,,,,,,,,,,,,,,,,,,,,,,,,,,,,,,,,,,,,,,,,,,,,,,,,,,,,,,0.1,0.1,0.1,0.1,0.1,0.1,0.1,0.1,0.1,0.1,0.1,0.1,0.1,0.1,0.1,0.1,0.1,0.1,0.1,0.1,0.1,0.1,0.1,0.1,0.1,0.1,0.1,0.1,0.1,0.1,0.1,0.1,0.1,0.1,0.1,0.1,0.1,0.1,0.1,0.1,,,,,,,,,,,,,,,,,,,,,,,,,,,,,,,,,,,
Unit,,,,,,,,,,,,,,,,,,,,,,,,,,,,,,,,,,,,,,,,,,,,,,,,,,,,,,,,,,,,,,,,,,,,,,,,,,,,,,,,,,,,,,,,,,,,,,,,,,,,,,,,,,,,,,,,,,,,,,,,,,,,,,,,,,,,,,,,,,,,,,,,,,,,,,,,,,,,,,,,,,,,,,,,,,,,,,,,,,,,,,,,,,,,,,,,,,,,,,,,,,,,,,,,,,,,,,,,,,,,,,,,,,,,,,,,,,,,,,,,,,,,,,,,,,,,,,,,,,,,,,,,,,,,,,,,,,,,,,,,,,,,,,,,,,,,,,,,,,,,,,,,,,,,,,,,,,,,,,,,,,,,,,,,,,,,,,,,,,,
DTC_R_1,LanSi,1,CW_01,B,2026-03-30 09:01:01+08:00,ONLINE,FALSE,,CW_1_01,PASS,,,51.4583706,_2026033009010117001,T20260330090101,DESKTOP-P2DUL42,Loma,1,CW_1_01,1,paul di,2024.0718.155524,V20260126.2,CW_DTCL_DTCR_STC,T20260330090152,51.4583706,TRUE,TRUE,TRUE,TRUE,TRUE,TRUE,TRUE,4S2RND2HBL0DP6,v1.0.1,2025_12_22,315.1533,316.8102,475.2148,297.2222,295.5486,148.3403,149.0759,336.9448,335.8014,484.1301,-5.3412,-2.8105,-0.0001,0,-0.2213,1.5544,-0.2201,1.5475,0.6651,154.7998,152.1279,152.2334,154.7295,153.4727,0.8542,0.7792,0.8823,0.7756,0.7756,0.8103,0.7426,0.8225,0.7421,0.7421,0.8039,0.8195,0.8126,0.803,0.7156,0.7214,0.7697,0.7296,0.7156,0.8355,0.8057,0.8078,0.98,0.8057,0.8491,0.7897,0.7934,0.8148,0.7784,0.7175,0.8171,0.8569,0.7175,0,0,0,0,0,v1.0.1,2025_12_22,315.0791,316.8633,476.2847,297.0657,295.2449,147.2993,148,337,335.8716,485.223,-5.4039,-2.8097,-0.0001,0,-0.2217,1.5538,-0.2194,1.5474,0.665,163.5498,157.2051,166.0488,166.4863,163.3225,0.7148,0.6754,0.7156,0.6732,0.6732,0.6707,0.6413,0.67,0.6263,0.6263,0.6454,0.6446,0.6697,0.6728,0.6174,0.6263,0.6122,0.6159,0.6122,0.6745,0.6575,0.6767,0.1456,0.1456,0.6454,0.6556,0.6635,0.6682,0.6395,0.6134,0.629,0.6705,0.6134,0,0,0,0,0,v1.0.1,2025_12_22,317.2,328.0952,442,313.1607,302.632,196.12,188.5,342.3333,331.9286,455.6607,-3.0479,7.574,0,0.0001,-0.2186,1.5603,-0.2097,1.5553,0.6719,177.1357,176.499,177.0234,178.2676,177.2314,0.809,0.6393,0.815,0.6296,0.6296,0.7713,0.6341,0.7738,0.6209,0.6209,0.7707,0.776,0.763,0.7495,0.7495,0.7545,0.6804,0.7271,0,0.6804,0,0,0,0,0,v1.0.1,2025_12_22,317.1429,328.1905,442.7297,313.2072,302.6774,195.3952,187.5,342.5,331.9273,456.5,-3.1045,7.6586,0,0.0001,-0.2182,1.5618,-0.2094,1.5556,0.6724,148.459,142.2188,144.4102,146.1836,145.3179,0.6651,0.5625,0.6818,0.5643,0.5625,0.6321,0.5615,0.6665,0.5495,0.5495,0.6269,0.6278,0.6361,0.632,0.6269,0.5958,0.556,0.5774,0.405,0.405,0,0,0,0,0,-0.0106,-0.1046,0.0113,-0.0917,-0.0892,-0.0221,-0.0749,0.0005,-0.096,-0.0754,-0.0149,0.0031,0.0016,-0.0124,-0.0924,-0.0906,-0.0301,-0.1099,-0.0097,-0.0039,0.0037,-0.0507,-0.0075,-0.0436,-0.0379,-0.0087,-0.0365,-0.0112,-0.054,-0.0515,-0.0116,-0.0069,0.0014,0.0066,-0.0425,-0.0389,-0.0228,-0.023,-0.0119,0.0131,0.0069,-0.1773,0.0067,-0.1814,-0.1725,0.0011,-0.131,-0.0004,-0.1692,-0.1442,0.0028,0.0135,0.0112,-0.0022,0.0029,-0.0219,0.0039,-0.118,0.0126,-0.1132,-0.0987,-0.0023,-0.0889,0.0218,-0.0905,-0.0849,-0.0141,-0.0149,0.0108,0.0089,0.0038,0.0045,-0.016,TRUE,TRUE
DTC_L_1,LanSi,1,CW_01,B,2026-03-30 09:01:01+08:00,ONLINE,FALSE,,CW_1_01,PASS,,,51.5989944,_2026033009010105302,T20260330090101,DESKTOP-P2DUL42,Loma,1,CW_1_01,2,paul di,2024.0718.155524,V20260126.2,CW_DTCL_DTCR_STC,T20260330090152,51.5989944,TRUE,TRUE,TRUE,TRUE,TRUE,TRUE,TRUE,4S2RND2HBL06DS,v1.0.1,2025_12_22,314.0882,323.5,474.4179,303.0373,294.8831,151.5,148.1316,343.6053,333.4085,490.5,-6.5141,2.9285,-0.0001,0,-0.2264,1.5591,-0.22,1.5551,0.6669,155.7266,150.9424,149.5146,154.8877,152.7678,0.8262,0.7983,0.8449,0.7932,0.7932,0.7847,0.7437,0.8009,0.7506,0.7437,0.8125,0.7969,0.814,0.7591,0.7439,0.7311,0.7775,0.689,0.689,0.8218,0.98,0.8183,0.8117,0.8117,0.8092,0.717,0.7105,0.8277,0.8231,0.8285,0.7882,0.7635,0.7105,0,0,0,0,0,v1.0.1,2025_12_22,314.1377,323.5797,475.5,303,294.7815,150.5828,147.0265,343.755,333.5915,491.5,-6.4926,2.9835,-0.0001,0,-0.2263,1.5589,-0.2196,1.5549,0.667,162.7607,157.6475,164.2119,163.584,162.051,0.6812,0.67,0.6923,0.701,0.67,0.6522,0.6248,0.6536,0.6485,0.6248,0.6411,0.641,0.6569,0.6189,0.6219,0.6321,0.6355,0.5942,0.5942,0.6701,0.4867,0.6492,0.6812,0.4867,0.6373,0.5997,0.6069,0.6791,0.6656,0.6829,0.6757,0.6358,0.5997,0,0,0,0,0,v1.0.1,2025_12_22,312.8558,315.7019,437.7788,301.531,298.9833,184.1333,184.4628,330.5372,326.8889,446.547,-7.3061,-3.8099,-0.0001,0,-0.2124,1.5652,-0.2145,1.5634,0.6754,176.21,174.374,172.9922,175.6084,174.7961,0.7918,0.7037,0.8002,0.723,0.7037,0.7459,0.6373,0.7546,0.6502,0.6373,0.7831,0.7652,0.7797,0.7072,0.7072,0.7146,0,0.7292,0.7268,0.7146,0,0,0,0,0,v1.0.1,2025_12_22,312.8667,315.6476,438.5948,301.4052,298.7642,183.3821,183.5,330.5,326.9661,447.1441,-7.3616,-3.8842,-0.0001,0,-0.2123,1.5641,-0.2138,1.5635,0.6754,148.8271,143.1182,143.042,146.2861,145.3184,0.6605,0.5997,0.664,0.6377,0.5997,0.6235,0.5359,0.6089,0.5816,0.5359,0.6366,0.625,0.6469,0.6162,0.6162,0.5941,0.5467,0.564,0.5747,0.5467,0,0,0,0,0,0.0007,-0.0647,0.0004,-0.0333,-0.0323,-0.0009,-0.0884,-0.0076,-0.0352,-0.0419,-0.0025,-0.0256,0.001,-0.0116,-0.0786,-0.083,-0.0246,-0.0617,-0.0155,0.0052,0.0046,-0.037,-0.0058,-0.0136,-0.0066,-0.0024,-0.054,0.0063,-0.0243,-0.0225,-0.0122,-0.0205,-0.0096,-0.0226,-0.0418,-0.0425,-0.0216,-0.0272,-0.0033,-0.0394,-0.0014,-0.1215,-0.0039,-0.0751,-0.0895,-0.0078,-0.1507,-0.0028,-0.1042,-0.1164,0.0055,0.0013,0.0288,0.0066,-0.0158,-0.0081,0.0029,-0.0764,-0.0187,-0.0384,-0.0579,-0.0084,-0.1194,-0.0238,-0.0663,-0.096,-0.0031,-0.0096,0.0091,-0.0011,-0.0011,0.0104,-0.0199,TRUE,TRUE
DTC_R_2,LanSi,1,CW_01,C,2026-03-30 09:30:12+08:00,ONLINE,FALSE,,CW_1_01,PASS,,,51.8941856,_2026033009301275101,T20260330093012,DESKTOP-P2DUL42,Loma,1,CW_1_01,1,paul di,2024.0718.155524,V20260126.2,CW_DTCL_DTCR_STC,T20260330093104,51.8941856,TRUE,TRUE,TRUE,TRUE,TRUE,TRUE,TRUE,4S2RND2HBL0DP6,v1.0.1,2025_12_22,315.1533,316.8102,474.9638,296.8841,295.2945,146.774,149.2953,337.1074,335.4143,484.5214,-5.4758,-3.0806,-0.0001,0,-0.2235,1.554,-0.2213,1.5501,0.6648,154.8525,151.3857,149.7227,154.7686,152.6824,0.8724,0.8308,0.8694,0.8262,0.8262,0.8131,0.7553,0.8272,0.7254,0.7254,0.8278,0.8148,0.8166,0.8161,0.7542,0.7589,0.7484,0.6665,0.6665,0.8416,0.8164,0.798,0.98,0.798,0.8376,0.8005,0.7891,0.8239,0.8056,0.8587,0.7736,0.8357,0.7736,0,0,0,0,0,v1.0.1,2025_12_22,315.0429,316.8929,476.0426,296.844,295.1172,145.9862,148.0336,337.1745,335.6014,485.5734,-5.5325,-3.0058,-0.0001,0,-0.2234,1.5542,-0.2203,1.549,0.6649,163.8379,157.7881,165.1338,166.3135,163.2683,0.7047,0.6951,0.7173,0.6969,0.6951,0.6733,0.6456,0.6774,0.6282,0.6282,0.6532,0.6456,0.6495,0.6631,0.6362,0.6452,0.6005,0.5823,0.5823,0.6972,0.6615,0.6682,0.2793,0.2793,0.6501,0.6551,0.657,0.6477,0.6487,0.626,0.6607,0.6857,0.626,0,0,0,0,0,v1.0.1,2025_12_22,317.0849,328.3302,441.6696,313.0982,302.6562,195.3125,188.5372,342.5372,331.8333,456.5,-3.1437,7.6556,0,0.0001,-0.2211,1.5622,-0.2096,1.5557,0.6718,176.749,175.3828,173.8164,177.8906,175.9597,0.8107,0.7087,0.8174,0.6997,0.6997,0.7534,0.6521,0.7797,0.5941,0.5941,0.7619,0.7625,0.7564,0.7401,0.7401,0.74,0.6888,0.7292,0,0.6888,0,0,0,0,0,v1.0.1,2025_12_22,317.1028,328.3832,442.5179,313.1696,302.6129,194.7581,187.6311,342.6557,331.8899,457.3853,-3.1491,7.7704,0,0.0001,-0.2202,1.5623,-0.2093,1.5562,0.6722,148.4648,142.8945,143.7529,146.3955,145.377,0.6687,0.5994,0.6724,0.6069,0.5994,0.6234,0.5862,0.6548,0.5336,0.5336,0.6266,0.6341,0.6318,0.6227,0.6227,0.6111,0.5693,0.5724,0.4405,0.4405,0,0,0,0,0,0.0076,-0.053,-0.0016,-0.0411,-0.0386,-0.0193,-0.0622,0.0052,-0.1127,-0.0921,0.009,-0.0016,0.0056,0.0007,-0.0538,-0.0531,-0.0514,-0.173,-0.0036,-0.0137,-0.0064,-0.031,-0.0058,-0.0199,-0.016,-0.0061,-0.0322,-0.0038,-0.0521,-0.0496,-0.0038,-0.0059,-0.0188,-0.0031,-0.0237,-0.02,-0.0345,-0.0566,0.0108,0.0046,0.0086,-0.1079,0.0091,-0.1113,-0.1024,-0.0168,-0.113,0.0055,-0.196,-0.171,-0.006,0,0.0046,-0.0116,-0.0116,-0.0198,0.0075,-0.0811,0.0032,-0.0706,-0.0618,-0.011,-0.0642,0.0101,-0.1064,-0.1008,-0.0144,-0.0086,0.0065,-0.0004,-0.0004,0.0198,-0.021,TRUE,TRUE
DTC_L_2,LanSi,1,CW_01,C,2026-03-30 09:30:12+08:00,ONLINE,FALSE,,CW_1_01,PASS,,,51.6802045,_2026033009301296602,T20260330093012,DESKTOP-P2DUL42,Loma,1,CW_1_01,2,paul di,2024.0718.155524,V20260126.2,CW_DTCL_DTCR_STC,T20260330093104,51.6802045,TRUE,TRUE,TRUE,TRUE,TRUE,TRUE,TRUE,4S2RND2HBL06DS,v1.0.1,2025_12_22,315.1691,322.7647,475.5338,301.9624,296.0927,151.596,149.6846,342.5906,334.7353,488.1103,-5.2569,1.9048,-0.0001,0,-0.2285,1.5593,-0.2187,1.5525,0.6661,155.7656,151.1494,149.5234,154.3252,152.6909,0.8341,0.8069,0.8328,0.7877,0.7877,0.7885,0.769,0.7864,0.7454,0.7454,0.8121,0.8038,0.8147,0.7694,0.7418,0.7263,0.7084,0.6938,0.6938,0.818,0.739,0.8176,0.7602,0.739,0.8432,0.7695,0.7418,0.8273,0.8235,0.7733,0.7659,0.7671,0.7418,0,0,0,0,0,v1.0.1,2025_12_22,315.1522,322.7609,476.6765,301.8382,295.9801,150.6755,148.6093,342.755,334.8116,489.2246,-5.2541,1.9508,-0.0001,0,-0.2283,1.5593,-0.219,1.5527,0.6662,161.707,157.5488,163.29,162.2969,161.2107,0.6799,0.6811,0.6952,0.6914,0.6799,0.656,0.6402,0.6492,0.6397,0.6397,0.6499,0.6527,0.6552,0.638,0.6272,0.6287,0.6247,0.6021,0.6021,0.6688,0.5642,0.6757,0.6593,0.5642,0.6439,0.6416,0.6296,0.6715,0.6769,0.6755,0.662,0.6134,0.6134,0,0,0,0,0,v1.0.1,2025_12_22,313.8544,314.932,438.964,300.4595,300.1917,184.125,185.605,329.605,328.0609,445.0261,-6.1648,-4.6705,-0.0001,0,-0.2147,1.5662,-0.2134,1.5615,0.6749,175.7129,174.4326,172.6357,174.7373,174.3796,0.8047,0.6974,0.8039,0.6822,0.6822,0.7414,0.6591,0.7496,0.6476,0.6476,0.7629,0.7467,0.7626,0.6883,0.6883,0.6987,0,0.7157,0.6534,0.6534,0,0,0,0,0,v1.0.1,2025_12_22,313.8381,314.9143,439.6174,300.4522,300.0769,183.2821,184.7295,329.6803,328.0348,445.8174,-6.2407,-4.6708,-0.0001,0,-0.214,1.5661,-0.2134,1.5623,0.6753,148.0234,143.1797,142.3291,145.2051,144.6843,0.6614,0.5963,0.6714,0.6065,0.5963,0.628,0.5592,0.6166,0.5705,0.5592,0.6246,0.6125,0.646,0.6124,0.6124,0.5741,0.5437,0.5901,0.5448,0.5437,0,0,0,0,0,0.0086,-0.0561,-0.0117,-0.0388,-0.0378,0.0029,-0.0631,-0.0221,-0.0404,-0.0402,-0.0029,-0.0187,0.0017,-0.0013,-0.0807,-0.0878,-0.0937,-0.0569,-0.0193,0.0045,0.0033,-0.0259,-0.0029,-0.0232,0.0033,0.0014,-0.0386,0.0019,-0.0331,-0.0076,-0.0034,-0.0088,-0.0113,-0.0035,-0.0365,-0.0459,-0.0324,-0.0193,-0.0046,-0.0129,0.0115,-0.1278,-0.0002,-0.1159,-0.111,-0.0123,-0.1289,-0.0078,-0.1068,-0.1061,-0.0147,-0.0172,0.0117,-0.0123,-0.0317,-0.0216,0.0038,-0.0798,-0.0113,-0.0696,-0.0613,-0.0039,-0.0961,-0.0161,-0.0774,-0.0727,-0.0151,-0.0221,0.0082,-0.0049,-0.0049,-0.0096,0.0062,TRUE,TRUE
DTC_R_3,LanSi,1,CW_01,A,2026-03-30 09:33:31+08:00,ONLINE,FALSE,,CW_1_01,PASS,,,51.8305568,_2026033009333131501,T20260330093331,DESKTOP-P2DUL42,Loma,1,CW_1_01,1,paul di,2024.0718.155524,V20260126.2,CW_DTCL_DTCR_STC,T20260330093423,51.8305568,TRUE,TRUE,TRUE,TRUE,TRUE,TRUE,TRUE,4S2RND2HBL0DP6,v1.0.1,2025_12_22,315.3209,317.2239,475.6316,297.8647,295.8836,148.6301,149.5,337.5,336,485.5,-5.0328,-2.1563,-0.0001,0,-0.2197,1.5555,-0.2212,1.548,0.6657,155.3096,153.1934,152.7773,155.207,154.1218,0.8633,0.7868,0.8774,0.7596,0.7596,0.8201,0.748,0.8263,0.763,0.748,0.8243,0.8115,0.798,0.8138,0.7226,0.7348,0.7968,0.7706,0.7226,0.8305,0.7821,0.8028,0.98,0.7821,0.8441,0.7663,0.7632,0.8204,0.7706,0.7006,0.8308,0.8375,0.7006,0,0,0,0,0,v1.0.1,2025_12_22,315.2754,317.1884,476.75,297.7426,295.7075,147.6259,148.4459,337.5608,336.0199,486.457,-5.0603,-2.1851,-0.0001,0,-0.2193,1.5554,-0.221,1.5483,0.6658,163.2539,157.4668,165.9844,166.0752,163.1951,0.7055,0.6679,0.7138,0.6623,0.6623,0.6839,0.6486,0.6672,0.6539,0.6486,0.657,0.6447,0.6318,0.6566,0.627,0.6292,0.6142,0.6449,0.6142,0.6714,0.6464,0.6676,0.1489,0.1489,0.6522,0.6451,0.6429,0.663,0.6446,0.6317,0.6344,0.677,0.6317,0,0,0,0,0,v1.0.1,2025_12_22,317.5636,328.6091,442.2883,313.7117,302.9508,196.7869,188.7823,342.7419,332.0442,456.708,-2.7741,8.2115,0,0.0001,-0.2184,1.5599,-0.2088,1.5577,0.6726,176.3115,176.8672,176.8916,177.6846,176.9387,0.8085,0.6421,0.8108,0.6289,0.6289,0.7647,0.6232,0.7713,0.6515,0.6232,0.7812,0.7692,0.7603,0.746,0.746,0.7543,0.6587,0.7367,0,0.6587,0,0,0,0,0,v1.0.1,2025_12_22,317.5238,328.8381,443.0275,313.5596,302.9106,195.9593,187.9487,342.9316,332.2456,457.5789,-2.7688,8.2735,0,0.0001,-0.2206,1.5607,-0.2078,1.5564,0.6722,148.4199,142.71,144.3721,146.5117,145.5034,0.6695,0.5689,0.6621,0.5627,0.5627,0.6368,0.5603,0.6507,0.568,0.5603,0.6408,0.6376,0.6231,0.6166,0.6166,0.5682,0.5373,0.5922,0.4171,0.4171,0,0,0,0,0,-0.0015,-0.097,0.0064,-0.1077,-0.1052,-0.0123,-0.0695,0.0043,-0.0751,-0.0695,0.0055,-0.0049,-0.013,-0.0016,-0.0854,-0.0772,-0.003,-0.0689,-0.0147,-0.0089,-0.0056,-0.0582,-0.0093,-0.0545,-0.0488,0.0045,-0.0292,-0.014,-0.0264,-0.0292,0,-0.0068,-0.0365,-0.0096,-0.0329,-0.036,-0.0208,0.006,-0.015,0.004,0.0064,-0.1745,0.0025,-0.1821,-0.1732,-0.0055,-0.1419,-0.0029,-0.1386,-0.1419,0.0133,0.0067,0.0085,-0.0057,0.0027,-0.0123,0.0083,-0.1116,-0.0071,-0.1148,-0.0985,0.0024,-0.0901,0.006,-0.072,-0.0741,-0.0002,-0.0051,-0.0022,-0.0065,-0.0065,-0.0231,-0.0012,TRUE,TRUE
DTC_L_3,LanSi,1,CW_01,A,2026-03-30 09:33:31+08:00,ONLINE,FALSE,,CW_1_01,PASS,,,51.8096129,_2026033009333135402,T20260330093331,DESKTOP-P2DUL42,Loma,1,CW_1_01,2,paul di,2024.0718.155524,V20260126.2,CW_DTCL_DTCR_STC,T20260330093423,51.8096129,TRUE,TRUE,TRUE,TRUE,TRUE,TRUE,TRUE,4S2RND2HBL06DS,v1.0.1,2025_12_22,314.2667,323.2815,474.5,303,294.9408,152.4342,148.2632,343.3487,333.5942,489.3551,-6.387,2.7839,-0.0001,0,-0.2254,1.5576,-0.2198,1.5544,0.6667,153.7861,149.6826,148.1084,153.1318,151.1772,0.8131,0.8016,0.8456,0.7393,0.7393,0.7881,0.7614,0.7941,0.741,0.741,0.8164,0.816,0.7806,0.76,0.7359,0.7358,0.7309,0.6841,0.6841,0.8167,0.7689,0.818,0.8308,0.7689,0.8455,0.7155,0.7331,0.8209,0.8246,0.8254,0.7787,0.7649,0.7155,0,0,0,0,0,v1.0.1,2025_12_22,314.2766,323.383,475.6691,302.9265,294.8618,151.4737,147.106,343.4636,333.8071,490.3214,-6.3559,2.8136,-0.0001,0,-0.2256,1.5578,-0.219,1.5538,0.6668,161.7871,157.4414,163.5391,162.9014,161.4172,0.6796,0.6735,0.6981,0.6536,0.6536,0.6587,0.6428,0.6397,0.6493,0.6397,0.6662,0.6571,0.6411,0.6173,0.6298,0.6326,0.6198,0.615,0.615,0.6806,0.53,0.6695,0.68,0.53,0.6619,0.5861,0.6152,0.6732,0.6698,0.6721,0.6739,0.6264,0.5861,0,0,0,0,0,v1.0.1,2025_12_22,313,315.6038,437.8739,301.4955,299.0339,184.8559,184.5372,330.4628,327.0431,445.8707,-7.2024,-3.8423,-0.0001,0,-0.212,1.5639,-0.2146,1.5629,0.675,175.2061,174.21,172.3633,174.9092,174.1721,0.7786,0.6922,0.8061,0.6677,0.6677,0.7501,0.6595,0.7512,0.6557,0.6557,0.7756,0.7752,0.7409,0.6955,0.6955,0.7211,0,0.7286,0.7153,0.7153,0,0,0,0,0,v1.0.1,2025_12_22,313,315.6038,438.6754,301.3509,299,184,183.5583,330.4167,327.1304,446.6696,-7.2272,-3.8918,-0.0001,0,-0.2124,1.5643,-0.2134,1.5629,0.6753,148.293,143.165,142.4951,146.1279,145.0203,0.6461,0.5946,0.6755,0.5827,0.5827,0.636,0.5716,0.6175,0.5698,0.5698,0.6283,0.6268,0.6104,0.6102,0.6102,0.5764,0.5391,0.5859,0.562,0.5391,0,0,0,0,0,-0.0124,-0.0614,0.0011,-0.0872,-0.0862,0.0025,-0.0707,-0.0144,-0.0448,-0.0446,0.0014,-0.0065,-0.0324,-0.0107,-0.0866,-0.0783,-0.0712,-0.0666,-0.0206,0.0049,0.003,-0.0335,0,-0.061,-0.023,0.0041,-0.036,-0.0076,-0.0235,-0.0076,0.0129,-0.0044,-0.0254,-0.0242,-0.0339,-0.042,-0.0373,-0.0064,0.0072,-0.0191,-0.0146,-0.133,0.002,-0.1304,-0.1255,-0.0036,-0.1285,-0.0062,-0.0987,-0.098,-0.002,0.0113,-0.01,-0.0051,-0.0093,-0.0087,-0.0115,-0.0815,-0.0072,-0.0934,-0.0749,0.0041,-0.0837,-0.0152,-0.0781,-0.0621,-0.0114,-0.0078,-0.0274,-0.0071,-0.0071,-0.0073,0.002,TRUE,TRUE
DTC_R_4,LanSi,1,CW_01,B,2026-03-30 09:35:39+08:00,ONLINE,FALSE,,CW_1_01,PASS,,,52.0341799,_2026033009353962501,T20260330093539,DESKTOP-P2DUL42,Loma,1,CW_1_01,1,paul di,2024.0718.155524,V20260126.2,CW_DTCL_DTCR_STC,T20260330093631,52.0341799,TRUE,TRUE,TRUE,TRUE,TRUE,TRUE,TRUE,4S2RND2HBL0DP6,v1.0.1,2025_12_22,315.259,317.5108,475.6444,298,295.8435,148.6531,149.457,337.6026,336,485.723,-5.0592,-2.0021,-0.0001,0,-0.2205,1.5558,-0.2201,1.5476,0.6657,153.54,151.0527,151.0039,153.7256,152.3306,0.8673,0.7845,0.8587,0.7715,0.7715,0.8017,0.7396,0.8116,0.7634,0.7396,0.8115,0.8033,0.7995,0.8108,0.7151,0.7353,0.7737,0.7578,0.7151,0.8342,0.7736,0.8014,0.2162,0.2162,0.8411,0.765,0.7407,0.8188,0.7911,0.7221,0.8256,0.8336,0.7221,0,0,0,0,0,v1.0.1,2025_12_22,315.2143,317.5,476.781,297.8759,295.5442,147.5986,148.2808,337.9247,336.04,486.7933,-5.1279,-1.9615,-0.0001,0,-0.2204,1.555,-0.2212,1.5479,0.6653,163.3721,158.1006,166.8867,166.2275,163.6467,0.702,0.6608,0.7113,0.6684,0.6608,0.6675,0.6314,0.6776,0.6434,0.6314,0.6428,0.65,0.6633,0.6567,0.6182,0.6272,0.624,0.6361,0.6182,0.6643,0.6597,0.661,0.1108,0.1108,0.6401,0.6465,0.6349,0.6661,0.6651,0.6304,0.6358,0.6764,0.6304,0,0,0,0,0,v1.0.1,2025_12_22,317.3645,328.8131,442.1607,313.9107,302.7886,196.8211,188.6179,343.1382,332,457,-2.9137,8.4366,0,0.0001,-0.2183,1.5603,-0.2103,1.5566,0.6721,175.9229,175.1602,175.5547,177.1299,175.9419,0.8058,0.6365,0.8241,0.6314,0.6314,0.7744,0.6263,0.7703,0.6448,0.6263,0.7675,0.754,0.7676,0.7489,0.7489,0.7432,0.6498,0.7412,0,0.6498,0,0,0,0,0,v1.0.1,2025_12_22,317.2453,328.9057,442.9167,313.8704,302.6532,196.0726,187.7355,343.3223,332.0431,457.8707,-2.9812,8.5083,0,0.0001,-0.2186,1.5609,-0.2103,1.556,0.672,148.2402,143.2129,145.2734,146.0137,145.6851,0.6497,0.5613,0.6713,0.5503,0.5503,0.626,0.5605,0.6475,0.564,0.5605,0.629,0.6285,0.6417,0.6436,0.6285,0.5897,0.5517,0.5857,0.3581,0.3581,0,0,0,0,0,0.0025,-0.0993,-0.0123,-0.0958,-0.0933,-0.0307,-0.0779,-0.0104,-0.0747,-0.0779,-0.0073,-0.0131,-0.0115,-0.0046,-0.0929,-0.0767,-0.0261,-0.0817,-0.011,-0.0103,-0.0091,-0.0653,-0.0118,-0.0484,-0.0503,-0.0119,-0.0464,-0.0036,-0.0369,-0.0464,-0.0142,-0.0015,-0.005,-0.0095,-0.0417,-0.038,-0.011,-0.0028,-0.0221,-0.0026,0.0037,-0.1801,0.0158,-0.1796,-0.1707,0.0042,-0.1388,-0.0039,-0.1453,-0.1388,-0.0004,-0.0085,0.0158,-0.0028,-0.0084,-0.0078,-0.0115,-0.1192,0.0021,-0.1272,-0.1109,-0.0084,-0.0899,0.0028,-0.076,-0.0739,-0.012,-0.0142,0.0164,0.0205,0.0054,-0.0016,-0.0077,TRUE,TRUE
DTC_L_4,LanSi,1,CW_01,B,2026-03-30 09:35:39+08:00,ONLINE,FALSE,,CW_1_01,PASS,,,52.1528626,_2026033009353950702,T20260330093539,DESKTOP-P2DUL42,Loma,1,CW_1_01,2,paul di,2024.0718.155524,V20260126.2,CW_DTCL_DTCR_STC,T20260330093631,52.1528626,TRUE,TRUE,TRUE,TRUE,TRUE,TRUE,TRUE,4S2RND2HBL06DS,v1.0.1,2025_12_22,315.3507,321.9104,475.7391,300.8913,296.3161,150.1613,150,341.8581,334.8129,488.4604,-5.0562,1.1563,-0.0001,0,-0.2298,1.5599,-0.2195,1.554,0.6661,155.5381,150.8047,149.3994,154.916,152.6646,0.8334,0.807,0.8443,0.7781,0.7781,0.7851,0.7512,0.7946,0.7256,0.7256,0.8077,0.8078,0.8109,0.7565,0.7338,0.7291,0.7351,0.6945,0.6945,0.8194,0.6628,0.8099,0.795,0.6628,0.8437,0.7823,0.7467,0.8543,0.7885,0.762,0.7533,0.7643,0.7467,0,0,0,0,0,v1.0.1,2025_12_22,315.292,322,476.8043,300.8333,296.1933,149.2867,148.8904,342.0205,334.8832,489.438,-5.0873,1.2157,-0.0001,0,-0.2298,1.5601,-0.2192,1.5538,0.6662,161.5498,157.5117,163.585,162.624,161.3176,0.6938,0.6903,0.6866,0.6958,0.6866,0.6555,0.6369,0.6462,0.6405,0.6369,0.6583,0.6669,0.6645,0.6316,0.6124,0.6363,0.6136,0.6007,0.6007,0.6867,0.5492,0.667,0.6702,0.5492,0.6371,0.6445,0.6008,0.6812,0.6537,0.665,0.6555,0.6277,0.6008,0,0,0,0,0,v1.0.1,2025_12_22,313.9135,314.2212,439.1071,299.5,300.2869,182.7541,185.8264,328.9008,328.0088,444.7895,-6.0715,-5.4669,-0.0001,-0.0001,-0.2165,1.567,-0.2136,1.5627,0.6749,176.2051,174.3213,173.1133,175.6982,174.8345,0.7944,0.706,0.8024,0.6731,0.6731,0.7508,0.6451,0.7402,0.6406,0.6406,0.7694,0.7614,0.7728,0.7016,0.7016,0.7419,0,0.7117,0.6585,0.6585,0,0,0,0,0,v1.0.1,2025_12_22,313.8558,314.125,439.7739,299.4609,300.1626,182.0081,184.9008,329.0083,328.0862,445.5948,-6.1441,-5.4606,-0.0001,-0.0001,-0.2154,1.567,-0.2144,1.5625,0.6749,148.0605,143.4727,142.7861,145.8193,145.0347,0.6625,0.5984,0.6612,0.6027,0.5984,0.632,0.5571,0.615,0.5763,0.5571,0.6201,0.6358,0.6434,0.6074,0.6074,0.5758,0.516,0.5757,0.5529,0.516,0,0,0,0,0,0.0079,-0.056,-0.0002,-0.0484,-0.0474,-0.0005,-0.0809,-0.0139,-0.0602,-0.06,-0.0073,-0.0147,-0.0021,-0.0142,-0.0887,-0.085,-0.067,-0.0562,-0.0179,-0.0032,0.0172,-0.0167,-0.0115,-0.0188,0.01,0.0009,-0.0419,-0.0011,-0.0323,-0.0104,0.005,0.0054,-0.002,-0.0099,-0.0513,-0.0383,-0.0435,-0.0207,0.0133,-0.0216,0.0012,-0.1192,-0.0017,-0.125,-0.1201,-0.0029,-0.1429,-0.0172,-0.1138,-0.1131,-0.0082,-0.0025,0.0219,0.001,0.0115,-0.0256,0.0049,-0.0777,-0.0215,-0.0734,-0.0592,0.0001,-0.0982,-0.0177,-0.0716,-0.0748,-0.0196,0.0012,0.0056,-0.0099,-0.0099,-0.0079,-0.0082,TRUE,TRUE
DTC_R_5,LanSi,1,CW_01,C,2026-03-30 09:58:02+08:00,ONLINE,FALSE,,CW_1_01,FAIL,SFR_VIS_25cm_Ny4_06F_ROI14;SFR_VIS_25cm_Ny4_06F_Min;SFR_VIS_25cm_Ny4_01F_ROI2_Dev,sfr_25Algo,52.3247733,_2026033009580276801,T20260330095802,DESKTOP-P2DUL42,Loma,1,CW_1_01,1,paul di,2024.0718.155524,V20260126.2,CW_DTCL_DTCR_STC,T20260330095855,52.3247733,TRUE,TRUE,TRUE,TRUE,TRUE,TRUE,TRUE,4S2RND2HBL0DP6,v1.0.1,2025_12_22,315.1691,316.2353,475.4962,296.782,295.6268,148.1549,149.302,336.2416,335.8014,485.4178,-5.2209,-2.9337,-0.0001,0,-0.2202,1.5545,-0.2195,1.5489,0.6659,152.1406,150.957,152.1172,154.2676,152.3706,0.8601,0.7528,0.8625,0.8008,0.7528,0.8183,0.7301,0.8099,0.7764,0.7301,0.8138,0.8028,0.8014,0.8201,0.7199,0.6518,0.7982,0.7813,0.6518,0.8447,0.809,0.7955,0.98,0.7955,0.8107,0.7568,0.7517,0.8167,0.7843,0.7741,0.8336,0.8298,0.7517,0,0,0,0,0,v1.0.1,2025_12_22,315.1691,316.2353,476.5857,296.6214,295.3194,147.0069,148.0676,336.3514,335.9467,486.4267,-5.2823,-2.9717,-0.0001,0,-0.2204,1.5535,-0.2193,1.5488,0.6657,161.1045,155.4795,165.4209,165.624,161.9072,0.7042,0.6521,0.7209,0.6773,0.6521,0.6777,0.6305,0.6622,0.6496,0.6305,0.648,0.655,0.658,0.6606,0.6151,0.5902,0.635,0.6265,0.5902,0.6782,0.6503,0.6769,0.0748,0.0748,0.6373,0.6262,0.6392,0.6678,0.6573,0.6253,0.6351,0.6775,0.6253,0,0,0,0,0,v1.0.1,2025_12_22,317.1028,327.6168,442.0367,312.6422,302.6429,195.9286,188.5833,341.6583,331.9273,456.5,-3.0414,7.3692,0,0.0001,-0.2188,1.5609,-0.2083,1.5558,0.6724,173.8682,174.8857,176.7393,177.8174,175.8276,0.8103,0.6256,0.8141,0.6521,0.6256,0.7741,0.6,0.7643,0.6834,0.6,0.7852,0.7668,0.7593,0.7488,0.7488,0.7465,0.6698,0.7404,0,0.6698,0,0,0,0,0,v1.0.1,2025_12_22,317.1415,327.7547,442.8455,312.6273,302.5635,195.0714,187.6364,341.8595,331.9646,457.3628,-3.0697,7.4352,0,0.0001,-0.2192,1.5608,-0.208,1.5564,0.6725,146.8027,141.1543,144.0352,146.082,144.5186,0.6643,0.5496,0.6802,0.5857,0.5496,0.6292,0.5482,0.6405,0.593,0.5482,0.6391,0.6403,0.6481,0.6339,0.6339,0.5854,0.5525,0.5757,0.3505,0.3505,0,0,0,0,0,-0.0047,-0.131,-0.0085,-0.0665,-0.112,-0.0141,-0.0874,-0.0121,-0.0617,-0.0874,-0.005,-0.0136,-0.0096,0.0047,-0.0881,-0.1602,-0.0016,-0.0582,-0.0005,-0.0162,-0.0069,-0.074,-0.0022,-0.0395,-0.059,-0.0017,-0.0473,-0.019,-0.0307,-0.0473,-0.009,0.0035,-0.0103,-0.0056,-0.0448,-0.075,0,-0.0124,-0.0082,0.0133,0.0082,-0.191,0.0058,-0.1589,-0.1765,0.0039,-0.1651,-0.0099,-0.1067,-0.1651,0.0173,0.0043,0.0075,-0.0029,-0.0051,-0.0086,0.0031,-0.1309,0.011,-0.0918,-0.1116,-0.0052,-0.1022,-0.0042,-0.047,-0.0862,-0.0019,-0.0024,0.0228,0.0108,0.0108,-0.0059,-0.0177,TRUE,TRUE
DTC_L_5,LanSi,1,CW_01,C,2026-03-30 09:58:02+08:00,ONLINE,FALSE,,CW_1_01,PASS,,,52.3227758,_2026033009580276802,T20260330095802,DESKTOP-P2DUL42,Loma,1,CW_1_01,2,paul di,2024.0718.155524,V20260126.2,CW_DTCL_DTCR_STC,T20260330095855,52.3227758,TRUE,TRUE,TRUE,TRUE,TRUE,TRUE,TRUE,4S2RND2HBL06DS,v1.0.1,2025_12_22,314.1522,323.4275,474.1103,303.1691,294.9073,152.4636,148.12,343.42,333.5912,489.6715,-6.5238,2.9304,-0.0001,0,-0.2255,1.5582,-0.2193,1.5539,0.6668,155.1182,150.7598,149.3613,154.5996,152.4597,0.8154,0.8106,0.8453,0.7734,0.7734,0.7716,0.7569,0.8081,0.7549,0.7549,0.8198,0.8266,0.8259,0.7627,0.7367,0.7122,0.7492,0.706,0.706,0.8121,0.6271,0.8316,0.8183,0.6271,0.8308,0.7589,0.7437,0.8427,0.8264,0.8058,0.7791,0.7977,0.7437,0,0,0,0,0,v1.0.1,2025_12_22,314.1957,323.413,475.2391,303.0797,294.7067,151.4533,147.0789,343.5,333.7842,490.6906,-6.4991,2.9273,-0.0001,0,-0.2251,1.5574,-0.2191,1.5537,0.6667,161.9492,156.9248,163.2754,162.6943,161.2109,0.6769,0.69,0.6971,0.6902,0.6769,0.6607,0.6368,0.6582,0.6452,0.6368,0.6559,0.6554,0.6612,0.6301,0.635,0.6257,0.6396,0.6109,0.6109,0.6629,0.523,0.69,0.6871,0.523,0.6664,0.6446,0.6066,0.6789,0.6572,0.6766,0.6629,0.6316,0.6066,0,0,0,0,0,v1.0.1,2025_12_22,312.9151,315.6698,437.6174,301.4522,298.9832,184.9076,184.4153,330.3475,326.9831,446.0508,-7.3172,-3.8144,-0.0001,0,-0.213,1.5641,-0.2132,1.5628,0.6752,175.3291,173.9268,172.1738,174.4531,173.9707,0.78,0.6917,0.8088,0.7047,0.6917,0.7456,0.654,0.7671,0.6605,0.654,0.7735,0.7772,0.7665,0.6948,0.6948,0.7347,0,0.7391,0.7315,0.7315,0,0,0,0,0,v1.0.1,2025_12_22,312.9524,315.6286,438.4522,301.3826,298.8898,184.0763,183.5,330.5,327,446.8974,-7.3411,-3.803,-0.0001,0,-0.2125,1.5638,-0.2139,1.5637,0.6753,148.7266,142.9902,142.7275,146.168,145.1531,0.6569,0.5913,0.6864,0.6225,0.5913,0.6163,0.5645,0.6233,0.5763,0.5645,0.6305,0.6387,0.649,0.6085,0.6085,0.5815,0.5341,0.594,0.5779,0.5341,0,0,0,0,0,-0.0101,-0.0524,0.0008,-0.0531,-0.0521,-0.014,-0.0752,-0.0004,-0.0309,-0.0307,0.0048,0.0041,0.0129,-0.008,-0.0858,-0.1019,-0.0529,-0.0447,-0.0252,0.0185,0.0003,-0.017,-0.001,-0.0244,0.0003,0.0061,-0.042,0.0109,-0.0276,-0.0105,0.0026,-0.0061,-0.0053,-0.0114,-0.0287,-0.0489,-0.0175,-0.0105,-0.0105,0.0014,-0.0132,-0.1335,0.0047,-0.0934,-0.1015,-0.0081,-0.134,0.0097,-0.0939,-0.0997,-0.0041,0.0133,0.0156,-0.0058,0.0043,0.0018,-0.0007,-0.0848,0.0037,-0.0536,-0.0663,-0.0156,-0.0908,-0.0094,-0.0716,-0.0674,-0.0092,0.0041,0.0112,-0.0088,-0.0088,-0.0022,0.0101,TRUE,TRUE
DTC_L_6,LanSi,1,CW_01,A,2026-03-30 10:00:04+08:00,ONLINE,FALSE,,CW_1_01,FAIL,SFR_VIS_25cm_Ny4_06F_ROI14;SFR_VIS_25cm_Ny4_06F_Min;SFR_VIS_25cm_Ny4_03F_ROI6_Dev;SFR_VIS_25cm_Ny4_06F_ROI14_Dev,sfr_25Algo,51.2886639,_2026033010000443102,T20260330100004,DESKTOP-P2DUL42,Loma,1,CW_1_01,2,paul di,2024.0718.155524,V20260126.2,CW_DTCL_DTCR_STC,T20260330100055,51.2886639,TRUE,TRUE,TRUE,TRUE,TRUE,TRUE,TRUE,4S2RND2HBL06DS,v1.0.1,2025_12_22,314.1739,323.6667,474.6391,303.1955,294.9195,153,148.5,343.4133,333.6714,489.5,-6.3192,3.0551,-0.0001,0,-0.2264,1.5579,-0.2181,1.5532,0.6667,151.7393,150.0205,147.958,150.9736,150.1729,0.8271,0.7592,0.8423,0.7774,0.7592,0.7855,0.6914,0.7892,0.7476,0.6914,0.8225,0.7605,0.8195,0.7607,0.7495,0.5973,0.7441,0.6983,0.5973,0.8124,0.7395,0.7188,0.8077,0.7188,0.8414,0.7444,0.7564,0.7854,0.8287,0.8245,0.7998,0.7587,0.7444,0,0,0,0,0,v1.0.1,2025_12_22,314.1679,323.7153,475.8467,303.0657,294.9013,151.9474,147.473,343.5878,333.7606,490.5,-6.2701,3.0632,-0.0001,0,-0.2265,1.5586,-0.2181,1.5533,0.6668,162.9053,158.2246,163.9316,162.9883,162.0125,0.6853,0.6592,0.6954,0.6918,0.6592,0.658,0.608,0.639,0.6368,0.608,0.6643,0.6379,0.6513,0.6288,0.6209,0.5808,0.6152,0.6079,0.5808,0.6745,0.5596,0.6301,0.6672,0.5596,0.6594,0.6266,0.6285,0.6638,0.6765,0.6943,0.675,0.6356,0.6266,0,0,0,0,0,v1.0.1,2025_12_22,312.7573,315.9417,437.9167,301.6759,298.9304,185.3652,184.5,330.5,327,445.8974,-7.2791,-3.6239,-0.0001,0,-0.213,1.5648,-0.2125,1.5611,0.6751,172.873,174.3457,172.0527,172.0215,172.8232,0.7948,0.6216,0.8066,0.6594,0.6216,0.7516,0.6114,0.7449,0.6569,0.6114,0.7852,0.7014,0.7561,0.6888,0.6888,0.7357,0,0.633,0.7332,0.633,0,0,0,0,0,v1.0.1,2025_12_22,312.8318,315.8037,438.7368,301.5,298.8034,184.5897,183.6525,330.5847,327.0435,446.6261,-7.2864,-3.6791,-0.0001,0,-0.2126,1.5638,-0.2134,1.5621,0.675,149.248,143.7246,142.9756,146.0459,145.4985,0.6608,0.5568,0.6766,0.591,0.5568,0.6435,0.5554,0.6084,0.5761,0.5554,0.6325,0.5982,0.6329,0.6112,0.5982,0.5967,0.5035,0.5234,0.5648,0.5035,0,0,0,0,0,0.0016,-0.1038,-0.0022,-0.0491,-0.0663,-0.0001,-0.1407,-0.0193,-0.0382,-0.0942,0.0075,-0.062,0.0065,-0.01,-0.073,-0.2168,-0.058,-0.0524,-0.0249,-0.0943,0.0087,-0.0478,-0.0027,-0.0228,-0.0174,0.0034,-0.0708,-0.0083,-0.036,-0.0393,0.011,-0.0236,-0.0152,-0.0127,-0.0428,-0.0938,-0.0419,-0.0135,0.0011,-0.0585,0.0016,-0.2036,0.0025,-0.1387,-0.1716,-0.0021,-0.1766,-0.0125,-0.0975,-0.1423,0.0076,-0.0625,0.0052,-0.0118,0.0053,-0.1043,0.0032,-0.1193,-0.0061,-0.0851,-0.1008,0.0116,-0.0999,-0.0243,-0.0718,-0.0765,-0.0072,-0.0364,-0.0049,-0.0061,-0.0191,0.013,-0.0605,TRUE,TRUE
DTC_R_6,LanSi,1,CW_01,A,2026-03-30 10:00:04+08:00,ONLINE,FALSE,,CW_1_01,PASS,,,51.2178539,_2026033010000469801,T20260330100004,DESKTOP-P2DUL42,Loma,1,CW_1_01,1,paul di,2024.0718.155524,V20260126.2,CW_DTCL_DTCR_STC,T20260330100055,51.2178539,TRUE,TRUE,TRUE,TRUE,TRUE,TRUE,TRUE,4S2RND2HBL0DP6,v1.0.1,2025_12_22,315.1087,316.1739,475.4511,296.8346,295.4306,147.9653,149.0816,336.034,335.8725,484.8255,-5.3111,-3.1333,-0.0001,0,-0.2195,1.5538,-0.2185,1.5478,0.6659,155.3555,152.8447,152.6318,155.2646,154.0242,0.8636,0.7806,0.8678,0.7841,0.7806,0.8258,0.7255,0.8186,0.7788,0.7255,0.8192,0.8137,0.8135,0.8235,0.7124,0.7289,0.8002,0.7735,0.7124,0.8327,0.7945,0.8056,0.98,0.7945,0.8561,0.7787,0.7626,0.8348,0.8071,0.7258,0.8232,0.8578,0.7258,0,0,0,0,0,v1.0.1,2025_12_22,315.0719,316.1439,476.5563,296.5493,295.1172,146.9862,148,336.1319,335.9122,485.9527,-5.3685,-3.1472,-0.0001,0,-0.2202,1.5529,-0.2186,1.5482,0.6656,162.6963,157.3037,165.4805,165.3125,162.6982,0.7026,0.6616,0.7066,0.6775,0.6616,0.6755,0.63,0.6712,0.6567,0.63,0.6561,0.6553,0.6654,0.6624,0.6176,0.6261,0.6338,0.6409,0.6176,0.665,0.6578,0.672,0.3571,0.3571,0.6551,0.6612,0.6394,0.6696,0.6575,0.6164,0.6535,0.6572,0.6164,0,0,0,0,0,v1.0.1,2025_12_22,317.1714,327.5429,442,312.6852,302.6063,195.9606,188.5372,341.5372,332,456.1026,-3.037,7.2657,0,0.0001,-0.218,1.56,-0.2078,1.5554,0.6724,176.1016,175.793,176.0527,177.3164,176.3159,0.8115,0.6227,0.8205,0.6538,0.6227,0.7629,0.6181,0.7767,0.6753,0.6181,0.7831,0.762,0.7724,0.7415,0.7415,0.7549,0.6723,0.7296,0,0.6723,0,0,0,0,0,v1.0.1,2025_12_22,317.0849,327.6698,442.8624,312.6789,302.5433,195.1181,187.6116,341.7025,332,457,-3.0796,7.3339,0,0.0001,-0.2181,1.561,-0.2074,1.5555,0.6727,147.8457,142.3711,144.0527,145.7822,145.0129,0.6649,0.5505,0.6728,0.5742,0.5505,0.6447,0.5425,0.6427,0.5855,0.5425,0.6373,0.6428,0.6418,0.6275,0.6275,0.5955,0.544,0.585,0.489,0.489,0,0,0,0,0,-0.0012,-0.1032,-0.0032,-0.0832,-0.0842,-0.0066,-0.092,-0.0034,-0.0593,-0.092,0.0004,-0.0027,0.0025,0.0081,-0.0956,-0.0831,0.0004,-0.066,-0.0125,-0.0061,-0.0085,-0.0645,-0.0165,-0.0393,-0.0495,-0.0039,-0.0478,-0.01,-0.0236,-0.0478,-0.0009,0.0038,-0.0029,-0.0038,-0.0423,-0.0391,-0.0012,0.002,-0.0214,0.0084,0.0094,-0.1939,0.0122,-0.1572,-0.1794,-0.0073,-0.147,0.0025,-0.1148,-0.147,0.0152,-0.0005,0.0206,-0.0102,0.0033,-0.0194,0.0037,-0.13,0.0036,-0.1033,-0.1107,0.0103,-0.1079,-0.002,-0.0545,-0.0919,-0.0037,0.0001,0.0165,0.0044,0.0044,0.0042,-0.0084,TRUE,TRUE
DTC_L_7,LanSi,1,CW_01,B,2026-03-30 10:02:10+08:00,ONLINE,FALSE,,CW_1_01,PASS,,,51.5570838,_2026033010021004302,T20260330100210,DESKTOP-P2DUL42,Loma,1,CW_1_01,2,paul di,2024.0718.155524,V20260126.2,CW_DTCL_DTCR_STC,T20260330100301,51.5570838,TRUE,TRUE,TRUE,TRUE,TRUE,TRUE,TRUE,4S2RND2HBL06DS,v1.0.1,2025_12_22,313.8467,323.1898,473.9348,302.7971,294.457,151.5099,147.6928,343.3399,333.0634,490.338,-6.9011,2.7349,-0.0001,0,-0.2262,1.5578,-0.2202,1.5558,0.6668,154.7383,150.7617,148.6074,153.6768,151.946,0.8194,0.8033,0.84,0.7842,0.7842,0.776,0.7565,0.7949,0.756,0.756,0.8237,0.8113,0.8146,0.7651,0.7443,0.7213,0.7577,0.6978,0.6978,0.8132,0.8216,0.8239,0.8171,0.8132,0.8442,0.7905,0.768,0.8434,0.8088,0.81,0.804,0.7779,0.768,0,0,0,0,0,v1.0.1,2025_12_22,313.8777,323.2014,475.1007,302.6475,294.2171,150.5,146.5,343.4133,333.2254,491.3451,-6.9158,2.7215,-0.0001,0,-0.2263,1.5569,-0.2197,1.5557,0.6667,161.4531,157.7188,163.2607,162.1895,161.1555,0.6778,0.6708,0.6872,0.686,0.6708,0.6556,0.6226,0.6552,0.6601,0.6226,0.6516,0.6588,0.6546,0.6471,0.6185,0.6275,0.6325,0.6281,0.6185,0.6666,0.4939,0.6684,0.6789,0.4939,0.6557,0.6568,0.642,0.6728,0.6461,0.6705,0.6632,0.634,0.634,0,0,0,0,0,v1.0.1,2025_12_22,312.2075,315.5,437.3661,301.2589,298.4919,184.0887,183.878,330.3333,326.5,446.3898,-7.8113,-3.9858,-0.0001,0,-0.2128,1.5663,-0.2146,1.5615,0.6751,176.2373,174.9775,172.8496,175.3027,174.8418,0.7845,0.6876,0.8071,0.6717,0.6717,0.7431,0.6448,0.7665,0.6608,0.6448,0.7806,0.7795,0.7647,0.7078,0.7078,0.7339,0,0.699,0.741,0.699,0,0,0,0,0,v1.0.1,2025_12_22,312.4,315.5,438.2545,301,298.3833,183.3417,182.952,330.4,326.6,447.1417,-7.782,-4.0233,-0.0001,0,-0.2142,1.5646,-0.2141,1.5628,0.6748,148.0098,143.1826,142.7275,145.5234,144.8608,0.6605,0.589,0.6842,0.6037,0.589,0.6245,0.554,0.6293,0.5856,0.554,0.6389,0.6453,0.641,0.6227,0.6227,0.5984,0.5543,0.5524,0.5723,0.5524,0,0,0,0,0,-0.0061,-0.0597,-0.0045,-0.0423,-0.0413,-0.0096,-0.0756,-0.0136,-0.0298,-0.0296,0.0087,-0.0112,0.0016,-0.0056,-0.0782,-0.0928,-0.0444,-0.0529,-0.0241,0.0108,0.0012,-0.0362,-0.0109,-0.0286,-0.0058,0.001,-0.0562,0.0079,-0.0127,-0.0247,-0.0017,-0.0027,-0.0119,0.0056,-0.0452,-0.0471,-0.0246,0.0067,-0.0068,-0.0202,-0.0087,-0.1376,0.003,-0.1264,-0.1215,-0.0106,-0.1432,0.0091,-0.0936,-0.1089,0.003,0.0156,0.0138,0.0072,0.0035,-0.0383,0.0029,-0.0871,0.0015,-0.0724,-0.0686,-0.0074,-0.1013,-0.0034,-0.0623,-0.0779,-0.0008,0.0107,0.0032,0.0054,0.0054,0.0147,-0.0315,TRUE,TRUE
DTC_R_7,LanSi,1,CW_01,B,2026-03-30 10:02:10+08:00,ONLINE,FALSE,,CW_1_01,PASS,,,51.5979744,_2026033010021002701,T20260330100210,DESKTOP-P2DUL42,Loma,1,CW_1_01,1,paul di,2024.0718.155524,V20260126.2,CW_DTCL_DTCR_STC,T20260330100301,51.5979744,TRUE,TRUE,TRUE,TRUE,TRUE,TRUE,TRUE,4S2RND2HBL0DP6,v1.0.1,2025_12_22,315.0882,316.5,474.9118,296.5,295.4189,146.9797,149.3553,336.5526,335.2254,484.3451,-5.5001,-3.3245,-0.0001,0,-0.224,1.5548,-0.2199,1.5509,0.6654,155.8691,152.6895,152.292,155.8818,154.1831,0.8627,0.8331,0.8696,0.8254,0.8254,0.8128,0.7553,0.8198,0.7763,0.7553,0.8194,0.805,0.8103,0.8049,0.7644,0.7386,0.7364,0.6941,0.6941,0.8359,0.8007,0.7922,0.98,0.7922,0.858,0.7771,0.7736,0.8174,0.825,0.7561,0.7392,0.842,0.7392,0,0,0,0,0,v1.0.1,2025_12_22,315.05,316.4214,475.9214,296.3571,295.1233,145.9384,148.0952,336.7619,335.2708,485.3403,-5.6078,-3.3362,-0.0001,0,-0.2236,1.5539,-0.2207,1.5511,0.6652,162.9619,157.4443,165.832,165.168,162.8516,0.7088,0.687,0.7162,0.7051,0.687,0.6713,0.6526,0.6836,0.6402,0.6402,0.6444,0.6445,0.672,0.6571,0.6313,0.6283,0.6083,0.5981,0.5981,0.687,0.66,0.6546,0.3488,0.3488,0.6436,0.6481,0.6519,0.6762,0.662,0.6541,0.6275,0.6892,0.6275,0,0,0,0,0,v1.0.1,2025_12_22,317.1509,327.9434,441.7168,312.6814,302.622,195.1417,188.4754,342.2377,331.5487,456.3894,-3.1972,7.3787,0,0.0001,-0.2214,1.5613,-0.2101,1.5587,0.6721,176.333,175.8623,175.5996,177.6904,176.3713,0.8045,0.7108,0.8301,0.6949,0.6949,0.7476,0.6506,0.774,0.6507,0.6506,0.7699,0.7686,0.7605,0.7452,0.7452,0.7482,0.6682,0.7344,0,0.6682,0,0,0,0,0,v1.0.1,2025_12_22,317.1226,328.0472,442.4522,312.6174,302.5403,194.7016,187.5207,342.3802,331.646,457.2212,-3.2436,7.4935,0,0.0001,-0.222,1.5614,-0.2096,1.5583,0.672,147.9795,142.7852,144.332,145.7705,145.2168,0.6567,0.6081,0.6885,0.6104,0.6081,0.6293,0.5802,0.6467,0.5608,0.5608,0.6431,0.6318,0.6364,0.6206,0.6206,0.5841,0.5444,0.582,0.4611,0.4611,0,0,0,0,0,-0.0021,-0.0507,-0.0014,-0.0419,-0.0394,-0.0196,-0.0622,-0.0022,-0.0618,-0.0622,0.0006,-0.0114,-0.0007,-0.0105,-0.0436,-0.0734,-0.0634,-0.1454,-0.0093,-0.0195,-0.0023,-0.0391,-0.0069,-0.0117,-0.0241,-0.0081,-0.0252,0.0024,-0.0401,-0.0376,-0.0126,-0.007,0.0037,-0.0091,-0.0286,-0.0369,-0.0267,-0.0408,0.0006,-0.009,0.0024,-0.1058,0.0218,-0.1161,-0.1072,-0.0226,-0.1145,-0.0002,-0.1394,-0.1145,0.002,0.0061,0.0087,-0.0065,-0.0034,-0.0146,-0.0045,-0.0724,0.0193,-0.0671,-0.0531,-0.0051,-0.0702,0.002,-0.0792,-0.0736,0.0021,-0.0109,0.0111,-0.0025,-0.0025,-0.0072,-0.0114,TRUE,TRUE
DTC_L_8,LanSi,1,CW_01,C,2026-03-30 10:04:38+08:00,ONLINE,FALSE,,CW_1_01,PASS,,,51.4846092,_2026033010043816902,T20260330100438,DESKTOP-P2DUL42,Loma,1,CW_1_01,2,paul di,2024.0718.155524,V20260126.2,CW_DTCL_DTCR_STC,T20260330100529,51.4846092,TRUE,TRUE,TRUE,TRUE,TRUE,TRUE,TRUE,4S2RND2HBL06DS,v1.0.1,2025_12_22,315.2612,321.2313,475.8088,300.0956,296.2353,149.4575,149.9257,341.1959,334.773,487.5461,-5.0992,0.4053,-0.0001,0,-0.2304,1.56,-0.2197,1.5535,0.6659,154.958,151.1465,149.5645,154.8516,152.6301,0.8181,0.8163,0.8392,0.7933,0.7933,0.7878,0.7576,0.8,0.75,0.75,0.8228,0.8151,0.8052,0.7564,0.7197,0.7148,0.7488,0.6912,0.6912,0.832,0.2406,0.8148,0.761,0.2406,0.8388,0.8047,0.7554,0.839,0.8202,0.7633,0.7816,0.7768,0.7554,0,0,0,0,0,v1.0.1,2025_12_22,315.2766,321.383,476.9353,300.0647,296.0392,148.6078,148.7368,341.3487,334.8345,488.6187,-5.1355,0.5046,-0.0001,0,-0.2306,1.5594,-0.2188,1.5539,0.666,160.5098,157.0303,163.001,161.9199,160.6152,0.6873,0.6853,0.6967,0.6997,0.6853,0.6537,0.6241,0.6549,0.6424,0.6241,0.65,0.6524,0.6585,0.6256,0.6057,0.6195,0.635,0.6106,0.6057,0.6836,0.5199,0.6632,0.6347,0.5199,0.6284,0.6813,0.6321,0.6847,0.6884,0.6445,0.6693,0.626,0.626,0,0,0,0,0,v1.0.1,2025_12_22,313.934,313.5755,439.0531,298.8407,300.2869,182.2459,185.6777,328.3223,328.0169,443.9492,-6.1063,-6.1133,-0.0001,-0.0001,-0.2167,1.5667,-0.214,1.5627,0.6747,175.4775,174.8457,173.0645,175.5391,174.7317,0.7901,0.7001,0.7963,0.6854,0.6854,0.7399,0.6411,0.7683,0.6481,0.6411,0.7747,0.7741,0.7633,0.6783,0.6783,0.7399,0,0.7173,0.6562,0.6562,0,0,0,0,0,v1.0.1,2025_12_22,313.9524,313.6286,439.7699,298.7699,300.0431,181.5862,184.7769,328.3388,328.0431,444.8707,-6.1829,-6.0612,-0.0001,-0.0001,-0.217,1.5653,-0.2129,1.5633,0.6747,147.2471,143.291,142.0215,145.1289,144.4221,0.6635,0.5958,0.6727,0.6113,0.5958,0.6157,0.5519,0.6325,0.5754,0.5519,0.6305,0.6268,0.629,0.5949,0.5949,0.578,0.5278,0.5855,0.5506,0.5278,0,0,0,0,0,-0.0074,-0.0467,-0.0053,-0.0332,-0.0322,0.0022,-0.0745,-0.0085,-0.0358,-0.0356,0.0078,-0.0074,-0.0078,-0.0143,-0.1028,-0.0993,-0.0533,-0.0595,-0.0053,0.0017,0.0107,-0.0217,-0.0014,-0.0149,0.0087,-0.0009,-0.0547,0.0076,-0.0304,-0.0232,-0.0033,-0.0091,-0.008,-0.0159,-0.058,-0.0551,-0.0221,-0.0108,0.0102,-0.0254,-0.0031,-0.1251,-0.0078,-0.1127,-0.1078,-0.0138,-0.1469,0.0109,-0.1063,-0.1126,-0.0029,0.0102,0.0124,-0.0223,0.0095,-0.02,0.0059,-0.0803,-0.01,-0.0648,-0.0618,-0.0162,-0.1034,-0.0002,-0.0725,-0.08,-0.0092,-0.0078,-0.0088,-0.0224,-0.0224,-0.0057,0.0016,TRUE,TRUE
DTC_R_8,LanSi,1,CW_01,C,2026-03-30 10:04:38+08:00,ONLINE,FALSE,,CW_1_01,PASS,,,51.4786254,_2026033010043818401,T20260330100438,DESKTOP-P2DUL42,Loma,1,CW_1_01,1,paul di,2024.0718.155524,V20260126.2,CW_DTCL_DTCR_STC,T20260330100529,51.4786254,TRUE,TRUE,TRUE,TRUE,TRUE,TRUE,TRUE,4S2RND2HBL0DP6,v1.0.1,2025_12_22,315.0657,316.8467,474.8467,296.8102,295.44,147.16,149.2568,337.0811,335.3077,484.5804,-5.5166,-3.0043,-0.0001,0,-0.2242,1.5551,-0.2209,1.5502,0.665,154.1045,152.2363,151.9814,154.166,153.1221,0.862,0.8198,0.8679,0.8261,0.8198,0.8205,0.7783,0.8296,0.7829,0.7783,0.8188,0.8144,0.8136,0.804,0.7543,0.7535,0.6926,0.7102,0.6926,0.8475,0.8144,0.7937,0.3547,0.3547,0.8475,0.768,0.7759,0.8298,0.8166,0.7174,0.7651,0.8491,0.7174,0,0,0,0,0,v1.0.1,2025_12_22,315.0429,316.8929,475.8913,296.8261,295.1497,146.1701,148.0336,337.1745,335.5,485.589,-5.5765,-2.9695,-0.0001,0,-0.2236,1.5543,-0.2203,1.5496,0.665,163.4756,157.1836,165.7998,166.1533,163.1531,0.7014,0.6956,0.7173,0.6911,0.6911,0.6832,0.6518,0.6678,0.6526,0.6518,0.6453,0.6514,0.655,0.6599,0.6367,0.6474,0.5993,0.6104,0.5993,0.6885,0.6506,0.6608,0.5372,0.5372,0.6417,0.6704,0.6464,0.6826,0.6574,0.64,0.6612,0.6682,0.64,0,0,0,0,0,v1.0.1,2025_12_22,317.0849,328.3302,441.469,313.1504,302.622,195.1732,188.5,342.5,331.5702,456.5614,-3.2508,7.6431,0,0.0001,-0.2209,1.5621,-0.2092,1.5578,0.6724,176.5898,176.5049,176.542,177.6074,176.811,0.8038,0.7128,0.8158,0.7001,0.7001,0.7595,0.6557,0.7773,0.6754,0.6557,0.7645,0.7592,0.7592,0.7394,0.7394,0.746,0.6757,0.7372,0,0.6757,0,0,0,0,0,v1.0.1,2025_12_22,317.0849,328.3302,442.2818,313.1,302.5041,194.5537,187.5167,342.5833,331.6195,457.4513,-3.2986,7.7037,0,0.0001,-0.2205,1.5617,-0.209,1.5582,0.6726,148.3154,142.6211,144.1729,146.2715,145.3452,0.6621,0.6009,0.6938,0.6099,0.6009,0.6346,0.5751,0.6385,0.5699,0.5699,0.6313,0.6336,0.6578,0.6234,0.6234,0.5932,0.5418,0.5859,0.5435,0.5418,0,0,0,0,0,-0.0028,-0.064,-0.0031,-0.0412,-0.045,-0.0119,-0.0392,0.0076,-0.0552,-0.0392,0,-0.002,0.0026,-0.0114,-0.0537,-0.0585,-0.1072,-0.1293,0.0023,-0.018,-0.0097,-0.0305,-0.0058,-0.0257,-0.02,0.0038,-0.026,-0.0134,-0.0277,-0.026,-0.0117,-0.0001,-0.0133,-0.0063,-0.0232,-0.0178,-0.0357,-0.0285,0.0021,-0.0028,0.0017,-0.1038,0.0075,-0.1109,-0.102,-0.0107,-0.1094,0.0031,-0.1147,-0.1094,-0.0034,-0.0033,0.0074,-0.0123,-0.0056,-0.0118,0.0009,-0.0796,0.0246,-0.0676,-0.0603,0.0002,-0.0753,-0.0062,-0.0701,-0.0645,-0.0097,-0.0091,0.0325,0.0003,0.0003,0.0019,-0.0075,TRUE,TRUE
DTC_R_9,LanSi,1,CW_01,A,2026-03-30 10:07:22+08:00,ONLINE,FALSE,,CW_1_01,PASS,,,51.7215252,_2026033010072238101,T20260330100722,DESKTOP-P2DUL42,Loma,1,CW_1_01,1,paul di,2024.0718.155524,V20260126.2,CW_DTCL_DTCR_STC,T20260330100814,51.7215252,TRUE,TRUE,TRUE,TRUE,TRUE,TRUE,TRUE,4S2RND2HBL0DP6,v1.0.1,2025_12_22,315.3037,317.9185,475.7868,298.4412,295.7431,149.3472,149.4189,338.0405,336,485.5,-5.0495,-1.6505,-0.0001,0,-0.2203,1.5548,-0.2202,1.5474,0.6654,155.0586,152.292,152.0684,155.0605,153.6199,0.8698,0.7867,0.8605,0.7643,0.7643,0.8191,0.7563,0.8101,0.7759,0.7563,0.8209,0.8099,0.8111,0.8175,0.7219,0.7459,0.7578,0.7059,0.7059,0.8287,0.8164,0.8113,0.3977,0.3977,0.8427,0.7688,0.7689,0.8342,0.7706,0.6667,0.8416,0.85,0.6667,0,0,0,0,0,v1.0.1,2025_12_22,315.2647,317.8897,476.8309,298.2353,295.6712,148.3836,148.2381,338.0952,336.0336,486.4698,-5.0923,-1.6853,-0.0001,0,-0.2205,1.5552,-0.2199,1.5477,0.6656,162.5488,157.2822,165.7607,165.2227,162.7036,0.7065,0.6611,0.7104,0.6641,0.6611,0.6725,0.6423,0.6686,0.6686,0.6423,0.6536,0.652,0.6526,0.6637,0.6271,0.6389,0.5997,0.6,0.5997,0.6773,0.6613,0.6694,0.1354,0.1354,0.6392,0.644,0.6468,0.6575,0.65,0.5711,0.632,0.6703,0.5711,0,0,0,0,0,v1.0.1,2025_12_22,317.514,329.1682,442.3448,314.4224,303.0492,197.2131,188.7886,343.4065,332.0619,456.8142,-2.7483,8.7049,0,0.0001,-0.2171,1.5611,-0.2096,1.5568,0.6728,175.9854,175.6055,175.8496,177.4863,176.2317,0.805,0.6477,0.8318,0.5982,0.5982,0.7613,0.6276,0.7817,0.6547,0.6276,0.7658,0.7694,0.7558,0.7411,0.7411,0.7562,0.6733,0.7313,0,0.6733,0,0,0,0,0,v1.0.1,2025_12_22,317.5,329.1132,443.1376,314.3211,302.879,196.629,187.8361,343.4836,332.1579,457.6228,-2.7979,8.734,0,0.0001,-0.2167,1.5604,-0.2099,1.5567,0.6726,147.8281,142.6152,144.3174,145.7061,145.1167,0.6626,0.5613,0.6786,0.5282,0.5282,0.6449,0.5608,0.6513,0.5593,0.5593,0.6352,0.6217,0.633,0.6253,0.6217,0.583,0.5646,0.5757,0.3768,0.3768,0,0,0,0,0,0.005,-0.0971,-0.0105,-0.103,-0.1005,-0.0133,-0.0612,-0.0119,-0.0622,-0.0612,0.0021,-0.0065,0.0001,0.0021,-0.0861,-0.0661,-0.042,-0.1336,-0.0165,-0.0004,-0.0046,-0.065,-0.0127,-0.0527,-0.05,-0.0069,-0.0355,-0.0126,-0.0117,-0.0355,-0.0034,0.0005,-0.0157,-0.0025,-0.0328,-0.0263,-0.0353,-0.0389,-0.0091,0.0058,0.0029,-0.1689,0.0235,-0.2128,-0.2039,-0.0089,-0.1375,0.0075,-0.1354,-0.1375,-0.0021,0.0069,0.004,-0.0106,0.0046,-0.0177,0.0014,-0.1192,0.0094,-0.1493,-0.133,0.0105,-0.0896,0.0066,-0.0807,-0.0751,-0.0058,-0.021,0.0077,0.0022,-0.0014,-0.0083,-0.0177,TRUE,TRUE
DTC_L_9,LanSi,1,CW_01,A,2026-03-30 10:07:22+08:00,ONLINE,FALSE,,CW_1_01,PASS,,,51.5809011,_2026033010072252002,T20260330100722,DESKTOP-P2DUL42,Loma,1,CW_1_01,2,paul di,2024.0718.155524,V20260126.2,CW_DTCL_DTCR_STC,T20260330100814,51.5809011,TRUE,TRUE,TRUE,TRUE,TRUE,TRUE,TRUE,4S2RND2HBL06DS,v1.0.1,2025_12_22,314.1533,322.8102,474.4167,302.1288,294.8792,151.9195,148.0789,342.5,333.3857,489.3357,-6.5172,2.2388,-0.0001,0,-0.2278,1.558,-0.2175,1.5553,0.667,154.3584,150.1943,148.5176,153.6836,151.6885,0.8272,0.794,0.8541,0.8037,0.794,0.78,0.7633,0.8001,0.7553,0.7553,0.7974,0.8096,0.8108,0.7701,0.7826,0.671,0.762,0.7088,0.671,0.8138,0.98,0.8366,0.807,0.807,0.8439,0.7775,0.7783,0.8373,0.8247,0.7877,0.8025,0.7592,0.7592,0,0,0,0,0,v1.0.1,2025_12_22,314.1087,322.8261,475.563,302.0444,294.8503,150.8299,146.9865,342.7838,333.5986,490.4085,-6.4786,2.2785,-0.0001,0,-0.2275,1.5588,-0.2183,1.5545,0.6669,161.1299,157.4346,163.1631,162.0322,160.9399,0.6954,0.6679,0.6869,0.6956,0.6679,0.6588,0.6293,0.6591,0.6517,0.6293,0.6506,0.6543,0.6524,0.6262,0.6337,0.6035,0.6288,0.6157,0.6035,0.6785,0.5745,0.6718,0.6538,0.5745,0.6449,0.6586,0.6379,0.6811,0.6751,0.6668,0.6716,0.64,0.6379,0,0,0,0,0,v1.0.1,2025_12_22,312.767,315,437.7679,300.6696,298.9667,183.9583,184.438,329.6116,326.9298,445.4211,-7.3261,-4.5679,-0.0001,0,-0.2136,1.5654,-0.2129,1.5621,0.6752,175.8154,174.9697,172.8174,175.2354,174.7095,0.804,0.6843,0.8115,0.6844,0.6843,0.7368,0.6577,0.7589,0.6607,0.6577,0.7731,0.776,0.7641,0.7032,0.7032,0.7309,0,0.7161,0.6869,0.6869,0,0,0,0,0,v1.0.1,2025_12_22,312.8077,314.9615,438.6154,300.547,298.7603,183.1157,183.4622,329.6303,327,446.1849,-7.3709,-4.6121,-0.0001,0,-0.2136,1.5641,-0.2124,1.5625,0.6752,147.5596,143.04,142.2988,144.9902,144.4722,0.657,0.5866,0.6757,0.592,0.5866,0.6332,0.551,0.629,0.5812,0.551,0.6296,0.6301,0.6364,0.6065,0.6065,0.5977,0.5542,0.5894,0.5678,0.5542,0,0,0,0,0,0.0017,-0.069,0.0096,-0.0228,-0.0315,-0.0056,-0.0688,-0.0084,-0.0305,-0.0303,-0.0176,-0.0129,-0.0022,-0.0006,-0.0399,-0.1431,-0.0401,-0.0419,-0.0235,0.0235,0.0188,-0.0391,-0.0112,-0.019,-0.0087,0.0042,-0.0495,0.0118,-0.0211,-0.018,-0.0027,-0.0072,-0.0141,-0.0153,-0.03,-0.0711,-0.0283,-0.0057,0.0051,-0.0168,0.0108,-0.1409,0.0074,-0.1137,-0.1089,-0.0169,-0.1303,0.0015,-0.0937,-0.096,-0.0045,0.0121,0.0132,0.0026,0.0005,-0.0212,-0.0006,-0.0895,-0.007,-0.0841,-0.071,0.0013,-0.1043,-0.0037,-0.0667,-0.0809,-0.0101,-0.0045,-0.0014,-0.0108,-0.0108,0.014,0.0055,TRUE,TRUE
DTC_R_10,LanSi,1,CW_01,B,2026-03-30 10:45:30+08:00,ONLINE,FALSE,,CW_1_01,PASS,,,51.4019721,_2026033010453038901,T20260330104530,DESKTOP-P2DUL42,Loma,1,CW_1_01,1,paul di,2024.0718.155524,V20260126.2,CW_DTCL_DTCR_STC,T20260330104621,51.4019721,TRUE,TRUE,TRUE,TRUE,TRUE,TRUE,TRUE,4S2RND2HBL0DP6,v1.0.1,2025_12_22,315.0438,316.4818,474.9118,296.5,295.3034,146.6552,149.3072,336.6601,335.2643,484.2071,-5.5339,-3.3992,-0.0001,0,-0.2238,1.5546,-0.2206,1.5503,0.6651,154.2568,151.8408,151.2451,154.1016,152.8611,0.8568,0.8267,0.8763,0.8059,0.8059,0.8151,0.7492,0.8212,0.7813,0.7492,0.8123,0.7999,0.8271,0.8274,0.7565,0.7461,0.7197,0.7267,0.7197,0.836,0.8112,0.8089,0.98,0.8089,0.8409,0.7825,0.7743,0.8203,0.8148,0.8244,0.7755,0.8585,0.7743,0,0,0,0,0,v1.0.1,2025_12_22,314.964,316.4676,475.9568,296.3885,295.137,145.7808,148.1216,336.723,335.4621,485.2759,-5.5717,-3.3728,-0.0001,0,-0.2236,1.5546,-0.2203,1.5494,0.6651,162.9092,157.2705,165.7051,165.2129,162.7744,0.6968,0.6838,0.7209,0.695,0.6838,0.6712,0.6428,0.6705,0.6676,0.6428,0.6421,0.6546,0.6704,0.6617,0.6393,0.6429,0.5958,0.6185,0.5958,0.6737,0.6723,0.6632,0.4561,0.4561,0.6529,0.6569,0.6669,0.663,0.68,0.6488,0.6578,0.6815,0.6488,0,0,0,0,0,v1.0.1,2025_12_22,317.1143,327.8286,441.6696,312.7054,302.5669,195.0551,188.4715,342.187,331.7478,456.0957,-3.186,7.2743,0,0.0001,-0.2203,1.5612,-0.2106,1.5567,0.6717,176.1211,175.8418,175.9502,177.4414,176.3386,0.7924,0.7072,0.813,0.6666,0.6666,0.761,0.6552,0.7731,0.6797,0.6552,0.7741,0.7647,0.7506,0.7445,0.7445,0.7359,0.6861,0.7419,0,0.6861,0,0,0,0,0,v1.0.1,2025_12_22,317.0935,328,442.4522,312.6174,302.4683,194.3492,187.5667,342.3583,331.8496,456.9469,-3.214,7.3544,0,0.0001,-0.2216,1.5613,-0.2099,1.5563,0.6715,148.0557,142.7754,144.3301,145.7041,145.2163,0.6414,0.6071,0.6847,0.5707,0.5707,0.6263,0.5734,0.6496,0.5778,0.5734,0.6443,0.6246,0.6339,0.6225,0.6225,0.608,0.5507,0.5824,0.4906,0.4906,0,0,0,0,0,-0.008,-0.0571,0.0053,-0.0614,-0.0589,-0.0173,-0.0683,-0.0008,-0.0568,-0.0683,-0.0065,-0.0165,0.0161,0.012,-0.0515,-0.0659,-0.0801,-0.1128,-0.0092,-0.0028,-0.0143,-0.0423,-0.0022,-0.0218,-0.0273,-0.0082,-0.035,-0.0107,-0.0127,-0.035,-0.0149,0.0031,0.0021,-0.0045,-0.0206,-0.0223,-0.0392,-0.0204,-0.0127,-0.0004,-0.0097,-0.1094,0.0047,-0.1444,-0.1355,-0.0092,-0.1099,-0.0011,-0.1104,-0.1099,0.0062,0.0022,-0.0012,-0.0072,-0.0157,-0.0071,-0.0198,-0.0734,0.0155,-0.1068,-0.0905,-0.0081,-0.077,0.0049,-0.0622,-0.061,0.0033,-0.0181,0.0086,-0.0006,-0.0006,0.0167,-0.011,TRUE,TRUE
DTC_L_10,LanSi,1,CW_01,B,2026-03-30 10:45:30+08:00,ONLINE,FALSE,,CW_1_01,PASS,,,51.2384102,_2026033010453056502,T20260330104530,DESKTOP-P2DUL42,Loma,1,CW_1_01,2,paul di,2024.0718.155524,V20260126.2,CW_DTCL_DTCR_STC,T20260330104621,51.2384102,TRUE,TRUE,TRUE,TRUE,TRUE,TRUE,TRUE,4S2RND2HBL06DS,v1.0.1,2025_12_22,315.219,322.3212,475.7132,301.4926,296.4133,151.5,149.7248,342.2148,334.6296,487.9556,-5.16,1.5968,-0.0001,0,-0.2285,1.5606,-0.2191,1.5536,0.6666,155.0859,151.1338,149.3564,154.2021,152.4446,0.827,0.7819,0.8419,0.7874,0.7819,0.782,0.752,0.8011,0.7441,0.7441,0.8223,0.8,0.8154,0.7597,0.729,0.7222,0.7613,0.6924,0.6924,0.806,0.7289,0.8192,0.7851,0.7289,0.8475,0.7458,0.7247,0.8221,0.8182,0.772,0.7696,0.7632,0.7247,0,0,0,0,0,v1.0.1,2025_12_22,315.2,322.4143,476.7357,301.35,296.1908,150.5132,148.5101,342.3691,334.7914,488.9568,-5.2144,1.6207,-0.0001,0,-0.2292,1.5601,-0.2186,1.5532,0.6664,162.2891,157.4922,163.2969,163.1963,161.5686,0.6772,0.6645,0.7057,0.6915,0.6645,0.6588,0.6335,0.6663,0.6502,0.6335,0.6545,0.6525,0.646,0.6248,0.628,0.6312,0.6244,0.6022,0.6022,0.6896,0.5139,0.6952,0.6638,0.5139,0.6376,0.6133,0.6028,0.6804,0.6687,0.6725,0.6577,0.6263,0.6028,0,0,0,0,0,v1.0.1,2025_12_22,313.9151,314.6698,438.8929,300.0625,300.3525,184.082,185.7769,329.3388,328.0265,444.4513,-6.1072,-4.9791,-0.0001,0,-0.2158,1.5668,-0.2135,1.562,0.6749,175.4551,174.6143,172.6133,174.9912,174.4185,0.7911,0.6564,0.7957,0.6626,0.6564,0.7427,0.6457,0.7563,0.6445,0.6445,0.7685,0.7831,0.763,0.6956,0.6956,0.7198,0,0.7259,0.6613,0.6613,0,0,0,0,0,v1.0.1,2025_12_22,313.9038,314.6058,439.7143,299.8929,300.2167,183.2083,184.9016,329.377,328.0789,445.3333,-6.1369,-5.0165,-0.0001,-0.0001,-0.2159,1.5665,-0.2135,1.5623,0.6748,148.8174,143.4004,142.3955,146.459,145.2681,0.6561,0.5625,0.662,0.6008,0.5625,0.622,0.5506,0.6303,0.5675,0.5506,0.6311,0.6258,0.6511,0.6002,0.6002,0.5812,0.4897,0.5885,0.5616,0.4897,0,0,0,0,0,0.0015,-0.0811,-0.0026,-0.0391,-0.0436,-0.0036,-0.0801,-0.0074,-0.0417,-0.0415,0.0073,-0.0225,0.0024,-0.011,-0.0935,-0.0919,-0.0408,-0.0583,-0.0313,0.0061,0.0006,-0.0425,0.0076,-0.0231,-0.0121,0.0042,-0.0453,0.019,-0.0226,-0.0138,0.0012,-0.009,-0.0205,-0.0167,-0.0357,-0.0434,-0.0327,-0.0192,0.0162,0.0066,-0.0021,-0.1688,-0.0084,-0.1355,-0.1368,-0.011,-0.1423,-0.0011,-0.1099,-0.1092,-0.0091,0.0192,0.0121,-0.005,-0.0106,-0.0114,-0.0015,-0.1136,-0.0207,-0.0753,-0.0951,-0.0099,-0.1047,-0.0024,-0.0804,-0.0813,-0.0086,-0.0088,0.0133,-0.0171,-0.0171,-0.0025,0.0046,TRUE,TRUE
DTC_L_11,LanSi,1,CW_01,C,2026-03-30 10:48:12+08:00,ONLINE,FALSE,,CW_1_01,PASS,,,51.6617706,_2026033010481285902,T20260330104812,DESKTOP-P2DUL42,Loma,1,CW_1_01,2,paul di,2024.0718.155524,V20260126.2,CW_DTCL_DTCR_STC,T20260330104904,51.6617706,TRUE,TRUE,TRUE,TRUE,TRUE,TRUE,TRUE,4S2RND2HBL06DS,v1.0.1,2025_12_22,314.1397,322.6765,474.5152,301.9167,294.7815,151.5828,148.1656,342.4238,333.3688,489.4752,-6.5059,2.115,-0.0001,0,-0.2282,1.5576,-0.2179,1.5555,0.6668,153.7236,149.9697,148.25,153.292,151.3088,0.8292,0.803,0.8414,0.7952,0.7952,0.7845,0.7456,0.7907,0.765,0.7456,0.8039,0.8132,0.8125,0.7695,0.7343,0.6969,0.7766,0.7091,0.6969,0.8061,0.5615,0.8364,0.8241,0.5615,0.8485,0.7526,0.729,0.8494,0.818,0.8256,0.7952,0.7839,0.729,0,0,0,0,0,v1.0.1,2025_12_22,314.1087,322.8261,475.7426,301.8015,294.7815,150.5828,147,342.5461,333.5915,490.5,-6.4551,2.1513,-0.0001,0,-0.2288,1.5585,-0.2169,1.5546,0.6668,162.21,157.834,163.5596,163.4053,161.7522,0.675,0.6941,0.7009,0.698,0.675,0.6709,0.627,0.6517,0.656,0.627,0.6481,0.6554,0.6574,0.6341,0.6053,0.6154,0.6461,0.6092,0.6053,0.6739,0.4776,0.6771,0.69,0.4776,0.6666,0.6454,0.6201,0.6812,0.6739,0.6841,0.6753,0.6299,0.6201,0,0,0,0,0,v1.0.1,2025_12_22,312.7573,314.9417,438,300.3148,299,184,184.5,329.5,326.9565,445.3739,-7.2572,-4.6739,-0.0001,0,-0.2157,1.5656,-0.2125,1.5618,0.6748,175.4033,174.5615,172.7393,175.1846,174.4722,0.8005,0.7143,0.8035,0.6917,0.6917,0.7543,0.6477,0.7658,0.666,0.6477,0.7812,0.764,0.7634,0.7018,0.7018,0.742,0,0.7364,0.7419,0.7364,0,0,0,0,0,v1.0.1,2025_12_22,312.767,315,438.7522,300.3097,298.8621,183.2759,183.5,329.5,327,446.1849,-7.3237,-4.6459,-0.0001,0,-0.2156,1.5651,-0.2112,1.5622,0.6751,148.5801,143.5244,142.9043,146.3574,145.3416,0.666,0.6024,0.6721,0.6125,0.6024,0.6395,0.5509,0.6306,0.5711,0.5509,0.6205,0.6424,0.6399,0.6072,0.6072,0.5852,0.4965,0.5899,0.5887,0.4965,0,0,0,0,0,0.0037,-0.06,-0.0031,-0.0313,-0.0303,-0.0011,-0.0865,-0.0178,-0.0208,-0.04,-0.0111,-0.0093,-0.0005,-0.0012,-0.0882,-0.1172,-0.0255,-0.0416,-0.0312,0.0233,-0.0016,-0.0129,0.0028,-0.0166,-0.0016,0.0163,-0.0518,0.0044,-0.0168,-0.0203,-0.0052,-0.0061,-0.0091,-0.0074,-0.0584,-0.0592,-0.011,-0.0122,0.0005,-0.0115,0.0073,-0.1109,-0.0006,-0.1064,-0.1015,0.0006,-0.1403,0.0084,-0.0884,-0.106,0.0036,0.0001,0.0125,0.0012,0.0116,-0.0009,0.0084,-0.0737,-0.0106,-0.0636,-0.0552,0.0076,-0.1044,-0.0021,-0.0768,-0.081,-0.0192,0.0078,0.0021,-0.0101,-0.0101,0.0015,0.006,TRUE,TRUE
DTC_R_11,LanSi,1,CW_01,C,2026-03-30 10:48:12+08:00,ONLINE,FALSE,,CW_1_01,FAIL,SFR_VIS_25cm_Ny4_06F_ROI14;SFR_VIS_25cm_Ny4_06F_Min;SFR_VIS_25cm_Ny4_06F_ROI14_Dev,sfr_25Algo,51.8572479,_2026033010481285901,T20260330104812,DESKTOP-P2DUL42,Loma,1,CW_1_01,1,paul di,2024.0718.155524,V20260126.2,CW_DTCL_DTCR_STC,T20260330104904,51.8572479,TRUE,TRUE,TRUE,TRUE,TRUE,TRUE,TRUE,4S2RND2HBL0DP6,v1.0.1,2025_12_22,315.0365,316.2409,474.8963,296.3556,295.3557,147.2483,149.2895,336.3816,335.2887,484.2887,-5.5267,-3.397,-0.0001,0,-0.2232,1.5543,-0.2204,1.5503,0.6653,154.9814,152.2637,152.2607,155.0674,153.6433,0.8699,0.823,0.8744,0.8291,0.823,0.8182,0.7593,0.8254,0.7906,0.7593,0.8261,0.8074,0.8208,0.8115,0.6803,0.6294,0.7081,0.7145,0.6294,0.8434,0.8131,0.7939,0.98,0.7939,0.838,0.7641,0.7804,0.8278,0.8013,0.7703,0.7988,0.8581,0.7641,0,0,0,0,0,v1.0.1,2025_12_22,315.0426,316.156,476,296.0863,295.1544,146.2617,148.0397,336.5232,335.4155,485.2887,-5.5696,-3.4368,-0.0001,0,-0.2235,1.5537,-0.2208,1.5504,0.6649,162.5186,157.2666,165.7383,165.0088,162.6331,0.7029,0.678,0.7112,0.6992,0.678,0.6803,0.6361,0.6658,0.6616,0.6361,0.6504,0.6492,0.6598,0.658,0.5915,0.5717,0.5974,0.6106,0.5717,0.6887,0.6679,0.6729,0.4507,0.4507,0.6525,0.669,0.6535,0.6677,0.66,0.6559,0.6546,0.687,0.6525,0,0,0,0,0,v1.0.1,2025_12_22,317.1682,327.8037,441.5948,312.5948,302.76,194.88,188.6,341.952,331.7658,456.2432,-3.1222,7.1948,0,0.0001,-0.2211,1.5623,-0.2091,1.5571,0.6723,176.25,175.502,176.0645,177.4395,176.314,0.8004,0.6906,0.8087,0.7039,0.6906,0.7574,0.7317,0.7824,0.6707,0.6707,0.7606,0.7607,0.7531,0.7224,0.7224,0.7442,0.6851,0.7143,0,0.6851,0,0,0,0,0,v1.0.1,2025_12_22,317.1923,327.9615,442.4779,312.5487,302.5433,194.1181,187.5917,342.2833,331.8919,457,-3.1606,7.2823,0,0.0001,-0.2219,1.5613,-0.2095,1.5569,0.6717,147.9766,142.7002,144.4082,145.7578,145.2107,0.6655,0.5854,0.6792,0.6077,0.5854,0.6369,0.6268,0.6472,0.5826,0.5826,0.6319,0.6431,0.6257,0.6207,0.6207,0.5932,0.5544,0.5696,0.5312,0.5312,0,0,0,0,0,0.0051,-0.0608,0.0034,-0.0382,-0.0418,-0.0142,-0.0582,0.0034,-0.0475,-0.0582,0.0073,-0.009,0.0098,-0.0039,-0.1277,-0.1826,-0.0917,-0.125,-0.0018,-0.0178,-0.0082,-0.0481,-0.0119,-0.0176,-0.0331,0.0009,-0.0417,-0.0154,-0.0187,-0.0417,-0.0066,-0.0023,-0.0085,-0.0082,-0.0684,-0.0935,-0.0376,-0.0283,0.0023,0.0093,-0.0017,-0.126,0.0004,-0.1071,-0.1115,-0.0128,-0.0334,0.0082,-0.1194,-0.0944,-0.0073,-0.0018,0.0013,-0.0293,-0.0074,-0.0347,0.0043,-0.0951,0.01,-0.0698,-0.0758,0.0025,-0.0236,0.0025,-0.0574,-0.0518,-0.0091,0.0004,0.0004,-0.0024,-0.0024,0.0019,-0.0238,TRUE,TRUE
DTC_R_12,LanSi,1,CW_01,A,2026-03-30 10:50:11+08:00,ONLINE,FALSE,,CW_1_01,PASS,,,51.8695913,_2026033010501157201,T20260330105011,DESKTOP-P2DUL42,Loma,1,CW_1_01,1,paul di,2024.0718.155524,V20260126.2,CW_DTCL_DTCR_STC,T20260330105103,51.8695913,TRUE,TRUE,TRUE,TRUE,TRUE,TRUE,TRUE,4S2RND2HBL0DP6,v1.0.1,2025_12_22,315.2941,317.6838,475.8015,298.1765,295.8639,148.6735,149.4211,337.7895,335.8926,485.2752,-5.0454,-1.9803,-0.0001,0,-0.2204,1.5558,-0.2201,1.548,0.6658,154.8438,152.8018,152.623,154.6201,153.7222,0.8524,0.7933,0.8662,0.7573,0.7573,0.8293,0.7523,0.8186,0.7227,0.7227,0.821,0.8082,0.8136,0.8201,0.7304,0.7309,0.7656,0.7281,0.7281,0.8314,0.7798,0.8185,0.2848,0.2848,0.8436,0.7775,0.7488,0.835,0.7945,0.7036,0.8314,0.843,0.7036,0,0,0,0,0,v1.0.1,2025_12_22,315.2676,317.5704,476.8723,298,295.698,147.651,148.2808,337.9247,336.06,486.3467,-5.0642,-2.0014,-0.0001,0,-0.22,1.5556,-0.2208,1.5477,0.6656,161.6846,155.4648,163.7217,163.9844,161.2139,0.7022,0.6712,0.7251,0.6525,0.6525,0.6833,0.6424,0.6634,0.619,0.619,0.6533,0.6588,0.6518,0.6566,0.6343,0.6276,0.6182,0.6127,0.6127,0.669,0.6575,0.6599,0.0874,0.0874,0.6454,0.6488,0.65,0.6648,0.6539,0.5809,0.6392,0.675,0.5809,0,0,0,0,0,v1.0.1,2025_12_22,317.5,329,442.3393,314.1339,303.0167,196.8667,188.6557,343.1721,332.036,456.5405,-2.7905,8.4427,0,0.0001,-0.218,1.5611,-0.209,1.5568,0.6727,176.9531,177.3633,177.2891,178.0635,177.4172,0.7961,0.6576,0.8275,0.5909,0.5909,0.7623,0.6288,0.7744,0.6057,0.6057,0.7794,0.7734,0.752,0.7652,0.752,0.7423,0.6516,0.7231,0,0.6516,0,0,0,0,0,v1.0.1,2025_12_22,317.5,329,443.2364,314.0727,302.9508,196,187.7541,343.3689,332.1062,457.3805,-2.7905,8.4644,0,0.0001,-0.2176,1.5613,-0.2098,1.557,0.6727,147.0293,140.9951,142.5713,144.7812,143.8442,0.6569,0.5652,0.6756,0.5456,0.5456,0.6381,0.5566,0.6448,0.5359,0.5359,0.6411,0.628,0.6288,0.633,0.628,0.5823,0.5282,0.5761,0.3162,0.3162,0,0,0,0,0,-0.0124,-0.0905,-0.0048,-0.11,-0.1075,-0.0031,-0.0652,-0.0034,-0.1154,-0.0948,0.0022,-0.0082,0.0026,0.0047,-0.0776,-0.0811,-0.0342,-0.1114,-0.0138,0.0068,-0.0089,-0.0549,0.002,-0.0643,-0.0586,0.0039,-0.0354,-0.0178,-0.0613,-0.0588,-0.0037,0.0073,-0.0165,-0.0096,-0.0256,-0.0376,-0.0168,-0.0262,-0.0174,-0.0037,-0.006,-0.159,0.0192,-0.2201,-0.2112,-0.0079,-0.1363,0.0002,-0.1844,-0.1594,0.0115,0.0109,0.0002,0.0135,-0.0093,-0.0259,-0.0043,-0.1153,0.0064,-0.1319,-0.1156,0.0037,-0.0938,0.0001,-0.1041,-0.0985,0.0001,-0.0147,0.0035,0.0099,0.0049,-0.009,-0.0173,TRUE,TRUE
DTC_L_12,LanSi,1,CW_01,A,2026-03-30 10:50:11+08:00,ONLINE,FALSE,,CW_1_01,PASS,,,52.0610788,_2026033010501157802,T20260330105011,DESKTOP-P2DUL42,Loma,1,CW_1_01,2,paul di,2024.0718.155524,V20260126.2,CW_DTCL_DTCR_STC,T20260330105103,52.0610788,TRUE,TRUE,TRUE,TRUE,TRUE,TRUE,TRUE,4S2RND2HBL06DS,v1.0.1,2025_12_22,314.2222,322.8667,474.4891,302.4526,294.86,151.6933,148.1879,342.7584,333.5857,489.5214,-6.431,2.3585,-0.0001,0,-0.2262,1.5576,-0.2187,1.5546,0.6668,155.4404,151.1025,148.5898,154.2617,152.3486,0.8278,0.791,0.8457,0.7887,0.7887,0.778,0.7604,0.7978,0.7502,0.7502,0.8115,0.8085,0.7904,0.7617,0.741,0.7089,0.7405,0.6735,0.6735,0.8025,0.98,0.8094,0.8315,0.8025,0.8332,0.7795,0.7783,0.8376,0.7655,0.8156,0.7805,0.7455,0.7455,0,0,0,0,0,v1.0.1,2025_12_22,314.1643,322.9714,475.6331,302.3813,294.7171,150.7105,147.0476,342.9524,333.7606,490.5,-6.4355,2.4031,-0.0001,0,-0.2263,1.5579,-0.2185,1.5538,0.6667,163.502,158.9121,164.4365,164.8564,162.9268,0.6649,0.682,0.695,0.6941,0.6649,0.6656,0.6199,0.648,0.652,0.6199,0.6385,0.646,0.6525,0.6333,0.6187,0.6332,0.6306,0.6077,0.6077,0.6741,0.4911,0.6812,0.6852,0.4911,0.6478,0.661,0.6301,0.6731,0.6467,0.6837,0.6632,0.6317,0.6301,0,0,0,0,0,v1.0.1,2025_12_22,312.9135,315.2212,437.9725,300.8991,299.0339,184.1441,184.4754,329.7623,327.1043,445.6174,-7.2001,-4.3712,-0.0001,0,-0.2135,1.5648,-0.2122,1.5619,0.6752,175.9062,174.5781,171.8154,174.7256,174.2563,0.7831,0.6873,0.7977,0.6738,0.6738,0.7481,0.6455,0.7518,0.6524,0.6455,0.763,0.774,0.7486,0.6927,0.6927,0.7404,0,0.7215,0.731,0.7215,0,0,0,0,0,v1.0.1,2025_12_22,312.9135,315.2212,438.7321,300.7321,298.887,183.4522,183.575,329.7333,327.1111,446.453,-7.2563,-4.3816,-0.0001,0,-0.2141,1.5642,-0.2112,1.5625,0.6753,150.0088,144.4883,143.6611,147.875,146.5083,0.6621,0.5766,0.6818,0.6062,0.5766,0.6308,0.5586,0.6215,0.5908,0.5586,0.6237,0.6367,0.6304,0.6091,0.6091,0.5905,0.5599,0.6102,0.574,0.5599,0,0,0,0,0,0.0023,-0.072,0.0012,-0.0378,-0.0368,-0.0076,-0.0717,-0.0107,-0.0356,-0.0354,-0.0035,-0.014,-0.0226,-0.009,-0.0815,-0.1052,-0.0616,-0.0772,-0.0348,-0.0037,-0.0117,-0.025,-0.0031,-0.0205,-0.0117,0.011,-0.0589,0.0007,-0.0208,-0.0274,-0.0148,-0.0155,-0.014,-0.0082,-0.045,-0.0414,-0.0265,-0.0137,0.0007,-0.0074,-0.0101,-0.1379,-0.0064,-0.1243,-0.1194,-0.0056,-0.1425,-0.0056,-0.102,-0.1082,-0.0146,0.0101,-0.0023,-0.0079,0.01,-0.0158,0.0045,-0.0995,-0.0009,-0.0699,-0.081,-0.0011,-0.0967,-0.0112,-0.0571,-0.0733,-0.016,0.0021,-0.0074,-0.0082,-0.0082,0.0068,0.0263,TRUE,TRUE
DTC_R_13,LanSi,1,CW_01,B,2026-03-30 10:51:52+08:00,ONLINE,FALSE,,CW_1_01,FAIL,SFR_VIS_25cm_Ny4_01F_ROI4_Dev,Dev,51.2283464,_2026033010515250201,T20260330105152,DESKTOP-P2DUL42,Loma,1,CW_1_01,1,paul di,2024.0718.155524,V20260126.2,CW_DTCL_DTCR_STC,T20260330105243,51.2283464,TRUE,TRUE,TRUE,TRUE,TRUE,TRUE,TRUE,4S2RND2HBL0DP6,v1.0.1,2025_12_22,315.3235,316.9632,475.7914,297.3669,295.7172,148.3862,149.3514,336.9324,335.9267,485.6333,-5.078,-2.4436,-0.0001,0,-0.221,1.5545,-0.2192,1.5487,0.6658,154.2373,152.877,152.0732,154.7383,153.4814,0.8655,0.7717,0.8713,0.7458,0.7458,0.8183,0.7507,0.8306,0.7847,0.7507,0.8224,0.8222,0.8091,0.8056,0.7315,0.7162,0.7914,0.7809,0.7162,0.8522,0.7866,0.805,0.98,0.7866,0.8539,0.7543,0.752,0.8247,0.7716,0.6462,0.8401,0.8409,0.6462,0,0,0,0,0,v1.0.1,2025_12_22,315.2086,316.9856,476.8478,297.2391,295.5878,147.4122,148.1538,337.042,336,486.634,-5.1404,-2.4374,-0.0001,0,-0.221,1.5551,-0.219,1.5483,0.6659,160.9824,155.2842,163.5654,164.333,161.0413,0.7093,0.6605,0.7096,0.6532,0.6532,0.6773,0.6339,0.678,0.6532,0.6339,0.6456,0.6567,0.6513,0.6506,0.6169,0.6265,0.645,0.6395,0.6169,0.669,0.6599,0.6614,0.1645,0.1645,0.646,0.6341,0.6432,0.6744,0.6381,0.605,0.6284,0.6628,0.605,0,0,0,0,0,v1.0.1,2025_12_22,317.3394,328.2752,442.2478,313.3186,302.9048,196.4206,188.605,342.395,331.964,456.5405,-2.8878,7.89,0,0.0001,-0.2187,1.5612,-0.2087,1.5568,0.6727,176.5215,177.2041,176.5957,178.5205,177.2104,0.8062,0.6396,0.8108,0.6256,0.6256,0.7702,0.6204,0.7777,0.6792,0.6204,0.7789,0.764,0.7543,0.7582,0.7543,0.7487,0.657,0.7373,0,0.657,0,0,0,0,0,v1.0.1,2025_12_22,317.2453,328.2642,443.1101,313.2752,302.7097,195.7661,187.7769,342.5455,332.0625,457.4107,-2.9191,7.9523,0,0.0001,-0.218,1.561,-0.2093,1.556,0.6724,146.6455,140.9482,142.7881,144.9248,143.8267,0.6583,0.5599,0.6749,0.5555,0.5555,0.6376,0.5452,0.6438,0.5864,0.5452,0.6399,0.6268,0.6302,0.6373,0.6268,0.5801,0.5512,0.5723,0.4049,0.4049,0,0,0,0,0,0.0007,-0.1121,0.0003,-0.1215,-0.119,-0.0141,-0.0668,0.0086,-0.0534,-0.0668,0.0036,0.0058,-0.0019,-0.0098,-0.0765,-0.0958,-0.0084,-0.0586,0.007,-0.0067,-0.0018,-0.0656,-0.0135,-0.0636,-0.0579,-0.0021,-0.0439,-0.0032,-0.0271,-0.0439,-0.0114,0.0052,-0.017,-0.0156,-0.043,-0.0387,0.01,0.0006,-0.0174,-0.0022,0.0041,-0.177,0.0025,-0.1854,-0.1765,0,-0.1447,0.0035,-0.1109,-0.1447,0.011,0.0015,0.0025,0.0065,-0.0029,-0.0117,-0.0029,-0.1206,0.0057,-0.122,-0.1057,0.0032,-0.1052,-0.0009,-0.0536,-0.0892,-0.0011,-0.0159,0.0049,0.0142,0.0037,-0.0112,-0.0211,TRUE,TRUE
DTC_L_13,LanSi,1,CW_01,B,2026-03-30 10:51:52+08:00,ONLINE,FALSE,,CW_1_01,PASS,,,51.2472951,_2026033010515249002,T20260330105152,DESKTOP-P2DUL42,Loma,1,CW_1_01,2,paul di,2024.0718.155524,V20260126.2,CW_DTCL_DTCR_STC,T20260330105243,51.2472951,TRUE,TRUE,TRUE,TRUE,TRUE,TRUE,TRUE,4S2RND2HBL06DS,v1.0.1,2025_12_22,315.1103,322.4044,475.7153,301.635,296.0592,151.5658,149.6733,342.4133,334.6103,488.1765,-5.2663,1.739,-0.0001,0,-0.2281,1.5592,-0.2198,1.5532,0.6661,155.4883,151.7754,149.9512,154.9697,153.0461,0.8294,0.8007,0.8365,0.7921,0.7921,0.7744,0.7674,0.7919,0.7577,0.7577,0.8049,0.8106,0.8145,0.7549,0.7318,0.7269,0.7429,0.6918,0.6918,0.8118,0.3126,0.8137,0.7712,0.3126,0.8436,0.7607,0.757,0.8416,0.8043,0.7703,0.7526,0.7773,0.7526,0,0,0,0,0,v1.0.1,2025_12_22,315.1871,322.4604,476.7021,301.5532,296.0592,150.5658,148.5168,342.5436,334.8129,489.2734,-5.2444,1.7793,-0.0001,0,-0.2282,1.5595,-0.2194,1.5532,0.6663,161.9258,157.9004,163.6318,163.0977,161.6389,0.6865,0.6808,0.6871,0.7025,0.6808,0.6628,0.6375,0.6419,0.6433,0.6375,0.6378,0.647,0.6524,0.6393,0.6072,0.6284,0.6227,0.6096,0.6072,0.6749,0.4924,0.6882,0.6678,0.4924,0.6479,0.639,0.6291,0.6821,0.6802,0.6554,0.6607,0.6332,0.6291,0,0,0,0,0,v1.0.1,2025_12_22,313.9151,314.6698,438.973,300.2072,300.2705,183.9262,185.582,329.4344,328,444.8974,-6.1519,-4.873,-0.0001,0,-0.2146,1.5663,-0.214,1.5625,0.675,176.1074,175.4248,173.5039,175.6523,175.1721,0.7956,0.6872,0.8023,0.6788,0.6788,0.7433,0.6528,0.7584,0.6609,0.6528,0.7665,0.7558,0.7487,0.6983,0.6983,0.7198,0,0.7321,0.6551,0.6551,0,0,0,0,0,v1.0.1,2025_12_22,313.8208,314.6792,439.7411,300.1071,299.9914,183.1552,184.605,329.5294,328.0431,445.681,-6.2597,-4.8696,-0.0001,0,-0.2147,1.5655,-0.2139,1.5621,0.6748,149.0215,143.9883,143.0234,146.4736,145.6267,0.6577,0.5928,0.681,0.6086,0.5928,0.6234,0.5637,0.6138,0.5808,0.5637,0.6442,0.6315,0.6381,0.6121,0.6121,0.5901,0.5265,0.5871,0.5503,0.5265,0,0,0,0,0,0.0039,-0.0623,-0.008,-0.0344,-0.0334,-0.0112,-0.0647,-0.0166,-0.0281,-0.0279,-0.0101,-0.0119,0.0015,-0.0158,-0.0907,-0.0872,-0.0592,-0.0589,-0.0255,0.0006,0.0099,-0.0262,-0.011,-0.0121,0.0042,0.0082,-0.0413,-0.0054,-0.0295,-0.0098,-0.0155,-0.0145,-0.0141,-0.0022,-0.0565,-0.0462,-0.0344,-0.0118,0.0015,-0.0004,0.0024,-0.138,-0.0018,-0.1193,-0.1144,-0.0104,-0.1352,0.001,-0.0935,-0.1009,-0.0111,-0.0081,-0.0022,-0.0023,-0.0106,-0.0052,0.0001,-0.0833,-0.0017,-0.0675,-0.0648,-0.0085,-0.0916,-0.0189,-0.0671,-0.0682,0.0045,-0.0031,0.0003,-0.0052,-0.0052,0.0064,0.0032,TRUE,TRUE
DTC_R_14,LanSi,1,CW_01,C,2026-03-30 10:53:36+08:00,ONLINE,FALSE,,CW_1_01,PASS,,,51.3670116,_2026033010533630301,T20260330105336,DESKTOP-P2DUL42,Loma,1,CW_1_01,1,paul di,2024.0718.155524,V20260126.2,CW_DTCL_DTCR_STC,T20260330105427,51.3670116,TRUE,TRUE,TRUE,TRUE,TRUE,TRUE,TRUE,4S2RND2HBL0DP6,v1.0.1,2025_12_22,315.3037,316.9185,475.7868,297.2721,295.7172,148.3862,149.3816,336.7105,336,486.5855,-5.0621,-2.3254,-0.0001,0,-0.2213,1.5546,-0.2182,1.5489,0.666,155.4453,152.7871,152.5977,154.959,153.9473,0.8651,0.8018,0.8658,0.7842,0.7842,0.8167,0.799,0.8134,0.7986,0.7986,0.8237,0.8162,0.801,0.8199,0.7621,0.7215,0.81,0.7892,0.7215,0.834,0.7982,0.7696,0.98,0.7696,0.8507,0.7642,0.7411,0.8345,0.7675,0.7395,0.8251,0.8348,0.7395,0,0,0,0,0,v1.0.1,2025_12_22,315.2409,316.8467,476.8043,297.1667,295.5811,147.3784,148.1233,336.9452,336.0724,487.6382,-5.1356,-2.305,-0.0001,0,-0.2207,1.5548,-0.2192,1.5489,0.666,162.4365,157.4609,165.7236,164.8955,162.6292,0.7085,0.6668,0.7157,0.6807,0.6668,0.6691,0.666,0.678,0.6692,0.666,0.6525,0.6487,0.6579,0.6599,0.6454,0.6261,0.6282,0.647,0.6261,0.6795,0.646,0.6488,0.0913,0.0913,0.6333,0.6448,0.6366,0.6698,0.6548,0.6108,0.6356,0.6669,0.6108,0,0,0,0,0,v1.0.1,2025_12_22,317.4579,328.1495,442.2832,313.3186,303,196.5,188.6333,342.35,332.1429,457.4196,-2.7965,8.0476,0,0.0001,-0.2177,1.5609,-0.2093,1.5572,0.6728,176.6279,176.1553,176.3379,177.626,176.6868,0.8164,0.6606,0.8269,0.6665,0.6606,0.7745,0.4807,0.7802,0.6979,0.4807,0.7863,0.7684,0.7558,0.7377,0.7377,0.747,0.6533,0.7252,0,0.6533,0,0,0,0,0,v1.0.1,2025_12_22,317.3241,328.2222,443.0811,313.3333,302.7381,195.6746,187.7377,342.459,332.1709,458.3077,-2.8896,8.0994,0,0.0001,-0.2173,1.5607,-0.2089,1.5566,0.6728,147.9287,142.6807,144.5557,145.7295,145.2236,0.6649,0.5807,0.6757,0.5886,0.5807,0.643,0.4556,0.6518,0.5971,0.4556,0.6417,0.6422,0.6298,0.6492,0.6298,0.5956,0.5351,0.5886,0.337,0.337,0,0,0,0,0,0.0003,-0.082,-0.0052,-0.0831,-0.0806,-0.0157,-0.0185,-0.0086,-0.0395,-0.0189,0.0049,-0.0002,-0.01,0.0045,-0.0459,-0.0905,0.0102,-0.0503,-0.0112,-0.0421,-0.0026,-0.0593,-0.0074,-0.0361,-0.0443,-0.0103,-0.0118,-0.0032,-0.0111,-0.0118,-0.0045,-0.0028,-0.0104,-0.0063,-0.0145,-0.0391,-0.0068,0.0081,-0.0069,-0.0148,0.0143,-0.156,0.0186,-0.1445,-0.1415,0.0043,-0.2844,0.006,-0.0922,-0.2844,0.0184,0.0059,0.004,-0.014,-0.0046,-0.0238,0.0037,-0.0998,0.0065,-0.0889,-0.0805,0.0086,-0.1948,0.0071,-0.0429,-0.1788,0.0007,-0.0005,0.0045,0.0261,0.0067,0.0043,-0.0048,TRUE,TRUE
DTC_L_14,LanSi,1,CW_01,C,2026-03-30 10:53:36+08:00,ONLINE,FALSE,,CW_1_01,PASS,,,51.2363611,_2026033010533643302,T20260330105336,DESKTOP-P2DUL42,Loma,1,CW_1_01,2,paul di,2024.0718.155524,V20260126.2,CW_DTCL_DTCR_STC,T20260330105427,51.2363611,TRUE,TRUE,TRUE,TRUE,TRUE,TRUE,TRUE,4S2RND2HBL06DS,v1.0.1,2025_12_22,314.1739,323.3333,474.5,303,294.9272,151.9868,148.1513,343.4605,333.8794,490.2979,-6.3736,2.9157,-0.0001,0,-0.2256,1.5584,-0.2201,1.5528,0.6664,154.4443,150.1719,149.0039,153.6758,151.824,0.8199,0.7992,0.8386,0.7897,0.7897,0.778,0.7564,0.7982,0.7487,0.7487,0.8119,0.7957,0.8009,0.7533,0.7472,0.7159,0.773,0.7012,0.7012,0.8218,0.2892,0.7884,0.8374,0.2892,0.8286,0.7558,0.7392,0.8321,0.8204,0.8151,0.8052,0.7587,0.7392,0,0,0,0,0,v1.0.1,2025_12_22,314.2086,323.3669,475.6691,302.9265,294.8092,151.1316,147.0397,343.5232,334,491.2708,-6.3547,2.9438,-0.0001,0,-0.2254,1.5581,-0.2195,1.5529,0.6665,163.1426,159.5127,164.7578,163.5801,162.7483,0.6688,0.6753,0.6902,0.6932,0.6688,0.6592,0.6336,0.651,0.6483,0.6336,0.6594,0.6467,0.6541,0.62,0.6237,0.6121,0.6335,0.6127,0.6121,0.6714,0.495,0.6658,0.6898,0.495,0.6553,0.6352,0.6223,0.6829,0.6767,0.6653,0.6761,0.6175,0.6175,0,0,0,0,0,v1.0.1,2025_12_22,312.8972,315.6168,437.7788,301.531,298.9,184.775,184.4322,330.4322,327,446.1026,-7.2984,-3.8085,-0.0001,0,-0.2118,1.5637,-0.2143,1.5626,0.6751,175.9932,174.5801,173.2305,175.5342,174.8345,0.7791,0.6706,0.8066,0.6757,0.6706,0.745,0.6439,0.7524,0.6567,0.6439,0.769,0.7606,0.7524,0.6965,0.6965,0.7435,0,0.7027,0.7281,0.7027,0,0,0,0,0,v1.0.1,2025_12_22,312.9143,315.4762,438.7091,301.2909,298.8667,183.85,183.479,330.4538,327.0342,447,-7.2994,-3.8858,-0.0001,0,-0.2118,1.564,-0.2147,1.5633,0.6752,149.8223,145.2998,143.9297,147.0498,146.5254,0.6484,0.5743,0.6788,0.6099,0.5743,0.6395,0.5585,0.6219,0.5888,0.5585,0.6293,0.6389,0.6352,0.6332,0.6293,0.5832,0.4996,0.5831,0.552,0.4996,0,0,0,0,0,-0.0056,-0.0638,-0.0059,-0.0368,-0.0358,-0.0076,-0.0757,-0.0103,-0.0371,-0.0369,-0.0031,-0.0268,-0.0121,-0.0174,-0.0753,-0.0982,-0.0291,-0.0495,-0.0155,-0.0247,-0.0078,-0.0317,-0.0079,-0.0214,-0.0078,0.0046,-0.0452,0.0037,-0.0245,-0.0137,0.0061,-0.0148,-0.0124,-0.0215,-0.04,-0.0625,-0.0236,-0.0087,-0.002,-0.0228,-0.0141,-0.1546,0.0025,-0.1224,-0.1226,-0.0087,-0.1441,-0.005,-0.0977,-0.1098,-0.0086,-0.0033,0.0015,-0.0041,0.0131,-0.0346,-0.0092,-0.1018,-0.0039,-0.0662,-0.0833,0.0076,-0.0968,-0.0108,-0.0591,-0.0734,-0.0104,0.0043,-0.0026,0.0159,0.012,-0.0005,-0.0008,TRUE,TRUE
DTC_L_15,LanSi,1,CW_01,A,2026-03-30 10:55:17+08:00,ONLINE,FALSE,,CW_1_01,PASS,,,51.7591866,_2026033010551783602,T20260330105517,DESKTOP-P2DUL42,Loma,1,CW_1_01,2,paul di,2024.0718.155524,V20260126.2,CW_DTCL_DTCR_STC,T20260330105609,51.7591866,TRUE,TRUE,TRUE,TRUE,TRUE,TRUE,TRUE,4S2RND2HBL06DS,v1.0.1,2025_12_22,314.1533,323.1898,474.5152,302.9167,294.8041,152.3784,148.1284,343.1486,333.587,489.6159,-6.4624,2.7499,-0.0001,0,-0.2252,1.5575,-0.2191,1.554,0.6668,155.5576,152.2148,150.1338,155.0488,153.2388,0.8389,0.7874,0.8455,0.7903,0.7874,0.7787,0.7597,0.7964,0.7495,0.7495,0.8116,0.8068,0.8176,0.7662,0.6941,0.7166,0.7657,0.7022,0.6941,0.8142,0.98,0.8248,0.8277,0.8142,0.8361,0.8002,0.7854,0.8281,0.8307,0.8211,0.8064,0.7734,0.7734,0,0,0,0,0,v1.0.1,2025_12_22,314.1533,323.1898,475.6963,302.7926,294.5894,151.4106,147.0753,343.2808,333.7643,490.7357,-6.4443,2.7819,-0.0001,0,-0.2251,1.5569,-0.2192,1.5538,0.6666,161.7041,157.6309,163.9424,163.04,161.5793,0.6913,0.667,0.6884,0.6931,0.667,0.6639,0.6412,0.6661,0.653,0.6412,0.6589,0.6571,0.6561,0.6375,0.6055,0.6331,0.632,0.6116,0.6055,0.687,0.4115,0.6711,0.6882,0.4115,0.6538,0.6737,0.6296,0.6779,0.6711,0.6849,0.6684,0.6346,0.6296,0,0,0,0,0,v1.0.1,2025_12_22,312.8857,315.5524,437.8482,301.375,298.9661,184.8559,184.4508,330.1721,327,445.8974,-7.2698,-3.9294,-0.0001,0,-0.2125,1.5642,-0.2128,1.5624,0.6753,175.5352,175.3955,173.3037,175.2578,174.873,0.8024,0.6739,0.807,0.6809,0.6739,0.7352,0.6582,0.7566,0.6742,0.6582,0.7653,0.7786,0.7654,0.694,0.694,0.7244,0,0.7387,0.7151,0.7151,0,0,0,0,0,v1.0.1,2025_12_22,312.8654,315.5,438.7699,301.2301,298.8167,184,183.5378,330.3697,326.9914,446.8448,-7.3038,-3.9111,-0.0001,0,-0.2123,1.5638,-0.214,1.5631,0.6752,148.3867,143.8838,142.9707,146.4854,145.4316,0.658,0.5673,0.6695,0.6053,0.5673,0.6328,0.566,0.6286,0.5906,0.566,0.6331,0.6337,0.6389,0.6049,0.6049,0.5867,0.5389,0.5987,0.5766,0.5389,0,0,0,0,0,0.0134,-0.0756,0.001,-0.0362,-0.0381,-0.0069,-0.0724,-0.0121,-0.0363,-0.0361,-0.0034,-0.0157,0.0046,-0.0045,-0.1284,-0.0975,-0.0364,-0.0485,-0.0231,0.0117,0.0147,-0.04,-0.0097,-0.0215,-0.0096,0.0093,-0.0376,0.0188,-0.0198,-0.0061,0.0056,-0.0044,-0.0104,-0.004,-0.0582,-0.0415,-0.0251,-0.0098,0.0136,-0.0175,0.0092,-0.1513,0.0029,-0.1172,-0.1193,-0.0185,-0.1298,-0.0008,-0.0802,-0.0955,-0.0123,0.0147,0.0145,-0.0066,-0.006,0.0014,0.0004,-0.1088,-0.0132,-0.0708,-0.0903,0.0009,-0.0893,-0.0041,-0.0573,-0.0659,-0.0066,-0.0009,0.0011,-0.0124,-0.0124,0.003,0.0148,TRUE,TRUE
DTC_R_15,LanSi,1,CW_01,A,2026-03-30 10:55:17+08:00,ONLINE,FALSE,,CW_1_01,PASS,,,51.6245468,_2026033010551797301,T20260330105517,DESKTOP-P2DUL42,Loma,1,CW_1_01,1,paul di,2024.0718.155524,V20260126.2,CW_DTCL_DTCR_STC,T20260330105609,51.6245468,TRUE,TRUE,TRUE,TRUE,TRUE,TRUE,TRUE,4S2RND2HBL0DP6,v1.0.1,2025_12_22,315.1765,316.8529,475.5672,297.1194,295.5374,147.966,149.0414,336.931,335.6327,484.5102,-5.309,-2.8241,-0.0001,0,-0.2219,1.5545,-0.2198,1.5489,0.6654,154.4922,151.7383,151.4932,154.2969,153.0051,0.8546,0.7921,0.8799,0.7582,0.7582,0.8177,0.7436,0.8281,0.7524,0.7436,0.8212,0.8179,0.8107,0.8153,0.737,0.7317,0.7726,0.7411,0.7317,0.7098,0.7752,0.7999,0.98,0.7098,0.8305,0.7559,0.7629,0.8348,0.7949,0.6961,0.8432,0.8625,0.6961,0,0,0,0,0,v1.0.1,2025_12_22,315.0429,316.8929,476.6423,297.073,295.3034,146.9379,148,337,335.7619,485.6054,-5.3499,-2.7982,-0.0001,0,-0.2215,1.5547,-0.2193,1.5481,0.6655,162.9014,157.7129,166.2285,165.7188,163.1404,0.7056,0.6724,0.717,0.6587,0.6587,0.6732,0.6301,0.67,0.6428,0.6301,0.6566,0.6627,0.6542,0.6454,0.6187,0.6366,0.617,0.6198,0.617,0.6148,0.6504,0.6647,0.3775,0.3775,0.6541,0.6496,0.6503,0.6695,0.6502,0.6242,0.6419,0.6743,0.6242,0,0,0,0,0,v1.0.1,2025_12_22,317.1682,328.1963,442.1261,313.2342,302.6508,195.9762,188.5,342.5,331.8087,456.0087,-3.0492,7.6831,0,0.0001,-0.2187,1.5609,-0.2102,1.5562,0.6721,176.6982,175.8877,175.8662,177.7715,176.5559,0.8098,0.6475,0.8285,0.6071,0.6071,0.7702,0.6278,0.7726,0.6391,0.6278,0.7779,0.7579,0.7588,0.7484,0.7484,0.6618,0.6679,0.7258,0,0.6618,0,0,0,0,0,v1.0.1,2025_12_22,317.0849,328.3302,443.0182,313.1545,302.5433,195.1181,187.5,342.5,331.9043,456.7565,-3.0899,7.6719,0,0.0001,-0.2194,1.5615,-0.2084,1.5554,0.6723,148.335,143.0537,144.9316,146.083,145.6008,0.6677,0.5588,0.6783,0.5542,0.5542,0.6421,0.5665,0.6512,0.5494,0.5494,0.6242,0.6439,0.6283,0.6112,0.6112,0.5508,0.5355,0.5746,0.4793,0.4793,0,0,0,0,0,-0.0102,-0.0917,0.0089,-0.1091,-0.1066,-0.0147,-0.0739,0.0061,-0.0857,-0.0739,0.0024,0.0015,-0.0003,-0.0001,-0.071,-0.0803,-0.0272,-0.0984,-0.1354,-0.0118,-0.0055,-0.0537,-0.0061,-0.0581,-0.0524,-0.0062,-0.0477,-0.0112,-0.0375,-0.0477,-0.0004,0.0112,-0.0141,-0.0208,-0.0412,-0.0286,-0.018,-0.0191,-0.0716,0.0011,0.0077,-0.1691,0.0202,-0.2039,-0.195,0,-0.1373,-0.0016,-0.151,-0.1373,0.01,-0.0046,0.007,-0.0033,-0.0898,-0.0232,0.0065,-0.1217,0.0091,-0.1233,-0.107,0.0077,-0.0839,0.0065,-0.0906,-0.085,-0.0168,0.0012,0.003,-0.0119,-0.0119,-0.0405,-0.0188,TRUE,TRUE
DTC_L_16,LanSi,1,CW_01,B,2026-03-30 10:57:07+08:00,ONLINE,FALSE,,CW_1_01,PASS,,,51.878924,_2026033010570741802,T20260330105707,DESKTOP-P2DUL42,Loma,1,CW_1_01,2,paul di,2024.0718.155524,V20260126.2,CW_DTCL_DTCR_STC,T20260330105759,51.878924,TRUE,TRUE,TRUE,TRUE,TRUE,TRUE,TRUE,4S2RND2HBL06DS,v1.0.1,2025_12_22,315.3261,321.4058,475.8467,300.1898,296.4605,149.7171,149.9603,341.5232,334.7153,487.9343,-5.0382,0.654,-0.0001,0,-0.2309,1.5608,-0.2205,1.5544,0.6659,154.8955,150.8945,149.3135,154.3975,152.3752,0.8239,0.8096,0.8437,0.8006,0.8006,0.7905,0.7623,0.8074,0.7585,0.7585,0.8209,0.8106,0.8182,0.7646,0.7139,0.736,0.744,0.7053,0.7053,0.8032,0.98,0.8209,0.7742,0.7742,0.8332,0.7278,0.711,0.8446,0.8148,0.7718,0.7722,0.7878,0.711,0,0,0,0,0,v1.0.1,2025_12_22,315.3121,321.5816,476.9571,300.1071,296.1656,148.9073,148.7368,341.6513,334.8723,489,-5.0912,0.7495,-0.0001,0,-0.2316,1.5598,-0.2194,1.554,0.6657,162.4678,158.002,164.4238,163.5791,162.1182,0.6856,0.6915,0.7014,0.6912,0.6856,0.673,0.6426,0.6601,0.6585,0.6426,0.6489,0.6651,0.6628,0.6424,0.6091,0.623,0.6275,0.6243,0.6091,0.6569,0.4255,0.6804,0.6399,0.4255,0.6583,0.624,0.5883,0.6667,0.6761,0.6747,0.6681,0.6352,0.5883,0,0,0,0,0,v1.0.1,2025_12_22,314.0374,313.6449,439.1593,299.0531,300.377,182.2377,185.8618,328.4715,328.1316,444.4298,-5.9866,-5.9326,-0.0001,-0.0001,-0.2156,1.5667,-0.2146,1.5629,0.6748,176.2441,175.3652,173.6953,175.7197,175.2561,0.801,0.7004,0.8085,0.6936,0.6936,0.7427,0.6501,0.7608,0.6569,0.6501,0.7578,0.7658,0.7717,0.6945,0.6945,0.7064,0,0.7272,0.654,0.654,0,0,0,0,0,v1.0.1,2025_12_22,314,313.6038,439.9375,298.8929,300.325,181.6583,184.9756,328.5447,328.1368,445.2222,-6.025,-5.9156,-0.0001,-0.0001,-0.2158,1.567,-0.2148,1.5633,0.6749,149.2148,144.2979,143.6348,147.041,146.0471,0.664,0.6004,0.6764,0.6156,0.6004,0.6244,0.5505,0.63,0.5874,0.5505,0.6096,0.6266,0.64,0.5997,0.5997,0.5658,0.4951,0.5903,0.5587,0.4951,0,0,0,0,0,-0.0016,-0.0534,-0.0008,-0.0259,-0.0249,0.0049,-0.0698,-0.0011,-0.0273,-0.0271,0.0059,-0.0119,0.0052,-0.0061,-0.1086,-0.0781,-0.0581,-0.0454,-0.0341,0.0078,0.009,-0.0155,0.0033,-0.0234,0.009,0.0184,-0.0362,0.0128,-0.0143,-0.0047,-0.0044,0.0036,-0.0037,0.0009,-0.0546,-0.0516,-0.0296,0.0029,-0.0165,-0.0082,0.0078,-0.1248,0.0044,-0.1045,-0.0996,-0.011,-0.1379,0.0034,-0.0975,-0.1036,-0.0198,0.0019,0.0208,-0.0061,-0.024,-0.0101,0.0064,-0.0757,-0.0063,-0.0605,-0.0572,-0.0075,-0.1048,-0.0027,-0.0605,-0.0814,-0.0301,-0.008,0.0022,-0.0176,-0.0176,-0.0179,0.0064,TRUE,TRUE
DTC_R_16,LanSi,1,CW_01,B,2026-03-30 10:57:07+08:00,ONLINE,FALSE,,CW_1_01,PASS,,,52.0175534,_2026033010570729101,T20260330105707,DESKTOP-P2DUL42,Loma,1,CW_1_01,1,paul di,2024.0718.155524,V20260126.2,CW_DTCL_DTCR_STC,T20260330105759,52.0175534,TRUE,TRUE,TRUE,TRUE,TRUE,TRUE,TRUE,4S2RND2HBL0DP6,v1.0.1,2025_12_22,315.0438,316.4818,475,296.5,295.4054,146.6486,149.2303,336.5658,335.2639,484.4306,-5.5113,-3.3747,-0.0001,0,-0.2238,1.5552,-0.22,1.5505,0.6655,156.4541,154.0273,153.7549,156.3389,155.1438,0.8661,0.8161,0.8748,0.8353,0.8161,0.7724,0.7559,0.8228,0.732,0.732,0.8178,0.8071,0.8052,0.8095,0.7529,0.7371,0.7406,0.6811,0.6811,0.8449,0.8091,0.801,0.2012,0.2012,0.8501,0.7811,0.7795,0.8168,0.7907,0.8163,0.7357,0.8427,0.7357,0,0,0,0,0,v1.0.1,2025_12_22,315,316.4071,475.9929,296.3571,295.1757,145.6959,148.0608,336.7297,335.4552,485.4069,-5.5631,-3.3806,-0.0001,0,-0.2234,1.5547,-0.2206,1.5498,0.6651,160.959,155.584,164.0811,163.8965,161.1301,0.6977,0.6886,0.7158,0.6891,0.6886,0.663,0.6509,0.67,0.6236,0.6236,0.6552,0.6583,0.6515,0.6572,0.6341,0.6297,0.61,0.6007,0.6007,0.685,0.6716,0.6678,0.4408,0.4408,0.6546,0.6688,0.6685,0.6562,0.6712,0.6729,0.6416,0.6816,0.6416,0,0,0,0,0,v1.0.1,2025_12_22,317.215,327.8598,441.7321,312.7321,302.6508,195.0714,188.5041,342.281,331.708,456.3982,-3.138,7.3685,0,0.0001,-0.2204,1.561,-0.2111,1.558,0.6719,177.374,177.2783,177.4277,178.6748,177.6887,0.8059,0.6933,0.8212,0.7006,0.6933,0.7262,0.6618,0.7783,0.6138,0.6138,0.7736,0.7739,0.7618,0.7461,0.7461,0.7553,0.6805,0.7165,0,0.6805,0,0,0,0,0,v1.0.1,2025_12_22,317.1524,328,442.4649,312.6667,302.5794,194.3413,187.5,342.3333,331.8125,457.2054,-3.1982,7.4093,0,0.0001,-0.2212,1.5617,-0.2096,1.5573,0.672,146.7129,141.3242,143.0146,144.7051,143.9392,0.6683,0.5917,0.6884,0.6022,0.5917,0.6192,0.5823,0.6338,0.5294,0.5294,0.6242,0.6425,0.6258,0.6324,0.6242,0.6134,0.5652,0.5733,0.5329,0.5329,0,0,0,0,0,0.0013,-0.0677,0.0038,-0.032,-0.0487,-0.06,-0.0616,0.0008,-0.1061,-0.0855,-0.001,-0.0093,-0.0058,-0.0059,-0.0551,-0.0749,-0.0592,-0.1584,-0.0003,-0.0107,-0.0134,-0.0375,-0.0073,-0.0277,-0.0225,-0.0164,-0.0269,-0.0112,-0.0567,-0.0542,-0.0018,0.0068,-0.0168,-0.009,-0.0258,-0.0355,-0.025,-0.0382,-0.0014,0.0042,0.0038,-0.1233,0.0129,-0.1104,-0.1088,-0.044,-0.1033,0.0041,-0.1763,-0.1513,0.0057,0.0114,0.01,-0.0056,0.0037,-0.0325,0.0071,-0.0888,0.0192,-0.0753,-0.0695,-0.0152,-0.0681,-0.0109,-0.1106,-0.105,-0.0168,-0.0002,0.0005,0.0093,0.0011,0.0221,-0.0201,TRUE,TRUE
DTC_R_17,LanSi,1,CW_01,C,2026-03-30 10:59:08+08:00,ONLINE,FALSE,,CW_1_01,PASS,,,51.9178743,_2026033010590800901,T20260330105908,DESKTOP-P2DUL42,Loma,1,CW_1_01,1,paul di,2024.0718.155524,V20260126.2,CW_DTCL_DTCR_STC,T20260330105959,51.9178743,TRUE,TRUE,TRUE,TRUE,TRUE,TRUE,TRUE,4S2RND2HBL0DP6,v1.0.1,2025_12_22,315.0362,316.8841,475,296.9137,295.4795,147.1438,149.2297,336.777,335.3357,484.6713,-5.4838,-3.022,-0.0001,0,-0.2237,1.5556,-0.2189,1.5499,0.6657,156.75,154.4512,154.2305,156.3066,155.4346,0.8591,0.8331,0.8717,0.8154,0.8154,0.8174,0.74,0.8187,0.7695,0.74,0.8255,0.8181,0.8054,0.8053,0.757,0.7344,0.7378,0.7098,0.7098,0.8436,0.8077,0.8059,0.5769,0.5769,0.8314,0.7908,0.7845,0.8282,0.8124,0.7754,0.7631,0.8654,0.7631,0,0,0,0,0,v1.0.1,2025_12_22,315.0429,316.8929,476.0493,296.7958,295.1892,146.1959,148,336.9521,335.5,485.589,-5.5437,-3.0149,-0.0001,0,-0.2237,1.5545,-0.219,1.5496,0.6654,161.2021,154.9248,163.3271,163.6885,160.7856,0.7067,0.6997,0.7192,0.6885,0.6885,0.6757,0.6349,0.6849,0.6543,0.6349,0.6537,0.6538,0.6476,0.6544,0.6388,0.6358,0.5981,0.604,0.5981,0.6909,0.6558,0.6604,0.4334,0.4334,0.6407,0.6564,0.6542,0.6665,0.6723,0.6656,0.6684,0.6855,0.6407,0,0,0,0,0,v1.0.1,2025_12_22,317.1333,328.3524,441.6348,313.3304,302.7559,195.3858,188.5583,342.4167,331.713,456.5478,-3.1409,7.7066,0,0.0001,-0.2196,1.5626,-0.2084,1.557,0.6729,177.4062,177.6836,177.7822,178.5283,177.8501,0.7905,0.724,0.8222,0.7032,0.7032,0.7561,0.6523,0.7763,0.6442,0.6442,0.7792,0.7646,0.749,0.733,0.733,0.7546,0.6868,0.7262,0,0.6868,0,0,0,0,0,v1.0.1,2025_12_22,317.1028,328.3832,442.5575,313.2035,302.6532,194.8387,187.5738,342.5,331.8273,457.4727,-3.1571,7.7796,0,0.0001,-0.2199,1.5625,-0.208,1.5567,0.6728,146.8359,140.8369,142.4502,144.8096,143.7332,0.6588,0.6318,0.6831,0.6141,0.6141,0.6328,0.572,0.6449,0.553,0.553,0.6306,0.6208,0.6333,0.6253,0.6208,0.5927,0.5522,0.579,0.5087,0.5087,0,0,0,0,0,-0.0057,-0.0507,0.0007,-0.0519,-0.0494,-0.015,-0.0775,-0.0033,-0.0686,-0.0775,0.0067,0.0017,-0.0056,-0.0101,-0.051,-0.0776,-0.062,-0.1297,-0.0016,-0.0058,-0.0044,-0.0264,-0.0039,-0.0283,-0.0226,-0.0037,-0.0429,0.0037,-0.026,-0.0429,-0.0033,0.0023,-0.0207,-0.0118,-0.0211,-0.0294,-0.0369,-0.0349,0.0045,-0.0032,-0.0116,-0.0926,0.0139,-0.1078,-0.0989,-0.0141,-0.1128,0.0021,-0.1459,-0.1209,0.0113,0.0021,-0.0028,-0.0187,0.003,-0.0228,-0.0024,-0.0487,0.0139,-0.0634,-0.0471,-0.0016,-0.0784,0.0002,-0.087,-0.0814,-0.0104,-0.0219,0.008,0.0022,-0.0023,0.0014,-0.0144,TRUE,TRUE
DTC_L_17,LanSi,1,CW_01,C,2026-03-30 10:59:08+08:00,ONLINE,FALSE,,CW_1_01,PASS,,,51.9188716,_2026033010590800902,T20260330105908,DESKTOP-P2DUL42,Loma,1,CW_1_01,2,paul di,2024.0718.155524,V20260126.2,CW_DTCL_DTCR_STC,T20260330105959,51.9188716,TRUE,TRUE,TRUE,TRUE,TRUE,TRUE,TRUE,4S2RND2HBL06DS,v1.0.1,2025_12_22,314.0657,323.8467,474.2132,303.2941,294.6159,152.5364,148.0541,343.7838,333.4179,490.0373,-6.6266,3.1997,-0.0001,0,-0.2271,1.5572,-0.219,1.5544,0.6664,154.7168,150.6641,149.1357,153.876,152.0981,0.8361,0.7929,0.8445,0.7836,0.7836,0.7776,0.7563,0.811,0.7232,0.7232,0.8228,0.8035,0.8191,0.7599,0.7634,0.7154,0.7367,0.6935,0.6935,0.8145,0.6586,0.8244,0.8235,0.6586,0.8302,0.7878,0.7724,0.8425,0.8169,0.8187,0.7765,0.7754,0.7724,0,0,0,0,0,v1.0.1,2025_12_22,314.0786,323.8143,475.3577,303.1971,294.5724,151.5263,146.9664,343.8255,333.6765,490.9632,-6.5697,3.1653,-0.0001,0,-0.2266,1.5575,-0.2187,1.5536,0.6665,161.501,156.9336,163.3906,162.2764,161.0254,0.6815,0.667,0.6917,0.6848,0.667,0.6564,0.6354,0.6566,0.6337,0.6337,0.6501,0.6458,0.6537,0.6296,0.6313,0.6263,0.6293,0.6152,0.6152,0.6699,0.5033,0.694,0.685,0.5033,0.6624,0.6488,0.6516,0.6798,0.6866,0.6788,0.66,0.6228,0.6228,0,0,0,0,0,v1.0.1,2025_12_22,312.767,316,437.7168,301.6814,298.7769,185.0661,184.4167,330.6583,326.8938,446.3805,-7.3858,-3.5427,-0.0001,0,-0.2136,1.5638,-0.2132,1.5624,0.6749,175.8164,175.0801,173.3428,175.3223,174.8904,0.7903,0.6845,0.802,0.674,0.674,0.7401,0.6515,0.7601,0.623,0.623,0.7835,0.7601,0.7618,0.7052,0.7052,0.7279,0,0.7281,0.717,0.717,0,0,0,0,0,v1.0.1,2025_12_22,312.7476,315.932,438.5478,301.6174,298.6891,184.2857,183.4833,330.5833,327,447.1026,-7.4064,-3.5958,-0.0001,0,-0.2128,1.5639,-0.2123,1.562,0.6752,148.1104,142.9883,142.9307,145.9365,144.9915,0.6565,0.5683,0.6818,0.5963,0.5683,0.6194,0.5686,0.6298,0.559,0.559,0.6448,0.6256,0.6551,0.6293,0.6256,0.5774,0.5528,0.5899,0.5672,0.5528,0,0,0,0,0,0.0106,-0.0701,0,-0.0429,-0.0419,-0.008,-0.0758,0.0025,-0.0626,-0.0624,0.0078,-0.019,0.0061,-0.0108,-0.0591,-0.0987,-0.0654,-0.0572,-0.0228,0.0113,0.0049,-0.04,-0.0064,-0.0298,-0.0096,0.0018,-0.0434,0.0093,-0.0391,-0.0136,-0.0032,-0.0157,-0.0128,-0.0119,-0.0324,-0.0483,-0.0278,-0.0062,-0.0035,0.0054,-0.0029,-0.1407,-0.0021,-0.1241,-0.1192,-0.0136,-0.1365,0.0027,-0.1314,-0.1307,0.0059,-0.0038,0.0109,0.0046,-0.0025,-0.0092,-0.0011,-0.1078,-0.0009,-0.0798,-0.0893,-0.0125,-0.0867,-0.0029,-0.0889,-0.0729,0.0051,-0.009,0.0173,0.012,0.0083,-0.0063,0.006,TRUE,TRUE
DTC_R_18,LanSi,1,CW_01,A,2026-03-30 11:00:59+08:00,ONLINE,FALSE,,CW_1_01,PASS,,,51.1028949,_2026033011005990101,T20260330110059,DESKTOP-P2DUL42,Loma,1,CW_1_01,1,paul di,2024.0718.155524,V20260126.2,CW_DTCL_DTCR_STC,T20260330110151,51.1028949,TRUE,TRUE,TRUE,TRUE,TRUE,TRUE,TRUE,4S2RND2HBL0DP6,v1.0.1,2025_12_22,315.0882,317.5,475,297.9137,295.5743,147.6351,149.2905,338,335.2199,485.7801,-5.4654,-2.1342,-0.0001,0,-0.2214,1.5559,-0.2225,1.5512,0.6658,156.8799,154.5098,154.3105,156.9131,155.6533,0.8708,0.8309,0.8703,0.8162,0.8162,0.8187,0.7748,0.8237,0.7618,0.7618,0.8288,0.7978,0.8067,0.8164,0.7577,0.785,0.7356,0.7456,0.7356,0.8445,0.8119,0.8066,0.7384,0.7384,0.8322,0.7941,0.7804,0.8282,0.8097,0.8195,0.791,0.8334,0.7804,0,0,0,0,0,v1.0.1,2025_12_22,315.0786,317.6429,476.1583,297.7122,295.3288,146.6164,148.1224,338.102,335.3958,486.7014,-5.4832,-2.145,-0.0001,0,-0.2226,1.5553,-0.2214,1.5507,0.6655,161.7891,156.3701,164.7432,164.5781,161.8701,0.7042,0.7003,0.724,0.6901,0.6901,0.6757,0.662,0.6728,0.6432,0.6432,0.6441,0.6399,0.6584,0.6518,0.6348,0.6542,0.604,0.6258,0.604,0.6847,0.6575,0.6718,0.3536,0.3536,0.6373,0.6635,0.6496,0.6759,0.6766,0.6789,0.6421,0.677,0.6373,0,0,0,0,0,v1.0.1,2025_12_22,317.1226,329.0472,441.7156,313.9541,302.627,196.0079,188.5372,343.4628,331.6726,457.7611,-3.165,8.5466,0,0.0001,-0.22,1.5618,-0.2111,1.5577,0.6721,178.0244,177.8047,178.0088,179.1338,178.2429,0.8019,0.6988,0.8125,0.7025,0.6988,0.7616,0.6729,0.7735,0.6559,0.6559,0.7646,0.7521,0.7469,0.752,0.7469,0.7415,0.677,0.7291,0,0.677,0,0,0,0,0,v1.0.1,2025_12_22,317.1215,329.1028,442.5766,313.8649,302.624,195.168,187.582,343.5656,331.6667,458.5702,-3.1859,8.5543,0,0.0001,-0.2204,1.5625,-0.2107,1.5584,0.6725,147.5674,142.293,143.8652,145.6074,144.8333,0.656,0.6013,0.6764,0.6074,0.6013,0.6329,0.5959,0.6478,0.5654,0.5654,0.6319,0.6349,0.6218,0.6279,0.6218,0.5936,0.5577,0.5835,0.4588,0.4588,0,0,0,0,0,0.006,-0.0529,-0.0007,-0.0511,-0.0486,-0.0137,-0.0427,0.0017,-0.0763,-0.0557,0.01,-0.0186,-0.0043,0.001,-0.0503,-0.027,-0.0642,-0.0939,-0.0007,-0.0051,-0.0069,-0.0258,0.0009,-0.0267,-0.021,-0.0037,-0.0158,-0.0084,-0.0371,-0.0346,-0.0129,-0.0116,-0.0099,-0.0144,-0.0251,-0.011,-0.031,-0.0131,-0.0017,0.0082,-0.0002,-0.1178,0.0042,-0.1085,-0.1033,-0.0086,-0.0922,-0.0007,-0.1342,-0.1092,-0.0033,-0.0104,-0.0049,0.0003,-0.0101,-0.0199,-0.0052,-0.0792,0.0072,-0.0701,-0.0599,-0.0015,-0.0545,0.0031,-0.0746,-0.069,-0.0091,-0.0078,-0.0035,0.0048,-0.0013,0.0023,-0.0099,TRUE,TRUE
DTC_L_18,LanSi,1,CW_01,A,2026-03-30 11:01:00+08:00,ONLINE,FALSE,,CW_1_01,PASS,,,50.9712467,_2026033011010002502,T20260330110100,DESKTOP-P2DUL42,Loma,1,CW_1_01,2,paul di,2024.0718.155524,V20260126.2,CW_DTCL_DTCR_STC,T20260330110150,50.9712467,TRUE,TRUE,TRUE,TRUE,TRUE,TRUE,TRUE,4S2RND2HBL06DS,v1.0.1,2025_12_22,315.2222,321.1333,475.7778,300,296.277,149.5068,149.9241,340.9448,334.7714,487.3571,-5.1055,0.2884,-0.0001,0,-0.2304,1.5603,-0.2188,1.5532,0.6661,154.6582,151.0947,149.4785,154.2305,152.3655,0.8218,0.8031,0.8473,0.7833,0.7833,0.7912,0.7425,0.8058,0.7376,0.7376,0.8113,0.8064,0.8221,0.7569,0.7217,0.7245,0.7315,0.6874,0.6874,0.8161,0.7019,0.8075,0.7688,0.7019,0.8424,0.7477,0.7301,0.8319,0.8196,0.7671,0.7674,0.7892,0.7301,0,0,0,0,0,v1.0.1,2025_12_22,315.1957,321.1667,476.8561,299.9353,296.0592,148.5658,148.7417,341.2715,334.8273,488.4532,-5.164,0.3785,-0.0001,0,-0.2301,1.5599,-0.2197,1.5535,0.6659,162.458,158.5889,164.1641,163.4238,162.1587,0.6865,0.6874,0.6933,0.6882,0.6865,0.6623,0.6228,0.6552,0.6332,0.6228,0.6444,0.6637,0.6588,0.6497,0.6081,0.6401,0.6321,0.6067,0.6067,0.6837,0.5129,0.676,0.6528,0.5129,0.6523,0.64,0.6173,0.6908,0.6768,0.648,0.6707,0.6293,0.6173,0,0,0,0,0,v1.0.1,2025_12_22,313.9813,313.4486,439.0268,298.7946,300.3008,182.2195,185.6721,328.1721,328.0431,443.8707,-6.0952,-6.1989,-0.0001,-0.0001,-0.2161,1.5664,-0.2137,1.5629,0.6749,176.0918,175.2881,173.665,175.6201,175.1663,0.7903,0.697,0.798,0.6828,0.6828,0.745,0.6316,0.7624,0.6506,0.6316,0.7682,0.7634,0.7652,0.6919,0.6919,0.7283,0,0.7299,0.6622,0.6622,0,0,0,0,0,v1.0.1,2025_12_22,313.9524,313.3714,439.8125,298.5714,300.2167,181.4,184.8607,328.2869,328.0783,444.7217,-6.1159,-6.2297,-0.0001,-0.0001,-0.2165,1.5666,-0.2145,1.5631,0.6747,149.1338,144.6826,143.4668,146.9668,146.0625,0.665,0.596,0.6773,0.6029,0.596,0.633,0.5433,0.6277,0.5738,0.5433,0.6264,0.625,0.6502,0.6089,0.6089,0.5872,0.5154,0.5976,0.563,0.5154,0,0,0,0,0,-0.0037,-0.0599,0.0028,-0.0432,-0.0422,0.0056,-0.0896,-0.0027,-0.0482,-0.048,-0.0037,-0.0161,0.0091,-0.0138,-0.1008,-0.0896,-0.0706,-0.0633,-0.0212,-0.0056,0.0099,-0.0196,-0.0048,-0.0264,0.0099,0.0077,-0.056,0.0079,-0.0396,-0.0245,-0.0089,0.0022,-0.0077,0.0082,-0.0556,-0.0345,-0.025,-0.0147,0.0103,-0.0126,-0.0029,-0.1282,-0.0061,-0.1153,-0.1104,-0.0087,-0.1564,0.005,-0.1038,-0.1221,-0.0094,-0.0005,0.0143,-0.0087,-0.0021,-0.0074,0.0074,-0.0801,-0.0054,-0.0732,-0.0616,0.0011,-0.112,-0.005,-0.0741,-0.0886,-0.0133,-0.0096,0.0124,-0.0084,-0.0084,0.0035,0.0137,TRUE,TRUE
DTC_L_19,LanSi,1,CW_01,B,2026-03-30 11:06:18+08:00,ONLINE,FALSE,,CW_1_01,PASS,,,50.9900359,_2026033011061879902,T20260330110618,DESKTOP-P2DUL42,Loma,1,CW_1_01,2,paul di,2024.0718.155524,V20260126.2,CW_DTCL_DTCR_STC,T20260330110709,50.9900359,TRUE,TRUE,TRUE,TRUE,TRUE,TRUE,TRUE,4S2RND2HBL06DS,v1.0.1,2025_12_22,314.3037,322.9185,474.4118,302.625,294.8487,151.8816,148.3072,342.6601,333.708,489,-6.3841,2.317,-0.0001,0,-0.2256,1.557,-0.2179,1.554,0.6669,154.6035,150.5283,148.9189,153.71,151.9402,0.8199,0.7918,0.8338,0.778,0.778,0.7916,0.7673,0.7926,0.7484,0.7484,0.8102,0.8023,0.8138,0.7693,0.7374,0.7153,0.7571,0.6785,0.6785,0.8244,0.4366,0.8038,0.8311,0.4366,0.8425,0.7582,0.739,0.8454,0.8169,0.8143,0.7951,0.7778,0.739,0,0,0,0,0,v1.0.1,2025_12_22,314.292,323,475.6429,302.5714,294.8467,150.7867,147.1905,342.8503,333.8723,490,-6.3311,2.3417,-0.0001,0,-0.2254,1.5578,-0.2177,1.5536,0.6671,162.4336,157.9395,164.1826,163.4395,161.9988,0.6866,0.6787,0.6959,0.6936,0.6787,0.6414,0.6377,0.66,0.6449,0.6377,0.6558,0.641,0.6528,0.6348,0.6146,0.6274,0.6396,0.6022,0.6022,0.6667,0.4673,0.6564,0.7021,0.4673,0.6627,0.6428,0.6159,0.6906,0.6795,0.6776,0.6735,0.6395,0.6159,0,0,0,0,0,v1.0.1,2025_12_22,312.9135,315.2212,437.7091,301.1,299.0256,184.453,184.5583,329.5833,327.0783,445.2783,-7.243,-4.3729,-0.0001,0,-0.2122,1.5645,-0.2109,1.5618,0.6758,175.8164,174.7393,173.041,175.1191,174.679,0.7868,0.661,0.8174,0.6672,0.661,0.7368,0.6572,0.7512,0.6446,0.6446,0.7804,0.7607,0.7566,0.7013,0.7013,0.7372,0,0.7208,0.7223,0.7208,0,0,0,0,0,v1.0.1,2025_12_22,312.9135,315.2212,438.6216,300.7928,298.9231,183.7179,183.6198,329.7603,327.0431,446.1293,-7.2758,-4.3757,-0.0001,0,-0.2138,1.5643,-0.2115,1.5628,0.6755,148.9561,143.8828,143.2383,146.709,145.6965,0.6646,0.5855,0.67,0.6053,0.5855,0.6283,0.5645,0.6264,0.5748,0.5645,0.6248,0.6058,0.645,0.6078,0.6058,0.5921,0.5168,0.5843,0.5606,0.5168,0,0,0,0,0,-0.0056,-0.0712,-0.0107,-0.0485,-0.0475,0.006,-0.0648,-0.0159,-0.0374,-0.0372,-0.0048,-0.0202,0.0008,-0.0014,-0.0851,-0.0988,-0.045,-0.0722,-0.0129,-0.0093,0.01,-0.0283,-0.0022,-0.021,0.0021,-0.0132,-0.0411,0.0127,-0.0279,-0.0096,0.0025,-0.0205,-0.0137,-0.0067,-0.0491,-0.0472,-0.0175,-0.0192,-0.0067,-0.0322,-0.0064,-0.1642,0.0133,-0.1309,-0.1322,-0.0169,-0.1308,-0.0062,-0.1098,-0.1091,0.0028,-0.0032,0.0057,0.0007,0.0068,-0.0165,0.007,-0.0906,-0.0127,-0.0708,-0.0721,-0.0036,-0.0908,-0.0063,-0.0731,-0.0674,-0.0149,-0.0288,0.0072,-0.0095,-0.0115,0.0084,0.0004,TRUE,TRUE
DTC_R_19,LanSi,1,CW_01,B,2026-03-30 11:06:18+08:00,ONLINE,FALSE,,CW_1_01,PASS,,,51.2189587,_2026033011061878701,T20260330110618,DESKTOP-P2DUL42,Loma,1,CW_1_01,1,paul di,2024.0718.155524,V20260126.2,CW_DTCL_DTCR_STC,T20260330110710,51.2189587,TRUE,TRUE,TRUE,TRUE,TRUE,TRUE,TRUE,4S2RND2HBL0DP6,v1.0.1,2025_12_22,315.0221,316.6324,474.854,296.6277,295.4558,147.4014,149.2632,336.6513,335.2394,484.5,-5.5331,-3.1374,-0.0001,0,-0.224,1.5552,-0.2197,1.5504,0.6655,155.8682,153.502,153.1494,155.8574,154.5942,0.8668,0.8236,0.8737,0.8247,0.8236,0.8163,0.7331,0.8166,0.7741,0.7331,0.8061,0.8118,0.8199,0.781,0.7638,0.7405,0.7432,0.7058,0.7058,0.8393,0.8197,0.7991,0.98,0.7991,0.8415,0.8025,0.7795,0.8284,0.8034,0.8211,0.7534,0.8465,0.7534,0,0,0,0,0,v1.0.1,2025_12_22,315.0634,316.662,476,296.5,295.2568,146.3446,148.1208,336.8054,335.3636,485.5105,-5.5391,-3.1355,-0.0001,0,-0.2241,1.5545,-0.2196,1.5506,0.6654,161.1445,155.1143,163.1602,163.4785,160.7244,0.6959,0.6914,0.7129,0.6997,0.6914,0.6789,0.6441,0.6715,0.6568,0.6441,0.6516,0.6607,0.6601,0.6401,0.6418,0.6214,0.5947,0.6047,0.5947,0.6895,0.6691,0.6779,0.4041,0.4041,0.6427,0.6577,0.6585,0.668,0.6516,0.6524,0.6404,0.6671,0.6404,0,0,0,0,0,v1.0.1,2025_12_22,317.1682,328.1963,441.6757,312.8559,302.664,195.632,188.5583,342.4167,331.6195,456.5487,-3.1629,7.6299,0,0.0001,-0.2221,1.5613,-0.2096,1.5582,0.6719,176.5752,176.4668,176.1523,177.8613,176.7639,0.8036,0.6967,0.8121,0.7032,0.6967,0.7569,0.6394,0.7585,0.6614,0.6394,0.7509,0.7545,0.753,0.7149,0.7149,0.7434,0.6758,0.7358,0,0.6758,0,0,0,0,0,v1.0.1,2025_12_22,317.0952,328.2762,442.4505,312.8739,302.544,194.888,187.6417,342.4333,331.6875,457.3482,-3.2162,7.6639,0,0.0001,-0.2217,1.5616,-0.2084,1.5577,0.6723,146.6758,140.7998,142.2246,144.4561,143.5391,0.6666,0.5971,0.6597,0.6142,0.5971,0.6244,0.5754,0.6415,0.5578,0.5578,0.6343,0.6263,0.6362,0.603,0.603,0.5927,0.5563,0.5865,0.4734,0.4734,0,0,0,0,0,0.002,-0.0602,0.0027,-0.0426,-0.0412,-0.0161,-0.0844,-0.0054,-0.064,-0.0844,-0.0127,-0.0046,0.0089,-0.0344,-0.0442,-0.0715,-0.0566,-0.1337,-0.0059,-0.0126,-0.0152,-0.0347,-0.0102,-0.0171,-0.0197,-0.0005,-0.0337,-0.0097,-0.0235,-0.0337,-0.0054,0.0092,-0.0082,-0.0261,-0.0181,-0.0438,-0.0403,-0.0342,0.0031,0.0143,0.0015,-0.1199,0.0038,-0.1078,-0.1054,-0.0133,-0.1257,-0.0157,-0.1287,-0.1257,-0.017,-0.008,0.0012,-0.0368,-0.0082,-0.0132,0.0054,-0.0834,-0.0095,-0.0633,-0.0641,-0.01,-0.075,-0.0032,-0.0822,-0.0766,-0.0067,-0.0164,0.0109,-0.0201,-0.0201,0.0014,-0.0069,TRUE,TRUE
DTC_R_20,LanSi,1,CW_01,C,2026-03-30 11:08:36+08:00,ONLINE,FALSE,,CW_1_01,PASS,,,51.7983375,_2026033011083603301,T20260330110836,DESKTOP-P2DUL42,Loma,1,CW_1_01,1,paul di,2024.0718.155524,V20260126.2,CW_DTCL_DTCR_STC,T20260330110927,51.7983375,TRUE,TRUE,TRUE,TRUE,TRUE,TRUE,TRUE,4S2RND2HBL0DP6,v1.0.1,2025_12_22,315,317.4632,475,297.7778,295.4497,147.6577,149.2667,337.7733,335.2394,485.5,-5.5088,-2.2656,-0.0001,0,-0.2219,1.5557,-0.2214,1.5504,0.6657,155.5771,153.4785,152.7656,154.5273,154.0872,0.8694,0.8233,0.8612,0.8339,0.8233,0.8144,0.7762,0.8247,0.7398,0.7398,0.8239,0.8131,0.8147,0.7959,0.7568,0.7629,0.7275,0.76,0.7275,0.8332,0.8121,0.8223,0.98,0.8121,0.8456,0.7773,0.7796,0.8326,0.8235,0.846,0.8081,0.8374,0.7773,0,0,0,0,0,v1.0.1,2025_12_22,314.9856,317.4532,476.0438,297.4818,295.2534,146.6507,148,337.9521,335.2639,486.4306,-5.5907,-2.3063,-0.0001,0,-0.2229,1.5553,-0.2216,1.5508,0.6654,163.0713,157.4043,165.6377,164.7061,162.7048,0.7157,0.6925,0.7102,0.7005,0.6925,0.6847,0.6531,0.6707,0.6271,0.6271,0.658,0.6495,0.655,0.665,0.6364,0.6546,0.5989,0.6392,0.5989,0.6658,0.6605,0.6681,0.2771,0.2771,0.6506,0.6633,0.6573,0.6521,0.6609,0.6732,0.662,0.6955,0.6506,0,0,0,0,0,v1.0.1,2025_12_22,317.1215,328.8972,441.7321,313.7321,302.5873,196.0079,188.5289,343.2893,331.5,457.5,-3.206,8.3853,0,0.0001,-0.2206,1.5613,-0.2109,1.5589,0.6722,176.4922,176.5996,176.373,176.8564,176.5803,0.7943,0.6872,0.8148,0.7222,0.6872,0.7603,0.6629,0.7672,0.6115,0.6115,0.7804,0.7527,0.755,0.7394,0.7394,0.7373,0.6754,0.7511,0,0.6754,0,0,0,0,0,v1.0.1,2025_12_22,317.1524,329,442.4821,313.7589,302.5669,195.2047,187.5833,343.4417,331.5526,458.3333,-3.2325,8.4477,0,0.0001,-0.2205,1.5617,-0.2105,1.5594,0.6725,148.6992,143.0137,144.6016,145.501,145.4539,0.6679,0.5917,0.6794,0.6272,0.5917,0.6389,0.5874,0.6444,0.5305,0.5305,0.627,0.629,0.6218,0.6353,0.6218,0.5908,0.5561,0.5931,0.4546,0.4546,0,0,0,0,0,0.0046,-0.0605,-0.0098,-0.0334,-0.0415,-0.018,-0.0413,0.0027,-0.0983,-0.0777,0.0051,-0.0033,0.0037,-0.0195,-0.0512,-0.0491,-0.0723,-0.0795,-0.012,0.0106,0.0046,-0.0336,-0.0129,-0.0163,-0.0186,0.0053,-0.0247,-0.0105,-0.0532,-0.0507,0.001,-0.002,-0.0133,-0.0012,-0.0235,-0.0106,-0.0361,0.0003,-0.0206,0.0045,-0.0078,-0.1294,0.0065,-0.0888,-0.1149,-0.0099,-0.1022,-0.007,-0.1786,-0.1536,0.0125,-0.0098,0.0032,-0.0123,-0.0143,0.0021,0.0067,-0.0888,0.0102,-0.0503,-0.0695,0.0045,-0.063,-0.0003,-0.1095,-0.1039,-0.014,-0.0137,-0.0035,0.0122,-0.0013,-0.0005,-0.0003,TRUE,TRUE
DTC_L_20,LanSi,1,CW_01,C,2026-03-30 11:08:36+08:00,ONLINE,FALSE,,CW_1_01,PASS,,,51.6876349,_2026033011083616202,T20260330110836,DESKTOP-P2DUL42,Loma,1,CW_1_01,2,paul di,2024.0718.155524,V20260126.2,CW_DTCL_DTCR_STC,T20260330110927,51.6876349,TRUE,TRUE,TRUE,TRUE,TRUE,TRUE,TRUE,4S2RND2HBL06DS,v1.0.1,2025_12_22,314.0977,323.4511,474.363,303.1333,294.88,152.3667,148.1788,343.1258,333.6619,489.7986,-6.4637,2.8751,-0.0001,0,-0.2256,1.5584,-0.2175,1.5532,0.6671,154.957,151.082,149.1621,154.1025,152.3259,0.8138,0.799,0.8432,0.81,0.799,0.7815,0.7728,0.8012,0.7555,0.7555,0.8263,0.8088,0.8254,0.7752,0.755,0.7296,0.7682,0.7049,0.7049,0.816,0.98,0.8263,0.8382,0.816,0.8428,0.8476,0.743,0.8311,0.8251,0.8291,0.7893,0.778,0.743,0,0,0,0,0,v1.0.1,2025_12_22,314.1691,323.4044,475.5149,303.0373,294.5592,151.375,147.08,343.1733,333.7857,490.8286,-6.4782,2.8637,-0.0001,0,-0.2251,1.5568,-0.2172,1.5536,0.667,163.7197,159.0596,165.1885,164.6279,163.1489,0.6755,0.681,0.6927,0.6959,0.6755,0.6557,0.6411,0.6543,0.6395,0.6395,0.6401,0.6618,0.653,0.6318,0.6177,0.6403,0.6349,0.6158,0.6158,0.6775,0.2598,0.6786,0.6921,0.2598,0.6539,0.6594,0.6377,0.6763,0.6552,0.6794,0.6665,0.6499,0.6377,0,0,0,0,0,v1.0.1,2025_12_22,312.8396,315.6981,437.7368,301.5,298.9496,184.9076,184.4545,329.6942,327,445.8974,-7.3039,-3.9605,-0.0001,0,-0.2127,1.5645,-0.2081,1.5619,0.6764,176.0566,175.2812,173.0771,175.5635,174.9946,0.7795,0.6904,0.8128,0.68,0.68,0.7415,0.6629,0.7524,0.667,0.6629,0.7818,0.7631,0.7648,0.6996,0.6996,0.723,0,0.7417,0.7366,0.723,0,0,0,0,0,v1.0.1,2025_12_22,312.8667,315.6476,438.6379,301.5,298.7851,183.9587,183.5574,329.9262,327,446.8974,-7.3306,-3.914,-0.0001,0,-0.2115,1.5638,-0.2095,1.563,0.6765,150.1758,144.8076,144.0957,147.7061,146.6963,0.65,0.591,0.6738,0.6074,0.591,0.6213,0.5665,0.6085,0.5836,0.5665,0.6304,0.6308,0.6344,0.6107,0.6107,0.6085,0.4218,0.5995,0.5769,0.4218,0,0,0,0,0,-0.0117,-0.064,-0.0013,-0.0165,-0.0265,-0.0041,-0.0593,-0.0073,-0.0303,-0.0301,0.0113,-0.0137,0.0124,0.0045,-0.0675,-0.0845,-0.0339,-0.0458,-0.0213,0.0132,-0.0011,-0.026,-0.0054,-0.0187,-0.0011,0.0011,-0.0377,0.007,-0.0333,-0.0078,-0.0132,0.0003,-0.0135,-0.0097,-0.046,-0.0343,-0.0222,-0.0056,0.0041,-0.01,-0.0137,-0.1348,0.0087,-0.1181,-0.1132,-0.0122,-0.1251,-0.005,-0.0874,-0.0908,0.0042,-0.0008,0.0139,-0.001,-0.0074,0.0044,-0.0076,-0.0851,-0.0089,-0.0687,-0.0666,-0.0106,-0.0888,-0.0242,-0.0643,-0.0654,-0.0093,-0.0038,-0.0034,-0.0066,-0.0066,0.0248,0.0156,TRUE,TRUE
DTC_R_21,LanSi,1,CW_01,A,2026-03-30 11:10:30+08:00,ONLINE,FALSE,,CW_1_01,PASS,,,51.7143849,_2026033011103005901,T20260330111030,DESKTOP-P2DUL42,Loma,1,CW_1_01,1,paul di,2024.0718.155524,V20260126.2,CW_DTCL_DTCR_STC,T20260330111121,51.7143849,TRUE,TRUE,TRUE,TRUE,TRUE,TRUE,TRUE,4S2RND2HBL0DP6,v1.0.1,2025_12_22,315.0362,316.8841,474.8467,296.8102,295.4257,147.3649,149.1216,337.277,335.3901,485.2482,-5.5359,-2.7831,-0.0001,0,-0.2244,1.5551,-0.2218,1.55,0.6647,154.8271,152.7461,152.457,155.1338,153.791,0.8671,0.8334,0.8697,0.8313,0.8313,0.8188,0.7494,0.8099,0.7617,0.7494,0.8183,0.8132,0.8086,0.8148,0.7632,0.7224,0.7436,0.6802,0.6802,0.8414,0.8125,0.8074,0.98,0.8074,0.8471,0.7626,0.7786,0.8234,0.8195,0.8467,0.6999,0.8417,0.6999,0,0,0,0,0,v1.0.1,2025_12_22,315.0429,316.8929,475.9574,296.844,295.2148,146.3289,148.0134,337.4564,335.6901,486.1549,-5.5163,-2.7646,-0.0001,0,-0.2234,1.5545,-0.222,1.5489,0.6645,163.332,157.3418,165.7158,165.9092,163.0747,0.7019,0.6907,0.7195,0.7026,0.6907,0.6799,0.6538,0.6642,0.6478,0.6478,0.6487,0.6522,0.6548,0.658,0.6485,0.6434,0.6,0.5855,0.5855,0.6842,0.6603,0.6769,0.2203,0.2203,0.636,0.6484,0.6621,0.6675,0.661,0.6294,0.6045,0.6899,0.6045,0,0,0,0,0,v1.0.1,2025_12_22,317.1308,328.2991,441.5739,313.2957,302.7698,195.4365,188.5,342.5,331.8596,457,-3.1332,7.8062,0,0.0001,-0.2195,1.5626,-0.2094,1.5563,0.6725,176.916,176.9111,177.0898,178.2822,177.2998,0.8027,0.6407,0.8196,0.7068,0.6407,0.753,0.6569,0.7754,0.6391,0.6391,0.774,0.7701,0.7623,0.7298,0.7298,0.7499,0.6893,0.732,0,0.6893,0,0,0,0,0,v1.0.1,2025_12_22,317.0849,328.3302,442.3661,313.2232,302.5726,194.8468,187.5,342.6667,331.9273,457.7636,-3.2098,7.8661,0,0.0001,-0.2195,1.562,-0.2097,1.5561,0.6722,148.6514,142.9717,144.376,146.5352,145.6335,0.6738,0.5626,0.6795,0.6154,0.5626,0.6228,0.5674,0.6499,0.5546,0.5546,0.6356,0.6284,0.637,0.6126,0.6126,0.5883,0.5538,0.5878,0.4038,0.4038,0,0,0,0,0,0.0023,-0.0504,-0.0013,-0.036,-0.0335,-0.0136,-0.0681,-0.0121,-0.0764,-0.0681,-0.0005,-0.0032,-0.0024,-0.0006,-0.0448,-0.0896,-0.0562,-0.1593,-0.0038,-0.0043,-0.0092,-0.0354,-0.0036,-0.0142,-0.0204,0.0005,-0.024,-0.017,-0.0325,-0.03,-0.0083,0.0007,-0.0135,-0.0082,-0.0114,-0.0218,-0.035,-0.0534,-0.0022,0.0133,0.0006,-0.1759,0.0113,-0.1042,-0.1614,-0.0172,-0.1082,0.0012,-0.151,-0.126,0.0061,0.0076,0.0105,-0.0219,-0.0017,-0.017,0.0126,-0.1179,0.0103,-0.0621,-0.0986,-0.0116,-0.083,0.0052,-0.0854,-0.0798,-0.0054,-0.0143,0.0117,-0.0105,-0.0105,-0.003,-0.0056,TRUE,TRUE
DTC_L_21,LanSi,1,CW_01,A,2026-03-30 11:10:29+08:00,ONLINE,FALSE,,CW_1_01,PASS,,,51.8550077,_2026033011102991702,T20260330111029,DESKTOP-P2DUL42,Loma,1,CW_1_01,2,paul di,2024.0718.155524,V20260126.2,CW_DTCL_DTCR_STC,T20260330111121,51.8550077,TRUE,TRUE,TRUE,TRUE,TRUE,TRUE,TRUE,4S2RND2HBL06DS,v1.0.1,2025_12_22,314.1533,322.8102,474.4656,302.1298,294.8212,151.6689,148.2303,342.4342,333.4526,489.0803,-6.4754,2.1247,-0.0001,0,-0.2278,1.5578,-0.2172,1.5547,0.6669,155.6309,151.5723,149.8887,154.7676,152.9648,0.8173,0.7906,0.8557,0.7884,0.7884,0.7693,0.756,0.803,0.7513,0.7513,0.8098,0.8227,0.8103,0.7684,0.7321,0.7109,0.758,0.6953,0.6953,0.8275,0.616,0.8285,0.8297,0.616,0.8386,0.7904,0.7661,0.8332,0.8291,0.8165,0.7935,0.7841,0.7661,0,0,0,0,0,v1.0.1,2025_12_22,314.1087,322.8261,475.6,302.0815,294.7171,150.7105,147,342.62,333.75,490.2,-6.4648,2.1876,-0.0001,0,-0.2272,1.5581,-0.2174,1.5535,0.6667,162.5479,158.7002,164.4404,163.6582,162.3367,0.6798,0.6787,0.698,0.6988,0.6787,0.6619,0.6318,0.6572,0.6592,0.6318,0.6559,0.6398,0.6555,0.6361,0.6145,0.6329,0.629,0.611,0.611,0.6755,0.5368,0.6868,0.6956,0.5368,0.6634,0.6553,0.6343,0.6773,0.6744,0.6909,0.6766,0.625,0.625,0,0,0,0,0,v1.0.1,2025_12_22,312.9238,314.9238,437.9273,300.7636,299.0168,184.0924,184.5,329.5,327.0351,445.307,-7.2194,-4.5826,-0.0001,0,-0.2123,1.5644,-0.2125,1.5625,0.6755,175.7725,174.834,173.1885,175.2822,174.7693,0.7859,0.6761,0.8134,0.6661,0.6661,0.7419,0.6452,0.7623,0.6579,0.6452,0.7835,0.7751,0.7612,0.6763,0.6763,0.7335,0,0.7345,0.706,0.706,0,0,0,0,0,v1.0.1,2025_12_22,312.8942,314.9712,438.6667,300.5614,298.9052,183.3707,183.5678,329.5678,327.0431,446.1293,-7.2846,-4.5799,-0.0001,0,-0.2136,1.5644,-0.2119,1.5628,0.6754,149.4102,144.7559,143.8525,146.9971,146.2539,0.6649,0.5794,0.6715,0.6055,0.5794,0.6238,0.5496,0.6272,0.581,0.5496,0.6244,0.6294,0.6394,0.6133,0.6133,0.5994,0.5408,0.5854,0.5679,0.5408,0,0,0,0,0,-0.0082,-0.0724,0.0112,-0.0381,-0.0371,-0.0163,-0.0761,-0.0055,-0.0345,-0.0343,-0.0052,0.0002,-0.0027,-0.0023,-0.0904,-0.1032,-0.0441,-0.0554,-0.0098,0.0154,0.0032,-0.0283,-0.0001,-0.0158,0.0021,0.0073,-0.047,0.0099,-0.0136,-0.0155,0.0026,-0.0217,-0.011,-0.0054,-0.0492,-0.0417,-0.0281,-0.0104,0.0021,-0.0018,-0.0073,-0.1491,0.0093,-0.132,-0.1271,-0.0118,-0.1428,0.0049,-0.0965,-0.1085,0.0059,0.0112,0.0103,-0.0243,0.0031,-0.0028,0.0073,-0.0967,-0.0112,-0.0706,-0.0782,-0.0081,-0.1057,-0.0055,-0.0669,-0.0823,-0.0153,-0.0052,0.0016,-0.004,-0.004,0.0157,0.0015,TRUE,TRUE
DTC_R_22,LanSi,1,CW_01,B,2026-03-30 11:12:20+08:00,ONLINE,FALSE,,CW_1_01,PASS,,,74.5622983,_2026033011122089501,T20260330111220,DESKTOP-P2DUL42,Loma,1,CW_1_01,1,paul di,2024.0718.155524,V20260126.2,CW_DTCL_DTCR_STC,T20260330111335,74.5622983,TRUE,TRUE,TRUE,TRUE,TRUE,TRUE,TRUE,4S2RND2HBL0DP6,v1.0.1,2025_12_22,315,317.9137,475,297.9137,295.4932,147.6689,149.1342,338.3221,335.2238,486.4545,-5.5298,-1.8454,-0.0001,0,-0.2238,1.5562,-0.2219,1.5509,0.6653,156.3887,153.9189,153.7764,155.667,154.9377,0.8671,0.8201,0.8749,0.8278,0.8201,0.832,0.7846,0.825,0.7735,0.7735,0.8191,0.8033,0.82,0.8076,0.7593,0.7705,0.7299,0.7621,0.7299,0.8349,0.8074,0.8152,0.98,0.8074,0.841,0.8037,0.7438,0.8258,0.8049,0.7996,0.7641,0.841,0.7438,0,0,0,0,0,v1.0.1,2025_12_22,314.9571,317.8929,476.0429,297.8929,295.2414,146.6966,147.9603,338.4768,335.3147,487.3287,-5.5967,-1.8424,-0.0001,0,-0.223,1.5556,-0.2221,1.5507,0.6653,161.6084,155.7822,164.3096,163.8994,161.3999,0.7042,0.6928,0.7152,0.6846,0.6846,0.6835,0.6644,0.6673,0.6552,0.6552,0.658,0.6522,0.658,0.6613,0.6499,0.657,0.6017,0.6335,0.6017,0.6717,0.6594,0.6711,0.4478,0.4478,0.6373,0.6725,0.6213,0.6559,0.6554,0.6788,0.6413,0.6757,0.6213,0,0,0,0,0,v1.0.1,2025_12_22,317.0849,329.3302,441.5439,314.2544,302.622,196.1732,188.4793,343.6198,331.5,458.4035,-3.254,8.8562,0,0.0001,-0.22,1.5621,-0.2101,1.5591,0.6727,177.0332,176.5527,177.0752,177.7686,177.1074,0.8015,0.7049,0.8149,0.714,0.7049,0.7674,0.679,0.7794,0.6755,0.6755,0.7724,0.7668,0.7632,0.7432,0.7432,0.7279,0.6739,0.7361,0,0.6739,0,0,0,0,0,v1.0.1,2025_12_22,317.0374,329.3551,442.4286,314.1875,302.619,195.6111,187.5772,343.7886,331.7043,459.1478,-3.2267,8.918,0,0.0001,-0.2199,1.5629,-0.2105,1.5578,0.6726,147.457,141.9238,143.3174,145.0449,144.4358,0.6708,0.6053,0.6761,0.6179,0.6053,0.6408,0.5834,0.6522,0.576,0.576,0.6304,0.6303,0.6331,0.6374,0.6303,0.584,0.5586,0.5593,0.5382,0.5382,0,0,0,0,0,0.0023,-0.0637,0.0039,-0.0395,-0.0447,-0.0004,-0.0329,0.003,-0.0646,-0.044,0.0003,-0.0131,0.009,-0.0078,-0.0487,-0.0415,-0.0699,-0.0774,-0.0103,0.0035,-0.0069,-0.0333,-0.0079,-0.0322,-0.0265,0.0041,-0.0134,-0.0139,-0.0251,-0.0226,0.001,0.0007,-0.0103,-0.0049,-0.01,-0.0082,-0.0333,-0.0054,-0.0147,0.0075,-0.0006,-0.1117,0.0066,-0.097,-0.0972,-0.0028,-0.0861,0.0052,-0.1146,-0.0896,0.0045,0.0043,0.0114,-0.0085,-0.0237,-0.0129,0.0096,-0.0752,0.0069,-0.0596,-0.0559,0.0064,-0.067,0.0075,-0.064,-0.0584,-0.0106,-0.0124,0.0078,0.0143,0.0072,-0.0073,-0.0341,TRUE,TRUE
DTC_L_22,LanSi,1,CW_01,B,2026-03-30 11:12:21+08:00,ONLINE,FALSE,,CW_1_01,PASS,,,74.421674,_2026033011122103502,T20260330111221,DESKTOP-P2DUL42,Loma,1,CW_1_01,2,paul di,2024.0718.155524,V20260126.2,CW_DTCL_DTCR_STC,T20260330111335,74.421674,TRUE,TRUE,TRUE,TRUE,TRUE,TRUE,TRUE,4S2RND2HBL06DS,v1.0.1,2025_12_22,314.2612,322.8955,474.5909,302.1894,294.8993,151.6711,148.3072,342.6601,333.6714,489.5,-6.354,2.2832,-0.0001,0,-0.2279,1.5577,-0.218,1.5543,0.6665,154.7412,150.5166,148.8447,154.1074,152.0525,0.8024,0.7744,0.796,0.749,0.749,0.7904,0.7542,0.7876,0.7417,0.7417,0.8111,0.8152,0.7735,0.7691,0.7322,0.7127,0.7471,0.6923,0.6923,0.8205,0.98,0.8178,0.8203,0.8178,0.8382,0.7784,0.7525,0.8427,0.8247,0.822,0.7962,0.7768,0.7525,0,0,0,0,0,v1.0.1,2025_12_22,314.2847,322.9343,475.7737,302.1314,294.8067,150.7133,147.1419,342.7635,333.7762,490.4545,-6.3434,2.2994,-0.0001,0,-0.2276,1.5577,-0.2176,1.5544,0.6667,160.9541,156.8818,162.7227,161.8926,160.6128,0.6768,0.6651,0.6797,0.6613,0.6613,0.6576,0.6265,0.6335,0.6384,0.6265,0.654,0.661,0.6294,0.6276,0.6158,0.6322,0.6284,0.6009,0.6009,0.6756,0.4368,0.6596,0.6857,0.4368,0.6574,0.6538,0.6229,0.69,0.6713,0.6893,0.6771,0.6225,0.6225,0,0,0,0,0,v1.0.1,2025_12_22,312.8654,315.1346,437.973,300.7928,299.0339,184.1441,184.4833,329.5833,327.0265,445.5487,-7.2236,-4.4593,-0.0001,0,-0.2136,1.5651,-0.2116,1.5621,0.6755,175.959,174.8242,173.2197,175.6797,174.9207,0.7845,0.6619,0.7718,0.6474,0.6474,0.7446,0.6478,0.7373,0.6676,0.6478,0.7819,0.7677,0.7132,0.6885,0.6885,0.7377,0,0.6977,0.7191,0.6977,0,0,0,0,0,v1.0.1,2025_12_22,312.8476,315,438.6754,300.6491,298.9298,183.4211,183.5462,329.6891,327.0431,446.319,-7.2916,-4.4844,-0.0001,0,-0.213,1.5649,-0.2126,1.5626,0.6755,147.667,142.8379,142.1094,145.3457,144.49,0.6486,0.5754,0.6559,0.5795,0.5754,0.6247,0.559,0.6016,0.5826,0.559,0.629,0.6227,0.6199,0.6097,0.6097,0.5896,0.5193,0.5356,0.568,0.5193,0,0,0,0,0,-0.0231,-0.0886,-0.0485,-0.0775,-0.0765,0.0048,-0.0779,-0.0209,-0.0441,-0.0439,-0.0039,-0.0073,-0.0395,-0.0016,-0.0903,-0.1014,-0.055,-0.0584,-0.0168,0.0047,0.0002,-0.0419,-0.0184,-0.0533,-0.0153,0.003,-0.0523,-0.0138,-0.0344,-0.0208,0.0007,-0.0005,-0.0371,-0.0139,-0.0479,-0.0424,-0.0287,-0.0205,0.0022,-0.029,-0.0087,-0.1633,-0.0323,-0.1507,-0.1458,-0.0091,-0.1402,-0.0201,-0.0868,-0.1059,0.0043,0.0038,-0.0377,-0.0121,0.0073,-0.0396,-0.009,-0.1007,-0.0268,-0.0966,-0.0822,-0.0072,-0.0963,-0.0311,-0.0653,-0.0729,-0.0107,-0.0119,-0.0179,-0.0076,-0.0076,0.0059,-0.0483,TRUE,TRUE
DTC_L_23,LanSi,1,CW_01,C,2026-03-30 11:15:43+08:00,ONLINE,FALSE,,CW_1_01,PASS,,,51.4372659,_2026033011154359102,T20260330111543,DESKTOP-P2DUL42,Loma,1,CW_1_01,2,paul di,2024.0718.155524,V20260126.2,CW_DTCL_DTCR_STC,T20260330111635,51.4372659,TRUE,TRUE,TRUE,TRUE,TRUE,TRUE,TRUE,4S2RND2HBL06DS,v1.0.1,2025_12_22,314.1739,322.6667,474.4662,302.0376,294.8224,151.5658,148.245,342.3907,333.5956,489.0662,-6.4394,2.0454,-0.0001,0,-0.2275,1.5577,-0.2178,1.5541,0.6666,155.4727,151.7793,150.04,154.6865,152.9946,0.8257,0.8001,0.8429,0.7874,0.7874,0.7683,0.7616,0.7956,0.7503,0.7503,0.8175,0.8159,0.8118,0.7753,0.7402,0.7184,0.7639,0.7027,0.7027,0.8099,0.3528,0.8083,0.8364,0.3528,0.8399,0.7802,0.768,0.8445,0.8297,0.8365,0.8035,0.7801,0.768,0,0,0,0,0,v1.0.1,2025_12_22,314.1679,322.7153,475.6296,301.9556,294.7368,150.5789,147.1242,342.4967,333.75,490.0357,-6.4183,2.0565,-0.0001,0,-0.2274,1.5579,-0.2174,1.5538,0.6667,162.5791,158.0205,164.124,163.4229,162.0366,0.6701,0.6707,0.6885,0.6875,0.6701,0.6616,0.6264,0.6541,0.6521,0.6264,0.6472,0.6567,0.6577,0.6385,0.6168,0.635,0.6476,0.6053,0.6053,0.682,0.5212,0.652,0.6762,0.5212,0.6628,0.6503,0.6387,0.6768,0.6853,0.6947,0.6723,0.6295,0.6295,0,0,0,0,0,v1.0.1,2025_12_22,312.8558,314.875,437.8818,300.6273,299,184,184.5,329.5,326.9652,445.1826,-7.2594,-4.663,-0.0001,0,-0.213,1.5648,-0.2129,1.5624,0.6753,175.4639,175.0732,173.1982,175.1406,174.719,0.7867,0.682,0.8055,0.674,0.674,0.7491,0.6398,0.7527,0.6558,0.6398,0.7819,0.7663,0.7715,0.7013,0.7013,0.7336,0,0.7217,0.7256,0.7217,0,0,0,0,0,v1.0.1,2025_12_22,312.9126,314.835,438.687,300.487,298.9487,183.265,183.5462,329.521,327,446.1026,-7.2811,-4.6579,-0.0001,0,-0.2131,1.5645,-0.2125,1.5634,0.6756,149.0469,144.0391,143.0967,146.5508,145.6833,0.6522,0.5849,0.6791,0.5998,0.5849,0.6304,0.5449,0.6265,0.5886,0.5449,0.6202,0.6327,0.6474,0.6277,0.6202,0.5818,0.5373,0.5688,0.5647,0.5373,0,0,0,0,0,0.0002,-0.0629,-0.0016,-0.0391,-0.0381,-0.0173,-0.0705,-0.0129,-0.0355,-0.0353,0.0025,-0.0066,-0.0012,0.0046,-0.0823,-0.0957,-0.0382,-0.048,-0.0274,-0.0048,-0.0065,-0.0363,-0.0096,-0.0271,-0.0065,0.007,-0.0524,0.0068,-0.0207,-0.0209,-0.0061,-0.0048,-0.0088,-0.003,-0.0469,-0.0396,-0.0095,-0.0161,0.0086,-0.0366,-0.0065,-0.1432,0.0014,-0.1241,-0.1192,-0.0046,-0.1482,-0.0047,-0.0986,-0.1139,0.0043,0.0024,0.0206,0.0007,0.0032,-0.0156,-0.0054,-0.0912,-0.0036,-0.0763,-0.0727,-0.0015,-0.1104,-0.0062,-0.0593,-0.087,-0.0195,-0.0019,0.0096,0.0104,0.0029,-0.0019,-0.0151,TRUE,TRUE
DTC_R_23,LanSi,1,CW_01,C,2026-03-30 11:15:43+08:00,ONLINE,FALSE,,CW_1_01,FAIL,SFR_VIS_25cm_Ny4_01F_ROI2_Dev,Dev,51.2647273,_2026033011154378201,T20260330111543,DESKTOP-P2DUL42,Loma,1,CW_1_01,1,paul di,2024.0718.155524,V20260126.2,CW_DTCL_DTCR_STC,T20260330111635,51.2647273,TRUE,TRUE,TRUE,TRUE,TRUE,TRUE,TRUE,4S2RND2HBL0DP6,v1.0.1,2025_12_22,315.3037,316.9185,475.7132,297.4118,295.8243,148.6959,149.3197,336.898,335.9669,486.3841,-5.0744,-2.2383,-0.0001,0,-0.2205,1.555,-0.2193,1.5489,0.666,154.8447,152.4238,152.6865,154.96,153.7288,0.8649,0.7597,0.8729,0.7969,0.7597,0.8053,0.7438,0.8126,0.7922,0.7438,0.8249,0.8065,0.8109,0.8099,0.7179,0.7122,0.8117,0.7894,0.7122,0.8367,0.766,0.8096,0.98,0.766,0.8379,0.7732,0.7546,0.8277,0.7883,0.7684,0.8164,0.8449,0.7546,0,0,0,0,0,v1.0.1,2025_12_22,315.2847,316.9343,476.8478,297.2391,295.6443,147.698,148.1233,337.0548,336,487.4145,-5.12,-2.2319,-0.0001,0,-0.2208,1.5547,-0.2193,1.5494,0.666,161.9443,155.4756,163.8828,164.6895,161.498,0.6967,0.6542,0.7078,0.6809,0.6542,0.681,0.6279,0.6764,0.6637,0.6279,0.6596,0.6483,0.6456,0.6556,0.625,0.6333,0.6327,0.6363,0.625,0.6635,0.6318,0.6803,0.1695,0.1695,0.6476,0.6612,0.6489,0.6522,0.6541,0.6327,0.6367,0.6885,0.6327,0,0,0,0,0,v1.0.1,2025_12_22,317.3241,328.2222,442.2832,313.3186,302.968,196.632,188.6116,342.2975,332,457.1026,-2.8626,8.0146,0,0.0001,-0.2182,1.5616,-0.2084,1.5569,0.673,176.5352,176.5625,177.0693,177.9355,177.0256,0.7933,0.6268,0.8147,0.6537,0.6268,0.7717,0.6077,0.7825,0.6918,0.6077,0.7711,0.7652,0.759,0.7528,0.7528,0.7406,0.6802,0.7355,0,0.6802,0,0,0,0,0,v1.0.1,2025_12_22,317.2991,328.271,443.0833,313.3241,302.76,195.88,187.6583,342.5167,332,458.1026,-2.9399,8.1189,0,0.0001,-0.2178,1.5609,-0.2089,1.5575,0.6729,147.4121,140.8945,142.9453,145.2393,144.1228,0.6475,0.5525,0.6708,0.5842,0.5525,0.6412,0.5418,0.6475,0.593,0.5418,0.6258,0.6331,0.6368,0.632,0.6258,0.5826,0.5593,0.5866,0.3662,0.3662,0,0,0,0,0,0.0001,-0.1241,0.0019,-0.0704,-0.1051,-0.0271,-0.0737,-0.0094,-0.0459,-0.0737,0.0061,-0.0099,-0.0001,-0.0055,-0.0901,-0.0998,0.0119,-0.0501,-0.0085,-0.0021,-0.0144,-0.0719,-0.0153,-0.0359,-0.0569,0.0016,-0.0499,-0.0048,-0.0166,-0.0499,0.0026,-0.0032,-0.0227,-0.0106,-0.0349,-0.0319,-0.0023,-0.0026,-0.0229,0.0167,-0.0088,-0.1898,0.0064,-0.1573,-0.1753,0.0015,-0.1574,0.0083,-0.0983,-0.1574,0.0032,0.0027,0.0072,0.0011,-0.011,-0.0135,-0.0137,-0.128,0.0016,-0.0933,-0.1087,0.0068,-0.1086,0.0028,-0.047,-0.0926,-0.0152,-0.0096,0.0115,0.0089,0.0027,-0.0087,-0.0068,TRUE,TRUE
DTC_L_24,LanSi,1,CW_01,A,2026-03-30 11:17:29+08:00,ONLINE,FALSE,,CW_1_01,FAIL,SFR_VIS_25cm_Ny4_01F_ROI2;SFR_VIS_25cm_Ny4_01F_Min;IR_SFR_VIS_25cm_Ny4_01F_ROI2;IR_SFR_VIS_25cm_Ny4_01F_Min;SFR_VIS_25cm_Ny4_01F_ROI2_Dev;SFR_VIS_25cm_Ny4_01F_Min_Dev;IR_SFR_VIS_25cm_Ny4_01F_ROI2_Dev,sfr_25Algo,52.0586227,_2026033011172991102,T20260330111729,DESKTOP-P2DUL42,Loma,1,CW_1_01,2,paul di,2024.0718.155524,V20260126.2,CW_DTCL_DTCR_STC,T20260330111821,52.0586227,TRUE,TRUE,TRUE,TRUE,TRUE,TRUE,TRUE,4S2RND2HBL06DS,v1.0.1,2025_12_22,314.1295,323.964,474.4884,303.8605,294.8212,152.6689,148.1342,344.3221,333.5821,490.9627,-6.4689,3.6556,-0.0001,0,-0.2242,1.558,-0.2215,1.5543,0.6667,156.0381,152.2666,150.168,155.2539,153.4316,0.8267,0.6606,0.8461,0.7873,0.6606,0.7894,0.767,0.8049,0.7474,0.7474,0.8121,0.8071,0.813,0.7679,0.766,0.7673,0.7527,0.6997,0.6997,0.8181,0.7529,0.8303,0.8098,0.7529,0.8372,0.7777,0.7821,0.8458,0.8208,0.8087,0.7899,0.7674,0.7674,0,0,0,0,0,v1.0.1,2025_12_22,314.1277,324,475.609,303.7368,294.7143,151.6234,146.9603,344.4768,333.7698,491.9281,-6.4638,3.653,-0.0001,0,-0.2243,1.5581,-0.2214,1.5538,0.6666,163.668,158.9727,164.7852,164.3633,162.9473,0.6883,0.5816,0.6948,0.696,0.5816,0.6555,0.6362,0.6626,0.6432,0.6362,0.651,0.6473,0.6528,0.634,0.6328,0.6591,0.6297,0.6103,0.6103,0.6893,0.554,0.6631,0.6461,0.554,0.6519,0.6761,0.6443,0.6804,0.6804,0.6685,0.6605,0.6403,0.6403,0,0,0,0,0,v1.0.1,2025_12_22,312.9537,316.0278,437.9048,302.0952,299.0168,185.0924,184.4538,331.3109,327,447,-7.2342,-3.1947,-0.0001,0,-0.2105,1.5642,-0.2179,1.5634,0.6748,176.0615,175.3584,173.2031,175.5391,175.0405,0.7863,0.5432,0.8084,0.6748,0.5432,0.7422,0.648,0.7646,0.6526,0.648,0.7742,0.7714,0.7603,0.7082,0.7082,0.7305,0,0.7359,0.7146,0.7146,0,0,0,0,0,v1.0.1,2025_12_22,312.8785,315.8972,438.6698,301.9151,298.9217,184.3652,183.5378,331.3697,327,447.8974,-7.2984,-3.2111,-0.0001,0,-0.2102,1.5646,-0.2185,1.5637,0.6749,150.3115,144.8115,144.3076,147.8574,146.822,0.6575,0.477,0.6897,0.6035,0.477,0.6246,0.559,0.6284,0.5846,0.559,0.6407,0.6333,0.6309,0.6124,0.6124,0.5839,0.5477,0.578,0.5569,0.5477,0,0,0,0,0,0.0012,-0.2024,0.0016,-0.0392,-0.1649,0.0038,-0.0651,-0.0036,-0.0384,-0.0382,-0.0029,-0.0154,0,-0.0028,-0.0565,-0.0468,-0.0494,-0.051,-0.0192,0.0172,0.0117,-0.1254,-0.0033,-0.0186,-0.095,0.0009,-0.0426,0.0153,-0.0296,-0.0111,-0.0023,-0.0142,-0.0137,-0.0075,-0.0309,-0.0155,-0.0274,-0.0111,0.0159,-0.0255,-0.0069,-0.282,0.0043,-0.1233,-0.25,-0.0115,-0.14,0.0072,-0.1018,-0.1057,-0.0034,0.0075,0.0094,0.0076,0.0001,-0.0014,-0.0001,-0.1991,0.007,-0.0726,-0.1806,-0.0073,-0.0963,-0.0043,-0.0633,-0.0729,0.001,-0.0013,-0.0069,-0.0049,-0.0049,0.0002,-0.0059,TRUE,TRUE
DTC_R_24,LanSi,1,CW_01,A,2026-03-30 11:17:29+08:00,ONLINE,FALSE,,CW_1_01,PASS,,,52.0735829,_2026033011172989601,T20260330111729,DESKTOP-P2DUL42,Loma,1,CW_1_01,1,paul di,2024.0718.155524,V20260126.2,CW_DTCL_DTCR_STC,T20260330111821,52.0735829,TRUE,TRUE,TRUE,TRUE,TRUE,TRUE,TRUE,4S2RND2HBL0DP6,v1.0.1,2025_12_22,315.1241,316.5328,474.9925,296.5489,295.517,147.2857,149.3377,336.7219,335.3147,484.3287,-5.4428,-3.2164,-0.0001,0,-0.2238,1.5549,-0.2207,1.5505,0.6652,154.5742,151.8389,151.7051,154.6738,153.198,0.8635,0.8328,0.8679,0.7756,0.7756,0.8084,0.7536,0.8071,0.7393,0.7393,0.8114,0.8178,0.8166,0.8128,0.7574,0.746,0.7534,0.6775,0.6775,0.8351,0.8169,0.8013,0.98,0.8013,0.8399,0.7748,0.7473,0.8381,0.7877,0.8221,0.7506,0.848,0.7473,0,0,0,0,0,v1.0.1,2025_12_22,315.1214,316.6357,476.0882,296.5,295.2933,146.2867,148.0625,336.8889,335.4167,485.3819,-5.5036,-3.1614,-0.0001,0,-0.2239,1.5544,-0.2201,1.5506,0.6652,163.3691,157.79,166.6982,166.0654,163.4807,0.6908,0.6939,0.7064,0.6494,0.6494,0.6723,0.637,0.6533,0.623,0.623,0.659,0.6484,0.6505,0.656,0.6307,0.6369,0.6119,0.5999,0.5999,0.6899,0.6761,0.6516,0.1005,0.1005,0.6556,0.6492,0.6539,0.6762,0.6607,0.5946,0.6315,0.6932,0.5946,0,0,0,0,0,v1.0.1,2025_12_22,317.1524,328,441.7168,312.6814,302.7559,195.3858,188.5667,342.3583,331.7217,456.2,-3.1173,7.4251,0,0.0001,-0.2218,1.5621,-0.2107,1.5571,0.6717,176.6826,176.0801,176.1484,178.0068,176.7295,0.8002,0.7102,0.804,0.6514,0.6514,0.7364,0.6482,0.7475,0.6116,0.6116,0.7633,0.77,0.7518,0.7445,0.7445,0.7486,0.6871,0.7072,0,0.6871,0,0,0,0,0,v1.0.1,2025_12_22,317.1619,328.0857,442.5357,312.7411,302.6532,194.7903,187.6218,342.4286,331.8496,456.9469,-3.1355,7.4985,0,0.0001,-0.2213,1.5619,-0.2098,1.5568,0.6719,148.625,143.3281,145.2568,146.5586,145.9421,0.6413,0.6021,0.6701,0.5791,0.5791,0.622,0.5834,0.617,0.5341,0.5341,0.6492,0.6332,0.6362,0.6297,0.6297,0.5923,0.5614,0.5862,0.3578,0.3578,0,0,0,0,0,-0.0013,-0.051,-0.0031,-0.0917,-0.0892,-0.024,-0.0639,-0.0149,-0.0988,-0.0782,-0.0074,0.0014,0.0056,-0.0026,-0.0506,-0.066,-0.0464,-0.162,-0.0101,-0.0104,-0.0203,-0.0322,-0.0167,-0.0674,-0.0617,-0.0071,-0.0408,-0.0279,-0.0573,-0.0548,0.002,-0.0031,-0.0178,-0.0102,-0.0292,-0.0283,-0.0231,-0.039,0.0035,-0.012,-0.0019,-0.1064,-0.0043,-0.1596,-0.1507,-0.0338,-0.1169,-0.0267,-0.1785,-0.1535,-0.0046,0.0075,0,-0.0072,-0.003,-0.0418,-0.0199,-0.0784,0.0009,-0.0984,-0.0821,-0.0124,-0.067,-0.0277,-0.1059,-0.1003,0.0082,-0.0095,0.0109,0.0066,0.0066,0.001,-0.0072,TRUE,TRUE
DTC_L_25,LanSi,1,CW_01,B,2026-03-30 11:19:11+08:00,ONLINE,FALSE,,CW_1_01,PASS,,,51.5846117,_2026033011191141902,T20260330111911,DESKTOP-P2DUL42,Loma,1,CW_1_01,2,paul di,2024.0718.155524,V20260126.2,CW_DTCL_DTCR_STC,T20260330112003,51.5846117,TRUE,TRUE,TRUE,TRUE,TRUE,TRUE,TRUE,4S2RND2HBL06DS,v1.0.1,2025_12_22,315.2612,321.8955,475.7153,300.9343,296.3221,150.5839,149.745,341.7517,334.6963,487.7926,-5.152,1.0916,-0.0001,0,-0.2294,1.5602,-0.2189,1.5537,0.6664,154.9346,150.8467,149.1602,154.4668,152.3521,0.8275,0.8142,0.8466,0.7952,0.7952,0.783,0.7546,0.7911,0.7548,0.7546,0.8175,0.8207,0.8084,0.7652,0.7292,0.7369,0.7364,0.6923,0.6923,0.8164,0.98,0.8096,0.7937,0.7937,0.8479,0.7252,0.7091,0.837,0.818,0.7809,0.7764,0.771,0.7091,0,0,0,0,0,v1.0.1,2025_12_22,315.2536,321.971,476.7842,300.8777,296.0861,149.6026,148.7095,342,334.8043,488.8333,-5.1725,1.1569,-0.0001,0,-0.2293,1.5595,-0.2192,1.5536,0.6662,160.5986,156.8438,162.4424,161.3486,160.3083,0.6793,0.6852,0.6913,0.7008,0.6793,0.6622,0.6318,0.6557,0.656,0.6318,0.6494,0.6509,0.6546,0.642,0.6237,0.6328,0.6396,0.6,0.6,0.689,0.4235,0.6941,0.6734,0.4235,0.64,0.6191,0.5946,0.678,0.6786,0.6637,0.6751,0.6396,0.5946,0,0,0,0,0,v1.0.1,2025_12_22,313.8846,314.1154,438.8649,299.5766,300.281,183.0165,185.6393,328.7131,327.9561,444.2368,-6.1748,-5.5683,-0.0001,-0.0001,-0.2153,1.5669,-0.2128,1.5626,0.6753,176.4053,175.2285,173.3867,175.8428,175.2158,0.7964,0.6937,0.7991,0.683,0.683,0.7431,0.6533,0.7587,0.6577,0.6533,0.7704,0.7604,0.7617,0.6945,0.6945,0.7355,0,0.7331,0.668,0.668,0,0,0,0,0,v1.0.1,2025_12_22,313.8396,314.1415,439.7611,299.5841,300.2203,182.3136,184.7917,328.95,328,445.1026,-6.1775,-5.4817,-0.0001,-0.0001,-0.2146,1.5673,-0.2137,1.5626,0.6754,147.6465,143.1709,141.8457,144.917,144.395,0.6568,0.5954,0.6812,0.6127,0.5954,0.6263,0.5581,0.6273,0.5974,0.5581,0.615,0.6336,0.6408,0.5906,0.5906,0.5903,0.496,0.5896,0.5498,0.496,0,0,0,0,0,0.002,-0.0488,0.0021,-0.0313,-0.0303,-0.0026,-0.0775,-0.0174,-0.031,-0.031,0.0025,-0.0018,-0.0046,-0.0055,-0.0933,-0.0772,-0.0657,-0.0584,-0.0209,-0.0035,0.0027,-0.0218,-0.0068,-0.0138,0.0027,0.0076,-0.047,0.0084,-0.0168,-0.0155,-0.0039,-0.0106,-0.0119,0.0005,-0.04,-0.0418,-0.0175,-0.0214,0.0156,0.0055,0.0032,-0.1315,-0.005,-0.1151,-0.1102,-0.0106,-0.1347,0.0013,-0.0967,-0.1004,-0.0072,-0.0035,0.0108,-0.0061,0.0051,-0.0042,-0.0008,-0.0807,-0.0015,-0.0634,-0.0622,-0.0056,-0.0972,-0.0054,-0.0505,-0.0738,-0.0247,-0.001,0.003,-0.0267,-0.0267,0.0066,0.0057,TRUE,TRUE
DTC_R_25,LanSi,1,CW_01,B,2026-03-30 11:19:11+08:00,ONLINE,FALSE,,CW_1_01,PASS,,,51.6015665,_2026033011191141801,T20260330111911,DESKTOP-P2DUL42,Loma,1,CW_1_01,1,paul di,2024.0718.155524,V20260126.2,CW_DTCL_DTCR_STC,T20260330112003,51.6015665,TRUE,TRUE,TRUE,TRUE,TRUE,TRUE,TRUE,4S2RND2HBL0DP6,v1.0.1,2025_12_22,315.1185,316.363,475.4511,296.8346,295.5374,147.6599,149.0952,336.2381,335.8054,484.7718,-5.2985,-3.1265,-0.0001,0,-0.2207,1.5547,-0.2186,1.5481,0.6659,155.0723,152.373,152.1221,155.0439,153.6528,0.868,0.778,0.8714,0.7759,0.7759,0.8229,0.7436,0.8167,0.7706,0.7436,0.8137,0.8157,0.8142,0.822,0.7523,0.7325,0.785,0.7702,0.7325,0.8322,0.801,0.7969,0.98,0.7969,0.8347,0.7669,0.7325,0.8198,0.798,0.7392,0.8392,0.8448,0.7325,0,0,0,0,0,v1.0.1,2025_12_22,315.1232,316.2681,476.4604,296.6187,295.3893,146.6577,147.9592,336.3129,335.8867,485.9667,-5.3363,-3.1352,-0.0001,0,-0.2207,1.5545,-0.2188,1.5485,0.6659,162.5371,157.6172,166.1816,165.2256,162.8904,0.7016,0.6566,0.7171,0.6708,0.6566,0.6788,0.6293,0.677,0.6504,0.6293,0.6607,0.6467,0.6542,0.6593,0.6278,0.6343,0.6305,0.6283,0.6278,0.686,0.6422,0.6584,0.1186,0.1186,0.6469,0.6624,0.6192,0.6591,0.673,0.6087,0.6403,0.6774,0.6087,0,0,0,0,0,v1.0.1,2025_12_22,317.1121,327.7196,441.9273,312.7636,302.672,196.024,188.5,341.6667,331.8333,456.1053,-3.091,7.3558,0,0.0001,-0.2187,1.5611,-0.2075,1.5561,0.6727,176.0088,175.3232,175.4668,177.1406,175.9849,0.8032,0.62,0.8241,0.6397,0.62,0.7644,0.6085,0.7813,0.6652,0.6085,0.7608,0.7694,0.765,0.7445,0.7445,0.7537,0.669,0.7361,0,0.669,0,0,0,0,0,v1.0.1,2025_12_22,317.1333,327.8095,442.7321,312.7321,302.5781,195.1562,187.5902,341.8361,331.9391,456.9217,-3.1054,7.3911,0,0.0001,-0.219,1.561,-0.2073,1.5561,0.6727,148.0361,143.1494,144.9229,145.6055,145.4285,0.657,0.5427,0.6802,0.5656,0.5427,0.6382,0.537,0.6492,0.5759,0.537,0.6223,0.6343,0.6368,0.6379,0.6223,0.5902,0.5596,0.5716,0.4205,0.4205,0,0,0,0,0,0.0032,-0.1058,0.0004,-0.0914,-0.0889,-0.0095,-0.0739,-0.0053,-0.0675,-0.0739,-0.0051,-0.0007,0.0032,0.0066,-0.0557,-0.0795,-0.0148,-0.0693,-0.013,-0.0148,-0.0095,-0.0695,-0.006,-0.046,-0.0545,-0.0006,-0.0485,-0.0042,-0.0299,-0.0485,0.0037,-0.0048,-0.0141,-0.0069,-0.0321,-0.0309,-0.0045,-0.0106,-0.0004,-0.0052,0.0011,-0.1966,0.0158,-0.1713,-0.1821,-0.0058,-0.1566,0.0071,-0.1249,-0.1566,-0.0071,0.0069,0.0132,-0.0072,0.0021,-0.0129,-0.0042,-0.1378,0.011,-0.1119,-0.1185,0.0038,-0.1134,0.0045,-0.0641,-0.0974,-0.0187,-0.0084,0.0115,0.0148,-0.0008,-0.0011,-0.0218,TRUE,TRUE
DTC_R_26,LanSi,1,CW_01,C,2026-03-30 11:21:05+08:00,ONLINE,FALSE,,CW_1_01,PASS,,,51.6840709,_2026033011210543001,T20260330112105,DESKTOP-P2DUL42,Loma,1,CW_1_01,1,paul di,2024.0718.155524,V20260126.2,CW_DTCL_DTCR_STC,T20260330112157,51.6840709,TRUE,TRUE,TRUE,TRUE,TRUE,TRUE,TRUE,4S2RND2HBL0DP6,v1.0.1,2025_12_22,315.2222,317.8667,475.7956,298.2701,295.8288,149.7877,149.2905,338,335.8716,486.5608,-5.0982,-1.403,-0.0001,0,-0.2209,1.5554,-0.2202,1.5485,0.6657,155.4395,152.7002,152.2676,155.0723,153.8699,0.857,0.7838,0.8674,0.7719,0.7719,0.8199,0.7461,0.8222,0.7657,0.7461,0.8203,0.8233,0.8124,0.8226,0.7057,0.7289,0.7842,0.7816,0.7057,0.8322,0.7965,0.8071,0.7072,0.7072,0.8425,0.7864,0.7692,0.8367,0.8131,0.98,0.8419,0.8512,0.7692,0,0,0,0,0,v1.0.1,2025_12_22,315.1957,317.8333,476.8467,298.1898,295.5743,148.6351,148.0208,338.0417,336,487.5855,-5.1725,-1.4429,-0.0001,0,-0.2204,1.5548,-0.2198,1.5483,0.6657,162.3945,157.292,165.6641,165.001,162.5879,0.7095,0.6563,0.7119,0.6696,0.6563,0.6798,0.6401,0.6705,0.6536,0.6401,0.6604,0.6592,0.6638,0.6643,0.6145,0.636,0.621,0.6384,0.6145,0.6676,0.6655,0.6678,0.1258,0.1258,0.6502,0.6591,0.6442,0.674,0.6375,0.328,0.6661,0.6688,0.328,0,0,0,0,0,v1.0.1,2025_12_22,317.3429,329.1333,442.2301,314.2301,302.832,197.624,188.5583,343.4167,331.9273,457.5,-2.9219,8.8808,0,0.0001,-0.2183,1.5604,-0.2099,1.5571,0.6723,177.4756,176.8516,177.1719,178.4951,177.4985,0.8122,0.6276,0.8107,0.6304,0.6276,0.7679,0.6221,0.7807,0.6671,0.6221,0.7736,0.7663,0.7542,0.7483,0.7483,0.7465,0.6948,0.7354,0,0.6948,0,0,0,0,0,v1.0.1,2025_12_22,317.2596,329.1058,443.0459,314.2844,302.7143,196.8651,187.5,343.5,331.9286,458.3393,-3.0103,8.9189,0,0.0001,-0.2168,1.5607,-0.21,1.5573,0.6728,147.9756,142.915,144.7109,145.7773,145.3447,0.6585,0.5551,0.6784,0.5704,0.5551,0.6336,0.5456,0.6482,0.5779,0.5456,0.6241,0.6267,0.6428,0.6252,0.6241,0.5853,0.5657,0.5749,0.0319,0.0319,0,0,0,0,0,-0.0078,-0.1,-0.0036,-0.0954,-0.0929,-0.0125,-0.0714,0.0002,-0.0724,-0.0714,0.0015,0.0069,0.0014,0.0072,-0.1023,-0.0831,-0.0156,-0.0579,-0.013,-0.0046,-0.0016,-0.0698,-0.0112,-0.0472,-0.0548,0.0004,-0.0377,-0.0107,-0.0267,-0.0377,0.0034,0.0077,-0.0045,-0.0019,-0.0454,-0.0292,-0.014,-0.0005,-0.0188,0.0042,0.0101,-0.189,0.0024,-0.1806,-0.1745,-0.0023,-0.143,0.0065,-0.123,-0.143,0.0057,0.0038,0.0024,-0.0034,-0.0051,-0.0136,-0.0027,-0.1254,0.0092,-0.1071,-0.1061,-0.0008,-0.1048,0.0035,-0.0621,-0.0888,-0.0169,-0.016,0.0175,0.0021,0.001,-0.006,-0.0185,TRUE,TRUE
DTC_L_26,LanSi,1,CW_01,C,2026-03-30 11:21:05+08:00,ONLINE,FALSE,,CW_1_01,FAIL,SFR_VIS_25cm_Ny4_01F_ROI2_Dev,Dev,51.4247642,_2026033011210568902,T20260330112105,DESKTOP-P2DUL42,Loma,1,CW_1_01,2,paul di,2024.0718.155524,V20260126.2,CW_DTCL_DTCR_STC,T20260330112157,51.4247642,TRUE,TRUE,TRUE,TRUE,TRUE,TRUE,TRUE,4S2RND2HBL06DS,v1.0.1,2025_12_22,315.2847,322.0657,475.7704,301.0667,296.298,150.4503,149.8581,342.2365,334.773,488.5461,-5.1032,1.3731,-0.0001,0,-0.2296,1.5601,-0.2208,1.5537,0.6659,156.5635,152.3877,150.5566,155.7842,153.823,0.827,0.737,0.8458,0.7945,0.737,0.7851,0.7739,0.8029,0.7367,0.7367,0.8131,0.7942,0.8113,0.7737,0.7282,0.7343,0.745,0.6918,0.6918,0.8161,0.4897,0.8181,0.7865,0.4897,0.8404,0.7562,0.7507,0.8361,0.811,0.7736,0.7791,0.7802,0.7507,0,0,0,0,0,v1.0.1,2025_12_22,315.2158,322.1223,476.9143,301.0214,296.0592,149.5658,148.6645,342.375,334.8623,489.5797,-5.1568,1.4328,-0.0001,0,-0.2292,1.5597,-0.2205,1.5535,0.6659,163.2588,158.8994,164.7686,164.127,162.7634,0.6864,0.6413,0.6836,0.7003,0.6413,0.6694,0.6419,0.665,0.6399,0.6399,0.6358,0.6606,0.662,0.6333,0.622,0.6319,0.6281,0.6109,0.6109,0.6736,0.5204,0.6908,0.6647,0.5204,0.6451,0.6206,0.6251,0.6934,0.6744,0.6481,0.6611,0.6335,0.6206,0,0,0,0,0,v1.0.1,2025_12_22,313.9151,314.3302,439.1091,299.6818,300.3417,183.075,185.6583,329.275,328.0172,444.9483,-6.0917,-5.2379,-0.0001,-0.0001,-0.216,1.5672,-0.2155,1.5627,0.6746,176.4443,175.4053,173.4023,175.7129,175.2412,0.7936,0.5842,0.8015,0.6812,0.5842,0.7391,0.6544,0.755,0.6535,0.6535,0.7636,0.7382,0.7639,0.6967,0.6967,0.7171,0,0.7302,0.6444,0.6444,0,0,0,0,0,v1.0.1,2025_12_22,313.9151,314.3302,439.8649,299.5766,300.1681,182.395,184.8279,329.3443,328.0086,445.8448,-6.1431,-5.2018,-0.0001,-0.0001,-0.2161,1.5665,-0.2153,1.5635,0.6747,149.9023,144.8555,143.6924,147.2021,146.4131,0.6733,0.532,0.6732,0.6007,0.532,0.6232,0.564,0.6245,0.5737,0.564,0.6249,0.6099,0.6418,0.6127,0.6099,0.5698,0.5163,0.5804,0.5476,0.5163,0,0,0,0,0,0.0015,-0.126,0.0013,-0.032,-0.0885,-0.0005,-0.0582,-0.0056,-0.0491,-0.0489,-0.0019,-0.0283,-0.0017,0.003,-0.0943,-0.0798,-0.0571,-0.0589,-0.0212,0.005,0.0098,-0.0657,-0.0145,-0.0143,-0.0353,0.0148,-0.0369,0.0177,-0.0329,-0.0074,-0.0175,-0.0009,-0.0045,-0.0082,-0.0417,-0.0427,-0.029,-0.0105,0.0002,0.0022,0.0004,-0.241,-0.0026,-0.1169,-0.209,-0.0146,-0.1336,-0.0024,-0.1009,-0.1002,-0.014,-0.0257,0.013,-0.0039,-0.0133,-0.0071,0.0157,-0.1441,-0.0095,-0.0754,-0.1256,-0.0087,-0.0913,-0.0082,-0.0742,-0.0679,-0.0148,-0.0247,0.004,-0.0046,-0.0074,-0.0139,-0.0035,TRUE,TRUE
DTC_R_27,LanSi,1,CW_01,A,2026-03-30 11:22:51+08:00,ONLINE,FALSE,,CW_1_01,PASS,,,51.9207165,_2026033011225120501,T20260330112251,DESKTOP-P2DUL42,Loma,1,CW_1_01,1,paul di,2024.0718.155524,V20260126.2,CW_DTCL_DTCR_STC,T20260330112343,51.9207165,TRUE,TRUE,TRUE,TRUE,TRUE,TRUE,TRUE,4S2RND2HBL0DP6,v1.0.1,2025_12_22,315.2993,317.365,475.7279,298.0441,295.7517,149.4759,149.4564,337.3087,335.9463,485.9329,-5.0637,-1.8747,-0.0001,0,-0.2193,1.5544,-0.2192,1.5484,0.6661,155.3818,152.793,152.7354,155.4961,154.1016,0.8704,0.7852,0.8722,0.7688,0.7688,0.8197,0.7494,0.8225,0.7763,0.7494,0.8135,0.8125,0.8005,0.8176,0.711,0.7297,0.7841,0.7753,0.711,0.844,0.8049,0.8036,0.3411,0.3411,0.848,0.7711,0.7679,0.8083,0.7851,0.4616,0.8156,0.8431,0.4616,0,0,0,0,0,v1.0.1,2025_12_22,315.2086,317.3669,476.8561,297.9281,295.5878,148.3986,148.1544,337.3893,336.0805,487,-5.1225,-1.8834,-0.0001,0,-0.2192,1.5547,-0.2188,1.5479,0.6661,161.8555,156.1357,164.8125,164.584,161.8469,0.7024,0.662,0.7021,0.6639,0.662,0.6693,0.6418,0.6653,0.6511,0.6418,0.6555,0.6615,0.6512,0.6574,0.6059,0.6305,0.6266,0.6273,0.6059,0.6826,0.6535,0.6599,0.2016,0.2016,0.6531,0.6584,0.6487,0.6691,0.6514,0.2777,0.6445,0.6614,0.2777,0,0,0,0,0,v1.0.1,2025_12_22,317.3645,328.8131,442.2018,313.9908,302.8197,197.2131,188.6116,342.7025,332,457,-2.9005,8.4439,0,0.0001,-0.2177,1.5602,-0.2069,1.5566,0.673,176.041,175.6914,176.2324,177.2959,176.3152,0.8017,0.639,0.8193,0.6368,0.6368,0.767,0.6249,0.7754,0.6731,0.6249,0.7669,0.7708,0.7554,0.7492,0.7492,0.7505,0.6745,0.7344,0,0.6745,0,0,0,0,0,v1.0.1,2025_12_22,317.3048,328.8762,443.0275,313.9541,302.7398,196.4797,187.7769,342.7686,332.0522,457.8174,-2.9198,8.4792,0,0.0001,-0.2176,1.5607,-0.2063,1.5564,0.6733,147.4736,142.0762,143.7588,145.6016,144.7275,0.6605,0.5564,0.6693,0.5587,0.5564,0.6334,0.5629,0.6308,0.5804,0.5629,0.6372,0.6453,0.6361,0.6348,0.6348,0.5906,0.5516,0.5865,0.0883,0.0883,0,0,0,0,0,0.0056,-0.0986,0.0012,-0.0985,-0.096,-0.0127,-0.0681,0.0005,-0.0618,-0.0681,-0.0053,-0.0039,-0.0105,0.0022,-0.097,-0.0823,-0.0157,-0.0642,-0.0012,-0.0081,-0.0087,-0.0641,-0.021,-0.0529,-0.0491,-0.0101,-0.036,-0.0159,-0.0292,-0.036,-0.0015,0.01,-0.0171,-0.0088,-0.054,-0.0347,-0.0084,-0.0116,-0.0038,-0.0037,-0.0004,-0.1776,0.011,-0.1742,-0.1653,-0.0032,-0.1402,0.0012,-0.117,-0.1402,-0.001,0.0083,0.0036,-0.0025,-0.0011,-0.0146,-0.0007,-0.1241,0.0001,-0.1188,-0.1048,-0.001,-0.0875,-0.0139,-0.0596,-0.0715,-0.0038,0.0026,0.0108,0.0117,0.0117,-0.0007,-0.0069,TRUE,TRUE
DTC_L_27,LanSi,1,CW_01,A,2026-03-30 11:22:51+08:00,ONLINE,FALSE,,CW_1_01,PASS,,,51.804029,_2026033011225133502,T20260330112251,DESKTOP-P2DUL42,Loma,1,CW_1_01,2,paul di,2024.0718.155524,V20260126.2,CW_DTCL_DTCR_STC,T20260330112343,51.804029,TRUE,TRUE,TRUE,TRUE,TRUE,TRUE,TRUE,4S2RND2HBL06DS,v1.0.1,2025_12_22,314.1533,323.1898,474.2612,302.8955,294.8212,152.0861,148.0336,343.1745,333.4179,490.0373,-6.5626,2.7766,-0.0001,0,-0.2256,1.5578,-0.2192,1.5553,0.6671,155.2246,151.5117,149.5605,154.2217,152.6296,0.8265,0.8053,0.8506,0.7851,0.7851,0.7746,0.7572,0.7984,0.7546,0.7546,0.8193,0.8152,0.8234,0.775,0.7466,0.706,0.7551,0.7095,0.706,0.8191,0.98,0.8177,0.8248,0.8177,0.847,0.7885,0.786,0.8303,0.8375,0.8001,0.7826,0.7798,0.7798,0,0,0,0,0,v1.0.1,2025_12_22,314.1079,323.223,475.5,302.7071,294.5806,151.1226,147.0134,343.3356,333.6739,491.0362,-6.5248,2.7849,-0.0001,0,-0.2259,1.5573,-0.2193,1.5542,0.6666,161.7158,157.917,163.8389,162.6924,161.541,0.6741,0.6707,0.6938,0.6876,0.6707,0.6629,0.6342,0.6574,0.6481,0.6342,0.6395,0.643,0.6555,0.642,0.6299,0.6066,0.6286,0.6152,0.6066,0.6846,0.4555,0.669,0.6656,0.4555,0.6584,0.6496,0.6438,0.6788,0.6687,0.6589,0.6607,0.6489,0.6438,0,0,0,0,0,v1.0.1,2025_12_22,312.7925,315.5,437.6842,301.3596,298.7603,184.7438,184.3667,330.35,326.8729,446.1695,-7.4047,-3.8754,-0.0001,0,-0.2122,1.5634,-0.2146,1.5629,0.6749,175.9863,175.4648,173.3994,175.4336,175.071,0.7915,0.6887,0.8122,0.6759,0.6759,0.7509,0.6414,0.754,0.6786,0.6414,0.7683,0.7555,0.7666,0.7059,0.7059,0.7405,0,0.7215,0.7055,0.7055,0,0,0,0,0,v1.0.1,2025_12_22,312.783,315.4245,438.6607,301.1696,298.6723,183.8739,183.4793,330.3802,327,447.1026,-7.3809,-3.9098,-0.0001,0,-0.2122,1.5634,-0.2146,1.5627,0.6748,148.5654,143.9883,143.0898,145.9492,145.3982,0.6621,0.5917,0.6734,0.6055,0.5917,0.6292,0.5738,0.6397,0.5988,0.5738,0.6279,0.6164,0.6441,0.6137,0.6137,0.592,0.5359,0.5823,0.5649,0.5359,0,0,0,0,0,0.001,-0.0577,0.0061,-0.0414,-0.0404,-0.011,-0.0749,-0.0101,-0.0312,-0.031,0.0043,-0.0073,0.0104,0.0043,-0.0759,-0.1081,-0.047,-0.0412,-0.0182,0.0046,-0.0025,-0.0363,-0.0043,-0.027,-0.0059,0.0083,-0.0446,0.0101,-0.0247,-0.0131,-0.0138,-0.0185,-0.011,0.0005,-0.0338,-0.068,-0.0285,-0.0062,0.0112,-0.0196,-0.0017,-0.1365,0.0081,-0.1222,-0.1173,-0.0028,-0.1466,-0.0034,-0.0758,-0.1123,-0.0093,-0.0084,0.0157,0.0053,0.0101,-0.0158,0.0045,-0.0844,-0.0093,-0.0706,-0.0659,-0.0027,-0.0815,0.007,-0.0491,-0.0581,-0.0118,-0.0182,0.0063,-0.0036,-0.0036,0.0083,-0.0016,TRUE,TRUE
DTC_L_28,LanSi,1,CW_01,B,2026-03-30 11:24:41+08:00,ONLINE,FALSE,,CW_1_01,PASS,,,52.2355442,_2026033011244118102,T20260330112441,DESKTOP-P2DUL42,Loma,1,CW_1_01,2,paul di,2024.0718.155524,V20260126.2,CW_DTCL_DTCR_STC,T20260330112533,52.2355442,TRUE,TRUE,TRUE,TRUE,TRUE,TRUE,TRUE,4S2RND2HBL06DS,v1.0.1,2025_12_22,313.8478,323.2391,474.0429,302.8929,294.3841,151.4636,147.6291,343.404,333.0786,490.1857,-6.9035,2.7371,-0.0001,0,-0.2258,1.5575,-0.2202,1.5556,0.6668,154.749,151.0371,149.1572,153.9492,152.2231,0.8287,0.7981,0.8563,0.7792,0.7792,0.7851,0.737,0.8036,0.7533,0.737,0.8249,0.8153,0.8194,0.7649,0.7335,0.7157,0.7605,0.7081,0.7081,0.8107,0.7594,0.8328,0.8219,0.7594,0.8427,0.7643,0.749,0.8351,0.8273,0.8404,0.7886,0.7619,0.749,0,0,0,0,0,v1.0.1,2025_12_22,313.8936,323.3191,475.1929,302.6786,294.3667,150.5067,146.56,343.56,333.2143,491.1714,-6.8545,2.7472,-0.0001,0,-0.2268,1.5578,-0.2199,1.5557,0.6667,162.7256,158.2217,164.4248,163.5283,162.2251,0.6928,0.6775,0.6934,0.6985,0.6775,0.656,0.6287,0.6624,0.6573,0.6287,0.6559,0.6459,0.6521,0.6442,0.6095,0.6176,0.6152,0.6216,0.6095,0.6684,0.5399,0.665,0.6889,0.5399,0.6563,0.6306,0.6369,0.6692,0.6628,0.6767,0.6587,0.6295,0.6295,0,0,0,0,0,v1.0.1,2025_12_22,312.4,315.5,437.5478,301.3826,298.52,184.048,183.8618,330.3821,326.5,446.3898,-7.7341,-3.9595,-0.0001,0,-0.2118,1.5651,-0.2148,1.563,0.6754,175.9453,175.4072,173.6172,175.4629,175.1082,0.7871,0.6918,0.813,0.67,0.67,0.7412,0.6196,0.7596,0.6713,0.6196,0.7867,0.7649,0.7725,0.7098,0.7098,0.7283,0,0.7249,0.7349,0.7249,0,0,0,0,0,v1.0.1,2025_12_22,312.4,315.5,438.3393,301.1696,298.377,183.2377,183.024,330.456,326.6917,447.175,-7.7336,-3.9923,-0.0001,0,-0.2128,1.5647,-0.2146,1.5622,0.6749,149.4043,144.1426,143.585,146.7393,145.9678,0.6592,0.5856,0.6776,0.5991,0.5856,0.6394,0.5367,0.6197,0.5723,0.5367,0.6307,0.6351,0.6478,0.6081,0.6081,0.5929,0.5166,0.5856,0.5867,0.5166,0,0,0,0,0,0.0032,-0.0649,0.0118,-0.0473,-0.0463,-0.0005,-0.0951,-0.0049,-0.0325,-0.0486,0.0099,-0.0072,0.0064,-0.0058,-0.089,-0.0984,-0.0416,-0.0426,-0.0266,0.0197,0.0162,-0.0295,-0.0047,-0.0161,0.0009,0.0014,-0.0501,0.0151,-0.0155,-0.0186,0.0026,-0.0156,-0.0144,0.0027,-0.0542,-0.057,-0.0419,0.0002,-0.005,-0.0236,-0.0061,-0.1334,0.0089,-0.1281,-0.1232,-0.0125,-0.1684,0.0022,-0.0831,-0.1341,0.0091,0.001,0.0216,0.0092,-0.0021,-0.0124,0.0016,-0.0905,-0.0051,-0.077,-0.072,0.0075,-0.1186,-0.013,-0.0756,-0.0952,-0.009,0.0005,0.01,-0.0092,-0.0092,0.0092,0.0017,TRUE,TRUE
DTC_R_28,LanSi,1,CW_01,B,2026-03-30 11:24:41+08:00,ONLINE,FALSE,,CW_1_01,PASS,,,52.0450541,_2026033011244138101,T20260330112441,DESKTOP-P2DUL42,Loma,1,CW_1_01,1,paul di,2024.0718.155524,V20260126.2,CW_DTCL_DTCR_STC,T20260330112533,52.0450541,TRUE,TRUE,TRUE,TRUE,TRUE,TRUE,TRUE,4S2RND2HBL0DP6,v1.0.1,2025_12_22,315.292,317,475.7852,297.2222,295.7945,148.4932,149.2838,337.1689,335.8194,487.9161,-5.105,-1.9399,-0.0001,0,-0.2221,1.5551,-0.2204,1.5508,0.6658,155.7793,153.2207,153.0254,155.8018,154.4568,0.8645,0.767,0.867,0.8209,0.767,0.8147,0.7596,0.8321,0.801,0.7596,0.834,0.8224,0.8042,0.815,0.7106,0.7198,0.8008,0.8294,0.7106,0.8448,0.7943,0.7996,0.98,0.7943,0.8467,0.778,0.7591,0.8391,0.8026,0.8774,0.8597,0.8541,0.7591,0,0,0,0,0,v1.0.1,2025_12_22,315.1714,316.9857,476.9149,297.0851,295.604,147.4564,148.1216,337.277,335.8366,488.9281,-5.1703,-1.9535,-0.0001,0,-0.2219,1.5554,-0.2204,1.5507,0.6659,163.1924,158.0605,166.7354,165.9375,163.4814,0.7146,0.6648,0.7164,0.6872,0.6648,0.6784,0.6379,0.6795,0.674,0.6379,0.6641,0.6561,0.6586,0.6635,0.6153,0.6294,0.6312,0.6482,0.6153,0.6695,0.6484,0.6661,0.1297,0.1297,0.6551,0.6394,0.6537,0.6722,0.6704,0.6219,0.6439,0.6634,0.6219,0,0,0,0,0,v1.0.1,2025_12_22,317.3028,328.3761,442.2478,313.3186,303.008,196.448,188.5667,342.675,331.8621,458.5,-2.9025,8.3635,0,0.0001,-0.2194,1.5623,-0.2101,1.5589,0.6729,176.5645,176.0215,176.3613,177.8926,176.71,0.7978,0.6259,0.8267,0.6868,0.6259,0.7684,0.608,0.7811,0.7158,0.608,0.7683,0.7706,0.7515,0.7482,0.7482,0.7504,0.6496,0.7271,0,0.6496,0,0,0,0,0,v1.0.1,2025_12_22,317.3148,328.5,443.1376,313.3211,302.8033,195.7705,187.5738,342.7377,331.9231,459.1709,-2.9495,8.4,0,0.0001,-0.2195,1.5614,-0.2088,1.5589,0.673,148.7754,143.96,145.5654,146.6611,146.2405,0.6671,0.56,0.6838,0.5955,0.56,0.6442,0.5365,0.6483,0.5936,0.5365,0.6335,0.6477,0.629,0.6418,0.629,0.5938,0.5501,0.5656,0.3702,0.3702,0,0,0,0,0,-0.0003,-0.1168,-0.004,-0.0464,-0.0978,-0.0177,-0.0579,0.0101,-0.0371,-0.0579,0.0152,0.006,-0.0068,-0.0004,-0.0974,-0.0922,0.001,-0.0101,-0.0004,-0.0121,0.0035,-0.0613,-0.0067,-0.0296,-0.0463,-0.001,-0.0399,-0.0017,-0.0063,-0.0399,0.0071,0.0046,-0.0097,-0.0027,-0.0446,-0.0358,-0.0038,0.0093,-0.0169,0.0025,-0.0043,-0.1907,0.0184,-0.1242,-0.1762,-0.0018,-0.1571,0.0069,-0.0743,-0.1571,0.0004,0.0081,-0.0003,-0.0035,-0.0012,-0.0219,0.0059,-0.1205,0.0146,-0.082,-0.1012,0.0098,-0.1139,0.0036,-0.0464,-0.0979,-0.0075,0.005,0.0037,0.0187,0.0059,0.0025,-0.0278,TRUE,TRUE
DTC_R_29,LanSi,1,CW_01,C,2026-03-30 11:26:32+08:00,ONLINE,FALSE,,CW_1_01,PASS,,,51.6947049,_2026033011263276601,T20260330112632,DESKTOP-P2DUL42,Loma,1,CW_1_01,1,paul di,2024.0718.155524,V20260126.2,CW_DTCL_DTCR_STC,T20260330112724,51.6947049,TRUE,TRUE,TRUE,TRUE,TRUE,TRUE,TRUE,4S2RND2HBL0DP6,v1.0.1,2025_12_22,315,316.0863,474.8978,296.4526,295.2153,146.7361,149.1688,336.5,335.0476,486.1565,-5.6341,-3.1137,-0.0001,0,-0.2217,1.554,-0.222,1.5529,0.6658,153.9512,151.2344,151.6875,153.8262,152.6748,0.8687,0.8249,0.8707,0.834,0.8249,0.8215,0.7392,0.8307,0.7523,0.7392,0.804,0.8195,0.8012,0.8189,0.7538,0.7432,0.7663,0.7073,0.7073,0.8635,0.8338,0.8033,0.6051,0.6051,0.8433,0.7367,0.7705,0.8217,0.8036,0.98,0.7187,0.839,0.7187,0,0,0,0,0,v1.0.1,2025_12_22,315,316.1761,475.9571,296.1071,295.0822,145.8562,148,336.5461,335.0878,487.1351,-5.6746,-3.1359,-0.0001,0,-0.2235,1.5539,-0.2209,1.5533,0.6657,162.8389,157.5576,166.8125,165.6943,163.2258,0.7041,0.6941,0.716,0.6988,0.6941,0.6798,0.6317,0.6789,0.6489,0.6317,0.6507,0.6651,0.6458,0.6735,0.6314,0.6328,0.6262,0.5997,0.5997,0.7013,0.683,0.6579,0.0489,0.0489,0.6546,0.6325,0.6591,0.6642,0.6492,0.4408,0.6171,0.6796,0.4408,0,0,0,0,0,v1.0.1,2025_12_22,317.0849,327.6698,441.5664,312.5575,302.5433,195.1181,188.3871,342,331.5,456.7069,-3.2837,7.3105,0,0.0001,-0.2203,1.561,-0.2104,1.559,0.6723,176.0557,175.2178,176.1602,177.4131,176.2117,0.8064,0.7145,0.826,0.7098,0.7098,0.7656,0.6566,0.7781,0.6578,0.6566,0.7681,0.7682,0.7703,0.7487,0.7487,0.7043,0.6611,0.7237,0,0.6611,0,0,0,0,0,v1.0.1,2025_12_22,317.0865,327.7788,442.4298,312.5702,302.4344,194.3115,187.4672,342.2377,331.5,457.5,-3.3164,7.3796,0,0.0001,-0.2202,1.5609,-0.2106,1.5596,0.6724,148.3965,143.1729,145.5674,146.3525,145.8723,0.6746,0.615,0.6909,0.619,0.615,0.631,0.5761,0.6557,0.5626,0.5626,0.6324,0.637,0.6491,0.6229,0.6229,0.5472,0.5368,0.5742,0.3035,0.3035,0,0,0,0,0,0.0039,-0.0589,-0.0003,-0.0333,-0.0399,-0.0109,-0.0783,0.0087,-0.0858,-0.0783,-0.0148,0.0031,-0.0098,0.0035,-0.0542,-0.0688,-0.0335,-0.1322,0.0183,-0.0084,-0.007,-0.032,-0.0071,-0.018,-0.017,0.0004,-0.0461,-0.0023,-0.0314,-0.0461,-0.0063,0.0136,-0.0225,0.0073,-0.0285,-0.0324,-0.0088,-0.0392,0.0149,-0.0057,0.0043,-0.1021,0.0177,-0.1012,-0.0923,-0.0046,-0.1085,0.0039,-0.1323,-0.1085,0.0002,0.0057,0.0185,-0.003,-0.0473,-0.0253,0.0134,-0.0655,0.0217,-0.0585,-0.0462,-0.0034,-0.0743,0.011,-0.0774,-0.0718,-0.0086,-0.0057,0.0238,-0.0002,-0.0002,-0.0441,-0.0192,TRUE,TRUE
DTC_L_29,LanSi,1,CW_01,C,2026-03-30 11:26:32+08:00,ONLINE,FALSE,,CW_1_01,PASS,,,51.6558081,_2026033011263281602,T20260330112632,DESKTOP-P2DUL42,Loma,1,CW_1_01,2,paul di,2024.0718.155524,V20260126.2,CW_DTCL_DTCR_STC,T20260330112724,51.6558081,TRUE,TRUE,TRUE,TRUE,TRUE,TRUE,TRUE,4S2RND2HBL06DS,v1.0.1,2025_12_22,313.8897,323.0441,473.9635,302.3869,294.5195,150.7857,147.7047,343.047,333.1064,490.3191,-6.8632,2.4166,-0.0001,0,-0.2278,1.5583,-0.2193,1.5559,0.6668,155.5811,151.9443,149.918,154.7109,153.0386,0.8255,0.8105,0.8399,0.7908,0.7908,0.7895,0.7588,0.8025,0.7539,0.7539,0.8198,0.804,0.8182,0.7621,0.7675,0.7383,0.7488,0.7182,0.7182,0.8379,0.98,0.8261,0.8308,0.8261,0.852,0.7236,0.7472,0.8255,0.8361,0.8236,0.7955,0.7685,0.7236,0,0,0,0,0,v1.0.1,2025_12_22,313.8944,323.0423,475.0851,302.234,294.3117,149.7922,146.5355,343.2839,333.15,491.3357,-6.9047,2.4376,-0.0001,0,-0.2279,1.5577,-0.2198,1.5564,0.6666,163.1387,158.7363,164.6797,164.0166,162.6428,0.6863,0.6737,0.7,0.6943,0.6737,0.6637,0.6466,0.6506,0.6541,0.6466,0.6501,0.6446,0.6468,0.6357,0.6302,0.644,0.6216,0.6182,0.6182,0.6669,0.4832,0.6771,0.6781,0.4832,0.6553,0.621,0.6081,0.6689,0.6935,0.6731,0.6667,0.6403,0.6081,0,0,0,0,0,v1.0.1,2025_12_22,312.514,315.1682,437.5,300.7368,298.6333,183.5917,183.9106,330.0488,326.5,446.3898,-7.6884,-4.3129,-0.0001,0,-0.2144,1.5652,-0.2147,1.5641,0.675,175.8311,175.1211,172.9521,175.04,174.7361,0.7926,0.6924,0.805,0.6714,0.6714,0.7428,0.6423,0.7613,0.681,0.6423,0.7713,0.7668,0.7608,0.7016,0.7016,0.7221,0,0.7349,0.7182,0.7182,0,0,0,0,0,v1.0.1,2025_12_22,312.5,315.1132,438.4522,300.6174,298.6098,182.813,183.1148,330.1475,326.6694,447.2231,-7.6308,-4.3171,-0.0001,0,-0.2141,1.5657,-0.2152,1.5634,0.675,149.752,144.6367,143.7979,147.1162,146.3257,0.66,0.5885,0.6769,0.6131,0.5885,0.6241,0.5574,0.6313,0.592,0.5574,0.6354,0.6292,0.6485,0.6093,0.6093,0.5823,0.5191,0.5803,0.5872,0.5191,0,0,0,0,0,0,-0.0525,-0.0046,-0.0357,-0.0347,0.0039,-0.0733,-0.006,-0.0319,-0.0317,0.0048,-0.0185,0.0052,-0.0086,-0.055,-0.0758,-0.0533,-0.0325,0.0006,0.013,0.0097,-0.0333,0.0019,-0.0203,-0.0029,0.0091,-0.0322,0.0033,-0.0187,-0.0007,-0.0032,-0.0169,-0.0197,-0.0058,-0.0335,-0.0306,-0.0355,-0.0032,-0.0065,-0.0115,-0.0006,-0.1328,0.0009,-0.1267,-0.1218,-0.0109,-0.1457,0.0039,-0.0734,-0.1114,-0.0063,0.0029,0.0099,0.001,-0.0083,-0.0024,0.0024,-0.0876,-0.0058,-0.063,-0.0691,-0.0078,-0.0979,-0.0014,-0.0559,-0.0745,-0.0043,-0.0054,0.0107,-0.008,-0.008,-0.0014,-0.0036,TRUE,TRUE
DTC_R_30,LanSi,1,CW_01,A,2026-03-30 11:28:25+08:00,ONLINE,FALSE,,CW_1_01,PASS,,,51.5798154,_2026033011282561001,T20260330112825,DESKTOP-P2DUL42,Loma,1,CW_1_01,1,paul di,2024.0718.155524,V20260126.2,CW_DTCL_DTCR_STC,T20260330112917,51.5798154,TRUE,TRUE,TRUE,TRUE,TRUE,TRUE,TRUE,4S2RND2HBL0DP6,v1.0.1,2025_12_22,315.3406,317.6594,475.7852,298.2222,295.8542,149.0556,149.457,337.6026,336.04,485.98,-5.0046,-1.796,-0.0001,0,-0.22,1.5552,-0.2191,1.5479,0.666,155.6406,153.0361,153.4639,155.7441,154.4712,0.8662,0.7931,0.8715,0.7811,0.7811,0.8206,0.7516,0.8333,0.7584,0.7516,0.8241,0.8116,0.8152,0.8063,0.7301,0.7236,0.7813,0.7491,0.7236,0.8556,0.7913,0.8122,0.6117,0.6117,0.8408,0.7685,0.7684,0.8345,0.7846,0.98,0.8589,0.8382,0.7684,0,0,0,0,0,v1.0.1,2025_12_22,315.3214,317.6286,476.8768,298.1522,295.5676,147.8446,148.1959,337.8041,336.1391,487.0728,-5.0798,-1.7996,-0.0001,0,-0.2195,1.5545,-0.2196,1.548,0.6659,161.8516,157.4043,165.8486,164.7793,162.4709,0.7063,0.6721,0.7056,0.6604,0.6604,0.6812,0.629,0.6712,0.6486,0.629,0.6523,0.6427,0.6608,0.6546,0.6233,0.6385,0.6168,0.6233,0.6168,0.6887,0.6477,0.6696,0.1174,0.1174,0.6406,0.6538,0.6549,0.6703,0.6461,0.4216,0.6381,0.663,0.4216,0,0,0,0,0,v1.0.1,2025_12_22,317.5,329,442.2679,314.2679,302.9187,197.0407,188.6148,343.1885,332.0439,457.0263,-2.831,8.6047,0,0.0001,-0.217,1.5602,-0.2091,1.5572,0.6728,176.6035,176.3184,176.8682,178.0635,176.9634,0.8016,0.6398,0.8124,0.6348,0.6348,0.7729,0.6139,0.77,0.6389,0.6139,0.7757,0.7715,0.7741,0.7393,0.7393,0.7447,0.6608,0.7251,0,0.6608,0,0,0,0,0,v1.0.1,2025_12_22,317.5,329,443.1712,314.1892,302.7097,196.2016,187.7623,343.2787,332.094,457.8718,-2.8526,8.6083,0,0.0001,-0.2168,1.5594,-0.2091,1.5575,0.6727,147.4512,143.2852,144.6689,145.4072,145.2031,0.67,0.5587,0.6779,0.571,0.5587,0.6288,0.5488,0.6564,0.5619,0.5488,0.6347,0.6382,0.6358,0.6374,0.6347,0.5987,0.5366,0.5842,0.0895,0.0895,0,0,0,0,0,0.0014,-0.0907,0.0005,-0.0862,-0.0837,-0.0118,-0.0659,0.0113,-0.0797,-0.0659,0.0053,-0.0048,0.0042,-0.0091,-0.0779,-0.0884,-0.0185,-0.0904,0.0104,0.0005,-0.0048,-0.054,-0.0175,-0.0564,-0.0507,0.0018,-0.0488,-0.01,-0.0317,-0.0488,-0.0047,-0.0088,-0.0075,-0.0116,-0.0366,-0.0267,-0.0182,-0.0156,0.0023,0.006,-0.0005,-0.1768,0.0041,-0.1762,-0.1673,0.0027,-0.1512,-0.0042,-0.1512,-0.1512,0.0078,0.009,0.0223,-0.0124,-0.0069,-0.0239,0.0088,-0.1218,0.0087,-0.1065,-0.1025,-0.0056,-0.1016,0.0117,-0.0781,-0.0856,-0.0063,-0.0045,0.0105,0.0143,0.0116,0.0074,-0.0092,TRUE,TRUE
DTC_L_30,LanSi,1,CW_01,A,2026-03-30 11:28:25+08:00,ONLINE,FALSE,,CW_1_01,PASS,,,51.4381942,_2026033011282575202,T20260330112825,DESKTOP-P2DUL42,Loma,1,CW_1_01,2,paul di,2024.0718.155524,V20260126.2,CW_DTCL_DTCR_STC,T20260330112917,51.4381942,TRUE,TRUE,TRUE,TRUE,TRUE,TRUE,TRUE,4S2RND2HBL06DS,v1.0.1,2025_12_22,314.3556,324,474.5263,303.7895,294.9739,153.3007,148.0629,343.9371,333.6691,489.9265,-6.3824,3.4907,-0.0001,0,-0.225,1.5572,-0.2188,1.5544,0.667,154.3652,150.1943,148.6875,153.5449,151.698,0.8301,0.8065,0.839,0.7773,0.7773,0.7742,0.7633,0.8009,0.7575,0.7575,0.8111,0.7931,0.8154,0.7703,0.7465,0.7014,0.7453,0.7044,0.7014,0.8308,0.5987,0.8191,0.8268,0.5987,0.8419,0.7648,0.7628,0.8468,0.8295,0.8239,0.7701,0.7675,0.7628,0,0,0,0,0,v1.0.1,2025_12_22,314.2536,324.029,475.6429,303.5714,294.8867,152.28,147,344,333.7842,490.8777,-6.3865,3.4516,-0.0001,0,-0.2256,1.558,-0.2183,1.5538,0.667,161.2998,157.1826,163.5,162.4775,161.115,0.6844,0.6859,0.6954,0.6828,0.6828,0.6595,0.6297,0.6524,0.6411,0.6297,0.6646,0.649,0.6564,0.6371,0.6223,0.6279,0.6312,0.5991,0.5991,0.6807,0.5066,0.6696,0.6829,0.5066,0.6553,0.6413,0.6354,0.682,0.6787,0.6769,0.6542,0.6287,0.6287,0,0,0,0,0,v1.0.1,2025_12_22,312.9151,316.3302,437.8571,302.1607,298.9328,185.6303,184.3821,330.8618,326.9569,446.1293,-7.2912,-3.2775,-0.0001,0,-0.2124,1.5637,-0.2121,1.5625,0.6754,175.8408,174.8174,173.1387,175.3486,174.7864,0.7923,0.6851,0.8147,0.6647,0.6647,0.7461,0.6559,0.7668,0.6613,0.6559,0.7579,0.7608,0.7704,0.704,0.704,0.7444,0,0.7165,0.7376,0.7165,0,0,0,0,0,v1.0.1,2025_12_22,312.8365,316.1442,438.7117,301.8468,298.7833,184.7917,183.5,330.9032,327.0169,447.0508,-7.3303,-3.3526,-0.0001,0,-0.2126,1.5637,-0.2131,1.5624,0.6751,148.2021,143.208,142.8125,145.9346,145.0393,0.6548,0.5702,0.6814,0.5903,0.5702,0.6296,0.5646,0.6203,0.5806,0.5646,0.6394,0.6257,0.6497,0.6102,0.6102,0.5922,0.5361,0.5678,0.5651,0.5361,0,0,0,0,0,0.0046,-0.0565,-0.0055,-0.0492,-0.0482,-0.0114,-0.0688,-0.0076,-0.0283,-0.0281,-0.0039,-0.0294,0.0024,-0.0004,-0.076,-0.1127,-0.0568,-0.0463,-0.0065,0.006,0.0078,-0.0211,-0.0027,-0.0318,0.0062,0.0049,-0.0491,0.0051,-0.0317,-0.0176,0.0113,-0.0125,-0.0101,-0.0044,-0.0414,-0.0467,-0.0259,-0.0223,0.0073,-0.019,-0.0009,-0.1401,0.0106,-0.1334,-0.1285,-0.0076,-0.1321,0.0094,-0.0931,-0.0978,-0.0197,-0.0031,0.0195,0.0034,0.014,-0.0208,-0.0028,-0.1059,-0.0013,-0.0858,-0.0874,-0.0023,-0.0907,-0.0124,-0.0673,-0.0673,-0.0003,-0.0089,0.0119,-0.0071,-0.0071,0.0085,-0.0161,TRUE,TRUE
DTC_L_31,LanSi,1,CW_01,B,2026-03-30 11:30:16+08:00,ONLINE,FALSE,,CW_1_01,PASS,,,51.6189048,_2026033011301615302,T20260330113016,DESKTOP-P2DUL42,Loma,1,CW_1_01,2,paul di,2024.0718.155524,V20260126.2,CW_DTCL_DTCR_STC,T20260330113107,51.6189048,TRUE,TRUE,TRUE,TRUE,TRUE,TRUE,TRUE,4S2RND2HBL06DS,v1.0.1,2025_12_22,315.2148,322.7778,475.6765,301.9632,296.0878,151.9527,149.8,342.6133,334.5,488,-5.2442,1.9614,-0.0001,0,-0.2285,1.5588,-0.2188,1.5541,0.6664,154.8721,150.8379,149.1348,153.6338,152.1196,0.8216,0.8009,0.8411,0.7899,0.7899,0.7782,0.7691,0.8065,0.7447,0.7447,0.821,0.8157,0.7974,0.779,0.7513,0.7144,0.7462,0.6863,0.6863,0.8266,0.98,0.8184,0.7655,0.7655,0.8489,0.7309,0.7266,0.8359,0.8162,0.7701,0.7709,0.7805,0.7266,0,0,0,0,0,v1.0.1,2025_12_22,315.1087,322.8261,476.7842,301.8777,296,151,148.6184,342.7105,334.6444,489,-5.2689,1.9829,-0.0001,0,-0.2283,1.5595,-0.2184,1.5533,0.6665,161.9668,158.2666,164.1221,163.292,161.9119,0.6742,0.6844,0.6921,0.6963,0.6742,0.654,0.6385,0.6585,0.6386,0.6385,0.6539,0.6476,0.6393,0.6365,0.6267,0.6372,0.6351,0.6046,0.6046,0.6788,0.4809,0.6818,0.6542,0.4809,0.665,0.6279,0.6026,0.6774,0.6676,0.6608,0.6588,0.6206,0.6026,0,0,0,0,0,v1.0.1,2025_12_22,313.5534,315.0097,438.5948,300.5948,299.9828,184.2241,185.686,329.595,327.8696,444.8,-6.3627,-4.6553,-0.0001,0,-0.2143,1.5669,-0.2131,1.5604,0.675,176.0439,175.2412,173.4961,175.29,175.0178,0.7908,0.7033,0.7859,0.6832,0.6832,0.7373,0.6601,0.7462,0.6349,0.6349,0.7767,0.7663,0.7528,0.6967,0.6967,0.7185,0,0.7239,0.6605,0.6605,0,0,0,0,0,v1.0.1,2025_12_22,313.7157,314.9804,439.6174,300.4522,299.9224,183.5086,184.9675,329.626,327.9298,445.5789,-6.2694,-4.6708,-0.0001,0,-0.2144,1.5657,-0.2128,1.5619,0.6751,148.7236,144.1504,142.9336,146.2676,145.5188,0.6618,0.6065,0.6622,0.6084,0.6065,0.6388,0.5569,0.6246,0.5702,0.5569,0.6228,0.631,0.6484,0.6173,0.6173,0.5702,0.5149,0.5995,0.5402,0.5149,0,0,0,0,0,-0.0039,-0.0621,-0.0034,-0.0366,-0.0356,-0.0074,-0.063,-0.002,-0.0411,-0.0409,0.006,-0.0068,-0.0156,0.0083,-0.0712,-0.0997,-0.0559,-0.0644,-0.0107,0.0053,-0.0024,-0.0226,-0.006,-0.0183,-0.0024,-0.0006,-0.0403,0.0112,-0.0342,-0.0088,0.0006,-0.0139,-0.0272,-0.005,-0.037,-0.0374,-0.022,-0.0168,0.0054,-0.0068,-0.0024,-0.1219,-0.0182,-0.1149,-0.11,-0.0164,-0.1279,-0.0112,-0.1195,-0.1188,-0.0009,0.0024,0.0019,-0.0039,-0.0119,-0.0134,0.0042,-0.0696,-0.0205,-0.0677,-0.0511,0.0069,-0.0984,-0.0081,-0.0777,-0.075,-0.0169,-0.0036,0.0106,0,0,-0.0135,0.0156,TRUE,TRUE
DTC_R_31,LanSi,1,CW_01,B,2026-03-30 11:30:16+08:00,ONLINE,FALSE,,CW_1_01,PASS,,,51.4034807,_2026033011301637001,T20260330113016,DESKTOP-P2DUL42,Loma,1,CW_1_01,1,paul di,2024.0718.155524,V20260126.2,CW_DTCL_DTCR_STC,T20260330113107,51.4034807,TRUE,TRUE,TRUE,TRUE,TRUE,TRUE,TRUE,4S2RND2HBL0DP6,v1.0.1,2025_12_22,315.1691,317.7647,475.8467,298.1898,295.7292,149.3403,149.4305,337.6755,335.8993,484.906,-5.085,-1.9247,-0.0001,0,-0.2207,1.5554,-0.219,1.5469,0.6656,155.1992,152.5996,152.8721,155.2295,153.9751,0.8504,0.7971,0.8706,0.7581,0.7581,0.8173,0.7445,0.8213,0.7333,0.7333,0.8274,0.8146,0.8152,0.8226,0.7167,0.7221,0.7706,0.7354,0.7167,0.838,0.805,0.8071,0.7688,0.7688,0.8387,0.7748,0.7422,0.8196,0.7941,0.6974,0.8233,0.8432,0.6974,0,0,0,0,0,v1.0.1,2025_12_22,315.2086,317.6331,476.9353,298.0647,295.5436,148.4027,148.3176,337.8514,335.9195,486,-5.1151,-1.9096,-0.0001,0,-0.2199,1.5546,-0.22,1.5479,0.6656,162.4854,157.3291,166.0254,165.1504,162.7476,0.6932,0.6613,0.7216,0.6588,0.6588,0.6807,0.64,0.6794,0.6279,0.6279,0.6529,0.6517,0.6587,0.6507,0.6311,0.6348,0.625,0.6055,0.6055,0.6743,0.6691,0.6628,0.1529,0.1529,0.6502,0.6559,0.6416,0.6622,0.6624,0.4549,0.6391,0.6602,0.4549,0,0,0,0,0,v1.0.1,2025_12_22,317.2453,328.9057,442.2301,314.2301,302.7642,197.1138,188.6721,343.2377,331.9561,456.2368,-2.9264,8.4448,0,0.0001,-0.2164,1.5608,-0.2105,1.5553,0.6723,176.4932,175.9395,176.5615,177.6924,176.6716,0.8064,0.6469,0.8104,0.6168,0.6168,0.7579,0.6309,0.7759,0.6206,0.6206,0.7714,0.7635,0.7548,0.7444,0.7444,0.7316,0.6613,0.7355,0,0.6613,0,0,0,0,0,v1.0.1,2025_12_22,317.233,329,443.0741,314.1296,302.6504,196.3415,187.7623,343.2787,332,457,-2.956,8.45,0,0.0001,-0.2171,1.5608,-0.2093,1.5554,0.6724,147.9551,142.8672,144.7461,145.8398,145.3521,0.6565,0.5673,0.6641,0.551,0.551,0.6326,0.5603,0.6474,0.5273,0.5273,0.6287,0.6413,0.6284,0.6371,0.6284,0.5963,0.5537,0.5742,0.1083,0.1083,0,0,0,0,0,-0.0144,-0.0867,-0.0004,-0.1092,-0.1067,-0.0151,-0.073,-0.0007,-0.1048,-0.0842,0.0086,-0.0018,0.0042,0.0072,-0.0913,-0.0899,-0.0292,-0.1041,-0.0072,-0.0046,-0.0179,-0.0648,-0.0015,-0.058,-0.0523,0.0013,-0.0378,-0.0018,-0.0524,-0.0499,-0.0041,0.0002,-0.0096,-0.0155,-0.0288,-0.0304,-0.01,-0.0334,-0.0121,-0.0008,0.0043,-0.1697,0.0021,-0.1942,-0.1853,-0.0123,-0.1342,0.0017,-0.1695,-0.1445,0.0035,0.001,0.003,-0.0073,-0.02,-0.0135,-0.0047,-0.1132,-0.0051,-0.1265,-0.1102,-0.0018,-0.0901,0.0027,-0.1127,-0.1071,-0.0123,-0.0014,0.0031,0.014,0.0053,0.005,-0.0192,TRUE,TRUE
DTC_L_32,LanSi,1,CW_01,C,2026-03-30 11:32:52+08:00,ONLINE,FALSE,,CW_1_01,PASS,,,51.6515215,_2026033011325231402,T20260330113252,DESKTOP-P2DUL42,Loma,1,CW_1_01,2,paul di,2024.0718.155524,V20260126.2,CW_DTCL_DTCR_STC,T20260330113343,51.6515215,TRUE,TRUE,TRUE,TRUE,TRUE,TRUE,TRUE,4S2RND2HBL06DS,v1.0.1,2025_12_22,314.1533,323.8102,474.4741,303.363,294.8609,152.9272,148.1946,343.6779,333.5821,490.0373,-6.447,3.2631,-0.0001,0,-0.2263,1.5579,-0.2186,1.5539,0.6667,156.0498,151.9844,149.8486,155.0107,153.2234,0.8266,0.7974,0.8469,0.7767,0.7767,0.7822,0.7463,0.8014,0.7618,0.7463,0.7609,0.8174,0.8107,0.7571,0.6926,0.7189,0.7642,0.7087,0.6926,0.7921,0.98,0.8335,0.8314,0.7921,0.8501,0.7747,0.7874,0.8372,0.8387,0.8112,0.7863,0.7697,0.7697,0,0,0,0,0,v1.0.1,2025_12_22,314.1533,323.8102,475.6159,303.2609,294.6923,151.8846,146.9932,343.9048,333.7914,491.0432,-6.4508,3.2807,-0.0001,0,-0.2261,1.5576,-0.2191,1.5534,0.6664,162.3154,158.0391,163.5469,163.0898,161.7478,0.6936,0.6759,0.6971,0.695,0.6759,0.6686,0.6375,0.6599,0.6457,0.6375,0.6218,0.6407,0.6534,0.628,0.5844,0.6209,0.6375,0.6059,0.5844,0.6744,0.4614,0.6852,0.6799,0.4614,0.6625,0.646,0.641,0.6788,0.6748,0.6904,0.6652,0.6207,0.6207,0,0,0,0,0,v1.0.1,2025_12_22,312.767,316,437.8739,301.7658,298.9576,185.2119,184.4833,330.5833,326.9914,446.1552,-7.2854,-3.5568,-0.0001,0,-0.2128,1.5651,-0.2127,1.5614,0.6753,176.1963,175.4209,173.2275,175.5127,175.0894,0.7888,0.6726,0.8116,0.6665,0.6665,0.7475,0.653,0.7602,0.6583,0.653,0.7487,0.7712,0.7692,0.6954,0.6954,0.6964,0,0.7231,0.7178,0.6964,0,0,0,0,0,v1.0.1,2025_12_22,312.8077,315.9615,438.6174,301.5478,298.7265,184.5385,183.4622,330.6303,327,447.1026,-7.3772,-3.5439,-0.0001,0,-0.2136,1.5635,-0.2124,1.5625,0.675,149.2383,144.2031,143.332,146.7715,145.8862,0.6584,0.5847,0.6903,0.5874,0.5847,0.6357,0.5624,0.6165,0.5651,0.5624,0.6233,0.6309,0.6519,0.6046,0.6046,0.5502,0.5334,0.5728,0.5684,0.5334,0,0,0,0,0,0.0011,-0.0656,0.0024,-0.0498,-0.0488,-0.0034,-0.0858,-0.0071,-0.024,-0.0393,-0.0541,-0.0051,-0.0023,-0.0136,-0.1299,-0.0952,-0.0379,-0.042,-0.0452,0.0204,0.017,-0.0311,-0.001,-0.0196,-0.0007,0.014,-0.0413,0.0126,-0.0271,-0.0098,-0.0315,-0.0208,-0.0131,-0.0135,-0.0793,-0.0537,-0.0196,-0.0155,0.001,-0.0034,-0.0044,-0.1526,0.0075,-0.1316,-0.1267,-0.0062,-0.135,0.0028,-0.0961,-0.1007,-0.0289,0.0073,0.0183,-0.0052,-0.034,-0.0142,0.0008,-0.0914,0.0076,-0.0887,-0.0729,0.0038,-0.0929,-0.0162,-0.0828,-0.0695,-0.0164,-0.0037,0.0141,-0.0127,-0.0127,-0.0335,-0.0111,TRUE,TRUE
DTC_R_32,LanSi,1,CW_01,C,2026-03-30 11:32:52+08:00,ONLINE,FALSE,,CW_1_01,PASS,,,51.5577722,_2026033011325244101,T20260330113252,DESKTOP-P2DUL42,Loma,1,CW_1_01,1,paul di,2024.0718.155524,V20260126.2,CW_DTCL_DTCR_STC,T20260330113343,51.5577722,TRUE,TRUE,TRUE,TRUE,TRUE,TRUE,TRUE,4S2RND2HBL0DP6,v1.0.1,2025_12_22,315.0657,316.8467,475.4167,297.1288,295.4726,148.2945,149,336.8581,335.619,484.3605,-5.3852,-2.8023,-0.0001,0,-0.2218,1.5546,-0.2194,1.5482,0.6654,153.0088,151.7305,151.7959,153.4502,152.4963,0.8622,0.7825,0.8747,0.781,0.781,0.8149,0.7461,0.8228,0.7488,0.7461,0.808,0.8095,0.82,0.8074,0.7213,0.7329,0.7757,0.7483,0.7213,0.8195,0.8055,0.7997,0.8678,0.7997,0.8444,0.7614,0.7658,0.832,0.7604,0.994,0.8225,0.8491,0.7604,0,0,0,0,0,v1.0.1,2025_12_22,315.0429,316.8929,476.4511,297,295.1712,147.2123,148,337,335.7823,485.3197,-5.4105,-2.815,-0.0001,0,-0.2221,1.5537,-0.2193,1.5478,0.665,160.9629,156.2412,164.7207,164.5098,161.6086,0.7005,0.6688,0.7025,0.6676,0.6676,0.6592,0.6346,0.6659,0.6311,0.6311,0.6589,0.6478,0.653,0.6476,0.6314,0.6261,0.6217,0.6335,0.6217,0.6612,0.6571,0.6568,0.1485,0.1485,0.6565,0.6357,0.6466,0.6652,0.6364,0.463,0.6434,0.6757,0.463,0,0,0,0,0,v1.0.1,2025_12_22,317.0755,328.1321,441.9099,313.1532,302.4803,196.0472,188.4167,342.3417,331.5478,455.513,-3.214,7.5374,0,0.0001,-0.2189,1.5602,-0.2095,1.5572,0.6722,174.8809,175.792,176.543,176.7412,175.9893,0.8071,0.6473,0.8179,0.6177,0.6177,0.7617,0.6337,0.7769,0.6279,0.6279,0.7812,0.7665,0.7691,0.7569,0.7569,0.7322,0.656,0.7282,0,0.656,0,0,0,0,0,v1.0.1,2025_12_22,317.0962,328.2212,442.7117,313.1532,302.4839,195.3468,187.5,342.5,331.713,456.4522,-3.199,7.6347,0,0.0001,-0.2189,1.5607,-0.2092,1.5568,0.6724,146.8535,141.8047,143.6709,145.0918,144.3552,0.6632,0.5642,0.6829,0.5596,0.5596,0.627,0.5638,0.6341,0.5494,0.5494,0.6287,0.6407,0.6332,0.6204,0.6204,0.5685,0.5502,0.5832,0.2579,0.2579,0,0,0,0,0,-0.0026,-0.1013,0.0037,-0.0863,-0.0838,-0.0175,-0.0714,0.0008,-0.0893,-0.0714,-0.0108,-0.0069,0.009,-0.008,-0.0867,-0.0791,-0.0241,-0.0912,-0.0257,-0.012,-0.0106,-0.0573,-0.0206,-0.0492,-0.0435,-0.0202,-0.0432,-0.0153,-0.0492,-0.0467,0.0019,-0.0037,-0.0153,-0.0186,-0.0285,-0.0391,-0.0133,-0.0054,-0.0252,-0.0068,0.005,-0.1693,0.0096,-0.1933,-0.1844,-0.0085,-0.1314,0.0027,-0.1622,-0.1372,0.0133,0.004,0.0173,0.0052,-0.0194,-0.0208,0.002,-0.1163,0.0137,-0.1179,-0.1016,-0.0074,-0.0866,-0.0106,-0.0906,-0.085,-0.0123,-0.002,0.0079,-0.0027,-0.0027,-0.0228,-0.0102,TRUE,TRUE
DTC_L_33,LanSi,1,CW_01,A,2026-03-30 11:34:29+08:00,ONLINE,FALSE,,CW_1_01,PASS,,,51.2334196,_2026033011342948402,T20260330113429,DESKTOP-P2DUL42,Loma,1,CW_1_01,2,paul di,2024.0718.155524,V20260126.2,CW_DTCL_DTCR_STC,T20260330113520,51.2334196,TRUE,TRUE,TRUE,TRUE,TRUE,TRUE,TRUE,4S2RND2HBL06DS,v1.0.1,2025_12_22,315.2222,321.1333,475.8467,300.0657,296.0392,149.6078,150,340.9521,334.6963,487.0815,-5.1391,0.2681,-0.0001,0,-0.2299,1.5589,-0.2189,1.5535,0.6659,155.9648,151.8916,150.2383,155.4277,153.3806,0.8301,0.8138,0.8475,0.788,0.788,0.7805,0.7513,0.801,0.744,0.744,0.8164,0.8094,0.8259,0.7575,0.7597,0.715,0.7345,0.6737,0.6737,0.8221,0.4259,0.8152,0.7908,0.4259,0.8419,0.7256,0.7821,0.8459,0.8164,0.7529,0.7649,0.771,0.7256,0,0,0,0,0,v1.0.1,2025_12_22,315.1957,321.1667,476.9353,300.0647,296.0392,148.6078,148.9592,341.1633,334.9571,488.1071,-5.0827,0.3219,-0.0001,0,-0.2292,1.5597,-0.2192,1.5525,0.6659,161.7881,157.8115,163.4697,162.5635,161.4082,0.6858,0.687,0.7037,0.6894,0.6858,0.6695,0.6313,0.6541,0.6441,0.6313,0.6574,0.6639,0.661,0.6397,0.6259,0.6213,0.6311,0.6051,0.6051,0.6643,0.4995,0.6945,0.6672,0.4995,0.6469,0.6054,0.6232,0.6669,0.6675,0.6432,0.6716,0.6456,0.6054,0,0,0,0,0,v1.0.1,2025_12_22,313.9813,313.4486,439.0893,298.8393,300.0504,182.0924,185.8182,328.0579,328.0088,443.7895,-6.1104,-6.2545,-0.0001,-0.0001,-0.2157,1.5646,-0.213,1.5631,0.6747,176.6104,175.5156,173.3467,175.7832,175.314,0.7919,0.6985,0.8009,0.6868,0.6868,0.754,0.6466,0.7529,0.6491,0.6466,0.779,0.7544,0.7647,0.6869,0.6869,0.743,0,0.7175,0.6466,0.6466,0,0,0,0,0,v1.0.1,2025_12_22,313.8774,313.5189,439.8739,298.7658,299.9565,181.3739,184.9083,328.2,328.0702,444.5789,-6.1627,-6.2125,-0.0001,-0.0001,-0.216,1.5653,-0.2128,1.5624,0.6747,148.4609,144.1064,142.6328,145.8564,145.2642,0.6613,0.5961,0.6742,0.5907,0.5907,0.6275,0.554,0.621,0.5701,0.554,0.6311,0.6251,0.6297,0.6022,0.6022,0.5938,0.488,0.5942,0.5393,0.488,0,0,0,0,0,0.0046,-0.0492,0.003,-0.0385,-0.0375,-0.0051,-0.0808,-0.0075,-0.0418,-0.0416,0.0014,-0.0131,0.0129,-0.0132,-0.0628,-0.0991,-0.0676,-0.077,-0.0152,0.0021,0.0092,-0.02,0.0056,-0.0252,0.0092,0.0149,-0.0475,0.0068,-0.0287,-0.016,0.0041,0.0024,-0.0055,-0.0018,-0.0378,-0.0533,-0.026,-0.0163,-0.0091,0.0059,-0.0013,-0.1267,-0.0032,-0.1113,-0.1064,0.0003,-0.1414,-0.0045,-0.1053,-0.1071,0.0014,-0.0095,0.0138,-0.0137,0.0126,-0.0198,0.0037,-0.08,-0.0085,-0.0854,-0.0669,-0.0044,-0.1013,-0.0117,-0.0778,-0.0779,-0.0086,-0.0095,-0.0081,-0.0151,-0.0151,0.0101,0.0103,TRUE,TRUE
DTC_R_33,LanSi,1,CW_01,A,2026-03-30 11:34:29+08:00,ONLINE,FALSE,,CW_1_01,PASS,,,51.4677933,_2026033011342925701,T20260330113429,DESKTOP-P2DUL42,Loma,1,CW_1_01,1,paul di,2024.0718.155524,V20260126.2,CW_DTCL_DTCR_STC,T20260330113520,51.4677933,TRUE,TRUE,TRUE,TRUE,TRUE,TRUE,TRUE,4S2RND2HBL0DP6,v1.0.1,2025_12_22,315.2388,316.8209,475.7852,297.2222,295.9161,149,149.457,336.6026,336,486.5855,-5.0206,-2.2537,-0.0001,0,-0.221,1.5556,-0.2182,1.5486,0.6663,154.3252,151.6523,151.9736,154.3438,153.0737,0.8526,0.7666,0.8629,0.7986,0.7666,0.811,0.7213,0.8103,0.8072,0.7213,0.8151,0.823,0.8078,0.8168,0.7019,0.705,0.8023,0.8073,0.7019,0.8282,0.797,0.8038,0.2715,0.2715,0.8297,0.7575,0.7496,0.8297,0.8005,0.98,0.8269,0.8398,0.7496,0,0,0,0,0,v1.0.1,2025_12_22,315.2117,316.7883,476.8686,297.1314,295.7222,148.0139,148.2715,336.7417,336.0196,487.5425,-5.0813,-2.2564,-0.0001,0,-0.2205,1.5553,-0.2184,1.549,0.6664,162.708,157.7109,166.4912,165.8828,163.1982,0.691,0.6472,0.7109,0.6818,0.6472,0.6694,0.6245,0.6604,0.6605,0.6245,0.6519,0.6532,0.6543,0.6615,0.6005,0.6187,0.6187,0.6343,0.6005,0.6635,0.6532,0.6642,0.1648,0.1648,0.6391,0.6576,0.6387,0.6705,0.6425,0.3973,0.6492,0.6944,0.3973,0,0,0,0,0,v1.0.1,2025_12_22,317.233,328,442.1712,313.1712,302.7886,196.8211,188.6179,342.1382,332,457.1026,-2.9379,7.9466,0,0.0001,-0.2176,1.5606,-0.209,1.5564,0.6726,176.3564,175.7842,176.3369,177.9619,176.6099,0.806,0.6145,0.8175,0.6815,0.6145,0.7588,0.5952,0.7691,0.7151,0.5952,0.7724,0.7729,0.7545,0.7481,0.7481,0.7515,0.6675,0.7247,0,0.6675,0,0,0,0,0,v1.0.1,2025_12_22,317.233,328,443.1284,313.1284,302.664,195.976,187.65,342.3667,332.0172,458.0517,-2.9615,8.0046,0,0.0001,-0.2171,1.5604,-0.2099,1.5571,0.6726,148.4395,143.3223,145.0732,146.3467,145.7954,0.6636,0.556,0.6811,0.5771,0.556,0.6398,0.5338,0.6454,0.5997,0.5338,0.6371,0.6408,0.6427,0.6273,0.6273,0.5968,0.5423,0.5685,0.0564,0.0564,0,0,0,0,0,-0.0122,-0.1172,-0.0081,-0.0687,-0.0982,-0.0214,-0.0962,-0.0117,-0.0309,-0.0962,-0.0037,0.0066,-0.0032,0.0014,-0.1061,-0.107,0.0025,-0.0322,-0.017,-0.0079,-0.0201,-0.0789,-0.0122,-0.035,-0.0639,-0.01,-0.0533,-0.0208,-0.0198,-0.0533,-0.0051,0.0017,-0.014,-0.0047,-0.0594,-0.0465,-0.0163,-0.0046,-0.0229,0.0006,0.0039,-0.2021,0.0092,-0.1295,-0.1876,-0.0114,-0.1699,-0.0051,-0.075,-0.1699,0.0045,0.0104,0.0027,-0.0036,-0.0001,-0.0243,0.0024,-0.1245,0.0119,-0.1004,-0.1052,0.0054,-0.1166,0.0007,-0.0403,-0.1006,-0.0039,-0.0019,0.0174,0.0042,0.0042,0.0055,-0.0249,TRUE,TRUE
DTC_R_34,LanSi,1,CW_01,B,2026-03-30 11:36:16+08:00,ONLINE,FALSE,,CW_1_01,PASS,,,51.6163376,_2026033011361602901,T20260330113616,DESKTOP-P2DUL42,Loma,1,CW_1_01,1,paul di,2024.0718.155524,V20260126.2,CW_DTCL_DTCR_STC,T20260330113707,51.6163376,TRUE,TRUE,TRUE,TRUE,TRUE,TRUE,TRUE,4S2RND2HBL0DP6,v1.0.1,2025_12_22,315.0963,317.4519,474.9632,297.8088,295.5411,147.774,149.3377,337.7219,335.15,485.3357,-5.4823,-2.2816,-0.0001,0,-0.2217,1.5555,-0.2212,1.5514,0.666,154.7578,152.3994,152.7998,154.9502,153.7268,0.8623,0.833,0.8779,0.8306,0.8306,0.8284,0.7881,0.826,0.7699,0.7699,0.8189,0.828,0.8067,0.7962,0.7671,0.7524,0.7384,0.7508,0.7384,0.8446,0.8115,0.7408,0.98,0.7408,0.8391,0.7949,0.8014,0.8269,0.8107,0.755,0.808,0.829,0.755,0,0,0,0,0,v1.0.1,2025_12_22,315.0438,317.4818,476.058,297.5652,295.3401,146.7687,148.1655,337.9655,335.2535,486.2535,-5.5278,-2.2931,-0.0001,0,-0.2226,1.5554,-0.2216,1.5511,0.6656,162.1826,157.083,166.043,164.9395,162.562,0.7025,0.6823,0.7206,0.6936,0.6823,0.6674,0.6656,0.6749,0.6581,0.6581,0.649,0.6606,0.6466,0.6574,0.6448,0.6554,0.6057,0.6328,0.6057,0.7019,0.6702,0.6302,0.0845,0.0845,0.6559,0.6572,0.6467,0.6754,0.6727,0.5527,0.6569,0.6854,0.5527,0,0,0,0,0,v1.0.1,2025_12_22,317.0374,328.6449,441.6018,313.6549,302.5234,196.0703,188.5,343.1452,331.4513,457.3894,-3.2772,8.2809,0,0.0001,-0.2192,1.5612,-0.2118,1.5588,0.6722,177.0078,176.7178,177.4766,178.4531,177.4138,0.7992,0.6911,0.8233,0.7143,0.6911,0.7621,0.6606,0.7658,0.6639,0.6606,0.7789,0.7604,0.7482,0.7437,0.7437,0.7415,0.6865,0.6884,0,0.6865,0,0,0,0,0,v1.0.1,2025_12_22,317.0952,328.7238,442.4159,313.6195,302.5159,195.2302,187.605,343.395,331.6396,458.036,-3.2457,8.3009,0,0.0001,-0.2194,1.5615,-0.2123,1.5583,0.672,147.6455,142.6133,144.6475,145.4971,145.1008,0.657,0.5864,0.6747,0.6068,0.5864,0.6328,0.5794,0.647,0.5669,0.5669,0.6486,0.6252,0.6448,0.6044,0.6044,0.5917,0.562,0.5458,0.3255,0.3255,0,0,0,0,0,-0.0025,-0.0508,0.0069,-0.0367,-0.0342,-0.004,-0.0294,0.004,-0.0682,-0.0476,0.0001,0.0116,-0.0043,-0.0192,-0.0409,-0.0596,-0.0614,-0.0887,-0.0006,-0.0709,-0.0086,-0.0438,-0.0025,-0.0232,-0.0288,-0.012,-0.0122,-0.0063,-0.0222,-0.0197,-0.008,0.0091,-0.0217,-0.0088,-0.0151,-0.0098,-0.0293,-0.0061,0.0155,-0.0334,-0.0029,-0.1255,0.015,-0.0967,-0.111,-0.0081,-0.1045,-0.0084,-0.1262,-0.1045,0.011,-0.0021,-0.0036,-0.008,-0.0101,-0.0606,-0.0042,-0.0941,0.0055,-0.0707,-0.0748,-0.0016,-0.071,0.0023,-0.0731,-0.0675,0.0076,-0.0175,0.0195,-0.0187,-0.0187,0.0004,-0.0476,TRUE,TRUE
DTC_L_34,LanSi,1,CW_01,B,2026-03-30 11:36:15+08:00,ONLINE,FALSE,,CW_1_01,PASS,,,51.823321,_2026033011361583002,T20260330113615,DESKTOP-P2DUL42,Loma,1,CW_1_01,2,paul di,2024.0718.155524,V20260126.2,CW_DTCL_DTCR_STC,T20260330113707,51.823321,TRUE,TRUE,TRUE,TRUE,TRUE,TRUE,TRUE,4S2RND2HBL06DS,v1.0.1,2025_12_22,315.1533,322.8102,475.5,302,296.1133,152.0333,149.5724,342.6382,334.5,488.3529,-5.3322,2.0669,-0.0001,0,-0.2285,1.5592,-0.2187,1.5539,0.6665,155.0068,151.3467,149.833,154.6484,152.7087,0.8233,0.7956,0.8473,0.7754,0.7754,0.783,0.756,0.8114,0.7346,0.7346,0.817,0.8126,0.8088,0.7728,0.7356,0.7068,0.7413,0.6747,0.6747,0.8186,0.98,0.7992,0.7815,0.7815,0.8471,0.8299,0.7717,0.8498,0.8236,0.7765,0.77,0.7779,0.77,0,0,0,0,0,v1.0.1,2025_12_22,315.1087,322.8261,476.6691,301.9265,296.0336,151.0268,148.5,342.7763,334.7606,489.5,-5.2856,2.1111,-0.0001,0,-0.2281,1.5597,-0.2187,1.5529,0.6665,162.7119,158.6289,164.6104,164.0098,162.4902,0.6779,0.6751,0.6956,0.6907,0.6751,0.6607,0.6297,0.6582,0.632,0.6297,0.6553,0.6455,0.6547,0.6428,0.6211,0.6214,0.6289,0.5975,0.5975,0.6763,0.3351,0.6707,0.6503,0.3351,0.6478,0.6672,0.6387,0.6895,0.6669,0.6743,0.6636,0.6352,0.6352,0,0,0,0,0,v1.0.1,2025_12_22,313.767,315,438.6379,300.5,300.2017,184.3025,185.605,329.605,327.9391,444.9217,-6.2698,-4.6341,-0.0001,0,-0.2151,1.5669,-0.213,1.5616,0.6751,175.4561,174.9316,173.4463,175.335,174.7922,0.7856,0.6977,0.8016,0.673,0.673,0.7246,0.6435,0.7582,0.6481,0.6435,0.7674,0.7807,0.7682,0.6984,0.6984,0.7147,0,0.7011,0.6635,0.6635,0,0,0,0,0,v1.0.1,2025_12_22,313.7573,314.9417,439.5702,300.4298,300.0172,183.5776,184.825,329.7,327.9914,445.8448,-6.2678,-4.6012,-0.0001,0,-0.2143,1.5661,-0.2135,1.562,0.6751,149.4473,144.5332,143.6631,147.1387,146.1956,0.6497,0.5935,0.6766,0.6027,0.5935,0.6259,0.5631,0.637,0.5699,0.5631,0.6373,0.6347,0.6408,0.6139,0.6139,0.5845,0.4803,0.5932,0.5566,0.4803,0,0,0,0,0,-0.0022,-0.0674,0.0028,-0.0511,-0.0501,-0.0026,-0.0761,0.0029,-0.0512,-0.051,0.002,-0.0099,-0.0042,0.0021,-0.0869,-0.1073,-0.0608,-0.076,-0.0187,-0.0139,0.0013,-0.0319,-0.0025,-0.0239,-0.0015,0.0061,-0.0491,0.0109,-0.0408,-0.0176,0.002,-0.016,-0.0118,0.0013,-0.0426,-0.0532,-0.0282,-0.0239,0.0029,-0.0179,-0.0076,-0.1275,-0.0025,-0.1251,-0.1202,-0.0291,-0.1445,0.0008,-0.1063,-0.1102,-0.0102,0.0168,0.0173,-0.0022,-0.0157,-0.0362,-0.0079,-0.0826,-0.0061,-0.0734,-0.0641,-0.006,-0.0922,0.0043,-0.078,-0.0688,-0.0024,0.0001,0.003,-0.0034,-0.0034,0.0008,0.0093,TRUE,TRUE
DTC_L_35,LanSi,1,CW_01,C,2026-03-30 11:37:57+08:00,ONLINE,FALSE,,CW_1_01,PASS,,,51.6611775,_2026033011375751002,T20260330113757,DESKTOP-P2DUL42,Loma,1,CW_1_01,2,paul di,2024.0718.155524,V20260126.2,CW_DTCL_DTCR_STC,T20260330113849,51.6611775,TRUE,TRUE,TRUE,TRUE,TRUE,TRUE,TRUE,4S2RND2HBL06DS,v1.0.1,2025_12_22,314.2388,322.1791,474.4923,301.8462,294.9408,151.4342,148,342,333.4857,488.6214,-6.4685,1.7162,-0.0001,0,-0.2257,1.5577,-0.2182,1.5552,0.6673,154.4746,150.8086,148.7588,153.9785,152.0051,0.8269,0.7798,0.8422,0.7886,0.7798,0.7725,0.7508,0.8068,0.7505,0.7505,0.8067,0.8167,0.8043,0.7685,0.7433,0.7127,0.7763,0.7042,0.7042,0.801,0.7126,0.8237,0.8341,0.7126,0.8358,0.7197,0.7306,0.8407,0.8272,0.8275,0.81,0.7769,0.7197,0,0,0,0,0,v1.0.1,2025_12_22,314.2899,322.2826,475.6594,301.6594,294.7815,150.5828,146.9448,342.1586,333.7801,489.7801,-6.4089,1.7927,-0.0001,0,-0.2266,1.5571,-0.2177,1.5544,0.6668,161.4756,157.8232,163.7002,162.6523,161.4128,0.6859,0.6714,0.6952,0.6896,0.6714,0.6533,0.6215,0.6565,0.6572,0.6215,0.6462,0.6453,0.6639,0.6355,0.6285,0.6281,0.6404,0.6123,0.6123,0.6642,0.5724,0.6738,0.6899,0.5724,0.6522,0.6074,0.6075,0.6843,0.6533,0.6942,0.675,0.6318,0.6074,0,0,0,0,0,v1.0.1,2025_12_22,312.981,314.5524,437.9541,300.2844,298.9661,183.8559,184.4113,329.0968,327,444.8974,-7.2375,-4.9626,-0.0001,0,-0.2132,1.5635,-0.2121,1.5631,0.6753,176.165,175.3555,173.584,175.7334,175.2095,0.7868,0.666,0.8149,0.6786,0.666,0.7349,0.645,0.7675,0.665,0.645,0.7809,0.7611,0.7717,0.6935,0.6935,0.7183,0,0.7329,0.7397,0.7183,0,0,0,0,0,v1.0.1,2025_12_22,312.9813,314.5514,438.8,300.0636,298.8235,183.1597,183.4538,329.3109,327,445.7913,-7.2883,-4.9246,-0.0001,0,-0.2141,1.5629,-0.2129,1.5639,0.6749,148.2979,143.877,142.8564,145.8818,145.2283,0.6653,0.5756,0.6852,0.6085,0.5756,0.6241,0.553,0.6292,0.5795,0.553,0.624,0.6358,0.6462,0.6103,0.6103,0.5919,0.5131,0.5876,0.5883,0.5131,0,0,0,0,0,0.0014,-0.0832,-0.0023,-0.0379,-0.0457,-0.0131,-0.0813,-0.0017,-0.0353,-0.0351,-0.0083,-0.0058,-0.0087,-0.0022,-0.0792,-0.1014,-0.0258,-0.0465,-0.0363,0.0106,0.0093,-0.0356,-0.0029,-0.025,-0.0052,-0.0013,-0.0573,0.0092,-0.0156,-0.0258,-0.0071,-0.0162,-0.0026,-0.006,-0.0352,-0.0465,-0.0167,-0.0091,-0.0092,-0.0148,-0.0064,-0.1592,0.0108,-0.1195,-0.1272,-0.0188,-0.143,0.0101,-0.0894,-0.1087,0.0033,-0.0028,0.0208,-0.0071,-0.0121,-0.0044,0.0077,-0.1005,0.0025,-0.0676,-0.082,-0.0078,-0.1023,-0.0035,-0.0684,-0.0789,-0.0157,0.0012,0.0084,-0.007,-0.007,0.0082,0.0037,TRUE,TRUE
DTC_R_35,LanSi,1,CW_01,C,2026-03-30 11:37:57+08:00,ONLINE,FALSE,,CW_1_01,PASS,,,51.416831,_2026033011375776501,T20260330113757,DESKTOP-P2DUL42,Loma,1,CW_1_01,1,paul di,2024.0718.155524,V20260126.2,CW_DTCL_DTCR_STC,T20260330113849,51.416831,TRUE,TRUE,TRUE,TRUE,TRUE,TRUE,TRUE,4S2RND2HBL0DP6,v1.0.1,2025_12_22,315.1691,316.7647,475.4662,297.0376,295.6966,148.1793,149.1216,336.723,335.6757,484.5,-5.2742,-2.8591,-0.0001,0,-0.2219,1.5553,-0.2191,1.5486,0.6657,155.5049,153.9668,154.1455,156.042,154.9148,0.8709,0.7919,0.8762,0.7881,0.7881,0.8139,0.7536,0.8154,0.7615,0.7536,0.8296,0.8154,0.8192,0.8194,0.7327,0.7114,0.7952,0.7985,0.7114,0.8315,0.7953,0.8003,0.4129,0.4129,0.8448,0.7733,0.7557,0.8266,0.7977,0.8954,0.8306,0.8336,0.7557,0,0,0,0,0,v1.0.1,2025_12_22,315.1533,316.8102,476.5821,296.9627,295.3758,147.1141,148,337,335.7619,485.6054,-5.3254,-2.8015,-0.0001,0,-0.2218,1.5543,-0.2197,1.5488,0.6654,162.0332,154.9844,163.5977,164.9814,161.3992,0.7086,0.6742,0.7133,0.672,0.672,0.6715,0.6287,0.6643,0.6458,0.6287,0.6491,0.651,0.6626,0.6612,0.625,0.6223,0.6368,0.638,0.6223,0.6774,0.662,0.6646,0.2067,0.2067,0.6355,0.6446,0.649,0.6601,0.6613,0.5005,0.638,0.6678,0.5005,0,0,0,0,0,v1.0.1,2025_12_22,317.3048,328.1143,442.0642,313.1835,302.824,196.04,188.5378,342.3697,331.9115,456,-2.9715,7.6415,0,0.0001,-0.2186,1.5611,-0.2097,1.5566,0.6723,176.5059,177.5264,178.0605,178.1367,177.5574,0.8014,0.6416,0.8189,0.6314,0.6314,0.7629,0.6404,0.7786,0.6482,0.6404,0.7752,0.7802,0.7553,0.7546,0.7546,0.7507,0.6625,0.7211,0,0.6625,0,0,0,0,0,v1.0.1,2025_12_22,317.1682,328.1963,442.9182,313.1273,302.696,195.2,187.5583,342.4167,331.9561,456.9737,-3.0406,7.6828,0,0.0001,-0.2187,1.5619,-0.2088,1.5559,0.6726,147.3594,140.7139,142.5996,145.3125,143.9963,0.6712,0.5547,0.685,0.5686,0.5547,0.6337,0.5638,0.6487,0.5528,0.5528,0.6362,0.6325,0.6371,0.6282,0.6282,0.5979,0.5427,0.5689,0.1416,0.1416,0,0,0,0,0,0.0061,-0.0919,0.0052,-0.0792,-0.0767,-0.0185,-0.0639,-0.0066,-0.0766,-0.0639,0.0108,-0.001,0.0082,0.004,-0.0753,-0.1006,-0.0046,-0.041,-0.0137,-0.0114,-0.0025,-0.0519,-0.0098,-0.0448,-0.0391,-0.0079,-0.0491,-0.0169,-0.0345,-0.0491,-0.0079,-0.0005,-0.0057,-0.005,-0.0349,-0.0429,0.0018,-0.0009,-0.009,0.001,-0.0007,-0.175,0.0106,-0.1796,-0.1707,-0.0073,-0.1247,0.0044,-0.1419,-0.1247,0.0073,0.0177,0.0035,0.0029,-0.0009,-0.0279,0.01,-0.1258,0.0158,-0.1089,-0.1065,-0.0007,-0.0866,0.004,-0.0872,-0.0816,-0.0048,-0.0102,0.0118,0.0051,0.0051,0.0066,-0.0245,TRUE,TRUE
DTC_L_36,LanSi,1,CW_01,A,2026-03-30 11:39:33+08:00,ONLINE,FALSE,,CW_1_01,PASS,,,51.6759324,_2026033011393379502,T20260330113933,DESKTOP-P2DUL42,Loma,1,CW_1_01,2,paul di,2024.0718.155524,V20260126.2,CW_DTCL_DTCR_STC,T20260330114025,51.6759324,TRUE,TRUE,TRUE,TRUE,TRUE,TRUE,TRUE,4S2RND2HBL06DS,v1.0.1,2025_12_22,315.218,322.0827,475.7388,301.1045,296.1533,151.2133,149.8973,341.8082,334.6835,487.4532,-5.1618,1.2324,-0.0001,0,-0.2294,1.5592,-0.2182,1.5531,0.6662,154.3555,150.1211,148.2305,153.9346,151.6604,0.8264,0.7915,0.8317,0.7713,0.7713,0.7861,0.7605,0.8043,0.7391,0.7391,0.8199,0.8033,0.8135,0.7697,0.7478,0.723,0.7486,0.6918,0.6918,0.8119,0.98,0.8106,0.7699,0.7699,0.842,0.751,0.7111,0.8323,0.8187,0.77,0.7726,0.7806,0.7111,0,0,0,0,0,v1.0.1,2025_12_22,315.2086,322.0432,476.8913,301.0507,296.1544,150.2617,148.7877,341.9726,334.773,488.5461,-5.137,1.2749,-0.0001,0,-0.2286,1.5598,-0.2187,1.5533,0.6665,160.9365,156.4355,162.4434,162.3525,160.542,0.6872,0.6697,0.6773,0.6884,0.6697,0.6559,0.64,0.6545,0.6471,0.64,0.6706,0.6525,0.6534,0.6287,0.6183,0.6332,0.6377,0.6159,0.6159,0.6891,0.4145,0.6992,0.6586,0.4145,0.6563,0.6116,0.5964,0.6749,0.6626,0.6686,0.6762,0.6174,0.5964,0,0,0,0,0,v1.0.1,2025_12_22,313.8667,314.3524,438.9273,299.7636,300.1282,183.6923,185.7107,329.0331,327.9391,444.0783,-6.1856,-5.3161,-0.0001,-0.0001,-0.2156,1.5655,-0.2135,1.5622,0.6746,175.8164,174.4238,172.3477,175.4697,174.5144,0.7845,0.6772,0.8029,0.6606,0.6606,0.7421,0.6588,0.7569,0.6395,0.6395,0.7688,0.762,0.7599,0.694,0.694,0.7256,0,0.724,0.6677,0.6677,0,0,0,0,0,v1.0.1,2025_12_22,313.7885,314.3173,439.7321,299.7321,300,182.8974,184.8607,329.041,328,444.8974,-6.2237,-5.3229,-0.0001,-0.0001,-0.2148,1.5657,-0.2132,1.5619,0.6749,147.9697,142.8457,141.998,146,144.7034,0.6684,0.5909,0.6839,0.5966,0.5909,0.6293,0.569,0.602,0.5707,0.569,0.619,0.6335,0.64,0.5941,0.5941,0.5954,0.4896,0.5905,0.5348,0.4896,0,0,0,0,0,0.0009,-0.0715,-0.0128,-0.0552,-0.0542,0.0005,-0.0716,-0.0042,-0.0467,-0.0465,0.0049,-0.0192,0.0005,-0.001,-0.0747,-0.0911,-0.0535,-0.0589,-0.0254,-0.0025,0.0106,-0.0373,-0.0208,-0.0262,-0.0069,0.0013,-0.0388,0.0072,-0.0257,-0.0073,0.0173,-0.009,-0.0131,-0.0128,-0.0454,-0.0414,-0.0194,-0.0055,0.0157,0.0106,-0.0087,-0.148,-0.0012,-0.1375,-0.1326,-0.0116,-0.1292,-0.0005,-0.1149,-0.1142,-0.0088,-0.0019,0.009,-0.0066,-0.0048,-0.0133,0.0108,-0.0852,0.0012,-0.0795,-0.0667,-0.0026,-0.0863,-0.0307,-0.0772,-0.0629,-0.0207,-0.0011,0.0022,-0.0232,-0.0232,0.0117,0.0066,TRUE,TRUE
DTC_R_36,LanSi,1,CW_01,A,2026-03-30 11:39:33+08:00,ONLINE,FALSE,,CW_1_01,PASS,,,51.8584446,_2026033011393362001,T20260330113933,DESKTOP-P2DUL42,Loma,1,CW_1_01,1,paul di,2024.0718.155524,V20260126.2,CW_DTCL_DTCR_STC,T20260330114025,51.8584446,TRUE,TRUE,TRUE,TRUE,TRUE,TRUE,TRUE,4S200D2HBL0DP6,v1.0.1,2025_12_22,315,317.9137,474.9416,298.073,295.3986,148.1284,149.3377,338.2781,335.2113,485.5915,-5.5221,-1.9031,-0.0001,0,-0.2229,1.5553,-0.2218,1.5503,0.6652,154.2695,152.7969,153.0156,155.4053,153.8718,0.8618,0.8194,0.8741,0.8146,0.8146,0.8182,0.7718,0.8295,0.7719,0.7718,0.8179,0.812,0.8001,0.8136,0.7402,0.7744,0.7261,0.7415,0.7261,0.8308,0.7781,0.8268,0.3765,0.3765,0.8319,0.7281,0.7792,0.8238,0.8251,0.815,0.7696,0.846,0.7281,0,0,0,0,0,v1.0.1,2025_12_22,315,317.9137,476,297.9137,295.1497,147.1701,148.0952,338.2381,335.3472,486.5556,-5.5816,-1.9418,-0.0001,0,-0.2231,1.5545,-0.2207,1.5502,0.6653,162.5293,157.7861,166.4766,165.4111,163.0508,0.7064,0.6916,0.7072,0.6776,0.6776,0.6838,0.6583,0.6732,0.6483,0.6483,0.6575,0.6646,0.6561,0.6525,0.6275,0.6498,0.5985,0.6304,0.5985,0.6866,0.6432,0.6566,0.2361,0.2361,0.6515,0.6268,0.6571,0.6815,0.6609,0.5704,0.6375,0.6796,0.5704,0,0,0,0,0,v1.0.1,2025_12_22,317,329.3962,441.5862,314.3448,302.5659,196.2868,188.5,343.5,331.4513,457.6106,-3.2793,8.7277,0,0.0001,-0.2197,1.5623,-0.2088,1.558,0.6729,175.208,176.0195,176.5371,177.7051,176.3674,0.8054,0.7025,0.8188,0.6865,0.6865,0.7638,0.6645,0.7794,0.6512,0.6512,0.7684,0.7712,0.7457,0.7359,0.7359,0.7501,0.6501,0.7304,0,0.6501,0,0,0,0,0,v1.0.1,2025_12_22,317.0374,329.3551,442.3153,314.2432,302.4453,195.75,187.5833,343.6583,331.5217,458.5478,-3.3194,8.8109,0,0.0001,-0.2195,1.5615,-0.2095,1.5586,0.6728,148.1631,143.4521,145.1416,145.9307,145.6719,0.6583,0.5971,0.6741,0.5977,0.5971,0.6269,0.5763,0.6352,0.5729,0.5729,0.618,0.6439,0.6302,0.6304,0.618,0.6036,0.5348,0.582,0.3631,0.3631,0,0,0,0,0,-0.003,-0.0644,0.0031,-0.0527,-0.0502,-0.0142,-0.0457,0.0075,-0.0662,-0.0457,-0.0009,-0.0044,-0.0109,-0.0018,-0.0678,-0.0376,-0.0737,-0.098,-0.0144,0.0151,-0.0047,-0.0345,-0.0159,-0.0392,-0.0335,0.0044,-0.0195,-0.008,-0.032,-0.0295,0.0005,0.0131,-0.0122,-0.0137,-0.0324,-0.0154,-0.0365,-0.0085,0.0002,-0.007,0.0033,-0.1141,0.0105,-0.1245,-0.1156,-0.0064,-0.1006,0.0052,-0.1389,-0.1139,0.0005,0.0087,-0.0061,-0.0158,-0.0015,-0.0186,-0.0029,-0.0834,0.0049,-0.0798,-0.0641,-0.0075,-0.0741,-0.0095,-0.0671,-0.0615,-0.023,0.0012,0.0049,0.0073,-0.0051,0.0123,-0.0114,TRUE,TRUE
DTC_R_37,LanSi,1,CW_01,B,2026-03-30 11:42:18+08:00,ONLINE,FALSE,,CW_1_01,FAIL,SFR_VIS_25cm_Ny4_01F_ROI4_Dev;SFR_VIS_25cm_Ny4_01F_Min_Dev,Dev,51.8058213,_2026033011421892701,T20260330114218,DESKTOP-P2DUL42,Loma,1,CW_1_01,1,paul di,2024.0718.155524,V20260126.2,CW_DTCL_DTCR_STC,T20260330114310,51.8058213,TRUE,TRUE,TRUE,TRUE,TRUE,TRUE,TRUE,4S2RND2HBL0DP6,v1.0.1,2025_12_22,315.3358,317.708,475.8309,298.2353,295.7172,149.3862,149.4118,337.7451,335.894,486.7682,-5.0621,-1.5314,-0.0001,0,-0.2202,1.5542,-0.2197,1.5493,0.6659,155.7393,153.6309,153.5732,155.9131,154.7141,0.8631,0.7795,0.8732,0.7407,0.7407,0.8138,0.7587,0.8278,0.7817,0.7587,0.8308,0.8131,0.7954,0.819,0.7241,0.7415,0.7975,0.7943,0.7241,0.8371,0.7982,0.8093,0.4938,0.4938,0.8501,0.7794,0.7677,0.8137,0.7849,0.98,0.8499,0.8508,0.7677,0,0,0,0,0,v1.0.1,2025_12_22,315.25,317.6571,476.9571,298.1071,295.5878,148.4122,148.2886,337.953,336.0728,487.7616,-5.0687,-1.5218,-0.0001,0,-0.2198,1.5546,-0.2205,1.5485,0.6657,163.3281,158.082,166.7373,166.25,163.5994,0.6989,0.667,0.7173,0.6486,0.6486,0.687,0.6395,0.673,0.662,0.6395,0.6616,0.6446,0.6522,0.6508,0.6254,0.6434,0.6314,0.6479,0.6254,0.6701,0.6899,0.6678,0.1205,0.1205,0.6473,0.6501,0.6465,0.6728,0.6387,0.4249,0.6483,0.6884,0.4249,0,0,0,0,0,v1.0.1,2025_12_22,317.5,329.1132,442.313,314.3826,303.0083,197.2397,188.7581,343.4758,332.0442,457.708,-2.7753,8.8839,0,0.0001,-0.217,1.5608,-0.2106,1.5577,0.6727,176.4014,176.5879,177.1777,178.2031,177.0925,0.7972,0.6137,0.8109,0.5946,0.5946,0.7673,0.6234,0.7739,0.6795,0.6234,0.7653,0.7617,0.7499,0.7475,0.7475,0.7439,0.6755,0.7467,0,0.6755,0,0,0,0,0,v1.0.1,2025_12_22,317.4486,329.1308,443.2301,314.2301,302.7339,196.5323,187.7661,343.5081,332.1739,458.4609,-2.8295,8.8724,0,0.0001,-0.2174,1.5598,-0.2099,1.5569,0.6723,148.9971,143.6006,145.21,146.8672,146.1687,0.6485,0.541,0.6939,0.5296,0.5296,0.6405,0.5699,0.6438,0.576,0.5699,0.6304,0.6505,0.6345,0.6382,0.6304,0.5877,0.5586,0.5793,0.199,0.199,0,0,0,0,0,-0.0017,-0.1043,0.0022,-0.1266,-0.1241,-0.0186,-0.0588,0.0058,-0.0564,-0.0588,0.012,-0.0033,-0.0156,0.0036,-0.0839,-0.0705,-0.0023,-0.0452,-0.0081,-0.0024,-0.0122,-0.0591,-0.0058,-0.0682,-0.0625,0.0076,-0.0383,-0.0082,-0.0183,-0.0383,0.0046,-0.0069,-0.0161,-0.0154,-0.0345,-0.0218,-0.0036,0.009,-0.0163,0.0042,-0.0049,-0.2029,0.0026,-0.2164,-0.2075,-0.0029,-0.1417,-0.0003,-0.1106,-0.1417,-0.0026,-0.0008,-0.0019,-0.0042,-0.0077,-0.0023,-0.0127,-0.1395,0.0247,-0.1479,-0.1316,0.0061,-0.0805,-0.0009,-0.064,-0.0645,-0.0106,0.0078,0.0092,0.0151,0.0073,-0.0036,-0.0141,TRUE,TRUE
DTC_L_37,LanSi,1,CW_01,B,2026-03-30 11:42:19+08:00,ONLINE,FALSE,,CW_1_01,PASS,,,51.6632025,_2026033011421905102,T20260330114219,DESKTOP-P2DUL42,Loma,1,CW_1_01,2,paul di,2024.0718.155524,V20260126.2,CW_DTCL_DTCR_STC,T20260330114310,51.6632025,TRUE,TRUE,TRUE,TRUE,TRUE,TRUE,TRUE,4S2RND2HBL06DS,v1.0.1,2025_12_22,314.292,323,474.5149,302.5896,294.8543,151.8344,148.1879,342.7584,333.5857,489.7071,-6.413,2.4779,-0.0001,0,-0.2262,1.5572,-0.2179,1.5551,0.667,154.4287,150.2061,148.5469,153.5752,151.6892,0.8202,0.7898,0.8427,0.7905,0.7898,0.7829,0.7692,0.8103,0.7463,0.7463,0.82,0.8131,0.8264,0.7723,0.75,0.7267,0.7838,0.711,0.711,0.823,0.98,0.823,0.8246,0.823,0.8375,0.8039,0.7695,0.8492,0.832,0.824,0.7965,0.7818,0.7695,0,0,0,0,0,v1.0.1,2025_12_22,314.1714,323.0143,475.6214,302.4786,294.7778,150.902,147,343,333.8085,490.6879,-6.4242,2.5166,-0.0001,0,-0.226,1.5581,-0.2185,1.5537,0.6668,162.7207,158.1641,164.1934,163.7061,162.196,0.6811,0.6734,0.6947,0.6943,0.6734,0.6644,0.6386,0.6572,0.6489,0.6386,0.6406,0.6526,0.6399,0.6345,0.6158,0.6347,0.6316,0.6061,0.6061,0.6721,0.4152,0.6704,0.674,0.4152,0.6509,0.6533,0.6479,0.6744,0.6609,0.689,0.6603,0.6414,0.6414,0,0,0,0,0,v1.0.1,2025_12_22,312.8654,315.1346,437.8649,301.018,298.9832,184.2605,184.4309,329.7886,326.9231,445.8291,-7.2865,-4.2938,-0.0001,0,-0.2119,1.5646,-0.2131,1.5631,0.6757,175.5703,174.5615,172.5244,174.8018,174.3645,0.8024,0.6752,0.8043,0.6751,0.6751,0.7491,0.6503,0.7563,0.6529,0.6503,0.7709,0.7615,0.7717,0.6921,0.6921,0.7276,0,0.7379,0.729,0.7276,0,0,0,0,0,v1.0.1,2025_12_22,312.8396,315.1415,438.7117,300.8468,298.7479,183.6387,183.5447,329.878,327.0431,446.681,-7.3226,-4.2628,-0.0001,0,-0.2126,1.5635,-0.213,1.5627,0.6752,149.3242,144.1221,143.3027,146.7559,145.8762,0.6604,0.5794,0.6683,0.6031,0.5794,0.6259,0.5573,0.6318,0.5798,0.5573,0.6348,0.628,0.6274,0.6074,0.6074,0.5948,0.5046,0.595,0.5758,0.5046,0,0,0,0,0,-0.0053,-0.0732,-0.0018,-0.036,-0.0357,-0.0027,-0.0629,0.0018,-0.0395,-0.0393,0.005,-0.0094,0.0134,0.0016,-0.0725,-0.0874,-0.0183,-0.0397,-0.0143,0.0099,0.0045,-0.0336,-0.0034,-0.0203,-0.0032,0.0098,-0.0402,0.0099,-0.0239,-0.0087,-0.0127,-0.0089,-0.0266,-0.007,-0.0479,-0.0399,-0.0255,-0.0153,-0.0013,-0.0182,0.0092,-0.15,0.0002,-0.123,-0.1181,-0.0046,-0.1377,-0.0011,-0.1015,-0.1034,-0.0067,-0.0024,0.0208,-0.0085,-0.0028,0.0006,0.0028,-0.0967,-0.0144,-0.073,-0.0782,-0.006,-0.098,-0.0009,-0.0681,-0.0746,-0.0049,-0.0066,-0.0104,-0.0099,-0.0099,0.0111,0.0111,TRUE,TRUE
DTC_R_38,LanSi,1,CW_01,C,2026-03-30 11:43:59+08:00,ONLINE,FALSE,,CW_1_01,FAIL,SFR_VIS_25cm_Ny4_01F_ROI1;SFR_VIS_25cm_Ny4_01F_ROI2;SFR_VIS_25cm_Ny4_01F_ROI3;SFR_VIS_25cm_Ny4_01F_ROI4;SFR_VIS_25cm_Ny4_01F_Min;SFR_VIS_25cm_Ny4_03F_ROI5;SFR_VIS_25cm_Ny4_03F_ROI6;SFR_VIS_25cm_Ny4_03F_ROI8;SFR_VIS_25cm_Ny4_03F_Min;SFR_VIS_25cm_Ny4_06F_ROI9;SFR_VIS_25cm_Ny4_06F_ROI10;SFR_VIS_25cm_Ny4_06F_Min;SFR_VIS_25cm_Ny4_08F_ROI19;IR_SFR_VIS_25cm_Ny4_01F_ROI1;IR_SFR_VIS_25cm_Ny4_01F_ROI2;IR_SFR_VIS_25cm_Ny4_01F_ROI3;IR_SFR_VIS_25cm_Ny4_01F_ROI4;IR_SFR_VIS_25cm_Ny4_01F_Min;IR_SFR_VIS_25cm_Ny4_03F_ROI5;IR_SFR_VIS_25cm_Ny4_03F_ROI6,sfr_25Algo,51.8001953,_2026033011435971201,T20260330114359,DESKTOP-P2DUL42,Loma,1,CW_1_01,1,paul di,2024.0718.155524,V20260126.2,CW_DTCL_DTCR_STC,T20260330114451,51.8001953,TRUE,TRUE,TRUE,TRUE,TRUE,TRUE,TRUE,4S2RND2HBL0DP6,v1.0.1,2025_12_22,315.0075,316.5489,474.8696,296.587,295.2778,147.0903,149.3423,336.8121,335.1972,484.4155,-5.5611,-3.2093,-0.0001,0,-0.2237,1.5544,-0.2212,1.5506,0.665,152.4424,150.7139,148.7412,151.2627,150.79,0.648,0.5176,0.6745,0.5811,0.5176,0.6669,0.3676,0.6812,0.6674,0.3676,0.6563,0.6421,0.6752,0.8001,0.7445,0.7757,0.7222,0.673,0.6421,0.7565,0.8071,0.5514,0.98,0.5514,0.8546,0.7323,0.7307,0.8277,0.763,0.8483,0.7211,0.8433,0.7211,0,0,0,0,0,v1.0.1,2025_12_22,314.9568,316.7698,475.971,296.5652,295.1164,146.0342,148.0417,336.9792,335.2958,485.3732,-5.6237,-3.1557,-0.0001,0,-0.2243,1.5546,-0.22,1.5502,0.6651,160.918,155.8848,162.8164,162.3105,160.4824,0.5246,0.4545,0.5559,0.4839,0.4545,0.566,0.3037,0.5435,0.5973,0.3037,0.5036,0.4654,0.5606,0.661,0.6255,0.6569,0.6041,0.5686,0.4654,0.5771,0.6773,0.2977,0.2031,0.2031,0.6571,0.6051,0.6304,0.6778,0.6408,0.6375,0.6296,0.6808,0.6051,0,0,0,0,0,v1.0.1,2025_12_22,317.1176,328.1176,441.4912,312.8158,302.406,195.6917,188.4628,342.4628,331.4522,456.487,-3.314,7.615,0,0.0001,-0.2219,1.5596,-0.2105,1.5591,0.6716,172.9824,173.4229,171.4199,172.9033,172.6821,0.5915,0.461,0.6649,0.511,0.461,0.6122,0.2959,0.6413,0.5658,0.2959,0.6247,0.6989,0.6103,0.7106,0.6103,0.691,0.6809,0.4774,0,0.4774,0,0,0,0,0,v1.0.1,2025_12_22,317.0481,328.125,442.3826,312.8,302.4031,194.9845,187.5,342.5,331.5,457.4035,-3.3332,7.6626,0,0.0001,-0.2212,1.5607,-0.21,1.559,0.6721,146.4688,141.5508,141.7979,143.6895,143.3767,0.4836,0.3903,0.5426,0.3926,0.3903,0.5218,0.2006,0.5088,0.5153,0.2006,0.4909,0.5749,0.5335,0.5884,0.4909,0.5169,0.5377,0.2792,0.386,0.2792,0,0,0,0,0,-0.2168,-0.3662,-0.1965,-0.2862,-0.3472,-0.1655,-0.4499,-0.1408,-0.1707,-0.4499,-0.1625,-0.1743,-0.1358,-0.0153,-0.0635,-0.0363,-0.0776,-0.1665,-0.0887,-0.2603,-0.1865,-0.2716,-0.1672,-0.2329,-0.2566,-0.1134,-0.3741,-0.1377,-0.083,-0.3741,-0.1534,-0.1861,-0.1077,-0.0052,-0.0344,-0.0083,-0.0309,-0.0703,-0.1093,-0.3659,-0.2106,-0.3556,-0.1434,-0.3,-0.3411,-0.158,-0.4692,-0.1329,-0.2243,-0.4692,-0.1432,-0.0636,-0.1415,-0.0411,-0.0606,-0.2716,-0.1776,-0.2902,-0.1266,-0.2849,-0.2709,-0.1126,-0.4498,-0.1359,-0.1247,-0.4338,-0.1501,-0.0678,-0.0918,-0.0347,-0.1322,-0.0744,-0.3142,TRUE,TRUE
DTC_L_38,LanSi,1,CW_01,C,2026-03-30 11:43:59+08:00,ONLINE,FALSE,,CW_1_01,PASS,,,51.658574,_2026033011435987802,T20260330114359,DESKTOP-P2DUL42,Loma,1,CW_1_01,2,paul di,2024.0718.155524,V20260126.2,CW_DTCL_DTCR_STC,T20260330114451,51.658574,TRUE,TRUE,TRUE,TRUE,TRUE,TRUE,TRUE,4S2RND2HBL06DS,v1.0.1,2025_12_22,314.1679,322.7153,474.3704,302.0444,294.7616,151.7152,148.1242,342.5033,333.3169,489.6268,-6.5518,2.221,-0.0001,0,-0.2278,1.5573,-0.2181,1.5561,0.6669,153.6387,149.8428,148.1016,153.0244,151.1519,0.821,0.7875,0.8477,0.7828,0.7828,0.7774,0.7499,0.8013,0.7646,0.7499,0.8054,0.8216,0.809,0.7674,0.7344,0.7147,0.7679,0.7247,0.7147,0.8109,0.98,0.8207,0.8343,0.8109,0.8427,0.7946,0.7272,0.8473,0.8357,0.7999,0.7923,0.7905,0.7272,0,0,0,0,0,v1.0.1,2025_12_22,314.1522,322.7609,475.5333,301.963,294.6316,150.6842,147.0201,342.7517,333.6403,490.705,-6.5045,2.273,-0.0001,0,-0.2277,1.5573,-0.2185,1.5548,0.6665,161.5264,156.7148,162.6416,162.3311,160.8035,0.6856,0.6774,0.6939,0.6997,0.6774,0.6575,0.626,0.6628,0.6551,0.626,0.6525,0.6443,0.6542,0.6299,0.6336,0.6233,0.6344,0.6151,0.6151,0.6789,0.3445,0.6689,0.6819,0.3445,0.6587,0.6413,0.6068,0.6745,0.671,0.6811,0.667,0.6298,0.6068,0,0,0,0,0,v1.0.1,2025_12_22,312.8077,314.9615,437.708,300.5929,298.7131,184.2459,184.4628,329.5372,326.8729,445.8305,-7.3871,-4.4664,-0.0001,0,-0.214,1.5629,-0.2126,1.5632,0.6749,175.0918,174.126,171.958,174.5225,173.9246,0.7845,0.6672,0.8028,0.6787,0.6672,0.7387,0.643,0.7582,0.6786,0.643,0.77,0.7662,0.7652,0.6991,0.6991,0.7412,0,0.7373,0.7192,0.7192,0,0,0,0,0,v1.0.1,2025_12_22,312.8077,314.9615,438.5702,300.4298,298.5932,183.5,183.4417,329.5833,326.8261,446.5391,-7.4522,-4.4972,-0.0001,0,-0.2145,1.5626,-0.212,1.5641,0.675,148.2441,142.9814,142.123,145.8242,144.7932,0.667,0.5741,0.6817,0.606,0.5741,0.6301,0.5405,0.6302,0.596,0.5405,0.6266,0.6387,0.6477,0.6151,0.6151,0.5799,0.4865,0.5776,0.5714,0.4865,0,0,0,0,0,-0.0045,-0.0755,0.0032,-0.0437,-0.0427,-0.0082,-0.0822,-0.0072,-0.0212,-0.0357,-0.0096,-0.0009,-0.004,-0.0033,-0.0881,-0.0994,-0.0342,-0.026,-0.0264,0.0076,0.009,-0.0296,-0.0042,-0.0149,0.0008,0.0029,-0.0528,0.0155,-0.0177,-0.0213,-0.0008,-0.0172,-0.0123,-0.0116,-0.0301,-0.0513,-0.0227,-0.0063,0.0055,-0.0197,-0.0087,-0.158,-0.0013,-0.1194,-0.126,-0.015,-0.145,0.0008,-0.0758,-0.1107,-0.0076,0.0023,0.0143,-0.0015,0.0108,0,0.0094,-0.102,-0.001,-0.0701,-0.0835,-0.0018,-0.1148,-0.0025,-0.0519,-0.0914,-0.0131,0.0041,0.0099,-0.0022,-0.0022,-0.0038,-0.0063,TRUE,TRUE
DTC_L_39,LanSi,1,CW_01,A,2026-03-30 11:45:50+08:00,ONLINE,FALSE,,CW_1_01,PASS,,,51.1479651,_2026033011455069402,T20260330114550,DESKTOP-P2DUL42,Loma,1,CW_1_01,2,paul di,2024.0718.155524,V20260126.2,CW_DTCL_DTCR_STC,T20260330114641,51.1479651,TRUE,TRUE,TRUE,TRUE,TRUE,TRUE,TRUE,4S2RND2HBL06DS,v1.0.1,2025_12_22,314.2612,321.8955,474.542,301.1908,294.9536,151.1589,148.3421,341.6316,333.5324,488.6187,-6.3737,1.3991,-0.0001,0,-0.2279,1.5577,-0.2179,1.5552,0.6668,154.5029,150.6055,149.043,153.876,152.0068,0.835,0.7807,0.8516,0.7841,0.7807,0.7955,0.7442,0.8053,0.7566,0.7442,0.8125,0.8075,0.8107,0.7671,0.7132,0.7022,0.7775,0.7132,0.7022,0.8245,0.98,0.8306,0.8266,0.8245,0.8373,0.7512,0.7406,0.8206,0.8227,0.821,0.8089,0.7772,0.7406,0,0,0,0,0,v1.0.1,2025_12_22,314.2847,321.9343,475.7037,301.1407,294.8684,150.2895,147.2133,341.72,333.7552,489.6993,-6.3349,1.4568,-0.0001,0,-0.2276,1.5576,-0.2174,1.5547,0.6669,160.999,157.4463,163.1572,161.7256,160.832,0.6831,0.6608,0.6979,0.6859,0.6608,0.6557,0.6111,0.6544,0.6547,0.6111,0.6545,0.6457,0.665,0.6292,0.6089,0.6076,0.6409,0.6181,0.6076,0.6833,0.4601,0.6764,0.6797,0.4601,0.6627,0.6469,0.6109,0.6854,0.6696,0.6793,0.6761,0.6298,0.6109,0,0,0,0,0,v1.0.1,2025_12_22,312.9048,314.2762,437.8739,299.7658,299.0424,183.7881,184.5,328.6667,326.9565,444.7478,-7.2445,-5.2511,-0.0001,-0.0001,-0.2151,1.5644,-0.2111,1.563,0.6753,176.0596,175.1523,173.1748,175.2861,174.9182,0.7903,0.6596,0.8006,0.6666,0.6596,0.7455,0.6214,0.7591,0.6594,0.6214,0.7815,0.7736,0.7681,0.7002,0.7002,0.7338,0,0.7315,0.7277,0.7277,0,0,0,0,0,v1.0.1,2025_12_22,312.9048,314.2762,438.7321,299.7321,299,182.8974,183.575,328.7333,327.069,445.5776,-7.2438,-5.2567,-0.0001,-0.0001,-0.2146,1.5648,-0.2108,1.5628,0.6756,147.6055,143.3262,142.2734,145.0947,144.575,0.6532,0.56,0.6824,0.6045,0.56,0.6247,0.5365,0.6273,0.5815,0.5365,0.6226,0.6239,0.6456,0.6074,0.6074,0.5873,0.5179,0.5918,0.5752,0.5179,0,0,0,0,0,0.0095,-0.0823,0.0071,-0.0424,-0.0448,0.0099,-0.0879,-0.0032,-0.0292,-0.0414,-0.0025,-0.015,-0.0023,-0.0036,-0.1093,-0.1119,-0.0246,-0.0375,-0.0128,0.0175,0.0065,-0.0462,-0.0002,-0.0287,-0.0158,0.0011,-0.0677,0.0071,-0.0181,-0.0362,0.0012,-0.0158,-0.0015,-0.0123,-0.0548,-0.067,-0.0162,-0.0033,0.0099,-0.0122,-0.0029,-0.1656,-0.0035,-0.1315,-0.1336,-0.0082,-0.1666,0.0017,-0.095,-0.1323,0.0039,0.0097,0.0172,-0.0004,0.0034,-0.0058,-0.0044,-0.1161,-0.0003,-0.0716,-0.0976,-0.0072,-0.1188,-0.0054,-0.0664,-0.0954,-0.0171,-0.0107,0.0078,-0.0099,-0.0099,0.0036,0.0079,TRUE,TRUE
DTC_R_39,LanSi,1,CW_01,A,2026-03-30 11:45:50+08:00,ONLINE,FALSE,,CW_1_01,PASS,,,51.2875922,_2026033011455057201,T20260330114550,DESKTOP-P2DUL42,Loma,1,CW_1_01,1,paul di,2024.0718.155524,V20260126.2,CW_DTCL_DTCR_STC,T20260330114641,51.2875922,TRUE,TRUE,TRUE,TRUE,TRUE,TRUE,TRUE,4S2RND00BL0DP6,v1.0.1,2025_12_22,315.2148,316.7778,475.6716,297.1642,295.8836,148.6301,149.3377,336.7219,335.8133,485.4933,-5.1158,-2.5425,-0.0001,0,-0.2211,1.5558,-0.2191,1.5488,0.6661,156.0479,153.9971,154.2275,156.374,155.1616,0.8649,0.7814,0.8766,0.7748,0.7748,0.822,0.7454,0.824,0.7574,0.7454,0.8256,0.8247,0.8121,0.8172,0.7214,0.7286,0.7952,0.7838,0.7214,0.8318,0.7745,0.8125,0.5363,0.5363,0.8463,0.7364,0.7492,0.8291,0.8019,0.98,0.8265,0.8514,0.7364,0,0,0,0,0,v1.0.1,2025_12_22,315.2574,316.8015,476.7279,297.0441,295.6622,147.6284,148.0972,336.9028,335.9801,486.543,-5.155,-2.516,-0.0001,0,-0.2212,1.555,-0.2192,1.5488,0.6658,161.0254,154.6699,163.3682,163.9629,160.7566,0.7067,0.6507,0.7073,0.6667,0.6507,0.6755,0.6355,0.6759,0.6455,0.6355,0.6657,0.6521,0.6612,0.6618,0.6102,0.6393,0.6238,0.6449,0.6102,0.6666,0.6319,0.6582,0.0919,0.0919,0.6424,0.6439,0.6461,0.6651,0.6712,0.456,0.6328,0.6766,0.456,0,0,0,0,0,v1.0.1,2025_12_22,317.5,328,442.2232,313.1786,303.0484,196.629,188.6311,342.0902,332.0265,456.4513,-2.8141,7.7698,0,0.0001,-0.2178,1.5607,-0.2084,1.5577,0.6731,177.0527,177.292,177.668,178.209,177.5554,0.8036,0.6056,0.8262,0.6542,0.6056,0.7563,0.6021,0.7771,0.6553,0.6021,0.7656,0.767,0.7668,0.7422,0.7422,0.7506,0.6434,0.7303,0,0.6434,0,0,0,0,0,v1.0.1,2025_12_22,317.3942,328.0288,443.0648,313.1296,302.9083,195.875,187.7542,342.322,332.0783,457.2783,-2.86,7.8268,0,0.0001,-0.2175,1.5611,-0.2093,1.5572,0.6729,146.6025,140.4834,142.1826,144.3955,143.416,0.6689,0.5391,0.6677,0.5712,0.5391,0.6257,0.5482,0.6455,0.5712,0.5482,0.6323,0.6462,0.6381,0.6313,0.6313,0.5984,0.5527,0.5835,0.1791,0.1791,0,0,0,0,0,0.0001,-0.1024,0.0056,-0.0925,-0.09,-0.0104,-0.0721,0.002,-0.0807,-0.0721,0.0068,0.0083,0.0011,0.0018,-0.0866,-0.0834,-0.0046,-0.0557,-0.0134,0.0008,-0.0044,-0.0754,-0.0158,-0.0501,-0.0604,-0.0039,-0.0423,-0.0053,-0.0348,-0.0423,0.0087,0.0006,-0.0071,-0.0044,-0.0497,-0.0259,-0.0112,0.006,-0.0198,-0.0054,0.0015,-0.211,0.0179,-0.1568,-0.1965,-0.0139,-0.163,0.0029,-0.1348,-0.163,-0.0023,0.0045,0.015,-0.0095,-0.001,-0.0187,0.0077,-0.1414,-0.0015,-0.1063,-0.1221,-0.0087,-0.1022,0.0008,-0.0688,-0.0862,-0.0087,0.0035,0.0128,0.0082,0.0082,0.0071,-0.0099,TRUE,TRUE
DTC_R_40,LanSi,1,CW_01,B,2026-03-30 11:47:34+08:00,ONLINE,FALSE,,CW_1_01,PASS,,,51.5540233,_2026033011473452001,T20260330114734,DESKTOP-P2DUL42,Loma,1,CW_1_01,1,paul di,2024.0718.155524,V20260126.2,CW_DTCL_DTCR_STC,T20260330114826,51.5540233,TRUE,TRUE,TRUE,TRUE,TRUE,TRUE,TRUE,4S2RND2HBL0DP6,v1.0.1,2025_12_22,315,316.2721,474.9493,296.3406,295.3784,146.9189,149.2745,336.4248,335.234,484.1702,-5.5328,-3.4747,-0.0001,0,-0.2235,1.5549,-0.2205,1.5503,0.6653,155.7822,153.21,153.2891,155.9609,154.5605,0.8754,0.8139,0.8711,0.8287,0.8139,0.8207,0.7473,0.8106,0.7452,0.7452,0.7987,0.8139,0.8254,0.8107,0.7126,0.6745,0.7579,0.7024,0.6745,0.8531,0.8195,0.7971,0.98,0.7971,0.8399,0.7788,0.7727,0.8265,0.8122,0.8982,0.7591,0.8576,0.7591,0,0,0,0,0,v1.0.1,2025_12_22,315.0284,316.2128,476,296.1357,295.1208,145.9866,148.0397,336.5232,335.2676,485.2042,-5.6087,-3.4875,-0.0001,0,-0.2236,1.5539,-0.2205,1.5511,0.6652,163.2148,158.2373,167.0205,165.9385,163.6028,0.7085,0.6949,0.7176,0.7028,0.6949,0.6789,0.6466,0.6451,0.6352,0.6352,0.6473,0.6554,0.659,0.6692,0.6199,0.5932,0.6207,0.6061,0.5932,0.6897,0.6575,0.661,0.2727,0.2727,0.6441,0.6513,0.6361,0.6782,0.6674,0.6453,0.6351,0.685,0.6351,0,0,0,0,0,v1.0.1,2025_12_22,317.1574,327.75,441.5982,312.5982,302.6508,194.9762,188.5242,342,331.7586,456,-3.1622,7.1649,0,0.0001,-0.2206,1.5615,-0.2098,1.5569,0.672,176.6895,176.3105,176.7451,178.3496,177.0237,0.8006,0.7053,0.8178,0.698,0.698,0.7676,0.694,0.763,0.6249,0.6249,0.7505,0.7559,0.7559,0.7351,0.7351,0.7532,0.6881,0.7346,0,0.6881,0,0,0,0,0,v1.0.1,2025_12_22,317.1619,327.9143,442.4779,312.5487,302.4797,194.2927,187.5462,342.3109,331.7297,456.8018,-3.2209,7.2737,0,0.0001,-0.2215,1.5608,-0.2101,1.5577,0.6717,148.9619,144.1162,145.8047,146.7441,146.4067,0.6672,0.597,0.6833,0.5895,0.5895,0.6376,0.6182,0.634,0.5563,0.5563,0.6115,0.6261,0.6357,0.6181,0.6115,0.6115,0.56,0.5785,0.4239,0.4239,0,0,0,0,0,0.0106,-0.0699,0.0001,-0.0386,-0.0509,-0.0117,-0.0702,-0.0114,-0.0929,-0.0723,-0.0201,-0.0025,0.0144,-0.0047,-0.0954,-0.1375,-0.0419,-0.1371,0.0079,-0.0146,-0.0026,-0.0312,-0.0055,-0.014,-0.0162,-0.0005,-0.0312,-0.0361,-0.0451,-0.0426,-0.0097,0.0039,-0.0093,0.003,-0.04,-0.072,-0.0143,-0.0328,0.0033,-0.0026,-0.0015,-0.1113,0.0095,-0.113,-0.1041,-0.0026,-0.0711,-0.0112,-0.1652,-0.1402,-0.0174,-0.0066,0.0041,-0.0166,0.0016,-0.0144,0.006,-0.0835,0.0141,-0.088,-0.0717,0.0032,-0.0322,-0.0107,-0.0837,-0.0781,-0.0295,-0.0166,0.0104,-0.005,-0.0116,0.0202,-0.0149,TRUE,TRUE
DTC_L_40,LanSi,1,CW_01,B,2026-03-30 11:47:34+08:00,ONLINE,FALSE,,CW_1_01,PASS,,,51.6358051,_2026033011473445202,T20260330114734,DESKTOP-P2DUL42,Loma,1,CW_1_01,2,paul di,2024.0718.155524,V20260126.2,CW_DTCL_DTCR_STC,T20260330114826,51.6358051,TRUE,TRUE,TRUE,TRUE,TRUE,TRUE,TRUE,4S2RND2HBL06DS,v1.0.1,2025_12_22,314.1533,323.8102,474.4701,303.2612,294.9073,152.404,148.0872,343.8725,333.4851,490.9627,-6.4794,3.3621,-0.0001,0,-0.227,1.5585,-0.2197,1.5551,0.6667,154.542,150.541,148.6865,153.7715,151.8853,0.8262,0.7908,0.829,0.7913,0.7908,0.7859,0.7567,0.7966,0.7527,0.7527,0.8132,0.8028,0.8066,0.7707,0.7465,0.7052,0.7682,0.7029,0.7029,0.8317,0.98,0.8302,0.8262,0.8262,0.8322,0.7747,0.775,0.8378,0.8481,0.8108,0.7933,0.7771,0.7747,0,0,0,0,0,v1.0.1,2025_12_22,314.1533,323.8102,475.5401,303.1679,294.6333,151.42,147,344,333.7914,491.9568,-6.4764,3.371,-0.0001,0,-0.2267,1.5575,-0.2197,1.554,0.6663,162.3359,158.1094,164.0898,163.1621,161.9243,0.6841,0.6669,0.6835,0.701,0.6669,0.6678,0.6332,0.6547,0.6582,0.6332,0.6485,0.6514,0.6562,0.6349,0.6224,0.6077,0.6322,0.61,0.6077,0.6889,0.5169,0.6647,0.6801,0.5169,0.6537,0.6571,0.6514,0.669,0.6671,0.6614,0.6758,0.625,0.625,0,0,0,0,0,v1.0.1,2025_12_22,312.8077,315.9615,437.8739,301.7658,298.9667,184.9583,184.3689,330.6557,327,446.8974,-7.2966,-3.4522,-0.0001,0,-0.2125,1.565,-0.2134,1.5623,0.6754,175.9023,175.0781,172.9346,175.2979,174.8032,0.7856,0.6878,0.8076,0.6776,0.6776,0.746,0.6489,0.7503,0.6748,0.6489,0.7726,0.7595,0.772,0.7039,0.7039,0.7396,0,0.7358,0.7376,0.7358,0,0,0,0,0,v1.0.1,2025_12_22,312.8381,315.9143,438.6379,301.5,298.8992,184.0924,183.5,330.6667,327,447.5965,-7.325,-3.546,-0.0001,0,-0.2136,1.5649,-0.2131,1.5631,0.6754,149.0889,144.0537,143.2725,146.4609,145.719,0.6611,0.5805,0.6807,0.6044,0.5805,0.6282,0.5512,0.6168,0.5857,0.5512,0.635,0.6289,0.6538,0.6217,0.6217,0.5831,0.5556,0.5808,0.5691,0.5556,0,0,0,0,0,0.0007,-0.0722,-0.0155,-0.0352,-0.0347,0.0003,-0.0754,-0.0119,-0.0331,-0.0329,-0.0018,-0.0197,-0.0064,0,-0.076,-0.1089,-0.0339,-0.0478,-0.0056,0.0171,0.0075,-0.0401,-0.0146,-0.0136,-0.0097,0.0132,-0.0456,0.0074,-0.0146,-0.0141,-0.0048,-0.0101,-0.0103,-0.0066,-0.0413,-0.0669,-0.0249,-0.0114,0.0155,-0.0239,-0.0076,-0.1374,0.0035,-0.1205,-0.1156,-0.0077,-0.1391,-0.0071,-0.0796,-0.1048,-0.005,-0.0044,0.0211,0.0033,0.0092,-0.0015,0.0035,-0.0956,-0.002,-0.0717,-0.0771,-0.0037,-0.1041,-0.0159,-0.0622,-0.0807,-0.0047,-0.0057,0.016,0.0044,0.0044,-0.0006,-0.0031,TRUE,TRUE
DTC_L_41,LanSi,1,CW_01,C,2026-03-30 11:49:20+08:00,ONLINE,FALSE,,CW_1_01,PASS,,,51.6476242,_2026033011492008702,T20260330114920,DESKTOP-P2DUL42,Loma,1,CW_1_01,2,paul di,2024.0718.155524,V20260126.2,CW_DTCL_DTCR_STC,T20260330115011,51.6476242,TRUE,TRUE,TRUE,TRUE,TRUE,TRUE,TRUE,4S2RND2HBL06DS,v1.0.1,2025_12_22,315.3261,321.5942,475.8382,300.3603,296.5563,149.5894,149.9333,341.5133,334.7279,488.0441,-5.0236,0.7203,-0.0001,0,-0.231,1.5616,-0.2193,1.5542,0.6664,154.958,150.6816,147.3271,154.7129,151.9199,0.8176,0.812,0.8477,0.7957,0.7957,0.7583,0.7574,0.7861,0.7289,0.7289,0.8105,0.8053,0.814,0.7507,0.7331,0.7323,0.7253,0.6926,0.6926,0.816,0.3662,0.8302,0.7811,0.3662,0.8451,0.7152,0.712,0.84,0.8213,0.771,0.7725,0.7825,0.712,0,0,0,0,0,v1.0.1,2025_12_22,315.3214,321.6286,476.9214,300.1857,296.2961,148.6908,148.7867,341.72,334.9571,489.1071,-5.0435,0.7664,-0.0001,0,-0.2314,1.5607,-0.2195,1.5536,0.6658,160.5488,157.1357,161.459,161.5508,160.1736,0.683,0.6847,0.7021,0.6866,0.683,0.6484,0.6305,0.6554,0.638,0.6305,0.6462,0.6555,0.6491,0.6493,0.6172,0.6383,0.6069,0.6114,0.6069,0.6846,0.4843,0.6794,0.6673,0.4843,0.649,0.6186,0.5925,0.6749,0.6723,0.6695,0.6611,0.6223,0.5925,0,0,0,0,0,v1.0.1,2025_12_22,313.9533,313.7103,439.2222,299.1019,300.405,182.281,185.878,328.5447,328.0885,444.4602,-5.9906,-5.8804,-0.0001,-0.0001,-0.2156,1.5676,-0.2148,1.5626,0.6749,176.3457,174.9756,171.3789,175.9424,174.6606,0.7915,0.6915,0.8018,0.6904,0.6904,0.728,0.6481,0.7586,0.6456,0.6456,0.7665,0.7546,0.7575,0.6911,0.6911,0.7338,0,0.7216,0.6583,0.6583,0,0,0,0,0,v1.0.1,2025_12_22,313.9135,313.7788,439.8919,299.009,300.325,181.6583,185,328.6129,328.1043,445.3826,-6.0531,-5.8117,-0.0001,-0.0001,-0.2162,1.5678,-0.214,1.5629,0.6751,147.3721,143.1172,140.9932,144.8164,144.0747,0.6576,0.595,0.673,0.6162,0.595,0.627,0.5593,0.6264,0.5712,0.5593,0.6135,0.6234,0.6291,0.6084,0.6084,0.5883,0.493,0.5873,0.5378,0.493,0,0,0,0,0,-0.0079,-0.051,0.0032,-0.0308,-0.0298,-0.0273,-0.0747,-0.0224,-0.0569,-0.0567,-0.0045,-0.0172,0.001,-0.02,-0.0894,-0.0818,-0.0768,-0.0581,-0.0213,0.0171,0.0064,-0.0223,0.004,-0.028,0.0064,-0.0062,-0.0483,0.0081,-0.0348,-0.0168,-0.0071,-0.006,-0.0174,0.0078,-0.0465,-0.0363,-0.0502,-0.01,0.0112,-0.0092,-0.0017,-0.1337,-0.0023,-0.1077,-0.1028,-0.0257,-0.1399,0.0012,-0.1088,-0.1081,-0.0111,-0.0093,0.0066,-0.0095,0.0034,-0.0157,0,-0.0811,-0.0097,-0.0599,-0.0626,-0.0049,-0.096,-0.0063,-0.0767,-0.0726,-0.0262,-0.0112,-0.0087,-0.0089,-0.0089,0.0046,0.0034,TRUE,TRUE
DTC_R_41,LanSi,1,CW_01,C,2026-03-30 11:49:20+08:00,ONLINE,FALSE,,CW_1_01,PASS,,,51.6446317,_2026033011492008801,T20260330114920,DESKTOP-P2DUL42,Loma,1,CW_1_01,1,paul di,2024.0718.155524,V20260126.2,CW_DTCL_DTCR_STC,T20260330115011,51.6446317,TRUE,TRUE,TRUE,TRUE,TRUE,TRUE,TRUE,4S2RND2HBL0DP6,v1.0.1,2025_12_22,314.9638,316.1159,474.8467,296.1898,295.2345,147.1724,149.2583,336.4702,335.0638,483.9362,-5.6266,-3.5231,-0.0001,0,-0.2235,1.554,-0.2217,1.5511,0.665,155.8242,153.3789,153.5518,156.0527,154.7019,0.8661,0.8294,0.872,0.8245,0.8245,0.8133,0.7474,0.8119,0.7551,0.7474,0.8188,0.8179,0.8155,0.8206,0.7616,0.7393,0.7566,0.6979,0.6979,0.8406,0.8195,0.8104,0.5748,0.5748,0.835,0.7775,0.7762,0.8218,0.8141,0.8137,0.7138,0.8441,0.7138,0,0,0,0,0,v1.0.1,2025_12_22,314.9574,316.156,475.9571,296.1071,295.1497,146.1701,148.1267,336.6067,335.1608,484.9161,-5.6296,-3.5088,-0.0001,0,-0.2234,1.5543,-0.2215,1.5511,0.6651,163.3135,157.7061,166.4473,166.1055,163.3931,0.695,0.6834,0.7155,0.7026,0.6834,0.6864,0.6335,0.6764,0.635,0.6335,0.662,0.653,0.6485,0.6668,0.6307,0.6276,0.6199,0.6028,0.6028,0.6808,0.6621,0.6661,0.0523,0.0523,0.6463,0.6511,0.6527,0.6645,0.6629,0.5448,0.6229,0.7001,0.5448,0,0,0,0,0,v1.0.1,2025_12_22,317,327.6038,441.4298,312.5702,302.5,195.0952,188.4113,341.9032,331.2807,455.9035,-3.3756,7.1152,0,0.0001,-0.2197,1.5613,-0.2102,1.5594,0.6727,176.5576,176.5479,177.1152,178.1396,177.0901,0.8077,0.707,0.8197,0.7043,0.7043,0.7574,0.6572,0.7782,0.6253,0.6253,0.7666,0.7671,0.7572,0.7495,0.7495,0.7471,0.6793,0.7356,0,0.6793,0,0,0,0,0,v1.0.1,2025_12_22,317.0472,327.6981,442.3826,312.5478,302.3902,194.3984,187.5417,342.2583,331.5,456.5965,-3.3277,7.1998,0,0.0001,-0.2198,1.5608,-0.2114,1.5586,0.672,148.7578,142.9355,144.9297,146.3896,145.7532,0.671,0.5987,0.6766,0.5994,0.5987,0.6406,0.5803,0.6409,0.5419,0.5419,0.621,0.6412,0.6297,0.6206,0.6206,0.5833,0.5702,0.5654,0.2973,0.2973,0,0,0,0,0,0.0013,-0.0544,0.001,-0.0428,-0.0403,-0.0191,-0.0701,-0.0101,-0.083,-0.0701,0,0.0015,0.0045,0.0052,-0.0464,-0.0727,-0.0432,-0.1416,-0.0046,-0.0013,-0.0161,-0.0427,-0.0076,-0.0142,-0.0277,0.007,-0.0443,-0.0048,-0.0453,-0.0443,0.005,0.0015,-0.0198,0.0006,-0.0292,-0.0376,-0.0151,-0.0361,-0.0056,0.0025,0.0056,-0.1096,0.0114,-0.1067,-0.0978,-0.0128,-0.1079,0.004,-0.1648,-0.1398,-0.0013,0.0046,0.0054,-0.0022,-0.0045,-0.0134,0.0098,-0.0818,0.0074,-0.0781,-0.0625,0.0062,-0.0701,-0.0038,-0.0981,-0.0925,-0.02,-0.0015,0.0044,-0.0025,-0.0025,-0.008,-0.028,TRUE,TRUE
DTC_L_42,LanSi,1,CW_01,A,2026-03-30 11:51:06+08:00,ONLINE,FALSE,,CW_1_01,PASS,,,51.6193944,_2026033011510624302,T20260330115106,DESKTOP-P2DUL42,Loma,1,CW_1_01,2,paul di,2024.0718.155524,V20260126.2,CW_DTCL_DTCR_STC,T20260330115157,51.6193944,TRUE,TRUE,TRUE,TRUE,TRUE,TRUE,TRUE,4S2RND2HBL06DS,v1.0.1,2025_12_22,314.1765,323.1471,474.5152,302.9167,294.973,152.2095,148.2585,343.034,333.6691,489.6115,-6.3816,2.6837,-0.0001,0,-0.225,1.5584,-0.2188,1.5537,0.6671,153.8457,149.877,147.999,152.9004,151.1555,0.8254,0.7845,0.8428,0.7937,0.7845,0.7719,0.75,0.8051,0.7526,0.75,0.8193,0.8047,0.8038,0.7675,0.737,0.7195,0.7632,0.6956,0.6956,0.803,0.98,0.8241,0.8245,0.803,0.8344,0.8188,0.777,0.8398,0.8374,0.808,0.798,0.7776,0.777,0,0,0,0,0,v1.0.1,2025_12_22,314.1957,323.1667,475.6985,302.7426,294.8224,151.2237,147.1689,343.2838,333.8,490.5857,-6.3629,2.7005,-0.0001,0,-0.2253,1.5581,-0.2193,1.5537,0.6668,161.0859,156.5215,162.5469,161.9385,160.5232,0.6758,0.6826,0.6916,0.6891,0.6758,0.6662,0.6379,0.6586,0.6495,0.6379,0.6493,0.6404,0.6477,0.6316,0.6263,0.6142,0.6302,0.611,0.611,0.6714,0.3733,0.6798,0.6765,0.3733,0.6527,0.6723,0.6291,0.6863,0.6794,0.681,0.6751,0.6248,0.6248,0,0,0,0,0,v1.0.1,2025_12_22,312.8286,315.4571,437.7876,301.2832,298.8571,184.7479,184.4113,330,326.9569,445.8707,-7.3317,-4.0282,-0.0001,0,-0.2124,1.5638,-0.2123,1.5624,0.6754,174.9062,174.1201,171.8623,174.1924,173.7703,0.7922,0.6792,0.8117,0.6778,0.6778,0.7515,0.6485,0.7576,0.6608,0.6485,0.7819,0.7705,0.7625,0.7053,0.7053,0.7351,0,0.7348,0.7187,0.7187,0,0,0,0,0,v1.0.1,2025_12_22,312.8972,315.3832,438.7117,301.1532,298.7167,183.85,183.5738,330.2623,327.0085,446.7627,-7.3184,-4.0177,-0.0001,0,-0.2121,1.5629,-0.214,1.5633,0.675,147.7949,142.4707,141.6777,145.4717,144.3538,0.6568,0.5817,0.6769,0.6098,0.5817,0.6316,0.559,0.6174,0.5797,0.559,0.635,0.6325,0.6205,0.6109,0.6109,0.5966,0.5253,0.5834,0.5747,0.5253,0,0,0,0,0,-0.0001,-0.0785,-0.0017,-0.0328,-0.041,-0.0137,-0.0821,-0.0034,-0.0332,-0.0356,0.0043,-0.0178,-0.0092,-0.0032,-0.0855,-0.0946,-0.0389,-0.0551,-0.0343,0.011,-0.0008,-0.0244,-0.0065,-0.0255,-0.0008,0.0116,-0.0409,0.0113,-0.0233,-0.0094,-0.004,-0.0211,-0.0188,-0.0099,-0.0374,-0.0604,-0.0269,-0.0104,-0.002,-0.0088,-0.001,-0.146,0.0076,-0.1203,-0.1154,-0.0022,-0.1395,0.0002,-0.0936,-0.1052,0.0043,0.0066,0.0116,0.0047,0.0047,-0.0025,-0.0008,-0.0944,-0.0058,-0.0663,-0.0759,-0.0003,-0.0963,-0.0153,-0.0682,-0.0729,-0.0047,-0.0021,-0.0173,-0.0064,-0.0064,0.0129,-0.0005,TRUE,TRUE
DTC_R_42,LanSi,1,CW_01,A,2026-03-30 11:51:06+08:00,ONLINE,FALSE,,CW_1_01,PASS,,,51.4059648,_2026033011510647001,T20260330115106,DESKTOP-P2DUL42,Loma,1,CW_1_01,1,paul di,2024.0718.155524,V20260126.2,CW_DTCL_DTCR_STC,T20260330115157,51.4059648,TRUE,TRUE,TRUE,TRUE,TRUE,TRUE,TRUE,4S2RND2HBL0DP6,v1.0.1,2025_12_22,315.1087,316.8261,475.5,297.1667,295.5274,148.089,149.2517,336.6954,335.6757,484.5,-5.2873,-2.8446,-0.0001,0,-0.2214,1.5548,-0.2187,1.5482,0.6657,155.6934,152.7529,153.0898,155.6377,154.2935,0.8682,0.7949,0.8628,0.7701,0.7701,0.8252,0.7545,0.8215,0.7493,0.7493,0.8319,0.8029,0.8146,0.8164,0.7348,0.6951,0.7702,0.7672,0.6951,0.8267,0.793,0.7983,0.6956,0.6956,0.8439,0.7618,0.7426,0.8406,0.8064,0.6098,0.8238,0.8563,0.6098,0,0,0,0,0,v1.0.1,2025_12_22,315.0719,316.8561,476.6444,297,295.1655,147.0345,148.0207,336.9103,335.7619,485.5578,-5.3671,-2.8282,-0.0001,0,-0.2218,1.5536,-0.219,1.5482,0.6653,162,156.8789,165.4199,164.6523,162.2378,0.7098,0.673,0.7036,0.6553,0.6553,0.6799,0.6592,0.6774,0.639,0.639,0.6636,0.6405,0.6537,0.6492,0.6229,0.5862,0.6137,0.6182,0.5862,0.6837,0.6444,0.6742,0.0383,0.0383,0.6454,0.6418,0.6518,0.6703,0.6538,0.5403,0.6385,0.6604,0.5403,0,0,0,0,0,v1.0.1,2025_12_22,317.1574,328.25,442.0727,313.2364,302.5873,196.1032,188.5,342.3333,331.8435,455.9478,-3.0678,7.6741,0,0.0001,-0.2191,1.5605,-0.2085,1.5558,0.6722,176.4932,175.7617,176.7217,177.7031,176.6699,0.8029,0.6469,0.7972,0.6247,0.6247,0.7716,0.6204,0.7705,0.6246,0.6204,0.7593,0.7665,0.7656,0.7508,0.7508,0.7337,0.6594,0.7411,0,0.6594,0,0,0,0,0,v1.0.1,2025_12_22,317.0952,328.2762,442.7946,313.2411,302.48,195.192,187.5372,342.4628,331.8938,456.6195,-3.1398,7.6583,0,0.0001,-0.2185,1.5609,-0.2085,1.5555,0.6723,147.583,142.3633,144.3955,145.4854,144.9568,0.6616,0.5589,0.6735,0.5593,0.5589,0.6382,0.548,0.6467,0.5546,0.548,0.6281,0.6339,0.6319,0.627,0.627,0.5952,0.5415,0.5801,0.2901,0.2901,0,0,0,0,0,0.0034,-0.0889,-0.0082,-0.0972,-0.0947,-0.0072,-0.063,-0.0005,-0.0888,-0.0682,0.0131,-0.0135,0.0036,0.001,-0.0732,-0.1169,-0.0296,-0.0723,-0.0185,-0.0134,-0.0013,-0.0531,-0.0195,-0.0615,-0.0558,0.0005,-0.0186,-0.0038,-0.0413,-0.0388,0.0066,-0.011,-0.0146,-0.017,-0.037,-0.079,-0.0213,-0.0207,-0.0027,0.0106,0.0008,-0.1697,-0.0111,-0.1863,-0.1774,0.0014,-0.1447,-0.0037,-0.1655,-0.1447,-0.0086,0.004,0.0138,-0.0009,-0.0179,-0.0079,0.0004,-0.1216,0.0043,-0.1182,-0.1023,0.0038,-0.1024,0.002,-0.0854,-0.0864,-0.0129,-0.0088,0.0066,0.0039,0.0039,0.0039,-0.0133,TRUE,TRUE
DTC_L_43,LanSi,1,CW_01,B,2026-03-30 13:46:57+08:00,ONLINE,FALSE,,CW_1_01,PASS,,,51.8149954,_2026033013465735302,T20260330134657,DESKTOP-P2DUL42,Loma,1,CW_1_01,2,paul di,2024.0718.155524,V20260126.2,CW_DTCL_DTCR_STC,T20260330134749,51.8149954,TRUE,TRUE,TRUE,TRUE,TRUE,TRUE,TRUE,4S2RND2HBL06DS,v1.0.1,2025_12_22,314.2148,322.7778,474.3037,302.2074,294.8212,151.6689,148.3506,342.3506,333.4085,488.5,-6.4802,2.0009,-0.0001,0,-0.2273,1.5574,-0.2169,1.555,0.667,154.8711,150.7246,148.959,154.0869,152.1604,0.8269,0.7891,0.8387,0.7788,0.7788,0.7821,0.7553,0.8014,0.7387,0.7387,0.8084,0.808,0.8229,0.7701,0.7375,0.7109,0.7587,0.6655,0.6655,0.8152,0.6988,0.823,0.8265,0.6988,0.8422,0.7619,0.7326,0.8511,0.8314,0.8207,0.8068,0.7801,0.7326,0,0,0,0,0,v1.0.1,2025_12_22,314.2574,322.8015,475.5672,302.1194,294.6954,150.6689,147.3046,342.4437,333.6571,489.5643,-6.4037,2.0195,-0.0001,0,-0.227,1.5571,-0.2166,1.5545,0.667,159.7344,155.7803,161.4834,160.79,159.447,0.6735,0.6768,0.6903,0.7012,0.6735,0.6548,0.6315,0.6583,0.6496,0.6315,0.6446,0.656,0.6634,0.6204,0.6133,0.6233,0.6395,0.5988,0.5988,0.6776,0.5234,0.6827,0.7008,0.5234,0.6468,0.6415,0.6165,0.6899,0.6842,0.6932,0.671,0.6335,0.6165,0,0,0,0,0,v1.0.1,2025_12_22,312.8544,314.932,437.8739,300.7658,298.9576,184.0254,184.5372,329.4628,326.9831,444.9492,-7.2588,-4.673,-0.0001,0,-0.2123,1.5645,-0.2122,1.562,0.6755,175.2607,174.3193,172.5869,174.9326,174.2749,0.7796,0.6723,0.7957,0.6596,0.6596,0.7415,0.6383,0.7482,0.643,0.6383,0.7773,0.7615,0.7431,0.6797,0.6797,0.7263,0,0.7254,0.7303,0.7254,0,0,0,0,0,v1.0.1,2025_12_22,312.9135,314.7788,438.6174,300.4522,298.7647,183.2185,183.5,329.5,326.9569,445.8707,-7.3495,-4.736,-0.0001,0,-0.213,1.5631,-0.2127,1.5636,0.6752,147.3428,142.6592,141.6934,144.7549,144.1125,0.6584,0.5813,0.6717,0.5864,0.5813,0.6269,0.5496,0.6161,0.5556,0.5496,0.637,0.623,0.6417,0.6216,0.6216,0.5906,0.5097,0.5625,0.5824,0.5097,0,0,0,0,0,0.0014,-0.0739,-0.0058,-0.0477,-0.0467,-0.0035,-0.0768,-0.0071,-0.0471,-0.0469,-0.0066,-0.0145,0.0099,-0.0006,-0.085,-0.1032,-0.0434,-0.0852,-0.0221,0.0099,-0.0031,-0.0302,-0.0078,-0.0134,-0.0031,0.0002,-0.0473,0.011,-0.0232,-0.0158,-0.0087,-0.0055,-0.0031,-0.0211,-0.0504,-0.0513,-0.0176,-0.0226,0.0042,-0.0059,-0.0136,-0.1529,-0.0084,-0.1385,-0.1336,-0.0122,-0.1497,-0.0092,-0.1114,-0.1154,-0.0003,-0.0024,-0.0078,-0.0209,-0.0041,-0.0119,0.0008,-0.0948,-0.011,-0.0897,-0.0763,-0.005,-0.1057,-0.0166,-0.0923,-0.0823,-0.0027,-0.0116,0.0039,0.0043,0.0043,0.0069,-0.0214,TRUE,TRUE
DTC_R_43,LanSi,1,CW_01,B,2026-03-30 13:46:57+08:00,ONLINE,FALSE,,CW_1_01,PASS,,,51.7621369,_2026033013465740501,T20260330134657,DESKTOP-P2DUL42,Loma,1,CW_1_01,1,paul di,2024.0718.155524,V20260126.2,CW_DTCL_DTCR_STC,T20260330134749,51.7621369,TRUE,TRUE,TRUE,TRUE,TRUE,TRUE,TRUE,4S2RND2HBL0DP6,v1.0.1,2025_12_22,315.2593,317.7185,475.7778,298.1333,295.8581,148.7838,149.457,337.6026,335.7905,485.4324,-5.0715,-1.9659,-0.0001,0,-0.2209,1.5559,-0.2188,1.5485,0.6662,154.416,152.1123,152.2061,154.4668,153.3003,0.86,0.7951,0.8717,0.7699,0.7699,0.8278,0.743,0.8278,0.746,0.743,0.8233,0.8103,0.8028,0.8108,0.7246,0.7328,0.7772,0.7345,0.7246,0.8496,0.7994,0.8087,0.5973,0.5973,0.8332,0.7844,0.7417,0.8404,0.7966,0.98,0.8446,0.8381,0.7417,0,0,0,0,0,v1.0.1,2025_12_22,315.2,317.5857,476.9143,298.0214,295.7397,147.8014,148.3087,337.8054,335.9467,486.4267,-5.0781,-1.9719,-0.0001,0,-0.2199,1.5562,-0.2201,1.548,0.6661,162.501,156.9072,165.4512,165.3252,162.5461,0.7029,0.6722,0.7175,0.6739,0.6722,0.6769,0.6357,0.6704,0.645,0.6357,0.6555,0.6544,0.658,0.6571,0.611,0.6277,0.6249,0.6078,0.6078,0.6737,0.6592,0.6612,0.12,0.12,0.6447,0.6535,0.6376,0.6777,0.6692,0.5127,0.647,0.6693,0.5127,0,0,0,0,0,v1.0.1,2025_12_22,317.2523,328.8505,442.2342,314.1261,302.76,196.88,188.6016,343.0488,331.8938,456.6195,-2.9516,8.405,0,0.0001,-0.2168,1.5609,-0.2094,1.5562,0.6727,176.9541,176.7061,177.4297,178.1973,177.3218,0.8073,0.6615,0.8193,0.616,0.616,0.7628,0.6249,0.7682,0.6135,0.6135,0.7769,0.7573,0.7516,0.7417,0.7417,0.743,0.6548,0.7367,0,0.6548,0,0,0,0,0,v1.0.1,2025_12_22,317.2885,329,443.1009,314.0275,302.6063,195.9606,187.5847,343.3475,331.9273,457.5,-2.9985,8.4671,0,0.0001,-0.2179,1.5604,-0.2097,1.5568,0.6724,148.4648,142.7598,144.8789,146.5586,145.6655,0.6671,0.5676,0.6703,0.5548,0.5548,0.6371,0.5468,0.645,0.544,0.544,0.6353,0.6302,0.6307,0.6153,0.6153,0.5931,0.5453,0.5676,0.206,0.206,0,0,0,0,0,-0.0048,-0.0887,0.0007,-0.0974,-0.0949,-0.0046,-0.0745,0.0058,-0.0921,-0.0745,0.0045,-0.0061,-0.0082,-0.0046,-0.0834,-0.0792,-0.0226,-0.105,0.0044,-0.003,-0.0082,-0.0539,-0.0056,-0.0429,-0.0389,-0.0025,-0.0421,-0.0108,-0.0353,-0.0421,-0.0015,0.0029,-0.0103,-0.0091,-0.0489,-0.0375,-0.0101,-0.0311,-0.0127,-0.0024,0.0052,-0.1551,0.011,-0.195,-0.1861,-0.0074,-0.1402,-0.006,-0.1766,-0.1516,0.009,-0.0052,-0.0002,-0.01,-0.0086,-0.0123,0.0059,-0.1129,0.0011,-0.1227,-0.1064,0.0027,-0.1036,0.0003,-0.096,-0.0904,-0.0057,-0.0125,0.0054,-0.0078,-0.0078,0.0018,-0.0258,TRUE,TRUE
DTC_L_44,LanSi,1,CW_01,C,2026-03-30 13:48:45+08:00,ONLINE,FALSE,,CW_1_01,PASS,,,51.4581427,_2026033013484594902,T20260330134845,DESKTOP-P2DUL42,Loma,1,CW_1_01,2,paul di,2024.0718.155524,V20260126.2,CW_DTCL_DTCR_STC,T20260330134937,51.4581427,TRUE,TRUE,TRUE,TRUE,TRUE,TRUE,TRUE,4S2RND2HBL06DS,v1.0.1,2025_12_22,314.1791,322.8881,474.3529,302.5735,294.8533,151.9733,148.0952,342.7619,333.6296,488.9556,-6.478,2.3305,-0.0001,0,-0.2256,1.5577,-0.2186,1.5537,0.6668,155.7119,151.1162,149.1738,154.6475,152.6624,0.8187,0.7879,0.8536,0.795,0.7879,0.7758,0.7508,0.8016,0.7531,0.7508,0.8055,0.7974,0.8157,0.767,0.7335,0.7172,0.7541,0.6949,0.6949,0.8154,0.6905,0.8142,0.8447,0.6905,0.8269,0.7617,0.7674,0.8513,0.8364,0.8351,0.7752,0.767,0.7617,0,0,0,0,0,v1.0.1,2025_12_22,314.1714,322.9857,475.4029,302.4317,294.6948,150.974,147,343,333.8286,489.9857,-6.4805,2.3754,-0.0001,0,-0.2263,1.5575,-0.2186,1.5531,0.6664,160.3945,156.5557,161.793,161.0371,159.9451,0.6879,0.6709,0.7046,0.686,0.6709,0.6723,0.6288,0.6482,0.647,0.6288,0.6454,0.6618,0.6574,0.6335,0.6147,0.6296,0.642,0.6126,0.6126,0.6631,0.5053,0.6824,0.7005,0.5053,0.6538,0.6494,0.6302,0.6777,0.6841,0.6881,0.6671,0.6424,0.6302,0,0,0,0,0,v1.0.1,2025_12_22,312.8667,315.1905,437.8407,301.0531,298.8824,184.3445,184.3417,329.725,327,445.5,-7.3137,-4.3374,-0.0001,0,-0.2121,1.5638,-0.2121,1.5622,0.6755,175.9189,174.5459,172.4668,175.252,174.5459,0.7754,0.6695,0.8047,0.6742,0.6695,0.74,0.636,0.7697,0.6595,0.636,0.783,0.7784,0.7688,0.6981,0.6981,0.7272,0,0.7136,0.7245,0.7136,0,0,0,0,0,v1.0.1,2025_12_22,312.8785,315.1028,438.6216,300.7928,298.7265,183.5385,183.377,329.8115,327.0862,446.2241,-7.362,-4.4061,-0.0001,0,-0.2128,1.5631,-0.2126,1.5623,0.675,147.6123,143.3906,142.0273,144.7031,144.4333,0.6476,0.5673,0.6858,0.593,0.5673,0.627,0.5472,0.6218,0.5738,0.5472,0.638,0.6283,0.6373,0.6176,0.6176,0.5895,0.5466,0.576,0.5753,0.5466,0,0,0,0,0,-0.0068,-0.0751,0.0091,-0.0315,-0.0376,-0.0098,-0.0813,-0.0069,-0.0327,-0.0348,-0.0095,-0.0251,0.0027,-0.0037,-0.089,-0.0969,-0.048,-0.0558,-0.0219,0.0011,0.0113,-0.0361,0.0065,-0.0286,-0.0057,0.0177,-0.05,0.0009,-0.0258,-0.0185,-0.0079,0.0003,-0.0091,-0.008,-0.049,-0.045,-0.0151,-0.0088,-0.0103,-0.0062,-0.0178,-0.1557,0.0006,-0.1239,-0.1237,-0.0137,-0.152,0.0123,-0.0949,-0.1177,0.0054,0.0145,0.0179,-0.0025,-0.0032,-0.0237,-0.01,-0.1088,0.0031,-0.0831,-0.0903,-0.0049,-0.1081,-0.0109,-0.0741,-0.0847,-0.0017,-0.0063,-0.0005,0.0003,0.0003,0.0058,-0.0079,TRUE,TRUE
DTC_R_44,LanSi,1,CW_01,C,2026-03-30 13:48:46+08:00,ONLINE,FALSE,,CW_1_01,PASS,,,51.3274923,_2026033013484607801,T20260330134846,DESKTOP-P2DUL42,Loma,1,CW_1_01,1,paul di,2024.0718.155524,V20260126.2,CW_DTCL_DTCR_STC,T20260330134937,51.3274923,TRUE,TRUE,TRUE,TRUE,TRUE,TRUE,TRUE,4S2RND2HBL0DP6,v1.0.1,2025_12_22,315,316.0863,474.8467,296.1898,295.2276,146.6897,149.2961,336.2961,335.2042,483.7394,-5.5851,-3.6997,-0.0001,0,-0.2233,1.5541,-0.2208,1.5503,0.6651,153.5967,151.5957,151.542,153.6328,152.5918,0.8685,0.8286,0.8694,0.8182,0.8182,0.8115,0.73,0.8201,0.7604,0.73,0.8068,0.803,0.8072,0.8031,0.7562,0.7127,0.7267,0.6808,0.6808,0.8424,0.7971,0.7983,0.98,0.7971,0.8505,0.7831,0.7584,0.8152,0.7973,0.8495,0.7457,0.826,0.7457,0,0,0,0,0,v1.0.1,2025_12_22,314.9571,316.1071,475.9353,296.0647,295.0616,145.7945,148.0397,336.4768,335.2676,484.7958,-5.6477,-3.6522,-0.0001,0,-0.2234,1.554,-0.2209,1.5505,0.665,162.2549,156.1387,164.4736,164.8184,161.9214,0.6976,0.6955,0.7124,0.6932,0.6932,0.6756,0.6221,0.6787,0.6408,0.6221,0.6372,0.6469,0.6627,0.6641,0.6353,0.6179,0.5774,0.59,0.5774,0.673,0.6639,0.6508,0.0585,0.0585,0.654,0.6598,0.6388,0.6653,0.6573,0.5736,0.6429,0.683,0.5736,0,0,0,0,0,v1.0.1,2025_12_22,317.0187,327.5514,441.5478,312.4783,302.5,195,188.3802,341.7603,331.5,455.7368,-3.3107,7.0054,0,0.0001,-0.2199,1.5612,-0.2095,1.5578,0.6724,175.7207,176.3018,176.1904,177.2461,176.3647,0.7983,0.7051,0.819,0.6977,0.6977,0.7536,0.6488,0.7712,0.6373,0.6373,0.7514,0.7497,0.7466,0.7391,0.7391,0.7518,0.6753,0.7231,0,0.6753,0,0,0,0,0,v1.0.1,2025_12_22,317,327.6852,442.313,312.3826,302.3333,194.2602,187.5,342,331.5487,456.6106,-3.361,7.0877,0,0.0001,-0.221,1.5608,-0.2096,1.5579,0.672,147.9336,142.0859,143.7734,146.1582,144.9878,0.6583,0.5976,0.6854,0.5989,0.5976,0.6241,0.5645,0.6448,0.5521,0.5521,0.6227,0.6293,0.6387,0.6278,0.6227,0.5914,0.5424,0.5806,0.32,0.32,0,0,0,0,0,0.0037,-0.0552,-0.0016,-0.0491,-0.0466,-0.0209,-0.0875,-0.0019,-0.0777,-0.0875,-0.012,-0.0134,-0.0038,-0.0123,-0.0518,-0.0993,-0.0731,-0.1587,-0.0028,-0.0134,-0.0135,-0.0306,-0.0107,-0.0236,-0.0179,-0.0038,-0.0557,-0.0025,-0.0395,-0.0557,-0.0198,-0.0046,-0.0056,-0.0021,-0.0246,-0.0473,-0.0576,-0.0489,-0.0134,-0.0128,-0.0038,-0.1115,0.0107,-0.1133,-0.1044,-0.0166,-0.1163,-0.003,-0.1528,-0.1278,-0.0165,-0.0128,-0.0052,-0.0126,0.0002,-0.0259,-0.0029,-0.0829,0.0162,-0.0786,-0.0636,-0.0103,-0.0859,0.0001,-0.0879,-0.0823,-0.0183,-0.0134,0.0134,0.0047,-0.0004,0.0001,-0.0128,TRUE,TRUE
DTC_L_45,LanSi,1,CW_01,A,2026-03-30 13:51:30+08:00,ONLINE,FALSE,,CW_1_01,PASS,,,51.4473987,_2026033013513035402,T20260330135130,DESKTOP-P2DUL42,Loma,1,CW_1_01,2,paul di,2024.0718.155524,V20260126.2,CW_DTCL_DTCR_STC,T20260330135221,51.4473987,TRUE,TRUE,TRUE,TRUE,TRUE,TRUE,TRUE,4S2RND2HBL06DS,v1.0.1,2025_12_22,315.1606,322.6204,475.5152,301.9167,296.1611,151.651,149.604,342.5503,334.5,488.1667,-5.3118,1.881,-0.0001,0,-0.2279,1.5596,-0.2193,1.554,0.6666,154.8516,148.9775,148.876,153.9355,151.6602,0.8222,0.7756,0.8426,0.7768,0.7756,0.7764,0.7588,0.8027,0.7474,0.7474,0.7996,0.8127,0.7917,0.7683,0.7288,0.7234,0.6804,0.6923,0.6804,0.8123,0.98,0.8179,0.7707,0.7707,0.8394,0.7552,0.7327,0.8312,0.822,0.7808,0.789,0.7821,0.7327,0,0,0,0,0,v1.0.1,2025_12_22,315.1295,322.6835,476.5547,301.8248,296.0533,150.7133,148.5066,342.6513,334.6642,489.292,-5.3183,1.933,-0.0001,0,-0.228,1.5598,-0.2188,1.5536,0.6667,161.2676,156.2412,162.6504,162.3564,160.6289,0.6833,0.6676,0.6977,0.6808,0.6676,0.6594,0.6402,0.6464,0.6453,0.6402,0.6418,0.6608,0.6464,0.6278,0.6193,0.6221,0.5826,0.6147,0.5826,0.6759,0.4424,0.671,0.6583,0.4424,0.6551,0.6428,0.6204,0.6817,0.6479,0.6516,0.6548,0.6283,0.6204,0,0,0,0,0,v1.0.1,2025_12_22,313.8396,314.8585,438.7168,300.4513,300.2542,184.0508,185.6417,329.5667,327.9569,444.8707,-6.2182,-4.7404,-0.0001,0,-0.2143,1.5668,-0.2137,1.5621,0.6752,175.0586,172.1367,172.3066,174.6377,173.5349,0.7784,0.6746,0.8039,0.6667,0.6667,0.7334,0.6507,0.751,0.6371,0.6371,0.759,0.774,0.6945,0.7055,0.6945,0.7182,0,0.7175,0.6519,0.6519,0,0,0,0,0,v1.0.1,2025_12_22,313.8396,314.8585,439.5,300.3621,300.0769,183.2821,184.7107,329.6033,327.9217,445.7217,-6.2902,-4.7345,-0.0001,0,-0.2143,1.5661,-0.2132,1.5631,0.6754,148.6738,142.9482,142.9912,146.2363,145.2124,0.6528,0.5748,0.6728,0.6014,0.5748,0.6162,0.5539,0.6208,0.5805,0.5539,0.6265,0.635,0.595,0.614,0.595,0.5909,0.5146,0.581,0.5482,0.5146,0,0,0,0,0,-0.0033,-0.0874,-0.0019,-0.0497,-0.0499,-0.0092,-0.0733,-0.0058,-0.0384,-0.0382,-0.0154,-0.0098,-0.0213,-0.0024,-0.0937,-0.0907,-0.1217,-0.0584,-0.025,0.0048,0.0067,-0.0394,-0.0004,-0.0338,-0.009,0.0048,-0.0386,-0.0009,-0.0275,-0.0071,-0.0115,-0.0007,-0.0201,-0.0137,-0.0444,-0.0525,-0.0745,-0.0067,0.0025,-0.0176,-0.0148,-0.1506,-0.0002,-0.1314,-0.1265,-0.0203,-0.1373,-0.0064,-0.1173,-0.1166,-0.0186,0.0101,-0.0564,0.0049,-0.0122,-0.0198,-0.0048,-0.1013,-0.0099,-0.0747,-0.0828,-0.0157,-0.1014,-0.0119,-0.0674,-0.078,-0.0132,0.0004,-0.0428,-0.0033,-0.0223,0.0072,-0.0029,TRUE,TRUE
DTC_R_45,LanSi,1,CW_01,A,2026-03-30 13:51:30+08:00,ONLINE,FALSE,,CW_1_01,PASS,,,51.5770514,_2026033013513022501,T20260330135130,DESKTOP-P2DUL42,Loma,1,CW_1_01,1,paul di,2024.0718.155524,V20260126.2,CW_DTCL_DTCR_STC,T20260330135221,51.5770514,TRUE,TRUE,TRUE,TRUE,TRUE,TRUE,TRUE,4S2RND2HBL0DP6,v1.0.1,2025_12_22,314.9852,317.3185,474.9173,297.6992,295.4698,147.8658,149.3709,337.596,335.1844,485.1348,-5.5145,-2.3771,-0.0001,0,-0.2215,1.5556,-0.2213,1.5505,0.6658,154.2646,151.5859,152.0703,154.2861,153.0518,0.865,0.8129,0.8741,0.811,0.811,0.8182,0.7546,0.8212,0.7562,0.7546,0.8239,0.8232,0.8136,0.8091,0.7616,0.7711,0.7407,0.7357,0.7357,0.8462,0.8126,0.8155,0.103,0.103,0.8403,0.7808,0.7984,0.8138,0.7973,0.8468,0.8097,0.8268,0.7808,0,0,0,0,0,v1.0.1,2025_12_22,314.9214,317.1857,475.9562,297.4818,295.1701,146.8163,148.1879,337.7584,335.1857,486.0857,-5.6157,-2.4344,-0.0001,0,-0.2212,1.5549,-0.2222,1.5509,0.6656,162.3203,156.834,165.9238,164.8398,162.4795,0.6958,0.6865,0.7155,0.6891,0.6865,0.6826,0.6492,0.6633,0.6371,0.6371,0.6533,0.6556,0.6654,0.649,0.6433,0.6527,0.5929,0.6198,0.5929,0.6906,0.6648,0.655,0.141,0.141,0.6551,0.6654,0.6699,0.6816,0.6403,0.5985,0.6661,0.6767,0.5985,0,0,0,0,0,v1.0.1,2025_12_22,317.0374,328.6449,441.5948,313.5948,302.5433,196.1181,188.5887,343.0968,331.5043,457.3478,-3.2463,8.2605,0,0.0001,-0.2197,1.5613,-0.2115,1.5583,0.6721,176.5469,176.2578,176.8252,178.0811,176.9277,0.7976,0.6794,0.8056,0.6858,0.6794,0.7605,0.6781,0.7531,0.6353,0.6353,0.761,0.7684,0.7475,0.7381,0.7381,0.7504,0.6782,0.7282,0,0.6782,0,0,0,0,0,v1.0.1,2025_12_22,317.0374,328.6449,442.4298,313.5702,302.4677,195.2419,187.6179,343.1382,331.6696,457.9196,-3.2555,8.203,0,0.0001,-0.2191,1.5615,-0.211,1.5576,0.6722,148.0967,143.125,144.8525,146.043,145.5293,0.6604,0.5903,0.6764,0.6053,0.5903,0.6265,0.5951,0.6306,0.544,0.544,0.6385,0.6273,0.6239,0.6144,0.6144,0.5937,0.554,0.5675,0.3559,0.3559,0,0,0,0,0,0.0002,-0.0709,0.0031,-0.0563,-0.0538,-0.0142,-0.0629,-0.0008,-0.0819,-0.0629,0.0051,0.0068,0.0026,-0.0063,-0.0464,-0.0409,-0.0591,-0.1038,0.001,0.0038,-0.0153,-0.0396,-0.0076,-0.0277,-0.0246,0.0032,-0.0286,-0.0179,-0.0432,-0.0407,-0.0037,0.0041,-0.0029,-0.0172,-0.0166,-0.0125,-0.0421,-0.0191,0.0042,-0.0086,-0.0045,-0.1372,-0.0027,-0.1252,-0.1227,-0.0097,-0.087,-0.0211,-0.1548,-0.1298,-0.0069,0.0059,-0.0043,-0.0136,-0.0012,-0.0208,-0.0008,-0.0902,0.0072,-0.0722,-0.0709,-0.0079,-0.0553,-0.0141,-0.096,-0.0904,-0.0025,-0.0154,-0.0014,-0.0087,-0.0087,0.0024,-0.0259,TRUE,TRUE
DTC_R_46,LanSi,1,CW_01,B,2026-03-30 13:53:13+08:00,ONLINE,FALSE,,CW_1_01,PASS,,,51.6771491,_2026033013531314001,T20260330135313,DESKTOP-P2DUL42,Loma,1,CW_1_01,1,paul di,2024.0718.155524,V20260126.2,CW_DTCL_DTCR_STC,T20260330135404,51.6771491,TRUE,TRUE,TRUE,TRUE,TRUE,TRUE,TRUE,4S2RND2HBL0DP6,v1.0.1,2025_12_22,314.9852,317.3185,474.9549,297.6165,295.4626,147.7959,149.2961,337.7039,335.0709,485.234,-5.5461,-2.3662,-0.0001,0,-0.222,1.5556,-0.2219,1.5512,0.6657,155.4336,153.3477,153.3594,155.1973,154.3345,0.8672,0.801,0.8714,0.8089,0.801,0.8185,0.7574,0.8138,0.762,0.7574,0.781,0.8225,0.8133,0.8208,0.7458,0.7623,0.6958,0.7521,0.6958,0.8501,0.8137,0.8129,0.98,0.8129,0.8436,0.7819,0.7851,0.8155,0.8194,0.8271,0.784,0.8459,0.7819,0,0,0,0,0,v1.0.1,2025_12_22,314.8936,317.3191,476.0438,297.4818,295.2966,146.7448,148.0816,337.8503,335.2535,486.2535,-5.5862,-2.3701,-0.0001,0,-0.222,1.5559,-0.2219,1.5503,0.6656,162.1699,156.0557,164.4424,164.9805,161.9121,0.697,0.6644,0.7144,0.687,0.6644,0.6853,0.6492,0.6673,0.641,0.641,0.6533,0.6524,0.6514,0.6584,0.6347,0.6459,0.5787,0.6303,0.5787,0.6783,0.6689,0.6742,0.3431,0.3431,0.6574,0.6612,0.6448,0.676,0.6568,0.6448,0.6479,0.686,0.6448,0,0,0,0,0,v1.0.1,2025_12_22,317.0374,328.6449,441.6348,313.6261,302.5234,196.0703,188.4959,343.1951,331.4298,457.4386,-3.2757,8.295,0,0.0001,-0.2194,1.5612,-0.2122,1.559,0.6721,176.4004,176.8496,176.9521,177.7646,176.9917,0.7983,0.6694,0.8113,0.692,0.6694,0.7632,0.6499,0.7675,0.6502,0.6499,0.7638,0.7534,0.7424,0.7348,0.7348,0.7413,0.6786,0.7373,0,0.6786,0,0,0,0,0,v1.0.1,2025_12_22,317,328.7925,442.4298,313.5702,302.4228,195.2602,187.5,343.3333,331.4696,458.2522,-3.3356,8.3417,0,0.0001,-0.2203,1.5615,-0.2113,1.559,0.6722,148.2549,142.4619,144.0615,146.0547,145.2083,0.659,0.5817,0.6774,0.5931,0.5817,0.6274,0.5749,0.6349,0.5593,0.5593,0.6295,0.6372,0.6285,0.6222,0.6222,0.5947,0.5528,0.5733,0.429,0.429,0,0,0,0,0,0.0024,-0.0828,0.0004,-0.0584,-0.0638,-0.0139,-0.0601,-0.0082,-0.0761,-0.0601,-0.0378,0.0061,0.0023,0.0054,-0.0622,-0.0497,-0.104,-0.0874,0.0049,0.0012,-0.0141,-0.0617,-0.0087,-0.0298,-0.0467,0.0059,-0.0286,-0.0139,-0.0393,-0.0368,-0.0037,0.0009,-0.0169,-0.0078,-0.0252,-0.0193,-0.0563,-0.0086,-0.0081,0.0106,-0.0038,-0.1472,0.003,-0.119,-0.1327,-0.007,-0.1152,-0.0067,-0.1399,-0.1152,-0.0041,-0.0091,-0.0094,-0.0169,-0.0103,-0.0117,-0.0022,-0.0988,0.0082,-0.0844,-0.0795,-0.007,-0.0755,-0.0098,-0.0807,-0.0751,-0.0115,-0.0055,0.0032,-0.0009,-0.0009,0.0034,-0.0201,TRUE,TRUE
DTC_L_46,LanSi,1,CW_01,B,2026-03-30 13:53:13+08:00,ONLINE,FALSE,,CW_1_01,PASS,,,51.5534797,_2026033013531326302,T20260330135313,DESKTOP-P2DUL42,Loma,1,CW_1_01,2,paul di,2024.0718.155524,V20260126.2,CW_DTCL_DTCR_STC,T20260330135404,51.5534797,TRUE,TRUE,TRUE,TRUE,TRUE,TRUE,TRUE,4S2RND2HBL06DS,v1.0.1,2025_12_22,315.2993,321.635,475.7101,300.587,296.1589,150.1656,149.9211,341.5,334.8058,487.7842,-5.121,0.8343,-0.0001,0,-0.23,1.5591,-0.219,1.5534,0.6659,154.6553,149.9629,148.2988,153.5273,151.6111,0.8244,0.793,0.8458,0.776,0.776,0.7913,0.7635,0.7973,0.7404,0.7404,0.8142,0.8046,0.7957,0.7716,0.7242,0.7269,0.7235,0.7079,0.7079,0.8101,0.212,0.8162,0.7751,0.212,0.8409,0.7737,0.7322,0.8444,0.8077,0.7494,0.7708,0.783,0.7322,0,0,0,0,0,v1.0.1,2025_12_22,315.25,321.6571,476.6761,300.5141,296.1133,149.28,148.7368,341.6513,334.9143,488.8286,-5.1619,0.8862,-0.0001,0,-0.2297,1.5597,-0.219,1.5532,0.666,160.0811,156.3867,162.1504,161.0176,159.9089,0.6842,0.6761,0.6898,0.6888,0.6761,0.6757,0.629,0.6511,0.6547,0.629,0.6485,0.6565,0.6412,0.635,0.6012,0.6262,0.6257,0.6069,0.6012,0.6738,0.4749,0.6777,0.6506,0.4749,0.6559,0.6218,0.6124,0.6882,0.6757,0.6601,0.6757,0.6389,0.6124,0,0,0,0,0,v1.0.1,2025_12_22,313.8318,313.8037,438.9823,299.2124,300.2149,182.6529,185.6417,328.5667,328.0345,444.25,-6.159,-5.8029,-0.0001,-0.0001,-0.2156,1.5668,-0.2141,1.5618,0.6747,176.1846,174.5088,172.7607,175.3721,174.7065,0.7811,0.6831,0.7982,0.6723,0.6723,0.7456,0.6426,0.7582,0.6487,0.6426,0.7733,0.7554,0.7578,0.6854,0.6854,0.729,0,0.7232,0.63,0.63,0,0,0,0,0,v1.0.1,2025_12_22,313.8396,313.8585,439.7876,299.1327,300,181.8974,184.75,328.6083,328,445.1026,-6.2246,-5.7801,-0.0001,-0.0001,-0.2159,1.5658,-0.2133,1.5628,0.6749,147.5527,143.1201,142.0918,144.8506,144.4038,0.6622,0.5903,0.6669,0.5949,0.5903,0.6233,0.544,0.6228,0.5699,0.544,0.6208,0.629,0.6244,0.6019,0.6019,0.5756,0.4883,0.5815,0.5364,0.4883,0,0,0,0,0,-0.0011,-0.07,0.0013,-0.0505,-0.0495,0.0057,-0.0686,-0.0112,-0.0454,-0.0452,-0.0008,-0.0179,-0.0173,0.0009,-0.0983,-0.0872,-0.0786,-0.0428,-0.0272,0.0031,0.0076,-0.0309,-0.0083,-0.0258,-0.0005,0.0211,-0.0498,0.0038,-0.0181,-0.0183,-0.0048,-0.005,-0.0253,-0.0065,-0.0625,-0.0484,-0.0314,-0.0145,0.0004,-0.0109,-0.0121,-0.1421,-0.0059,-0.1258,-0.1209,-0.0081,-0.1454,0.0008,-0.1057,-0.1111,-0.0043,-0.0085,0.0069,-0.0152,-0.0014,-0.0141,0.0046,-0.0858,-0.0158,-0.0812,-0.0673,-0.0086,-0.1113,-0.0099,-0.078,-0.0879,-0.0189,-0.0056,-0.0134,-0.0154,-0.0154,-0.0081,-0.0024,TRUE,TRUE
DTC_R_47,LanSi,1,CW_01,C,2026-03-30 13:55:00+08:00,ONLINE,FALSE,,CW_1_01,PASS,,,51.2286638,_2026033013550079901,T20260330135500,DESKTOP-P2DUL42,Loma,1,CW_1_01,1,paul di,2024.0718.155524,V20260126.2,CW_DTCL_DTCR_STC,T20260330135552,51.2286638,TRUE,TRUE,TRUE,TRUE,TRUE,TRUE,TRUE,4S2RND2HBL0DP6,v1.0.1,2025_12_22,314.9635,316.2409,474.8029,296.2263,295.3288,146.6164,149.245,336.3907,335.1056,483.9577,-5.6108,-3.6136,-0.0001,0,-0.2241,1.555,-0.2205,1.5508,0.6653,153.9248,151.458,151.7236,153.8633,152.7424,0.864,0.8339,0.8781,0.8154,0.8154,0.8087,0.7395,0.8229,0.7621,0.7395,0.8238,0.797,0.809,0.8157,0.7525,0.7348,0.7439,0.6922,0.6922,0.8261,0.8388,0.8158,0.98,0.8158,0.8445,0.7174,0.7715,0.8271,0.8122,0.8491,0.7632,0.8344,0.7174,0,0,0,0,0,v1.0.1,2025_12_22,314.9574,316.156,475.9137,296.1223,295.137,145.7808,148.0667,336.56,335.1857,484.9429,-5.6479,-3.5876,-0.0001,0,-0.2233,1.5545,-0.2211,1.551,0.6653,161.3018,156.292,164.9258,163.7373,161.5642,0.7086,0.7008,0.7211,0.6947,0.6947,0.6761,0.6363,0.6737,0.6461,0.6363,0.6528,0.6437,0.6458,0.6734,0.6298,0.6265,0.6113,0.6161,0.6113,0.6719,0.6885,0.6625,0.1937,0.1937,0.6622,0.6215,0.6598,0.6831,0.6789,0.6061,0.6493,0.6771,0.6061,0,0,0,0,0,v1.0.1,2025_12_22,316.9524,327.6286,441.4298,312.5702,302.5,195,188.3065,341.9597,331.2018,455.9561,-3.4219,7.1229,0,0.0001,-0.2199,1.5617,-0.2104,1.5597,0.6728,176.2256,175.6367,176.3643,177.5078,176.4336,0.8054,0.688,0.812,0.6953,0.688,0.7511,0.6406,0.7711,0.6363,0.6363,0.7599,0.7566,0.7559,0.7245,0.7245,0.7569,0.6675,0.7335,0,0.6675,0,0,0,0,0,v1.0.1,2025_12_22,316.9048,327.7238,442.2072,312.4775,302.3333,194.2602,187.3852,342.2459,331.3628,456.6637,-3.4613,7.1742,0,0.0001,-0.2206,1.5615,-0.2111,1.5586,0.6721,147.2061,142.5322,144.2998,145.0664,144.7761,0.663,0.5958,0.6817,0.5991,0.5958,0.6408,0.5469,0.6448,0.5545,0.5469,0.633,0.6152,0.6462,0.6181,0.6152,0.5933,0.5406,0.5837,0.408,0.408,0,0,0,0,0,-0.0008,-0.0499,0.0071,-0.0519,-0.0494,-0.0237,-0.078,0.0009,-0.076,-0.078,0.005,-0.0194,-0.002,0.0003,-0.0555,-0.0772,-0.0559,-0.1473,-0.0191,0.0041,-0.0025,-0.0253,-0.002,-0.0221,-0.0164,-0.0033,-0.0415,-0.0075,-0.0342,-0.0415,-0.0042,-0.0078,-0.0225,0.0072,-0.0301,-0.0387,-0.0237,-0.0228,-0.0145,-0.0011,0.0033,-0.1286,0.0037,-0.1157,-0.1141,-0.0191,-0.1245,-0.0031,-0.1538,-0.1288,-0.008,-0.0059,0.0041,-0.0272,0.0053,-0.0155,0.0018,-0.0847,0.0125,-0.0784,-0.0654,0.0064,-0.1035,0.0001,-0.0855,-0.0875,-0.008,-0.0275,0.0209,-0.005,-0.0079,0.002,-0.0097,TRUE,TRUE
DTC_L_47,LanSi,1,CW_01,C,2026-03-30 13:55:00+08:00,ONLINE,FALSE,,CW_1_01,PASS,,,51.3682901,_2026033013550067102,T20260330135500,DESKTOP-P2DUL42,Loma,1,CW_1_01,2,paul di,2024.0718.155524,V20260126.2,CW_DTCL_DTCR_STC,T20260330135552,51.3682901,TRUE,TRUE,TRUE,TRUE,TRUE,TRUE,TRUE,4S2RND2HBL06DS,v1.0.1,2025_12_22,314.1739,323.3333,474.5,303,294.9054,152.1419,148.245,343.3907,333.4179,490.0373,-6.4515,2.8807,-0.0001,0,-0.2256,1.5582,-0.2198,1.5554,0.667,154.4365,150.6289,148.5635,153.8154,151.8611,0.8189,0.7983,0.8528,0.7811,0.7811,0.7894,0.7592,0.8036,0.7562,0.7562,0.8148,0.8189,0.8226,0.7689,0.7407,0.7306,0.7517,0.7236,0.7236,0.8191,0.98,0.8332,0.8139,0.8139,0.8333,0.7459,0.7534,0.829,0.8363,0.8152,0.7906,0.7723,0.7459,0,0,0,0,0,v1.0.1,2025_12_22,314.1655,323.3813,475.6691,302.9265,294.8553,151.3224,147.0855,343.4803,333.708,491,-6.4033,2.9221,-0.0001,0,-0.2255,1.5585,-0.2192,1.5542,0.667,160.8652,156.2139,162.0879,161.8857,160.2632,0.6909,0.6855,0.6981,0.6919,0.6855,0.6649,0.6346,0.6558,0.6551,0.6346,0.6479,0.6549,0.6569,0.6292,0.6293,0.6325,0.6342,0.6235,0.6235,0.6777,0.388,0.6853,0.6843,0.388,0.6519,0.6205,0.6153,0.686,0.6781,0.6798,0.655,0.6345,0.6153,0,0,0,0,0,v1.0.1,2025_12_22,312.8491,315.5943,437.7168,301.4513,298.8083,184.75,184.395,330.395,327,446.1026,-7.3462,-3.8414,-0.0001,0,-0.2123,1.5634,-0.2142,1.5623,0.6748,174.708,173.9482,171.8955,174.1719,173.6809,0.7923,0.6884,0.8159,0.6644,0.6644,0.7486,0.6549,0.7528,0.6636,0.6549,0.7806,0.7588,0.7557,0.706,0.706,0.7366,0,0.7309,0.7203,0.7203,0,0,0,0,0,v1.0.1,2025_12_22,312.6944,315.537,438.5929,301.292,298.7647,183.8403,183.5167,330.4167,327,446.8974,-7.3863,-3.9033,-0.0001,0,-0.2122,1.5649,-0.2142,1.5618,0.6751,148.0566,142.8369,142.1055,145.792,144.6978,0.6611,0.5882,0.6737,0.589,0.5882,0.62,0.5739,0.6163,0.5816,0.5739,0.6401,0.6227,0.6406,0.6141,0.6141,0.5944,0.4923,0.5894,0.5706,0.4923,0,0,0,0,0,-0.0066,-0.0647,0.0083,-0.0454,-0.0444,0.0038,-0.0729,-0.0049,-0.0296,-0.0294,-0.0002,-0.0036,0.0096,-0.0018,-0.0818,-0.0835,-0.0504,-0.0271,-0.0182,0.0201,0.0143,-0.0215,0,-0.0227,0.0089,0.0103,-0.0442,0.0085,-0.0177,-0.0127,-0.0054,-0.0066,-0.0096,-0.0123,-0.0344,-0.0421,-0.0229,0.0021,0.0043,-0.0033,-0.0009,-0.1368,0.0118,-0.1337,-0.1288,-0.0051,-0.1331,-0.0046,-0.0908,-0.0988,0.003,-0.0051,0.0048,0.0054,0.0062,-0.0064,0.0035,-0.0879,-0.009,-0.0871,-0.0694,-0.0119,-0.0814,-0.0164,-0.0663,-0.058,0.0004,-0.0119,0.0028,-0.0032,-0.0032,0.0107,0.0055,TRUE,TRUE
DTC_L_48,LanSi,1,CW_01,A,2026-03-30 13:56:31+08:00,ONLINE,FALSE,,CW_1_01,PASS,,,51.4357112,_2026033013563100102,T20260330135631,DESKTOP-P2DUL42,Loma,1,CW_1_01,2,paul di,2024.0718.155524,V20260126.2,CW_DTCL_DTCR_STC,T20260330135722,51.4357112,TRUE,TRUE,TRUE,TRUE,TRUE,TRUE,TRUE,4S2RND2HBL06DS,v1.0.1,2025_12_22,313.8261,323.3333,473.8897,302.8309,294.4868,151.5461,147.6184,343.5,333.15,490.5214,-6.9058,2.8463,-0.0001,0,-0.2269,1.5582,-0.2202,1.5552,0.6666,153.9336,150.1357,148.0127,152.9121,151.2485,0.8308,0.8075,0.8538,0.7905,0.7905,0.7829,0.7316,0.8065,0.7552,0.7316,0.818,0.8139,0.8103,0.7728,0.7471,0.7145,0.7629,0.7048,0.7048,0.8151,0.4792,0.8313,0.8125,0.4792,0.8269,0.7778,0.785,0.8431,0.8298,0.8241,0.7946,0.7723,0.7723,0,0,0,0,0,v1.0.1,2025_12_22,313.7914,323.3669,474.9348,302.7971,294.2517,150.5298,146.543,343.6026,333.2238,491.5455,-6.9511,2.8684,-0.0001,0,-0.2264,1.5577,-0.2199,1.5552,0.6667,160.3516,156.6152,162.4883,161.3086,160.1909,0.6775,0.6815,0.7022,0.6989,0.6775,0.661,0.623,0.661,0.6523,0.623,0.655,0.6448,0.6605,0.6393,0.633,0.6288,0.637,0.6124,0.6124,0.6766,0.4816,0.6812,0.6985,0.4816,0.6482,0.6602,0.6341,0.66,0.6689,0.6732,0.6624,0.6375,0.6341,0,0,0,0,0,v1.0.1,2025_12_22,312.1963,315.6262,437.3304,301.2946,298.3902,184.187,183.7623,330.4672,326.4957,446.5556,-7.865,-3.8739,-0.0001,0,-0.2135,1.5656,-0.2145,1.5615,0.6748,175.7275,174.916,172.7373,175.1855,174.6416,0.7855,0.6736,0.8049,0.664,0.664,0.7393,0.6308,0.758,0.6675,0.6308,0.7637,0.7563,0.77,0.689,0.689,0.7292,0,0.7336,0.7233,0.7233,0,0,0,0,0,v1.0.1,2025_12_22,312.3056,315.5278,438.2883,301.1532,298.4492,183.4237,183,330.5,326.5508,447.4237,-7.7812,-3.8943,-0.0001,0,-0.2131,1.5658,-0.2148,1.5627,0.6752,147.5957,143.2275,142.6406,145.2705,144.6836,0.6606,0.5713,0.6821,0.5912,0.5713,0.6189,0.54,0.6316,0.5746,0.54,0.6428,0.6368,0.6317,0.6179,0.6179,0.5912,0.5363,0.5842,0.573,0.5363,0,0,0,0,0,0.0053,-0.0555,0.0093,-0.036,-0.035,-0.0027,-0.1005,-0.002,-0.0306,-0.054,0.003,-0.0086,-0.0027,0.0021,-0.0754,-0.0996,-0.0392,-0.0459,-0.0222,0.0182,0.0009,-0.0255,0.0041,-0.0157,0.0009,0.0064,-0.0558,0.0137,-0.0205,-0.0243,0.0017,-0.0167,-0.006,-0.0022,-0.0307,-0.0458,-0.0201,-0.009,0.0032,-0.0074,-0.0077,-0.1516,0.0008,-0.1341,-0.1292,-0.0144,-0.1572,0.0006,-0.0869,-0.1229,-0.0139,-0.0076,0.0191,-0.0116,-0.0012,-0.0037,0.003,-0.1048,-0.0006,-0.0849,-0.0863,-0.013,-0.1153,-0.0011,-0.0733,-0.0919,0.0031,0.0022,-0.0061,0.0006,0.0006,0.0075,0.0003,TRUE,TRUE
DTC_R_48,LanSi,1,CW_01,A,2026-03-30 13:56:30+08:00,ONLINE,FALSE,,CW_1_01,PASS,,,51.5569535,_2026033013563088401,T20260330135630,DESKTOP-P2DUL42,Loma,1,CW_1_01,1,paul di,2024.0718.155524,V20260126.2,CW_DTCL_DTCR_STC,T20260330135722,51.5569535,TRUE,TRUE,TRUE,TRUE,TRUE,TRUE,TRUE,4S2RND2HBL0DP6,v1.0.1,2025_12_22,315.2868,317.4118,475.6765,297.9632,295.8759,148.9172,149.5,337.5,335.9195,486,-5.0483,-1.9416,-0.0001,0,-0.2202,1.5556,-0.2201,1.5485,0.666,154.6533,152.6006,152.7471,154.8418,153.7107,0.8549,0.7864,0.8621,0.7692,0.7692,0.8141,0.7278,0.8301,0.7675,0.7278,0.8126,0.7853,0.8164,0.8119,0.7071,0.7022,0.7901,0.756,0.7022,0.8362,0.791,0.8075,0.4763,0.4763,0.8398,0.7404,0.758,0.8265,0.8154,0.98,0.8509,0.8395,0.7404,0,0,0,0,0,v1.0.1,2025_12_22,315.3669,317.3813,476.781,297.8759,295.8562,147.8767,148.3133,337.6333,336.0405,487.0203,-5.0284,-1.9425,-0.0001,0,-0.2197,1.5557,-0.2201,1.549,0.6662,160.7148,155.7432,164.0166,163.4883,160.9907,0.6943,0.6564,0.7078,0.664,0.6564,0.6817,0.6104,0.6795,0.6543,0.6104,0.6387,0.6216,0.6476,0.6619,0.6162,0.6323,0.6322,0.6238,0.6162,0.6675,0.6421,0.6661,0.0649,0.0649,0.6416,0.6326,0.6487,0.6799,0.6284,0.3613,0.6452,0.6712,0.3613,0,0,0,0,0,v1.0.1,2025_12_22,317.5046,328.7523,442.2946,313.9107,303,197,188.6829,342.9106,332.0172,456.9483,-2.8001,8.4044,0,0.0001,-0.2179,1.5606,-0.209,1.5576,0.6728,175.6787,175.9541,176.4814,177.2402,176.3386,0.7899,0.6194,0.7977,0.6243,0.6194,0.7604,0.5982,0.7808,0.6476,0.5982,0.7479,0.7557,0.7496,0.7533,0.7479,0.7401,0.6113,0.7218,0,0.6113,0,0,0,0,0,v1.0.1,2025_12_22,317.5,328.8868,443.0273,313.9,302.8065,196.0887,187.8607,343.1311,332,457.8974,-2.8611,8.4808,0,0.0001,-0.2183,1.5601,-0.2089,1.5584,0.6728,147.0527,141.7236,143.498,144.9502,144.3062,0.6514,0.5515,0.6744,0.5543,0.5515,0.6407,0.5285,0.6434,0.5574,0.5285,0.6104,0.5996,0.6443,0.6349,0.5996,0.6,0.5078,0.5959,0.0796,0.0796,0,0,0,0,0,-0.0099,-0.0974,-0.0089,-0.0981,-0.0956,-0.0183,-0.0897,0.0081,-0.0706,-0.0897,-0.0062,-0.0311,0.0054,-0.0035,-0.1009,-0.1098,-0.0097,-0.0835,-0.009,-0.0042,-0.0168,-0.0697,-0.0153,-0.0528,-0.0547,0.0023,-0.0674,-0.0017,-0.026,-0.0674,-0.0183,-0.0299,-0.0207,-0.0043,-0.0437,-0.0329,-0.0028,-0.0151,-0.0189,0.0025,-0.0122,-0.1972,-0.0106,-0.1867,-0.1827,-0.0098,-0.1669,0.0066,-0.1425,-0.1669,-0.02,-0.0068,-0.0022,0.0016,-0.0115,-0.0272,-0.0098,-0.129,0.0052,-0.1232,-0.1097,0.0063,-0.1219,-0.0013,-0.0826,-0.1059,-0.0306,-0.0431,0.019,0.0118,-0.0235,0.0087,0.0025,TRUE,TRUE
DTC_L_49,LanSi,1,CW_01,B,2026-03-30 13:58:01+08:00,ONLINE,FALSE,,CW_1_01,PASS,,,51.7349726,_2026033013580150602,T20260330135801,DESKTOP-P2DUL42,Loma,1,CW_1_01,2,paul di,2024.0718.155524,V20260126.2,CW_DTCL_DTCR_STC,T20260330135853,51.7349726,TRUE,TRUE,TRUE,TRUE,TRUE,TRUE,TRUE,4S2RND2HBL06DS,v1.0.1,2025_12_22,315.3556,322,475.7185,300.9852,296.2185,150.4172,149.966,342.0816,334.7554,488.5755,-5.0972,1.3119,-0.0001,0,-0.2298,1.5592,-0.2203,1.5543,0.6659,154.4883,150.3047,148.7197,153.7012,151.8035,0.828,0.8044,0.8387,0.7881,0.7881,0.7763,0.7494,0.7921,0.7423,0.7423,0.8062,0.8011,0.8086,0.778,0.7183,0.7318,0.7388,0.6985,0.6985,0.8233,0.5015,0.8293,0.776,0.5015,0.8457,0.7772,0.7525,0.8429,0.8219,0.7543,0.7732,0.7667,0.7525,0,0,0,0,0,v1.0.1,2025_12_22,315.2536,322.029,476.7842,300.8777,296.098,149.4575,148.7039,342.2961,334.8345,489.6187,-5.1651,1.3558,-0.0001,0,-0.2297,1.5597,-0.2206,1.554,0.6659,160.7402,156.9619,162.918,161.8936,160.6284,0.6902,0.6761,0.7032,0.6994,0.6761,0.6684,0.6358,0.6624,0.6536,0.6358,0.652,0.6583,0.6486,0.6286,0.6077,0.6219,0.6206,0.6032,0.6032,0.6843,0.4646,0.6708,0.6618,0.4646,0.6493,0.6491,0.6252,0.6683,0.6685,0.6549,0.6567,0.6301,0.6252,0,0,0,0,0,v1.0.1,2025_12_22,313.8491,314.4057,438.9911,299.7411,300.1148,183,185.6557,329.1721,327.9831,445.0508,-6.1813,-5.2261,-0.0001,-0.0001,-0.2161,1.5661,-0.2142,1.5625,0.6746,175.9717,174.6318,172.9248,175.5186,174.7617,0.7939,0.6941,0.807,0.6835,0.6835,0.7377,0.6441,0.7505,0.6495,0.6441,0.7668,0.7508,0.7572,0.6794,0.6794,0.7283,0,0.7275,0.6481,0.6481,0,0,0,0,0,v1.0.1,2025_12_22,313.8692,314.2991,439.6783,299.5304,300,182.1026,184.6612,329.2231,328,445.8974,-6.2583,-5.2895,-0.0001,-0.0001,-0.2163,1.5657,-0.2145,1.5633,0.6746,148.2725,143.4521,142.8516,145.7529,145.0823,0.6639,0.5788,0.6867,0.6168,0.5788,0.6297,0.5607,0.6312,0.5691,0.5607,0.6288,0.6372,0.6298,0.6105,0.6105,0.5872,0.5449,0.567,0.547,0.5449,0,0,0,0,0,0.0025,-0.0586,-0.0058,-0.0384,-0.0374,-0.0093,-0.0827,-0.0164,-0.0435,-0.0433,-0.0088,-0.0214,-0.0044,0.0073,-0.1042,-0.0823,-0.0633,-0.0522,-0.014,0.0162,0.0136,-0.0309,0.0051,-0.0152,-0.0005,0.0138,-0.043,0.0151,-0.0192,-0.0115,-0.0013,-0.0032,-0.0179,-0.0129,-0.056,-0.0527,-0.0365,-0.0182,0.0109,-0.0178,0.0007,-0.1311,0.0029,-0.1146,-0.1097,-0.016,-0.1439,-0.0069,-0.1049,-0.1096,-0.0108,-0.0131,0.0063,-0.0212,-0.0021,-0.0098,0.0063,-0.0973,0.004,-0.0593,-0.0788,-0.0022,-0.0946,-0.0015,-0.0788,-0.0712,-0.0109,0.0026,-0.008,-0.0068,-0.0068,0.0035,-0.0169,TRUE,TRUE
DTC_R_49,LanSi,1,CW_01,B,2026-03-30 13:58:01+08:00,ONLINE,FALSE,,CW_1_01,PASS,,,51.9922853,_2026033013580126201,T20260330135801,DESKTOP-P2DUL42,Loma,1,CW_1_01,1,paul di,2024.0718.155524,V20260126.2,CW_DTCL_DTCR_STC,T20260330135853,51.9922853,TRUE,TRUE,TRUE,TRUE,TRUE,TRUE,TRUE,4S2RND2HBL0DP6,v1.0.1,2025_12_22,315.0882,316.5,474.7914,296.3669,295.4698,147.3557,149.2632,336.6513,335.0634,484.1127,-5.5648,-3.3027,-0.0001,0,-0.2249,1.5548,-0.2204,1.5517,0.6653,155.4023,152.9229,153.0146,155.3564,154.1741,0.8663,0.8312,0.8722,0.8316,0.8312,0.8094,0.7426,0.8122,0.7471,0.7426,0.8145,0.8099,0.8163,0.826,0.7621,0.7319,0.7362,0.7035,0.7035,0.8325,0.8021,0.8141,0.98,0.8021,0.8475,0.7639,0.7782,0.826,0.8273,0.8305,0.7056,0.8452,0.7056,0,0,0,0,0,v1.0.1,2025_12_22,314.95,316.4214,475.8478,296.2391,295.2384,146.2914,148.0753,336.8973,335.2183,485.169,-5.634,-3.2964,-0.0001,0,-0.2243,1.5549,-0.2216,1.5507,0.665,161.7197,156.5908,165.0479,164.6699,162.0071,0.71,0.6876,0.7193,0.6954,0.6876,0.6657,0.6331,0.6805,0.6229,0.6229,0.6617,0.6435,0.6501,0.6584,0.6343,0.6257,0.6252,0.6136,0.6136,0.6941,0.6532,0.6599,0.1224,0.1224,0.6588,0.6541,0.6456,0.669,0.6632,0.6109,0.6178,0.6769,0.6109,0,0,0,0,0,v1.0.1,2025_12_22,317.0755,327.8679,441.4298,312.5702,302.6434,195.2868,188.4711,342.2893,331.4513,456.3894,-3.2858,7.3807,0,0.0001,-0.2219,1.5619,-0.2112,1.5589,0.6719,176.291,175.9893,176.624,177.4678,176.593,0.8016,0.7007,0.805,0.6985,0.6985,0.7514,0.6434,0.7673,0.6066,0.6066,0.7637,0.7577,0.7437,0.7389,0.7389,0.7465,0.6761,0.7314,0,0.6761,0,0,0,0,0,v1.0.1,2025_12_22,317.1226,327.9528,442.2957,312.5739,302.5772,194.7398,187.5,342.5,331.5,457,-3.3009,7.4533,0,0.0001,-0.2217,1.5615,-0.2112,1.5593,0.672,147.9404,142.7334,144.6338,145.8301,145.2844,0.6582,0.5941,0.6734,0.6052,0.5941,0.6418,0.5562,0.6475,0.5515,0.5515,0.6226,0.6164,0.6316,0.6236,0.6164,0.6059,0.5501,0.5778,0.3678,0.3678,0,0,0,0,0,0.0015,-0.0526,0.0012,-0.0357,-0.0336,-0.023,-0.0749,-0.0098,-0.091,-0.0749,-0.0043,-0.0065,0.0053,0.0106,-0.0459,-0.0801,-0.0636,-0.136,-0.0127,0.0024,-0.0011,-0.0385,-0.0038,-0.0214,-0.0235,-0.0137,-0.0447,-0.0007,-0.0574,-0.0549,0.0047,-0.008,-0.0182,-0.0078,-0.0256,-0.0395,-0.0098,-0.0253,0.0077,-0.0037,-0.0005,-0.1159,-0.0033,-0.1125,-0.1036,-0.0188,-0.1217,-0.0069,-0.1835,-0.1585,-0.0042,-0.0048,-0.0081,-0.0128,-0.0051,-0.0176,-0.003,-0.0864,0.0042,-0.0723,-0.0671,0.0074,-0.0942,0.0028,-0.0885,-0.0829,-0.0184,-0.0263,0.0063,0.0005,-0.0067,0.0146,-0.0156,TRUE,TRUE
DTC_R_50,LanSi,1,CW_01,C,2026-03-30 13:59:45+08:00,ONLINE,FALSE,,CW_1_01,PASS,,,57.2841079,_2026033013594525101,T20260330135945,DESKTOP-P2DUL42,Loma,1,CW_1_01,1,paul di,2024.0718.155524,V20260126.2,CW_DTCL_DTCR_STC,T20260330140042,57.2841079,TRUE,TRUE,TRUE,TRUE,TRUE,TRUE,TRUE,4S0RND2HBL0DP6,v1.0.1,2025_12_22,314.9489,316.3869,474.8261,296.3333,295.2635,147.0203,149.1242,336.4967,335.0839,484,-5.6507,-3.4526,-0.0001,0,-0.2243,1.5546,-0.2202,1.5507,0.6652,154.0498,151.5469,151.6875,154.0586,152.8357,0.8623,0.8403,0.8657,0.8133,0.8133,0.8222,0.7334,0.8201,0.7185,0.7185,0.8258,0.8038,0.8079,0.811,0.7593,0.7202,0.7502,0.7048,0.7048,0.8386,0.7923,0.812,0.3691,0.3691,0.843,0.7686,0.7858,0.8223,0.8205,0.806,0.7285,0.8401,0.7285,0,0,0,0,0,v1.0.1,2025_12_22,314.9137,316.3094,475.8714,296.25,295.1224,146.0816,147.9732,336.5369,335.1714,484.9857,-5.6896,-3.4673,-0.0001,0,-0.2235,1.5545,-0.2201,1.5508,0.6654,162.2148,157.1885,165.6875,164.8711,162.4905,0.7082,0.6988,0.7129,0.6942,0.6942,0.688,0.6204,0.6736,0.6283,0.6204,0.6556,0.6644,0.6547,0.6589,0.6279,0.6269,0.6133,0.5849,0.5849,0.681,0.6609,0.6648,0.125,0.125,0.6574,0.65,0.6566,0.6851,0.6603,0.5638,0.6121,0.6832,0.5638,0,0,0,0,0,v1.0.1,2025_12_22,317.1143,327.8286,441.4298,312.5702,302.5433,195.1181,188.4435,342.0726,331.3186,456.0619,-3.3301,7.2303,0,0.0001,-0.2216,1.5609,-0.2097,1.56,0.6724,176.5791,176.0527,176.4775,177.7432,176.7131,0.8039,0.7096,0.8144,0.6996,0.6996,0.7574,0.6344,0.7723,0.5856,0.5856,0.7558,0.7525,0.753,0.7335,0.7335,0.7424,0.6818,0.7328,0,0.6818,0,0,0,0,0,v1.0.1,2025_12_22,317.0755,327.8679,442.4298,312.5702,302.5041,194.4472,187.4262,342.2623,331.5487,456.6106,-3.3031,7.2516,0,0.0001,-0.2209,1.5615,-0.2101,1.5583,0.6722,148.1494,143.0439,144.6973,146.0635,145.4885,0.6605,0.6081,0.6825,0.6034,0.6034,0.6359,0.5705,0.6487,0.5271,0.5271,0.6361,0.6137,0.6251,0.6228,0.6137,0.5854,0.5583,0.5798,0.3509,0.3509,0,0,0,0,0,-0.0025,-0.0435,-0.0053,-0.054,-0.0515,-0.0102,-0.0841,-0.0019,-0.1196,-0.099,0.007,-0.0126,-0.0031,-0.0044,-0.0487,-0.0918,-0.0496,-0.1347,-0.0066,0.0003,-0.0029,-0.0273,-0.0102,-0.0226,-0.0169,0.0086,-0.0574,-0.0076,-0.052,-0.0574,-0.0014,0.0129,-0.0136,-0.0073,-0.032,-0.0383,-0.0217,-0.054,-0.0054,0.0012,0.0018,-0.107,0.0061,-0.1114,-0.1025,-0.0128,-0.1307,-0.0019,-0.2045,-0.1795,-0.0121,-0.01,0.0012,-0.0182,-0.0092,-0.0162,-0.0007,-0.0724,0.0133,-0.0741,-0.0578,0.0015,-0.0799,0.004,-0.1129,-0.1073,-0.0049,-0.029,-0.0002,-0.0003,-0.0094,-0.0059,-0.0136,TRUE,TRUE
DTC_L_50,LanSi,1,CW_01,C,2026-03-30 13:59:45+08:00,ONLINE,FALSE,,CW_1_01,PASS,,,57.1484712,_2026033013594538602,T20260330135945,DESKTOP-P2DUL42,Loma,1,CW_1_01,2,paul di,2024.0718.155524,V20260126.2,CW_DTCL_DTCR_STC,T20260330140042,57.1484712,TRUE,TRUE,TRUE,TRUE,TRUE,TRUE,TRUE,4S2RND2HBL06DS,v1.0.1,2025_12_22,314.1022,322.4526,474.854,302.0219,294.86,151.56,148.277,342.2027,333.6934,488.8832,-6.3427,1.9241,-0.0001,0,-0.2259,1.5582,-0.218,1.5531,0.6668,153.3633,149.5254,147.8965,152.8096,150.8987,0.8296,0.7722,0.8401,0.7799,0.7722,0.779,0.7433,0.8022,0.7537,0.7433,0.8111,0.8123,0.8107,0.7715,0.7257,0.7211,0.7706,0.6938,0.6938,0.8214,0.98,0.8169,0.8297,0.8169,0.8308,0.7842,0.7243,0.8418,0.8204,0.8141,0.8121,0.7775,0.7243,0,0,0,0,0,v1.0.1,2025_12_22,314.227,322.4539,476,301.9137,294.6513,150.5658,147.2067,342.3,333.8143,489.9143,-6.3202,1.9295,-0.0001,0,-0.2258,1.5569,-0.2178,1.5538,0.6668,160.2363,155.8506,161.8213,161.2207,159.7822,0.6854,0.6737,0.6889,0.683,0.6737,0.6557,0.6305,0.6519,0.6497,0.6305,0.6447,0.6608,0.6649,0.6387,0.6212,0.6288,0.6397,0.591,0.591,0.682,0.2782,0.6729,0.6949,0.2782,0.6599,0.6457,0.5841,0.6772,0.6696,0.6815,0.6746,0.6289,0.5841,0,0,0,0,0,v1.0.1,2025_12_22,312.9135,314.7788,438.2261,300.5391,298.9831,184.0508,184.4538,329.3109,327,445.1026,-7.1847,-4.7435,-0.0001,0,-0.2126,1.5641,-0.2121,1.5626,0.6755,174.5967,173.9326,171.8555,174.3193,173.676,0.7942,0.6618,0.8015,0.6706,0.6618,0.7383,0.6325,0.7491,0.6592,0.6325,0.7763,0.7576,0.7605,0.708,0.708,0.7243,0,0.7352,0.714,0.714,0,0,0,0,0,v1.0.1,2025_12_22,312.8972,314.6168,438.8929,300.2589,298.7731,183.3025,183.5378,329.3697,327,445.8974,-7.2798,-4.8109,-0.0001,0,-0.2129,1.5631,-0.213,1.5633,0.6751,147.3115,142.3945,141.7275,145.0918,144.1313,0.6681,0.5625,0.6568,0.5865,0.5625,0.633,0.5418,0.6254,0.5741,0.5418,0.635,0.6234,0.6329,0.6135,0.6135,0.5726,0.4644,0.5989,0.5693,0.4644,0,0,0,0,0,0.0041,-0.0908,-0.0044,-0.0466,-0.0533,-0.0066,-0.0888,-0.0063,-0.0321,-0.0423,-0.0039,-0.0102,-0.0023,0.0008,-0.0968,-0.093,-0.0315,-0.0569,-0.0159,0.0038,0.0088,-0.0333,-0.0092,-0.0316,-0.0029,0.0011,-0.0483,0.0046,-0.0231,-0.0168,-0.0086,-0.0007,-0.0016,-0.0028,-0.0425,-0.0458,-0.0174,-0.0304,0.0086,-0.0157,0.001,-0.1634,-0.0026,-0.1275,-0.1314,-0.0154,-0.1555,-0.0083,-0.0952,-0.1212,-0.0013,-0.0063,0.0096,0.0074,-0.0061,-0.0021,0.0105,-0.1136,-0.0259,-0.0896,-0.0951,0.0011,-0.1135,-0.0073,-0.0738,-0.0901,-0.0047,-0.0112,-0.0049,-0.0038,-0.0038,-0.0111,0.015,TRUE,TRUE
