SerialNumber,CM,Line_ID,TesterName,Appraiser,Time,Test_Mode,Audit_Mode,CONFIG_VER,TestStation,TestResult,TestFailItem,ErrorCode,TestTotalTime,TSRID,Test_StartTime,PCName,Product_Name,LineID,Tester_Name,SlotID,Author,Version,Version_SW,Version_Api,Test_EndTime,TestTotalSeconds,CheckMES,CloseDoor,OpenDTC,Move_SFR,Captrue_SFR,Move_SubSFR,Captrue_SubSFR,CameraSN,sfr_25sfr_version,sfr_25modify_date,SFR_VIS_25cm_P0x,SFR_VIS_25cm_P0y,SFR_VIS_25cm_P1x,SFR_VIS_25cm_P1y,SFR_VIS_25cm_P2x,SFR_VIS_25cm_P2y,SFR_VIS_25cm_P3x,SFR_VIS_25cm_P3y,SFR_VIS_25cm_P4x,SFR_VIS_25cm_P4y,SFR_VIS_25cm_Pointing_OC_X,SFR_VIS_25cm_Pointing_OC_Y,SFR_VIS_25cm_Pan,SFR_VIS_25cm_Tilt,SFR_VIS_25cm_Rotation_P1,SFR_VIS_25cm_Rotation_P2,SFR_VIS_25cm_Rotation_P3,SFR_VIS_25cm_Rotation_P4,SFR_VIS_25cm_Rotation_Mean,SFR_VIS_25cm_Brightness_A,SFR_VIS_25cm_Brightness_B,SFR_VIS_25cm_Brightness_C,SFR_VIS_25cm_Brightness_D,SFR_VIS_25cm_Brightness_Mean,SFR_VIS_25cm_Ny4_01F_ROI1,SFR_VIS_25cm_Ny4_01F_ROI2,SFR_VIS_25cm_Ny4_01F_ROI3,SFR_VIS_25cm_Ny4_01F_ROI4,SFR_VIS_25cm_Ny4_01F_Min,SFR_VIS_25cm_Ny4_03F_ROI5,SFR_VIS_25cm_Ny4_03F_ROI6,SFR_VIS_25cm_Ny4_03F_ROI7,SFR_VIS_25cm_Ny4_03F_ROI8,SFR_VIS_25cm_Ny4_03F_Min,SFR_VIS_25cm_Ny4_06F_ROI9,SFR_VIS_25cm_Ny4_06F_ROI10,SFR_VIS_25cm_Ny4_06F_ROI11,SFR_VIS_25cm_Ny4_06F_ROI12,SFR_VIS_25cm_Ny4_06F_ROI13,SFR_VIS_25cm_Ny4_06F_ROI14,SFR_VIS_25cm_Ny4_06F_ROI15,SFR_VIS_25cm_Ny4_06F_ROI16,SFR_VIS_25cm_Ny4_06F_Min,SFR_VIS_25cm_Ny4_08F_ROI17,SFR_VIS_25cm_Ny4_08F_ROI18,SFR_VIS_25cm_Ny4_08F_ROI19,SFR_VIS_25cm_Ny4_08F_ROI20,SFR_VIS_25cm_Ny4_08FTANF_Min,SFR_VIS_25cm_Ny4_08F_ROI21,SFR_VIS_25cm_Ny4_08F_ROI22,SFR_VIS_25cm_Ny4_08F_ROI23,SFR_VIS_25cm_Ny4_08F_ROI24,SFR_VIS_25cm_Ny4_08F_ROI25,SFR_VIS_25cm_Ny4_08F_ROI26,SFR_VIS_25cm_Ny4_08F_ROI27,SFR_VIS_25cm_Ny4_08F_ROI28,SFR_VIS_25cm_Ny4_08F_Min,SFR_VIS_25cm_Ny4_010F_ROI29,SFR_VIS_25cm_Ny4_010F_ROI30,SFR_VIS_25cm_Ny4_010F_ROI31,SFR_VIS_25cm_Ny4_010F_ROI32,SFR_VIS_25cm_Ny4_010F_Min,IR_sfr_25sfr_version,IR_sfr_25modify_date,IR_SFR_VIS_25cm_P0x,IR_SFR_VIS_25cm_P0y,IR_SFR_VIS_25cm_P1x,IR_SFR_VIS_25cm_P1y,IR_SFR_VIS_25cm_P2x,IR_SFR_VIS_25cm_P2y,IR_SFR_VIS_25cm_P3x,IR_SFR_VIS_25cm_P3y,IR_SFR_VIS_25cm_P4x,IR_SFR_VIS_25cm_P4y,IR_SFR_VIS_25cm_Pointing_OC_X,IR_SFR_VIS_25cm_Pointing_OC_Y,IR_SFR_VIS_25cm_Pan,IR_SFR_VIS_25cm_Tilt,IR_SFR_VIS_25cm_Rotation_P1,IR_SFR_VIS_25cm_Rotation_P2,IR_SFR_VIS_25cm_Rotation_P3,IR_SFR_VIS_25cm_Rotation_P4,IR_SFR_VIS_25cm_Rotation_Mean,IR_SFR_VIS_25cm_Brightness_A,IR_SFR_VIS_25cm_Brightness_B,IR_SFR_VIS_25cm_Brightness_C,IR_SFR_VIS_25cm_Brightness_D,IR_SFR_VIS_25cm_Brightness_Mean,IR_SFR_VIS_25cm_Ny4_01F_ROI1,IR_SFR_VIS_25cm_Ny4_01F_ROI2,IR_SFR_VIS_25cm_Ny4_01F_ROI3,IR_SFR_VIS_25cm_Ny4_01F_ROI4,IR_SFR_VIS_25cm_Ny4_01F_Min,IR_SFR_VIS_25cm_Ny4_03F_ROI5,IR_SFR_VIS_25cm_Ny4_03F_ROI6,IR_SFR_VIS_25cm_Ny4_03F_ROI7,IR_SFR_VIS_25cm_Ny4_03F_ROI8,IR_SFR_VIS_25cm_Ny4_03F_Min,IR_SFR_VIS_25cm_Ny4_06F_ROI9,IR_SFR_VIS_25cm_Ny4_06F_ROI10,IR_SFR_VIS_25cm_Ny4_06F_ROI11,IR_SFR_VIS_25cm_Ny4_06F_ROI12,IR_SFR_VIS_25cm_Ny4_06F_ROI13,IR_SFR_VIS_25cm_Ny4_06F_ROI14,IR_SFR_VIS_25cm_Ny4_06F_ROI15,IR_SFR_VIS_25cm_Ny4_06F_ROI16,IR_SFR_VIS_25cm_Ny4_06F_Min,IR_SFR_VIS_25cm_Ny4_08F_ROI17,IR_SFR_VIS_25cm_Ny4_08F_ROI18,IR_SFR_VIS_25cm_Ny4_08F_ROI19,IR_SFR_VIS_25cm_Ny4_08F_ROI20,IR_SFR_VIS_25cm_Ny4_08FTANF_Min,IR_SFR_VIS_25cm_Ny4_08F_ROI21,IR_SFR_VIS_25cm_Ny4_08F_ROI22,IR_SFR_VIS_25cm_Ny4_08F_ROI23,IR_SFR_VIS_25cm_Ny4_08F_ROI24,IR_SFR_VIS_25cm_Ny4_08F_ROI25,IR_SFR_VIS_25cm_Ny4_08F_ROI26,IR_SFR_VIS_25cm_Ny4_08F_ROI27,IR_SFR_VIS_25cm_Ny4_08F_ROI28,IR_SFR_VIS_25cm_Ny4_08F_Min,IR_SFR_VIS_25cm_Ny4_010F_ROI29,IR_SFR_VIS_25cm_Ny4_010F_ROI30,IR_SFR_VIS_25cm_Ny4_010F_ROI31,IR_SFR_VIS_25cm_Ny4_010F_ROI32,IR_SFR_VIS_25cm_Ny4_010F_Min,sfr_4sfr_version,sfr_4modify_date,SFR_VIS_4cm_P0x,SFR_VIS_4cm_P0y,SFR_VIS_4cm_P1x,SFR_VIS_4cm_P1y,SFR_VIS_4cm_P2x,SFR_VIS_4cm_P2y,SFR_VIS_4cm_P3x,SFR_VIS_4cm_P3y,SFR_VIS_4cm_P4x,SFR_VIS_4cm_P4y,SFR_VIS_4cm_Pointing_OC_X,SFR_VIS_4cm_Pointing_OC_Y,SFR_VIS_4cm_Pan,SFR_VIS_4cm_Tilt,SFR_VIS_4cm_Rotation_P1,SFR_VIS_4cm_Rotation_P2,SFR_VIS_4cm_Rotation_P3,SFR_VIS_4cm_Rotation_P4,SFR_VIS_4cm_Rotation_Mean,SFR_VIS_4cm_Brightness_A,SFR_VIS_4cm_Brightness_B,SFR_VIS_4cm_Brightness_C,SFR_VIS_4cm_Brightness_D,SFR_VIS_4cm_Brightness_Mean,SFR_VIS_4cm_Ny4_01F_ROI1,SFR_VIS_4cm_Ny4_01F_ROI2,SFR_VIS_4cm_Ny4_01F_ROI3,SFR_VIS_4cm_Ny4_01F_ROI4,SFR_VIS_4cm_Ny4_01F_Min,SFR_VIS_4cm_Ny4_03F_ROI5,SFR_VIS_4cm_Ny4_03F_ROI6,SFR_VIS_4cm_Ny4_03F_ROI7,SFR_VIS_4cm_Ny4_03F_ROI8,SFR_VIS_4cm_Ny4_03F_Min,SFR_VIS_4cm_Ny4_06F_ROI9,SFR_VIS_4cm_Ny4_06F_ROI10,SFR_VIS_4cm_Ny4_06F_ROI11,SFR_VIS_4cm_Ny4_06F_ROI12,SFR_VIS_4cm_Ny4_06F_Min,SFR_VIS_4cm_Ny4_08F_ROI13,SFR_VIS_4cm_Ny4_08F_ROI14,SFR_VIS_4cm_Ny4_08F_ROI15,SFR_VIS_4cm_Ny4_08F_ROI16,SFR_VIS_4cm_Ny4_08F_Min,SFR_VIS_4cm_Ny4_010F_ROI17,SFR_VIS_4cm_Ny4_010F_ROI18,SFR_VIS_4cm_Ny4_010F_ROI19,SFR_VIS_4cm_Ny4_010F_ROI20,SFR_VIS_4cm_Ny4_010F_Min,IR_sfr_4sfr_version,IR_sfr_4modify_date,IR_SFR_VIS_4cm_P0x,IR_SFR_VIS_4cm_P0y,IR_SFR_VIS_4cm_P1x,IR_SFR_VIS_4cm_P1y,IR_SFR_VIS_4cm_P2x,IR_SFR_VIS_4cm_P2y,IR_SFR_VIS_4cm_P3x,IR_SFR_VIS_4cm_P3y,IR_SFR_VIS_4cm_P4x,IR_SFR_VIS_4cm_P4y,IR_SFR_VIS_4cm_Pointing_OC_X,IR_SFR_VIS_4cm_Pointing_OC_Y,IR_SFR_VIS_4cm_Pan,IR_SFR_VIS_4cm_Tilt,IR_SFR_VIS_4cm_Rotation_P1,IR_SFR_VIS_4cm_Rotation_P2,IR_SFR_VIS_4cm_Rotation_P3,IR_SFR_VIS_4cm_Rotation_P4,IR_SFR_VIS_4cm_Rotation_Mean,IR_SFR_VIS_4cm_Brightness_A,IR_SFR_VIS_4cm_Brightness_B,IR_SFR_VIS_4cm_Brightness_C,IR_SFR_VIS_4cm_Brightness_D,IR_SFR_VIS_4cm_Brightness_Mean,IR_SFR_VIS_4cm_Ny4_01F_ROI1,IR_SFR_VIS_4cm_Ny4_01F_ROI2,IR_SFR_VIS_4cm_Ny4_01F_ROI3,IR_SFR_VIS_4cm_Ny4_01F_ROI4,IR_SFR_VIS_4cm_Ny4_01F_Min,IR_SFR_VIS_4cm_Ny4_03F_ROI5,IR_SFR_VIS_4cm_Ny4_03F_ROI6,IR_SFR_VIS_4cm_Ny4_03F_ROI7,IR_SFR_VIS_4cm_Ny4_03F_ROI8,IR_SFR_VIS_4cm_Ny4_03F_Min,IR_SFR_VIS_4cm_Ny4_06F_ROI9,IR_SFR_VIS_4cm_Ny4_06F_ROI10,IR_SFR_VIS_4cm_Ny4_06F_ROI11,IR_SFR_VIS_4cm_Ny4_06F_ROI12,IR_SFR_VIS_4cm_Ny4_06F_Min,IR_SFR_VIS_4cm_Ny4_08F_ROI13,IR_SFR_VIS_4cm_Ny4_08F_ROI14,IR_SFR_VIS_4cm_Ny4_08F_ROI15,IR_SFR_VIS_4cm_Ny4_08F_ROI16,IR_SFR_VIS_4cm_Ny4_08F_Min,IR_SFR_VIS_4cm_Ny4_010F_ROI17,IR_SFR_VIS_4cm_Ny4_010F_ROI18,IR_SFR_VIS_4cm_Ny4_010F_ROI19,IR_SFR_VIS_4cm_Ny4_010F_ROI20,IR_SFR_VIS_4cm_Ny4_010F_Min,SFR_VIS_25cm_Ny4_01F_ROI1_Dev,SFR_VIS_25cm_Ny4_01F_ROI2_Dev,SFR_VIS_25cm_Ny4_01F_ROI3_Dev,SFR_VIS_25cm_Ny4_01F_ROI4_Dev,SFR_VIS_25cm_Ny4_01F_Min_Dev,SFR_VIS_25cm_Ny4_03F_ROI5_Dev,SFR_VIS_25cm_Ny4_03F_ROI6_Dev,SFR_VIS_25cm_Ny4_03F_ROI7_Dev,SFR_VIS_25cm_Ny4_03F_ROI8_Dev,SFR_VIS_25cm_Ny4_03F_Min_Dev,SFR_VIS_25cm_Ny4_06F_ROI9_Dev,SFR_VIS_25cm_Ny4_06F_ROI10_Dev,SFR_VIS_25cm_Ny4_06F_ROI11_Dev,SFR_VIS_25cm_Ny4_06F_ROI12_Dev,SFR_VIS_25cm_Ny4_06F_ROI13_Dev,SFR_VIS_25cm_Ny4_06F_ROI14_Dev,SFR_VIS_25cm_Ny4_06F_ROI15_Dev,SFR_VIS_25cm_Ny4_06F_ROI16_Dev,SFR_VIS_25cm_Ny4_08F_ROI17_Dev,SFR_VIS_25cm_Ny4_08F_ROI19_Dev,IR_SFR_VIS_25cm_Ny4_01F_ROI1_Dev,IR_SFR_VIS_25cm_Ny4_01F_ROI2_Dev,IR_SFR_VIS_25cm_Ny4_01F_ROI3_Dev,IR_SFR_VIS_25cm_Ny4_01F_ROI4_Dev,IR_SFR_VIS_25cm_Ny4_01F_Min_Dev,IR_SFR_VIS_25cm_Ny4_03F_ROI5_Dev,IR_SFR_VIS_25cm_Ny4_03F_ROI6_Dev,IR_SFR_VIS_25cm_Ny4_03F_ROI7_Dev,IR_SFR_VIS_25cm_Ny4_03F_ROI8_Dev,IR_SFR_VIS_25cm_Ny4_03F_Min_Dev,IR_SFR_VIS_25cm_Ny4_06F_ROI9_Dev,IR_SFR_VIS_25cm_Ny4_06F_ROI10_Dev,IR_SFR_VIS_25cm_Ny4_06F_ROI11_Dev,IR_SFR_VIS_25cm_Ny4_06F_ROI12_Dev,IR_SFR_VIS_25cm_Ny4_06F_ROI13_Dev,IR_SFR_VIS_25cm_Ny4_06F_ROI14_Dev,IR_SFR_VIS_25cm_Ny4_06F_ROI15_Dev,IR_SFR_VIS_25cm_Ny4_06F_ROI16_Dev,IR_SFR_VIS_25cm_Ny4_08F_ROI17_Dev,IR_SFR_VIS_25cm_Ny4_08F_ROI19_Dev,SFR_VIS_4cm_Ny4_01F_ROI1_Dev,SFR_VIS_4cm_Ny4_01F_ROI2_Dev,SFR_VIS_4cm_Ny4_01F_ROI3_Dev,SFR_VIS_4cm_Ny4_01F_ROI4_Dev,SFR_VIS_4cm_Ny4_01F_Min_Dev,SFR_VIS_4cm_Ny4_03F_ROI5_Dev,SFR_VIS_4cm_Ny4_03F_ROI6_Dev,SFR_VIS_4cm_Ny4_03F_ROI7_Dev,SFR_VIS_4cm_Ny4_03F_ROI8_Dev,SFR_VIS_4cm_Ny4_03F_Min_Dev,SFR_VIS_4cm_Ny4_06F_ROI9_Dev,SFR_VIS_4cm_Ny4_06F_ROI10_Dev,SFR_VIS_4cm_Ny4_06F_ROI11_Dev,SFR_VIS_4cm_Ny4_06F_ROI12_Dev,SFR_VIS_4cm_Ny4_08F_ROI13_Dev,SFR_VIS_4cm_Ny4_08F_ROI15_Dev,IR_SFR_VIS_4cm_Ny4_01F_ROI1_Dev,IR_SFR_VIS_4cm_Ny4_01F_ROI2_Dev,IR_SFR_VIS_4cm_Ny4_01F_ROI3_Dev,IR_SFR_VIS_4cm_Ny4_01F_ROI4_Dev,IR_SFR_VIS_4cm_Ny4_01F_Min_Dev,IR_SFR_VIS_4cm_Ny4_03F_ROI5_Dev,IR_SFR_VIS_4cm_Ny4_03F_ROI6_Dev,IR_SFR_VIS_4cm_Ny4_03F_ROI7_Dev,IR_SFR_VIS_4cm_Ny4_03F_ROI8_Dev,IR_SFR_VIS_4cm_Ny4_03F_Min_Dev,IR_SFR_VIS_4cm_Ny4_06F_ROI9_Dev,IR_SFR_VIS_4cm_Ny4_06F_ROI10_Dev,IR_SFR_VIS_4cm_Ny4_06F_ROI11_Dev,IR_SFR_VIS_4cm_Ny4_06F_ROI12_Dev,IR_SFR_VIS_4cm_Ny4_06F_Min_Dev,IR_SFR_VIS_4cm_Ny4_08F_ROI13_Dev,IR_SFR_VIS_4cm_Ny4_08F_ROI15_Dev,FixtureHome,OpenDoor
Lower Limit ----->,,,,,,,,,,,,,,,,,,,,,,,,,,,TRUE,TRUE,TRUE,TRUE,TRUE,TRUE,TRUE,,,,,,,,,,,,,,,,,,,,,,,,,,,,0.68,0.68,0.68,0.68,0.68,0.67,0.67,0.67,0.67,0.67,0.66,0.66,0.66,0.66,0.66,0.66,0.66,0.66,0.66,0.66,,0.66,,,,,,,,,,,,,,,,,,,,,,,,,,,,,,,,,,,,,,,,,,,0.59,0.59,0.59,0.59,0.59,0.57,0.57,0.57,0.57,0.57,0.56,0.56,0.56,0.56,0.56,0.56,0.56,0.56,0.56,0.55,,0.55,,,,,,,,,,,,,,,,,,,,,,,,,,,,,,,,,,,,,,,,,,,,,,,,,,,,,,,,,,,,,,,,,,,,,,,,,,,,,,,,,,,,,,,,,,,,,,,,,,,,,,,,,,,,,,,,,,,,,,,-0.12,-0.12,-0.12,-0.12,-0.12,-0.12,-0.12,-0.12,-0.12,-0.12,-0.12,-0.12,-0.12,-0.12,-0.18,-0.18,-0.18,-0.18,-0.18,-0.18,-0.12,-0.12,-0.12,-0.12,-0.12,-0.12,-0.12,-0.12,-0.12,-0.12,-0.12,-0.12,-0.12,-0.12,-0.18,-0.18,-0.18,-0.18,-0.18,-0.18,,,,,,,,,,,,,,,,,,,,,,,,,,,,,,,,,,TRUE,TRUE
Upper Limit ----->,,,,,,,,,,,,,,,,,,,,,,,,,,,,,,,,,,,,,,,,,,,,,,,,,,,,,,,,,,,,,0.9,0.9,0.9,0.9,0.9,0.9,0.9,0.9,0.9,0.9,0.9,0.9,0.9,0.9,0.9,0.9,0.9,0.9,0.9,0.9,,0.9,,,,,,,,,,,,,,,,,,,,,,,,,,,,,,,,,,,,,,,,,,,0.9,0.9,0.9,0.9,0.9,0.9,0.9,0.9,0.9,0.9,0.9,0.9,0.9,0.9,0.9,0.9,0.9,0.9,0.9,0.9,,0.9,,,,,,,,,,,,,,,,,,,,,,,,,,,,,,,,,,,,,,,,,,,,,,,,,,,,,,,,,,,,,,,,,,,,,,,,,,,,,,,,,,,,,,,,,,,,,,,,,,,,,,,,,,,,,,,,,,,,,,,0.1,0.1,0.1,0.1,0.1,0.1,0.1,0.1,0.1,0.1,0.1,0.1,0.1,0.1,0.1,0.1,0.1,0.1,0.1,0.1,0.1,0.1,0.1,0.1,0.1,0.1,0.1,0.1,0.1,0.1,0.1,0.1,0.1,0.1,0.1,0.1,0.1,0.1,0.1,0.1,,,,,,,,,,,,,,,,,,,,,,,,,,,,,,,,,,,
Unit,,,,,,,,,,,,,,,,,,,,,,,,,,,,,,,,,,,,,,,,,,,,,,,,,,,,,,,,,,,,,,,,,,,,,,,,,,,,,,,,,,,,,,,,,,,,,,,,,,,,,,,,,,,,,,,,,,,,,,,,,,,,,,,,,,,,,,,,,,,,,,,,,,,,,,,,,,,,,,,,,,,,,,,,,,,,,,,,,,,,,,,,,,,,,,,,,,,,,,,,,,,,,,,,,,,,,,,,,,,,,,,,,,,,,,,,,,,,,,,,,,,,,,,,,,,,,,,,,,,,,,,,,,,,,,,,,,,,,,,,,,,,,,,,,,,,,,,,,,,,,,,,,,,,,,,,,,,,,,,,,,,,,,,,,,,,,,,,,,,
DTC_R_1,LanSi,1,CW_01,B,2026-03-31 10:26:37+08:00,ONLINE,FALSE,,CW_1_01,PASS,,,52.2604438,_2026033110263777501,T20260331102637,DESKTOP-P2DUL42,Loma,1,CW_1_01,1,paul di,2024.0718.155524,V20260126.2,CW_DTCL_DTCR_STC,T20260331102730,52.2604438,TRUE,TRUE,TRUE,TRUE,TRUE,TRUE,TRUE,4S2RND2HBL0DP6,v1.0.1,2025_12_22,315.0362,316.8841,475.1544,297.3309,295.3673,148.5918,149.0207,336.9103,335.5,484.1892,-5.4843,-2.7187,-0.0001,0,-0.221,1.5539,-0.2195,1.5486,0.6655,154.8906,153.0205,153.043,154.8359,153.9475,0.8556,0.7876,0.8725,0.7689,0.7689,0.812,0.7381,0.8261,0.7527,0.7381,0.8217,0.81,0.8038,0.8148,0.7332,0.7085,0.7666,0.7467,0.7085,0.8396,0.799,0.7979,0.7038,0.7038,0.8431,0.7498,0.7204,0.8291,0.7957,0.8832,0.8245,0.8578,0.7204,0,0,0,0,0,v1.0.1,2025_12_22,315,316.9137,476.1691,297.2353,295.2671,147.5685,148,337,335.7517,485.2349,-5.4624,-2.7095,-0.0001,0,-0.221,1.5543,-0.2192,1.5476,0.6654,160.5977,154.6455,162.9316,163.1738,160.3372,0.7044,0.6752,0.7119,0.6607,0.6607,0.6738,0.637,0.674,0.6307,0.6307,0.657,0.6519,0.6597,0.6621,0.6146,0.6348,0.6301,0.6244,0.6146,0.6789,0.6609,0.6722,0.2009,0.2009,0.6411,0.6313,0.6222,0.6767,0.6695,0.4084,0.6381,0.6742,0.4084,0,0,0,0,0,v1.0.1,2025_12_22,316.8476,328,441.5702,313.2544,302.3902,196.187,188.1382,342.2358,331.5,455.5,-3.4108,7.5354,0,0.0001,-0.2172,1.561,-0.2096,1.5559,0.6725,175.8906,175.959,176.4307,177.0107,176.3228,0.7914,0.6291,0.8071,0.6196,0.6196,0.751,0.6179,0.7716,0.6182,0.6179,0.768,0.7629,0.7622,0.7522,0.7522,0.753,0.6843,0.7372,0,0.6843,0,0,0,0,0,v1.0.1,2025_12_22,316.8654,328.1346,442.4425,313.2389,302.2302,195.5635,187.122,342.3333,331.5,456.4035,-3.468,7.6348,0,0.0001,-0.2175,1.5603,-0.2085,1.5567,0.6727,147.2217,141.415,143.3477,145.0059,144.2476,0.6571,0.5497,0.6848,0.5458,0.5458,0.6378,0.5615,0.6403,0.5439,0.5439,0.6367,0.6347,0.6382,0.6131,0.6131,0.5939,0.553,0.5856,0.0594,0.0594,0,0,0,0,0,-0.0167,-0.0853,-0.0032,-0.1044,-0.1034,-0.0049,-0.0828,0.0075,-0.0855,-0.0788,0.0085,-0.0065,-0.005,0.0052,-0.0691,-0.101,-0.032,-0.0656,-0.0152,-0.0128,-0.002,-0.0414,-0.0109,-0.0519,-0.0457,0.005,-0.0441,0.011,-0.0479,-0.0323,-0.003,-0.0053,-0.0032,-0.012,-0.036,-0.0353,0.0057,-0.0287,-0.0056,0.0005,-0.0008,-0.1819,0.0075,-0.1813,-0.1726,-0.0042,-0.1491,0.0087,-0.1622,-0.1373,0.0121,0.0037,0.0193,0.023,0.0106,-0.002,-0.0053,-0.1088,0.0131,-0.1307,-0.1127,-0.0031,-0.0881,-0.0028,-0.0966,-0.0966,0.0095,0.0016,0.0197,-0.0098,-0.0054,-0.0069,-0.0035,TRUE,TRUE
DTC_L_1,LanSi,1,CW_01,B,2026-03-31 10:26:37+08:00,ONLINE,FALSE,,CW_1_01,PASS,,,52.0729449,_2026033110263794502,T20260331102637,DESKTOP-P2DUL42,Loma,1,CW_1_01,2,paul di,2024.0718.155524,V20260126.2,CW_DTCL_DTCR_STC,T20260331102730,52.0729449,TRUE,TRUE,TRUE,TRUE,TRUE,TRUE,TRUE,4S2RND2HBL06DS,v1.0.1,2025_12_22,314.0522,323.5672,474.2574,303.1985,294.8026,151.625,148.0201,343.7517,333.305,490.6738,-6.6125,3.0632,-0.0001,0,-0.2259,1.5588,-0.2205,1.5556,0.667,154.5664,150.0967,148.8574,153.7715,151.823,0.8344,0.8018,0.8412,0.7989,0.7989,0.7779,0.7444,0.7978,0.7234,0.7234,0.8073,0.7993,0.8138,0.7545,0.7331,0.7219,0.7765,0.6871,0.6871,0.8196,0.9634,0.8267,0.8339,0.8196,0.8496,0.7367,0.7104,0.8327,0.8313,0.8178,0.7955,0.7591,0.7104,0,0,0,0,0,v1.0.1,2025_12_22,314.1143,323.7286,475.3066,303.1168,294.6159,150.5364,146.9664,343.8255,333.4752,491.6667,-6.6043,3.0748,-0.0001,0,-0.2267,1.5582,-0.2191,1.5555,0.667,159.4053,154.6914,160.8955,160.3379,158.8325,0.68,0.6749,0.6969,0.6941,0.6749,0.659,0.6263,0.6398,0.6357,0.6263,0.6477,0.642,0.6539,0.6353,0.6072,0.6249,0.6364,0.6149,0.6072,0.6647,0.5363,0.6578,0.7006,0.5363,0.6601,0.6281,0.599,0.6811,0.6639,0.6817,0.6645,0.6449,0.599,0,0,0,0,0,v1.0.1,2025_12_22,312.3019,315.8302,437.4779,301.5487,298.544,184.184,183.976,330.544,326.5462,446.6303,-7.7308,-3.7526,-0.0001,0,-0.2131,1.5662,-0.2136,1.5618,0.6753,174.8936,173.0488,171.7598,174.2842,173.4966,0.7748,0.6902,0.798,0.7092,0.6902,0.7435,0.6247,0.7348,0.6361,0.6247,0.7784,0.7584,0.7583,0.6945,0.6945,0.7342,0,0.7306,0.7308,0.7306,0,0,0,0,0,v1.0.1,2025_12_22,312.2453,315.7358,438.3846,301.453,298.4083,183.6083,183.065,330.5854,326.5462,447.3697,-7.7701,-3.7495,-0.0001,0,-0.2122,1.5659,-0.2139,1.5621,0.6755,147.3369,141.9756,141.999,144.8594,144.0427,0.6514,0.5868,0.6621,0.6206,0.5868,0.6194,0.5427,0.6102,0.5625,0.5427,0.6262,0.6267,0.6374,0.6086,0.6086,0.5995,0.5208,0.5795,0.5622,0.5208,0,0,0,0,0,-0.0033,-0.0618,-0.0052,-0.0233,-0.0233,-0.0066,-0.0681,-0.0028,-0.0547,-0.0547,-0.0009,-0.007,0.0025,-0.0057,-0.0898,-0.101,-0.013,-0.0569,0.0008,0.0083,0.0061,-0.04,-0.0034,-0.0177,0.001,-0.0093,-0.0546,-0.0252,-0.0294,-0.0387,-0.0161,-0.0304,0.008,0.0031,-0.053,-0.0359,-0.0215,-0.0128,-0.0116,-0.0123,-0.005,-0.129,0.0069,-0.075,-0.0896,0.0028,-0.1567,-0.0097,-0.1083,-0.116,0.0155,0.0098,0.0101,0.011,0.005,-0.002,0.0013,-0.0965,-0.0057,-0.0614,-0.0633,-0.0045,-0.1041,-0.016,-0.0769,-0.0812,-0.0141,-0.0085,0.0018,0.0046,0.0046,0.014,-0.0218,TRUE,TRUE
DTC_R_2,LanSi,1,CW_01,A,2026-03-31 10:24:47+08:00,ONLINE,FALSE,,CW_1_01,FAIL,SFR_VIS_25cm_Ny4_03F_ROI8_Dev,Dev,52.3274247,_2026033110244722001,T20260331102447,DESKTOP-P2DUL42,Loma,1,CW_1_01,1,paul di,2024.0718.155524,V20260126.2,CW_DTCL_DTCR_STC,T20260331102539,52.3274247,TRUE,TRUE,TRUE,TRUE,TRUE,TRUE,TRUE,4S2RND2HBL0DP6,v1.0.1,2025_12_22,315.0657,316.8467,474.8971,296.9118,295.2148,147.3289,149.2933,336.9067,335.1206,484.2979,-5.5817,-3.0416,-0.0001,0,-0.2236,1.5537,-0.2199,1.5511,0.6653,154.8701,151.5303,150.4355,154.4521,152.822,0.8544,0.8228,0.8728,0.8146,0.8146,0.812,0.7556,0.8305,0.7027,0.7027,0.8258,0.8107,0.8094,0.7924,0.7476,0.7808,0.7623,0.679,0.679,0.8404,0.8,0.8129,0.6159,0.6159,0.8402,0.7899,0.7936,0.8318,0.8047,0.6721,0.7266,0.8405,0.6721,0,0,0,0,0,v1.0.1,2025_12_22,315,316.9137,475.9343,296.8467,295.1544,146.2617,148.1224,337.0612,335.2979,485.2411,-5.5982,-3.0351,-0.0001,0,-0.2235,1.5545,-0.2196,1.5503,0.6654,160.5459,154.9189,162.3018,162.9912,160.1895,0.7067,0.6878,0.7195,0.6887,0.6878,0.6694,0.6458,0.6711,0.6213,0.6213,0.6413,0.6538,0.6565,0.6779,0.6372,0.6555,0.6189,0.5799,0.5799,0.6853,0.6621,0.6611,0.1035,0.1035,0.6577,0.6579,0.6675,0.6751,0.6485,0.2705,0.6188,0.6763,0.2705,0,0,0,0,0,v1.0.1,2025_12_22,316.8396,328.1415,441.3364,313.0273,302.2302,195.2857,188,342.4127,331.1193,456.211,-3.5949,7.5156,0,0.0001,-0.2203,1.5608,-0.2098,1.5592,0.6725,175.6729,174.3994,173.3164,176.5254,174.9785,0.796,0.6891,0.8102,0.7068,0.6891,0.7443,0.6332,0.7723,0.5662,0.5662,0.762,0.7654,0.7511,0.7382,0.7382,0.7437,0.693,0.7304,0,0.693,0,0,0,0,0,v1.0.1,2025_12_22,316.8318,328.1963,442.1,312.9727,302.2381,194.6667,187.1138,342.4146,331.1743,456.9174,-3.6084,7.5335,0,0.0001,-0.2204,1.5614,-0.2087,1.5593,0.6729,147.2295,141.624,142.6396,144.9092,144.1006,0.6646,0.5942,0.6797,0.6052,0.5942,0.6149,0.5645,0.6483,0.5204,0.5204,0.628,0.6287,0.6297,0.6223,0.6223,0.5837,0.5638,0.5807,0.0927,0.0927,0,0,0,0,0,-0.0179,-0.0501,-0.0029,-0.0587,-0.0577,-0.0049,-0.0653,0.0119,-0.1355,-0.1142,0.0126,-0.0058,0.0006,-0.0172,-0.0547,-0.0287,-0.0363,-0.1333,-0.0144,0.0022,0.0003,-0.0288,-0.0033,-0.0239,-0.0186,0.0006,-0.0353,0.0081,-0.0573,-0.0417,-0.0187,-0.0034,-0.0064,0.0038,-0.0134,-0.0146,-0.0055,-0.0732,0.0008,-0.0106,0.0038,-0.1219,0.0106,-0.0941,-0.1031,-0.0109,-0.1338,0.0094,-0.2142,-0.189,0.0061,0.0062,0.0082,0.009,0.0013,-0.0088,0.0022,-0.0643,0.008,-0.0713,-0.0643,-0.026,-0.0851,0.0052,-0.1201,-0.1201,0.0008,-0.0044,0.0112,-0.0006,0.0038,-0.0171,-0.0084,TRUE,TRUE
DTC_L_2,LanSi,1,CW_01,A,2026-03-31 10:24:47+08:00,ONLINE,FALSE,,CW_1_01,PASS,,,52.5298833,_2026033110244722002,T20260331102447,DESKTOP-P2DUL42,Loma,1,CW_1_01,2,paul di,2024.0718.155524,V20260126.2,CW_DTCL_DTCR_STC,T20260331102539,52.5298833,TRUE,TRUE,TRUE,TRUE,TRUE,TRUE,TRUE,4S2RND2HBL06DS,v1.0.1,2025_12_22,315.146,322.6277,475.4318,301.9545,296.0392,151.6078,149.604,342.5503,334.5682,488.0455,-5.3422,1.8572,-0.0001,0,-0.2278,1.559,-0.2193,1.5534,0.6664,153.8584,150.0742,148.2334,152.9629,151.2822,0.8277,0.7981,0.8457,0.7925,0.7925,0.7834,0.75,0.7979,0.7422,0.7422,0.8126,0.8094,0.8104,0.7629,0.732,0.7183,0.7189,0.6957,0.6957,0.8185,0.6174,0.8168,0.7613,0.6174,0.8308,0.7665,0.7475,0.8527,0.8132,0.7582,0.7702,0.7706,0.7475,0,0,0,0,0,v1.0.1,2025_12_22,315.1087,322.8261,476.4779,301.9412,295.9272,150.7417,148.5101,342.6309,334.6963,489.0815,-5.356,1.9443,-0.0001,0,-0.2282,1.5593,-0.2178,1.553,0.6666,158.0645,154.3096,160.0205,158.8691,157.8159,0.6867,0.6851,0.6965,0.6949,0.6851,0.6682,0.6292,0.6598,0.65,0.6292,0.6674,0.664,0.6483,0.6414,0.6178,0.6254,0.6046,0.6176,0.6046,0.6682,0.5131,0.6727,0.6525,0.5131,0.6631,0.6471,0.6223,0.6801,0.6714,0.647,0.6627,0.6263,0.6223,0,0,0,0,0,v1.0.1,2025_12_22,313.4466,314.9903,438.5478,300.3826,299.8083,184.0083,185.3697,329.5378,327.6975,444.958,-6.526,-4.7246,-0.0001,0,-0.2157,1.5665,-0.2126,1.5611,0.6748,174.1885,173.373,171.501,173.709,173.1929,0.7855,0.6848,0.7961,0.6726,0.6726,0.7424,0.6409,0.7428,0.6535,0.6409,0.756,0.7483,0.7556,0.6938,0.6938,0.7254,0,0.7243,0.6367,0.6367,0,0,0,0,0,v1.0.1,2025_12_22,313.4466,314.9903,439.4522,300.3826,299.5678,183.322,184.4622,329.6303,327.625,445.8583,-6.5892,-4.6633,-0.0001,0,-0.2149,1.5653,-0.2125,1.5624,0.6751,146.2529,141.8223,141.0771,144.0703,143.3057,0.6665,0.5886,0.6754,0.6023,0.5886,0.6229,0.5511,0.6218,0.5772,0.5511,0.6188,0.6361,0.631,0.5979,0.5979,0.5948,0.5273,0.5812,0.5415,0.5273,0,0,0,0,0,-0.01,-0.0655,-0.0007,-0.0297,-0.0297,-0.0011,-0.0625,-0.0027,-0.0359,-0.0359,0.0044,0.0031,-0.0009,0.0027,-0.0909,-0.1046,-0.0706,-0.0483,-0.0003,-0.0016,0.0128,-0.0298,-0.0038,-0.0169,0.0112,-0.0001,-0.0517,-0.0052,-0.0151,-0.0358,0.0036,-0.0084,0.0024,0.0092,-0.0424,-0.0354,-0.0533,-0.0101,-0.0081,0.0026,0.0057,-0.1344,0.005,-0.1116,-0.1072,0.0017,-0.1405,-0.0017,-0.0909,-0.0998,-0.0069,-0.0003,0.0074,0.0103,-0.0038,-0.0083,0.0164,-0.0947,0.0076,-0.0797,-0.0615,-0.001,-0.0957,-0.0044,-0.0622,-0.0728,-0.0215,0.0009,-0.0046,-0.0061,-0.0061,0.0093,-0.0201,TRUE,TRUE
DTC_R_3,LanSi,1,CW_01,C,2026-03-31 10:28:18+08:00,ONLINE,False,,CW_1_01,PASS,,,53.7578057,_2026033110281858201,T20260331102818,DESKTOP-P2DUL42,Loma,1,CW_1_01,1,paul di,2024.0718.155524,V20260126.2,CW_DTCL_DTCR_STC,T20260331102912,53.7578057,True,True,True,True,True,True,True,4S2RND2HBL0DP6,v1.0.1,2025_12_22,315.2388,317.1791,475.5833,297.8636,295.8243,148.6959,149.4564,337.3087,335.7718,485.4765,-5.1251,-2.1952,-0.0001,-0.0,-0.2194,1.5556,-0.2203,1.5489,0.6662,154.3486,152.5547,152.8184,154.4766,153.5496,0.8565,0.7623,0.8706,0.7629,0.7623,0.8209,0.7456,0.8211,0.7674,0.7456,0.8139,0.8172,0.812,0.8109,0.712,0.7272,0.7874,0.7622,0.712,0.8361,0.7802,0.8034,0.6284,0.6284,0.8409,0.7585,0.746,0.8201,0.775,0.3849,0.8502,0.84,0.3849,0,0,0,0,0,v1.0.1,2025_12_22,315.1533,317.1898,476.6594,297.6594,295.6174,147.6242,148.3087,337.4564,335.9272,486.4702,-5.1668,-2.22,-0.0001,-0.0,-0.2198,1.5556,-0.2204,1.5482,0.6659,160.2266,154.8721,163.2656,163.4268,160.4478,0.7073,0.6727,0.7088,0.6544,0.6544,0.6786,0.6244,0.6719,0.6477,0.6244,0.6539,0.6649,0.646,0.6367,0.6205,0.6323,0.6201,0.6339,0.6201,0.6803,0.6565,0.672,0.1487,0.1487,0.6566,0.6426,0.6341,0.686,0.6376,0.5222,0.6359,0.6559,0.5222,0,0,0,0,0,v1.0.1,2025_12_22,317,328.5,441.7589,313.4821,302.621,196.6532,188.3802,342.5207,331.5,456.5,-3.248,8.0312,-0.0,0.0001,-0.2193,1.5617,-0.2081,1.5575,0.6729,175.0518,175.6006,176.1055,176.8818,175.9099,0.7903,0.6299,0.7999,0.6154,0.6154,0.7618,0.6245,0.7683,0.6621,0.6245,0.7605,0.7692,0.7525,0.7381,0.7381,0.7338,0.6576,0.7321,0,0.6576,0,0,0,0,0,v1.0.1,2025_12_22,316.9813,328.4486,442.5702,313.4298,302.4567,195.8819,187.453,342.6154,331.5726,457.3761,-3.2932,8.0504,-0.0,0.0001,-0.2185,1.5612,-0.2084,1.5576,0.673,147.0205,141.5928,143.3486,145.6299,144.3979,0.6545,0.5483,0.6702,0.5603,0.5483,0.6484,0.5564,0.6447,0.5858,0.5564,0.634,0.6359,0.6326,0.6249,0.6249,0.5816,0.558,0.5896,0.1989,0.1989,0,0,0,0,0,-0.0158,-0.1106,-0.0051,-0.1104,-0.11,0.004,-0.0753,0.0025,-0.0708,-0.0713,0.0007,0.0007,0.0032,0.0013,-0.0903,-0.0823,-0.0112,-0.0501,-0.0187,-0.0073,0.0009,-0.0439,-0.014,-0.0582,-0.052,0.0098,-0.0567,0.0089,-0.0309,-0.0386,-0.0061,0.0077,-0.0169,-0.0374,-0.0301,-0.0378,-0.0043,-0.0192,-0.0042,0.0003,-0.0019,-0.1811,0.0003,-0.1855,-0.1768,0.0066,-0.1425,0.0054,-0.1183,-0.1307,0.0046,0.01,0.0096,0.0089,-0.0086,-0.0071,-0.0079,-0.1102,-0.0015,-0.1162,-0.1102,0.0075,-0.0932,0.0016,-0.0547,-0.0841,0.0068,0.0028,0.0141,0.002,0.0064,-0.0192,0.0005,True,True
DTC_L_3,LanSi,1,CW_01,C,2026-03-31 10:28:18+08:00,ONLINE,False,,CW_1_01,PASS,,,53.7747603,_2026033110281858102,T20260331102818,DESKTOP-P2DUL42,Loma,1,CW_1_01,2,paul di,2024.0718.155524,V20260126.2,CW_DTCL_DTCR_STC,T20260331102912,53.7747603,True,True,True,True,True,True,True,4S2RND2HBL06DS,v1.0.1,2025_12_22,314.1679,323.2847,474.3507,302.9851,294.9073,152.4636,148.245,343.3907,333.5188,489.1203,-6.4621,2.7489,-0.0001,0.0,-0.2255,1.558,-0.2201,1.5541,0.6666,153.9473,149.6924,148.1035,153.501,151.311,0.8196,0.7844,0.8454,0.7318,0.7318,0.7814,0.7508,0.7927,0.7329,0.7329,0.8225,0.8053,0.7896,0.7491,0.7364,0.7033,0.7397,0.6786,0.6786,0.8122,0.7232,0.8224,0.8292,0.7232,0.8362,0.7756,0.7225,0.8382,0.8183,0.7705,0.7912,0.7678,0.7225,0,0,0,0,0,v1.0.1,2025_12_22,314.1739,323.3333,475.4851,302.9627,294.6333,151.42,147.12,343.42,333.7214,490.2857,-6.4733,2.7843,-0.0001,0.0,-0.2251,1.5571,-0.2191,1.5537,0.6666,158.8652,154.3369,160.1162,159.8945,158.3032,0.6735,0.6739,0.697,0.6392,0.6392,0.6511,0.6384,0.6422,0.6271,0.6271,0.6395,0.6612,0.6268,0.6134,0.6258,0.6221,0.6203,0.6021,0.6021,0.675,0.5267,0.6734,0.6843,0.5267,0.6617,0.657,0.6179,0.6713,0.667,0.6612,0.6718,0.6225,0.6179,0,0,0,0,0,v1.0.1,2025_12_22,312.4486,315.5794,437.5478,301.3826,298.6098,184.813,184.0488,330.3984,326.6167,445.7667,-7.6457,-3.912,-0.0001,-0.0,-0.2125,1.5648,-0.2144,1.5619,0.675,173.9609,172.4844,170.834,173.6006,172.72,0.766,0.6666,0.8013,0.6529,0.6529,0.7362,0.6375,0.7468,0.6452,0.6375,0.76,0.763,0.7257,0.6887,0.6887,0.7324,0,0.7259,0.7145,0.7145,0,0,0,0,0,v1.0.1,2025_12_22,312.4,315.5,438.3739,301.3652,298.5,184,183.3058,330.4298,326.6325,446.5726,-7.6576,-3.9265,-0.0001,-0.0,-0.2112,1.565,-0.2146,1.5621,0.6753,146.8633,141.6348,141.0723,144.6934,143.5659,0.6515,0.5787,0.6629,0.5723,0.5723,0.6253,0.5593,0.6289,0.5654,0.5593,0.6153,0.6284,0.6133,0.5945,0.5945,0.6015,0.5559,0.5773,0.5616,0.5559,0,0,0,0,0,-0.0181,-0.0792,-0.001,-0.0904,-0.0904,-0.0031,-0.0617,-0.0079,-0.0452,-0.0452,0.0143,-0.001,-0.0217,-0.0111,-0.0865,-0.1196,-0.0498,-0.0654,-0.0066,0.004,-0.0004,-0.041,-0.0033,-0.0726,-0.0347,-0.0172,-0.0425,-0.0228,-0.038,-0.0379,-0.0243,-0.0112,-0.0191,-0.0188,-0.0344,-0.0387,-0.0376,-0.0256,-0.0013,0.0033,-0.0138,-0.1526,0.0102,-0.1313,-0.1269,-0.0045,-0.1439,0.0023,-0.0992,-0.1032,-0.0029,0.0144,-0.0225,0.0052,0.0032,-0.0067,0.0014,-0.1046,-0.0049,-0.1097,-0.0778,0.0014,-0.0875,0.0027,-0.074,-0.0646,-0.025,-0.0068,-0.0223,-0.0095,-0.0095,0.016,-0.024,True,True
DTC_R_4,LanSi,1,CW_01,A,2026-03-31 10:30:50+08:00,ONLINE,False,,CW_1_01,PASS,,,51.3905223,_2026033110305082501,T20260331103050,DESKTOP-P2DUL42,Loma,1,CW_1_01,1,paul di,2024.0718.155524,V20260126.2,CW_DTCL_DTCR_STC,T20260331103142,51.3905223,True,True,True,True,True,True,True,4S2RND2HBL0DP6,v1.0.1,2025_12_22,315.1691,317.2353,475.5489,298,295.7432,148.6554,149.4122,337.4932,335.7973,485.6351,-5.1659,-2.0962,-0.0001,-0.0,-0.2188,1.5556,-0.2211,1.5484,0.666,152.0586,149.9473,150.3262,152.54,151.218,0.8708,0.7777,0.8765,0.7675,0.7675,0.8021,0.7321,0.827,0.7587,0.7321,0.816,0.8095,0.802,0.8096,0.7306,0.7075,0.7631,0.7557,0.7075,0.8313,0.7958,0.817,0.3388,0.3388,0.8506,0.7658,0.7268,0.8189,0.804,0.4274,0.8326,0.8384,0.4274,0,0,0,0,0,v1.0.1,2025_12_22,315.2029,317.3188,476.6618,297.8824,295.5442,147.5986,148.2333,337.6533,335.9007,486.6755,-5.1914,-2.0743,-0.0001,-0.0,-0.2193,1.555,-0.2207,1.5487,0.6659,160.166,155.6787,164.0674,162.9434,160.7139,0.7061,0.6551,0.7203,0.6578,0.6551,0.6598,0.6345,0.6643,0.6422,0.6345,0.656,0.6539,0.6409,0.6712,0.6178,0.6403,0.6214,0.6283,0.6178,0.6813,0.6482,0.6554,0.0696,0.0696,0.6493,0.6488,0.628,0.6663,0.6502,0.5087,0.6455,0.6876,0.5087,0,0,0,0,0,v1.0.1,2025_12_22,316.9813,328.5514,441.8364,313.7182,302.6048,196.7581,188.314,342.6446,331.5478,456.7217,-3.2431,8.1788,-0.0,0.0001,-0.2177,1.5616,-0.2086,1.5571,0.6731,174.3301,174.4414,174.8994,175.9512,174.9055,0.8003,0.6196,0.8054,0.6212,0.6196,0.7506,0.613,0.7645,0.6346,0.613,0.7703,0.7592,0.7489,0.7392,0.7392,0.7461,0.6465,0.7346,0,0.6465,0,0,0,0,0,v1.0.1,2025_12_22,317,328.6038,442.7321,313.7321,302.4365,195.9286,187.4113,342.9032,331.547,457.4786,-3.2746,8.2293,-0.0,0.0001,-0.2172,1.5609,-0.2094,1.5579,0.6731,147.0732,142.1143,144.2188,145.0166,144.6057,0.6621,0.5479,0.6793,0.544,0.544,0.6285,0.5523,0.6439,0.5672,0.5523,0.6327,0.6168,0.6237,0.6219,0.6168,0.5948,0.5469,0.579,0.2165,0.2165,0,0,0,0,0,-0.0015,-0.0952,0.0008,-0.1058,-0.1048,-0.0148,-0.0888,0.0084,-0.0795,-0.0848,0.0028,-0.007,-0.0068,0,-0.0717,-0.102,-0.0355,-0.0566,-0.0235,0.0063,-0.0003,-0.0615,-0.0025,-0.0548,-0.0513,-0.009,-0.0466,0.0013,-0.0364,-0.0285,-0.004,-0.0033,-0.022,-0.0029,-0.0328,-0.0298,-0.003,-0.0248,-0.0032,-0.0163,0.0081,-0.1914,0.0058,-0.1797,-0.1726,-0.0046,-0.154,0.0016,-0.1458,-0.1422,0.0144,0,0.006,0.01,0.0037,-0.0046,-0.0003,-0.1106,0.0076,-0.1325,-0.1145,-0.0124,-0.0973,0.0008,-0.0733,-0.0882,0.0055,-0.0163,0.0052,-0.001,-0.0017,-0.006,-0.0101,True,True
DTC_L_4,LanSi,1,CW_01,A,2026-03-31 10:30:50+08:00,ONLINE,False,,CW_1_01,PASS,,,51.6348691,_2026033110305058302,T20260331103050,DESKTOP-P2DUL42,Loma,1,CW_1_01,2,paul di,2024.0718.155524,V20260126.2,CW_DTCL_DTCR_STC,T20260331103142,51.6348691,True,True,True,True,True,True,True,4S2RND2HBL06DS,v1.0.1,2025_12_22,315.2222,321.8667,475.6296,300.837,296.1908,150.1316,149.9257,341.8041,334.7029,488.1957,-5.1658,1.067,-0.0001,0.0,-0.2298,1.5599,-0.2195,1.5537,0.6661,154.5029,150.2363,148.7363,153.9883,151.866,0.821,0.7899,0.8386,0.7997,0.7899,0.7878,0.7539,0.7946,0.7321,0.7321,0.8094,0.8053,0.8123,0.7521,0.7089,0.714,0.7284,0.7013,0.7013,0.8214,0.2274,0.8121,0.8068,0.2274,0.8367,0.7828,0.727,0.8286,0.7968,0.7642,0.7578,0.7798,0.727,0,0,0,0,0,v1.0.1,2025_12_22,315.1655,321.8705,476.7591,300.8467,296.1133,149.28,148.7877,341.9589,334.8129,489.2734,-5.1723,1.1459,-0.0001,0.0,-0.2289,1.5603,-0.2196,1.5534,0.6663,158.8096,155.1543,160.6846,159.8076,158.614,0.6815,0.6712,0.6987,0.6801,0.6712,0.6557,0.6278,0.6472,0.6416,0.6278,0.6594,0.6624,0.6507,0.6318,0.6216,0.6264,0.613,0.6155,0.613,0.6868,0.5089,0.6714,0.6725,0.5089,0.6563,0.6487,0.5984,0.6852,0.649,0.6484,0.653,0.6202,0.5984,0,0,0,0,0,v1.0.1,2025_12_22,313.5481,314.0673,438.7168,299.4513,299.9746,182.661,185.55,328.7417,327.6838,444.5556,-6.4054,-5.6046,-0.0001,-0.0001,-0.2157,1.5674,-0.2136,1.5624,0.6751,175.2012,173.5508,171.9404,174.6992,173.8479,0.7846,0.6914,0.8084,0.6668,0.6668,0.7373,0.6331,0.731,0.628,0.628,0.7609,0.7583,0.7604,0.6808,0.6808,0.7382,0,0.7065,0.6365,0.6365,0,0,0,0,0,v1.0.1,2025_12_22,313.5,314,439.5948,299.4052,299.916,181.8487,184.5289,328.8843,327.7265,445.4615,-6.4468,-5.5801,-0.0001,-0.0001,-0.2147,1.5678,-0.2144,1.5625,0.6753,146.8232,142.5059,141.3965,144.3721,143.7744,0.6523,0.5859,0.661,0.589,0.5859,0.6159,0.5508,0.5959,0.5699,0.5508,0.6277,0.6275,0.6227,0.597,0.597,0.5846,0.549,0.5784,0.5324,0.5324,0,0,0,0,0,-0.0167,-0.0737,-0.0078,-0.0225,-0.0323,0.0033,-0.0586,-0.006,-0.046,-0.046,0.0012,-0.001,0.001,-0.0081,-0.114,-0.1089,-0.0611,-0.0427,0.0026,-0.0063,0.0076,-0.0437,-0.0016,-0.0317,-0.0027,-0.0126,-0.0531,-0.0178,-0.0235,-0.0372,-0.0044,-0.01,0.0048,-0.0004,-0.0386,-0.0344,-0.0449,-0.0122,0.0105,0.0013,0.0048,-0.1278,0.0173,-0.1174,-0.113,-0.0034,-0.1483,-0.0135,-0.1164,-0.1127,-0.002,0.0097,0.0122,-0.0027,0.009,-0.0261,0.0022,-0.0974,-0.0068,-0.093,-0.0642,-0.008,-0.096,-0.0303,-0.0695,-0.0731,-0.0126,-0.0077,-0.0129,-0.007,-0.007,-0.0009,-0.0229,True,True
DTC_L_5,LanSi,1,CW_01,B,2026-03-31 10:40:28+08:00,ONLINE,False,,CW_1_01,PASS,,,51.5089971,_2026033110402840402,T20260331104028,DESKTOP-P2DUL42,Loma,1,CW_1_01,2,paul di,2024.0718.155524,V20260126.2,CW_DTCL_DTCR_STC,T20260331104119,51.5089971,True,True,True,True,True,True,True,4S2RND2HBL06DS,v1.0.1,2025_12_22,314.1259,323.3704,474.0146,303.073,294.7067,152.46,148.0268,343.3289,333.3286,489.5,-6.6595,2.8464,-0.0001,0.0,-0.2258,1.5571,-0.2191,1.5552,0.6669,152.6426,148.3926,147.0225,151.9492,150.0017,0.8275,0.7902,0.8477,0.7698,0.7698,0.7788,0.7552,0.7943,0.7377,0.7377,0.8271,0.8137,0.8089,0.772,0.741,0.7039,0.7404,0.6918,0.6918,0.8176,0.4779,0.8287,0.8263,0.4779,0.8374,0.7659,0.7317,0.8161,0.8363,0.8089,0.7787,0.7754,0.7317,0,0,0,0,0,v1.0.1,2025_12_22,314.1241,323.4672,475.0647,302.9353,294.5461,151.4211,146.9603,343.4768,333.6879,490.5603,-6.6234,2.8721,-0.0001,0.0,-0.2264,1.557,-0.2186,1.5537,0.6664,159.3408,154.4805,160.6689,160.5215,158.7529,0.6707,0.6786,0.6871,0.6781,0.6707,0.6509,0.6226,0.6656,0.644,0.6226,0.6438,0.6513,0.6494,0.6268,0.6258,0.6064,0.6223,0.6059,0.6059,0.6736,0.4901,0.6776,0.6829,0.4901,0.658,0.6326,0.6134,0.6952,0.6816,0.6756,0.6589,0.6313,0.6134,0,0,0,0,0,v1.0.1,2025_12_22,312.1792,315.6792,437.2719,301.4561,298.544,184.888,183.8279,330.3443,326.5,446,-7.8354,-3.8265,-0.0001,-0.0,-0.2127,1.5664,-0.2132,1.5608,0.6753,174.1836,172.6865,171.1377,173.7412,172.9373,0.7715,0.6841,0.8072,0.6795,0.6795,0.7266,0.6407,0.7524,0.6567,0.6407,0.7624,0.7684,0.7487,0.7009,0.7009,0.7289,0,0.7284,0.7295,0.7284,0,0,0,0,0,v1.0.1,2025_12_22,312.3241,315.5741,438.0357,301.3036,298.5,184,183,330.4127,326.6116,446.9091,-7.8057,-3.8601,-0.0001,-0.0,-0.2125,1.5656,-0.2137,1.5619,0.6753,147.1436,141.8555,141.5166,144.9639,143.8699,0.6379,0.5861,0.6687,0.6034,0.5861,0.613,0.5618,0.6197,0.5643,0.5618,0.6335,0.6367,0.6232,0.5935,0.5935,0.5981,0.5283,0.5869,0.5854,0.5283,0,0,0,0,0,-0.0102,-0.0734,0.0013,-0.0524,-0.0524,-0.0057,-0.0573,-0.0063,-0.0404,-0.0404,0.0189,0.0074,-0.0024,0.0118,-0.0819,-0.119,-0.0491,-0.0522,-0.0012,0.0103,-0.0032,-0.0363,-0.0132,-0.0337,-0.0032,-0.0174,-0.0583,0.0006,-0.0211,-0.0424,-0.02,-0.0211,0.0035,-0.0054,-0.0344,-0.0544,-0.0356,-0.0218,-0.0027,0.0075,-0.0083,-0.1351,0.0161,-0.1047,-0.1003,-0.0141,-0.1407,0.0079,-0.0877,-0.1,-0.0005,0.0198,0.0005,0.0174,-0.0003,-0.0042,-0.0122,-0.0972,0.0009,-0.0786,-0.064,-0.0109,-0.085,-0.0065,-0.0751,-0.0621,-0.0068,0.0015,-0.0124,-0.0105,-0.0105,0.0126,-0.0144,True,True
DTC_R_5,LanSi,1,CW_01,B,2026-03-31 10:40:28+08:00,ONLINE,False,,CW_1_01,FAIL,SFR_VIS_25cm_Ny4_06F_ROI14;SFR_VIS_25cm_Ny4_06F_Min;SFR_VIS_25cm_Ny4_01F_ROI2_Dev;SFR_VIS_25cm_Ny4_01F_Min_Dev,sfr_25Algo,51.699487,_2026033110402822101,T20260331104028,DESKTOP-P2DUL42,Loma,1,CW_1_01,1,paul di,2024.0718.155524,V20260126.2,CW_DTCL_DTCR_STC,T20260331104119,51.699487,True,True,True,True,True,True,True,4S2RND0HBL0DP6,v1.0.1,2025_12_22,315.1087,316.1739,475.25,296.7426,295.4726,148.2945,149.1655,336.0345,335.6345,485.4,-5.3737,-2.9709,-0.0001,-0.0,-0.2202,1.5538,-0.2186,1.5496,0.6661,151.6455,150.7041,152.3555,154.3213,152.2566,0.8736,0.7466,0.871,0.7906,0.7466,0.8291,0.713,0.8148,0.774,0.713,0.8209,0.7854,0.801,0.8119,0.703,0.6575,0.7972,0.7729,0.6575,0.8238,0.7986,0.7846,0.393,0.393,0.8296,0.7394,0.7372,0.8277,0.8067,0.7382,0.8279,0.8436,0.7372,0,0,0,0,0,v1.0.1,2025_12_22,315.0719,316.1439,476.3688,296.6241,295.137,147.2192,148.0828,336.2345,335.723,486.4189,-5.4233,-2.9719,-0.0001,-0.0,-0.2199,1.5528,-0.2192,1.5496,0.6658,158.3604,153.2314,162.8896,163.167,159.4121,0.7027,0.6439,0.7142,0.6859,0.6439,0.6763,0.6309,0.6684,0.6561,0.6309,0.6477,0.6482,0.6395,0.6533,0.6064,0.5735,0.6405,0.6319,0.5735,0.6628,0.6515,0.6707,0.1956,0.1956,0.6436,0.632,0.6278,0.6726,0.6655,0.5292,0.6475,0.6837,0.5292,0,0,0,0,0,v1.0.1,2025_12_22,316.9057,327.5,441.6957,312.6,302.4127,195.8968,188.1639,341.5164,331.5,456.5,-3.3644,7.3026,-0.0,0.0001,-0.2183,1.5606,-0.2079,1.5576,0.673,172.6201,174.1211,176.0176,176.7666,174.8813,0.801,0.6119,0.8109,0.6417,0.6119,0.7545,0.5853,0.7462,0.6696,0.5853,0.7774,0.7229,0.7418,0.7376,0.7229,0.7395,0.6465,0.7361,0,0.6465,0,0,0,0,0,v1.0.1,2025_12_22,316.9151,327.6698,442.5263,312.5263,302.24,195.12,187.2459,341.6311,331.5431,457.3276,-3.4059,7.355,-0.0,0.0001,-0.2195,1.56,-0.2067,1.5579,0.6729,145.3164,140.0977,142.959,145.165,143.3845,0.667,0.5438,0.6744,0.573,0.5438,0.6337,0.5254,0.6248,0.5851,0.5254,0.6458,0.6123,0.6339,0.6134,0.6123,0.59,0.5479,0.5785,0.1907,0.1907,0,0,0,0,0,0.0013,-0.1263,-0.0047,-0.0827,-0.1257,0.0122,-0.1079,-0.0038,-0.0642,-0.1039,0.0077,-0.0311,-0.0078,0.0023,-0.0993,-0.152,-0.0014,-0.0394,-0.031,-0.0261,-0.0037,-0.0727,-0.0086,-0.0267,-0.0625,0.0075,-0.0502,0.0054,-0.0225,-0.0321,-0.0123,-0.009,-0.0234,-0.0208,-0.0442,-0.0966,0.0161,-0.0212,-0.0217,-0.001,0.0088,-0.1991,0.0113,-0.1592,-0.1803,-0.0007,-0.1817,-0.0167,-0.1108,-0.1699,0.0215,-0.0363,-0.0011,0.0084,-0.0029,-0.0031,0.0046,-0.1147,0.0027,-0.1035,-0.1147,-0.0072,-0.1242,-0.0183,-0.0554,-0.1151,0.0186,-0.0208,0.0154,-0.0095,-0.0062,-0.0108,-0.0106,True,True
DTC_L_6,LanSi,1,CW_01,C,2026-03-31 11:03:22+08:00,ONLINE,False,,CW_1_01,FAIL,SFR_VIS_25cm_Ny4_06F_ROI14;SFR_VIS_25cm_Ny4_06F_Min;SFR_VIS_25cm_Ny4_01F_ROI2_Dev;SFR_VIS_25cm_Ny4_03F_ROI6_Dev;SFR_VIS_25cm_Ny4_06F_ROI14_Dev,sfr_25Algo,51.1609973,_2026033111032203502,T20260331110322,DESKTOP-P2DUL42,Loma,1,CW_1_01,2,paul di,2024.0718.155524,V20260126.2,CW_DTCL_DTCR_STC,T20260331110413,51.1609973,True,True,True,True,True,True,True,4S2RND2HBL06DS,v1.0.1,2025_12_22,314.0602,323.7143,474.4737,303.2105,294.8792,153.0134,148.4832,343.4564,333.4058,489.3551,-6.4396,3.0499,-0.0001,0.0,-0.2266,1.5584,-0.2182,1.554,0.6669,152.1602,150.5322,148.4512,151.4277,150.6428,0.8434,0.7399,0.8341,0.7617,0.7399,0.7806,0.6801,0.7746,0.7414,0.6801,0.8128,0.7766,0.8101,0.7654,0.7468,0.6128,0.7355,0.674,0.6128,0.821,0.577,0.7396,0.8085,0.577,0.8456,0.7347,0.7313,0.795,0.8284,0.8203,0.7946,0.7754,0.7313,0,0,0,0,0,v1.0.1,2025_12_22,314.1079,323.777,475.6618,303.1176,294.7386,151.9804,147.396,343.5369,333.695,490.3262,-6.3802,3.0476,-0.0001,0.0,-0.2267,1.558,-0.2175,1.5532,0.6668,159.5889,154.8389,160.5244,159.8145,158.6917,0.6794,0.6538,0.6915,0.6808,0.6538,0.6602,0.6028,0.6442,0.6445,0.6028,0.6546,0.6541,0.6511,0.6325,0.6252,0.5774,0.6136,0.5944,0.5774,0.6626,0.5246,0.6173,0.6705,0.5246,0.6738,0.629,0.6142,0.654,0.6688,0.6916,0.6652,0.6395,0.6142,0,0,0,0,0,v1.0.1,2025_12_22,312.4486,315.8692,437.5948,301.5948,298.5,185.3898,184.3697,330.4622,326.6975,445.7731,-7.5779,-3.6822,-0.0001,-0.0,-0.2131,1.5638,-0.2129,1.561,0.6747,171.6514,173.1211,171.0146,171.2383,171.7563,0.7835,0.6103,0.7967,0.6455,0.6103,0.7378,0.5837,0.7241,0.6416,0.5837,0.7541,0.697,0.7422,0.6959,0.6959,0.7411,0,0.625,0.7131,0.625,0,0,0,0,0,v1.0.1,2025_12_22,312.3241,315.7778,438.5221,301.5487,298.453,184.4786,183.479,330.4538,326.641,446.5128,-7.6162,-3.7457,-0.0001,-0.0,-0.2118,1.565,-0.2129,1.5612,0.6754,147.6152,142.5186,141.4492,144.7324,144.0789,0.6575,0.5494,0.6601,0.5786,0.5494,0.6246,0.5412,0.6076,0.5687,0.5412,0.6261,0.608,0.621,0.5922,0.5922,0.5899,0.5121,0.5378,0.5779,0.5121,0,0,0,0,0,0.0057,-0.1237,-0.0123,-0.0605,-0.0823,-0.0039,-0.1324,-0.026,-0.0367,-0.098,0.0046,-0.0297,-0.0012,0.0052,-0.0761,-0.2101,-0.054,-0.07,0.0022,-0.0788,0.0055,-0.0611,-0.0088,-0.031,-0.0201,-0.0081,-0.0781,-0.0208,-0.0206,-0.0622,-0.0092,-0.0183,0.0052,0.0003,-0.035,-0.0834,-0.0443,-0.0333,-0.0137,-0.0528,0.0037,-0.2089,0.0056,-0.1387,-0.1695,-0.0029,-0.1977,-0.0204,-0.1028,-0.157,-0.0088,-0.0516,-0.006,0.0124,0.0119,-0.1076,0.0074,-0.1339,-0.0077,-0.1034,-0.1007,0.0007,-0.1056,-0.0186,-0.0707,-0.0827,-0.0142,-0.0272,-0.0146,-0.0118,-0.0118,0.0044,-0.0635,True,True
DTC_R_6,LanSi,1,CW_01,C,2026-03-31 11:03:22+08:00,ONLINE,False,,CW_1_01,PASS,,,51.1699722,_2026033111032204201,T20260331110322,DESKTOP-P2DUL42,Loma,1,CW_1_01,1,paul di,2024.0718.155524,V20260126.2,CW_DTCL_DTCR_STC,T20260331110413,51.1699722,True,True,True,True,True,True,True,4S2RND2HBL0DP6,v1.0.1,2025_12_22,315,316.1606,475.2741,296.7852,295.3425,148.2397,149,336,335.7055,484.7123,-5.4356,-3.1204,-0.0001,-0.0,-0.2198,1.5537,-0.2184,1.548,0.6659,154.458,151.9092,152.0068,154.418,153.198,0.8586,0.7595,0.871,0.7742,0.7595,0.8084,0.7267,0.8242,0.7702,0.7267,0.8192,0.8191,0.8108,0.8045,0.6981,0.7093,0.8026,0.7705,0.6981,0.8423,0.7957,0.8009,0.4769,0.4769,0.8504,0.7641,0.7522,0.8157,0.7994,0.579,0.8272,0.8506,0.579,0,0,0,0,0,v1.0.1,2025_12_22,315,316.0863,476.2993,296.635,295.1497,147.1701,147.9583,336.0208,335.8467,485.7867,-5.4492,-3.1602,-0.0001,-0.0,-0.2195,1.5533,-0.2183,1.548,0.6659,159.7461,154.3838,163.0098,162.4873,159.9067,0.7041,0.6518,0.7187,0.6686,0.6518,0.6751,0.6246,0.676,0.6547,0.6246,0.6587,0.6565,0.655,0.6606,0.6125,0.6294,0.6367,0.6295,0.6125,0.6716,0.6513,0.6815,0.1674,0.1674,0.6491,0.655,0.6416,0.6718,0.6592,0.5653,0.6453,0.6806,0.5653,0,0,0,0,0,v1.0.1,2025_12_22,316.8972,327.3832,441.7168,312.6814,302.4567,195.8819,188.122,341.3333,331.4833,455.875,-3.3648,7.131,-0.0,0.0001,-0.2167,1.5609,-0.2074,1.5572,0.6735,174.9229,174.6035,175.0723,176.2998,175.2246,0.7941,0.6032,0.8187,0.6438,0.6032,0.7645,0.5944,0.7647,0.6688,0.5944,0.7619,0.7703,0.7493,0.7495,0.7493,0.7465,0.6648,0.7361,0,0.6648,0,0,0,0,0,v1.0.1,2025_12_22,316.9813,327.5514,442.4779,312.5487,302.2857,195.1349,187.2541,341.5656,331.5948,456.7414,-3.3812,7.2084,-0.0,0.0001,-0.2185,1.5598,-0.2071,1.5576,0.673,146.5029,141.1973,143.125,144.7793,143.9011,0.6669,0.5375,0.6768,0.5697,0.5375,0.6469,0.5288,0.6336,0.5731,0.5288,0.6256,0.6382,0.6266,0.6123,0.6123,0.5981,0.554,0.5889,0.3721,0.3721,0,0,0,0,0,-0.0137,-0.1134,-0.0047,-0.0991,-0.1128,-0.0085,-0.0942,0.0056,-0.068,-0.0902,0.006,0.0026,0.002,-0.0051,-0.1042,-0.1002,0.004,-0.0418,-0.0125,-0.0098,-0.0023,-0.0648,-0.0041,-0.044,-0.0546,0.0063,-0.0565,0.013,-0.0239,-0.0384,-0.0013,-0.0007,-0.0079,-0.0135,-0.0381,-0.0407,0.0123,-0.0236,-0.0129,0.0098,0.0019,-0.2078,0.0191,-0.1571,-0.189,0.0093,-0.1726,0.0018,-0.1116,-0.1608,0.006,0.0111,0.0064,0.0203,0.0041,-0.0031,0.0045,-0.121,0.0051,-0.1068,-0.121,0.006,-0.1208,-0.0095,-0.0674,-0.1117,-0.0016,0.0051,0.0081,-0.0106,-0.0062,-0.0027,-0.0002,True,True
DTC_R_7,LanSi,1,CW_01,A,2026-03-31 11:22:17+08:00,ONLINE,False,,CW_1_01,PASS,,,51.9552668,_2026033111221792701,T20260331112217,DESKTOP-P2DUL42,Loma,1,CW_1_01,1,paul di,2024.0718.155524,V20260126.2,CW_DTCL_DTCR_STC,T20260331112309,51.9552668,True,True,True,True,True,True,True,4S2RND2HBL0DP6,v1.0.1,2025_12_22,315,316.3657,474.7464,296.3551,295.2138,147.1172,149.2303,336.4342,335,484,-5.6619,-3.4456,-0.0001,-0.0,-0.2241,1.5539,-0.22,1.5515,0.6653,154.4531,151.583,151.7393,154.4268,153.0505,0.8608,0.8172,0.8667,0.8123,0.8123,0.8174,0.7349,0.8187,0.742,0.7349,0.8091,0.7921,0.8047,0.8191,0.7486,0.7258,0.7515,0.6782,0.6782,0.8373,0.8064,0.8043,0.98,0.8043,0.8388,0.7889,0.781,0.8339,0.8189,0.8719,0.6857,0.8346,0.6857,0,0,0,0,0,v1.0.1,2025_12_22,314.8705,316.3165,475.8467,296.1898,295.1233,146.1301,148.0397,336.5232,335.0839,485,-5.7072,-3.4681,-0.0001,-0.0,-0.2239,1.5548,-0.22,1.551,0.6655,159.75,154.7539,162.7686,162.1689,159.8604,0.7082,0.693,0.7129,0.6855,0.6855,0.6857,0.6328,0.6683,0.6434,0.6328,0.6496,0.6433,0.6532,0.6578,0.6259,0.6234,0.606,0.5937,0.5937,0.6861,0.6629,0.6512,0.0637,0.0637,0.6512,0.6548,0.6526,0.661,0.6519,0.5917,0.6057,0.6842,0.5917,0,0,0,0,0,v1.0.1,2025_12_22,316.8692,327.7009,441.3333,312.5351,302.2857,195.1349,188.0492,342.0164,331,456,-3.5925,7.1775,-0.0,0.0001,-0.2207,1.5607,-0.2102,1.5606,0.6726,175.4375,174.6289,174.9355,177.002,175.501,0.7971,0.7024,0.8133,0.6832,0.6832,0.7592,0.6297,0.7753,0.603,0.603,0.7695,0.7514,0.7522,0.7341,0.7341,0.753,0.6626,0.7395,0,0.6626,0,0,0,0,0,v1.0.1,2025_12_22,316.785,327.8598,442.0183,312.5505,302.136,194.368,187.1393,342.2869,331.1081,456.7838,-3.6626,7.2698,-0.0,0.0001,-0.2211,1.561,-0.2103,1.5596,0.6723,146.7598,141.4307,143.3135,144.5625,144.0166,0.6651,0.597,0.6837,0.598,0.597,0.6408,0.5615,0.6479,0.5477,0.5477,0.6074,0.6114,0.6276,0.6253,0.6074,0.5954,0.5449,0.5809,0.3043,0.3043,0,0,0,0,0,-0.0115,-0.0557,-0.009,-0.061,-0.06,0.0005,-0.086,0.0001,-0.0962,-0.082,-0.0041,-0.0244,-0.0041,0.0095,-0.0537,-0.0837,-0.0471,-0.1341,-0.0175,-0.0064,0.0018,-0.0236,-0.0099,-0.0271,-0.0209,0.0169,-0.0483,0.0053,-0.0352,-0.0302,-0.0104,-0.0139,-0.0097,-0.0163,-0.0247,-0.0467,-0.0184,-0.0594,0.0016,-0.0205,0.0049,-0.1086,0.0137,-0.1177,-0.109,0.004,-0.1373,0.0124,-0.1774,-0.1522,0.0136,-0.0078,0.0093,0.0049,0.0106,0.0003,0.0027,-0.0615,0.012,-0.0785,-0.0615,-0.0001,-0.0881,0.0048,-0.0928,-0.0928,-0.0198,-0.0217,0.0091,0.0024,-0.0111,-0.0054,-0.0082,True,True
DTC_L_7,LanSi,1,CW_01,A,2026-03-31 11:22:17+08:00,ONLINE,False,,CW_1_01,PASS,,,51.9432985,_2026033111221793902,T20260331112217,DESKTOP-P2DUL42,Loma,1,CW_1_01,2,paul di,2024.0718.155524,V20260126.2,CW_DTCL_DTCR_STC,T20260331112309,51.9432985,True,True,True,True,True,True,True,4S2RND2HBL06DS,v1.0.1,2025_12_22,313.7778,323.1333,473.8905,302.781,294.2953,151.4631,147.6184,343.2895,332.9507,490.2042,-6.9935,2.6742,-0.0001,0.0,-0.2259,1.5573,-0.2202,1.556,0.6668,154.5439,150.624,148.5742,153.5479,151.8225,0.8263,0.7738,0.8375,0.777,0.7738,0.7826,0.7408,0.7933,0.7486,0.7408,0.8194,0.8113,0.8089,0.7679,0.7337,0.6997,0.7608,0.7179,0.6997,0.8202,0.98,0.7926,0.8283,0.7926,0.8347,0.7806,0.7713,0.8448,0.8291,0.8151,0.7973,0.7618,0.7618,0,0,0,0,0,v1.0.1,2025_12_22,313.8467,323.1898,474.9643,302.6357,294.098,150.5425,146.543,343.3974,333.0493,491.2042,-6.9997,2.6939,-0.0001,0.0,-0.2264,1.5564,-0.2197,1.5565,0.6667,158.5801,154.6689,160.71,159.2207,158.2949,0.6848,0.6664,0.6963,0.6918,0.6664,0.6595,0.6138,0.6486,0.6362,0.6138,0.652,0.6521,0.6505,0.6409,0.6163,0.6311,0.6291,0.6067,0.6067,0.6648,0.4916,0.6667,0.6841,0.4916,0.6667,0.6536,0.6355,0.6663,0.6734,0.6882,0.663,0.603,0.603,0,0,0,0,0,v1.0.1,2025_12_22,312,315.3962,437.0531,301.1593,298.0333,184.0417,183.5285,330.1382,326.0769,446.1709,-8.1616,-4.1187,-0.0001,-0.0,-0.2128,1.5644,-0.2137,1.5631,0.6752,174.8809,173.8799,171.8447,174.0977,173.6758,0.7765,0.6717,0.7948,0.6571,0.6571,0.7338,0.6302,0.7516,0.6562,0.6302,0.7753,0.7664,0.7539,0.7032,0.7032,0.7383,0,0.7122,0.7374,0.7122,0,0,0,0,0,v1.0.1,2025_12_22,312,315.3962,437.9554,300.8929,298.0508,183.2458,182.5847,330.3475,326.1917,447.125,-8.1435,-4.0985,-0.0001,-0.0,-0.2141,1.5651,-0.2145,1.563,0.6749,146.3311,142.1758,141.4707,144.0352,143.5032,0.646,0.5802,0.6641,0.5879,0.5802,0.6246,0.5338,0.6214,0.5767,0.5338,0.6435,0.6305,0.6342,0.6093,0.6093,0.5899,0.548,0.5653,0.5671,0.548,0,0,0,0,0,-0.0114,-0.0898,-0.0089,-0.0452,-0.0484,-0.0019,-0.0717,-0.0073,-0.0295,-0.0373,0.0112,0.005,-0.0024,0.0077,-0.0892,-0.1232,-0.0287,-0.0261,0.0014,-0.0258,0.0109,-0.0485,-0.004,-0.02,-0.0075,-0.0088,-0.0671,-0.0164,-0.0289,-0.0512,-0.0118,-0.0203,0.0046,0.0087,-0.0439,-0.0297,-0.0288,-0.021,-0.0115,-0.0034,-0.0033,-0.1475,0.0037,-0.1271,-0.1227,-0.0069,-0.1512,0.0071,-0.0882,-0.1105,0.0124,0.0178,0.0057,0.0197,0.0091,-0.0204,-0.0041,-0.1031,-0.0037,-0.0941,-0.0699,0.0007,-0.113,-0.0048,-0.0627,-0.0901,0.0032,-0.0047,-0.0014,0.0053,0.0053,0.0044,-0.036,True,True
DTC_L_8,LanSi,1,CW_01,B,2026-03-31 11:24:09+08:00,ONLINE,False,,CW_1_01,PASS,,,51.5775001,_2026033111240961402,T20260331112409,DESKTOP-P2DUL42,Loma,1,CW_1_01,2,paul di,2024.0718.155524,V20260126.2,CW_DTCL_DTCR_STC,T20260331112501,51.5775001,True,True,True,True,True,True,True,4S2RND2HBL06DS,v1.0.1,2025_12_22,315.1679,321.2847,475.6045,300.194,296.0195,149.5649,149.9257,341.1959,334.6714,487.5,-5.2222,0.4479,-0.0001,0.0,-0.2302,1.5592,-0.2194,1.5535,0.6658,154.4619,150.8037,149.2314,154.1816,152.1697,0.8185,0.805,0.8418,0.7804,0.7804,0.7937,0.7478,0.7984,0.7485,0.7478,0.8305,0.8056,0.8145,0.7545,0.7254,0.7117,0.7429,0.685,0.685,0.8267,0.5593,0.8086,0.7819,0.5593,0.8431,0.8007,0.7489,0.8251,0.8169,0.7561,0.7718,0.7758,0.7489,0,0,0,0,0,v1.0.1,2025_12_22,315.2086,321.3669,476.6618,300.1176,296,148.6299,148.5973,341.3423,334.8,488.5857,-5.2465,0.5085,-0.0001,0.0,-0.2303,1.5595,-0.2188,1.5537,0.666,157.7129,154.5576,160.0605,159.0771,157.8521,0.6817,0.6824,0.6912,0.6856,0.6817,0.6511,0.638,0.6577,0.6455,0.638,0.65,0.6444,0.6659,0.6365,0.6116,0.6172,0.6257,0.6115,0.6115,0.6924,0.4968,0.6697,0.6589,0.4968,0.651,0.6614,0.617,0.6575,0.6771,0.6626,0.6596,0.641,0.617,0,0,0,0,0,v1.0.1,2025_12_22,313.5229,313.5505,438.7946,298.9196,299.9576,182.2119,185.4793,328.3802,327.7479,444.0504,-6.3995,-6.0775,-0.0001,-0.0001,-0.2157,1.5674,-0.2148,1.5617,0.6746,174.3848,173.9844,171.7803,174.4072,173.6392,0.7862,0.6873,0.7874,0.6631,0.6631,0.7316,0.6291,0.7495,0.626,0.626,0.7587,0.7454,0.7439,0.6827,0.6827,0.7381,0,0.7332,0.648,0.648,0,0,0,0,0,v1.0.1,2025_12_22,313.3578,313.5321,439.5714,298.8125,299.6529,181.6364,184.5,328.4068,327.8376,444.9145,-6.5161,-6.0395,-0.0001,-0.0001,-0.2156,1.5667,-0.2144,1.5605,0.6743,145.8213,142.334,140.8887,143.7549,143.1997,0.659,0.5883,0.6639,0.5852,0.5852,0.6062,0.5432,0.619,0.567,0.5432,0.6097,0.6323,0.644,0.5995,0.5995,0.606,0.5301,0.5832,0.5468,0.5301,0,0,0,0,0,-0.0192,-0.0586,-0.0046,-0.0418,-0.0418,0.0092,-0.0647,-0.0022,-0.0296,-0.0303,0.0223,-0.0007,0.0032,-0.0057,-0.0975,-0.1112,-0.0466,-0.059,0.0079,-0.0098,0.0078,-0.0325,-0.0091,-0.0262,0.0078,-0.0172,-0.0429,-0.0073,-0.0196,-0.027,-0.0138,-0.028,0.02,0.0043,-0.0486,-0.0436,-0.0322,-0.0162,0.0161,-0.0004,0.0064,-0.1319,-0.0037,-0.1211,-0.1167,-0.0091,-0.1523,0.005,-0.1184,-0.1147,-0.0042,-0.0032,-0.0043,-0.0008,0.0089,0.0006,0.0089,-0.095,-0.0039,-0.0968,-0.0649,-0.0177,-0.1036,-0.0072,-0.0724,-0.0807,-0.0306,-0.0029,0.0084,-0.0045,-0.0045,0.0205,-0.0181,True,True
DTC_R_8,LanSi,1,CW_01,B,2026-03-31 11:24:09+08:00,ONLINE,False,,CW_1_01,PASS,,,51.460812,_2026033111240973901,T20260331112409,DESKTOP-P2DUL42,Loma,1,CW_1_01,1,paul di,2024.0718.155524,V20260126.2,CW_DTCL_DTCR_STC,T20260331112501,51.460812,True,True,True,True,True,True,True,4S2RND2HBL0DP6,v1.0.1,2025_12_22,314.9708,316.7664,474.7591,296.8467,295.1497,147.1701,149.1284,336.8514,335.2113,484.4085,-5.6562,-3.0914,-0.0001,-0.0,-0.2235,1.5539,-0.22,1.5501,0.6651,154.8477,152.9395,152.8516,154.6875,153.8315,0.8626,0.8213,0.8683,0.8142,0.8142,0.814,0.7677,0.8185,0.7733,0.7677,0.8147,0.8031,0.813,0.8112,0.7543,0.7539,0.7035,0.7184,0.7035,0.8402,0.7939,0.804,0.98,0.7939,0.8559,0.771,0.7744,0.8156,0.8224,0.7592,0.7566,0.8365,0.7566,0,0,0,0,0,v1.0.1,2025_12_22,314.9574,316.844,475.8261,296.6667,295.1419,146.2162,148,337,335.2828,485.3862,-5.6584,-3.0774,-0.0001,-0.0,-0.2243,1.5547,-0.2196,1.5503,0.6653,160.5156,154.1719,162.6816,163.0947,160.116,0.697,0.6889,0.7069,0.697,0.6889,0.6809,0.6449,0.6836,0.6334,0.6334,0.6445,0.6487,0.6531,0.6656,0.6405,0.631,0.5881,0.6192,0.5881,0.6862,0.6686,0.6524,0.4722,0.4722,0.6585,0.6592,0.6553,0.6864,0.6639,0.6408,0.6429,0.6624,0.6408,0,0,0,0,0,v1.0.1,2025_12_22,316.8774,328.0472,441.2589,312.8929,302.4,195.096,188.1694,342.3145,331.3393,456.4196,-3.491,7.454,-0.0,0.0001,-0.2207,1.5618,-0.2099,1.5581,0.6723,175.3184,175.6875,175.917,176.8496,175.9431,0.7987,0.691,0.8115,0.6884,0.6884,0.7633,0.6303,0.7675,0.667,0.6303,0.7539,0.7523,0.7541,0.7205,0.7205,0.7619,0.6688,0.7305,0,0.6688,0,0,0,0,0,v1.0.1,2025_12_22,316.8381,328.0857,442.0536,313,302.256,194.416,187.4262,342.5,331.4107,457.3571,-3.5031,7.5718,-0.0,0.0001,-0.2194,1.5616,-0.2104,1.558,0.6725,146.8389,141.1328,143.1084,144.998,144.0195,0.6548,0.6001,0.6688,0.5997,0.5997,0.6309,0.5666,0.6462,0.569,0.5666,0.6284,0.6183,0.6356,0.6279,0.6183,0.6011,0.5433,0.578,0.5471,0.5433,0,0,0,0,0,-0.0097,-0.0516,-0.0074,-0.0591,-0.0581,-0.0029,-0.0532,-0.0001,-0.0649,-0.0492,0.0015,-0.0134,0.0042,0.0016,-0.048,-0.0556,-0.0951,-0.0939,-0.0146,-0.0067,-0.0094,-0.0277,-0.0159,-0.0156,-0.0175,0.0121,-0.0362,0.0206,-0.0452,-0.0296,-0.0155,-0.0085,-0.0098,-0.0085,-0.0101,-0.0391,-0.0363,-0.0339,0.0017,-0.0193,0.0065,-0.12,0.0119,-0.1125,-0.1038,0.0081,-0.1367,0.0046,-0.1134,-0.1249,-0.002,-0.0069,0.0112,-0.0087,0.0195,-0.0087,-0.0076,-0.0584,-0.0029,-0.0768,-0.0588,-0.01,-0.083,0.0031,-0.0715,-0.0739,0.0012,-0.0148,0.0171,0.005,-0.0002,0.0003,-0.0111,True,True
DTC_L_9,LanSi,1,CW_01,C,2026-03-31 11:55:48+08:00,ONLINE,False,,CW_1_01,PASS,,,51.9255486,_2026033111554864302,T20260331115548,DESKTOP-P2DUL42,Loma,1,CW_1_01,2,paul di,2024.0718.155524,V20260126.2,CW_DTCL_DTCR_STC,T20260331115640,51.9255486,True,True,True,True,True,True,True,4S2RND2HBL06DS,v1.0.1,2025_12_22,314.0815,322.7926,474.2574,302.1985,294.8667,151.88,148.0397,342.5232,333.259,489.1583,-6.5992,2.2105,-0.0001,0.0,-0.2274,1.5583,-0.2178,1.5555,0.6672,154.3574,150.2959,148.7588,153.7148,151.7817,0.8249,0.7863,0.847,0.7862,0.7862,0.7825,0.7542,0.7998,0.7383,0.7383,0.8178,0.8014,0.8015,0.7841,0.7725,0.6619,0.7535,0.692,0.6619,0.8156,0.5695,0.8208,0.8103,0.5695,0.8365,0.785,0.7857,0.8286,0.8208,0.7863,0.8035,0.7687,0.7687,0,0,0,0,0,v1.0.1,2025_12_22,314.0429,322.8929,475.3309,302.0735,294.6776,150.8553,146.9392,342.7027,333.3885,490.1511,-6.6242,2.2351,-0.0001,0.0,-0.2279,1.5582,-0.2175,1.5551,0.667,158.0312,154.4961,160.2559,159.0469,157.9575,0.6859,0.6626,0.7074,0.6939,0.6626,0.6639,0.6402,0.6432,0.6575,0.6402,0.6428,0.65,0.6469,0.6252,0.6416,0.5943,0.632,0.6069,0.5943,0.66,0.5304,0.6692,0.6792,0.5304,0.6563,0.6413,0.6303,0.67,0.6593,0.6487,0.674,0.6209,0.6209,0,0,0,0,0,v1.0.1,2025_12_22,312.233,315,437.4522,300.6174,298.4355,183.9677,183.878,329.5447,326.453,445.4786,-7.8097,-4.5783,-0.0001,-0.0,-0.2138,1.5654,-0.2123,1.5617,0.6752,174.4502,173.5674,171.7422,174.0244,173.446,0.7856,0.6603,0.7984,0.6584,0.6584,0.7378,0.6387,0.7552,0.6574,0.6387,0.7549,0.7602,0.7463,0.7005,0.7005,0.7285,0,0.7239,0.6877,0.6877,0,0,0,0,0,v1.0.1,2025_12_22,312.3366,315,438.3826,300.5478,298.3689,183.1393,183.0161,329.5726,326.4661,446.2203,-7.7859,-4.604,-0.0001,-0.0,-0.2136,1.5647,-0.2117,1.563,0.6756,146.2266,141.7275,140.9072,143.668,143.1323,0.6454,0.5713,0.6687,0.5996,0.5713,0.6235,0.5385,0.6234,0.5815,0.5385,0.6215,0.6256,0.6301,0.6055,0.6055,0.5958,0.5399,0.5826,0.561,0.5399,0,0,0,0,0,-0.0128,-0.0773,0.0006,-0.036,-0.036,-0.002,-0.0583,-0.0008,-0.0398,-0.0398,0.0096,-0.0049,-0.0098,0.0239,-0.0504,-0.161,-0.036,-0.052,-0.0032,0.0024,0.012,-0.0523,0.0071,-0.0179,-0.0113,-0.0044,-0.0407,-0.0218,-0.0076,-0.0248,-0.021,-0.0224,0.001,-0.007,-0.0186,-0.0665,-0.0259,-0.0208,-0.0163,-0.0009,0.0058,-0.1589,0.0073,-0.1258,-0.1214,-0.0029,-0.1427,0.0107,-0.087,-0.102,-0.008,0.0116,-0.0019,0.017,-0.0007,-0.0087,-0.0047,-0.112,0.0009,-0.0824,-0.0788,-0.0004,-0.1083,-0.0028,-0.0579,-0.0854,-0.0188,-0.0096,-0.0055,0.0015,0.0015,0.0103,-0.0187,True,True
DTC_R_9,LanSi,1,CW_01,C,2026-03-31 11:55:48+08:00,ONLINE,False,,CW_1_01,PASS,,,51.9215611,_2026033111554863201,T20260331115548,DESKTOP-P2DUL42,Loma,1,CW_1_01,1,paul di,2024.0718.155524,V20260126.2,CW_DTCL_DTCR_STC,T20260331115640,51.9215611,True,True,True,True,True,True,True,4S2RND2HBL0DP6,v1.0.1,2025_12_22,315.2148,317.7778,475.5,298.1667,295.7329,149.4315,149.3467,337.7667,335.8792,485.0805,-5.1653,-1.8554,-0.0001,-0.0,-0.2212,1.5551,-0.2194,1.5474,0.6655,154.1924,151.4893,152.0605,154.3262,153.0171,0.8745,0.7784,0.8786,0.7621,0.7621,0.8071,0.7404,0.8189,0.7493,0.7404,0.7906,0.8236,0.7995,0.8221,0.7154,0.7177,0.76,0.6967,0.6967,0.7278,0.7848,0.8104,0.9861,0.7278,0.8309,0.758,0.766,0.8333,0.769,0.6952,0.8395,0.8295,0.6952,0,0,0,0,0,v1.0.1,2025_12_22,315.1752,317.7153,476.6765,298.0368,295.5436,148.4027,148.1918,337.8973,335.9122,486.0473,-5.2002,-1.8801,-0.0001,-0.0,-0.2207,1.5548,-0.2198,1.5477,0.6655,159.5234,154.8174,162.9277,162.3438,159.9031,0.7011,0.6587,0.7071,0.6599,0.6587,0.6713,0.6308,0.6593,0.6478,0.6308,0.6314,0.6534,0.648,0.6487,0.6092,0.6451,0.6231,0.6133,0.6092,0.6377,0.6556,0.6825,0.043,0.043,0.658,0.6472,0.6393,0.6769,0.6502,0.4112,0.6419,0.6784,0.4112,0,0,0,0,0,v1.0.1,2025_12_22,317.0762,328.9238,442,314.1607,302.5433,197.1181,188.3415,343.0894,331.5478,456.513,-3.1982,8.461,-0.0,0.0001,-0.2171,1.5605,-0.2091,1.5573,0.6729,174.9023,174.583,175.2734,176.3779,175.2842,0.8071,0.6269,0.8123,0.5773,0.5773,0.7573,0.6162,0.7681,0.6271,0.6162,0.7643,0.7649,0.7431,0.7411,0.7411,0.6825,0.6588,0.7215,0,0.6588,0,0,0,0,0,v1.0.1,2025_12_22,317,329,442.7156,313.9541,302.3333,196.2602,187.4492,343.322,331.6552,457.3793,-3.2693,8.4831,-0.0,0.0001,-0.2186,1.5602,-0.2096,1.5566,0.6722,146.457,141.6846,143.4551,144.541,144.0344,0.6609,0.5539,0.669,0.5118,0.5118,0.6416,0.5507,0.6451,0.5565,0.5507,0.6206,0.6307,0.6302,0.6445,0.6206,0.522,0.5435,0.5672,0.2103,0.2103,0,0,0,0,0,0.0022,-0.0945,0.0029,-0.1112,-0.1102,-0.0098,-0.0805,0.0003,-0.0889,-0.0765,-0.0226,0.0071,-0.0093,0.0125,-0.0869,-0.0918,-0.0386,-0.1156,-0.127,-0.0003,-0.0053,-0.0579,-0.0157,-0.0527,-0.0477,0.0025,-0.0503,-0.0037,-0.0308,-0.0322,-0.0286,-0.0038,-0.0149,-0.0254,-0.0414,-0.025,-0.0013,-0.0398,-0.0468,0.0108,0.0149,-0.1841,0.0127,-0.2236,-0.2149,0.0021,-0.1508,0.0052,-0.1533,-0.139,0.0084,0.0057,0.0002,0.0119,-0.0599,-0.0177,-0.0015,-0.1046,-0.0027,-0.1647,-0.1467,0.0007,-0.0989,0.002,-0.084,-0.0898,-0.0066,-0.0024,0.0117,0.0216,0.0021,-0.0788,-0.0219,True,True
DTC_L_10,LanSi,1,CW_01,A,2026-03-31 13:47:28+08:00,ONLINE,False,,CW_1_01,PASS,,,51.3434083,_2026033113472820202,T20260331134728,DESKTOP-P2DUL42,Loma,1,CW_1_01,2,paul di,2024.0718.155524,V20260126.2,CW_DTCL_DTCR_STC,T20260331134819,51.3434083,True,True,True,True,True,True,True,4S2RND2HBL06DS,v1.0.1,2025_12_22,315.1397,322.3235,475.4741,301.4593,296.3243,151.5,149.6533,342.2333,334.5338,487.9624,-5.2749,1.5957,-0.0001,0.0,-0.2289,1.5606,-0.2192,1.5537,0.6665,153.9873,149.9785,148.208,153.1592,151.3333,0.8184,0.7663,0.8437,0.7755,0.7663,0.7862,0.7402,0.7999,0.7276,0.7276,0.8083,0.8169,0.8197,0.7751,0.7279,0.6743,0.7532,0.6737,0.6737,0.8087,0.5972,0.8167,0.7895,0.5972,0.8444,0.7137,0.7047,0.8289,0.8211,0.7616,0.772,0.762,0.7047,0,0,0,0,0,v1.0.1,2025_12_22,315.1655,322.3813,476.695,301.3759,296.1316,150.5724,148.5,342.4133,334.7153,488.9343,-5.2585,1.6354,-0.0001,0.0,-0.2288,1.5599,-0.2191,1.5534,0.6664,159.0615,154.7939,160.3867,160.3076,158.6375,0.6805,0.6547,0.6984,0.7038,0.6547,0.6549,0.6336,0.6491,0.6403,0.6336,0.6547,0.646,0.6591,0.6388,0.6219,0.6102,0.6336,0.6066,0.6066,0.6958,0.5073,0.6679,0.6729,0.5073,0.6421,0.6061,0.6047,0.6881,0.6532,0.6499,0.6597,0.6233,0.6047,0,0,0,0,0,v1.0.1,2025_12_22,313.1509,314.5943,438.4956,299.9469,299.9667,183.9583,185.4538,329.3109,327.5,444.5,-6.5866,-5.0379,-0.0001,-0.0001,-0.2158,1.5697,-0.2142,1.5603,0.675,174.084,173.1836,171.083,173.9912,173.0854,0.7677,0.6402,0.7902,0.6564,0.6402,0.7406,0.6266,0.746,0.6262,0.6262,0.7655,0.7742,0.7619,0.6857,0.6857,0.7283,0,0.7163,0.6674,0.6674,0,0,0,0,0,v1.0.1,2025_12_22,313.217,314.5755,439.3393,299.9196,299.775,183.1667,184.479,329.4538,327.547,445.4786,-6.6285,-4.9812,-0.0001,-0.0,-0.2152,1.5683,-0.2145,1.5612,0.675,147.1846,142.2744,141.416,144.8369,143.928,0.6461,0.555,0.6696,0.5906,0.555,0.6216,0.5511,0.6155,0.5661,0.5511,0.6198,0.6267,0.6338,0.5997,0.5997,0.5803,0.4626,0.5909,0.5426,0.4626,0,0,0,0,0,-0.0193,-0.0973,-0.0027,-0.0467,-0.0559,0.0017,-0.0723,-0.0007,-0.0505,-0.0505,0.0001,0.0106,0.0084,0.0149,-0.095,-0.1486,-0.0363,-0.0703,-0.0101,-0.0017,0.0066,-0.0602,-0.0019,-0.008,-0.0192,-0.0134,-0.0473,-0.0159,-0.0248,-0.0314,-0.0091,-0.0264,0.0132,0.0066,-0.0383,-0.0506,-0.0243,-0.0211,0.0195,-0.0022,-0.0121,-0.179,-0.0009,-0.1278,-0.1396,-0.0001,-0.1548,0.0015,-0.1182,-0.1145,0.0026,0.0256,0.0137,0.0022,-0.0009,-0.0163,-0.004,-0.1283,0.0018,-0.0914,-0.0951,-0.0023,-0.0957,-0.0107,-0.0733,-0.0728,-0.0205,-0.0085,-0.0018,-0.0043,-0.0043,-0.0052,-0.0104,True,True
DTC_R_10,LanSi,1,CW_01,A,2026-03-31 13:47:28+08:00,ONLINE,False,,CW_1_01,PASS,,,51.2187418,_2026033113472835001,T20260331134728,DESKTOP-P2DUL42,Loma,1,CW_1_01,1,paul di,2024.0718.155524,V20260126.2,CW_DTCL_DTCR_STC,T20260331134819,51.2187418,True,True,True,True,True,True,True,4S2RND2HBL0DP6,v1.0.1,2025_12_22,314.8676,316.4191,474.7554,296.4029,295.1034,146.8138,149.2026,336.4706,335.1056,483.9577,-5.6931,-3.4872,-0.0001,-0.0,-0.224,1.5543,-0.2199,1.5501,0.6651,154.2744,151.7998,151.8799,154.2363,153.0476,0.8531,0.8083,0.8709,0.8031,0.8031,0.8227,0.7459,0.8204,0.7726,0.7459,0.8314,0.7997,0.8243,0.8157,0.7543,0.7434,0.7409,0.7187,0.7187,0.8433,0.8071,0.8137,0.98,0.8071,0.8504,0.773,0.7662,0.8222,0.8114,0.84,0.7534,0.8415,0.7534,0,0,0,0,0,v1.0.1,2025_12_22,314.922,316.383,475.8417,296.2878,295.0822,145.8562,148.0861,336.6026,335.2199,484.8794,-5.6696,-3.4982,-0.0001,-0.0,-0.2237,1.5545,-0.2201,1.5504,0.6653,160.0088,154.6377,162.7559,162.5244,159.9817,0.7057,0.6892,0.7124,0.6725,0.6725,0.6701,0.6371,0.6645,0.646,0.6371,0.6578,0.6429,0.6639,0.6557,0.6262,0.6291,0.6045,0.6087,0.6045,0.6786,0.6665,0.6607,0.2818,0.2818,0.6437,0.6397,0.6488,0.6709,0.67,0.6126,0.6438,0.6854,0.6126,0,0,0,0,0,v1.0.1,2025_12_22,316.729,327.785,441.2124,312.5487,302.16,195.088,188,342,331.0982,455.9464,-3.6601,7.1736,-0.0,0.0001,-0.2213,1.5609,-0.2095,1.5586,0.6722,175.1436,174.9922,175.3916,176.4424,175.4924,0.7839,0.7033,0.812,0.6421,0.6421,0.7578,0.6331,0.7709,0.6664,0.6331,0.7535,0.7525,0.7535,0.7293,0.7293,0.7415,0.6851,0.7206,0,0.6851,0,0,0,0,0,v1.0.1,2025_12_22,316.6604,327.934,441.9815,312.5926,302.0661,194.2645,187.122,342.3333,331.1892,456.7387,-3.6962,7.2726,-0.0,0.0001,-0.2213,1.5615,-0.2102,1.558,0.672,146.6328,141.5859,143.0967,144.625,143.9851,0.6572,0.6002,0.6809,0.5716,0.5716,0.6332,0.5749,0.6433,0.5822,0.5749,0.6327,0.625,0.6239,0.6262,0.6239,0.6111,0.5535,0.5915,0.4549,0.4549,0,0,0,0,0,-0.0192,-0.0646,-0.0048,-0.0702,-0.0692,0.0058,-0.075,0.0018,-0.0656,-0.071,0.0182,-0.0168,0.0155,0.0061,-0.048,-0.0661,-0.0577,-0.0936,-0.0115,0.003,-0.0007,-0.0274,-0.0104,-0.0401,-0.0339,0.0013,-0.044,0.0015,-0.0326,-0.0259,-0.0022,-0.0143,0.001,-0.0184,-0.0244,-0.041,-0.0199,-0.0444,-0.0059,-0.011,-0.0083,-0.1077,0.0124,-0.1588,-0.1501,0.0026,-0.1339,0.008,-0.114,-0.1221,-0.0024,-0.0067,0.0106,0.0001,-0.0009,-0.0186,-0.0052,-0.0583,0.0092,-0.1049,-0.0869,-0.0077,-0.0747,0.0002,-0.0583,-0.0656,0.0055,-0.0081,0.0054,0.0033,0.0054,0.0103,0.0024,True,True
DTC_R_11,LanSi,1,CW_01,B,2026-03-31 13:51:50+08:00,ONLINE,False,,CW_1_01,FAIL,SFR_VIS_25cm_Ny4_06F_ROI14;SFR_VIS_25cm_Ny4_06F_Min;IR_SFR_VIS_25cm_Ny4_06F_ROI14;IR_SFR_VIS_25cm_Ny4_06F_Min;SFR_VIS_25cm_Ny4_06F_ROI14_Dev,sfr_25Algo,51.8268825,_2026033113515084201,T20260331135150,DESKTOP-P2DUL42,Loma,1,CW_1_01,1,paul di,2024.0718.155524,V20260126.2,CW_DTCL_DTCR_STC,T20260331135242,51.8268825,True,True,True,True,True,True,True,4S2RND2HBL0DP6,v1.0.1,2025_12_22,314.9343,316.1533,474.7612,296.1791,295.1933,147.2867,149.2632,336.3487,335.1056,483.9577,-5.6485,-3.5149,-0.0001,-0.0,-0.2238,1.5539,-0.2208,1.5506,0.665,154.0537,151.3916,151.9824,154.4141,152.9604,0.8677,0.7977,0.8792,0.8297,0.7977,0.8136,0.7279,0.8197,0.7656,0.7279,0.8137,0.8167,0.8175,0.8128,0.6722,0.5988,0.7326,0.6763,0.5988,0.8328,0.8122,0.8143,0.98,0.8122,0.8503,0.7804,0.766,0.822,0.8083,0.8191,0.7708,0.8269,0.766,0,0,0,0,0,v1.0.1,2025_12_22,314.9209,316.1367,475.9137,296.1223,295.1544,146.2617,148.0789,336.5,335.1479,484.8944,-5.6569,-3.517,-0.0001,-0.0,-0.2232,1.5544,-0.2209,1.551,0.6653,159.4307,154.2461,162.6621,162.2236,159.6406,0.7074,0.6765,0.7129,0.7013,0.6765,0.6756,0.6339,0.6728,0.6545,0.6339,0.6521,0.645,0.6547,0.6565,0.5947,0.5507,0.6105,0.5996,0.5507,0.681,0.662,0.6683,0.2438,0.2438,0.6437,0.6635,0.6536,0.6754,0.6667,0.6504,0.6534,0.6881,0.6437,0,0,0,0,0,v1.0.1,2025_12_22,316.6972,327.6239,441.2389,312.4159,302.1917,194.975,188.0787,341.8504,331.0982,455.9464,-3.639,7.0623,-0.0,0.0001,-0.221,1.5614,-0.2096,1.5585,0.6723,174.6826,174.4561,175.0645,176.3242,175.1318,0.7924,0.67,0.8066,0.6895,0.67,0.7492,0.7194,0.7741,0.6503,0.6503,0.7554,0.7545,0.7521,0.7284,0.7284,0.7481,0.6747,0.7291,0,0.6747,0,0,0,0,0,v1.0.1,2025_12_22,316.6881,327.7248,441.9817,312.4495,302.0168,194.0924,187.1774,342.121,331.1081,456.7838,-3.7056,7.1343,-0.0,0.0001,-0.2208,1.5609,-0.2102,1.559,0.6722,146.3955,141.4072,143.2988,144.6992,143.9502,0.6567,0.5746,0.6762,0.602,0.5746,0.6408,0.6221,0.6424,0.5621,0.5621,0.629,0.6258,0.6527,0.6124,0.6124,0.5922,0.5545,0.592,0.4242,0.4242,0,0,0,0,0,-0.0046,-0.0752,0.0035,-0.0436,-0.0746,-0.0033,-0.093,0.0011,-0.0726,-0.089,0.0005,0.0002,0.0087,0.0032,-0.1301,-0.2107,-0.066,-0.136,-0.022,0.0036,0.001,-0.0401,-0.0099,-0.0113,-0.0299,0.0068,-0.0472,0.0098,-0.0241,-0.0291,-0.0079,-0.0122,-0.0082,-0.0176,-0.0559,-0.1194,-0.0139,-0.0535,-0.0035,-0.0034,0.0002,-0.141,0.007,-0.1114,-0.1222,-0.006,-0.0476,0.0112,-0.1301,-0.1049,-0.0005,-0.0047,0.0092,-0.0008,0.0057,-0.0101,-0.0057,-0.0839,0.0045,-0.0745,-0.0839,-0.0001,-0.0275,-0.0007,-0.0784,-0.0784,0.0018,-0.0073,0.0342,-0.0105,-0.0061,-0.0086,0.0029,True,True
DTC_L_11,LanSi,1,CW_01,B,2026-03-31 13:51:50+08:00,ONLINE,False,,CW_1_01,PASS,,,51.8488239,_2026033113515082502,T20260331135150,DESKTOP-P2DUL42,Loma,1,CW_1_01,2,paul di,2024.0718.155524,V20260126.2,CW_DTCL_DTCR_STC,T20260331135242,51.8488239,True,True,True,True,True,True,True,4S2RND2HBL06DS,v1.0.1,2025_12_22,314,322.5,474.458,301.8092,294.8041,151.3784,148.1216,342.277,333.2482,489.2057,-6.5736,1.934,-0.0001,0.0,-0.2277,1.5586,-0.2181,1.5553,0.667,154.0986,150.1143,148.6221,153.6992,151.6335,0.8223,0.7986,0.8352,0.7877,0.7877,0.7931,0.74,0.7983,0.7556,0.74,0.8144,0.8269,0.8209,0.7575,0.7159,0.6834,0.7803,0.6786,0.6786,0.8224,0.192,0.8293,0.8366,0.192,0.8403,0.7392,0.7082,0.8367,0.8367,0.827,0.8083,0.7874,0.7082,0,0,0,0,0,v1.0.1,2025_12_22,314,322.5,475.5401,301.6204,294.56,150.4467,147.04,342.3733,333.4507,490.2746,-6.5818,1.943,-0.0001,0.0,-0.228,1.5578,-0.218,1.5549,0.6667,159.3213,154.874,160.709,160.3047,158.8022,0.6812,0.682,0.6989,0.6813,0.6812,0.6653,0.6182,0.6511,0.6428,0.6182,0.6356,0.655,0.6569,0.6404,0.5961,0.6184,0.6501,0.5985,0.5961,0.6868,0.4738,0.6844,0.692,0.4738,0.6521,0.6236,0.6199,0.6744,0.67,0.6857,0.6677,0.6363,0.6199,0,0,0,0,0,v1.0.1,2025_12_22,312.0849,314.6698,437.469,300.2212,298.4545,183.7355,183.8279,329.3443,326.4167,445.3333,-7.8494,-4.8392,-0.0001,-0.0,-0.2142,1.5666,-0.2134,1.561,0.675,174.165,173.3467,171.501,174.1162,173.2822,0.7977,0.7034,0.7881,0.6801,0.6801,0.737,0.6193,0.7464,0.6466,0.6193,0.7748,0.7555,0.7595,0.6932,0.6932,0.7366,0,0.7189,0.7221,0.7189,0,0,0,0,0,v1.0.1,2025_12_22,312.0476,314.6286,438.2844,299.9541,298.3417,183.075,183,329.4127,326.3884,446.0909,-7.8876,-4.8677,-0.0001,-0.0,-0.2152,1.5665,-0.2135,1.5616,0.6748,147.0488,142.3477,141.5127,145.1201,144.0073,0.655,0.5933,0.6722,0.5975,0.5933,0.6239,0.5491,0.6227,0.5767,0.5491,0.6297,0.6242,0.6222,0.6048,0.6048,0.5965,0.5151,0.5669,0.5787,0.5151,0,0,0,0,0,-0.0154,-0.065,-0.0112,-0.0345,-0.0345,0.0086,-0.0725,-0.0023,-0.0225,-0.0381,0.0062,0.0206,0.0096,-0.0027,-0.107,-0.1395,-0.0092,-0.0654,0.0036,0.0109,0.0073,-0.0329,-0.0014,-0.0305,0.0073,-0.003,-0.0627,-0.0139,-0.0223,-0.0468,-0.0282,-0.0174,0.011,0.0082,-0.0641,-0.0424,-0.0078,-0.0292,0.0105,0.0143,0.0179,-0.1158,-0.003,-0.1041,-0.0997,-0.0037,-0.1621,0.0019,-0.0978,-0.1214,0.0119,0.0069,0.0113,0.0097,0.0074,-0.0137,0.0049,-0.09,0.0044,-0.0845,-0.0568,0,-0.0977,-0.0035,-0.0627,-0.0748,-0.0106,-0.011,-0.0134,0.0008,0.0008,0.011,-0.0344,True,True
DTC_L_12,LanSi,1,CW_01,C,2026-03-31 13:53:31+08:00,ONLINE,False,,CW_1_01,PASS,,,51.3676527,_2026033113533132502,T20260331135331,DESKTOP-P2DUL42,Loma,1,CW_1_01,2,paul di,2024.0718.155524,V20260126.2,CW_DTCL_DTCR_STC,T20260331135422,51.3676527,True,True,True,True,True,True,True,4S2RND2HBL06DS,v1.0.1,2025_12_22,314,323,474.3043,302.5,294.8013,151.7881,148.1419,342.7635,333.3688,489.4752,-6.5767,2.4054,-0.0001,0.0,-0.2267,1.5586,-0.2181,1.5545,0.6671,153.6895,149.667,147.3848,152.9023,150.9109,0.827,0.7756,0.8415,0.7716,0.7716,0.7822,0.753,0.7956,0.7461,0.7461,0.8128,0.8153,0.8047,0.76,0.7293,0.7055,0.7367,0.6861,0.6861,0.8155,0.98,0.8306,0.8455,0.8155,0.8372,0.7805,0.7844,0.8204,0.7795,0.7951,0.7771,0.7548,0.7548,0,0,0,0,0,v1.0.1,2025_12_22,314.0432,323,475.3309,302.3885,294.671,150.8129,147,343,333.5915,490.5,-6.5727,2.4403,-0.0001,0.0,-0.2266,1.5582,-0.2186,1.5541,0.6668,160.6475,155.9658,161.4268,162.0283,160.0171,0.6847,0.6701,0.6898,0.695,0.6701,0.658,0.6163,0.6647,0.6473,0.6163,0.6414,0.6464,0.6464,0.6413,0.614,0.6218,0.6303,0.6081,0.6081,0.6705,0.4887,0.6819,0.6761,0.4887,0.6627,0.673,0.6423,0.6598,0.6393,0.6851,0.6689,0.6204,0.6204,0,0,0,0,0,v1.0.1,2025_12_22,312.2885,315.1346,437.4554,300.9107,298.4918,184.1557,184.05,329.7583,326.5,445.5,-7.7429,-4.4081,-0.0001,-0.0,-0.2126,1.5653,-0.213,1.5617,0.6753,174.3955,173.1846,170.791,173.6318,173.0007,0.7699,0.6789,0.7966,0.6617,0.6617,0.7315,0.6391,0.7506,0.6359,0.6359,0.7705,0.7555,0.7528,0.6911,0.6911,0.7344,0,0.7305,0.7238,0.7238,0,0,0,0,0,v1.0.1,2025_12_22,312.3462,315.0769,438.3596,300.7368,298.4068,183.5,183.1066,329.8033,326.5,446.5,-7.7562,-4.3766,-0.0001,-0.0,-0.2128,1.5647,-0.2129,1.563,0.6755,148.502,143.2715,142.0732,146.3145,145.0403,0.6544,0.5781,0.6734,0.5926,0.5781,0.614,0.5539,0.6229,0.5685,0.5539,0.6256,0.6237,0.6309,0.6194,0.6194,0.5832,0.5403,0.5992,0.5732,0.5403,0,0,0,0,0,-0.0107,-0.088,-0.0049,-0.0506,-0.0506,-0.0023,-0.0595,-0.005,-0.032,-0.032,0.0046,0.009,-0.0066,-0.0002,-0.0936,-0.1174,-0.0528,-0.0579,-0.0033,0.0122,0.0108,-0.0448,-0.0105,-0.0168,-0.0038,-0.0103,-0.0646,-0.0003,-0.0178,-0.0487,-0.0224,-0.026,0.0005,0.0091,-0.0462,-0.039,-0.0276,-0.0196,-0.0058,0.0118,-0.0099,-0.1403,0.0055,-0.1225,-0.1181,-0.0092,-0.1423,0.0061,-0.1085,-0.1048,0.0076,0.0069,0.0046,0.0076,0.0052,-0.0021,0.0043,-0.1052,0.0056,-0.0894,-0.072,-0.0099,-0.0929,-0.0033,-0.0709,-0.07,-0.0147,-0.0115,-0.0047,0.0154,0.0154,-0.0023,-0.0021,True,True
DTC_R_12,LanSi,1,CW_01,C,2026-03-31 13:53:31+08:00,ONLINE,False,,CW_1_01,FAIL,SFR_VIS_25cm_Ny4_01F_ROI4_Dev;SFR_VIS_25cm_Ny4_01F_Min_Dev,Dev,51.5840741,_2026033113533111901,T20260331135331,DESKTOP-P2DUL42,Loma,1,CW_1_01,1,paul di,2024.0718.155524,V20260126.2,CW_DTCL_DTCR_STC,T20260331135422,51.5840741,True,True,True,True,True,True,True,4S2RND2HBL0DP6,v1.0.1,2025_12_22,315.1957,317.413,475.597,297.9925,295.8243,148.6959,149.44,337.5267,335.8487,485.1184,-5.1189,-2.1507,-0.0001,-0.0,-0.22,1.556,-0.2202,1.5477,0.6659,153.3867,151.6592,151.6699,153.1836,152.4749,0.8646,0.8034,0.8742,0.7428,0.7428,0.8282,0.7428,0.8187,0.734,0.734,0.8138,0.8118,0.8012,0.8077,0.7132,0.7199,0.7804,0.7224,0.7132,0.8442,0.7775,0.8132,0.7498,0.7498,0.8431,0.7496,0.7377,0.8339,0.7834,0.98,0.8325,0.8439,0.7377,0,0,0,0,0,v1.0.1,2025_12_22,315.2086,317.3669,476.7153,297.9343,295.5203,147.6892,148.2333,337.6533,335.8627,486.1634,-5.1919,-2.1386,-0.0001,-0.0,-0.2192,1.5548,-0.2204,1.5485,0.6659,158.7373,152.8066,160.9922,161.3672,158.4758,0.6952,0.6627,0.7162,0.6446,0.6446,0.6719,0.6284,0.6629,0.6236,0.6236,0.6494,0.6617,0.6528,0.6551,0.6192,0.6287,0.6264,0.6073,0.6073,0.6805,0.6547,0.6651,0.0693,0.0693,0.6447,0.6388,0.6215,0.6642,0.6541,0.3695,0.6414,0.6685,0.3695,0,0,0,0,0,v1.0.1,2025_12_22,316.9626,328.6449,441.9273,313.7636,302.4729,196.6434,188.2377,342.7213,331.5,456.4035,-3.2799,8.1353,-0.0,0.0001,-0.218,1.5609,-0.2084,1.557,0.6729,175.8018,176.4346,176.5225,177.0654,176.4561,0.7976,0.6424,0.8173,0.5855,0.5855,0.7628,0.6199,0.7682,0.6066,0.6066,0.7643,0.7719,0.7409,0.7497,0.7409,0.7582,0.644,0.7311,0,0.644,0,0,0,0,0,v1.0.1,2025_12_22,317,328.6038,442.7321,313.7321,302.4365,195.9286,187.3525,343.0902,331.6724,457.1897,-3.2613,8.2089,-0.0,0.0001,-0.2172,1.5609,-0.2108,1.5567,0.6724,145.5547,139.6309,141.418,143.5195,142.5308,0.6452,0.5736,0.6732,0.5342,0.5342,0.6443,0.5553,0.6438,0.5374,0.5374,0.6288,0.6308,0.6323,0.6203,0.6203,0.6011,0.5484,0.5866,0.0895,0.0895,0,0,0,0,0,-0.0077,-0.0695,-0.0015,-0.1305,-0.1295,0.0113,-0.0781,0.0001,-0.1042,-0.0829,0.0006,-0.0047,-0.0076,-0.0019,-0.0891,-0.0896,-0.0182,-0.0899,-0.0106,0.0025,-0.0112,-0.0539,-0.0066,-0.068,-0.0618,0.0031,-0.0527,-0.0001,-0.055,-0.0394,-0.0106,0.0045,-0.0101,-0.019,-0.0314,-0.0414,0.002,-0.0458,-0.004,-0.0066,0.0054,-0.1686,0.0177,-0.2154,-0.2067,0.0076,-0.1471,0.0053,-0.1738,-0.1486,0.0084,0.0127,-0.002,0.0205,0.0158,-0.0081,-0.0172,-0.0849,0.0015,-0.1423,-0.1243,0.0034,-0.0943,0.0007,-0.1031,-0.1031,0.0016,-0.0023,0.0138,-0.0026,0.0018,0.0003,-0.0025,True,True
DTC_R_13,LanSi,1,CW_01,A,2026-03-31 13:55:41+08:00,ONLINE,False,,CW_1_01,FAIL,SFR_VIS_25cm_Ny4_01F_ROI2_Dev;SFR_VIS_25cm_Ny4_01F_ROI4_Dev;SFR_VIS_25cm_Ny4_01F_Min_Dev,Dev,51.3767368,_2026033113554186501,T20260331135541,DESKTOP-P2DUL42,Loma,1,CW_1_01,1,paul di,2024.0718.155524,V20260126.2,CW_DTCL_DTCR_STC,T20260331135633,51.3767368,True,True,True,True,True,True,True,4S2RND2HBL0DP6,v1.0.1,2025_12_22,315.1765,316.8529,475.6131,297.3358,295.6507,148.5479,149.3197,336.898,335.8553,485.7895,-5.1769,-2.4152,-0.0001,-0.0,-0.2205,1.5548,-0.2198,1.5485,0.6657,154.7471,152.8721,153.1484,155.002,153.9424,0.8666,0.7505,0.8645,0.7356,0.7356,0.8192,0.7391,0.815,0.778,0.7391,0.8202,0.8117,0.8103,0.8026,0.7062,0.7192,0.8023,0.7885,0.7062,0.8416,0.7885,0.8166,0.6229,0.6229,0.85,0.7421,0.7517,0.824,0.788,0.9278,0.8439,0.8467,0.7421,0,0,0,0,0,v1.0.1,2025_12_22,315.0647,316.9353,476.708,297.2336,295.473,147.5541,148.0897,336.9793,335.8627,486.8366,-5.2604,-2.3922,-0.0001,-0.0,-0.2208,1.5551,-0.219,1.5485,0.666,158.5615,152.5977,161.5967,161.5166,158.5681,0.6982,0.6537,0.7058,0.648,0.648,0.6769,0.6303,0.6655,0.6633,0.6303,0.6485,0.6512,0.6441,0.6597,0.61,0.6313,0.6194,0.6247,0.61,0.6836,0.6545,0.6607,0.0894,0.0894,0.652,0.6256,0.6371,0.6754,0.6591,0.4873,0.643,0.686,0.4873,0,0,0,0,0,v1.0.1,2025_12_22,316.9126,328.165,441.9099,313.2883,302.379,196.3468,188.2417,342.2917,331.5,456.5,-3.3114,7.8184,-0.0,0.0001,-0.2179,1.5605,-0.2088,1.5571,0.6727,175.4971,176.0664,176.6387,177.1748,176.3442,0.7966,0.6163,0.811,0.6225,0.6163,0.7679,0.607,0.7758,0.6893,0.607,0.7654,0.7641,0.7439,0.7358,0.7358,0.7431,0.6573,0.7438,0,0.6573,0,0,0,0,0,v1.0.1,2025_12_22,316.9135,328.2212,442.5982,313.1696,302.2258,195.6694,187.3697,342.3193,331.5462,457.3697,-3.3693,7.8498,-0.0,0.0001,-0.2187,1.5599,-0.2079,1.5575,0.6727,145.4707,139.499,142.0977,143.7119,142.6948,0.6649,0.5516,0.6803,0.5482,0.5482,0.6494,0.5408,0.6475,0.5831,0.5408,0.6278,0.6186,0.6358,0.6143,0.6143,0.5944,0.5346,0.5958,0.2342,0.2342,0,0,0,0,0,-0.0057,-0.1224,-0.0112,-0.1377,-0.1367,0.0023,-0.0818,-0.0036,-0.0602,-0.0778,0.007,-0.0048,0.0015,-0.007,-0.0961,-0.0903,0.0037,-0.0238,-0.0132,0.0059,-0.0082,-0.0629,-0.017,-0.0646,-0.0584,0.0081,-0.0508,0.0025,-0.0153,-0.0327,-0.0115,-0.006,-0.0188,-0.0144,-0.0406,-0.0388,-0.005,-0.0284,-0.0009,-0.011,0.0044,-0.1947,0.0114,-0.1784,-0.1759,0.0127,-0.16,0.0129,-0.0911,-0.1482,0.0095,0.0049,0.001,0.0066,0.0007,0.0046,0.0025,-0.1069,0.0086,-0.1283,-0.1103,0.0085,-0.1088,0.0044,-0.0574,-0.0997,0.0006,-0.0145,0.0173,-0.0086,-0.0042,-0.0064,0.0067,True,True
DTC_L_13,LanSi,1,CW_01,A,2026-03-31 13:55:42+08:00,ONLINE,False,,CW_1_01,PASS,,,51.1982142,_2026033113554205402,T20260331135542,DESKTOP-P2DUL42,Loma,1,CW_1_01,2,paul di,2024.0718.155524,V20260126.2,CW_DTCL_DTCR_STC,T20260331135633,51.1982142,True,True,True,True,True,True,True,4S2RND2HBL06DS,v1.0.1,2025_12_22,315.0451,322.3835,475.4118,301.625,296.0592,151.5658,149.5867,342.3867,334.4662,488.0376,-5.3862,1.6997,-0.0001,0.0,-0.2282,1.5596,-0.2198,1.5536,0.6663,154.7031,151.1504,149.2578,154.124,152.3088,0.831,0.7867,0.8369,0.7894,0.7867,0.7863,0.7525,0.7934,0.7371,0.7371,0.8052,0.8103,0.8118,0.7597,0.7132,0.7188,0.7422,0.7011,0.7011,0.8276,0.4724,0.8193,0.7807,0.4724,0.8449,0.7531,0.7426,0.8469,0.8114,0.7608,0.7498,0.7668,0.7426,0,0,0,0,0,v1.0.1,2025_12_22,315.1241,322.4672,476.482,301.4748,295.9735,150.6225,148.5,342.5,334.6765,489.0368,-5.3488,1.7203,-0.0001,0.0,-0.2289,1.5593,-0.2191,1.5534,0.6662,159.0684,155.1396,160.8652,160.4385,158.8779,0.6886,0.6657,0.6897,0.6868,0.6657,0.6546,0.6349,0.6485,0.6435,0.6349,0.6533,0.6594,0.6634,0.6356,0.6203,0.6259,0.6144,0.6001,0.6001,0.6747,0.4869,0.6829,0.6555,0.4869,0.6579,0.6553,0.6077,0.6661,0.6618,0.6454,0.6567,0.6296,0.6077,0,0,0,0,0,v1.0.1,2025_12_22,313.25,314.6296,438.4561,300.2719,299.7355,183.8512,185.3583,329.4333,327.5798,444.7311,-6.624,-4.9166,-0.0001,-0.0,-0.2137,1.5673,-0.2147,1.5606,0.6749,175.0645,174.0449,172.1855,174.6562,173.9878,0.783,0.6717,0.7989,0.678,0.6717,0.7455,0.6419,0.7558,0.6452,0.6419,0.7635,0.7595,0.7536,0.681,0.681,0.7264,0,0.717,0.6476,0.6476,0,0,0,0,0,v1.0.1,2025_12_22,313.287,314.6759,439.4286,300.1875,299.686,183.1074,184.5,329.5,327.5508,445.5763,-6.6095,-4.8906,-0.0001,-0.0,-0.2138,1.5673,-0.2141,1.5617,0.6753,147.334,142.792,141.8184,145.2715,144.304,0.6668,0.5935,0.679,0.5967,0.5935,0.6285,0.5589,0.6134,0.5838,0.5589,0.6255,0.6059,0.6401,0.5981,0.5981,0.5881,0.5323,0.5726,0.5494,0.5323,0,0,0,0,0,-0.0067,-0.0769,-0.0095,-0.0328,-0.0355,0.0018,-0.06,-0.0072,-0.041,-0.041,-0.003,0.004,0.0005,-0.0005,-0.1097,-0.1041,-0.0473,-0.0429,0.0088,0.0009,0.0147,-0.0492,-0.0106,-0.025,-0.0082,-0.0137,-0.046,-0.0165,-0.0216,-0.0301,-0.0105,-0.013,0.0175,0.0034,-0.0399,-0.0349,-0.0435,-0.0276,-0.0016,0.0128,0.0032,-0.1475,0.0078,-0.1062,-0.1081,0.0048,-0.1395,0.0113,-0.0992,-0.0988,0.0006,0.0109,0.0054,-0.0025,-0.0028,-0.0156,0.0167,-0.0898,0.0112,-0.0853,-0.0566,0.0046,-0.0879,-0.0128,-0.0556,-0.065,-0.0148,-0.0293,0.0045,-0.0059,-0.0059,0.0026,-0.0287,True,True
DTC_R_14,LanSi,1,CW_01,B,2026-03-31 13:57:21+08:00,ONLINE,False,,CW_1_01,PASS,,,51.6324537,_2026033113572191001,T20260331135721,DESKTOP-P2DUL42,Loma,1,CW_1_01,1,paul di,2024.0718.155524,V20260126.2,CW_DTCL_DTCR_STC,T20260331135813,51.6324537,True,True,True,True,True,True,True,4S2RND2HBL0DP6,v1.0.1,2025_12_22,315.1691,316.7647,475.5448,297.2164,295.6966,148.5448,149.3421,336.6316,335.9272,486.5298,-5.1641,-2.3625,-0.0001,-0.0,-0.2208,1.555,-0.2187,1.5486,0.666,155.1416,152.415,152.6035,154.877,153.7593,0.8645,0.7888,0.8742,0.7972,0.7888,0.8151,0.8095,0.8193,0.7959,0.7959,0.827,0.8143,0.8046,0.8227,0.744,0.7066,0.8074,0.774,0.7066,0.8427,0.797,0.7952,0.5113,0.5113,0.849,0.7759,0.7244,0.8244,0.7878,0.3635,0.8274,0.8405,0.3635,0,0,0,0,0,v1.0.1,2025_12_22,315.1533,316.8102,476.6148,297.1259,295.4558,147.4898,148.1497,336.8095,336,487.5855,-5.2253,-2.3358,-0.0001,-0.0,-0.2208,1.5545,-0.2187,1.5488,0.666,159.585,154.6426,162.748,162.2578,159.8083,0.7006,0.6659,0.7198,0.6812,0.6659,0.6833,0.6713,0.6785,0.6694,0.6694,0.6563,0.6455,0.6444,0.6612,0.6358,0.6252,0.6241,0.6291,0.6241,0.6776,0.6537,0.6543,0.209,0.209,0.6575,0.6459,0.6148,0.6726,0.6441,0.3692,0.6475,0.6682,0.3692,0,0,0,0,0,v1.0.1,2025_12_22,316.9524,328.181,441.8333,313.193,302.44,196.264,188.2419,342.1774,331.6207,457.3621,-3.2823,7.9355,-0.0,0.0001,-0.2189,1.5607,-0.2078,1.5572,0.6728,175.5645,175.5557,175.8867,176.833,175.96,0.8009,0.6546,0.8035,0.6566,0.6546,0.7538,0.5159,0.7724,0.7062,0.5159,0.7658,0.7644,0.7466,0.7415,0.7415,0.7398,0.6574,0.7419,0,0.6574,0,0,0,0,0,v1.0.1,2025_12_22,316.9519,328.125,442.5487,313.2832,302.3643,195.7132,187.3417,342.275,331.7119,458.0932,-3.3163,7.9979,-0.0,0.0001,-0.2171,1.5606,-0.2082,1.5572,0.6731,146.7158,141.6826,143.5088,144.5596,144.1167,0.6541,0.5783,0.6708,0.579,0.5783,0.657,0.4848,0.645,0.6006,0.4848,0.6182,0.6205,0.6395,0.6235,0.6182,0.5827,0.5516,0.5874,0.1156,0.1156,0,0,0,0,0,-0.0078,-0.0841,-0.0015,-0.0761,-0.0835,-0.0018,-0.0114,0.0007,-0.0423,-0.021,0.0138,-0.0022,-0.0042,0.0131,-0.0583,-0.1029,0.0088,-0.0383,-0.0121,-0.0155,-0.0058,-0.0507,-0.003,-0.0314,-0.0405,0.0145,-0.0098,0.0155,-0.0092,0.0064,-0.0037,-0.0117,-0.0185,-0.0129,-0.0148,-0.0449,-0.0003,-0.024,-0.0069,-0.0174,0.0087,-0.1564,0.0039,-0.1443,-0.1376,-0.0014,-0.2511,0.0095,-0.0742,-0.2393,0.0099,0.0052,0.0037,0.0123,-0.0026,0.0027,-0.0083,-0.0802,-0.0009,-0.0975,-0.0802,0.0161,-0.1648,0.0019,-0.0399,-0.1557,-0.009,-0.0126,0.021,0.0006,-0.0003,-0.0181,-0.0017,True,True
DTC_L_14,LanSi,1,CW_01,B,2026-03-31 13:57:22+08:00,ONLINE,False,,CW_1_01,PASS,,,51.4678925,_2026033113572206102,T20260331135722,DESKTOP-P2DUL42,Loma,1,CW_1_01,2,paul di,2024.0718.155524,V20260126.2,CW_DTCL_DTCR_STC,T20260331135813,51.4678925,True,True,True,True,True,True,True,4S2RND2HBL06DS,v1.0.1,2025_12_22,314.1679,323.2847,474.3507,303,294.8636,152.1948,148.106,343.4636,333.8014,490.3191,-6.4421,2.9524,-0.0001,0.0,-0.2254,1.5579,-0.2204,1.5533,0.6663,154.6689,150.1318,149.3594,153.8477,152.002,0.8182,0.7845,0.8427,0.779,0.779,0.7698,0.7461,0.794,0.7382,0.7382,0.8087,0.8019,0.7983,0.7594,0.7481,0.6919,0.7537,0.6997,0.6919,0.8137,0.4733,0.8039,0.8337,0.4733,0.8501,0.7226,0.7303,0.8281,0.8292,0.8051,0.7903,0.7739,0.7226,0,0,0,0,0,v1.0.1,2025_12_22,314.1739,323.3333,475.437,302.9556,294.7682,151.2252,147.0397,343.5232,333.958,491.2517,-6.4246,2.9578,-0.0001,0.0,-0.2252,1.558,-0.2197,1.553,0.6665,160.502,156.8125,161.793,161.2705,160.0945,0.6679,0.6752,0.6964,0.682,0.6679,0.6512,0.6318,0.6489,0.6325,0.6318,0.6411,0.6495,0.6527,0.6354,0.6318,0.6244,0.6379,0.6073,0.6073,0.676,0.4819,0.6489,0.6837,0.4819,0.6531,0.6462,0.6167,0.685,0.6507,0.6541,0.6584,0.6335,0.6167,0,0,0,0,0,v1.0.1,2025_12_22,312.1963,315.6262,437.5,301.5,298.623,184.7623,183.952,330.4,326.6154,446.3077,-7.7227,-3.7808,-0.0001,-0.0,-0.2117,1.5669,-0.2142,1.5604,0.6753,174.9932,173.3848,172.0732,174.2852,173.6841,0.7721,0.6581,0.798,0.6688,0.6581,0.7404,0.6316,0.7327,0.6367,0.6316,0.7637,0.7512,0.7487,0.6898,0.6898,0.7226,0,0.717,0.7238,0.717,0,0,0,0,0,v1.0.1,2025_12_22,312.3148,315.5,438.4071,301.292,298.5285,183.8699,183.0726,330.4435,326.6667,447,-7.7021,-3.8789,-0.0001,-0.0,-0.2117,1.5659,-0.2146,1.5616,0.6753,148.3252,144.0879,142.5957,145.998,145.2517,0.6364,0.5657,0.6635,0.5953,0.5657,0.6225,0.5472,0.623,0.5723,0.5472,0.6324,0.6244,0.6457,0.6005,0.6005,0.5993,0.5096,0.5759,0.5613,0.5096,0,0,0,0,0,-0.0195,-0.0791,-0.0037,-0.0432,-0.0432,-0.0147,-0.0664,-0.0066,-0.0399,-0.0399,0.0005,-0.0044,-0.013,-0.0008,-0.0748,-0.131,-0.0358,-0.0443,-0.0051,-0.0145,-0.006,-0.0397,-0.0039,-0.0298,-0.006,-0.0171,-0.0491,-0.0161,-0.0326,-0.0332,-0.0227,-0.0229,0.0068,0.0032,-0.0284,-0.0364,-0.02,-0.0204,-0.0003,-0.0212,-0.0077,-0.1611,0.0069,-0.1154,-0.1217,-0.0003,-0.1498,-0.0118,-0.1077,-0.1091,0.0008,0.0026,0.0005,0.0063,-0.0066,-0.0156,-0.0137,-0.1176,-0.0043,-0.0867,-0.0844,-0.0014,-0.0996,-0.0032,-0.0671,-0.0767,-0.0079,-0.0108,0.0101,-0.0035,-0.0035,0.0138,-0.0254,True,True
DTC_R_15,LanSi,1,CW_01,C,2026-03-31 13:59:03+08:00,ONLINE,False,,CW_1_01,FAIL,SFR_VIS_25cm_Ny4_01F_ROI4_Dev;SFR_VIS_25cm_Ny4_01F_Min_Dev,Dev,51.346218,_2026033113590362801,T20260331135903,DESKTOP-P2DUL42,Loma,1,CW_1_01,1,paul di,2024.0718.155524,V20260126.2,CW_DTCL_DTCR_STC,T20260331135954,51.346218,True,True,True,True,True,True,True,4S2RND2HBL0DP6,v1.0.1,2025_12_22,315.0657,316.8467,475.3037,297.0815,295.3649,148.2027,149.0952,336.7619,335.411,484.3973,-5.4519,-2.842,-0.0001,-0.0,-0.2222,1.554,-0.2189,1.5494,0.6656,154.5537,151.7012,152.3447,154.5781,153.2944,0.8643,0.7845,0.8723,0.752,0.752,0.8254,0.745,0.8284,0.7664,0.745,0.8152,0.8103,0.8217,0.8141,0.7173,0.7168,0.7735,0.7352,0.7168,0.7258,0.7737,0.7905,0.5343,0.5343,0.8437,0.7572,0.7551,0.8199,0.8083,0.6999,0.8204,0.8398,0.6999,0,0,0,0,0,v1.0.1,2025_12_22,315,316.8723,476.403,297.0075,295.1233,147.1301,148,337,335.5608,485.4459,-5.4826,-2.8088,-0.0001,-0.0,-0.2219,1.5537,-0.2194,1.5489,0.6653,160.2393,154.8135,163.2842,162.957,160.3235,0.7022,0.6657,0.7135,0.6526,0.6526,0.6707,0.6424,0.6674,0.6453,0.6424,0.6661,0.6508,0.6509,0.6571,0.6393,0.6378,0.6295,0.6358,0.6295,0.6346,0.6482,0.669,0.1291,0.1291,0.6558,0.6486,0.6386,0.6677,0.6733,0.5349,0.647,0.6622,0.5349,0,0,0,0,0,v1.0.1,2025_12_22,316.8476,328,441.6667,313.045,302.2903,196.0081,188.0246,342.1885,331.2018,455.7018,-3.4938,7.4887,-0.0,0.0001,-0.2187,1.5604,-0.2092,1.5583,0.6727,175.4092,174.9336,175.3232,176.5693,175.5588,0.8008,0.6196,0.8183,0.6009,0.6009,0.7686,0.6307,0.7643,0.6343,0.6307,0.7627,0.7643,0.7514,0.7418,0.7418,0.6381,0.6508,0.7274,0,0.6381,0,0,0,0,0,v1.0.1,2025_12_22,316.783,328.0849,442.5,313,302.1452,195.2177,187.048,342.4,331.359,456.5128,-3.533,7.5431,-0.0,0.0001,-0.2189,1.5606,-0.2094,1.5573,0.6724,146.958,141.8896,143.8535,145.1367,144.4595,0.6767,0.5581,0.6836,0.5406,0.5406,0.6394,0.5418,0.642,0.5535,0.5418,0.6202,0.6377,0.642,0.6133,0.6133,0.5448,0.5467,0.5872,0.3631,0.3631,0,0,0,0,0,-0.008,-0.0884,-0.0034,-0.1213,-0.1203,0.0085,-0.0759,0.0098,-0.0718,-0.0719,0.002,-0.0062,0.0129,0.0045,-0.085,-0.0927,-0.0251,-0.0771,-0.129,-0.0202,-0.0042,-0.0509,-0.0093,-0.06,-0.0538,0.0019,-0.0387,0.0044,-0.0333,-0.0206,0.0061,-0.0064,-0.012,-0.017,-0.0113,-0.0323,0.0051,-0.0173,-0.0499,-0.0027,0.0086,-0.1914,0.0187,-0.2,-0.1913,0.0134,-0.1363,0.0014,-0.1461,-0.1245,0.0068,0.0051,0.0085,0.0126,-0.1043,-0.0118,0.0143,-0.1004,0.0119,-0.1359,-0.1179,-0.0015,-0.1078,-0.0011,-0.087,-0.0987,-0.007,0.0046,0.0235,-0.0096,-0.0052,-0.056,-0.0019,True,True
DTC_L_15,LanSi,1,CW_01,C,2026-03-31 13:59:03+08:00,ONLINE,False,,CW_1_01,PASS,,,51.1826566,_2026033113590377502,T20260331135903,DESKTOP-P2DUL42,Loma,1,CW_1_01,2,paul di,2024.0718.155524,V20260126.2,CW_DTCL_DTCR_STC,T20260331135954,51.1826566,True,True,True,True,True,True,True,4S2RND2HBL06DS,v1.0.1,2025_12_22,314.1103,323.1691,474.4318,302.9545,294.6486,152.4527,148.089,343.0685,333.4085,489.5,-6.5623,2.729,-0.0001,0.0,-0.2249,1.5568,-0.2188,1.5548,0.667,154.3916,150.792,148.8701,153.8447,151.9746,0.8249,0.7719,0.8287,0.7799,0.7719,0.7707,0.7527,0.8067,0.7405,0.7405,0.8196,0.8037,0.8254,0.7749,0.6909,0.7173,0.7541,0.6828,0.6828,0.8185,0.98,0.8206,0.8425,0.8185,0.8438,0.7973,0.7542,0.8286,0.8131,0.8297,0.791,0.7765,0.7542,0,0,0,0,0,v1.0.1,2025_12_22,314.0791,323.1367,475.4328,302.8806,294.5298,151.4106,147.034,343.2585,333.6312,490.5248,-6.5586,2.7422,-0.0001,0.0,-0.2244,1.5569,-0.2194,1.554,0.6668,158.7998,155.1055,160.918,160.4238,158.8118,0.6911,0.6539,0.7002,0.6826,0.6539,0.6518,0.6426,0.6516,0.6378,0.6378,0.6391,0.6517,0.663,0.6432,0.5825,0.6346,0.6225,0.6131,0.5825,0.6747,0.3264,0.6637,0.691,0.3264,0.6583,0.6575,0.6265,0.6571,0.6767,0.6649,0.6662,0.6154,0.6154,0,0,0,0,0,v1.0.1,2025_12_22,312.1714,315.4571,437.4123,301.3509,298.3443,184.6885,183.8293,330.0813,326.4538,445.8319,-7.8578,-4.018,-0.0001,-0.0,-0.2116,1.5649,-0.2129,1.5612,0.6754,174.5137,174.2051,172.1826,174.248,173.7874,0.7815,0.6446,0.7922,0.6748,0.6446,0.7392,0.6407,0.7457,0.6565,0.6407,0.7726,0.7483,0.7648,0.7025,0.7025,0.7552,0,0.7284,0.7146,0.7146,0,0,0,0,0,v1.0.1,2025_12_22,312.1714,315.4571,438.2301,301.2301,298.2397,183.9669,182.9832,330.2017,326.4957,446.5556,-7.876,-4.0177,-0.0001,-0.0,-0.2119,1.5647,-0.2131,1.5614,0.6753,146.9873,142.3906,141.9404,144.9229,144.0603,0.6517,0.565,0.6648,0.605,0.565,0.6244,0.5566,0.6238,0.5754,0.5566,0.6331,0.6345,0.6332,0.6031,0.6031,0.6027,0.5185,0.5729,0.57,0.5185,0,0,0,0,0,-0.0128,-0.0917,-0.0177,-0.0423,-0.0503,-0.0138,-0.0598,0.0061,-0.0376,-0.0376,0.0114,-0.0026,0.0141,0.0147,-0.132,-0.1056,-0.0354,-0.0612,-0.0003,0.0022,0.0172,-0.061,-0.0001,-0.0292,-0.02,-0.0165,-0.0383,-0.0134,-0.0273,-0.0272,-0.0247,-0.0207,0.0171,0.011,-0.0777,-0.0262,-0.0354,-0.0146,-0.0016,-0.0064,0.0017,-0.1746,0.0011,-0.1094,-0.1352,-0.0015,-0.1407,0.0012,-0.0879,-0.1,0.0097,-0.0003,0.0166,0.019,0.026,-0.0042,0.0016,-0.1183,-0.003,-0.077,-0.0851,0.0005,-0.0902,-0.0024,-0.064,-0.0673,-0.0072,-0.0007,-0.0024,-0.0009,-0.0009,0.0172,-0.0284,True,True
DTC_R_16,LanSi,1,CW_01,A,2026-03-31 14:00:55+08:00,ONLINE,False,,CW_1_01,PASS,,,51.7696272,_2026033114005537701,T20260331140055,DESKTOP-P2DUL42,Loma,1,CW_1_01,1,paul di,2024.0718.155524,V20260126.2,CW_DTCL_DTCR_STC,T20260331140147,51.7696272,True,True,True,True,True,True,True,4S2RND2HBL0DP6,v1.0.1,2025_12_22,314.9343,316.1533,474.7794,296.2721,295.2534,146.6507,149.2303,336.4342,335.0839,484,-5.6437,-3.598,-0.0001,-0.0,-0.2232,1.5547,-0.2213,1.5508,0.6652,154.959,152.4756,152.6104,155.0303,153.7688,0.8725,0.826,0.8773,0.8348,0.826,0.7753,0.7551,0.8211,0.7242,0.7242,0.8091,0.8154,0.8235,0.8083,0.74,0.7417,0.7437,0.677,0.677,0.8222,0.8054,0.812,0.98,0.8054,0.8424,0.782,0.7799,0.843,0.8113,0.8401,0.7189,0.8542,0.7189,0,0,0,0,0,v1.0.1,2025_12_22,314.9574,316.156,475.8841,296.1594,295.1034,145.8138,148.0397,336.5232,335.1489,485.0567,-5.6733,-3.5582,-0.0001,-0.0,-0.2231,1.5543,-0.2209,1.5513,0.6654,158.7031,153.1826,161.6348,161.5361,158.7642,0.7096,0.6846,0.7136,0.6996,0.6846,0.6552,0.6475,0.6712,0.6292,0.6292,0.6526,0.6462,0.6577,0.6551,0.6307,0.631,0.6118,0.6033,0.6033,0.6903,0.6673,0.6646,0.3385,0.3385,0.6575,0.6486,0.6566,0.6689,0.6589,0.6806,0.6216,0.6904,0.6216,0,0,0,0,0,v1.0.1,2025_12_22,316.713,327.6759,441.2212,312.5044,302.0976,195.0081,187.9587,341.9339,331.0531,456.0265,-3.6913,7.1298,-0.0,0.0001,-0.2207,1.5606,-0.2098,1.559,0.6723,176.1641,176.0742,176.2783,177.6055,176.5305,0.8003,0.6849,0.809,0.6914,0.6849,0.7297,0.6484,0.7702,0.6033,0.6033,0.7552,0.7582,0.7596,0.7446,0.7446,0.7551,0.6627,0.7378,0,0.6627,0,0,0,0,0,v1.0.1,2025_12_22,316.5833,327.8241,442,312.5,302.0492,194.2131,187.1545,342.1789,331.1071,456.8393,-3.7212,7.2111,-0.0,0.0001,-0.2211,1.5619,-0.2099,1.5582,0.6723,145.4219,140.1035,141.9473,143.8721,142.8362,0.6601,0.5852,0.6803,0.5989,0.5852,0.6113,0.5841,0.6338,0.5333,0.5333,0.6166,0.6236,0.6301,0.6136,0.6136,0.5998,0.5556,0.5698,0.4601,0.4601,0,0,0,0,0,0.0002,-0.0469,0.0016,-0.0385,-0.0463,-0.0416,-0.0658,0.0025,-0.114,-0.0927,-0.0041,-0.0011,0.0147,-0.0013,-0.0623,-0.0678,-0.0549,-0.1353,-0.0326,0.0013,0.0032,-0.032,-0.0092,-0.013,-0.0218,-0.0136,-0.0336,0.0082,-0.0494,-0.0338,-0.0074,-0.011,-0.0052,-0.019,-0.0199,-0.0391,-0.0126,-0.0498,0.0058,-0.0071,0.0081,-0.1261,0.0094,-0.1095,-0.1073,-0.0255,-0.1186,0.0073,-0.1771,-0.1519,-0.0007,-0.001,0.0167,0.0154,0.0127,-0.0014,-0.0023,-0.0733,0.0086,-0.0776,-0.0733,-0.0296,-0.0655,-0.0093,-0.1072,-0.1072,-0.0106,-0.0095,0.0116,-0.0093,-0.0049,-0.001,-0.0193,True,True
DTC_L_16,LanSi,1,CW_01,A,2026-03-31 14:00:55+08:00,ONLINE,False,,CW_1_01,PASS,,,51.8234832,_2026033114005532402,T20260331140055,DESKTOP-P2DUL42,Loma,1,CW_1_01,2,paul di,2024.0718.155524,V20260126.2,CW_DTCL_DTCR_STC,T20260331140147,51.8234832,True,True,True,True,True,True,True,4S2RND2HBL06DS,v1.0.1,2025_12_22,315.2993,321.365,475.6985,300.1912,296.3154,149.6443,149.9603,341.4768,334.6296,487.9556,-5.1194,0.6266,-0.0001,0.0,-0.2307,1.5602,-0.2205,1.5548,0.6659,152.9863,149.0068,147.667,152.4209,150.5203,0.8338,0.8001,0.8484,0.787,0.787,0.7924,0.7427,0.7987,0.742,0.742,0.8092,0.8175,0.8016,0.7645,0.7112,0.7291,0.7397,0.7099,0.7099,0.8061,0.98,0.8137,0.7875,0.7875,0.8432,0.7115,0.6916,0.8405,0.8303,0.746,0.7656,0.7715,0.6916,0,0,0,0,0,v1.0.1,2025_12_22,315.227,321.4539,476.8345,300.1439,296.1149,148.8716,148.755,341.6093,334.8143,488.9143,-5.1509,0.6986,-0.0001,0.0,-0.2306,1.56,-0.22,1.5538,0.6658,159.9268,155.7383,161.5801,161.1035,159.5872,0.6751,0.6704,0.7025,0.6886,0.6704,0.6679,0.6316,0.6531,0.6561,0.6316,0.6488,0.6622,0.6613,0.6395,0.5924,0.6346,0.629,0.6144,0.5924,0.6621,0.4296,0.6753,0.6712,0.4296,0.6576,0.615,0.5846,0.6762,0.6684,0.6609,0.6707,0.6238,0.5846,0,0,0,0,0,v1.0.1,2025_12_22,313.4259,313.6296,438.7589,298.8214,299.9833,182.1333,185.5,328.5,327.5043,444.4444,-6.4655,-5.9942,-0.0001,-0.0001,-0.2171,1.5684,-0.2152,1.5631,0.6748,175.0244,173.8965,172.3789,174.6299,173.9824,0.7856,0.6831,0.8038,0.6804,0.6804,0.7372,0.6294,0.7555,0.6488,0.6294,0.7631,0.755,0.759,0.6781,0.6781,0.7051,0,0.7276,0.6599,0.6599,0,0,0,0,0,v1.0.1,2025_12_22,313.4091,313.5455,439.4956,298.708,299.7265,181.5385,184.5,328.5,327.6333,445.2417,-6.5471,-5.9933,-0.0001,-0.0001,-0.2166,1.567,-0.215,1.5627,0.6745,147.7168,143.2344,142.2666,145.5098,144.6819,0.6665,0.5825,0.6673,0.6053,0.5825,0.6399,0.5503,0.6201,0.5766,0.5503,0.614,0.619,0.6376,0.5901,0.5901,0.5663,0.4897,0.583,0.5437,0.4897,0,0,0,0,0,-0.0039,-0.0635,0.002,-0.0352,-0.0352,0.0079,-0.0698,-0.0019,-0.0361,-0.0361,0.001,0.0112,-0.0097,0.0043,-0.1117,-0.0938,-0.0498,-0.0341,-0.0127,-0.0047,0.0012,-0.0445,0.0022,-0.0232,-0.0035,-0.0004,-0.0493,-0.0119,-0.009,-0.0334,-0.015,-0.0102,0.0154,0.0073,-0.0678,-0.0262,-0.0289,-0.0133,-0.0142,0.0052,0.0058,-0.1361,0.0127,-0.1038,-0.0994,-0.0035,-0.152,0.011,-0.0956,-0.1113,0.0002,0.0064,0.0108,-0.0054,-0.0241,-0.005,0.0164,-0.1008,-0.0005,-0.0767,-0.0676,0.016,-0.0965,-0.0061,-0.0628,-0.0736,-0.0263,-0.0162,0.002,-0.0139,-0.0139,-0.0192,-0.0183,True,True
DTC_L_17,LanSi,1,CW_01,B,2026-03-31 14:02:36+08:00,ONLINE,False,,CW_1_01,PASS,,,51.4722571,_2026033114023622602,T20260331140236,DESKTOP-P2DUL42,Loma,1,CW_1_01,2,paul di,2024.0718.155524,V20260126.2,CW_DTCL_DTCR_STC,T20260331140327,51.4722571,True,True,True,True,True,True,True,4S2RND2HBL06DS,v1.0.1,2025_12_22,314,323.7778,474.1594,303.3333,294.5724,152.5461,148,343.7095,333.292,490,-6.6952,3.1733,-0.0001,0.0,-0.2264,1.5573,-0.219,1.5547,0.6667,154.8564,150.9531,149.3906,153.8438,152.261,0.8305,0.788,0.8397,0.7717,0.7717,0.7808,0.7482,0.8026,0.7338,0.7338,0.8197,0.8063,0.807,0.7736,0.7497,0.7046,0.7276,0.6949,0.6949,0.8218,0.98,0.8084,0.835,0.8084,0.8377,0.779,0.7736,0.8342,0.8358,0.8118,0.7874,0.7631,0.7631,0,0,0,0,0,v1.0.1,2025_12_22,314,323.9137,475.2117,303.2117,294.4702,151.5894,146.9595,343.8716,333.437,490.9556,-6.6843,3.2084,-0.0001,0.0,-0.2272,1.5574,-0.2184,1.5544,0.6666,158.7549,154.3252,160.5195,159.7051,158.3262,0.6824,0.659,0.7036,0.6908,0.659,0.6464,0.6259,0.6564,0.6289,0.6259,0.6574,0.6552,0.6369,0.6341,0.6257,0.6193,0.6308,0.6171,0.6171,0.6901,0.4689,0.6795,0.6984,0.4689,0.6639,0.6666,0.6437,0.6657,0.6761,0.6737,0.6654,0.6414,0.6414,0,0,0,0,0,v1.0.1,2025_12_22,312.1682,315.8037,437.3509,301.7193,298.3525,184.9836,183.8361,330.5164,326.4538,446.3697,-7.8677,-3.6214,-0.0001,-0.0,-0.2115,1.5651,-0.2136,1.5613,0.6753,174.9131,173.6465,172.0703,174.1768,173.7017,0.7867,0.6605,0.797,0.6551,0.6551,0.7299,0.6426,0.7584,0.5958,0.5958,0.7628,0.7674,0.7594,0.6949,0.6949,0.7254,0,0.722,0.7142,0.7142,0,0,0,0,0,v1.0.1,2025_12_22,312.1238,315.8286,438.2456,301.5877,298.1736,184.1818,182.9048,330.619,326.479,447.3025,-7.9147,-3.5961,-0.0001,-0.0,-0.2119,1.5647,-0.2134,1.5615,0.6752,146.8955,141.6846,141.6328,144.6924,143.7263,0.66,0.5678,0.668,0.5879,0.5678,0.6203,0.5582,0.6279,0.54,0.54,0.6313,0.6362,0.6352,0.6109,0.6109,0.5793,0.5552,0.5838,0.5759,0.5552,0,0,0,0,0,-0.0072,-0.0756,-0.0067,-0.0505,-0.0505,-0.0037,-0.0643,0.002,-0.0443,-0.0443,0.0115,0,-0.0043,0.0134,-0.0732,-0.1183,-0.0619,-0.0491,0.003,-0.01,0.0085,-0.0559,0.0033,-0.021,-0.0149,-0.0219,-0.055,-0.0086,-0.0362,-0.0391,-0.0064,-0.0172,-0.009,0.0019,-0.0345,-0.0415,-0.0271,-0.0106,0.0138,0.0094,0.0069,-0.1587,0.0059,-0.1291,-0.1247,-0.0108,-0.1388,0.0139,-0.1486,-0.1449,-0.0001,0.0188,0.0112,0.0114,-0.0038,-0.0106,0.0099,-0.1155,0.0002,-0.0941,-0.0823,-0.0036,-0.0886,0.0017,-0.0994,-0.0839,-0.009,0.001,-0.0004,0.0069,0.0069,-0.0062,-0.0175,True,True
DTC_R_17,LanSi,1,CW_01,B,2026-03-31 14:02:36+08:00,ONLINE,False,,CW_1_01,PASS,,,51.5989196,_2026033114023609901,T20260331140236,DESKTOP-P2DUL42,Loma,1,CW_1_01,1,paul di,2024.0718.155524,V20260126.2,CW_DTCL_DTCR_STC,T20260331140327,51.5989196,True,True,True,True,True,True,True,4S2RND2HBL0DP6,v1.0.1,2025_12_22,315,316.7778,474.8467,296.8102,295.3221,147.2148,149.3072,336.6601,335.15,484.3357,-5.5748,-3.1403,-0.0001,-0.0,-0.2238,1.5547,-0.2189,1.5506,0.6657,155.5566,153.2471,153.5283,155.4541,154.4465,0.8606,0.8365,0.873,0.8053,0.8053,0.8163,0.7342,0.8172,0.7553,0.7342,0.8299,0.8086,0.819,0.8041,0.7521,0.7334,0.7543,0.6937,0.6937,0.8404,0.8121,0.8063,0.98,0.8063,0.8445,0.7755,0.7762,0.8388,0.8277,0.8265,0.7355,0.8322,0.7355,0,0,0,0,0,v1.0.1,2025_12_22,314.9286,316.8071,475.8345,296.6187,295.1419,146.2162,148.0816,336.8503,335.2517,485.3846,-5.6523,-3.1246,-0.0001,-0.0,-0.2243,1.5548,-0.219,1.5503,0.6654,158.7275,152.5791,160.793,161.6064,158.4265,0.6974,0.6925,0.7165,0.6957,0.6925,0.6786,0.6333,0.6718,0.6427,0.6333,0.6568,0.6467,0.6574,0.6572,0.637,0.6268,0.6302,0.6011,0.6011,0.6974,0.6524,0.6628,0.2145,0.2145,0.647,0.6419,0.6558,0.6791,0.6496,0.6018,0.62,0.6945,0.6018,0,0,0,0,0,v1.0.1,2025_12_22,316.8077,328.0385,441.3393,312.9196,302.2857,195.1349,188.1452,342.1855,331.1081,456.3784,-3.5628,7.4314,-0.0,0.0001,-0.2203,1.5614,-0.209,1.5593,0.6729,176.4463,176.4785,176.8594,177.4756,176.8149,0.7912,0.7155,0.8079,0.6997,0.6997,0.742,0.6325,0.7673,0.6146,0.6146,0.7589,0.7599,0.7453,0.7237,0.7237,0.752,0.6763,0.7368,0,0.6763,0,0,0,0,0,v1.0.1,2025_12_22,316.7692,328.0577,442.0545,313,302.136,194.576,187.2195,342.3252,331.1593,457.1593,-3.6323,7.5236,-0.0,0.0001,-0.2191,1.5611,-0.2092,1.5593,0.673,145.3975,139.4941,141.6357,143.6504,142.5444,0.6534,0.6129,0.6711,0.596,0.596,0.6327,0.5755,0.6445,0.545,0.545,0.6184,0.6228,0.6276,0.6185,0.6184,0.5897,0.5642,0.5847,0.3827,0.3827,0,0,0,0,0,-0.0117,-0.0364,-0.0027,-0.068,-0.067,-0.0006,-0.0867,-0.0014,-0.0829,-0.0827,0.0167,-0.0079,0.0102,-0.0055,-0.0502,-0.0761,-0.0443,-0.1186,-0.0144,-0.0044,-0.009,-0.0241,-0.0063,-0.0169,-0.0139,0.0098,-0.0478,0.0088,-0.0359,-0.0297,-0.0032,-0.0105,-0.0055,-0.0169,-0.0136,-0.0433,0.0058,-0.052,0.0129,-0.0089,-0.001,-0.0955,0.0083,-0.1012,-0.0925,-0.0132,-0.1345,0.0044,-0.1658,-0.1406,0.003,0.0007,0.0024,-0.0055,0.0096,-0.0024,-0.009,-0.0456,-0.0006,-0.0805,-0.0625,-0.0082,-0.0741,0.0014,-0.0955,-0.0955,-0.0088,-0.0103,0.0091,-0.0044,-0.0001,-0.0111,-0.0044,True,True
DTC_L_18,LanSi,1,CW_01,C,2026-03-31 14:04:12+08:00,ONLINE,False,,CW_1_01,PASS,,,51.2918592,_2026033114041257502,T20260331140412,DESKTOP-P2DUL42,Loma,1,CW_1_01,2,paul di,2024.0718.155524,V20260126.2,CW_DTCL_DTCR_STC,T20260331140503,51.2918592,True,True,True,True,True,True,True,4S2RND2HBL06DS,v1.0.1,2025_12_22,315.1765,321.1471,475.5821,299.9552,296.0927,149.596,149.9586,340.931,334.6148,487.1259,-5.2151,0.2511,-0.0001,0.0,-0.2308,1.5595,-0.2187,1.5537,0.6659,154.7314,150.7881,149.248,154.0918,152.2148,0.8283,0.7955,0.8396,0.7834,0.7834,0.7915,0.7368,0.8049,0.7356,0.7356,0.8135,0.8146,0.8003,0.7652,0.7158,0.7067,0.7389,0.6926,0.6926,0.8258,0.6659,0.8279,0.795,0.6659,0.8429,0.7461,0.7031,0.8244,0.8138,0.7592,0.7682,0.7827,0.7031,0,0,0,0,0,v1.0.1,2025_12_22,315.1957,321.1667,476.7391,299.8913,296.0066,148.6382,148.7703,341.223,334.8071,488.3214,-5.1962,0.3481,-0.0001,0.0,-0.2304,1.5595,-0.2194,1.5535,0.6658,159.6064,155.6592,161.5771,160.876,159.4297,0.683,0.6814,0.6955,0.6961,0.6814,0.6777,0.6307,0.6571,0.6463,0.6307,0.6483,0.6561,0.6503,0.6318,0.6039,0.6163,0.6299,0.6119,0.6039,0.6856,0.4914,0.6732,0.6601,0.4914,0.6544,0.6278,0.6008,0.6877,0.6651,0.6502,0.6756,0.6511,0.6008,0,0,0,0,0,v1.0.1,2025_12_22,313.3645,313.3925,438.6903,298.6991,299.8852,182,185.4113,328,327.6583,443.725,-6.4981,-6.3367,-0.0001,-0.0001,-0.2162,1.5681,-0.2132,1.561,0.6749,174.9375,173.917,172.1426,174.5557,173.8882,0.7831,0.6802,0.7973,0.6586,0.6586,0.7394,0.6154,0.7471,0.6445,0.6154,0.7599,0.746,0.7532,0.6853,0.6853,0.7315,0,0.7142,0.6525,0.6525,0,0,0,0,0,v1.0.1,2025_12_22,313.3028,313.3761,439.547,298.6154,299.5932,181.5,184.4793,328.2149,327.5882,444.6134,-6.5979,-6.236,-0.0001,-0.0001,-0.2159,1.5667,-0.2142,1.5619,0.6746,147.6201,143.0928,142.249,145.5,144.6155,0.6479,0.5791,0.656,0.602,0.5791,0.631,0.5277,0.6247,0.5601,0.5277,0.6245,0.6293,0.6395,0.5961,0.5961,0.5876,0.5162,0.5754,0.5569,0.5162,0,0,0,0,0,-0.0094,-0.0681,-0.0068,-0.0388,-0.0388,0.007,-0.0757,0.0043,-0.0425,-0.0425,0.0053,0.0083,-0.011,0.005,-0.1071,-0.1162,-0.0506,-0.0514,0.007,0.0095,0.0091,-0.0335,-0.0048,-0.0157,0.0075,0.0094,-0.0502,-0.0079,-0.0188,-0.0343,-0.0155,-0.0163,0.0044,-0.0004,-0.0563,-0.0445,-0.028,-0.0158,0.0093,0.0031,0.0033,-0.139,0.0062,-0.1256,-0.1212,-0.0013,-0.166,0.0026,-0.0999,-0.1253,-0.003,-0.0026,0.005,0.0018,0.0023,-0.0184,-0.0022,-0.1042,-0.0118,-0.08,-0.071,0.0071,-0.1191,-0.0015,-0.0793,-0.0962,-0.0158,-0.0059,0.0039,-0.0079,-0.0079,0.0021,-0.0259,True,True
DTC_R_18,LanSi,1,CW_01,C,2026-03-31 14:04:12+08:00,ONLINE,False,,CW_1_01,PASS,,,51.1542272,_2026033114041271101,T20260331140412,DESKTOP-P2DUL42,Loma,1,CW_1_01,1,paul di,2024.0718.155524,V20260126.2,CW_DTCL_DTCR_STC,T20260331140503,51.1542272,True,True,True,True,True,True,True,4S2RND2HBL0DP6,v1.0.1,2025_12_22,314.9118,317.5,474.8897,297.8309,295.3493,147.6986,149.3179,337.8675,335.2113,485.5915,-5.564,-2.2023,-0.0001,-0.0,-0.2218,1.5556,-0.2219,1.5501,0.6655,156.0537,153.5938,153.8516,155.9512,154.8625,0.8619,0.8306,0.8714,0.8105,0.8105,0.828,0.7679,0.8223,0.7626,0.7626,0.8132,0.8076,0.8009,0.8046,0.7462,0.7628,0.7287,0.7381,0.7287,0.8351,0.7735,0.8166,0.98,0.7735,0.8345,0.7709,0.7824,0.8309,0.8219,0.8326,0.7822,0.8296,0.7709,0,0,0,0,0,v1.0.1,2025_12_22,314.9562,317.5182,475.9424,297.7482,295.137,146.7808,148.0068,338.0952,335.2797,486.4755,-5.6356,-2.1764,-0.0001,-0.0,-0.2217,1.5547,-0.2221,1.5506,0.6654,159.3232,153.9385,162.208,162.2852,159.4387,0.6997,0.6812,0.7089,0.6909,0.6812,0.6785,0.6541,0.6762,0.6515,0.6515,0.638,0.6476,0.6598,0.6542,0.6396,0.6501,0.6128,0.6245,0.6128,0.6876,0.6553,0.6611,0.1995,0.1995,0.6441,0.66,0.6557,0.6845,0.6587,0.5901,0.6522,0.6641,0.5901,0,0,0,0,0,v1.0.1,2025_12_22,316.7048,328.8857,441.4138,313.6552,302.2903,196.0081,188.1393,343.2869,331.0625,457.5893,-3.5779,8.385,-0.0,0.0001,-0.221,1.5622,-0.211,1.5592,0.6723,176.8076,176.7822,177.1309,178.2168,177.2344,0.7959,0.6852,0.8112,0.684,0.684,0.7657,0.6516,0.772,0.6456,0.6456,0.767,0.7473,0.7458,0.7291,0.7291,0.751,0.6665,0.7337,0,0.6665,0,0,0,0,0,v1.0.1,2025_12_22,316.7157,328.9804,442.1416,313.6991,302.1935,195.129,187.2459,343.3689,331.1429,458.4196,-3.6121,8.4194,-0.0,0.0001,-0.2207,1.5622,-0.2102,1.5593,0.6727,146.2812,141.0449,142.6816,144.3945,143.6006,0.6589,0.5894,0.6816,0.6058,0.5894,0.6287,0.5752,0.6394,0.562,0.562,0.6251,0.619,0.622,0.6092,0.6092,0.6006,0.5515,0.5908,0.3787,0.3787,0,0,0,0,0,-0.0104,-0.0423,-0.0043,-0.0628,-0.0618,0.0111,-0.053,0.0037,-0.0756,-0.0543,0,-0.0089,-0.0079,-0.005,-0.0561,-0.0467,-0.0699,-0.0742,-0.0197,0.0059,-0.0067,-0.0354,-0.0139,-0.0217,-0.0252,0.0097,-0.027,0.0132,-0.0271,-0.0115,-0.022,-0.0096,-0.0031,-0.0199,-0.011,-0.02,-0.0116,-0.0286,0.0031,-0.0106,0.0037,-0.1258,0.0116,-0.1169,-0.1082,0.0105,-0.1154,0.0091,-0.1348,-0.1096,0.0111,-0.0119,0.0029,-0.0001,0.0086,-0.0055,-0.0035,-0.0691,0.0099,-0.0707,-0.0691,-0.0122,-0.0744,-0.0037,-0.0785,-0.0785,-0.0021,-0.0141,0.0035,-0.0137,-0.0093,-0.0002,0.0017,True,True
DTC_L_19,LanSi,1,CW_01,A,2026-03-31 14:05:50+08:00,ONLINE,False,,CW_1_01,PASS,,,51.3863878,_2026033114055031302,T20260331140550,DESKTOP-P2DUL42,Loma,1,CW_1_01,2,paul di,2024.0718.155524,V20260126.2,CW_DTCL_DTCR_STC,T20260331140641,51.3863878,True,True,True,True,True,True,True,4S2RND2HBL06DS,v1.0.1,2025_12_22,314.2074,323,474.1898,302.6788,294.8467,152.0467,148.2961,342.7039,333.6296,488.9556,-6.4661,2.377,-0.0001,0.0,-0.2258,1.5575,-0.2177,1.5538,0.6669,154.7217,150.4336,148.7598,153.75,151.9163,0.8201,0.7765,0.8405,0.7709,0.7709,0.7862,0.7576,0.7973,0.7468,0.7468,0.8266,0.8144,0.8219,0.7619,0.7233,0.708,0.764,0.6766,0.6766,0.8228,0.98,0.7999,0.8422,0.7999,0.8252,0.7532,0.7364,0.8333,0.8281,0.8209,0.791,0.7657,0.7364,0,0,0,0,0,v1.0.1,2025_12_22,314.1277,323,475.3571,302.4286,294.7961,151.0461,147.1973,342.8639,333.8143,490.0286,-6.4415,2.3734,-0.0001,0.0,-0.2264,1.5583,-0.2179,1.553,0.6667,159.71,155.1631,160.9814,160.668,159.1306,0.6794,0.6659,0.6925,0.681,0.6659,0.6601,0.6359,0.6481,0.6435,0.6359,0.6492,0.6372,0.6611,0.636,0.6204,0.6178,0.6402,0.592,0.592,0.6786,0.4438,0.6529,0.6868,0.4438,0.6573,0.6379,0.6175,0.6786,0.6791,0.6769,0.6684,0.6189,0.6175,0,0,0,0,0,v1.0.1,2025_12_22,312.4519,315.0481,437.4234,301.1351,298.5508,184.5763,184.1393,329.7131,326.5932,445.5,-7.6682,-4.3055,-0.0001,-0.0,-0.2104,1.5641,-0.2133,1.5623,0.6757,174.7588,173.6592,171.668,174.165,173.5627,0.775,0.6665,0.7943,0.6592,0.6592,0.735,0.6317,0.741,0.6461,0.6317,0.7604,0.7521,0.7666,0.6924,0.6924,0.7307,0,0.717,0.7251,0.717,0,0,0,0,0,v1.0.1,2025_12_22,312.4519,315.0481,438.3333,300.8829,298.5124,183.7025,183.3417,329.725,326.7731,446.2605,-7.6175,-4.3762,-0.0001,-0.0,-0.2115,1.5645,-0.2127,1.5616,0.6755,147.5,142.583,141.832,145.2266,144.2854,0.6629,0.5703,0.6722,0.5927,0.5703,0.6253,0.5529,0.6239,0.5704,0.5529,0.6376,0.6127,0.6371,0.5928,0.5928,0.5956,0.523,0.5934,0.5834,0.523,0,0,0,0,0,-0.0176,-0.0871,-0.0059,-0.0513,-0.0513,0.0017,-0.0549,-0.0033,-0.0313,-0.0313,0.0184,0.0081,0.0106,0.0017,-0.0996,-0.1149,-0.0255,-0.0674,0.004,-0.0185,0.0055,-0.049,-0.0078,-0.0308,-0.008,-0.0082,-0.045,-0.0169,-0.0216,-0.0291,-0.0146,-0.0352,0.0152,0.0038,-0.0398,-0.043,-0.0177,-0.0357,0.0023,-0.0172,-0.0048,-0.1527,0.0032,-0.125,-0.1206,-0.0057,-0.1497,-0.0035,-0.0983,-0.109,-0.0025,0.0035,0.0184,0.0089,0.0015,-0.0156,0.0128,-0.113,0.0044,-0.0893,-0.0798,0.0014,-0.0939,-0.0023,-0.069,-0.071,-0.0027,-0.0225,0.0015,-0.0112,-0.0112,0.0101,-0.0079,True,True
DTC_R_19,LanSi,1,CW_01,A,2026-03-31 14:05:50+08:00,ONLINE,False,,CW_1_01,PASS,,,51.5479558,_2026033114055017601,T20260331140550,DESKTOP-P2DUL42,Loma,1,CW_1_01,1,paul di,2024.0718.155524,V20260126.2,CW_DTCL_DTCR_STC,T20260331140641,51.5479558,True,True,True,True,True,True,True,4S2RND2HBL0DP6,v1.0.1,2025_12_22,314.9118,316.5,474.7554,296.5971,295.3378,147.3716,149.3072,336.6601,335.0993,484.1418,-5.6177,-3.2459,-0.0001,-0.0,-0.2234,1.5551,-0.2206,1.5504,0.6654,154.832,152.3965,152.123,154.7314,153.5208,0.8651,0.8126,0.8674,0.8124,0.8124,0.8294,0.7269,0.8258,0.7567,0.7269,0.8103,0.8143,0.816,0.7911,0.7468,0.7172,0.7291,0.6999,0.6999,0.8499,0.8112,0.8045,0.98,0.8045,0.8339,0.7675,0.7703,0.827,0.8172,0.8684,0.7065,0.839,0.7065,0,0,0,0,0,v1.0.1,2025_12_22,314.942,316.5652,475.8188,296.4058,295.1959,146.3716,148.0541,336.7838,335.2535,485.2535,-5.6471,-3.224,-0.0001,-0.0,-0.2241,1.5548,-0.22,1.5504,0.6653,158.6572,152.6758,160.2871,161.0625,158.1707,0.7021,0.696,0.6983,0.6844,0.6844,0.6745,0.6315,0.6729,0.6418,0.6315,0.648,0.6537,0.6638,0.6453,0.6384,0.6281,0.6246,0.6045,0.6045,0.6891,0.6577,0.6627,0.1654,0.1654,0.655,0.6446,0.6457,0.6742,0.6612,0.5767,0.6101,0.6983,0.5767,0,0,0,0,0,v1.0.1,2025_12_22,316.7925,327.8396,441.3421,312.7281,302.3016,195.4048,188.192,342.168,331.0439,456.2368,-3.5656,7.3755,-0.0,0.0001,-0.2202,1.5613,-0.2104,1.5597,0.6726,175.6484,175.3779,175.1855,176.7578,175.7424,0.7934,0.6876,0.8014,0.6986,0.6876,0.7521,0.6331,0.7587,0.6493,0.6331,0.7593,0.7544,0.7558,0.7086,0.7086,0.7473,0.6673,0.7369,0,0.6673,0,0,0,0,0,v1.0.1,2025_12_22,316.7115,328,441.9273,312.7636,302.248,194.808,187.2377,342.2787,331.0982,457.0536,-3.6555,7.4808,-0.0,0.0001,-0.2206,1.5621,-0.2093,1.5593,0.6729,145.6602,139.6309,141.1494,143.3984,142.4597,0.6586,0.5858,0.6597,0.5943,0.5858,0.6318,0.5539,0.6263,0.5559,0.5539,0.6169,0.6297,0.6272,0.6116,0.6116,0.5965,0.5536,0.5924,0.3789,0.3789,0,0,0,0,0,-0.0072,-0.0603,-0.0083,-0.0609,-0.0599,0.0125,-0.094,0.0072,-0.0815,-0.09,-0.0029,-0.0022,0.0072,-0.0185,-0.0555,-0.0923,-0.0695,-0.1124,-0.0049,-0.0062,-0.0043,-0.0206,-0.0245,-0.0282,-0.022,0.0057,-0.0496,0.0099,-0.0368,-0.0315,-0.012,-0.0035,0.0009,-0.0288,-0.0122,-0.042,0.0002,-0.0486,0.0046,-0.009,0.0012,-0.1234,0.0018,-0.1023,-0.1046,-0.0031,-0.1339,-0.0042,-0.1311,-0.1221,0.0034,-0.0048,0.0129,-0.0206,0.0049,-0.0023,-0.0038,-0.0727,-0.012,-0.0822,-0.0727,-0.0091,-0.0957,-0.0168,-0.0846,-0.0866,-0.0103,-0.0034,0.0087,-0.0113,-0.0069,-0.0043,0.0033,True,True
DTC_L_20,LanSi,1,CW_01,B,2026-03-31 14:10:23+08:00,ONLINE,False,,CW_1_01,PASS,,,51.3694628,_2026033114102360502,T20260331141023,DESKTOP-P2DUL42,Loma,1,CW_1_01,2,paul di,2024.0718.155524,V20260126.2,CW_DTCL_DTCR_STC,T20260331141114,51.3694628,True,True,True,True,True,True,True,4S2RND2HBL06DS,v1.0.1,2025_12_22,314.0896,323.403,474.2409,303.1533,294.7466,152.3493,148.0872,342.8725,333.3916,489.5455,-6.5888,2.7647,-0.0001,0.0,-0.2253,1.5577,-0.2162,1.5546,0.6677,154.71,150.8818,148.8789,153.9463,152.1042,0.8026,0.7866,0.8373,0.8084,0.7866,0.7803,0.7646,0.8047,0.7421,0.7421,0.8189,0.8111,0.8171,0.7641,0.7411,0.7274,0.7624,0.695,0.695,0.8208,0.98,0.8156,0.8311,0.8156,0.8316,0.8953,0.7767,0.829,0.8323,0.8105,0.7762,0.7758,0.7758,0,0,0,0,0,v1.0.1,2025_12_22,314.1259,323.3704,475.3235,303.0368,294.5229,151.3464,147.0336,343.1745,333.6857,490.7143,-6.5617,2.8285,-0.0001,0.0,-0.225,1.5568,-0.2175,1.5539,0.6671,161.0605,156.4434,162.2627,162.0645,160.4578,0.6661,0.659,0.6906,0.6973,0.659,0.6612,0.6418,0.6561,0.6562,0.6418,0.6633,0.6626,0.6612,0.6374,0.6151,0.6252,0.6241,0.6078,0.6078,0.682,0.2626,0.6655,0.697,0.2626,0.6456,0.6562,0.645,0.6853,0.6822,0.6821,0.6778,0.6452,0.645,0,0,0,0,0,v1.0.1,2025_12_22,312.1333,315.6476,437.4087,301.5217,298.5,184.65,184.122,329.6667,326.6116,445.9091,-7.7449,-4.021,-0.0001,-0.0,-0.2118,1.5666,-0.2086,1.5596,0.6765,175.1377,174.0938,172.0264,174.5078,173.9414,0.7652,0.6767,0.8003,0.6693,0.6693,0.7344,0.6481,0.7331,0.6442,0.6442,0.7757,0.7724,0.7403,0.6997,0.6997,0.7292,0,0.7229,0.7344,0.7229,0,0,0,0,0,v1.0.1,2025_12_22,312.1333,315.6476,438.3652,301.3739,298.392,183.944,183.275,329.775,326.5882,446.8235,-7.7492,-3.9872,-0.0001,-0.0,-0.2121,1.5663,-0.2087,1.5605,0.6765,148.7021,143.5068,142.7656,146.2754,145.3125,0.6521,0.5748,0.666,0.6014,0.5748,0.6267,0.5442,0.6161,0.5688,0.5442,0.6329,0.6309,0.6297,0.6104,0.6104,0.6008,0.3996,0.5979,0.5832,0.3996,0,0,0,0,0,-0.0351,-0.077,-0.0091,-0.0138,-0.0356,-0.0042,-0.0479,0.0041,-0.036,-0.036,0.0107,0.0048,0.0058,0.0039,-0.0818,-0.0955,-0.0271,-0.049,0.002,-0.0028,-0.0078,-0.0559,-0.0097,-0.0145,-0.0149,-0.0071,-0.0391,-0.0089,-0.0089,-0.0232,-0.0005,-0.0098,0.0153,0.0052,-0.0451,-0.0356,-0.0338,-0.0199,0.0057,-0.0046,-0.0146,-0.1425,0.0092,-0.1149,-0.1105,-0.0063,-0.1333,-0.0114,-0.1002,-0.0965,0.0128,0.0238,-0.0079,0.0162,0,-0.0097,0.002,-0.1085,-0.0018,-0.0806,-0.0753,0.0028,-0.1026,-0.0101,-0.0706,-0.0797,-0.0074,-0.0043,-0.0059,0.0064,0.0064,0.0153,-0.0034,True,True
DTC_R_20,LanSi,1,CW_01,B,2026-03-31 14:10:23+08:00,ONLINE,False,,CW_1_01,PASS,,,51.6237813,_2026033114102334301,T20260331141023,DESKTOP-P2DUL42,Loma,1,CW_1_01,1,paul di,2024.0718.155524,V20260126.2,CW_DTCL_DTCR_STC,T20260331141114,51.6237813,True,True,True,True,True,True,True,4S2RND2HBL0DP6,v1.0.1,2025_12_22,314.8603,317.3235,474.8261,297.6667,295.2276,147.6897,149.3072,337.6601,335.0634,485.1127,-5.6431,-2.4095,-0.0001,-0.0,-0.2218,1.5551,-0.2217,1.5504,0.6655,154.6494,152.3398,152.2148,154.6387,153.4607,0.8628,0.8123,0.8618,0.8407,0.8123,0.8133,0.7726,0.8197,0.7359,0.7359,0.8289,0.8124,0.8163,0.8115,0.7292,0.7489,0.7631,0.7404,0.7292,0.831,0.81,0.8158,0.7617,0.7617,0.8513,0.7736,0.7756,0.8167,0.812,0.8227,0.8078,0.8298,0.7736,0,0,0,0,0,v1.0.1,2025_12_22,314.8478,317.2391,475.8978,297.4526,295.1034,146.8138,148.0743,337.8041,335.1049,486.0909,-5.6943,-2.4199,-0.0001,-0.0,-0.2217,1.5549,-0.2222,1.5509,0.6655,160.4199,154.9883,163.2188,163.4531,160.52,0.7038,0.6807,0.7156,0.6993,0.6807,0.6716,0.6547,0.6726,0.6282,0.6282,0.6625,0.6508,0.664,0.6638,0.6414,0.6401,0.6018,0.6345,0.6018,0.6831,0.661,0.6612,0.1113,0.1113,0.6545,0.6607,0.6526,0.6798,0.6598,0.565,0.6632,0.6731,0.565,0,0,0,0,0,v1.0.1,2025_12_22,316.6972,328.6239,441.3448,313.5862,302.2195,195.9919,188.0894,343.0488,330.9828,457.0517,-3.6332,8.1605,-0.0,0.0001,-0.2195,1.5616,-0.2112,1.5595,0.6726,175.6396,175.6494,175.5908,176.7969,175.9192,0.7937,0.6726,0.8026,0.7179,0.6726,0.7548,0.6522,0.762,0.6053,0.6053,0.765,0.7617,0.7463,0.7302,0.7302,0.7477,0.6731,0.7353,0,0.6731,0,0,0,0,0,v1.0.1,2025_12_22,316.6606,328.6881,442,313.5,302.1935,195.129,187.2377,343.2623,331.0354,457.9204,-3.6746,8.2,-0.0,0.0001,-0.2201,1.5624,-0.2116,1.5595,0.6725,147.4502,141.8887,143.415,145.1816,144.4839,0.6582,0.5904,0.672,0.6184,0.5904,0.6382,0.5701,0.6459,0.5414,0.5414,0.6496,0.6326,0.6364,0.6201,0.6201,0.5918,0.5404,0.5643,0.3248,0.3248,0,0,0,0,0,-0.0095,-0.0606,-0.0139,-0.0326,-0.06,-0.0036,-0.0483,0.0011,-0.1023,-0.081,0.0157,-0.0041,0.0075,0.0019,-0.0731,-0.0606,-0.0355,-0.0719,-0.0238,0.0051,-0.0026,-0.0359,-0.0072,-0.0133,-0.0257,0.0028,-0.0264,0.0096,-0.0504,-0.0348,0.0025,-0.0064,0.0011,-0.0103,-0.0092,-0.03,-0.0226,-0.0186,-0.0014,-0.0105,0.0015,-0.1384,0.003,-0.083,-0.1196,-0.0004,-0.1148,-0.0009,-0.1751,-0.1499,0.0091,0.0025,0.0034,0.001,0.0053,-0.0039,-0.0042,-0.0681,0.0003,-0.0581,-0.0681,-0.0027,-0.0795,0.0028,-0.0991,-0.0991,0.0224,-0.0005,0.0179,-0.0028,0.0016,-0.009,-0.0248,True,True
DTC_R_21,LanSi,1,CW_01,C,2026-03-31 14:11:58+08:00,ONLINE,False,,CW_1_01,PASS,,,51.5963135,_2026033114115814501,T20260331141158,DESKTOP-P2DUL42,Loma,1,CW_1_01,1,paul di,2024.0718.155524,V20260126.2,CW_DTCL_DTCR_STC,T20260331141249,51.5963135,True,True,True,True,True,True,True,4S2RND2HBL0DP6,v1.0.1,2025_12_22,315.0657,317.8467,474.8235,298.1471,295.1761,148.8169,149.2867,338,335.3286,485.5,-5.5639,-1.8379,-0.0001,-0.0,-0.2222,1.5531,-0.2205,1.55,0.6651,155.0264,152.8008,152.917,155.0127,153.9392,0.8526,0.8457,0.8676,0.8239,0.8239,0.8194,0.7669,0.8164,0.7507,0.7507,0.8149,0.8158,0.8028,0.8055,0.7527,0.7509,0.7409,0.6827,0.6827,0.8345,0.8295,0.8119,0.4415,0.4415,0.8528,0.7974,0.7679,0.8428,0.6939,0.2664,0.98,0.8423,0.2664,0,0,0,0,0,v1.0.1,2025_12_22,315.0429,317.8929,476,298.0863,295.0616,147.7945,148.08,338.1733,335.4085,486.5,-5.5814,-1.8106,-0.0001,-0.0,-0.2219,1.5533,-0.2204,1.5501,0.6653,160.5947,154.4072,163.1162,163.7451,160.4658,0.7181,0.7071,0.7206,0.696,0.696,0.6778,0.6395,0.6681,0.6361,0.6361,0.6544,0.6449,0.6415,0.6612,0.6349,0.6435,0.605,0.588,0.588,0.6898,0.6621,0.6648,0.4843,0.4843,0.6464,0.6743,0.6482,0.6697,0.5653,0.0563,0.634,0.6811,0.0563,0,0,0,0,0,v1.0.1,2025_12_22,316.7477,329.1495,441.1786,314.2411,302.0894,196.8293,188.0476,343.5,331.1171,457.5315,-3.6639,8.7503,-0.0,0.0001,-0.2187,1.56,-0.2105,1.5588,0.6724,175.7969,175.7188,175.792,177.3203,176.157,0.7961,0.697,0.8118,0.6925,0.6925,0.7542,0.6506,0.7648,0.6228,0.6228,0.7602,0.7475,0.7541,0.7354,0.7354,0.7317,0.6948,0.741,0,0.6948,0,0,0,0,0,v1.0.1,2025_12_22,316.785,329.1402,442.0804,314.2054,302.0492,196,187.1694,343.5645,331.3333,458.4298,-3.6165,8.768,-0.0,0.0001,-0.2181,1.56,-0.2103,1.5582,0.6725,147.4092,141.582,143.3115,145.5879,144.4727,0.6498,0.5981,0.6748,0.6047,0.5981,0.6433,0.5689,0.6434,0.5448,0.5448,0.6074,0.6361,0.6446,0.6333,0.6074,0.5787,0.5613,0.5796,0,0.5613,0,0,0,0,0,-0.0197,-0.0272,-0.0081,-0.0494,-0.0484,0.0025,-0.054,-0.0022,-0.0875,-0.0662,0.0017,-0.0007,-0.006,-0.0041,-0.0496,-0.0586,-0.0577,-0.1296,-0.0203,0.0012,0.0117,-0.0095,-0.0022,-0.0166,-0.0104,0.009,-0.0416,0.0051,-0.0425,-0.0269,-0.0056,-0.0123,-0.0214,-0.0129,-0.0157,-0.0266,-0.0194,-0.0651,0.0053,-0.0069,0.0039,-0.114,0.0122,-0.1084,-0.0997,-0.001,-0.1164,0.0019,-0.1576,-0.1324,0.0043,-0.0117,0.0112,0.0062,-0.0107,0.0018,-0.0126,-0.0604,0.0031,-0.0718,-0.0604,0.0024,-0.0807,0.0003,-0.0957,-0.0957,-0.0198,0.003,0.0261,0.0104,-0.0111,-0.0221,-0.0095,True,True
DTC_L_21,LanSi,1,CW_01,C,2026-03-31 14:11:58+08:00,ONLINE,False,,CW_1_01,PASS,,,51.403829,_2026033114115833702,T20260331141158,DESKTOP-P2DUL42,Loma,1,CW_1_01,2,paul di,2024.0718.155524,V20260126.2,CW_DTCL_DTCR_STC,T20260331141249,51.403829,True,True,True,True,True,True,True,4S2RND2HBL06DS,v1.0.1,2025_12_22,314.1103,322.8309,474.2574,302.1985,294.8079,151.7616,148.1688,342.5,333.3235,489.0368,-6.5664,2.1656,-0.0001,0.0,-0.2276,1.5579,-0.2175,1.5552,0.667,154.377,150.5703,148.6729,153.709,151.8323,0.8185,0.7874,0.8501,0.7794,0.7794,0.7784,0.7497,0.8024,0.7329,0.7329,0.8145,0.8144,0.796,0.7763,0.7304,0.7023,0.7608,0.6978,0.6978,0.8305,0.6889,0.8288,0.8297,0.6889,0.8441,0.7651,0.7577,0.836,0.8273,0.7914,0.7985,0.7868,0.7577,0,0,0,0,0,v1.0.1,2025_12_22,314.0429,322.8929,475.3066,302.1168,294.719,150.7582,147.0676,342.6486,333.5956,490.0809,-6.5537,2.1995,-0.0001,0.0,-0.2276,1.5585,-0.2173,1.5539,0.6669,159.9863,155.8135,161.5537,161.0469,159.6001,0.6819,0.6672,0.6957,0.6863,0.6672,0.6569,0.6279,0.6579,0.6451,0.6279,0.6359,0.6529,0.6574,0.6311,0.6223,0.6256,0.6285,0.6106,0.6106,0.6814,0.5585,0.6807,0.6907,0.5585,0.6593,0.6487,0.6278,0.6905,0.6691,0.6669,0.6664,0.6332,0.6278,0,0,0,0,0,v1.0.1,2025_12_22,312.2843,314.9804,437.4522,300.6174,298.4553,184.122,183.952,329.576,326.5,445.5,-7.7712,-4.5409,-0.0001,-0.0,-0.2137,1.565,-0.2127,1.5618,0.6751,174.7812,173.7402,171.542,174.2441,173.5769,0.7766,0.6663,0.804,0.6564,0.6564,0.7251,0.6383,0.7557,0.6394,0.6383,0.7728,0.7553,0.7602,0.6951,0.6951,0.7336,0,0.7205,0.7066,0.7066,0,0,0,0,0,v1.0.1,2025_12_22,312.2843,314.9804,438.3826,300.5478,298.3697,183.4622,183.122,329.6667,326.5726,446.3761,-7.7537,-4.4934,-0.0001,-0.0,-0.2134,1.5649,-0.2127,1.562,0.6752,147.7686,143.3555,142.2422,145.7061,144.7681,0.6467,0.5673,0.6729,0.5954,0.5673,0.6227,0.5486,0.629,0.5808,0.5486,0.627,0.6192,0.6351,0.5994,0.5994,0.5733,0.5255,0.5859,0.5749,0.5255,0,0,0,0,0,-0.0192,-0.0762,0.0037,-0.0428,-0.0428,-0.0061,-0.0628,0.0018,-0.0452,-0.0452,0.0063,0.0081,-0.0153,0.0161,-0.0925,-0.1206,-0.0287,-0.0462,0.0117,0.0104,0.008,-0.0477,-0.0046,-0.0255,-0.0067,-0.0114,-0.053,-0.0071,-0.02,-0.0371,-0.0279,-0.0195,0.0115,-0.0011,-0.0379,-0.0352,-0.0294,-0.0171,0.0051,0.0106,-0.0032,-0.1529,0.0129,-0.1278,-0.1234,-0.0156,-0.1431,0.0112,-0.105,-0.1024,0.0099,0.0067,0.012,0.0116,0.0044,-0.0121,-0.0034,-0.116,0.0051,-0.0866,-0.0828,-0.0012,-0.0982,0.0028,-0.0586,-0.0753,-0.0133,-0.016,-0.0005,-0.0046,-0.0046,-0.0122,-0.0154,True,True
DTC_L_22,LanSi,1,CW_01,A,2026-03-31 14:16:18+08:00,ONLINE,False,,CW_1_01,PASS,,,51.5011634,_2026033114161811502,T20260331141618,DESKTOP-P2DUL42,Loma,1,CW_1_01,2,paul di,2024.0718.155524,V20260126.2,CW_DTCL_DTCR_STC,T20260331141709,51.5011634,True,True,True,True,True,True,True,4S2RND2HBL06DS,v1.0.1,2025_12_22,314.1333,322.8741,474.3066,302.3066,294.8467,151.7867,148.245,342.6093,333.4275,489.2246,-6.5082,2.2602,-0.0001,0.0,-0.2272,1.558,-0.2179,1.5548,0.6669,154.5234,150.335,149.1035,154.1631,152.0312,0.8113,0.7578,0.7951,0.7434,0.7434,0.7805,0.7558,0.7837,0.7273,0.7273,0.7986,0.8195,0.7792,0.7522,0.7292,0.7131,0.7614,0.691,0.691,0.812,0.98,0.835,0.8401,0.812,0.8375,0.816,0.742,0.8351,0.8205,0.806,0.7966,0.7739,0.742,0,0,0,0,0,v1.0.1,2025_12_22,314.0647,322.9353,475.5255,302.1533,294.7632,150.7632,147.1745,342.8456,333.695,490.3262,-6.4554,2.3047,-0.0001,0.0,-0.2275,1.5586,-0.2182,1.5535,0.6666,158.3711,154.4482,160.3662,159.6211,158.2017,0.6838,0.6585,0.6776,0.6693,0.6585,0.6683,0.6247,0.6217,0.6396,0.6217,0.6415,0.6443,0.6314,0.6431,0.6091,0.6259,0.6263,0.6052,0.6052,0.6729,0.323,0.6894,0.6745,0.323,0.6584,0.6512,0.632,0.6876,0.6757,0.6698,0.6664,0.6412,0.632,0,0,0,0,0,v1.0.1,2025_12_22,312.3366,315,437.5614,300.6667,298.4839,184.0806,184.048,329.6,326.5,445.5,-7.714,-4.5305,-0.0001,-0.0,-0.2134,1.5649,-0.2128,1.5622,0.6752,174.5078,173.7236,172.0605,174.5117,173.7009,0.7683,0.6556,0.7591,0.6277,0.6277,0.7445,0.6344,0.7421,0.6549,0.6344,0.7729,0.7548,0.7108,0.6988,0.6988,0.738,0,0.7197,0.7276,0.7197,0,0,0,0,0,v1.0.1,2025_12_22,312.3922,315,438.4522,300.6174,298.453,183.4786,183.2231,329.6612,326.547,446.4786,-7.6865,-4.4528,-0.0001,-0.0,-0.2131,1.5647,-0.2125,1.563,0.6755,146.2236,141.5928,140.9062,144.1045,143.2068,0.6592,0.5628,0.6473,0.5694,0.5628,0.6275,0.5453,0.6058,0.5906,0.5453,0.6247,0.6289,0.61,0.6016,0.6016,0.5849,0.4733,0.5925,0.5768,0.4733,0,0,0,0,0,-0.0264,-0.1058,-0.0513,-0.0788,-0.0788,-0.004,-0.0567,-0.0169,-0.0508,-0.0508,-0.0096,0.0132,-0.0321,-0.008,-0.0937,-0.1098,-0.0281,-0.053,-0.0068,0.0166,0.0099,-0.0564,-0.0227,-0.0425,-0.0154,0,-0.0562,-0.0433,-0.0255,-0.0433,-0.0223,-0.0281,-0.0145,0.0109,-0.0511,-0.0349,-0.0316,-0.0225,-0.0034,0.0193,-0.0115,-0.1636,-0.032,-0.1565,-0.1521,0.0038,-0.147,-0.0024,-0.0895,-0.1063,0.01,0.0062,-0.0374,0.0153,0.0088,-0.0129,0.0091,-0.1205,-0.0205,-0.1126,-0.0873,0.0036,-0.1015,-0.0204,-0.0488,-0.0786,-0.0156,-0.0063,-0.0256,-0.0024,-0.0024,-0.0006,-0.0088,True,True
DTC_R_22,LanSi,1,CW_01,A,2026-03-31 14:16:18+08:00,ONLINE,False,,CW_1_01,PASS,,,51.5081456,_2026033114161812101,T20260331141618,DESKTOP-P2DUL42,Loma,1,CW_1_01,1,paul di,2024.0718.155524,V20260126.2,CW_DTCL_DTCR_STC,T20260331141709,51.5081456,True,True,True,True,True,True,True,4S2RND2HBL0DP6,v1.0.1,2025_12_22,314.8478,317.7609,474.7574,297.9118,295.3056,147.8819,149.0952,338.2381,335.0638,486.0638,-5.686,-1.9287,-0.0001,-0.0,-0.223,1.5557,-0.2224,1.5507,0.6653,155.1992,152.6621,153.0674,154.5811,153.8774,0.8534,0.8207,0.8751,0.8279,0.8207,0.8269,0.7586,0.8127,0.7677,0.7586,0.8274,0.8079,0.8236,0.8069,0.7495,0.7755,0.7286,0.7491,0.7286,0.8456,0.8061,0.8216,0.98,0.8061,0.8558,0.7798,0.7684,0.8248,0.8248,0.8236,0.7574,0.8336,0.7574,0,0,0,0,0,v1.0.1,2025_12_22,314.8857,317.7286,475.8478,297.7609,295.1156,146.8912,147.9333,338.44,335.1056,487.0423,-5.7224,-1.9274,-0.0001,-0.0,-0.2229,1.5551,-0.2229,1.5514,0.6652,159.2871,153.4199,161.9434,161.7031,159.0884,0.7028,0.6801,0.7166,0.6941,0.6801,0.684,0.6534,0.6773,0.6408,0.6408,0.6423,0.6659,0.6675,0.6611,0.6386,0.6642,0.5867,0.6208,0.5867,0.6894,0.6728,0.664,0.2285,0.2285,0.6598,0.6643,0.6379,0.6601,0.6747,0.634,0.6338,0.6943,0.6338,0,0,0,0,0,v1.0.1,2025_12_22,316.7453,329.1038,441.2566,313.9469,302.2857,196.1349,188.024,343.456,331.115,458.1062,-3.6147,8.6496,-0.0,0.0001,-0.2206,1.562,-0.2105,1.5593,0.6725,176.1533,175.6777,176.3096,176.7588,176.2249,0.7885,0.6979,0.8121,0.6956,0.6956,0.7639,0.6632,0.7794,0.6499,0.6499,0.7641,0.7741,0.7541,0.7358,0.7358,0.7251,0.658,0.7242,0,0.658,0,0,0,0,0,v1.0.1,2025_12_22,316.6759,329.2222,442.0273,313.9,302.1429,195.4206,187.1138,343.5854,331.0727,458.7636,-3.6935,8.6784,-0.0,0.0001,-0.2211,1.5621,-0.2099,1.5596,0.6727,146.0566,140.6006,142.1445,143.791,143.1482,0.647,0.5927,0.6678,0.6137,0.5927,0.6401,0.5751,0.6404,0.571,0.571,0.6253,0.63,0.625,0.6194,0.6194,0.5803,0.5478,0.5793,0.4011,0.4011,0,0,0,0,0,-0.0189,-0.0522,-0.0006,-0.0454,-0.0516,0.01,-0.0623,-0.0059,-0.0705,-0.0583,0.0142,-0.0086,0.0148,-0.0027,-0.0528,-0.034,-0.07,-0.0632,-0.0092,0.0109,-0.0036,-0.0365,-0.0062,-0.0185,-0.0263,0.0152,-0.0277,0.0143,-0.0378,-0.0222,-0.0177,0.0087,0.0046,-0.013,-0.012,-0.0059,-0.0377,-0.0323,0.0049,-0.0077,-0.0037,-0.1131,0.0125,-0.1053,-0.0966,0.0087,-0.1038,0.0165,-0.1305,-0.1053,0.0082,0.0149,0.0112,0.0066,-0.0173,-0.015,-0.0154,-0.0658,-0.0039,-0.0628,-0.0658,-0.0008,-0.0745,-0.0027,-0.0695,-0.0695,-0.0019,-0.0031,0.0065,-0.0035,0.0009,-0.0205,-0.0098,True,True
DTC_L_23,LanSi,1,CW_01,A,2026-03-31 18:11:45+08:00,ONLINE,False,,CW_1_01,PASS,,,52.790141,_2026033118114578202,T20260331181145,DESKTOP-P2DUL42,Loma,1,CW_1_01,2,paul di,2024.0718.155524,V20260126.2,CW_DTCL_DTCR_STC,T20260331181238,52.790141,True,True,True,True,True,True,True,4S2RND2HBL06DS,v1.0.1,2025_12_22,314.1103,322.8309,474.5,303,295.396,151.5436,148.1419,341.7635,332.9137,489.0935,-6.4876,2.1463,-0.0001,0.0,-0.2225,1.5615,-0.2131,1.5577,0.6709,153.0459,149.7236,148.8037,152.7471,151.0801,0.8042,0.7777,0.8159,0.7513,0.7513,0.7706,0.7307,0.7622,0.7246,0.7246,0.8043,0.803,0.809,0.7604,0.7169,0.7189,0.7653,0.6752,0.6752,0.8037,0.98,0.8053,0.8251,0.8037,0.8415,0.7646,0.7771,0.8345,0.8375,0.8101,0.7873,0.7695,0.7646,0,0,0,0,0,v1.0.1,2025_12_22,314.1087,322.8261,475.6296,302.9556,295.12,150.6333,147,342,332.9571,490.1071,-6.5369,2.2044,-0.0001,0.0,-0.2219,1.5604,-0.2137,1.5581,0.6707,158.5322,154.5986,161.1768,160.3281,158.6589,0.6742,0.661,0.6783,0.6817,0.661,0.6561,0.6292,0.6421,0.6376,0.6292,0.6553,0.651,0.6512,0.6311,0.6186,0.6347,0.6378,0.6144,0.6144,0.6603,0.4167,0.6561,0.6847,0.4167,0.6613,0.647,0.6382,0.6777,0.679,0.6925,0.6775,0.617,0.617,0,0,0,0,0,v1.0.1,2025_12_22,312.2857,315.2286,437.5948,301.4052,299.0339,184.1441,184.0165,329.1901,326.0261,445.4522,-7.7086,-4.416,-0.0001,-0.0,-0.2094,1.5695,-0.2079,1.5652,0.6794,172.7803,172.9346,171.6748,172.8135,172.5508,0.7669,0.6586,0.7796,0.6314,0.6314,0.7388,0.6347,0.7206,0.6353,0.6347,0.7583,0.7516,0.7427,0.6872,0.6872,0.7224,0,0.7258,0.713,0.713,0,0,0,0,0,v1.0.1,2025_12_22,312.3942,314.9712,438.487,301.313,298.8783,183.4174,183.2167,329.3417,326.1304,446.3304,-7.6787,-4.4253,-0.0001,-0.0,-0.2074,1.5679,-0.2103,1.5661,0.6791,146.7842,142.0977,142.0498,144.8379,143.9424,0.6531,0.5753,0.6603,0.5746,0.5746,0.6272,0.5429,0.5918,0.5748,0.5429,0.633,0.6332,0.6257,0.5963,0.5963,0.5804,0.5201,0.5701,0.5531,0.5201,0,0,0,0,0,-0.0335,-0.0859,-0.0305,-0.0709,-0.0709,-0.0139,-0.0818,-0.0384,-0.0535,-0.0535,-0.0039,-0.0033,-0.0023,0.0002,-0.106,-0.104,-0.0242,-0.0688,-0.0151,-0.0131,0.0003,-0.0539,-0.022,-0.0301,-0.0129,-0.0122,-0.0517,-0.0229,-0.0275,-0.0358,-0.0085,-0.0214,0.0053,-0.0011,-0.0416,-0.0261,-0.0201,-0.0133,-0.016,-0.014,-0.0129,-0.1606,-0.0115,-0.1528,-0.1484,-0.0019,-0.1467,-0.0239,-0.1091,-0.106,-0.0046,0.003,-0.0055,0.0037,-0.0068,-0.0068,0.003,-0.108,-0.0075,-0.1074,-0.0755,0.0033,-0.1039,-0.0344,-0.0646,-0.081,-0.0073,-0.002,-0.0099,-0.0077,-0.0077,-0.0051,-0.0312,True,True
DTC_R_23,LanSi,1,CW_01,A,2026-03-31 18:11:45+08:00,ONLINE,False,,CW_1_01,PASS,,,52.931763,_2026033118114564901,T20260331181145,DESKTOP-P2DUL42,Loma,1,CW_1_01,1,paul di,2024.0718.155524,V20260126.2,CW_DTCL_DTCR_STC,T20260331181238,52.931763,True,True,True,True,True,True,True,4S2RND2HBL0DP6,v1.0.1,2025_12_22,315.1765,316.8529,475.4776,297.2612,295.8503,148.8299,149.3,336.7467,335.8188,486.3221,-5.1754,-2.2974,-0.0001,-0.0,-0.2211,1.5558,-0.2188,1.5491,0.6662,154.9395,152.5244,152.79,154.8848,153.7847,0.8606,0.7576,0.8731,0.7862,0.7576,0.8226,0.7329,0.8245,0.7919,0.7329,0.8249,0.8107,0.8073,0.8115,0.7094,0.7034,0.8016,0.7923,0.7034,0.8447,0.764,0.8127,0.5432,0.5432,0.8501,0.7575,0.7448,0.8382,0.7983,0.98,0.8371,0.8344,0.7448,0,0,0,0,0,v1.0.1,2025_12_22,315.0791,316.8633,476.6131,297.2409,295.5753,147.7808,148.0417,336.9792,335.9007,487.3245,-5.258,-2.2623,-0.0001,-0.0,-0.2204,1.5554,-0.2193,1.5487,0.6661,158.9014,152.8213,161.3457,161.8408,158.7273,0.7032,0.6525,0.7181,0.6804,0.6525,0.6806,0.6281,0.6682,0.6667,0.6281,0.6368,0.6544,0.6648,0.6607,0.6019,0.6194,0.6127,0.6348,0.6019,0.6685,0.6261,0.6584,0.2795,0.2795,0.652,0.6336,0.6359,0.6714,0.6521,0.5108,0.6333,0.6728,0.5108,0,0,0,0,0,v1.0.1,2025_12_22,316.9238,328.0762,441.8393,313.1429,302.4844,196.6641,188.2177,342.0806,331.6723,457.1261,-3.2725,7.918,-0.0,0.0001,-0.2185,1.5608,-0.2079,1.5565,0.6727,175.4902,175.668,176.1924,176.7314,176.0205,0.7872,0.5983,0.8045,0.6598,0.5983,0.7581,0.5923,0.7687,0.6805,0.5923,0.7615,0.7602,0.742,0.7353,0.7353,0.7374,0.6456,0.7312,0,0.6456,0,0,0,0,0,v1.0.1,2025_12_22,316.9519,328.125,442.5929,313.1947,302.392,195.944,187.4153,342.3475,331.7119,457.9068,-3.2872,8.0036,-0.0,0.0001,-0.2178,1.5606,-0.2088,1.557,0.6728,145.9482,139.7852,141.4766,143.9219,142.783,0.6476,0.5317,0.6754,0.5737,0.5317,0.6361,0.5467,0.6329,0.5914,0.5467,0.6298,0.615,0.6276,0.6238,0.615,0.5802,0.5339,0.5836,0.2089,0.2089,0,0,0,0,0,-0.0117,-0.1153,-0.0026,-0.0871,-0.1147,0.0057,-0.088,0.0059,-0.0463,-0.084,0.0117,-0.0058,-0.0015,0.0019,-0.0929,-0.1061,0.003,-0.02,-0.0101,0.002,-0.0032,-0.0641,-0.0047,-0.0322,-0.0539,0.0118,-0.053,0.0052,-0.0119,-0.0349,-0.0232,-0.0028,0.0019,-0.0134,-0.0487,-0.0507,-0.0117,-0.0183,-0.016,-0.0133,-0.005,-0.2127,0.0049,-0.1411,-0.1939,0.0029,-0.1747,0.0058,-0.0999,-0.1629,0.0056,0.001,-0.0009,0.0061,-0.005,-0.008,-0.0148,-0.1268,0.0037,-0.1028,-0.1268,-0.0048,-0.1029,-0.0102,-0.0491,-0.0938,0.0026,-0.0181,0.0091,0.0009,-0.0035,-0.0206,-0.0055,True,True
DTC_R_24,LanSi,1,CW_01,B,2026-03-31 18:14:12+08:00,ONLINE,False,,CW_1_01,PASS,,,52.3193638,_2026033118141297301,T20260331181412,DESKTOP-P2DUL42,Loma,1,CW_1_01,1,paul di,2024.0718.155524,V20260126.2,CW_DTCL_DTCR_STC,T20260331181505,52.3193638,True,True,True,True,True,True,True,4S2RND2HBL0DP6,v1.0.1,2025_12_22,315,316.5,474.9037,296.5481,295.3082,147.2877,149.2133,336.72,335.1901,484.1831,-5.5769,-3.2522,-0.0001,-0.0,-0.2236,1.5544,-0.2208,1.5505,0.6651,154.8457,151.7344,152.1377,154.9316,153.4124,0.855,0.8191,0.8696,0.7794,0.7794,0.8071,0.7383,0.8001,0.7281,0.7281,0.8226,0.8156,0.7932,0.8001,0.7447,0.7442,0.7572,0.6767,0.6767,0.833,0.8034,0.8032,0.3102,0.3102,0.8357,0.7746,0.7351,0.8219,0.8097,0.8519,0.7418,0.8493,0.7351,0,0,0,0,0,v1.0.1,2025_12_22,315,316.5,475.9562,296.4818,295.1757,146.3041,148.0952,336.7619,335.2676,485.2042,-5.6011,-3.2496,-0.0001,-0.0,-0.2232,1.5543,-0.2203,1.5507,0.6654,160.4512,154.9795,163.6709,163.1104,160.553,0.7027,0.6895,0.7149,0.6583,0.6583,0.6689,0.6395,0.6595,0.6211,0.6211,0.6558,0.6508,0.6638,0.6638,0.6313,0.6293,0.6158,0.5855,0.5855,0.6693,0.6657,0.6739,0.0426,0.0426,0.6546,0.6445,0.6422,0.6774,0.6373,0.5407,0.6261,0.6937,0.5407,0,0,0,0,0,v1.0.1,2025_12_22,316.8785,327.8972,441.3913,312.6087,302.3468,195.2097,188.1382,342.2358,331.0982,456.0536,-3.5294,7.301,-0.0,0.0001,-0.2217,1.5612,-0.2104,1.5598,0.6722,175.5078,174.917,175.3809,176.8652,175.6677,0.7844,0.6971,0.7994,0.6446,0.6446,0.7368,0.6299,0.7248,0.5907,0.5907,0.7714,0.7506,0.7447,0.7264,0.7264,0.7449,0.678,0.7238,0,0.678,0,0,0,0,0,v1.0.1,2025_12_22,316.7925,328,442.1091,312.6818,302.2258,194.6694,187.2167,342.3417,331.2018,456.9386,-3.5908,7.4263,-0.0,0.0001,-0.2211,1.5615,-0.2097,1.559,0.6724,147.125,141.9297,143.9287,145.0879,144.5178,0.6492,0.6018,0.6632,0.5741,0.5741,0.6106,0.566,0.6135,0.525,0.525,0.6126,0.6194,0.6393,0.6255,0.6126,0.6006,0.5474,0.5776,0.2723,0.2723,0,0,0,0,0,-0.0173,-0.0538,-0.0061,-0.0939,-0.0929,-0.0098,-0.0826,-0.0185,-0.1101,-0.0888,0.0094,-0.0009,-0.0156,-0.0095,-0.0576,-0.0653,-0.0414,-0.1356,-0.0218,-0.0075,-0.0037,-0.0271,-0.0079,-0.0543,-0.0481,0.0001,-0.0416,-0.0035,-0.0575,-0.0419,-0.0042,-0.0064,0.0009,-0.0103,-0.0193,-0.0408,-0.0086,-0.0676,-0.0152,0.0022,-0.0078,-0.1139,-0.0002,-0.1563,-0.1476,-0.0184,-0.1371,-0.0381,-0.1897,-0.1645,0.0155,-0.0086,0.0018,-0.0028,0.0025,-0.0154,-0.0132,-0.0567,-0.0085,-0.1024,-0.0844,-0.0303,-0.0836,-0.0296,-0.1155,-0.1155,-0.0146,-0.0137,0.0208,0.0026,-0.0059,-0.0002,-0.0115,True,True
DTC_L_24,LanSi,1,CW_01,B,2026-03-31 18:14:13+08:00,ONLINE,False,,CW_1_01,FAIL,SFR_VIS_25cm_Ny4_01F_ROI2;SFR_VIS_25cm_Ny4_01F_Min;IR_SFR_VIS_25cm_Ny4_01F_ROI2;IR_SFR_VIS_25cm_Ny4_01F_Min;SFR_VIS_25cm_Ny4_01F_ROI2_Dev;SFR_VIS_25cm_Ny4_01F_Min_Dev;IR_SFR_VIS_25cm_Ny4_01F_ROI2_Dev,sfr_25Algo,52.1288736,_2026033118141318702,T20260331181413,DESKTOP-P2DUL42,Loma,1,CW_1_01,2,paul di,2024.0718.155524,V20260126.2,CW_DTCL_DTCR_STC,T20260331181505,52.1288736,True,True,True,True,True,True,True,4S2RND2HBL06DS,v1.0.1,2025_12_22,314.0432,324,474.4109,304.7984,295.2838,152.6081,148,343.7933,332.8929,490.9643,-6.5739,3.7328,-0.0001,0.0,-0.2187,1.5613,-0.2181,1.5579,0.6706,153.3047,149.752,148.7119,152.7998,151.1421,0.815,0.6794,0.8289,0.7624,0.6794,0.7744,0.75,0.7684,0.7289,0.7289,0.7949,0.8112,0.8133,0.7675,0.7477,0.7451,0.7452,0.6788,0.6788,0.809,0.98,0.8073,0.8258,0.8073,0.8159,0.7754,0.7677,0.8354,0.8306,0.8188,0.7952,0.7682,0.7677,0,0,0,0,0,v1.0.1,2025_12_22,314.0423,323.9789,475.5267,304.6412,295.1959,151.6216,146.9595,343.8716,332.9577,492.0211,-6.5636,3.7269,-0.0001,0.0,-0.2187,1.5614,-0.218,1.5582,0.6707,159.6875,155.5762,161.9707,161.2988,159.6333,0.6698,0.5866,0.6862,0.6716,0.5866,0.6534,0.6367,0.6473,0.6326,0.6326,0.6508,0.6439,0.6679,0.6412,0.6376,0.6257,0.6175,0.6065,0.6065,0.6734,0.4451,0.6645,0.6727,0.4451,0.6637,0.657,0.6344,0.6734,0.67,0.6708,0.6688,0.6341,0.6341,0,0,0,0,0,v1.0.1,2025_12_22,312.3019,316.1792,437.6038,303,299.0661,185.2645,183.918,330.9262,326.0862,447.2241,-7.7048,-2.9812,-0.0001,-0.0,-0.2043,1.5695,-0.2138,1.5655,0.6792,173.4297,173.0205,171.9141,173.1094,172.8684,0.7709,0.5994,0.7775,0.6414,0.5994,0.7375,0.6343,0.7349,0.6451,0.6343,0.759,0.7616,0.7525,0.6948,0.6948,0.7101,0,0.7255,0.7453,0.7101,0,0,0,0,0,v1.0.1,2025_12_22,312.3645,316.1869,438.4144,302.8108,298.8889,184.547,183.0413,330.9339,326.094,448.1282,-7.7394,-2.9786,-0.0001,-0.0,-0.2052,1.5683,-0.213,1.5666,0.6792,147.6318,142.9541,142.7393,146.0273,144.8381,0.6468,0.5364,0.6525,0.5894,0.5364,0.6212,0.556,0.6072,0.5819,0.556,0.6253,0.615,0.6335,0.618,0.615,0.5917,0.5408,0.5867,0.5789,0.5408,0,0,0,0,0,-0.0227,-0.1842,-0.0175,-0.0598,-0.1428,-0.0101,-0.0625,-0.0322,-0.0492,-0.0492,-0.0133,0.0049,0.002,0.0073,-0.0752,-0.0778,-0.0443,-0.0652,-0.0098,-0.0111,-0.0041,-0.1283,-0.0141,-0.0402,-0.0873,-0.0149,-0.0442,-0.0177,-0.0325,-0.0324,-0.013,-0.0285,0.022,0.009,-0.0226,-0.0351,-0.0404,-0.0212,-0.0029,-0.0056,-0.0089,-0.2198,-0.0136,-0.1428,-0.1804,-0.0032,-0.1471,-0.0096,-0.0993,-0.1064,-0.0039,0.013,0.0043,0.0113,-0.0191,-0.0071,-0.0033,-0.1469,-0.0153,-0.0926,-0.1137,-0.0027,-0.0908,-0.019,-0.0575,-0.0679,-0.015,-0.0202,-0.0021,0.014,0.011,0.0062,-0.0146,True,True
DTC_L_25,LanSi,1,CW_01,C,2026-03-31 18:15:52+08:00,ONLINE,False,,CW_1_01,PASS,,,52.540962,_2026033118155208202,T20260331181552,DESKTOP-P2DUL42,Loma,1,CW_1_01,2,paul di,2024.0718.155524,V20260126.2,CW_DTCL_DTCR_STC,T20260331181644,52.540962,True,True,True,True,True,True,True,4S2RND2HBL06DS,v1.0.1,2025_12_22,315.1481,321.9259,475.6,301.6963,296.9262,150.698,149.745,341.2483,333.8905,487.781,-5.238,1.1699,-0.0001,0.0,-0.2249,1.5643,-0.2158,1.5578,0.6703,153.4268,149.9863,149.0879,153.3916,151.4731,0.8156,0.7893,0.8318,0.7696,0.7696,0.7812,0.7488,0.775,0.7356,0.7356,0.8121,0.8085,0.8045,0.7581,0.7203,0.7228,0.7405,0.6863,0.6863,0.8095,0.98,0.8099,0.7868,0.7868,0.8393,0.7677,0.7024,0.8322,0.8168,0.7596,0.7706,0.7891,0.7024,0,0,0,0,0,v1.0.1,2025_12_22,315.0857,322.0214,476.6691,301.6115,296.8067,149.7133,148.4832,341.4564,334,488.9137,-5.2911,1.2433,-0.0001,0.0,-0.2251,1.5646,-0.2156,1.5574,0.6703,156.9492,153.6924,159.7988,158.2324,157.1682,0.685,0.68,0.6828,0.6882,0.68,0.6612,0.6405,0.6287,0.6487,0.6287,0.6637,0.652,0.6526,0.6336,0.6164,0.629,0.6162,0.6118,0.6118,0.6692,0.3367,0.6866,0.6509,0.3367,0.6502,0.5981,0.5849,0.6803,0.6892,0.6625,0.657,0.6328,0.5849,0,0,0,0,0,v1.0.1,2025_12_22,313.3148,314.3241,438.681,300.3534,300.375,183.1417,185.4167,328.5167,327.1739,444.4609,-6.5077,-5.3407,-0.0001,-0.0001,-0.2105,1.572,-0.21,1.5642,0.6789,173.3438,172.8555,171.7764,173.4561,172.8579,0.7787,0.6626,0.7766,0.6566,0.6566,0.7311,0.6305,0.7331,0.6382,0.6305,0.7475,0.758,0.7487,0.691,0.691,0.72,0,0.7305,0.6652,0.6652,0,0,0,0,0,v1.0.1,2025_12_22,313.25,314.3704,439.5,300.2632,300.2437,182.3613,184.4628,328.5372,327.1491,445.4123,-6.5789,-5.3111,-0.0001,-0.0001,-0.2108,1.5721,-0.209,1.5646,0.6792,145.1904,141.5117,140.6211,143.1836,142.6267,0.6542,0.5835,0.6559,0.5892,0.5835,0.6281,0.5482,0.6199,0.5681,0.5482,0.6219,0.6132,0.6323,0.5906,0.5906,0.5915,0.4006,0.5889,0.5606,0.4006,0,0,0,0,0,-0.0221,-0.0743,-0.0146,-0.0526,-0.0526,-0.0033,-0.0637,-0.0256,-0.0425,-0.0425,0.0039,0.0022,-0.0068,-0.0021,-0.1026,-0.1001,-0.049,-0.0577,-0.0093,-0.0085,0.0111,-0.0349,-0.0175,-0.0236,0.0061,-0.0071,-0.0404,-0.0363,-0.0164,-0.0363,-0.0001,-0.0204,0.0067,0.0014,-0.0438,-0.0318,-0.0417,-0.0159,-0.0071,0.0165,-0.0011,-0.1566,-0.0145,-0.1276,-0.1232,-0.0096,-0.1509,-0.0114,-0.1062,-0.1102,-0.0154,0.0094,0.0005,0.0075,-0.0092,-0.0021,0.0041,-0.0998,-0.0119,-0.0928,-0.0666,0.0042,-0.0986,-0.0063,-0.0713,-0.0757,-0.0184,-0.022,-0.0033,-0.0134,-0.0134,0.006,-0.0124,True,True
DTC_R_25,LanSi,1,CW_01,C,2026-03-31 18:15:52+08:00,ONLINE,False,,CW_1_01,FAIL,SFR_VIS_25cm_Ny4_01F_ROI2_Dev,Dev,52.351468,_2026033118155229601,T20260331181552,DESKTOP-P2DUL42,Loma,1,CW_1_01,1,paul di,2024.0718.155524,V20260126.2,CW_DTCL_DTCR_STC,T20260331181644,52.351468,True,True,True,True,True,True,True,4S2RND2HBL0DP6,v1.0.1,2025_12_22,315,316.0863,475.1679,296.5474,295.3724,147.6276,149,336,335.5,484.6622,-5.4919,-3.3153,-0.0001,-0.0,-0.2209,1.5543,-0.2189,1.5493,0.666,154.1514,151.4932,151.7207,154.0469,152.853,0.8606,0.7523,0.8612,0.7806,0.7523,0.8121,0.7151,0.8165,0.7857,0.7151,0.8084,0.8144,0.8118,0.8145,0.7408,0.7053,0.7889,0.7648,0.7053,0.8467,0.7788,0.8057,0.7484,0.7484,0.8388,0.773,0.7219,0.8198,0.8027,0.7198,0.8389,0.8405,0.7198,0,0,0,0,0,v1.0.1,2025_12_22,314.9571,316.1071,476.2,296.4143,295.274,146.6918,147.9452,336.1233,335.7748,485.8609,-5.4698,-3.2605,-0.0001,-0.0,-0.221,1.5546,-0.2188,1.5483,0.6658,159.9258,154.8105,163.2373,162.5752,160.1372,0.702,0.6542,0.7255,0.6722,0.6542,0.6701,0.6215,0.6753,0.6603,0.6215,0.6568,0.6532,0.6572,0.6569,0.6388,0.6322,0.6299,0.635,0.6299,0.6756,0.6362,0.6692,0.0999,0.0999,0.653,0.6498,0.6163,0.6831,0.6684,0.5328,0.6307,0.6779,0.5328,0,0,0,0,0,v1.0.1,2025_12_22,316.6972,327.3761,441.5478,312.4783,302.24,195.72,187.9048,341.4048,331.2069,455.9397,-3.5807,7.0838,-0.0,0.0001,-0.2182,1.5609,-0.208,1.5579,0.6731,174.7754,174.1816,174.6396,175.8916,174.8721,0.7917,0.5948,0.8142,0.6373,0.5948,0.7615,0.5888,0.7694,0.672,0.5888,0.7589,0.7633,0.7456,0.7408,0.7408,0.7495,0.6705,0.7344,0,0.6705,0,0,0,0,0,v1.0.1,2025_12_22,316.6422,327.4679,442.3186,312.3894,302.0732,195.0488,186.976,341.544,331.3421,456.614,-3.6296,7.1128,-0.0,0.0001,-0.2189,1.5607,-0.2076,1.5569,0.6728,146.5703,141.5537,143.458,144.4678,144.0125,0.6633,0.5323,0.6782,0.5582,0.5323,0.6377,0.5287,0.6397,0.5608,0.5287,0.6176,0.6316,0.6397,0.6332,0.6176,0.6025,0.5551,0.5948,0.2436,0.2436,0,0,0,0,0,-0.0117,-0.1206,-0.0145,-0.0927,-0.12,-0.0048,-0.1058,-0.0021,-0.0525,-0.1018,-0.0048,-0.0021,0.003,0.0049,-0.0615,-0.1042,-0.0097,-0.0475,-0.0081,-0.005,-0.0044,-0.0624,0.0027,-0.0404,-0.0522,0.0013,-0.0596,0.0123,-0.0183,-0.0415,-0.0032,-0.004,-0.0057,-0.0172,-0.0118,-0.0379,0.0055,-0.0181,-0.0089,-0.0025,-0.0005,-0.2162,0.0146,-0.1636,-0.1974,0.0063,-0.1782,0.0065,-0.1084,-0.1664,0.003,0.0041,0.0027,0.0116,0.0071,-0.0048,0.0009,-0.1262,0.0065,-0.1183,-0.1262,-0.0032,-0.1209,-0.0034,-0.0797,-0.1118,-0.0096,-0.0015,0.0212,0.0103,-0.0009,0.0017,0.0057,True,True
DTC_L_26,LanSi,1,CW_01,A,2026-03-31 18:17:52+08:00,ONLINE,False,,CW_1_01,FAIL,SFR_VIS_25cm_Ny4_01F_ROI2_Dev,Dev,52.1762744,_2026033118175201502,T20260331181752,DESKTOP-P2DUL42,Loma,1,CW_1_01,2,paul di,2024.0718.155524,V20260126.2,CW_DTCL_DTCR_STC,T20260331181844,52.1762744,True,True,True,True,True,True,True,4S2RND2HBL06DS,v1.0.1,2025_12_22,315.1985,322.1765,475.7388,301.7687,296.8,150.6267,149.8367,341.7415,334.1377,488.4203,-5.1576,1.4467,-0.0001,0.0,-0.2259,1.5634,-0.2173,1.5568,0.6693,153.6074,150.0713,149.0752,153.2441,151.4995,0.8075,0.7092,0.813,0.7682,0.7092,0.7869,0.7442,0.7711,0.7147,0.7147,0.7995,0.8099,0.8131,0.7546,0.7258,0.7149,0.7138,0.6899,0.6899,0.8084,0.98,0.8228,0.7594,0.7594,0.8387,0.7652,0.7373,0.8228,0.822,0.7608,0.7717,0.7639,0.7373,0,0,0,0,0,v1.0.1,2025_12_22,315.1533,322.1898,476.7899,301.7391,296.5882,149.6928,148.6486,341.9324,334.227,489.5461,-5.2186,1.5201,-0.0001,0.0,-0.2253,1.5631,-0.2175,1.5568,0.6693,159.3857,155.376,161.7373,160.959,159.3645,0.6746,0.6276,0.6803,0.6843,0.6276,0.6553,0.6408,0.6427,0.6302,0.6302,0.6332,0.6453,0.659,0.6466,0.6215,0.6332,0.6242,0.6073,0.6073,0.6638,0.4448,0.69,0.654,0.4448,0.6569,0.6301,0.6029,0.6809,0.6671,0.6484,0.6598,0.6364,0.6029,0,0,0,0,0,v1.0.1,2025_12_22,313.2407,314.4444,438.7368,300.2719,300.1885,183.1311,185.2951,328.9098,327.087,445.1043,-6.5904,-5.1277,-0.0001,-0.0001,-0.2119,1.5712,-0.2121,1.5647,0.678,173.5898,173.0898,171.8555,173.4014,172.9841,0.7764,0.583,0.7767,0.639,0.583,0.7286,0.637,0.7297,0.6297,0.6297,0.7547,0.7365,0.7539,0.6803,0.6803,0.7136,0,0.7214,0.6456,0.6456,0,0,0,0,0,v1.0.1,2025_12_22,313.3364,314.4182,439.5495,300.1982,300.161,182.4576,184.3833,329.075,327.2712,446,-6.5597,-5.0702,-0.0001,-0.0001,-0.2117,1.5708,-0.2127,1.5648,0.6778,147.3691,142.9443,142.3896,145.6201,144.5808,0.6576,0.5186,0.6605,0.5889,0.5186,0.6131,0.5485,0.604,0.5706,0.5485,0.6149,0.6213,0.6388,0.6019,0.6019,0.565,0.5175,0.6013,0.5441,0.5175,0,0,0,0,0,-0.0302,-0.1544,-0.0334,-0.054,-0.113,0.0024,-0.0683,-0.0295,-0.0634,-0.0634,-0.0087,0.0036,0.0018,-0.0056,-0.0971,-0.108,-0.0757,-0.0541,-0.0104,0.0044,0.0007,-0.0873,-0.02,-0.0275,-0.0463,-0.013,-0.0401,-0.0223,-0.0349,-0.0348,-0.0306,-0.0271,0.0131,0.0144,-0.0387,-0.0276,-0.0337,-0.0204,-0.0125,0.0199,-0.0034,-0.2362,-0.0144,-0.1452,-0.1968,-0.0121,-0.1444,-0.0148,-0.1147,-0.111,-0.0082,-0.0121,0.0057,-0.0032,-0.0156,-0.0112,0.0075,-0.1647,-0.0073,-0.0931,-0.1315,-0.0108,-0.0983,-0.0222,-0.0688,-0.0754,-0.0254,-0.0139,0.0032,-0.0021,-0.0021,-0.0205,0,True,True
DTC_R_26,LanSi,1,CW_01,A,2026-03-31 18:17:51+08:00,ONLINE,False,,CW_1_01,PASS,,,52.3503525,_2026033118175183201,T20260331181751,DESKTOP-P2DUL42,Loma,1,CW_1_01,1,paul di,2024.0718.155524,V20260126.2,CW_DTCL_DTCR_STC,T20260331181844,52.3503525,True,True,True,True,True,True,True,4S2RND2HBL0DP6,v1.0.1,2025_12_22,315.1691,317.2353,475.5,297.8333,295.7801,149.0496,149.1544,337.3893,335.7219,486,-5.2349,-1.9985,-0.0001,-0.0,-0.2199,1.5555,-0.2203,1.5491,0.6661,155.6758,152.9678,152.9053,155.6953,154.311,0.863,0.7761,0.8729,0.7792,0.7761,0.8213,0.7302,0.8157,0.7666,0.7302,0.8226,0.812,0.8066,0.8128,0.7103,0.7146,0.7771,0.7728,0.7103,0.8277,0.8,0.7993,0.98,0.7993,0.8671,0.7363,0.7502,0.8299,0.8119,0.5915,0.8449,0.8395,0.5915,0,0,0,0,0,v1.0.1,2025_12_22,315.1087,317.1739,476.5929,297.5929,295.5241,148.0414,148.0267,337.5667,335.8543,487,-5.2787,-2.025,-0.0001,-0.0,-0.2202,1.555,-0.2209,1.5487,0.6657,159.7061,154.7119,162.9697,162.4971,159.9712,0.7019,0.6489,0.7113,0.6617,0.6489,0.6756,0.629,0.6645,0.6544,0.629,0.6504,0.6602,0.6544,0.6601,0.611,0.6248,0.6276,0.6397,0.611,0.6752,0.6582,0.6701,0.0194,0.0194,0.6397,0.6408,0.6366,0.6692,0.6609,0.5432,0.6457,0.6758,0.5432,0,0,0,0,0,v1.0.1,2025_12_22,316.8131,328.4486,441.6667,313.4649,302.4531,196.8281,187.9758,342.5565,331.2881,457.0932,-3.4606,8.1783,-0.0,0.0001,-0.2189,1.5616,-0.2086,1.5582,0.6731,176.4658,175.8369,176.1807,177.3057,176.4473,0.7943,0.6075,0.8042,0.6402,0.6075,0.7636,0.5977,0.7788,0.6674,0.5977,0.7663,0.7605,0.7487,0.7503,0.7487,0.7503,0.6586,0.7458,0,0.6586,0,0,0,0,0,v1.0.1,2025_12_22,316.8286,328.4571,442.5487,313.4779,302.312,196.056,187.0917,342.8,331.35,457.9417,-3.4738,8.2465,-0.0,0.0001,-0.2181,1.5611,-0.2096,1.5586,0.673,146.6162,141.5488,142.9297,144.3457,143.8601,0.6669,0.5536,0.6737,0.57,0.5536,0.6404,0.5399,0.6438,0.5841,0.5399,0.6197,0.6445,0.6351,0.6106,0.6106,0.5953,0.5356,0.564,0.3111,0.3111,0,0,0,0,0,-0.0093,-0.0968,-0.0028,-0.0941,-0.0962,0.0044,-0.0907,-0.0029,-0.0716,-0.0867,0.0094,-0.0045,-0.0022,0.0032,-0.092,-0.0949,-0.0215,-0.0395,-0.0271,-0.0114,-0.0045,-0.0677,-0.0115,-0.0509,-0.0575,0.0068,-0.0521,0.0015,-0.0242,-0.034,-0.0096,0.003,-0.0085,-0.014,-0.0396,-0.0453,0.0032,-0.0134,-0.0093,-0.0016,0.0021,-0.2035,0.0046,-0.1607,-0.1847,0.0084,-0.1693,0.0159,-0.113,-0.1575,0.0104,0.0013,0.0058,0.0211,0.0079,0.0066,0.0045,-0.1049,0.002,-0.1065,-0.1049,-0.0005,-0.1097,0.0007,-0.0564,-0.1006,-0.0075,0.0114,0.0166,-0.0123,-0.0079,-0.0055,-0.0251,True,True
DTC_R_27,LanSi,1,CW_01,B,2026-03-31 18:19:25+08:00,ONLINE,False,,CW_1_01,PASS,,,52.2917149,_2026033118192576901,T20260331181925,DESKTOP-P2DUL42,Loma,1,CW_1_01,1,paul di,2024.0718.155524,V20260126.2,CW_DTCL_DTCR_STC,T20260331182018,52.2917149,True,True,True,True,True,True,True,4S2RND2HBL0DP6,v1.0.1,2025_12_22,315.1691,316.7647,475.5344,297.1298,295.6966,148.5448,149.3421,336.6316,335.7619,485.3946,-5.1992,-2.6069,-0.0001,-0.0,-0.2213,1.555,-0.2187,1.5488,0.6659,154.2119,151.9971,152.0391,154.3945,153.1606,0.8695,0.765,0.8762,0.774,0.765,0.8197,0.7256,0.816,0.7818,0.7256,0.8144,0.8111,0.8066,0.8067,0.692,0.7115,0.7868,0.7787,0.692,0.8436,0.7797,0.8062,0.3855,0.3855,0.8393,0.7481,0.7265,0.8216,0.8115,0.4076,0.8413,0.853,0.4076,0,0,0,0,0,v1.0.1,2025_12_22,315.1087,316.8261,476.6444,297,295.517,147.5442,148.1027,336.8082,335.8667,486.3867,-5.2521,-2.587,-0.0001,-0.0,-0.2216,1.5551,-0.2186,1.5485,0.6658,158.9668,153.499,161.9355,161.6562,159.0144,0.7035,0.6527,0.7154,0.6679,0.6527,0.6709,0.6363,0.6633,0.652,0.6363,0.6557,0.662,0.645,0.6614,0.6161,0.6262,0.6322,0.6397,0.6161,0.6773,0.6551,0.6425,0.117,0.117,0.6387,0.6414,0.6359,0.6709,0.6635,0.504,0.6226,0.6725,0.504,0,0,0,0,0,v1.0.1,2025_12_22,316.8381,327.9143,441.7589,313.0357,302.3952,196.2419,188.136,342.04,331.5,456.5,-3.3744,7.6464,-0.0,0.0001,-0.218,1.561,-0.2088,1.5567,0.6727,174.9424,174.5947,175.0947,176.084,175.179,0.8031,0.6105,0.807,0.63,0.6105,0.7629,0.6019,0.7662,0.6691,0.6019,0.778,0.7712,0.7592,0.7463,0.7463,0.7522,0.6504,0.7401,0,0.6504,0,0,0,0,0,v1.0.1,2025_12_22,316.8476,328,442.5505,313.0183,302.2602,195.5203,187.2377,342.2787,331.5217,457.4522,-3.4165,7.7539,-0.0,0.0001,-0.2181,1.5606,-0.2092,1.5574,0.6727,145.917,140.623,142.2568,144.0947,143.2229,0.6676,0.5373,0.6674,0.5646,0.5373,0.637,0.5409,0.637,0.586,0.5409,0.6301,0.6375,0.641,0.6209,0.6209,0.6009,0.5448,0.5738,0.184,0.184,0,0,0,0,0,-0.0028,-0.1079,0.0005,-0.0993,-0.1073,0.0028,-0.0953,-0.0026,-0.0564,-0.0913,0.0012,-0.0054,-0.0022,-0.0029,-0.1103,-0.098,-0.0118,-0.0336,-0.0112,-0.0045,-0.0029,-0.0639,-0.0074,-0.0447,-0.0537,0.0021,-0.0448,0.0003,-0.0266,-0.0267,-0.0043,0.0048,-0.0179,-0.0127,-0.0345,-0.0439,0.0078,-0.0134,-0.0072,-0.0292,0.0109,-0.2005,0.0074,-0.1709,-0.1817,0.0077,-0.1651,0.0033,-0.1113,-0.1533,0.0221,0.012,0.0163,0.0171,0.0098,0.0009,0.0052,-0.1212,-0.0043,-0.1119,-0.1212,-0.0039,-0.1087,-0.0061,-0.0545,-0.0996,0.0029,0.0044,0.0225,-0.002,0.0024,0.0001,-0.0153,True,True
DTC_L_27,LanSi,1,CW_01,B,2026-03-31 18:19:25+08:00,ONLINE,False,,CW_1_01,PASS,,,52.4373256,_2026033118192564802,T20260331181925,DESKTOP-P2DUL42,Loma,1,CW_1_01,2,paul di,2024.0718.155524,V20260126.2,CW_DTCL_DTCR_STC,T20260331182018,52.4373256,True,True,True,True,True,True,True,4S2RND2HBL06DS,v1.0.1,2025_12_22,313.9926,323.4148,474.2446,303.4245,295.1544,152.2617,148.0068,342.9048,332.9571,490.1071,-6.6289,2.9226,-0.0001,0.0,-0.2236,1.5607,-0.2164,1.557,0.6694,153.6895,150.0674,148.958,153.0088,151.4309,0.8152,0.7771,0.8288,0.7597,0.7597,0.7718,0.7396,0.7758,0.7479,0.7396,0.8014,0.8048,0.8144,0.7646,0.7322,0.7047,0.7431,0.7045,0.7045,0.8041,0.98,0.8235,0.8374,0.8041,0.8512,0.7864,0.776,0.8316,0.8231,0.801,0.7859,0.7719,0.7719,0,0,0,0,0,v1.0.1,2025_12_22,314.0365,323.3869,475.3358,303.292,295.0199,151.3245,146.966,342.9184,333,491.0863,-6.6284,2.9016,-0.0001,0.0,-0.2234,1.5602,-0.2159,1.5577,0.6696,158.5,154.916,160.8613,159.5176,158.4487,0.6835,0.6687,0.6896,0.675,0.6687,0.6658,0.6198,0.6406,0.6574,0.6198,0.6315,0.6492,0.6506,0.6387,0.621,0.6223,0.6166,0.6025,0.6025,0.671,0.393,0.6734,0.6729,0.393,0.6561,0.6518,0.6506,0.6753,0.668,0.6539,0.6676,0.6334,0.6334,0,0,0,0,0,v1.0.1,2025_12_22,312.1509,315.5943,437.5,301.6379,298.7603,184.7438,183.7623,330.0328,326.0614,446.4123,-7.853,-3.8158,-0.0001,-0.0,-0.2104,1.5683,-0.2115,1.5643,0.6777,173.6182,173.2119,171.8457,173.083,172.9397,0.7643,0.6662,0.7754,0.6473,0.6473,0.7257,0.6408,0.7315,0.67,0.6408,0.7514,0.7483,0.7494,0.6854,0.6854,0.7255,0,0.7253,0.7098,0.7098,0,0,0,0,0,v1.0.1,2025_12_22,312.1509,315.5943,438.4052,301.5948,298.6116,183.9091,182.9421,330.0661,326.0862,447.2241,-7.8608,-3.8223,-0.0001,-0.0,-0.2099,1.5678,-0.211,1.5648,0.6779,146.5576,142.1914,141.7256,144.2227,143.6743,0.6554,0.5701,0.6735,0.5862,0.5701,0.6192,0.553,0.6152,0.5774,0.553,0.6149,0.6405,0.6258,0.6165,0.6149,0.5761,0.5001,0.5755,0.5744,0.5001,0,0,0,0,0,-0.0225,-0.0865,-0.0176,-0.0625,-0.0625,-0.0127,-0.0729,-0.0248,-0.0302,-0.0385,-0.0068,-0.0015,0.0031,0.0044,-0.0907,-0.1182,-0.0464,-0.0395,-0.0147,0.0051,0.0096,-0.0462,-0.0107,-0.0368,-0.0052,-0.0025,-0.0611,-0.0244,-0.0077,-0.0452,-0.0323,-0.0232,0.0047,0.0065,-0.0392,-0.0385,-0.0413,-0.0252,-0.0053,0.0033,-0.0155,-0.153,-0.0157,-0.1369,-0.1325,-0.015,-0.1406,-0.013,-0.0744,-0.0999,-0.0115,-0.0003,0.0012,0.0019,-0.0037,-0.0073,0.0053,-0.1132,0.0057,-0.0958,-0.08,-0.0047,-0.0938,-0.011,-0.062,-0.0709,-0.0254,0.0053,-0.0098,0.0125,0.0109,-0.0094,-0.0258,True,True
DTC_R_28,LanSi,1,CW_01,C,2026-03-31 18:20:52+08:00,ONLINE,False,,CW_1_01,PASS,,,52.1329189,_2026033118205233901,T20260331182052,DESKTOP-P2DUL42,Loma,1,CW_1_01,1,paul di,2024.0718.155524,V20260126.2,CW_DTCL_DTCR_STC,T20260331182144,52.1329189,True,True,True,True,True,True,True,4S2RND2HBL0DP6,v1.0.1,2025_12_22,315.1103,316.8309,475.6165,297.0376,295.6966,148.5448,149.2027,336.9865,335.6623,487.974,-5.2423,-2.0252,-0.0001,-0.0,-0.2222,1.5554,-0.2204,1.5508,0.6659,154.6465,151.9219,152.2021,154.8662,153.4092,0.8716,0.7574,0.8767,0.8011,0.7574,0.8226,0.7448,0.823,0.8162,0.7448,0.8106,0.8068,0.7942,0.8263,0.6938,0.7102,0.7994,0.8116,0.6938,0.8485,0.7862,0.7936,0.4314,0.4314,0.8522,0.7605,0.7505,0.8309,0.8096,0.5845,0.8416,0.844,0.5845,0,0,0,0,0,v1.0.1,2025_12_22,315.0429,316.8929,476.6277,296.9635,295.5,147.5,148.034,337.0816,335.7949,488.9551,-5.3001,-2.0214,-0.0001,-0.0,-0.2222,1.5554,-0.2198,1.5503,0.6659,160.458,155.5645,164.2559,163.4375,160.929,0.7015,0.6518,0.7101,0.6782,0.6518,0.6869,0.6309,0.6677,0.6669,0.6309,0.6574,0.6468,0.6556,0.6713,0.6095,0.6335,0.6203,0.6522,0.6095,0.6772,0.645,0.6586,0.0726,0.0726,0.6507,0.6518,0.6388,0.6798,0.6582,0.4821,0.6606,0.6675,0.4821,0,0,0,0,0,v1.0.1,2025_12_22,316.8505,328.1963,441.8393,313.0893,302.3468,196.2097,188.0476,342.5,331.4068,458.3559,-3.4018,8.1702,-0.0,0.0001,-0.2198,1.5608,-0.2101,1.5589,0.6725,175.2812,174.8428,175.418,176.5674,175.5273,0.7998,0.6172,0.8006,0.6857,0.6172,0.7698,0.5822,0.7754,0.7303,0.5822,0.7717,0.7686,0.7416,0.751,0.7416,0.7353,0.6597,0.7304,0,0.6597,0,0,0,0,0,v1.0.1,2025_12_22,316.9135,328.2212,442.633,313.0183,302.312,195.456,187.1138,342.5854,331.4237,459.2288,-3.4208,8.2019,-0.0,0.0001,-0.2198,1.5607,-0.2097,1.56,0.6728,147.2295,142.5107,144.2129,145.3711,144.8311,0.6569,0.5469,0.6677,0.5993,0.5469,0.6326,0.5431,0.6444,0.6113,0.5431,0.6232,0.6388,0.6178,0.6259,0.6178,0.5751,0.5439,0.5876,0.204,0.204,0,0,0,0,0,-0.0007,-0.1155,0.001,-0.0722,-0.1149,0.0057,-0.0761,0.0044,-0.022,-0.0721,-0.0026,-0.0097,-0.0146,0.0167,-0.1085,-0.0993,0.0008,-0.0007,-0.0063,-0.0171,-0.0049,-0.0648,-0.0127,-0.0344,-0.0546,0.0181,-0.0502,0.0047,-0.0117,-0.0321,-0.0026,-0.0104,-0.0073,-0.0028,-0.0411,-0.0366,-0.0041,-0.0009,-0.0073,-0.0131,0.0076,-0.1938,0.001,-0.1152,-0.175,0.0146,-0.1848,0.0125,-0.0501,-0.173,0.0158,0.0094,-0.0013,0.0218,-0.0071,-0.0088,-0.0055,-0.1116,-0.004,-0.0772,-0.1116,-0.0083,-0.1065,0.0013,-0.0292,-0.0974,-0.004,0.0057,-0.0007,0.003,-0.0007,-0.0257,-0.0015,True,True
DTC_L_28,LanSi,1,CW_01,C,2026-03-31 18:20:52+08:00,ONLINE,False,,CW_1_01,PASS,,,52.2895,_2026033118205220602,T20260331182052,DESKTOP-P2DUL42,Loma,1,CW_1_01,2,paul di,2024.0718.155524,V20260126.2,CW_DTCL_DTCR_STC,T20260331182144,52.2895,True,True,True,True,True,True,True,4S2RND2HBL06DS,v1.0.1,2025_12_22,313.8478,323.4275,474.0963,303.3037,294.8212,151.6689,147.68,342.8533,332.5217,490.2174,-6.9066,2.7942,-0.0001,0.0,-0.2244,1.56,-0.2159,1.5588,0.6696,152.9531,149.0732,148.6455,152.4941,150.7915,0.8135,0.7726,0.8286,0.746,0.746,0.7729,0.7118,0.7784,0.7347,0.7118,0.8124,0.8099,0.8108,0.7706,0.7291,0.7026,0.7414,0.7117,0.7026,0.7949,0.98,0.803,0.8403,0.7949,0.8478,0.7579,0.751,0.8454,0.8535,0.8168,0.7963,0.7724,0.751,0,0,0,0,0,v1.0.1,2025_12_22,313.8129,323.4604,475.1103,303.1691,294.8212,150.6689,146.5,343.1688,332.7214,491.2857,-6.9068,2.8506,-0.0001,0.0,-0.2246,1.5608,-0.2167,1.5581,0.6694,159.3584,154.5498,161.1719,160.1943,158.8186,0.6757,0.6666,0.6761,0.6768,0.6666,0.6539,0.6032,0.6327,0.6466,0.6032,0.6516,0.6456,0.6369,0.648,0.6225,0.6177,0.606,0.6063,0.606,0.6787,0.4691,0.6677,0.6837,0.4691,0.6522,0.6388,0.6312,0.6865,0.6664,0.6785,0.6632,0.6426,0.6312,0,0,0,0,0,v1.0.1,2025_12_22,311.9524,315.6286,437.3509,301.6754,298.4839,184.0806,183.4262,330.1639,325.6923,446.4444,-8.1189,-3.9014,-0.0001,-0.0,-0.2103,1.5683,-0.2121,1.5656,0.6779,173.4971,172.5811,171.7607,172.8623,172.6753,0.7646,0.6653,0.7773,0.6207,0.6207,0.7208,0.5858,0.7357,0.6412,0.5858,0.7676,0.7477,0.7504,0.6836,0.6836,0.7089,0,0.715,0.7095,0.7089,0,0,0,0,0,v1.0.1,2025_12_22,311.9626,315.6449,438.1416,301.5398,298.377,183.2377,182.5738,330.2623,325.7983,447.3025,-8.1293,-3.9026,-0.0001,-0.0,-0.2108,1.568,-0.212,1.5656,0.6777,147.3203,142.1318,142.3506,144.9434,144.1865,0.6573,0.5829,0.661,0.5738,0.5738,0.6155,0.5196,0.624,0.5792,0.5196,0.6146,0.6194,0.6332,0.6029,0.6029,0.5821,0.5148,0.5873,0.5675,0.5148,0,0,0,0,0,-0.0242,-0.091,-0.0178,-0.0762,-0.0762,-0.0116,-0.1007,-0.0222,-0.0434,-0.0663,0.0042,0.0036,-0.0005,0.0104,-0.0938,-0.1203,-0.0481,-0.0323,-0.0239,-0.0154,0.0018,-0.0483,-0.0242,-0.035,-0.0073,-0.0144,-0.0777,-0.0323,-0.0185,-0.0618,-0.0122,-0.0268,-0.009,0.0158,-0.0377,-0.0431,-0.0519,-0.0214,0.0024,-0.0024,-0.0152,-0.1539,-0.0138,-0.1635,-0.1591,-0.0199,-0.1956,-0.0088,-0.1032,-0.1549,0.0047,-0.0009,0.0022,0.0001,-0.0203,-0.0176,0.0072,-0.1004,-0.0068,-0.1082,-0.0763,-0.0084,-0.1272,-0.0022,-0.0602,-0.1043,-0.0257,-0.0158,-0.0024,-0.0011,-0.0011,-0.0034,-0.014,True,True
DTC_R_29,LanSi,1,CW_01,A,2026-03-31 18:22:24+08:00,ONLINE,False,,CW_1_01,PASS,,,52.4161306,_2026033118222438401,T20260331182224,DESKTOP-P2DUL42,Loma,1,CW_1_01,1,paul di,2024.0718.155524,V20260126.2,CW_DTCL_DTCR_STC,T20260331182316,52.4161306,True,True,True,True,True,True,True,4S2RND2HBL0DP6,v1.0.1,2025_12_22,314.8897,316.1691,474.8029,296.4161,295.1034,146.8138,149.0789,336.5,335,486,-5.725,-3.1202,-0.0001,-0.0,-0.2224,1.554,-0.2215,1.5524,0.6656,154.1504,151.2451,151.8057,154.1357,152.8342,0.8658,0.8264,0.8675,0.8282,0.8264,0.8202,0.7258,0.8247,0.7672,0.7258,0.807,0.8083,0.8222,0.8285,0.7571,0.7381,0.7628,0.6892,0.6892,0.8547,0.831,0.8085,0.98,0.8085,0.8355,0.7374,0.7538,0.826,0.8201,0.8313,0.7001,0.8446,0.7001,0,0,0,0,0,v1.0.1,2025_12_22,314.8921,316.223,475.8261,296.3333,295.0408,145.8367,147.9603,336.5232,335.0816,486.9932,-5.7398,-3.1181,-0.0001,-0.0,-0.2224,1.5543,-0.2205,1.5526,0.666,159.9922,154.9795,163.7812,162.7471,160.375,0.6971,0.6938,0.7205,0.6861,0.6861,0.6761,0.6147,0.6716,0.6444,0.6147,0.6454,0.6369,0.6433,0.6503,0.6454,0.6384,0.6186,0.5897,0.5897,0.6932,0.6783,0.6637,0.2149,0.2149,0.6525,0.632,0.6506,0.6661,0.66,0.5297,0.608,0.6999,0.5297,0,0,0,0,0,v1.0.1,2025_12_22,316.6216,327.6847,441.1696,312.5179,302.0492,195,187.768,341.872,331,456.8974,-3.7783,7.2944,-0.0,0.0001,-0.2207,1.5609,-0.2091,1.5595,0.6726,174.9424,174.2637,175.1797,176.1289,175.1287,0.7943,0.6981,0.8219,0.6986,0.6981,0.7599,0.6328,0.7632,0.6557,0.6328,0.7484,0.7563,0.7791,0.7416,0.7416,0.6771,0.6422,0.7441,0,0.6422,0,0,0,0,0,v1.0.1,2025_12_22,316.5514,327.8692,441.9633,312.5413,301.976,194.312,186.8934,342.0492,331.0789,457.6667,-3.8074,7.3877,-0.0,0.0001,-0.2211,1.5616,-0.2084,1.5588,0.6727,146.9355,141.8047,144.251,145.0635,144.5137,0.6667,0.5963,0.6793,0.6095,0.5963,0.6294,0.5584,0.6475,0.5576,0.5576,0.6139,0.6071,0.6412,0.6309,0.6071,0.573,0.5171,0.5792,0.3727,0.3727,0,0,0,0,0,-0.0065,-0.0465,-0.0082,-0.0451,-0.0459,0.0033,-0.0951,0.0061,-0.071,-0.0911,-0.0062,-0.0082,0.0134,0.0189,-0.0452,-0.0714,-0.0358,-0.1231,-0.0001,-0.0022,-0.0093,-0.0228,-0.0023,-0.0265,-0.0203,0.0073,-0.0664,0.0086,-0.0342,-0.0483,-0.0146,-0.0203,-0.0196,-0.0238,-0.0052,-0.0317,-0.0058,-0.0634,0.0087,-0.008,0.0021,-0.1129,0.0223,-0.1023,-0.0941,0.0047,-0.1342,0.0003,-0.1247,-0.1224,-0.0075,-0.0029,0.0362,0.0124,-0.0653,0.0049,0.0043,-0.0622,0.0076,-0.067,-0.0622,-0.0115,-0.0912,0.0044,-0.0829,-0.0829,-0.0133,-0.026,0.0227,0.008,-0.0114,-0.0278,-0.0099,True,True
DTC_L_29,LanSi,1,CW_01,A,2026-03-31 18:22:24+08:00,ONLINE,False,,CW_1_01,PASS,,,52.2036982,_2026033118222457402,T20260331182224,DESKTOP-P2DUL42,Loma,1,CW_1_01,2,paul di,2024.0718.155524,V20260126.2,CW_DTCL_DTCR_STC,T20260331182316,52.2036982,True,True,True,True,True,True,True,4S2RND2HBL06DS,v1.0.1,2025_12_22,313.7388,323.1045,473.9424,302.9281,294.8543,150.8344,147.6078,342.6667,332.3571,490.4286,-6.9999,2.4924,-0.0001,0.0,-0.2248,1.5611,-0.2167,1.5595,0.6698,153.3496,149.9189,148.6963,152.792,151.1892,0.8165,0.784,0.8204,0.7412,0.7412,0.78,0.7355,0.7846,0.7425,0.7355,0.8089,0.7952,0.7951,0.7607,0.7543,0.7243,0.7323,0.6962,0.6962,0.8,0.98,0.8143,0.8326,0.8,0.8482,0.7384,0.7274,0.8405,0.8163,0.8201,0.7926,0.7663,0.7274,0,0,0,0,0,v1.0.1,2025_12_22,313.9137,323.1223,475.0429,302.8929,294.8487,149.8816,146.5359,342.8039,332.6364,491.4895,-6.9045,2.538,-0.0001,0.0,-0.2244,1.5607,-0.2165,1.5595,0.6698,159.8516,155.373,161.9082,160.9307,159.5159,0.6781,0.6633,0.6887,0.6706,0.6633,0.6601,0.6221,0.6462,0.642,0.6221,0.6524,0.6462,0.6424,0.6407,0.6258,0.6218,0.6212,0.6009,0.6009,0.6708,0.4344,0.6667,0.6822,0.4344,0.644,0.6338,0.6213,0.6658,0.6755,0.6564,0.6703,0.648,0.6213,0,0,0,0,0,v1.0.1,2025_12_22,311.9813,315.4486,437.1339,301.3393,298.4957,183.5556,183.4262,329.7377,325.5948,446.5345,-8.1736,-4.1769,-0.0001,-0.0,-0.2117,1.5684,-0.2102,1.5668,0.6783,173.457,172.8457,171.3682,172.7725,172.6108,0.7729,0.6803,0.7802,0.6334,0.6334,0.7374,0.6312,0.7379,0.6507,0.6312,0.7567,0.7523,0.7483,0.6903,0.6903,0.708,0,0.7199,0.7236,0.708,0,0,0,0,0,v1.0.1,2025_12_22,311.9626,315.3551,438.0088,301.2544,298.4365,182.9286,182.5455,329.7769,325.7083,447.35,-8.1677,-4.167,-0.0001,-0.0,-0.2109,1.5685,-0.2105,1.5665,0.6784,147.916,142.7256,142.6328,145.4199,144.6736,0.6544,0.5824,0.6549,0.5747,0.5747,0.622,0.5491,0.6174,0.5856,0.5491,0.6267,0.6256,0.6226,0.6127,0.6127,0.579,0.4906,0.5882,0.5619,0.4906,0,0,0,0,0,-0.0212,-0.0796,-0.026,-0.081,-0.081,-0.0045,-0.077,-0.016,-0.0356,-0.0426,0.0007,-0.0111,-0.0162,0.0005,-0.0686,-0.0986,-0.0572,-0.0478,-0.0188,-0.0041,0.0042,-0.0516,-0.0116,-0.0412,-0.0106,-0.0082,-0.0588,-0.0188,-0.0231,-0.0429,-0.0114,-0.0262,-0.0035,0.0085,-0.0344,-0.039,-0.0367,-0.0268,-0.0055,-0.0034,-0.0069,-0.1389,-0.0109,-0.1508,-0.1464,-0.0033,-0.1502,-0.0066,-0.0937,-0.1095,-0.0062,0.0037,0.0001,0.0068,-0.0212,-0.0127,0.0043,-0.1009,-0.0129,-0.1073,-0.0754,-0.0019,-0.0977,-0.0088,-0.0538,-0.0748,-0.0136,-0.0096,-0.013,0.0087,0.0087,-0.0065,-0.0131,True,True
DTC_L_30,LanSi,1,CW_01,B,2026-03-31 18:23:53+08:00,ONLINE,False,,CW_1_01,PASS,,,52.4201107,_2026033118235315902,T20260331182353,DESKTOP-P2DUL42,Loma,1,CW_1_01,2,paul di,2024.0718.155524,V20260126.2,CW_DTCL_DTCR_STC,T20260331182445,52.4201107,True,True,True,True,True,True,True,4S2RND2HBL06DS,v1.0.1,2025_12_22,314.2222,324.1333,474.3507,304.2015,295.2148,153.3289,148.0397,343.5232,333,489.9137,-6.5345,3.5201,-0.0001,0.0,-0.2233,1.5595,-0.2156,1.5575,0.6695,153.2158,149.4844,148.7666,152.792,151.0647,0.8089,0.7738,0.8066,0.7416,0.7416,0.7733,0.758,0.7672,0.7291,0.7291,0.8038,0.7968,0.8088,0.774,0.7394,0.7109,0.7407,0.6782,0.6782,0.8047,0.98,0.8165,0.8401,0.8047,0.841,0.7713,0.7662,0.8352,0.8053,0.8237,0.7748,0.7737,0.7662,0,0,0,0,0,v1.0.1,2025_12_22,314.0857,324.0214,475.4851,304.0821,295.1933,152.2867,146.9324,343.6486,333.0429,490.8929,-6.5521,3.4863,-0.0001,0.0,-0.2224,1.5607,-0.2164,1.5572,0.6698,158.2236,153.9492,160.332,159.5078,158.0032,0.681,0.6812,0.6749,0.6672,0.6672,0.6636,0.6314,0.6365,0.6376,0.6314,0.6592,0.6474,0.6432,0.6335,0.633,0.6232,0.6256,0.596,0.596,0.6701,0.4309,0.6702,0.697,0.4309,0.6575,0.6533,0.6374,0.6774,0.6654,0.6876,0.6666,0.6292,0.6292,0,0,0,0,0,v1.0.1,2025_12_22,312.217,316.4245,437.5478,302.6174,298.9244,185.8235,183.9016,330.6475,326.1304,446.3391,-7.7557,-3.1296,-0.0001,-0.0,-0.2092,1.5688,-0.2099,1.5636,0.6783,173.1885,172.4561,171.2949,172.7012,172.4102,0.7682,0.6581,0.7735,0.6233,0.6233,0.7402,0.643,0.732,0.6368,0.6368,0.754,0.752,0.7347,0.6951,0.6951,0.718,0,0.7178,0.7299,0.7178,0,0,0,0,0,v1.0.1,2025_12_22,312.1792,316.3208,438.3846,302.453,298.7787,184.8279,183.0738,330.6803,326.2308,447.2051,-7.7706,-3.2026,-0.0001,-0.0,-0.2089,1.5687,-0.2103,1.5633,0.6782,146.3135,141.5449,141.5439,144.292,143.4236,0.6596,0.5754,0.6519,0.5754,0.5754,0.6229,0.5555,0.617,0.5687,0.5555,0.629,0.611,0.6301,0.6084,0.6084,0.5932,0.54,0.5717,0.5791,0.54,0,0,0,0,0,-0.0288,-0.0898,-0.0398,-0.0806,-0.0806,-0.0112,-0.0545,-0.0334,-0.049,-0.049,-0.0044,-0.0095,-0.0025,0.0138,-0.0835,-0.112,-0.0488,-0.0658,-0.0141,-0.0019,0.0071,-0.0337,-0.0254,-0.0446,-0.0067,-0.0047,-0.0495,-0.0285,-0.0275,-0.0336,-0.0046,-0.025,-0.0027,0.0013,-0.0272,-0.0376,-0.0323,-0.0317,-0.0062,0.0001,-0.0116,-0.1611,-0.0176,-0.1609,-0.1565,-0.0005,-0.1384,-0.0125,-0.1076,-0.1039,-0.0089,0.0034,-0.0135,0.0116,-0.0112,-0.0148,0.0095,-0.1079,-0.0159,-0.1066,-0.0747,-0.001,-0.0913,-0.0092,-0.0707,-0.0684,-0.0113,-0.0242,-0.0055,0.0044,0.0044,0.0077,-0.0296,True,True
DTC_R_30,LanSi,1,CW_01,B,2026-03-31 18:23:53+08:00,ONLINE,False,,CW_1_01,PASS,,,52.2366019,_2026033118235336701,T20260331182353,DESKTOP-P2DUL42,Loma,1,CW_1_01,1,paul di,2024.0718.155524,V20260126.2,CW_DTCL_DTCR_STC,T20260331182445,52.2366019,True,True,True,True,True,True,True,4S2RND2HBL0DP6,v1.0.1,2025_12_22,315.2536,317.6449,475.6642,298.292,295.7801,149.0496,149.4276,337.6382,335.9456,485.8367,-5.0858,-1.8077,-0.0001,-0.0,-0.2195,1.5553,-0.2195,1.5479,0.666,154.8867,151.8027,152.4209,154.7979,153.4771,0.8588,0.7793,0.8642,0.7658,0.7658,0.8195,0.7331,0.8277,0.7539,0.7331,0.8099,0.8154,0.8195,0.818,0.7102,0.7194,0.7804,0.7386,0.7102,0.8462,0.7983,0.8054,0.7236,0.7236,0.8359,0.7521,0.7511,0.8377,0.8092,0.4249,0.8556,0.8433,0.4249,0,0,0,0,0,v1.0.1,2025_12_22,315.1739,317.6667,476.7591,298.1533,295.5306,147.966,148.26,337.74,336.0395,486.8882,-5.1474,-1.8172,-0.0001,-0.0,-0.2197,1.555,-0.2192,1.5476,0.666,159.0693,154.3877,162.9463,162.0713,159.6187,0.7036,0.6594,0.7132,0.6575,0.6575,0.6701,0.6302,0.6765,0.6393,0.6302,0.655,0.6426,0.6546,0.6496,0.6136,0.636,0.6185,0.6165,0.6136,0.6765,0.6518,0.6791,0.1379,0.1379,0.6458,0.647,0.6413,0.6698,0.6577,0.5178,0.6423,0.6737,0.5178,0,0,0,0,0,v1.0.1,2025_12_22,317.037,328.787,442,314.0545,302.5,196.9048,188.3279,343.041,331.7586,457,-3.1753,8.4575,-0.0,0.0001,-0.2168,1.5605,-0.2098,1.556,0.6725,175.6045,175.0176,175.7471,176.9023,175.8179,0.7873,0.6356,0.8166,0.5987,0.5987,0.754,0.6041,0.7704,0.6191,0.6041,0.7724,0.7653,0.7508,0.7325,0.7325,0.7459,0.6583,0.7366,0,0.6583,0,0,0,0,0,v1.0.1,2025_12_22,316.9519,328.875,442.7117,314.1532,302.3468,196.1613,187.275,343.2333,331.7565,457.7913,-3.2916,8.5428,-0.0,0.0001,-0.216,1.5607,-0.2098,1.5559,0.6727,146.2402,141.3926,143.2764,144.0723,143.7454,0.6631,0.5599,0.6734,0.5456,0.5456,0.6345,0.5404,0.6423,0.5641,0.5404,0.6343,0.6175,0.6301,0.6209,0.6175,0.5751,0.5351,0.579,0.201,0.201,0,0,0,0,0,-0.0135,-0.0936,-0.0115,-0.1075,-0.1065,0.0026,-0.0878,0.0091,-0.0843,-0.0838,-0.0033,-0.0011,0.0107,0.0084,-0.0921,-0.0901,-0.0182,-0.0737,-0.0086,-0.0053,-0.0028,-0.0572,-0.0096,-0.0551,-0.0489,0.0013,-0.0509,0.0135,-0.0393,-0.0328,-0.005,-0.0146,-0.0083,-0.0245,-0.037,-0.0341,-0.0059,-0.0366,-0.008,0.0074,-0.0049,-0.1754,0.017,-0.2022,-0.1935,-0.0012,-0.1629,0.0075,-0.1613,-0.1511,0.0165,0.0061,0.0079,0.0033,0.0035,-0.0026,0.0007,-0.0986,0.0017,-0.1309,-0.1129,-0.0064,-0.1092,-0.0008,-0.0764,-0.1001,0.0071,-0.0156,0.0116,-0.002,-0.001,-0.0257,-0.0101,True,True
DTC_L_31,LanSi,1,CW_01,C,2026-03-31 18:25:20+08:00,ONLINE,False,,CW_1_01,PASS,,,52.2606563,_2026033118252048802,T20260331182520,DESKTOP-P2DUL42,Loma,1,CW_1_01,2,paul di,2024.0718.155524,V20260126.2,CW_DTCL_DTCR_STC,T20260331182612,52.2606563,True,True,True,True,True,True,True,4S2RND2HBL06DS,v1.0.1,2025_12_22,315.097,322.7463,475.5489,302,296.0878,151.9527,149.8146,342.5629,334.4511,488,-5.3001,1.9524,-0.0001,0.0,-0.2281,1.5594,-0.2188,1.5537,0.6666,153.4287,150.1416,149.0908,152.9414,151.4006,0.8104,0.772,0.814,0.7627,0.7627,0.7707,0.7384,0.7747,0.724,0.724,0.8002,0.7965,0.8097,0.7596,0.7289,0.7094,0.7326,0.6743,0.6743,0.8045,0.7703,0.8031,0.7824,0.7703,0.8407,0.7281,0.7031,0.8353,0.8095,0.7511,0.7598,0.7699,0.7031,0,0,0,0,0,v1.0.1,2025_12_22,315.1087,322.8261,476.7153,301.9343,295.9664,150.9329,148.6513,342.6776,334.5489,489,-5.3019,1.9742,-0.0001,0.0,-0.228,1.5594,-0.2182,1.5538,0.6667,158.3711,154.7959,160.876,159.7998,158.4607,0.6779,0.6712,0.6839,0.6682,0.6682,0.6678,0.6251,0.6312,0.6321,0.6251,0.6432,0.6525,0.6441,0.6303,0.6309,0.6123,0.6262,0.5997,0.5997,0.6658,0.4353,0.6646,0.6535,0.4353,0.6592,0.627,0.5805,0.6804,0.6822,0.655,0.6481,0.6353,0.5805,0,0,0,0,0,v1.0.1,2025_12_22,313.233,315,438.4052,300.5,299.7213,184.1475,185.5,329.5,327.5,444.6102,-6.6281,-4.7485,-0.0001,-0.0,-0.2148,1.5674,-0.2125,1.5606,0.6752,173.6074,173.0146,171.8906,173.1719,172.9211,0.758,0.6816,0.7634,0.6424,0.6424,0.7273,0.6334,0.7265,0.6128,0.6128,0.7397,0.7513,0.7436,0.6834,0.6834,0.7107,0,0.7208,0.6442,0.6442,0,0,0,0,0,v1.0.1,2025_12_22,313.1604,314.8585,439.4052,300.4052,299.547,183.4786,184.521,329.5462,327.5,445.5,-6.6733,-4.7423,-0.0001,-0.0,-0.2135,1.567,-0.2132,1.561,0.6753,146.6709,142.5879,141.7607,144.7666,143.9465,0.6556,0.5955,0.6517,0.5819,0.5819,0.6062,0.5574,0.6078,0.5653,0.5574,0.6293,0.6343,0.6284,0.6204,0.6204,0.5647,0.5066,0.5972,0.5422,0.5066,0,0,0,0,0,-0.0273,-0.0916,-0.0324,-0.0595,-0.0595,-0.0138,-0.0741,-0.0259,-0.0541,-0.0541,-0.008,-0.0098,-0.0016,-0.0006,-0.094,-0.1135,-0.0569,-0.0697,-0.0143,-0.0153,0.004,-0.0437,-0.0164,-0.0436,-0.0057,-0.0005,-0.0558,-0.0338,-0.033,-0.0399,-0.0206,-0.0199,-0.0018,-0.0019,-0.0293,-0.0485,-0.0317,-0.028,-0.0105,-0.0055,-0.0218,-0.1376,-0.0277,-0.1418,-0.1374,-0.0134,-0.148,-0.018,-0.1316,-0.1279,-0.0232,0.0027,-0.0046,-0.0001,-0.0185,-0.0118,0.0055,-0.0878,-0.0161,-0.1001,-0.0682,-0.0177,-0.0894,-0.0184,-0.0741,-0.0665,-0.011,-0.0009,-0.0072,0.0164,0.0164,-0.0208,-0.0041,True,True
DTC_R_31,LanSi,1,CW_01,C,2026-03-31 18:25:20+08:00,ONLINE,False,,CW_1_01,PASS,,,52.1509494,_2026033118252060901,T20260331182520,DESKTOP-P2DUL42,Loma,1,CW_1_01,1,paul di,2024.0718.155524,V20260126.2,CW_DTCL_DTCR_STC,T20260331182612,52.1509494,True,True,True,True,True,True,True,4S2RND2HBL0DP6,v1.0.1,2025_12_22,315.1739,317.6667,475.637,298.2,295.7552,149.3007,149.4564,337.6913,335.8041,484.723,-5.1347,-1.9837,-0.0001,-0.0,-0.2202,1.5555,-0.2197,1.5474,0.6657,154.5645,151.8438,152.3477,154.8242,153.395,0.8484,0.7852,0.8626,0.7605,0.7605,0.825,0.732,0.8288,0.7236,0.7236,0.8123,0.8087,0.8076,0.7995,0.7184,0.7235,0.7468,0.7175,0.7175,0.833,0.8032,0.8188,0.4897,0.4897,0.8443,0.7672,0.7445,0.8262,0.7898,0.4015,0.8472,0.8399,0.4015,0,0,0,0,0,v1.0.1,2025_12_22,315.1241,317.5328,476.7609,298.0797,295.4257,148.3649,148.2819,337.8322,335.8456,485.7383,-5.2124,-1.9904,-0.0001,-0.0,-0.2193,1.5544,-0.2206,1.5477,0.6656,159.5908,154.4775,163.1768,162.3564,159.9004,0.6817,0.6646,0.7086,0.6562,0.6562,0.6757,0.6353,0.6715,0.6288,0.6288,0.652,0.6514,0.6534,0.6549,0.6091,0.6382,0.601,0.6275,0.601,0.6739,0.66,0.6608,0.143,0.143,0.6628,0.6622,0.6473,0.6686,0.6391,0.4995,0.645,0.6728,0.4995,0,0,0,0,0,v1.0.1,2025_12_22,316.9151,328.6698,441.8704,313.9259,302.392,196.944,188.2358,342.7724,331.4333,456.175,-3.3307,8.1974,-0.0,0.0001,-0.2169,1.5605,-0.2086,1.5569,0.6729,175.4609,174.5908,175.2314,176.4824,175.4414,0.7999,0.6329,0.8072,0.593,0.593,0.7552,0.6237,0.7687,0.5988,0.5988,0.7716,0.7538,0.7472,0.7409,0.7409,0.7438,0.6576,0.7343,0,0.6576,0,0,0,0,0,v1.0.1,2025_12_22,316.9151,328.6698,442.6273,313.8455,302.2857,196.1349,187.3802,343.0413,331.547,456.7265,-3.3489,8.1836,-0.0,0.0001,-0.2169,1.5603,-0.21,1.5565,0.6725,146.6094,141.6621,143.3008,144.6279,144.05,0.6504,0.5577,0.6616,0.5392,0.5392,0.6292,0.5445,0.6438,0.5369,0.5369,0.6444,0.6348,0.6197,0.6218,0.6197,0.5894,0.5444,0.5674,0.1807,0.1807,0,0,0,0,0,-0.0239,-0.0877,-0.0131,-0.1128,-0.1118,0.0081,-0.0889,0.0102,-0.1146,-0.0933,-0.0009,-0.0078,-0.0012,-0.0101,-0.0839,-0.086,-0.0518,-0.0948,-0.0218,0.0081,-0.0247,-0.052,-0.0142,-0.0564,-0.0502,0.0069,-0.0458,0.0085,-0.0498,-0.0342,-0.008,-0.0058,-0.0095,-0.0192,-0.0415,-0.0319,-0.0234,-0.0256,-0.0106,-0.0109,0.0077,-0.1781,0.0076,-0.2079,-0.1992,0,-0.1433,0.0058,-0.1816,-0.1564,0.0157,-0.0054,0.0043,0.0117,0.0014,-0.0049,-0.012,-0.1008,-0.0101,-0.1373,-0.1193,-0.0117,-0.1051,0.0007,-0.1036,-0.1036,0.0172,0.0017,0.0012,-0.0011,0.0012,-0.0114,-0.0217,True,True
DTC_L_32,LanSi,1,CW_01,A,2026-03-31 18:26:50+08:00,ONLINE,False,,CW_1_01,PASS,,,52.3100771,_2026033118265061202,T20260331182650,DESKTOP-P2DUL42,Loma,1,CW_1_01,2,paul di,2024.0718.155524,V20260126.2,CW_DTCL_DTCR_STC,T20260331182742,52.3100771,True,True,True,True,True,True,True,4S2RND2HBL06DS,v1.0.1,2025_12_22,314.1533,323.8102,474.2774,303.4599,294.8792,153.0134,148.1611,343.6309,333.4179,490.0373,-6.5222,3.2903,-0.0001,0.0,-0.2259,1.5579,-0.2183,1.5549,0.6671,153.502,150.2344,148.5723,152.9043,151.3032,0.8127,0.7679,0.825,0.7549,0.7549,0.7768,0.7317,0.7858,0.7329,0.7317,0.8192,0.8085,0.8199,0.746,0.7269,0.7022,0.7445,0.6969,0.6969,0.8092,0.98,0.8213,0.8422,0.8092,0.84,0.7822,0.766,0.827,0.8173,0.7985,0.8036,0.776,0.766,0,0,0,0,0,v1.0.1,2025_12_22,314.1533,323.8102,475.3358,303.292,294.7516,152.0458,147.0204,343.8163,333.7464,490.971,-6.4985,3.2871,-0.0001,0.0,-0.2261,1.5578,-0.2186,1.5536,0.6667,158.8809,154.9854,160.7539,160.1064,158.6816,0.6762,0.6569,0.6829,0.6794,0.6569,0.6593,0.627,0.6458,0.6347,0.627,0.6561,0.6554,0.6577,0.6264,0.6245,0.6189,0.6319,0.5967,0.5967,0.68,0.4345,0.6704,0.6871,0.4345,0.6537,0.6458,0.6315,0.6727,0.6795,0.6851,0.6617,0.6424,0.6315,0,0,0,0,0,v1.0.1,2025_12_22,312.2843,315.9804,437.469,301.7788,298.4167,185.3333,184.0407,330.6423,326.5932,446.3559,-7.7392,-3.4819,-0.0001,-0.0,-0.2124,1.5645,-0.2133,1.561,0.6749,173.6064,173.1465,171.2598,173.1748,172.7969,0.7632,0.6577,0.7854,0.6235,0.6235,0.7361,0.6255,0.7344,0.6284,0.6255,0.7784,0.7546,0.7547,0.6863,0.6863,0.7114,0,0.7189,0.7168,0.7114,0,0,0,0,0,v1.0.1,2025_12_22,312.233,316,438.3826,301.5478,298.4068,184.5,183.1721,330.6557,326.686,447.0496,-7.7239,-3.5494,-0.0001,-0.0,-0.2136,1.5655,-0.2126,1.5604,0.675,146.9443,142.4316,141.6533,144.8867,143.979,0.6555,0.5744,0.6502,0.5774,0.5744,0.6216,0.5476,0.6012,0.5642,0.5476,0.6294,0.63,0.6273,0.5946,0.5946,0.5739,0.5297,0.5991,0.5798,0.5297,0,0,0,0,0,-0.025,-0.0957,-0.0214,-0.0673,-0.0673,-0.0077,-0.0808,-0.0148,-0.0452,-0.0464,0.011,0.0022,0.0086,-0.0142,-0.096,-0.1207,-0.045,-0.0471,-0.0096,0.0029,0.0023,-0.058,-0.0174,-0.0324,-0.017,-0.009,-0.0539,-0.0192,-0.0304,-0.038,-0.0077,-0.017,0.0118,-0.0058,-0.0357,-0.0419,-0.026,-0.031,0.0037,0.0003,-0.0166,-0.1615,-0.0057,-0.1607,-0.1563,-0.0046,-0.1559,-0.0101,-0.116,-0.1152,0.0155,0.006,0.0065,0.0028,-0.0178,-0.0137,0.0054,-0.1089,-0.0176,-0.1046,-0.0757,-0.0023,-0.0992,-0.025,-0.0752,-0.0763,-0.0109,-0.0052,-0.0083,-0.0094,-0.0094,-0.0116,-0.0022,True,True
DTC_R_32,LanSi,1,CW_01,A,2026-03-31 18:26:50+08:00,ONLINE,False,,CW_1_01,PASS,,,52.2043618,_2026033118265072901,T20260331182650,DESKTOP-P2DUL42,Loma,1,CW_1_01,1,paul di,2024.0718.155524,V20260126.2,CW_DTCL_DTCR_STC,T20260331182742,52.2043618,True,True,True,True,True,True,True,4S2RND2HBL0DP6,v1.0.1,2025_12_22,315,316.7778,475.1926,297.1926,295.381,148.3673,149.1027,336.8082,335.3311,484.2027,-5.4985,-2.8303,-0.0001,-0.0,-0.2211,1.5543,-0.2196,1.5494,0.6657,153.125,151.583,151.9941,153.6816,152.5959,0.8607,0.7852,0.8669,0.7606,0.7606,0.8132,0.7476,0.8221,0.7416,0.7416,0.8202,0.8151,0.8012,0.7991,0.7292,0.7149,0.7712,0.7352,0.7149,0.8286,0.788,0.8058,0.8973,0.788,0.8435,0.7581,0.7473,0.8264,0.7797,0.98,0.8361,0.8455,0.7473,0,0,0,0,0,v1.0.1,2025_12_22,314.9571,316.8929,476.3235,297.0368,295.2109,147.2381,148,337,335.5878,485.3243,-5.4841,-2.8016,-0.0001,-0.0,-0.2219,1.5544,-0.2193,1.5484,0.6654,157.9326,153.2646,161.748,161.7637,158.6772,0.7009,0.6684,0.7124,0.6598,0.6598,0.6702,0.6368,0.6634,0.6286,0.6286,0.6403,0.6509,0.649,0.6453,0.6266,0.6193,0.6184,0.6172,0.6172,0.676,0.6534,0.6588,0.1509,0.1509,0.6535,0.6342,0.6415,0.675,0.6298,0.4547,0.6409,0.6743,0.4547,0,0,0,0,0,v1.0.1,2025_12_22,316.8077,328.0385,441.6174,313.2,302.2698,196.0794,188.0738,342.1148,331.3333,455.5702,-3.4796,7.5006,-0.0,0.0001,-0.2178,1.5606,-0.2084,1.5569,0.6728,173.6553,174.4482,174.8711,175.3682,174.5857,0.8,0.6307,0.8059,0.6088,0.6088,0.755,0.614,0.7636,0.6177,0.614,0.765,0.7641,0.7613,0.7367,0.7367,0.7211,0.6519,0.743,0,0.6519,0,0,0,0,0,v1.0.1,2025_12_22,316.7115,328,442.4234,313.1351,302.0976,195.2114,187.0806,342.3629,331.3565,456.4783,-3.5661,7.5375,-0.0,0.0001,-0.2172,1.5607,-0.2098,1.5568,0.6726,145.1875,140.4492,142.251,143.8486,142.9341,0.6581,0.5595,0.6705,0.5463,0.5463,0.6405,0.5534,0.641,0.5443,0.5443,0.6392,0.63,0.6244,0.6306,0.6244,0.5794,0.5387,0.5776,0.2704,0.2704,0,0,0,0,0,-0.0116,-0.0877,-0.0088,-0.1127,-0.1117,-0.0037,-0.0733,0.0035,-0.0966,-0.0753,0.007,-0.0014,-0.0076,-0.0105,-0.0731,-0.0946,-0.0274,-0.0771,-0.0262,-0.0049,-0.0055,-0.0482,-0.0104,-0.0528,-0.0466,0.0014,-0.0443,0.0004,-0.05,-0.0344,-0.0197,-0.0063,-0.0139,-0.0288,-0.024,-0.0508,-0.006,-0.0359,-0.0085,-0.0129,0.0078,-0.1803,0.0063,-0.1921,-0.1834,-0.0002,-0.153,0.0007,-0.1627,-0.1412,0.0091,0.0049,0.0184,0.0075,-0.0213,0.0038,-0.0043,-0.099,-0.0012,-0.1302,-0.1122,-0.0004,-0.0962,-0.0021,-0.0962,-0.0962,0.012,-0.0031,0.0059,0.0077,0.0059,-0.0214,-0.0115,True,True
DTC_L_33,LanSi,1,CW_01,B,2026-03-31 18:28:23+08:00,ONLINE,False,,CW_1_01,PASS,,,52.090387,_2026033118282314202,T20260331182823,DESKTOP-P2DUL42,Loma,1,CW_1_01,2,paul di,2024.0718.155524,V20260126.2,CW_DTCL_DTCR_STC,T20260331182915,52.090387,True,True,True,True,True,True,True,4S2RND2HBL06DS,v1.0.1,2025_12_22,315.2222,321.1333,475.7388,300.1045,296.0392,149.6078,150,340.9521,334.6765,486.9632,-5.1647,0.2522,-0.0001,0.0,-0.2297,1.5589,-0.2189,1.5535,0.6659,153.7207,150.0176,149.21,153.4443,151.5981,0.819,0.7957,0.8304,0.7581,0.7581,0.7997,0.7472,0.7712,0.7252,0.7252,0.8113,0.8007,0.8032,0.7578,0.7714,0.7122,0.7187,0.6761,0.6761,0.8194,0.7696,0.8169,0.7827,0.7696,0.845,0.7093,0.7768,0.8438,0.8067,0.7494,0.7686,0.7676,0.7093,0,0,0,0,0,v1.0.1,2025_12_22,315.1533,321.1898,476.8489,300.0288,296,148.6299,148.931,341.1586,334.7664,488.073,-5.1601,0.316,-0.0001,0.0,-0.2296,1.5597,-0.219,1.5533,0.6661,158.3496,154.583,160.625,159.5908,158.2871,0.6805,0.6739,0.674,0.6771,0.6739,0.6685,0.6155,0.6323,0.6381,0.6155,0.6545,0.648,0.6569,0.6298,0.6221,0.6258,0.6155,0.5987,0.5987,0.6669,0.4603,0.6926,0.6531,0.4603,0.6528,0.6097,0.6197,0.683,0.6751,0.6486,0.6705,0.6318,0.6097,0,0,0,0,0,v1.0.1,2025_12_22,313.2523,313.5327,438.7699,298.7699,299.7167,182.0917,185.4711,328.1157,327.7119,443.7712,-6.5156,-6.2438,-0.0001,-0.0001,-0.2166,1.5677,-0.2131,1.5597,0.6744,173.8662,173.1191,171.9404,173.252,173.0444,0.7657,0.6672,0.772,0.6423,0.6423,0.7393,0.6224,0.737,0.6173,0.6173,0.7663,0.745,0.7453,0.6762,0.6762,0.7176,0,0.7208,0.6506,0.6506,0,0,0,0,0,v1.0.1,2025_12_22,313.2264,313.4623,439.547,298.6154,299.547,181.5214,184.5246,328.2377,327.641,444.5128,-6.6028,-6.2301,-0.0001,-0.0001,-0.2165,1.567,-0.2138,1.5607,0.6744,146.4092,142.3496,141.2139,144.0947,143.5168,0.6527,0.5805,0.6615,0.5758,0.5758,0.6174,0.5456,0.6086,0.5717,0.5456,0.6383,0.6129,0.6397,0.6014,0.6014,0.582,0.4866,0.578,0.5298,0.4866,0,0,0,0,0,-0.0187,-0.0679,-0.016,-0.0641,-0.0641,0.0152,-0.0653,-0.0294,-0.0529,-0.0529,0.0031,-0.0056,-0.0081,-0.0024,-0.0515,-0.1107,-0.0708,-0.0679,0.0006,-0.0015,0.0066,-0.041,-0.0263,-0.0347,0,0.0002,-0.0654,-0.0327,-0.027,-0.0495,-0.0093,-0.0244,0.011,-0.0024,-0.0381,-0.035,-0.0424,-0.029,-0.0094,0.0225,-0.0141,-0.152,-0.0191,-0.1419,-0.1375,-0.0014,-0.159,-0.0075,-0.1271,-0.1234,0.0034,-0.0036,-0.0029,-0.0073,-0.0116,-0.0118,0.0026,-0.1028,-0.0063,-0.1062,-0.0743,-0.0065,-0.1012,-0.0176,-0.0677,-0.0783,-0.002,-0.0223,0.0041,-0.0026,-0.0026,-0.0035,-0.0233,True,True
DTC_R_33,LanSi,1,CW_01,B,2026-03-31 18:28:23+08:00,ONLINE,False,,CW_1_01,FAIL,SFR_VIS_25cm_Ny4_01F_ROI2_Dev;SFR_VIS_25cm_Ny4_01F_Min_Dev,Dev,52.1073444,_2026033118282314301,T20260331182823,DESKTOP-P2DUL42,Loma,1,CW_1_01,1,paul di,2024.0718.155524,V20260126.2,CW_DTCL_DTCR_STC,T20260331182915,52.1073444,True,True,True,True,True,True,True,4S2RND2HBL0DP6,v1.0.1,2025_12_22,315.1691,316.7647,475.6316,297.1353,295.8345,148.8828,149.4564,336.5973,335.9669,486.3841,-5.0883,-2.3472,-0.0001,-0.0,-0.2212,1.5556,-0.2186,1.5483,0.666,154.6592,151.8574,152.1914,154.8877,153.3989,0.8571,0.7421,0.8694,0.7844,0.7421,0.8138,0.718,0.8169,0.799,0.718,0.8115,0.8161,0.8206,0.8161,0.7036,0.6915,0.7958,0.7897,0.6915,0.8434,0.7776,0.7929,0.7802,0.7776,0.822,0.7487,0.7493,0.8405,0.8033,0.98,0.8621,0.8434,0.7487,0,0,0,0,0,v1.0.1,2025_12_22,315.1533,316.8102,476.6963,297.0815,295.5946,147.8514,148.1879,336.7584,335.9804,487.4575,-5.1775,-2.3082,-0.0001,-0.0,-0.221,1.555,-0.2184,1.5488,0.6661,159.9668,155.0547,163.4375,163.0137,160.3682,0.6954,0.6563,0.7074,0.6748,0.6563,0.6805,0.6219,0.6651,0.654,0.6219,0.6605,0.6661,0.6533,0.6438,0.6087,0.6189,0.6245,0.648,0.6087,0.6823,0.6514,0.6685,0.1741,0.1741,0.6427,0.6449,0.6362,0.6786,0.6588,0.4707,0.6575,0.6793,0.4707,0,0,0,0,0,v1.0.1,2025_12_22,316.9065,328,441.8482,313.0893,302.4961,196.7953,188.2063,342.0397,331.7009,457.1453,-3.2684,7.9139,-0.0,0.0001,-0.2183,1.5609,-0.2081,1.5562,0.6727,175.375,174.877,175.1064,176.5576,175.479,0.7955,0.605,0.805,0.6585,0.605,0.7671,0.5857,0.7775,0.7031,0.5857,0.7684,0.7607,0.7528,0.7455,0.7455,0.7368,0.6571,0.7337,0,0.6571,0,0,0,0,0,v1.0.1,2025_12_22,316.8774,328.0472,442.7411,313.1071,302.392,195.944,187.3361,342.2951,331.7436,457.9487,-3.282,7.9684,-0.0,0.0001,-0.2176,1.5611,-0.209,1.5563,0.6727,146.999,141.876,143.8066,144.8672,144.3872,0.6611,0.5318,0.6738,0.5821,0.5318,0.6461,0.5221,0.6474,0.5925,0.5221,0.6354,0.6425,0.6318,0.6319,0.6318,0.5939,0.549,0.5832,0.1804,0.1804,0,0,0,0,0,-0.0152,-0.1308,-0.0063,-0.0889,-0.1302,-0.0031,-0.1029,-0.0017,-0.0392,-0.0989,-0.0017,-0.0004,0.0118,0.0065,-0.0987,-0.118,-0.0028,-0.0226,-0.0114,-0.0178,-0.011,-0.0603,-0.0154,-0.0378,-0.0501,0.0117,-0.0592,0.0021,-0.0246,-0.0411,0.0005,0.0089,-0.0096,-0.0303,-0.0419,-0.0512,0.0001,-0.0051,-0.0022,-0.0032,0.0033,-0.206,0.0054,-0.1424,-0.1872,0.0119,-0.1813,0.0146,-0.0773,-0.1695,0.0125,0.0015,0.0099,0.0163,-0.0056,-0.0055,-0.0013,-0.1267,0.0021,-0.0944,-0.1267,0.0052,-0.1275,0.0043,-0.048,-0.1184,0.0082,0.0094,0.0133,0.009,0.0133,-0.0069,-0.0059,True,True
DTC_R_34,LanSi,1,CW_01,C,2026-03-31 18:30:01+08:00,ONLINE,False,,CW_1_01,PASS,,,52.7737445,_2026033118300173401,T20260331183001,DESKTOP-P2DUL42,Loma,1,CW_1_01,1,paul di,2024.0718.155524,V20260126.2,CW_DTCL_DTCR_STC,T20260331183054,52.7737445,True,True,True,True,True,True,True,4S2RND2HBL0DP6,v1.0.1,2025_12_22,314.9556,317.3852,474.8897,297.8309,295.4257,147.6959,149.2961,337.7039,335.1206,485.2979,-5.5625,-2.3172,-0.0001,-0.0,-0.2211,1.5557,-0.2215,1.5508,0.6659,155.5234,152.7666,153.1816,155.2939,154.1914,0.872,0.8231,0.8737,0.8199,0.8199,0.8177,0.7907,0.8204,0.7617,0.7617,0.8162,0.8131,0.8149,0.803,0.7688,0.7611,0.7225,0.7516,0.7225,0.8539,0.8097,0.7812,0.98,0.7812,0.8406,0.7792,0.7819,0.8289,0.8161,0.8243,0.7962,0.8322,0.7792,0,0,0,0,0,v1.0.1,2025_12_22,314.9493,317.3261,475.8921,297.5899,295.2153,146.7361,148.1208,337.8054,335.2535,486.2535,-5.6138,-2.3578,-0.0001,-0.0,-0.2215,1.5551,-0.2216,1.5507,0.6657,159.4678,154.541,163.2031,162.2783,159.8726,0.6955,0.6874,0.7147,0.6911,0.6874,0.6714,0.664,0.6756,0.6435,0.6435,0.6465,0.6571,0.6469,0.6671,0.6437,0.6339,0.607,0.6255,0.607,0.6897,0.6672,0.6509,0.2235,0.2235,0.6474,0.6563,0.6691,0.6781,0.6537,0.6328,0.6627,0.684,0.6328,0,0,0,0,0,v1.0.1,2025_12_22,316.9151,328.6698,441.4522,313.6174,302.3937,196.0394,188.2063,343.0397,331.0442,457.292,-3.4977,8.2317,-0.0,0.0001,-0.2198,1.5612,-0.2107,1.5609,0.6729,176.1104,175.8086,176.1797,177.3936,176.373,0.7833,0.6592,0.8057,0.6956,0.6592,0.7614,0.6514,0.7655,0.645,0.645,0.7594,0.7607,0.7394,0.7268,0.7268,0.7426,0.6782,0.7063,0,0.6782,0,0,0,0,0,v1.0.1,2025_12_22,316.7547,328.7358,442.2456,313.5877,302.2439,195.2195,187.3852,343.1885,331.1504,458.0531,-3.544,8.2569,-0.0,0.0001,-0.2196,1.562,-0.2107,1.5594,0.6728,146.0361,141.5215,143.1504,144.2705,143.7446,0.6546,0.5808,0.673,0.597,0.5808,0.6393,0.5886,0.6447,0.5486,0.5486,0.6342,0.637,0.6304,0.6233,0.6233,0.5998,0.5688,0.5432,0.4099,0.4099,0,0,0,0,0,-0.0003,-0.0498,-0.002,-0.0534,-0.0524,0.0008,-0.0302,0.0018,-0.0765,-0.0552,0.003,-0.0034,0.0061,-0.0066,-0.0335,-0.0484,-0.0761,-0.0607,-0.0009,-0.0295,-0.0109,-0.0292,-0.0081,-0.0215,-0.019,0.0026,-0.0171,0.0126,-0.0351,-0.0195,-0.0135,-0.0001,-0.016,-0.007,-0.0069,-0.0362,-0.0174,-0.0276,0.0052,-0.0208,-0.0089,-0.1518,0.0061,-0.1053,-0.133,0.0062,-0.1156,0.0026,-0.1354,-0.1102,0.0035,0.0015,-0.0035,-0.0024,0.0002,-0.0329,-0.0078,-0.0777,0.0013,-0.0795,-0.0777,-0.0016,-0.061,0.0016,-0.0919,-0.0919,0.007,0.0039,0.0119,0.0004,0.0048,-0.001,-0.0459,True,True
DTC_L_34,LanSi,1,CW_01,C,2026-03-31 18:30:01+08:00,ONLINE,False,,CW_1_01,FAIL,SFR_VIS_25cm_Ny4_06F_ROI16;SFR_VIS_25cm_Ny4_06F_Min,sfr_25Algo,52.5817546,_2026033118300194002,T20260331183001,DESKTOP-P2DUL42,Loma,1,CW_1_01,2,paul di,2024.0718.155524,V20260126.2,CW_DTCL_DTCR_STC,T20260331183054,52.5817546,True,True,True,True,True,True,True,4S2RND2HBL06DS,v1.0.1,2025_12_22,315.1103,322.8309,475.3309,302.0735,296.0738,152.302,149.543,342.6026,334.3507,488.2015,-5.4182,2.1021,-0.0001,0.0,-0.2283,1.5591,-0.2183,1.5545,0.6667,153.8643,149.9111,149.2539,153.1338,151.5408,0.8188,0.7892,0.8252,0.7602,0.7602,0.7782,0.7394,0.7874,0.7251,0.7251,0.8088,0.8039,0.7981,0.767,0.7286,0.7097,0.7569,0.6516,0.6516,0.7999,0.98,0.826,0.7786,0.7786,0.8376,0.8481,0.7486,0.8395,0.823,0.7673,0.7617,0.7691,0.7486,0,0,0,0,0,v1.0.1,2025_12_22,315.0791,322.8633,476.3235,302.0368,296.0132,151.3709,148.4605,342.8487,334.5956,489.2721,-5.4056,2.1783,-0.0001,0.0,-0.2279,1.5596,-0.2189,1.5535,0.6666,159.3789,155.5371,161.6572,160.9834,159.3892,0.6819,0.6743,0.6836,0.6724,0.6724,0.66,0.6268,0.6404,0.627,0.6268,0.6382,0.6547,0.6502,0.636,0.6158,0.6213,0.6279,0.5956,0.5956,0.6882,0.2196,0.6808,0.6636,0.2196,0.6524,0.6571,0.6285,0.6768,0.6731,0.6583,0.6686,0.6265,0.6265,0,0,0,0,0,v1.0.1,2025_12_22,313.3922,315,438.4522,300.6174,299.7288,184.4831,185.3697,329.6807,327.625,444.8583,-6.5864,-4.5721,-0.0001,-0.0,-0.214,1.566,-0.2137,1.5611,0.6749,173.7461,173.1719,172.0576,173.2344,173.0525,0.7732,0.6692,0.7697,0.6463,0.6463,0.7303,0.6305,0.7449,0.6249,0.6249,0.7554,0.7473,0.7454,0.6842,0.6842,0.7121,0,0.709,0.6633,0.6633,0,0,0,0,0,v1.0.1,2025_12_22,313.233,315,439.313,300.487,299.6116,183.7107,184.3884,329.7025,327.5517,445.6724,-6.6804,-4.5855,-0.0001,-0.0,-0.2141,1.5669,-0.2131,1.5611,0.6752,147.9395,143.043,142.5049,145.4912,144.7446,0.6433,0.5954,0.6553,0.5844,0.5844,0.622,0.5423,0.6171,0.5476,0.5423,0.6232,0.6195,0.6378,0.6116,0.6116,0.5864,0.387,0.5841,0.5544,0.387,0,0,0,0,0,-0.0189,-0.0744,-0.0212,-0.062,-0.062,-0.0063,-0.0731,-0.0132,-0.053,-0.053,0.0006,-0.0024,-0.0132,0.0068,-0.0943,-0.1132,-0.0326,-0.0924,-0.0189,0.0076,0.008,-0.0406,-0.0167,-0.0394,-0.0015,-0.0083,-0.0541,-0.0246,-0.0381,-0.0382,-0.0256,-0.0177,0.0043,0.0038,-0.0444,-0.0395,-0.03,-0.0321,0.0119,0.0107,-0.0066,-0.15,-0.0214,-0.1379,-0.1335,-0.0104,-0.1509,0.0004,-0.1195,-0.1158,-0.0075,-0.0013,-0.0028,0.0007,-0.0171,-0.0236,-0.0068,-0.0879,-0.0125,-0.0976,-0.0657,-0.0019,-0.1045,-0.0091,-0.0918,-0.0816,-0.0171,-0.0157,0.0022,0.0076,0.0076,0.0009,-0.0172,True,True
DTC_L_35,LanSi,1,CW_01,A,2026-03-31 18:31:32+08:00,ONLINE,False,,CW_1_01,PASS,,,52.5856183,_2026033118313251502,T20260331183132,DESKTOP-P2DUL42,Loma,1,CW_1_01,2,paul di,2024.0718.155524,V20260126.2,CW_DTCL_DTCR_STC,T20260331183225,52.5856183,True,True,True,True,True,True,True,4S2RND2HBL06DS,v1.0.1,2025_12_22,314.2148,322.2222,474.458,301.8092,294.8278,151.5033,148,342,333.3688,488.4752,-6.5261,1.702,-0.0001,0.0,-0.2262,1.5572,-0.2179,1.5556,0.6672,153.7559,149.8135,149.0449,152.9434,151.3894,0.8146,0.761,0.8172,0.7481,0.7481,0.777,0.741,0.7834,0.7484,0.741,0.8161,0.8069,0.8076,0.7612,0.7356,0.6874,0.7486,0.6954,0.6874,0.7996,0.7374,0.8166,0.8484,0.7374,0.843,0.697,0.731,0.8314,0.8132,0.8219,0.8053,0.773,0.697,0,0,0,0,0,v1.0.1,2025_12_22,314.2464,322.2464,475.4928,301.6232,294.6159,150.5364,147,342.0479,333.5857,489.5214,-6.5119,1.6951,-0.0001,0.0,-0.2267,1.5565,-0.2173,1.5552,0.6669,158.1045,154.2383,160.5527,159.3291,158.0562,0.6949,0.646,0.6889,0.6846,0.646,0.6569,0.6282,0.6509,0.6452,0.6282,0.643,0.6501,0.6471,0.6263,0.6108,0.6099,0.6343,0.6025,0.6025,0.6677,0.5042,0.6749,0.6862,0.5042,0.6653,0.6085,0.6197,0.6785,0.6758,0.6835,0.6698,0.6354,0.6085,0,0,0,0,0,v1.0.1,2025_12_22,312.4495,314.5138,437.6696,300.1875,298.5645,183.8306,183.8167,329.1,326.5833,444.8667,-7.6833,-5.0003,-0.0001,-0.0001,-0.2134,1.5644,-0.2124,1.5623,0.6752,173.6963,172.75,171.8184,173.2324,172.8743,0.7859,0.637,0.7909,0.6245,0.6245,0.737,0.6261,0.7463,0.6428,0.6261,0.7608,0.7558,0.7493,0.6824,0.6824,0.7181,0,0.7121,0.7346,0.7121,0,0,0,0,0,v1.0.1,2025_12_22,312.3578,314.4679,438.4234,300.1351,298.418,183.0492,182.9008,329.2562,326.5462,445.6303,-7.7707,-4.9923,-0.0001,-0.0,-0.2127,1.5646,-0.2132,1.5625,0.6753,146.4482,141.9385,141.5088,144.0146,143.4775,0.6549,0.5637,0.6622,0.5875,0.5637,0.6268,0.5439,0.6172,0.5647,0.5439,0.6301,0.6315,0.6308,0.6023,0.6023,0.5936,0.4888,0.5734,0.5883,0.4888,0,0,0,0,0,-0.0231,-0.1026,-0.0292,-0.0741,-0.0741,-0.0075,-0.0715,-0.0172,-0.0297,-0.0371,0.0079,0.0006,-0.0037,0.001,-0.0873,-0.1355,-0.0409,-0.0486,-0.0192,-0.0018,0.021,-0.0689,-0.0114,-0.0272,-0.0279,-0.0114,-0.0527,-0.0141,-0.0199,-0.0368,-0.0208,-0.0223,0.0012,-0.0059,-0.0494,-0.0509,-0.0236,-0.0252,-0.0086,0.0048,0.0061,-0.1822,-0.0002,-0.1597,-0.1553,-0.0037,-0.1553,0.0018,-0.1016,-0.1146,-0.0021,0.0072,0.0011,-0.0011,-0.0111,-0.0205,0.0048,-0.1196,-0.0056,-0.0945,-0.0864,0.0029,-0.1029,-0.009,-0.0747,-0.08,-0.0102,-0.0037,-0.0048,-0.0017,-0.0017,0.0081,-0.0279,True,True
DTC_R_35,LanSi,1,CW_01,A,2026-03-31 18:31:32+08:00,ONLINE,False,,CW_1_01,PASS,,,52.5756447,_2026033118313251501,T20260331183132,DESKTOP-P2DUL42,Loma,1,CW_1_01,1,paul di,2024.0718.155524,V20260126.2,CW_DTCL_DTCR_STC,T20260331183225,52.5756447,True,True,True,True,True,True,True,4S2RND2HBL0DP6,v1.0.1,2025_12_22,315.125,316.7721,475.3037,297.0815,295.5586,148.1172,149.0676,336.6486,335.5442,484.4966,-5.3802,-2.8768,-0.0001,-0.0,-0.2218,1.5548,-0.2186,1.5491,0.6659,155.0879,153.1445,153.5654,155.1758,154.2434,0.8663,0.7799,0.8626,0.769,0.769,0.8106,0.7367,0.8192,0.747,0.7367,0.8276,0.8142,0.8133,0.8227,0.7235,0.6983,0.7775,0.806,0.6983,0.8458,0.7895,0.8102,0.6225,0.6225,0.8365,0.7491,0.7403,0.8125,0.8084,0.4297,0.8399,0.8432,0.4297,0,0,0,0,0,v1.0.1,2025_12_22,315.1087,316.8261,476.3556,297,295.1448,147.0759,148,336.9521,335.6757,485.5,-5.443,-2.8292,-0.0001,-0.0,-0.2218,1.5532,-0.2193,1.5489,0.6652,159.0557,152.2744,160.8975,161.96,158.5469,0.7026,0.6665,0.7077,0.6607,0.6607,0.6692,0.6297,0.6604,0.6289,0.6289,0.6661,0.6524,0.6708,0.6534,0.6149,0.6353,0.6225,0.6385,0.6149,0.6772,0.6519,0.6561,0.2279,0.2279,0.649,0.6447,0.6461,0.6565,0.6675,0.5027,0.6462,0.6672,0.5027,0,0,0,0,0,v1.0.1,2025_12_22,316.8396,327.8585,441.6182,312.9909,302.328,195.976,188,342,331.2018,455.9386,-3.5025,7.4528,-0.0,0.0001,-0.2181,1.5607,-0.2088,1.5586,0.6731,175.9043,176.3672,176.7803,177.0166,176.5171,0.8019,0.6273,0.8121,0.618,0.618,0.7534,0.6211,0.7598,0.6317,0.6211,0.7666,0.7622,0.753,0.7404,0.7404,0.7383,0.6383,0.7369,0,0.6383,0,0,0,0,0,v1.0.1,2025_12_22,316.7115,327.9904,442.4074,313.0185,302.1935,195.129,187.1066,342.2869,331.3246,456.7018,-3.5513,7.5253,-0.0,0.0001,-0.218,1.5614,-0.2093,1.5572,0.6728,145.9707,139.3457,141.0771,144.3174,142.6777,0.665,0.5442,0.6703,0.5511,0.5442,0.625,0.5558,0.6452,0.5568,0.5558,0.6225,0.6241,0.6193,0.6331,0.6193,0.5821,0.5438,0.5903,0.1835,0.1835,0,0,0,0,0,-0.006,-0.093,-0.0131,-0.1043,-0.1033,-0.0063,-0.0842,0.0006,-0.0912,-0.0802,0.0144,-0.0023,0.0045,0.0131,-0.0788,-0.1112,-0.0211,-0.0063,-0.009,-0.0005,-0.0038,-0.0501,-0.0151,-0.0519,-0.0457,0.0004,-0.0514,-0.0026,-0.0497,-0.0341,0.0061,-0.0048,0.0079,-0.0207,-0.0357,-0.0348,-0.0019,-0.0146,-0.0073,-0.0156,0.0097,-0.1837,0.0125,-0.1829,-0.1742,-0.0018,-0.1459,-0.0031,-0.1487,-0.1341,0.0107,0.003,0.0101,0.0112,-0.0041,-0.0023,0.0026,-0.1143,-0.0014,-0.1254,-0.1143,-0.0159,-0.0938,0.0021,-0.0837,-0.0847,-0.0047,-0.009,0.0008,0.0102,0.0008,-0.0187,0.0012,True,True
DTC_L_36,LanSi,1,CW_01,B,2026-03-31 18:33:01+08:00,ONLINE,False,,CW_1_01,PASS,,,51.8874594,_2026033118330185902,T20260331183301,DESKTOP-P2DUL42,Loma,1,CW_1_01,2,paul di,2024.0718.155524,V20260126.2,CW_DTCL_DTCR_STC,T20260331183353,51.8874594,True,True,True,True,True,True,True,4S2RND2HBL06DS,v1.0.1,2025_12_22,315.1481,322.0741,475.5573,301.1527,296.1533,151.2133,149.9034,341.8552,334.5221,487.3088,-5.2432,1.2208,-0.0001,0.0,-0.2292,1.5596,-0.2186,1.5536,0.6663,153.1777,148.9795,148.1855,152.8848,150.8069,0.8218,0.7745,0.8218,0.7318,0.7318,0.7881,0.7382,0.7745,0.7238,0.7238,0.8109,0.8003,0.8006,0.7487,0.7377,0.7213,0.7318,0.686,0.686,0.8095,0.98,0.81,0.7741,0.7741,0.8452,0.7188,0.7002,0.8256,0.7973,0.7444,0.7712,0.7902,0.7002,0,0,0,0,0,v1.0.1,2025_12_22,315.1014,322.0942,476.7279,301.0441,296.0728,150.2583,148.7877,342.0274,334.7194,488.3957,-5.2181,1.2639,-0.0001,0.0,-0.229,1.56,-0.2188,1.5529,0.6663,157.46,153.5723,159.9092,159.3477,157.5723,0.6858,0.6638,0.683,0.6712,0.6638,0.6666,0.6286,0.6388,0.646,0.6286,0.6449,0.6489,0.6646,0.63,0.6206,0.6232,0.6167,0.5983,0.5983,0.6677,0.3834,0.6643,0.6656,0.3834,0.6613,0.625,0.5914,0.6866,0.6845,0.6553,0.6779,0.6353,0.5914,0,0,0,0,0,v1.0.1,2025_12_22,313.2336,314.3178,438.6261,299.6348,299.75,183.6917,185.4065,328.8537,327.6471,443.9748,-6.5673,-5.4055,-0.0001,-0.0001,-0.216,1.5674,-0.2127,1.5596,0.6746,173.1172,172.0713,171.0029,172.998,172.2974,0.7815,0.6535,0.7633,0.6228,0.6228,0.737,0.6285,0.7343,0.6214,0.6214,0.7578,0.7493,0.7408,0.6883,0.6883,0.7011,0,0.7186,0.6463,0.6463,0,0,0,0,0,v1.0.1,2025_12_22,313.1792,314.3208,439.4522,299.6174,299.6446,182.8099,184.4553,329.122,327.5785,444.876,-6.638,-5.3508,-0.0001,-0.0001,-0.2154,1.5677,-0.214,1.5604,0.6747,145.6357,141.1816,140.5215,143.9209,142.8149,0.6583,0.5721,0.6521,0.5688,0.5688,0.6257,0.5606,0.6018,0.559,0.559,0.6143,0.617,0.6343,0.5938,0.5938,0.5767,0.4532,0.5834,0.5512,0.4532,0,0,0,0,0,-0.0159,-0.0891,-0.0246,-0.0904,-0.0904,0.0036,-0.0743,-0.0261,-0.0543,-0.0543,0.0027,-0.006,-0.0107,-0.0115,-0.0852,-0.1016,-0.0577,-0.058,-0.0093,-0.0084,0.0119,-0.0511,-0.0173,-0.0406,-0.0101,-0.0017,-0.0523,-0.0262,-0.0191,-0.0364,-0.0189,-0.0235,0.0187,-0.0022,-0.0396,-0.0376,-0.0412,-0.0294,-0.0086,-0.0058,0.0017,-0.1657,-0.0278,-0.1614,-0.157,-0.0037,-0.1529,-0.0102,-0.123,-0.1193,-0.0051,0.0007,-0.0074,0.0048,-0.0281,-0.014,0.0082,-0.1112,-0.0157,-0.1132,-0.0813,0.0018,-0.0862,-0.0244,-0.0804,-0.0649,-0.026,-0.0182,-0.0013,-0.0102,-0.0102,-0.0088,-0.0179,True,True
DTC_R_36,LanSi,1,CW_01,B,2026-03-31 18:33:01+08:00,ONLINE,False,,CW_1_01,PASS,,,52.1173805,_2026033118330165001,T20260331183301,DESKTOP-P2DUL42,Loma,1,CW_1_01,1,paul di,2024.0718.155524,V20260126.2,CW_DTCL_DTCR_STC,T20260331183353,52.1173805,True,True,True,True,True,True,True,4S2RND2HBL0DP6,v1.0.1,2025_12_22,314.9638,317.8841,474.7778,298.1333,295.1497,148.1701,149.2517,338.3046,335.1844,485.6312,-5.6345,-1.8753,-0.0001,-0.0,-0.2224,1.5541,-0.2221,1.5503,0.665,154.3018,151.8418,152.2715,154.8271,153.3105,0.8637,0.8165,0.8728,0.8083,0.8083,0.8201,0.7871,0.8216,0.7677,0.7677,0.8207,0.8163,0.8026,0.8029,0.7354,0.7789,0.7235,0.7443,0.7235,0.8513,0.7681,0.8193,0.3742,0.3742,0.8339,0.7269,0.7831,0.8154,0.8232,0.8537,0.7551,0.8385,0.7269,0,0,0,0,0,v1.0.1,2025_12_22,314.9571,317.8929,475.8723,298,295.1233,147.1301,148.1544,338.3893,335.2238,486.5455,-5.6338,-1.9085,-0.0001,-0.0,-0.2225,1.5546,-0.2217,1.5507,0.6653,160.0879,154.7158,163.6523,162.7969,160.3132,0.7048,0.6908,0.7107,0.6851,0.6851,0.6735,0.6496,0.6723,0.6493,0.6493,0.6484,0.6516,0.6477,0.6639,0.6297,0.6463,0.6011,0.6189,0.6011,0.6909,0.6225,0.6685,0.249,0.249,0.6479,0.6267,0.669,0.6672,0.6641,0.5502,0.6437,0.6843,0.5502,0,0,0,0,0,v1.0.1,2025_12_22,316.5,329.1132,441.2301,314.2301,302.1129,196.1613,188,343.5,331,457.6786,-3.7314,8.6366,-0.0,0.0001,-0.2182,1.5625,-0.211,1.558,0.6728,174.917,174.6855,174.8613,176.5498,175.2534,0.7936,0.668,0.8089,0.682,0.668,0.7442,0.662,0.7618,0.6368,0.6368,0.7642,0.7524,0.7495,0.7225,0.7225,0.7337,0.6398,0.7249,0,0.6398,0,0,0,0,0,v1.0.1,2025_12_22,316.5472,329.0755,442,314.0545,302,195.3952,187.1138,343.5854,331.0727,458.5,-3.7533,8.6221,-0.0,0.0001,-0.2187,1.5619,-0.2111,1.5585,0.6727,146.8672,142.0146,143.5791,144.7559,144.3042,0.6658,0.5896,0.6732,0.5932,0.5896,0.6352,0.5821,0.6388,0.5577,0.5577,0.634,0.6229,0.6158,0.619,0.6158,0.6103,0.5221,0.5683,0.4125,0.4125,0,0,0,0,0,-0.0086,-0.0564,-0.0029,-0.065,-0.064,0.0032,-0.0338,0.003,-0.0705,-0.0492,0.0075,-0.0002,-0.0062,-0.0067,-0.0669,-0.0306,-0.0751,-0.068,-0.0035,0.0086,-0.0016,-0.0258,-0.0121,-0.0275,-0.0213,0.0047,-0.0315,0.0093,-0.0293,-0.0137,-0.0116,-0.0056,-0.0152,-0.0102,-0.0209,-0.0238,-0.0233,-0.0342,0.0064,-0.0032,0.0014,-0.143,0.0093,-0.1189,-0.1242,-0.011,-0.105,-0.0011,-0.1436,-0.1184,0.0083,-0.0068,0.0066,-0.0067,-0.0087,-0.0143,0.0034,-0.0689,0.0015,-0.0833,-0.0689,-0.0057,-0.0675,-0.0043,-0.0828,-0.0828,0.0068,-0.0102,-0.0027,-0.0039,-0.0027,0.0095,-0.0208,True,True
DTC_R_37,LanSi,1,CW_01,C,2026-03-31 18:34:28+08:00,ONLINE,False,,CW_1_01,FAIL,SFR_VIS_25cm_Ny4_01F_ROI4_Dev;SFR_VIS_25cm_Ny4_01F_Min_Dev,Dev,52.8226687,_2026033118342819601,T20260331183428,DESKTOP-P2DUL42,Loma,1,CW_1_01,1,paul di,2024.0718.155524,V20260126.2,CW_DTCL_DTCR_STC,T20260331183521,52.8226687,True,True,True,True,True,True,True,4S2RND2HBL0DP6,v1.0.1,2025_12_22,315.1739,317.3333,475.6963,297.9185,295.8367,148.7415,149.4145,337.5855,335.88,486.6267,-5.0997,-1.8589,-0.0001,-0.0,-0.2198,1.5561,-0.2211,1.5486,0.6659,154.8906,152.5713,152.9688,155.0557,153.8716,0.8638,0.7591,0.8778,0.7465,0.7465,0.8214,0.736,0.8248,0.7805,0.736,0.8153,0.8088,0.8187,0.8105,0.7019,0.7167,0.8058,0.7787,0.7019,0.8367,0.7969,0.8178,0.6757,0.6757,0.8395,0.7589,0.7574,0.836,0.7834,0.3861,0.8583,0.8383,0.3861,0,0,0,0,0,v1.0.1,2025_12_22,315.1871,317.2734,476.7591,297.8467,295.5203,147.6892,148.2632,337.6513,336,487.5855,-5.1541,-1.8908,-0.0001,-0.0,-0.2191,1.5548,-0.221,1.5487,0.6658,160.9307,155.4121,164.0459,163.6309,161.0049,0.7002,0.6466,0.7115,0.644,0.644,0.6735,0.639,0.6795,0.653,0.639,0.6614,0.648,0.6573,0.6627,0.6221,0.6394,0.6286,0.6428,0.6221,0.661,0.6384,0.6589,0.176,0.176,0.651,0.6365,0.6525,0.6606,0.6485,0.5511,0.6612,0.6759,0.5511,0,0,0,0,0,v1.0.1,2025_12_22,317,328.6038,441.8727,313.6727,302.5,196.6016,188.2823,342.8065,331.5,457.5,-3.269,8.3369,-0.0,0.0001,-0.2185,1.5609,-0.2094,1.5583,0.6728,175.7441,175.5273,175.8828,177.0059,176.04,0.7981,0.6022,0.8131,0.6095,0.6022,0.764,0.5987,0.7779,0.67,0.5987,0.7673,0.7505,0.745,0.7364,0.7364,0.7499,0.6519,0.7313,0,0.6519,0,0,0,0,0,v1.0.1,2025_12_22,317,328.6038,442.6667,313.6667,302.4567,195.8819,187.4098,343,331.6807,458.2269,-3.2572,8.3758,-0.0,0.0001,-0.2178,1.5611,-0.2101,1.5575,0.6727,147.5459,141.8408,143.8994,145.6055,144.7229,0.6636,0.5346,0.6733,0.5539,0.5346,0.6465,0.5416,0.6363,0.5852,0.5416,0.6252,0.6294,0.6212,0.6282,0.6212,0.5854,0.5442,0.5866,0.3135,0.3135,0,0,0,0,0,-0.0085,-0.1138,0.0021,-0.1268,-0.1258,0.0045,-0.0849,0.0062,-0.0577,-0.0809,0.0021,-0.0077,0.0099,0.0009,-0.1004,-0.0928,0.0072,-0.0336,-0.0181,0.0071,-0.0062,-0.07,-0.0113,-0.0686,-0.0624,0.0047,-0.0421,0.0165,-0.0256,-0.024,0.0014,-0.0092,-0.0056,-0.0114,-0.0285,-0.0307,0.0042,-0.0103,-0.0235,-0.0128,0.0059,-0.2088,0.0135,-0.1914,-0.19,0.0088,-0.1683,0.015,-0.1104,-0.1565,0.0114,-0.0087,0.0021,0.0072,0.0075,-0.0079,0.0012,-0.1239,0.0016,-0.1226,-0.1239,0.0056,-0.108,-0.0068,-0.0553,-0.0989,-0.002,-0.0037,0.0027,0.0053,0.0027,-0.0154,-0.0025,True,True
DTC_L_37,LanSi,1,CW_01,C,2026-03-31 18:34:28+08:00,ONLINE,False,,CW_1_01,PASS,,,52.6132296,_2026033118342841502,T20260331183428,DESKTOP-P2DUL42,Loma,1,CW_1_01,2,paul di,2024.0718.155524,V20260126.2,CW_DTCL_DTCR_STC,T20260331183521,52.6132296,True,True,True,True,True,True,True,4S2RND2HBL06DS,v1.0.1,2025_12_22,314.0441,323.0147,474.3259,302.6148,294.8609,151.9272,148.1745,342.8591,333.3972,489.5461,-6.5395,2.4924,-0.0001,0.0,-0.2261,1.5586,-0.2186,1.5546,0.6671,153.2188,149.3066,148.2266,152.374,150.7815,0.8121,0.7645,0.8239,0.7641,0.7641,0.7778,0.7517,0.7722,0.7467,0.7467,0.8094,0.8127,0.8117,0.7731,0.7328,0.716,0.7593,0.6912,0.6912,0.8018,0.98,0.828,0.8283,0.8018,0.8342,0.7874,0.7685,0.8396,0.8144,0.8208,0.7866,0.7727,0.7685,0,0,0,0,0,v1.0.1,2025_12_22,314.1277,323,475.3571,302.4286,294.7303,150.9342,147.0479,343,333.6312,490.5248,-6.5212,2.4775,-0.0001,0.0,-0.2264,1.558,-0.2186,1.5544,0.6668,159.0918,155.1104,161.1064,160.377,158.9214,0.6824,0.6619,0.6795,0.6872,0.6619,0.6502,0.6319,0.6438,0.6503,0.6319,0.6448,0.6534,0.6505,0.6331,0.6249,0.6205,0.6287,0.5919,0.5919,0.6655,0.4103,0.6641,0.6755,0.4103,0.6534,0.6682,0.6274,0.6891,0.6633,0.6886,0.671,0.6276,0.6274,0,0,0,0,0,v1.0.1,2025_12_22,312.4476,315.1238,437.5926,300.9444,298.5455,184.3719,184,329.8475,326.5966,445.8151,-7.6635,-4.2795,-0.0001,-0.0,-0.2123,1.5644,-0.2136,1.5624,0.6752,173.2441,172.2822,171.1045,172.7168,172.3369,0.7726,0.6499,0.7734,0.6442,0.6442,0.728,0.6281,0.7323,0.6297,0.6281,0.7706,0.766,0.7475,0.6899,0.6899,0.7211,0,0.7331,0.7295,0.7211,0,0,0,0,0,v1.0.1,2025_12_22,312.3922,315,438.469,300.7788,298.4118,183.5546,183.1488,329.7851,326.5424,446.5763,-7.7072,-4.361,-0.0001,-0.0,-0.2118,1.5643,-0.2134,1.5631,0.6756,147.3779,142.291,142.1582,145.0625,144.2224,0.6442,0.568,0.6565,0.5921,0.568,0.6107,0.5388,0.6117,0.5766,0.5388,0.6159,0.6203,0.6222,0.6101,0.6101,0.5791,0.5236,0.5852,0.571,0.5236,0,0,0,0,0,-0.0256,-0.0991,-0.0225,-0.0581,-0.0581,-0.0067,-0.0608,-0.0284,-0.0314,-0.0314,0.0012,0.0064,0.0004,0.0129,-0.0901,-0.1069,-0.0302,-0.0528,-0.017,0.0096,0.0085,-0.053,-0.0208,-0.0246,-0.012,-0.0181,-0.049,-0.0212,-0.0148,-0.0331,-0.019,-0.019,0.0046,0.0009,-0.0353,-0.0403,-0.0292,-0.0358,-0.0108,-0.006,-0.0072,-0.1693,-0.0177,-0.14,-0.1356,-0.0127,-0.1533,-0.0122,-0.1147,-0.1126,0.0077,0.0174,-0.0007,0.0064,-0.0081,0.0005,-0.0059,-0.1153,-0.0113,-0.0899,-0.0821,-0.0132,-0.108,-0.0145,-0.0628,-0.0851,-0.0244,-0.0149,-0.0134,0.0061,0.0061,-0.0064,-0.0161,True,True
DTC_L_38,LanSi,1,CW_01,A,2026-03-31 18:35:54+08:00,ONLINE,False,,CW_1_01,PASS,,,52.0602994,_2026033118355402602,T20260331183554,DESKTOP-P2DUL42,Loma,1,CW_1_01,2,paul di,2024.0718.155524,V20260126.2,CW_DTCL_DTCR_STC,T20260331183646,52.0602994,True,True,True,True,True,True,True,4S2RND2HBL06DS,v1.0.1,2025_12_22,314.1259,322.7852,474.3037,302.0815,294.6533,151.6533,148.1242,342.5033,333.2394,489.5,-6.6107,2.2047,-0.0001,0.0,-0.228,1.557,-0.2177,1.5561,0.6668,152.749,149.2314,147.9414,152.375,150.5742,0.8274,0.7668,0.8243,0.7601,0.7601,0.7815,0.7271,0.7754,0.7536,0.7271,0.8083,0.8029,0.8121,0.7622,0.7327,0.7078,0.7535,0.7049,0.7049,0.8074,0.98,0.8278,0.8381,0.8074,0.8362,0.7935,0.7308,0.8414,0.835,0.7937,0.7931,0.7589,0.7308,0,0,0,0,0,v1.0.1,2025_12_22,314.1087,322.8261,475.3235,302.0368,294.4803,150.7105,147.0408,342.6871,333.4437,490.5423,-6.6206,2.2605,-0.0001,0.0,-0.2277,1.5567,-0.2178,1.5555,0.6667,158.3271,153.8975,160.0615,159.2041,157.8726,0.6803,0.6472,0.6801,0.684,0.6472,0.661,0.6182,0.6376,0.6496,0.6182,0.6439,0.6658,0.6511,0.6426,0.612,0.6175,0.6209,0.6146,0.612,0.6655,0.3277,0.6606,0.6765,0.3277,0.6589,0.6491,0.6097,0.6653,0.6564,0.6676,0.6808,0.6255,0.6097,0,0,0,0,0,v1.0.1,2025_12_22,312.25,314.9231,437.4779,300.5487,298.3689,184.1393,183.878,329.5447,326.4068,445.6441,-7.8237,-4.54,-0.0001,-0.0,-0.2138,1.5645,-0.2129,1.5624,0.6751,172.665,172.2031,170.4639,172.1318,171.866,0.7752,0.6382,0.7871,0.6456,0.6382,0.737,0.6091,0.7349,0.6717,0.6091,0.7588,0.7613,0.7504,0.6929,0.6929,0.7158,0,0.7123,0.7118,0.7118,0,0,0,0,0,v1.0.1,2025_12_22,312.1698,314.8585,438.3846,300.453,298.3697,183.4622,183.1382,329.6179,326.5,446.5,-7.7875,-4.5217,-0.0001,-0.0,-0.2131,1.5656,-0.2134,1.5618,0.6752,146.3105,141.2861,140.8809,144.0186,143.124,0.6506,0.5603,0.6577,0.5978,0.5603,0.6156,0.5403,0.6121,0.5981,0.5403,0.6335,0.6285,0.6228,0.6068,0.6068,0.5849,0.4482,0.5735,0.5558,0.4482,0,0,0,0,0,-0.0103,-0.0968,-0.0221,-0.0621,-0.0621,-0.003,-0.0854,-0.0252,-0.0245,-0.051,0.0001,-0.0034,0.0008,0.002,-0.0902,-0.1151,-0.036,-0.0391,-0.0114,0.0094,0.0064,-0.0677,-0.0202,-0.0278,-0.0267,-0.0073,-0.0627,-0.0274,-0.0155,-0.0468,-0.0199,-0.0066,0.0052,0.0104,-0.0482,-0.0433,-0.037,-0.0131,-0.0108,-0.0095,-0.0046,-0.181,-0.004,-0.1386,-0.1416,-0.0037,-0.1723,-0.0096,-0.0727,-0.1316,-0.0041,0.0127,0.0022,0.0094,-0.0134,-0.0203,0.0005,-0.123,-0.0101,-0.0842,-0.0898,-0.0083,-0.1065,-0.0141,-0.0413,-0.0836,-0.0068,-0.0067,-0.0128,0.0028,0.0028,-0.0006,-0.0278,True,True
DTC_R_38,LanSi,1,CW_01,A,2026-03-31 18:35:53+08:00,ONLINE,False,,CW_1_01,FAIL,SFR_VIS_25cm_Ny4_01F_ROI1;SFR_VIS_25cm_Ny4_01F_ROI2;SFR_VIS_25cm_Ny4_01F_ROI3;SFR_VIS_25cm_Ny4_01F_ROI4;SFR_VIS_25cm_Ny4_01F_Min;SFR_VIS_25cm_Ny4_03F_ROI5;SFR_VIS_25cm_Ny4_03F_ROI6;SFR_VIS_25cm_Ny4_03F_ROI7;SFR_VIS_25cm_Ny4_03F_ROI8;SFR_VIS_25cm_Ny4_03F_Min;SFR_VIS_25cm_Ny4_06F_ROI9;SFR_VIS_25cm_Ny4_06F_ROI10;SFR_VIS_25cm_Ny4_06F_ROI11;SFR_VIS_25cm_Ny4_06F_ROI16;SFR_VIS_25cm_Ny4_06F_Min;SFR_VIS_25cm_Ny4_08F_ROI19;IR_SFR_VIS_25cm_Ny4_01F_ROI1;IR_SFR_VIS_25cm_Ny4_01F_ROI2;IR_SFR_VIS_25cm_Ny4_01F_ROI3;IR_SFR_VIS_25cm_Ny4_01F_ROI4,sfr_25Algo,52.1849663,_2026033118355392001,T20260331183553,DESKTOP-P2DUL42,Loma,1,CW_1_01,1,paul di,2024.0718.155524,V20260126.2,CW_DTCL_DTCR_STC,T20260331183646,52.1849663,True,True,True,True,True,True,True,4S2RND2HBL0DP6,v1.0.1,2025_12_22,314.9118,316.5,474.7606,296.5,295.2238,146.7832,149.26,336.6667,335.15,484.3357,-5.6388,-3.3429,-0.0001,-0.0,-0.224,1.5548,-0.2206,1.5503,0.6651,151.2881,149.5,147.6504,150.168,149.6516,0.6503,0.5162,0.6672,0.5837,0.5162,0.6646,0.3617,0.6695,0.6571,0.3617,0.6554,0.6424,0.6467,0.785,0.729,0.7614,0.7073,0.6529,0.6424,0.767,0.7991,0.5695,0.98,0.5695,0.8412,0.7238,0.7199,0.8358,0.7565,0.7623,0.7307,0.8314,0.7199,0,0,0,0,0,v1.0.1,2025_12_22,314.8824,316.5809,475.8,296.5857,295.0822,145.8562,148.0556,336.8889,335.2517,485.3846,-5.6856,-3.2407,-0.0001,-0.0,-0.2231,1.5548,-0.2206,1.5502,0.6653,158.1035,153.2939,160.041,159.8145,157.8132,0.5326,0.4521,0.5547,0.4773,0.4521,0.5436,0.2985,0.5265,0.5848,0.2985,0.5084,0.4623,0.558,0.636,0.6201,0.6396,0.5902,0.5667,0.4623,0.586,0.6614,0.2998,0.3905,0.2998,0.6554,0.5865,0.62,0.6681,0.6225,0.6286,0.6267,0.6766,0.5865,0,0,0,0,0,v1.0.1,2025_12_22,316.8252,327.7476,441.2957,312.5739,302.0859,195.375,187.9922,342.3125,331.027,456.3694,-3.6548,7.3757,-0.0,0.0001,-0.2208,1.5594,-0.2121,1.5603,0.6717,171.8789,171.9385,170.0156,171.9131,171.4365,0.5741,0.4588,0.6526,0.5111,0.4588,0.6144,0.29,0.6139,0.5664,0.29,0.6141,0.7083,0.6106,0.7137,0.6106,0.6809,0.6612,0.4782,0,0.4782,0,0,0,0,0,v1.0.1,2025_12_22,316.5,328,441.8761,312.6637,301.8682,194.6279,187.122,342.3333,331.045,457.1892,-3.8177,7.4628,-0.0,0.0001,-0.2212,1.561,-0.2098,1.5582,0.672,145.0889,139.9902,140.3809,142.5361,141.999,0.4713,0.3824,0.5364,0.3992,0.3824,0.5193,0.1904,0.5063,0.5126,0.1904,0.4794,0.5877,0.5498,0.5981,0.4794,0.5417,0.5452,0.3274,0.511,0.3274,0,0,0,0,0,-0.222,-0.3567,-0.2085,-0.2896,-0.3561,-0.1523,-0.4592,-0.1491,-0.1811,-0.4552,-0.1578,-0.1741,-0.1621,-0.0246,-0.0733,-0.0481,-0.0913,-0.1594,-0.0878,-0.2412,-0.1738,-0.2645,-0.1681,-0.2353,-0.2543,-0.1252,-0.3826,-0.1365,-0.0938,-0.3645,-0.1516,-0.1949,-0.1049,-0.0381,-0.0305,-0.0305,-0.0342,-0.0864,-0.0985,-0.3719,-0.2181,-0.3522,-0.147,-0.2898,-0.3334,-0.1408,-0.477,-0.149,-0.214,-0.4652,-0.1418,-0.0509,-0.1323,-0.0155,-0.0615,-0.261,-0.1911,-0.2761,-0.1353,-0.2773,-0.2761,-0.1216,-0.4592,-0.1368,-0.1279,-0.4501,-0.1478,-0.0454,-0.0687,-0.0248,-0.1391,-0.0591,-0.2617,True,True
DTC_R_39,LanSi,1,CW_01,B,2026-03-31 18:37:20+08:00,ONLINE,False,,CW_1_01,PASS,,,52.2105083,_2026033118372066601,T20260331183720,DESKTOP-P2DUL42,Loma,1,CW_1_01,1,paul di,2024.0718.155524,V20260126.2,CW_DTCL_DTCR_STC,T20260331183812,52.2105083,True,True,True,True,True,True,True,4S2RND2HBL0DP6,v1.0.1,2025_12_22,315.1691,316.7647,475.5489,297.1654,295.8082,148.6233,149.3667,336.6867,335.7619,485.3946,-5.169,-2.5731,-0.0001,-0.0,-0.2211,1.5556,-0.2191,1.5488,0.6661,155.1221,152.8076,152.9385,155.2959,154.041,0.8643,0.7628,0.8668,0.773,0.7628,0.8257,0.7213,0.8308,0.7567,0.7213,0.8184,0.8074,0.8101,0.8125,0.702,0.711,0.7987,0.7743,0.702,0.8799,0.7456,0.8137,0.6118,0.6118,0.8371,0.7315,0.7487,0.8373,0.7956,0.4939,0.8337,0.8348,0.4939,0,0,0,0,0,v1.0.1,2025_12_22,315.1533,316.8102,476.6765,297.0368,295.6174,147.6242,148.1448,336.8966,335.8477,486.4305,-5.2121,-2.5404,-0.0001,-0.0,-0.2213,1.5553,-0.2192,1.5489,0.6659,158.1934,152.1045,160.5068,161.0312,157.959,0.7055,0.6484,0.7036,0.6596,0.6484,0.6861,0.6224,0.6629,0.6367,0.6224,0.6508,0.657,0.6492,0.6478,0.6092,0.623,0.6226,0.6247,0.6092,0.7035,0.6231,0.6752,0.0786,0.0786,0.6287,0.6309,0.6388,0.6755,0.6766,0.4981,0.6445,0.6629,0.4981,0,0,0,0,0,v1.0.1,2025_12_22,316.9048,327.7238,441.7965,312.9735,302.416,196.384,188.1393,341.8689,331.5,456.5,-3.3487,7.59,-0.0,0.0001,-0.217,1.5604,-0.2089,1.5574,0.673,176.0352,176.0801,176.3506,177.2793,176.4363,0.7993,0.5956,0.8136,0.6465,0.5956,0.7496,0.6022,0.7797,0.6402,0.6022,0.7709,0.7607,0.7547,0.7388,0.7388,0.7435,0.6474,0.7331,0,0.6474,0,0,0,0,0,v1.0.1,2025_12_22,316.8544,327.932,442.5926,312.9815,302.2984,195.7016,187.3277,342.2269,331.6,457.1417,-3.3654,7.6967,-0.0,0.0001,-0.2178,1.5606,-0.2094,1.5566,0.6725,144.9912,139.0068,140.792,143.2852,142.0188,0.6488,0.5362,0.6829,0.5551,0.5362,0.6378,0.5412,0.6504,0.5727,0.5412,0.6192,0.6335,0.6257,0.6211,0.6192,0.5887,0.5215,0.5862,0.2079,0.2079,0,0,0,0,0,-0.008,-0.1101,-0.0089,-0.1003,-0.1095,0.0088,-0.0996,0.0122,-0.0815,-0.0956,0.0052,-0.0091,0.0013,0.0029,-0.1003,-0.0985,0.0001,-0.038,0.0251,0.003,-0.0009,-0.0682,-0.0192,-0.053,-0.058,0.0173,-0.0587,-0.0001,-0.0419,-0.0406,-0.0092,-0.0002,-0.0137,-0.0263,-0.0414,-0.0471,-0.0018,-0.0284,0.019,0.0035,0.0071,-0.2154,0.014,-0.1544,-0.1966,-0.0056,-0.1648,0.0168,-0.1402,-0.153,0.015,0.0015,0.0118,0.0096,0.0011,-0.0061,-0.0136,-0.1223,0.0112,-0.1214,-0.1223,-0.0031,-0.1084,0.0073,-0.0678,-0.0993,-0.008,0.0004,0.0072,-0.0018,0.0007,-0.0121,-0.0029,True,True
DTC_L_39,LanSi,1,CW_01,B,2026-03-31 18:37:20+08:00,ONLINE,False,,CW_1_01,PASS,,,52.4418897,_2026033118372044602,T20260331183720,DESKTOP-P2DUL42,Loma,1,CW_1_01,2,paul di,2024.0718.155524,V20260126.2,CW_DTCL_DTCR_STC,T20260331183812,52.4418897,True,True,True,True,True,True,True,4S2RND2HBL06DS,v1.0.1,2025_12_22,314.1481,321.9259,474.3507,301.209,294.9007,151.3245,148.2922,341.6169,333.4085,488.5,-6.48,1.4153,-0.0001,0.0,-0.2281,1.5579,-0.2177,1.5552,0.6668,153.0635,149.6484,148.665,152.7871,151.041,0.8179,0.7595,0.8239,0.7582,0.7582,0.777,0.7208,0.7829,0.744,0.7208,0.8167,0.8019,0.8077,0.759,0.7041,0.6905,0.7569,0.7063,0.6905,0.8105,0.98,0.8308,0.8395,0.8105,0.8457,0.7258,0.7262,0.8331,0.8238,0.8091,0.8008,0.7625,0.7258,0,0,0,0,0,v1.0.1,2025_12_22,314.2158,322,475.5407,301.163,294.7619,150.3946,147.0952,341.7619,333.6127,489.5704,-6.4547,1.478,-0.0001,0.0,-0.2279,1.5574,-0.2172,1.555,0.6668,157.54,154.0996,160.0986,158.5625,157.5752,0.6717,0.662,0.6915,0.6782,0.662,0.6641,0.6233,0.6409,0.6418,0.6233,0.6433,0.6466,0.6548,0.6492,0.6144,0.6103,0.6336,0.602,0.602,0.6639,0.4487,0.6772,0.6786,0.4487,0.6558,0.6407,0.6081,0.6728,0.6641,0.6511,0.6837,0.6343,0.6081,0,0,0,0,0,v1.0.1,2025_12_22,312.3942,314.1154,437.5398,299.7699,298.5833,183.6667,184.0992,328.7438,326.5,444.6102,-7.6767,-5.3188,-0.0001,-0.0001,-0.2136,1.5648,-0.213,1.5626,0.6752,173.2842,173.1572,171.6113,172.8486,172.7253,0.7825,0.6274,0.7741,0.6326,0.6274,0.738,0.6046,0.7359,0.6351,0.6046,0.7685,0.7489,0.7528,0.6917,0.6917,0.7134,0,0.7156,0.7297,0.7134,0,0,0,0,0,v1.0.1,2025_12_22,312.3883,314.0583,438.4522,299.6174,298.5447,182.878,183.1694,328.6855,326.547,445.5214,-7.6797,-5.3479,-0.0001,-0.0001,-0.2135,1.5651,-0.2122,1.563,0.6756,145.5293,141.6113,140.8848,143.2744,142.825,0.6472,0.5564,0.6487,0.5692,0.5564,0.6235,0.5142,0.6052,0.5732,0.5142,0.6259,0.6292,0.63,0.5937,0.5937,0.5848,0.5044,0.59,0.5936,0.5044,0,0,0,0,0,-0.0198,-0.1041,-0.0225,-0.064,-0.064,-0.0075,-0.0917,-0.0177,-0.0341,-0.0573,0.0085,-0.0044,-0.0036,-0.0012,-0.1188,-0.1324,-0.0326,-0.0377,-0.0083,0.0124,-0.0022,-0.0529,-0.0088,-0.0336,-0.0119,-0.0042,-0.0576,-0.0241,-0.0233,-0.0417,-0.0205,-0.0258,0.0089,0.017,-0.0458,-0.0505,-0.0243,-0.0257,-0.0124,0.0071,0.0027,-0.1918,-0.017,-0.1516,-0.1524,-0.0027,-0.1768,-0.0086,-0.1093,-0.1361,0.0056,0.0003,0.0046,0.0082,-0.0158,-0.017,-0.0029,-0.1269,-0.0191,-0.1128,-0.0937,-0.0004,-0.1326,-0.021,-0.0662,-0.1097,-0.0144,-0.006,-0.0056,-0.0103,-0.0103,-0.0007,-0.0113,True,True
DTC_L_40,LanSi,1,CW_01,C,2026-03-31 18:38:44+08:00,ONLINE,False,,CW_1_01,PASS,,,52.101212,_2026033118384440002,T20260331183844,DESKTOP-P2DUL42,Loma,1,CW_1_01,2,paul di,2024.0718.155524,V20260126.2,CW_DTCL_DTCR_STC,T20260331183936,52.101212,True,True,True,True,True,True,True,4S2RND2HBL06DS,v1.0.1,2025_12_22,314.1103,323.8309,474.2647,303.3309,294.7933,152.4733,148,343.8581,333.3286,490.8643,-6.6006,3.3715,-0.0001,0.0,-0.2268,1.558,-0.2195,1.5557,0.6669,152.9561,149.3359,147.9961,152.4365,150.6812,0.8149,0.7736,0.8196,0.7603,0.7603,0.7798,0.7253,0.7819,0.7258,0.7253,0.8252,0.8103,0.8025,0.759,0.7235,0.7008,0.7488,0.6944,0.6944,0.8012,0.98,0.8224,0.8297,0.8012,0.8327,0.7675,0.7612,0.8379,0.8439,0.832,0.7908,0.7804,0.7612,0,0,0,0,0,v1.0.1,2025_12_22,314.0429,323.8929,475.3066,303.1168,294.6159,151.5364,147,344,333.6099,491.7518,-6.585,3.3596,-0.0001,0.0,-0.2276,1.558,-0.2193,1.5542,0.6663,159.0889,154.9717,161.1055,160.2217,158.8469,0.6808,0.6657,0.6785,0.6784,0.6657,0.6478,0.6182,0.6382,0.6407,0.6182,0.6469,0.6532,0.6507,0.6286,0.6142,0.6249,0.6268,0.6055,0.6055,0.6615,0.4808,0.657,0.6808,0.4808,0.6543,0.6692,0.6353,0.6717,0.696,0.6718,0.6754,0.6337,0.6337,0,0,0,0,0,v1.0.1,2025_12_22,312.1905,315.9048,437.4522,301.6174,298.528,184.864,183.935,330.626,326.5,446.7167,-7.7789,-3.5542,-0.0001,-0.0,-0.2131,1.5664,-0.2138,1.5613,0.6752,173.1387,172.4033,170.8975,172.6035,172.2607,0.7648,0.662,0.7823,0.6537,0.6537,0.728,0.6111,0.7424,0.65,0.6111,0.7637,0.7537,0.7509,0.6842,0.6842,0.7062,0,0.7221,0.7165,0.7062,0,0,0,0,0,v1.0.1,2025_12_22,312.2427,315.9417,438.3826,301.5478,298.3884,184.0909,183.1074,330.7521,326.5462,447.6303,-7.7665,-3.5074,-0.0001,-0.0,-0.2131,1.5656,-0.2137,1.5621,0.6752,147.1533,142.2715,142.0723,144.8408,144.0845,0.6629,0.572,0.6519,0.5848,0.572,0.6179,0.5319,0.6151,0.5792,0.5319,0.625,0.6262,0.6394,0.6004,0.6004,0.5714,0.5574,0.5878,0.5789,0.5574,0,0,0,0,0,-0.0228,-0.09,-0.0268,-0.0619,-0.0619,-0.0047,-0.0872,-0.0187,-0.0523,-0.0528,0.017,0.004,-0.0088,-0.0012,-0.0994,-0.1221,-0.0407,-0.0496,-0.0176,0.004,0.0069,-0.0492,-0.0218,-0.0334,-0.0082,-0.0205,-0.0627,-0.0268,-0.0244,-0.0468,-0.0169,-0.0192,0.0048,-0.0036,-0.046,-0.0359,-0.0311,-0.0222,-0.0148,-0.0131,-0.015,-0.1572,-0.0088,-0.1305,-0.1261,-0.0127,-0.1703,-0.0021,-0.0944,-0.1296,0.0008,0.0051,0.0027,0.0007,-0.023,-0.0105,0.0128,-0.1113,-0.0159,-0.0972,-0.0781,-0.006,-0.1149,-0.0111,-0.0602,-0.092,-0.0153,-0.009,0.0038,-0.0036,-0.0036,-0.0141,-0.0135,True,True
DTC_R_40,LanSi,1,CW_01,C,2026-03-31 18:38:44+08:00,ONLINE,False,,CW_1_01,PASS,,,51.9585928,_2026033118384452901,T20260331183844,DESKTOP-P2DUL42,Loma,1,CW_1_01,1,paul di,2024.0718.155524,V20260126.2,CW_DTCL_DTCR_STC,T20260331183936,51.9585928,True,True,True,True,True,True,True,4S2RND2HBL0DP6,v1.0.1,2025_12_22,314.8905,316.219,474.781,296.3212,295.1419,146.9459,149.245,336.3907,335.1119,484.0909,-5.6659,-3.5065,-0.0001,-0.0,-0.2233,1.5541,-0.2207,1.5504,0.6651,154.4551,151.8906,152.1523,154.6963,153.2986,0.8673,0.8081,0.8703,0.8077,0.8077,0.8151,0.7244,0.8043,0.747,0.7244,0.7984,0.8041,0.8086,0.8089,0.7053,0.6741,0.7478,0.6849,0.6741,0.8509,0.8102,0.797,0.98,0.797,0.8372,0.7656,0.7671,0.8388,0.8083,0.8198,0.7545,0.8384,0.7545,0,0,0,0,0,v1.0.1,2025_12_22,314.9214,316.1857,475.9281,296.1439,295.1208,145.9866,148.0397,336.5232,335.2624,485.156,-5.6455,-3.5009,-0.0001,-0.0,-0.2233,1.5545,-0.2208,1.5505,0.6652,160.5918,155.8848,164.335,163.3018,161.0283,0.6977,0.6851,0.7115,0.6922,0.6851,0.6798,0.6294,0.6483,0.6454,0.6294,0.6426,0.6613,0.6697,0.6615,0.6122,0.6004,0.6197,0.5992,0.5992,0.6793,0.6566,0.6542,0.3828,0.3828,0.6485,0.635,0.658,0.6704,0.6678,0.6613,0.6419,0.6831,0.635,0,0,0,0,0,v1.0.1,2025_12_22,316.9151,327.6698,441.3826,312.5478,302.3089,194.8943,188.0952,341.8968,331.0885,456,-3.5419,7.1018,-0.0,0.0001,-0.2204,1.5607,-0.2095,1.5603,0.6728,175.3643,174.7646,175.3359,176.8281,175.5732,0.792,0.6812,0.8145,0.6797,0.6797,0.7446,0.6812,0.7529,0.6242,0.6242,0.7609,0.7535,0.7533,0.7263,0.7263,0.7492,0.6787,0.7349,0,0.6787,0,0,0,0,0,v1.0.1,2025_12_22,316.7009,327.729,442.1351,312.4234,302.0909,194.1488,187.1066,342.0492,331.1964,456.7946,-3.654,7.129,-0.0,0.0001,-0.2209,1.5613,-0.2095,1.5584,0.6723,147.2334,142.6699,144.5752,145.5557,145.0085,0.656,0.5933,0.677,0.6044,0.5933,0.6417,0.5943,0.6277,0.5521,0.5521,0.6315,0.6304,0.6311,0.6088,0.6088,0.5829,0.547,0.5847,0.5027,0.5027,0,0,0,0,0,-0.005,-0.0648,-0.0054,-0.0656,-0.0646,-0.0018,-0.0965,-0.0143,-0.0912,-0.0925,-0.0148,-0.0124,-0.0002,-0.0007,-0.097,-0.1354,-0.0508,-0.1274,-0.0039,-0.0137,-0.0087,-0.0315,-0.0113,-0.0204,-0.0213,0.011,-0.0517,-0.0147,-0.0332,-0.0336,-0.0174,0.0041,0.0068,-0.0126,-0.0384,-0.0697,-0.0047,-0.0539,-0.0052,-0.0175,-0.0002,-0.1298,0.0149,-0.1212,-0.1125,-0.0106,-0.0858,-0.01,-0.1562,-0.131,0.005,-0.0057,0.0104,-0.0029,0.0068,-0.0043,-0.0064,-0.0652,0.0053,-0.0721,-0.0652,0.0008,-0.0553,-0.0154,-0.0884,-0.0884,0.0043,-0.0027,0.0126,-0.0141,-0.0097,-0.0179,-0.0044,True,True
DTC_R_41,LanSi,1,CW_01,A,2026-03-31 18:40:13+08:00,ONLINE,False,,CW_1_01,PASS,,,52.6627316,_2026033118401385901,T20260331184013,DESKTOP-P2DUL42,Loma,1,CW_1_01,1,paul di,2024.0718.155524,V20260126.2,CW_DTCL_DTCR_STC,T20260331184106,52.6627316,True,True,True,True,True,True,True,4S2RND2HBL0DP6,v1.0.1,2025_12_22,314.9638,316.1159,474.7778,296.1333,295.1875,146.8819,149.245,336.3907,335.0493,483.7958,-5.6553,-3.6365,-0.0001,-0.0,-0.2239,1.554,-0.2212,1.5511,0.665,154.8457,152.3896,152.6006,154.9414,153.6943,0.8648,0.8161,0.8583,0.823,0.8161,0.8144,0.7356,0.8158,0.7298,0.7298,0.8198,0.8079,0.8214,0.804,0.7548,0.7211,0.741,0.6925,0.6925,0.8427,0.8111,0.8087,0.6086,0.6086,0.8283,0.7773,0.7726,0.8156,0.803,0.8077,0.7196,0.8366,0.7196,0,0,0,0,0,v1.0.1,2025_12_22,314.9571,316.1071,475.8913,296.0797,295.1224,146.0816,148.0397,336.5232,335.1469,484.8322,-5.6685,-3.5752,-0.0001,-0.0,-0.2233,1.5541,-0.2212,1.5512,0.6652,160.7178,155.083,163.4336,163.2676,160.6255,0.6981,0.6827,0.7065,0.7055,0.6827,0.6718,0.622,0.6752,0.631,0.622,0.6556,0.6612,0.6609,0.662,0.6266,0.619,0.6178,0.5933,0.5933,0.6874,0.656,0.6652,0.1144,0.1144,0.6452,0.65,0.6425,0.6885,0.6672,0.5656,0.6139,0.6798,0.5656,0,0,0,0,0,v1.0.1,2025_12_22,316.6636,327.5818,441.1875,312.4286,302.224,195.088,188,341.728,331.0088,455.9474,-3.6832,7.0548,-0.0,0.0001,-0.2206,1.5617,-0.209,1.559,0.6728,175.6396,175.1475,175.5508,176.9619,175.825,0.7964,0.7023,0.8122,0.6948,0.6948,0.7467,0.6287,0.7588,0.6035,0.6035,0.7682,0.7566,0.746,0.7351,0.7351,0.7365,0.6709,0.7356,0,0.6709,0,0,0,0,0,v1.0.1,2025_12_22,316.6273,327.6455,441.973,312.3423,302.0492,194.2131,187.1371,342.0323,331.0625,456.7589,-3.7302,7.0984,-0.0,0.0001,-0.221,1.5615,-0.2101,1.5589,0.6723,147.083,141.8057,143.5586,145.2021,144.4124,0.6532,0.5994,0.6629,0.6092,0.5994,0.6354,0.5615,0.6262,0.5426,0.5426,0.6265,0.6314,0.623,0.6117,0.6117,0.5842,0.5514,0.5767,0.3561,0.3561,0,0,0,0,0,-0.0075,-0.0568,-0.0174,-0.0503,-0.0562,-0.0025,-0.0853,-0.0028,-0.1084,-0.0871,0.0066,-0.0086,0.0126,-0.0056,-0.0475,-0.0884,-0.0576,-0.1198,-0.0121,-0.002,-0.0083,-0.0339,-0.0163,-0.0071,-0.0237,0.003,-0.0591,0.0122,-0.0476,-0.041,-0.0044,0.004,-0.002,-0.0121,-0.024,-0.0511,-0.0066,-0.0598,0.0029,-0.0065,0.0042,-0.1087,0.0126,-0.1061,-0.0974,-0.0085,-0.1383,-0.0041,-0.1769,-0.1517,0.0123,-0.0026,0.0031,0.0059,-0.0059,-0.0036,-0.0092,-0.0591,-0.0088,-0.0673,-0.0591,-0.0055,-0.0881,-0.0169,-0.0979,-0.0979,-0.0007,-0.0017,0.0045,-0.0112,-0.0068,-0.0166,-0.0124,True,True
DTC_L_41,LanSi,1,CW_01,A,2026-03-31 18:40:13+08:00,ONLINE,False,,CW_1_01,PASS,,,52.6457714,_2026033118401386002,T20260331184013,DESKTOP-P2DUL42,Loma,1,CW_1_01,2,paul di,2024.0718.155524,V20260126.2,CW_DTCL_DTCR_STC,T20260331184106,52.6457714,True,True,True,True,True,True,True,4S2RND2HBL06DS,v1.0.1,2025_12_22,315.2993,321.635,475.7194,300.3957,296.4774,149.7484,149.9603,341.5232,334.708,488,-5.0671,0.7605,-0.0001,0.0,-0.2311,1.5612,-0.2192,1.5541,0.6663,153.4033,149.8584,147.373,153.6865,151.0803,0.8136,0.7664,0.8111,0.7633,0.7633,0.7436,0.7361,0.7697,0.7046,0.7046,0.8025,0.7815,0.8003,0.7426,0.7115,0.7281,0.7148,0.6938,0.6938,0.8102,0.3907,0.8144,0.7879,0.3907,0.8414,0.6984,0.6977,0.8481,0.8145,0.7643,0.771,0.7686,0.6977,0,0,0,0,0,v1.0.1,2025_12_22,315.2086,321.6331,476.8071,300.3214,296.1908,148.8684,148.8389,341.698,334.8489,489.0288,-5.1211,0.8099,-0.0001,0.0,-0.2306,1.5606,-0.2195,1.5535,0.666,157.1641,153.7725,158.6338,158.6416,157.053,0.6831,0.6709,0.6871,0.6906,0.6709,0.6315,0.6164,0.63,0.6442,0.6164,0.646,0.6429,0.6401,0.6294,0.6021,0.6283,0.6168,0.6066,0.6021,0.6805,0.4526,0.6694,0.6675,0.4526,0.656,0.5986,0.5761,0.6822,0.6632,0.6584,0.6529,0.6302,0.5761,0,0,0,0,0,v1.0.1,2025_12_22,313.5,313.8868,438.7685,299.0556,299.9576,182.2119,185.4628,328.5372,327.641,444.4872,-6.434,-5.8643,-0.0001,-0.0001,-0.2173,1.5678,-0.2134,1.5624,0.6749,173.5322,172.7607,170.2236,173.8232,172.585,0.7674,0.6595,0.7734,0.6495,0.6495,0.7027,0.6291,0.7187,0.6128,0.6128,0.7496,0.7433,0.7445,0.6756,0.6756,0.7177,0,0.7169,0.6467,0.6467,0,0,0,0,0,v1.0.1,2025_12_22,313.4476,313.8762,439.6239,298.8991,299.8051,181.6441,184.521,328.5462,327.6667,445.3846,-6.4872,-5.83,-0.0001,-0.0001,-0.2176,1.5675,-0.2128,1.5626,0.6749,145.332,141.543,139.7627,143.4014,142.5098,0.6455,0.5839,0.657,0.595,0.5839,0.6041,0.549,0.6005,0.5529,0.549,0.6219,0.5962,0.6349,0.5942,0.5942,0.5779,0.4612,0.5726,0.5549,0.4612,0,0,0,0,0,-0.0241,-0.0972,-0.0353,-0.0589,-0.0589,-0.0409,-0.0764,-0.0309,-0.0735,-0.0735,-0.0057,-0.0248,-0.011,-0.0176,-0.1114,-0.0948,-0.0747,-0.0502,-0.0086,-0.004,0.0092,-0.044,-0.0132,-0.0212,-0.003,-0.0368,-0.0645,-0.035,-0.0209,-0.0486,-0.0178,-0.0295,-0.0058,-0.0028,-0.0581,-0.0325,-0.0411,-0.0211,0.0042,-0.0007,-0.0124,-0.1597,-0.0177,-0.1347,-0.1303,-0.038,-0.1523,-0.0258,-0.1316,-0.1279,-0.0133,-0.0053,-0.0037,-0.0079,-0.0115,-0.0157,-0.0046,-0.0994,-0.0108,-0.087,-0.0662,-0.0198,-0.0978,-0.0257,-0.0865,-0.0749,-0.0184,-0.039,-0.0007,-0.0098,-0.0098,-0.0076,-0.0287,True,True
DTC_L_42,LanSi,1,CW_01,B,2026-03-31 18:42:02+08:00,ONLINE,False,,CW_1_01,PASS,,,52.3045906,_2026033118420288502,T20260331184202,DESKTOP-P2DUL42,Loma,1,CW_1_01,2,paul di,2024.0718.155524,V20260126.2,CW_DTCL_DTCR_STC,T20260331184255,52.3045906,True,True,True,True,True,True,True,4S2RND2HBL06DS,v1.0.1,2025_12_22,314.1533,323.1898,474.4662,302.9173,294.8176,152.2297,148.2568,343.0811,333.6312,489.5248,-6.435,2.6885,-0.0001,0.0,-0.2253,1.5577,-0.2188,1.5537,0.6668,152.6123,149.001,147.7412,152.0732,150.3569,0.8122,0.7614,0.8274,0.7636,0.7614,0.7786,0.7339,0.7785,0.729,0.729,0.804,0.8209,0.8018,0.7732,0.7249,0.7181,0.7452,0.6765,0.6765,0.8188,0.98,0.825,0.843,0.8188,0.8413,0.7987,0.7733,0.8438,0.8362,0.8277,0.7997,0.7656,0.7656,0,0,0,0,0,v1.0.1,2025_12_22,314.1533,323.1898,475.6087,302.7101,294.6309,151.3356,147.1497,343.1905,333.8,490.5857,-6.4315,2.7023,-0.0001,0.0,-0.2257,1.5572,-0.2187,1.5534,0.6666,157.6885,153.2471,159.3301,159.0869,157.3381,0.6782,0.6543,0.6863,0.6783,0.6543,0.6584,0.6246,0.6371,0.6387,0.6246,0.6395,0.6418,0.6497,0.644,0.6132,0.6183,0.6254,0.6075,0.6075,0.665,0.3036,0.6764,0.6813,0.3036,0.6636,0.6875,0.637,0.6882,0.6786,0.6724,0.6718,0.6145,0.6145,0,0,0,0,0,v1.0.1,2025_12_22,312.3056,315.463,437.5478,301.3826,298.5462,184.6303,184.0083,330.05,326.6917,445.825,-7.6801,-4.0298,-0.0001,-0.0,-0.2114,1.5655,-0.2127,1.5604,0.6754,172.6914,171.8496,170.2656,172.2656,171.7681,0.7787,0.6577,0.7877,0.6496,0.6496,0.7377,0.633,0.7349,0.6472,0.633,0.7692,0.7597,0.7552,0.6913,0.6913,0.7137,0,0.7189,0.7173,0.7137,0,0,0,0,0,v1.0.1,2025_12_22,312.3241,315.4259,438.4286,301.1875,298.4634,183.8618,183.2583,330.2333,326.7083,446.65,-7.6635,-4.0283,-0.0001,-0.0,-0.2119,1.5653,-0.2137,1.5611,0.6752,146.0645,141.2559,140.5566,143.7383,142.9038,0.6471,0.5698,0.6646,0.585,0.5698,0.6238,0.546,0.6213,0.5813,0.546,0.6256,0.6302,0.6359,0.5933,0.5933,0.5749,0.4919,0.578,0.5776,0.4919,0,0,0,0,0,-0.0255,-0.1022,-0.019,-0.0586,-0.0608,-0.0059,-0.0786,-0.0221,-0.0491,-0.0491,-0.0042,0.0146,-0.0095,0.013,-0.098,-0.1048,-0.0443,-0.0675,0,0.0066,0.0043,-0.0606,-0.014,-0.0335,-0.0196,-0.0099,-0.0563,-0.0279,-0.0264,-0.0404,-0.0243,-0.0306,0.0038,0.0118,-0.047,-0.0425,-0.0325,-0.0202,-0.0113,0.0063,-0.0011,-0.1615,-0.0034,-0.1346,-0.1302,-0.003,-0.1484,-0.0096,-0.0972,-0.1077,0.0063,0.0111,0.007,0.0078,-0.0155,-0.0137,-0.003,-0.1135,-0.0032,-0.097,-0.0803,-0.0001,-0.1008,-0.0049,-0.0581,-0.0779,-0.0147,-0.005,0.0003,-0.0107,-0.0107,-0.0106,-0.0233,True,True
DTC_R_42,LanSi,1,CW_01,B,2026-03-31 18:42:02+08:00,ONLINE,False,,CW_1_01,PASS,,,52.2966105,_2026033118420288101,T20260331184202,DESKTOP-P2DUL42,Loma,1,CW_1_01,1,paul di,2024.0718.155524,V20260126.2,CW_DTCL_DTCR_STC,T20260331184255,52.2966105,True,True,True,True,True,True,True,4S2RND2HBL0DP6,v1.0.1,2025_12_22,315.1087,316.8261,475.3684,297.1353,295.4247,148.0411,149.2517,336.6954,335.6069,484.4552,-5.3479,-2.8694,-0.0001,-0.0,-0.2217,1.5542,-0.2187,1.5486,0.6656,154.7285,151.79,151.9229,154.7402,153.2954,0.8625,0.7889,0.8582,0.762,0.762,0.8203,0.7514,0.8202,0.7389,0.7389,0.8063,0.8013,0.8156,0.8143,0.7297,0.7297,0.7668,0.7598,0.7297,0.8467,0.79,0.8088,0.98,0.79,0.8425,0.7561,0.7525,0.8174,0.7964,0.6542,0.8031,0.8447,0.6542,0,0,0,0,0,v1.0.1,2025_12_22,315.0719,316.8561,476.403,297.0075,295.1164,147.0342,148.0405,336.8716,335.723,485.4189,-5.429,-2.8623,-0.0001,-0.0,-0.2219,1.5533,-0.2187,1.5484,0.6653,159.3779,154.1025,162.6514,162.1143,159.5615,0.7091,0.6719,0.7003,0.6597,0.6597,0.6747,0.6422,0.6776,0.6452,0.6422,0.6531,0.6546,0.658,0.6516,0.6357,0.6357,0.6218,0.6276,0.6218,0.696,0.66,0.6504,0.1023,0.1023,0.6448,0.6593,0.6385,0.676,0.6461,0.5829,0.6364,0.6675,0.5829,0,0,0,0,0,v1.0.1,2025_12_22,316.8774,328.0472,441.6757,313.045,302.3492,195.9286,188.128,342.232,331.4087,455.687,-3.4122,7.4879,-0.0,0.0001,-0.2191,1.5608,-0.2092,1.5569,0.6723,175.3311,174.7822,175.292,176.6982,175.5259,0.8037,0.6325,0.7966,0.6128,0.6128,0.7684,0.5936,0.7645,0.6055,0.5936,0.7543,0.7558,0.7547,0.7466,0.7466,0.7432,0.6465,0.7248,0,0.6465,0,0,0,0,0,v1.0.1,2025_12_22,316.8381,328.0857,442.4955,313.0541,302.2857,195.1349,187.2975,342.3719,331.5,456.5965,-3.4166,7.5486,-0.0,0.0001,-0.2185,1.5613,-0.2093,1.5567,0.6725,146.3408,141.0898,143.0732,144.1006,143.6511,0.6477,0.5554,0.6665,0.5504,0.5504,0.6272,0.5431,0.6279,0.5399,0.5399,0.6224,0.6273,0.6344,0.6299,0.6224,0.5877,0.5341,0.5821,0.3674,0.3674,0,0,0,0,0,-0.0098,-0.084,-0.0175,-0.1113,-0.1103,0.0034,-0.0695,0.0016,-0.0993,-0.078,-0.0069,-0.0152,0.0068,0.0047,-0.0726,-0.0798,-0.0318,-0.0525,-0.0081,-0.0019,0.0027,-0.0447,-0.0225,-0.0529,-0.0467,0.0059,-0.0389,0.0146,-0.0334,-0.0208,-0.0069,-0.0026,-0.0049,-0.0225,-0.0149,-0.0344,-0.0026,-0.0255,0.0115,-0.0213,0.0115,-0.1785,-0.003,-0.1881,-0.1794,0.0132,-0.1734,0.0016,-0.1749,-0.1616,-0.0016,-0.0034,0.0118,0.0174,0.0008,-0.0144,-0.0147,-0.1031,-0.0052,-0.1261,-0.1081,-0.0137,-0.1065,-0.0152,-0.1006,-0.1006,-0.0048,-0.0058,0.0159,0.007,0.0039,-0.0131,-0.007,True,True
DTC_R_43,LanSi,1,CW_01,C,2026-03-31 18:43:34+08:00,ONLINE,False,,CW_1_01,PASS,,,52.4136075,_2026033118433467901,T20260331184334,DESKTOP-P2DUL42,Loma,1,CW_1_01,1,paul di,2024.0718.155524,V20260126.2,CW_DTCL_DTCR_STC,T20260331184427,52.4136075,True,True,True,True,True,True,True,4S2RND2HBL0DP6,v1.0.1,2025_12_22,315.1679,317.5474,475.7388,298.1045,295.7823,148.6803,149.4211,337.6316,335.7619,485.3946,-5.1256,-2.0283,-0.0001,-0.0,-0.22,1.556,-0.2201,1.5482,0.666,155.3262,153.042,153.373,155.3105,154.2629,0.8651,0.794,0.8674,0.7764,0.7764,0.8137,0.7374,0.8181,0.7339,0.7339,0.8136,0.8154,0.7946,0.8117,0.7226,0.7089,0.7579,0.7365,0.7089,0.8452,0.8028,0.8142,0.3069,0.3069,0.848,0.7572,0.7457,0.8219,0.7857,0.4763,0.8415,0.8379,0.4763,0,0,0,0,0,v1.0.1,2025_12_22,315.1871,317.5396,476.8929,297.9571,295.5646,147.6803,148.2349,337.7785,335.8389,486.349,-5.1563,-2.0391,-0.0001,-0.0,-0.22,1.5553,-0.2201,1.5485,0.6659,159.9932,154.749,163.123,163.123,160.2471,0.7059,0.6606,0.7184,0.6524,0.6524,0.6768,0.6316,0.6717,0.6206,0.6206,0.6497,0.6458,0.6572,0.6566,0.629,0.6237,0.6204,0.6245,0.6204,0.6717,0.6494,0.6578,0.0873,0.0873,0.6573,0.6444,0.6341,0.6734,0.6572,0.5586,0.6371,0.6745,0.5586,0,0,0,0,0,v1.0.1,2025_12_22,317.0648,328.6944,442.1091,313.9727,302.6048,196.7581,188.3468,342.9516,331.5217,456.5478,-3.1705,8.2849,-0.0,0.0001,-0.2167,1.5611,-0.2098,1.5577,0.6731,176.0703,175.9678,176.4492,177.4141,176.4753,0.7985,0.6558,0.8093,0.6091,0.6091,0.7648,0.611,0.7693,0.5986,0.5986,0.764,0.763,0.7515,0.7443,0.7443,0.7422,0.66,0.7355,0,0.66,0,0,0,0,0,v1.0.1,2025_12_22,317.0283,328.8962,442.7589,313.8214,302.4766,195.9297,187.3852,343.1885,331.5948,457.4655,-3.2512,8.3603,-0.0,0.0001,-0.2188,1.5613,-0.2093,1.5575,0.6727,147.1074,141.5264,143.6016,145.1377,144.3433,0.665,0.566,0.6722,0.546,0.546,0.6408,0.5495,0.6245,0.5334,0.5334,0.6389,0.6224,0.6335,0.6347,0.6224,0.5869,0.5343,0.5726,0.2875,0.2875,0,0,0,0,0,-0.0072,-0.0789,-0.0083,-0.0969,-0.0959,-0.0032,-0.0835,-0.0005,-0.1043,-0.083,0.0004,-0.0011,-0.0142,0.0021,-0.0797,-0.1006,-0.0407,-0.0758,-0.0096,0.0035,-0.0005,-0.056,-0.0044,-0.0602,-0.054,0.008,-0.0495,0.0087,-0.058,-0.0424,-0.0103,-0.0114,-0.0057,-0.0175,-0.0216,-0.0464,-0.004,-0.0286,-0.0128,-0.0139,0.0063,-0.1552,0.0097,-0.1918,-0.1831,0.0096,-0.156,0.0064,-0.1818,-0.1566,0.0081,0.0038,0.0086,0.0151,-0.0002,-0.0037,0.0026,-0.0925,0.0005,-0.1305,-0.1125,-0.0001,-0.1001,-0.0186,-0.1071,-0.1071,0.0117,-0.0107,0.015,0.0118,0.0039,-0.0139,-0.0165,True,True
DTC_L_43,LanSi,1,CW_01,C,2026-03-31 18:43:34+08:00,ONLINE,False,,CW_1_01,PASS,,,52.5163329,_2026033118433456202,T20260331184334,DESKTOP-P2DUL42,Loma,1,CW_1_01,2,paul di,2024.0718.155524,V20260126.2,CW_DTCL_DTCR_STC,T20260331184427,52.5163329,True,True,True,True,True,True,True,4S2RND2HBL06DS,v1.0.1,2025_12_22,314.2148,322.7778,474.2612,302.2313,294.7815,151.5828,148.3506,342.3506,333.3688,488.4752,-6.5046,1.9835,-0.0001,0.0,-0.2272,1.5572,-0.2169,1.5552,0.6671,153.3438,149.751,148.6299,153.0283,151.1882,0.8118,0.7738,0.8315,0.7571,0.7571,0.781,0.7364,0.7784,0.7236,0.7236,0.8041,0.8108,0.8165,0.7551,0.7267,0.6947,0.7442,0.6702,0.6702,0.8133,0.7302,0.811,0.8432,0.7302,0.8393,0.7583,0.7309,0.8528,0.8227,0.8181,0.8007,0.7734,0.7309,0,0,0,0,0,v1.0.1,2025_12_22,314.1691,322.7647,475.3704,302.1556,294.5556,150.5948,147.1688,342.5,333.6429,489.5714,-6.5187,2.0173,-0.0001,0.0,-0.2266,1.5568,-0.2171,1.5541,0.6668,157.5967,153.7119,159.6895,158.8799,157.4695,0.6785,0.6645,0.6859,0.6681,0.6645,0.653,0.6209,0.6331,0.6418,0.6209,0.638,0.6578,0.6527,0.6357,0.6075,0.6195,0.6227,0.593,0.593,0.6663,0.5027,0.6677,0.7002,0.5027,0.6556,0.6462,0.6244,0.666,0.6662,0.6902,0.6742,0.6286,0.6244,0,0,0,0,0,v1.0.1,2025_12_22,312.5,315,437.5478,300.6174,298.4634,184.0325,184.1452,329.5,326.6667,445,-7.6354,-4.67,-0.0001,-0.0,-0.214,1.5635,-0.212,1.5617,0.6748,173.3604,172.7412,171.3408,173.1445,172.6467,0.7595,0.6552,0.7716,0.6248,0.6248,0.7413,0.6362,0.7515,0.6318,0.6318,0.7748,0.746,0.7496,0.6928,0.6928,0.7216,0,0.7211,0.7334,0.7211,0,0,0,0,0,v1.0.1,2025_12_22,312.4952,314.9429,438.4522,300.6174,298.377,183.2377,183.3697,329.4622,326.6723,445.8739,-7.6267,-4.6732,-0.0001,-0.0,-0.2127,1.5635,-0.2115,1.5624,0.6754,145.4824,141.3408,140.6875,143.4375,142.7371,0.6435,0.5638,0.6622,0.5698,0.5638,0.626,0.5464,0.6084,0.5566,0.5464,0.6283,0.6221,0.6253,0.5948,0.5948,0.5842,0.5057,0.5686,0.5888,0.5057,0,0,0,0,0,-0.0259,-0.0898,-0.0149,-0.0651,-0.0651,-0.0035,-0.0761,-0.0222,-0.0545,-0.0545,-0.0041,0.0045,0.0052,-0.0051,-0.0962,-0.1282,-0.0453,-0.0738,-0.0055,-0.0074,0.0046,-0.0504,-0.0144,-0.0437,-0.0094,-0.0153,-0.06,-0.0319,-0.0233,-0.0441,-0.0258,-0.0146,0.0068,0.0035,-0.0527,-0.0413,-0.0352,-0.0347,-0.01,-0.0024,-0.0203,-0.164,-0.0195,-0.1594,-0.155,0.0006,-0.1452,0.007,-0.1126,-0.1089,0.0119,-0.0026,0.0014,0.0093,-0.0076,-0.0115,-0.0066,-0.1195,-0.0056,-0.1122,-0.0863,0.0021,-0.1004,-0.0178,-0.0828,-0.0775,-0.012,-0.0131,-0.0103,-0.0092,-0.0092,-0.0013,-0.0327,True,True
DTC_L_44,LanSi,1,CW_01,A,2026-03-31 18:45:06+08:00,ONLINE,False,,CW_1_01,PASS,,,52.4686892,_2026033118450648902,T20260331184506,DESKTOP-P2DUL42,Loma,1,CW_1_01,2,paul di,2024.0718.155524,V20260126.2,CW_DTCL_DTCR_STC,T20260331184558,52.4686892,True,True,True,True,True,True,True,4S2RND2HBL06DS,v1.0.1,2025_12_22,314.1029,322.9118,474.2519,302.4741,294.8105,151.8562,148,342.7933,333.5338,488.9624,-6.5602,2.2996,-0.0001,0.0,-0.2264,1.558,-0.2186,1.5538,0.6667,153.7881,150.1133,148.8984,153.5303,151.5825,0.822,0.7779,0.8248,0.7694,0.7694,0.7701,0.7406,0.7995,0.7315,0.7315,0.8186,0.8041,0.8041,0.7721,0.7319,0.7162,0.7417,0.6829,0.6829,0.8098,0.98,0.8154,0.8348,0.8098,0.8372,0.7607,0.7568,0.8345,0.8164,0.8241,0.7889,0.7774,0.7568,0,0,0,0,0,v1.0.1,2025_12_22,314.0647,322.9353,475.3309,302.3885,294.6497,150.8917,147,343,333.708,490,-6.5493,2.3431,-0.0001,0.0,-0.2262,1.5579,-0.219,1.5532,0.6665,158.0332,154.0713,159.8984,158.6807,157.6709,0.678,0.6519,0.694,0.6745,0.6519,0.6532,0.6277,0.6504,0.6363,0.6277,0.6568,0.6597,0.6476,0.6312,0.6169,0.6311,0.6201,0.5995,0.5995,0.6749,0.5143,0.6732,0.6881,0.5143,0.6526,0.6611,0.6291,0.6687,0.642,0.681,0.6642,0.6377,0.6291,0,0,0,0,0,v1.0.1,2025_12_22,312.3048,315.1143,437.531,300.7788,298.3884,184.2893,183.8115,329.7131,326.547,445.5214,-7.7835,-4.4166,-0.0001,-0.0,-0.2135,1.5643,-0.2126,1.5615,0.6749,173.8193,173.1562,171.5312,173.6826,173.0474,0.7653,0.6543,0.7924,0.6471,0.6471,0.7336,0.6277,0.7444,0.6484,0.6277,0.7565,0.7504,0.7693,0.6767,0.6767,0.7066,0,0.721,0.7291,0.7066,0,0,0,0,0,v1.0.1,2025_12_22,312.233,315,438.4211,300.6579,298.4068,183.5,183.0167,329.85,326.6638,446.4397,-7.7517,-4.4105,-0.0001,-0.0,-0.2127,1.5655,-0.2139,1.5609,0.675,145.9688,141.8721,140.8184,143.5537,143.0532,0.6563,0.5762,0.6655,0.5864,0.5762,0.6208,0.5395,0.6087,0.5702,0.5395,0.6315,0.6324,0.6279,0.6031,0.6031,0.5834,0.5369,0.5797,0.594,0.5369,0,0,0,0,0,-0.0157,-0.0857,-0.0216,-0.0528,-0.0528,-0.0144,-0.0719,-0.0011,-0.0466,-0.0466,0.0104,-0.0022,-0.0072,0.0119,-0.091,-0.1067,-0.0478,-0.0611,-0.009,-0.003,0.0041,-0.063,-0.0063,-0.0373,-0.022,-0.0151,-0.0532,-0.0146,-0.0288,-0.0373,-0.007,-0.0127,0.0017,-0.001,-0.0433,-0.0297,-0.0378,-0.0282,-0.0014,0.0031,-0.0145,-0.1649,0.0013,-0.1371,-0.1327,-0.0071,-0.1537,-0.0001,-0.096,-0.113,-0.0064,0.0018,0.0211,-0.0068,-0.0226,-0.0116,0.0062,-0.1071,-0.0023,-0.0956,-0.0739,-0.0031,-0.1073,-0.0175,-0.0692,-0.0844,-0.0088,-0.0028,-0.0077,-0.0009,-0.0009,-0.0021,-0.0216,True,True
DTC_R_44,LanSi,1,CW_01,A,2026-03-31 18:45:06+08:00,ONLINE,False,,CW_1_01,PASS,,,52.3749403,_2026033118450660401,T20260331184506,DESKTOP-P2DUL42,Loma,1,CW_1_01,1,paul di,2024.0718.155524,V20260126.2,CW_DTCL_DTCR_STC,T20260331184558,52.3749403,True,True,True,True,True,True,True,4S2RND2HBL0DP6,v1.0.1,2025_12_22,314.9353,316.0647,474.7704,296.0667,295.2671,146.5685,149.1467,336.2333,335.1206,483.7021,-5.652,-3.7729,-0.0001,-0.0,-0.224,1.5548,-0.2205,1.5504,0.6652,154.4512,152.1094,152.1572,154.5654,153.3208,0.8514,0.816,0.8816,0.8213,0.816,0.8181,0.7196,0.8165,0.7583,0.7196,0.7947,0.808,0.8127,0.8134,0.747,0.7093,0.7234,0.6766,0.6766,0.8442,0.7984,0.809,0.9772,0.7984,0.8555,0.7719,0.7511,0.8233,0.7962,0.8596,0.7351,0.8323,0.7351,0,0,0,0,0,v1.0.1,2025_12_22,314.9149,316.0851,475.9143,296.0214,295,145.6333,148.0461,336.375,335.2448,484.6993,-5.676,-3.7372,-0.0001,-0.0,-0.2235,1.554,-0.2205,1.5503,0.6651,159.6289,153.8662,162.0977,162.498,159.5227,0.709,0.6883,0.7123,0.6861,0.6861,0.6851,0.6293,0.6735,0.6365,0.6293,0.6493,0.6383,0.6569,0.6573,0.631,0.6201,0.5867,0.5827,0.5827,0.6815,0.6434,0.662,0.0971,0.0971,0.6503,0.674,0.6341,0.6752,0.6539,0.5827,0.6449,0.6717,0.5827,0,0,0,0,0,v1.0.1,2025_12_22,316.5714,327.4375,441.2679,312.2679,301.935,194.8374,187.9113,341.629,331.027,455.6306,-3.7575,6.8605,-0.0,0.0001,-0.2205,1.5603,-0.2093,1.558,0.6721,174.8271,175.1055,175.0879,175.9785,175.2498,0.7946,0.7034,0.8087,0.6971,0.6971,0.7482,0.6215,0.7686,0.6321,0.6215,0.7385,0.7525,0.7402,0.7297,0.7297,0.7525,0.6557,0.7348,0,0.6557,0,0,0,0,0,v1.0.1,2025_12_22,316.5,327.5,442.0833,312.3241,301.9672,194.041,187,341.7541,331.0727,456.5,-3.7753,6.9238,-0.0,0.0001,-0.2197,1.5618,-0.2091,1.5578,0.6727,146.3193,140.7939,142.3311,144.6006,143.5112,0.6627,0.5969,0.6653,0.6022,0.5969,0.6394,0.5664,0.6477,0.5469,0.5469,0.6237,0.6308,0.638,0.6372,0.6237,0.5726,0.5428,0.5719,0.3466,0.3466,0,0,0,0,0,-0.0209,-0.0569,0.0059,-0.052,-0.0563,0.0012,-0.1013,-0.0021,-0.0799,-0.0973,-0.0185,-0.0085,0.0039,0.0038,-0.0553,-0.1002,-0.0752,-0.1357,-0.0106,-0.0017,0.0026,-0.0283,-0.0105,-0.0265,-0.0203,0.0163,-0.0518,0.0105,-0.0421,-0.0337,-0.0107,-0.0189,-0.006,-0.0168,-0.0196,-0.05,-0.0377,-0.0704,-0.003,-0.0097,0.0024,-0.1076,0.0091,-0.1038,-0.0951,-0.007,-0.1455,0.0057,-0.1483,-0.1337,-0.0174,-0.0067,-0.0027,0.0005,0.0101,-0.0044,0.0003,-0.0616,-0.0064,-0.0743,-0.0616,-0.0015,-0.0832,0.0046,-0.0936,-0.0936,-0.0035,-0.0023,0.0195,0.0143,0.0052,-0.0282,-0.0172,True,True
DTC_R_45,LanSi,1,CW_01,B,2026-03-31 18:46:35+08:00,ONLINE,False,,CW_1_01,PASS,,,52.1834029,_2026033118463583101,T20260331184635,DESKTOP-P2DUL42,Loma,1,CW_1_01,1,paul di,2024.0718.155524,V20260126.2,CW_DTCL_DTCR_STC,T20260331184728,52.1834029,True,True,True,True,True,True,True,4S2RND2HBL0DP6,v1.0.1,2025_12_22,314.8913,317.1739,474.854,297.6277,295.3197,147.7347,149.3421,337.6316,335.0638,485.0638,-5.6058,-2.4536,-0.0001,-0.0,-0.2211,1.5553,-0.2224,1.5507,0.6656,155.0264,152.418,152.8867,155.2051,153.884,0.8618,0.8068,0.8672,0.8165,0.8068,0.8145,0.7452,0.818,0.7502,0.7452,0.8155,0.8141,0.8072,0.7958,0.767,0.7708,0.7443,0.7397,0.7397,0.8445,0.8075,0.8156,0.98,0.8075,0.8319,0.7925,0.7802,0.8369,0.8007,0.8033,0.8032,0.8519,0.7802,0,0,0,0,0,v1.0.1,2025_12_22,314.8913,317.1739,475.8759,297.4672,295.1701,146.8163,148.1611,337.698,335.1489,486.0567,-5.6505,-2.4576,-0.0001,-0.0,-0.2213,1.555,-0.222,1.5509,0.6657,159.6035,154.9414,163.3994,162.7646,160.1772,0.7065,0.6748,0.7186,0.673,0.673,0.6727,0.6359,0.6706,0.6552,0.6359,0.6507,0.6545,0.6686,0.6365,0.6457,0.6552,0.588,0.6288,0.588,0.6866,0.6624,0.6541,0.1729,0.1729,0.6549,0.6511,0.6492,0.6844,0.6564,0.612,0.666,0.6891,0.612,0,0,0,0,0,v1.0.1,2025_12_22,316.6972,328.6239,441.3826,313.5478,302.2177,196.0726,188.25,342.9531,331.0439,457.2368,-3.5817,8.1868,-0.0,0.0001,-0.2198,1.5615,-0.2106,1.5592,0.6726,175.5176,175.4258,175.6924,177.0859,175.9304,0.783,0.6735,0.8015,0.6739,0.6735,0.759,0.6656,0.7585,0.6387,0.6387,0.766,0.7613,0.7318,0.729,0.729,0.7461,0.6742,0.7246,0,0.6742,0,0,0,0,0,v1.0.1,2025_12_22,316.7009,328.729,442.0727,313.5455,302.1488,195.2314,187.2419,343.1774,331.1504,457.9469,-3.637,8.226,-0.0,0.0001,-0.22,1.5617,-0.2106,1.5589,0.6725,146.4873,141.9229,143.7148,144.8418,144.2417,0.6542,0.5718,0.6734,0.5908,0.5718,0.6372,0.5783,0.6296,0.5499,0.5499,0.6189,0.6356,0.6201,0.6294,0.6189,0.585,0.5612,0.5831,0.3922,0.3922,0,0,0,0,0,-0.0105,-0.0661,-0.0085,-0.0568,-0.0655,-0.0024,-0.0757,-0.0006,-0.088,-0.0717,0.0023,-0.0024,-0.0016,-0.0138,-0.0353,-0.0387,-0.0543,-0.0726,-0.0103,0.0049,0.0001,-0.0418,-0.0042,-0.0396,-0.0334,0.0039,-0.0452,0.0076,-0.0234,-0.0271,-0.0093,-0.0027,0.0057,-0.0376,-0.0049,-0.0149,-0.0364,-0.0243,0.0021,-0.0176,-0.0092,-0.1375,0.0019,-0.127,-0.1187,0.0038,-0.1014,-0.0044,-0.1417,-0.1165,0.0101,0.0021,-0.0111,-0.0002,0.0037,-0.0146,-0.0082,-0.0867,0.0017,-0.0857,-0.0867,-0.0037,-0.0713,-0.0135,-0.0906,-0.0906,-0.0083,0.0025,0.0016,0.0065,0.0004,-0.0158,-0.006,True,True
DTC_L_45,LanSi,1,CW_01,B,2026-03-31 18:46:35+08:00,ONLINE,False,,CW_1_01,PASS,,,52.3130563,_2026033118463570902,T20260331184635,DESKTOP-P2DUL42,Loma,1,CW_1_01,2,paul di,2024.0718.155524,V20260126.2,CW_DTCL_DTCR_STC,T20260331184728,52.3130563,True,True,True,True,True,True,True,4S2RND2HBL06DS,v1.0.1,2025_12_22,315.097,322.7463,475.3985,301.9925,296.1014,151.777,149.543,342.6026,334.4848,488.0833,-5.375,1.9404,-0.0001,0.0,-0.2282,1.5596,-0.2189,1.5536,0.6665,153.1855,147.6797,148.6826,152.9004,150.6121,0.8076,0.7592,0.8245,0.7571,0.7571,0.7799,0.739,0.7655,0.7261,0.7261,0.7953,0.8041,0.7858,0.7686,0.7346,0.7045,0.663,0.6801,0.663,0.8106,0.98,0.8134,0.7673,0.7673,0.8543,0.756,0.7201,0.8239,0.8059,0.7645,0.7682,0.7772,0.7201,0,0,0,0,0,v1.0.1,2025_12_22,315.1079,322.777,476.3852,301.8889,296.027,150.7905,148.4698,342.7114,334.5896,489.194,-5.3841,1.9724,-0.0001,0.0,-0.2283,1.5598,-0.2185,1.5537,0.6667,158.7197,153.9648,160.8008,160.2031,158.4221,0.6763,0.651,0.6831,0.6784,0.651,0.6603,0.6378,0.6295,0.6476,0.6295,0.6529,0.6605,0.6512,0.641,0.6138,0.6342,0.5781,0.6002,0.5781,0.674,0.4191,0.6743,0.6586,0.4191,0.6557,0.6303,0.6321,0.6769,0.6496,0.6436,0.6602,0.6266,0.6266,0,0,0,0,0,v1.0.1,2025_12_22,313.1923,314.9615,438.3846,300.453,299.7603,184.1157,185.325,329.5667,327.4918,444.9508,-6.6692,-4.6905,-0.0001,-0.0,-0.2149,1.568,-0.2132,1.5607,0.6752,172.96,170.2451,171.0107,172.5859,171.7004,0.7582,0.6594,0.7602,0.6404,0.6404,0.7147,0.6306,0.7362,0.629,0.629,0.7529,0.7622,0.6844,0.6874,0.6844,0.7259,0,0.7039,0.65,0.65,0,0,0,0,0,v1.0.1,2025_12_22,313.1415,314.7547,439.2301,300.2301,299.5882,183.4454,184.3417,329.725,327.4538,445.6303,-6.7489,-4.7429,-0.0001,-0.0,-0.2142,1.5674,-0.2152,1.5614,0.6749,146.6191,141.5791,141.458,144.8223,143.6196,0.6517,0.5675,0.6464,0.5823,0.5675,0.6238,0.5531,0.6146,0.5671,0.5531,0.6168,0.6247,0.5886,0.6022,0.5886,0.5894,0.5152,0.5803,0.5464,0.5152,0,0,0,0,0,-0.0301,-0.1044,-0.0219,-0.0651,-0.0651,-0.0046,-0.0735,-0.0351,-0.052,-0.052,-0.0129,-0.0022,-0.0255,0.0084,-0.0883,-0.1184,-0.1265,-0.0639,-0.0082,-0.005,0.0024,-0.0639,-0.0172,-0.0334,-0.0229,-0.008,-0.0431,-0.0355,-0.0175,-0.0355,-0.0109,-0.0119,0.0053,0.0088,-0.0464,-0.0266,-0.0798,-0.0275,-0.0023,0.0042,-0.0216,-0.1598,-0.0309,-0.1438,-0.1394,-0.026,-0.1508,-0.0083,-0.1154,-0.1117,-0.01,0.0136,-0.0638,0.0039,-0.0033,-0.0287,0.0016,-0.1158,-0.0214,-0.0997,-0.0826,-0.0001,-0.0937,-0.0116,-0.0723,-0.0708,-0.0235,-0.0105,-0.047,-0.0018,-0.0154,0.0039,-0.021,True,True
DTC_L_46,LanSi,1,CW_01,C,2026-03-31 18:48:10+08:00,ONLINE,False,,CW_1_01,PASS,,,51.919733,_2026033118481047002,T20260331184810,DESKTOP-P2DUL42,Loma,1,CW_1_01,2,paul di,2024.0718.155524,V20260126.2,CW_DTCL_DTCR_STC,T20260331184902,51.919733,True,True,True,True,True,True,True,4S2RND2HBL06DS,v1.0.1,2025_12_22,315.2536,321.3768,475.563,300.3333,296.2157,149.9085,149.8851,341.3649,334.6691,487.6115,-5.1827,0.619,-0.0001,0.0,-0.23,1.5597,-0.2198,1.554,0.666,153.7285,149.7178,148.7305,153.4258,151.4006,0.8239,0.7899,0.843,0.7669,0.7669,0.7819,0.7381,0.7846,0.7314,0.7314,0.8007,0.8041,0.7902,0.739,0.7168,0.7108,0.7136,0.7089,0.7089,0.8067,0.9071,0.8203,0.7704,0.7704,0.8348,0.7472,0.7357,0.8407,0.8077,0.7496,0.7709,0.7686,0.7357,0,0,0,0,0,v1.0.1,2025_12_22,315.1871,321.5396,476.741,300.3022,296.0728,149.0132,148.7267,341.5733,334.85,488.6643,-5.1845,0.7185,-0.0001,0.0,-0.2302,1.5599,-0.2193,1.5532,0.6659,157.5205,154.1855,159.9766,158.6719,157.5886,0.6886,0.6816,0.6831,0.6757,0.6757,0.6612,0.6099,0.6443,0.6448,0.6099,0.6487,0.6635,0.6496,0.625,0.6087,0.6147,0.6113,0.6102,0.6087,0.6749,0.4614,0.6898,0.6539,0.4614,0.6592,0.6381,0.599,0.6648,0.6704,0.6482,0.6632,0.6175,0.599,0,0,0,0,0,v1.0.1,2025_12_22,313.3426,313.7685,438.6579,299.1667,299.8235,182.3866,185.5,328.5,327.6917,444.175,-6.4969,-5.9007,-0.0001,-0.0001,-0.2155,1.5677,-0.2142,1.5607,0.6747,173.9688,173.2578,171.6445,173.6855,173.1392,0.7727,0.6691,0.7866,0.648,0.648,0.7318,0.6237,0.7392,0.6369,0.6237,0.7595,0.754,0.7434,0.6799,0.6799,0.7118,0,0.7236,0.6237,0.6237,0,0,0,0,0,v1.0.1,2025_12_22,313.3178,313.7196,439.5357,298.9018,299.7059,181.7143,184.5,328.5,327.7436,445.0513,-6.5394,-5.9226,-0.0001,-0.0001,-0.2163,1.5675,-0.2137,1.5609,0.6746,145.6787,141.96,140.8701,143.373,142.9705,0.6575,0.5881,0.6469,0.5902,0.5881,0.6201,0.5497,0.6168,0.5724,0.5497,0.6328,0.635,0.6343,0.5905,0.5905,0.5944,0.4814,0.5824,0.5197,0.4814,0,0,0,0,0,-0.0138,-0.0737,-0.0034,-0.0553,-0.0553,-0.0026,-0.0744,-0.016,-0.0467,-0.0467,-0.0075,-0.0022,-0.0211,-0.0212,-0.1061,-0.1121,-0.0759,-0.0351,-0.0121,0.0019,0.0147,-0.0333,-0.0172,-0.0361,0.0018,-0.0071,-0.071,-0.0207,-0.0203,-0.0551,-0.0151,-0.0089,0.0037,-0.0072,-0.0515,-0.0461,-0.0466,-0.0175,-0.0014,0.0197,-0.0071,-0.1501,-0.0045,-0.1362,-0.1318,-0.0089,-0.1577,-0.0053,-0.1075,-0.117,-0.0034,0.0054,-0.0048,-0.0036,-0.0174,-0.009,0.0074,-0.0952,-0.0209,-0.0918,-0.062,-0.0038,-0.0971,-0.0094,-0.067,-0.0742,-0.0075,-0.0002,-0.0013,-0.0135,-0.0135,0.0089,-0.0189,True,True
DTC_R_46,LanSi,1,CW_01,C,2026-03-31 18:48:10+08:00,ONLINE,False,,CW_1_01,PASS,,,52.1291732,_2026033118481027901,T20260331184810,DESKTOP-P2DUL42,Loma,1,CW_1_01,1,paul di,2024.0718.155524,V20260126.2,CW_DTCL_DTCR_STC,T20260331184902,52.1291732,True,True,True,True,True,True,True,4S2RND2HBL0DP6,v1.0.1,2025_12_22,314.8478,317.2391,474.9118,297.5,295.2993,147.6531,149.2632,337.6513,335.0426,485.156,-5.6271,-2.4601,-0.0001,-0.0,-0.2222,1.5555,-0.2221,1.5506,0.6654,154.9453,152.8613,152.8096,154.9561,153.8931,0.8687,0.8037,0.8708,0.816,0.8037,0.8092,0.7643,0.819,0.7665,0.7643,0.8071,0.823,0.8035,0.8159,0.749,0.7487,0.7079,0.7423,0.7079,0.8486,0.7974,0.8107,0.98,0.7974,0.8397,0.7689,0.7875,0.8236,0.8142,0.8475,0.773,0.8382,0.7689,0,0,0,0,0,v1.0.1,2025_12_22,314.8467,317.1898,475.9562,297.4818,295.137,146.7808,148.0541,337.7838,335.1844,486.1348,-5.6643,-2.4258,-0.0001,-0.0,-0.2212,1.5551,-0.2223,1.5505,0.6655,159.8584,153.9941,162.332,162.5322,159.6792,0.7048,0.6818,0.7104,0.6957,0.6818,0.6699,0.6457,0.6775,0.652,0.6457,0.6675,0.6628,0.6517,0.6649,0.6256,0.6446,0.5903,0.6202,0.5903,0.6809,0.6682,0.6718,0.3806,0.3806,0.6542,0.6493,0.6606,0.6847,0.6907,0.6601,0.6579,0.6814,0.6493,0,0,0,0,0,v1.0.1,2025_12_22,316.6727,328.6727,441.3826,313.5478,302.2143,195.9921,188.0492,343.0164,331,457.2655,-3.6362,8.1989,-0.0,0.0001,-0.2202,1.5617,-0.2105,1.5593,0.6726,175.8096,175.6729,175.7998,176.8389,176.0303,0.7946,0.6722,0.8031,0.6852,0.6722,0.7558,0.6385,0.7641,0.6533,0.6385,0.7575,0.7537,0.7466,0.7335,0.7335,0.7354,0.6707,0.7209,0,0.6707,0,0,0,0,0,v1.0.1,2025_12_22,316.6698,328.7736,442.1504,313.469,302.1463,195.122,187.187,343.2683,331,458,-3.6693,8.2266,-0.0,0.0001,-0.2209,1.562,-0.211,1.5598,0.6725,146.8174,141.0771,142.5781,144.6455,143.7795,0.6676,0.5876,0.6656,0.5995,0.5876,0.65,0.57,0.6294,0.5656,0.5656,0.6325,0.6221,0.6402,0.6187,0.6187,0.5916,0.5603,0.5757,0.4549,0.4549,0,0,0,0,0,-0.0036,-0.0692,-0.0049,-0.0573,-0.0686,-0.0077,-0.0566,0.0004,-0.0717,-0.0526,-0.0061,0.0065,-0.0053,0.0063,-0.0533,-0.0608,-0.0907,-0.07,-0.0062,0,-0.0016,-0.0348,-0.0124,-0.0169,-0.0246,0.0011,-0.0354,0.0145,-0.0266,-0.0173,0.0075,0.0056,-0.0112,-0.0092,-0.025,-0.0255,-0.0341,-0.0329,-0.0036,0.0001,0.0024,-0.1388,0.0035,-0.1157,-0.12,0.0006,-0.1285,0.0012,-0.1271,-0.1167,0.0016,-0.0055,0.0037,0.0043,-0.007,-0.0183,0.0052,-0.0709,-0.0061,-0.077,-0.0709,0.0091,-0.0796,-0.0137,-0.0749,-0.0749,0.0053,-0.011,0.0217,-0.0042,0.0002,-0.0092,-0.0134,True,True
DTC_R_47,LanSi,1,CW_01,A,2026-03-31 18:49:36+08:00,ONLINE,False,,CW_1_01,PASS,,,52.3605971,_2026033118493646901,T20260331184936,DESKTOP-P2DUL42,Loma,1,CW_1_01,1,paul di,2024.0718.155524,V20260126.2,CW_DTCL_DTCR_STC,T20260331185028,52.3605971,True,True,True,True,True,True,True,4S2RND2HBL0DP6,v1.0.1,2025_12_22,314.8467,316.1898,474.7388,296.1045,295.2708,146.6597,149.1854,336.4305,335.0699,483.8392,-5.6777,-3.6553,-0.0001,-0.0,-0.2244,1.5553,-0.2211,1.5502,0.665,154.4805,151.7012,152.0449,154.4453,153.168,0.861,0.8393,0.8676,0.8241,0.8241,0.8095,0.7294,0.8187,0.7593,0.7294,0.8048,0.7951,0.8071,0.8178,0.7439,0.7325,0.7228,0.7054,0.7054,0.8368,0.851,0.8196,0.98,0.8196,0.846,0.7077,0.7654,0.8213,0.8033,0.836,0.7532,0.8534,0.7077,0,0,0,0,0,v1.0.1,2025_12_22,314.8913,316.1739,475.7842,296,295.1081,145.7162,148,336.5,335.1049,484.9091,-5.7223,-3.6402,-0.0001,-0.0,-0.2242,1.5547,-0.2207,1.5511,0.6652,158.8828,154.3057,162.8604,161.7295,159.4446,0.6987,0.6946,0.7184,0.6986,0.6946,0.6829,0.6297,0.6632,0.6477,0.6297,0.6569,0.6425,0.6658,0.6619,0.6352,0.634,0.6228,0.6052,0.6052,0.6617,0.6901,0.6683,0.253,0.253,0.6536,0.6172,0.6501,0.6705,0.6614,0.6239,0.6473,0.6834,0.6172,0,0,0,0,0,v1.0.1,2025_12_22,316.6972,327.6239,441.1712,312.3784,302.0894,194.8293,187.9098,341.7049,331.0268,455.7589,-3.7211,6.9591,-0.0,0.0001,-0.2214,1.5607,-0.2084,1.5589,0.6725,174.8594,174.7031,175.3076,176.3633,175.3083,0.7942,0.6779,0.8104,0.6927,0.6779,0.7479,0.6217,0.7642,0.6384,0.6217,0.7625,0.7471,0.7407,0.7329,0.7329,0.7374,0.6391,0.7373,0,0.6391,0,0,0,0,0,v1.0.1,2025_12_22,316.6545,327.5909,442.0273,312.3364,302,194.0826,187.0492,342.0164,331.1239,456.6637,-3.729,7.038,-0.0,0.0001,-0.2206,1.561,-0.2103,1.5586,0.6722,145.6133,141.1992,142.877,143.7744,143.366,0.6561,0.5904,0.6694,0.602,0.5904,0.6329,0.5461,0.6435,0.5627,0.5461,0.6271,0.6308,0.6295,0.6163,0.6163,0.5966,0.5345,0.5919,0.4254,0.4254,0,0,0,0,0,-0.0113,-0.0336,-0.0081,-0.0492,-0.0482,-0.0074,-0.0915,0.0001,-0.0789,-0.0875,-0.0084,-0.0214,-0.0017,0.0082,-0.0584,-0.077,-0.0758,-0.1069,-0.018,0.0089,-0.0077,-0.022,-0.0044,-0.014,-0.0118,0.0141,-0.0514,0.0002,-0.0309,-0.0333,-0.0031,-0.0147,0.0029,-0.0122,-0.0154,-0.0361,-0.0016,-0.0479,-0.0228,-0.0034,0.002,-0.1331,0.0108,-0.1082,-0.1143,-0.0073,-0.1453,0.0013,-0.142,-0.1335,0.0066,-0.0121,-0.0022,0.0037,-0.005,-0.0019,-0.0063,-0.0681,-0.0023,-0.0745,-0.0681,-0.008,-0.1035,0.0004,-0.0778,-0.0944,-0.0001,-0.0023,0.011,-0.0066,-0.0022,-0.0042,0.0028,True,True
DTC_L_47,LanSi,1,CW_01,A,2026-03-31 18:49:36+08:00,ONLINE,False,,CW_1_01,PASS,,,52.3775517,_2026033118493646902,T20260331184936,DESKTOP-P2DUL42,Loma,1,CW_1_01,2,paul di,2024.0718.155524,V20260126.2,CW_DTCL_DTCR_STC,T20260331185028,52.3775517,True,True,True,True,True,True,True,4S2RND2HBL06DS,v1.0.1,2025_12_22,314.0882,323.5,474.403,303.0075,294.8716,152.223,148.2,343.3867,333.3235,490.0368,-6.5227,2.9308,-0.0001,0.0,-0.2266,1.5586,-0.2188,1.5553,0.6671,152.7705,149.2432,148.2715,152.4307,150.679,0.8256,0.7846,0.8411,0.7607,0.7607,0.7855,0.741,0.7892,0.7445,0.741,0.8069,0.7992,0.8145,0.7668,0.7399,0.7107,0.7651,0.694,0.694,0.8089,0.98,0.813,0.8288,0.8089,0.8343,0.7369,0.7335,0.8373,0.8233,0.8136,0.7781,0.7969,0.7335,0,0,0,0,0,v1.0.1,2025_12_22,314.1522,323.4275,475.5338,302.9624,294.6225,151.3046,147.0397,343.5232,333.6444,491,-6.5015,2.9436,-0.0001,0.0,-0.2256,1.5573,-0.2192,1.5545,0.6667,158.4775,154.3252,160.0674,159.9062,158.1941,0.6796,0.6652,0.6804,0.671,0.6652,0.6602,0.6403,0.6439,0.6514,0.6403,0.6373,0.6579,0.6454,0.6302,0.6322,0.6407,0.6428,0.6008,0.6008,0.6699,0.3861,0.6698,0.6737,0.3861,0.6629,0.6204,0.6276,0.6844,0.6721,0.6747,0.6609,0.6212,0.6204,0,0,0,0,0,v1.0.1,2025_12_22,312.2844,315.5872,437.5702,301.4298,298.5833,184.6667,184,330.4127,326.6311,446.1393,-7.6862,-3.8529,-0.0001,-0.0,-0.212,1.566,-0.2145,1.5608,0.6751,173.0244,172.5684,170.7129,172.7578,172.2659,0.7718,0.66,0.7877,0.6352,0.6352,0.7357,0.6356,0.7436,0.655,0.6356,0.7692,0.755,0.7548,0.692,0.692,0.7281,0,0.7296,0.717,0.717,0,0,0,0,0,v1.0.1,2025_12_22,312.3578,315.5321,438.5,301.3621,298.48,183.952,183.122,330.4553,326.5902,447,-7.69,-3.8397,-0.0001,-0.0,-0.2113,1.5652,-0.2144,1.5624,0.6755,146.5146,141.7129,140.8965,144.4365,143.3901,0.6416,0.5735,0.663,0.5757,0.5735,0.6303,0.5507,0.6111,0.5849,0.5507,0.6329,0.6311,0.6271,0.6096,0.6096,0.5767,0.4943,0.5768,0.5837,0.4943,0,0,0,0,0,-0.0121,-0.079,-0.0053,-0.0615,-0.0615,0.001,-0.0715,-0.0114,-0.0336,-0.0371,-0.0013,-0.0071,0.0032,0.0066,-0.083,-0.1122,-0.0244,-0.05,-0.0099,-0.0054,0.0057,-0.0497,-0.0199,-0.0408,-0.0087,-0.0081,-0.0406,-0.0211,-0.0137,-0.0247,-0.0265,-0.0145,-0.0005,-0.002,-0.028,-0.0201,-0.0151,-0.0269,-0.0064,-0.0003,-0.008,-0.1592,-0.0034,-0.149,-0.1446,-0.005,-0.1458,-0.0009,-0.0894,-0.1051,0.0063,0.0064,0.0066,0.0085,-0.0011,-0.003,-0.0085,-0.1098,-0.0048,-0.1063,-0.0766,0.0064,-0.0961,-0.0151,-0.0545,-0.0732,-0.0074,-0.0041,-0.0085,0.0056,0.0056,-0.0088,-0.0245,True,True
DTC_L_48,LanSi,1,CW_01,B,2026-03-31 18:51:08+08:00,ONLINE,False,,CW_1_01,PASS,,,52.0450882,_2026033118510830002,T20260331185108,DESKTOP-P2DUL42,Loma,1,CW_1_01,2,paul di,2024.0718.155524,V20260126.2,CW_DTCL_DTCR_STC,T20260331185200,52.0450882,True,True,True,True,True,True,True,4S2RND2HBL06DS,v1.0.1,2025_12_22,313.7554,323.4029,473.781,302.8686,294.3514,151.5473,147.56,343.44,332.9859,490.5845,-7.0133,2.8687,-0.0001,0.0,-0.2271,1.5578,-0.2195,1.5558,0.6668,153.5439,150.0801,148.6191,153.1367,151.345,0.823,0.7755,0.8238,0.7597,0.7597,0.7701,0.7196,0.7809,0.7341,0.7196,0.8043,0.8167,0.816,0.7605,0.7387,0.7017,0.7457,0.7119,0.7017,0.8009,0.5651,0.8248,0.831,0.5651,0.8458,0.7781,0.7725,0.854,0.8202,0.8244,0.777,0.7734,0.7725,0,0,0,0,0,v1.0.1,2025_12_22,313.8,323.4143,474.8986,302.7319,294.0592,150.5658,146.457,343.6026,333.2238,491.5455,-7.0123,2.872,-0.0001,0.0,-0.2272,1.5566,-0.2195,1.5553,0.6663,157.9795,154.3262,160.4316,158.9092,157.9116,0.6733,0.6745,0.6844,0.6793,0.6733,0.6471,0.611,0.6432,0.6537,0.611,0.6388,0.6496,0.6413,0.6389,0.6214,0.6155,0.6296,0.6203,0.6155,0.6646,0.4609,0.6711,0.6713,0.4609,0.6638,0.6305,0.6494,0.6792,0.6652,0.6716,0.6782,0.6379,0.6305,0,0,0,0,0,v1.0.1,2025_12_22,312,315.6038,437.1327,301.2124,298.0504,184.0924,183.5167,330.4167,326.1034,446.6724,-8.1393,-3.9005,-0.0001,-0.0,-0.214,1.5646,-0.2143,1.5631,0.6749,173.8408,173.251,171.7754,173.3779,173.0613,0.7724,0.6546,0.7929,0.643,0.643,0.7309,0.6124,0.7396,0.6343,0.6124,0.7671,0.7422,0.7598,0.6923,0.6923,0.7109,0,0.7095,0.7196,0.7095,0,0,0,0,0,v1.0.1,2025_12_22,312,315.6038,437.9469,301.1593,298.1111,183.453,182.5372,330.4628,326.2735,447.5385,-8.1263,-3.8565,-0.0001,-0.0,-0.2137,1.5656,-0.2138,1.5625,0.6752,145.8047,141.7656,141.3838,143.75,143.176,0.6467,0.5744,0.6563,0.5799,0.5744,0.6217,0.53,0.6164,0.5743,0.53,0.6364,0.6271,0.6435,0.598,0.598,0.5793,0.5212,0.5832,0.5648,0.5212,0,0,0,0,0,-0.0147,-0.0881,-0.0226,-0.0625,-0.0625,-0.0144,-0.0929,-0.0197,-0.044,-0.0585,-0.0039,0.0104,0.0047,0.0003,-0.0842,-0.1212,-0.0438,-0.0321,-0.0179,0.0064,-0.0006,-0.0404,-0.0159,-0.0325,-0.0006,-0.0212,-0.0699,-0.0218,-0.0114,-0.054,-0.025,-0.0228,-0.0046,0.0067,-0.0388,-0.0453,-0.0283,-0.0074,-0.0117,0.001,-0.0074,-0.1646,0.0018,-0.1412,-0.1368,-0.0098,-0.169,-0.0049,-0.1101,-0.1283,0.0042,-0.0064,0.0116,0.0088,-0.0183,-0.0231,-0.0034,-0.1089,-0.0115,-0.1021,-0.0757,-0.0022,-0.1168,-0.0098,-0.0651,-0.0939,-0.0039,-0.0081,0.0079,-0.006,-0.006,-0.0062,-0.0181,True,True
DTC_R_48,LanSi,1,CW_01,B,2026-03-31 18:51:08+08:00,ONLINE,False,,CW_1_01,PASS,,,52.1687569,_2026033118510819301,T20260331185108,DESKTOP-P2DUL42,Loma,1,CW_1_01,1,paul di,2024.0718.155524,V20260126.2,CW_DTCL_DTCR_STC,T20260331185200,52.1687569,True,True,True,True,True,True,True,4S2RND2HBL0DP6,v1.0.1,2025_12_22,315.2993,317.635,475.6889,298.1185,295.8099,149.1831,149.5,337.5867,335.9067,485.9533,-5.0591,-1.8047,-0.0001,-0.0,-0.2206,1.5551,-0.2192,1.5485,0.6659,154.1807,152.041,152.2891,154.4316,153.2356,0.8602,0.774,0.8816,0.7559,0.7559,0.8256,0.7321,0.8258,0.7701,0.7321,0.8062,0.783,0.8139,0.8047,0.6868,0.7018,0.7854,0.7491,0.6868,0.8237,0.7954,0.7991,0.365,0.365,0.8403,0.732,0.7985,0.8342,0.8037,0.5696,0.8578,0.8452,0.5696,0,0,0,0,0,v1.0.1,2025_12_22,315.2143,317.5,476.6765,298.0368,295.5274,148.089,148.26,337.74,335.9195,487,-5.1805,-1.8268,-0.0001,-0.0,-0.2194,1.5546,-0.2201,1.5487,0.6659,158.4023,153.4521,161.9883,161.4688,158.8279,0.7018,0.6551,0.7182,0.66,0.6551,0.6879,0.6082,0.6767,0.6321,0.6082,0.6471,0.6375,0.6507,0.6509,0.6078,0.6128,0.6255,0.6304,0.6078,0.6791,0.6535,0.6729,0.0718,0.0718,0.6424,0.6246,0.6624,0.6742,0.6612,0.3913,0.6625,0.6839,0.3913,0,0,0,0,0,v1.0.1,2025_12_22,317,328.6038,441.8818,313.8182,302.5197,196.9528,188.3306,342.8629,331.7119,456.9068,-3.2112,8.3289,-0.0,0.0001,-0.2173,1.5607,-0.2099,1.5561,0.6724,174.8506,175.0879,175.5117,176.4053,175.4639,0.7876,0.6261,0.8103,0.6088,0.6088,0.7621,0.5854,0.767,0.6357,0.5854,0.7389,0.7548,0.7513,0.7529,0.7389,0.7526,0.6102,0.7435,0,0.6102,0,0,0,0,0,v1.0.1,2025_12_22,316.9907,328.7383,442.7273,313.8364,302.328,196.16,187.3636,343.1405,331.6441,457.8305,-3.2893,8.4411,-0.0,0.0001,-0.2175,1.5601,-0.2101,1.5573,0.6724,145.4512,140.3779,142.1943,143.373,142.8491,0.6563,0.5558,0.675,0.5554,0.5554,0.635,0.529,0.6385,0.551,0.529,0.6068,0.6104,0.6235,0.6353,0.6068,0.5811,0.5052,0.5932,0.045,0.045,0,0,0,0,0,-0.0121,-0.0989,0.0059,-0.1174,-0.1164,0.0087,-0.0888,0.0072,-0.0681,-0.0848,-0.007,-0.0335,0.0051,-0.0049,-0.1155,-0.1077,-0.0132,-0.0632,-0.0311,-0.0116,-0.0046,-0.0615,-0.0046,-0.0526,-0.0513,0.0191,-0.0729,0.0137,-0.0465,-0.0548,-0.0129,-0.0197,-0.0122,-0.0232,-0.0428,-0.0573,0.0011,-0.0227,-0.0054,0.0012,-0.0046,-0.1849,0.0107,-0.1921,-0.1834,0.0069,-0.1816,0.0041,-0.1447,-0.1698,-0.017,-0.0044,0.0084,0.0237,0.0102,0.0043,-0.0061,-0.1027,0.0033,-0.1211,-0.1031,-0.0059,-0.1206,-0.0046,-0.0895,-0.1115,-0.0204,-0.0227,0.005,0.0124,-0.0117,-0.0197,0.0041,True,True
DTC_R_49,LanSi,1,CW_01,C,2026-03-31 18:52:30+08:00,ONLINE,False,,CW_1_01,PASS,,,52.5499531,_2026033118523069801,T20260331185230,DESKTOP-P2DUL42,Loma,1,CW_1_01,1,paul di,2024.0718.155524,V20260126.2,CW_DTCL_DTCR_STC,T20260331185323,52.5499531,True,True,True,True,True,True,True,4S2RND2HBL0DP6,v1.0.1,2025_12_22,315,316.4632,474.7464,296.3551,295.3986,147.2905,149.2517,336.6954,335.0638,484.0638,-5.6079,-3.3264,-0.0001,-0.0,-0.2247,1.5549,-0.2209,1.5511,0.6651,154.7852,151.9648,152.5107,154.8467,153.5269,0.8692,0.8218,0.8655,0.8228,0.8218,0.8069,0.7353,0.8196,0.7481,0.7353,0.8146,0.8084,0.8141,0.8239,0.7406,0.7088,0.7341,0.6881,0.6881,0.8438,0.8017,0.8109,0.98,0.8017,0.8527,0.7816,0.7906,0.8232,0.8062,0.8297,0.6775,0.8313,0.6775,0,0,0,0,0,v1.0.1,2025_12_22,314.9504,316.383,475.8417,296.2878,295.1544,146.2617,148.0405,336.8716,335.1056,485.0423,-5.6815,-3.3307,-0.0001,-0.0,-0.2237,1.5544,-0.2216,1.5513,0.6651,159.8604,154.499,163.2559,162.7529,160.092,0.7064,0.6826,0.7083,0.6986,0.6826,0.6704,0.6386,0.6739,0.6183,0.6183,0.6506,0.6551,0.6513,0.6648,0.6373,0.617,0.6099,0.5912,0.5912,0.6942,0.652,0.6683,0.1089,0.1089,0.6601,0.6403,0.6419,0.6788,0.6644,0.6174,0.5975,0.6824,0.5975,0,0,0,0,0,v1.0.1,2025_12_22,316.6881,327.7248,441.045,312.4685,302.1935,195.129,188,342,330.9913,456.1043,-3.7164,7.1853,-0.0,0.0001,-0.2216,1.5614,-0.21,1.5593,0.6723,175.6201,175.0615,175.4824,176.5605,175.6812,0.7823,0.6968,0.8059,0.6957,0.6957,0.7443,0.6426,0.774,0.6097,0.6097,0.763,0.7515,0.7563,0.7281,0.7281,0.7277,0.6709,0.7225,0,0.6709,0,0,0,0,0,v1.0.1,2025_12_22,316.5833,327.8241,441.8482,312.4375,302.096,194.424,187.0726,342.3468,331,456.8938,-3.78,7.2852,-0.0,0.0001,-0.2217,1.5621,-0.2112,1.559,0.6721,146.7998,141.4043,143.1172,144.5078,143.9573,0.6663,0.5983,0.6776,0.5966,0.5966,0.6339,0.5574,0.6435,0.5389,0.5389,0.6283,0.6325,0.6273,0.6179,0.6179,0.5847,0.5341,0.5953,0.3621,0.3621,0,0,0,0,0,-0.0031,-0.0511,-0.0102,-0.0505,-0.0505,-0.01,-0.0856,0.001,-0.0901,-0.0816,0.0014,-0.0081,0.0053,0.0143,-0.0617,-0.1007,-0.0645,-0.1242,-0.011,0.0002,0,-0.034,-0.0145,-0.014,-0.0238,0.0016,-0.0425,0.0109,-0.0603,-0.0447,-0.0094,-0.0021,-0.0116,-0.0093,-0.0133,-0.0531,-0.0145,-0.0619,0.0097,-0.0034,-0.0099,-0.1142,0.0063,-0.1052,-0.0965,-0.0109,-0.1244,0.0111,-0.1707,-0.1455,0.0071,-0.0077,0.0134,-0.0011,-0.0147,-0.0167,0.0039,-0.0602,0.0059,-0.0799,-0.0619,-0.007,-0.0922,0.0004,-0.1016,-0.1016,0.0011,-0.0006,0.0088,-0.005,-0.0006,-0.0161,0.0062,True,True
DTC_L_49,LanSi,1,CW_01,C,2026-03-31 18:52:30+08:00,ONLINE,False,,CW_1_01,PASS,,,52.5469625,_2026033118523071202,T20260331185230,DESKTOP-P2DUL42,Loma,1,CW_1_01,2,paul di,2024.0718.155524,V20260126.2,CW_DTCL_DTCR_STC,T20260331185323,52.5469625,True,True,True,True,True,True,True,4S2RND2HBL06DS,v1.0.1,2025_12_22,315.218,322.0827,475.5489,301,296.2185,150.4172,149.8828,342.0828,334.6429,488.5714,-5.1978,1.3308,-0.0001,0.0,-0.2302,1.5601,-0.2199,1.5541,0.666,154.1709,150.1748,149.2139,153.6719,151.8079,0.8171,0.7891,0.8298,0.7694,0.7694,0.7923,0.7414,0.7841,0.7358,0.7358,0.8008,0.7894,0.806,0.7637,0.7171,0.7055,0.7319,0.6811,0.6811,0.8124,0.9191,0.8192,0.7776,0.7776,0.8373,0.7518,0.7517,0.8337,0.8118,0.7226,0.7798,0.7755,0.7226,0,0,0,0,0,v1.0.1,2025_12_22,315.1295,322.036,476.7391,300.8913,296.0331,149.3841,148.6513,342.3224,334.8,489.5857,-5.2294,1.3439,-0.0001,0.0,-0.2296,1.5601,-0.2207,1.5534,0.6658,158.3213,154.749,160.7471,159.8057,158.4058,0.6818,0.6733,0.682,0.6845,0.6733,0.6627,0.6257,0.6452,0.6351,0.6257,0.6522,0.6551,0.6596,0.6398,0.6139,0.6297,0.6077,0.6005,0.6005,0.6829,0.4691,0.6718,0.6761,0.4691,0.6591,0.6387,0.6228,0.6785,0.6688,0.6719,0.6669,0.628,0.6228,0,0,0,0,0,v1.0.1,2025_12_22,313.2547,314.2547,438.5948,299.5948,299.8667,182.85,185.3577,328.9593,327.6583,444.925,-6.5535,-5.3832,-0.0001,-0.0001,-0.2159,1.5687,-0.214,1.5605,0.6748,174.0459,173.2139,171.8877,174.0312,173.2947,0.7654,0.6624,0.7787,0.6423,0.6423,0.7344,0.6253,0.7343,0.6218,0.6218,0.7566,0.7408,0.7514,0.6814,0.6814,0.7042,0,0.7104,0.6547,0.6547,0,0,0,0,0,v1.0.1,2025_12_22,313.271,314.215,439.5702,299.4298,299.6667,182,184.3852,329.1885,327.6446,445.8099,-6.5925,-5.3714,-0.0001,-0.0001,-0.216,1.5677,-0.2151,1.5615,0.6745,146.5371,142.3975,141.4033,144.3936,143.6829,0.6506,0.5654,0.6606,0.5877,0.5654,0.6236,0.5349,0.6109,0.5696,0.5349,0.6176,0.6247,0.6366,0.6032,0.6032,0.5697,0.5412,0.571,0.543,0.5412,0,0,0,0,0,-0.0206,-0.0745,-0.0166,-0.0528,-0.0528,0.0078,-0.0711,-0.0165,-0.0423,-0.0423,-0.0074,-0.0169,-0.0053,0.0035,-0.1058,-0.1174,-0.0576,-0.0629,-0.0064,0.0008,0.0079,-0.0416,-0.0183,-0.0273,-0.0006,-0.0056,-0.0552,-0.0198,-0.03,-0.0393,-0.0116,-0.0173,0.0137,0.0076,-0.0463,-0.0311,-0.0502,-0.0272,0.0066,0.0017,-0.0144,-0.1568,-0.0124,-0.1419,-0.1375,-0.0063,-0.1561,-0.0102,-0.1226,-0.1189,-0.0063,-0.0078,0.0032,-0.0021,-0.025,-0.0222,0.0005,-0.1179,-0.0072,-0.0943,-0.0847,-0.0003,-0.1119,-0.0153,-0.0698,-0.089,-0.0227,-0.0105,0.001,-0.0008,-0.0008,-0.0158,-0.0303,True,True
DTC_L_50,LanSi,1,CW_01,A,2026-03-31 18:53:59+08:00,ONLINE,False,,CW_1_01,PASS,,,52.972734,_2026033118535926302,T20260331185359,DESKTOP-P2DUL42,Loma,1,CW_1_01,2,paul di,2024.0718.155524,V20260126.2,CW_DTCL_DTCR_STC,T20260331185452,52.972734,True,True,True,True,True,True,True,4S2RND2HBL06DS,v1.0.1,2025_12_22,314.0882,322.5,474.7704,302.0667,294.8,151.6267,148.2297,342.223,333.4519,488.9259,-6.432,1.9684,-0.0001,0.0,-0.226,1.5579,-0.2178,1.5545,0.6671,153.1162,149.3672,148.2363,152.7158,150.8589,0.8119,0.7673,0.82,0.7642,0.7642,0.7909,0.7343,0.7855,0.7427,0.7343,0.8074,0.7982,0.8006,0.7592,0.7339,0.7005,0.7453,0.694,0.694,0.8139,0.98,0.8315,0.8313,0.8139,0.8422,0.7762,0.7212,0.8418,0.8184,0.8149,0.7958,0.7698,0.7212,0,0,0,0,0,v1.0.1,2025_12_22,314.1241,322.5328,475.8561,301.9353,294.6513,150.6776,147.2,342.3867,333.7153,489.9343,-6.3906,1.9933,-0.0001,0.0,-0.2262,1.5575,-0.2179,1.5538,0.6668,157.9678,153.499,159.7217,159.1973,157.5964,0.6769,0.6628,0.6919,0.674,0.6628,0.6609,0.6257,0.6448,0.6491,0.6257,0.6495,0.6606,0.6521,0.6353,0.6136,0.6251,0.6316,0.5939,0.5939,0.6702,0.3021,0.674,0.6849,0.3021,0.6705,0.6484,0.5911,0.673,0.6622,0.6797,0.6872,0.6308,0.5911,0,0,0,0,0,v1.0.1,2025_12_22,312.1905,314.7333,437.7368,300.5,298.5,184,183.878,329.3333,326.5537,445.0331,-7.7282,-4.7801,-0.0001,-0.0,-0.2124,1.5659,-0.2128,1.5605,0.6753,172.957,172.3643,170.8818,172.8145,172.2544,0.7747,0.6421,0.7825,0.629,0.629,0.7418,0.6207,0.7344,0.6514,0.6207,0.7596,0.7506,0.7462,0.6923,0.6923,0.7134,0,0.7242,0.7288,0.7134,0,0,0,0,0,v1.0.1,2025_12_22,312.2453,314.7358,438.5948,300.4052,298.3443,183.3115,183.048,329.4,326.6583,445.925,-7.7219,-4.7445,-0.0001,-0.0,-0.2124,1.5649,-0.2125,1.5609,0.6752,145.8818,141.1152,140.415,143.6406,142.7632,0.6515,0.5594,0.6585,0.5779,0.5594,0.625,0.545,0.6097,0.5749,0.545,0.6245,0.6198,0.6174,0.6038,0.6038,0.5767,0.4388,0.5673,0.5692,0.4388,0,0,0,0,0,-0.0258,-0.0963,-0.0264,-0.058,-0.058,0.0064,-0.0782,-0.0151,-0.0354,-0.0438,-0.0008,-0.0081,-0.0107,-0.001,-0.089,-0.1224,-0.0442,-0.05,-0.0049,0.0131,0.003,-0.0521,-0.0084,-0.0378,-0.0111,-0.0074,-0.0552,-0.0202,-0.016,-0.0393,-0.0143,-0.0118,0.0062,0.0031,-0.0466,-0.0357,-0.0263,-0.0338,-0.0061,0.0039,-0.0051,-0.1771,-0.0086,-0.1552,-0.1508,0.0011,-0.1607,-0.0101,-0.093,-0.12,-0.0033,0.002,-0.002,0.0088,-0.0158,-0.0084,0.0014,-0.1239,-0.0093,-0.1041,-0.0907,0.0011,-0.1018,-0.0165,-0.0645,-0.0789,-0.0158,-0.0154,-0.0182,-0.0002,-0.0002,-0.0088,-0.034,True,True
DTC_R_50,LanSi,1,CW_01,A,2026-03-31 18:53:59+08:00,ONLINE,False,,CW_1_01,PASS,,,52.8640246,_2026033118535938301,T20260331185359,DESKTOP-P2DUL42,Loma,1,CW_1_01,1,paul di,2024.0718.155524,V20260126.2,CW_DTCL_DTCR_STC,T20260331185452,52.8640246,True,True,True,True,True,True,True,4S2RND2HBL0DP6,v1.0.1,2025_12_22,314.8676,316.4191,474.7681,296.529,295.1497,147.1701,149.0789,336.5,335,484,-5.7271,-3.3764,-0.0001,-0.0,-0.2232,1.5543,-0.22,1.5507,0.6654,154.5928,151.9795,152.166,154.5771,153.3289,0.8613,0.83,0.8671,0.8127,0.8127,0.8154,0.713,0.8132,0.7183,0.713,0.8241,0.8088,0.8078,0.8029,0.7448,0.7125,0.7346,0.6965,0.6965,0.8531,0.7932,0.8145,0.98,0.7932,0.8537,0.7605,0.7787,0.8318,0.8121,0.8291,0.7212,0.8355,0.7212,0,0,0,0,0,v1.0.1,2025_12_22,314.8,316.4143,475.8071,296.3214,295.1233,146.1301,147.9467,336.5667,335.1056,485.0423,-5.7435,-3.405,-0.0001,-0.0,-0.2236,1.5552,-0.2197,1.5504,0.6656,160.0352,155.0898,163.4229,162.8545,160.3506,0.7064,0.6824,0.7165,0.69,0.6824,0.6738,0.6226,0.669,0.6237,0.6226,0.6541,0.6539,0.6734,0.6501,0.6241,0.623,0.6071,0.5957,0.5957,0.6788,0.6534,0.6832,0.2358,0.2358,0.6438,0.6582,0.6506,0.6647,0.6534,0.6247,0.6189,0.6887,0.6189,0,0,0,0,0,v1.0.1,2025_12_22,316.5327,327.8411,441.1261,312.6306,302.1129,195.0806,187.8699,341.9187,330.9561,455.9737,-3.7804,7.189,-0.0,0.0001,-0.221,1.5621,-0.2085,1.5582,0.6727,175.6416,175.085,175.3447,176.7305,175.7004,0.7941,0.7202,0.8003,0.6904,0.6904,0.7558,0.6366,0.7611,0.5957,0.5957,0.7538,0.7422,0.7518,0.7285,0.7285,0.7216,0.6639,0.7239,0,0.6639,0,0,0,0,0,v1.0.1,2025_12_22,316.4952,327.9429,441.8991,312.6239,301.9756,194.2927,187.0333,342.2167,331.0619,456.8142,-3.807,7.278,-0.0,0.0001,-0.221,1.5621,-0.2093,1.5577,0.6724,146.7637,141.8789,143.5332,144.4873,144.1658,0.6521,0.6054,0.675,0.6017,0.6017,0.6314,0.5578,0.6496,0.5229,0.5229,0.624,0.6174,0.6294,0.6287,0.6174,0.5784,0.548,0.5782,0.3945,0.3945,0,0,0,0,0,-0.011,-0.0429,-0.0086,-0.0606,-0.0596,-0.0015,-0.1079,-0.0054,-0.1199,-0.1039,0.0109,-0.0077,-0.001,-0.0067,-0.0575,-0.097,-0.064,-0.1158,-0.0017,0.0038,0,-0.0342,-0.0063,-0.0226,-0.024,0.005,-0.0585,0.006,-0.0549,-0.0404,-0.0059,-0.0033,0.0105,-0.024,-0.0265,-0.0471,-0.0173,-0.0574,-0.0057,0.0115,0.0019,-0.0908,0.0007,-0.1105,-0.1018,0.0006,-0.1304,-0.0018,-0.1847,-0.1595,-0.0021,-0.017,0.0089,-0.0007,-0.0208,-0.0153,-0.0103,-0.0531,0.0033,-0.0748,-0.0568,-0.0095,-0.0918,0.0065,-0.1176,-0.1176,-0.0032,-0.0157,0.0109,0.0058,-0.0011,-0.0224,-0.0109,True,True
