SerialNumber,CM,Line_ID,TesterName,Appraiser,Time,Test_Mode,Audit_Mode,CONFIG_VER,TestStation,TestResult,TestFailItem,ErrorCode,TestTotalTime,TSRID,Test_StartTime,PCName,Product_Name,LineID,Tester_Name,SlotID,Author,Version,Version_SW,Version_Api,Test_EndTime,TestTotalSeconds,CheckMES,CloseDoor,OpenDTC,Move_SFR,Captrue_SFR,Move_SubSFR,Captrue_SubSFR,CameraSN,sfr_25sfr_version,sfr_25modify_date,SFR_VIS_25cm_P0x,SFR_VIS_25cm_P0y,SFR_VIS_25cm_P1x,SFR_VIS_25cm_P1y,SFR_VIS_25cm_P2x,SFR_VIS_25cm_P2y,SFR_VIS_25cm_P3x,SFR_VIS_25cm_P3y,SFR_VIS_25cm_P4x,SFR_VIS_25cm_P4y,SFR_VIS_25cm_Pointing_OC_X,SFR_VIS_25cm_Pointing_OC_Y,SFR_VIS_25cm_Pan,SFR_VIS_25cm_Tilt,SFR_VIS_25cm_Rotation_P1,SFR_VIS_25cm_Rotation_P2,SFR_VIS_25cm_Rotation_P3,SFR_VIS_25cm_Rotation_P4,SFR_VIS_25cm_Rotation_Mean,SFR_VIS_25cm_Brightness_A,SFR_VIS_25cm_Brightness_B,SFR_VIS_25cm_Brightness_C,SFR_VIS_25cm_Brightness_D,SFR_VIS_25cm_Brightness_Mean,SFR_VIS_25cm_Ny4_01F_ROI1,SFR_VIS_25cm_Ny4_01F_ROI2,SFR_VIS_25cm_Ny4_01F_ROI3,SFR_VIS_25cm_Ny4_01F_ROI4,SFR_VIS_25cm_Ny4_01F_Min,SFR_VIS_25cm_Ny4_03F_ROI5,SFR_VIS_25cm_Ny4_03F_ROI6,SFR_VIS_25cm_Ny4_03F_ROI7,SFR_VIS_25cm_Ny4_03F_ROI8,SFR_VIS_25cm_Ny4_03F_Min,SFR_VIS_25cm_Ny4_06F_ROI9,SFR_VIS_25cm_Ny4_06F_ROI10,SFR_VIS_25cm_Ny4_06F_ROI11,SFR_VIS_25cm_Ny4_06F_ROI12,SFR_VIS_25cm_Ny4_06F_ROI13,SFR_VIS_25cm_Ny4_06F_ROI14,SFR_VIS_25cm_Ny4_06F_ROI15,SFR_VIS_25cm_Ny4_06F_ROI16,SFR_VIS_25cm_Ny4_06F_Min,SFR_VIS_25cm_Ny4_08F_ROI17,SFR_VIS_25cm_Ny4_08F_ROI18,SFR_VIS_25cm_Ny4_08F_ROI19,SFR_VIS_25cm_Ny4_08F_ROI20,SFR_VIS_25cm_Ny4_08FTANF_Min,SFR_VIS_25cm_Ny4_08F_ROI21,SFR_VIS_25cm_Ny4_08F_ROI22,SFR_VIS_25cm_Ny4_08F_ROI23,SFR_VIS_25cm_Ny4_08F_ROI24,SFR_VIS_25cm_Ny4_08F_ROI25,SFR_VIS_25cm_Ny4_08F_ROI26,SFR_VIS_25cm_Ny4_08F_ROI27,SFR_VIS_25cm_Ny4_08F_ROI28,SFR_VIS_25cm_Ny4_08F_Min,SFR_VIS_25cm_Ny4_010F_ROI29,SFR_VIS_25cm_Ny4_010F_ROI30,SFR_VIS_25cm_Ny4_010F_ROI31,SFR_VIS_25cm_Ny4_010F_ROI32,SFR_VIS_25cm_Ny4_010F_Min,IR_sfr_25sfr_version,IR_sfr_25modify_date,IR_SFR_VIS_25cm_P0x,IR_SFR_VIS_25cm_P0y,IR_SFR_VIS_25cm_P1x,IR_SFR_VIS_25cm_P1y,IR_SFR_VIS_25cm_P2x,IR_SFR_VIS_25cm_P2y,IR_SFR_VIS_25cm_P3x,IR_SFR_VIS_25cm_P3y,IR_SFR_VIS_25cm_P4x,IR_SFR_VIS_25cm_P4y,IR_SFR_VIS_25cm_Pointing_OC_X,IR_SFR_VIS_25cm_Pointing_OC_Y,IR_SFR_VIS_25cm_Pan,IR_SFR_VIS_25cm_Tilt,IR_SFR_VIS_25cm_Rotation_P1,IR_SFR_VIS_25cm_Rotation_P2,IR_SFR_VIS_25cm_Rotation_P3,IR_SFR_VIS_25cm_Rotation_P4,IR_SFR_VIS_25cm_Rotation_Mean,IR_SFR_VIS_25cm_Brightness_A,IR_SFR_VIS_25cm_Brightness_B,IR_SFR_VIS_25cm_Brightness_C,IR_SFR_VIS_25cm_Brightness_D,IR_SFR_VIS_25cm_Brightness_Mean,IR_SFR_VIS_25cm_Ny4_01F_ROI1,IR_SFR_VIS_25cm_Ny4_01F_ROI2,IR_SFR_VIS_25cm_Ny4_01F_ROI3,IR_SFR_VIS_25cm_Ny4_01F_ROI4,IR_SFR_VIS_25cm_Ny4_01F_Min,IR_SFR_VIS_25cm_Ny4_03F_ROI5,IR_SFR_VIS_25cm_Ny4_03F_ROI6,IR_SFR_VIS_25cm_Ny4_03F_ROI7,IR_SFR_VIS_25cm_Ny4_03F_ROI8,IR_SFR_VIS_25cm_Ny4_03F_Min,IR_SFR_VIS_25cm_Ny4_06F_ROI9,IR_SFR_VIS_25cm_Ny4_06F_ROI10,IR_SFR_VIS_25cm_Ny4_06F_ROI11,IR_SFR_VIS_25cm_Ny4_06F_ROI12,IR_SFR_VIS_25cm_Ny4_06F_ROI13,IR_SFR_VIS_25cm_Ny4_06F_ROI14,IR_SFR_VIS_25cm_Ny4_06F_ROI15,IR_SFR_VIS_25cm_Ny4_06F_ROI16,IR_SFR_VIS_25cm_Ny4_06F_Min,IR_SFR_VIS_25cm_Ny4_08F_ROI17,IR_SFR_VIS_25cm_Ny4_08F_ROI18,IR_SFR_VIS_25cm_Ny4_08F_ROI19,IR_SFR_VIS_25cm_Ny4_08F_ROI20,IR_SFR_VIS_25cm_Ny4_08FTANF_Min,IR_SFR_VIS_25cm_Ny4_08F_ROI21,IR_SFR_VIS_25cm_Ny4_08F_ROI22,IR_SFR_VIS_25cm_Ny4_08F_ROI23,IR_SFR_VIS_25cm_Ny4_08F_ROI24,IR_SFR_VIS_25cm_Ny4_08F_ROI25,IR_SFR_VIS_25cm_Ny4_08F_ROI26,IR_SFR_VIS_25cm_Ny4_08F_ROI27,IR_SFR_VIS_25cm_Ny4_08F_ROI28,IR_SFR_VIS_25cm_Ny4_08F_Min,IR_SFR_VIS_25cm_Ny4_010F_ROI29,IR_SFR_VIS_25cm_Ny4_010F_ROI30,IR_SFR_VIS_25cm_Ny4_010F_ROI31,IR_SFR_VIS_25cm_Ny4_010F_ROI32,IR_SFR_VIS_25cm_Ny4_010F_Min,sfr_4sfr_version,sfr_4modify_date,SFR_VIS_4cm_P0x,SFR_VIS_4cm_P0y,SFR_VIS_4cm_P1x,SFR_VIS_4cm_P1y,SFR_VIS_4cm_P2x,SFR_VIS_4cm_P2y,SFR_VIS_4cm_P3x,SFR_VIS_4cm_P3y,SFR_VIS_4cm_P4x,SFR_VIS_4cm_P4y,SFR_VIS_4cm_Pointing_OC_X,SFR_VIS_4cm_Pointing_OC_Y,SFR_VIS_4cm_Pan,SFR_VIS_4cm_Tilt,SFR_VIS_4cm_Rotation_P1,SFR_VIS_4cm_Rotation_P2,SFR_VIS_4cm_Rotation_P3,SFR_VIS_4cm_Rotation_P4,SFR_VIS_4cm_Rotation_Mean,SFR_VIS_4cm_Brightness_A,SFR_VIS_4cm_Brightness_B,SFR_VIS_4cm_Brightness_C,SFR_VIS_4cm_Brightness_D,SFR_VIS_4cm_Brightness_Mean,SFR_VIS_4cm_Ny4_01F_ROI1,SFR_VIS_4cm_Ny4_01F_ROI2,SFR_VIS_4cm_Ny4_01F_ROI3,SFR_VIS_4cm_Ny4_01F_ROI4,SFR_VIS_4cm_Ny4_01F_Min,SFR_VIS_4cm_Ny4_03F_ROI5,SFR_VIS_4cm_Ny4_03F_ROI6,SFR_VIS_4cm_Ny4_03F_ROI7,SFR_VIS_4cm_Ny4_03F_ROI8,SFR_VIS_4cm_Ny4_03F_Min,SFR_VIS_4cm_Ny4_06F_ROI9,SFR_VIS_4cm_Ny4_06F_ROI10,SFR_VIS_4cm_Ny4_06F_ROI11,SFR_VIS_4cm_Ny4_06F_ROI12,SFR_VIS_4cm_Ny4_06F_Min,SFR_VIS_4cm_Ny4_08F_ROI13,SFR_VIS_4cm_Ny4_08F_ROI14,SFR_VIS_4cm_Ny4_08F_ROI15,SFR_VIS_4cm_Ny4_08F_ROI16,SFR_VIS_4cm_Ny4_08F_Min,SFR_VIS_4cm_Ny4_010F_ROI17,SFR_VIS_4cm_Ny4_010F_ROI18,SFR_VIS_4cm_Ny4_010F_ROI19,SFR_VIS_4cm_Ny4_010F_ROI20,SFR_VIS_4cm_Ny4_010F_Min,IR_sfr_4sfr_version,IR_sfr_4modify_date,IR_SFR_VIS_4cm_P0x,IR_SFR_VIS_4cm_P0y,IR_SFR_VIS_4cm_P1x,IR_SFR_VIS_4cm_P1y,IR_SFR_VIS_4cm_P2x,IR_SFR_VIS_4cm_P2y,IR_SFR_VIS_4cm_P3x,IR_SFR_VIS_4cm_P3y,IR_SFR_VIS_4cm_P4x,IR_SFR_VIS_4cm_P4y,IR_SFR_VIS_4cm_Pointing_OC_X,IR_SFR_VIS_4cm_Pointing_OC_Y,IR_SFR_VIS_4cm_Pan,IR_SFR_VIS_4cm_Tilt,IR_SFR_VIS_4cm_Rotation_P1,IR_SFR_VIS_4cm_Rotation_P2,IR_SFR_VIS_4cm_Rotation_P3,IR_SFR_VIS_4cm_Rotation_P4,IR_SFR_VIS_4cm_Rotation_Mean,IR_SFR_VIS_4cm_Brightness_A,IR_SFR_VIS_4cm_Brightness_B,IR_SFR_VIS_4cm_Brightness_C,IR_SFR_VIS_4cm_Brightness_D,IR_SFR_VIS_4cm_Brightness_Mean,IR_SFR_VIS_4cm_Ny4_01F_ROI1,IR_SFR_VIS_4cm_Ny4_01F_ROI2,IR_SFR_VIS_4cm_Ny4_01F_ROI3,IR_SFR_VIS_4cm_Ny4_01F_ROI4,IR_SFR_VIS_4cm_Ny4_01F_Min,IR_SFR_VIS_4cm_Ny4_03F_ROI5,IR_SFR_VIS_4cm_Ny4_03F_ROI6,IR_SFR_VIS_4cm_Ny4_03F_ROI7,IR_SFR_VIS_4cm_Ny4_03F_ROI8,IR_SFR_VIS_4cm_Ny4_03F_Min,IR_SFR_VIS_4cm_Ny4_06F_ROI9,IR_SFR_VIS_4cm_Ny4_06F_ROI10,IR_SFR_VIS_4cm_Ny4_06F_ROI11,IR_SFR_VIS_4cm_Ny4_06F_ROI12,IR_SFR_VIS_4cm_Ny4_06F_Min,IR_SFR_VIS_4cm_Ny4_08F_ROI13,IR_SFR_VIS_4cm_Ny4_08F_ROI14,IR_SFR_VIS_4cm_Ny4_08F_ROI15,IR_SFR_VIS_4cm_Ny4_08F_ROI16,IR_SFR_VIS_4cm_Ny4_08F_Min,IR_SFR_VIS_4cm_Ny4_010F_ROI17,IR_SFR_VIS_4cm_Ny4_010F_ROI18,IR_SFR_VIS_4cm_Ny4_010F_ROI19,IR_SFR_VIS_4cm_Ny4_010F_ROI20,IR_SFR_VIS_4cm_Ny4_010F_Min,SFR_VIS_25cm_Ny4_01F_ROI1_Dev,SFR_VIS_25cm_Ny4_01F_ROI2_Dev,SFR_VIS_25cm_Ny4_01F_ROI3_Dev,SFR_VIS_25cm_Ny4_01F_ROI4_Dev,SFR_VIS_25cm_Ny4_01F_Min_Dev,SFR_VIS_25cm_Ny4_03F_ROI5_Dev,SFR_VIS_25cm_Ny4_03F_ROI6_Dev,SFR_VIS_25cm_Ny4_03F_ROI7_Dev,SFR_VIS_25cm_Ny4_03F_ROI8_Dev,SFR_VIS_25cm_Ny4_03F_Min_Dev,SFR_VIS_25cm_Ny4_06F_ROI9_Dev,SFR_VIS_25cm_Ny4_06F_ROI10_Dev,SFR_VIS_25cm_Ny4_06F_ROI11_Dev,SFR_VIS_25cm_Ny4_06F_ROI12_Dev,SFR_VIS_25cm_Ny4_06F_ROI13_Dev,SFR_VIS_25cm_Ny4_06F_ROI14_Dev,SFR_VIS_25cm_Ny4_06F_ROI15_Dev,SFR_VIS_25cm_Ny4_06F_ROI16_Dev,SFR_VIS_25cm_Ny4_08F_ROI17_Dev,SFR_VIS_25cm_Ny4_08F_ROI19_Dev,IR_SFR_VIS_25cm_Ny4_01F_ROI1_Dev,IR_SFR_VIS_25cm_Ny4_01F_ROI2_Dev,IR_SFR_VIS_25cm_Ny4_01F_ROI3_Dev,IR_SFR_VIS_25cm_Ny4_01F_ROI4_Dev,IR_SFR_VIS_25cm_Ny4_01F_Min_Dev,IR_SFR_VIS_25cm_Ny4_03F_ROI5_Dev,IR_SFR_VIS_25cm_Ny4_03F_ROI6_Dev,IR_SFR_VIS_25cm_Ny4_03F_ROI7_Dev,IR_SFR_VIS_25cm_Ny4_03F_ROI8_Dev,IR_SFR_VIS_25cm_Ny4_03F_Min_Dev,IR_SFR_VIS_25cm_Ny4_06F_ROI9_Dev,IR_SFR_VIS_25cm_Ny4_06F_ROI10_Dev,IR_SFR_VIS_25cm_Ny4_06F_ROI11_Dev,IR_SFR_VIS_25cm_Ny4_06F_ROI12_Dev,IR_SFR_VIS_25cm_Ny4_06F_ROI13_Dev,IR_SFR_VIS_25cm_Ny4_06F_ROI14_Dev,IR_SFR_VIS_25cm_Ny4_06F_ROI15_Dev,IR_SFR_VIS_25cm_Ny4_06F_ROI16_Dev,IR_SFR_VIS_25cm_Ny4_08F_ROI17_Dev,IR_SFR_VIS_25cm_Ny4_08F_ROI19_Dev,SFR_VIS_4cm_Ny4_01F_ROI1_Dev,SFR_VIS_4cm_Ny4_01F_ROI2_Dev,SFR_VIS_4cm_Ny4_01F_ROI3_Dev,SFR_VIS_4cm_Ny4_01F_ROI4_Dev,SFR_VIS_4cm_Ny4_01F_Min_Dev,SFR_VIS_4cm_Ny4_03F_ROI5_Dev,SFR_VIS_4cm_Ny4_03F_ROI6_Dev,SFR_VIS_4cm_Ny4_03F_ROI7_Dev,SFR_VIS_4cm_Ny4_03F_ROI8_Dev,SFR_VIS_4cm_Ny4_03F_Min_Dev,SFR_VIS_4cm_Ny4_06F_ROI9_Dev,SFR_VIS_4cm_Ny4_06F_ROI10_Dev,SFR_VIS_4cm_Ny4_06F_ROI11_Dev,SFR_VIS_4cm_Ny4_06F_ROI12_Dev,SFR_VIS_4cm_Ny4_08F_ROI13_Dev,SFR_VIS_4cm_Ny4_08F_ROI15_Dev,IR_SFR_VIS_4cm_Ny4_01F_ROI1_Dev,IR_SFR_VIS_4cm_Ny4_01F_ROI2_Dev,IR_SFR_VIS_4cm_Ny4_01F_ROI3_Dev,IR_SFR_VIS_4cm_Ny4_01F_ROI4_Dev,IR_SFR_VIS_4cm_Ny4_01F_Min_Dev,IR_SFR_VIS_4cm_Ny4_03F_ROI5_Dev,IR_SFR_VIS_4cm_Ny4_03F_ROI6_Dev,IR_SFR_VIS_4cm_Ny4_03F_ROI7_Dev,IR_SFR_VIS_4cm_Ny4_03F_ROI8_Dev,IR_SFR_VIS_4cm_Ny4_03F_Min_Dev,IR_SFR_VIS_4cm_Ny4_06F_ROI9_Dev,IR_SFR_VIS_4cm_Ny4_06F_ROI10_Dev,IR_SFR_VIS_4cm_Ny4_06F_ROI11_Dev,IR_SFR_VIS_4cm_Ny4_06F_ROI12_Dev,IR_SFR_VIS_4cm_Ny4_06F_Min_Dev,IR_SFR_VIS_4cm_Ny4_08F_ROI13_Dev,IR_SFR_VIS_4cm_Ny4_08F_ROI15_Dev,FixtureHome,OpenDoor
Lower Limit ----->,,,,,,,,,,,,,,,,,,,,,,,,,,,TRUE,TRUE,TRUE,TRUE,TRUE,TRUE,TRUE,,,,,,,,,,,,,,,,,,,,,,,,,,,,0.68,0.68,0.68,0.68,0.68,0.67,0.67,0.67,0.67,0.67,0.66,0.66,0.66,0.66,0.66,0.66,0.66,0.66,0.66,0.66,,0.66,,,,,,,,,,,,,,,,,,,,,,,,,,,,,,,,,,,,,,,,,,,0.59,0.59,0.59,0.59,0.59,0.57,0.57,0.57,0.57,0.57,0.56,0.56,0.56,0.56,0.56,0.56,0.56,0.56,0.56,0.55,,0.55,,,,,,,,,,,,,,,,,,,,,,,,,,,,,,,,,,,,,,,,,,,,,,,,,,,,,,,,,,,,,,,,,,,,,,,,,,,,,,,,,,,,,,,,,,,,,,,,,,,,,,,,,,,,,,,,,,,,,,,-0.12,-0.12,-0.12,-0.12,-0.12,-0.12,-0.12,-0.12,-0.12,-0.12,-0.12,-0.12,-0.12,-0.12,-0.18,-0.18,-0.18,-0.18,-0.18,-0.18,-0.12,-0.12,-0.12,-0.12,-0.12,-0.12,-0.12,-0.12,-0.12,-0.12,-0.12,-0.12,-0.12,-0.12,-0.18,-0.18,-0.18,-0.18,-0.18,-0.18,,,,,,,,,,,,,,,,,,,,,,,,,,,,,,,,,,TRUE,TRUE
Upper Limit ----->,,,,,,,,,,,,,,,,,,,,,,,,,,,,,,,,,,,,,,,,,,,,,,,,,,,,,,,,,,,,,0.9,0.9,0.9,0.9,0.9,0.9,0.9,0.9,0.9,0.9,0.9,0.9,0.9,0.9,0.9,0.9,0.9,0.9,0.9,0.9,,0.9,,,,,,,,,,,,,,,,,,,,,,,,,,,,,,,,,,,,,,,,,,,0.9,0.9,0.9,0.9,0.9,0.9,0.9,0.9,0.9,0.9,0.9,0.9,0.9,0.9,0.9,0.9,0.9,0.9,0.9,0.9,,0.9,,,,,,,,,,,,,,,,,,,,,,,,,,,,,,,,,,,,,,,,,,,,,,,,,,,,,,,,,,,,,,,,,,,,,,,,,,,,,,,,,,,,,,,,,,,,,,,,,,,,,,,,,,,,,,,,,,,,,,,0.1,0.1,0.1,0.1,0.1,0.1,0.1,0.1,0.1,0.1,0.1,0.1,0.1,0.1,0.1,0.1,0.1,0.1,0.1,0.1,0.1,0.1,0.1,0.1,0.1,0.1,0.1,0.1,0.1,0.1,0.1,0.1,0.1,0.1,0.1,0.1,0.1,0.1,0.1,0.1,,,,,,,,,,,,,,,,,,,,,,,,,,,,,,,,,,,
Unit,,,,,,,,,,,,,,,,,,,,,,,,,,,,,,,,,,,,,,,,,,,,,,,,,,,,,,,,,,,,,,,,,,,,,,,,,,,,,,,,,,,,,,,,,,,,,,,,,,,,,,,,,,,,,,,,,,,,,,,,,,,,,,,,,,,,,,,,,,,,,,,,,,,,,,,,,,,,,,,,,,,,,,,,,,,,,,,,,,,,,,,,,,,,,,,,,,,,,,,,,,,,,,,,,,,,,,,,,,,,,,,,,,,,,,,,,,,,,,,,,,,,,,,,,,,,,,,,,,,,,,,,,,,,,,,,,,,,,,,,,,,,,,,,,,,,,,,,,,,,,,,,,,,,,,,,,,,,,,,,,,,,,,,,,,,,,,,,,,,
DTC_R_1,LanSi,1,CW_01,C,2026-04-02 13:46:19+08:00,ONLINE,False,,CW_1_01,PASS,,,52.5807208,_2026040213461937901,T20260402134619,DESKTOP-P2DUL42,Loma,1,CW_1_01,1,paul di,2024.0718.155524,V20260126.2,CW_DTCL_DTCR_STC,T20260402134711,52.5807208,True,True,True,True,True,True,True,4S2RND2HBL0DP6,v1.0.1,2025_12_22,315.2222,316.8667,475.1397,297.3235,295.6966,148.5448,149.349,336.8121,335.7703,483.8784,-5.2645,-2.8149,-0.0001,-0.0,-0.2211,1.5548,-0.2192,1.5479,0.6656,157.3721,155.3096,154.7705,157.1367,156.1472,0.8652,0.7904,0.8715,0.7938,0.7904,0.824,0.7503,0.82,0.7506,0.7503,0.8123,0.8171,0.8253,0.8168,0.7378,0.7314,0.781,0.745,0.7314,0.8282,0.8098,0.78,0.509,0.509,0.8465,0.7753,0.7837,0.8259,0.7989,0.6909,0.808,0.8418,0.6909,0,0,0,0,0,v1.0.1,2025_12_22,315.1232,316.8478,476.1533,297.1898,295.5,147.5,148.0897,336.9793,335.8792,484.9195,-5.3509,-2.8127,-0.0001,-0.0,-0.221,1.5549,-0.2194,1.5474,0.6655,165.1104,158.9277,167.7988,167.5391,164.844,0.7008,0.6773,0.7059,0.6746,0.6746,0.6709,0.6549,0.6687,0.634,0.634,0.6481,0.6538,0.6552,0.6517,0.6209,0.6476,0.6229,0.6324,0.6209,0.6756,0.6602,0.6519,0.0608,0.0608,0.649,0.6664,0.6693,0.6726,0.6541,0.5707,0.6201,0.6677,0.5707,0,0,0,0,0,v1.0.1,2025_12_22,317.3273,328.3273,441.9455,313.4091,302.96,196.528,188.5583,342.4167,332,455.6786,-2.9418,7.7719,-0.0,0.0001,-0.2186,1.5617,-0.2085,1.5556,0.6725,177.5361,178.1221,177.7314,178.5898,177.9949,0.8056,0.6601,0.8271,0.6402,0.6402,0.7679,0.6422,0.7793,0.6357,0.6357,0.7801,0.7678,0.7719,0.7566,0.7566,0.7519,0.6876,0.7231,0,0.6876,0,0,0,0,0,v1.0.1,2025_12_22,317.3486,328.367,442.6696,313.4286,302.8033,195.7705,187.605,342.563,331.9273,456.5,-3.0292,7.8258,-0.0,0.0001,-0.2181,1.561,-0.2085,1.557,0.6729,148.8701,142.8184,144.9531,146.5352,145.7942,0.6619,0.57,0.6898,0.5665,0.5665,0.648,0.5666,0.6443,0.558,0.558,0.6437,0.6383,0.648,0.6267,0.6267,0.5748,0.5608,0.5596,0.3202,0.3202,0,0,0,0,0,0.0027,-0.0813,0.0026,-0.0793,-0.0721,0.0093,-0.0704,-0.0007,-0.0913,-0.0644,-0.0172,0.0041,0.0157,-0.0006,-0.0637,-0.0818,-0.0183,-0.0811,-0.0054,0,-0.0067,-0.0308,-0.0143,-0.0483,-0.0329,-0.0078,-0.0271,0.0035,-0.0394,-0.0312,-0.007,0.0052,-0.0072,-0.0161,-0.0444,-0.0115,-0.0017,-0.012,-0.0091,0.0036,0.0013,-0.1559,0.0176,-0.1848,-0.1641,-0.0065,-0.1291,0.0054,-0.1478,-0.1356,0.003,-0.0027,0.0272,0.0132,-0.0093,-0.0056,0.0062,-0.1123,0.0173,-0.1105,-0.0892,0.0063,-0.0832,-0.0029,-0.0896,-0.0837,0.0002,-0.0116,0.0149,0.0042,0.0042,-0.0199,-0.0201,True,True
DTC_L_1,LanSi,1,CW_01,A,2026-04-02 13:46:19+08:00,ONLINE,False,,CW_1_01,PASS,,,52.5627691,_2026040213461940002,T20260402134619,DESKTOP-P2DUL42,Loma,1,CW_1_01,2,paul di,2024.0718.155524,V20260126.2,CW_DTCL_DTCR_STC,T20260402134711,52.5627691,True,True,True,True,True,True,True,4S2RND2HBL06DS,v1.0.1,2025_12_22,314.1739,323.6667,474.1985,303.1765,294.8456,151.7383,148.3487,343.6776,333.5,490.493,-6.4866,3.0504,-0.0001,0.0,-0.2268,1.5583,-0.2196,1.5549,0.6667,156.5928,151.8496,150.6152,155.6719,153.6824,0.8199,0.8032,0.8299,0.7955,0.7955,0.7787,0.7425,0.7783,0.7389,0.7389,0.8077,0.8161,0.8209,0.7606,0.7478,0.7372,0.7806,0.6987,0.6987,0.8073,0.7642,0.8193,0.825,0.7642,0.8388,0.7828,0.7212,0.8332,0.8335,0.8219,0.8172,0.7781,0.7212,0,0,0,0,0,v1.0.1,2025_12_22,314.1583,323.7122,475.2847,303.0657,294.8067,150.7133,147.2368,343.7697,333.7203,491.5245,-6.4587,3.0571,-0.0001,0.0,-0.2269,1.5589,-0.2191,1.5542,0.6668,164.3193,159.2539,166.2334,165.0635,163.7175,0.6897,0.6783,0.6866,0.6984,0.6783,0.661,0.631,0.6378,0.6371,0.631,0.6417,0.6563,0.6487,0.6221,0.6266,0.6217,0.6296,0.6016,0.6016,0.6653,0.5211,0.676,0.6809,0.5211,0.6499,0.6445,0.6223,0.6717,0.6906,0.6756,0.6726,0.627,0.6223,0,0,0,0,0,v1.0.1,2025_12_22,312.8942,315.9712,437.8829,301.6667,299.0083,184.4463,184.5207,330.6198,327.0435,446.6261,-7.2301,-3.634,-0.0001,-0.0,-0.2134,1.5651,-0.2131,1.5624,0.6752,175.8926,174.1543,172.9482,175.29,174.5713,0.7838,0.7025,0.7984,0.7142,0.7025,0.7563,0.6338,0.7494,0.655,0.6338,0.7843,0.7812,0.7739,0.7032,0.7032,0.7177,0,0.7267,0.7332,0.7177,0,0,0,0,0,v1.0.1,2025_12_22,312.8857,315.8286,438.6379,301.5,298.8852,183.7377,183.595,330.686,327,447.4035,-7.2992,-3.6689,-0.0001,-0.0,-0.2129,1.5647,-0.2139,1.5634,0.6753,149.3467,144.0723,143.957,147.0117,146.0969,0.6687,0.6068,0.666,0.6246,0.6068,0.6347,0.5485,0.6197,0.588,0.5485,0.6459,0.6321,0.6505,0.6192,0.6192,0.5761,0.536,0.591,0.5807,0.536,0,0,0,0,0,-0.0033,-0.0437,-0.0167,-0.018,-0.018,-0.0085,-0.0791,-0.0159,-0.0451,-0.0451,-0.0139,-0.0028,0.0079,-0.0118,-0.0829,-0.0878,-0.0224,-0.0443,-0.0029,0.0029,0.0055,-0.018,0.0033,-0.0163,-0.005,-0.0046,-0.0428,-0.0144,-0.0232,-0.0212,-0.0107,0.006,-0.0049,-0.0174,-0.0429,-0.0535,-0.0191,-0.0214,-0.0046,-0.0116,-0.0153,-0.1256,-0.0019,-0.0792,-0.0909,0.0048,-0.1524,-0.0081,-0.1066,-0.1177,0.0117,0.0118,0.0236,0.0083,0.0004,-0.003,0.0039,-0.0707,-0.0049,-0.0518,-0.058,0.0032,-0.1126,-0.0078,-0.0539,-0.079,0.0053,-0.0056,0.0113,0.02,0.02,-0.0019,0.007,True,True
DTC_R_2,LanSi,1,CW_01,A,2026-04-02 13:49:11+08:00,ONLINE,False,,CW_1_01,PASS,,,52.1570198,_2026040213491177501,T20260402134911,DESKTOP-P2DUL42,Loma,1,CW_1_01,1,paul di,2024.0718.155524,V20260126.2,CW_DTCL_DTCR_STC,T20260402135003,52.1570198,True,True,True,True,True,True,True,4S2RND2HBL0DP6,v1.0.1,2025_12_22,315.1533,316.8102,474.7464,296.971,295.5811,147.3784,149.5629,337.0728,335.3688,484.4752,-5.4175,-2.9585,-0.0001,-0.0,-0.2232,1.5553,-0.2212,1.5503,0.6653,157.3594,153.9131,152.0938,156.9043,155.0676,0.8752,0.8388,0.8757,0.8178,0.8178,0.8009,0.7562,0.8344,0.7359,0.7359,0.8194,0.8092,0.8249,0.8284,0.7763,0.7714,0.7659,0.6849,0.6849,0.8349,0.835,0.7807,0.8098,0.7807,0.8434,0.79,0.7988,0.8237,0.8063,0.8092,0.7687,0.838,0.7687,0,0,0,0,0,v1.0.1,2025_12_22,315.0429,316.8929,475.9209,296.8633,295.3467,146.3467,148.3553,337.1579,335.6084,485.4545,-5.4452,-2.9569,-0.0001,-0.0,-0.2233,1.5553,-0.2205,1.5489,0.6651,165.4824,159.0361,167.1758,167.6943,164.8472,0.6999,0.6897,0.7125,0.7061,0.6897,0.6758,0.6489,0.667,0.6462,0.6462,0.6562,0.6535,0.6545,0.6627,0.6366,0.6364,0.6309,0.5938,0.5938,0.6805,0.6789,0.6483,0.1615,0.1615,0.6482,0.659,0.6614,0.6544,0.6544,0.57,0.6508,0.6879,0.57,0,0,0,0,0,v1.0.1,2025_12_22,317.3241,328.4259,441.6348,313.3304,302.832,195.624,188.7295,342.6803,331.9633,456.5413,-3.0033,7.8204,-0.0,0.0001,-0.2203,1.5616,-0.2099,1.5565,0.672,177.4346,176.4814,174.7666,178.6787,176.8403,0.8083,0.731,0.8325,0.716,0.716,0.7615,0.6677,0.784,0.6109,0.6109,0.7639,0.7651,0.7673,0.7453,0.7453,0.7384,0.693,0.7121,0,0.693,0,0,0,0,0,v1.0.1,2025_12_22,317.3148,328.5,442.5478,313.3826,302.76,194.88,187.8607,342.7131,331.9633,457.4587,-3.0107,7.8869,-0.0,0.0001,-0.2196,1.5618,-0.2088,1.5572,0.6726,149.2021,143.3213,144.5449,147.0195,146.022,0.6702,0.6089,0.6745,0.6105,0.6089,0.6346,0.5816,0.6534,0.5258,0.5258,0.6297,0.6366,0.643,0.622,0.622,0.5935,0.5644,0.5621,0.3768,0.3768,0,0,0,0,0,0.0127,-0.0329,0.0068,-0.0553,-0.0447,-0.0138,-0.0645,0.0137,-0.106,-0.0788,-0.0101,-0.0038,0.0153,0.011,-0.0252,-0.0418,-0.0334,-0.1412,0.0013,0.0007,-0.0076,-0.0184,-0.0077,-0.0168,-0.0178,-0.0029,-0.0331,0.0018,-0.0272,-0.019,0.0011,0.0049,-0.0079,-0.0051,-0.0287,-0.0227,0.0063,-0.0506,-0.0042,0,0.004,-0.085,0.023,-0.109,-0.0883,-0.0129,-0.1036,0.0101,-0.1726,-0.1604,-0.0132,-0.0054,0.0226,0.0019,-0.0228,-0.0166,0.0145,-0.0734,0.002,-0.0665,-0.0468,-0.0071,-0.0682,0.0062,-0.1218,-0.1159,-0.0138,-0.0133,0.0099,-0.0005,-0.0005,-0.0012,-0.0176,True,True
DTC_L_2,LanSi,1,CW_01,B,2026-04-02 13:49:11+08:00,ONLINE,False,,CW_1_01,PASS,,,52.0931901,_2026040213491185202,T20260402134911,DESKTOP-P2DUL42,Loma,1,CW_1_01,2,paul di,2024.0718.155524,V20260126.2,CW_DTCL_DTCR_STC,T20260402135003,52.0931901,True,True,True,True,True,True,True,4S2RND2HBL06DS,v1.0.1,2025_12_22,315.2148,322.7778,475.4511,302,296.1533,151.9533,149.9122,342.6351,334.7279,488.0441,-5.2081,1.9821,-0.0001,0.0,-0.2284,1.5592,-0.219,1.5528,0.6661,156.1104,151.8789,150.2822,155.0225,153.3235,0.8204,0.8124,0.8415,0.7741,0.7741,0.7783,0.7566,0.7767,0.7556,0.7556,0.8182,0.8086,0.8142,0.7619,0.744,0.7275,0.7258,0.7012,0.7012,0.7944,0.6925,0.8254,0.7822,0.6925,0.8403,0.7847,0.7599,0.8452,0.8052,0.7621,0.7733,0.7813,0.7599,0,0,0,0,0,v1.0.1,2025_12_22,315.1985,322.8235,476.4851,301.9627,296.1149,151.0338,148.8082,342.8219,334.9353,489.0647,-5.1916,2.0413,-0.0001,0.0,-0.2281,1.5596,-0.2191,1.5521,0.6661,163.5068,159.0693,165.1758,163.8799,162.908,0.6822,0.6868,0.6892,0.6992,0.6822,0.6614,0.6434,0.641,0.654,0.641,0.644,0.6501,0.6496,0.6349,0.6338,0.6367,0.6083,0.6031,0.6031,0.6681,0.5885,0.6732,0.6729,0.5885,0.652,0.6595,0.6285,0.6861,0.6666,0.6661,0.6578,0.6273,0.6273,0,0,0,0,0,v1.0.1,2025_12_22,313.9238,315.0762,438.9182,300.5727,300.3333,184.2602,185.9,329.725,328.1053,445.0526,-6.0639,-4.5627,-0.0001,-0.0,-0.215,1.5668,-0.2134,1.5616,0.675,175.6367,174.541,172.9297,174.7598,174.4668,0.7921,0.6964,0.8067,0.6813,0.6813,0.7361,0.6667,0.7455,0.6624,0.6624,0.7686,0.7641,0.77,0.7004,0.7004,0.7162,0,0.7201,0.6683,0.6683,0,0,0,0,0,v1.0.1,2025_12_22,314,315,439.7168,300.4513,300.2373,183.5,185.0583,329.7667,328.1217,445.8696,-6.0732,-4.5825,-0.0001,-0.0,-0.2147,1.566,-0.2135,1.5628,0.6751,148.6943,143.7451,142.7744,145.8281,145.2605,0.6644,0.5967,0.6726,0.6097,0.5967,0.6393,0.5747,0.6347,0.5864,0.5747,0.6257,0.621,0.6442,0.6126,0.6126,0.5693,0.5227,0.5837,0.5552,0.5227,0,0,0,0,0,-0.0028,-0.0345,-0.0051,-0.0394,-0.0394,-0.0089,-0.065,-0.0175,-0.0284,-0.0284,-0.0034,-0.0103,0.0012,-0.0105,-0.0867,-0.0975,-0.0772,-0.0418,-0.0158,0.009,-0.002,-0.0095,0.0059,-0.0155,-0.0011,-0.0042,-0.0304,-0.0112,-0.0063,-0.0112,-0.0084,-0.0002,-0.004,-0.0046,-0.0357,-0.0385,-0.0404,-0.0199,-0.0018,-0.0144,-0.007,-0.1317,0.0064,-0.1121,-0.1121,-0.0154,-0.1195,-0.012,-0.0992,-0.0891,-0.004,-0.0053,0.0197,0.0055,-0.0011,-0.0096,-0.0004,-0.0808,0.0017,-0.0667,-0.0681,0.0078,-0.0864,0.0072,-0.0555,-0.0528,-0.0149,-0.0167,0.005,0.0134,0.0134,-0.0087,-0.0003,True,True
DTC_L_3,LanSi,1,CW_01,C,2026-04-02 13:51:15+08:00,ONLINE,False,,CW_1_01,PASS,,,52.5464738,_2026040213511522402,T20260402135115,DESKTOP-P2DUL42,Loma,1,CW_1_01,2,paul di,2024.0718.155524,V20260126.2,CW_DTCL_DTCR_STC,T20260402135207,52.5464738,True,True,True,True,True,True,True,4S2RND2HBL06DS,v1.0.1,2025_12_22,314.2993,323.365,474.3235,303.0368,294.9669,152.5298,148.5,343.4133,333.7353,489.1103,-6.335,2.791,-0.0001,0.0,-0.2258,1.5576,-0.2198,1.5535,0.6664,155.957,151.9795,150.2627,155.5381,153.4343,0.8094,0.7897,0.8414,0.7377,0.7377,0.7808,0.7601,0.7802,0.7523,0.7523,0.8201,0.8099,0.796,0.7517,0.7382,0.7452,0.7549,0.6889,0.6889,0.8189,0.7124,0.8239,0.8421,0.7124,0.8553,0.7893,0.7371,0.8506,0.8247,0.8208,0.7985,0.7711,0.7371,0,0,0,0,0,v1.0.1,2025_12_22,314.3571,323.4286,475.3704,303.0444,294.8411,151.6093,147.4564,343.4832,333.9209,490.1367,-6.3108,2.8404,-0.0001,0.0,-0.2254,1.5572,-0.2191,1.5535,0.6665,164.0762,159.4678,165.5635,164.9824,163.5225,0.6677,0.6765,0.6988,0.65,0.65,0.66,0.6399,0.6398,0.6477,0.6398,0.6547,0.6618,0.627,0.6191,0.6303,0.6386,0.6278,0.6131,0.6131,0.6636,0.5568,0.6736,0.7075,0.5568,0.6512,0.6532,0.6348,0.6881,0.6687,0.6896,0.6653,0.6014,0.6014,0,0,0,0,0,v1.0.1,2025_12_22,313.0849,315.6698,437.8829,301.5315,299.1,184.9917,184.605,330.437,327.0522,445.8174,-7.155,-3.8105,-0.0001,-0.0,-0.2123,1.5637,-0.2139,1.5634,0.6752,175.4287,174.3779,172.7949,175.1289,174.4326,0.782,0.6829,0.8063,0.6656,0.6656,0.7481,0.6637,0.7557,0.6536,0.6536,0.7694,0.776,0.7433,0.6952,0.6952,0.7288,0,0.722,0.7196,0.7196,0,0,0,0,0,v1.0.1,2025_12_22,313,315.6038,438.708,301.4071,299,184.1026,183.8595,330.4711,327.2203,446.6864,-7.1424,-3.8458,-0.0001,-0.0,-0.2119,1.5642,-0.2141,1.5622,0.6751,148.708,143.8379,143.3262,146.6084,145.6201,0.6525,0.6021,0.6614,0.5813,0.5813,0.6293,0.5593,0.6161,0.5748,0.5593,0.6249,0.6433,0.6107,0.621,0.6107,0.5817,0.5391,0.6054,0.5606,0.5391,0,0,0,0,0,-0.0138,-0.0572,-0.0052,-0.0758,-0.0758,-0.0064,-0.0615,-0.014,-0.0317,-0.0317,-0.0015,-0.009,-0.017,-0.0207,-0.0925,-0.0798,-0.0481,-0.0541,0.0087,0.0075,-0.0165,-0.0198,0.0155,-0.0647,-0.0333,-0.0056,-0.0339,-0.0124,-0.0126,-0.0124,0.0023,0.0115,-0.0266,-0.0204,-0.0392,-0.0366,-0.0209,-0.0099,-0.0063,-0.014,-0.0171,-0.1452,0.006,-0.1278,-0.1278,-0.0034,-0.1225,-0.0018,-0.108,-0.0979,-0.0032,0.0066,-0.007,0.0003,0.0115,-0.0077,-0.0123,-0.0754,-0.0095,-0.0951,-0.0835,-0.0022,-0.1018,-0.0114,-0.0671,-0.0682,-0.0157,0.0056,-0.0285,0.0218,0.0115,0.0037,0.0214,True,True
DTC_R_3,LanSi,1,CW_01,B,2026-04-02 13:51:15+08:00,ONLINE,False,,CW_1_01,PASS,,,52.6023246,_2026040213511517101,T20260402135115,DESKTOP-P2DUL42,Loma,1,CW_1_01,1,paul di,2024.0718.155524,V20260126.2,CW_DTCL_DTCR_STC,T20260402135207,52.6023246,True,True,True,True,True,True,True,4S2RND2HBL0DP6,v1.0.1,2025_12_22,315.403,317.1716,475.5,297.9077,295.9586,148.8345,149.7838,337.2635,335.86,485.3067,-4.9989,-2.2032,-0.0,-0.0,-0.2192,1.5553,-0.2202,1.5492,0.6663,157.2266,155.3135,154.7471,157.0654,156.0881,0.8704,0.8019,0.8717,0.7786,0.7786,0.8164,0.7609,0.8292,0.7813,0.7609,0.8313,0.8132,0.8129,0.8072,0.7387,0.7338,0.7901,0.7763,0.7338,0.823,0.7897,0.7355,0.3423,0.3423,0.8328,0.7717,0.7655,0.8092,0.7677,0.7487,0.8283,0.8465,0.7487,0,0,0,0,0,v1.0.1,2025_12_22,315.3162,317.1912,476.5896,297.806,295.8767,147.8699,148.5,337.5,336,486.4145,-5.0435,-2.1437,-0.0001,-0.0,-0.2191,1.556,-0.2206,1.5487,0.6662,165.3008,159.3477,168.1152,167.8633,165.1567,0.6994,0.6687,0.7127,0.6802,0.6687,0.6749,0.6421,0.6774,0.6536,0.6421,0.6467,0.6541,0.6604,0.6512,0.6296,0.6071,0.6223,0.631,0.6071,0.6691,0.6427,0.6117,0.0785,0.0785,0.6505,0.6585,0.6494,0.6767,0.6323,0.5808,0.6362,0.6731,0.5808,0,0,0,0,0,v1.0.1,2025_12_22,317.6147,328.5505,442.3063,313.7658,303.232,196.944,188.9836,342.6967,332.0625,456.5893,-2.6602,8.2092,-0.0,0.0001,-0.2175,1.5614,-0.209,1.5579,0.6732,176.9629,177.6816,177.7129,178.1201,177.6194,0.8156,0.6568,0.82,0.6383,0.6383,0.7781,0.6378,0.7793,0.6788,0.6378,0.7863,0.7868,0.7654,0.7607,0.7607,0.7394,0.6769,0.6935,0,0.6769,0,0,0,0,0,v1.0.1,2025_12_22,317.6698,328.7736,443.0182,313.7636,303.0744,196.0744,188.0504,342.8319,332.1579,457.3772,-2.7059,8.2641,-0.0,0.0001,-0.2187,1.5607,-0.2075,1.5581,0.6732,149.1367,143.4199,145.1729,147.0146,146.186,0.6702,0.565,0.6778,0.5655,0.565,0.6527,0.557,0.643,0.5793,0.557,0.6526,0.6408,0.6435,0.6421,0.6408,0.5644,0.5464,0.5359,0.3082,0.3082,0,0,0,0,0,0.0079,-0.0698,0.0028,-0.0945,-0.0839,0.0017,-0.0598,0.0085,-0.0606,-0.0538,0.0018,0.0002,0.0033,-0.0102,-0.0628,-0.0794,-0.0092,-0.0498,-0.0106,-0.0445,-0.0081,-0.0394,-0.0075,-0.0427,-0.0388,-0.0038,-0.0399,0.0122,-0.0198,-0.0231,-0.0084,0.0055,-0.002,-0.0166,-0.0357,-0.052,-0.0023,-0.0134,-0.0156,-0.0366,0.0113,-0.1592,0.0105,-0.1867,-0.166,0.0037,-0.1335,0.0054,-0.1047,-0.1335,0.0092,0.0163,0.0207,0.0173,-0.0218,-0.0352,0.0145,-0.1173,0.0053,-0.1115,-0.0907,0.011,-0.0928,-0.0042,-0.0683,-0.0847,0.0091,-0.0091,0.0104,0.0196,0.0183,-0.0303,-0.0438,True,True
DTC_L_5,LanSi,1,CW_01,A,2026-04-02 13:54:10+08:00,ONLINE,False,,CW_1_01,PASS,,,52.5500334,_2026040213541091402,T20260402135410,DESKTOP-P2DUL42,Loma,1,CW_1_01,2,paul di,2024.0718.155524,V20260126.2,CW_DTCL_DTCR_STC,T20260402135503,52.5500334,True,True,True,True,True,True,True,4S2RND2HBL06DS,v1.0.1,2025_12_22,314.25,323.5,474,303.0863,294.8993,152.6711,148.3487,343.3224,333.6957,489.5,-6.4613,2.916,-0.0001,0.0,-0.2266,1.5575,-0.2184,1.5537,0.6665,156.0908,151.458,149.4893,155.1084,153.0366,0.8122,0.7876,0.8335,0.7652,0.7652,0.7781,0.7608,0.7874,0.7537,0.7537,0.8161,0.8264,0.8274,0.7727,0.7531,0.7179,0.7412,0.7199,0.7179,0.7924,0.1833,0.8159,0.8405,0.1833,0.8439,0.7634,0.7526,0.8389,0.8378,0.8246,0.7899,0.7652,0.7526,0,0,0,0,0,v1.0.1,2025_12_22,314.2714,323.5571,475.0576,303.0719,294.8067,151.7133,147.2933,343.5,333.7857,490.5,-6.4571,2.9685,-0.0001,0.0,-0.2262,1.5575,-0.2184,1.5539,0.6667,164.3613,159.125,165.0039,164.8457,163.334,0.6851,0.6809,0.6923,0.6796,0.6796,0.6536,0.6409,0.6352,0.6493,0.6352,0.6612,0.6506,0.6483,0.6305,0.6294,0.6439,0.626,0.6197,0.6197,0.6628,0.5148,0.6888,0.6967,0.5148,0.6535,0.6678,0.6199,0.6698,0.6748,0.6947,0.6746,0.622,0.6199,0,0,0,0,0,v1.0.1,2025_12_22,313,315.8462,437.5702,301.5702,299.084,185.1429,184.5583,330.4167,327.0342,446,-7.2507,-3.7048,-0.0001,-0.0,-0.2136,1.5642,-0.2124,1.5629,0.6753,175.249,174.0059,172.0771,174.9307,174.0657,0.7918,0.6867,0.7957,0.6878,0.6867,0.7394,0.6596,0.7551,0.6882,0.6596,0.7773,0.7785,0.7626,0.6977,0.6977,0.7209,0,0.7264,0.7293,0.7209,0,0,0,0,0,v1.0.1,2025_12_22,313.0874,315.835,438.5,301.5,299.0339,184.1441,183.6417,330.5667,327.094,446.8718,-7.2286,-3.7165,-0.0001,-0.0,-0.2133,1.564,-0.2128,1.5638,0.6754,149.0156,143.749,142.9961,146.8975,145.6646,0.6488,0.6055,0.6674,0.6154,0.6055,0.6263,0.5687,0.6254,0.5815,0.5687,0.6469,0.633,0.6413,0.6087,0.6087,0.583,0.5376,0.5789,0.591,0.5376,0,0,0,0,0,-0.011,-0.0593,-0.0131,-0.0483,-0.0483,-0.0091,-0.0608,-0.0068,-0.0303,-0.0303,-0.0055,0.0075,0.0144,0.0003,-0.0776,-0.1071,-0.0618,-0.0231,-0.0178,-0.0005,0.0009,-0.0154,0.009,-0.0351,-0.0037,-0.012,-0.0329,-0.017,-0.011,-0.017,0.0088,0.0003,-0.0053,-0.009,-0.0401,-0.0313,-0.0227,-0.0033,-0.0071,0.0012,-0.0073,-0.1414,-0.0046,-0.1056,-0.1067,-0.0121,-0.1266,-0.0024,-0.0734,-0.0919,0.0047,0.0091,0.0123,0.0028,0.0036,-0.0033,-0.016,-0.072,-0.0035,-0.061,-0.0593,-0.0052,-0.0924,-0.0021,-0.0604,-0.0588,0.0063,-0.0047,0.0021,0.0095,0.0095,0.005,-0.0051,True,True
DTC_R_5,LanSi,1,CW_01,C,2026-04-02 13:54:10+08:00,ONLINE,False,,CW_1_01,PASS,,,52.5610039,_2026040213541091601,T20260402135410,DESKTOP-P2DUL42,Loma,1,CW_1_01,1,paul di,2024.0718.155524,V20260126.2,CW_DTCL_DTCR_STC,T20260402135503,52.5610039,True,True,True,True,True,True,True,4S2RND2HBL0DP6,v1.0.1,2025_12_22,315.1691,316.2353,475.3258,296.8409,295.7172,148.3862,149.443,336.0805,335.8041,485.277,-5.2082,-2.936,-0.0001,-0.0,-0.22,1.5549,-0.2187,1.5488,0.6663,154.6846,153.8408,154.4424,156.7344,154.9255,0.8654,0.7544,0.866,0.8007,0.7544,0.8202,0.7279,0.8139,0.793,0.7279,0.8115,0.7947,0.8071,0.8183,0.7173,0.663,0.8044,0.7919,0.663,0.8242,0.8023,0.7807,0.2397,0.2397,0.8075,0.7657,0.7593,0.8325,0.786,0.7174,0.8411,0.8482,0.7174,0,0,0,0,0,v1.0.1,2025_12_22,315.1691,316.2353,476.365,296.7153,295.5102,147.3469,148.3467,336.2333,335.86,486.3067,-5.2498,-2.9325,-0.0001,-0.0,-0.22,1.5544,-0.2188,1.5492,0.6662,163.1924,157.7734,167.4062,167.7373,164.0273,0.7036,0.6495,0.711,0.6817,0.6495,0.6858,0.6368,0.6623,0.6586,0.6368,0.6508,0.6504,0.6615,0.6605,0.6146,0.6,0.6309,0.6406,0.6,0.6645,0.6491,0.6632,0.1191,0.1191,0.6272,0.648,0.6555,0.6708,0.6624,0.5503,0.6302,0.6697,0.5503,0,0,0,0,0,v1.0.1,2025_12_22,317.5,327.8868,442.0796,312.7876,302.9833,196.05,188.7107,341.7273,332,456.5,-2.8453,7.4903,-0.0,0.0001,-0.2201,1.5606,-0.2065,1.558,0.673,174.4189,176.0791,177.4014,178.2822,176.5454,0.8116,0.6431,0.829,0.6795,0.6431,0.7766,0.6118,0.775,0.6852,0.6118,0.7744,0.7678,0.759,0.7518,0.7518,0.7353,0.6843,0.7268,0,0.6843,0,0,0,0,0,v1.0.1,2025_12_22,317.4952,327.9429,442.844,312.7798,302.808,195.464,187.925,341.9,332.1062,457.3805,-2.8643,7.5934,-0.0,0.0001,-0.2199,1.5599,-0.2068,1.5579,0.6728,147.1074,141.9932,144.5342,147.0381,145.1682,0.6676,0.5587,0.6678,0.5848,0.5587,0.6467,0.5391,0.6462,0.6011,0.5391,0.6363,0.6306,0.6418,0.6411,0.6306,0.5974,0.5377,0.5866,0.2479,0.2479,0,0,0,0,0,0.0029,-0.1173,-0.0029,-0.0724,-0.1081,0.0055,-0.0928,-0.0068,-0.0489,-0.0868,-0.018,-0.0183,-0.0025,0.0009,-0.0842,-0.1502,0.0051,-0.0342,-0.0094,0.0007,-0.0039,-0.0586,-0.0092,-0.0412,-0.058,0.0071,-0.0452,-0.0029,-0.0148,-0.0284,-0.0043,0.0018,-0.0009,-0.0073,-0.0507,-0.0591,0.0063,-0.0038,-0.0202,0.0149,0.0073,-0.1729,0.0195,-0.1455,-0.1612,0.0022,-0.1595,0.0011,-0.0983,-0.1595,-0.0027,-0.0027,0.0143,0.0084,-0.0259,-0.0019,0.0119,-0.1236,-0.0047,-0.0922,-0.097,0.005,-0.1107,-0.001,-0.0465,-0.1026,-0.0072,-0.0193,0.0087,0.0186,0.0081,0.0027,0.0069,True,True
DTC_R_11,LanSi,1,CW_01,A,2026-04-02 13:56:07+08:00,ONLINE,False,,CW_1_01,FAIL,SFR_VIS_25cm_Ny4_06F_ROI14;SFR_VIS_25cm_Ny4_06F_Min;SFR_VIS_25cm_Ny4_06F_ROI14_Dev,sfr_25Algo,52.1248607,_2026040213560704901,T20260402135607,DESKTOP-P2DUL42,Loma,1,CW_1_01,1,paul di,2024.0718.155524,V20260126.2,CW_DTCL_DTCR_STC,T20260402135659,52.1248607,True,True,True,True,True,True,True,4S2RND2HBL0DP6,v1.0.1,2025_12_22,315.1522,316.2391,474.7868,296.4412,295.5168,147.4564,149.5,336.4133,335.2676,483.7958,-5.4553,-3.4308,-0.0001,-0.0,-0.2229,1.5545,-0.2207,1.5508,0.6654,156.8008,153.9912,153.5781,156.1182,155.1221,0.8813,0.8108,0.871,0.8507,0.8108,0.8115,0.7491,0.8271,0.7887,0.7491,0.823,0.8064,0.8216,0.8234,0.6939,0.6266,0.7588,0.7232,0.6266,0.8423,0.8162,0.79,0.98,0.79,0.8522,0.7855,0.7807,0.8233,0.7982,0.8336,0.7976,0.8455,0.7807,0,0,0,0,0,v1.0.1,2025_12_22,315.1143,316.2714,475.8417,296.2878,295.3841,146.4636,148.3974,336.543,335.4167,484.7153,-5.4692,-3.4438,-0.0001,-0.0,-0.2232,1.5546,-0.2205,1.5503,0.6653,164.7324,159.3525,167.8506,166.9072,164.7107,0.7038,0.6883,0.7208,0.7084,0.6883,0.6856,0.6473,0.6691,0.6559,0.6473,0.6423,0.6569,0.654,0.6635,0.6107,0.5715,0.6,0.6028,0.5715,0.6868,0.6704,0.6524,0.2893,0.2893,0.6573,0.66,0.6456,0.6676,0.6776,0.6554,0.6637,0.6715,0.6456,0,0,0,0,0,v1.0.1,2025_12_22,317.5048,327.9429,441.7321,312.7321,302.9412,195.1597,188.8115,342.0984,331.9115,456,-2.9198,7.2866,-0.0,0.0001,-0.2213,1.561,-0.209,1.5582,0.6722,176.8252,176.3457,176.3438,177.752,176.8167,0.8089,0.7006,0.8328,0.7148,0.7006,0.7673,0.7327,0.7888,0.661,0.661,0.7814,0.764,0.7575,0.7481,0.7481,0.7457,0.6895,0.7186,0,0.6895,0,0,0,0,0,v1.0.1,2025_12_22,317.3962,328,442.4159,312.6195,302.7563,194.6387,187.878,342.3333,331.955,456.8108,-3.0197,7.3805,-0.0,0.0001,-0.2219,1.5609,-0.2097,1.5577,0.6718,148.4434,143.0576,145.0059,145.8994,145.6016,0.6767,0.6119,0.6808,0.601,0.601,0.6386,0.6283,0.6571,0.5882,0.5882,0.6367,0.6305,0.649,0.6245,0.6245,0.5887,0.563,0.5591,0.4499,0.4499,0,0,0,0,0,0.0188,-0.0609,0.0021,-0.0224,-0.0517,-0.0032,-0.0716,0.0064,-0.0532,-0.0656,-0.0065,-0.0066,0.012,0.006,-0.1076,-0.1866,-0.0405,-0.1029,0.0087,0.01,-0.0037,-0.0198,0.0006,-0.0145,-0.0192,0.0069,-0.0347,0.0039,-0.0175,-0.0179,-0.0128,0.0083,-0.0084,-0.0043,-0.0546,-0.0876,-0.0246,-0.0416,0.0021,0.0041,0.0046,-0.1154,0.0233,-0.1102,-0.1037,-0.0071,-0.0386,0.0149,-0.1225,-0.1103,0.0043,-0.0065,0.0128,0.0047,-0.0155,-0.0101,0.021,-0.0704,0.0083,-0.076,-0.0547,-0.0031,-0.0215,0.0099,-0.0594,-0.0535,-0.0068,-0.0194,0.0159,0.002,0.002,-0.006,-0.0206,True,True
DTC_L_11,LanSi,1,CW_01,B,2026-04-02 13:56:07+08:00,ONLINE,False,,CW_1_01,PASS,,,52.1138901,_2026040213560704902,T20260402135607,DESKTOP-P2DUL42,Loma,1,CW_1_01,2,paul di,2024.0718.155524,V20260126.2,CW_DTCL_DTCR_STC,T20260402135659,52.1138901,True,True,True,True,True,True,True,4S2RND2HBL06DS,v1.0.1,2025_12_22,314.0963,322.5481,474.3609,301.8045,294.9276,151.5066,148.4698,342.2886,333.4519,489.0741,-6.4387,1.9444,-0.0001,0.0,-0.2282,1.5587,-0.2181,1.5546,0.6667,156.1621,152.1621,150.3359,155.4385,153.5247,0.82,0.8026,0.8379,0.7924,0.7924,0.7812,0.7425,0.7833,0.7568,0.7425,0.8157,0.8083,0.8211,0.7775,0.735,0.7007,0.7889,0.7157,0.7007,0.8079,0.5119,0.8221,0.8337,0.5119,0.8463,0.7623,0.7305,0.8446,0.8382,0.8294,0.814,0.7744,0.7305,0,0,0,0,0,v1.0.1,2025_12_22,314.1522,322.5725,475.5396,301.6259,294.7815,150.5828,147.3816,342.5,333.6978,490.0791,-6.3895,1.9721,-0.0001,0.0,-0.2286,1.5581,-0.2184,1.5541,0.6663,164.6279,159.8652,166.0234,165.5498,164.0166,0.6735,0.674,0.6927,0.6959,0.6735,0.6711,0.6282,0.6431,0.6577,0.6282,0.6481,0.6469,0.659,0.6293,0.6073,0.6252,0.659,0.5963,0.5963,0.6719,0.4901,0.6793,0.6951,0.4901,0.6516,0.6515,0.614,0.6638,0.6864,0.6925,0.6825,0.6258,0.614,0,0,0,0,0,v1.0.1,2025_12_22,312.9126,314.835,438.0459,300.2844,299.094,183.9744,184.605,329.437,327.0783,445.2783,-7.1528,-4.7382,-0.0001,-0.0,-0.2152,1.5651,-0.2128,1.5621,0.6748,175.6338,174.8574,172.9092,175.2119,174.6531,0.7935,0.71,0.8031,0.6901,0.6901,0.7561,0.6425,0.7489,0.6589,0.6425,0.7836,0.7531,0.7802,0.7077,0.7077,0.7244,0,0.7317,0.7206,0.7206,0,0,0,0,0,v1.0.1,2025_12_22,312.9135,314.7788,438.8496,300.1947,299.0339,183.1441,183.7417,329.5417,327.1271,446.1695,-7.1669,-4.7342,-0.0001,-0.0,-0.2148,1.5652,-0.2133,1.5625,0.6749,149.3369,144.2314,143.4893,147.0127,146.0176,0.6695,0.5928,0.664,0.5974,0.5928,0.635,0.5548,0.6101,0.5896,0.5548,0.6329,0.6447,0.6315,0.6168,0.6168,0.571,0.5103,0.5759,0.5863,0.5103,0,0,0,0,0,-0.0032,-0.0443,-0.0087,-0.0211,-0.0211,-0.006,-0.0791,-0.0109,-0.0272,-0.0415,-0.0059,-0.0106,0.0081,0.0051,-0.0957,-0.1243,-0.0141,-0.0273,-0.0023,0.0057,-0.0107,-0.0223,0.0094,-0.0188,-0.0098,0.0055,-0.0456,-0.0091,-0.0026,-0.024,-0.0043,-0.0034,0.0054,-0.0102,-0.0622,-0.05,0.0103,-0.0267,0.002,-0.0083,-0.0056,-0.1181,0.0028,-0.1033,-0.1033,0.0046,-0.1437,-0.0086,-0.1027,-0.109,0.011,-0.0163,0.0299,0.0128,0.0071,0.002,0.0047,-0.0847,-0.0069,-0.079,-0.072,0.0035,-0.1063,-0.0174,-0.0523,-0.0727,-0.0077,0.007,-0.0077,0.0176,0.0176,-0.007,-0.0081,True,True
DTC_L_13,LanSi,1,CW_01,C,2026-04-02 13:57:42+08:00,ONLINE,False,,CW_1_01,PASS,,,52.7407263,_2026040213574242802,T20260402135742,DESKTOP-P2DUL42,Loma,1,CW_1_01,2,paul di,2024.0718.155524,V20260126.2,CW_DTCL_DTCR_STC,T20260402135835,52.7407263,True,True,True,True,True,True,True,4S2RND2HBL06DS,v1.0.1,2025_12_22,315.2059,322.3676,475.4104,301.709,296.2081,151.7315,150.0134,342.4564,334.6765,487.9632,-5.1971,1.7456,-0.0001,0.0,-0.2277,1.5594,-0.2205,1.5532,0.6661,156.5,152.9385,150.9717,155.873,154.0708,0.8218,0.7911,0.8216,0.7864,0.7864,0.7912,0.7535,0.7903,0.7466,0.7466,0.8112,0.809,0.8177,0.7634,0.7391,0.7196,0.7464,0.7079,0.7079,0.8061,0.721,0.8182,0.7941,0.721,0.8524,0.7809,0.7477,0.8407,0.7962,0.7779,0.7645,0.7699,0.7477,0,0,0,0,0,v1.0.1,2025_12_22,315.223,322.4532,476.4779,301.6397,296.0743,150.8041,148.8993,342.5436,334.8467,489.0657,-5.1957,1.8013,-0.0001,0.0,-0.2278,1.5592,-0.2197,1.553,0.6662,164.1729,160.2227,166.252,165.3076,163.9888,0.6842,0.6744,0.6826,0.702,0.6744,0.6613,0.6357,0.6601,0.6438,0.6357,0.6479,0.6576,0.6393,0.6384,0.6282,0.6303,0.6278,0.6135,0.6135,0.6664,0.5206,0.6899,0.6797,0.5206,0.6517,0.6455,0.6259,0.6754,0.6434,0.6623,0.6653,0.6305,0.6259,0,0,0,0,0,v1.0.1,2025_12_22,314.0388,314.8058,439.0459,300.2844,300.3902,184.187,185.9512,329.4878,328.0431,444.8707,-6.0061,-4.7729,-0.0001,-0.0,-0.2151,1.5662,-0.2136,1.563,0.6751,176.1318,175.3936,173.6611,175.6885,175.2188,0.7925,0.6883,0.8049,0.6791,0.6791,0.7498,0.6579,0.755,0.6783,0.6579,0.7859,0.775,0.7674,0.6996,0.6996,0.7149,0,0.7252,0.6681,0.6681,0,0,0,0,0,v1.0.1,2025_12_22,314.0374,314.6449,439.8108,300.1892,300.2941,183.4286,185.1983,329.6116,328.25,445.5862,-5.9819,-4.8079,-0.0001,-0.0,-0.2139,1.5659,-0.2151,1.5622,0.6748,149.3164,144.7295,143.6279,147.3545,146.2571,0.6662,0.599,0.6675,0.6108,0.599,0.6287,0.5636,0.6084,0.5826,0.5636,0.6349,0.6263,0.6432,0.6129,0.6129,0.5759,0.5459,0.5854,0.5551,0.5459,0,0,0,0,0,-0.0014,-0.0558,-0.025,-0.0271,-0.0271,0.004,-0.0681,-0.0039,-0.0374,-0.0374,-0.0104,-0.0099,0.0047,-0.009,-0.0916,-0.1054,-0.0566,-0.0351,-0.0041,0.0018,0,-0.0219,-0.0007,-0.0127,-0.0089,-0.0043,-0.0381,0.0079,-0.0165,-0.0165,-0.0045,0.0073,-0.0143,-0.0011,-0.0413,-0.0449,-0.0209,-0.0095,-0.0035,0.0023,-0.0066,-0.1398,0.0046,-0.1143,-0.1143,-0.0017,-0.1283,-0.0025,-0.0833,-0.0936,0.0133,0.0056,0.0171,0.0047,-0.0024,-0.0045,0.0014,-0.0785,-0.0034,-0.0656,-0.0658,-0.0028,-0.0975,-0.0191,-0.0593,-0.0639,-0.0057,-0.0114,0.004,0.0137,0.0137,-0.0021,0.0014,True,True
DTC_R_13,LanSi,1,CW_01,B,2026-04-02 13:57:42+08:00,ONLINE,False,,CW_1_01,PASS,,,52.7586789,_2026040213574242201,T20260402135742,DESKTOP-P2DUL42,Loma,1,CW_1_01,1,paul di,2024.0718.155524,V20260126.2,CW_DTCL_DTCR_STC,T20260402135835,52.7586789,True,True,True,True,True,True,True,4S2RND2HBL0DP6,v1.0.1,2025_12_22,315.3556,317,475.5111,297.4,295.8966,148.6759,149.6803,336.898,335.8867,485.5467,-5.034,-2.3959,-0.0001,-0.0,-0.2213,1.5552,-0.219,1.5491,0.666,157.1104,155.5146,154.6475,157.0488,156.0803,0.8657,0.7884,0.8782,0.7611,0.7611,0.8215,0.7514,0.8226,0.8023,0.7514,0.8242,0.8273,0.8112,0.8124,0.7417,0.732,0.8057,0.8058,0.732,0.8343,0.7947,0.7589,0.0886,0.0886,0.8346,0.7662,0.7585,0.8095,0.7682,0.4221,0.8367,0.853,0.4221,0,0,0,0,0,v1.0.1,2025_12_22,315.2847,316.9343,476.635,297.2701,295.7432,147.6554,148.5,337,335.9801,486.457,-5.0714,-2.4367,-0.0001,-0.0,-0.2208,1.5553,-0.2192,1.5488,0.666,163.3516,157.3438,166.1689,166.2432,163.2769,0.7006,0.6569,0.7087,0.6622,0.6569,0.6768,0.6386,0.6689,0.6541,0.6386,0.6489,0.654,0.6621,0.6656,0.6264,0.6489,0.6148,0.6362,0.6148,0.6592,0.6631,0.6508,0.0973,0.0973,0.6455,0.6559,0.6386,0.6712,0.6401,0.5395,0.6253,0.6872,0.5395,0,0,0,0,0,v1.0.1,2025_12_22,317.6422,328.4679,442.3826,313.5478,303.1855,196.7823,188.9758,342.4677,332.1429,456.5804,-2.6342,8.0692,-0.0,0.0001,-0.2185,1.5609,-0.2079,1.5576,0.673,177.1973,178.0771,177.5068,178.5283,177.8274,0.8176,0.6561,0.816,0.6442,0.6442,0.7802,0.6173,0.7842,0.692,0.6173,0.795,0.7739,0.7623,0.7555,0.7555,0.7431,0.6674,0.7178,0,0.6674,0,0,0,0,0,v1.0.1,2025_12_22,317.6239,328.4128,443.1743,313.422,303,196,188.05,342.5833,332.25,457.4138,-2.6804,8.0664,-0.0,0.0001,-0.2183,1.5603,-0.2084,1.5574,0.6727,147.3213,141.2275,143.543,145.6006,144.4231,0.6793,0.5717,0.6762,0.5815,0.5717,0.6423,0.5562,0.6483,0.5954,0.5562,0.6401,0.6462,0.6407,0.6292,0.6292,0.5796,0.5738,0.5626,0.3257,0.3257,0,0,0,0,0,0.0032,-0.0833,0.0093,-0.112,-0.1014,0.0068,-0.0693,0.0019,-0.0396,-0.0633,-0.0053,0.0143,0.0016,-0.005,-0.0598,-0.0812,0.0064,-0.0203,0.0007,-0.0211,-0.0069,-0.0512,-0.0115,-0.0607,-0.0506,-0.0019,-0.0434,0.0037,-0.0193,-0.0266,-0.0062,0.0054,-0.0003,-0.0022,-0.0389,-0.0102,-0.0098,-0.0082,-0.0255,0.0025,0.0133,-0.1599,0.0065,-0.1808,-0.1601,0.0058,-0.154,0.0103,-0.0915,-0.154,0.0179,0.0034,0.0176,0.0121,-0.0181,-0.0109,0.0236,-0.1106,0.0037,-0.0955,-0.084,0.0006,-0.0936,0.0011,-0.0522,-0.0855,-0.0034,-0.0037,0.0076,0.0067,0.0067,-0.0151,-0.0171,True,True
DTC_L_37,LanSi,1,CW_01,A,2026-04-02 13:59:42+08:00,ONLINE,False,,CW_1_01,PASS,,,51.9597299,_2026040213594237302,T20260402135942,DESKTOP-P2DUL42,Loma,1,CW_1_01,2,paul di,2024.0718.155524,V20260126.2,CW_DTCL_DTCR_STC,T20260402140034,51.9597299,True,True,True,True,True,True,True,4S2RND2HBL06DS,v1.0.1,2025_12_22,314.3556,323,474.25,302.7426,294.9392,152.2973,148.5828,342.8344,333.6312,489.5248,-6.3483,2.5798,-0.0001,0.0,-0.2255,1.557,-0.2186,1.555,0.667,156.1768,151.9844,150.1768,155.3057,153.4109,0.8291,0.7853,0.8321,0.7941,0.7853,0.7742,0.7635,0.7875,0.7526,0.7526,0.8237,0.8149,0.8201,0.774,0.7436,0.7335,0.7784,0.7117,0.7117,0.782,0.98,0.8214,0.8382,0.782,0.8557,0.7957,0.7729,0.8393,0.837,0.8259,0.8065,0.7787,0.7729,0,0,0,0,0,v1.0.1,2025_12_22,314.2536,323.029,475.3669,302.4748,294.88,151.3667,147.3533,343.0667,333.7606,490.5,-6.3771,2.5874,-0.0001,0.0,-0.2264,1.5579,-0.219,1.5543,0.6667,164.9814,160.3516,166.209,165.9609,164.3757,0.6983,0.6751,0.6808,0.6881,0.6751,0.6678,0.6372,0.636,0.6537,0.636,0.6462,0.644,0.658,0.6333,0.627,0.6348,0.6403,0.6055,0.6055,0.6566,0.4241,0.6594,0.6957,0.4241,0.6463,0.6466,0.6369,0.6795,0.6868,0.689,0.6652,0.6262,0.6262,0,0,0,0,0,v1.0.1,2025_12_22,313,315.3962,438,301.2545,299.1368,184.7778,184.7107,330.0331,327.1271,445.8305,-7.1051,-4.0416,-0.0001,-0.0,-0.2121,1.5645,-0.2131,1.5624,0.6754,175.252,174.3652,172.4727,174.9219,174.2529,0.7921,0.6752,0.7866,0.6813,0.6752,0.761,0.6584,0.747,0.6641,0.6584,0.7873,0.7756,0.7632,0.707,0.707,0.7337,0,0.7372,0.7375,0.7337,0,0,0,0,0,v1.0.1,2025_12_22,313,315.3962,438.7477,300.9459,299,183.8974,183.7886,330.1138,327.2821,446.547,-7.1363,-4.1199,-0.0001,-0.0,-0.2139,1.5642,-0.2129,1.5618,0.6748,149.8535,144.8535,143.9287,147.6523,146.572,0.6633,0.5799,0.674,0.6085,0.5799,0.6364,0.5701,0.6267,0.5969,0.5701,0.6309,0.6448,0.6409,0.6241,0.6241,0.5988,0.5456,0.5873,0.5907,0.5456,0,0,0,0,0,0.0059,-0.0616,-0.0145,-0.0194,-0.0282,-0.013,-0.0581,-0.0067,-0.0314,-0.0314,0.0021,-0.004,0.0071,0.0016,-0.0871,-0.0915,-0.0246,-0.0313,-0.0282,0.005,0.0141,-0.0212,-0.0025,-0.0266,-0.0082,0.0022,-0.0366,-0.0162,-0.0066,-0.0162,-0.0062,-0.0063,0.0044,-0.0062,-0.0425,-0.0404,-0.0084,-0.0175,-0.0133,-0.0282,-0.007,-0.1529,-0.0137,-0.1121,-0.1182,0.0095,-0.1278,-0.0105,-0.0975,-0.0931,0.0147,0.0062,0.0129,0.0121,0.0164,0.0075,-0.0015,-0.0976,0.0031,-0.0679,-0.0849,0.0049,-0.091,-0.0008,-0.045,-0.0574,-0.0097,0.0071,0.0017,0.0249,0.0249,0.0208,0.0033,True,True
DTC_R_37,LanSi,1,CW_01,C,2026-04-02 13:59:42+08:00,ONLINE,False,,CW_1_01,PASS,,,51.882935,_2026040213594243801,T20260402135942,DESKTOP-P2DUL42,Loma,1,CW_1_01,1,paul di,2024.0718.155524,V20260126.2,CW_DTCL_DTCR_STC,T20260402140034,51.882935,True,True,True,True,True,True,True,4S2RND2HBL0DP6,v1.0.1,2025_12_22,315.3261,317.4058,475.5,298,295.9384,149.2055,149.7368,337.6513,335.9801,486.457,-5.0037,-1.7561,-0.0001,-0.0,-0.2201,1.5555,-0.2211,1.5487,0.6658,157.3447,154.9668,154.5205,157.0332,155.9663,0.8706,0.7777,0.8631,0.7628,0.7628,0.8217,0.7528,0.8255,0.7976,0.7528,0.8282,0.8138,0.8198,0.8214,0.7358,0.7301,0.7874,0.7951,0.7301,0.8328,0.8035,0.7884,0.6282,0.6282,0.8408,0.7721,0.7784,0.7855,0.7935,0.3607,0.8499,0.8515,0.3607,0,0,0,0,0,v1.0.1,2025_12_22,315.3636,317.4895,476.6765,297.9632,295.8125,148.1181,148.5686,337.7451,336.0199,487.543,-5.0118,-1.7282,-0.0001,-0.0,-0.2199,1.5554,-0.2203,1.5494,0.6661,165.6475,159.7627,168.9004,168.2178,165.6321,0.7038,0.6582,0.7077,0.6602,0.6582,0.6862,0.6465,0.6692,0.6643,0.6465,0.6576,0.6544,0.6553,0.6642,0.6179,0.6363,0.6338,0.6427,0.6179,0.6734,0.6668,0.6663,0.1806,0.1806,0.6419,0.656,0.6498,0.6705,0.6455,0.5842,0.6646,0.6737,0.5842,0,0,0,0,0,v1.0.1,2025_12_22,317.5534,328.9903,442.2232,314.1786,303.1707,197.0813,189,343.3548,332.1062,457.5221,-2.6893,8.7254,-0.0,0.0001,-0.2177,1.5617,-0.2108,1.5575,0.6727,177.4316,177.3301,177.3008,178.3623,177.6062,0.8146,0.6425,0.8262,0.6446,0.6425,0.775,0.6226,0.7811,0.6988,0.6226,0.7751,0.7806,0.7624,0.7589,0.7589,0.74,0.6713,0.7202,0,0.6713,0,0,0,0,0,v1.0.1,2025_12_22,317.5524,329.019,443.1545,314.0182,303.0248,196.1653,188.122,343.3333,332.1795,458.2821,-2.6934,8.6636,-0.0,0.0001,-0.2184,1.5614,-0.2096,1.5576,0.6727,149.5703,143.9941,145.8994,147.4697,146.7334,0.6822,0.5646,0.6744,0.5702,0.5646,0.6439,0.5554,0.6602,0.6038,0.5554,0.6445,0.6376,0.6433,0.6442,0.6376,0.5983,0.5534,0.5698,0.338,0.338,0,0,0,0,0,0.0081,-0.094,-0.0058,-0.1103,-0.0997,0.007,-0.0679,0.0048,-0.0443,-0.0619,-0.0013,0.0008,0.0102,0.004,-0.0657,-0.0831,-0.0119,-0.031,-0.0008,0.0084,-0.0037,-0.0499,-0.0125,-0.0627,-0.0493,0.0075,-0.0355,0.004,-0.0091,-0.0187,0.0025,0.0058,-0.0071,-0.0036,-0.0474,-0.0228,0.0092,-0.0017,-0.0113,0.018,0.0103,-0.1735,0.0167,-0.1804,-0.1618,0.0006,-0.1487,0.0072,-0.0847,-0.1487,-0.002,0.0101,0.0177,0.0155,-0.0212,-0.0085,0.0265,-0.1177,0.0019,-0.1068,-0.0911,0.0022,-0.0944,0.013,-0.0438,-0.0863,0.001,-0.0123,0.0102,0.0217,0.0151,0.0036,-0.0099,True,True
DTC_R_38,LanSi,1,CW_01,A,2026-04-02 14:01:17+08:00,ONLINE,False,,CW_1_01,FAIL,SFR_VIS_25cm_Ny4_01F_ROI1;SFR_VIS_25cm_Ny4_01F_ROI2;SFR_VIS_25cm_Ny4_01F_ROI3;SFR_VIS_25cm_Ny4_01F_ROI4;SFR_VIS_25cm_Ny4_01F_Min;SFR_VIS_25cm_Ny4_03F_ROI5;SFR_VIS_25cm_Ny4_03F_ROI6;SFR_VIS_25cm_Ny4_03F_Min;SFR_VIS_25cm_Ny4_06F_ROI9;SFR_VIS_25cm_Ny4_06F_ROI10;SFR_VIS_25cm_Ny4_06F_ROI11;SFR_VIS_25cm_Ny4_06F_Min;SFR_VIS_25cm_Ny4_08F_ROI19;IR_SFR_VIS_25cm_Ny4_01F_ROI1;IR_SFR_VIS_25cm_Ny4_01F_ROI2;IR_SFR_VIS_25cm_Ny4_01F_ROI3;IR_SFR_VIS_25cm_Ny4_01F_ROI4;IR_SFR_VIS_25cm_Ny4_01F_Min;IR_SFR_VIS_25cm_Ny4_03F_ROI5;IR_SFR_VIS_25cm_Ny4_03F_ROI6,sfr_25Algo,52.9874866,_2026040214011710501,T20260402140117,DESKTOP-P2DUL42,Loma,1,CW_1_01,1,paul di,2024.0718.155524,V20260126.2,CW_DTCL_DTCR_STC,T20260402140210,52.9874866,True,True,True,True,True,True,True,4S2RND2HBL0DP6,v1.0.1,2025_12_22,315.0451,316.6165,474.7464,296.6449,295.5556,147.3611,149.5839,336.6779,335.2113,484.2676,-5.4716,-3.1864,-0.0001,-0.0,-0.2239,1.5556,-0.2201,1.5506,0.6655,153.5693,151.8389,149.084,152.3164,151.7021,0.6642,0.5446,0.6451,0.6172,0.5446,0.6673,0.3729,0.6729,0.677,0.3729,0.6446,0.6564,0.6571,0.7851,0.7425,0.7727,0.7194,0.6729,0.6446,0.7595,0.8185,0.5359,0.98,0.5359,0.8252,0.7508,0.7349,0.8145,0.7664,0.7782,0.7445,0.8478,0.7349,0,0,0,0,0,v1.0.1,2025_12_22,315.0429,316.6714,475.8261,296.6667,295.302,146.349,148.3472,336.9514,335.2979,485.2411,-5.5368,-3.1241,-0.0001,-0.0,-0.2233,1.5549,-0.2205,1.5507,0.6654,162.6582,157.7178,164.8164,164.4102,162.4006,0.5394,0.4715,0.545,0.4866,0.4715,0.5482,0.2917,0.5306,0.5916,0.2917,0.492,0.4497,0.5598,0.6389,0.6236,0.647,0.5989,0.5876,0.4497,0.5738,0.6704,0.2946,0.3848,0.2946,0.6378,0.5984,0.6307,0.6754,0.6134,0.6686,0.6376,0.6892,0.5984,0,0,0,0,0,v1.0.1,2025_12_22,317.4423,328.0673,441.646,313.1327,302.84,195.912,188.7787,342.5656,331.7411,456.5268,-3.0104,7.7409,-0.0,0.0001,-0.2192,1.5602,-0.2117,1.5594,0.6722,173.6689,174.0078,171.2861,173.1738,173.0342,0.6002,0.5129,0.6328,0.5262,0.5129,0.6236,0.3026,0.6337,0.5818,0.3026,0.6236,0.7244,0.6195,0.7183,0.6195,0.6762,0.677,0.4781,0,0.4781,0,0,0,0,0,v1.0.1,2025_12_22,317.2336,328.3271,442.5,313,302.6484,194.9375,188,342.5873,331.8991,457.3761,-3.0438,7.7456,-0.0,0.0001,-0.2212,1.5614,-0.2094,1.5571,0.672,147.0801,141.9609,142.2812,144.3428,143.9163,0.4963,0.4208,0.5227,0.4044,0.4044,0.5247,0.188,0.5238,0.5275,0.188,0.4888,0.5865,0.5571,0.6019,0.4888,0.5343,0.5606,0.3112,0.4908,0.3112,0,0,0,0,0,-0.1983,-0.3271,-0.2238,-0.2559,-0.3179,-0.1474,-0.4478,-0.1478,-0.1649,-0.4418,-0.1849,-0.1566,-0.1525,-0.0323,-0.059,-0.0405,-0.0799,-0.1532,-0.0741,-0.2441,-0.1681,-0.2366,-0.1752,-0.2363,-0.236,-0.1305,-0.3903,-0.1346,-0.0818,-0.3735,-0.1631,-0.1989,-0.1026,-0.0289,-0.0417,-0.0121,-0.0257,-0.0568,-0.1109,-0.3537,-0.2041,-0.3031,-0.1767,-0.2988,-0.2914,-0.1508,-0.4687,-0.1402,-0.2017,-0.4687,-0.1535,-0.0461,-0.1252,-0.0251,-0.085,-0.2506,-0.1594,-0.2615,-0.1498,-0.2726,-0.2513,-0.117,-0.4618,-0.1234,-0.1201,-0.4537,-0.1547,-0.0634,-0.076,-0.0206,-0.1337,-0.0604,-0.2685,True,True
DTC_L_38,LanSi,1,CW_01,B,2026-04-02 14:01:17+08:00,ONLINE,False,,CW_1_01,PASS,,,52.8159452,_2026040214011729702,T20260402140117,DESKTOP-P2DUL42,Loma,1,CW_1_01,2,paul di,2024.0718.155524,V20260126.2,CW_DTCL_DTCR_STC,T20260402140210,52.8159452,True,True,True,True,True,True,True,4S2RND2HBL06DS,v1.0.1,2025_12_22,314.2148,322.7778,474.1544,302.0809,294.8533,151.88,148.5168,342.5436,333.3688,489.4752,-6.4784,2.2515,-0.0001,0.0,-0.2282,1.5575,-0.2182,1.5559,0.6667,155.7129,152.04,149.8545,155.377,153.2461,0.8297,0.7899,0.8401,0.7836,0.7836,0.7828,0.7608,0.798,0.7702,0.7608,0.8084,0.8055,0.8124,0.7719,0.7546,0.7254,0.7536,0.7123,0.7123,0.8124,0.98,0.8342,0.8495,0.8124,0.8448,0.7928,0.7438,0.841,0.8212,0.8095,0.7925,0.7718,0.7438,0,0,0,0,0,v1.0.1,2025_12_22,314.2117,322.7883,475.292,302,294.7255,150.9412,147.3816,342.7105,333.6761,490.4648,-6.4426,2.281,-0.0001,0.0,-0.2278,1.5574,-0.2183,1.5547,0.6665,163.4248,158.8838,165.0869,164.5371,162.9832,0.6811,0.6696,0.6862,0.6906,0.6696,0.6629,0.6306,0.653,0.6615,0.6306,0.6463,0.6599,0.6522,0.6466,0.6293,0.6377,0.6337,0.6176,0.6176,0.6679,0.3922,0.6861,0.6954,0.3922,0.6508,0.6422,0.6092,0.6877,0.6909,0.6776,0.6712,0.6293,0.6092,0,0,0,0,0,v1.0.1,2025_12_22,313.0288,315.0481,437.9167,300.6759,299.0672,184.3697,184.6333,329.65,327.0431,445.8707,-7.1622,-4.3771,-0.0001,-0.0,-0.2141,1.5638,-0.2127,1.5636,0.6752,174.8037,174.3105,172.0225,174.6982,173.9587,0.8018,0.6714,0.7946,0.6832,0.6714,0.7497,0.6386,0.7591,0.7005,0.6386,0.7806,0.7693,0.765,0.7071,0.7071,0.7169,0,0.7196,0.7218,0.7169,0,0,0,0,0,v1.0.1,2025_12_22,313.0777,314.9223,438.7193,300.5526,299,183.7094,183.875,329.7417,327.25,446.5862,-7.1156,-4.3976,-0.0001,-0.0,-0.2134,1.5634,-0.2137,1.5631,0.6749,148.6064,143.5283,143.0723,146.4326,145.4099,0.6525,0.586,0.6627,0.6016,0.586,0.6375,0.5653,0.6286,0.5976,0.5653,0.6428,0.6425,0.6416,0.617,0.617,0.5942,0.4904,0.5941,0.5809,0.4904,0,0,0,0,0,0.0065,-0.057,-0.0065,-0.0299,-0.0299,-0.0044,-0.0608,0.0038,-0.0138,-0.0232,-0.0132,-0.0134,-0.0006,-0.0005,-0.0761,-0.0996,-0.0494,-0.0307,0.0022,0.0178,-0.0031,-0.0267,0.0029,-0.0241,-0.0137,-0.0027,-0.0432,0.0008,0.0012,-0.0216,-0.0061,0.0096,-0.0014,0.0071,-0.0402,-0.0375,-0.015,-0.0054,-0.002,-0.0015,0.0027,-0.1567,-0.0057,-0.1102,-0.122,-0.0018,-0.1476,0.0016,-0.0611,-0.1129,0.008,-0.0001,0.0147,0.0122,-0.0004,-0.0101,-0.0123,-0.0915,-0.0082,-0.0748,-0.0788,0.006,-0.0958,0.0011,-0.0443,-0.0622,0.0022,0.0048,0.0024,0.0178,0.0178,0.0162,0.0101,True,True
DTC_L_4,LanSi,1,CW_01,C,2026-04-02 14:03:02+08:00,ONLINE,False,,CW_1_01,PASS,,,52.1136683,_2026040214030254602,T20260402140302,DESKTOP-P2DUL42,Loma,1,CW_1_01,2,paul di,2024.0718.155524,V20260126.2,CW_DTCL_DTCR_STC,T20260402140354,52.1136683,True,True,True,True,True,True,True,4S2RND2HBL06DS,v1.0.1,2025_12_22,315.5,322,475.6296,300.9556,296.3841,150.4636,150.089,341.9315,334.8467,488.1898,-5.0101,1.2081,-0.0001,0.0,-0.2302,1.5593,-0.2194,1.5544,0.666,156.7236,152.3408,150.9521,156.1035,154.03,0.8266,0.8013,0.8249,0.7829,0.7829,0.762,0.7565,0.7856,0.7337,0.7337,0.82,0.8064,0.8054,0.7702,0.7394,0.7269,0.7432,0.7019,0.7019,0.8047,0.6673,0.8091,0.7977,0.6673,0.848,0.7807,0.7375,0.851,0.8004,0.7728,0.7722,0.7736,0.7375,0,0,0,0,0,v1.0.1,2025_12_22,315.3704,321.9556,476.7391,300.8913,296.2185,149.4172,149.0068,342.0952,334.9496,489.223,-5.0431,1.2165,-0.0001,0.0,-0.2293,1.5597,-0.22,1.5538,0.6661,163.5439,159.6279,165.5078,164.2588,163.2346,0.6818,0.6797,0.6876,0.6944,0.6797,0.6488,0.6412,0.6486,0.6442,0.6412,0.6457,0.6638,0.6464,0.6439,0.6178,0.6443,0.6091,0.5988,0.5988,0.6797,0.5741,0.688,0.6744,0.5741,0.659,0.6533,0.6107,0.6681,0.6502,0.663,0.6725,0.6195,0.6107,0,0,0,0,0,v1.0.1,2025_12_22,314.0849,314.3302,439.2072,299.6216,300.561,182.9024,186.2683,328.9268,328.339,444.6695,-5.8079,-5.4099,-0.0001,-0.0001,-0.2165,1.5677,-0.2132,1.5614,0.6749,176.0605,174.9727,173.417,175.665,175.0288,0.7983,0.7041,0.7947,0.6785,0.6785,0.7106,0.6552,0.7381,0.6443,0.6443,0.7728,0.7562,0.7725,0.7002,0.7002,0.723,0,0.7156,0.6686,0.6686,0,0,0,0,0,v1.0.1,2025_12_22,314.0849,314.3302,440,299.5818,300.3689,182.1393,185.3,329.0167,328.453,445.5214,-5.8587,-5.3821,-0.0001,-0.0001,-0.2161,1.5669,-0.213,1.5612,0.6747,148.7998,144.5928,143.3477,146.5146,145.8137,0.666,0.5932,0.6675,0.594,0.5932,0.6067,0.5678,0.6073,0.5722,0.5678,0.6319,0.6276,0.6389,0.6002,0.6002,0.5657,0.5423,0.5834,0.566,0.5423,0,0,0,0,0,0.0034,-0.0456,-0.0217,-0.0306,-0.0306,-0.0252,-0.0651,-0.0086,-0.0503,-0.0503,-0.0016,-0.0125,-0.0076,-0.0022,-0.0913,-0.0981,-0.0598,-0.0411,-0.0055,-0.0073,-0.0024,-0.0166,0.0043,-0.0203,-0.0036,-0.0168,-0.0326,-0.0036,-0.0161,-0.011,-0.0067,0.0135,-0.0072,0.0044,-0.0517,-0.0309,-0.0396,-0.0242,0.0098,0.0004,-0.0008,-0.124,-0.0056,-0.1149,-0.1149,-0.0409,-0.131,-0.0194,-0.1173,-0.1072,0.0002,-0.0132,0.0222,0.0053,0.0057,-0.0141,0.0012,-0.0843,-0.0034,-0.0824,-0.0716,-0.0248,-0.0933,-0.0202,-0.0697,-0.0597,-0.0087,-0.0101,-0.0003,0.001,0.001,-0.0123,-0.0006,True,True
DTC_R_4,LanSi,1,CW_01,B,2026-04-02 14:03:02+08:00,ONLINE,False,,CW_1_01,PASS,,,52.172511,_2026040214030247801,T20260402140302,DESKTOP-P2DUL42,Loma,1,CW_1_01,1,paul di,2024.0718.155524,V20260126.2,CW_DTCL_DTCR_STC,T20260402140354,52.172511,True,True,True,True,True,True,True,4S2RND2HBL0DP6,v1.0.1,2025_12_22,315.3139,317.4526,475.5,298,295.9097,148.9514,149.6755,337.5695,335.8912,485.483,-5.042,-2.0087,-0.0001,-0.0,-0.2203,1.5556,-0.2203,1.5484,0.6658,156.4688,153.7891,153.626,156.1875,155.0178,0.8616,0.7881,0.8754,0.7888,0.7881,0.8107,0.7511,0.8286,0.7764,0.7511,0.8086,0.8122,0.7936,0.8045,0.7498,0.7491,0.7905,0.7652,0.7491,0.8256,0.7878,0.7713,0.5782,0.5782,0.8417,0.7823,0.7296,0.8272,0.7672,0.5087,0.8157,0.8278,0.5087,0,0,0,0,0,v1.0.1,2025_12_22,315.223,317.4532,476.6296,297.9704,295.8562,147.8767,148.4901,337.6623,336,486.5855,-5.0602,-1.9904,-0.0001,-0.0,-0.2196,1.5566,-0.2201,1.548,0.6662,165.1143,160.2803,169.2119,167.8076,165.6035,0.7087,0.6585,0.7213,0.6761,0.6585,0.6735,0.6483,0.6736,0.6501,0.6483,0.6579,0.653,0.6557,0.6575,0.6355,0.6406,0.6127,0.641,0.6127,0.668,0.6635,0.6553,0.0696,0.0696,0.6464,0.6449,0.6327,0.6551,0.6503,0.5726,0.6297,0.6646,0.5726,0,0,0,0,0,v1.0.1,2025_12_22,317.8396,328.8585,442.2844,314.0459,303.2903,197.0081,189.0894,343.0488,332.1053,456.9474,-2.5782,8.4817,-0.0,0.0001,-0.218,1.5604,-0.2093,1.5594,0.6731,176.6387,176.5723,176.3076,177.5967,176.7788,0.8096,0.6413,0.8204,0.6413,0.6413,0.7636,0.6451,0.7825,0.6666,0.6451,0.7839,0.7807,0.7424,0.7447,0.7424,0.737,0.6604,0.7264,0,0.6604,0,0,0,0,0,v1.0.1,2025_12_22,317.6602,328.9806,443.1835,314.0642,303.1311,196.1721,188.187,343.2683,332.3421,457.614,-2.5992,8.5199,-0.0,0.0001,-0.2178,1.5613,-0.2094,1.5566,0.6727,148.8291,143.8184,146.0479,146.7295,146.3562,0.6777,0.5724,0.6726,0.559,0.559,0.6491,0.5579,0.6531,0.5862,0.5579,0.6347,0.6349,0.635,0.6323,0.6323,0.5761,0.5617,0.574,0.2389,0.2389,0,0,0,0,0,-0.0009,-0.0836,0.0065,-0.0843,-0.0744,-0.004,-0.0696,0.0079,-0.0655,-0.0636,-0.0209,-0.0008,-0.016,-0.0129,-0.0517,-0.0641,-0.0088,-0.0609,-0.008,-0.0087,0.0012,-0.0496,0.0011,-0.0468,-0.049,-0.0052,-0.0337,0.0084,-0.0233,-0.0169,0.0028,0.0044,-0.0067,-0.0103,-0.0298,-0.0185,-0.0119,-0.0034,-0.0167,0.007,0.0053,-0.1747,0.0109,-0.1837,-0.163,-0.0108,-0.1262,0.0086,-0.1169,-0.1262,0.0068,0.0102,-0.0023,0.0013,-0.0242,-0.0023,0.022,-0.1099,0.0001,-0.118,-0.0967,0.0074,-0.0919,0.0059,-0.0614,-0.0838,-0.0088,-0.015,0.0019,0.0098,0.0098,-0.0186,-0.0057,True,True
DTC_R_6,LanSi,1,CW_01,C,2026-04-02 14:05:38+08:00,ONLINE,False,,CW_1_01,PASS,,,52.2116431,_2026040214053810801,T20260402140538,DESKTOP-P2DUL42,Loma,1,CW_1_01,1,paul di,2024.0718.155524,V20260126.2,CW_DTCL_DTCR_STC,T20260402140630,52.2116431,True,True,True,True,True,True,True,4S2RND2HBL0DP6,v1.0.1,2025_12_22,315.1533,316.1898,475.2612,296.8955,295.7172,148.3862,149.4768,335.9603,335.7973,484.6351,-5.2188,-3.0866,-0.0001,-0.0,-0.2194,1.555,-0.2183,1.5483,0.6664,156.8037,154.3467,153.8018,156.6924,155.4111,0.8664,0.7853,0.8828,0.7983,0.7853,0.8245,0.7371,0.8179,0.784,0.7371,0.8364,0.8136,0.8211,0.8163,0.719,0.7309,0.8039,0.789,0.719,0.8297,0.801,0.7902,0.98,0.7902,0.8506,0.7808,0.7476,0.8136,0.7925,0.7343,0.8282,0.8429,0.7343,0,0,0,0,0,v1.0.1,2025_12_22,315.1533,316.1898,476.2574,296.8015,295.4558,147.4014,148.2808,336.0753,335.86,485.6933,-5.2986,-3.0677,-0.0001,-0.0,-0.2193,1.5541,-0.2181,1.5487,0.6664,164.6055,159.1367,167.8105,167.3604,164.7283,0.7073,0.6645,0.7072,0.6818,0.6645,0.6775,0.6402,0.6727,0.6656,0.6402,0.6587,0.6471,0.6605,0.6537,0.6266,0.6436,0.6357,0.6416,0.6266,0.6675,0.6512,0.6703,0.1802,0.1802,0.6447,0.6475,0.634,0.6656,0.6538,0.5682,0.6355,0.6747,0.5682,0,0,0,0,0,v1.0.1,2025_12_22,317.4167,327.6481,442.0796,312.7876,303.0492,196.2131,188.6911,341.5772,332,456,-2.8527,7.3452,-0.0,0.0001,-0.2181,1.5614,-0.2073,1.5571,0.6733,176.8516,176.5049,176.4658,177.8994,176.9304,0.8206,0.6402,0.8242,0.6635,0.6402,0.7782,0.612,0.7866,0.6855,0.612,0.7876,0.7798,0.7731,0.7676,0.7676,0.7434,0.6793,0.7126,0,0.6793,0,0,0,0,0,v1.0.1,2025_12_22,317.3925,327.7757,442.8899,312.7248,302.7642,195.3821,187.8607,341.7131,332.1121,456.9224,-2.8961,7.4036,-0.0,0.0001,-0.2188,1.5602,-0.2067,1.5568,0.6729,148.3428,142.8311,144.6709,146.293,145.5344,0.6714,0.5534,0.686,0.5749,0.5534,0.6433,0.563,0.6498,0.5875,0.563,0.6319,0.6354,0.6547,0.6211,0.6211,0.5888,0.547,0.5683,0.4115,0.4115,0,0,0,0,0,0.0039,-0.0864,0.0139,-0.0748,-0.0772,0.0098,-0.0836,-0.0028,-0.0579,-0.0776,0.0069,0.0006,0.0115,-0.0011,-0.0825,-0.0823,0.0046,-0.0371,-0.0039,0.0102,-0.0002,-0.0436,-0.013,-0.0411,-0.043,-0.0012,-0.0418,0.0075,-0.0078,-0.025,0.0036,-0.0015,-0.0019,-0.0141,-0.0387,-0.0155,0.0111,-0.0028,-0.0172,0.022,0.0163,-0.1758,0.0147,-0.1615,-0.1641,0.0038,-0.1593,0.0127,-0.098,-0.1593,0.0105,0.0093,0.0284,0.0242,-0.0178,-0.0161,0.0157,-0.1289,0.0135,-0.1021,-0.1023,0.0016,-0.0868,0.0026,-0.0601,-0.0787,-0.0116,-0.0145,0.0216,-0.0014,-0.0014,-0.0059,-0.0114,True,True
DTC_L_6,LanSi,1,CW_01,A,2026-04-02 14:05:38+08:00,ONLINE,False,,CW_1_01,FAIL,SFR_VIS_25cm_Ny4_06F_ROI14;SFR_VIS_25cm_Ny4_06F_Min;SFR_VIS_25cm_Ny4_03F_ROI6_Dev;SFR_VIS_25cm_Ny4_06F_ROI14_Dev,sfr_25Algo,52.0799956,_2026040214053823002,T20260402140538,DESKTOP-P2DUL42,Loma,1,CW_1_01,2,paul di,2024.0718.155524,V20260126.2,CW_DTCL_DTCR_STC,T20260402140630,52.0799956,True,True,True,True,True,True,True,4S2RND2HBL06DS,v1.0.1,2025_12_22,314.1691,323.7647,474.4328,303.2388,295.0199,153.3245,148.6733,343.4133,333.7353,489.1103,-6.2939,3.0703,-0.0001,0.0,-0.2269,1.5584,-0.2177,1.5525,0.6666,153.8564,151.9209,149.9189,152.4072,152.0259,0.8213,0.7631,0.8365,0.7679,0.7631,0.7822,0.6939,0.7735,0.7557,0.6939,0.8228,0.7751,0.8145,0.769,0.7675,0.6167,0.7536,0.6823,0.6167,0.7965,0.7566,0.7442,0.8353,0.7442,0.8478,0.7412,0.765,0.8148,0.8368,0.8262,0.8129,0.7811,0.7412,0,0,0,0,0,v1.0.1,2025_12_22,314.1691,323.7647,475.6148,303.1111,294.9276,152.3618,147.604,343.5705,333.8369,490.2837,-6.2695,3.1184,-0.0001,0.0,-0.2267,1.5585,-0.2178,1.5527,0.6667,164.748,159.8496,165.9824,164.6504,163.8076,0.6798,0.6658,0.6887,0.6846,0.6658,0.6519,0.6119,0.6429,0.6372,0.6119,0.6422,0.6445,0.6696,0.6364,0.631,0.5792,0.6181,0.5951,0.5792,0.6666,0.5631,0.6279,0.6765,0.5631,0.6513,0.6449,0.6336,0.6578,0.6748,0.6921,0.6684,0.6326,0.6326,0,0,0,0,0,v1.0.1,2025_12_22,313,315.9029,438.1071,301.7411,299.287,185.5478,184.8595,330.5289,327.0862,445.7759,-7.032,-3.6007,-0.0001,-0.0,-0.2122,1.5655,-0.2131,1.5622,0.6756,172.9062,174.4287,172.4678,171.8438,172.9116,0.7964,0.6287,0.7946,0.6636,0.6287,0.7488,0.6309,0.7333,0.6787,0.6309,0.781,0.702,0.7534,0.6867,0.6867,0.7237,0,0.6378,0.741,0.6378,0,0,0,0,0,v1.0.1,2025_12_22,313,315.9029,438.8991,301.6239,299.0708,184.7168,184.1983,330.6116,327.3333,446.6154,-6.9997,-3.6059,-0.0001,-0.0,-0.2124,1.5645,-0.2132,1.5611,0.675,149.9502,144.4512,143.7383,146.709,146.2122,0.6636,0.5555,0.6614,0.584,0.5555,0.641,0.5593,0.6148,0.5875,0.5593,0.6226,0.6051,0.6143,0.6054,0.6051,0.5815,0.5149,0.5413,0.6003,0.5149,0,0,0,0,0,-0.0019,-0.0838,-0.0101,-0.0456,-0.0504,-0.005,-0.1277,-0.0207,-0.0283,-0.0901,0.0012,-0.0438,0.0015,-0.0034,-0.0632,-0.2083,-0.0494,-0.0607,-0.0137,-0.0722,-0.0044,-0.0305,0.0054,-0.0301,-0.0175,-0.0137,-0.0619,-0.0093,-0.0231,-0.0403,-0.0102,-0.0058,0.016,-0.0031,-0.0385,-0.096,-0.0306,-0.0279,-0.0033,-0.0597,-0.0027,-0.1994,-0.0057,-0.1298,-0.1647,-0.0027,-0.1553,-0.0242,-0.0829,-0.1206,0.0084,-0.0674,0.0031,-0.0082,0.0064,-0.0919,-0.0012,-0.122,-0.0095,-0.0924,-0.1093,0.0095,-0.1018,-0.0127,-0.0544,-0.0682,-0.018,-0.0326,-0.0249,0.0062,0.0059,0.0035,-0.0427,True,True
DTC_L_7,LanSi,1,CW_01,B,2026-04-02 14:46:36+08:00,ONLINE,False,,CW_1_01,PASS,,,52.3108058,_2026040214463662402,T20260402144636,DESKTOP-P2DUL42,Loma,1,CW_1_01,2,paul di,2024.0718.155524,V20260126.2,CW_DTCL_DTCR_STC,T20260402144728,52.3108058,True,True,True,True,True,True,True,4S2RND2HBL06DS,v1.0.1,2025_12_22,313.8741,323.2148,473.8284,302.7985,294.5263,151.7697,147.9459,343.2162,333.0993,490.1418,-6.8452,2.7282,-0.0001,0.0,-0.2264,1.5579,-0.2194,1.5556,0.6669,156.5723,152.6074,150.4023,155.1777,153.6899,0.8141,0.7909,0.8362,0.7815,0.7815,0.7573,0.7586,0.7969,0.7555,0.7555,0.8101,0.8171,0.8152,0.764,0.7526,0.7176,0.7579,0.6643,0.6643,0.8022,0.98,0.8048,0.8249,0.8022,0.8313,0.8023,0.7732,0.8433,0.8337,0.8293,0.8062,0.7753,0.7732,0,0,0,0,0,v1.0.1,2025_12_22,313.8921,323.223,474.9209,302.6187,294.4408,150.625,146.8993,343.4094,333.2609,491.1087,-6.8172,2.697,-0.0001,0.0,-0.2267,1.5581,-0.2198,1.5554,0.6667,163.5078,159.6348,165.4297,163.9541,163.1316,0.6793,0.6704,0.6961,0.6926,0.6704,0.6342,0.6313,0.6377,0.6546,0.6313,0.6405,0.6565,0.6503,0.6356,0.6259,0.6211,0.635,0.5873,0.5873,0.6692,0.5487,0.67,0.6885,0.5487,0.6661,0.6721,0.6407,0.6835,0.6855,0.681,0.6723,0.6123,0.6123,0,0,0,0,0,v1.0.1,2025_12_22,312.8286,315.5429,437.5478,301.3826,298.8,184.225,184.3417,330.3917,326.8632,446.2222,-7.4237,-3.9471,-0.0001,-0.0,-0.2125,1.5639,-0.2145,1.5633,0.675,175.6592,175.1172,173.1016,175.1621,174.76,0.7823,0.6918,0.8101,0.6766,0.6766,0.7467,0.6456,0.7608,0.6903,0.6456,0.7896,0.7684,0.7679,0.7063,0.7063,0.7255,0,0.7181,0.7358,0.7181,0,0,0,0,0,v1.0.1,2025_12_22,312.8286,315.4571,438.3784,301.2072,298.6303,183.5378,183.453,330.3846,326.8729,447.1695,-7.4674,-3.9487,-0.0001,-0.0,-0.2125,1.5631,-0.2144,1.5641,0.6751,148.2305,144.0186,143.1562,145.8438,145.3123,0.6661,0.5893,0.6641,0.6006,0.5893,0.6329,0.5515,0.6254,0.6014,0.5515,0.6346,0.6304,0.6355,0.5988,0.5988,0.5858,0.5521,0.5615,0.5842,0.5521,0,0,0,0,0,-0.0091,-0.056,-0.0104,-0.032,-0.032,-0.0299,-0.063,0.0027,-0.0285,-0.0285,-0.0115,-0.0018,0.0022,-0.0084,-0.0781,-0.1074,-0.0451,-0.0787,-0.008,-0.0116,-0.0049,-0.0259,0.0128,-0.0221,-0.0129,-0.0314,-0.0425,-0.0145,-0.0057,-0.0209,-0.0119,0.0062,-0.0033,-0.0039,-0.0436,-0.0541,-0.0137,-0.0357,-0.0007,-0.0176,-0.0168,-0.1363,0.0098,-0.1168,-0.1168,-0.0048,-0.1406,0.0033,-0.0713,-0.1059,0.017,-0.001,0.0176,0.0114,0.0082,-0.0116,0.0013,-0.0882,-0.0068,-0.0758,-0.0755,0.0014,-0.1096,-0.0021,-0.0405,-0.076,-0.006,-0.0073,-0.0037,-0.0004,-0.0004,0.0078,-0.0225,True,True
DTC_R_7,LanSi,1,CW_01,A,2026-04-02 14:46:36+08:00,ONLINE,False,,CW_1_01,PASS,,,52.2270291,_2026040214463669201,T20260402144636,DESKTOP-P2DUL42,Loma,1,CW_1_01,1,paul di,2024.0718.155524,V20260126.2,CW_DTCL_DTCR_STC,T20260402144728,52.2270291,True,True,True,True,True,True,True,4S2RND2HBL0DP6,v1.0.1,2025_12_22,315.0896,316.403,474.7132,296.4118,295.5306,147.3129,149.5,336.4133,335.1489,483.9433,-5.5035,-3.4031,-0.0001,-0.0,-0.2241,1.5551,-0.2197,1.5511,0.6656,156.9102,154.2822,153.5479,156.9609,155.4253,0.8759,0.837,0.8818,0.8273,0.8273,0.8199,0.7597,0.8204,0.7614,0.7597,0.8133,0.7957,0.8296,0.8226,0.7666,0.7512,0.7612,0.7002,0.7002,0.8321,0.8073,0.7889,0.98,0.7889,0.8335,0.796,0.7916,0.8247,0.8039,0.8649,0.7206,0.8399,0.7206,0,0,0,0,0,v1.0.1,2025_12_22,315.0935,316.4029,475.8417,296.2878,295.3467,146.3467,148.4564,336.5973,335.1915,484.9078,-5.514,-3.3915,-0.0001,-0.0,-0.224,1.5547,-0.2201,1.5516,0.6655,164.833,159.582,167.9014,166.9268,164.8108,0.6971,0.6896,0.7181,0.7015,0.6896,0.6832,0.6396,0.6712,0.6461,0.6396,0.6445,0.6463,0.6598,0.6537,0.6374,0.6309,0.6147,0.6098,0.6098,0.6683,0.656,0.6568,0.1551,0.1551,0.6352,0.6595,0.6554,0.6772,0.6554,0.651,0.6261,0.677,0.6261,0,0,0,0,0,v1.0.1,2025_12_22,317.2925,327.8868,441.6667,312.6667,302.8211,195.3252,188.72,342.144,331.7193,456.0965,-3.0561,7.3238,-0.0,0.0001,-0.2213,1.5615,-0.2099,1.5582,0.6721,177.0576,176.8418,176.4785,178.1904,177.1421,0.8127,0.7232,0.8243,0.7126,0.7126,0.7674,0.6625,0.7769,0.6428,0.6428,0.7773,0.7613,0.7577,0.7537,0.7537,0.7527,0.6923,0.722,0,0.6923,0,0,0,0,0,v1.0.1,2025_12_22,317.2885,328,442.5,312.5965,302.7097,194.7661,187.813,342.2683,331.7207,456.6937,-3.0936,7.3649,-0.0,0.0001,-0.2219,1.5613,-0.2092,1.5586,0.6722,148.5322,143.3096,144.9238,146.4102,145.7939,0.6734,0.6155,0.6956,0.6161,0.6155,0.6471,0.5833,0.6725,0.5748,0.5748,0.6393,0.6359,0.6329,0.6187,0.6187,0.5829,0.5496,0.5871,0.4176,0.4176,0,0,0,0,0,0.0134,-0.0347,0.0129,-0.0458,-0.0352,0.0052,-0.061,-0.0003,-0.0805,-0.055,-0.0162,-0.0173,0.02,0.0052,-0.0349,-0.062,-0.0381,-0.1259,-0.0015,0.0089,-0.0104,-0.0185,-0.0021,-0.0214,-0.0179,0.0045,-0.0424,0.006,-0.0273,-0.0256,-0.0106,-0.0023,-0.0026,-0.0141,-0.0279,-0.0282,-0.0099,-0.0346,-0.0164,0.0085,0.0084,-0.0928,0.0148,-0.1124,-0.0917,-0.007,-0.1088,0.003,-0.1407,-0.1285,0.0002,-0.0092,0.013,0.0103,-0.0085,-0.0067,0.0177,-0.0668,0.0231,-0.0609,-0.0402,0.0054,-0.0665,0.0253,-0.0728,-0.0669,-0.0042,-0.014,-0.0002,-0.0038,-0.0038,-0.0118,0.0074,True,True
DTC_R_8,LanSi,1,CW_01,B,2026-04-02 14:48:24+08:00,ONLINE,False,,CW_1_01,PASS,,,51.7540316,_2026040214482469101,T20260402144824,DESKTOP-P2DUL42,Loma,1,CW_1_01,1,paul di,2024.0718.155524,V20260126.2,CW_DTCL_DTCR_STC,T20260402144916,51.7540316,True,True,True,True,True,True,True,4S2RND2HBL0DP6,v1.0.1,2025_12_22,315.146,317.1095,474.7279,297.2647,295.483,147.7143,149.5724,337.3618,335.2639,484.5208,-5.4614,-2.7058,-0.0001,-0.0,-0.2232,1.5547,-0.2212,1.5507,0.6653,156.9707,155.0449,154.1426,156.6895,155.7119,0.8758,0.84,0.8863,0.8341,0.8341,0.8166,0.7982,0.8079,0.7711,0.7711,0.8205,0.8136,0.8236,0.817,0.7771,0.7647,0.7469,0.72,0.72,0.8317,0.8205,0.7687,0.98,0.7687,0.8384,0.7793,0.7903,0.819,0.7999,0.7765,0.7205,0.8446,0.7205,0,0,0,0,0,v1.0.1,2025_12_22,315.0429,317.1071,475.7591,297.1533,295.2585,146.8027,148.457,337.3974,335.4828,485.5448,-5.5,-2.6989,-0.0001,-0.0,-0.223,1.5546,-0.2207,1.5495,0.6651,165.2773,158.9346,167.8086,167.957,164.9944,0.7091,0.7012,0.7124,0.6926,0.6926,0.6855,0.6682,0.6618,0.6574,0.6574,0.6422,0.6609,0.6634,0.6608,0.6423,0.6487,0.6047,0.613,0.6047,0.6905,0.658,0.6555,0.1761,0.1761,0.654,0.6575,0.6465,0.6707,0.6753,0.6215,0.6193,0.6864,0.6193,0,0,0,0,0,v1.0.1,2025_12_22,317.4352,328.8148,441.5263,313.5263,302.9508,196,188.7581,342.8387,331.9292,456.7168,-2.9801,8.0793,-0.0,0.0001,-0.2221,1.5617,-0.208,1.5574,0.6722,176.8535,177.5576,177.5098,178.1924,177.5283,0.8029,0.7249,0.8317,0.7228,0.7228,0.77,0.6553,0.7817,0.6673,0.6553,0.7683,0.7781,0.7738,0.7574,0.7574,0.7495,0.7005,0.7151,0,0.7005,0,0,0,0,0,v1.0.1,2025_12_22,317.3551,328.8224,442.4298,313.5702,302.748,195.2846,187.9587,343.0661,331.9182,457.5727,-3.018,8.1632,-0.0,0.0001,-0.2208,1.5613,-0.2091,1.5576,0.6723,148.7549,142.8213,144.7363,146.7646,145.7693,0.665,0.6158,0.6815,0.6151,0.6151,0.6427,0.5852,0.6544,0.5749,0.5749,0.629,0.6278,0.6418,0.6345,0.6278,0.5744,0.5626,0.5562,0.3672,0.3672,0,0,0,0,0,0.0133,-0.0317,0.0174,-0.039,-0.0284,0.0019,-0.0225,-0.0128,-0.0708,-0.0436,-0.009,0.0006,0.014,-0.0004,-0.0244,-0.0485,-0.0524,-0.1061,-0.0019,-0.0113,0.0016,-0.0069,-0.0078,-0.0303,-0.0149,0.0068,-0.0138,-0.0034,-0.016,-0.0078,-0.0129,0.0123,0.001,-0.007,-0.023,-0.0104,-0.0199,-0.0314,0.0058,0.0072,-0.0014,-0.0911,0.0222,-0.1022,-0.0815,-0.0044,-0.116,0.0078,-0.1162,-0.116,-0.0088,0.0076,0.0291,0.014,-0.0117,-0.0136,0.0093,-0.0665,0.009,-0.0619,-0.0406,0.001,-0.0646,0.0072,-0.0727,-0.0668,-0.0145,-0.0221,0.0087,0.012,0.0053,-0.0203,-0.0235,True,True
DTC_L_8,LanSi,1,CW_01,C,2026-04-02 14:48:24+08:00,ONLINE,False,,CW_1_01,PASS,,,51.8926609,_2026040214482457402,T20260402144824,DESKTOP-P2DUL42,Loma,1,CW_1_01,2,paul di,2024.0718.155524,V20260126.2,CW_DTCL_DTCR_STC,T20260402144916,51.8926609,True,True,True,True,True,True,True,4S2RND2HBL06DS,v1.0.1,2025_12_22,315.2993,321.365,475.5564,300.1955,296.3248,149.8344,150.1027,341.1918,334.8417,487.2878,-5.075,0.4749,-0.0001,0.0,-0.2308,1.5601,-0.2189,1.553,0.6658,156.0752,152.5908,150.5869,156.0859,153.8347,0.824,0.7959,0.825,0.7893,0.7893,0.7928,0.761,0.7929,0.7609,0.7609,0.8277,0.814,0.8185,0.7438,0.7402,0.7199,0.7418,0.6981,0.6981,0.8083,0.7061,0.8035,0.7897,0.7061,0.8376,0.8203,0.7589,0.83,0.8022,0.7575,0.7768,0.7812,0.7575,0,0,0,0,0,v1.0.1,2025_12_22,315.3261,321.4058,476.6103,300.1765,296.129,148.8516,149.0405,341.4189,334.8759,488.5328,-5.1036,0.5771,-0.0001,0.0,-0.2304,1.5595,-0.2193,1.5538,0.6659,162.6035,159.5918,165.3105,164.0068,162.8782,0.692,0.6839,0.6787,0.689,0.6787,0.6567,0.6356,0.6388,0.6526,0.6356,0.6511,0.6647,0.6545,0.6275,0.6103,0.6255,0.632,0.6139,0.6103,0.661,0.5629,0.6869,0.6635,0.5629,0.6547,0.6745,0.6301,0.6657,0.6945,0.6616,0.6708,0.6202,0.6202,0,0,0,0,0,v1.0.1,2025_12_22,314.0849,313.6698,439.2054,299.0804,300.4538,182.4118,186.1639,328.4262,328.2373,444,-5.8709,-5.9824,-0.0001,-0.0001,-0.2156,1.5668,-0.2143,1.5621,0.6748,175.0479,175.0146,173.4297,175.3496,174.7104,0.7912,0.7028,0.8046,0.6731,0.6731,0.7467,0.6551,0.7626,0.6576,0.6551,0.7915,0.7652,0.7584,0.6897,0.6897,0.7204,0,0.7217,0.6567,0.6567,0,0,0,0,0,v1.0.1,2025_12_22,314.0762,313.7238,439.9459,298.9459,300.2397,181.8843,185.2645,328.5372,328.2821,444.9487,-5.9383,-5.892,-0.0001,-0.0001,-0.2164,1.5657,-0.214,1.5624,0.6745,147.5693,144.0498,142.6699,145.8545,145.0359,0.6641,0.5994,0.6612,0.6073,0.5994,0.6322,0.5601,0.617,0.5808,0.5601,0.6406,0.6143,0.6429,0.6024,0.6024,0.5808,0.5474,0.5954,0.5567,0.5474,0,0,0,0,0,0.0008,-0.051,-0.0216,-0.0242,-0.0242,0.0056,-0.0606,-0.0013,-0.0231,-0.0231,0.0061,-0.0049,0.0055,-0.0286,-0.0905,-0.1051,-0.0612,-0.0449,-0.0019,-0.0129,0.0078,-0.0124,-0.0046,-0.0257,-0.0046,-0.0089,-0.0382,-0.0134,-0.0077,-0.0166,-0.0013,0.0144,0.0009,-0.012,-0.0592,-0.0497,-0.0167,-0.0091,-0.0089,-0.0007,-0.0079,-0.1253,0.0043,-0.1203,-0.1203,-0.0048,-0.1311,0.0051,-0.104,-0.0964,0.0189,-0.0042,0.0081,-0.0052,0.0031,-0.008,-0.0007,-0.0781,-0.0097,-0.0691,-0.0654,0.0007,-0.101,-0.0105,-0.0611,-0.0674,0,-0.0234,0.0037,0.0032,0.0032,0.0028,0.0114,True,True
DTC_R_9,LanSi,1,CW_01,C,2026-04-02 14:50:02+08:00,ONLINE,False,,CW_1_01,PASS,,,52.3160162,_2026040214500226301,T20260402145002,DESKTOP-P2DUL42,Loma,1,CW_1_01,1,paul di,2024.0718.155524,V20260126.2,CW_DTCL_DTCR_STC,T20260402145054,52.3160162,True,True,True,True,True,True,True,4S2RND2HBL0DP6,v1.0.1,2025_12_22,315.4167,317.8712,475.4812,298.3083,295.898,149.585,149.6623,337.7219,335.9122,484.9527,-5.026,-1.8122,-0.0001,-0.0,-0.2211,1.5548,-0.2187,1.5482,0.6658,156.7559,154.0654,153.3154,156.2041,155.0852,0.872,0.7974,0.8745,0.7752,0.7752,0.8214,0.7682,0.816,0.7756,0.7682,0.8254,0.8066,0.8026,0.8228,0.7249,0.7356,0.759,0.7389,0.7249,0.8198,0.8129,0.7888,0.9051,0.7888,0.8362,0.7672,0.7571,0.8276,0.7867,0.9185,0.8301,0.8453,0.7571,0,0,0,0,0,v1.0.1,2025_12_22,315.292,317.7664,476.708,298.2336,295.6966,148.5448,148.5811,337.9595,335.9595,486.0203,-5.0526,-1.7951,-0.0001,-0.0,-0.2199,1.555,-0.22,1.5481,0.6658,164.5674,159.2422,168.0234,167.1367,164.7424,0.7036,0.667,0.7134,0.6617,0.6617,0.6817,0.6467,0.6726,0.6563,0.6467,0.6496,0.6569,0.6414,0.6523,0.629,0.6451,0.6318,0.6242,0.6242,0.6509,0.6635,0.648,0.0234,0.0234,0.6437,0.6594,0.6528,0.6694,0.65,0.5021,0.6358,0.6736,0.5021,0,0,0,0,0,v1.0.1,2025_12_22,317.75,329.125,442.2946,314.3304,303.1613,197.3226,189,343.4127,332.1518,456.5536,-2.6285,8.6488,-0.0,0.0001,-0.2177,1.56,-0.21,1.5577,0.6725,176.6162,176.3418,176.3867,177.7344,176.7698,0.8116,0.6622,0.8299,0.6152,0.6152,0.7837,0.6509,0.7934,0.6658,0.6509,0.7788,0.7828,0.76,0.763,0.76,0.742,0.669,0.7139,0,0.669,0,0,0,0,0,v1.0.1,2025_12_22,317.6635,329.0769,443.2162,314.2613,303,196.6585,188.0806,343.3629,332.2456,457.4211,-2.6588,8.6561,-0.0,0.0001,-0.2169,1.56,-0.2093,1.5571,0.6727,148.2822,143.0908,144.9424,146.2031,145.6296,0.6684,0.5763,0.6888,0.5444,0.5444,0.6515,0.5782,0.6539,0.5745,0.5745,0.6144,0.6298,0.6359,0.6472,0.6144,0.5731,0.5527,0.5825,0.2718,0.2718,0,0,0,0,0,0.0095,-0.0743,0.0056,-0.0979,-0.0873,0.0067,-0.0525,-0.0047,-0.0663,-0.0465,-0.0041,-0.0064,-0.007,0.0054,-0.0766,-0.0776,-0.0403,-0.0872,-0.0138,0.0088,-0.0039,-0.0411,-0.0068,-0.0612,-0.0458,0.003,-0.0353,0.0074,-0.0171,-0.0185,-0.0055,0.0083,-0.021,-0.0155,-0.0363,-0.014,0.0072,-0.0202,-0.0338,-0.0003,0.0073,-0.1538,0.0204,-0.2098,-0.1891,0.0093,-0.1204,0.0195,-0.1177,-0.1204,0.0017,0.0123,0.0153,0.0196,-0.0192,-0.0148,0.0127,-0.106,0.0163,-0.1326,-0.1113,0.0098,-0.0716,0.0067,-0.0731,-0.0672,-0.0291,-0.0201,0.0028,0.0247,-0.0081,-0.0216,0.0028,True,True
DTC_L_9,LanSi,1,CW_01,A,2026-04-02 14:50:02+08:00,ONLINE,False,,CW_1_01,PASS,,,52.4576379,_2026040214500213302,T20260402145002,DESKTOP-P2DUL42,Loma,1,CW_1_01,2,paul di,2024.0718.155524,V20260126.2,CW_DTCL_DTCR_STC,T20260402145054,52.4576379,True,True,True,True,True,True,True,4S2RND2HBL06DS,v1.0.1,2025_12_22,314.2222,322.8667,474.1691,302.2353,294.973,152.2095,148.457,342.6026,333.5149,489.0373,-6.4328,2.2903,-0.0001,0.0,-0.2278,1.558,-0.218,1.5547,0.6667,156.6279,152.5342,150.4395,155.3721,153.7434,0.822,0.7807,0.8292,0.779,0.779,0.7766,0.7635,0.7893,0.7494,0.7494,0.8198,0.8092,0.8229,0.7738,0.7949,0.6917,0.7609,0.6956,0.6917,0.8132,0.98,0.8269,0.8124,0.8124,0.8328,0.8037,0.7715,0.8419,0.8054,0.7999,0.8069,0.7651,0.7651,0,0,0,0,0,v1.0.1,2025_12_22,314.1957,322.8333,475.2609,302.1087,294.9048,151.2381,147.3289,342.7114,333.6739,490.0362,-6.4272,2.2856,-0.0001,0.0,-0.2275,1.5583,-0.2181,1.5543,0.6668,163.1553,159.1406,165.1172,163.4863,162.7249,0.6803,0.6788,0.6813,0.6947,0.6788,0.6528,0.631,0.6304,0.6553,0.6304,0.6528,0.6507,0.6443,0.6307,0.6442,0.6078,0.63,0.6098,0.6078,0.6525,0.5964,0.6805,0.6655,0.5964,0.6644,0.6617,0.6351,0.6793,0.6887,0.6683,0.6838,0.6119,0.6119,0,0,0,0,0,v1.0.1,2025_12_22,313.0476,315.181,437.9818,300.8455,299.1707,184.0813,184.5847,329.6525,327.1739,445.4609,-7.1082,-4.4558,-0.0001,-0.0,-0.2137,1.5648,-0.2117,1.5623,0.6754,175.8584,174.8438,173.2471,174.8018,174.6877,0.7825,0.6804,0.8009,0.6764,0.6764,0.7545,0.6628,0.7511,0.6765,0.6628,0.788,0.7736,0.7815,0.6892,0.6892,0.7405,0,0.7243,0.696,0.696,0,0,0,0,0,v1.0.1,2025_12_22,312.9706,315.049,438.7321,300.7321,299.1186,183.2034,183.8595,329.6942,327.2353,446.2185,-7.1168,-4.5205,-0.0001,-0.0,-0.2128,1.5656,-0.2124,1.562,0.6756,148.207,143.752,142.835,145.3643,145.0396,0.6735,0.577,0.6659,0.596,0.577,0.6311,0.5703,0.6202,0.5773,0.5703,0.6272,0.6227,0.6347,0.617,0.617,0.5794,0.5559,0.5982,0.5681,0.5559,0,0,0,0,0,-0.0012,-0.0662,-0.0174,-0.0345,-0.0345,-0.0106,-0.0581,-0.0049,-0.0346,-0.0346,-0.0018,-0.0097,0.0099,0.0014,-0.0358,-0.1333,-0.0421,-0.0474,0.003,0.0105,-0.0039,-0.0175,-0.002,-0.02,-0.0045,-0.0128,-0.0428,-0.0218,-0.005,-0.0218,0.0004,0.0004,-0.0093,-0.0088,-0.0253,-0.0674,-0.0187,-0.0132,-0.0174,-0.0071,-0.0166,-0.1477,0.0006,-0.117,-0.117,0.003,-0.1234,-0.0064,-0.0851,-0.0887,0.0154,0.0042,0.0312,-0.0057,0.0232,-0.0054,0.0087,-0.1005,-0.005,-0.0804,-0.0878,-0.0004,-0.0908,-0.0073,-0.0646,-0.0572,-0.0134,-0.015,-0.0045,0.0178,0.0178,0.0014,0.0142,True,True
DTC_L_10,LanSi,1,CW_01,B,2026-04-02 14:51:40+08:00,ONLINE,False,,CW_1_01,PASS,,,53.361519,_2026040214514041002,T20260402145140,DESKTOP-P2DUL42,Loma,1,CW_1_01,2,paul di,2024.0718.155524,V20260126.2,CW_DTCL_DTCR_STC,T20260402145233,53.361519,True,True,True,True,True,True,True,4S2RND2HBL06DS,v1.0.1,2025_12_22,315.2647,322.3309,475.4741,301.4593,296.5,151.68,150,342.1419,334.7852,487.7778,-5.0952,1.578,-0.0001,0.0,-0.229,1.5608,-0.2188,1.5528,0.6664,156.2383,151.8838,149.9629,155.1748,153.3149,0.8286,0.7725,0.8271,0.7696,0.7696,0.7898,0.7626,0.7838,0.7363,0.7363,0.8047,0.8153,0.8156,0.7829,0.7403,0.7212,0.758,0.6836,0.6836,0.8052,0.735,0.8065,0.7928,0.735,0.8558,0.7417,0.735,0.825,0.8143,0.7796,0.7759,0.766,0.735,0,0,0,0,0,v1.0.1,2025_12_22,315.2086,322.3669,476.5429,301.4286,296.2933,150.7667,148.9324,342.3514,334.8478,488.7609,-5.135,1.6349,-0.0001,0.0,-0.2285,1.5605,-0.2191,1.5528,0.6664,164.2686,159.4707,165.2725,164.9619,163.4934,0.6962,0.6647,0.6851,0.6973,0.6647,0.6567,0.6359,0.6467,0.651,0.6359,0.6562,0.6467,0.6427,0.6348,0.6227,0.6382,0.6419,0.5939,0.5939,0.6684,0.52,0.6725,0.6808,0.52,0.6563,0.628,0.6126,0.686,0.6727,0.656,0.6737,0.6288,0.6126,0,0,0,0,0,v1.0.1,2025_12_22,314.0849,314.6698,439.1284,300.1284,300.686,184.0496,186.2941,329.4118,328.3103,444.5,-5.7992,-4.9481,-0.0001,-0.0,-0.2153,1.5681,-0.2143,1.5611,0.6749,175.3633,174.542,172.4453,174.8096,174.29,0.7875,0.6654,0.7999,0.6583,0.6583,0.7424,0.6547,0.7493,0.6573,0.6547,0.7724,0.7709,0.7608,0.7034,0.7034,0.7097,0,0.7194,0.6732,0.6732,0,0,0,0,0,v1.0.1,2025_12_22,314.0849,314.6698,439.8938,300.0088,300.4538,183.3697,185.4322,329.4322,328.4035,445.3684,-5.8464,-4.9302,-0.0001,-0.0,-0.2155,1.5668,-0.2137,1.5612,0.6747,149.3643,144.4102,143.2188,146.7871,145.9451,0.6685,0.573,0.6744,0.59,0.573,0.63,0.5697,0.6236,0.5822,0.5697,0.6277,0.6409,0.6604,0.615,0.615,0.5811,0.4816,0.5885,0.5595,0.4816,0,0,0,0,0,0.0054,-0.0744,-0.0195,-0.0439,-0.0439,0.0026,-0.059,-0.0104,-0.0477,-0.0477,-0.0169,-0.0036,0.0026,0.0105,-0.0904,-0.1038,-0.045,-0.0594,-0.005,-0.0099,0.012,-0.0316,0.0018,-0.0174,-0.0186,-0.0089,-0.0379,-0.0055,-0.0093,-0.0163,0.0038,-0.0036,-0.0109,-0.0047,-0.0468,-0.037,-0.0068,-0.0291,-0.0015,-0.0151,-0.0116,-0.1627,-0.0004,-0.1351,-0.1351,-0.0091,-0.1315,-0.0082,-0.1043,-0.0968,-0.0002,0.0015,0.0105,0.0085,-0.0076,-0.0103,0.0037,-0.1045,0.0035,-0.0864,-0.0918,-0.0015,-0.0914,-0.0039,-0.0597,-0.0578,-0.0129,0.0032,0.0212,0.0158,0.0158,0.0031,0.0045,True,True
DTC_R_10,LanSi,1,CW_01,A,2026-04-02 14:51:40+08:00,ONLINE,False,,CW_1_01,PASS,,,53.5958921,_2026040214514019701,T20260402145140,DESKTOP-P2DUL42,Loma,1,CW_1_01,1,paul di,2024.0718.155524,V20260126.2,CW_DTCL_DTCR_STC,T20260402145233,53.5958921,True,True,True,True,True,True,True,4S2RND2HBL0DP6,v1.0.1,2025_12_22,315.0882,316.5,474.7353,296.6691,295.4354,147.3197,149.5,336.5867,335.234,483.8298,-5.5014,-3.3189,-0.0001,-0.0,-0.2231,1.5546,-0.2202,1.5505,0.6655,156.5723,153.9531,153.5547,156.291,155.0928,0.861,0.8274,0.8807,0.8139,0.8139,0.8183,0.7619,0.82,0.7872,0.7619,0.8284,0.8053,0.8352,0.801,0.7604,0.7665,0.7584,0.7394,0.7394,0.8413,0.8201,0.7879,0.98,0.7879,0.8404,0.7719,0.7766,0.8126,0.7997,0.8396,0.7742,0.844,0.7719,0,0,0,0,0,v1.0.1,2025_12_22,315,316.5,475.773,296.4539,295.2148,146.3289,148.4276,336.6382,335.2676,484.7958,-5.5634,-3.3567,-0.0001,-0.0,-0.2235,1.5545,-0.2198,1.5504,0.6654,164.9648,159.3545,167.9336,167.1865,164.8599,0.6877,0.7025,0.7184,0.6858,0.6858,0.6796,0.6493,0.6755,0.6549,0.6493,0.6493,0.6467,0.6588,0.6649,0.6396,0.646,0.6077,0.6348,0.6077,0.6777,0.6582,0.6667,0.2681,0.2681,0.6582,0.6547,0.6592,0.6705,0.6525,0.6242,0.6534,0.6846,0.6242,0,0,0,0,0,v1.0.1,2025_12_22,317.4476,328.019,441.6847,312.7568,302.8175,195.3968,188.7623,342.2787,331.8496,455.9469,-2.9877,7.3796,-0.0,0.0001,-0.2217,1.5604,-0.2098,1.5582,0.6718,176.7002,176.7002,176.4766,177.792,176.9172,0.806,0.7204,0.8283,0.6732,0.6732,0.7701,0.6652,0.7925,0.6767,0.6652,0.7765,0.7698,0.773,0.7489,0.7489,0.7569,0.6834,0.7159,0,0.6834,0,0,0,0,0,v1.0.1,2025_12_22,317.4486,328.1308,442.5714,312.8125,302.6667,194.7398,187.9274,342.4435,331.955,456.8108,-2.9862,7.4875,-0.0,0.0001,-0.2213,1.5599,-0.2095,1.558,0.6718,148.5195,143.2412,144.9922,146.3203,145.7683,0.6608,0.6195,0.6757,0.5956,0.5956,0.6375,0.5862,0.6472,0.565,0.565,0.63,0.6392,0.6404,0.6357,0.63,0.6149,0.5496,0.5731,0.4502,0.4502,0,0,0,0,0,-0.0015,-0.0443,0.0118,-0.0592,-0.0486,0.0036,-0.0588,-0.0007,-0.0547,-0.0528,-0.0011,-0.0077,0.0256,-0.0164,-0.0411,-0.0467,-0.0409,-0.0867,0.0077,0.0079,-0.0198,-0.0056,-0.0018,-0.0371,-0.0217,0.0009,-0.0327,0.0103,-0.0185,-0.0159,-0.0058,-0.0019,-0.0036,-0.0029,-0.0257,-0.0131,-0.0169,-0.0096,-0.007,0.0184,0.0017,-0.0956,0.0188,-0.1518,-0.1311,-0.0043,-0.1061,0.0186,-0.1068,-0.1061,-0.0006,-0.0007,0.0283,0.0055,-0.0043,-0.0128,0.0051,-0.0628,0.0032,-0.0814,-0.0601,-0.0042,-0.0636,0,-0.0826,-0.0767,-0.0135,-0.0107,0.0073,0.0132,0.0075,0.0202,-0.0066,True,True
DTC_L_12,LanSi,1,CW_01,C,2026-04-02 14:53:47+08:00,ONLINE,False,,CW_1_01,PASS,,,52.1999846,_2026040214534722602,T20260402145347,DESKTOP-P2DUL42,Loma,1,CW_1_01,2,paul di,2024.0718.155524,V20260126.2,CW_DTCL_DTCR_STC,T20260402145439,52.1999846,True,True,True,True,True,True,True,4S2RND2HBL06DS,v1.0.1,2025_12_22,314.2612,323.0597,474.2409,302.5182,294.8609,151.9272,148.4702,342.7417,333.6763,489.295,-6.3981,2.4084,-0.0001,0.0,-0.2272,1.5574,-0.2176,1.554,0.6666,156.3896,152.3076,150.6465,155.5547,153.7246,0.8293,0.7928,0.8323,0.7775,0.7775,0.7774,0.7291,0.7848,0.7622,0.7291,0.8179,0.7979,0.8134,0.7712,0.7566,0.7274,0.766,0.6891,0.6891,0.804,0.9395,0.82,0.8478,0.804,0.8429,0.8123,0.7877,0.8418,0.7938,0.8225,0.7873,0.7711,0.7711,0,0,0,0,0,v1.0.1,2025_12_22,314.292,323,475.3406,302.3406,294.8487,150.8816,147.3129,342.9592,333.7801,490.3617,-6.3851,2.4086,-0.0001,0.0,-0.2271,1.5578,-0.2185,1.5544,0.6667,165.3496,160.8887,167.8691,166.1953,165.0757,0.6823,0.6773,0.6953,0.6886,0.6773,0.6509,0.6066,0.6452,0.6577,0.6066,0.6399,0.6536,0.6666,0.634,0.6229,0.6364,0.6394,0.6182,0.6182,0.6656,0.5187,0.6844,0.702,0.5187,0.6626,0.6688,0.6362,0.6999,0.6707,0.6851,0.6805,0.6309,0.6309,0,0,0,0,0,v1.0.1,2025_12_22,313.0849,315.3302,437.9909,301.0545,299.2373,184.5,184.6612,329.9504,327.2773,445.6471,-7.0497,-4.2036,-0.0001,-0.0,-0.2133,1.5648,-0.2128,1.5618,0.6751,175.6377,174.8281,172.9238,175.0225,174.603,0.7931,0.6846,0.7937,0.6648,0.6648,0.7557,0.6314,0.7556,0.6622,0.6314,0.7825,0.7616,0.7554,0.7092,0.7092,0.7088,0,0.729,0.7226,0.7088,0,0,0,0,0,v1.0.1,2025_12_22,313.0849,315.3302,438.8053,300.8496,299.0522,183.8174,183.9024,330,327.359,446.4872,-7.0592,-4.2031,-0.0001,-0.0,-0.2142,1.564,-0.2126,1.5619,0.6748,150.0449,145.0205,145.3301,147.9365,147.083,0.6563,0.594,0.6689,0.5894,0.5894,0.6271,0.5419,0.6205,0.5804,0.5419,0.6379,0.6331,0.6381,0.6029,0.6029,0.5979,0.5514,0.5888,0.5876,0.5514,0,0,0,0,0,0.0061,-0.0541,-0.0143,-0.036,-0.036,-0.0098,-0.0925,-0.0094,-0.0218,-0.0549,-0.0037,-0.021,0.0004,-0.0012,-0.0741,-0.0976,-0.037,-0.0539,-0.0062,0.0036,-0.0019,-0.019,0.012,-0.0261,-0.006,-0.0147,-0.0672,-0.007,-0.0026,-0.0456,-0.0125,0.0033,0.013,-0.0055,-0.0466,-0.0388,-0.0093,-0.0048,-0.0043,-0.0032,-0.006,-0.1435,-0.0066,-0.1286,-0.1286,0.0042,-0.1548,-0.0019,-0.0994,-0.1201,0.0099,-0.0078,0.0051,0.0143,-0.0085,-0.0007,-0.0085,-0.0835,-0.002,-0.087,-0.0754,-0.0044,-0.1192,-0.007,-0.0615,-0.0856,-0.0027,-0.0046,-0.0011,0.0037,0.0037,0.0199,0.0048,True,True
DTC_R_12,LanSi,1,CW_01,B,2026-04-02 14:53:47+08:00,ONLINE,False,,CW_1_01,PASS,,,51.9985237,_2026040214534743301,T20260402145347,DESKTOP-P2DUL42,Loma,1,CW_1_01,1,paul di,2024.0718.155524,V20260126.2,CW_DTCL_DTCR_STC,T20260402145439,51.9985237,True,True,True,True,True,True,True,4S2RND2HBL0DP6,v1.0.1,2025_12_22,315.2868,317.5882,475.5833,298.1288,295.9167,149.0486,149.7483,337.6954,335.9195,485,-5.0091,-2.0078,-0.0001,-0.0,-0.2203,1.5559,-0.2204,1.5477,0.6657,157.4277,155.0938,154.7168,156.998,156.0591,0.8573,0.8114,0.8547,0.7573,0.7573,0.8134,0.765,0.8228,0.7504,0.7504,0.8189,0.8188,0.8124,0.8128,0.7395,0.7404,0.7719,0.753,0.7395,0.8207,0.7853,0.7838,0.8903,0.7838,0.8284,0.7589,0.7519,0.8159,0.7895,0.6314,0.817,0.8625,0.6314,0,0,0,0,0,v1.0.1,2025_12_22,315.3121,317.5816,476.6765,297.9632,295.8951,148.0909,148.6093,337.755,335.9195,486,-5.0175,-2.0219,-0.0001,-0.0,-0.2205,1.5562,-0.2199,1.5485,0.6661,163.6016,157.0439,166.0059,165.9424,163.1484,0.7125,0.6836,0.6899,0.6654,0.6654,0.6751,0.6342,0.6693,0.645,0.6342,0.6368,0.6572,0.644,0.6553,0.6369,0.634,0.6159,0.6141,0.6141,0.6645,0.6521,0.6436,0.072,0.072,0.6537,0.6466,0.6437,0.6738,0.6526,0.4761,0.6293,0.6803,0.4761,0,0,0,0,0,v1.0.1,2025_12_22,317.7115,329,442.2703,314.1532,303.2143,196.9921,188.904,343.144,332.0625,456.4107,-2.6675,8.44,-0.0,0.0001,-0.2181,1.5609,-0.2089,1.5581,0.673,177.5596,177.7871,177.7227,178.7188,177.947,0.8122,0.6728,0.8099,0.6177,0.6177,0.7739,0.6371,0.7733,0.6264,0.6264,0.7806,0.7675,0.7805,0.7576,0.7576,0.7404,0.6593,0.7202,0,0.6593,0,0,0,0,0,v1.0.1,2025_12_22,317.6602,328.9806,443.2342,314.1261,303.1463,196.1301,188.1066,343.2869,332.2212,457.2478,-2.6263,8.4543,-0.0,0.0001,-0.2172,1.5615,-0.2095,1.5572,0.673,147.5029,141.292,143.2021,145.2451,144.3105,0.6734,0.597,0.6731,0.5441,0.5441,0.646,0.5669,0.6537,0.5617,0.5617,0.6426,0.649,0.654,0.6339,0.6339,0.58,0.5575,0.5648,0.1292,0.1292,0,0,0,0,0,-0.0052,-0.0603,-0.0142,-0.1158,-0.1052,-0.0013,-0.0557,0.0021,-0.0915,-0.0643,-0.0106,0.0058,0.0028,-0.0046,-0.062,-0.0728,-0.0274,-0.0731,-0.0129,0.0038,0.005,-0.0245,-0.0303,-0.0575,-0.0421,-0.0036,-0.0478,0.0041,-0.0284,-0.031,-0.0183,0.0086,-0.0184,-0.0125,-0.0284,-0.0251,-0.0087,-0.0303,-0.0202,-0.0047,0.0079,-0.1432,0.0004,-0.2073,-0.1866,-0.0005,-0.1342,-0.0006,-0.1571,-0.1449,0.0035,-0.003,0.0358,0.0142,-0.0208,-0.0085,0.0177,-0.0853,0.0006,-0.1329,-0.1116,0.0043,-0.0829,0.0065,-0.0859,-0.08,-0.0009,-0.0009,0.0209,0.0114,0.0114,-0.0147,-0.0149,True,True
DTC_R_14,LanSi,1,CW_01,C,2026-04-02 14:55:19+08:00,ONLINE,False,,CW_1_01,PASS,,,52.1292242,_2026040214551965401,T20260402145519,DESKTOP-P2DUL42,Loma,1,CW_1_01,1,paul di,2024.0718.155524,V20260126.2,CW_DTCL_DTCR_STC,T20260402145611,52.1292242,True,True,True,True,True,True,True,4S2RND2HBL0DP6,v1.0.1,2025_12_22,315.2782,316.8496,475.4338,297.3382,295.8836,148.6301,149.5724,336.6382,336,486.4145,-5.0664,-2.3259,-0.0001,-0.0,-0.2207,1.5555,-0.2183,1.5487,0.6663,157.1348,154.3779,153.8652,156.7764,155.5386,0.8716,0.815,0.873,0.8066,0.8066,0.8214,0.8044,0.8202,0.8135,0.8044,0.8338,0.8052,0.8152,0.8121,0.7579,0.7316,0.8053,0.7922,0.7316,0.8212,0.7966,0.789,0.3851,0.3851,0.8441,0.7833,0.7266,0.8051,0.7914,0.98,0.8216,0.8377,0.7266,0,0,0,0,0,v1.0.1,2025_12_22,315.2647,316.8897,476.708,297.2336,295.6803,147.585,148.3907,336.755,336.0196,487.4575,-5.0873,-2.3158,-0.0001,-0.0,-0.2206,1.5551,-0.218,1.5492,0.6664,164.6045,159.3174,168.2207,166.9209,164.7659,0.6944,0.6853,0.7187,0.6814,0.6814,0.6804,0.6658,0.6717,0.6661,0.6658,0.6556,0.653,0.6532,0.6596,0.6577,0.6307,0.6183,0.6466,0.6183,0.6718,0.6616,0.6543,0.2133,0.2133,0.6434,0.6535,0.641,0.677,0.6602,0.4554,0.6455,0.6849,0.4554,0,0,0,0,0,v1.0.1,2025_12_22,317.7664,328.3178,442.3717,313.3717,303.2302,196.7381,189,342.4127,332.287,457.4522,-2.569,8.1585,-0.0,0.0001,-0.2189,1.5603,-0.2085,1.5583,0.6728,177.2588,177.1299,176.9287,178.1689,177.3716,0.8126,0.6859,0.8189,0.6824,0.6824,0.7745,0.5395,0.786,0.7226,0.5395,0.7922,0.7719,0.7681,0.7554,0.7554,0.7334,0.6696,0.7262,0,0.6696,0,0,0,0,0,v1.0.1,2025_12_22,317.713,328.3241,443.1712,313.3784,302.959,195.9672,188,342.5,332.2797,458.1949,-2.6754,8.1729,-0.0,0.0001,-0.2181,1.5593,-0.2083,1.5586,0.6729,148.499,143.3027,145.2393,146.415,145.864,0.664,0.5802,0.6751,0.5775,0.5775,0.6437,0.4978,0.6613,0.6065,0.4978,0.6383,0.6384,0.637,0.6531,0.637,0.5822,0.5649,0.5642,0.1184,0.1184,0,0,0,0,0,0.0091,-0.0567,0.0041,-0.0665,-0.0559,0.0067,-0.0163,-0.0005,-0.0284,-0.0103,0.0043,-0.0078,0.0056,-0.0053,-0.0436,-0.0816,0.006,-0.0339,-0.0124,0.009,-0.0131,-0.0228,-0.0015,-0.0415,-0.0261,0.0017,-0.0162,0.0065,-0.0073,0.0006,0.0005,0.0044,-0.0092,-0.0082,-0.0076,-0.0284,-0.0063,0.0022,-0.0129,0.006,0.0083,-0.1301,0.0094,-0.1426,-0.1219,0.0001,-0.2318,0.0121,-0.0609,-0.2318,0.0151,0.0014,0.0234,0.012,-0.0278,-0.0025,0.0083,-0.1021,0.0026,-0.0995,-0.0782,0.002,-0.152,0.0141,-0.0411,-0.1439,-0.0052,-0.0115,0.0039,0.0306,0.0145,-0.0125,-0.0155,True,True
DTC_L_14,LanSi,1,CW_01,A,2026-04-02 14:55:19+08:00,ONLINE,False,,CW_1_01,PASS,,,51.966659,_2026040214551979402,T20260402145519,DESKTOP-P2DUL42,Loma,1,CW_1_01,2,paul di,2024.0718.155524,V20260126.2,CW_DTCL_DTCR_STC,T20260402145611,51.966659,True,True,True,True,True,True,True,4S2RND2HBL06DS,v1.0.1,2025_12_22,314.219,323.3212,474.3083,302.9774,294.9801,152.457,148.44,343.44,334,490.0863,-6.3105,2.9564,-0.0001,0.0,-0.2259,1.5582,-0.2203,1.5522,0.6661,156.3066,151.9697,150.6045,155.7227,153.6509,0.8196,0.7869,0.8291,0.7819,0.7819,0.7767,0.762,0.7808,0.7496,0.7496,0.8317,0.8225,0.8064,0.7645,0.7653,0.7209,0.7775,0.717,0.717,0.8107,0.6116,0.8221,0.8363,0.6116,0.8543,0.7435,0.7513,0.8461,0.8084,0.8226,0.7961,0.781,0.7435,0,0,0,0,0,v1.0.1,2025_12_22,314.2536,323.3551,475.4511,303,294.9408,151.4342,147.4145,343.5855,334.0214,491.0429,-6.2837,2.9835,-0.0001,0.0,-0.2251,1.5584,-0.2202,1.5529,0.6665,165.6611,161.7803,167.0762,166.0225,165.135,0.6748,0.671,0.6902,0.6884,0.671,0.6559,0.6389,0.6414,0.6491,0.6389,0.6576,0.6495,0.6367,0.6347,0.6346,0.6199,0.631,0.6083,0.6083,0.6728,0.5173,0.6623,0.7008,0.5173,0.6739,0.6474,0.6257,0.6759,0.6682,0.679,0.6758,0.6316,0.6257,0,0,0,0,0,v1.0.1,2025_12_22,313.0476,315.6286,437.9633,301.4587,299.225,184.8333,184.65,330.5,327.2797,446.1949,-7.0669,-3.7769,-0.0001,-0.0,-0.2124,1.565,-0.2148,1.5617,0.6749,175.7656,174.5703,173.4697,175.1973,174.7507,0.7779,0.672,0.8058,0.676,0.672,0.7476,0.6578,0.7505,0.6634,0.6578,0.7837,0.7686,0.7568,0.7092,0.7092,0.7224,0,0.7058,0.7373,0.7058,0,0,0,0,0,v1.0.1,2025_12_22,313,315.6038,438.8468,301.2883,299.1167,183.9583,183.825,330.4333,327.3719,446.9669,-7.0679,-3.8499,-0.0001,-0.0,-0.2128,1.5652,-0.2138,1.5613,0.675,150.5654,146.0879,144.5322,147.7148,147.2251,0.6452,0.5906,0.6573,0.5998,0.5906,0.6382,0.5715,0.6222,0.5969,0.5715,0.6253,0.6231,0.646,0.6205,0.6205,0.5768,0.5174,0.5852,0.5768,0.5174,0,0,0,0,0,-0.0036,-0.06,-0.0175,-0.0316,-0.0316,-0.0105,-0.0596,-0.0134,-0.0344,-0.0344,0.0101,0.0036,-0.0066,-0.0079,-0.0654,-0.1041,-0.0255,-0.026,0.0005,0.0057,-0.0094,-0.0253,0.0069,-0.0263,-0.0123,-0.0097,-0.0349,-0.0108,-0.0112,-0.0133,0.0052,-0.0008,-0.0169,-0.0048,-0.0349,-0.0553,-0.0177,-0.0147,0.0029,-0.0253,-0.0212,-0.1561,0.0055,-0.1174,-0.1214,-0.0039,-0.1284,-0.007,-0.0982,-0.0937,0.0111,-0.0008,0.0065,0.0143,0.0051,-0.0239,-0.0196,-0.0869,-0.0136,-0.0766,-0.0742,0.0067,-0.0896,-0.0053,-0.045,-0.056,-0.0153,-0.0146,0.0068,0.0213,0.0213,-0.0012,0.0012,True,True
DTC_R_15,LanSi,1,CW_01,A,2026-04-02 14:56:55+08:00,ONLINE,False,,CW_1_01,PASS,,,52.0625219,_2026040214565587101,T20260402145655,DESKTOP-P2DUL42,Loma,1,CW_1_01,1,paul di,2024.0718.155524,V20260126.2,CW_DTCL_DTCR_STC,T20260402145747,52.0625219,True,True,True,True,True,True,True,4S2RND2HBL0DP6,v1.0.1,2025_12_22,315.1691,316.7647,475.2815,297.1556,295.7172,148.3862,149.3467,336.7667,335.7034,484.3379,-5.2564,-2.8178,-0.0001,-0.0,-0.2213,1.5553,-0.2195,1.5483,0.6657,156.9365,154.0693,153.4023,156.7793,155.2969,0.8603,0.7981,0.8711,0.7806,0.7806,0.8208,0.7553,0.819,0.7663,0.7553,0.8156,0.8236,0.8273,0.8101,0.7554,0.7426,0.7775,0.767,0.7426,0.702,0.7862,0.7975,0.3251,0.3251,0.8191,0.7749,0.7769,0.8283,0.8065,0.6908,0.8268,0.8252,0.6908,0,0,0,0,0,v1.0.1,2025_12_22,315.1087,316.8261,476.2847,297.0657,295.4698,147.3557,148.1111,336.9375,335.7823,485.3197,-5.3487,-2.7991,-0.0001,-0.0,-0.2215,1.5549,-0.2193,1.5482,0.6656,165.5117,159.9629,168.7734,167.9248,165.5432,0.7049,0.6837,0.7088,0.6636,0.6636,0.6767,0.6438,0.677,0.657,0.6438,0.6486,0.6533,0.6566,0.6528,0.6337,0.6353,0.6182,0.6281,0.6182,0.6187,0.6361,0.6397,0.1965,0.1965,0.6167,0.6419,0.6414,0.6497,0.6455,0.5685,0.6282,0.6791,0.5685,0,0,0,0,0,v1.0.1,2025_12_22,317.5,328.1132,442.2679,313.2679,303.0492,196.2131,188.7886,342.4065,331.9469,455.9204,-2.7895,7.6842,-0.0,0.0001,-0.2179,1.5612,-0.2101,1.5577,0.6727,177.0693,176.5742,176.5986,178.1748,177.1042,0.8269,0.6636,0.8297,0.6269,0.6269,0.7861,0.6428,0.7781,0.6553,0.6428,0.7794,0.765,0.7619,0.7498,0.7498,0.6393,0.6626,0.7225,0,0.6393,0,0,0,0,0,v1.0.1,2025_12_22,317.3604,328.3694,443.0459,313.2844,302.864,195.528,187.876,342.5785,332,456.6786,-2.8707,7.7878,-0.0,0.0001,-0.2189,1.5616,-0.2088,1.5567,0.6726,148.9121,143.6992,145.627,146.79,146.2571,0.6799,0.5728,0.6823,0.5574,0.5574,0.6427,0.577,0.6572,0.5612,0.5612,0.6458,0.6469,0.6281,0.6151,0.6151,0.5458,0.5599,0.5646,0.4234,0.4234,0,0,0,0,0,-0.0022,-0.0736,0.0022,-0.0925,-0.0819,0.0061,-0.0654,-0.0017,-0.0756,-0.0594,-0.0139,0.0106,0.0177,-0.0073,-0.0461,-0.0706,-0.0218,-0.0591,-0.1316,0.0175,-0.0026,-0.0244,-0.0114,-0.0593,-0.0439,-0.002,-0.0382,0.0118,-0.0164,-0.0214,-0.0065,0.0047,-0.0058,-0.015,-0.0316,-0.0238,-0.0064,-0.0163,-0.066,-0.0086,0.0226,-0.1524,0.0202,-0.1981,-0.1774,0.0117,-0.1285,0.0042,-0.1282,-0.1285,0.0023,-0.0055,0.0172,0.0064,-0.1219,-0.0062,0.0242,-0.1095,0.0098,-0.1196,-0.0983,0.001,-0.0728,0.01,-0.0864,-0.0805,0.0023,-0.003,-0.005,-0.0074,-0.0074,-0.0489,-0.0151,True,True
DTC_L_15,LanSi,1,CW_01,B,2026-04-02 14:56:55+08:00,ONLINE,False,,CW_1_01,PASS,,,52.1502886,_2026040214565580102,T20260402145655,DESKTOP-P2DUL42,Loma,1,CW_1_01,2,paul di,2024.0718.155524,V20260126.2,CW_DTCL_DTCR_STC,T20260402145747,52.1502886,True,True,True,True,True,True,True,4S2RND2HBL06DS,v1.0.1,2025_12_22,314.2148,323.2222,474.2932,302.9323,294.8389,152.5168,148.4641,343.1961,333.5915,489.5,-6.4195,2.7735,-0.0001,0.0,-0.2256,1.5573,-0.2194,1.5543,0.6666,156.6084,152.8965,150.8809,155.8252,154.0527,0.8271,0.7703,0.832,0.7797,0.7703,0.7928,0.7623,0.793,0.7532,0.7532,0.8173,0.8106,0.8171,0.765,0.7076,0.7259,0.7621,0.6926,0.6926,0.8081,0.98,0.8195,0.8459,0.8081,0.8516,0.7968,0.7795,0.8264,0.819,0.828,0.7966,0.7806,0.7795,0,0,0,0,0,v1.0.1,2025_12_22,314.1522,323.2391,475.3852,302.8741,294.7815,151.5828,147.3487,343.3224,333.7606,490.5,-6.4144,2.8037,-0.0001,0.0,-0.2251,1.5579,-0.2193,1.5536,0.6668,164.293,159.9258,166.0186,165.0498,163.8218,0.6973,0.6621,0.6884,0.6886,0.6621,0.6588,0.642,0.6437,0.655,0.642,0.6566,0.657,0.6456,0.6289,0.5914,0.6236,0.6359,0.6158,0.5914,0.6681,0.4135,0.6725,0.6926,0.4135,0.6518,0.6707,0.6401,0.6653,0.6811,0.6773,0.6665,0.6148,0.6148,0,0,0,0,0,v1.0.1,2025_12_22,313,315.6038,437.9817,301.367,299.0169,184.9492,184.6583,330.275,327.0609,445.9217,-7.1564,-3.8767,-0.0001,-0.0,-0.2129,1.5637,-0.2133,1.5628,0.6751,175.4629,175.166,173.2432,175.2168,174.7722,0.7912,0.6713,0.7947,0.6856,0.6713,0.7616,0.6654,0.7443,0.6703,0.6654,0.7892,0.7753,0.7666,0.7104,0.7104,0.7108,0,0.7366,0.7445,0.7108,0,0,0,0,0,v1.0.1,2025_12_22,313,315.6038,438.8214,301.2411,299,184.1026,183.7769,330.3471,327.2712,446.6441,-7.1261,-3.9123,-0.0001,-0.0,-0.2131,1.5642,-0.2131,1.5618,0.6749,148.9951,144.5518,143.8037,147.0586,146.1023,0.6679,0.5846,0.6709,0.6034,0.5846,0.6224,0.5679,0.6185,0.5905,0.5679,0.644,0.6277,0.6494,0.6069,0.6069,0.5913,0.5332,0.5823,0.5906,0.5332,0,0,0,0,0,0.0039,-0.0766,-0.0146,-0.0338,-0.0432,0.0056,-0.0593,-0.0012,-0.0308,-0.0308,-0.0043,-0.0083,0.0041,-0.0074,-0.1231,-0.0991,-0.0409,-0.0504,-0.0021,0.0031,0.0131,-0.0342,0.0051,-0.0261,-0.0212,-0.0068,-0.0318,-0.0085,-0.0053,-0.0102,0.0042,0.0067,-0.008,-0.0106,-0.0781,-0.0516,-0.0128,-0.0072,-0.0018,-0.0151,-0.0079,-0.1568,-0.0056,-0.1078,-0.1221,0.0101,-0.1208,-0.0132,-0.0913,-0.0861,0.0166,0.0059,0.0163,0.0155,-0.0065,0.0069,0.0031,-0.0929,0,-0.073,-0.0802,-0.0091,-0.0932,-0.009,-0.0514,-0.0596,0.0034,-0.01,0.0102,0.0077,0.0077,0.0133,-0.0017,True,True
DTC_R_16,LanSi,1,CW_01,B,2026-04-02 14:58:33+08:00,ONLINE,False,,CW_1_01,PASS,,,51.8980198,_2026040214583313401,T20260402145833,DESKTOP-P2DUL42,Loma,1,CW_1_01,1,paul di,2024.0718.155524,V20260126.2,CW_DTCL_DTCR_STC,T20260402145925,51.8980198,True,True,True,True,True,True,True,4S2RND2HBL0DP6,v1.0.1,2025_12_22,315.1103,316.4044,474.8088,296.3603,295.5274,146.9178,149.4832,336.4564,335.2518,483.9784,-5.4637,-3.4765,-0.0001,-0.0,-0.2243,1.5552,-0.22,1.5507,0.6654,157.6924,155.2051,154.7031,157.5039,156.2761,0.8781,0.8267,0.8824,0.8315,0.8267,0.7867,0.7589,0.833,0.7354,0.7354,0.8184,0.8168,0.8262,0.814,0.7543,0.7392,0.7445,0.7024,0.7024,0.8353,0.8246,0.7647,0.6755,0.6755,0.8528,0.7789,0.7712,0.8084,0.8095,0.8131,0.7391,0.8493,0.7391,0,0,0,0,0,v1.0.1,2025_12_22,315.1079,316.223,475.8321,296.2847,295.1812,146.0872,148.4145,336.5855,335.3261,484.9638,-5.5276,-3.4712,-0.0001,-0.0,-0.2229,1.5537,-0.221,1.551,0.6652,163.6641,157.6738,166.4365,166.2012,163.4939,0.7044,0.6854,0.7156,0.7064,0.6854,0.6514,0.6523,0.672,0.6385,0.6385,0.6368,0.6502,0.6595,0.6713,0.6325,0.627,0.6215,0.6139,0.6139,0.6672,0.6785,0.6395,0.4327,0.4327,0.654,0.6623,0.6633,0.6625,0.6563,0.687,0.6444,0.6971,0.6444,0,0,0,0,0,v1.0.1,2025_12_22,317.3578,327.8532,441.7168,312.6814,302.7642,195.1138,188.6612,342.0496,331.8333,456.1053,-3.0333,7.2607,-0.0,0.0001,-0.2209,1.5608,-0.2093,1.5579,0.6721,177.6211,177.876,177.6621,179.001,178.04,0.8119,0.7189,0.8286,0.7227,0.7189,0.7331,0.6683,0.7855,0.6215,0.6215,0.7675,0.7606,0.7653,0.7528,0.7528,0.754,0.689,0.7045,0,0.689,0,0,0,0,0,v1.0.1,2025_12_22,317.2857,327.9429,442.5,312.5965,302.7049,194.5164,187.8306,342.3145,331.9099,456.8919,-3.0538,7.3524,-0.0,0.0001,-0.2214,1.5614,-0.21,1.5574,0.6718,147.2061,141.71,143.5244,145.4209,144.4653,0.667,0.6109,0.6721,0.6145,0.6109,0.6257,0.5846,0.6556,0.5432,0.5432,0.6306,0.6361,0.6489,0.6343,0.6306,0.5973,0.5621,0.576,0.5179,0.5179,0,0,0,0,0,0.0156,-0.045,0.0135,-0.0416,-0.0358,-0.028,-0.0618,0.0123,-0.1065,-0.0793,-0.0111,0.0038,0.0166,-0.0034,-0.0472,-0.074,-0.0548,-0.1237,0.0017,-0.0153,-0.0031,-0.0227,-0.0046,-0.0165,-0.0221,-0.0273,-0.0297,0.0068,-0.0349,-0.0267,-0.0183,0.0016,-0.0029,0.0035,-0.0328,-0.0321,-0.0031,-0.0305,-0.0175,-0.0088,0.0076,-0.0971,0.0191,-0.1023,-0.0854,-0.0413,-0.103,0.0116,-0.162,-0.1498,-0.0096,-0.0099,0.0206,0.0094,-0.0072,-0.0242,0.0113,-0.0714,-0.0004,-0.0625,-0.0448,-0.016,-0.0652,0.0084,-0.1044,-0.0985,-0.0129,-0.0138,0.0158,0.0118,0.0081,0.0026,-0.0037,True,True
DTC_L_16,LanSi,1,CW_01,C,2026-04-02 14:58:32+08:00,ONLINE,False,,CW_1_01,PASS,,,52.0915023,_2026040214583292502,T20260402145832,DESKTOP-P2DUL42,Loma,1,CW_1_01,2,paul di,2024.0718.155524,V20260126.2,CW_DTCL_DTCR_STC,T20260402145925,52.0915023,True,True,True,True,True,True,True,4S2RND2HBL06DS,v1.0.1,2025_12_22,315.4599,321.3796,475.7037,300.1407,296.5229,149.9608,150.2733,341.4267,334.8467,487.8102,-4.9387,0.6436,-0.0,0.0,-0.2313,1.5603,-0.2203,1.5543,0.6658,156.4883,152.3779,150.9238,156.1064,153.9741,0.8255,0.8071,0.8332,0.7889,0.7889,0.7871,0.7674,0.7915,0.7623,0.7623,0.8159,0.8053,0.8121,0.7598,0.7238,0.7447,0.7506,0.6997,0.6997,0.7966,0.98,0.8104,0.8007,0.7966,0.85,0.7325,0.7093,0.8494,0.8187,0.7667,0.7694,0.7627,0.7093,0,0,0,0,0,v1.0.1,2025_12_22,315.4071,321.5929,476.7372,300.1533,296.2418,149.1961,149.0738,341.6846,334.9366,488.8873,-5.0207,0.8028,-0.0001,0.0,-0.2316,1.5596,-0.2197,1.5541,0.6656,164.8018,160.0781,166.5723,165.6963,164.2871,0.6778,0.68,0.6865,0.6875,0.6778,0.6664,0.6341,0.6444,0.6631,0.6341,0.6586,0.6505,0.6581,0.637,0.6127,0.6304,0.6308,0.621,0.6127,0.6572,0.4459,0.6761,0.6744,0.4459,0.6687,0.6201,0.6195,0.6937,0.6773,0.6748,0.682,0.6181,0.6181,0,0,0,0,0,v1.0.1,2025_12_22,314.2358,313.7736,439.2844,299.0459,300.6387,182.3782,186.3697,328.5378,328.453,444.4786,-5.7037,-5.8572,-0.0001,-0.0001,-0.2167,1.5672,-0.2144,1.5619,0.6745,175.957,174.7305,173.6816,175.5684,174.9844,0.8037,0.6996,0.7988,0.6864,0.6864,0.7458,0.636,0.7536,0.6642,0.636,0.7687,0.7589,0.7651,0.6952,0.6952,0.7109,0,0.7229,0.6679,0.6679,0,0,0,0,0,v1.0.1,2025_12_22,314.1226,313.7736,440.1071,298.9375,300.5656,181.7295,185.395,328.605,328.3675,445.2222,-5.7884,-5.8464,-0.0001,-0.0001,-0.2167,1.568,-0.2142,1.5623,0.6749,149.8291,144.9473,144.2832,147.5107,146.6426,0.662,0.5972,0.6784,0.6092,0.5972,0.6369,0.5537,0.6211,0.5812,0.5537,0.6251,0.6359,0.6338,0.6045,0.6045,0.5767,0.5077,0.588,0.562,0.5077,0,0,0,0,0,0.0023,-0.0398,-0.0134,-0.0246,-0.0246,-0.0001,-0.0542,-0.0027,-0.0217,-0.0217,-0.0057,-0.0136,-0.0009,-0.0126,-0.1069,-0.0803,-0.0524,-0.0433,-0.0136,-0.006,-0.0064,-0.0163,0.0032,-0.0272,-0.0055,0.0008,-0.0397,-0.0078,0.0028,-0.0181,0.0062,0.0002,0.0045,-0.0025,-0.0568,-0.0448,-0.0179,-0.002,-0.0127,-0.0115,0.0046,-0.1285,-0.0015,-0.107,-0.107,-0.0057,-0.1502,-0.0039,-0.0974,-0.1155,-0.0039,-0.0105,0.0148,0.0003,-0.0064,-0.0068,-0.0028,-0.0803,0.0075,-0.0672,-0.0676,0.0054,-0.1074,-0.0064,-0.0607,-0.0738,-0.0155,-0.0018,-0.0054,0.0053,0.0053,-0.0013,0.004,True,True
DTC_R_17,LanSi,1,CW_01,C,2026-04-02 15:00:21+08:00,ONLINE,False,,CW_1_01,PASS,,,52.1628424,_2026040215002168601,T20260402150021,DESKTOP-P2DUL42,Loma,1,CW_1_01,1,paul di,2024.0718.155524,V20260126.2,CW_DTCL_DTCR_STC,T20260402150113,52.1628424,True,True,True,True,True,True,True,4S2RND2HBL0DP6,v1.0.1,2025_12_22,315.1533,316.8102,474.7574,296.9118,295.6259,147.3878,149.6078,336.6667,335.2708,484.3403,-5.417,-3.0767,-0.0001,-0.0,-0.2235,1.5555,-0.2189,1.5508,0.666,157.877,155.6807,154.8799,157.5244,156.4905,0.8669,0.8407,0.8738,0.8436,0.8407,0.825,0.7569,0.8188,0.7753,0.7569,0.8086,0.8222,0.8221,0.8169,0.7659,0.7498,0.7539,0.7194,0.7194,0.8407,0.8173,0.7846,0.98,0.7846,0.8395,0.8008,0.7971,0.8355,0.816,0.8277,0.7531,0.8538,0.7531,0,0,0,0,0,v1.0.1,2025_12_22,315.0426,316.844,475.8478,296.7609,295.3826,146.3758,148.349,336.8859,335.3147,485.3287,-5.5127,-3.0609,-0.0001,-0.0,-0.2237,1.5555,-0.2191,1.5505,0.6658,163.8115,157.292,165.9639,166.3506,163.3545,0.7019,0.7027,0.7084,0.7,0.7,0.6849,0.6317,0.666,0.6519,0.6317,0.6408,0.6581,0.6387,0.6595,0.6482,0.6356,0.615,0.6194,0.615,0.6816,0.6733,0.6422,0.3155,0.3155,0.6594,0.6701,0.6724,0.6737,0.6732,0.6656,0.6544,0.6765,0.6544,0,0,0,0,0,v1.0.1,2025_12_22,317.463,328.1852,441.7589,313.2679,302.959,195.6885,188.88,342.424,331.9273,456.5,-2.9024,7.7131,-0.0,0.0001,-0.2189,1.5612,-0.2098,1.558,0.6726,178.1084,178.6895,178.1104,178.8955,178.4509,0.8014,0.7406,0.8159,0.7249,0.7249,0.7591,0.6654,0.7851,0.6326,0.6326,0.7867,0.7589,0.7643,0.7416,0.7416,0.7384,0.6807,0.7246,0,0.6807,0,0,0,0,0,v1.0.1,2025_12_22,317.4,328.5,442.5862,313.3448,302.8293,194.9187,187.9758,342.5565,332,457.4182,-2.9417,7.8476,-0.0,0.0001,-0.22,1.5616,-0.2077,1.5575,0.6729,147.4844,141.2559,143.0479,145.4229,144.3027,0.6629,0.63,0.6722,0.6178,0.6178,0.6399,0.581,0.6445,0.5545,0.5545,0.6368,0.6279,0.6392,0.6216,0.6216,0.5917,0.5571,0.5688,0.4346,0.4346,0,0,0,0,0,0.0044,-0.031,0.0049,-0.0295,-0.0218,0.0103,-0.0638,-0.0019,-0.0666,-0.0578,-0.0209,0.0092,0.0125,-0.0005,-0.0356,-0.0634,-0.0454,-0.1067,0.0071,0.0046,-0.0056,-0.0054,-0.0118,-0.0229,-0.0075,0.0062,-0.0503,0.0008,-0.0215,-0.0335,-0.0143,0.0095,-0.0237,-0.0083,-0.0171,-0.0235,-0.0096,-0.025,-0.0031,-0.0061,-0.0029,-0.0754,0.0064,-0.1001,-0.0794,-0.0153,-0.1059,0.0112,-0.1509,-0.1387,0.0096,-0.0116,0.0196,-0.0018,-0.0228,-0.0041,0.0072,-0.0523,-0.0003,-0.0592,-0.0379,-0.0018,-0.0688,-0.0027,-0.0931,-0.0872,-0.0067,-0.022,0.0061,-0.0009,-0.0009,-0.003,-0.0109,True,True
DTC_L_17,LanSi,1,CW_01,A,2026-04-02 15:00:21+08:00,ONLINE,False,,CW_1_01,PASS,,,52.2695566,_2026040215002160402,T20260402150021,DESKTOP-P2DUL42,Loma,1,CW_1_01,2,paul di,2024.0718.155524,V20260126.2,CW_DTCL_DTCR_STC,T20260402150113,52.2695566,True,True,True,True,True,True,True,4S2RND2HBL06DS,v1.0.1,2025_12_22,314.1533,323.8102,474.1522,303.4275,294.8456,152.7383,148.3377,343.7219,333.4851,489.9627,-6.5052,3.2321,-0.0001,0.0,-0.2262,1.5579,-0.219,1.5545,0.6668,156.2803,152.3271,150.4336,155.416,153.6143,0.8265,0.791,0.8357,0.776,0.776,0.7716,0.7607,0.7881,0.7353,0.7353,0.8173,0.8174,0.8219,0.7616,0.7538,0.7265,0.7465,0.7139,0.7139,0.8177,0.6789,0.8085,0.8488,0.6789,0.8503,0.7841,0.7902,0.8277,0.8312,0.8341,0.8031,0.7862,0.7841,0,0,0,0,0,v1.0.1,2025_12_22,314.1533,323.8102,475.1522,303.2391,294.719,151.7582,147.1905,343.8503,333.7391,490.8913,-6.5092,3.2098,-0.0001,0.0,-0.2266,1.5578,-0.2189,1.5536,0.6665,164.1416,159.4062,166.0488,164.9248,163.6304,0.6777,0.6646,0.6784,0.6818,0.6646,0.6566,0.6449,0.646,0.6429,0.6429,0.6613,0.6528,0.6582,0.6298,0.6421,0.6317,0.62,0.6207,0.62,0.6642,0.5134,0.6804,0.6956,0.5134,0.6645,0.6661,0.6451,0.6703,0.6798,0.69,0.6728,0.6302,0.6302,0,0,0,0,0,v1.0.1,2025_12_22,312.9327,315.8558,437.8214,301.7589,299.0339,185.1441,184.6333,330.65,327.0783,446.2783,-7.2001,-3.5626,-0.0001,-0.0,-0.2119,1.5643,-0.2143,1.5622,0.6751,175.6895,174.9648,173.3643,175.2939,174.8281,0.7851,0.6701,0.8003,0.6604,0.6604,0.7483,0.6632,0.7522,0.6236,0.6236,0.7902,0.7736,0.7714,0.7043,0.7043,0.7096,0,0.7154,0.7442,0.7096,0,0,0,0,0,v1.0.1,2025_12_22,312.8476,316,438.5614,301.6667,298.8034,184.4701,183.6148,330.8115,327.0769,447.1709,-7.3192,-3.4762,-0.0001,-0.0,-0.213,1.5639,-0.2136,1.5622,0.6749,148.8789,143.5205,143.4502,146.6396,145.6223,0.6606,0.582,0.6694,0.5953,0.582,0.6406,0.5728,0.6267,0.5534,0.5534,0.6363,0.6334,0.6423,0.6167,0.6167,0.578,0.561,0.5874,0.5839,0.561,0,0,0,0,0,0.0033,-0.0559,-0.0109,-0.0375,-0.0375,-0.0156,-0.0609,-0.0061,-0.0487,-0.0487,-0.0043,-0.0015,0.0089,-0.0108,-0.0769,-0.0985,-0.0565,-0.0291,0.0075,-0.0079,-0.0065,-0.0317,-0.0049,-0.0329,-0.0187,-0.009,-0.0289,-0.0062,-0.0174,-0.0093,0.0089,0.0025,0.0046,-0.0097,-0.0274,-0.0435,-0.0287,-0.0023,-0.0057,-0.0072,-0.014,-0.158,0,-0.133,-0.133,-0.0032,-0.123,-0.0053,-0.138,-0.1279,0.0176,0.0042,0.0211,0.0094,-0.0077,-0.0143,-0.0042,-0.0955,-0.0015,-0.0811,-0.0828,0.0091,-0.0883,-0.0008,-0.0885,-0.0741,-0.0043,-0.0043,0.0031,0.0175,0.0175,0,0.0034,True,True
DTC_L_18,LanSi,1,CW_01,B,2026-04-02 15:02:01+08:00,ONLINE,False,,CW_1_01,PASS,,,52.6605198,_2026040215020140802,T20260402150201,DESKTOP-P2DUL42,Loma,1,CW_1_01,2,paul di,2024.0718.155524,V20260126.2,CW_DTCL_DTCR_STC,T20260402150254,52.6605198,True,True,True,True,True,True,True,4S2RND2HBL06DS,v1.0.1,2025_12_22,315.3985,321.0827,475.5338,299.9624,296.3791,149.7974,150.0833,340.9514,334.8088,487.0956,-5.0593,0.2779,-0.0001,0.0,-0.2306,1.5597,-0.2191,1.5539,0.666,156.5527,152.8896,151.0264,155.8506,154.0798,0.8236,0.7963,0.8337,0.782,0.782,0.7824,0.7575,0.7772,0.7506,0.7506,0.8003,0.818,0.8137,0.768,0.7298,0.7246,0.7387,0.688,0.688,0.8134,0.6501,0.8131,0.7871,0.6501,0.853,0.7637,0.7262,0.8481,0.8151,0.7628,0.7822,0.7624,0.7262,0,0,0,0,0,v1.0.1,2025_12_22,315.2993,321.146,476.6691,299.9265,296.1533,148.9533,148.9448,341.1586,334.9571,488.1071,-5.0953,0.3583,-0.0001,0.0,-0.2302,1.5595,-0.2192,1.5531,0.6658,164.8428,160.7617,166.9102,166.0889,164.6509,0.687,0.6847,0.6893,0.683,0.683,0.6637,0.6291,0.6462,0.6516,0.6291,0.6604,0.6616,0.6425,0.6366,0.622,0.6263,0.6325,0.6192,0.6192,0.6871,0.5391,0.6975,0.6699,0.5391,0.6501,0.6509,0.612,0.6769,0.6782,0.6668,0.6779,0.6358,0.612,0,0,0,0,0,v1.0.1,2025_12_22,314.0467,313.5234,439.2018,298.8158,300.4667,182.3167,186.0504,328.2605,328.2308,443.7949,-5.9007,-6.1578,-0.0001,-0.0001,-0.2165,1.5671,-0.2141,1.5618,0.6746,175.8232,175.4277,173.5049,175.2021,174.9895,0.7942,0.6999,0.7955,0.6718,0.6718,0.7498,0.6346,0.757,0.6607,0.6346,0.7796,0.7675,0.7634,0.6967,0.6967,0.7193,0,0.726,0.6502,0.6502,0,0,0,0,0,v1.0.1,2025_12_22,314.066,313.5755,439.9727,298.6636,300.4274,181.6239,185.395,328.395,328.3793,444.6379,-5.8519,-6.1208,-0.0001,-0.0001,-0.2174,1.5673,-0.2142,1.5615,0.6743,149.7715,145.502,144.2578,147.3623,146.7234,0.6602,0.5916,0.6649,0.5982,0.5916,0.6278,0.5447,0.6171,0.5834,0.5447,0.6281,0.637,0.6322,0.6124,0.6124,0.5859,0.5188,0.5711,0.5507,0.5188,0,0,0,0,0,0.0004,-0.0506,-0.0129,-0.0315,-0.0315,-0.0048,-0.0641,-0.017,-0.0334,-0.0334,-0.0213,-0.0009,0.0007,-0.0044,-0.1009,-0.1004,-0.0643,-0.055,0.0032,-0.0033,0.0028,-0.0116,0.006,-0.0317,-0.0003,-0.0019,-0.0447,-0.006,-0.0087,-0.0231,0.008,0.0113,-0.0111,-0.0029,-0.0475,-0.0489,-0.0162,-0.0038,0.0172,0.0099,-0.0049,-0.1282,-0.0048,-0.1216,-0.1216,-0.0017,-0.1516,-0.0005,-0.1009,-0.1169,0.007,-0.0019,0.0131,0.0018,0.002,-0.0037,-0.0046,-0.0859,-0.006,-0.0782,-0.0732,-0.0037,-0.1164,-0.0104,-0.0585,-0.0828,-0.0125,-0.0007,-0.007,0.0132,0.0132,0.0079,-0.0129,True,True
DTC_R_18,LanSi,1,CW_01,A,2026-04-02 15:02:01+08:00,ONLINE,False,,CW_1_01,PASS,,,52.7103868,_2026040215020134101,T20260402150201,DESKTOP-P2DUL42,Loma,1,CW_1_01,1,paul di,2024.0718.155524,V20260126.2,CW_DTCL_DTCR_STC,T20260402150254,52.7103868,True,True,True,True,True,True,True,4S2RND2HBL0DP6,v1.0.1,2025_12_22,315.1397,317.6765,474.8667,297.8741,295.6875,148.0833,149.6447,337.8421,335.2394,485.5,-5.3844,-2.1048,-0.0001,-0.0,-0.2228,1.5561,-0.2207,1.5511,0.6659,158.4668,156.166,155.4092,157.9863,157.0071,0.8624,0.8286,0.8836,0.8248,0.8248,0.8181,0.7907,0.826,0.7829,0.7829,0.8144,0.7986,0.8082,0.822,0.7651,0.7634,0.7458,0.7484,0.7458,0.8292,0.8047,0.7925,0.98,0.7925,0.8206,0.7933,0.7844,0.819,0.7979,0.8396,0.7911,0.8463,0.7844,0,0,0,0,0,v1.0.1,2025_12_22,315.1064,317.6809,475.9638,297.8841,295.5,147,148.3893,338.0403,335.2797,486.4755,-5.4522,-2.0839,-0.0001,-0.0,-0.2219,1.5559,-0.221,1.5513,0.6661,164.3828,158.4502,167.2334,166.5273,164.1484,0.7032,0.6892,0.7182,0.6953,0.6892,0.6807,0.6581,0.6737,0.6509,0.6509,0.6379,0.6441,0.6542,0.6557,0.6555,0.6487,0.5994,0.636,0.5994,0.6687,0.6648,0.6546,0.2479,0.2479,0.639,0.6678,0.6506,0.6676,0.661,0.6143,0.6616,0.6742,0.6143,0,0,0,0,0,v1.0.1,2025_12_22,317.3962,329.1415,441.7589,314.125,303.0244,196.2602,188.878,343.5447,331.7928,457.6486,-2.9299,8.644,-0.0,0.0001,-0.2196,1.5625,-0.2111,1.5587,0.6726,178.3457,178.3369,178.3848,179.2754,178.5857,0.8121,0.704,0.8227,0.7177,0.704,0.7742,0.679,0.7776,0.6642,0.6642,0.7771,0.7646,0.7659,0.7447,0.7447,0.7535,0.6746,0.7268,0,0.6746,0,0,0,0,0,v1.0.1,2025_12_22,317.3019,329.1698,442.633,314.0183,302.8175,195.619,188.024,343.544,331.8393,458.5,-2.9769,8.6702,-0.0,0.0001,-0.2198,1.5622,-0.2102,1.5583,0.6726,148.04,142.6484,144.4121,145.6914,145.198,0.6637,0.6134,0.6823,0.6137,0.6134,0.6467,0.5895,0.6401,0.569,0.569,0.6346,0.627,0.6318,0.6255,0.6255,0.6053,0.5558,0.567,0.4486,0.4486,0,0,0,0,0,-0.0001,-0.0431,0.0147,-0.0483,-0.0377,0.0034,-0.03,0.0053,-0.059,-0.0318,-0.0151,-0.0144,-0.0014,0.0046,-0.0364,-0.0498,-0.0535,-0.0777,-0.0044,0.0125,-0.0043,-0.0189,-0.002,-0.0276,-0.0183,0.002,-0.0239,0.0085,-0.0225,-0.0143,-0.0172,-0.0045,-0.0082,-0.0121,-0.0098,-0.0104,-0.0252,-0.0084,-0.016,0.0063,0.0078,-0.112,0.0132,-0.1073,-0.1003,-0.0002,-0.0923,0.0037,-0.1193,-0.1071,0,-0.0059,0.0212,0.0013,-0.0077,-0.0019,0.008,-0.0689,0.0098,-0.0633,-0.0423,0.005,-0.0603,-0.0071,-0.0786,-0.0727,-0.0089,-0.0229,-0.0013,0.003,0.003,0.0106,-0.0127,True,True
DTC_L_19,LanSi,1,CW_01,C,2026-04-02 15:15:48+08:00,ONLINE,False,,CW_1_01,PASS,,,52.5398718,_2026040215154805502,T20260402151548,DESKTOP-P2DUL42,Loma,1,CW_1_01,2,paul di,2024.0718.155524,V20260126.2,CW_DTCL_DTCR_STC,T20260402151640,52.5398718,True,True,True,True,True,True,True,4S2RND2HBL06DS,v1.0.1,2025_12_22,314.4318,322.9545,474.1567,302.6567,295.0199,152.3245,148.5724,342.6382,333.7591,488.8467,-6.312,2.3841,-0.0001,0.0,-0.2259,1.557,-0.2176,1.5543,0.667,156.3174,152.0508,150.501,155.7549,153.656,0.8261,0.7798,0.8261,0.7908,0.7798,0.7793,0.7663,0.7805,0.7622,0.7622,0.8239,0.8067,0.8115,0.7718,0.7417,0.7209,0.7564,0.6885,0.6885,0.8035,0.98,0.799,0.8474,0.799,0.8587,0.7517,0.7584,0.8421,0.8288,0.8198,0.796,0.7755,0.7517,0,0,0,0,0,v1.0.1,2025_12_22,314.3235,322.9632,475.3239,302.4859,294.9007,151.3245,147.5395,342.8487,333.9571,489.8929,-6.291,2.403,-0.0001,0.0,-0.226,1.5576,-0.2182,1.5532,0.6667,164.293,159.7422,165.7861,165.1553,163.7441,0.6813,0.6616,0.6851,0.6916,0.6616,0.6455,0.6419,0.6304,0.6522,0.6304,0.6537,0.6373,0.6483,0.63,0.6347,0.622,0.6344,0.6148,0.6148,0.6664,0.4535,0.6734,0.6961,0.4535,0.6628,0.6451,0.6397,0.6765,0.6554,0.6922,0.6636,0.6233,0.6233,0,0,0,0,0,v1.0.1,2025_12_22,313.0849,315.3302,437.8636,301.1818,299.3167,184.7583,185,329.7479,327.2931,445.3362,-6.9883,-4.2291,-0.0001,-0.0,-0.2124,1.5652,-0.2116,1.5614,0.6757,175.8018,174.8184,173.0127,175.2188,174.7129,0.792,0.6843,0.7985,0.6759,0.6759,0.7454,0.6733,0.7524,0.6593,0.6593,0.7875,0.756,0.776,0.7067,0.7067,0.7348,0,0.7181,0.7323,0.7181,0,0,0,0,0,v1.0.1,2025_12_22,313.0865,315.2212,438.7091,301.0091,299.1102,183.9237,184.0902,329.8934,327.3277,446.1261,-7.0353,-4.2653,-0.0001,-0.0,-0.2121,1.5642,-0.2127,1.5619,0.6753,149.4277,144.3779,143.8691,147.1816,146.2141,0.6571,0.5943,0.675,0.5996,0.5943,0.6281,0.5668,0.622,0.579,0.5668,0.6267,0.6259,0.6468,0.6094,0.6094,0.5795,0.5212,0.5663,0.5788,0.5212,0,0,0,0,0,0.0029,-0.0671,-0.0205,-0.0227,-0.0337,-0.0079,-0.0553,-0.0137,-0.0218,-0.0218,0.0023,-0.0122,-0.0015,-0.0006,-0.089,-0.1041,-0.0466,-0.0545,-0.0067,-0.0174,-0.0029,-0.0347,0.0018,-0.0231,-0.0217,-0.0201,-0.0319,-0.0218,-0.0081,-0.0218,0.0013,-0.013,-0.0053,-0.0095,-0.0348,-0.0532,-0.0143,-0.0082,-0.0035,-0.0142,-0.0071,-0.1438,-0.0018,-0.1175,-0.1175,-0.0061,-0.1129,-0.0051,-0.1023,-0.0922,0.0149,-0.0134,0.0257,0.0118,0.0175,-0.0116,-0.0077,-0.0832,0.0041,-0.0768,-0.0705,-0.0034,-0.0943,-0.0055,-0.0629,-0.0607,-0.0139,-0.0118,0.0076,0.0102,0.0102,0.0015,-0.0177,True,True
DTC_R_19,LanSi,1,CW_01,B,2026-04-02 15:15:47+08:00,ONLINE,False,,CW_1_01,PASS,,,52.627637,_2026040215154798701,T20260402151547,DESKTOP-P2DUL42,Loma,1,CW_1_01,1,paul di,2024.0718.155524,V20260126.2,CW_DTCL_DTCR_STC,T20260402151640,52.627637,True,True,True,True,True,True,True,4S2RND2HBL0DP6,v1.0.1,2025_12_22,315.0963,316.5481,474.7353,296.6691,295.589,147.5959,149.6078,336.6667,335.2302,484.0719,-5.4483,-3.1896,-0.0001,-0.0,-0.2234,1.5553,-0.2205,1.5507,0.6655,157.0322,154.3467,153.4189,156.6074,155.3513,0.8716,0.8299,0.8693,0.8243,0.8243,0.8248,0.7621,0.8215,0.7798,0.7621,0.8137,0.8185,0.8192,0.7966,0.7709,0.736,0.758,0.7235,0.7235,0.8342,0.8172,0.7726,0.98,0.7726,0.85,0.7967,0.7913,0.821,0.8179,0.8645,0.7306,0.8484,0.7306,0,0,0,0,0,v1.0.1,2025_12_22,315.0935,316.5971,475.8,296.5857,295.4122,146.5878,148.4671,336.7171,335.2609,485.1087,-5.4933,-3.1807,-0.0001,-0.0,-0.2234,1.555,-0.2197,1.5512,0.6658,163.2041,156.9912,165.2773,165.5889,162.7654,0.7078,0.6782,0.7059,0.6944,0.6782,0.6811,0.6322,0.6651,0.6454,0.6322,0.6535,0.6454,0.6521,0.648,0.6383,0.6437,0.6129,0.5964,0.5964,0.6818,0.6622,0.6794,0.2302,0.2302,0.6444,0.652,0.6624,0.6584,0.6663,0.6006,0.6343,0.6773,0.6006,0,0,0,0,0,v1.0.1,2025_12_22,317.3019,328.1698,441.6239,312.9358,302.9016,195.877,188.9048,342.4048,331.7589,456.3929,-3.0018,7.6561,-0.0,0.0001,-0.2214,1.5619,-0.2099,1.558,0.6721,177.1094,176.8691,176.5986,178.0645,177.1604,0.8075,0.7157,0.8075,0.7027,0.7027,0.765,0.6582,0.7629,0.6668,0.6582,0.7657,0.7582,0.7632,0.7298,0.7298,0.7344,0.6797,0.7257,0,0.6797,0,0,0,0,0,v1.0.1,2025_12_22,317.3019,328.1698,442.5315,312.955,302.752,194.968,188.0488,342.4878,331.8496,457.0531,-3.0032,7.6267,-0.0,0.0001,-0.2204,1.5615,-0.2098,1.5579,0.6723,147.2207,141.3242,142.6797,145.0957,144.0801,0.6677,0.6035,0.651,0.611,0.6035,0.6388,0.5768,0.6327,0.5701,0.5701,0.6299,0.6338,0.6509,0.6082,0.6082,0.5936,0.5559,0.5843,0.4148,0.4148,0,0,0,0,0,0.0091,-0.0418,0.0004,-0.0488,-0.0382,0.0101,-0.0586,0.0008,-0.0621,-0.0526,-0.0158,0.0055,0.0096,-0.0208,-0.0306,-0.0772,-0.0413,-0.1026,0.0006,-0.0074,0.0003,-0.0299,-0.0143,-0.0285,-0.0293,0.0024,-0.0498,-0.0001,-0.028,-0.033,-0.0016,-0.0032,-0.0103,-0.0198,-0.027,-0.0154,-0.0117,-0.048,-0.0029,0.0311,0.0032,-0.1003,-0.002,-0.1223,-0.1016,-0.0094,-0.1131,-0.011,-0.1167,-0.1131,-0.0114,-0.0123,0.0185,-0.0136,-0.0268,-0.003,0.012,-0.0788,-0.0215,-0.066,-0.0522,-0.0029,-0.073,-0.0145,-0.0775,-0.0716,-0.0136,-0.0161,0.0178,-0.0143,-0.0143,-0.0011,0.0046,True,True
DTC_L_20,LanSi,1,CW_01,A,2026-04-02 15:17:27+08:00,ONLINE,False,,CW_1_01,PASS,,,52.5095938,_2026040215172789402,T20260402151727,DESKTOP-P2DUL42,Loma,1,CW_1_01,2,paul di,2024.0718.155524,V20260126.2,CW_DTCL_DTCR_STC,T20260402151820,52.5095938,True,True,True,True,True,True,True,4S2RND2HBL06DS,v1.0.1,2025_12_22,314.2197,323.3182,474.1556,303.1556,294.9408,152.4342,148.5226,342.871,333.6714,489.5,-6.398,2.7558,-0.0001,0.0,-0.2249,1.5579,-0.2169,1.5538,0.6675,155.6289,152.5596,150.4551,155.79,153.6084,0.8012,0.7876,0.8365,0.8066,0.7876,0.7884,0.7815,0.7876,0.7425,0.7425,0.8087,0.8121,0.8218,0.7724,0.7611,0.7378,0.7669,0.7148,0.7148,0.8094,0.98,0.8226,0.8459,0.8094,0.8381,0.8597,0.7831,0.8439,0.8224,0.8125,0.805,0.7785,0.7785,0,0,0,0,0,v1.0.1,2025_12_22,314.1691,323.2353,475.2847,303.0657,294.7933,151.4733,147.3987,343.1699,333.773,490.5461,-6.4162,2.7981,-0.0001,0.0,-0.224,1.5579,-0.2185,1.5536,0.6673,164.6807,161.1982,166.9238,166.4424,164.8113,0.6605,0.6711,0.6874,0.6997,0.6605,0.649,0.6449,0.6483,0.6599,0.6449,0.6458,0.6455,0.6518,0.6305,0.6359,0.6378,0.6322,0.6029,0.6029,0.6704,0.2963,0.6707,0.6961,0.2963,0.6568,0.665,0.6678,0.6881,0.6868,0.6868,0.6744,0.6357,0.6357,0,0,0,0,0,v1.0.1,2025_12_22,313.0374,315.6449,437.9182,301.5727,299.094,184.8718,184.6723,329.7731,327.2542,445.9492,-7.1048,-3.9377,-0.0001,-0.0,-0.2117,1.5641,-0.2091,1.5616,0.6762,175.1025,175.4014,173.0752,175.2432,174.7056,0.7743,0.6892,0.7998,0.6814,0.6814,0.7472,0.6701,0.7504,0.67,0.67,0.7855,0.7643,0.768,0.705,0.705,0.7236,0,0.7329,0.73,0.7236,0,0,0,0,0,v1.0.1,2025_12_22,313.0577,315.6827,438.687,301.513,299.0168,184.0924,183.9008,330.0083,327.3504,446.6838,-7.0975,-3.904,-0.0001,-0.0,-0.2118,1.564,-0.2099,1.5616,0.676,149.8496,145.4053,144.6738,148.3955,147.0811,0.6488,0.5904,0.666,0.6079,0.5904,0.6164,0.573,0.6308,0.5776,0.573,0.6308,0.628,0.6478,0.6316,0.628,0.5628,0.4526,0.5965,0.5759,0.4526,0,0,0,0,0,-0.022,-0.0593,-0.0101,-0.0069,-0.0259,0.0012,-0.0401,-0.0066,-0.0415,-0.0415,-0.0129,-0.0068,0.0088,0,-0.0696,-0.0872,-0.0361,-0.0282,-0.0008,0.0062,-0.0237,-0.0252,0.0041,-0.015,-0.0228,-0.0166,-0.0289,-0.0039,-0.0004,-0.0073,-0.0066,-0.0048,-0.0018,-0.009,-0.0336,-0.0374,-0.0165,-0.0201,0.0005,-0.0169,-0.0248,-0.1389,-0.0005,-0.112,-0.112,-0.0043,-0.1161,-0.0071,-0.0916,-0.0815,0.0129,-0.0051,0.0177,0.0101,0.0063,0.0032,-0.016,-0.0871,-0.0049,-0.0685,-0.0744,-0.0151,-0.0881,0.0033,-0.0643,-0.0545,-0.0098,-0.0097,0.0086,0.0324,0.0288,-0.0152,0.0125,True,True
DTC_R_20,LanSi,1,CW_01,C,2026-04-02 15:17:27+08:00,ONLINE,False,,CW_1_01,PASS,,,52.5245532,_2026040215172789501,T20260402151727,DESKTOP-P2DUL42,Loma,1,CW_1_01,1,paul di,2024.0718.155524,V20260126.2,CW_DTCL_DTCR_STC,T20260402151820,52.5245532,True,True,True,True,True,True,True,4S2RND2HBL0DP6,v1.0.1,2025_12_22,315.0896,317.403,474.7868,297.7279,295.6528,148.1667,149.5724,337.6382,335.1056,485.0423,-5.4586,-2.3044,-0.0001,-0.0,-0.2221,1.5559,-0.2211,1.5514,0.666,157.2334,154.7979,154.1426,157.043,155.8042,0.873,0.8271,0.8712,0.8327,0.8271,0.8211,0.7859,0.8224,0.7495,0.7495,0.7925,0.8117,0.8319,0.8202,0.7599,0.7813,0.7507,0.7756,0.7507,0.8331,0.8158,0.7874,0.98,0.7874,0.8315,0.8154,0.7858,0.8204,0.8236,0.8607,0.824,0.847,0.7858,0,0,0,0,0,v1.0.1,2025_12_22,315.0286,317.3286,475.8759,297.5328,295.3243,147.1284,148.3467,337.7667,335.1714,486.0143,-5.5506,-2.3459,-0.0001,-0.0,-0.2219,1.555,-0.2215,1.5514,0.6658,165.2285,159.4502,167.9287,167.7031,165.0776,0.7061,0.6984,0.7228,0.704,0.6984,0.6786,0.6625,0.6676,0.6373,0.6373,0.6357,0.6517,0.6678,0.6619,0.6361,0.6527,0.6118,0.6469,0.6118,0.6766,0.6602,0.6505,0.1336,0.1336,0.6509,0.6575,0.6616,0.6714,0.6491,0.605,0.6651,0.6821,0.605,0,0,0,0,0,v1.0.1,2025_12_22,317.2547,328.9057,441.7207,313.7838,303.0081,196.2984,188.8699,343.374,331.6754,457.2982,-2.9942,8.432,-0.0,0.0001,-0.2204,1.5633,-0.2117,1.5584,0.6724,176.9443,177.2598,176.7773,178.3135,177.3237,0.8065,0.7068,0.8225,0.7464,0.7068,0.781,0.6808,0.7769,0.6205,0.6205,0.7703,0.764,0.7495,0.7524,0.7495,0.7369,0.678,0.7275,0,0.678,0,0,0,0,0,v1.0.1,2025_12_22,317.2885,329,442.5357,313.7411,302.7857,195.6111,187.976,343.456,331.7586,458,-3.0311,8.4616,-0.0,0.0001,-0.2207,1.562,-0.2108,1.5586,0.6723,148.8398,143.373,144.9111,146.9248,146.0122,0.6698,0.6174,0.671,0.628,0.6174,0.6439,0.5901,0.6532,0.5456,0.5456,0.6257,0.6433,0.6434,0.6178,0.6178,0.5939,0.5747,0.5791,0.3819,0.3819,0,0,0,0,0,0.0105,-0.0446,0.0023,-0.0404,-0.0354,0.0064,-0.0348,0.0017,-0.0924,-0.0652,-0.037,-0.0013,0.0223,0.0028,-0.0416,-0.0319,-0.0486,-0.0505,-0.0005,0.0074,-0.0014,-0.0097,0.0026,-0.0189,-0.0091,-0.0001,-0.0195,0.0024,-0.0361,-0.0279,-0.0194,0.0031,0.0054,-0.0059,-0.0292,-0.0064,-0.0128,0.0025,-0.0081,0.0022,0.0022,-0.1092,0.013,-0.0786,-0.0975,0.0066,-0.0905,0.003,-0.163,-0.1508,-0.0068,-0.0065,0.0048,0.009,-0.0243,-0.0012,0.0141,-0.0649,-0.0015,-0.049,-0.0383,0.0022,-0.0597,0.006,-0.102,-0.0961,-0.0178,-0.0066,0.0103,-0.0047,-0.0047,-0.0008,-0.0006,True,True
DTC_R_21,LanSi,1,CW_01,A,2026-04-02 15:19:06+08:00,ONLINE,False,,CW_1_01,PASS,,,52.1599657,_2026040215190609701,T20260402151906,DESKTOP-P2DUL42,Loma,1,CW_1_01,1,paul di,2024.0718.155524,V20260126.2,CW_DTCL_DTCR_STC,T20260402151958,52.1599657,True,True,True,True,True,True,True,4S2RND2HBL0DP6,v1.0.1,2025_12_22,315.1533,316.8102,474.6493,296.9104,295.5442,147.5102,149.4314,337.2549,335.3147,484.6713,-5.4814,-2.8686,-0.0001,-0.0,-0.2236,1.555,-0.2222,1.5507,0.665,157.5947,155.4229,154.5723,157.3701,156.24,0.8703,0.8592,0.8758,0.8377,0.8377,0.815,0.7504,0.8126,0.7634,0.7504,0.8276,0.8199,0.8239,0.8193,0.7781,0.7373,0.7615,0.69,0.69,0.8301,0.8079,0.7852,0.9983,0.7852,0.8454,0.7924,0.8064,0.8194,0.8072,0.8543,0.7088,0.8508,0.7088,0,0,0,0,0,v1.0.1,2025_12_22,315.0791,316.8633,475.8478,296.7609,295.4122,146.5,148.3421,337.3684,335.5556,485.6389,-5.4526,-2.8737,-0.0001,-0.0,-0.2239,1.5553,-0.2218,1.5495,0.6648,165.5527,159.1357,167.9785,167.9717,165.1597,0.6963,0.7012,0.7086,0.7027,0.6963,0.6868,0.6509,0.6654,0.6528,0.6509,0.6535,0.6566,0.6485,0.6571,0.6377,0.6388,0.6219,0.5964,0.5964,0.6804,0.6658,0.6511,0.0843,0.0843,0.6522,0.6537,0.6623,0.6717,0.672,0.591,0.6205,0.6789,0.591,0,0,0,0,0,v1.0.1,2025_12_22,317.3364,328.4182,441.5478,313.3826,302.935,195.8374,188.7025,342.6364,331.9018,456.9464,-3.0153,7.9442,-0.0,0.0001,-0.2199,1.5621,-0.2096,1.5574,0.6725,177.4414,177.8066,177.2539,178.4854,177.7468,0.7993,0.6644,0.823,0.7229,0.6644,0.7694,0.6584,0.7784,0.6474,0.6474,0.7696,0.7662,0.7615,0.7411,0.7411,0.747,0.6984,0.7227,0,0.6984,0,0,0,0,0,v1.0.1,2025_12_22,317.3578,328.4679,442.5478,313.3826,302.7339,195.0161,187.8678,342.8099,331.9558,457.708,-3.0074,7.9769,-0.0,0.0001,-0.2194,1.5611,-0.2098,1.5578,0.6724,149.1338,143.5879,144.9893,147.0674,146.1946,0.6761,0.5828,0.6808,0.6246,0.5828,0.637,0.5911,0.6568,0.5529,0.5529,0.6314,0.6443,0.6494,0.6181,0.6181,0.6049,0.5747,0.5869,0.336,0.336,0,0,0,0,0,0.0078,-0.0125,0.0069,-0.0354,-0.0248,0.0003,-0.0703,-0.0081,-0.0785,-0.0643,-0.0019,0.0069,0.0143,0.0019,-0.0234,-0.0759,-0.0378,-0.1361,-0.0035,0.0052,-0.0112,-0.0069,-0.0116,-0.0202,-0.0112,0.0081,-0.0311,0.0002,-0.0206,-0.0143,-0.0016,0.008,-0.0139,-0.0107,-0.0276,-0.0203,-0.0027,-0.048,-0.0043,0.0028,-0.005,-0.1516,0.0135,-0.1021,-0.1399,-0.005,-0.1129,0.0045,-0.1361,-0.1239,-0.0075,-0.0043,0.0168,-0.0023,-0.0142,-0.006,0.0204,-0.0995,0.0083,-0.0524,-0.0729,-0.0047,-0.0587,0.0096,-0.0947,-0.0888,-0.0121,-0.0056,0.0163,-0.0044,-0.0044,0.0102,0.0072,True,True
DTC_L_21,LanSi,1,CW_01,B,2026-04-02 15:19:06+08:00,ONLINE,False,,CW_1_01,PASS,,,52.1769188,_2026040215190609702,T20260402151906,DESKTOP-P2DUL42,Loma,1,CW_1_01,2,paul di,2024.0718.155524,V20260126.2,CW_DTCL_DTCR_STC,T20260402151958,52.1769188,True,True,True,True,True,True,True,4S2RND2HBL06DS,v1.0.1,2025_12_22,314.2148,322.7778,474.2148,302.2222,294.8487,151.8816,148.4832,342.4564,333.6296,488.9556,-6.4218,2.1587,-0.0001,0.0,-0.2273,1.5574,-0.2177,1.554,0.6666,156.334,152.4756,150.3916,155.5605,153.6904,0.811,0.8009,0.8343,0.7715,0.7715,0.7781,0.7601,0.7838,0.764,0.7601,0.8164,0.8057,0.8163,0.7778,0.751,0.7342,0.7664,0.694,0.694,0.7965,0.7679,0.8281,0.8459,0.7679,0.8521,0.8005,0.7767,0.8458,0.8364,0.8171,0.8037,0.7791,0.7767,0,0,0,0,0,v1.0.1,2025_12_22,314.219,322.8759,475.3066,302.1168,294.8487,150.8816,147.4276,342.6382,333.7464,489.971,-6.3904,2.1967,-0.0001,0.0,-0.2276,1.5581,-0.2174,1.5539,0.6668,164.9873,160.8076,166.7451,166.0723,164.6531,0.6757,0.6648,0.6822,0.6718,0.6648,0.6628,0.6359,0.6342,0.6541,0.6342,0.6509,0.6599,0.6472,0.6445,0.6218,0.6267,0.6298,0.6168,0.6168,0.6509,0.5731,0.6745,0.6921,0.5731,0.6454,0.6512,0.6373,0.6782,0.668,0.6858,0.6786,0.6253,0.6253,0,0,0,0,0,v1.0.1,2025_12_22,313.0392,315.1373,437.973,300.7928,299.2417,184.3083,184.65,329.6333,327.0783,445.2783,-7.1036,-4.47,-0.0001,-0.0,-0.2138,1.5652,-0.2119,1.5628,0.6756,175.5801,174.873,172.8486,175.2607,174.6406,0.7813,0.6833,0.805,0.6741,0.6741,0.7442,0.6542,0.7594,0.6717,0.6542,0.7833,0.7704,0.7605,0.7029,0.7029,0.7212,0,0.7236,0.7184,0.7184,0,0,0,0,0,v1.0.1,2025_12_22,313.0294,315.049,438.7168,300.6814,299.0435,183.6261,183.9919,329.629,327.2881,446.0932,-7.086,-4.4842,-0.0001,-0.0,-0.2133,1.5643,-0.212,1.5619,0.6752,149.7588,145.1768,144.0303,147.875,146.7102,0.6561,0.5851,0.6662,0.6024,0.5851,0.6288,0.5628,0.6171,0.5879,0.5628,0.6319,0.6361,0.6384,0.6028,0.6028,0.5831,0.5573,0.5721,0.5734,0.5573,0,0,0,0,0,-0.0122,-0.046,-0.0123,-0.042,-0.042,-0.0091,-0.0615,-0.0104,-0.02,-0.0239,-0.0052,-0.0132,0.0033,0.0054,-0.0797,-0.0908,-0.0366,-0.049,-0.0137,0.0117,-0.0085,-0.0315,-0.0011,-0.0429,-0.0185,-0.0028,-0.0379,-0.018,-0.0062,-0.018,-0.0015,0.0096,-0.0064,0.005,-0.0477,-0.0485,-0.0189,-0.0062,-0.019,-0.0131,-0.0178,-0.1448,0.0047,-0.1193,-0.1193,-0.0073,-0.132,0.0019,-0.0899,-0.0973,0.0107,0.001,0.0102,0.008,0.0039,-0.0061,-0.0087,-0.0924,-0.0047,-0.074,-0.0797,-0.0027,-0.0983,-0.0104,-0.054,-0.0647,-0.0087,-0.0016,-0.0008,0.0036,0.0036,0.0051,-0.0119,True,True
DTC_L_22,LanSi,1,CW_01,C,2026-04-02 15:20:36+08:00,ONLINE,False,,CW_1_01,PASS,,,52.7883206,_2026040215203629902,T20260402152036,DESKTOP-P2DUL42,Loma,1,CW_1_01,2,paul di,2024.0718.155524,V20260126.2,CW_DTCL_DTCR_STC,T20260402152129,52.7883206,True,True,True,True,True,True,True,4S2RND2HBL06DS,v1.0.1,2025_12_22,314.3037,322.9185,474.3456,302.3676,294.9865,152.2838,148.543,342.6026,333.6148,489.1111,-6.3413,2.3567,-0.0001,0.0,-0.2272,1.5576,-0.2177,1.5546,0.6668,156.4746,152.2754,150.8682,155.8193,153.8594,0.8142,0.7713,0.8047,0.7391,0.7391,0.7803,0.7636,0.7669,0.7493,0.7493,0.82,0.8183,0.7996,0.767,0.7561,0.7227,0.7816,0.6958,0.6958,0.811,0.98,0.8205,0.8417,0.811,0.8489,0.8315,0.7727,0.8495,0.8282,0.8328,0.8179,0.7701,0.7701,0,0,0,0,0,v1.0.1,2025_12_22,314.3235,322.9632,475.3869,302.3431,294.88,151.3667,147.4211,342.7895,333.8417,490.1871,-6.3294,2.4299,-0.0001,0.0,-0.2268,1.5575,-0.2177,1.5541,0.6668,163.0986,158.7773,165.1426,164.1826,162.8003,0.6792,0.6465,0.6703,0.6586,0.6465,0.6607,0.6463,0.612,0.6386,0.612,0.6449,0.6558,0.6322,0.6344,0.6212,0.6302,0.6272,0.6007,0.6007,0.6604,0.3127,0.6815,0.6836,0.3127,0.6628,0.6763,0.6407,0.693,0.6729,0.6972,0.688,0.6188,0.6188,0,0,0,0,0,v1.0.1,2025_12_22,313.0952,315.2762,438.0541,300.9459,299.2893,184.6198,184.9016,329.7541,327.3565,445.4783,-6.9607,-4.2851,-0.0001,-0.0,-0.2137,1.565,-0.2119,1.5612,0.6751,175.5645,174.7871,173.2578,175.6182,174.8069,0.7838,0.6673,0.7563,0.6351,0.6351,0.7385,0.6522,0.7411,0.6658,0.6522,0.7854,0.7811,0.7193,0.6967,0.6967,0.7322,0,0.7263,0.7283,0.7263,0,0,0,0,0,v1.0.1,2025_12_22,313.1333,315.1905,438.9196,300.7946,299.1441,183.8644,184,329.8475,327.4118,446.3866,-6.9782,-4.2833,-0.0001,-0.0,-0.2134,1.5642,-0.2125,1.5619,0.675,148.123,143.6357,142.957,145.9932,145.1772,0.6499,0.5747,0.6452,0.5686,0.5686,0.6284,0.5593,0.6076,0.5956,0.5593,0.616,0.6246,0.6238,0.625,0.616,0.5634,0.4736,0.5872,0.5835,0.4736,0,0,0,0,0,-0.009,-0.0756,-0.0419,-0.0744,-0.0744,-0.0069,-0.058,-0.0273,-0.0347,-0.0347,-0.0016,-0.0006,-0.0134,-0.0054,-0.0746,-0.1023,-0.0214,-0.0472,0.0008,0.0041,-0.005,-0.0498,-0.013,-0.0561,-0.0368,-0.0049,-0.0275,-0.0402,-0.0217,-0.0402,-0.0075,0.0055,-0.0214,-0.0051,-0.0483,-0.045,-0.0215,-0.0223,-0.0095,-0.0061,-0.0153,-0.1608,-0.044,-0.1583,-0.1583,-0.013,-0.134,-0.0164,-0.0958,-0.0993,0.0128,0.0117,-0.031,0.0018,0.0149,-0.0034,-0.0149,-0.1028,-0.0257,-0.1078,-0.0962,-0.0031,-0.1018,-0.0199,-0.0463,-0.0682,-0.0246,-0.0131,-0.0154,0.0258,0.0168,-0.0146,0.0032,True,True
DTC_R_22,LanSi,1,CW_01,B,2026-04-02 15:20:36+08:00,ONLINE,False,,CW_1_01,PASS,,,52.7693709,_2026040215203629901,T20260402152036,DESKTOP-P2DUL42,Loma,1,CW_1_01,1,paul di,2024.0718.155524,V20260126.2,CW_DTCL_DTCR_STC,T20260402152129,52.7693709,True,True,True,True,True,True,True,4S2RND2HBL0DP6,v1.0.1,2025_12_22,315.0657,317.8467,474.7185,297.9852,295.6643,148.2867,149.3922,338.3333,335.1277,486,-5.5063,-1.8096,-0.0001,-0.0,-0.2233,1.5564,-0.2225,1.5515,0.6655,157.2773,155.2217,154.3516,156.8018,155.9131,0.8609,0.8313,0.8777,0.8507,0.8313,0.8165,0.7884,0.8248,0.7803,0.7803,0.8327,0.7998,0.8279,0.8159,0.7682,0.7732,0.7356,0.7747,0.7356,0.8354,0.8309,0.7967,0.1131,0.1131,0.8187,0.7965,0.8009,0.8182,0.8273,0.8067,0.7712,0.8432,0.7712,0,0,0,0,0,v1.0.1,2025_12_22,315,317.9137,475.8345,297.8705,295.3878,147.2449,148.2632,338.3487,335.1929,486.9571,-5.5643,-1.833,-0.0001,-0.0,-0.2235,1.5559,-0.2214,1.5514,0.6656,164.1729,157.874,166.7432,166.4971,163.8218,0.6986,0.6996,0.7184,0.7035,0.6986,0.6781,0.6662,0.6759,0.6607,0.6607,0.6506,0.6552,0.6546,0.6665,0.6541,0.6549,0.611,0.6338,0.611,0.6817,0.688,0.6488,0.3701,0.3701,0.6414,0.677,0.6458,0.6693,0.6491,0.6862,0.6577,0.6843,0.6414,0,0,0,0,0,v1.0.1,2025_12_22,317.2752,329.3211,441.6228,314.2807,302.9444,196.4762,188.7295,343.6803,331.7043,458.1478,-3.0447,8.8812,-0.0,0.0001,-0.2199,1.5628,-0.2107,1.5587,0.6727,177.5498,177.5625,177.293,178.043,177.6121,0.81,0.7266,0.8236,0.7264,0.7264,0.7792,0.6772,0.7811,0.6797,0.6772,0.7733,0.7776,0.7602,0.7454,0.7454,0.7204,0.6817,0.7318,0,0.6817,0,0,0,0,0,v1.0.1,2025_12_22,317.25,329.3796,442.4561,314.2018,302.8033,195.7705,187.8293,343.8293,331.8053,458.8496,-3.0712,8.9061,-0.0,0.0001,-0.2201,1.5626,-0.2107,1.5583,0.6725,148.0137,142.332,143.877,145.624,144.9617,0.6587,0.6092,0.6827,0.6168,0.6092,0.6413,0.5898,0.6427,0.5754,0.5754,0.6256,0.6374,0.6396,0.6303,0.6256,0.5809,0.5483,0.5708,0.4723,0.4723,0,0,0,0,0,-0.0016,-0.0404,0.0088,-0.0224,-0.0312,0.0018,-0.0323,0.0041,-0.0616,-0.0344,0.0032,-0.0132,0.0183,-0.0015,-0.0333,-0.04,-0.0637,-0.0514,0.0018,0.0167,-0.0089,-0.0085,-0.0018,-0.0194,-0.0089,-0.0006,-0.0158,0.0107,-0.0127,-0.0045,-0.0045,0.0066,-0.0078,-0.0013,-0.0112,-0.0042,-0.0136,-0.0106,-0.003,0.0005,0.0057,-0.0894,0.0141,-0.0986,-0.0779,0.0048,-0.0941,0.0072,-0.1038,-0.0941,-0.0038,0.0071,0.0155,0.002,-0.0408,0.0031,0.003,-0.0731,0.0102,-0.0602,-0.0465,-0.0004,-0.06,-0.0045,-0.0722,-0.0663,-0.0179,-0.0125,0.0065,0.0078,0.0031,-0.0138,-0.0089,True,True
DTC_L_23,LanSi,1,CW_01,A,2026-04-02 15:22:16+08:00,ONLINE,False,,CW_1_01,PASS,,,52.1882291,_2026040215221665002,T20260402152216,DESKTOP-P2DUL42,Loma,1,CW_1_01,2,paul di,2024.0718.155524,V20260126.2,CW_DTCL_DTCR_STC,T20260402152308,52.1882291,True,True,True,True,True,True,True,4S2RND2HBL06DS,v1.0.1,2025_12_22,314.2612,322.7687,474.3037,302.2074,294.8467,151.7867,148.543,342.3974,333.6296,488.9556,-6.3832,2.1231,-0.0001,0.0,-0.2273,1.5572,-0.2174,1.5543,0.6667,156.1211,152.3984,150.8721,155.5088,153.7251,0.82,0.7954,0.8221,0.7753,0.7753,0.7874,0.7583,0.78,0.7616,0.7583,0.8213,0.8174,0.8197,0.7678,0.7324,0.7241,0.7721,0.7049,0.7049,0.8083,0.5193,0.8117,0.8422,0.5193,0.8456,0.7945,0.7782,0.8471,0.8355,0.8322,0.8143,0.7823,0.7782,0,0,0,0,0,v1.0.1,2025_12_22,314.2353,322.8309,475.3704,302.0444,294.8467,150.7867,147.5,342.5867,333.7914,489.9568,-6.3513,2.1411,-0.0001,0.0,-0.2278,1.5581,-0.2174,1.5538,0.6667,164.4521,160.1309,166.5703,165.7119,164.2163,0.6729,0.6684,0.6818,0.6875,0.6684,0.6579,0.6365,0.6296,0.6413,0.6296,0.6568,0.639,0.6559,0.6295,0.6252,0.6327,0.6431,0.6119,0.6119,0.6556,0.5566,0.6755,0.6915,0.5566,0.6595,0.6439,0.6408,0.6766,0.6782,0.6888,0.6796,0.6252,0.6252,0,0,0,0,0,v1.0.1,2025_12_22,313.0583,315,437.9273,300.7636,299.1488,184.2314,184.6891,329.5462,327.181,445.1983,-7.0991,-4.5521,-0.0001,-0.0,-0.213,1.5643,-0.2123,1.5622,0.6753,175.3467,175.2393,173.3223,175.125,174.7583,0.7813,0.693,0.7903,0.6713,0.6713,0.7469,0.6515,0.7462,0.6628,0.6515,0.7859,0.7623,0.7761,0.7042,0.7042,0.7136,0,0.7196,0.7221,0.7136,0,0,0,0,0,v1.0.1,2025_12_22,312.9712,314.9519,438.7281,300.5439,298.9828,183.4224,183.8361,329.5738,327.2689,446.1429,-7.1426,-4.573,-0.0001,-0.0,-0.2136,1.5643,-0.2122,1.5617,0.6751,149.3008,144.6328,143.8105,147.2139,146.2395,0.6606,0.5785,0.6711,0.6134,0.5785,0.6288,0.5624,0.6228,0.598,0.5624,0.6247,0.628,0.6432,0.614,0.614,0.5754,0.5342,0.5728,0.5649,0.5342,0,0,0,0,0,-0.0032,-0.0515,-0.0245,-0.0382,-0.0382,0.0002,-0.0633,-0.0142,-0.0224,-0.0257,-0.0003,-0.0015,0.0067,-0.0046,-0.0983,-0.1009,-0.0309,-0.0381,-0.0019,-0.0047,-0.0113,-0.0279,-0.0015,-0.0272,-0.0149,-0.0077,-0.0373,-0.0226,-0.019,-0.0226,0.0044,-0.0113,0.0023,-0.01,-0.0443,-0.0425,-0.0056,-0.0111,-0.0143,-0.0121,-0.0178,-0.1351,-0.01,-0.1221,-0.1221,-0.0046,-0.1347,-0.0113,-0.0988,-0.1,0.0133,-0.0071,0.0258,0.0093,-0.0037,-0.0101,-0.0042,-0.099,0.0002,-0.063,-0.0863,-0.0027,-0.0987,-0.0047,-0.0439,-0.0651,-0.0159,-0.0097,0.004,0.0148,0.0148,-0.0026,-0.0112,True,True
DTC_R_23,LanSi,1,CW_01,C,2026-04-02 15:22:16+08:00,ONLINE,False,,CW_1_01,PASS,,,52.2021922,_2026040215221665101,T20260402152216,DESKTOP-P2DUL42,Loma,1,CW_1_01,1,paul di,2024.0718.155524,V20260126.2,CW_DTCL_DTCR_STC,T20260402152308,52.2021922,True,True,True,True,True,True,True,4S2RND2HBL0DP6,v1.0.1,2025_12_22,315.3407,316.9185,475.391,297.4586,295.8966,149.1862,149.6779,336.8054,335.9133,486.14,-5.0561,-2.1983,-0.0001,-0.0,-0.2205,1.5549,-0.219,1.5493,0.6662,156.9893,154.7158,154.3477,156.5781,155.6577,0.8668,0.7782,0.8694,0.8013,0.7782,0.8181,0.7384,0.8253,0.807,0.7384,0.8257,0.8045,0.8089,0.8223,0.7228,0.7283,0.8063,0.8103,0.7228,0.8358,0.7652,0.7938,0.7557,0.7557,0.8451,0.758,0.7626,0.8124,0.8029,0.98,0.8247,0.8399,0.758,0,0,0,0,0,v1.0.1,2025_12_22,315.3037,316.9185,476.5259,297.2074,295.863,148.1507,148.44,336.9333,336.0067,487.18,-5.0721,-2.222,-0.0001,-0.0,-0.2211,1.5556,-0.2189,1.5493,0.6662,164.2393,157.5752,166.4238,166.8262,163.7661,0.696,0.6587,0.7182,0.6847,0.6587,0.6849,0.6402,0.6671,0.6625,0.6402,0.6658,0.6371,0.6454,0.6526,0.6323,0.6314,0.6225,0.6393,0.6225,0.6674,0.6422,0.6564,0.2653,0.2653,0.6455,0.6477,0.6479,0.6757,0.6318,0.4916,0.6415,0.6884,0.4916,0,0,0,0,0,v1.0.1,2025_12_22,317.5872,328.2477,442.1875,313.4286,303.0492,197.0082,188.9032,342.4113,332.0522,457.1826,-2.7442,8.1557,-0.0,0.0001,-0.2179,1.56,-0.2091,1.5586,0.6729,176.9258,177.1035,177.2344,178.1445,177.3521,0.8146,0.6404,0.8262,0.6801,0.6404,0.78,0.6162,0.7802,0.7187,0.6162,0.7813,0.7683,0.7669,0.7638,0.7638,0.742,0.6684,0.7247,0,0.6684,0,0,0,0,0,v1.0.1,2025_12_22,317.5943,328.2642,443.0642,313.3761,303.0492,196.2131,188,342.5,332.2712,458,-2.7042,8.1707,-0.0,0.0001,-0.2176,1.5606,-0.2089,1.5576,0.6729,147.9746,141.6025,143.5068,145.9287,144.7532,0.6661,0.568,0.6713,0.5895,0.568,0.6372,0.551,0.6433,0.5966,0.551,0.6426,0.6403,0.6418,0.6282,0.6282,0.6,0.5548,0.5788,0.1582,0.1582,0,0,0,0,0,0.0043,-0.0935,0.0005,-0.0718,-0.0843,0.0034,-0.0823,0.0046,-0.0349,-0.0763,-0.0038,-0.0085,-0.0007,0.0049,-0.0787,-0.0849,0.007,-0.0158,0.0022,0.0138,-0.0115,-0.0494,-0.002,-0.0382,-0.0488,0.0062,-0.0418,0.0019,-0.0109,-0.025,0.0107,-0.0115,-0.017,-0.0152,-0.033,-0.0277,-0.0021,-0.0051,-0.0173,0.0081,0.0103,-0.1756,0.0167,-0.1449,-0.1639,0.0056,-0.1551,0.0063,-0.0648,-0.1551,0.0042,-0.0022,0.0222,0.0204,-0.0192,-0.004,0.0104,-0.1143,-0.0012,-0.0875,-0.0877,-0.0045,-0.0988,-0.0039,-0.051,-0.0907,-0.0009,-0.0096,0.0087,0.0057,0.0057,0.0053,-0.0009,True,True
DTC_L_24,LanSi,1,CW_01,B,2026-04-02 15:24:17+08:00,ONLINE,False,,CW_1_01,FAIL,SFR_VIS_25cm_Ny4_01F_ROI2;SFR_VIS_25cm_Ny4_01F_Min;IR_SFR_VIS_25cm_Ny4_01F_ROI2;IR_SFR_VIS_25cm_Ny4_01F_Min;SFR_VIS_25cm_Ny4_01F_ROI2_Dev;SFR_VIS_25cm_Ny4_01F_Min_Dev,sfr_25Algo,52.9957179,_2026040215241757102,T20260402152417,DESKTOP-P2DUL42,Loma,1,CW_1_01,2,paul di,2024.0718.155524,V20260126.2,CW_DTCL_DTCR_STC,T20260402152510,52.9957179,True,True,True,True,True,True,True,4S2RND2HBL06DS,v1.0.1,2025_12_22,314.292,324,474.2946,303.7054,294.8487,152.8816,148.3922,344.3333,333.7021,490.7589,-6.3941,3.6358,-0.0001,0.0,-0.2256,1.5571,-0.2214,1.5544,0.6661,156.5059,152.4219,150.5469,155.5225,153.7493,0.8215,0.6503,0.8293,0.784,0.6503,0.7822,0.7514,0.7925,0.7508,0.7508,0.8109,0.8175,0.822,0.7695,0.7636,0.7629,0.7518,0.7037,0.7037,0.8106,0.7754,0.8087,0.8354,0.7754,0.8578,0.781,0.7884,0.826,0.8232,0.8197,0.7997,0.7803,0.7803,0,0,0,0,0,v1.0.1,2025_12_22,314.2536,324.029,475.3231,303.7462,294.8079,151.7616,147.3816,344.5,333.8,491.7357,-6.3868,3.6545,-0.0001,0.0,-0.2248,1.5579,-0.2215,1.5543,0.6665,165.8379,161.3066,167.2129,166.9443,165.3254,0.6762,0.5899,0.689,0.6868,0.5899,0.6549,0.6382,0.6406,0.6537,0.6382,0.6521,0.6567,0.6551,0.631,0.6358,0.6567,0.6193,0.615,0.615,0.6575,0.5513,0.6801,0.6859,0.5513,0.6566,0.6642,0.6359,0.6733,0.6709,0.6807,0.6742,0.6258,0.6258,0,0,0,0,0,v1.0.1,2025_12_22,313.0833,316.1296,437.9238,302.0762,299.1083,185.2917,184.605,331.395,327.1368,447.094,-7.1285,-3.1027,-0.0001,-0.0,-0.2116,1.5639,-0.2177,1.5634,0.6745,175.8164,175.2441,173.2578,175.5332,174.9629,0.7862,0.5547,0.8027,0.6795,0.5547,0.755,0.6604,0.7583,0.6656,0.6604,0.7842,0.7701,0.7596,0.7108,0.7108,0.7068,0,0.7218,0.7404,0.7068,0,0,0,0,0,v1.0.1,2025_12_22,313.0566,316.2358,438.7925,302,298.9746,184.6017,183.7295,331.3197,327.1624,447.9145,-7.1569,-3.0857,-0.0001,-0.0,-0.2122,1.5637,-0.2156,1.5636,0.6749,150.6064,145.3252,144.6387,148.3486,147.2297,0.675,0.4848,0.6746,0.6026,0.4848,0.6283,0.5619,0.6274,0.5786,0.5619,0.6385,0.639,0.6346,0.6042,0.6042,0.5795,0.5368,0.5864,0.5728,0.5368,0,0,0,0,0,-0.0017,-0.1966,-0.0173,-0.0295,-0.1632,-0.005,-0.0702,-0.0017,-0.0332,-0.0332,-0.0107,-0.0014,0.009,-0.0029,-0.0671,-0.0621,-0.0512,-0.0393,0.0004,-0.0077,-0.008,-0.1064,0.0057,-0.0279,-0.0934,-0.0107,-0.0356,-0.0116,-0.0066,-0.014,-0.0003,0.0064,0.0015,-0.0085,-0.0337,-0.0185,-0.0294,-0.008,-0.0124,-0.0075,-0.0129,-0.2734,0.0024,-0.1139,-0.2387,0.0035,-0.1258,0.0008,-0.096,-0.0911,0.0116,0.0007,0.0093,0.0159,-0.0105,-0.0079,0.0102,-0.1927,0.0037,-0.0738,-0.18,-0.0032,-0.0992,-0.0001,-0.0633,-0.0656,-0.0021,0.0013,-0.0046,0.005,0.005,0.0015,0.0024,True,True
DTC_R_24,LanSi,1,CW_01,A,2026-04-02 15:24:17+08:00,ONLINE,False,,CW_1_01,PASS,,,53.1363423,_2026040215241744501,T20260402152417,DESKTOP-P2DUL42,Loma,1,CW_1_01,1,paul di,2024.0718.155524,V20260126.2,CW_DTCL_DTCR_STC,T20260402152510,53.1363423,True,True,True,True,True,True,True,4S2RND2HBL0DP6,v1.0.1,2025_12_22,315.146,316.6277,474.8309,296.7647,295.6486,147.4527,149.6078,336.6667,335.2536,484.029,-5.4026,-3.1918,-0.0001,-0.0,-0.2232,1.5555,-0.22,1.5507,0.6658,156.6865,153.8906,153.4307,156.5352,155.1357,0.8683,0.8303,0.864,0.7916,0.7916,0.8124,0.7654,0.808,0.7415,0.7415,0.8196,0.8295,0.821,0.8239,0.7578,0.7575,0.7623,0.6961,0.6961,0.8385,0.8161,0.7827,0.2644,0.2644,0.8406,0.7751,0.7682,0.825,0.7905,0.8505,0.7711,0.8582,0.7682,0,0,0,0,0,v1.0.1,2025_12_22,315.1655,316.6187,475.8623,296.5797,295.483,146.4558,148.4966,336.7211,335.4143,485.0214,-5.4157,-3.2207,-0.0001,-0.0,-0.2235,1.5551,-0.2195,1.5506,0.6657,165.2793,160.0625,168.7197,167.9531,165.5037,0.7004,0.6953,0.7104,0.6732,0.6732,0.6763,0.6424,0.6467,0.6402,0.6402,0.6631,0.6438,0.6672,0.6652,0.6416,0.6435,0.6185,0.5964,0.5964,0.685,0.6682,0.6623,0.0372,0.0372,0.652,0.6416,0.6448,0.67,0.6555,0.5636,0.6615,0.6793,0.5636,0,0,0,0,0,v1.0.1,2025_12_22,317.5,328.1132,441.7568,312.982,302.9339,195.7355,188.7886,342.4065,331.8929,456.1607,-2.9256,7.5796,-0.0,0.0001,-0.2207,1.5607,-0.2101,1.5583,0.6721,176.9355,176.4561,176.4404,178.418,177.0625,0.8058,0.7204,0.8231,0.6799,0.6799,0.7541,0.6664,0.7441,0.625,0.625,0.7784,0.7676,0.7654,0.7457,0.7457,0.7478,0.6966,0.6994,0,0.6966,0,0,0,0,0,v1.0.1,2025_12_22,317.3962,328.1415,442.6182,312.8818,302.76,194.88,187.9274,342.4677,331.9469,456.9204,-2.9703,7.5583,-0.0,0.0001,-0.2207,1.5609,-0.2097,1.5578,0.6721,149.1885,144.0107,145.9141,146.8428,146.489,0.6585,0.6145,0.6765,0.5827,0.5827,0.6181,0.5805,0.6246,0.544,0.544,0.6275,0.6415,0.6458,0.6141,0.6141,0.5987,0.5579,0.5588,0.2938,0.2938,0,0,0,0,0,0.0058,-0.0414,-0.0049,-0.0815,-0.0709,-0.0023,-0.0553,-0.0127,-0.1004,-0.0732,-0.0099,0.0165,0.0114,0.0065,-0.0437,-0.0557,-0.037,-0.13,0.0049,0.0027,-0.0071,-0.0128,-0.0098,-0.0497,-0.0343,-0.0024,-0.0396,-0.0185,-0.0332,-0.025,0.008,-0.0048,0.0048,-0.0026,-0.0237,-0.0156,-0.0061,-0.048,0.0003,0.014,0.0015,-0.0956,0.0136,-0.1451,-0.1244,-0.0203,-0.1049,-0.0298,-0.1585,-0.1463,0.0013,-0.0029,0.0207,0.0023,-0.0134,-0.0293,0.0028,-0.0678,0.004,-0.0943,-0.073,-0.0236,-0.0693,-0.0226,-0.1036,-0.0977,-0.016,-0.0084,0.0127,-0.0084,-0.0084,0.004,-0.0209,True,True
DTC_R_25,LanSi,1,CW_01,B,2026-04-02 15:26:30+08:00,ONLINE,False,,CW_1_01,PASS,,,52.0420739,_2026040215263016201,T20260402152630,DESKTOP-P2DUL42,Loma,1,CW_1_01,1,paul di,2024.0718.155524,V20260126.2,CW_DTCL_DTCR_STC,T20260402152722,52.0420739,True,True,True,True,True,True,True,4S2RND2HBL0DP6,v1.0.1,2025_12_22,315.1533,316.1898,475.2148,296.7778,295.8414,147.9793,149.3986,336.0676,335.723,484.5811,-5.2338,-3.1809,-0.0001,-0.0,-0.2202,1.556,-0.2188,1.5487,0.6664,156.2686,153.6113,153.2217,156.168,154.8174,0.8665,0.7831,0.8718,0.7995,0.7831,0.8267,0.7475,0.8149,0.7939,0.7475,0.809,0.8203,0.8213,0.819,0.762,0.7388,0.7867,0.7858,0.7388,0.8351,0.7959,0.7922,0.6266,0.6266,0.8443,0.7775,0.735,0.8083,0.7941,0.7323,0.8128,0.8607,0.7323,0,0,0,0,0,v1.0.1,2025_12_22,315.0719,316.1439,476.2086,296.6331,295.4306,147.0069,148.1959,336.1959,335.86,485.6933,-5.3466,-3.1654,-0.0001,-0.0,-0.22,1.5547,-0.2191,1.5483,0.666,164.9121,159.7969,168.7646,167.3418,165.2039,0.701,0.6716,0.7158,0.6855,0.6716,0.6915,0.6367,0.6699,0.6633,0.6367,0.6378,0.6496,0.6617,0.6687,0.6374,0.6366,0.6294,0.6404,0.6294,0.6708,0.6508,0.6659,0.0875,0.0875,0.6495,0.6598,0.636,0.6497,0.6492,0.5561,0.6158,0.6857,0.5561,0,0,0,0,0,v1.0.1,2025_12_22,317.3273,327.6727,442.0091,312.7182,303.0246,196.1311,188.6311,341.6557,332,456,-2.9016,7.3356,-0.0,0.0001,-0.2189,1.562,-0.2077,1.5564,0.673,176.4697,175.8682,175.8682,177.4209,176.4067,0.8157,0.6333,0.8214,0.6621,0.6333,0.7814,0.6208,0.777,0.7009,0.6208,0.7781,0.7725,0.7635,0.7647,0.7635,0.7451,0.668,0.7158,0,0.668,0,0,0,0,0,v1.0.1,2025_12_22,317.3302,327.7736,442.8364,312.7273,302.7742,195.3306,187.7769,341.7851,332,456.8974,-2.9565,7.4028,-0.0,0.0001,-0.2188,1.5608,-0.2072,1.5572,0.673,148.5312,143.5723,145.4434,146.5889,146.0339,0.669,0.5587,0.6867,0.5819,0.5587,0.6438,0.5617,0.6451,0.5866,0.5617,0.6349,0.629,0.642,0.6216,0.6216,0.596,0.5594,0.5661,0.2648,0.2648,0,0,0,0,0,0.004,-0.0886,0.0029,-0.0736,-0.0794,0.012,-0.0732,-0.0058,-0.048,-0.0672,-0.0205,0.0073,0.0117,0.0016,-0.0395,-0.0744,-0.0126,-0.0403,0.0015,0.0122,-0.0065,-0.0365,-0.0044,-0.0374,-0.0359,0.0128,-0.0453,0.0047,-0.0101,-0.0285,-0.0173,0.001,-0.0007,0.0009,-0.0279,-0.0225,0.0048,-0.004,-0.0139,0.0176,0.0114,-0.1827,0.0119,-0.1629,-0.171,0.007,-0.1505,0.0031,-0.0826,-0.1505,0.001,0.002,0.0188,0.0213,-0.0161,-0.0129,0.0133,-0.1236,0.0142,-0.0951,-0.097,0.0021,-0.0881,-0.0021,-0.061,-0.08,-0.0086,-0.0209,0.0089,-0.0009,-0.0009,0.0013,-0.0136,True,True
DTC_L_25,LanSi,1,CW_01,C,2026-04-02 15:26:30+08:00,ONLINE,False,,CW_1_01,PASS,,,51.9732584,_2026040215263024402,T20260402152630,DESKTOP-P2DUL42,Loma,1,CW_1_01,2,paul di,2024.0718.155524,V20260126.2,CW_DTCL_DTCR_STC,T20260402152722,51.9732584,True,True,True,True,True,True,True,4S2RND2HBL06DS,v1.0.1,2025_12_22,315.3507,321.9104,475.5152,300.9167,296.3311,150.6892,150.0952,341.7619,334.7554,487.5755,-5.0905,1.0707,-0.0001,0.0,-0.2298,1.5597,-0.219,1.5537,0.6661,156.6582,152.5684,150.7783,155.8965,153.9753,0.824,0.8071,0.8415,0.7857,0.7857,0.7788,0.7443,0.7963,0.7585,0.7443,0.8107,0.8146,0.8027,0.7644,0.7392,0.7455,0.7477,0.688,0.688,0.8051,0.98,0.8117,0.8,0.8,0.8572,0.7315,0.731,0.8333,0.8151,0.7727,0.7844,0.7918,0.731,0,0,0,0,0,v1.0.1,2025_12_22,315.2536,321.971,476.5809,300.9559,296.1477,149.906,149,342,334.8345,488.6187,-5.1367,1.1903,-0.0001,0.0,-0.229,1.5597,-0.2194,1.5533,0.6662,162.8633,159.165,164.9336,163.6475,162.6523,0.6814,0.6937,0.6886,0.697,0.6814,0.6624,0.629,0.6358,0.6515,0.629,0.6543,0.6529,0.6564,0.6358,0.6109,0.6415,0.6415,0.6027,0.6027,0.6745,0.4235,0.6883,0.671,0.4235,0.6532,0.6221,0.6113,0.6734,0.6784,0.6783,0.681,0.6322,0.6113,0,0,0,0,0,v1.0.1,2025_12_22,314.0849,314.3302,439.036,299.5405,300.4262,183.1475,186.0488,328.9106,328.0783,444.2783,-5.9652,-5.4586,-0.0001,-0.0001,-0.2173,1.5665,-0.2129,1.563,0.6748,176.0918,175.377,173.5977,175.8164,175.2207,0.7918,0.7044,0.8017,0.6905,0.6905,0.761,0.6481,0.7555,0.6549,0.6481,0.7733,0.7708,0.7623,0.6951,0.6951,0.7301,0,0.7264,0.6773,0.6773,0,0,0,0,0,v1.0.1,2025_12_22,314.0388,314.1942,439.8559,299.5405,300.4492,182.4237,185.1475,329.0082,328.2564,445.0513,-5.9504,-5.4564,-0.0001,-0.0001,-0.2154,1.5675,-0.2139,1.5621,0.6751,148.1211,143.7109,142.6221,145.7314,145.0464,0.6684,0.6161,0.6671,0.6038,0.6038,0.6318,0.5492,0.6288,0.5856,0.5492,0.6268,0.6324,0.644,0.5837,0.5837,0.589,0.4901,0.5896,0.5567,0.4901,0,0,0,0,0,0.0008,-0.0398,-0.0051,-0.0278,-0.0278,-0.0084,-0.0773,0.0021,-0.0255,-0.0397,-0.0109,-0.0043,-0.0103,-0.008,-0.0915,-0.0795,-0.0553,-0.055,-0.0051,-0.0047,-0.0028,-0.0026,0.0053,-0.0177,-0.0019,-0.0032,-0.0448,-0.0164,-0.0088,-0.0232,0.0019,0.0026,0.0028,-0.0037,-0.0586,-0.0337,-0.0072,-0.0203,0.0046,0.0007,-0.0073,-0.1237,0.0014,-0.1029,-0.1029,0.0095,-0.1381,-0.002,-0.1067,-0.1034,0.0007,0.0014,0.012,0.0002,0.0128,-0.0033,0.0036,-0.0614,-0.0038,-0.0726,-0.061,0.0003,-0.1119,0.0013,-0.0563,-0.0783,-0.0138,-0.0053,0.0048,-0.0155,-0.0155,0.011,0.0056,True,True
DTC_R_26,LanSi,1,CW_01,C,2026-04-02 15:28:06+08:00,ONLINE,False,,CW_1_01,PASS,,,52.2629537,_2026040215280655901,T20260402152806,DESKTOP-P2DUL42,Loma,1,CW_1_01,1,paul di,2024.0718.155524,V20260126.2,CW_DTCL_DTCR_STC,T20260402152858,52.2629537,True,True,True,True,True,True,True,4S2RND2HBL0D06,v1.0.1,2025_12_22,315.2148,317.2222,475.4656,297.8702,295.9793,149.2276,149.5168,337.4564,335.8467,485.7867,-5.0954,-1.9874,-0.0001,-0.0,-0.2197,1.5563,-0.221,1.5485,0.666,157.6914,154.8672,154.0752,157.3623,155.999,0.8727,0.7797,0.8652,0.7992,0.7797,0.8206,0.7492,0.8304,0.7857,0.7492,0.821,0.815,0.8114,0.8264,0.7301,0.7381,0.7933,0.7678,0.7301,0.8329,0.8047,0.7867,0.98,0.7867,0.8386,0.764,0.7648,0.8142,0.7986,0.7444,0.8354,0.8453,0.7444,0,0,0,0,0,v1.0.1,2025_12_22,315.1533,317.1898,476.4511,297.8346,295.7847,148.2639,148.457,337.6026,335.8411,486.8344,-5.1626,-1.9549,-0.0001,-0.0,-0.2189,1.5561,-0.2213,1.5489,0.6662,164.8525,159.4971,167.9951,167.2393,164.896,0.7076,0.6606,0.7087,0.6836,0.6606,0.6898,0.6414,0.665,0.667,0.6414,0.6559,0.6497,0.6584,0.6589,0.6184,0.6411,0.6228,0.6543,0.6184,0.6806,0.6516,0.6387,0.0922,0.0922,0.6399,0.6455,0.6411,0.6728,0.6477,0.5831,0.6308,0.6777,0.5831,0,0,0,0,0,v1.0.1,2025_12_22,317.566,328.8208,442.1875,313.6696,303.1935,197.129,188.725,342.775,332,457.1026,-2.7656,8.3994,-0.0,0.0001,-0.2205,1.5616,-0.2074,1.5582,0.673,177.5576,177.4971,177.1348,178.8828,177.7681,0.8157,0.6365,0.8173,0.6639,0.6365,0.781,0.6192,0.7762,0.685,0.6192,0.7794,0.763,0.7717,0.7615,0.7615,0.7524,0.6595,0.7266,0,0.6595,0,0,0,0,0,v1.0.1,2025_12_22,317.4762,328.8381,443.0183,313.633,303.0976,196.2114,187.9083,343.05,332.0172,457.9483,-2.7965,8.4362,-0.0,0.0001,-0.22,1.5623,-0.2087,1.5581,0.6729,148.4443,143.4941,145.2324,146.293,145.866,0.6782,0.5591,0.6836,0.5814,0.5591,0.6496,0.5542,0.6527,0.5887,0.5542,0.6516,0.6537,0.6424,0.6301,0.6301,0.5774,0.5429,0.5782,0.3869,0.3869,0,0,0,0,0,0.0102,-0.092,-0.0037,-0.0739,-0.0828,0.0059,-0.0715,0.0097,-0.0562,-0.0655,-0.0085,0.002,0.0018,0.009,-0.0714,-0.0751,-0.006,-0.0583,-0.0007,0.0067,0.0001,-0.0475,-0.0115,-0.0393,-0.0469,0.0111,-0.0406,-0.0002,-0.0064,-0.0238,0.0008,0.0011,-0.004,-0.0089,-0.0469,-0.018,-0.0018,0.0099,-0.0041,-0.0096,0.0114,-0.1795,0.0078,-0.1611,-0.1678,0.0066,-0.1521,0.0023,-0.0985,-0.1521,0.0023,-0.0075,0.027,0.0181,-0.0088,-0.0021,0.0225,-0.1232,0.0111,-0.0956,-0.0966,0.0079,-0.0956,0.0055,-0.0589,-0.0875,0.0081,0.0038,0.0093,0.0076,0.0076,-0.0173,-0.0015,True,True
DTC_L_26,LanSi,1,CW_01,A,2026-04-02 15:28:06+08:00,ONLINE,False,,CW_1_01,PASS,,,52.3696064,_2026040215280643302,T20260402152806,DESKTOP-P2DUL42,Loma,1,CW_1_01,2,paul di,2024.0718.155524,V20260126.2,CW_DTCL_DTCR_STC,T20260402152858,52.3696064,True,True,True,True,True,True,True,4S2RND2HBL06DS,v1.0.1,2025_12_22,315.3704,322.0444,475.6107,301.0687,296.3775,150.6887,150.0816,342.1497,334.7956,488.2263,-5.0528,1.3356,-0.0001,0.0,-0.2296,1.5599,-0.2205,1.5539,0.6659,156.6816,152.5908,151.1621,156.1836,154.1545,0.8262,0.7465,0.837,0.7805,0.7465,0.7898,0.7695,0.7838,0.7521,0.7521,0.8241,0.8094,0.8055,0.7614,0.7315,0.7355,0.733,0.7087,0.7087,0.8063,0.98,0.8172,0.7867,0.7867,0.8453,0.7616,0.7579,0.8384,0.8178,0.7781,0.78,0.7722,0.7579,0,0,0,0,0,v1.0.1,2025_12_22,315.2847,322.0657,476.7153,300.9343,296.1467,149.88,149.0616,342.3425,334.9574,489.156,-5.0668,1.3757,-0.0001,0.0,-0.2296,1.5596,-0.2209,1.5531,0.6655,165.165,160.6465,166.752,166.1426,164.6765,0.683,0.6383,0.6853,0.6928,0.6383,0.6571,0.6365,0.6458,0.6474,0.6365,0.6431,0.6496,0.6474,0.6404,0.6233,0.633,0.6318,0.6021,0.6021,0.6727,0.5158,0.6645,0.6781,0.5158,0.6554,0.6557,0.6134,0.6723,0.67,0.6588,0.6673,0.6261,0.6134,0,0,0,0,0,v1.0.1,2025_12_22,314.0849,314.3302,439.2054,299.7232,300.3884,183.2893,186.1102,329.2712,328.2308,444.8718,-5.8961,-5.2029,-0.0001,-0.0001,-0.2157,1.5661,-0.2157,1.5623,0.6743,176.1836,175.4014,173.5947,175.8867,175.2666,0.792,0.6089,0.8059,0.6789,0.6089,0.7513,0.6663,0.7561,0.6634,0.6634,0.7722,0.7565,0.7711,0.7021,0.7021,0.7164,0,0.722,0.6619,0.6619,0,0,0,0,0,v1.0.1,2025_12_22,314.0849,314.3302,440.0183,299.633,300.4068,182.5,185.3417,329.3917,328.4017,445.5897,-5.8493,-5.2111,-0.0001,-0.0001,-0.2157,1.5669,-0.2159,1.5616,0.6742,150.1172,145.3525,144.2705,148.0596,146.95,0.6601,0.5244,0.6734,0.5943,0.5244,0.6269,0.5636,0.6286,0.579,0.5636,0.6306,0.6333,0.642,0.607,0.607,0.5982,0.5335,0.5805,0.5598,0.5335,0,0,0,0,0,0.003,-0.1004,-0.0096,-0.033,-0.067,0.0026,-0.0521,-0.0104,-0.0319,-0.0319,0.0025,-0.0095,-0.0075,-0.011,-0.0992,-0.0895,-0.07,-0.0343,-0.0039,0.0008,-0.0012,-0.058,0.002,-0.0219,-0.045,-0.0085,-0.0373,-0.0064,-0.0129,-0.0157,-0.0093,-0.0007,-0.0062,0.0009,-0.0462,-0.0422,-0.0169,-0.0209,0.0028,-0.0231,-0.0071,-0.2192,0.0056,-0.1145,-0.1845,-0.0002,-0.1199,-0.0014,-0.0982,-0.0881,-0.0004,-0.0129,0.0208,0.0072,-0.0009,-0.0077,-0.0047,-0.1531,0.0025,-0.0821,-0.1404,-0.0046,-0.0975,0.0011,-0.0629,-0.0639,-0.01,-0.0044,0.0028,0.0078,0.0078,0.0202,-0.0035,True,True
DTC_L_28,LanSi,1,CW_01,B,2026-04-02 15:36:18+08:00,ONLINE,False,,CW_1_01,PASS,,,51.5654555,_2026040215361806302,T20260402153618,DESKTOP-P2DUL42,Loma,1,CW_1_01,2,paul di,2024.0718.155524,V20260126.2,CW_DTCL_DTCR_STC,T20260402153709,51.5654555,True,True,True,True,True,True,True,4S2RND2HBL06DS,v1.0.1,2025_12_22,313.9627,323.4328,473.8897,302.8309,294.5195,151.7857,148,343.5,333.0857,489.9786,-6.8085,2.8056,-0.0001,0.0,-0.2276,1.5575,-0.2198,1.556,0.6665,155.8857,152.5557,150.4111,155.5947,153.6118,0.8219,0.7876,0.8232,0.7703,0.7703,0.7795,0.7417,0.7924,0.7519,0.7417,0.8195,0.8086,0.8192,0.7644,0.7376,0.73,0.746,0.7093,0.7093,0.8057,0.4741,0.8223,0.8365,0.4741,0.8441,0.7637,0.7673,0.8525,0.8199,0.8309,0.8046,0.7692,0.7637,0,0,0,0,0,v1.0.1,2025_12_22,314,323.4071,475.0142,302.766,294.4771,150.7908,146.894,343.5364,333.2609,491.1087,-6.7708,2.8218,-0.0001,0.0,-0.227,1.5577,-0.2194,1.5559,0.6668,165.0459,160.5859,166.542,165.875,164.5122,0.6756,0.6691,0.6906,0.6885,0.6691,0.6548,0.6245,0.6448,0.6467,0.6245,0.6552,0.6475,0.646,0.6363,0.6217,0.6377,0.63,0.6133,0.6133,0.6633,0.5226,0.6589,0.6971,0.5226,0.6683,0.6523,0.6319,0.7134,0.6715,0.6812,0.6849,0.6168,0.6168,0,0,0,0,0,v1.0.1,2025_12_22,312.9151,315.6698,437.6174,301.4522,298.8571,184.1176,184.4167,330.4417,326.8632,446.2222,-7.3661,-3.9193,-0.0001,-0.0,-0.213,1.5638,-0.2139,1.5638,0.6752,175.623,175.2822,172.9287,175.3125,174.7866,0.7924,0.6879,0.8064,0.6585,0.6585,0.7418,0.6301,0.7479,0.668,0.6301,0.7844,0.7773,0.7765,0.7142,0.7142,0.7212,0,0.7452,0.7365,0.7212,0,0,0,0,0,v1.0.1,2025_12_22,312.8667,315.6476,438.5,301.2632,298.7417,183.5333,183.4628,330.5372,327,447.1026,-7.3858,-3.8832,-0.0001,-0.0,-0.2135,1.5638,-0.214,1.5632,0.6749,149.8486,145.1084,144.126,147.3936,146.6191,0.6635,0.5966,0.676,0.5845,0.5845,0.6207,0.5459,0.6167,0.5838,0.5459,0.6252,0.6138,0.646,0.6108,0.6108,0.5766,0.5348,0.6096,0.592,0.5348,0,0,0,0,0,-0.0013,-0.0593,-0.0234,-0.0432,-0.0432,-0.0077,-0.0799,-0.0018,-0.0321,-0.0423,-0.0021,-0.0103,0.0062,-0.008,-0.0931,-0.095,-0.057,-0.0337,-0.0045,0.0059,-0.0086,-0.0272,0.0073,-0.0262,-0.0142,-0.0108,-0.0493,-0.0074,-0.0136,-0.0277,0.0028,-0.0028,-0.0076,-0.0032,-0.0478,-0.0375,-0.0187,-0.0097,-0.0066,-0.0287,-0.0067,-0.1402,0.0061,-0.1349,-0.1349,-0.0097,-0.1561,-0.0096,-0.0936,-0.1214,0.0118,0.0079,0.0262,0.0193,0.0039,0.0155,-0.0013,-0.0809,0.0051,-0.0919,-0.0803,-0.0108,-0.1152,-0.0108,-0.0581,-0.0816,-0.0154,-0.0239,0.0068,0.0116,0.0116,-0.0014,0.0256,True,True
DTC_R_28,LanSi,1,CW_01,A,2026-04-02 15:36:17+08:00,ONLINE,False,,CW_1_01,PASS,,,51.6342714,_2026040215361799501,T20260402153617,DESKTOP-P2DUL42,Loma,1,CW_1_01,1,paul di,2024.0718.155524,V20260126.2,CW_DTCL_DTCR_STC,T20260402153709,51.6342714,True,True,True,True,True,True,True,4S2RND2H000DP6,v1.0.1,2025_12_22,315.2555,317.3066,475.5152,297.9167,295.863,149.4384,149.5855,337.4145,335.8506,488.1169,-5.086,-1.4614,-0.0001,-0.0,-0.2199,1.5553,-0.2203,1.5503,0.6663,155.6133,152.7676,152.3154,155.5059,154.0505,0.8754,0.7647,0.8664,0.818,0.7647,0.8246,0.7477,0.823,0.8214,0.7477,0.8161,0.8142,0.8187,0.8236,0.7302,0.737,0.7992,0.8253,0.7302,0.8345,0.8054,0.7754,0.8997,0.7754,0.8497,0.7895,0.7769,0.8198,0.7918,0.98,0.8525,0.848,0.7769,0,0,0,0,0,v1.0.1,2025_12_22,315.2446,317.295,476.708,297.7664,295.7172,148.3862,148.4832,337.5436,335.8627,489.1634,-5.0968,-1.4691,-0.0001,-0.0,-0.2198,1.5552,-0.2203,1.5509,0.6665,165.7354,160.7969,169.541,168.3525,166.1064,0.7038,0.6508,0.7095,0.6881,0.6508,0.6816,0.6452,0.6741,0.6662,0.6452,0.6618,0.6593,0.6481,0.6669,0.6306,0.6347,0.6261,0.6517,0.6261,0.6811,0.6594,0.6403,0.0949,0.0949,0.644,0.6463,0.6508,0.6862,0.6646,0.3974,0.6517,0.6799,0.3974,0,0,0,0,0,v1.0.1,2025_12_22,317.6364,328.7364,442.3805,313.7965,303.1935,197.129,188.824,342.832,332.1062,458.6195,-2.6719,8.7227,-0.0,0.0001,-0.2187,1.561,-0.2085,1.5593,0.6733,176.7314,176.5752,176.2031,177.9307,176.8601,0.8117,0.6374,0.8248,0.6902,0.6374,0.7847,0.6381,0.777,0.7258,0.6381,0.7815,0.7762,0.7696,0.765,0.765,0.7397,0.6856,0.7285,0,0.6856,0,0,0,0,0,v1.0.1,2025_12_22,317.5514,328.8692,443.211,313.789,303.0661,196.2645,188.0504,343.1681,332.1739,459.4609,-2.6894,8.8103,-0.0,0.0001,-0.2189,1.5615,-0.2095,1.5588,0.673,149.3613,144.3369,146.1533,147.4014,146.8132,0.6788,0.5665,0.6863,0.6034,0.5665,0.6414,0.5671,0.6503,0.6225,0.5671,0.6416,0.65,0.6269,0.6325,0.6269,0.5681,0.5565,0.5769,0.1131,0.1131,0,0,0,0,0,0.0129,-0.107,-0.0025,-0.0551,-0.0978,0.0099,-0.073,0.0023,-0.0205,-0.067,-0.0134,0.0012,0.0091,0.0062,-0.0713,-0.0762,-0.0001,-0.0008,0.0009,-0.0046,-0.0037,-0.0573,-0.0107,-0.0348,-0.0567,0.0029,-0.0368,0.0089,-0.0072,-0.02,0.0067,0.0107,-0.0143,-0.0009,-0.0347,-0.0244,0.0015,0.0073,-0.0036,-0.008,0.0074,-0.1786,0.0153,-0.1348,-0.1669,0.0103,-0.1332,0.0031,-0.0577,-0.1332,0.0044,0.0057,0.0249,0.0216,-0.0215,-0.0002,0.0231,-0.1158,0.0138,-0.0736,-0.0892,-0.0003,-0.0827,0.0031,-0.0251,-0.0746,-0.0019,0.0001,-0.0062,0.01,0.0044,-0.0266,-0.0028,True,True
DTC_R_27,LanSi,1,CW_01,B,2026-04-02 15:38:30+08:00,ONLINE,False,,CW_1_01,PASS,,,51.5713407,_2026040215383079201,T20260402153830,DESKTOP-P2DUL42,Loma,1,CW_1_01,1,paul di,2024.0718.155524,V20260126.2,CW_DTCL_DTCR_STC,T20260402153922,51.5713407,True,True,True,True,True,True,True,4S2RND2HBL0DP6,v1.0.1,2025_12_22,315.2782,316.8496,475.5,297.1667,295.9034,148.7586,149.5828,336.6821,335.86,485.3067,-5.0751,-2.5473,-0.0001,-0.0,-0.2217,1.5555,-0.2186,1.5487,0.666,156.5654,154.1133,153.4141,156.416,155.1272,0.866,0.7865,0.8808,0.7972,0.7865,0.8236,0.7518,0.817,0.7956,0.7518,0.8284,0.8127,0.8121,0.8166,0.7343,0.7337,0.7919,0.7886,0.7337,0.8274,0.7927,0.7873,0.6184,0.6184,0.8206,0.7703,0.7362,0.8209,0.8007,0.5657,0.8257,0.8494,0.5657,0,0,0,0,0,v1.0.1,2025_12_22,315.2222,316.8667,476.5,297.1642,295.7466,147.7466,148.3446,336.8581,336,486.3533,-5.1373,-2.5022,-0.0001,-0.0,-0.221,1.5556,-0.2187,1.5483,0.666,164.2109,158.8887,167.4043,166.9141,164.3545,0.7072,0.6649,0.7164,0.6831,0.6649,0.6737,0.6393,0.6551,0.6587,0.6393,0.6538,0.6427,0.6478,0.6547,0.6247,0.6312,0.6237,0.6398,0.6237,0.6768,0.6563,0.6456,0.1168,0.1168,0.6547,0.6463,0.6407,0.6618,0.6547,0.5307,0.621,0.6822,0.5307,0,0,0,0,0,v1.0.1,2025_12_22,317.5,328,442.2679,313.2679,303.1774,196.6048,188.7934,342.2397,332.0991,456.4505,-2.7324,7.8126,-0.0,0.0001,-0.217,1.5617,-0.2097,1.5571,0.673,176.2383,176.0488,176.042,177.5322,176.4653,0.8102,0.631,0.8151,0.668,0.631,0.7717,0.6333,0.7826,0.6894,0.6333,0.7777,0.7783,0.7716,0.7602,0.7602,0.7419,0.6607,0.7168,0,0.6607,0,0,0,0,0,v1.0.1,2025_12_22,317.5,328,443.037,313.2315,302.9417,195.875,188.032,342.376,332.0789,457.3333,-2.7821,7.8632,-0.0,0.0001,-0.2166,1.5605,-0.2101,1.558,0.673,147.9043,142.6748,144.4473,146.0645,145.2727,0.6665,0.5616,0.6782,0.5846,0.5616,0.6475,0.5529,0.6414,0.5942,0.5529,0.6454,0.6434,0.6409,0.6383,0.6383,0.5823,0.5579,0.5735,0.2349,0.2349,0,0,0,0,0,0.0035,-0.0852,0.0119,-0.0759,-0.076,0.0089,-0.0689,-0.0037,-0.0463,-0.0629,-0.0011,-0.0003,0.0025,-0.0008,-0.0672,-0.0795,-0.0074,-0.0375,-0.0062,0.0073,-0.0003,-0.0432,-0.0038,-0.0398,-0.0426,-0.005,-0.0427,-0.0101,-0.0147,-0.0259,-0.0013,-0.0059,-0.0146,-0.0131,-0.0406,-0.0279,-0.0009,-0.0046,-0.0079,-0.0027,0.0059,-0.185,0.0056,-0.157,-0.1733,-0.0027,-0.138,0.0087,-0.0941,-0.138,0.0006,0.0078,0.0269,0.0168,-0.0193,-0.0119,0.0108,-0.1207,0.0057,-0.0924,-0.0941,0.0058,-0.0969,-0.0058,-0.0534,-0.0888,0.0019,-0.0065,0.0078,0.0158,0.0158,-0.0124,-0.0062,True,True
DTC_L_27,LanSi,1,CW_01,C,2026-04-02 15:38:30+08:00,ONLINE,False,,CW_1_01,PASS,,,51.5224714,_2026040215383084002,T20260402153830,DESKTOP-P2DUL42,Loma,1,CW_1_01,2,paul di,2024.0718.155524,V20260126.2,CW_DTCL_DTCR_STC,T20260402153922,51.5224714,True,True,True,True,True,True,True,4S2RND2HBL06DS,v1.0.1,2025_12_22,314.1691,323.2353,474.2296,302.9333,294.9408,152.4342,148.3816,343.2895,333.5333,489.963,-6.4491,2.8711,-0.0001,0.0,-0.2256,1.5582,-0.2199,1.5547,0.6668,156.2139,152.9941,150.8564,155.9385,154.0007,0.8155,0.7967,0.8222,0.7697,0.7697,0.7776,0.7692,0.7848,0.7635,0.7635,0.8192,0.8049,0.8132,0.76,0.761,0.7119,0.7498,0.7018,0.7018,0.8008,0.98,0.8246,0.8394,0.8008,0.8444,0.7858,0.8033,0.8384,0.8245,0.8159,0.7966,0.7827,0.7827,0,0,0,0,0,v1.0.1,2025_12_22,314.1679,323.2847,475.2754,302.8116,294.7483,151.4702,147.3245,343.4106,333.7391,490.8913,-6.449,2.8737,-0.0001,0.0,-0.2259,1.5577,-0.2195,1.554,0.6666,163.7217,159.9639,166.0977,164.8057,163.6472,0.6685,0.6799,0.6752,0.6744,0.6685,0.6602,0.6347,0.6483,0.6612,0.6347,0.6451,0.6566,0.6401,0.626,0.6341,0.6372,0.6171,0.6077,0.6077,0.6581,0.4776,0.6876,0.7,0.4776,0.6578,0.6681,0.6677,0.672,0.6616,0.6773,0.6717,0.623,0.623,0,0,0,0,0,v1.0.1,2025_12_22,313,315.6038,437.8482,301.375,299.0431,184.8707,184.5868,330.3719,327.0769,446.1709,-7.189,-3.8215,-0.0001,-0.0,-0.213,1.5639,-0.214,1.5629,0.675,175.2744,175.3359,173.4355,175.2441,174.8225,0.7934,0.688,0.7923,0.672,0.672,0.7571,0.6523,0.7558,0.6684,0.6523,0.7725,0.7799,0.7558,0.7049,0.7049,0.7209,0,0.7311,0.7196,0.7196,0,0,0,0,0,v1.0.1,2025_12_22,313,315.6038,438.6727,301.1909,298.9831,184.0508,183.75,330.3917,327.2222,446.9915,-7.1744,-3.8543,-0.0001,-0.0,-0.2137,1.5641,-0.2134,1.5625,0.6749,148.6758,144.542,143.6348,146.5029,145.8389,0.6506,0.5882,0.6686,0.6042,0.5882,0.6217,0.5674,0.6233,0.5872,0.5674,0.6294,0.6269,0.6157,0.6245,0.6157,0.5854,0.5479,0.5947,0.5875,0.5479,0,0,0,0,0,-0.0077,-0.0502,-0.0244,-0.0438,-0.0438,-0.0096,-0.0524,-0.0094,-0.0205,-0.0205,-0.0024,-0.014,0.0002,-0.0124,-0.0697,-0.1131,-0.0532,-0.0412,-0.0094,0.0082,-0.0157,-0.0164,-0.0081,-0.0403,-0.0148,-0.0054,-0.0391,-0.0039,0.0009,-0.0175,-0.0073,0.0063,-0.0135,-0.0135,-0.0354,-0.038,-0.0316,-0.0153,-0.0118,0,-0.0057,-0.1401,-0.008,-0.1214,-0.1214,0.0056,-0.1339,-0.0017,-0.0932,-0.0992,-0.0001,0.0105,0.0055,0.01,0.0036,0.0014,-0.0142,-0.0893,-0.0023,-0.0722,-0.0766,-0.0098,-0.0937,-0.0042,-0.0547,-0.0601,-0.0112,-0.0108,-0.0235,0.0253,0.0165,0.0074,0.0107,True,True
DTC_R_29,LanSi,1,CW_01,C,2026-04-02 15:41:10+08:00,ONLINE,False,,CW_1_01,PASS,,,51.4903838,_2026040215411010801,T20260402154110,DESKTOP-P2DUL42,Loma,1,CW_1_01,1,paul di,2024.0718.155524,V20260126.2,CW_DTCL_DTCR_STC,T20260402154201,51.4903838,True,True,True,True,True,True,True,4S2RND2HBL0DP6,v1.0.1,2025_12_22,315.0876,316.2993,474.7591,296.5766,295.3758,147.2483,149.4832,336.4564,335.0884,485.8503,-5.5412,-3.0138,-0.0001,-0.0,-0.2224,1.5542,-0.2206,1.5529,0.666,156.5439,152.8633,152.7393,156.4844,154.6577,0.8566,0.8377,0.8796,0.8192,0.8192,0.823,0.7425,0.8281,0.7479,0.7425,0.8177,0.8089,0.7438,0.7879,0.7581,0.7643,0.7537,0.6666,0.6666,0.7989,0.8389,0.7972,0.98,0.7972,0.8368,0.7502,0.757,0.8138,0.755,0.8616,0.7199,0.8483,0.7199,0,0,0,0,0,v1.0.1,2025_12_22,315.0704,316.2887,475.7914,296.3669,295.1892,146.1959,148.2632,336.6513,335.1946,486.8591,-5.5982,-3.0276,-0.0001,-0.0,-0.2228,1.5539,-0.221,1.5528,0.6658,165.291,159.6104,168.9219,167.7734,165.3992,0.7058,0.6891,0.7166,0.6942,0.6891,0.6805,0.6365,0.6574,0.6383,0.6365,0.6412,0.6522,0.6372,0.6512,0.6419,0.6475,0.6246,0.5914,0.5914,0.6908,0.6709,0.6717,0.2329,0.2329,0.6551,0.6409,0.6594,0.6743,0.6564,0.5649,0.6393,0.6822,0.5649,0,0,0,0,0,v1.0.1,2025_12_22,317.3458,327.8785,441.7321,312.7321,302.76,195.28,188.6,342.048,331.75,456.8448,-3.0624,7.4567,-0.0,0.0001,-0.2207,1.5607,-0.2091,1.5591,0.6725,176.791,175.207,175.3281,177.6953,176.2554,0.8104,0.7201,0.8197,0.699,0.699,0.753,0.6556,0.7835,0.6452,0.6452,0.7648,0.7721,0.7149,0.7301,0.7149,0.665,0.6591,0.7132,0,0.6591,0,0,0,0,0,v1.0.1,2025_12_22,317.2885,328,442.6339,312.7411,302.664,194.632,187.7025,342.3636,331.7589,457.6071,-3.0904,7.5688,-0.0,0.0001,-0.2206,1.5611,-0.2099,1.5591,0.6724,148.8242,143.5811,145.7275,147.0273,146.29,0.6676,0.6203,0.6738,0.612,0.612,0.6418,0.5812,0.6635,0.5522,0.5522,0.6272,0.6502,0.6271,0.6208,0.6208,0.5267,0.554,0.5694,0.3846,0.3846,0,0,0,0,0,-0.0059,-0.034,0.0107,-0.0539,-0.0433,0.0083,-0.0782,0.0074,-0.094,-0.0722,-0.0118,-0.0041,-0.0658,-0.0295,-0.0434,-0.0489,-0.0456,-0.1595,-0.0347,0.0172,-0.0017,-0.019,-0.0036,-0.0287,-0.0184,0.0018,-0.0455,-0.0078,-0.0351,-0.0287,-0.0139,0.0036,-0.0252,-0.0166,-0.0234,-0.0116,0,-0.053,0.0061,0.0234,0.0061,-0.0959,0.0102,-0.126,-0.1053,-0.0214,-0.1157,0.0096,-0.1383,-0.1261,-0.0123,0.0016,-0.0298,-0.0133,-0.0962,-0.0155,0.0119,-0.062,0.0013,-0.065,-0.0437,0.0001,-0.0686,0.0163,-0.0954,-0.0895,-0.0163,0.0003,-0.006,-0.0017,-0.0017,-0.068,-0.0103,True,True
DTC_L_29,LanSi,1,CW_01,A,2026-04-02 15:41:10+08:00,ONLINE,False,,CW_1_01,PASS,,,51.6320034,_2026040215411017402,T20260402154110,DESKTOP-P2DUL42,Loma,1,CW_1_01,2,paul di,2024.0718.155524,V20260126.2,CW_DTCL_DTCR_STC,T20260402154201,51.6320034,True,True,True,True,True,True,True,4S2RND2HBL06DS,v1.0.1,2025_12_22,313.9783,323.0435,473.7914,302.3669,294.5759,150.9873,148,343.0479,333.0571,490.1214,-6.8195,2.4134,-0.0001,0.0,-0.2281,1.558,-0.2194,1.5566,0.6667,156.501,152.7451,150.8955,155.8057,153.9868,0.8265,0.8017,0.8259,0.7721,0.7721,0.7734,0.7632,0.7879,0.76,0.76,0.8148,0.8145,0.8206,0.7672,0.7677,0.7382,0.7439,0.7248,0.7248,0.8003,0.2068,0.8249,0.8358,0.2068,0.8498,0.738,0.7574,0.8495,0.8315,0.8277,0.8095,0.7699,0.738,0,0,0,0,0,v1.0.1,2025_12_22,314,323.0863,474.9574,302.156,294.5,150.0886,146.9048,343.2381,333.2143,491.1714,-6.7847,2.4481,-0.0001,0.0,-0.2288,1.558,-0.2195,1.5565,0.6665,165.6377,161.0254,167.0947,166.248,165.0015,0.6783,0.6879,0.6866,0.6833,0.6783,0.6606,0.6473,0.6276,0.6529,0.6276,0.6506,0.6407,0.656,0.6327,0.6423,0.6257,0.6044,0.6106,0.6044,0.6758,0.4957,0.6663,0.6993,0.4957,0.6552,0.6373,0.6185,0.6735,0.6772,0.673,0.6778,0.6248,0.6185,0,0,0,0,0,v1.0.1,2025_12_22,312.8095,315.2667,437.5929,300.708,298.8571,183.7479,184.3934,330.0902,326.822,446.2542,-7.405,-4.2866,-0.0001,-0.0,-0.2156,1.5646,-0.2144,1.5637,0.6746,175.876,175.2061,173.2295,175.2314,174.8857,0.7951,0.7004,0.8051,0.6592,0.6592,0.7485,0.6617,0.7539,0.6874,0.6617,0.7808,0.7793,0.758,0.7021,0.7021,0.7203,0,0.7283,0.7345,0.7203,0,0,0,0,0,v1.0.1,2025_12_22,312.7788,315.2212,438.4522,300.6174,298.7167,182.9,183.4545,330.2066,326.8729,447.1695,-7.445,-4.2771,-0.0001,-0.0,-0.2152,1.5644,-0.2148,1.5639,0.6746,150.2979,145.2197,144.5879,147.7959,146.9753,0.6544,0.6064,0.6761,0.5835,0.5835,0.6323,0.5629,0.6216,0.6027,0.5629,0.6229,0.6343,0.6275,0.6258,0.6229,0.592,0.5132,0.5748,0.5948,0.5132,0,0,0,0,0,0.0033,-0.0452,-0.0207,-0.0414,-0.0414,-0.0138,-0.0584,-0.0063,-0.024,-0.024,-0.0068,-0.0044,0.0076,-0.0052,-0.063,-0.0868,-0.0591,-0.0182,-0.0099,0.0085,-0.0059,-0.0084,0.0033,-0.0314,-0.005,-0.005,-0.0265,-0.0246,-0.0074,-0.0246,-0.0018,-0.0096,0.0024,-0.0068,-0.0272,-0.0495,-0.0443,-0.0124,0.0059,-0.0213,-0.004,-0.1277,0.0048,-0.1342,-0.1342,-0.003,-0.1245,-0.0036,-0.0742,-0.0898,0.0082,0.0099,0.0077,0.0072,0.003,-0.0014,-0.0104,-0.0711,0.0052,-0.0929,-0.0813,0.0008,-0.0982,-0.0059,-0.0392,-0.0646,-0.0177,-0.0034,-0.0117,0.0266,0.0237,0.014,-0.0092,True,True
DTC_R_30,LanSi,1,CW_01,A,2026-04-02 15:42:57+08:00,ONLINE,False,,CW_1_01,PASS,,,51.6492563,_2026040215425729701,T20260402154257,DESKTOP-P2DUL42,Loma,1,CW_1_01,1,paul di,2024.0718.155524,V20260126.2,CW_DTCL_DTCR_STC,T20260402154348,51.6492563,True,True,True,True,True,True,True,4S2RND2HBL0DP6,v1.0.1,2025_12_22,315.5,317.8333,475.6642,298.5474,295.9034,149.2345,149.6533,337.7667,336,485.723,-4.9558,-1.679,-0.0,-0.0,-0.2193,1.5546,-0.2191,1.5488,0.6662,157.041,154.2715,153.792,156.7754,155.47,0.8631,0.7946,0.8709,0.7899,0.7899,0.8184,0.7622,0.8297,0.7663,0.7622,0.8243,0.8225,0.8205,0.8143,0.7307,0.7456,0.7805,0.7616,0.7307,0.8457,0.8039,0.7928,0.3649,0.3649,0.8411,0.7761,0.7745,0.8352,0.8002,0.5373,0.8477,0.8376,0.5373,0,0,0,0,0,v1.0.1,2025_12_22,315.3162,317.8088,476.708,298.2336,295.7586,148.3034,148.5762,337.8344,336.1391,486.7417,-5.0004,-1.7156,-0.0001,-0.0,-0.2202,1.5554,-0.219,1.5476,0.666,164.1904,159.5342,167.8848,166.8389,164.6121,0.7032,0.678,0.7126,0.6733,0.6733,0.6739,0.6426,0.6683,0.6612,0.6426,0.6434,0.6494,0.6557,0.6657,0.6346,0.6506,0.6207,0.63,0.6207,0.6669,0.6634,0.6634,0.1073,0.1073,0.6292,0.6369,0.6572,0.6547,0.6782,0.5459,0.6506,0.6704,0.5459,0,0,0,0,0,v1.0.1,2025_12_22,317.8426,329.25,442.4087,314.5217,303.1935,197.129,189.032,343.376,332.3025,457.042,-2.5441,8.7638,-0.0,0.0001,-0.2172,1.5599,-0.2087,1.5576,0.6729,177.3857,176.8418,176.8457,178.3857,177.3647,0.8153,0.6635,0.8252,0.6447,0.6447,0.7694,0.6316,0.7937,0.6543,0.6316,0.7802,0.7849,0.7566,0.7538,0.7538,0.7402,0.6692,0.7224,0,0.6692,0,0,0,0,0,v1.0.1,2025_12_22,317.7248,329.2018,443.1909,314.3273,303.041,196.4508,188.1138,343.4146,332.3675,457.7778,-2.6124,8.7345,-0.0,0.0001,-0.2175,1.5601,-0.2087,1.5569,0.6727,147.9824,143.3281,145.1992,146.0625,145.6431,0.6711,0.5683,0.6746,0.5664,0.5664,0.6453,0.5609,0.6552,0.553,0.553,0.6499,0.6253,0.6538,0.6327,0.6253,0.5775,0.551,0.5696,0.25,0.25,0,0,0,0,0,0.0006,-0.0771,0.002,-0.0832,-0.0726,0.0037,-0.0585,0.009,-0.0756,-0.0525,-0.0052,0.0095,0.0109,-0.0031,-0.0708,-0.0676,-0.0188,-0.0645,0.0121,0.0128,-0.0043,-0.0301,-0.0076,-0.0496,-0.0342,-0.0048,-0.0394,0.0031,-0.0122,-0.0226,-0.0117,0.0008,-0.0067,-0.0021,-0.0307,-0.0085,-0.0039,-0.0144,-0.0178,0.0151,0.011,-0.1525,0.0157,-0.1803,-0.1596,-0.005,-0.1397,0.0198,-0.1292,-0.1397,0.0031,0.0144,0.0119,0.0104,-0.021,-0.0063,0.0154,-0.114,0.0021,-0.1106,-0.0893,0.0036,-0.0889,0.008,-0.0946,-0.0887,0.0064,-0.0246,0.0207,0.0102,0.0028,-0.0172,-0.0101,True,True
DTC_L_30,LanSi,1,CW_01,B,2026-04-02 15:42:57+08:00,ONLINE,False,,CW_1_01,PASS,,,51.6682067,_2026040215425727902,T20260402154257,DESKTOP-P2DUL42,Loma,1,CW_1_01,2,paul di,2024.0718.155524,V20260126.2,CW_DTCL_DTCR_STC,T20260402154348,51.6682067,True,True,True,True,True,True,True,4S2RND2HBL06DS,v1.0.1,2025_12_22,314.3556,324,474.3134,303.8134,294.9801,153.457,148.5,343.9211,333.7554,489.5755,-6.3191,3.4534,-0.0001,0.0,-0.225,1.5572,-0.219,1.5536,0.6667,155.3809,150.9844,149.2939,154.4385,152.5244,0.826,0.7895,0.8254,0.7659,0.7659,0.772,0.7698,0.7949,0.7472,0.7472,0.8193,0.8048,0.824,0.7633,0.7505,0.7422,0.7478,0.6845,0.6845,0.8189,0.6644,0.8076,0.8471,0.6644,0.8443,0.7797,0.776,0.8245,0.8266,0.8283,0.7844,0.7711,0.7711,0,0,0,0,0,v1.0.1,2025_12_22,314.3235,324.0368,475.3669,303.5683,294.9408,152.4342,147.3649,344.0338,333.8,490.5857,-6.3408,3.4318,-0.0001,0.0,-0.2259,1.5578,-0.2187,1.5539,0.6668,164.1348,159.4844,165.8242,164.9736,163.6042,0.6906,0.664,0.6947,0.6895,0.664,0.66,0.649,0.6413,0.6481,0.6413,0.6498,0.6479,0.6522,0.6398,0.639,0.6337,0.6307,0.6003,0.6003,0.66,0.5073,0.6732,0.6846,0.5073,0.6537,0.6433,0.6375,0.6819,0.661,0.6848,0.6574,0.6237,0.6237,0,0,0,0,0,v1.0.1,2025_12_22,313.0476,316.3714,437.9818,302.1545,299.1917,185.8917,184.7107,331.0331,327.1391,446.0957,-7.0858,-3.1907,-0.0001,-0.0,-0.2128,1.5645,-0.2132,1.5621,0.6751,175.8633,174.916,173.2568,175.1875,174.8059,0.7901,0.688,0.8132,0.6528,0.6528,0.7533,0.6672,0.7577,0.6586,0.6586,0.7892,0.7614,0.7741,0.7035,0.7035,0.7143,0,0.7352,0.7294,0.7143,0,0,0,0,0,v1.0.1,2025_12_22,313.0849,316.3302,438.7636,301.9273,299.0672,184.9496,183.9,331.15,327.2564,446.9487,-7.0856,-3.2388,-0.0001,-0.0,-0.2136,1.564,-0.2137,1.5622,0.6747,148.9688,143.9902,143.3262,146.7158,145.7502,0.6521,0.5934,0.67,0.6007,0.5934,0.6279,0.5708,0.6263,0.5818,0.5708,0.6396,0.6229,0.6379,0.6103,0.6103,0.5661,0.5492,0.57,0.5905,0.5492,0,0,0,0,0,0.0028,-0.0574,-0.0212,-0.0476,-0.0476,-0.0152,-0.0518,0.0007,-0.0368,-0.0368,-0.0023,-0.0141,0.011,-0.0091,-0.0802,-0.0828,-0.0552,-0.0585,0.0087,-0.0088,0.0064,-0.0323,0.0114,-0.0252,-0.0193,-0.0056,-0.0248,-0.0109,-0.0122,-0.0109,-0.0026,-0.0024,-0.0014,0.0003,-0.0305,-0.0415,-0.018,-0.0227,-0.0099,-0.0144,-0.009,-0.1401,0.0129,-0.1406,-0.1406,0.0018,-0.119,0.0002,-0.103,-0.0929,0.0166,-0.008,0.0238,0.0086,-0.003,0.0055,-0.0127,-0.0841,-0.0009,-0.0757,-0.0714,-0.0036,-0.0903,-0.0012,-0.0601,-0.0567,-0.001,-0.0148,-0.0013,0.0111,0.0111,-0.0119,-0.014,True,True
DTC_R_31,LanSi,1,CW_01,B,2026-04-02 15:45:14+08:00,ONLINE,False,,CW_1_01,PASS,,,52.5261983,_2026040215451470801,T20260402154514,DESKTOP-P2DUL42,Loma,1,CW_1_01,1,paul di,2024.0718.155524,V20260126.2,CW_DTCL_DTCR_STC,T20260402154607,52.5261983,True,True,True,True,True,True,True,4S2RND2HBL0DP6,v1.0.1,2025_12_22,315.2388,317.8209,475.6642,298.292,295.8581,149.5608,149.8188,337.7383,335.8784,484.6284,-5.0083,-1.8919,-0.0001,-0.0,-0.2206,1.5556,-0.2193,1.5472,0.6657,156.9443,154.4121,153.8135,156.6846,155.4636,0.8716,0.7953,0.876,0.7853,0.7853,0.8008,0.7589,0.8215,0.7395,0.7395,0.8203,0.8156,0.8081,0.8041,0.7215,0.7353,0.7587,0.7371,0.7215,0.828,0.7857,0.7924,0.5061,0.5061,0.8355,0.7894,0.7706,0.8223,0.7927,0.98,0.8389,0.8545,0.7706,0,0,0,0,0,v1.0.1,2025_12_22,315.2158,317.6906,476.708,298.2336,295.6507,148.5411,148.6486,337.9324,335.9664,485.6913,-5.0621,-1.8822,-0.0001,-0.0,-0.2194,1.5551,-0.2204,1.5474,0.6657,165.0049,159.751,168.8193,167.5596,165.2837,0.6994,0.6746,0.717,0.6712,0.6712,0.6623,0.6459,0.6732,0.6373,0.6373,0.6553,0.663,0.6586,0.653,0.6362,0.6349,0.6175,0.6143,0.6143,0.6793,0.6686,0.6549,0.1101,0.1101,0.6407,0.6601,0.6604,0.6694,0.6413,0.5327,0.6285,0.6846,0.5327,0,0,0,0,0,v1.0.1,2025_12_22,317.6058,329.0288,442.4052,314.4052,303.1626,197.2683,189.122,343.3333,332.1161,456.2589,-2.6177,8.5589,-0.0,0.0001,-0.2161,1.5611,-0.2104,1.5567,0.6728,176.7432,176.3379,176.5693,177.9678,176.9045,0.8106,0.6713,0.809,0.633,0.633,0.7668,0.6368,0.7722,0.629,0.629,0.7894,0.7743,0.7721,0.7492,0.7492,0.7471,0.6665,0.7152,0,0.6665,0,0,0,0,0,v1.0.1,2025_12_22,317.6058,329.0288,443.2432,314.3153,302.9672,196.582,188.1475,343.377,332.1504,457.0531,-2.6772,8.5713,-0.0,0.0001,-0.2161,1.5602,-0.2099,1.5572,0.6729,148.498,143.4443,145.5127,146.4766,145.9829,0.6667,0.5755,0.6847,0.5565,0.5565,0.6436,0.5698,0.6457,0.5498,0.5498,0.6433,0.6454,0.6338,0.6332,0.6332,0.5802,0.5429,0.5699,0.2163,0.2163,0,0,0,0,0,0.0091,-0.0764,0.0071,-0.0878,-0.0772,-0.0139,-0.0618,0.0008,-0.1024,-0.0752,-0.0092,0.0026,-0.0015,-0.0133,-0.08,-0.0779,-0.0406,-0.089,-0.0056,0.0124,-0.0081,-0.0335,-0.0032,-0.0517,-0.0363,-0.0164,-0.0361,0.008,-0.0361,-0.0279,0.0002,0.0144,-0.0038,-0.0148,-0.0291,-0.0242,-0.0071,-0.0301,-0.0054,0.0066,0.0063,-0.1447,-0.0005,-0.192,-0.1713,-0.0076,-0.1345,-0.0017,-0.1545,-0.1423,0.0123,0.0038,0.0274,0.0058,-0.0141,-0.0135,0.011,-0.1068,0.0122,-0.1205,-0.0992,0.0019,-0.08,-0.0015,-0.0978,-0.0919,-0.0002,-0.0045,0.0007,0.0107,0.0107,-0.0145,-0.0098,True,True
DTC_L_31,LanSi,1,CW_01,C,2026-04-02 15:45:14+08:00,ONLINE,False,,CW_1_01,PASS,,,52.6837769,_2026040215451457102,T20260402154514,DESKTOP-P2DUL42,Loma,1,CW_1_01,2,paul di,2024.0718.155524,V20260126.2,CW_DTCL_DTCR_STC,T20260402154607,52.6837769,True,True,True,True,True,True,True,4S2RND2HBL06DS,v1.0.1,2025_12_22,315.2388,322.8209,475.5,302,296.1533,152.2133,150.0397,342.5232,334.553,487.9167,-5.203,1.9948,-0.0001,0.0,-0.2287,1.5589,-0.2182,1.5538,0.6665,156.1016,152.499,150.8096,155.8252,153.8088,0.8234,0.8008,0.831,0.7871,0.7871,0.7765,0.7603,0.7907,0.7468,0.7468,0.8193,0.8152,0.8148,0.7794,0.7573,0.7335,0.7401,0.6965,0.6965,0.8054,0.8291,0.8122,0.7699,0.7699,0.8456,0.7399,0.7392,0.8419,0.8164,0.7664,0.7842,0.7743,0.7392,0,0,0,0,0,v1.0.1,2025_12_22,315.1957,322.8333,476.6765,301.9632,296.1133,151.28,148.9195,342.745,334.7153,488.9343,-5.176,2.0512,-0.0001,0.0,-0.228,1.5595,-0.2187,1.5533,0.6665,164.3115,160.7617,166.3975,165.5635,164.2585,0.6859,0.6868,0.687,0.6906,0.6859,0.6577,0.6396,0.645,0.6518,0.6396,0.6495,0.6471,0.6503,0.6321,0.6323,0.6219,0.6262,0.6021,0.6021,0.6597,0.477,0.7022,0.6685,0.477,0.6618,0.6482,0.6192,0.6842,0.6776,0.6572,0.6591,0.635,0.6192,0,0,0,0,0,v1.0.1,2025_12_22,314.0583,315,438.9727,300.6636,300.4492,184.4237,186.3025,329.6134,328.0351,444.693,-5.9365,-4.6212,-0.0001,-0.0,-0.2138,1.5664,-0.2134,1.5629,0.6756,175.585,175.4062,173.3906,175.5791,174.9902,0.7857,0.7063,0.7987,0.6759,0.6759,0.7449,0.668,0.7508,0.6397,0.6397,0.7728,0.7612,0.7561,0.7078,0.7078,0.706,0,0.7283,0.6686,0.6686,0,0,0,0,0,v1.0.1,2025_12_22,314.0288,314.9519,439.7368,300.5,300.2773,183.6471,185.4167,329.6583,328.2609,445.4957,-5.9559,-4.6494,-0.0001,-0.0,-0.2139,1.5659,-0.2133,1.5617,0.6751,149.0586,145.0479,143.752,147.1387,146.2493,0.6596,0.5975,0.6566,0.6032,0.5975,0.6146,0.5674,0.6254,0.5756,0.5674,0.6216,0.6268,0.6466,0.6123,0.6123,0.5575,0.5115,0.5824,0.5474,0.5115,0,0,0,0,0,0.0002,-0.0461,-0.0156,-0.0264,-0.0264,-0.0107,-0.0613,-0.0035,-0.0372,-0.0372,-0.0023,-0.0037,0.0018,0.007,-0.0734,-0.0915,-0.0629,-0.0465,-0.0048,-0.0042,0.0017,-0.0095,0.0037,-0.0241,0.0026,-0.0079,-0.0342,-0.0072,-0.0085,-0.0126,-0.0029,-0.0032,-0.0033,-0.0074,-0.0372,-0.0533,-0.0225,-0.0209,-0.0102,0.0146,-0.0134,-0.1218,-0.0016,-0.1175,-0.1175,-0.0066,-0.1182,-0.0067,-0.1219,-0.1118,0.0002,-0.0082,0.0058,0.0129,-0.0113,-0.0014,-0.0052,-0.08,-0.0143,-0.0732,-0.0673,-0.0169,-0.0937,-0.0021,-0.0663,-0.0601,-0.019,-0.0109,0.0074,0.0131,0.0131,-0.0205,-0.0016,True,True
DTC_R_32,LanSi,1,CW_01,C,2026-04-02 15:46:44+08:00,ONLINE,False,,CW_1_01,PASS,,,52.5783753,_2026040215464449601,T20260402154644,DESKTOP-P2DUL42,Loma,1,CW_1_01,1,paul di,2024.0718.155524,V20260126.2,CW_DTCL_DTCR_STC,T20260402154737,52.5783753,True,True,True,True,True,True,True,4S2RND2HBL0DP6,v1.0.1,2025_12_22,315.1765,316.8529,475.2148,297.2222,295.6507,148.5411,149.4211,336.7895,335.637,484,-5.28,-2.8189,-0.0001,-0.0,-0.2215,1.5548,-0.2192,1.5485,0.6656,155.3672,154.2109,153.3633,155.6758,154.6543,0.8724,0.7956,0.8698,0.7896,0.7896,0.8114,0.7543,0.8289,0.7501,0.7501,0.8178,0.8105,0.822,0.7967,0.7373,0.7326,0.7706,0.7631,0.7326,0.8248,0.8176,0.7723,0.6948,0.6948,0.8439,0.7745,0.761,0.8158,0.79,0.98,0.8118,0.8292,0.761,0,0,0,0,0,v1.0.1,2025_12_22,315.0719,316.8561,476.2647,297.1103,295.3946,147.4558,148.1701,337.0204,335.7383,485.0872,-5.3721,-2.794,-0.0001,-0.0,-0.2214,1.5546,-0.2197,1.548,0.6654,163.8428,158.7832,167.1328,166.9805,164.1848,0.7037,0.6887,0.7152,0.6832,0.6832,0.6677,0.6443,0.6781,0.6543,0.6443,0.644,0.6509,0.6426,0.647,0.6313,0.6325,0.6063,0.6321,0.6063,0.6613,0.6677,0.6477,0.1434,0.1434,0.6501,0.6709,0.6352,0.669,0.6453,0.5131,0.6368,0.6859,0.5131,0,0,0,0,0,v1.0.1,2025_12_22,317.4862,328.2569,442.1182,313.3727,303,196.3934,188.7805,342.3252,331.9286,455.6607,-2.8373,7.7018,-0.0,0.0001,-0.2183,1.5609,-0.2084,1.5574,0.6729,175.3857,176.3633,175.9834,176.7197,176.113,0.8086,0.6613,0.8179,0.6448,0.6448,0.7728,0.6402,0.778,0.6403,0.6402,0.7765,0.7806,0.7755,0.7654,0.7654,0.7127,0.6697,0.7197,0,0.6697,0,0,0,0,0,v1.0.1,2025_12_22,317.5143,328.2667,442.991,313.3784,302.8033,195.7705,187.9274,342.4677,331.964,456.4595,-2.86,7.7685,-0.0,0.0001,-0.2176,1.5597,-0.2086,1.558,0.6729,147.0977,142.2373,144.1357,145.6719,144.7856,0.6689,0.567,0.6741,0.5703,0.567,0.6382,0.5727,0.6516,0.5532,0.5532,0.6234,0.6487,0.6327,0.6177,0.6177,0.5649,0.5622,0.5618,0.3062,0.3062,0,0,0,0,0,0.0099,-0.0761,0.0009,-0.0835,-0.0729,-0.0033,-0.0664,0.0082,-0.0918,-0.0646,-0.0117,-0.0025,0.0124,-0.0207,-0.0642,-0.0806,-0.0287,-0.063,-0.0088,-0.0077,-0.0038,-0.0194,-0.005,-0.0397,-0.0243,-0.011,-0.0377,0.0129,-0.0191,-0.0209,-0.0111,0.0023,-0.0198,-0.0208,-0.034,-0.0266,-0.0183,-0.0123,-0.0234,-0.0006,0.0043,-0.1547,0.0084,-0.1802,-0.1595,-0.0016,-0.1311,0.0041,-0.1432,-0.1311,-0.0006,0.0101,0.0308,0.022,-0.0485,-0.009,0.0132,-0.1153,0.0016,-0.1067,-0.0887,-0.0035,-0.0771,0.0044,-0.0944,-0.0885,-0.0201,-0.0012,-0.0004,-0.0048,-0.0048,-0.0298,-0.0179,True,True
DTC_L_32,LanSi,1,CW_01,A,2026-04-02 15:46:44+08:00,ONLINE,False,,CW_1_01,PASS,,,52.596328,_2026040215464449402,T20260402154644,DESKTOP-P2DUL42,Loma,1,CW_1_01,2,paul di,2024.0718.155524,V20260126.2,CW_DTCL_DTCR_STC,T20260402154737,52.596328,True,True,True,True,True,True,True,4S2RND2HBL06DS,v1.0.1,2025_12_22,314.2222,323.8667,474.2059,303.4853,294.9276,153.3618,148.543,343.6026,333.6765,489.9632,-6.3849,3.3559,-0.0001,0.0,-0.2262,1.5576,-0.218,1.5537,0.6668,156.5566,152.7549,150.3828,153.1035,153.1995,0.817,0.7894,0.8355,0.7734,0.7734,0.7267,0.776,0.7968,0.7492,0.7267,0.8184,0.8152,0.8217,0.7658,0.7556,0.7179,0.7542,0.7051,0.7051,0.8115,0.98,0.7767,0.8504,0.7767,0.8391,0.7772,0.7845,0.8397,0.8253,0.8279,0.8099,0.7736,0.7736,0,0,0,0,0,v1.0.1,2025_12_22,314.2647,323.8897,475.3406,303.3406,294.9007,152.3245,147.3775,343.8013,333.7914,490.9568,-6.365,3.3626,-0.0001,0.0,-0.2264,1.5579,-0.2182,1.5539,0.6668,164.7334,160.5137,165.8145,163.2559,163.5793,0.6748,0.6791,0.6954,0.6894,0.6748,0.6002,0.6286,0.6308,0.6558,0.6002,0.6455,0.6501,0.6437,0.6304,0.6197,0.634,0.6337,0.6064,0.6064,0.6603,0.4573,0.6016,0.6904,0.4573,0.6438,0.6613,0.6514,0.6795,0.6756,0.6739,0.6601,0.632,0.632,0,0,0,0,0,v1.0.1,2025_12_22,313.1058,316.0288,438.009,301.8919,299.2735,185.4615,184.65,330.6333,327.2586,446.25,-7.0406,-3.4469,-0.0001,-0.0,-0.2122,1.5647,-0.2127,1.562,0.6755,175.4619,175.0889,172.5225,172.0732,173.7866,0.7935,0.6769,0.8063,0.6688,0.6688,0.672,0.6511,0.7514,0.6686,0.6511,0.7784,0.7764,0.7753,0.6994,0.6994,0.715,0,0.7466,0.7323,0.715,0,0,0,0,0,v1.0.1,2025_12_22,313.1456,315.9903,438.7321,301.7321,299.094,184.8718,183.85,330.7333,327.3025,447.042,-7.0751,-3.4261,-0.0001,-0.0,-0.2125,1.5635,-0.213,1.5627,0.6752,149.6758,144.667,143.5869,145.3457,145.8188,0.6614,0.5996,0.6703,0.5818,0.5818,0.5681,0.5666,0.628,0.5875,0.5666,0.641,0.6399,0.631,0.6166,0.6166,0.5753,0.5294,0.5753,0.5809,0.5294,0,0,0,0,0,-0.0062,-0.0575,-0.0111,-0.0401,-0.0401,-0.0605,-0.0456,0.0026,-0.0348,-0.0573,-0.0032,-0.0037,0.0087,-0.0066,-0.0751,-0.1071,-0.0488,-0.0379,0.0013,-0.0397,-0.0094,-0.0172,0.0121,-0.0253,-0.0085,-0.0654,-0.0452,-0.0214,-0.0045,-0.052,-0.0069,-0.0002,-0.0099,-0.0091,-0.0498,-0.0412,-0.015,-0.0166,-0.0096,-0.086,-0.0056,-0.1512,0.006,-0.1246,-0.1246,-0.0795,-0.1351,-0.0061,-0.093,-0.1004,0.0058,0.007,0.025,0.0045,-0.0023,0.0169,-0.0034,-0.0779,-0.0006,-0.0946,-0.083,-0.0634,-0.0945,0.0005,-0.0544,-0.0609,0.0004,0.0022,-0.0082,0.0174,0.0174,-0.0027,-0.0087,True,True
DTC_L_33,LanSi,1,CW_01,B,2026-04-02 15:49:05+08:00,ONLINE,False,,CW_1_01,PASS,,,52.3448083,_2026040215490508602,T20260402154905,DESKTOP-P2DUL42,Loma,1,CW_1_01,2,paul di,2024.0718.155524,V20260126.2,CW_DTCL_DTCR_STC,T20260402154957,52.3448083,True,True,True,True,True,True,True,4S2RND2HBL06DS,v1.0.1,2025_12_22,315.3684,321.1353,475.6241,300.1128,296.1688,149.8701,150.3129,340.9592,334.8015,486.8235,-5.0449,0.2802,-0.0001,0.0,-0.2299,1.5586,-0.219,1.5535,0.6658,156.5352,152.6572,150.7295,156.0879,154.0024,0.8273,0.7998,0.833,0.7864,0.7864,0.7778,0.7595,0.777,0.7429,0.7429,0.8194,0.801,0.8121,0.7552,0.7863,0.7326,0.7356,0.6773,0.6773,0.8194,0.98,0.8103,0.7987,0.7987,0.8488,0.7421,0.7937,0.833,0.8247,0.7647,0.7758,0.774,0.7421,0,0,0,0,0,v1.0.1,2025_12_22,315.2899,321.2826,476.8088,300.0368,296.0728,149.0132,149.1027,341.1918,334.9362,487.9787,-5.0579,0.4006,-0.0001,0.0,-0.2303,1.5592,-0.2187,1.553,0.6658,164.2939,160.2734,166.0654,165.0088,163.9104,0.6894,0.678,0.6869,0.6861,0.678,0.6582,0.6367,0.6479,0.6462,0.6367,0.6388,0.6606,0.6644,0.6307,0.6167,0.6186,0.6293,0.577,0.577,0.6678,0.4837,0.692,0.6673,0.4837,0.6521,0.6313,0.6226,0.673,0.6847,0.6658,0.6788,0.6407,0.6226,0,0,0,0,0,v1.0.1,2025_12_22,314.066,313.5755,439.2523,298.9459,300.377,182.2377,186.3554,328.1488,328.3534,443.5776,-5.8192,-6.2029,-0.0001,-0.0001,-0.2158,1.5664,-0.2131,1.5608,0.6746,175.8369,175.1699,173.2686,176.0146,175.0725,0.7862,0.7055,0.7961,0.6759,0.6759,0.753,0.6615,0.7472,0.657,0.657,0.7802,0.7523,0.7672,0.672,0.672,0.7217,0,0.7273,0.6568,0.6568,0,0,0,0,0,v1.0.1,2025_12_22,314,313.6038,440.1053,298.8333,300.3613,181.6218,185.4153,328.3475,328.453,444.5214,-5.833,-6.1144,-0.0001,-0.0001,-0.2161,1.5673,-0.2136,1.5603,0.6745,149.0811,144.8711,143.0645,146.6182,145.9087,0.6592,0.598,0.6636,0.6013,0.598,0.6336,0.5574,0.6151,0.5712,0.5574,0.6187,0.6344,0.6448,0.576,0.576,0.5727,0.5092,0.5957,0.5413,0.5092,0,0,0,0,0,0.0041,-0.0471,-0.0136,-0.0271,-0.0271,-0.0094,-0.0621,-0.0172,-0.0411,-0.0411,-0.0022,-0.0179,-0.0009,-0.0172,-0.0444,-0.0924,-0.0674,-0.0657,0.0092,-0.0061,0.0052,-0.0183,0.0036,-0.0286,-0.0053,-0.0074,-0.0371,-0.0043,-0.0141,-0.0155,-0.0136,0.0103,0.0108,-0.0088,-0.0528,-0.0566,-0.0194,-0.046,-0.0021,0.0044,-0.0129,-0.1226,-0.0042,-0.1175,-0.1175,0.0015,-0.1247,-0.0103,-0.1046,-0.0945,0.0076,-0.0171,0.0169,-0.0229,0.0044,-0.0024,-0.0056,-0.0795,-0.0073,-0.0751,-0.0668,0.0021,-0.1037,-0.0124,-0.0707,-0.0701,-0.0219,-0.0033,0.0056,-0.0232,-0.0232,-0.0053,0.0117,True,True
DTC_R_33,LanSi,1,CW_01,A,2026-04-02 15:49:05+08:00,ONLINE,False,,CW_1_01,PASS,,,52.2201406,_2026040215490523501,T20260402154905,DESKTOP-P2DUL42,Loma,1,CW_1_01,1,paul di,2024.0718.155524,V20260126.2,CW_DTCL_DTCR_STC,T20260402154957,52.2201406,True,True,True,True,True,True,True,4S2RND2HBL0DP6,v1.0.1,2025_12_22,315.3684,316.8647,475.5672,297.4104,295.9793,149.2276,149.7483,336.6954,335.9671,486.3355,-4.9739,-2.1933,-0.0,-0.0,-0.2203,1.5551,-0.2187,1.5493,0.6664,156.8545,154.1035,153.7178,156.7217,155.3494,0.8607,0.7767,0.8838,0.8146,0.7767,0.8125,0.7419,0.8215,0.8122,0.7419,0.8037,0.8188,0.819,0.8213,0.7128,0.718,0.8011,0.7986,0.7128,0.8259,0.8054,0.7897,0.488,0.488,0.8171,0.7866,0.7593,0.8227,0.7954,0.5154,0.8487,0.8502,0.5154,0,0,0,0,0,v1.0.1,2025_12_22,315.2647,316.8897,476.708,297.2336,295.8194,148.2014,148.6093,336.755,336.0331,487.3841,-5.0131,-2.2073,-0.0001,-0.0,-0.2206,1.5555,-0.2181,1.5491,0.6665,165.5146,160.1885,169.2139,168.123,165.76,0.6973,0.6602,0.7124,0.6991,0.6602,0.6762,0.6351,0.6674,0.6724,0.6351,0.6554,0.6513,0.652,0.6621,0.6069,0.6354,0.6213,0.6295,0.6069,0.6739,0.6508,0.6571,0.149,0.149,0.6306,0.6597,0.6525,0.66,0.6394,0.5029,0.6332,0.684,0.5029,0,0,0,0,0,v1.0.1,2025_12_22,317.783,328.217,442.4071,313.292,303.2143,196.9921,189.0726,342.3468,332.2308,457.2051,-2.5585,8.1106,-0.0,0.0001,-0.2187,1.5597,-0.2088,1.5587,0.6727,176.8906,176.3057,176.2295,178.0225,176.8621,0.8056,0.623,0.8278,0.6928,0.623,0.7783,0.6015,0.7752,0.7182,0.6015,0.7753,0.7692,0.754,0.7541,0.754,0.7517,0.6627,0.7109,0,0.6627,0,0,0,0,0,v1.0.1,2025_12_22,317.713,328.3241,443.2478,313.3186,303.1083,196.1917,188.0488,342.4878,332.3025,458.042,-2.6159,8.1728,-0.0,0.0001,-0.2185,1.5602,-0.2083,1.5583,0.6729,149.0537,143.9814,146.0303,147.1338,146.5498,0.6649,0.5522,0.6778,0.5979,0.5522,0.6464,0.5501,0.6475,0.6053,0.5501,0.6452,0.6396,0.6383,0.6415,0.6383,0.5829,0.5548,0.5737,0.2039,0.2039,0,0,0,0,0,-0.0018,-0.095,0.0149,-0.0585,-0.0858,-0.0022,-0.0788,0.0008,-0.0297,-0.0728,-0.0258,0.0058,0.0094,0.0039,-0.0887,-0.0952,0.0018,-0.0275,-0.0077,0.0097,-0.0102,-0.0479,-0.0078,-0.0238,-0.0473,-0.0025,-0.0469,0.0022,-0.001,-0.0301,0.0003,0.0027,-0.0104,-0.0057,-0.0584,-0.0237,-0.0033,-0.0149,-0.0108,0.0088,0.0013,-0.193,0.0183,-0.1322,-0.1813,0.0039,-0.1698,0.0013,-0.0653,-0.1698,-0.0018,-0.0013,0.0093,0.0107,-0.0095,-0.0178,0.0092,-0.1301,0.0053,-0.0791,-0.1035,0.0047,-0.0997,0.0003,-0.0423,-0.0916,0.0017,-0.0103,0.0052,0.019,0.0158,-0.0118,-0.006,True,True
DTC_R_34,LanSi,1,CW_01,B,2026-04-02 15:50:43+08:00,ONLINE,False,,CW_1_01,PASS,,,52.1809435,_2026040215504342401,T20260402155043,DESKTOP-P2DUL42,Loma,1,CW_1_01,1,paul di,2024.0718.155524,V20260126.2,CW_DTCL_DTCR_STC,T20260402155135,52.1809435,True,True,True,True,True,True,True,4S2RND2HBL0DP6,v1.0.1,2025_12_22,315.0882,317.5,474.8667,297.8741,295.7055,148.226,149.6867,337.76,335.2199,485.2199,-5.3866,-2.184,-0.0001,-0.0,-0.2217,1.5563,-0.2214,1.5508,0.666,157.5713,154.791,154.627,157.4082,156.0994,0.866,0.8411,0.8633,0.8325,0.8325,0.8243,0.7924,0.8251,0.7791,0.7791,0.8031,0.819,0.8243,0.8057,0.7711,0.7665,0.7629,0.7668,0.7629,0.8406,0.8262,0.7816,0.98,0.7816,0.8351,0.7993,0.7944,0.8189,0.8203,0.8305,0.807,0.8553,0.7944,0,0,0,0,0,v1.0.1,2025_12_22,315.1241,317.4672,475.9343,297.8467,295.5,147.2297,148.5503,337.8926,335.295,486.1439,-5.4193,-2.184,-0.0001,-0.0,-0.2209,1.5555,-0.2215,1.5513,0.6661,164.4697,159.8945,168.8184,166.9814,165.041,0.7048,0.7004,0.7187,0.7039,0.7004,0.6777,0.6733,0.6735,0.6505,0.6505,0.651,0.6549,0.6585,0.6621,0.6553,0.6493,0.6228,0.633,0.6228,0.6749,0.6703,0.6565,0.2454,0.2454,0.6586,0.6667,0.6704,0.669,0.6654,0.6316,0.6588,0.6869,0.6316,0,0,0,0,0,v1.0.1,2025_12_22,317.4952,328.9429,441.8704,313.9259,303.121,196.379,189.0887,343.371,331.9286,457.3393,-2.7992,8.4916,-0.0,0.0001,-0.2196,1.5623,-0.2114,1.5583,0.6724,177.7627,177.3418,177.5215,178.6797,177.8264,0.8081,0.6829,0.8307,0.7218,0.6829,0.7682,0.6778,0.7736,0.6733,0.6733,0.7809,0.7756,0.755,0.7401,0.7401,0.738,0.7042,0.7304,0,0.7042,0,0,0,0,0,v1.0.1,2025_12_22,317.5,329,442.6789,313.8624,302.959,195.6885,188.1475,343.377,331.9279,458.1802,-2.8573,8.5216,-0.0,0.0001,-0.2198,1.5616,-0.2102,1.5591,0.6727,148.251,143.9053,145.7412,146.209,146.0266,0.6682,0.5941,0.6885,0.6151,0.5941,0.6445,0.5872,0.6449,0.5726,0.5726,0.631,0.6508,0.6482,0.6305,0.6305,0.6089,0.5758,0.5674,0.424,0.424,0,0,0,0,0,0.0035,-0.0306,-0.0056,-0.0406,-0.03,0.0096,-0.0283,0.0044,-0.0628,-0.0356,-0.0264,0.006,0.0147,-0.0117,-0.0304,-0.0467,-0.0364,-0.0593,0.007,0.0016,-0.0027,-0.0077,-0.0015,-0.019,-0.0071,-0.001,-0.0087,0.0083,-0.0229,-0.0147,-0.0041,0.0063,-0.0039,-0.0057,-0.01,-0.0098,-0.0018,-0.0114,-0.0098,0.0082,0.0038,-0.1331,0.0212,-0.1032,-0.1214,-0.0062,-0.0935,-0.0003,-0.1102,-0.098,0.0038,0.0051,0.0103,-0.0033,-0.0232,0.0017,0.0125,-0.0882,0.016,-0.0619,-0.0616,0.0028,-0.0626,-0.0023,-0.075,-0.0691,-0.0125,0.0009,0.0151,0.008,0.008,0.0142,-0.0123,True,True
DTC_L_34,LanSi,1,CW_01,C,2026-04-02 15:50:43+08:00,ONLINE,False,,CW_1_01,PASS,,,52.2138556,_2026040215504342402,T20260402155043,DESKTOP-P2DUL42,Loma,1,CW_1_01,2,paul di,2024.0718.155524,V20260126.2,CW_DTCL_DTCR_STC,T20260402155135,52.2138556,True,True,True,True,True,True,True,4S2RND2HBL06DS,v1.0.1,2025_12_22,315.2612,322.7687,475.3235,302.0368,296.2148,152.3289,149.898,342.6803,334.6963,488.0815,-5.2213,2.0792,-0.0001,0.0,-0.2283,1.559,-0.2193,1.5533,0.6662,156.8604,152.4736,150.585,156.1035,154.0056,0.8169,0.8038,0.8336,0.7907,0.7907,0.7808,0.7591,0.7927,0.7314,0.7314,0.8128,0.8155,0.8127,0.764,0.7503,0.7233,0.7452,0.6791,0.6791,0.7986,0.98,0.8117,0.7926,0.7926,0.8525,0.8258,0.782,0.8499,0.8131,0.7722,0.7755,0.7883,0.7722,0,0,0,0,0,v1.0.1,2025_12_22,315.1533,322.8102,476.3235,302.0368,296.1544,151.2617,148.7891,342.9116,334.8015,489.1765,-5.2556,2.1394,-0.0001,0.0,-0.2277,1.56,-0.2197,1.5527,0.6663,165.2236,160.7256,166.6035,166.4365,164.7473,0.664,0.69,0.6843,0.6853,0.664,0.6546,0.6292,0.6477,0.6394,0.6292,0.6612,0.649,0.6528,0.6207,0.6339,0.6175,0.6412,0.5999,0.5999,0.6548,0.2958,0.6879,0.6688,0.2958,0.6582,0.671,0.6379,0.6884,0.6778,0.6636,0.6539,0.6156,0.6156,0,0,0,0,0,v1.0.1,2025_12_22,314.098,315.0392,438.8649,300.5766,300.5,184.6102,186.1901,329.7025,328.188,444.8889,-5.9318,-4.5365,-0.0001,-0.0,-0.2149,1.5664,-0.2136,1.5622,0.675,176.0791,175.2822,173.1533,175.8359,175.0876,0.788,0.705,0.7893,0.6824,0.6824,0.7454,0.6602,0.7548,0.6561,0.6561,0.7632,0.765,0.7669,0.6987,0.6987,0.7217,0,0.7173,0.6616,0.6616,0,0,0,0,0,v1.0.1,2025_12_22,314.0294,314.951,439.6174,300.4522,300.4576,183.5763,185.2417,329.7083,328.287,445.5478,-5.9734,-4.6529,-0.0001,-0.0,-0.2144,1.5673,-0.2136,1.5615,0.6752,150.5742,145.29,144.2627,148.1123,147.0598,0.6538,0.6053,0.6696,0.6035,0.6035,0.6242,0.5675,0.6187,0.5842,0.5675,0.638,0.6364,0.6464,0.6254,0.6254,0.5781,0.4801,0.5929,0.5571,0.4801,0,0,0,0,0,-0.0063,-0.0431,-0.013,-0.0228,-0.0228,-0.0064,-0.0625,-0.0015,-0.0526,-0.0526,-0.0088,-0.0034,-0.0003,-0.0084,-0.0804,-0.1017,-0.0578,-0.0639,-0.0116,-0.0047,-0.0202,-0.0063,0.001,-0.0294,-0.0193,-0.011,-0.0446,-0.0045,-0.0209,-0.023,0.0088,-0.0013,-0.0008,-0.0188,-0.0356,-0.0577,-0.0075,-0.0231,-0.0151,0.0003,-0.0111,-0.1231,-0.011,-0.111,-0.111,-0.0061,-0.126,-0.0027,-0.1055,-0.0954,-0.0094,-0.0044,0.0166,0.0038,0.0044,-0.0124,-0.011,-0.0722,-0.0013,-0.0729,-0.0613,-0.0073,-0.0936,-0.0088,-0.0577,-0.06,-0.0026,-0.0013,0.0072,0.0262,0.0262,0.0001,0.0089,True,True
DTC_R_35,LanSi,1,CW_01,C,2026-04-02 15:52:17+08:00,ONLINE,False,,CW_1_01,PASS,,,52.0738994,_2026040215521773101,T20260402155217,DESKTOP-P2DUL42,Loma,1,CW_1_01,1,paul di,2024.0718.155524,V20260126.2,CW_DTCL_DTCR_STC,T20260402155309,52.0738994,True,True,True,True,True,True,True,4S2RND2HBL0DP6,v1.0.1,2025_12_22,315.2388,316.8209,475.2148,297.2222,295.7466,148.3493,149.543,336.6026,335.6757,484.5,-5.2162,-2.801,-0.0001,-0.0,-0.2214,1.5551,-0.2183,1.549,0.6661,157.5381,155.1543,155.1162,157.1523,156.2402,0.8658,0.7901,0.8713,0.7979,0.7901,0.8096,0.7596,0.8237,0.7736,0.7596,0.8224,0.8151,0.8149,0.8156,0.7251,0.7362,0.7703,0.793,0.7251,0.8282,0.7876,0.7889,0.4075,0.4075,0.8526,0.7841,0.7548,0.8042,0.7921,0.5346,0.8217,0.8619,0.5346,0,0,0,0,0,v1.0.1,2025_12_22,315.1957,316.8333,476.3037,297.0815,295.5436,147.4027,148.2381,336.9048,335.7718,485.4765,-5.2894,-2.7602,-0.0001,-0.0,-0.2215,1.5548,-0.2191,1.5489,0.6658,164.4824,157.0342,166.1855,167.0967,163.6997,0.7035,0.674,0.7053,0.679,0.674,0.6701,0.6466,0.67,0.6531,0.6466,0.6527,0.6538,0.6593,0.659,0.6215,0.6274,0.6309,0.6443,0.6215,0.6769,0.6542,0.6486,0.1792,0.1792,0.6501,0.6546,0.6499,0.6345,0.641,0.5405,0.6362,0.6722,0.5405,0,0,0,0,0,v1.0.1,2025_12_22,317.5048,328.0571,442.1,313.2818,303.0492,196.2131,188.7623,342.2787,332,456,-2.8168,7.6662,-0.0,0.0001,-0.2175,1.5611,-0.2095,1.5575,0.6729,177.2324,177.6631,177.7598,178.2773,177.7332,0.8048,0.6438,0.8178,0.6524,0.6438,0.7733,0.6423,0.7733,0.6462,0.6423,0.7818,0.768,0.7816,0.7537,0.7537,0.7353,0.6673,0.7294,0,0.6673,0,0,0,0,0,v1.0.1,2025_12_22,317.5,328.1132,443.037,313.2315,302.8618,195.5285,187.976,342.456,332.0446,456.8661,-2.8161,7.739,-0.0,0.0001,-0.2175,1.5603,-0.2098,1.5578,0.6727,148.1836,141.0947,143.2236,146.0234,144.6313,0.6652,0.5632,0.6712,0.5712,0.5632,0.6382,0.5752,0.6407,0.5659,0.5659,0.6394,0.6604,0.637,0.6244,0.6244,0.5765,0.5561,0.5599,0.2265,0.2265,0,0,0,0,0,0.0033,-0.0816,0.0024,-0.0752,-0.0724,-0.0051,-0.0611,0.003,-0.0683,-0.0551,-0.0071,0.0021,0.0053,-0.0018,-0.0764,-0.077,-0.029,-0.0331,-0.0054,0.0089,-0.004,-0.0341,-0.0149,-0.0439,-0.0335,-0.0086,-0.0354,0.0048,-0.0203,-0.0186,-0.0024,0.0052,-0.0031,-0.0088,-0.0438,-0.0317,0.0063,-0.0001,-0.0078,0.0003,0.0005,-0.1722,0.0083,-0.1726,-0.1605,-0.0011,-0.129,-0.0006,-0.1373,-0.129,0.0047,-0.0025,0.0369,0.0103,-0.0259,0.0007,0.0095,-0.1191,-0.0013,-0.1058,-0.0925,-0.0035,-0.0746,-0.0065,-0.0817,-0.0758,-0.0041,0.0105,0.0039,0.0019,0.0019,-0.0182,-0.0198,True,True
DTC_L_35,LanSi,1,CW_01,A,2026-04-02 15:52:17+08:00,ONLINE,False,,CW_1_01,PASS,,,52.0878626,_2026040215521773102,T20260402155217,DESKTOP-P2DUL42,Loma,1,CW_1_01,2,paul di,2024.0718.155524,V20260126.2,CW_DTCL_DTCR_STC,T20260402155309,52.0878626,True,True,True,True,True,True,True,4S2RND2HBL06DS,v1.0.1,2025_12_22,314.3684,322.1353,474.3083,301.8872,294.94,151.6533,148.3514,341.9865,333.5071,488.4714,-6.405,1.7268,-0.0001,0.0,-0.2254,1.5568,-0.2185,1.5557,0.6672,156.4365,152.6396,150.3906,155.6885,153.7888,0.8241,0.7773,0.8308,0.7803,0.7773,0.7845,0.7594,0.7989,0.7548,0.7548,0.8215,0.8051,0.8175,0.7799,0.7555,0.7164,0.7722,0.716,0.716,0.8022,0.9306,0.822,0.8483,0.8022,0.8449,0.7372,0.7561,0.8377,0.8349,0.8357,0.8091,0.7728,0.7372,0,0,0,0,0,v1.0.1,2025_12_22,314.3358,322.292,475.3676,301.6691,294.8456,150.7383,147.3221,342.1946,333.7606,489.5,-6.3736,1.7788,-0.0001,0.0,-0.2269,1.5572,-0.2181,1.5546,0.6667,163.9521,160.3105,166.0967,164.4199,163.6948,0.6777,0.6703,0.6896,0.6842,0.6703,0.6563,0.6251,0.6389,0.6591,0.6251,0.6431,0.6395,0.654,0.6384,0.6362,0.6251,0.6361,0.612,0.612,0.6679,0.5491,0.6704,0.7147,0.5491,0.6505,0.6286,0.6216,0.6876,0.6742,0.684,0.6807,0.6243,0.6216,0,0,0,0,0,v1.0.1,2025_12_22,313.1538,314.5962,438.1786,300.2411,299.2314,184.0083,184.6583,329.275,327.1864,444.7712,-7.0183,-4.9217,-0.0001,-0.0,-0.2138,1.5641,-0.2132,1.5629,0.675,176.0117,175.3594,173.3652,175.4902,175.0566,0.7996,0.6723,0.8109,0.674,0.6723,0.7394,0.6581,0.7501,0.6529,0.6529,0.7739,0.7711,0.7632,0.7078,0.7078,0.7393,0,0.7278,0.7365,0.7278,0,0,0,0,0,v1.0.1,2025_12_22,313.0849,314.6698,439.0182,300.1545,299.1429,183.2017,183.7107,329.2727,327.4083,445.6083,-7.027,-4.9186,-0.0001,-0.0,-0.2142,1.5646,-0.2119,1.5613,0.675,148.7529,144.5742,143.7275,146.3857,145.8601,0.6687,0.586,0.6751,0.5862,0.586,0.6195,0.5478,0.6235,0.5727,0.5478,0.6445,0.6374,0.6376,0.6007,0.6007,0.5941,0.5154,0.5628,0.5803,0.5154,0,0,0,0,0,0.0009,-0.0696,-0.0158,-0.0332,-0.0362,-0.0027,-0.0622,0.0047,-0.0292,-0.0292,-0.0001,-0.0138,0.0045,0.0075,-0.0752,-0.1086,-0.0308,-0.027,-0.008,0.0056,-0.0065,-0.026,0.0063,-0.0305,-0.013,-0.0093,-0.0487,-0.0133,-0.0012,-0.0271,-0.0093,-0.0108,0.0004,-0.0011,-0.0333,-0.0501,-0.0126,-0.011,-0.002,-0.0172,0.0005,-0.1558,0.0106,-0.1194,-0.1211,-0.0121,-0.1281,-0.0074,-0.1087,-0.0986,0.0013,0.0017,0.0129,0.0129,0.022,-0.0019,0.0039,-0.0915,0.0042,-0.0902,-0.0788,-0.012,-0.1133,-0.004,-0.0692,-0.0797,0.0039,-0.0003,-0.0016,0.0015,0.0015,0.0161,-0.0212,True,True
DTC_L_36,LanSi,1,CW_01,B,2026-04-02 15:54:13+08:00,ONLINE,False,,CW_1_01,PASS,,,52.1530135,_2026040215541339402,T20260402155413,DESKTOP-P2DUL42,Loma,1,CW_1_01,2,paul di,2024.0718.155524,V20260126.2,CW_DTCL_DTCR_STC,T20260402155505,52.1530135,True,True,True,True,True,True,True,4S2RND2HBL06DS,v1.0.1,2025_12_22,315.2612,322.1045,475.5077,301.1538,296.2953,151.4631,150.1448,341.9034,334.7388,487.1045,-5.1104,1.2459,-0.0001,0.0,-0.2295,1.5596,-0.2188,1.5528,0.666,155.7598,151.6973,150.1182,155.4922,153.2668,0.817,0.7938,0.8306,0.7749,0.7749,0.7813,0.7597,0.7873,0.7502,0.7502,0.8035,0.8175,0.8022,0.7654,0.7456,0.7476,0.7531,0.7034,0.7034,0.8033,0.98,0.8113,0.7894,0.7894,0.8561,0.7369,0.7263,0.8531,0.8222,0.7683,0.7773,0.7756,0.7263,0,0,0,0,0,v1.0.1,2025_12_22,315.3037,322.0815,476.6296,301.0815,296.1118,150.4934,149,342,334.8467,488.1898,-5.1216,1.2692,-0.0001,0.0,-0.2289,1.5589,-0.2187,1.5532,0.6661,163.1816,158.7363,165.0439,164.4824,162.8611,0.679,0.6793,0.6805,0.6695,0.6695,0.6629,0.6427,0.6521,0.6576,0.6427,0.66,0.6582,0.6487,0.6399,0.6247,0.6426,0.6368,0.605,0.605,0.6872,0.3638,0.6886,0.6831,0.3638,0.6585,0.626,0.6135,0.6771,0.67,0.6668,0.674,0.6218,0.6135,0,0,0,0,0,v1.0.1,2025_12_22,314.0187,314.5514,439.1071,299.9375,300.5081,183.9113,186.3167,329.1833,328.1053,444.0526,-5.8888,-5.1728,-0.0001,-0.0001,-0.2158,1.5672,-0.2136,1.5619,0.675,174.9355,173.9795,172.3965,174.958,174.0674,0.7911,0.6912,0.8006,0.6643,0.6643,0.7477,0.6724,0.756,0.6484,0.6484,0.7627,0.7664,0.7584,0.695,0.695,0.7273,0,0.7245,0.6728,0.6728,0,0,0,0,0,v1.0.1,2025_12_22,314.019,314.4476,439.8214,299.7589,300.3277,183.1261,185.3697,329.3193,328.1949,444.8729,-5.9534,-5.195,-0.0001,-0.0001,-0.2157,1.5664,-0.2146,1.562,0.6745,148.3662,143.4863,142.6104,146.4756,145.2346,0.6586,0.5933,0.6605,0.5981,0.5933,0.6263,0.5818,0.6154,0.5807,0.5807,0.632,0.6487,0.642,0.6094,0.6094,0.5801,0.4903,0.5887,0.5614,0.4903,0,0,0,0,0,-0.0062,-0.0531,-0.016,-0.0386,-0.0386,-0.0059,-0.0619,-0.0069,-0.0338,-0.0338,-0.0181,-0.0014,-0.0108,-0.007,-0.0851,-0.0774,-0.0499,-0.0396,-0.0069,-0.0051,-0.0052,-0.017,-0.0028,-0.0452,-0.0138,-0.0027,-0.0311,-0.0001,-0.0027,-0.0095,0.0076,0.0079,-0.0049,0.0004,-0.0448,-0.0326,-0.0119,-0.018,0.0173,0.001,-0.008,-0.1369,0.0003,-0.1291,-0.1291,-0.0038,-0.1138,-0.0015,-0.1132,-0.1031,-0.0099,-0.003,0.0081,0.0001,0.01,-0.0052,-0.0062,-0.0842,-0.0104,-0.0783,-0.0715,-0.0052,-0.0793,-0.0121,-0.0612,-0.0468,-0.0086,0.011,0.0028,0.0102,0.0102,0.0021,0.0047,True,True
DTC_R_36,LanSi,1,CW_01,A,2026-04-02 15:54:13+08:00,ONLINE,False,,CW_1_01,PASS,,,52.3125867,_2026040215541324801,T20260402155413,DESKTOP-P2DUL42,Loma,1,CW_1_01,1,paul di,2024.0718.155524,V20260126.2,CW_DTCL_DTCR_STC,T20260402155505,52.3125867,True,True,True,True,True,True,True,4S2RND2HBL0DP6,v1.0.1,2025_12_22,315,317.9137,474.7778,298.1333,295.5448,148.4069,149.5987,338.2895,335.2238,485.5455,-5.471,-1.8422,-0.0001,-0.0,-0.2227,1.556,-0.2221,1.5502,0.6654,156.999,154.4512,153.8945,156.791,155.5339,0.8742,0.8325,0.8719,0.8278,0.8278,0.8206,0.7805,0.8207,0.7846,0.7805,0.83,0.8165,0.8153,0.819,0.743,0.7825,0.7389,0.7511,0.7389,0.8398,0.7531,0.7813,0.98,0.7531,0.832,0.727,0.8033,0.8303,0.8238,0.8023,0.7756,0.842,0.727,0,0,0,0,0,v1.0.1,2025_12_22,315,317.9137,475.8777,298.0504,295.3446,147.3378,148.457,338.3974,335.2394,486.5,-5.5163,-1.8602,-0.0001,-0.0,-0.2223,1.5556,-0.2219,1.5508,0.6655,165.043,159.793,168.6172,167.6904,165.2859,0.7026,0.6914,0.7167,0.6958,0.6914,0.6783,0.6499,0.6818,0.65,0.6499,0.6474,0.6584,0.6565,0.6644,0.6355,0.6651,0.6084,0.6328,0.6084,0.6859,0.6325,0.6498,0.3315,0.3315,0.6401,0.6185,0.6672,0.6723,0.6667,0.6314,0.6421,0.6828,0.6185,0,0,0,0,0,v1.0.1,2025_12_22,317.2593,329.4074,441.6696,314.4286,302.9593,196.6341,188.8306,343.6855,331.8125,457.7946,-2.9937,8.8901,-0.0,0.0001,-0.2193,1.563,-0.2102,1.5574,0.6727,176.5088,176.2412,176.3008,177.875,176.7314,0.8085,0.7138,0.8301,0.7137,0.7137,0.7734,0.6862,0.7721,0.6614,0.6614,0.7822,0.7693,0.7613,0.7567,0.7567,0.7405,0.6663,0.7053,0,0.6663,0,0,0,0,0,v1.0.1,2025_12_22,317.1714,329.5429,442.5478,314.3826,302.7143,195.8651,187.9417,343.7667,331.8108,458.6036,-3.0628,8.9322,-0.0,0.0001,-0.2198,1.5625,-0.2091,1.5573,0.6727,148.8359,144.0293,145.4717,146.7197,146.2642,0.6637,0.6162,0.6717,0.6176,0.6162,0.6411,0.5976,0.6568,0.5755,0.5755,0.6391,0.6275,0.6334,0.6282,0.6275,0.5985,0.549,0.57,0.4598,0.4598,0,0,0,0,0,0.0117,-0.0392,0.003,-0.0453,-0.0347,0.0059,-0.0402,0,-0.0573,-0.0342,0.0005,0.0035,0.0057,0.0016,-0.0585,-0.0307,-0.0604,-0.075,0.0062,0.0013,-0.0049,-0.0167,-0.0035,-0.0271,-0.0161,-0.0004,-0.0321,0.0166,-0.0234,-0.0153,-0.0077,0.0098,-0.0059,-0.0034,-0.0298,0.006,-0.0162,-0.0116,0.0012,0.0015,0.0042,-0.1022,0.0206,-0.1113,-0.0906,-0.001,-0.0851,-0.0018,-0.1221,-0.1099,0.0051,-0.0012,0.0166,0.0133,-0.0207,-0.0234,0.008,-0.0661,-0.0008,-0.0594,-0.0395,-0.0006,-0.0522,0.0096,-0.0721,-0.0662,-0.0044,-0.0224,0.0003,0.0057,0.005,0.0038,-0.0097,True,True
DTC_L_39,LanSi,1,CW_01,C,2026-04-02 15:55:49+08:00,ONLINE,False,,CW_1_01,PASS,,,52.4118529,_2026040215554939802,T20260402155549,DESKTOP-P2DUL42,Loma,1,CW_1_01,2,paul di,2024.0718.155524,V20260126.2,CW_DTCL_DTCR_STC,T20260402155641,52.4118529,True,True,True,True,True,True,True,4S2RND2HBL06DS,v1.0.1,2025_12_22,314.4318,321.9545,474.3015,301.2574,294.9608,151.3922,148.543,341.6026,333.6312,488.4752,-6.3263,1.4364,-0.0001,0.0,-0.2282,1.5566,-0.2174,1.5555,0.6666,155.9238,152.4033,150.3828,155.752,153.6155,0.8178,0.7848,0.8472,0.7883,0.7848,0.7743,0.7396,0.7871,0.7664,0.7396,0.8171,0.8002,0.8217,0.7812,0.7315,0.7079,0.7783,0.7164,0.7079,0.8045,0.98,0.8235,0.8432,0.8045,0.851,0.7706,0.7525,0.8397,0.8275,0.8187,0.831,0.7645,0.7525,0,0,0,0,0,v1.0.1,2025_12_22,314.3556,322,475.4848,301.0833,294.9408,150.4342,147.6093,341.755,333.7762,489.4545,-6.2667,1.4454,-0.0001,0.0,-0.2286,1.5576,-0.2174,1.5548,0.6666,162.7598,159.3408,164.876,163.9863,162.7407,0.6869,0.669,0.6981,0.6864,0.669,0.6454,0.6161,0.6443,0.6497,0.6161,0.6536,0.6431,0.6455,0.6311,0.6044,0.6106,0.6303,0.6104,0.6044,0.6648,0.4641,0.6709,0.6902,0.4641,0.6623,0.6471,0.6159,0.6706,0.6792,0.6752,0.6779,0.6265,0.6159,0,0,0,0,0,v1.0.1,2025_12_22,313.0849,314.3302,438.0541,299.9459,299.2787,183.8525,184.8678,328.686,327.3136,444.6102,-6.9802,-5.2151,-0.0001,-0.0001,-0.2141,1.5649,-0.211,1.5615,0.6753,175.3096,175.0879,173.1328,175.4209,174.7378,0.7875,0.6668,0.796,0.6632,0.6632,0.7389,0.6265,0.7499,0.666,0.6265,0.7845,0.7682,0.7724,0.6921,0.6921,0.7341,0,0.7236,0.7289,0.7236,0,0,0,0,0,v1.0.1,2025_12_22,313.1415,314.2453,438.8214,299.7589,299.1453,183.0684,184,328.8992,327.359,445.4872,-7.0066,-5.2082,-0.0001,-0.0001,-0.2142,1.564,-0.2125,1.5624,0.6749,147.8779,144.0244,142.8311,145.6191,145.0881,0.6598,0.5657,0.6687,0.5934,0.5657,0.6294,0.5501,0.6209,0.5899,0.5501,0.6334,0.646,0.6387,0.6256,0.6256,0.5762,0.5206,0.5886,0.5904,0.5206,0,0,0,0,0,-0.0054,-0.0621,0.0006,-0.0252,-0.0287,-0.0129,-0.082,-0.0071,-0.0176,-0.0444,-0.0045,-0.0187,0.0087,0.0088,-0.0992,-0.1171,-0.0247,-0.0266,-0.0057,0.0071,0.0027,-0.0273,0.0148,-0.0283,-0.0143,-0.0202,-0.0577,-0.0079,-0.0106,-0.0361,0.0012,-0.0072,-0.0081,-0.0084,-0.0651,-0.0646,-0.0184,-0.0126,-0.0051,-0.0167,-0.0116,-0.1613,-0.0043,-0.1302,-0.1302,-0.0126,-0.1597,-0.0076,-0.0956,-0.125,0.0119,-0.0012,0.0221,-0.0028,0.0168,-0.0061,-0.005,-0.1118,-0.0022,-0.083,-0.0991,-0.0021,-0.111,-0.0066,-0.052,-0.0774,-0.0072,0.0083,-0.0005,0.0264,0.0264,-0.0018,0.0046,True,True
DTC_R_39,LanSi,1,CW_01,B,2026-04-02 15:55:49+08:00,ONLINE,False,,CW_1_01,FAIL,SFR_VIS_25cm_Ny4_03F_ROI8_Dev;SFR_VIS_25cm_Ny4_03F_Min_Dev,Dev,52.3968932,_2026040215554942701,T20260402155549,DESKTOP-P2DUL42,Loma,1,CW_1_01,1,paul di,2024.0718.155524,V20260126.2,CW_DTCL_DTCR_STC,T20260402155641,52.3968932,True,True,True,True,True,True,True,4S2RND2HBL0DP6,v1.0.1,2025_12_22,315.4511,317,475.4706,297.4265,295.9577,148.9789,149.7007,336.8503,335.8581,485.3446,-5.0123,-2.3799,-0.0001,-0.0,-0.2212,1.5548,-0.2187,1.5496,0.6661,155.6719,153.8672,153.6797,157.124,155.0857,0.859,0.7783,0.8535,0.7801,0.7783,0.8102,0.7526,0.7872,0.6861,0.6861,0.8254,0.7982,0.7768,0.8084,0.7241,0.7092,0.7953,0.7804,0.7092,0.8382,0.7738,0.7852,0.4998,0.4998,0.8392,0.7459,0.7577,0.8158,0.7941,0.98,0.8232,0.8405,0.7459,0,0,0,0,0,v1.0.1,2025_12_22,315.3235,316.9632,476.5259,297.2074,295.9167,147.9514,148.5,337,335.9257,486.2905,-5.0616,-2.4175,-0.0001,-0.0,-0.2214,1.556,-0.219,1.5492,0.6662,162.1787,156.4971,165.1719,166.0889,162.4841,0.7019,0.6525,0.7043,0.6779,0.6525,0.6826,0.6401,0.6678,0.6146,0.6146,0.6554,0.6484,0.6414,0.6563,0.6247,0.6181,0.6152,0.6408,0.6152,0.667,0.6426,0.6505,0.0772,0.0772,0.6454,0.641,0.6513,0.6667,0.6551,0.4841,0.6201,0.6755,0.4841,0,0,0,0,0,v1.0.1,2025_12_22,317.6373,328.1176,442.2679,313.2679,303.1935,196.9113,189,342.4127,332.0727,456.5,-2.6657,7.9419,-0.0,0.0001,-0.2181,1.5606,-0.2102,1.5583,0.6727,175.6924,176.1963,176.5361,178.3506,176.6938,0.8147,0.6334,0.8102,0.665,0.6334,0.7749,0.6178,0.7593,0.6078,0.6078,0.7769,0.7637,0.75,0.7331,0.7331,0.7452,0.6565,0.7262,0,0.6565,0,0,0,0,0,v1.0.1,2025_12_22,317.6667,328.181,443.1376,313.3211,303.2177,196.0726,188.0902,342.459,332.0783,457.2783,-2.6619,7.9624,-0.0,0.0001,-0.2174,1.5613,-0.2092,1.5591,0.6735,146.1221,140.5938,142.4053,145.3428,143.616,0.6686,0.5694,0.685,0.594,0.5694,0.6382,0.5548,0.638,0.5502,0.5502,0.6582,0.6355,0.6216,0.6349,0.6216,0.5934,0.5472,0.5821,0.284,0.284,0,0,0,0,0,-0.0035,-0.0934,-0.0154,-0.093,-0.0842,-0.0045,-0.0681,-0.0335,-0.1558,-0.1286,-0.0041,-0.0148,-0.0328,-0.009,-0.0774,-0.104,-0.004,-0.0457,0.0046,0.0052,-0.0056,-0.0556,-0.0159,-0.045,-0.055,0.0039,-0.0419,0.0026,-0.0588,-0.0506,0.0003,-0.0002,-0.021,-0.0115,-0.0406,-0.041,-0.0094,-0.0036,-0.0177,0.0022,0.0104,-0.1826,0.0007,-0.16,-0.1709,0.0005,-0.1535,-0.0146,-0.1757,-0.1635,-0.0002,-0.0068,0.0053,-0.0103,-0.016,-0.0025,0.0129,-0.1129,0.0125,-0.083,-0.0863,-0.0035,-0.095,-0.0092,-0.0974,-0.0915,0.0147,-0.0144,-0.0115,0.0124,-0.0009,-0.0013,0.0024,True,True
DTC_R_40,LanSi,1,CW_01,C,2026-04-02 15:59:30+08:00,ONLINE,False,,CW_1_01,PASS,,,54.06738,_2026040215593008101,T20260402155930,DESKTOP-P2DUL42,Loma,1,CW_1_01,1,paul di,2024.0718.155524,V20260126.2,CW_DTCL_DTCR_STC,T20260402160024,54.06738,True,True,True,True,True,True,True,4S2RND2HBL0DP6,v1.0.1,2025_12_22,315.1691,317.7647,474.9343,298.1533,295.3846,149.014,149.5762,337.5166,335.2979,484.7589,-5.4276,-2.0585,-0.0001,-0.0,-0.2216,1.5536,-0.2182,1.5503,0.666,157.1465,154.2451,153.999,157.1475,155.6345,0.8723,0.8523,0.8668,0.8278,0.8278,0.8311,0.7486,0.7949,0.7668,0.7486,0.8188,0.8173,0.8113,0.8132,0.7966,0.79,0.7667,0.7046,0.7046,0.8378,0.8341,0.8072,0.98,0.8072,0.8443,0.7982,0.7927,0.8164,0.5897,0.2524,0.98,0.748,0.2524,0,0,0,0,0,v1.0.1,2025_12_22,315.1522,317.7609,476,298.0863,295.1181,148.0347,148.5,337.5867,335.5282,485.669,-5.4403,-2.0725,-0.0001,-0.0,-0.2212,1.5528,-0.2179,1.5495,0.6658,165.6914,160.6562,169.7207,168.627,166.1738,0.7019,0.7033,0.7155,0.6945,0.6945,0.6829,0.6409,0.6716,0.648,0.6409,0.6411,0.6612,0.6612,0.6624,0.6592,0.6582,0.611,0.6007,0.6007,0.6847,0.6737,0.6658,0.5634,0.5634,0.6573,0.6617,0.6605,0.6632,0.5555,0.1406,0.6535,0.6808,0.1406,0,0,0,0,0,v1.0.1,2025_12_22,317.3784,329.3153,441.7168,314.4513,302.8689,197.2131,188.7295,343.3197,331.8496,456.9469,-2.9914,8.7493,-0.0,0.0001,-0.2185,1.5609,-0.2079,1.5574,0.673,177,176.3994,176.459,178.2168,177.0188,0.8041,0.7223,0.8249,0.7008,0.7008,0.7732,0.6147,0.7581,0.6489,0.6147,0.7835,0.7671,0.7537,0.7546,0.7537,0.7507,0.7149,0.7233,0,0.7149,0,0,0,0,0,v1.0.1,2025_12_22,317.3458,329.2804,442.5478,314.3826,302.6613,196.6855,187.88,343.448,331.8919,457.6216,-3.0346,8.7836,-0.0,0.0001,-0.2179,1.56,-0.2085,1.5574,0.6728,149.5137,144.6338,146.5186,147.458,147.031,0.6544,0.61,0.6767,0.6003,0.6003,0.6413,0.5499,0.6528,0.5583,0.5499,0.6364,0.6421,0.6465,0.6235,0.6235,0.5946,0.5786,0.5725,0,0.5725,0,0,0,0,0,0.0098,-0.0194,-0.0021,-0.0453,-0.0347,0.0164,-0.0721,-0.0258,-0.0751,-0.0661,-0.0107,0.0043,0.0017,-0.0042,-0.0049,-0.0232,-0.0326,-0.1215,0.0042,0.0272,-0.0056,-0.0048,-0.0047,-0.0284,-0.013,0.0042,-0.0411,0.0064,-0.0254,-0.0243,-0.014,0.0126,-0.0012,-0.0054,-0.0061,-0.0009,-0.0136,-0.0437,0,0.0175,-0.0002,-0.0937,0.0154,-0.1242,-0.1035,-0.0012,-0.1566,-0.0158,-0.1346,-0.1566,0.0064,-0.0034,0.009,0.0112,-0.0105,-0.0054,-0.0013,-0.0723,0.0042,-0.0767,-0.0554,-0.0004,-0.0999,0.0056,-0.0893,-0.0918,-0.0071,-0.0078,0.0134,0.001,0.001,-0.0001,-0.0072,True,True
DTC_L_40,LanSi,1,CW_01,A,2026-04-02 15:59:30+08:00,ONLINE,False,,CW_1_01,PASS,,,53.8888571,_2026040215593027402,T20260402155930,DESKTOP-P2DUL42,Loma,1,CW_1_01,2,paul di,2024.0718.155524,V20260126.2,CW_DTCL_DTCR_STC,T20260402160024,53.8888571,True,True,True,True,True,True,True,4S2RND2HBL06DS,v1.0.1,2025_12_22,314.2222,323.8667,474.2612,303.2313,294.9195,152.6107,148.4145,343.8289,333.5839,490.708,-6.4197,3.3491,-0.0001,0.0,-0.2277,1.558,-0.2193,1.5547,0.6664,156.3857,152.2402,150.5781,155.8594,153.7659,0.8127,0.8004,0.8285,0.7916,0.7916,0.7679,0.7549,0.7938,0.7495,0.7495,0.818,0.8171,0.8139,0.7682,0.7498,0.7319,0.776,0.7153,0.7153,0.7996,0.98,0.8286,0.8545,0.7996,0.8431,0.7878,0.7682,0.832,0.8313,0.8252,0.8031,0.7828,0.7682,0,0,0,0,0,v1.0.1,2025_12_22,314.1957,323.8333,475.2774,303.1533,294.7815,151.5828,147.2905,344,333.766,491.7021,-6.4378,3.3543,-0.0001,0.0,-0.2272,1.558,-0.2197,1.5542,0.6663,164.7939,160.2852,166.748,165.6104,164.3594,0.6858,0.6708,0.6879,0.7033,0.6708,0.6581,0.6283,0.649,0.6675,0.6283,0.6391,0.6672,0.6525,0.6253,0.6329,0.6411,0.6419,0.6212,0.6212,0.6798,0.5407,0.6675,0.7011,0.5407,0.6496,0.6656,0.6323,0.6735,0.6697,0.6873,0.6704,0.6268,0.6268,0,0,0,0,0,v1.0.1,2025_12_22,313,316.0971,437.9273,301.7636,299,185,184.5738,330.8361,327.0431,446.8707,-7.1912,-3.3865,-0.0001,-0.0,-0.2137,1.5639,-0.2137,1.5633,0.6749,175.4287,174.5771,172.9062,175.084,174.499,0.7869,0.7011,0.8011,0.6925,0.6925,0.7449,0.6461,0.7463,0.6693,0.6461,0.7862,0.765,0.7755,0.7033,0.7033,0.7281,0,0.7312,0.7182,0.7182,0,0,0,0,0,v1.0.1,2025_12_22,312.9238,315.9238,438.6667,301.5614,299.0339,184.1441,183.7917,330.95,327.2712,447.5932,-7.1626,-3.4655,-0.0001,-0.0,-0.2132,1.5653,-0.2153,1.5617,0.6746,149.667,144.7314,144.5039,147.4658,146.592,0.664,0.603,0.6577,0.6066,0.603,0.6344,0.5461,0.6191,0.6056,0.5461,0.6304,0.6321,0.6351,0.6126,0.6126,0.5748,0.5327,0.583,0.5735,0.5327,0,0,0,0,0,-0.0105,-0.0465,-0.0181,-0.0219,-0.0219,-0.0193,-0.0667,-0.0004,-0.0345,-0.0345,-0.0036,-0.0018,0.0009,-0.0042,-0.0809,-0.0931,-0.027,-0.0277,-0.0106,0.0122,0.0016,-0.0255,0.0046,-0.0114,-0.0125,-0.0075,-0.0455,-0.0032,0.0072,-0.0239,-0.0133,0.0169,-0.0011,-0.0142,-0.0366,-0.0341,-0.0068,-0.0018,0.0099,-0.0201,-0.0122,-0.127,0.0008,-0.1009,-0.1009,-0.0066,-0.1401,-0.0112,-0.0923,-0.1054,0.0136,-0.0044,0.0252,0.0084,0.0108,0.0015,-0.0008,-0.0745,-0.0132,-0.0698,-0.0618,0.0029,-0.115,-0.0084,-0.0363,-0.0814,-0.0102,-0.0056,-0.0041,0.0134,0.0134,-0.0032,-0.001,True,True
DTC_L_41,LanSi,1,CW_01,B,2026-04-02 16:11:51+08:00,ONLINE,False,,CW_1_01,PASS,,,52.5637623,_2026040216115112502,T20260402161151,DESKTOP-P2DUL42,Loma,1,CW_1_01,2,paul di,2024.0718.155524,V20260126.2,CW_DTCL_DTCR_STC,T20260402161243,52.5637623,True,True,True,True,True,True,True,4S2RND2HBL06DS,v1.0.1,2025_12_22,315.5,321.6471,475.6741,300.4667,296.6516,149.8968,150.245,341.6093,334.8333,487.9348,-4.9192,0.8109,-0.0,0.0,-0.231,1.561,-0.2197,1.5545,0.6662,156.8115,152.3574,148.7217,155.9727,153.4658,0.8137,0.8095,0.8405,0.7847,0.7847,0.7551,0.763,0.7789,0.7368,0.7368,0.8309,0.8,0.8218,0.7639,0.7308,0.7392,0.7389,0.7141,0.7141,0.8149,0.98,0.8071,0.7894,0.7894,0.8535,0.7355,0.7169,0.8426,0.8229,0.7599,0.787,0.7899,0.7169,0,0,0,0,0,v1.0.1,2025_12_22,315.4559,321.6912,476.7357,300.35,296.3137,149.2549,149.0743,341.8041,335,488.9137,-4.9841,0.9028,-0.0,0.0,-0.231,1.5597,-0.2198,1.5539,0.6657,162.8926,159.3184,163.6904,163.4209,162.3306,0.6752,0.6755,0.6877,0.6928,0.6752,0.6442,0.6321,0.6364,0.6568,0.6321,0.6472,0.6554,0.6505,0.6398,0.6169,0.6301,0.6209,0.6134,0.6134,0.676,0.4994,0.682,0.6864,0.4994,0.655,0.6192,0.5954,0.6853,0.6623,0.668,0.6684,0.634,0.5954,0,0,0,0,0,v1.0.1,2025_12_22,314.233,314,439.3091,299.1909,300.6303,182.5378,186.35,328.6333,328.3565,444.4783,-5.7242,-5.7319,-0.0001,-0.0001,-0.2173,1.5672,-0.2134,1.5625,0.6747,176.2168,174.8438,171.3574,175.834,174.563,0.7841,0.6846,0.8041,0.6858,0.6846,0.7298,0.6541,0.7587,0.6389,0.6389,0.7679,0.7544,0.7656,0.6967,0.6967,0.7123,0,0.7367,0.6682,0.6682,0,0,0,0,0,v1.0.1,2025_12_22,314.1923,313.9615,440.0833,299.1296,300.5902,181.8607,185.3417,328.725,328.4576,445.4237,-5.767,-5.6799,-0.0001,-0.0001,-0.2168,1.5677,-0.2136,1.5622,0.6749,148.0283,143.6904,141.4814,145.3252,144.6313,0.6556,0.5918,0.6682,0.5933,0.5918,0.6251,0.5628,0.6255,0.5659,0.5628,0.6226,0.6253,0.6299,0.6082,0.6082,0.5835,0.4992,0.5876,0.5501,0.4992,0,0,0,0,0,-0.0095,-0.0374,-0.0061,-0.0288,-0.0288,-0.0321,-0.0586,-0.0153,-0.0472,-0.0472,0.0093,-0.0189,0.0088,-0.0085,-0.0999,-0.0858,-0.0641,-0.0289,0.0047,-0.0093,-0.009,-0.0208,0.0044,-0.0219,-0.0081,-0.0214,-0.0417,-0.0158,-0.0035,-0.0201,-0.0052,0.0051,-0.0031,0.0003,-0.0526,-0.0451,-0.0278,-0.0096,0.0061,-0.0056,-0.015,-0.1435,0.0038,-0.1076,-0.1088,-0.0217,-0.1321,0.0012,-0.1227,-0.1126,-0.0047,-0.015,0.0153,0.0018,-0.005,0.007,-0.0092,-0.0857,-0.0027,-0.0831,-0.073,-0.0064,-0.0983,-0.002,-0.076,-0.0647,-0.018,-0.0124,-0.0093,0.009,0.009,0.0055,0.0036,True,True
DTC_R_41,LanSi,1,CW_01,A,2026-04-02 16:11:51+08:00,ONLINE,False,,CW_1_01,PASS,,,52.5896928,_2026040216115112401,T20260402161151,DESKTOP-P2DUL42,Loma,1,CW_1_01,1,paul di,2024.0718.155524,V20260126.2,CW_DTCL_DTCR_STC,T20260402161243,52.5896928,True,True,True,True,True,True,True,4S2RND2HBL0DP6,v1.0.1,2025_12_22,315.0294,316.1838,474.7007,296.365,295.4257,147.3649,149.5,336.4133,335.162,483.7254,-5.5364,-3.4895,-0.0001,-0.0,-0.223,1.5547,-0.2211,1.5507,0.6653,156.6963,154.3994,153.7021,156.7178,155.3789,0.8666,0.8203,0.8594,0.8444,0.8203,0.8227,0.7548,0.8252,0.7581,0.7548,0.8175,0.8185,0.8257,0.8121,0.7662,0.7497,0.7595,0.705,0.705,0.8391,0.8211,0.7878,0.98,0.7878,0.8215,0.7806,0.7894,0.8239,0.8053,0.8544,0.7259,0.8329,0.7259,0,0,0,0,0,v1.0.1,2025_12_22,315.0426,316.156,475.8015,296.1765,295.3826,146.3758,148.5,336.5867,335.2414,484.6966,-5.5064,-3.5017,-0.0001,-0.0,-0.2231,1.555,-0.2215,1.551,0.6653,165.4297,159.915,168.6768,168.3076,165.5823,0.705,0.693,0.7101,0.699,0.693,0.6727,0.6309,0.6784,0.6459,0.6309,0.6572,0.647,0.6596,0.6515,0.636,0.639,0.6208,0.6086,0.6086,0.6768,0.6574,0.6447,0.1441,0.1441,0.6456,0.6576,0.657,0.6673,0.6533,0.5845,0.6298,0.696,0.5845,0,0,0,0,0,v1.0.1,2025_12_22,317.1415,327.7547,441.5664,312.5575,302.8065,195.2903,188.7823,342.0806,331.7217,455.9652,-3.0963,7.2297,-0.0,0.0001,-0.221,1.5625,-0.2106,1.557,0.672,176.8848,176.9844,176.7158,178.1885,177.1934,0.808,0.7207,0.8148,0.7149,0.7149,0.7664,0.6482,0.7711,0.6389,0.6389,0.7819,0.7767,0.7701,0.7511,0.7511,0.7529,0.6877,0.7239,0,0.6877,0,0,0,0,0,v1.0.1,2025_12_22,317.2453,327.9057,442.4298,312.5702,302.6557,194.6885,187.813,342.2683,331.6372,456.6637,-3.1438,7.3193,-0.0,0.0001,-0.2214,1.5612,-0.21,1.559,0.6722,149.2236,143.7871,145.4697,147.1104,146.3977,0.6595,0.6104,0.675,0.624,0.6104,0.6443,0.581,0.6479,0.56,0.56,0.6277,0.6396,0.6417,0.6241,0.6241,0.5957,0.5533,0.5655,0.3948,0.3948,0,0,0,0,0,0.0041,-0.0514,-0.0095,-0.0287,-0.0422,0.008,-0.0659,0.0045,-0.0838,-0.0599,-0.012,0.0055,0.0161,-0.0053,-0.0353,-0.0635,-0.0398,-0.1211,0.0055,0.0078,-0.0025,-0.0151,-0.0101,-0.0239,-0.0145,-0.006,-0.0511,0.0132,-0.0275,-0.0343,0.0021,-0.0016,-0.0028,-0.0163,-0.0293,-0.0201,-0.0038,-0.0358,-0.0079,-0.0036,0.0037,-0.0953,0.0053,-0.1101,-0.0894,-0.008,-0.1231,-0.0028,-0.1446,-0.1324,0.0048,0.0062,0.0254,0.0077,-0.0083,-0.0048,0.0038,-0.0719,0.0025,-0.053,-0.0453,0.0026,-0.0688,0.0007,-0.0876,-0.0817,-0.0158,-0.0103,0.0086,0.0016,0.0016,0.001,-0.0142,True,True
DTC_L_42,LanSi,1,CW_01,C,2026-04-02 16:13:40+08:00,ONLINE,False,,CW_1_01,PASS,,,51.9439665,_2026040216134056002,T20260402161340,DESKTOP-P2DUL42,Loma,1,CW_1_01,2,paul di,2024.0718.155524,V20260126.2,CW_DTCL_DTCR_STC,T20260402161432,51.9439665,True,True,True,True,True,True,True,4S2RND2HBL06DS,v1.0.1,2025_12_22,314.2782,323.1504,474.2932,302.9323,294.9801,152.457,148.6026,343.1722,333.7872,489.461,-6.3117,2.7346,-0.0001,0.0,-0.2252,1.5577,-0.2198,1.5535,0.6666,155.6113,151.4678,149.3818,154.7686,152.8074,0.8197,0.7754,0.8424,0.7679,0.7679,0.7792,0.7621,0.7979,0.7539,0.7539,0.8088,0.8087,0.8017,0.771,0.7458,0.7306,0.7676,0.7073,0.7073,0.7945,0.98,0.8099,0.8477,0.7945,0.8396,0.8263,0.7838,0.8489,0.8262,0.8126,0.7917,0.767,0.767,0,0,0,0,0,v1.0.1,2025_12_22,314.2754,323.1884,475.4328,302.8806,294.9073,151.4636,147.5,343.2237,333.8592,490.4296,-6.3051,2.7372,-0.0001,0.0,-0.2248,1.558,-0.219,1.5537,0.667,163.2227,158.4951,164.4678,164.0469,162.5581,0.6775,0.6708,0.687,0.6933,0.6708,0.6508,0.6393,0.6439,0.6468,0.6393,0.6404,0.6583,0.6411,0.6275,0.6334,0.6317,0.6347,0.5964,0.5964,0.6616,0.3696,0.6558,0.6811,0.3696,0.659,0.6697,0.6355,0.6718,0.6713,0.6835,0.6749,0.6306,0.6306,0,0,0,0,0,v1.0.1,2025_12_22,313,315.6038,437.9817,301.367,299.1102,184.9237,184.6612,330.2231,327.1765,445.8235,-7.1141,-3.9118,-0.0001,-0.0,-0.2129,1.5644,-0.2129,1.5618,0.6751,174.6006,173.7178,171.748,174.0635,173.5325,0.7885,0.6729,0.7938,0.6808,0.6729,0.754,0.6537,0.7413,0.6655,0.6537,0.7767,0.7669,0.7662,0.7079,0.7079,0.7184,0,0.7292,0.7209,0.7184,0,0,0,0,0,v1.0.1,2025_12_22,313,315.5,438.7699,301.2301,299,184.1026,183.878,330.3333,327.4068,446.6186,-7.0891,-3.9431,-0.0001,-0.0,-0.2125,1.5641,-0.2139,1.5608,0.6747,148.3594,143.2178,142.5469,146.0957,145.0549,0.6664,0.5781,0.6668,0.6046,0.5781,0.6271,0.5649,0.6154,0.5899,0.5649,0.6475,0.632,0.6287,0.6263,0.6263,0.5961,0.5104,0.578,0.5609,0.5104,0,0,0,0,0,-0.0035,-0.0715,-0.0042,-0.0456,-0.0456,-0.008,-0.0595,0.0037,-0.0301,-0.0301,-0.0128,-0.0102,-0.0113,-0.0014,-0.0849,-0.0944,-0.0354,-0.0357,-0.0157,-0.0065,-0.0067,-0.0255,0.0037,-0.0214,-0.0125,-0.0148,-0.0345,-0.0083,-0.0135,-0.0129,-0.012,0.008,-0.0125,-0.012,-0.0361,-0.0435,-0.014,-0.0266,-0.0083,-0.0318,-0.0106,-0.1552,-0.0065,-0.1126,-0.1205,0.0025,-0.1325,-0.0162,-0.0961,-0.0978,0.0041,-0.0025,0.0159,0.013,0.0011,-0.0005,0.0016,-0.0994,-0.0041,-0.0718,-0.0867,-0.0044,-0.0962,-0.0121,-0.052,-0.0626,0.0069,-0.0057,-0.0105,0.0271,0.0271,0.0181,-0.006,True,True
DTC_R_42,LanSi,1,CW_01,B,2026-04-02 16:13:40+08:00,ONLINE,False,,CW_1_01,PASS,,,52.1294706,_2026040216134036101,T20260402161340,DESKTOP-P2DUL42,Loma,1,CW_1_01,1,paul di,2024.0718.155524,V20260126.2,CW_DTCL_DTCR_STC,T20260402161432,52.1294706,True,True,True,True,True,True,True,4S2RND2HBL0DP6,v1.0.1,2025_12_22,315.1765,316.8529,475.2574,297.1985,295.7172,148.3862,149.5,336.5867,335.7034,484.3379,-5.2291,-2.8275,-0.0001,-0.0,-0.2217,1.5553,-0.218,1.5483,0.666,157.1729,153.9541,153.7803,156.7646,155.418,0.8727,0.8162,0.8718,0.7989,0.7989,0.8301,0.7578,0.8255,0.7597,0.7578,0.8284,0.8129,0.8188,0.8184,0.7361,0.7449,0.7854,0.7777,0.7361,0.8162,0.7925,0.7853,0.98,0.7853,0.836,0.7631,0.7657,0.8263,0.8095,0.6479,0.8021,0.8426,0.6479,0,0,0,0,0,v1.0.1,2025_12_22,315.0791,316.8633,476.3188,297.1014,295.5436,147.4027,148.3197,336.898,335.7619,485.3946,-5.2954,-2.768,-0.0001,-0.0,-0.2214,1.5555,-0.2191,1.5482,0.6658,164.4707,158.8467,167.9629,166.876,164.5391,0.7005,0.6844,0.7184,0.6785,0.6785,0.6763,0.6541,0.6681,0.6396,0.6396,0.6554,0.653,0.6642,0.6615,0.6237,0.6372,0.6254,0.6333,0.6237,0.6752,0.6549,0.6703,0.1239,0.1239,0.6279,0.6583,0.6376,0.6541,0.6459,0.582,0.6259,0.6716,0.582,0,0,0,0,0,v1.0.1,2025_12_22,317.3604,328.3694,442.0982,313.3839,302.936,196.288,188.856,342.392,332,456,-2.8499,7.7867,-0.0,0.0001,-0.219,1.5615,-0.2082,1.5561,0.6726,176.8779,176.3604,176.584,178.0049,176.9568,0.813,0.6631,0.8227,0.6566,0.6566,0.7768,0.6243,0.7826,0.6379,0.6243,0.7622,0.782,0.7723,0.7693,0.7622,0.7383,0.6657,0.7127,0,0.6657,0,0,0,0,0,v1.0.1,2025_12_22,317.3578,328.4679,442.9545,313.4182,302.792,195.664,188,342.5,332.0442,456.708,-2.8703,7.8516,-0.0,0.0001,-0.2187,1.561,-0.2075,1.5563,0.6728,148.2646,142.8955,145.0088,145.9326,145.5254,0.6863,0.5739,0.6761,0.5698,0.5698,0.6401,0.5533,0.6491,0.5593,0.5533,0.6361,0.6319,0.6459,0.6352,0.6319,0.5938,0.5444,0.5689,0.3816,0.3816,0,0,0,0,0,0.0102,-0.0555,0.0029,-0.0742,-0.0636,0.0154,-0.0629,0.0048,-0.0822,-0.0569,-0.0011,-0.0001,0.0092,0.001,-0.0654,-0.0683,-0.0139,-0.0484,-0.0174,0.0053,-0.007,-0.0237,-0.0018,-0.0444,-0.029,-0.0024,-0.0279,0.0029,-0.0338,-0.0256,0.0003,0.0044,0.0018,-0.0063,-0.0416,-0.0219,0.0008,-0.0111,-0.0095,0.022,0.0087,-0.1529,0.0132,-0.1684,-0.1477,0.0024,-0.147,0.0087,-0.1456,-0.147,-0.0149,0.0115,0.0276,0.0259,-0.0229,-0.016,0.0306,-0.1084,0.0036,-0.1072,-0.0859,-0.0016,-0.0965,0.0019,-0.0883,-0.0884,-0.0074,-0.018,0.0128,0.0127,0.0094,-0.0009,-0.0108,True,True
DTC_R_43,LanSi,1,CW_01,C,2026-04-02 16:15:23+08:00,ONLINE,False,,CW_1_01,PASS,,,52.5110826,_2026040216152369001,T20260402161523,DESKTOP-P2DUL42,Loma,1,CW_1_01,1,paul di,2024.0718.155524,V20260126.2,CW_DTCL_DTCR_STC,T20260402161616,52.5110826,True,True,True,True,True,True,True,4S2RND2HBL0DP6,v1.0.1,2025_12_22,315.2963,317.7333,475.8015,298.1765,295.8889,149.1389,149.6954,337.6689,335.86,485.3067,-4.9916,-1.8952,-0.0,-0.0,-0.2207,1.5557,-0.2193,1.5482,0.666,157.4902,155.0137,154.7578,157.3262,156.147,0.8646,0.8154,0.8841,0.7909,0.7909,0.821,0.7524,0.8171,0.7498,0.7498,0.8253,0.7979,0.8186,0.8156,0.741,0.7436,0.768,0.7545,0.741,0.8404,0.8032,0.7746,0.6315,0.6315,0.8338,0.7648,0.7565,0.8182,0.7913,0.5603,0.8244,0.8563,0.5603,0,0,0,0,0,v1.0.1,2025_12_22,315.3406,317.6594,476.7353,298.1103,295.8951,148.0909,148.5676,337.8311,335.8993,486.3289,-5.0124,-1.8959,-0.0001,-0.0,-0.22,1.5561,-0.2199,1.549,0.6663,165.3232,159.4365,168.3584,167.9795,165.2744,0.7089,0.6874,0.7144,0.6797,0.6797,0.6801,0.6432,0.672,0.6312,0.6312,0.6559,0.644,0.6549,0.6644,0.6204,0.647,0.602,0.6291,0.602,0.6751,0.6494,0.6533,0.0647,0.0647,0.6381,0.6552,0.6571,0.6623,0.6647,0.5731,0.6302,0.6672,0.5731,0,0,0,0,0,v1.0.1,2025_12_22,317.8426,329.25,442.5478,314.3826,303.2177,197.0726,189,343.4127,332.0901,456.7117,-2.5603,8.6659,-0.0,0.0001,-0.2181,1.5601,-0.209,1.559,0.673,177.7021,177.8066,177.6602,178.7549,177.981,0.8199,0.6794,0.8164,0.6377,0.6377,0.7813,0.6377,0.7876,0.6384,0.6377,0.7699,0.7779,0.7649,0.7545,0.7545,0.751,0.6663,0.728,0,0.6663,0,0,0,0,0,v1.0.1,2025_12_22,317.6759,329.2222,443.2679,314.2679,303.1488,196.2314,188.1057,343.4065,332.1947,457.5841,-2.6214,8.6424,-0.0,0.0001,-0.218,1.5615,-0.2085,1.5577,0.6732,149.1084,143.6592,145.7188,147.1162,146.4006,0.6687,0.5919,0.6781,0.5697,0.5697,0.6386,0.5722,0.6417,0.5503,0.5503,0.6298,0.6435,0.6291,0.6405,0.6291,0.5909,0.5442,0.5731,0.3175,0.3175,0,0,0,0,0,0.0021,-0.0563,0.0152,-0.0822,-0.0716,0.0063,-0.0683,-0.0036,-0.0921,-0.0649,-0.0042,-0.0151,0.009,-0.0018,-0.0605,-0.0696,-0.0313,-0.0716,0.0068,-0.0054,0.0014,-0.0207,-0.0058,-0.0432,-0.0278,0.0014,-0.0388,0.0068,-0.0422,-0.034,0.0008,-0.0046,-0.0075,-0.0034,-0.0449,-0.0121,-0.0226,-0.0153,-0.0096,0.005,0.0156,-0.1366,0.0069,-0.1873,-0.1666,0.0069,-0.1336,0.0137,-0.1451,-0.1336,-0.0072,0.0074,0.0202,0.0111,-0.0102,-0.0007,0.013,-0.0904,0.0056,-0.1073,-0.086,-0.0031,-0.0776,-0.0055,-0.0973,-0.0914,-0.0137,-0.0064,-0.004,0.018,0.0066,-0.0038,-0.0066,True,True
DTC_L_43,LanSi,1,CW_01,A,2026-04-02 16:15:23+08:00,ONLINE,False,,CW_1_01,PASS,,,52.3914027,_2026040216152381902,T20260402161523,DESKTOP-P2DUL42,Loma,1,CW_1_01,2,paul di,2024.0718.155524,V20260126.2,CW_DTCL_DTCR_STC,T20260402161616,52.3914027,True,True,True,True,True,True,True,4S2RND2HBL06DS,v1.0.1,2025_12_22,314.4167,322.8712,474.2148,302.2444,294.8467,151.7867,148.5855,342.4145,333.6214,488.4286,-6.363,2.0491,-0.0001,0.0,-0.2279,1.5564,-0.2168,1.5548,0.6666,156.3779,152.1602,150.1045,155.6523,153.5737,0.8189,0.7915,0.8232,0.7725,0.7725,0.7794,0.761,0.785,0.7436,0.7436,0.821,0.8066,0.8117,0.7787,0.7468,0.7317,0.7548,0.6815,0.6815,0.7935,0.6854,0.835,0.8578,0.6854,0.8514,0.7676,0.7469,0.8312,0.8193,0.8196,0.8206,0.7733,0.7469,0,0,0,0,0,v1.0.1,2025_12_22,314.3209,322.8731,475.3037,302.2074,294.7697,150.8553,147.5,342.5867,333.7163,489.4894,-6.3779,2.1024,-0.0001,0.0,-0.2272,1.5571,-0.2171,1.5544,0.6668,162.7197,158.7969,164.5059,163.5547,162.3943,0.6855,0.6751,0.6856,0.6847,0.6751,0.6504,0.6309,0.6498,0.6422,0.6309,0.6379,0.6511,0.6614,0.6382,0.6334,0.627,0.6299,0.5995,0.5995,0.6623,0.543,0.6788,0.6908,0.543,0.6441,0.6439,0.6387,0.6735,0.6659,0.6898,0.6757,0.6308,0.6308,0,0,0,0,0,v1.0.1,2025_12_22,313.1456,315.068,437.9273,300.7636,299.2101,184.2605,184.878,329.5447,327.1724,445,-7.0333,-4.5726,-0.0001,-0.0,-0.2136,1.5641,-0.2119,1.5627,0.6753,175.4287,174.6641,172.6943,175.0664,174.4634,0.787,0.6799,0.7929,0.6576,0.6576,0.7375,0.6515,0.7572,0.6433,0.6433,0.7801,0.7669,0.7748,0.7093,0.7093,0.7212,0,0.732,0.7427,0.7212,0,0,0,0,0,v1.0.1,2025_12_22,313.1524,315,438.7838,300.7748,298.9744,183.547,184.048,329.6,327.2797,445.8051,-7.0524,-4.5546,-0.0001,-0.0,-0.2122,1.5628,-0.2121,1.5627,0.6753,147.9648,143.4814,142.3398,145.6318,144.8545,0.6543,0.5863,0.6722,0.5904,0.5863,0.6289,0.5722,0.6219,0.5844,0.5722,0.6416,0.6358,0.649,0.6183,0.6183,0.5753,0.5224,0.5948,0.5879,0.5224,0,0,0,0,0,-0.0043,-0.0554,-0.0234,-0.041,-0.041,-0.0078,-0.0606,-0.0092,-0.0404,-0.0404,-0.0006,-0.0123,-0.0013,0.0063,-0.0839,-0.0933,-0.0482,-0.0615,-0.0167,0.0186,0.0013,-0.0212,0.0023,-0.03,-0.0082,-0.0152,-0.0429,-0.0024,-0.0181,-0.0213,-0.0145,0.0008,0.0078,-0.0013,-0.0361,-0.0482,-0.0188,-0.0235,-0.0076,-0.0088,-0.0121,-0.1482,-0.0074,-0.1358,-0.1358,-0.014,-0.1347,-0.0003,-0.1183,-0.1082,0.0075,-0.0025,0.0245,0.0144,0.0039,0.0023,-0.0105,-0.0912,0.0013,-0.086,-0.0785,-0.0026,-0.0889,-0.0056,-0.0575,-0.0553,0.001,-0.0019,0.0098,0.0191,0.0191,-0.0027,0.0108,True,True
DTC_R_44,LanSi,1,CW_01,A,2026-04-02 16:27:57+08:00,ONLINE,False,,CW_1_01,PASS,,,53.9260889,_2026040216275750501,T20260402162757,DESKTOP-P2DUL42,Loma,1,CW_1_01,1,paul di,2024.0718.155524,V20260126.2,CW_DTCL_DTCR_STC,T20260402162851,53.9260889,True,True,True,True,True,True,True,4S2RND2HBL0DP6,v1.0.1,2025_12_22,315,316.0863,474.7778,296.1333,295.4178,146.8836,149.4221,336.2987,335.2113,483.5915,-5.5342,-3.7013,-0.0001,-0.0,-0.2237,1.5551,-0.221,1.5502,0.6651,156.6924,154.6387,153.9717,156.6777,155.4951,0.867,0.8331,0.8761,0.8277,0.8277,0.8247,0.7506,0.8139,0.7728,0.7506,0.801,0.8137,0.8126,0.8164,0.7702,0.7167,0.7376,0.6965,0.6965,0.8404,0.7864,0.7704,0.98,0.7704,0.8327,0.7938,0.7595,0.8101,0.7922,0.8573,0.7587,0.8388,0.7587,0,0,0,0,0,v1.0.1,2025_12_22,315.0429,316.1071,475.8489,296.0288,295.1448,145.8966,148.3311,336.3642,335.3077,484.5804,-5.5649,-3.7046,-0.0001,-0.0,-0.2237,1.5539,-0.2204,1.5506,0.6651,164.6201,158.5957,166.998,167.4189,164.4082,0.7033,0.6918,0.7157,0.7071,0.6918,0.6754,0.6345,0.6721,0.6614,0.6345,0.6357,0.6477,0.6557,0.6585,0.6471,0.6188,0.6034,0.6084,0.6034,0.6784,0.657,0.644,0.2077,0.2077,0.6555,0.6596,0.6465,0.6676,0.6576,0.619,0.6464,0.6836,0.619,0,0,0,0,0,v1.0.1,2025_12_22,317.3241,327.7778,441.6754,312.6491,302.704,195.192,188.6475,341.9016,331.8496,455.9469,-3.0599,7.1935,-0.0,0.0001,-0.2205,1.5605,-0.2088,1.5574,0.6721,176.584,176.9814,176.6436,177.9463,177.0388,0.8159,0.7342,0.8367,0.7089,0.7089,0.7707,0.6581,0.7921,0.6581,0.6581,0.7526,0.7541,0.7639,0.7538,0.7526,0.7638,0.6783,0.6911,0,0.6783,0,0,0,0,0,v1.0.1,2025_12_22,317.1923,327.9615,442.4779,312.5487,302.7097,194.621,187.8083,342.1917,331.7679,456.6696,-3.1088,7.2985,-0.0,0.0001,-0.2219,1.5621,-0.209,1.5575,0.6722,148.6113,143.0625,144.6709,146.7139,145.7646,0.6623,0.626,0.6769,0.6233,0.6233,0.6393,0.5816,0.6413,0.5727,0.5727,0.6252,0.6297,0.6394,0.6176,0.6176,0.5788,0.5585,0.5679,0.402,0.402,0,0,0,0,0,0.0045,-0.0386,0.0072,-0.0454,-0.0348,0.01,-0.0701,-0.0068,-0.0691,-0.0641,-0.0285,0.0007,0.003,-0.001,-0.0313,-0.0965,-0.0617,-0.1296,0.0068,-0.0096,-0.0042,-0.0163,-0.0045,-0.0158,-0.0157,-0.0033,-0.0475,0.0069,-0.012,-0.0307,-0.0194,-0.0009,-0.0067,-0.0093,-0.0182,-0.0403,-0.0212,-0.036,-0.0063,-0.0043,0.0116,-0.0818,0.0272,-0.1161,-0.0954,-0.0037,-0.1132,0.0182,-0.1254,-0.1132,-0.0245,-0.0164,0.0192,0.0104,0.0026,-0.0376,0.0066,-0.0563,0.0044,-0.0537,-0.0324,-0.0024,-0.0682,-0.0059,-0.0749,-0.069,-0.0183,-0.0202,0.0063,-0.0049,-0.0049,-0.0159,-0.0118,True,True
DTC_L_44,LanSi,1,CW_01,B,2026-04-02 16:27:57+08:00,ONLINE,False,,CW_1_01,PASS,,,53.9191075,_2026040216275754902,T20260402162757,DESKTOP-P2DUL42,Loma,1,CW_1_01,2,paul di,2024.0718.155524,V20260126.2,CW_DTCL_DTCR_STC,T20260402162851,53.9191075,True,True,True,True,True,True,True,4S2RND2HBL06DS,v1.0.1,2025_12_22,314.3037,322.9185,474.2426,302.4265,294.9272,151.9868,148.3377,342.7219,333.7391,488.8913,-6.3899,2.289,-0.0001,0.0,-0.2269,1.5574,-0.2182,1.5537,0.6665,156.2969,152.1689,150.1797,155.582,153.5569,0.8169,0.7851,0.8341,0.7796,0.7796,0.7688,0.7563,0.7912,0.7425,0.7425,0.8164,0.8123,0.815,0.7697,0.7558,0.729,0.7611,0.6849,0.6849,0.8245,0.7143,0.8255,0.8426,0.7143,0.8322,0.7878,0.7806,0.8362,0.821,0.8236,0.7883,0.7791,0.7791,0,0,0,0,0,v1.0.1,2025_12_22,314.2847,322.9343,475.2609,302.3188,294.8467,151.0467,147.2568,342.9189,333.8143,489.9143,-6.4073,2.3266,-0.0001,0.0,-0.2269,1.5577,-0.2186,1.5539,0.6665,163.2852,159.3398,164.9404,163.7002,162.8164,0.6861,0.6748,0.6818,0.687,0.6748,0.6577,0.6349,0.6543,0.6427,0.6349,0.6543,0.6503,0.6672,0.6265,0.6349,0.6297,0.6449,0.6126,0.6126,0.6679,0.5308,0.6757,0.6966,0.5308,0.6659,0.6505,0.626,0.681,0.6885,0.6918,0.6768,0.6251,0.6251,0,0,0,0,0,v1.0.1,2025_12_22,313.0476,315.181,438,300.9455,299.25,184.3083,184.5593,329.7373,327.2241,445.4569,-7.0838,-4.3742,-0.0001,-0.0,-0.2129,1.5652,-0.2123,1.5619,0.6755,175.751,175.0244,172.6055,175.1943,174.6438,0.7919,0.6763,0.8083,0.6802,0.6763,0.7359,0.6536,0.7579,0.678,0.6536,0.7832,0.7642,0.7781,0.6961,0.6961,0.7175,0,0.7315,0.7389,0.7175,0,0,0,0,0,v1.0.1,2025_12_22,313.0481,315.125,438.8214,300.7768,299.0431,183.681,183.7815,329.7983,327.3697,446.3193,-7.0872,-4.3599,-0.0001,-0.0,-0.2131,1.5641,-0.2125,1.5615,0.675,148.3857,143.9619,142.915,145.7637,145.2566,0.6682,0.5916,0.6681,0.6128,0.5916,0.6322,0.5537,0.6227,0.5901,0.5537,0.6163,0.6244,0.6475,0.615,0.615,0.5909,0.5285,0.5843,0.5953,0.5285,0,0,0,0,0,-0.0063,-0.0618,-0.0125,-0.0339,-0.0339,-0.0184,-0.0653,-0.003,-0.0415,-0.0415,-0.0052,-0.0066,0.002,-0.0027,-0.0749,-0.096,-0.0419,-0.0581,0.0143,0.0091,0.0019,-0.0215,-0.0015,-0.0277,-0.0085,-0.0079,-0.0389,0.0021,-0.0176,-0.0173,0.0019,0,0.0136,-0.013,-0.0346,-0.0455,-0.0038,-0.0104,-0.002,-0.0119,-0.0072,-0.1518,0.008,-0.1132,-0.1171,-0.0156,-0.1326,0.0004,-0.0836,-0.0979,0.0106,-0.0052,0.0278,0.0012,0.0002,0.0018,0.0034,-0.0859,-0.0028,-0.0636,-0.0732,0.0007,-0.1074,-0.0048,-0.0518,-0.0738,-0.0243,-0.0133,0.0083,0.0158,0.0158,0.0129,0.0003,True,True
DTC_R_45,LanSi,1,CW_01,B,2026-04-02 16:29:44+08:00,ONLINE,False,,CW_1_01,PASS,,,52.3128868,_2026040216294411801,T20260402162944,DESKTOP-P2DUL42,Loma,1,CW_1_01,1,paul di,2024.0718.155524,V20260126.2,CW_DTCL_DTCR_STC,T20260402163036,52.3128868,True,True,True,True,True,True,True,4S2RND2HBL0DP6,v1.0.1,2025_12_22,315.0963,317.4519,474.8467,297.8102,295.7083,148.2986,149.5789,337.6316,335.2302,485.0719,-5.4079,-2.2472,-0.0001,-0.0,-0.2218,1.5562,-0.2208,1.5507,0.6661,156.9043,154.3867,154.0605,157.0068,155.5896,0.8581,0.8298,0.8786,0.8334,0.8298,0.8256,0.7605,0.8211,0.7677,0.7605,0.8233,0.8213,0.8252,0.8289,0.7704,0.7884,0.7461,0.7505,0.7461,0.8408,0.8056,0.7965,0.98,0.7965,0.8288,0.8052,0.7939,0.8143,0.7948,0.8302,0.813,0.8505,0.7939,0,0,0,0,0,v1.0.1,2025_12_22,315.0362,317.3406,475.8261,297.6667,295.4094,147.1946,148.4899,337.6309,335.3214,486.0286,-5.4834,-2.3277,-0.0001,-0.0,-0.2212,1.5554,-0.2207,1.5506,0.666,164.8926,159.7578,168.5244,167.4824,165.1643,0.6978,0.6902,0.7121,0.7016,0.6902,0.6745,0.6364,0.6652,0.6419,0.6364,0.6543,0.641,0.6526,0.6582,0.643,0.6556,0.6122,0.6253,0.6122,0.6793,0.6637,0.6496,0.2272,0.2272,0.6547,0.6687,0.6625,0.6521,0.6462,0.65,0.6641,0.6765,0.6462,0,0,0,0,0,v1.0.1,2025_12_22,317.2547,328.8962,441.7321,313.7321,302.9174,196.3388,188.7642,343.2276,331.6754,457.2982,-3.0312,8.3986,-0.0,0.0001,-0.2207,1.5625,-0.2106,1.5584,0.6724,177.1445,177.0508,177.0615,178.626,177.4707,0.8118,0.6992,0.8256,0.7117,0.6992,0.7801,0.6987,0.775,0.6493,0.6493,0.7757,0.7693,0.7523,0.7537,0.7523,0.7341,0.6986,0.7152,0,0.6986,0,0,0,0,0,v1.0.1,2025_12_22,317.2885,329,442.5357,313.7411,302.7107,195.5702,187.952,343.4,331.8393,458,-3.0348,8.4423,-0.0,0.0001,-0.2207,1.5615,-0.2104,1.558,0.6721,148.3047,143.6455,145.4082,146.6328,145.9978,0.668,0.5921,0.683,0.6127,0.5921,0.6452,0.5989,0.6346,0.5655,0.5655,0.6445,0.6518,0.6308,0.6343,0.6308,0.5801,0.5726,0.5595,0.4411,0.4411,0,0,0,0,0,-0.0044,-0.0419,0.0097,-0.0397,-0.0327,0.0109,-0.0602,0.0004,-0.0742,-0.0542,-0.0062,0.0083,0.0156,0.0115,-0.0311,-0.0248,-0.0532,-0.0756,0.0072,0.0165,-0.0097,-0.0179,-0.0081,-0.0213,-0.0173,-0.0042,-0.0456,0,-0.0315,-0.0288,-0.0008,-0.0076,-0.0098,-0.0096,-0.0223,-0.0035,-0.0124,-0.0191,-0.0054,0.0013,0.0075,-0.1168,0.0161,-0.1133,-0.1051,0.0057,-0.0726,0.0011,-0.1342,-0.122,-0.0014,-0.0012,0.0076,0.0103,-0.0271,-0.0135,0.0123,-0.0902,0.0105,-0.0643,-0.0636,0.0035,-0.0509,-0.0126,-0.0821,-0.0762,0.001,0.0019,-0.0023,0.0118,0.0083,-0.0146,-0.0202,True,True
DTC_L_45,LanSi,1,CW_01,C,2026-04-02 16:29:43+08:00,ONLINE,False,,CW_1_01,PASS,,,52.4415424,_2026040216294397702,T20260402162943,DESKTOP-P2DUL42,Loma,1,CW_1_01,2,paul di,2024.0718.155524,V20260126.2,CW_DTCL_DTCR_STC,T20260402163036,52.4415424,True,True,True,True,True,True,True,4S2RND2HBL06DS,v1.0.1,2025_12_22,315.2148,322.7778,475.2612,301.9701,296.1867,152.04,149.9324,342.6486,334.6165,488.0376,-5.2577,1.9948,-0.0001,0.0,-0.2288,1.5593,-0.2191,1.5534,0.6662,155.9434,150.542,149.9648,155.2598,152.9275,0.8132,0.7985,0.8299,0.7774,0.7774,0.7778,0.7637,0.7923,0.7434,0.7434,0.8237,0.8198,0.7988,0.7616,0.7428,0.7294,0.7112,0.6856,0.6856,0.794,0.98,0.8165,0.7788,0.7788,0.8536,0.7658,0.7665,0.8392,0.8159,0.7716,0.7778,0.7833,0.7658,0,0,0,0,0,v1.0.1,2025_12_22,315.1739,322.6667,476.3066,301.9197,296.1275,151.1745,148.8243,342.7703,334.7899,489.1159,-5.2556,2.0294,-0.0001,0.0,-0.2275,1.5597,-0.2198,1.553,0.6663,164.2354,159.5068,165.708,165.1025,163.6382,0.675,0.6839,0.6852,0.686,0.675,0.6541,0.6408,0.6456,0.6601,0.6408,0.6475,0.6579,0.6472,0.6409,0.6242,0.6296,0.6058,0.606,0.6058,0.6526,0.4448,0.6873,0.6519,0.4448,0.6523,0.6586,0.6239,0.6834,0.6824,0.6782,0.6705,0.6191,0.6191,0,0,0,0,0,v1.0.1,2025_12_22,314,314.9029,438.8304,300.5357,300.4417,184.3167,186.1901,329.7025,328.0609,444.9217,-5.9954,-4.6241,-0.0001,-0.0,-0.2141,1.5668,-0.2148,1.5626,0.6751,175.4785,172.7881,172.7109,175.0957,174.0183,0.777,0.6892,0.795,0.6728,0.6728,0.7425,0.6545,0.7545,0.6601,0.6545,0.7724,0.7828,0.7299,0.7064,0.7064,0.7119,0,0.7339,0.6429,0.6429,0,0,0,0,0,v1.0.1,2025_12_22,314.0481,314.875,439.6174,300.4522,300.359,183.5128,185.1901,329.7025,328.188,445.7179,-6.0195,-4.6479,-0.0001,-0.0,-0.2138,1.5664,-0.214,1.5626,0.6753,149.4902,144.082,143.5078,147.1289,146.0522,0.6518,0.595,0.6603,0.5929,0.5929,0.6394,0.5574,0.6283,0.5807,0.5574,0.6274,0.6303,0.6297,0.6081,0.6081,0.5684,0.5165,0.5886,0.5544,0.5165,0,0,0,0,0,-0.01,-0.0484,-0.0167,-0.0361,-0.0361,-0.0094,-0.0579,-0.0019,-0.0406,-0.0406,0.0021,0.0009,-0.0142,-0.0108,-0.0879,-0.0956,-0.0918,-0.0574,-0.0162,0.0001,-0.0092,-0.0124,0.0019,-0.0287,-0.0083,-0.0115,-0.033,-0.0066,-0.0002,-0.0114,-0.0049,0.0076,-0.0064,0.0014,-0.0453,-0.0456,-0.0429,-0.017,-0.0173,-0.0003,-0.0221,-0.1389,-0.0053,-0.1206,-0.1206,-0.009,-0.1317,-0.003,-0.1015,-0.097,-0.0002,0.0134,-0.0204,0.0115,-0.0054,0.0042,-0.013,-0.0825,-0.0106,-0.0835,-0.0719,0.0079,-0.1037,0.0008,-0.0612,-0.0701,-0.0132,-0.0074,-0.0095,0.0089,0.0089,-0.0096,0.0046,True,True
DTC_R_46,LanSi,1,CW_01,C,2026-04-02 16:32:42+08:00,ONLINE,False,,CW_1_01,PASS,,,52.0965107,_2026040216324232901,T20260402163242,DESKTOP-P2DUL42,Loma,1,CW_1_01,1,paul di,2024.0718.155524,V20260126.2,CW_DTCL_DTCR_STC,T20260402163334,52.0965107,True,True,True,True,True,True,True,4S2RND2HBL0DP6,v1.0.1,2025_12_22,315.0882,317.5,474.8467,297.8102,295.7431,148.1806,149.6093,337.755,335.1857,485.0857,-5.4054,-2.2337,-0.0001,-0.0,-0.2221,1.5565,-0.2213,1.5509,0.666,157.1475,155.0332,153.8623,156.8906,155.7334,0.8644,0.8358,0.8693,0.8214,0.8214,0.827,0.7686,0.8172,0.7801,0.7686,0.7908,0.8176,0.8177,0.827,0.7473,0.7819,0.7229,0.7664,0.7229,0.8311,0.7991,0.7745,0.98,0.7745,0.8277,0.7929,0.7997,0.8219,0.8022,0.8449,0.7793,0.836,0.7793,0,0,0,0,0,v1.0.1,2025_12_22,315.058,317.4348,475.8623,297.5797,295.4324,147.2365,148.349,337.8859,335.1857,486.0857,-5.5225,-2.2555,-0.0001,-0.0,-0.2223,1.5555,-0.2215,1.5515,0.6658,165.4893,159.2832,167.4863,167.9756,165.0586,0.701,0.69,0.721,0.6996,0.69,0.6789,0.6559,0.6644,0.6679,0.6559,0.6375,0.6528,0.669,0.6601,0.6383,0.6524,0.5933,0.6379,0.5933,0.6758,0.6667,0.651,0.4275,0.4275,0.6419,0.6618,0.6605,0.6654,0.6527,0.6867,0.6577,0.6662,0.6419,0,0,0,0,0,v1.0.1,2025_12_22,317.2222,328.8056,441.7321,313.7321,302.752,196.192,188.6583,343.275,331.6174,457.4174,-3.1036,8.3844,-0.0,0.0001,-0.22,1.5616,-0.2116,1.5588,0.6722,177.1943,177.5781,176.6133,178.1738,177.3899,0.8176,0.701,0.8145,0.7148,0.701,0.7804,0.6655,0.7678,0.6801,0.6655,0.7613,0.7728,0.7605,0.7608,0.7605,0.7348,0.6792,0.7182,0,0.6792,0,0,0,0,0,v1.0.1,2025_12_22,317.1923,328.9615,442.5929,313.708,302.7698,195.5397,187.9274,343.4435,331.8319,458.1593,-3.0371,8.4624,-0.0,0.0001,-0.2205,1.5626,-0.2111,1.5575,0.6721,148.9541,143.0703,144.3457,146.6826,145.7632,0.6655,0.6038,0.6763,0.6153,0.6038,0.6473,0.5897,0.6414,0.5712,0.5712,0.6223,0.6496,0.6405,0.6341,0.6223,0.5956,0.5616,0.5828,0.4796,0.4796,0,0,0,0,0,0.0019,-0.0359,0.0004,-0.0517,-0.0411,0.0123,-0.0521,-0.0035,-0.0618,-0.0461,-0.0387,0.0046,0.0081,0.0096,-0.0542,-0.0313,-0.0764,-0.0597,-0.0025,-0.0055,-0.0065,-0.0181,0.0008,-0.0233,-0.0175,0.0002,-0.0261,-0.0008,-0.0055,-0.0093,-0.0176,0.0042,0.0066,-0.0077,-0.027,-0.0067,-0.0313,-0.0065,-0.0089,0.0027,0.0133,-0.115,0.005,-0.1102,-0.1033,0.006,-0.1058,-0.0061,-0.1034,-0.1058,-0.0158,0.0023,0.0158,0.0174,-0.0264,-0.0105,0.0098,-0.0785,0.0038,-0.0617,-0.0519,0.0056,-0.0601,-0.0058,-0.0764,-0.0705,-0.0212,-0.0003,0.0074,0.0116,-0.0002,0.0009,0.0031,True,True
DTC_L_46,LanSi,1,CW_01,A,2026-04-02 16:32:42+08:00,ONLINE,False,,CW_1_01,PASS,,,52.2441159,_2026040216324217802,T20260402163242,DESKTOP-P2DUL42,Loma,1,CW_1_01,2,paul di,2024.0718.155524,V20260126.2,CW_DTCL_DTCR_STC,T20260402163334,52.2441159,True,True,True,True,True,True,True,4S2RND2HBL06DS,v1.0.1,2025_12_22,315.3603,321.4485,475.4632,300.4118,296.3224,150.2566,150.1854,341.4371,334.8,487.4143,-5.0737,0.6936,-0.0001,0.0,-0.2301,1.5595,-0.2199,1.5537,0.6658,156.2715,152.3203,150.541,156.1924,153.8313,0.8241,0.8068,0.8305,0.7853,0.7853,0.783,0.7608,0.7907,0.7489,0.7489,0.8184,0.8231,0.7927,0.7658,0.7339,0.7348,0.7327,0.7074,0.7074,0.8036,0.98,0.8213,0.7851,0.7851,0.8554,0.764,0.7533,0.8393,0.8169,0.7563,0.7715,0.7676,0.7533,0,0,0,0,0,v1.0.1,2025_12_22,315.3669,321.6187,476.5942,300.4058,296.1933,149.2867,149.0133,341.56,334.9203,488.5145,-5.0824,0.7771,-0.0001,0.0,-0.2303,1.5595,-0.2188,1.5537,0.666,162.543,159.2002,164.7969,163.5186,162.5146,0.6843,0.6945,0.6876,0.6963,0.6843,0.6643,0.6338,0.6454,0.6569,0.6338,0.6523,0.6476,0.6336,0.6358,0.6233,0.6395,0.6185,0.6109,0.6109,0.6447,0.4433,0.6761,0.6589,0.4433,0.6571,0.6682,0.61,0.6769,0.6724,0.6646,0.6709,0.6306,0.61,0,0,0,0,0,v1.0.1,2025_12_22,314.0952,313.7238,439.2301,299.2301,300.5462,182.6303,186.2941,328.4874,328.3025,444.042,-5.8064,-5.8773,-0.0001,-0.0001,-0.2148,1.5673,-0.2145,1.5617,0.6749,175.2373,174.8477,173.1768,175.5811,174.7107,0.7842,0.6963,0.7896,0.6714,0.6714,0.748,0.6527,0.7618,0.6579,0.6527,0.7556,0.765,0.7452,0.6903,0.6903,0.7191,0,0.7234,0.6387,0.6387,0,0,0,0,0,v1.0.1,2025_12_22,314.0762,313.7238,440,299.0545,300.4355,181.9355,185.3475,328.5847,328.3025,444.958,-5.8677,-5.8487,-0.0001,-0.0001,-0.2155,1.5671,-0.2144,1.5623,0.6749,147.833,144.1904,142.9395,145.5957,145.1396,0.6572,0.596,0.6616,0.5976,0.596,0.6308,0.5498,0.6225,0.5837,0.5498,0.6282,0.6196,0.6342,0.5946,0.5946,0.5804,0.5141,0.6025,0.5376,0.5141,0,0,0,0,0,0.0009,-0.0401,-0.0161,-0.0282,-0.0282,-0.0042,-0.0608,-0.0035,-0.0351,-0.0351,-0.0032,0.0042,-0.0203,-0.0066,-0.0968,-0.0902,-0.0703,-0.0356,-0.0066,0.0049,0.0001,-0.0018,0.0043,-0.0184,0.001,-0.0013,-0.04,-0.0068,-0.0034,-0.0184,-0.0001,-0.0027,-0.02,-0.0037,-0.0462,-0.0357,-0.0302,-0.0121,-0.0252,-0.0115,-0.0149,-0.1318,-0.0107,-0.122,-0.122,-0.0035,-0.1335,0.0043,-0.1037,-0.0988,-0.017,-0.0044,-0.0051,-0.0046,0.0018,-0.0063,-0.0076,-0.0815,-0.0093,-0.0788,-0.0688,-0.0007,-0.1113,-0.005,-0.0582,-0.0777,-0.0124,-0.0181,-0.005,-0.0046,-0.0046,0.0024,0.0185,True,True
DTC_L_47,LanSi,1,CW_01,B,2026-04-02 16:38:47+08:00,ONLINE,False,,CW_1_01,PASS,,,52.103696,_2026040216384752802,T20260402163847,DESKTOP-P2DUL42,Loma,1,CW_1_01,2,paul di,2024.0718.155524,V20260126.2,CW_DTCL_DTCR_STC,T20260402163939,52.103696,True,True,True,True,True,True,True,4S2RND2HBL06DS,v1.0.1,2025_12_22,314.2426,323.4265,474.3235,303.0368,294.9801,152.457,148.457,343.3974,333.6691,489.9265,-6.3655,2.9488,-0.0001,0.0,-0.2262,1.5581,-0.2194,1.5541,0.6667,155.9131,152.1191,150.0098,155.2891,153.3328,0.8246,0.8068,0.831,0.7736,0.7736,0.7838,0.7616,0.7916,0.7604,0.7604,0.8195,0.818,0.8076,0.775,0.7697,0.7421,0.7709,0.6983,0.6983,0.8071,0.98,0.8377,0.836,0.8071,0.8437,0.7717,0.7498,0.8393,0.8307,0.8367,0.799,0.7841,0.7498,0,0,0,0,0,v1.0.1,2025_12_22,314.2143,323.5,475.3852,302.963,294.9408,151.4342,147.4133,343.5,333.7842,490.8777,-6.3524,2.955,-0.0001,0.0,-0.2262,1.5587,-0.2188,1.5539,0.6669,163.7236,159.0967,164.7822,164.7041,163.0767,0.6815,0.6813,0.6981,0.6889,0.6813,0.6681,0.6495,0.6477,0.6588,0.6477,0.6497,0.661,0.6596,0.6448,0.6294,0.6293,0.6349,0.6019,0.6019,0.665,0.4225,0.6785,0.7068,0.4225,0.6646,0.6573,0.6211,0.677,0.6861,0.6883,0.6594,0.6143,0.6143,0,0,0,0,0,v1.0.1,2025_12_22,313.0849,315.6698,438.0541,301.4955,299.1597,184.9328,184.675,330.4333,327.1217,446,-7.0809,-3.7937,-0.0001,-0.0,-0.2124,1.5642,-0.214,1.563,0.6752,174.9863,174.3525,172.3877,174.9111,174.1594,0.7868,0.6923,0.8115,0.6703,0.6703,0.7513,0.663,0.7476,0.6848,0.663,0.78,0.7799,0.7693,0.6964,0.6964,0.7255,0,0.7289,0.7313,0.7255,0,0,0,0,0,v1.0.1,2025_12_22,313,315.6038,438.7928,301.3784,299.0172,184.0517,183.8595,330.4711,327.2119,446.9237,-7.1237,-3.8143,-0.0001,-0.0,-0.2121,1.5644,-0.2141,1.5625,0.6752,148.8115,143.585,142.9668,146.5996,145.4907,0.6604,0.6064,0.6688,0.598,0.598,0.6254,0.5806,0.6208,0.5894,0.5806,0.6298,0.6384,0.64,0.6166,0.6166,0.5807,0.5283,0.5928,0.5678,0.5283,0,0,0,0,0,0.0014,-0.0401,-0.0156,-0.0399,-0.0399,-0.0034,-0.06,-0.0026,-0.0236,-0.0236,-0.0021,-0.0009,-0.0054,0.0026,-0.061,-0.0829,-0.0321,-0.0447,-0.0031,0.0213,-0.0027,-0.015,0.0148,-0.0258,-0.002,0.0025,-0.0243,-0.0045,-0.0015,-0.0045,-0.0027,0.0107,0.006,0.0053,-0.0401,-0.0459,-0.0138,-0.0211,-0.0049,-0.0091,-0.0123,-0.1358,0.0112,-0.1231,-0.1231,-0.0002,-0.1232,-0.0099,-0.0768,-0.0885,0.0074,0.0105,0.019,0.0015,0.0082,-0.0008,-0.0044,-0.0711,-0.0021,-0.0784,-0.0668,-0.0061,-0.0805,-0.0067,-0.0525,-0.0469,-0.0108,0.0007,0.0008,0.0174,0.0174,0.0027,0.0088,True,True
DTC_R_47,LanSi,1,CW_01,A,2026-04-02 16:38:47+08:00,ONLINE,False,,CW_1_01,PASS,,,52.1276324,_2026040216384752801,T20260402163847,DESKTOP-P2DUL42,Loma,1,CW_1_01,1,paul di,2024.0718.155524,V20260126.2,CW_DTCL_DTCR_STC,T20260402163939,52.1276324,True,True,True,True,True,True,True,4S2RND2HBL0DP6,v1.0.1,2025_12_22,315.0896,316.403,474.7007,296.365,295.5034,147.2177,149.5,336.5,335.1489,483.7943,-5.5115,-3.444,-0.0001,-0.0,-0.2244,1.555,-0.2203,1.551,0.6654,156.9561,154.3701,153.6719,156.5225,155.3801,0.8734,0.8401,0.8691,0.8348,0.8348,0.8143,0.7597,0.8282,0.7753,0.7597,0.8168,0.7951,0.8183,0.8162,0.7782,0.7566,0.7595,0.7166,0.7166,0.8272,0.8232,0.7959,0.98,0.7959,0.8334,0.7188,0.7885,0.8367,0.8052,0.8498,0.7591,0.8447,0.7188,0,0,0,0,0,v1.0.1,2025_12_22,315.058,316.4348,475.7626,296.3094,295.2568,146.2365,148.34,336.64,335.2676,484.7958,-5.563,-3.4167,-0.0001,-0.0,-0.2241,1.5545,-0.2201,1.5508,0.6653,163.8252,158.9873,167.7441,166.1904,164.1868,0.7094,0.6981,0.7098,0.6996,0.6981,0.6789,0.6503,0.6677,0.6416,0.6416,0.6547,0.6382,0.657,0.6602,0.6407,0.6447,0.6167,0.6134,0.6134,0.6701,0.6821,0.659,0.134,0.134,0.6531,0.6282,0.6465,0.6615,0.6657,0.6189,0.6456,0.6838,0.6189,0,0,0,0,0,v1.0.1,2025_12_22,317.1905,327.9048,441.5304,312.6348,302.7619,195.3333,188.6179,342.1382,331.7368,456,-3.1325,7.3022,-0.0,0.0001,-0.2217,1.5619,-0.2097,1.5572,0.6719,176.5127,176.2998,176.3447,177.8604,176.7544,0.8012,0.7116,0.8239,0.7232,0.7116,0.7683,0.6532,0.7878,0.655,0.6532,0.7685,0.7619,0.7511,0.7416,0.7416,0.7457,0.6893,0.7113,0,0.6893,0,0,0,0,0,v1.0.1,2025_12_22,317.233,328,442.4298,312.5702,302.6667,194.7398,187.7805,342.3252,331.7207,456.6937,-3.1339,7.3658,-0.0,0.0001,-0.2221,1.5614,-0.2097,1.5582,0.6719,147.5957,142.9023,145.0312,145.8828,145.353,0.6743,0.608,0.6914,0.6131,0.608,0.6335,0.5757,0.6508,0.5649,0.5649,0.6407,0.6343,0.631,0.6282,0.6282,0.592,0.5531,0.5727,0.3976,0.3976,0,0,0,0,0,0.0109,-0.0316,0.0002,-0.0383,-0.0277,-0.0004,-0.061,0.0075,-0.0666,-0.055,-0.0127,-0.0179,0.0087,-0.0012,-0.0233,-0.0566,-0.0398,-0.1095,-0.0064,0.0159,0.0019,-0.01,-0.0104,-0.0233,-0.0094,0.0002,-0.0317,0.0025,-0.0318,-0.0236,-0.0004,-0.0104,-0.0054,-0.0076,-0.0246,-0.0144,-0.0079,-0.031,-0.0146,0.0107,-0.0031,-0.1044,0.0144,-0.1018,-0.0927,-0.0061,-0.1181,0.0139,-0.1285,-0.1181,-0.0086,-0.0086,0.0064,-0.0018,-0.0155,-0.0174,0.0186,-0.0743,0.0189,-0.0639,-0.0477,-0.0082,-0.0741,0.0036,-0.0827,-0.0768,-0.0028,-0.0156,-0.0021,0.0057,0.0057,-0.0027,-0.007,True,True
DTC_L_48,LanSi,1,CW_01,C,2026-04-02 16:40:25+08:00,ONLINE,False,,CW_1_01,PASS,,,52.2565417,_2026040216402557802,T20260402164025,DESKTOP-P2DUL42,Loma,1,CW_1_01,2,paul di,2024.0718.155524,V20260126.2,CW_DTCL_DTCR_STC,T20260402164117,52.2565417,True,True,True,True,True,True,True,4S2RND2HBL06DS,v1.0.1,2025_12_22,313.9118,323.5,473.7313,302.8582,294.5584,151.8442,147.9603,343.4768,333.1655,490.3813,-6.8345,2.9121,-0.0001,0.0,-0.2279,1.558,-0.2193,1.5554,0.6666,156.6123,152.5205,150.9023,155.7139,153.9373,0.8279,0.7988,0.8271,0.7777,0.7777,0.7719,0.7481,0.7917,0.7566,0.7481,0.8196,0.821,0.8305,0.7686,0.7586,0.717,0.7609,0.7166,0.7166,0.7992,0.8177,0.8334,0.8398,0.7992,0.8481,0.777,0.7841,0.8538,0.8178,0.8418,0.8031,0.7841,0.777,0,0,0,0,0,v1.0.1,2025_12_22,314,323.5,474.8478,302.7609,294.3701,150.974,146.7697,343.5658,333.2517,491.3846,-6.8521,2.9371,-0.0001,0.0,-0.2277,1.557,-0.2189,1.5561,0.6666,163.3066,159.3535,165.2725,163.7529,162.9214,0.6779,0.6749,0.6759,0.6951,0.6749,0.6538,0.6268,0.6384,0.6584,0.6268,0.6506,0.6522,0.6451,0.6297,0.6261,0.6275,0.6326,0.6146,0.6146,0.6674,0.4791,0.6626,0.6934,0.4791,0.6532,0.6606,0.6589,0.6778,0.6694,0.6903,0.6678,0.633,0.633,0,0,0,0,0,v1.0.1,2025_12_22,312.8208,315.6792,437.5478,301.3826,298.7647,184.4454,184.2419,330.4839,326.8034,446.5128,-7.4643,-3.7992,-0.0001,-0.0,-0.2136,1.5636,-0.2141,1.5638,0.6749,175.6562,174.9482,172.9629,175.1289,174.6741,0.792,0.6884,0.8018,0.6808,0.6808,0.7466,0.6372,0.7497,0.6779,0.6372,0.7725,0.7641,0.783,0.6929,0.6929,0.7206,0,0.7358,0.734,0.7206,0,0,0,0,0,v1.0.1,2025_12_22,312.7156,315.5872,438.3153,301.2432,298.6281,183.6446,183.4538,330.479,326.8632,447.2308,-7.5048,-3.863,-0.0001,-0.0,-0.2132,1.5639,-0.2142,1.5632,0.6749,148.293,143.9102,143.2754,145.9883,145.3667,0.6506,0.5919,0.6718,0.6053,0.5919,0.63,0.5605,0.6289,0.6075,0.5605,0.6323,0.6139,0.6339,0.5953,0.5953,0.5883,0.5443,0.5739,0.5803,0.5443,0,0,0,0,0,0.0047,-0.0481,-0.0195,-0.0358,-0.0358,-0.0153,-0.0735,-0.0025,-0.0274,-0.0359,-0.002,0.0021,0.0175,-0.0038,-0.0721,-0.108,-0.0421,-0.0264,-0.011,0.017,-0.0063,-0.0214,-0.0074,-0.0196,-0.0084,-0.0118,-0.047,-0.0138,-0.0019,-0.0254,-0.0018,0.0019,-0.0085,-0.0098,-0.0434,-0.0477,-0.0161,-0.0084,-0.0025,-0.025,-0.0071,-0.1397,0.0015,-0.1126,-0.1126,-0.0049,-0.149,-0.0078,-0.0837,-0.1143,-0.0001,-0.0053,0.0327,-0.002,0.0033,0.0061,-0.0142,-0.0856,0.0009,-0.0711,-0.0729,-0.0015,-0.1006,0.0014,-0.0344,-0.067,-0.0083,-0.0238,-0.0053,-0.0039,-0.0039,0.0103,-0.0101,True,True
DTC_R_48,LanSi,1,CW_01,B,2026-04-02 16:40:25+08:00,ONLINE,False,,CW_1_01,PASS,,,52.2575389,_2026040216402557801,T20260402164025,DESKTOP-P2DUL42,Loma,1,CW_1_01,1,paul di,2024.0718.155524,V20260126.2,CW_DTCL_DTCR_STC,T20260402164117,52.2575389,True,True,True,True,True,True,True,4S2RND2HBL0DP6,v1.0.1,2025_12_22,315.5,317.6471,475.5344,298.1298,295.9793,149.2276,149.7368,337.6513,335.9267,485.6333,-4.9646,-1.8422,-0.0,-0.0,-0.2208,1.5549,-0.2196,1.5493,0.6659,156.6465,154.5869,153.8408,156.2842,155.3396,0.8665,0.7981,0.8725,0.7725,0.7725,0.8167,0.7454,0.8297,0.77,0.7454,0.8149,0.7997,0.8236,0.8137,0.7172,0.7247,0.8008,0.7589,0.7172,0.8193,0.8033,0.7898,0.6666,0.6666,0.824,0.752,0.7836,0.8283,0.7953,0.1663,0.8429,0.8482,0.1663,0,0,0,0,0,v1.0.1,2025_12_22,315.4071,317.5929,476.6765,298.0368,295.8966,148.1862,148.6093,337.755,336.0265,486.6225,-4.9768,-1.8613,-0.0,-0.0,-0.2202,1.5556,-0.2198,1.5489,0.6661,163.4443,158.2441,166.9346,166.2812,163.7261,0.6893,0.6744,0.716,0.6789,0.6744,0.6764,0.6208,0.6668,0.6518,0.6208,0.6471,0.6286,0.6406,0.6616,0.6127,0.606,0.6223,0.6433,0.606,0.6665,0.6421,0.6551,0.0793,0.0793,0.6508,0.6326,0.6475,0.6649,0.657,0.5192,0.6402,0.6588,0.5192,0,0,0,0,0,v1.0.1,2025_12_22,317.7596,328.9423,442.3153,314.2432,303.1789,197.1789,189.0323,343.1613,332.1565,456.9478,-2.6115,8.5947,-0.0,0.0001,-0.217,1.5601,-0.2095,1.5583,0.673,176.3604,176.7217,176.5371,177.5801,176.7998,0.8097,0.6529,0.8213,0.6423,0.6423,0.7759,0.6223,0.7902,0.6635,0.6223,0.7634,0.7524,0.7812,0.7542,0.7524,0.7372,0.6388,0.7247,0,0.6388,0,0,0,0,0,v1.0.1,2025_12_22,317.7524,329.0381,443.2364,314.0727,303.1626,196.2683,188.1393,343.2869,332.3707,457.7241,-2.5677,8.578,-0.0,0.0001,-0.2182,1.5608,-0.209,1.5572,0.6727,147.2373,142.3027,144.1113,145.5186,144.7925,0.6686,0.5807,0.6797,0.5659,0.5659,0.6449,0.5444,0.6589,0.5761,0.5444,0.6039,0.6221,0.6375,0.6433,0.6039,0.5794,0.5244,0.5712,0.1871,0.1871,0,0,0,0,0,0.004,-0.0736,0.0036,-0.1006,-0.09,0.002,-0.0753,0.009,-0.0719,-0.0693,-0.0146,-0.0133,0.014,-0.0037,-0.0843,-0.0885,0.0015,-0.0672,-0.0143,0.0098,-0.0182,-0.0337,-0.0042,-0.044,-0.0331,-0.0023,-0.0612,0.0016,-0.0216,-0.0444,-0.008,-0.02,-0.0218,-0.0062,-0.0526,-0.0531,-0.0023,-0.0011,-0.0182,0.0068,0.0054,-0.1631,0.0118,-0.1827,-0.162,0.0015,-0.149,0.0163,-0.12,-0.149,-0.0137,-0.0181,0.0365,0.0108,-0.024,-0.004,0.0129,-0.1016,0.0072,-0.1111,-0.0898,0.0032,-0.1054,0.0117,-0.0715,-0.0973,-0.0396,-0.0278,0.0044,0.0208,-0.0186,-0.0153,-0.0085,True,True
DTC_R_49,LanSi,1,CW_01,C,2026-04-02 16:45:33+08:00,ONLINE,False,,CW_1_01,PASS,,,52.7676805,_2026040216453307301,T20260402164533,DESKTOP-P2DUL42,Loma,1,CW_1_01,1,paul di,2024.0718.155524,V20260126.2,CW_DTCL_DTCR_STC,T20260402164625,52.7676805,True,True,True,True,True,True,True,4S2RND2HBL0DP6,v1.0.1,2025_12_22,315.0882,316.5,474.6889,296.6741,295.6486,147.4527,149.5724,336.6382,335.1056,484.0423,-5.4792,-3.2386,-0.0001,-0.0,-0.2231,1.5558,-0.2206,1.5514,0.6659,157.4893,154.6699,153.9863,156.6162,155.6904,0.8701,0.8241,0.8726,0.8447,0.8241,0.8101,0.7528,0.8239,0.7601,0.7528,0.8206,0.8204,0.8228,0.8276,0.7724,0.7467,0.7575,0.7228,0.7228,0.8443,0.7979,0.7957,0.98,0.7957,0.8476,0.7741,0.7808,0.8185,0.808,0.8666,0.6979,0.8561,0.6979,0,0,0,0,0,v1.0.1,2025_12_22,315.1022,316.5474,475.8129,296.5396,295.4564,146.5101,148.3733,336.8467,335.2302,485.0719,-5.505,-3.1969,-0.0001,-0.0,-0.2233,1.5553,-0.2206,1.5514,0.6657,164.9707,159.5176,168.1475,167.2832,164.9797,0.7008,0.6868,0.7179,0.6938,0.6868,0.6732,0.6441,0.6687,0.6412,0.6412,0.6501,0.6546,0.6576,0.6663,0.6462,0.6375,0.6172,0.6197,0.6172,0.69,0.6665,0.6574,0.111,0.111,0.6501,0.6493,0.6579,0.6654,0.6634,0.6419,0.6237,0.6759,0.6237,0,0,0,0,0,v1.0.1,2025_12_22,317.1905,328.0952,441.5225,312.7928,302.8862,195.6748,188.605,342.395,331.6372,456.3363,-3.1317,7.5588,-0.0,0.0001,-0.2219,1.5627,-0.2102,1.5581,0.6721,177.0625,176.8301,176.6631,177.8428,177.0996,0.8198,0.7231,0.8253,0.7197,0.7197,0.7565,0.6604,0.7895,0.6418,0.6418,0.7606,0.7644,0.7701,0.7494,0.7494,0.7586,0.6882,0.7187,0,0.6882,0,0,0,0,0,v1.0.1,2025_12_22,317.1981,328.1509,442.3805,312.7965,302.7177,194.9032,187.8595,342.5289,331.7478,457.0522,-3.1193,7.5863,-0.0,0.0001,-0.2215,1.562,-0.2102,1.5579,0.672,148.5371,143.3643,145.0908,146.5088,145.8752,0.6612,0.6162,0.6792,0.6127,0.6127,0.6377,0.5734,0.6459,0.5597,0.5597,0.6349,0.6294,0.6402,0.6429,0.6294,0.6034,0.5646,0.5866,0.3796,0.3796,0,0,0,0,0,0.0076,-0.0476,0.0037,-0.0284,-0.0384,-0.0046,-0.0679,0.0032,-0.0818,-0.0619,-0.0089,0.0074,0.0132,0.0102,-0.0291,-0.0665,-0.0418,-0.1033,0.0107,0.0157,-0.0067,-0.0213,-0.0023,-0.0291,-0.0207,-0.0055,-0.0379,0.0035,-0.0322,-0.024,-0.005,0.006,-0.0048,-0.0015,-0.0191,-0.0216,-0.0074,-0.0247,0.0053,0.0091,0.0155,-0.0929,0.0158,-0.1053,-0.0846,-0.0179,-0.1109,0.0156,-0.1417,-0.1295,-0.0165,-0.0061,0.0254,0.006,-0.0026,-0.01,0.0055,-0.0661,0.0067,-0.0643,-0.043,-0.004,-0.0764,-0.0013,-0.0879,-0.082,-0.0086,-0.0205,0.0071,0.0204,0.0069,0.0087,0.0069,True,True
DTC_L_49,LanSi,1,CW_01,A,2026-04-02 16:45:33+08:00,ONLINE,False,,CW_1_01,PASS,,,52.6799154,_2026040216453314702,T20260402164533,DESKTOP-P2DUL42,Loma,1,CW_1_01,2,paul di,2024.0718.155524,V20260126.2,CW_DTCL_DTCR_STC,T20260402164625,52.6799154,True,True,True,True,True,True,True,4S2RND2HBL06DS,v1.0.1,2025_12_22,315.4318,322.0455,475.5,301,296.4133,150.5,150.0068,342.0952,334.8071,488.3214,-5.0682,1.2924,-0.0001,0.0,-0.2302,1.5599,-0.2201,1.5543,0.666,156.3154,152.5371,150.8955,155.9121,153.915,0.8155,0.8104,0.8396,0.7835,0.7835,0.7816,0.7653,0.782,0.7484,0.7484,0.8163,0.8086,0.8094,0.7676,0.7417,0.7342,0.7512,0.7072,0.7072,0.8109,0.98,0.8128,0.7918,0.7918,0.8654,0.7945,0.7615,0.844,0.8045,0.7539,0.7832,0.7744,0.7539,0,0,0,0,0,v1.0.1,2025_12_22,315.3235,322.0368,476.7153,300.9343,296.1689,149.6486,148.9728,342.2381,334.8759,489.5328,-5.0887,1.3781,-0.0001,0.0,-0.2295,1.5596,-0.2203,1.5541,0.666,163.0371,159.375,165.6445,164.3086,163.0913,0.6751,0.68,0.686,0.6928,0.6751,0.6565,0.6381,0.6427,0.6334,0.6334,0.6574,0.6682,0.6561,0.6406,0.6258,0.6452,0.6248,0.6078,0.6078,0.6673,0.4816,0.6834,0.6797,0.4816,0.6616,0.6717,0.6318,0.6959,0.6758,0.6592,0.6749,0.6359,0.6318,0,0,0,0,0,v1.0.1,2025_12_22,314.0476,314.3714,439.1696,299.6607,300.5,183,186.05,329.1167,328.1724,445,-5.9121,-5.2702,-0.0001,-0.0001,-0.2165,1.5675,-0.2142,1.5626,0.6748,175.5732,174.6631,173.3242,175.5371,174.7744,0.7904,0.7016,0.7982,0.6827,0.6827,0.743,0.6573,0.7542,0.6543,0.6543,0.7718,0.7627,0.7612,0.7032,0.7032,0.7225,0,0.7172,0.6747,0.6747,0,0,0,0,0,v1.0.1,2025_12_22,314.0849,314.3302,440,299.5818,300.4118,182.3866,185.0984,329.3525,328.2712,445.7627,-5.9268,-5.2173,-0.0001,-0.0001,-0.2161,1.567,-0.2154,1.5628,0.6746,148.3701,144.4961,143.5352,146.3066,145.677,0.6624,0.599,0.6775,0.6049,0.599,0.6284,0.5631,0.6195,0.585,0.5631,0.6246,0.6196,0.634,0.6032,0.6032,0.5821,0.5305,0.5718,0.5484,0.5305,0,0,0,0,0,-0.0077,-0.0365,-0.007,-0.03,-0.03,-0.0056,-0.0563,-0.0122,-0.0356,-0.0356,-0.0053,-0.0103,-0.0036,-0.0048,-0.089,-0.0908,-0.0518,-0.0358,0.0007,-0.0036,-0.0091,-0.0163,0.0027,-0.0219,-0.0082,-0.0091,-0.0357,-0.0095,-0.0269,-0.0188,0.005,0.0179,0.0025,0.0011,-0.0437,-0.03,-0.0239,-0.0152,-0.0026,-0.0042,-0.0087,-0.1265,-0.0021,-0.1107,-0.1107,-0.0085,-0.1289,-0.0033,-0.1073,-0.0972,-0.0008,-0.0067,0.0109,0.0083,0.0052,-0.0125,-0.0024,-0.0785,0.0066,-0.0715,-0.0658,-0.0031,-0.098,-0.008,-0.0569,-0.0644,-0.016,-0.0181,-0.0052,0.004,0.004,0.0041,-0.0122,True,True
DTC_R_50,LanSi,1,CW_01,A,2026-04-02 16:47:08+08:00,ONLINE,False,,CW_1_01,PASS,,,52.0408491,_2026040216470861601,T20260402164708,DESKTOP-P2DUL42,Loma,1,CW_1_01,1,paul di,2024.0718.155524,V20260126.2,CW_DTCL_DTCR_STC,T20260402164800,52.0408491,True,True,True,True,True,True,True,4S2RND2HBL0DP6,v1.0.1,2025_12_22,315.0588,316.6618,474.6493,296.9104,295.4558,147.5782,149.5,336.5867,335.1056,484.0423,-5.5461,-3.1441,-0.0001,-0.0,-0.2226,1.5549,-0.2193,1.5511,0.666,157.127,154.7549,153.8145,156.6699,155.5916,0.8652,0.8357,0.874,0.8321,0.8321,0.825,0.7473,0.8238,0.7342,0.7342,0.8285,0.8237,0.8225,0.8185,0.7739,0.7468,0.758,0.7207,0.7207,0.8391,0.806,0.794,0.4245,0.4245,0.8446,0.7809,0.7848,0.8135,0.8085,0.6822,0.746,0.8496,0.6822,0,0,0,0,0,v1.0.1,2025_12_22,315.0714,316.8071,475.8478,296.7609,295.3288,146.6164,148.3221,336.8054,335.2302,485.0719,-5.5399,-3.0876,-0.0001,-0.0,-0.2235,1.5548,-0.2188,1.551,0.6659,165.4473,159.9111,168.6504,167.4219,165.3577,0.7056,0.708,0.7137,0.693,0.693,0.6828,0.6329,0.6647,0.647,0.6329,0.6452,0.6581,0.6647,0.6667,0.6495,0.6388,0.6199,0.6054,0.6054,0.6945,0.6704,0.6652,0.0708,0.0708,0.6421,0.6603,0.6674,0.6576,0.661,0.5524,0.6291,0.6915,0.5524,0,0,0,0,0,v1.0.1,2025_12_22,317.1574,328.25,441.5179,313.1696,302.7143,195.8651,188.605,342.395,331.6696,456.2946,-3.1672,7.6949,-0.0,0.0001,-0.2202,1.5616,-0.2091,1.5574,0.6725,177.4502,176.9834,176.7158,178.0635,177.3032,0.8142,0.7345,0.8243,0.71,0.71,0.7667,0.6548,0.7826,0.6137,0.6137,0.7708,0.7624,0.7729,0.7396,0.7396,0.7509,0.681,0.7072,0,0.681,0,0,0,0,0,v1.0.1,2025_12_22,317.1415,328.2453,442.3761,313.0642,302.6429,194.9286,187.7886,342.4634,331.8393,457,-3.1423,7.6403,-0.0,0.0001,-0.2201,1.562,-0.209,1.5566,0.6724,148.6719,143.8438,145.4609,146.5498,146.1316,0.663,0.6216,0.6802,0.6191,0.6191,0.6341,0.5758,0.6477,0.5527,0.5527,0.6329,0.6365,0.6542,0.6333,0.6329,0.5901,0.5608,0.5786,0.3116,0.3116,0,0,0,0,0,0.0027,-0.036,0.0051,-0.041,-0.0304,0.0103,-0.0734,0.0031,-0.1077,-0.0805,-0.001,0.0107,0.0129,0.0011,-0.0276,-0.0664,-0.0413,-0.1054,0.0055,0.014,-0.0019,-0.0001,-0.0065,-0.0299,-0.0145,0.0041,-0.0491,-0.0005,-0.0264,-0.0323,-0.0099,0.0095,0.0023,-0.0011,-0.0158,-0.0203,-0.0047,-0.039,0.0098,0.0169,0.0099,-0.0815,0.0148,-0.115,-0.0943,-0.0077,-0.1165,0.0087,-0.1698,-0.1576,-0.0063,-0.0081,0.0282,-0.0038,-0.0103,-0.0215,0.0073,-0.0607,0.0077,-0.0579,-0.0366,-0.0076,-0.074,0.0005,-0.0949,-0.089,-0.0106,-0.0134,0.0211,0.0108,0.0104,-0.0046,-0.0011,True,True
DTC_L_50,LanSi,1,CW_01,B,2026-04-02 16:47:08+08:00,ONLINE,False,,CW_1_01,PASS,,,52.185462,_2026040216470848402,T20260402164708,DESKTOP-P2DUL42,Loma,1,CW_1_01,2,paul di,2024.0718.155524,V20260126.2,CW_DTCL_DTCR_STC,T20260402164800,52.185462,True,True,True,True,True,True,True,4S2RND2HBL06DS,v1.0.1,2025_12_22,314.2593,322.5481,474.7068,302.0677,294.8456,151.7383,148.5867,342.2267,333.6594,488.6594,-6.2884,1.948,-0.0001,0.0,-0.2264,1.5571,-0.2177,1.554,0.6667,156.2373,152.0693,149.8477,155.5215,153.4189,0.8257,0.7751,0.8159,0.7825,0.7751,0.7827,0.7543,0.7942,0.7524,0.7524,0.818,0.8254,0.8091,0.7786,0.7353,0.7236,0.7801,0.7093,0.7093,0.8076,0.98,0.8356,0.8412,0.8076,0.8507,0.8022,0.732,0.8434,0.826,0.8412,0.8143,0.7802,0.732,0,0,0,0,0,v1.0.1,2025_12_22,314.1871,322.5396,475.8333,301.9783,294.8456,150.7383,147.457,342.3974,333.8,489.7357,-6.2754,1.9778,-0.0001,0.0,-0.226,1.5582,-0.218,1.5535,0.6669,163.3018,158.9951,164.6455,164.0938,162.759,0.6746,0.6601,0.6791,0.6895,0.6601,0.6495,0.6347,0.6391,0.6513,0.6347,0.6381,0.6409,0.656,0.6374,0.6332,0.6415,0.6388,0.6107,0.6107,0.6639,0.2887,0.6861,0.6948,0.2887,0.641,0.6545,0.6028,0.6639,0.6693,0.6769,0.6775,0.6514,0.6028,0,0,0,0,0,v1.0.1,2025_12_22,313.0865,314.7788,438.3826,300.5478,299.1917,184.2583,184.725,329.3417,327.2712,445,-6.9686,-4.7147,-0.0001,-0.0,-0.2126,1.5642,-0.2125,1.5618,0.6752,175.0801,174.2588,172.0908,174.8379,174.0669,0.7908,0.6706,0.7835,0.6772,0.6706,0.7526,0.6524,0.7541,0.6717,0.6524,0.7781,0.7714,0.748,0.7066,0.7066,0.7142,0,0.7208,0.7373,0.7142,0,0,0,0,0,v1.0.1,2025_12_22,313.0865,314.7788,439.2807,300.4474,299.069,183.4828,183.8361,329.4262,327.3417,445.925,-6.9772,-4.688,-0.0001,-0.0,-0.2126,1.5639,-0.2123,1.562,0.6753,148.3271,143.5703,142.1553,145.9346,144.9968,0.6638,0.5825,0.6584,0.6043,0.5825,0.6475,0.5681,0.614,0.5838,0.5681,0.6344,0.6385,0.6443,0.616,0.616,0.5807,0.4499,0.5756,0.5861,0.4499,0,0,0,0,0,0.0025,-0.0718,-0.0307,-0.031,-0.0384,-0.0045,-0.0673,0,-0.0316,-0.0316,-0.0036,0.0065,-0.0039,0.0062,-0.0954,-0.1014,-0.0229,-0.0337,-0.0026,0.0192,-0.0096,-0.0362,-0.0042,-0.0252,-0.0232,-0.0161,-0.0391,-0.0131,-0.009,-0.0175,-0.0143,-0.0094,0.0024,-0.0021,-0.0363,-0.0337,-0.0099,-0.0123,-0.006,-0.0015,-0.0083,-0.1575,-0.0168,-0.1162,-0.1228,0.0011,-0.1338,-0.0034,-0.0899,-0.0991,0.0055,0.002,-0.0023,0.0117,-0.0031,-0.0089,-0.001,-0.095,-0.0125,-0.0721,-0.0823,0.016,-0.093,-0.0135,-0.0581,-0.0594,-0.0062,0.0008,0.0051,0.0168,0.0168,0.0027,-0.0084,True,True
